ISO-10303-21;
HEADER;
FILE_DESCRIPTION(('Open CASCADE Model'),'2;1');
FILE_NAME('Open CASCADE Shape Model','2026-09-21T16:14:28',('Author'),(
    'Open CASCADE'),'Open CASCADE STEP processor 7.8','Open CASCADE 7.8'
  ,'Unknown');
FILE_SCHEMA(('AUTOMOTIVE_DESIGN { 1 0 10303 214 1 1 1 1 }'));
ENDSEC;
DATA;
#1 = APPLICATION_PROTOCOL_DEFINITION('international standard',
  'automotive_design',2000,#2);
#2 = APPLICATION_CONTEXT(
  'core data for automotive mechanical design processes');
#3 = SHAPE_DEFINITION_REPRESENTATION(#4,#10);
#4 = PRODUCT_DEFINITION_SHAPE('','',#5);
#5 = PRODUCT_DEFINITION('design','',#6,#9);
#6 = PRODUCT_DEFINITION_FORMATION('','',#7);
#7 = PRODUCT('Open CASCADE STEP translator 7.8 6',
  'Open CASCADE STEP translator 7.8 6','',(#8));
#8 = PRODUCT_CONTEXT('',#2,'mechanical');
#9 = PRODUCT_DEFINITION_CONTEXT('part definition',#2,'design');
#10 = ADVANCED_BREP_SHAPE_REPRESENTATION('',(#11,#15),#16917);
#11 = AXIS2_PLACEMENT_3D('',#12,#13,#14);
#12 = CARTESIAN_POINT('',(0.,0.,0.));
#13 = DIRECTION('',(0.,0.,1.));
#14 = DIRECTION('',(1.,0.,-0.));
#15 = MANIFOLD_SOLID_BREP('',#16);
#16 = CLOSED_SHELL('',(#17,#137,#213,#289,#3154,#8085,#8112,#8139,#8166,
    #8193,#8220,#8247,#8274,#8301,#8328,#8355,#8382,#8409,#8436,#8463,
    #8490,#8517,#8544,#8571,#8598,#8625,#8652,#8679,#8706,#8733,#8760,
    #8787,#8814,#8841,#8868,#8895,#8922,#8949,#8976,#9003,#9030,#9057,
    #9084,#9111,#9138,#9165,#9192,#9219,#9246,#9273,#9300,#9327,#9354,
    #9381,#9408,#9435,#9462,#9489,#9516,#9543,#9570,#9597,#9624,#9651,
    #9678,#9705,#9732,#9759,#9786,#9813,#9840,#9867,#9894,#9921,#9948,
    #9975,#10002,#10029,#10056,#10083,#10110,#10137,#10164,#10191,#10218
    ,#10245,#10272,#10299,#10326,#10353,#10380,#10407,#10434,#10461,
    #10488,#10515,#10542,#10569,#10596,#10623,#10717,#10744,#10751,
    #10810,#10869,#10928,#10987,#11046,#11093,#11211,#11260,#11410,
    #11545,#11594,#11643,#11692,#11741,#11790,#11839,#11888,#11937,
    #11986,#12035,#12084,#12133,#12182,#12231,#12280,#12329,#12378,
    #12427,#12476,#12525,#12574,#12623,#12672,#12721,#12770,#12819,
    #12868,#12917,#12966,#13015,#13064,#13113,#13162,#13211,#13260,
    #13309,#13358,#13407,#13456,#13505,#13554,#13603,#13652,#13701,
    #13750,#13799,#13939,#13988,#14037,#14086,#14135,#14184,#14233,
    #14282,#14331,#14380,#14429,#14478,#14527,#14576,#14625,#14674,
    #14723,#14772,#14821,#14870,#14919,#14968,#15017,#15066,#15115,
    #15164,#15213,#15262,#15311,#15360,#15409,#15458,#15507,#15556,
    #15605,#15654,#15703,#15752,#15801,#15850,#15899,#15948,#15997,
    #16046,#16095,#16144,#16193,#16242,#16291,#16318,#16345,#16352,
    #16408,#16443,#16478,#16511,#16546,#16784,#16791,#16823,#16829,
    #16836,#16863,#16890));
#17 = ADVANCED_FACE('',(#18),#32,.T.);
#18 = FACE_BOUND('',#19,.T.);
#19 = EDGE_LOOP('',(#20,#55,#83,#111));
#20 = ORIENTED_EDGE('',*,*,#21,.T.);
#21 = EDGE_CURVE('',#22,#24,#26,.T.);
#22 = VERTEX_POINT('',#23);
#23 = CARTESIAN_POINT('',(16.999155087174,20.673032312946,0.));
#24 = VERTEX_POINT('',#25);
#25 = CARTESIAN_POINT('',(16.999155087174,20.673032312946,6.3));
#26 = SURFACE_CURVE('',#27,(#31,#43),.PCURVE_S1.);
#27 = LINE('',#28,#29);
#28 = CARTESIAN_POINT('',(16.999155087174,20.673032312946,0.));
#29 = VECTOR('',#30,1.);
#30 = DIRECTION('',(0.,0.,1.));
#31 = PCURVE('',#32,#37);
#32 = PLANE('',#33);
#33 = AXIS2_PLACEMENT_3D('',#34,#35,#36);
#34 = CARTESIAN_POINT('',(16.999155087174,20.673032312946,0.));
#35 = DIRECTION('',(-0.989163558905,-0.146817756874,0.));
#36 = DIRECTION('',(-0.146817756874,0.989163558905,0.));
#37 = DEFINITIONAL_REPRESENTATION('',(#38),#42);
#38 = LINE('',#39,#40);
#39 = CARTESIAN_POINT('',(0.,0.));
#40 = VECTOR('',#41,1.);
#41 = DIRECTION('',(0.,-1.));
#42 = ( GEOMETRIC_REPRESENTATION_CONTEXT(2) 
PARAMETRIC_REPRESENTATION_CONTEXT() REPRESENTATION_CONTEXT('2D SPACE',''
  ) );
#43 = PCURVE('',#44,#49);
#44 = PLANE('',#45);
#45 = AXIS2_PLACEMENT_3D('',#46,#47,#48);
#46 = CARTESIAN_POINT('',(17.28807101712,20.062589042507,0.));
#47 = DIRECTION('',(-0.90387608159,-0.427794377159,0.));
#48 = DIRECTION('',(-0.427794377159,0.90387608159,0.));
#49 = DEFINITIONAL_REPRESENTATION('',(#50),#54);
#50 = LINE('',#51,#52);
#51 = CARTESIAN_POINT('',(0.67536168162,0.));
#52 = VECTOR('',#53,1.);
#53 = DIRECTION('',(0.,-1.));
#54 = ( GEOMETRIC_REPRESENTATION_CONTEXT(2) 
PARAMETRIC_REPRESENTATION_CONTEXT() REPRESENTATION_CONTEXT('2D SPACE',''
  ) );
#55 = ORIENTED_EDGE('',*,*,#56,.T.);
#56 = EDGE_CURVE('',#24,#57,#59,.T.);
#57 = VERTEX_POINT('',#58);
#58 = CARTESIAN_POINT('',(16.9,21.341075477485,6.3));
#59 = SURFACE_CURVE('',#60,(#64,#71),.PCURVE_S1.);
#60 = LINE('',#61,#62);
#61 = CARTESIAN_POINT('',(16.999155087174,20.673032312946,6.3));
#62 = VECTOR('',#63,1.);
#63 = DIRECTION('',(-0.146817756874,0.989163558905,0.));
#64 = PCURVE('',#32,#65);
#65 = DEFINITIONAL_REPRESENTATION('',(#66),#70);
#66 = LINE('',#67,#68);
#67 = CARTESIAN_POINT('',(0.,-6.3));
#68 = VECTOR('',#69,1.);
#69 = DIRECTION('',(1.,0.));
#70 = ( GEOMETRIC_REPRESENTATION_CONTEXT(2) 
PARAMETRIC_REPRESENTATION_CONTEXT() REPRESENTATION_CONTEXT('2D SPACE',''
  ) );
#71 = PCURVE('',#72,#77);
#72 = PLANE('',#73);
#73 = AXIS2_PLACEMENT_3D('',#74,#75,#76);
#74 = CARTESIAN_POINT('',(83.783029924855,43.322926034878,6.3));
#75 = DIRECTION('',(-0.,-0.,-1.));
#76 = DIRECTION('',(-1.,0.,0.));
#77 = DEFINITIONAL_REPRESENTATION('',(#78),#82);
#78 = LINE('',#79,#80);
#79 = CARTESIAN_POINT('',(66.783874837681,-22.64989372193));
#80 = VECTOR('',#81,1.);
#81 = DIRECTION('',(0.146817756874,0.989163558905));
#82 = ( GEOMETRIC_REPRESENTATION_CONTEXT(2) 
PARAMETRIC_REPRESENTATION_CONTEXT() REPRESENTATION_CONTEXT('2D SPACE',''
  ) );
#83 = ORIENTED_EDGE('',*,*,#84,.F.);
#84 = EDGE_CURVE('',#85,#57,#87,.T.);
#85 = VERTEX_POINT('',#86);
#86 = CARTESIAN_POINT('',(16.9,21.341075477485,0.));
#87 = SURFACE_CURVE('',#88,(#92,#99),.PCURVE_S1.);
#88 = LINE('',#89,#90);
#89 = CARTESIAN_POINT('',(16.9,21.341075477485,0.));
#90 = VECTOR('',#91,1.);
#91 = DIRECTION('',(0.,0.,1.));
#92 = PCURVE('',#32,#93);
#93 = DEFINITIONAL_REPRESENTATION('',(#94),#98);
#94 = LINE('',#95,#96);
#95 = CARTESIAN_POINT('',(0.67536168162,0.));
#96 = VECTOR('',#97,1.);
#97 = DIRECTION('',(0.,-1.));
#98 = ( GEOMETRIC_REPRESENTATION_CONTEXT(2) 
PARAMETRIC_REPRESENTATION_CONTEXT() REPRESENTATION_CONTEXT('2D SPACE',''
  ) );
#99 = PCURVE('',#100,#105);
#100 = PLANE('',#101);
#101 = AXIS2_PLACEMENT_3D('',#102,#103,#104);
#102 = CARTESIAN_POINT('',(16.9,21.341075477485,0.));
#103 = DIRECTION('',(-1.,0.,0.));
#104 = DIRECTION('',(0.,1.,0.));
#105 = DEFINITIONAL_REPRESENTATION('',(#106),#110);
#106 = LINE('',#107,#108);
#107 = CARTESIAN_POINT('',(0.,0.));
#108 = VECTOR('',#109,1.);
#109 = DIRECTION('',(0.,-1.));
#110 = ( GEOMETRIC_REPRESENTATION_CONTEXT(2) 
PARAMETRIC_REPRESENTATION_CONTEXT() REPRESENTATION_CONTEXT('2D SPACE',''
  ) );
#111 = ORIENTED_EDGE('',*,*,#112,.F.);
#112 = EDGE_CURVE('',#22,#85,#113,.T.);
#113 = SURFACE_CURVE('',#114,(#118,#125),.PCURVE_S1.);
#114 = LINE('',#115,#116);
#115 = CARTESIAN_POINT('',(16.999155087174,20.673032312946,0.));
#116 = VECTOR('',#117,1.);
#117 = DIRECTION('',(-0.146817756874,0.989163558905,0.));
#118 = PCURVE('',#32,#119);
#119 = DEFINITIONAL_REPRESENTATION('',(#120),#124);
#120 = LINE('',#121,#122);
#121 = CARTESIAN_POINT('',(0.,0.));
#122 = VECTOR('',#123,1.);
#123 = DIRECTION('',(1.,0.));
#124 = ( GEOMETRIC_REPRESENTATION_CONTEXT(2) 
PARAMETRIC_REPRESENTATION_CONTEXT() REPRESENTATION_CONTEXT('2D SPACE',''
  ) );
#125 = PCURVE('',#126,#131);
#126 = PLANE('',#127);
#127 = AXIS2_PLACEMENT_3D('',#128,#129,#130);
#128 = CARTESIAN_POINT('',(83.783029924855,43.322926034878,0.));
#129 = DIRECTION('',(-0.,-0.,-1.));
#130 = DIRECTION('',(-1.,0.,0.));
#131 = DEFINITIONAL_REPRESENTATION('',(#132),#136);
#132 = LINE('',#133,#134);
#133 = CARTESIAN_POINT('',(66.783874837681,-22.64989372193));
#134 = VECTOR('',#135,1.);
#135 = DIRECTION('',(0.146817756874,0.989163558905));
#136 = ( GEOMETRIC_REPRESENTATION_CONTEXT(2) 
PARAMETRIC_REPRESENTATION_CONTEXT() REPRESENTATION_CONTEXT('2D SPACE',''
  ) );
#137 = ADVANCED_FACE('',(#138),#44,.T.);
#138 = FACE_BOUND('',#139,.T.);
#139 = EDGE_LOOP('',(#140,#170,#191,#192));
#140 = ORIENTED_EDGE('',*,*,#141,.T.);
#141 = EDGE_CURVE('',#142,#144,#146,.T.);
#142 = VERTEX_POINT('',#143);
#143 = CARTESIAN_POINT('',(17.28807101712,20.062589042507,0.));
#144 = VERTEX_POINT('',#145);
#145 = CARTESIAN_POINT('',(17.28807101712,20.062589042507,6.3));
#146 = SURFACE_CURVE('',#147,(#151,#158),.PCURVE_S1.);
#147 = LINE('',#148,#149);
#148 = CARTESIAN_POINT('',(17.28807101712,20.062589042507,0.));
#149 = VECTOR('',#150,1.);
#150 = DIRECTION('',(0.,0.,1.));
#151 = PCURVE('',#44,#152);
#152 = DEFINITIONAL_REPRESENTATION('',(#153),#157);
#153 = LINE('',#154,#155);
#154 = CARTESIAN_POINT('',(0.,0.));
#155 = VECTOR('',#156,1.);
#156 = DIRECTION('',(0.,-1.));
#157 = ( GEOMETRIC_REPRESENTATION_CONTEXT(2) 
PARAMETRIC_REPRESENTATION_CONTEXT() REPRESENTATION_CONTEXT('2D SPACE',''
  ) );
#158 = PCURVE('',#159,#164);
#159 = PLANE('',#160);
#160 = AXIS2_PLACEMENT_3D('',#161,#162,#163);
#161 = CARTESIAN_POINT('',(17.710271590979,19.597175317683,0.));
#162 = DIRECTION('',(-0.740654768045,-0.671885789828,0.));
#163 = DIRECTION('',(-0.671885789828,0.740654768045,0.));
#164 = DEFINITIONAL_REPRESENTATION('',(#165),#169);
#165 = LINE('',#166,#167);
#166 = CARTESIAN_POINT('',(0.628381460438,0.));
#167 = VECTOR('',#168,1.);
#168 = DIRECTION('',(0.,-1.));
#169 = ( GEOMETRIC_REPRESENTATION_CONTEXT(2) 
PARAMETRIC_REPRESENTATION_CONTEXT() REPRESENTATION_CONTEXT('2D SPACE',''
  ) );
#170 = ORIENTED_EDGE('',*,*,#171,.T.);
#171 = EDGE_CURVE('',#144,#24,#172,.T.);
#172 = SURFACE_CURVE('',#173,(#177,#184),.PCURVE_S1.);
#173 = LINE('',#174,#175);
#174 = CARTESIAN_POINT('',(17.28807101712,20.062589042507,6.3));
#175 = VECTOR('',#176,1.);
#176 = DIRECTION('',(-0.427794377159,0.90387608159,0.));
#177 = PCURVE('',#44,#178);
#178 = DEFINITIONAL_REPRESENTATION('',(#179),#183);
#179 = LINE('',#180,#181);
#180 = CARTESIAN_POINT('',(0.,-6.3));
#181 = VECTOR('',#182,1.);
#182 = DIRECTION('',(1.,0.));
#183 = ( GEOMETRIC_REPRESENTATION_CONTEXT(2) 
PARAMETRIC_REPRESENTATION_CONTEXT() REPRESENTATION_CONTEXT('2D SPACE',''
  ) );
#184 = PCURVE('',#72,#185);
#185 = DEFINITIONAL_REPRESENTATION('',(#186),#190);
#186 = LINE('',#187,#188);
#187 = CARTESIAN_POINT('',(66.494958907735,-23.26033699237));
#188 = VECTOR('',#189,1.);
#189 = DIRECTION('',(0.427794377159,0.90387608159));
#190 = ( GEOMETRIC_REPRESENTATION_CONTEXT(2) 
PARAMETRIC_REPRESENTATION_CONTEXT() REPRESENTATION_CONTEXT('2D SPACE',''
  ) );
#191 = ORIENTED_EDGE('',*,*,#21,.F.);
#192 = ORIENTED_EDGE('',*,*,#193,.F.);
#193 = EDGE_CURVE('',#142,#22,#194,.T.);
#194 = SURFACE_CURVE('',#195,(#199,#206),.PCURVE_S1.);
#195 = LINE('',#196,#197);
#196 = CARTESIAN_POINT('',(17.28807101712,20.062589042507,0.));
#197 = VECTOR('',#198,1.);
#198 = DIRECTION('',(-0.427794377159,0.90387608159,0.));
#199 = PCURVE('',#44,#200);
#200 = DEFINITIONAL_REPRESENTATION('',(#201),#205);
#201 = LINE('',#202,#203);
#202 = CARTESIAN_POINT('',(0.,0.));
#203 = VECTOR('',#204,1.);
#204 = DIRECTION('',(1.,0.));
#205 = ( GEOMETRIC_REPRESENTATION_CONTEXT(2) 
PARAMETRIC_REPRESENTATION_CONTEXT() REPRESENTATION_CONTEXT('2D SPACE',''
  ) );
#206 = PCURVE('',#126,#207);
#207 = DEFINITIONAL_REPRESENTATION('',(#208),#212);
#208 = LINE('',#209,#210);
#209 = CARTESIAN_POINT('',(66.494958907735,-23.26033699237));
#210 = VECTOR('',#211,1.);
#211 = DIRECTION('',(0.427794377159,0.90387608159));
#212 = ( GEOMETRIC_REPRESENTATION_CONTEXT(2) 
PARAMETRIC_REPRESENTATION_CONTEXT() REPRESENTATION_CONTEXT('2D SPACE',''
  ) );
#213 = ADVANCED_FACE('',(#214),#100,.T.);
#214 = FACE_BOUND('',#215,.T.);
#215 = EDGE_LOOP('',(#216,#217,#240,#268));
#216 = ORIENTED_EDGE('',*,*,#84,.T.);
#217 = ORIENTED_EDGE('',*,*,#218,.T.);
#218 = EDGE_CURVE('',#57,#219,#221,.T.);
#219 = VERTEX_POINT('',#220);
#220 = CARTESIAN_POINT('',(16.9,70.641939759129,6.3));
#221 = SURFACE_CURVE('',#222,(#226,#233),.PCURVE_S1.);
#222 = LINE('',#223,#224);
#223 = CARTESIAN_POINT('',(16.9,21.341075477485,6.3));
#224 = VECTOR('',#225,1.);
#225 = DIRECTION('',(0.,1.,0.));
#226 = PCURVE('',#100,#227);
#227 = DEFINITIONAL_REPRESENTATION('',(#228),#232);
#228 = LINE('',#229,#230);
#229 = CARTESIAN_POINT('',(0.,-6.3));
#230 = VECTOR('',#231,1.);
#231 = DIRECTION('',(1.,0.));
#232 = ( GEOMETRIC_REPRESENTATION_CONTEXT(2) 
PARAMETRIC_REPRESENTATION_CONTEXT() REPRESENTATION_CONTEXT('2D SPACE',''
  ) );
#233 = PCURVE('',#72,#234);
#234 = DEFINITIONAL_REPRESENTATION('',(#235),#239);
#235 = LINE('',#236,#237);
#236 = CARTESIAN_POINT('',(66.883029924855,-21.98185055739));
#237 = VECTOR('',#238,1.);
#238 = DIRECTION('',(0.,1.));
#239 = ( GEOMETRIC_REPRESENTATION_CONTEXT(2) 
PARAMETRIC_REPRESENTATION_CONTEXT() REPRESENTATION_CONTEXT('2D SPACE',''
  ) );
#240 = ORIENTED_EDGE('',*,*,#241,.F.);
#241 = EDGE_CURVE('',#242,#219,#244,.T.);
#242 = VERTEX_POINT('',#243);
#243 = CARTESIAN_POINT('',(16.9,70.641939759129,0.));
#244 = SURFACE_CURVE('',#245,(#249,#256),.PCURVE_S1.);
#245 = LINE('',#246,#247);
#246 = CARTESIAN_POINT('',(16.9,70.641939759129,0.));
#247 = VECTOR('',#248,1.);
#248 = DIRECTION('',(0.,0.,1.));
#249 = PCURVE('',#100,#250);
#250 = DEFINITIONAL_REPRESENTATION('',(#251),#255);
#251 = LINE('',#252,#253);
#252 = CARTESIAN_POINT('',(49.300864281644,0.));
#253 = VECTOR('',#254,1.);
#254 = DIRECTION('',(0.,-1.));
#255 = ( GEOMETRIC_REPRESENTATION_CONTEXT(2) 
PARAMETRIC_REPRESENTATION_CONTEXT() REPRESENTATION_CONTEXT('2D SPACE',''
  ) );
#256 = PCURVE('',#257,#262);
#257 = PLANE('',#258);
#258 = AXIS2_PLACEMENT_3D('',#259,#260,#261);
#259 = CARTESIAN_POINT('',(16.9,70.641939759129,0.));
#260 = DIRECTION('',(-0.987248799121,0.159184825389,0.));
#261 = DIRECTION('',(0.159184825389,0.987248799121,0.));
#262 = DEFINITIONAL_REPRESENTATION('',(#263),#267);
#263 = LINE('',#264,#265);
#264 = CARTESIAN_POINT('',(0.,0.));
#265 = VECTOR('',#266,1.);
#266 = DIRECTION('',(0.,-1.));
#267 = ( GEOMETRIC_REPRESENTATION_CONTEXT(2) 
PARAMETRIC_REPRESENTATION_CONTEXT() REPRESENTATION_CONTEXT('2D SPACE',''
  ) );
#268 = ORIENTED_EDGE('',*,*,#269,.F.);
#269 = EDGE_CURVE('',#85,#242,#270,.T.);
#270 = SURFACE_CURVE('',#271,(#275,#282),.PCURVE_S1.);
#271 = LINE('',#272,#273);
#272 = CARTESIAN_POINT('',(16.9,21.341075477485,0.));
#273 = VECTOR('',#274,1.);
#274 = DIRECTION('',(0.,1.,0.));
#275 = PCURVE('',#100,#276);
#276 = DEFINITIONAL_REPRESENTATION('',(#277),#281);
#277 = LINE('',#278,#279);
#278 = CARTESIAN_POINT('',(0.,0.));
#279 = VECTOR('',#280,1.);
#280 = DIRECTION('',(1.,0.));
#281 = ( GEOMETRIC_REPRESENTATION_CONTEXT(2) 
PARAMETRIC_REPRESENTATION_CONTEXT() REPRESENTATION_CONTEXT('2D SPACE',''
  ) );
#282 = PCURVE('',#126,#283);
#283 = DEFINITIONAL_REPRESENTATION('',(#284),#288);
#284 = LINE('',#285,#286);
#285 = CARTESIAN_POINT('',(66.883029924855,-21.98185055739));
#286 = VECTOR('',#287,1.);
#287 = DIRECTION('',(0.,1.));
#288 = ( GEOMETRIC_REPRESENTATION_CONTEXT(2) 
PARAMETRIC_REPRESENTATION_CONTEXT() REPRESENTATION_CONTEXT('2D SPACE',''
  ) );
#289 = ADVANCED_FACE('',(#290,#2999,#3030,#3061,#3092,#3123),#126,.T.);
#290 = FACE_BOUND('',#291,.T.);
#291 = EDGE_LOOP('',(#292,#293,#294,#317,#345,#373,#401,#429,#457,#485,
    #513,#541,#569,#597,#625,#653,#681,#709,#737,#765,#793,#821,#849,
    #877,#905,#933,#961,#989,#1017,#1045,#1073,#1101,#1129,#1157,#1185,
    #1213,#1241,#1269,#1297,#1325,#1353,#1381,#1409,#1437,#1465,#1493,
    #1521,#1549,#1577,#1605,#1633,#1661,#1689,#1717,#1745,#1773,#1801,
    #1829,#1857,#1885,#1913,#1941,#1969,#1997,#2025,#2053,#2081,#2109,
    #2137,#2165,#2193,#2221,#2249,#2277,#2305,#2333,#2361,#2389,#2417,
    #2445,#2473,#2501,#2529,#2557,#2585,#2613,#2641,#2669,#2697,#2725,
    #2753,#2781,#2809,#2837,#2865,#2893,#2921,#2949,#2977,#2998));
#292 = ORIENTED_EDGE('',*,*,#112,.T.);
#293 = ORIENTED_EDGE('',*,*,#269,.T.);
#294 = ORIENTED_EDGE('',*,*,#295,.T.);
#295 = EDGE_CURVE('',#242,#296,#298,.T.);
#296 = VERTEX_POINT('',#297);
#297 = CARTESIAN_POINT('',(17.016563119717,71.364852886566,0.));
#298 = SURFACE_CURVE('',#299,(#303,#310),.PCURVE_S1.);
#299 = LINE('',#300,#301);
#300 = CARTESIAN_POINT('',(16.9,70.641939759129,0.));
#301 = VECTOR('',#302,1.);
#302 = DIRECTION('',(0.159184825389,0.987248799121,0.));
#303 = PCURVE('',#126,#304);
#304 = DEFINITIONAL_REPRESENTATION('',(#305),#309);
#305 = LINE('',#306,#307);
#306 = CARTESIAN_POINT('',(66.883029924855,27.319013724251));
#307 = VECTOR('',#308,1.);
#308 = DIRECTION('',(-0.159184825389,0.987248799121));
#309 = ( GEOMETRIC_REPRESENTATION_CONTEXT(2) 
PARAMETRIC_REPRESENTATION_CONTEXT() REPRESENTATION_CONTEXT('2D SPACE',''
  ) );
#310 = PCURVE('',#257,#311);
#311 = DEFINITIONAL_REPRESENTATION('',(#312),#316);
#312 = LINE('',#313,#314);
#313 = CARTESIAN_POINT('',(0.,0.));
#314 = VECTOR('',#315,1.);
#315 = DIRECTION('',(1.,0.));
#316 = ( GEOMETRIC_REPRESENTATION_CONTEXT(2) 
PARAMETRIC_REPRESENTATION_CONTEXT() REPRESENTATION_CONTEXT('2D SPACE',''
  ) );
#317 = ORIENTED_EDGE('',*,*,#318,.T.);
#318 = EDGE_CURVE('',#296,#319,#321,.T.);
#319 = VERTEX_POINT('',#320);
#320 = CARTESIAN_POINT('',(17.354437730279,72.01449209277,0.));
#321 = SURFACE_CURVE('',#322,(#326,#333),.PCURVE_S1.);
#322 = LINE('',#323,#324);
#323 = CARTESIAN_POINT('',(17.016563119717,71.364852886566,0.));
#324 = VECTOR('',#325,1.);
#325 = DIRECTION('',(0.461419624116,0.887182016545,0.));
#326 = PCURVE('',#126,#327);
#327 = DEFINITIONAL_REPRESENTATION('',(#328),#332);
#328 = LINE('',#329,#330);
#329 = CARTESIAN_POINT('',(66.766466805138,28.041926851688));
#330 = VECTOR('',#331,1.);
#331 = DIRECTION('',(-0.461419624116,0.887182016545));
#332 = ( GEOMETRIC_REPRESENTATION_CONTEXT(2) 
PARAMETRIC_REPRESENTATION_CONTEXT() REPRESENTATION_CONTEXT('2D SPACE',''
  ) );
#333 = PCURVE('',#334,#339);
#334 = PLANE('',#335);
#335 = AXIS2_PLACEMENT_3D('',#336,#337,#338);
#336 = CARTESIAN_POINT('',(17.016563119717,71.364852886566,0.));
#337 = DIRECTION('',(-0.887182016545,0.461419624116,0.));
#338 = DIRECTION('',(0.461419624116,0.887182016545,0.));
#339 = DEFINITIONAL_REPRESENTATION('',(#340),#344);
#340 = LINE('',#341,#342);
#341 = CARTESIAN_POINT('',(0.,0.));
#342 = VECTOR('',#343,1.);
#343 = DIRECTION('',(1.,0.));
#344 = ( GEOMETRIC_REPRESENTATION_CONTEXT(2) 
PARAMETRIC_REPRESENTATION_CONTEXT() REPRESENTATION_CONTEXT('2D SPACE',''
  ) );
#345 = ORIENTED_EDGE('',*,*,#346,.T.);
#346 = EDGE_CURVE('',#319,#347,#349,.T.);
#347 = VERTEX_POINT('',#348);
#348 = CARTESIAN_POINT('',(17.682912154057,72.333942728314,0.));
#349 = SURFACE_CURVE('',#350,(#354,#361),.PCURVE_S1.);
#350 = LINE('',#351,#352);
#351 = CARTESIAN_POINT('',(17.354437730279,72.01449209277,0.));
#352 = VECTOR('',#353,1.);
#353 = DIRECTION('',(0.716885282942,0.697191143877,0.));
#354 = PCURVE('',#126,#355);
#355 = DEFINITIONAL_REPRESENTATION('',(#356),#360);
#356 = LINE('',#357,#358);
#357 = CARTESIAN_POINT('',(66.428592194576,28.691566057892));
#358 = VECTOR('',#359,1.);
#359 = DIRECTION('',(-0.716885282942,0.697191143877));
#360 = ( GEOMETRIC_REPRESENTATION_CONTEXT(2) 
PARAMETRIC_REPRESENTATION_CONTEXT() REPRESENTATION_CONTEXT('2D SPACE',''
  ) );
#361 = PCURVE('',#362,#367);
#362 = PLANE('',#363);
#363 = AXIS2_PLACEMENT_3D('',#364,#365,#366);
#364 = CARTESIAN_POINT('',(17.354437730279,72.01449209277,0.));
#365 = DIRECTION('',(-0.697191143877,0.716885282942,0.));
#366 = DIRECTION('',(0.716885282942,0.697191143877,0.));
#367 = DEFINITIONAL_REPRESENTATION('',(#368),#372);
#368 = LINE('',#369,#370);
#369 = CARTESIAN_POINT('',(0.,0.));
#370 = VECTOR('',#371,1.);
#371 = DIRECTION('',(1.,0.));
#372 = ( GEOMETRIC_REPRESENTATION_CONTEXT(2) 
PARAMETRIC_REPRESENTATION_CONTEXT() REPRESENTATION_CONTEXT('2D SPACE',''
  ) );
#373 = ORIENTED_EDGE('',*,*,#374,.T.);
#374 = EDGE_CURVE('',#347,#375,#377,.T.);
#375 = VERTEX_POINT('',#376);
#376 = CARTESIAN_POINT('',(18.078552524319,73.04002075587,0.));
#377 = SURFACE_CURVE('',#378,(#382,#389),.PCURVE_S1.);
#378 = LINE('',#379,#380);
#379 = CARTESIAN_POINT('',(17.682912154057,72.333942728314,0.));
#380 = VECTOR('',#381,1.);
#381 = DIRECTION('',(0.488825961968,0.872381326546,0.));
#382 = PCURVE('',#126,#383);
#383 = DEFINITIONAL_REPRESENTATION('',(#384),#388);
#384 = LINE('',#385,#386);
#385 = CARTESIAN_POINT('',(66.100117770798,29.011016693436));
#386 = VECTOR('',#387,1.);
#387 = DIRECTION('',(-0.488825961968,0.872381326546));
#388 = ( GEOMETRIC_REPRESENTATION_CONTEXT(2) 
PARAMETRIC_REPRESENTATION_CONTEXT() REPRESENTATION_CONTEXT('2D SPACE',''
  ) );
#389 = PCURVE('',#390,#395);
#390 = PLANE('',#391);
#391 = AXIS2_PLACEMENT_3D('',#392,#393,#394);
#392 = CARTESIAN_POINT('',(17.682912154057,72.333942728314,0.));
#393 = DIRECTION('',(-0.872381326546,0.488825961968,0.));
#394 = DIRECTION('',(0.488825961968,0.872381326546,0.));
#395 = DEFINITIONAL_REPRESENTATION('',(#396),#400);
#396 = LINE('',#397,#398);
#397 = CARTESIAN_POINT('',(0.,0.));
#398 = VECTOR('',#399,1.);
#399 = DIRECTION('',(1.,0.));
#400 = ( GEOMETRIC_REPRESENTATION_CONTEXT(2) 
PARAMETRIC_REPRESENTATION_CONTEXT() REPRESENTATION_CONTEXT('2D SPACE',''
  ) );
#401 = ORIENTED_EDGE('',*,*,#402,.T.);
#402 = EDGE_CURVE('',#375,#403,#405,.T.);
#403 = VERTEX_POINT('',#404);
#404 = CARTESIAN_POINT('',(18.511617317845,73.569210201186,0.));
#405 = SURFACE_CURVE('',#406,(#410,#417),.PCURVE_S1.);
#406 = LINE('',#407,#408);
#407 = CARTESIAN_POINT('',(18.078552524319,73.04002075587,0.));
#408 = VECTOR('',#409,1.);
#409 = DIRECTION('',(0.633318037876,0.773891635115,0.));
#410 = PCURVE('',#126,#411);
#411 = DEFINITIONAL_REPRESENTATION('',(#412),#416);
#412 = LINE('',#413,#414);
#413 = CARTESIAN_POINT('',(65.704477400536,29.717094720992));
#414 = VECTOR('',#415,1.);
#415 = DIRECTION('',(-0.633318037876,0.773891635115));
#416 = ( GEOMETRIC_REPRESENTATION_CONTEXT(2) 
PARAMETRIC_REPRESENTATION_CONTEXT() REPRESENTATION_CONTEXT('2D SPACE',''
  ) );
#417 = PCURVE('',#418,#423);
#418 = PLANE('',#419);
#419 = AXIS2_PLACEMENT_3D('',#420,#421,#422);
#420 = CARTESIAN_POINT('',(18.078552524319,73.04002075587,0.));
#421 = DIRECTION('',(-0.773891635115,0.633318037876,0.));
#422 = DIRECTION('',(0.633318037876,0.773891635115,0.));
#423 = DEFINITIONAL_REPRESENTATION('',(#424),#428);
#424 = LINE('',#425,#426);
#425 = CARTESIAN_POINT('',(0.,0.));
#426 = VECTOR('',#427,1.);
#427 = DIRECTION('',(1.,0.));
#428 = ( GEOMETRIC_REPRESENTATION_CONTEXT(2) 
PARAMETRIC_REPRESENTATION_CONTEXT() REPRESENTATION_CONTEXT('2D SPACE',''
  ) );
#429 = ORIENTED_EDGE('',*,*,#430,.T.);
#430 = EDGE_CURVE('',#403,#431,#433,.T.);
#431 = VERTEX_POINT('',#432);
#432 = CARTESIAN_POINT('',(19.082304708506,74.069025008178,0.));
#433 = SURFACE_CURVE('',#434,(#438,#445),.PCURVE_S1.);
#434 = LINE('',#435,#436);
#435 = CARTESIAN_POINT('',(18.511617317845,73.569210201186,0.));
#436 = VECTOR('',#437,1.);
#437 = DIRECTION('',(0.752273932736,0.658850461126,0.));
#438 = PCURVE('',#126,#439);
#439 = DEFINITIONAL_REPRESENTATION('',(#440),#444);
#440 = LINE('',#441,#442);
#441 = CARTESIAN_POINT('',(65.27141260701,30.246284166308));
#442 = VECTOR('',#443,1.);
#443 = DIRECTION('',(-0.752273932736,0.658850461126));
#444 = ( GEOMETRIC_REPRESENTATION_CONTEXT(2) 
PARAMETRIC_REPRESENTATION_CONTEXT() REPRESENTATION_CONTEXT('2D SPACE',''
  ) );
#445 = PCURVE('',#446,#451);
#446 = PLANE('',#447);
#447 = AXIS2_PLACEMENT_3D('',#448,#449,#450);
#448 = CARTESIAN_POINT('',(18.511617317845,73.569210201186,0.));
#449 = DIRECTION('',(-0.658850461126,0.752273932736,0.));
#450 = DIRECTION('',(0.752273932736,0.658850461126,0.));
#451 = DEFINITIONAL_REPRESENTATION('',(#452),#456);
#452 = LINE('',#453,#454);
#453 = CARTESIAN_POINT('',(0.,0.));
#454 = VECTOR('',#455,1.);
#455 = DIRECTION('',(1.,0.));
#456 = ( GEOMETRIC_REPRESENTATION_CONTEXT(2) 
PARAMETRIC_REPRESENTATION_CONTEXT() REPRESENTATION_CONTEXT('2D SPACE',''
  ) );
#457 = ORIENTED_EDGE('',*,*,#458,.T.);
#458 = EDGE_CURVE('',#431,#459,#461,.T.);
#459 = VERTEX_POINT('',#460);
#460 = CARTESIAN_POINT('',(19.622827455948,74.40311767464,0.));
#461 = SURFACE_CURVE('',#462,(#466,#473),.PCURVE_S1.);
#462 = LINE('',#463,#464);
#463 = CARTESIAN_POINT('',(19.082304708506,74.069025008178,0.));
#464 = VECTOR('',#465,1.);
#465 = DIRECTION('',(0.850628823525,0.525766682653,0.));
#466 = PCURVE('',#126,#467);
#467 = DEFINITIONAL_REPRESENTATION('',(#468),#472);
#468 = LINE('',#469,#470);
#469 = CARTESIAN_POINT('',(64.700725216349,30.7460989733));
#470 = VECTOR('',#471,1.);
#471 = DIRECTION('',(-0.850628823525,0.525766682653));
#472 = ( GEOMETRIC_REPRESENTATION_CONTEXT(2) 
PARAMETRIC_REPRESENTATION_CONTEXT() REPRESENTATION_CONTEXT('2D SPACE',''
  ) );
#473 = PCURVE('',#474,#479);
#474 = PLANE('',#475);
#475 = AXIS2_PLACEMENT_3D('',#476,#477,#478);
#476 = CARTESIAN_POINT('',(19.082304708506,74.069025008178,0.));
#477 = DIRECTION('',(-0.525766682653,0.850628823525,0.));
#478 = DIRECTION('',(0.850628823525,0.525766682653,0.));
#479 = DEFINITIONAL_REPRESENTATION('',(#480),#484);
#480 = LINE('',#481,#482);
#481 = CARTESIAN_POINT('',(0.,0.));
#482 = VECTOR('',#483,1.);
#483 = DIRECTION('',(1.,0.));
#484 = ( GEOMETRIC_REPRESENTATION_CONTEXT(2) 
PARAMETRIC_REPRESENTATION_CONTEXT() REPRESENTATION_CONTEXT('2D SPACE',''
  ) );
#485 = ORIENTED_EDGE('',*,*,#486,.T.);
#486 = EDGE_CURVE('',#459,#487,#489,.T.);
#487 = VERTEX_POINT('',#488);
#488 = CARTESIAN_POINT('',(20.297576464844,74.683699408444,0.));
#489 = SURFACE_CURVE('',#490,(#494,#501),.PCURVE_S1.);
#490 = LINE('',#491,#492);
#491 = CARTESIAN_POINT('',(19.622827455948,74.40311767464,0.));
#492 = VECTOR('',#493,1.);
#493 = DIRECTION('',(0.92335054781,0.383958026167,0.));
#494 = PCURVE('',#126,#495);
#495 = DEFINITIONAL_REPRESENTATION('',(#496),#500);
#496 = LINE('',#497,#498);
#497 = CARTESIAN_POINT('',(64.160202468907,31.080191639763));
#498 = VECTOR('',#499,1.);
#499 = DIRECTION('',(-0.92335054781,0.383958026167));
#500 = ( GEOMETRIC_REPRESENTATION_CONTEXT(2) 
PARAMETRIC_REPRESENTATION_CONTEXT() REPRESENTATION_CONTEXT('2D SPACE',''
  ) );
#501 = PCURVE('',#502,#507);
#502 = PLANE('',#503);
#503 = AXIS2_PLACEMENT_3D('',#504,#505,#506);
#504 = CARTESIAN_POINT('',(19.622827455948,74.40311767464,0.));
#505 = DIRECTION('',(-0.383958026167,0.92335054781,0.));
#506 = DIRECTION('',(0.92335054781,0.383958026167,0.));
#507 = DEFINITIONAL_REPRESENTATION('',(#508),#512);
#508 = LINE('',#509,#510);
#509 = CARTESIAN_POINT('',(0.,0.));
#510 = VECTOR('',#511,1.);
#511 = DIRECTION('',(1.,0.));
#512 = ( GEOMETRIC_REPRESENTATION_CONTEXT(2) 
PARAMETRIC_REPRESENTATION_CONTEXT() REPRESENTATION_CONTEXT('2D SPACE',''
  ) );
#513 = ORIENTED_EDGE('',*,*,#514,.T.);
#514 = EDGE_CURVE('',#487,#515,#517,.T.);
#515 = VERTEX_POINT('',#516);
#516 = CARTESIAN_POINT('',(21.449107142095,74.894343174199,0.));
#517 = SURFACE_CURVE('',#518,(#522,#529),.PCURVE_S1.);
#518 = LINE('',#519,#520);
#519 = CARTESIAN_POINT('',(20.297576464844,74.683699408444,0.));
#520 = VECTOR('',#521,1.);
#521 = DIRECTION('',(0.983677722696,0.17993926162,0.));
#522 = PCURVE('',#126,#523);
#523 = DEFINITIONAL_REPRESENTATION('',(#524),#528);
#524 = LINE('',#525,#526);
#525 = CARTESIAN_POINT('',(63.485453460011,31.360773373567));
#526 = VECTOR('',#527,1.);
#527 = DIRECTION('',(-0.983677722696,0.17993926162));
#528 = ( GEOMETRIC_REPRESENTATION_CONTEXT(2) 
PARAMETRIC_REPRESENTATION_CONTEXT() REPRESENTATION_CONTEXT('2D SPACE',''
  ) );
#529 = PCURVE('',#530,#535);
#530 = PLANE('',#531);
#531 = AXIS2_PLACEMENT_3D('',#532,#533,#534);
#532 = CARTESIAN_POINT('',(20.297576464844,74.683699408444,0.));
#533 = DIRECTION('',(-0.17993926162,0.983677722696,0.));
#534 = DIRECTION('',(0.983677722696,0.17993926162,0.));
#535 = DEFINITIONAL_REPRESENTATION('',(#536),#540);
#536 = LINE('',#537,#538);
#537 = CARTESIAN_POINT('',(0.,0.));
#538 = VECTOR('',#539,1.);
#539 = DIRECTION('',(1.,0.));
#540 = ( GEOMETRIC_REPRESENTATION_CONTEXT(2) 
PARAMETRIC_REPRESENTATION_CONTEXT() REPRESENTATION_CONTEXT('2D SPACE',''
  ) );
#541 = ORIENTED_EDGE('',*,*,#542,.T.);
#542 = EDGE_CURVE('',#515,#543,#545,.T.);
#543 = VERTEX_POINT('',#544);
#544 = CARTESIAN_POINT('',(44.793160730105,74.904641740678,0.));
#545 = SURFACE_CURVE('',#546,(#550,#557),.PCURVE_S1.);
#546 = LINE('',#547,#548);
#547 = CARTESIAN_POINT('',(21.449107142095,74.894343174199,0.));
#548 = VECTOR('',#549,1.);
#549 = DIRECTION('',(0.999999902687,4.411644035243E-04,0.));
#550 = PCURVE('',#126,#551);
#551 = DEFINITIONAL_REPRESENTATION('',(#552),#556);
#552 = LINE('',#553,#554);
#553 = CARTESIAN_POINT('',(62.33392278276,31.571417139322));
#554 = VECTOR('',#555,1.);
#555 = DIRECTION('',(-0.999999902687,4.411644035243E-04));
#556 = ( GEOMETRIC_REPRESENTATION_CONTEXT(2) 
PARAMETRIC_REPRESENTATION_CONTEXT() REPRESENTATION_CONTEXT('2D SPACE',''
  ) );
#557 = PCURVE('',#558,#563);
#558 = PLANE('',#559);
#559 = AXIS2_PLACEMENT_3D('',#560,#561,#562);
#560 = CARTESIAN_POINT('',(21.449107142095,74.894343174199,0.));
#561 = DIRECTION('',(-4.411644035243E-04,0.999999902687,0.));
#562 = DIRECTION('',(0.999999902687,4.411644035243E-04,0.));
#563 = DEFINITIONAL_REPRESENTATION('',(#564),#568);
#564 = LINE('',#565,#566);
#565 = CARTESIAN_POINT('',(0.,0.));
#566 = VECTOR('',#567,1.);
#567 = DIRECTION('',(1.,0.));
#568 = ( GEOMETRIC_REPRESENTATION_CONTEXT(2) 
PARAMETRIC_REPRESENTATION_CONTEXT() REPRESENTATION_CONTEXT('2D SPACE',''
  ) );
#569 = ORIENTED_EDGE('',*,*,#570,.T.);
#570 = EDGE_CURVE('',#543,#571,#573,.T.);
#571 = VERTEX_POINT('',#572);
#572 = CARTESIAN_POINT('',(47.154786106022,75.033660448517,0.));
#573 = SURFACE_CURVE('',#574,(#578,#585),.PCURVE_S1.);
#574 = LINE('',#575,#576);
#575 = CARTESIAN_POINT('',(44.793160730105,74.904641740678,0.));
#576 = VECTOR('',#577,1.);
#577 = DIRECTION('',(0.998511041635,5.454997463538E-02,0.));
#578 = PCURVE('',#126,#579);
#579 = DEFINITIONAL_REPRESENTATION('',(#580),#584);
#580 = LINE('',#581,#582);
#581 = CARTESIAN_POINT('',(38.98986919475,31.581715705801));
#582 = VECTOR('',#583,1.);
#583 = DIRECTION('',(-0.998511041635,5.454997463538E-02));
#584 = ( GEOMETRIC_REPRESENTATION_CONTEXT(2) 
PARAMETRIC_REPRESENTATION_CONTEXT() REPRESENTATION_CONTEXT('2D SPACE',''
  ) );
#585 = PCURVE('',#586,#591);
#586 = PLANE('',#587);
#587 = AXIS2_PLACEMENT_3D('',#588,#589,#590);
#588 = CARTESIAN_POINT('',(44.793160730105,74.904641740678,0.));
#589 = DIRECTION('',(-5.454997463538E-02,0.998511041635,0.));
#590 = DIRECTION('',(0.998511041635,5.454997463538E-02,0.));
#591 = DEFINITIONAL_REPRESENTATION('',(#592),#596);
#592 = LINE('',#593,#594);
#593 = CARTESIAN_POINT('',(0.,0.));
#594 = VECTOR('',#595,1.);
#595 = DIRECTION('',(1.,0.));
#596 = ( GEOMETRIC_REPRESENTATION_CONTEXT(2) 
PARAMETRIC_REPRESENTATION_CONTEXT() REPRESENTATION_CONTEXT('2D SPACE',''
  ) );
#597 = ORIENTED_EDGE('',*,*,#598,.T.);
#598 = EDGE_CURVE('',#571,#599,#601,.T.);
#599 = VERTEX_POINT('',#600);
#600 = CARTESIAN_POINT('',(49.485430291465,75.3319662732,0.));
#601 = SURFACE_CURVE('',#602,(#606,#613),.PCURVE_S1.);
#602 = LINE('',#603,#604);
#603 = CARTESIAN_POINT('',(47.154786106022,75.033660448517,0.));
#604 = VECTOR('',#605,1.);
#605 = DIRECTION('',(0.991908199688,0.126957171483,0.));
#606 = PCURVE('',#126,#607);
#607 = DEFINITIONAL_REPRESENTATION('',(#608),#612);
#608 = LINE('',#609,#610);
#609 = CARTESIAN_POINT('',(36.628243818834,31.71073441364));
#610 = VECTOR('',#611,1.);
#611 = DIRECTION('',(-0.991908199688,0.126957171483));
#612 = ( GEOMETRIC_REPRESENTATION_CONTEXT(2) 
PARAMETRIC_REPRESENTATION_CONTEXT() REPRESENTATION_CONTEXT('2D SPACE',''
  ) );
#613 = PCURVE('',#614,#619);
#614 = PLANE('',#615);
#615 = AXIS2_PLACEMENT_3D('',#616,#617,#618);
#616 = CARTESIAN_POINT('',(47.154786106022,75.033660448517,0.));
#617 = DIRECTION('',(-0.126957171483,0.991908199688,0.));
#618 = DIRECTION('',(0.991908199688,0.126957171483,0.));
#619 = DEFINITIONAL_REPRESENTATION('',(#620),#624);
#620 = LINE('',#621,#622);
#621 = CARTESIAN_POINT('',(0.,0.));
#622 = VECTOR('',#623,1.);
#623 = DIRECTION('',(1.,0.));
#624 = ( GEOMETRIC_REPRESENTATION_CONTEXT(2) 
PARAMETRIC_REPRESENTATION_CONTEXT() REPRESENTATION_CONTEXT('2D SPACE',''
  ) );
#625 = ORIENTED_EDGE('',*,*,#626,.T.);
#626 = EDGE_CURVE('',#599,#627,#629,.T.);
#627 = VERTEX_POINT('',#628);
#628 = CARTESIAN_POINT('',(51.455056877253,75.720771007426,0.));
#629 = SURFACE_CURVE('',#630,(#634,#641),.PCURVE_S1.);
#630 = LINE('',#631,#632);
#631 = CARTESIAN_POINT('',(49.485430291465,75.3319662732,0.));
#632 = VECTOR('',#633,1.);
#633 = DIRECTION('',(0.981068100169,0.193663065221,0.));
#634 = PCURVE('',#126,#635);
#635 = DEFINITIONAL_REPRESENTATION('',(#636),#640);
#636 = LINE('',#637,#638);
#637 = CARTESIAN_POINT('',(34.29759963339,32.009040238322));
#638 = VECTOR('',#639,1.);
#639 = DIRECTION('',(-0.981068100169,0.193663065221));
#640 = ( GEOMETRIC_REPRESENTATION_CONTEXT(2) 
PARAMETRIC_REPRESENTATION_CONTEXT() REPRESENTATION_CONTEXT('2D SPACE',''
  ) );
#641 = PCURVE('',#642,#647);
#642 = PLANE('',#643);
#643 = AXIS2_PLACEMENT_3D('',#644,#645,#646);
#644 = CARTESIAN_POINT('',(49.485430291465,75.3319662732,0.));
#645 = DIRECTION('',(-0.193663065221,0.981068100169,0.));
#646 = DIRECTION('',(0.981068100169,0.193663065221,0.));
#647 = DEFINITIONAL_REPRESENTATION('',(#648),#652);
#648 = LINE('',#649,#650);
#649 = CARTESIAN_POINT('',(0.,0.));
#650 = VECTOR('',#651,1.);
#651 = DIRECTION('',(1.,0.));
#652 = ( GEOMETRIC_REPRESENTATION_CONTEXT(2) 
PARAMETRIC_REPRESENTATION_CONTEXT() REPRESENTATION_CONTEXT('2D SPACE',''
  ) );
#653 = ORIENTED_EDGE('',*,*,#654,.T.);
#654 = EDGE_CURVE('',#627,#655,#657,.T.);
#655 = VERTEX_POINT('',#656);
#656 = CARTESIAN_POINT('',(53.392214173052,76.230496162176,0.));
#657 = SURFACE_CURVE('',#658,(#662,#669),.PCURVE_S1.);
#658 = LINE('',#659,#660);
#659 = CARTESIAN_POINT('',(51.455056877253,75.720771007426,0.));
#660 = VECTOR('',#661,1.);
#661 = DIRECTION('',(0.967081058832,0.254468516025,0.));
#662 = PCURVE('',#126,#663);
#663 = DEFINITIONAL_REPRESENTATION('',(#664),#668);
#664 = LINE('',#665,#666);
#665 = CARTESIAN_POINT('',(32.327973047602,32.397844972548));
#666 = VECTOR('',#667,1.);
#667 = DIRECTION('',(-0.967081058832,0.254468516025));
#668 = ( GEOMETRIC_REPRESENTATION_CONTEXT(2) 
PARAMETRIC_REPRESENTATION_CONTEXT() REPRESENTATION_CONTEXT('2D SPACE',''
  ) );
#669 = PCURVE('',#670,#675);
#670 = PLANE('',#671);
#671 = AXIS2_PLACEMENT_3D('',#672,#673,#674);
#672 = CARTESIAN_POINT('',(51.455056877253,75.720771007426,0.));
#673 = DIRECTION('',(-0.254468516025,0.967081058832,0.));
#674 = DIRECTION('',(0.967081058832,0.254468516025,0.));
#675 = DEFINITIONAL_REPRESENTATION('',(#676),#680);
#676 = LINE('',#677,#678);
#677 = CARTESIAN_POINT('',(0.,0.));
#678 = VECTOR('',#679,1.);
#679 = DIRECTION('',(1.,0.));
#680 = ( GEOMETRIC_REPRESENTATION_CONTEXT(2) 
PARAMETRIC_REPRESENTATION_CONTEXT() REPRESENTATION_CONTEXT('2D SPACE',''
  ) );
#681 = ORIENTED_EDGE('',*,*,#682,.T.);
#682 = EDGE_CURVE('',#655,#683,#685,.T.);
#683 = VERTEX_POINT('',#684);
#684 = CARTESIAN_POINT('',(55.620450420852,76.980681811271,0.));
#685 = SURFACE_CURVE('',#686,(#690,#697),.PCURVE_S1.);
#686 = LINE('',#687,#688);
#687 = CARTESIAN_POINT('',(53.392214173052,76.230496162176,0.));
#688 = VECTOR('',#689,1.);
#689 = DIRECTION('',(0.947729662631,0.319074421678,0.));
#690 = PCURVE('',#126,#691);
#691 = DEFINITIONAL_REPRESENTATION('',(#692),#696);
#692 = LINE('',#693,#694);
#693 = CARTESIAN_POINT('',(30.390815751803,32.907570127298));
#694 = VECTOR('',#695,1.);
#695 = DIRECTION('',(-0.947729662631,0.319074421678));
#696 = ( GEOMETRIC_REPRESENTATION_CONTEXT(2) 
PARAMETRIC_REPRESENTATION_CONTEXT() REPRESENTATION_CONTEXT('2D SPACE',''
  ) );
#697 = PCURVE('',#698,#703);
#698 = PLANE('',#699);
#699 = AXIS2_PLACEMENT_3D('',#700,#701,#702);
#700 = CARTESIAN_POINT('',(53.392214173052,76.230496162176,0.));
#701 = DIRECTION('',(-0.319074421678,0.947729662631,0.));
#702 = DIRECTION('',(0.947729662631,0.319074421678,0.));
#703 = DEFINITIONAL_REPRESENTATION('',(#704),#708);
#704 = LINE('',#705,#706);
#705 = CARTESIAN_POINT('',(0.,0.));
#706 = VECTOR('',#707,1.);
#707 = DIRECTION('',(1.,0.));
#708 = ( GEOMETRIC_REPRESENTATION_CONTEXT(2) 
PARAMETRIC_REPRESENTATION_CONTEXT() REPRESENTATION_CONTEXT('2D SPACE',''
  ) );
#709 = ORIENTED_EDGE('',*,*,#710,.T.);
#710 = EDGE_CURVE('',#683,#711,#713,.T.);
#711 = VERTEX_POINT('',#712);
#712 = CARTESIAN_POINT('',(57.470194037542,77.745971493837,0.));
#713 = SURFACE_CURVE('',#714,(#718,#725),.PCURVE_S1.);
#714 = LINE('',#715,#716);
#715 = CARTESIAN_POINT('',(55.620450420852,76.980681811271,0.));
#716 = VECTOR('',#717,1.);
#717 = DIRECTION('',(0.924038269129,0.382299983241,0.));
#718 = PCURVE('',#126,#719);
#719 = DEFINITIONAL_REPRESENTATION('',(#720),#724);
#720 = LINE('',#721,#722);
#721 = CARTESIAN_POINT('',(28.162579504003,33.657755776394));
#722 = VECTOR('',#723,1.);
#723 = DIRECTION('',(-0.924038269129,0.382299983241));
#724 = ( GEOMETRIC_REPRESENTATION_CONTEXT(2) 
PARAMETRIC_REPRESENTATION_CONTEXT() REPRESENTATION_CONTEXT('2D SPACE',''
  ) );
#725 = PCURVE('',#726,#731);
#726 = PLANE('',#727);
#727 = AXIS2_PLACEMENT_3D('',#728,#729,#730);
#728 = CARTESIAN_POINT('',(55.620450420852,76.980681811271,0.));
#729 = DIRECTION('',(-0.382299983241,0.924038269129,0.));
#730 = DIRECTION('',(0.924038269129,0.382299983241,0.));
#731 = DEFINITIONAL_REPRESENTATION('',(#732),#736);
#732 = LINE('',#733,#734);
#733 = CARTESIAN_POINT('',(0.,0.));
#734 = VECTOR('',#735,1.);
#735 = DIRECTION('',(1.,0.));
#736 = ( GEOMETRIC_REPRESENTATION_CONTEXT(2) 
PARAMETRIC_REPRESENTATION_CONTEXT() REPRESENTATION_CONTEXT('2D SPACE',''
  ) );
#737 = ORIENTED_EDGE('',*,*,#738,.T.);
#738 = EDGE_CURVE('',#711,#739,#741,.T.);
#739 = VERTEX_POINT('',#740);
#740 = CARTESIAN_POINT('',(59.577123211972,78.789352302683,0.));
#741 = SURFACE_CURVE('',#742,(#746,#753),.PCURVE_S1.);
#742 = LINE('',#743,#744);
#743 = CARTESIAN_POINT('',(57.470194037542,77.745971493837,0.));
#744 = VECTOR('',#745,1.);
#745 = DIRECTION('',(0.896136175562,0.44377917352,0.));
#746 = PCURVE('',#126,#747);
#747 = DEFINITIONAL_REPRESENTATION('',(#748),#752);
#748 = LINE('',#749,#750);
#749 = CARTESIAN_POINT('',(26.312835887313,34.42304545896));
#750 = VECTOR('',#751,1.);
#751 = DIRECTION('',(-0.896136175562,0.44377917352));
#752 = ( GEOMETRIC_REPRESENTATION_CONTEXT(2) 
PARAMETRIC_REPRESENTATION_CONTEXT() REPRESENTATION_CONTEXT('2D SPACE',''
  ) );
#753 = PCURVE('',#754,#759);
#754 = PLANE('',#755);
#755 = AXIS2_PLACEMENT_3D('',#756,#757,#758);
#756 = CARTESIAN_POINT('',(57.470194037542,77.745971493837,0.));
#757 = DIRECTION('',(-0.44377917352,0.896136175562,0.));
#758 = DIRECTION('',(0.896136175562,0.44377917352,0.));
#759 = DEFINITIONAL_REPRESENTATION('',(#760),#764);
#760 = LINE('',#761,#762);
#761 = CARTESIAN_POINT('',(0.,0.));
#762 = VECTOR('',#763,1.);
#763 = DIRECTION('',(1.,0.));
#764 = ( GEOMETRIC_REPRESENTATION_CONTEXT(2) 
PARAMETRIC_REPRESENTATION_CONTEXT() REPRESENTATION_CONTEXT('2D SPACE',''
  ) );
#765 = ORIENTED_EDGE('',*,*,#766,.T.);
#766 = EDGE_CURVE('',#739,#767,#769,.T.);
#767 = VERTEX_POINT('',#768);
#768 = CARTESIAN_POINT('',(61.313422506726,79.800316419847,0.));
#769 = SURFACE_CURVE('',#770,(#774,#781),.PCURVE_S1.);
#770 = LINE('',#771,#772);
#771 = CARTESIAN_POINT('',(59.577123211972,78.789352302683,0.));
#772 = VECTOR('',#773,1.);
#773 = DIRECTION('',(0.864185250602,0.503173779763,0.));
#774 = PCURVE('',#126,#775);
#775 = DEFINITIONAL_REPRESENTATION('',(#776),#780);
#776 = LINE('',#777,#778);
#777 = CARTESIAN_POINT('',(24.205906712883,35.466426267805));
#778 = VECTOR('',#779,1.);
#779 = DIRECTION('',(-0.864185250602,0.503173779763));
#780 = ( GEOMETRIC_REPRESENTATION_CONTEXT(2) 
PARAMETRIC_REPRESENTATION_CONTEXT() REPRESENTATION_CONTEXT('2D SPACE',''
  ) );
#781 = PCURVE('',#782,#787);
#782 = PLANE('',#783);
#783 = AXIS2_PLACEMENT_3D('',#784,#785,#786);
#784 = CARTESIAN_POINT('',(59.577123211972,78.789352302683,0.));
#785 = DIRECTION('',(-0.503173779763,0.864185250602,0.));
#786 = DIRECTION('',(0.864185250602,0.503173779763,0.));
#787 = DEFINITIONAL_REPRESENTATION('',(#788),#792);
#788 = LINE('',#789,#790);
#789 = CARTESIAN_POINT('',(0.,0.));
#790 = VECTOR('',#791,1.);
#791 = DIRECTION('',(1.,0.));
#792 = ( GEOMETRIC_REPRESENTATION_CONTEXT(2) 
PARAMETRIC_REPRESENTATION_CONTEXT() REPRESENTATION_CONTEXT('2D SPACE',''
  ) );
#793 = ORIENTED_EDGE('',*,*,#794,.T.);
#794 = EDGE_CURVE('',#767,#795,#797,.T.);
#795 = VERTEX_POINT('',#796);
#796 = CARTESIAN_POINT('',(62.699219156527,80.717003286311,0.));
#797 = SURFACE_CURVE('',#798,(#802,#809),.PCURVE_S1.);
#798 = LINE('',#799,#800);
#799 = CARTESIAN_POINT('',(61.313422506726,79.800316419847,0.));
#800 = VECTOR('',#801,1.);
#801 = DIRECTION('',(0.834038674854,0.551705980435,0.));
#802 = PCURVE('',#126,#803);
#803 = DEFINITIONAL_REPRESENTATION('',(#804),#808);
#804 = LINE('',#805,#806);
#805 = CARTESIAN_POINT('',(22.469607418129,36.477390384969));
#806 = VECTOR('',#807,1.);
#807 = DIRECTION('',(-0.834038674854,0.551705980435));
#808 = ( GEOMETRIC_REPRESENTATION_CONTEXT(2) 
PARAMETRIC_REPRESENTATION_CONTEXT() REPRESENTATION_CONTEXT('2D SPACE',''
  ) );
#809 = PCURVE('',#810,#815);
#810 = PLANE('',#811);
#811 = AXIS2_PLACEMENT_3D('',#812,#813,#814);
#812 = CARTESIAN_POINT('',(61.313422506726,79.800316419847,0.));
#813 = DIRECTION('',(-0.551705980435,0.834038674854,0.));
#814 = DIRECTION('',(0.834038674854,0.551705980435,0.));
#815 = DEFINITIONAL_REPRESENTATION('',(#816),#820);
#816 = LINE('',#817,#818);
#817 = CARTESIAN_POINT('',(0.,0.));
#818 = VECTOR('',#819,1.);
#819 = DIRECTION('',(1.,0.));
#820 = ( GEOMETRIC_REPRESENTATION_CONTEXT(2) 
PARAMETRIC_REPRESENTATION_CONTEXT() REPRESENTATION_CONTEXT('2D SPACE',''
  ) );
#821 = ORIENTED_EDGE('',*,*,#822,.T.);
#822 = EDGE_CURVE('',#795,#823,#825,.T.);
#823 = VERTEX_POINT('',#824);
#824 = CARTESIAN_POINT('',(64.87107607766,82.334125378076,0.));
#825 = SURFACE_CURVE('',#826,(#830,#837),.PCURVE_S1.);
#826 = LINE('',#827,#828);
#827 = CARTESIAN_POINT('',(62.699219156527,80.717003286311,0.));
#828 = VECTOR('',#829,1.);
#829 = DIRECTION('',(0.802081704938,0.597214315471,0.));
#830 = PCURVE('',#126,#831);
#831 = DEFINITIONAL_REPRESENTATION('',(#832),#836);
#832 = LINE('',#833,#834);
#833 = CARTESIAN_POINT('',(21.083810768329,37.394077251433));
#834 = VECTOR('',#835,1.);
#835 = DIRECTION('',(-0.802081704938,0.597214315471));
#836 = ( GEOMETRIC_REPRESENTATION_CONTEXT(2) 
PARAMETRIC_REPRESENTATION_CONTEXT() REPRESENTATION_CONTEXT('2D SPACE',''
  ) );
#837 = PCURVE('',#838,#843);
#838 = PLANE('',#839);
#839 = AXIS2_PLACEMENT_3D('',#840,#841,#842);
#840 = CARTESIAN_POINT('',(62.699219156527,80.717003286311,0.));
#841 = DIRECTION('',(-0.597214315471,0.802081704938,0.));
#842 = DIRECTION('',(0.802081704938,0.597214315471,0.));
#843 = DEFINITIONAL_REPRESENTATION('',(#844),#848);
#844 = LINE('',#845,#846);
#845 = CARTESIAN_POINT('',(0.,0.));
#846 = VECTOR('',#847,1.);
#847 = DIRECTION('',(1.,0.));
#848 = ( GEOMETRIC_REPRESENTATION_CONTEXT(2) 
PARAMETRIC_REPRESENTATION_CONTEXT() REPRESENTATION_CONTEXT('2D SPACE',''
  ) );
#849 = ORIENTED_EDGE('',*,*,#850,.T.);
#850 = EDGE_CURVE('',#823,#851,#853,.T.);
#851 = VERTEX_POINT('',#852);
#852 = CARTESIAN_POINT('',(65.9581227825,83.011687998851,0.));
#853 = SURFACE_CURVE('',#854,(#858,#865),.PCURVE_S1.);
#854 = LINE('',#855,#856);
#855 = CARTESIAN_POINT('',(64.87107607766,82.334125378076,0.));
#856 = VECTOR('',#857,1.);
#857 = DIRECTION('',(0.848643826861,0.528964701215,0.));
#858 = PCURVE('',#126,#859);
#859 = DEFINITIONAL_REPRESENTATION('',(#860),#864);
#860 = LINE('',#861,#862);
#861 = CARTESIAN_POINT('',(18.911953847195,39.011199343199));
#862 = VECTOR('',#863,1.);
#863 = DIRECTION('',(-0.848643826861,0.528964701215));
#864 = ( GEOMETRIC_REPRESENTATION_CONTEXT(2) 
PARAMETRIC_REPRESENTATION_CONTEXT() REPRESENTATION_CONTEXT('2D SPACE',''
  ) );
#865 = PCURVE('',#866,#871);
#866 = PLANE('',#867);
#867 = AXIS2_PLACEMENT_3D('',#868,#869,#870);
#868 = CARTESIAN_POINT('',(64.87107607766,82.334125378076,0.));
#869 = DIRECTION('',(-0.528964701215,0.848643826861,0.));
#870 = DIRECTION('',(0.848643826861,0.528964701215,0.));
#871 = DEFINITIONAL_REPRESENTATION('',(#872),#876);
#872 = LINE('',#873,#874);
#873 = CARTESIAN_POINT('',(0.,0.));
#874 = VECTOR('',#875,1.);
#875 = DIRECTION('',(1.,0.));
#876 = ( GEOMETRIC_REPRESENTATION_CONTEXT(2) 
PARAMETRIC_REPRESENTATION_CONTEXT() REPRESENTATION_CONTEXT('2D SPACE',''
  ) );
#877 = ORIENTED_EDGE('',*,*,#878,.T.);
#878 = EDGE_CURVE('',#851,#879,#881,.T.);
#879 = VERTEX_POINT('',#880);
#880 = CARTESIAN_POINT('',(67.36258292856,83.671672105714,0.));
#881 = SURFACE_CURVE('',#882,(#886,#893),.PCURVE_S1.);
#882 = LINE('',#883,#884);
#883 = CARTESIAN_POINT('',(65.9581227825,83.011687998851,0.));
#884 = VECTOR('',#885,1.);
#885 = DIRECTION('',(0.905051524262,0.425301937959,0.));
#886 = PCURVE('',#126,#887);
#887 = DEFINITIONAL_REPRESENTATION('',(#888),#892);
#888 = LINE('',#889,#890);
#889 = CARTESIAN_POINT('',(17.824907142356,39.688761963973));
#890 = VECTOR('',#891,1.);
#891 = DIRECTION('',(-0.905051524262,0.425301937959));
#892 = ( GEOMETRIC_REPRESENTATION_CONTEXT(2) 
PARAMETRIC_REPRESENTATION_CONTEXT() REPRESENTATION_CONTEXT('2D SPACE',''
  ) );
#893 = PCURVE('',#894,#899);
#894 = PLANE('',#895);
#895 = AXIS2_PLACEMENT_3D('',#896,#897,#898);
#896 = CARTESIAN_POINT('',(65.9581227825,83.011687998851,0.));
#897 = DIRECTION('',(-0.425301937959,0.905051524262,0.));
#898 = DIRECTION('',(0.905051524262,0.425301937959,0.));
#899 = DEFINITIONAL_REPRESENTATION('',(#900),#904);
#900 = LINE('',#901,#902);
#901 = CARTESIAN_POINT('',(0.,0.));
#902 = VECTOR('',#903,1.);
#903 = DIRECTION('',(1.,0.));
#904 = ( GEOMETRIC_REPRESENTATION_CONTEXT(2) 
PARAMETRIC_REPRESENTATION_CONTEXT() REPRESENTATION_CONTEXT('2D SPACE',''
  ) );
#905 = ORIENTED_EDGE('',*,*,#906,.T.);
#906 = EDGE_CURVE('',#879,#907,#909,.T.);
#907 = VERTEX_POINT('',#908);
#908 = CARTESIAN_POINT('',(68.959990438116,84.173920664998,0.));
#909 = SURFACE_CURVE('',#910,(#914,#921),.PCURVE_S1.);
#910 = LINE('',#911,#912);
#911 = CARTESIAN_POINT('',(67.36258292856,83.671672105714,0.));
#912 = VECTOR('',#913,1.);
#913 = DIRECTION('',(0.953958488135,0.299938665254,0.));
#914 = PCURVE('',#126,#915);
#915 = DEFINITIONAL_REPRESENTATION('',(#916),#920);
#916 = LINE('',#917,#918);
#917 = CARTESIAN_POINT('',(16.420446996295,40.348746070837));
#918 = VECTOR('',#919,1.);
#919 = DIRECTION('',(-0.953958488135,0.299938665254));
#920 = ( GEOMETRIC_REPRESENTATION_CONTEXT(2) 
PARAMETRIC_REPRESENTATION_CONTEXT() REPRESENTATION_CONTEXT('2D SPACE',''
  ) );
#921 = PCURVE('',#922,#927);
#922 = PLANE('',#923);
#923 = AXIS2_PLACEMENT_3D('',#924,#925,#926);
#924 = CARTESIAN_POINT('',(67.36258292856,83.671672105714,0.));
#925 = DIRECTION('',(-0.299938665254,0.953958488135,0.));
#926 = DIRECTION('',(0.953958488135,0.299938665254,0.));
#927 = DEFINITIONAL_REPRESENTATION('',(#928),#932);
#928 = LINE('',#929,#930);
#929 = CARTESIAN_POINT('',(0.,0.));
#930 = VECTOR('',#931,1.);
#931 = DIRECTION('',(1.,0.));
#932 = ( GEOMETRIC_REPRESENTATION_CONTEXT(2) 
PARAMETRIC_REPRESENTATION_CONTEXT() REPRESENTATION_CONTEXT('2D SPACE',''
  ) );
#933 = ORIENTED_EDGE('',*,*,#934,.T.);
#934 = EDGE_CURVE('',#907,#935,#937,.T.);
#935 = VERTEX_POINT('',#936);
#936 = CARTESIAN_POINT('',(70.60927393779,84.447572912759,0.));
#937 = SURFACE_CURVE('',#938,(#942,#949),.PCURVE_S1.);
#938 = LINE('',#939,#940);
#939 = CARTESIAN_POINT('',(68.959990438116,84.173920664998,0.));
#940 = VECTOR('',#941,1.);
#941 = DIRECTION('',(0.986512809277,0.163684077211,0.));
#942 = PCURVE('',#126,#943);
#943 = DEFINITIONAL_REPRESENTATION('',(#944),#948);
#944 = LINE('',#945,#946);
#945 = CARTESIAN_POINT('',(14.823039486739,40.850994630121));
#946 = VECTOR('',#947,1.);
#947 = DIRECTION('',(-0.986512809277,0.163684077211));
#948 = ( GEOMETRIC_REPRESENTATION_CONTEXT(2) 
PARAMETRIC_REPRESENTATION_CONTEXT() REPRESENTATION_CONTEXT('2D SPACE',''
  ) );
#949 = PCURVE('',#950,#955);
#950 = PLANE('',#951);
#951 = AXIS2_PLACEMENT_3D('',#952,#953,#954);
#952 = CARTESIAN_POINT('',(68.959990438116,84.173920664998,0.));
#953 = DIRECTION('',(-0.163684077211,0.986512809277,0.));
#954 = DIRECTION('',(0.986512809277,0.163684077211,0.));
#955 = DEFINITIONAL_REPRESENTATION('',(#956),#960);
#956 = LINE('',#957,#958);
#957 = CARTESIAN_POINT('',(0.,0.));
#958 = VECTOR('',#959,1.);
#959 = DIRECTION('',(1.,0.));
#960 = ( GEOMETRIC_REPRESENTATION_CONTEXT(2) 
PARAMETRIC_REPRESENTATION_CONTEXT() REPRESENTATION_CONTEXT('2D SPACE',''
  ) );
#961 = ORIENTED_EDGE('',*,*,#962,.T.);
#962 = EDGE_CURVE('',#935,#963,#965,.T.);
#963 = VERTEX_POINT('',#964);
#964 = CARTESIAN_POINT('',(72.22194292892,84.493683847774,0.));
#965 = SURFACE_CURVE('',#966,(#970,#977),.PCURVE_S1.);
#966 = LINE('',#967,#968);
#967 = CARTESIAN_POINT('',(70.60927393779,84.447572912759,0.));
#968 = VECTOR('',#969,1.);
#969 = DIRECTION('',(0.999591472594,2.858125113553E-02,0.));
#970 = PCURVE('',#126,#971);
#971 = DEFINITIONAL_REPRESENTATION('',(#972),#976);
#972 = LINE('',#973,#974);
#973 = CARTESIAN_POINT('',(13.173755987065,41.124646877881));
#974 = VECTOR('',#975,1.);
#975 = DIRECTION('',(-0.999591472594,2.858125113553E-02));
#976 = ( GEOMETRIC_REPRESENTATION_CONTEXT(2) 
PARAMETRIC_REPRESENTATION_CONTEXT() REPRESENTATION_CONTEXT('2D SPACE',''
  ) );
#977 = PCURVE('',#978,#983);
#978 = PLANE('',#979);
#979 = AXIS2_PLACEMENT_3D('',#980,#981,#982);
#980 = CARTESIAN_POINT('',(70.60927393779,84.447572912759,0.));
#981 = DIRECTION('',(-2.858125113553E-02,0.999591472594,0.));
#982 = DIRECTION('',(0.999591472594,2.858125113553E-02,0.));
#983 = DEFINITIONAL_REPRESENTATION('',(#984),#988);
#984 = LINE('',#985,#986);
#985 = CARTESIAN_POINT('',(0.,0.));
#986 = VECTOR('',#987,1.);
#987 = DIRECTION('',(1.,0.));
#988 = ( GEOMETRIC_REPRESENTATION_CONTEXT(2) 
PARAMETRIC_REPRESENTATION_CONTEXT() REPRESENTATION_CONTEXT('2D SPACE',''
  ) );
#989 = ORIENTED_EDGE('',*,*,#990,.T.);
#990 = EDGE_CURVE('',#963,#991,#993,.T.);
#991 = VERTEX_POINT('',#992);
#992 = CARTESIAN_POINT('',(82.369164147406,83.724399178244,0.));
#993 = SURFACE_CURVE('',#994,(#998,#1005),.PCURVE_S1.);
#994 = LINE('',#995,#996);
#995 = CARTESIAN_POINT('',(72.22194292892,84.493683847774,0.));
#996 = VECTOR('',#997,1.);
#997 = DIRECTION('',(0.997138572597,-7.559541679232E-02,0.));
#998 = PCURVE('',#126,#999);
#999 = DEFINITIONAL_REPRESENTATION('',(#1000),#1004);
#1000 = LINE('',#1001,#1002);
#1001 = CARTESIAN_POINT('',(11.561086995936,41.170757812896));
#1002 = VECTOR('',#1003,1.);
#1003 = DIRECTION('',(-0.997138572597,-7.559541679232E-02));
#1004 = ( GEOMETRIC_REPRESENTATION_CONTEXT(2) 
PARAMETRIC_REPRESENTATION_CONTEXT() REPRESENTATION_CONTEXT('2D SPACE',''
  ) );
#1005 = PCURVE('',#1006,#1011);
#1006 = PLANE('',#1007);
#1007 = AXIS2_PLACEMENT_3D('',#1008,#1009,#1010);
#1008 = CARTESIAN_POINT('',(72.22194292892,84.493683847774,0.));
#1009 = DIRECTION('',(7.559541679232E-02,0.997138572597,-0.));
#1010 = DIRECTION('',(0.997138572597,-7.559541679232E-02,0.));
#1011 = DEFINITIONAL_REPRESENTATION('',(#1012),#1016);
#1012 = LINE('',#1013,#1014);
#1013 = CARTESIAN_POINT('',(0.,0.));
#1014 = VECTOR('',#1015,1.);
#1015 = DIRECTION('',(1.,0.));
#1016 = ( GEOMETRIC_REPRESENTATION_CONTEXT(2) 
PARAMETRIC_REPRESENTATION_CONTEXT() REPRESENTATION_CONTEXT('2D SPACE',''
  ) );
#1017 = ORIENTED_EDGE('',*,*,#1018,.T.);
#1018 = EDGE_CURVE('',#991,#1019,#1021,.T.);
#1019 = VERTEX_POINT('',#1020);
#1020 = CARTESIAN_POINT('',(87.17867590496,83.631451419497,0.));
#1021 = SURFACE_CURVE('',#1022,(#1026,#1033),.PCURVE_S1.);
#1022 = LINE('',#1023,#1024);
#1023 = CARTESIAN_POINT('',(82.369164147406,83.724399178244,0.));
#1024 = VECTOR('',#1025,1.);
#1025 = DIRECTION('',(0.999813308633,-1.932221208466E-02,0.));
#1026 = PCURVE('',#126,#1027);
#1027 = DEFINITIONAL_REPRESENTATION('',(#1028),#1032);
#1028 = LINE('',#1029,#1030);
#1029 = CARTESIAN_POINT('',(1.41386577745,40.401473143366));
#1030 = VECTOR('',#1031,1.);
#1031 = DIRECTION('',(-0.999813308633,-1.932221208466E-02));
#1032 = ( GEOMETRIC_REPRESENTATION_CONTEXT(2) 
PARAMETRIC_REPRESENTATION_CONTEXT() REPRESENTATION_CONTEXT('2D SPACE',''
  ) );
#1033 = PCURVE('',#1034,#1039);
#1034 = PLANE('',#1035);
#1035 = AXIS2_PLACEMENT_3D('',#1036,#1037,#1038);
#1036 = CARTESIAN_POINT('',(82.369164147406,83.724399178244,0.));
#1037 = DIRECTION('',(1.932221208466E-02,0.999813308633,-0.));
#1038 = DIRECTION('',(0.999813308633,-1.932221208466E-02,0.));
#1039 = DEFINITIONAL_REPRESENTATION('',(#1040),#1044);
#1040 = LINE('',#1041,#1042);
#1041 = CARTESIAN_POINT('',(0.,0.));
#1042 = VECTOR('',#1043,1.);
#1043 = DIRECTION('',(1.,0.));
#1044 = ( GEOMETRIC_REPRESENTATION_CONTEXT(2) 
PARAMETRIC_REPRESENTATION_CONTEXT() REPRESENTATION_CONTEXT('2D SPACE',''
  ) );
#1045 = ORIENTED_EDGE('',*,*,#1046,.T.);
#1046 = EDGE_CURVE('',#1019,#1047,#1049,.T.);
#1047 = VERTEX_POINT('',#1048);
#1048 = CARTESIAN_POINT('',(90.14483404125,83.738874263696,0.));
#1049 = SURFACE_CURVE('',#1050,(#1054,#1061),.PCURVE_S1.);
#1050 = LINE('',#1051,#1052);
#1051 = CARTESIAN_POINT('',(87.17867590496,83.631451419497,0.));
#1052 = VECTOR('',#1053,1.);
#1053 = DIRECTION('',(0.999344839458,3.619242806965E-02,0.));
#1054 = PCURVE('',#126,#1055);
#1055 = DEFINITIONAL_REPRESENTATION('',(#1056),#1060);
#1056 = LINE('',#1057,#1058);
#1057 = CARTESIAN_POINT('',(-3.395645980105,40.308525384619));
#1058 = VECTOR('',#1059,1.);
#1059 = DIRECTION('',(-0.999344839458,3.619242806965E-02));
#1060 = ( GEOMETRIC_REPRESENTATION_CONTEXT(2) 
PARAMETRIC_REPRESENTATION_CONTEXT() REPRESENTATION_CONTEXT('2D SPACE',''
  ) );
#1061 = PCURVE('',#1062,#1067);
#1062 = PLANE('',#1063);
#1063 = AXIS2_PLACEMENT_3D('',#1064,#1065,#1066);
#1064 = CARTESIAN_POINT('',(87.17867590496,83.631451419497,0.));
#1065 = DIRECTION('',(-3.619242806965E-02,0.999344839458,0.));
#1066 = DIRECTION('',(0.999344839458,3.619242806965E-02,0.));
#1067 = DEFINITIONAL_REPRESENTATION('',(#1068),#1072);
#1068 = LINE('',#1069,#1070);
#1069 = CARTESIAN_POINT('',(0.,0.));
#1070 = VECTOR('',#1071,1.);
#1071 = DIRECTION('',(1.,0.));
#1072 = ( GEOMETRIC_REPRESENTATION_CONTEXT(2) 
PARAMETRIC_REPRESENTATION_CONTEXT() REPRESENTATION_CONTEXT('2D SPACE',''
  ) );
#1073 = ORIENTED_EDGE('',*,*,#1074,.T.);
#1074 = EDGE_CURVE('',#1047,#1075,#1077,.T.);
#1075 = VERTEX_POINT('',#1076);
#1076 = CARTESIAN_POINT('',(93.127098483904,83.974608060998,0.));
#1077 = SURFACE_CURVE('',#1078,(#1082,#1089),.PCURVE_S1.);
#1078 = LINE('',#1079,#1080);
#1079 = CARTESIAN_POINT('',(90.14483404125,83.738874263696,0.));
#1080 = VECTOR('',#1081,1.);
#1081 = DIRECTION('',(0.996890489269,7.879944419675E-02,0.));
#1082 = PCURVE('',#126,#1083);
#1083 = DEFINITIONAL_REPRESENTATION('',(#1084),#1088);
#1084 = LINE('',#1085,#1086);
#1085 = CARTESIAN_POINT('',(-6.361804116395,40.415948228819));
#1086 = VECTOR('',#1087,1.);
#1087 = DIRECTION('',(-0.996890489269,7.879944419675E-02));
#1088 = ( GEOMETRIC_REPRESENTATION_CONTEXT(2) 
PARAMETRIC_REPRESENTATION_CONTEXT() REPRESENTATION_CONTEXT('2D SPACE',''
  ) );
#1089 = PCURVE('',#1090,#1095);
#1090 = PLANE('',#1091);
#1091 = AXIS2_PLACEMENT_3D('',#1092,#1093,#1094);
#1092 = CARTESIAN_POINT('',(90.14483404125,83.738874263696,0.));
#1093 = DIRECTION('',(-7.879944419675E-02,0.996890489269,0.));
#1094 = DIRECTION('',(0.996890489269,7.879944419675E-02,0.));
#1095 = DEFINITIONAL_REPRESENTATION('',(#1096),#1100);
#1096 = LINE('',#1097,#1098);
#1097 = CARTESIAN_POINT('',(0.,0.));
#1098 = VECTOR('',#1099,1.);
#1099 = DIRECTION('',(1.,0.));
#1100 = ( GEOMETRIC_REPRESENTATION_CONTEXT(2) 
PARAMETRIC_REPRESENTATION_CONTEXT() REPRESENTATION_CONTEXT('2D SPACE',''
  ) );
#1101 = ORIENTED_EDGE('',*,*,#1102,.T.);
#1102 = EDGE_CURVE('',#1075,#1103,#1105,.T.);
#1103 = VERTEX_POINT('',#1104);
#1104 = CARTESIAN_POINT('',(95.494054071791,84.25363930808,0.));
#1105 = SURFACE_CURVE('',#1106,(#1110,#1117),.PCURVE_S1.);
#1106 = LINE('',#1107,#1108);
#1107 = CARTESIAN_POINT('',(93.127098483904,83.974608060998,0.));
#1108 = VECTOR('',#1109,1.);
#1109 = DIRECTION('',(0.993123024814,0.117075435441,0.));
#1110 = PCURVE('',#126,#1111);
#1111 = DEFINITIONAL_REPRESENTATION('',(#1112),#1116);
#1112 = LINE('',#1113,#1114);
#1113 = CARTESIAN_POINT('',(-9.344068559049,40.65168202612));
#1114 = VECTOR('',#1115,1.);
#1115 = DIRECTION('',(-0.993123024814,0.117075435441));
#1116 = ( GEOMETRIC_REPRESENTATION_CONTEXT(2) 
PARAMETRIC_REPRESENTATION_CONTEXT() REPRESENTATION_CONTEXT('2D SPACE',''
  ) );
#1117 = PCURVE('',#1118,#1123);
#1118 = PLANE('',#1119);
#1119 = AXIS2_PLACEMENT_3D('',#1120,#1121,#1122);
#1120 = CARTESIAN_POINT('',(93.127098483904,83.974608060998,0.));
#1121 = DIRECTION('',(-0.117075435441,0.993123024814,0.));
#1122 = DIRECTION('',(0.993123024814,0.117075435441,0.));
#1123 = DEFINITIONAL_REPRESENTATION('',(#1124),#1128);
#1124 = LINE('',#1125,#1126);
#1125 = CARTESIAN_POINT('',(0.,0.));
#1126 = VECTOR('',#1127,1.);
#1127 = DIRECTION('',(1.,0.));
#1128 = ( GEOMETRIC_REPRESENTATION_CONTEXT(2) 
PARAMETRIC_REPRESENTATION_CONTEXT() REPRESENTATION_CONTEXT('2D SPACE',''
  ) );
#1129 = ORIENTED_EDGE('',*,*,#1130,.T.);
#1130 = EDGE_CURVE('',#1103,#1131,#1133,.T.);
#1131 = VERTEX_POINT('',#1132);
#1132 = CARTESIAN_POINT('',(98.449374857687,84.717876182114,0.));
#1133 = SURFACE_CURVE('',#1134,(#1138,#1145),.PCURVE_S1.);
#1134 = LINE('',#1135,#1136);
#1135 = CARTESIAN_POINT('',(95.494054071791,84.25363930808,0.));
#1136 = VECTOR('',#1137,1.);
#1137 = DIRECTION('',(0.987885873276,0.155182155487,0.));
#1138 = PCURVE('',#126,#1139);
#1139 = DEFINITIONAL_REPRESENTATION('',(#1140),#1144);
#1140 = LINE('',#1141,#1142);
#1141 = CARTESIAN_POINT('',(-11.71102414693,40.930713273203));
#1142 = VECTOR('',#1143,1.);
#1143 = DIRECTION('',(-0.987885873276,0.155182155487));
#1144 = ( GEOMETRIC_REPRESENTATION_CONTEXT(2) 
PARAMETRIC_REPRESENTATION_CONTEXT() REPRESENTATION_CONTEXT('2D SPACE',''
  ) );
#1145 = PCURVE('',#1146,#1151);
#1146 = PLANE('',#1147);
#1147 = AXIS2_PLACEMENT_3D('',#1148,#1149,#1150);
#1148 = CARTESIAN_POINT('',(95.494054071791,84.25363930808,0.));
#1149 = DIRECTION('',(-0.155182155487,0.987885873276,0.));
#1150 = DIRECTION('',(0.987885873276,0.155182155487,0.));
#1151 = DEFINITIONAL_REPRESENTATION('',(#1152),#1156);
#1152 = LINE('',#1153,#1154);
#1153 = CARTESIAN_POINT('',(0.,0.));
#1154 = VECTOR('',#1155,1.);
#1155 = DIRECTION('',(1.,0.));
#1156 = ( GEOMETRIC_REPRESENTATION_CONTEXT(2) 
PARAMETRIC_REPRESENTATION_CONTEXT() REPRESENTATION_CONTEXT('2D SPACE',''
  ) );
#1157 = ORIENTED_EDGE('',*,*,#1158,.T.);
#1158 = EDGE_CURVE('',#1131,#1159,#1161,.T.);
#1159 = VERTEX_POINT('',#1160);
#1160 = CARTESIAN_POINT('',(101.37366640521,85.306076174153,0.));
#1161 = SURFACE_CURVE('',#1162,(#1166,#1173),.PCURVE_S1.);
#1162 = LINE('',#1163,#1164);
#1163 = CARTESIAN_POINT('',(98.449374857687,84.717876182114,0.));
#1164 = VECTOR('',#1165,1.);
#1165 = DIRECTION('',(0.980364642786,0.197193222943,0.));
#1166 = PCURVE('',#126,#1167);
#1167 = DEFINITIONAL_REPRESENTATION('',(#1168),#1172);
#1168 = LINE('',#1169,#1170);
#1169 = CARTESIAN_POINT('',(-14.66634493283,41.394950147237));
#1170 = VECTOR('',#1171,1.);
#1171 = DIRECTION('',(-0.980364642786,0.197193222943));
#1172 = ( GEOMETRIC_REPRESENTATION_CONTEXT(2) 
PARAMETRIC_REPRESENTATION_CONTEXT() REPRESENTATION_CONTEXT('2D SPACE',''
  ) );
#1173 = PCURVE('',#1174,#1179);
#1174 = PLANE('',#1175);
#1175 = AXIS2_PLACEMENT_3D('',#1176,#1177,#1178);
#1176 = CARTESIAN_POINT('',(98.449374857687,84.717876182114,0.));
#1177 = DIRECTION('',(-0.197193222943,0.980364642786,0.));
#1178 = DIRECTION('',(0.980364642786,0.197193222943,0.));
#1179 = DEFINITIONAL_REPRESENTATION('',(#1180),#1184);
#1180 = LINE('',#1181,#1182);
#1181 = CARTESIAN_POINT('',(0.,0.));
#1182 = VECTOR('',#1183,1.);
#1183 = DIRECTION('',(1.,0.));
#1184 = ( GEOMETRIC_REPRESENTATION_CONTEXT(2) 
PARAMETRIC_REPRESENTATION_CONTEXT() REPRESENTATION_CONTEXT('2D SPACE',''
  ) );
#1185 = ORIENTED_EDGE('',*,*,#1186,.T.);
#1186 = EDGE_CURVE('',#1159,#1187,#1189,.T.);
#1187 = VERTEX_POINT('',#1188);
#1188 = CARTESIAN_POINT('',(104.27391623752,86.019438748846,0.));
#1189 = SURFACE_CURVE('',#1190,(#1194,#1201),.PCURVE_S1.);
#1190 = LINE('',#1191,#1192);
#1191 = CARTESIAN_POINT('',(101.37366640521,85.306076174153,0.));
#1192 = VECTOR('',#1193,1.);
#1193 = DIRECTION('',(0.971057220682,0.23884696808,0.));
#1194 = PCURVE('',#126,#1195);
#1195 = DEFINITIONAL_REPRESENTATION('',(#1196),#1200);
#1196 = LINE('',#1197,#1198);
#1197 = CARTESIAN_POINT('',(-17.59063648036,41.983150139275));
#1198 = VECTOR('',#1199,1.);
#1199 = DIRECTION('',(-0.971057220682,0.23884696808));
#1200 = ( GEOMETRIC_REPRESENTATION_CONTEXT(2) 
PARAMETRIC_REPRESENTATION_CONTEXT() REPRESENTATION_CONTEXT('2D SPACE',''
  ) );
#1201 = PCURVE('',#1202,#1207);
#1202 = PLANE('',#1203);
#1203 = AXIS2_PLACEMENT_3D('',#1204,#1205,#1206);
#1204 = CARTESIAN_POINT('',(101.37366640521,85.306076174153,0.));
#1205 = DIRECTION('',(-0.23884696808,0.971057220682,0.));
#1206 = DIRECTION('',(0.971057220682,0.23884696808,0.));
#1207 = DEFINITIONAL_REPRESENTATION('',(#1208),#1212);
#1208 = LINE('',#1209,#1210);
#1209 = CARTESIAN_POINT('',(0.,0.));
#1210 = VECTOR('',#1211,1.);
#1211 = DIRECTION('',(1.,0.));
#1212 = ( GEOMETRIC_REPRESENTATION_CONTEXT(2) 
PARAMETRIC_REPRESENTATION_CONTEXT() REPRESENTATION_CONTEXT('2D SPACE',''
  ) );
#1213 = ORIENTED_EDGE('',*,*,#1214,.T.);
#1214 = EDGE_CURVE('',#1187,#1215,#1217,.T.);
#1215 = VERTEX_POINT('',#1216);
#1216 = CARTESIAN_POINT('',(107.14101283635,86.855961654747,0.));
#1217 = SURFACE_CURVE('',#1218,(#1222,#1229),.PCURVE_S1.);
#1218 = LINE('',#1219,#1220);
#1219 = CARTESIAN_POINT('',(104.27391623752,86.019438748846,0.));
#1220 = VECTOR('',#1221,1.);
#1221 = DIRECTION('',(0.959974219883,0.28008837384,0.));
#1222 = PCURVE('',#126,#1223);
#1223 = DEFINITIONAL_REPRESENTATION('',(#1224),#1228);
#1224 = LINE('',#1225,#1226);
#1225 = CARTESIAN_POINT('',(-20.49088631266,42.696512713968));
#1226 = VECTOR('',#1227,1.);
#1227 = DIRECTION('',(-0.959974219883,0.28008837384));
#1228 = ( GEOMETRIC_REPRESENTATION_CONTEXT(2) 
PARAMETRIC_REPRESENTATION_CONTEXT() REPRESENTATION_CONTEXT('2D SPACE',''
  ) );
#1229 = PCURVE('',#1230,#1235);
#1230 = PLANE('',#1231);
#1231 = AXIS2_PLACEMENT_3D('',#1232,#1233,#1234);
#1232 = CARTESIAN_POINT('',(104.27391623752,86.019438748846,0.));
#1233 = DIRECTION('',(-0.28008837384,0.959974219883,0.));
#1234 = DIRECTION('',(0.959974219883,0.28008837384,0.));
#1235 = DEFINITIONAL_REPRESENTATION('',(#1236),#1240);
#1236 = LINE('',#1237,#1238);
#1237 = CARTESIAN_POINT('',(0.,0.));
#1238 = VECTOR('',#1239,1.);
#1239 = DIRECTION('',(1.,0.));
#1240 = ( GEOMETRIC_REPRESENTATION_CONTEXT(2) 
PARAMETRIC_REPRESENTATION_CONTEXT() REPRESENTATION_CONTEXT('2D SPACE',''
  ) );
#1241 = ORIENTED_EDGE('',*,*,#1242,.T.);
#1242 = EDGE_CURVE('',#1215,#1243,#1245,.T.);
#1243 = VERTEX_POINT('',#1244);
#1244 = CARTESIAN_POINT('',(109.95583238173,87.809414528889,0.));
#1245 = SURFACE_CURVE('',#1246,(#1250,#1257),.PCURVE_S1.);
#1246 = LINE('',#1247,#1248);
#1247 = CARTESIAN_POINT('',(107.14101283635,86.855961654747,0.));
#1248 = VECTOR('',#1249,1.);
#1249 = DIRECTION('',(0.947139846492,0.320820995552,0.));
#1250 = PCURVE('',#126,#1251);
#1251 = DEFINITIONAL_REPRESENTATION('',(#1252),#1256);
#1252 = LINE('',#1253,#1254);
#1253 = CARTESIAN_POINT('',(-23.35798291149,43.53303561987));
#1254 = VECTOR('',#1255,1.);
#1255 = DIRECTION('',(-0.947139846492,0.320820995552));
#1256 = ( GEOMETRIC_REPRESENTATION_CONTEXT(2) 
PARAMETRIC_REPRESENTATION_CONTEXT() REPRESENTATION_CONTEXT('2D SPACE',''
  ) );
#1257 = PCURVE('',#1258,#1263);
#1258 = PLANE('',#1259);
#1259 = AXIS2_PLACEMENT_3D('',#1260,#1261,#1262);
#1260 = CARTESIAN_POINT('',(107.14101283635,86.855961654747,0.));
#1261 = DIRECTION('',(-0.320820995552,0.947139846492,0.));
#1262 = DIRECTION('',(0.947139846492,0.320820995552,0.));
#1263 = DEFINITIONAL_REPRESENTATION('',(#1264),#1268);
#1264 = LINE('',#1265,#1266);
#1265 = CARTESIAN_POINT('',(0.,0.));
#1266 = VECTOR('',#1267,1.);
#1267 = DIRECTION('',(1.,0.));
#1268 = ( GEOMETRIC_REPRESENTATION_CONTEXT(2) 
PARAMETRIC_REPRESENTATION_CONTEXT() REPRESENTATION_CONTEXT('2D SPACE',''
  ) );
#1269 = ORIENTED_EDGE('',*,*,#1270,.T.);
#1270 = EDGE_CURVE('',#1243,#1271,#1273,.T.);
#1271 = VERTEX_POINT('',#1272);
#1272 = CARTESIAN_POINT('',(114.42816157776,89.606714838142,0.));
#1273 = SURFACE_CURVE('',#1274,(#1278,#1285),.PCURVE_S1.);
#1274 = LINE('',#1275,#1276);
#1275 = CARTESIAN_POINT('',(109.95583238173,87.809414528889,0.));
#1276 = VECTOR('',#1277,1.);
#1277 = DIRECTION('',(0.927876779349,0.372886956522,0.));
#1278 = PCURVE('',#126,#1279);
#1279 = DEFINITIONAL_REPRESENTATION('',(#1280),#1284);
#1280 = LINE('',#1281,#1282);
#1281 = CARTESIAN_POINT('',(-26.17280245688,44.486488494012));
#1282 = VECTOR('',#1283,1.);
#1283 = DIRECTION('',(-0.927876779349,0.372886956522));
#1284 = ( GEOMETRIC_REPRESENTATION_CONTEXT(2) 
PARAMETRIC_REPRESENTATION_CONTEXT() REPRESENTATION_CONTEXT('2D SPACE',''
  ) );
#1285 = PCURVE('',#1286,#1291);
#1286 = PLANE('',#1287);
#1287 = AXIS2_PLACEMENT_3D('',#1288,#1289,#1290);
#1288 = CARTESIAN_POINT('',(109.95583238173,87.809414528889,0.));
#1289 = DIRECTION('',(-0.372886956522,0.927876779349,0.));
#1290 = DIRECTION('',(0.927876779349,0.372886956522,0.));
#1291 = DEFINITIONAL_REPRESENTATION('',(#1292),#1296);
#1292 = LINE('',#1293,#1294);
#1293 = CARTESIAN_POINT('',(0.,0.));
#1294 = VECTOR('',#1295,1.);
#1295 = DIRECTION('',(1.,0.));
#1296 = ( GEOMETRIC_REPRESENTATION_CONTEXT(2) 
PARAMETRIC_REPRESENTATION_CONTEXT() REPRESENTATION_CONTEXT('2D SPACE',''
  ) );
#1297 = ORIENTED_EDGE('',*,*,#1298,.T.);
#1298 = EDGE_CURVE('',#1271,#1299,#1301,.T.);
#1299 = VERTEX_POINT('',#1300);
#1300 = CARTESIAN_POINT('',(124.64244946109,94.252002799846,0.));
#1301 = SURFACE_CURVE('',#1302,(#1306,#1313),.PCURVE_S1.);
#1302 = LINE('',#1303,#1304);
#1303 = CARTESIAN_POINT('',(114.42816157776,89.606714838142,0.));
#1304 = VECTOR('',#1305,1.);
#1305 = DIRECTION('',(0.910284885074,0.413982400599,0.));
#1306 = PCURVE('',#126,#1307);
#1307 = DEFINITIONAL_REPRESENTATION('',(#1308),#1312);
#1308 = LINE('',#1309,#1310);
#1309 = CARTESIAN_POINT('',(-30.64513165291,46.283788803264));
#1310 = VECTOR('',#1311,1.);
#1311 = DIRECTION('',(-0.910284885074,0.413982400599));
#1312 = ( GEOMETRIC_REPRESENTATION_CONTEXT(2) 
PARAMETRIC_REPRESENTATION_CONTEXT() REPRESENTATION_CONTEXT('2D SPACE',''
  ) );
#1313 = PCURVE('',#1314,#1319);
#1314 = PLANE('',#1315);
#1315 = AXIS2_PLACEMENT_3D('',#1316,#1317,#1318);
#1316 = CARTESIAN_POINT('',(114.42816157776,89.606714838142,0.));
#1317 = DIRECTION('',(-0.413982400599,0.910284885074,0.));
#1318 = DIRECTION('',(0.910284885074,0.413982400599,0.));
#1319 = DEFINITIONAL_REPRESENTATION('',(#1320),#1324);
#1320 = LINE('',#1321,#1322);
#1321 = CARTESIAN_POINT('',(0.,0.));
#1322 = VECTOR('',#1323,1.);
#1323 = DIRECTION('',(1.,0.));
#1324 = ( GEOMETRIC_REPRESENTATION_CONTEXT(2) 
PARAMETRIC_REPRESENTATION_CONTEXT() REPRESENTATION_CONTEXT('2D SPACE',''
  ) );
#1325 = ORIENTED_EDGE('',*,*,#1326,.T.);
#1326 = EDGE_CURVE('',#1299,#1327,#1329,.T.);
#1327 = VERTEX_POINT('',#1328);
#1328 = CARTESIAN_POINT('',(125.87809862852,94.565909087508,0.));
#1329 = SURFACE_CURVE('',#1330,(#1334,#1341),.PCURVE_S1.);
#1330 = LINE('',#1331,#1332);
#1331 = CARTESIAN_POINT('',(124.64244946109,94.252002799846,0.));
#1332 = VECTOR('',#1333,1.);
#1333 = DIRECTION('',(0.969213807491,0.246220623362,0.));
#1334 = PCURVE('',#126,#1335);
#1335 = DEFINITIONAL_REPRESENTATION('',(#1336),#1340);
#1336 = LINE('',#1337,#1338);
#1337 = CARTESIAN_POINT('',(-40.85941953624,50.929076764968));
#1338 = VECTOR('',#1339,1.);
#1339 = DIRECTION('',(-0.969213807491,0.246220623362));
#1340 = ( GEOMETRIC_REPRESENTATION_CONTEXT(2) 
PARAMETRIC_REPRESENTATION_CONTEXT() REPRESENTATION_CONTEXT('2D SPACE',''
  ) );
#1341 = PCURVE('',#1342,#1347);
#1342 = PLANE('',#1343);
#1343 = AXIS2_PLACEMENT_3D('',#1344,#1345,#1346);
#1344 = CARTESIAN_POINT('',(124.64244946109,94.252002799846,0.));
#1345 = DIRECTION('',(-0.246220623362,0.969213807491,0.));
#1346 = DIRECTION('',(0.969213807491,0.246220623362,0.));
#1347 = DEFINITIONAL_REPRESENTATION('',(#1348),#1352);
#1348 = LINE('',#1349,#1350);
#1349 = CARTESIAN_POINT('',(0.,0.));
#1350 = VECTOR('',#1351,1.);
#1351 = DIRECTION('',(1.,0.));
#1352 = ( GEOMETRIC_REPRESENTATION_CONTEXT(2) 
PARAMETRIC_REPRESENTATION_CONTEXT() REPRESENTATION_CONTEXT('2D SPACE',''
  ) );
#1353 = ORIENTED_EDGE('',*,*,#1354,.T.);
#1354 = EDGE_CURVE('',#1327,#1355,#1357,.T.);
#1355 = VERTEX_POINT('',#1356);
#1356 = CARTESIAN_POINT('',(126.59683893663,94.599861045534,0.));
#1357 = SURFACE_CURVE('',#1358,(#1362,#1369),.PCURVE_S1.);
#1358 = LINE('',#1359,#1360);
#1359 = CARTESIAN_POINT('',(125.87809862852,94.565909087508,0.));
#1360 = VECTOR('',#1361,1.);
#1361 = DIRECTION('',(0.99888614267,4.718552724176E-02,0.));
#1362 = PCURVE('',#126,#1363);
#1363 = DEFINITIONAL_REPRESENTATION('',(#1364),#1368);
#1364 = LINE('',#1365,#1366);
#1365 = CARTESIAN_POINT('',(-42.09506870366,51.242983052631));
#1366 = VECTOR('',#1367,1.);
#1367 = DIRECTION('',(-0.99888614267,4.718552724176E-02));
#1368 = ( GEOMETRIC_REPRESENTATION_CONTEXT(2) 
PARAMETRIC_REPRESENTATION_CONTEXT() REPRESENTATION_CONTEXT('2D SPACE',''
  ) );
#1369 = PCURVE('',#1370,#1375);
#1370 = PLANE('',#1371);
#1371 = AXIS2_PLACEMENT_3D('',#1372,#1373,#1374);
#1372 = CARTESIAN_POINT('',(125.87809862852,94.565909087508,0.));
#1373 = DIRECTION('',(-4.718552724176E-02,0.99888614267,0.));
#1374 = DIRECTION('',(0.99888614267,4.718552724176E-02,0.));
#1375 = DEFINITIONAL_REPRESENTATION('',(#1376),#1380);
#1376 = LINE('',#1377,#1378);
#1377 = CARTESIAN_POINT('',(0.,0.));
#1378 = VECTOR('',#1379,1.);
#1379 = DIRECTION('',(1.,0.));
#1380 = ( GEOMETRIC_REPRESENTATION_CONTEXT(2) 
PARAMETRIC_REPRESENTATION_CONTEXT() REPRESENTATION_CONTEXT('2D SPACE',''
  ) );
#1381 = ORIENTED_EDGE('',*,*,#1382,.T.);
#1382 = EDGE_CURVE('',#1355,#1383,#1385,.T.);
#1383 = VERTEX_POINT('',#1384);
#1384 = CARTESIAN_POINT('',(127.52908559365,94.438505642393,0.));
#1385 = SURFACE_CURVE('',#1386,(#1390,#1397),.PCURVE_S1.);
#1386 = LINE('',#1387,#1388);
#1387 = CARTESIAN_POINT('',(126.59683893663,94.599861045534,0.));
#1388 = VECTOR('',#1389,1.);
#1389 = DIRECTION('',(0.985349614179,-0.170546585535,0.));
#1390 = PCURVE('',#126,#1391);
#1391 = DEFINITIONAL_REPRESENTATION('',(#1392),#1396);
#1392 = LINE('',#1393,#1394);
#1393 = CARTESIAN_POINT('',(-42.81380901178,51.276935010656));
#1394 = VECTOR('',#1395,1.);
#1395 = DIRECTION('',(-0.985349614179,-0.170546585535));
#1396 = ( GEOMETRIC_REPRESENTATION_CONTEXT(2) 
PARAMETRIC_REPRESENTATION_CONTEXT() REPRESENTATION_CONTEXT('2D SPACE',''
  ) );
#1397 = PCURVE('',#1398,#1403);
#1398 = PLANE('',#1399);
#1399 = AXIS2_PLACEMENT_3D('',#1400,#1401,#1402);
#1400 = CARTESIAN_POINT('',(126.59683893663,94.599861045534,0.));
#1401 = DIRECTION('',(0.170546585535,0.985349614179,-0.));
#1402 = DIRECTION('',(0.985349614179,-0.170546585535,0.));
#1403 = DEFINITIONAL_REPRESENTATION('',(#1404),#1408);
#1404 = LINE('',#1405,#1406);
#1405 = CARTESIAN_POINT('',(0.,0.));
#1406 = VECTOR('',#1407,1.);
#1407 = DIRECTION('',(1.,0.));
#1408 = ( GEOMETRIC_REPRESENTATION_CONTEXT(2) 
PARAMETRIC_REPRESENTATION_CONTEXT() REPRESENTATION_CONTEXT('2D SPACE',''
  ) );
#1409 = ORIENTED_EDGE('',*,*,#1410,.T.);
#1410 = EDGE_CURVE('',#1383,#1411,#1413,.T.);
#1411 = VERTEX_POINT('',#1412);
#1412 = CARTESIAN_POINT('',(128.40156603092,94.072986945632,0.));
#1413 = SURFACE_CURVE('',#1414,(#1418,#1425),.PCURVE_S1.);
#1414 = LINE('',#1415,#1416);
#1415 = CARTESIAN_POINT('',(127.52908559365,94.438505642393,0.));
#1416 = VECTOR('',#1417,1.);
#1417 = DIRECTION('',(0.92233012396,-0.386402824053,0.));
#1418 = PCURVE('',#126,#1419);
#1419 = DEFINITIONAL_REPRESENTATION('',(#1420),#1424);
#1420 = LINE('',#1421,#1422);
#1421 = CARTESIAN_POINT('',(-43.74605566879,51.115579607515));
#1422 = VECTOR('',#1423,1.);
#1423 = DIRECTION('',(-0.92233012396,-0.386402824053));
#1424 = ( GEOMETRIC_REPRESENTATION_CONTEXT(2) 
PARAMETRIC_REPRESENTATION_CONTEXT() REPRESENTATION_CONTEXT('2D SPACE',''
  ) );
#1425 = PCURVE('',#1426,#1431);
#1426 = PLANE('',#1427);
#1427 = AXIS2_PLACEMENT_3D('',#1428,#1429,#1430);
#1428 = CARTESIAN_POINT('',(127.52908559365,94.438505642393,0.));
#1429 = DIRECTION('',(0.386402824053,0.92233012396,-0.));
#1430 = DIRECTION('',(0.92233012396,-0.386402824053,0.));
#1431 = DEFINITIONAL_REPRESENTATION('',(#1432),#1436);
#1432 = LINE('',#1433,#1434);
#1433 = CARTESIAN_POINT('',(0.,0.));
#1434 = VECTOR('',#1435,1.);
#1435 = DIRECTION('',(1.,0.));
#1436 = ( GEOMETRIC_REPRESENTATION_CONTEXT(2) 
PARAMETRIC_REPRESENTATION_CONTEXT() REPRESENTATION_CONTEXT('2D SPACE',''
  ) );
#1437 = ORIENTED_EDGE('',*,*,#1438,.T.);
#1438 = EDGE_CURVE('',#1411,#1439,#1441,.T.);
#1439 = VERTEX_POINT('',#1440);
#1440 = CARTESIAN_POINT('',(129.17255641244,93.519557754721,0.));
#1441 = SURFACE_CURVE('',#1442,(#1446,#1453),.PCURVE_S1.);
#1442 = LINE('',#1443,#1444);
#1443 = CARTESIAN_POINT('',(128.40156603092,94.072986945632,0.));
#1444 = VECTOR('',#1445,1.);
#1445 = DIRECTION('',(0.812374829299,-0.583135607489,0.));
#1446 = PCURVE('',#126,#1447);
#1447 = DEFINITIONAL_REPRESENTATION('',(#1448),#1452);
#1448 = LINE('',#1449,#1450);
#1449 = CARTESIAN_POINT('',(-44.61853610607,50.750060910754));
#1450 = VECTOR('',#1451,1.);
#1451 = DIRECTION('',(-0.812374829299,-0.583135607489));
#1452 = ( GEOMETRIC_REPRESENTATION_CONTEXT(2) 
PARAMETRIC_REPRESENTATION_CONTEXT() REPRESENTATION_CONTEXT('2D SPACE',''
  ) );
#1453 = PCURVE('',#1454,#1459);
#1454 = PLANE('',#1455);
#1455 = AXIS2_PLACEMENT_3D('',#1456,#1457,#1458);
#1456 = CARTESIAN_POINT('',(128.40156603092,94.072986945632,0.));
#1457 = DIRECTION('',(0.583135607489,0.812374829299,-0.));
#1458 = DIRECTION('',(0.812374829299,-0.583135607489,0.));
#1459 = DEFINITIONAL_REPRESENTATION('',(#1460),#1464);
#1460 = LINE('',#1461,#1462);
#1461 = CARTESIAN_POINT('',(0.,0.));
#1462 = VECTOR('',#1463,1.);
#1463 = DIRECTION('',(1.,0.));
#1464 = ( GEOMETRIC_REPRESENTATION_CONTEXT(2) 
PARAMETRIC_REPRESENTATION_CONTEXT() REPRESENTATION_CONTEXT('2D SPACE',''
  ) );
#1465 = ORIENTED_EDGE('',*,*,#1466,.T.);
#1466 = EDGE_CURVE('',#1439,#1467,#1469,.T.);
#1467 = VERTEX_POINT('',#1468);
#1468 = CARTESIAN_POINT('',(129.70572376387,92.947281437546,0.));
#1469 = SURFACE_CURVE('',#1470,(#1474,#1481),.PCURVE_S1.);
#1470 = LINE('',#1471,#1472);
#1471 = CARTESIAN_POINT('',(129.17255641244,93.519557754721,0.));
#1472 = VECTOR('',#1473,1.);
#1473 = DIRECTION('',(0.681663921209,-0.731665427994,0.));
#1474 = PCURVE('',#126,#1475);
#1475 = DEFINITIONAL_REPRESENTATION('',(#1476),#1480);
#1476 = LINE('',#1477,#1478);
#1477 = CARTESIAN_POINT('',(-45.38952648758,50.196631719843));
#1478 = VECTOR('',#1479,1.);
#1479 = DIRECTION('',(-0.681663921209,-0.731665427994));
#1480 = ( GEOMETRIC_REPRESENTATION_CONTEXT(2) 
PARAMETRIC_REPRESENTATION_CONTEXT() REPRESENTATION_CONTEXT('2D SPACE',''
  ) );
#1481 = PCURVE('',#1482,#1487);
#1482 = PLANE('',#1483);
#1483 = AXIS2_PLACEMENT_3D('',#1484,#1485,#1486);
#1484 = CARTESIAN_POINT('',(129.17255641244,93.519557754721,0.));
#1485 = DIRECTION('',(0.731665427994,0.681663921209,-0.));
#1486 = DIRECTION('',(0.681663921209,-0.731665427994,0.));
#1487 = DEFINITIONAL_REPRESENTATION('',(#1488),#1492);
#1488 = LINE('',#1489,#1490);
#1489 = CARTESIAN_POINT('',(0.,0.));
#1490 = VECTOR('',#1491,1.);
#1491 = DIRECTION('',(1.,0.));
#1492 = ( GEOMETRIC_REPRESENTATION_CONTEXT(2) 
PARAMETRIC_REPRESENTATION_CONTEXT() REPRESENTATION_CONTEXT('2D SPACE',''
  ) );
#1493 = ORIENTED_EDGE('',*,*,#1494,.T.);
#1494 = EDGE_CURVE('',#1467,#1495,#1497,.T.);
#1495 = VERTEX_POINT('',#1496);
#1496 = CARTESIAN_POINT('',(142.50231990643,75.485417134287,0.));
#1497 = SURFACE_CURVE('',#1498,(#1502,#1509),.PCURVE_S1.);
#1498 = LINE('',#1499,#1500);
#1499 = CARTESIAN_POINT('',(129.70572376387,92.947281437546,0.));
#1500 = VECTOR('',#1501,1.);
#1501 = DIRECTION('',(0.591100167144,-0.806598160426,0.));
#1502 = PCURVE('',#126,#1503);
#1503 = DEFINITIONAL_REPRESENTATION('',(#1504),#1508);
#1504 = LINE('',#1505,#1506);
#1505 = CARTESIAN_POINT('',(-45.92269383902,49.624355402669));
#1506 = VECTOR('',#1507,1.);
#1507 = DIRECTION('',(-0.591100167144,-0.806598160426));
#1508 = ( GEOMETRIC_REPRESENTATION_CONTEXT(2) 
PARAMETRIC_REPRESENTATION_CONTEXT() REPRESENTATION_CONTEXT('2D SPACE',''
  ) );
#1509 = PCURVE('',#1510,#1515);
#1510 = PLANE('',#1511);
#1511 = AXIS2_PLACEMENT_3D('',#1512,#1513,#1514);
#1512 = CARTESIAN_POINT('',(129.70572376387,92.947281437546,0.));
#1513 = DIRECTION('',(0.806598160426,0.591100167144,-0.));
#1514 = DIRECTION('',(0.591100167144,-0.806598160426,0.));
#1515 = DEFINITIONAL_REPRESENTATION('',(#1516),#1520);
#1516 = LINE('',#1517,#1518);
#1517 = CARTESIAN_POINT('',(0.,0.));
#1518 = VECTOR('',#1519,1.);
#1519 = DIRECTION('',(1.,0.));
#1520 = ( GEOMETRIC_REPRESENTATION_CONTEXT(2) 
PARAMETRIC_REPRESENTATION_CONTEXT() REPRESENTATION_CONTEXT('2D SPACE',''
  ) );
#1521 = ORIENTED_EDGE('',*,*,#1522,.T.);
#1522 = EDGE_CURVE('',#1495,#1523,#1525,.T.);
#1523 = VERTEX_POINT('',#1524);
#1524 = CARTESIAN_POINT('',(142.89764217617,74.600500885477,0.));
#1525 = SURFACE_CURVE('',#1526,(#1530,#1537),.PCURVE_S1.);
#1526 = LINE('',#1527,#1528);
#1527 = CARTESIAN_POINT('',(142.50231990643,75.485417134287,0.));
#1528 = VECTOR('',#1529,1.);
#1529 = DIRECTION('',(0.407883433056,-0.913034010888,0.));
#1530 = PCURVE('',#126,#1531);
#1531 = DEFINITIONAL_REPRESENTATION('',(#1532),#1536);
#1532 = LINE('',#1533,#1534);
#1533 = CARTESIAN_POINT('',(-58.71928998158,32.162491099409));
#1534 = VECTOR('',#1535,1.);
#1535 = DIRECTION('',(-0.407883433056,-0.913034010888));
#1536 = ( GEOMETRIC_REPRESENTATION_CONTEXT(2) 
PARAMETRIC_REPRESENTATION_CONTEXT() REPRESENTATION_CONTEXT('2D SPACE',''
  ) );
#1537 = PCURVE('',#1538,#1543);
#1538 = PLANE('',#1539);
#1539 = AXIS2_PLACEMENT_3D('',#1540,#1541,#1542);
#1540 = CARTESIAN_POINT('',(142.50231990643,75.485417134287,0.));
#1541 = DIRECTION('',(0.913034010888,0.407883433056,-0.));
#1542 = DIRECTION('',(0.407883433056,-0.913034010888,0.));
#1543 = DEFINITIONAL_REPRESENTATION('',(#1544),#1548);
#1544 = LINE('',#1545,#1546);
#1545 = CARTESIAN_POINT('',(0.,0.));
#1546 = VECTOR('',#1547,1.);
#1547 = DIRECTION('',(1.,0.));
#1548 = ( GEOMETRIC_REPRESENTATION_CONTEXT(2) 
PARAMETRIC_REPRESENTATION_CONTEXT() REPRESENTATION_CONTEXT('2D SPACE',''
  ) );
#1549 = ORIENTED_EDGE('',*,*,#1550,.T.);
#1550 = EDGE_CURVE('',#1523,#1551,#1553,.T.);
#1551 = VERTEX_POINT('',#1552);
#1552 = CARTESIAN_POINT('',(143.09999452817,73.401091051121,0.));
#1553 = SURFACE_CURVE('',#1554,(#1558,#1565),.PCURVE_S1.);
#1554 = LINE('',#1555,#1556);
#1555 = CARTESIAN_POINT('',(142.89764217617,74.600500885477,0.));
#1556 = VECTOR('',#1557,1.);
#1557 = DIRECTION('',(0.166359002053,-0.986065252626,0.));
#1558 = PCURVE('',#126,#1559);
#1559 = DEFINITIONAL_REPRESENTATION('',(#1560),#1564);
#1560 = LINE('',#1561,#1562);
#1561 = CARTESIAN_POINT('',(-59.11461225132,31.277574850599));
#1562 = VECTOR('',#1563,1.);
#1563 = DIRECTION('',(-0.166359002053,-0.986065252626));
#1564 = ( GEOMETRIC_REPRESENTATION_CONTEXT(2) 
PARAMETRIC_REPRESENTATION_CONTEXT() REPRESENTATION_CONTEXT('2D SPACE',''
  ) );
#1565 = PCURVE('',#1566,#1571);
#1566 = PLANE('',#1567);
#1567 = AXIS2_PLACEMENT_3D('',#1568,#1569,#1570);
#1568 = CARTESIAN_POINT('',(142.89764217617,74.600500885477,0.));
#1569 = DIRECTION('',(0.986065252626,0.166359002053,-0.));
#1570 = DIRECTION('',(0.166359002053,-0.986065252626,0.));
#1571 = DEFINITIONAL_REPRESENTATION('',(#1572),#1576);
#1572 = LINE('',#1573,#1574);
#1573 = CARTESIAN_POINT('',(0.,0.));
#1574 = VECTOR('',#1575,1.);
#1575 = DIRECTION('',(1.,0.));
#1576 = ( GEOMETRIC_REPRESENTATION_CONTEXT(2) 
PARAMETRIC_REPRESENTATION_CONTEXT() REPRESENTATION_CONTEXT('2D SPACE',''
  ) );
#1577 = ORIENTED_EDGE('',*,*,#1578,.T.);
#1578 = EDGE_CURVE('',#1551,#1579,#1581,.T.);
#1579 = VERTEX_POINT('',#1580);
#1580 = CARTESIAN_POINT('',(143.09995511085,68.5,0.));
#1581 = SURFACE_CURVE('',#1582,(#1586,#1593),.PCURVE_S1.);
#1582 = LINE('',#1583,#1584);
#1583 = CARTESIAN_POINT('',(143.09999452817,73.401091051121,0.));
#1584 = VECTOR('',#1585,1.);
#1585 = DIRECTION('',(-8.04256049292E-06,-0.999999999968,0.));
#1586 = PCURVE('',#126,#1587);
#1587 = DEFINITIONAL_REPRESENTATION('',(#1588),#1592);
#1588 = LINE('',#1589,#1590);
#1589 = CARTESIAN_POINT('',(-59.31696460332,30.078165016244));
#1590 = VECTOR('',#1591,1.);
#1591 = DIRECTION('',(8.04256049292E-06,-0.999999999968));
#1592 = ( GEOMETRIC_REPRESENTATION_CONTEXT(2) 
PARAMETRIC_REPRESENTATION_CONTEXT() REPRESENTATION_CONTEXT('2D SPACE',''
  ) );
#1593 = PCURVE('',#1594,#1599);
#1594 = PLANE('',#1595);
#1595 = AXIS2_PLACEMENT_3D('',#1596,#1597,#1598);
#1596 = CARTESIAN_POINT('',(143.09999452817,73.401091051121,0.));
#1597 = DIRECTION('',(0.999999999968,-8.04256049292E-06,0.));
#1598 = DIRECTION('',(-8.04256049292E-06,-0.999999999968,0.));
#1599 = DEFINITIONAL_REPRESENTATION('',(#1600),#1604);
#1600 = LINE('',#1601,#1602);
#1601 = CARTESIAN_POINT('',(0.,0.));
#1602 = VECTOR('',#1603,1.);
#1603 = DIRECTION('',(1.,0.));
#1604 = ( GEOMETRIC_REPRESENTATION_CONTEXT(2) 
PARAMETRIC_REPRESENTATION_CONTEXT() REPRESENTATION_CONTEXT('2D SPACE',''
  ) );
#1605 = ORIENTED_EDGE('',*,*,#1606,.T.);
#1606 = EDGE_CURVE('',#1579,#1607,#1609,.T.);
#1607 = VERTEX_POINT('',#1608);
#1608 = CARTESIAN_POINT('',(128.5,68.5,0.));
#1609 = SURFACE_CURVE('',#1610,(#1614,#1621),.PCURVE_S1.);
#1610 = LINE('',#1611,#1612);
#1611 = CARTESIAN_POINT('',(143.09995511085,68.5,0.));
#1612 = VECTOR('',#1613,1.);
#1613 = DIRECTION('',(-1.,0.,0.));
#1614 = PCURVE('',#126,#1615);
#1615 = DEFINITIONAL_REPRESENTATION('',(#1616),#1620);
#1616 = LINE('',#1617,#1618);
#1617 = CARTESIAN_POINT('',(-59.316925186,25.177073965122));
#1618 = VECTOR('',#1619,1.);
#1619 = DIRECTION('',(1.,0.));
#1620 = ( GEOMETRIC_REPRESENTATION_CONTEXT(2) 
PARAMETRIC_REPRESENTATION_CONTEXT() REPRESENTATION_CONTEXT('2D SPACE',''
  ) );
#1621 = PCURVE('',#1622,#1627);
#1622 = PLANE('',#1623);
#1623 = AXIS2_PLACEMENT_3D('',#1624,#1625,#1626);
#1624 = CARTESIAN_POINT('',(143.09995511085,68.5,0.));
#1625 = DIRECTION('',(0.,-1.,0.));
#1626 = DIRECTION('',(-1.,0.,0.));
#1627 = DEFINITIONAL_REPRESENTATION('',(#1628),#1632);
#1628 = LINE('',#1629,#1630);
#1629 = CARTESIAN_POINT('',(0.,-0.));
#1630 = VECTOR('',#1631,1.);
#1631 = DIRECTION('',(1.,0.));
#1632 = ( GEOMETRIC_REPRESENTATION_CONTEXT(2) 
PARAMETRIC_REPRESENTATION_CONTEXT() REPRESENTATION_CONTEXT('2D SPACE',''
  ) );
#1633 = ORIENTED_EDGE('',*,*,#1634,.T.);
#1634 = EDGE_CURVE('',#1607,#1635,#1637,.T.);
#1635 = VERTEX_POINT('',#1636);
#1636 = CARTESIAN_POINT('',(135.,62.,0.));
#1637 = SURFACE_CURVE('',#1638,(#1642,#1649),.PCURVE_S1.);
#1638 = LINE('',#1639,#1640);
#1639 = CARTESIAN_POINT('',(128.5,68.5,0.));
#1640 = VECTOR('',#1641,1.);
#1641 = DIRECTION('',(0.707106781187,-0.707106781187,0.));
#1642 = PCURVE('',#126,#1643);
#1643 = DEFINITIONAL_REPRESENTATION('',(#1644),#1648);
#1644 = LINE('',#1645,#1646);
#1645 = CARTESIAN_POINT('',(-44.71697007514,25.177073965122));
#1646 = VECTOR('',#1647,1.);
#1647 = DIRECTION('',(-0.707106781187,-0.707106781187));
#1648 = ( GEOMETRIC_REPRESENTATION_CONTEXT(2) 
PARAMETRIC_REPRESENTATION_CONTEXT() REPRESENTATION_CONTEXT('2D SPACE',''
  ) );
#1649 = PCURVE('',#1650,#1655);
#1650 = PLANE('',#1651);
#1651 = AXIS2_PLACEMENT_3D('',#1652,#1653,#1654);
#1652 = CARTESIAN_POINT('',(128.5,68.5,0.));
#1653 = DIRECTION('',(0.707106781187,0.707106781187,-0.));
#1654 = DIRECTION('',(0.707106781187,-0.707106781187,0.));
#1655 = DEFINITIONAL_REPRESENTATION('',(#1656),#1660);
#1656 = LINE('',#1657,#1658);
#1657 = CARTESIAN_POINT('',(0.,0.));
#1658 = VECTOR('',#1659,1.);
#1659 = DIRECTION('',(1.,0.));
#1660 = ( GEOMETRIC_REPRESENTATION_CONTEXT(2) 
PARAMETRIC_REPRESENTATION_CONTEXT() REPRESENTATION_CONTEXT('2D SPACE',''
  ) );
#1661 = ORIENTED_EDGE('',*,*,#1662,.T.);
#1662 = EDGE_CURVE('',#1635,#1663,#1665,.T.);
#1663 = VERTEX_POINT('',#1664);
#1664 = CARTESIAN_POINT('',(135.,0.85,0.));
#1665 = SURFACE_CURVE('',#1666,(#1670,#1677),.PCURVE_S1.);
#1666 = LINE('',#1667,#1668);
#1667 = CARTESIAN_POINT('',(135.,62.,0.));
#1668 = VECTOR('',#1669,1.);
#1669 = DIRECTION('',(0.,-1.,0.));
#1670 = PCURVE('',#126,#1671);
#1671 = DEFINITIONAL_REPRESENTATION('',(#1672),#1676);
#1672 = LINE('',#1673,#1674);
#1673 = CARTESIAN_POINT('',(-51.21697007514,18.677073965122));
#1674 = VECTOR('',#1675,1.);
#1675 = DIRECTION('',(0.,-1.));
#1676 = ( GEOMETRIC_REPRESENTATION_CONTEXT(2) 
PARAMETRIC_REPRESENTATION_CONTEXT() REPRESENTATION_CONTEXT('2D SPACE',''
  ) );
#1677 = PCURVE('',#1678,#1683);
#1678 = PLANE('',#1679);
#1679 = AXIS2_PLACEMENT_3D('',#1680,#1681,#1682);
#1680 = CARTESIAN_POINT('',(135.,62.,0.));
#1681 = DIRECTION('',(1.,0.,-0.));
#1682 = DIRECTION('',(0.,-1.,0.));
#1683 = DEFINITIONAL_REPRESENTATION('',(#1684),#1688);
#1684 = LINE('',#1685,#1686);
#1685 = CARTESIAN_POINT('',(0.,0.));
#1686 = VECTOR('',#1687,1.);
#1687 = DIRECTION('',(1.,0.));
#1688 = ( GEOMETRIC_REPRESENTATION_CONTEXT(2) 
PARAMETRIC_REPRESENTATION_CONTEXT() REPRESENTATION_CONTEXT('2D SPACE',''
  ) );
#1689 = ORIENTED_EDGE('',*,*,#1690,.T.);
#1690 = EDGE_CURVE('',#1663,#1691,#1693,.T.);
#1691 = VERTEX_POINT('',#1692);
#1692 = CARTESIAN_POINT('',(131.,-3.15,0.));
#1693 = SURFACE_CURVE('',#1694,(#1698,#1705),.PCURVE_S1.);
#1694 = LINE('',#1695,#1696);
#1695 = CARTESIAN_POINT('',(135.,0.85,0.));
#1696 = VECTOR('',#1697,1.);
#1697 = DIRECTION('',(-0.707106781187,-0.707106781187,0.));
#1698 = PCURVE('',#126,#1699);
#1699 = DEFINITIONAL_REPRESENTATION('',(#1700),#1704);
#1700 = LINE('',#1701,#1702);
#1701 = CARTESIAN_POINT('',(-51.21697007514,-42.47292603487));
#1702 = VECTOR('',#1703,1.);
#1703 = DIRECTION('',(0.707106781187,-0.707106781187));
#1704 = ( GEOMETRIC_REPRESENTATION_CONTEXT(2) 
PARAMETRIC_REPRESENTATION_CONTEXT() REPRESENTATION_CONTEXT('2D SPACE',''
  ) );
#1705 = PCURVE('',#1706,#1711);
#1706 = PLANE('',#1707);
#1707 = AXIS2_PLACEMENT_3D('',#1708,#1709,#1710);
#1708 = CARTESIAN_POINT('',(135.,0.85,0.));
#1709 = DIRECTION('',(0.707106781187,-0.707106781187,0.));
#1710 = DIRECTION('',(-0.707106781187,-0.707106781187,0.));
#1711 = DEFINITIONAL_REPRESENTATION('',(#1712),#1716);
#1712 = LINE('',#1713,#1714);
#1713 = CARTESIAN_POINT('',(0.,0.));
#1714 = VECTOR('',#1715,1.);
#1715 = DIRECTION('',(1.,0.));
#1716 = ( GEOMETRIC_REPRESENTATION_CONTEXT(2) 
PARAMETRIC_REPRESENTATION_CONTEXT() REPRESENTATION_CONTEXT('2D SPACE',''
  ) );
#1717 = ORIENTED_EDGE('',*,*,#1718,.T.);
#1718 = EDGE_CURVE('',#1691,#1719,#1721,.T.);
#1719 = VERTEX_POINT('',#1720);
#1720 = CARTESIAN_POINT('',(111.,-3.15,0.));
#1721 = SURFACE_CURVE('',#1722,(#1726,#1733),.PCURVE_S1.);
#1722 = LINE('',#1723,#1724);
#1723 = CARTESIAN_POINT('',(131.,-3.15,0.));
#1724 = VECTOR('',#1725,1.);
#1725 = DIRECTION('',(-1.,0.,0.));
#1726 = PCURVE('',#126,#1727);
#1727 = DEFINITIONAL_REPRESENTATION('',(#1728),#1732);
#1728 = LINE('',#1729,#1730);
#1729 = CARTESIAN_POINT('',(-47.21697007514,-46.47292603487));
#1730 = VECTOR('',#1731,1.);
#1731 = DIRECTION('',(1.,0.));
#1732 = ( GEOMETRIC_REPRESENTATION_CONTEXT(2) 
PARAMETRIC_REPRESENTATION_CONTEXT() REPRESENTATION_CONTEXT('2D SPACE',''
  ) );
#1733 = PCURVE('',#1734,#1739);
#1734 = PLANE('',#1735);
#1735 = AXIS2_PLACEMENT_3D('',#1736,#1737,#1738);
#1736 = CARTESIAN_POINT('',(131.,-3.15,0.));
#1737 = DIRECTION('',(0.,-1.,0.));
#1738 = DIRECTION('',(-1.,0.,0.));
#1739 = DEFINITIONAL_REPRESENTATION('',(#1740),#1744);
#1740 = LINE('',#1741,#1742);
#1741 = CARTESIAN_POINT('',(0.,-0.));
#1742 = VECTOR('',#1743,1.);
#1743 = DIRECTION('',(1.,0.));
#1744 = ( GEOMETRIC_REPRESENTATION_CONTEXT(2) 
PARAMETRIC_REPRESENTATION_CONTEXT() REPRESENTATION_CONTEXT('2D SPACE',''
  ) );
#1745 = ORIENTED_EDGE('',*,*,#1746,.T.);
#1746 = EDGE_CURVE('',#1719,#1747,#1749,.T.);
#1747 = VERTEX_POINT('',#1748);
#1748 = CARTESIAN_POINT('',(111.,7.095479145354,0.));
#1749 = SURFACE_CURVE('',#1750,(#1754,#1761),.PCURVE_S1.);
#1750 = LINE('',#1751,#1752);
#1751 = CARTESIAN_POINT('',(111.,-3.15,0.));
#1752 = VECTOR('',#1753,1.);
#1753 = DIRECTION('',(0.,1.,0.));
#1754 = PCURVE('',#126,#1755);
#1755 = DEFINITIONAL_REPRESENTATION('',(#1756),#1760);
#1756 = LINE('',#1757,#1758);
#1757 = CARTESIAN_POINT('',(-27.21697007514,-46.47292603487));
#1758 = VECTOR('',#1759,1.);
#1759 = DIRECTION('',(0.,1.));
#1760 = ( GEOMETRIC_REPRESENTATION_CONTEXT(2) 
PARAMETRIC_REPRESENTATION_CONTEXT() REPRESENTATION_CONTEXT('2D SPACE',''
  ) );
#1761 = PCURVE('',#1762,#1767);
#1762 = PLANE('',#1763);
#1763 = AXIS2_PLACEMENT_3D('',#1764,#1765,#1766);
#1764 = CARTESIAN_POINT('',(111.,-3.15,0.));
#1765 = DIRECTION('',(-1.,0.,0.));
#1766 = DIRECTION('',(0.,1.,0.));
#1767 = DEFINITIONAL_REPRESENTATION('',(#1768),#1772);
#1768 = LINE('',#1769,#1770);
#1769 = CARTESIAN_POINT('',(0.,0.));
#1770 = VECTOR('',#1771,1.);
#1771 = DIRECTION('',(1.,0.));
#1772 = ( GEOMETRIC_REPRESENTATION_CONTEXT(2) 
PARAMETRIC_REPRESENTATION_CONTEXT() REPRESENTATION_CONTEXT('2D SPACE',''
  ) );
#1773 = ORIENTED_EDGE('',*,*,#1774,.T.);
#1774 = EDGE_CURVE('',#1747,#1775,#1777,.T.);
#1775 = VERTEX_POINT('',#1776);
#1776 = CARTESIAN_POINT('',(95.902088204759,7.093041346614,0.));
#1777 = SURFACE_CURVE('',#1778,(#1782,#1789),.PCURVE_S1.);
#1778 = LINE('',#1779,#1780);
#1779 = CARTESIAN_POINT('',(111.,7.095479145354,0.));
#1780 = VECTOR('',#1781,1.);
#1781 = DIRECTION('',(-0.999999986964,-1.614659524768E-04,0.));
#1782 = PCURVE('',#126,#1783);
#1783 = DEFINITIONAL_REPRESENTATION('',(#1784),#1788);
#1784 = LINE('',#1785,#1786);
#1785 = CARTESIAN_POINT('',(-27.21697007514,-36.22744688952));
#1786 = VECTOR('',#1787,1.);
#1787 = DIRECTION('',(0.999999986964,-1.614659524768E-04));
#1788 = ( GEOMETRIC_REPRESENTATION_CONTEXT(2) 
PARAMETRIC_REPRESENTATION_CONTEXT() REPRESENTATION_CONTEXT('2D SPACE',''
  ) );
#1789 = PCURVE('',#1790,#1795);
#1790 = PLANE('',#1791);
#1791 = AXIS2_PLACEMENT_3D('',#1792,#1793,#1794);
#1792 = CARTESIAN_POINT('',(111.,7.095479145354,0.));
#1793 = DIRECTION('',(1.614659524768E-04,-0.999999986964,0.));
#1794 = DIRECTION('',(-0.999999986964,-1.614659524768E-04,0.));
#1795 = DEFINITIONAL_REPRESENTATION('',(#1796),#1800);
#1796 = LINE('',#1797,#1798);
#1797 = CARTESIAN_POINT('',(0.,0.));
#1798 = VECTOR('',#1799,1.);
#1799 = DIRECTION('',(1.,0.));
#1800 = ( GEOMETRIC_REPRESENTATION_CONTEXT(2) 
PARAMETRIC_REPRESENTATION_CONTEXT() REPRESENTATION_CONTEXT('2D SPACE',''
  ) );
#1801 = ORIENTED_EDGE('',*,*,#1802,.T.);
#1802 = EDGE_CURVE('',#1775,#1803,#1805,.T.);
#1803 = VERTEX_POINT('',#1804);
#1804 = CARTESIAN_POINT('',(95.406596074216,6.461273132249,0.));
#1805 = SURFACE_CURVE('',#1806,(#1810,#1817),.PCURVE_S1.);
#1806 = LINE('',#1807,#1808);
#1807 = CARTESIAN_POINT('',(95.902088204759,7.093041346614,0.));
#1808 = VECTOR('',#1809,1.);
#1809 = DIRECTION('',(-0.617130410663,-0.786860887473,0.));
#1810 = PCURVE('',#126,#1811);
#1811 = DEFINITIONAL_REPRESENTATION('',(#1812),#1816);
#1812 = LINE('',#1813,#1814);
#1813 = CARTESIAN_POINT('',(-12.1190582799,-36.22988468826));
#1814 = VECTOR('',#1815,1.);
#1815 = DIRECTION('',(0.617130410663,-0.786860887473));
#1816 = ( GEOMETRIC_REPRESENTATION_CONTEXT(2) 
PARAMETRIC_REPRESENTATION_CONTEXT() REPRESENTATION_CONTEXT('2D SPACE',''
  ) );
#1817 = PCURVE('',#1818,#1823);
#1818 = PLANE('',#1819);
#1819 = AXIS2_PLACEMENT_3D('',#1820,#1821,#1822);
#1820 = CARTESIAN_POINT('',(95.902088204759,7.093041346614,0.));
#1821 = DIRECTION('',(0.786860887473,-0.617130410663,0.));
#1822 = DIRECTION('',(-0.617130410663,-0.786860887473,0.));
#1823 = DEFINITIONAL_REPRESENTATION('',(#1824),#1828);
#1824 = LINE('',#1825,#1826);
#1825 = CARTESIAN_POINT('',(0.,0.));
#1826 = VECTOR('',#1827,1.);
#1827 = DIRECTION('',(1.,0.));
#1828 = ( GEOMETRIC_REPRESENTATION_CONTEXT(2) 
PARAMETRIC_REPRESENTATION_CONTEXT() REPRESENTATION_CONTEXT('2D SPACE',''
  ) );
#1829 = ORIENTED_EDGE('',*,*,#1830,.T.);
#1830 = EDGE_CURVE('',#1803,#1831,#1833,.T.);
#1831 = VERTEX_POINT('',#1832);
#1832 = CARTESIAN_POINT('',(94.647785265701,5.820806583203,0.));
#1833 = SURFACE_CURVE('',#1834,(#1838,#1845),.PCURVE_S1.);
#1834 = LINE('',#1835,#1836);
#1835 = CARTESIAN_POINT('',(95.406596074216,6.461273132249,0.));
#1836 = VECTOR('',#1837,1.);
#1837 = DIRECTION('',(-0.764182308791,-0.645000309249,0.));
#1838 = PCURVE('',#126,#1839);
#1839 = DEFINITIONAL_REPRESENTATION('',(#1840),#1844);
#1840 = LINE('',#1841,#1842);
#1841 = CARTESIAN_POINT('',(-11.62356614936,-36.86165290262));
#1842 = VECTOR('',#1843,1.);
#1843 = DIRECTION('',(0.764182308791,-0.645000309249));
#1844 = ( GEOMETRIC_REPRESENTATION_CONTEXT(2) 
PARAMETRIC_REPRESENTATION_CONTEXT() REPRESENTATION_CONTEXT('2D SPACE',''
  ) );
#1845 = PCURVE('',#1846,#1851);
#1846 = PLANE('',#1847);
#1847 = AXIS2_PLACEMENT_3D('',#1848,#1849,#1850);
#1848 = CARTESIAN_POINT('',(95.406596074216,6.461273132249,0.));
#1849 = DIRECTION('',(0.645000309249,-0.764182308791,0.));
#1850 = DIRECTION('',(-0.764182308791,-0.645000309249,0.));
#1851 = DEFINITIONAL_REPRESENTATION('',(#1852),#1856);
#1852 = LINE('',#1853,#1854);
#1853 = CARTESIAN_POINT('',(0.,0.));
#1854 = VECTOR('',#1855,1.);
#1855 = DIRECTION('',(1.,0.));
#1856 = ( GEOMETRIC_REPRESENTATION_CONTEXT(2) 
PARAMETRIC_REPRESENTATION_CONTEXT() REPRESENTATION_CONTEXT('2D SPACE',''
  ) );
#1857 = ORIENTED_EDGE('',*,*,#1858,.T.);
#1858 = EDGE_CURVE('',#1831,#1859,#1861,.T.);
#1859 = VERTEX_POINT('',#1860);
#1860 = CARTESIAN_POINT('',(94.1767334045,5.548961310368,0.));
#1861 = SURFACE_CURVE('',#1862,(#1866,#1873),.PCURVE_S1.);
#1862 = LINE('',#1863,#1864);
#1863 = CARTESIAN_POINT('',(94.647785265701,5.820806583203,0.));
#1864 = VECTOR('',#1865,1.);
#1865 = DIRECTION('',(-0.866118259622,-0.499839134471,0.));
#1866 = PCURVE('',#126,#1867);
#1867 = DEFINITIONAL_REPRESENTATION('',(#1868),#1872);
#1868 = LINE('',#1869,#1870);
#1869 = CARTESIAN_POINT('',(-10.86475534084,-37.50211945167));
#1870 = VECTOR('',#1871,1.);
#1871 = DIRECTION('',(0.866118259622,-0.499839134471));
#1872 = ( GEOMETRIC_REPRESENTATION_CONTEXT(2) 
PARAMETRIC_REPRESENTATION_CONTEXT() REPRESENTATION_CONTEXT('2D SPACE',''
  ) );
#1873 = PCURVE('',#1874,#1879);
#1874 = PLANE('',#1875);
#1875 = AXIS2_PLACEMENT_3D('',#1876,#1877,#1878);
#1876 = CARTESIAN_POINT('',(94.647785265701,5.820806583203,0.));
#1877 = DIRECTION('',(0.499839134471,-0.866118259622,0.));
#1878 = DIRECTION('',(-0.866118259622,-0.499839134471,0.));
#1879 = DEFINITIONAL_REPRESENTATION('',(#1880),#1884);
#1880 = LINE('',#1881,#1882);
#1881 = CARTESIAN_POINT('',(0.,0.));
#1882 = VECTOR('',#1883,1.);
#1883 = DIRECTION('',(1.,0.));
#1884 = ( GEOMETRIC_REPRESENTATION_CONTEXT(2) 
PARAMETRIC_REPRESENTATION_CONTEXT() REPRESENTATION_CONTEXT('2D SPACE',''
  ) );
#1885 = ORIENTED_EDGE('',*,*,#1886,.T.);
#1886 = EDGE_CURVE('',#1859,#1887,#1889,.T.);
#1887 = VERTEX_POINT('',#1888);
#1888 = CARTESIAN_POINT('',(93.594438639169,5.312102909086,0.));
#1889 = SURFACE_CURVE('',#1890,(#1894,#1901),.PCURVE_S1.);
#1890 = LINE('',#1891,#1892);
#1891 = CARTESIAN_POINT('',(94.1767334045,5.548961310368,0.));
#1892 = VECTOR('',#1893,1.);
#1893 = DIRECTION('',(-0.92629943513,-0.376788211703,0.));
#1894 = PCURVE('',#126,#1895);
#1895 = DEFINITIONAL_REPRESENTATION('',(#1896),#1900);
#1896 = LINE('',#1897,#1898);
#1897 = CARTESIAN_POINT('',(-10.39370347964,-37.7739647245));
#1898 = VECTOR('',#1899,1.);
#1899 = DIRECTION('',(0.92629943513,-0.376788211703));
#1900 = ( GEOMETRIC_REPRESENTATION_CONTEXT(2) 
PARAMETRIC_REPRESENTATION_CONTEXT() REPRESENTATION_CONTEXT('2D SPACE',''
  ) );
#1901 = PCURVE('',#1902,#1907);
#1902 = PLANE('',#1903);
#1903 = AXIS2_PLACEMENT_3D('',#1904,#1905,#1906);
#1904 = CARTESIAN_POINT('',(94.1767334045,5.548961310368,0.));
#1905 = DIRECTION('',(0.376788211703,-0.92629943513,0.));
#1906 = DIRECTION('',(-0.92629943513,-0.376788211703,0.));
#1907 = DEFINITIONAL_REPRESENTATION('',(#1908),#1912);
#1908 = LINE('',#1909,#1910);
#1909 = CARTESIAN_POINT('',(0.,0.));
#1910 = VECTOR('',#1911,1.);
#1911 = DIRECTION('',(1.,0.));
#1912 = ( GEOMETRIC_REPRESENTATION_CONTEXT(2) 
PARAMETRIC_REPRESENTATION_CONTEXT() REPRESENTATION_CONTEXT('2D SPACE',''
  ) );
#1913 = ORIENTED_EDGE('',*,*,#1914,.T.);
#1914 = EDGE_CURVE('',#1887,#1915,#1917,.T.);
#1915 = VERTEX_POINT('',#1916);
#1916 = CARTESIAN_POINT('',(92.525893291651,5.112937267127,0.));
#1917 = SURFACE_CURVE('',#1918,(#1922,#1929),.PCURVE_S1.);
#1918 = LINE('',#1919,#1920);
#1919 = CARTESIAN_POINT('',(93.594438639169,5.312102909086,0.));
#1920 = VECTOR('',#1921,1.);
#1921 = DIRECTION('',(-0.983069361273,-0.183233814909,0.));
#1922 = PCURVE('',#126,#1923);
#1923 = DEFINITIONAL_REPRESENTATION('',(#1924),#1928);
#1924 = LINE('',#1925,#1926);
#1925 = CARTESIAN_POINT('',(-9.811408714313,-38.01082312579));
#1926 = VECTOR('',#1927,1.);
#1927 = DIRECTION('',(0.983069361273,-0.183233814909));
#1928 = ( GEOMETRIC_REPRESENTATION_CONTEXT(2) 
PARAMETRIC_REPRESENTATION_CONTEXT() REPRESENTATION_CONTEXT('2D SPACE',''
  ) );
#1929 = PCURVE('',#1930,#1935);
#1930 = PLANE('',#1931);
#1931 = AXIS2_PLACEMENT_3D('',#1932,#1933,#1934);
#1932 = CARTESIAN_POINT('',(93.594438639169,5.312102909086,0.));
#1933 = DIRECTION('',(0.183233814909,-0.983069361273,0.));
#1934 = DIRECTION('',(-0.983069361273,-0.183233814909,0.));
#1935 = DEFINITIONAL_REPRESENTATION('',(#1936),#1940);
#1936 = LINE('',#1937,#1938);
#1937 = CARTESIAN_POINT('',(0.,0.));
#1938 = VECTOR('',#1939,1.);
#1939 = DIRECTION('',(1.,0.));
#1940 = ( GEOMETRIC_REPRESENTATION_CONTEXT(2) 
PARAMETRIC_REPRESENTATION_CONTEXT() REPRESENTATION_CONTEXT('2D SPACE',''
  ) );
#1941 = ORIENTED_EDGE('',*,*,#1942,.T.);
#1942 = EDGE_CURVE('',#1915,#1943,#1945,.T.);
#1943 = VERTEX_POINT('',#1944);
#1944 = CARTESIAN_POINT('',(78.297642589273,5.100233664835,0.));
#1945 = SURFACE_CURVE('',#1946,(#1950,#1957),.PCURVE_S1.);
#1946 = LINE('',#1947,#1948);
#1947 = CARTESIAN_POINT('',(92.525893291651,5.112937267127,0.));
#1948 = VECTOR('',#1949,1.);
#1949 = DIRECTION('',(-0.999999601415,-8.928432239807E-04,0.));
#1950 = PCURVE('',#126,#1951);
#1951 = DEFINITIONAL_REPRESENTATION('',(#1952),#1956);
#1952 = LINE('',#1953,#1954);
#1953 = CARTESIAN_POINT('',(-8.742863366795,-38.20998876775));
#1954 = VECTOR('',#1955,1.);
#1955 = DIRECTION('',(0.999999601415,-8.928432239807E-04));
#1956 = ( GEOMETRIC_REPRESENTATION_CONTEXT(2) 
PARAMETRIC_REPRESENTATION_CONTEXT() REPRESENTATION_CONTEXT('2D SPACE',''
  ) );
#1957 = PCURVE('',#1958,#1963);
#1958 = PLANE('',#1959);
#1959 = AXIS2_PLACEMENT_3D('',#1960,#1961,#1962);
#1960 = CARTESIAN_POINT('',(92.525893291651,5.112937267127,0.));
#1961 = DIRECTION('',(8.928432239807E-04,-0.999999601415,0.));
#1962 = DIRECTION('',(-0.999999601415,-8.928432239807E-04,0.));
#1963 = DEFINITIONAL_REPRESENTATION('',(#1964),#1968);
#1964 = LINE('',#1965,#1966);
#1965 = CARTESIAN_POINT('',(0.,0.));
#1966 = VECTOR('',#1967,1.);
#1967 = DIRECTION('',(1.,0.));
#1968 = ( GEOMETRIC_REPRESENTATION_CONTEXT(2) 
PARAMETRIC_REPRESENTATION_CONTEXT() REPRESENTATION_CONTEXT('2D SPACE',''
  ) );
#1969 = ORIENTED_EDGE('',*,*,#1970,.T.);
#1970 = EDGE_CURVE('',#1943,#1971,#1973,.T.);
#1971 = VERTEX_POINT('',#1972);
#1972 = CARTESIAN_POINT('',(78.27028744673,4.003484109934,0.));
#1973 = SURFACE_CURVE('',#1974,(#1978,#1985),.PCURVE_S1.);
#1974 = LINE('',#1975,#1976);
#1975 = CARTESIAN_POINT('',(78.297642589273,5.100233664835,0.));
#1976 = VECTOR('',#1977,1.);
#1977 = DIRECTION('',(-2.493425916207E-02,-0.999689093028,0.));
#1978 = PCURVE('',#126,#1979);
#1979 = DEFINITIONAL_REPRESENTATION('',(#1980),#1984);
#1980 = LINE('',#1981,#1982);
#1981 = CARTESIAN_POINT('',(5.485387335582,-38.22269237004));
#1982 = VECTOR('',#1983,1.);
#1983 = DIRECTION('',(2.493425916207E-02,-0.999689093028));
#1984 = ( GEOMETRIC_REPRESENTATION_CONTEXT(2) 
PARAMETRIC_REPRESENTATION_CONTEXT() REPRESENTATION_CONTEXT('2D SPACE',''
  ) );
#1985 = PCURVE('',#1986,#1991);
#1986 = PLANE('',#1987);
#1987 = AXIS2_PLACEMENT_3D('',#1988,#1989,#1990);
#1988 = CARTESIAN_POINT('',(78.297642589273,5.100233664835,0.));
#1989 = DIRECTION('',(0.999689093028,-2.493425916207E-02,0.));
#1990 = DIRECTION('',(-2.493425916207E-02,-0.999689093028,0.));
#1991 = DEFINITIONAL_REPRESENTATION('',(#1992),#1996);
#1992 = LINE('',#1993,#1994);
#1993 = CARTESIAN_POINT('',(0.,0.));
#1994 = VECTOR('',#1995,1.);
#1995 = DIRECTION('',(1.,0.));
#1996 = ( GEOMETRIC_REPRESENTATION_CONTEXT(2) 
PARAMETRIC_REPRESENTATION_CONTEXT() REPRESENTATION_CONTEXT('2D SPACE',''
  ) );
#1997 = ORIENTED_EDGE('',*,*,#1998,.T.);
#1998 = EDGE_CURVE('',#1971,#1999,#2001,.T.);
#1999 = VERTEX_POINT('',#2000);
#2000 = CARTESIAN_POINT('',(78.118036517762,3.236063200412,0.));
#2001 = SURFACE_CURVE('',#2002,(#2006,#2013),.PCURVE_S1.);
#2002 = LINE('',#2003,#2004);
#2003 = CARTESIAN_POINT('',(78.27028744673,4.003484109934,0.));
#2004 = VECTOR('',#2005,1.);
#2005 = DIRECTION('',(-0.194600239301,-0.980882636641,0.));
#2006 = PCURVE('',#126,#2007);
#2007 = DEFINITIONAL_REPRESENTATION('',(#2008),#2012);
#2008 = LINE('',#2009,#2010);
#2009 = CARTESIAN_POINT('',(5.512742478125,-39.31944192494));
#2010 = VECTOR('',#2011,1.);
#2011 = DIRECTION('',(0.194600239301,-0.980882636641));
#2012 = ( GEOMETRIC_REPRESENTATION_CONTEXT(2) 
PARAMETRIC_REPRESENTATION_CONTEXT() REPRESENTATION_CONTEXT('2D SPACE',''
  ) );
#2013 = PCURVE('',#2014,#2019);
#2014 = PLANE('',#2015);
#2015 = AXIS2_PLACEMENT_3D('',#2016,#2017,#2018);
#2016 = CARTESIAN_POINT('',(78.27028744673,4.003484109934,0.));
#2017 = DIRECTION('',(0.980882636641,-0.194600239301,0.));
#2018 = DIRECTION('',(-0.194600239301,-0.980882636641,0.));
#2019 = DEFINITIONAL_REPRESENTATION('',(#2020),#2024);
#2020 = LINE('',#2021,#2022);
#2021 = CARTESIAN_POINT('',(0.,0.));
#2022 = VECTOR('',#2023,1.);
#2023 = DIRECTION('',(1.,0.));
#2024 = ( GEOMETRIC_REPRESENTATION_CONTEXT(2) 
PARAMETRIC_REPRESENTATION_CONTEXT() REPRESENTATION_CONTEXT('2D SPACE',''
  ) );
#2025 = ORIENTED_EDGE('',*,*,#2026,.T.);
#2026 = EDGE_CURVE('',#1999,#2027,#2029,.T.);
#2027 = VERTEX_POINT('',#2028);
#2028 = CARTESIAN_POINT('',(77.838198258141,2.507590452646,0.));
#2029 = SURFACE_CURVE('',#2030,(#2034,#2041),.PCURVE_S1.);
#2030 = LINE('',#2031,#2032);
#2031 = CARTESIAN_POINT('',(78.118036517762,3.236063200412,0.));
#2032 = VECTOR('',#2033,1.);
#2033 = DIRECTION('',(-0.358595524171,-0.933493036955,0.));
#2034 = PCURVE('',#126,#2035);
#2035 = DEFINITIONAL_REPRESENTATION('',(#2036),#2040);
#2036 = LINE('',#2037,#2038);
#2037 = CARTESIAN_POINT('',(5.664993407093,-40.08686283446));
#2038 = VECTOR('',#2039,1.);
#2039 = DIRECTION('',(0.358595524171,-0.933493036955));
#2040 = ( GEOMETRIC_REPRESENTATION_CONTEXT(2) 
PARAMETRIC_REPRESENTATION_CONTEXT() REPRESENTATION_CONTEXT('2D SPACE',''
  ) );
#2041 = PCURVE('',#2042,#2047);
#2042 = PLANE('',#2043);
#2043 = AXIS2_PLACEMENT_3D('',#2044,#2045,#2046);
#2044 = CARTESIAN_POINT('',(78.118036517762,3.236063200412,0.));
#2045 = DIRECTION('',(0.933493036955,-0.358595524171,0.));
#2046 = DIRECTION('',(-0.358595524171,-0.933493036955,0.));
#2047 = DEFINITIONAL_REPRESENTATION('',(#2048),#2052);
#2048 = LINE('',#2049,#2050);
#2049 = CARTESIAN_POINT('',(0.,0.));
#2050 = VECTOR('',#2051,1.);
#2051 = DIRECTION('',(1.,0.));
#2052 = ( GEOMETRIC_REPRESENTATION_CONTEXT(2) 
PARAMETRIC_REPRESENTATION_CONTEXT() REPRESENTATION_CONTEXT('2D SPACE',''
  ) );
#2053 = ORIENTED_EDGE('',*,*,#2054,.T.);
#2054 = EDGE_CURVE('',#2027,#2055,#2057,.T.);
#2055 = VERTEX_POINT('',#2056);
#2056 = CARTESIAN_POINT('',(77.339550214818,1.728357730783,0.));
#2057 = SURFACE_CURVE('',#2058,(#2062,#2069),.PCURVE_S1.);
#2058 = LINE('',#2059,#2060);
#2059 = CARTESIAN_POINT('',(77.838198258141,2.507590452646,0.));
#2060 = VECTOR('',#2061,1.);
#2061 = DIRECTION('',(-0.539006996099,-0.842301287045,0.));
#2062 = PCURVE('',#126,#2063);
#2063 = DEFINITIONAL_REPRESENTATION('',(#2064),#2068);
#2064 = LINE('',#2065,#2066);
#2065 = CARTESIAN_POINT('',(5.944831666714,-40.81533558223));
#2066 = VECTOR('',#2067,1.);
#2067 = DIRECTION('',(0.539006996099,-0.842301287045));
#2068 = ( GEOMETRIC_REPRESENTATION_CONTEXT(2) 
PARAMETRIC_REPRESENTATION_CONTEXT() REPRESENTATION_CONTEXT('2D SPACE',''
  ) );
#2069 = PCURVE('',#2070,#2075);
#2070 = PLANE('',#2071);
#2071 = AXIS2_PLACEMENT_3D('',#2072,#2073,#2074);
#2072 = CARTESIAN_POINT('',(77.838198258141,2.507590452646,0.));
#2073 = DIRECTION('',(0.842301287045,-0.539006996099,0.));
#2074 = DIRECTION('',(-0.539006996099,-0.842301287045,0.));
#2075 = DEFINITIONAL_REPRESENTATION('',(#2076),#2080);
#2076 = LINE('',#2077,#2078);
#2077 = CARTESIAN_POINT('',(0.,0.));
#2078 = VECTOR('',#2079,1.);
#2079 = DIRECTION('',(1.,0.));
#2080 = ( GEOMETRIC_REPRESENTATION_CONTEXT(2) 
PARAMETRIC_REPRESENTATION_CONTEXT() REPRESENTATION_CONTEXT('2D SPACE',''
  ) );
#2081 = ORIENTED_EDGE('',*,*,#2082,.T.);
#2082 = EDGE_CURVE('',#2055,#2083,#2085,.T.);
#2083 = VERTEX_POINT('',#2084);
#2084 = CARTESIAN_POINT('',(76.761790416485,1.13461104254,0.));
#2085 = SURFACE_CURVE('',#2086,(#2090,#2097),.PCURVE_S1.);
#2086 = LINE('',#2087,#2088);
#2087 = CARTESIAN_POINT('',(77.339550214818,1.728357730783,0.));
#2088 = VECTOR('',#2089,1.);
#2089 = DIRECTION('',(-0.697392359764,-0.716689539858,0.));
#2090 = PCURVE('',#126,#2091);
#2091 = DEFINITIONAL_REPRESENTATION('',(#2092),#2096);
#2092 = LINE('',#2093,#2094);
#2093 = CARTESIAN_POINT('',(6.443479710037,-41.59456830409));
#2094 = VECTOR('',#2095,1.);
#2095 = DIRECTION('',(0.697392359764,-0.716689539858));
#2096 = ( GEOMETRIC_REPRESENTATION_CONTEXT(2) 
PARAMETRIC_REPRESENTATION_CONTEXT() REPRESENTATION_CONTEXT('2D SPACE',''
  ) );
#2097 = PCURVE('',#2098,#2103);
#2098 = PLANE('',#2099);
#2099 = AXIS2_PLACEMENT_3D('',#2100,#2101,#2102);
#2100 = CARTESIAN_POINT('',(77.339550214818,1.728357730783,0.));
#2101 = DIRECTION('',(0.716689539858,-0.697392359764,0.));
#2102 = DIRECTION('',(-0.697392359764,-0.716689539858,0.));
#2103 = DEFINITIONAL_REPRESENTATION('',(#2104),#2108);
#2104 = LINE('',#2105,#2106);
#2105 = CARTESIAN_POINT('',(0.,0.));
#2106 = VECTOR('',#2107,1.);
#2107 = DIRECTION('',(1.,0.));
#2108 = ( GEOMETRIC_REPRESENTATION_CONTEXT(2) 
PARAMETRIC_REPRESENTATION_CONTEXT() REPRESENTATION_CONTEXT('2D SPACE',''
  ) );
#2109 = ORIENTED_EDGE('',*,*,#2110,.T.);
#2110 = EDGE_CURVE('',#2083,#2111,#2113,.T.);
#2111 = VERTEX_POINT('',#2112);
#2112 = CARTESIAN_POINT('',(75.97039191598,0.604234748759,0.));
#2113 = SURFACE_CURVE('',#2114,(#2118,#2125),.PCURVE_S1.);
#2114 = LINE('',#2115,#2116);
#2115 = CARTESIAN_POINT('',(76.761790416485,1.13461104254,0.));
#2116 = VECTOR('',#2117,1.);
#2117 = DIRECTION('',(-0.830702358427,-0.556716796679,0.));
#2118 = PCURVE('',#126,#2119);
#2119 = DEFINITIONAL_REPRESENTATION('',(#2120),#2124);
#2120 = LINE('',#2121,#2122);
#2121 = CARTESIAN_POINT('',(7.02123950837,-42.18831499233));
#2122 = VECTOR('',#2123,1.);
#2123 = DIRECTION('',(0.830702358427,-0.556716796679));
#2124 = ( GEOMETRIC_REPRESENTATION_CONTEXT(2) 
PARAMETRIC_REPRESENTATION_CONTEXT() REPRESENTATION_CONTEXT('2D SPACE',''
  ) );
#2125 = PCURVE('',#2126,#2131);
#2126 = PLANE('',#2127);
#2127 = AXIS2_PLACEMENT_3D('',#2128,#2129,#2130);
#2128 = CARTESIAN_POINT('',(76.761790416485,1.13461104254,0.));
#2129 = DIRECTION('',(0.556716796679,-0.830702358427,0.));
#2130 = DIRECTION('',(-0.830702358427,-0.556716796679,0.));
#2131 = DEFINITIONAL_REPRESENTATION('',(#2132),#2136);
#2132 = LINE('',#2133,#2134);
#2133 = CARTESIAN_POINT('',(0.,0.));
#2134 = VECTOR('',#2135,1.);
#2135 = DIRECTION('',(1.,0.));
#2136 = ( GEOMETRIC_REPRESENTATION_CONTEXT(2) 
PARAMETRIC_REPRESENTATION_CONTEXT() REPRESENTATION_CONTEXT('2D SPACE',''
  ) );
#2137 = ORIENTED_EDGE('',*,*,#2138,.T.);
#2138 = EDGE_CURVE('',#2111,#2139,#2141,.T.);
#2139 = VERTEX_POINT('',#2140);
#2140 = CARTESIAN_POINT('',(75.201648535072,0.295571896958,0.));
#2141 = SURFACE_CURVE('',#2142,(#2146,#2153),.PCURVE_S1.);
#2142 = LINE('',#2143,#2144);
#2143 = CARTESIAN_POINT('',(75.97039191598,0.604234748759,0.));
#2144 = VECTOR('',#2145,1.);
#2145 = DIRECTION('',(-0.927990748365,-0.372603235291,0.));
#2146 = PCURVE('',#126,#2147);
#2147 = DEFINITIONAL_REPRESENTATION('',(#2148),#2152);
#2148 = LINE('',#2149,#2150);
#2149 = CARTESIAN_POINT('',(7.812638008875,-42.71869128611));
#2150 = VECTOR('',#2151,1.);
#2151 = DIRECTION('',(0.927990748365,-0.372603235291));
#2152 = ( GEOMETRIC_REPRESENTATION_CONTEXT(2) 
PARAMETRIC_REPRESENTATION_CONTEXT() REPRESENTATION_CONTEXT('2D SPACE',''
  ) );
#2153 = PCURVE('',#2154,#2159);
#2154 = PLANE('',#2155);
#2155 = AXIS2_PLACEMENT_3D('',#2156,#2157,#2158);
#2156 = CARTESIAN_POINT('',(75.97039191598,0.604234748759,0.));
#2157 = DIRECTION('',(0.372603235291,-0.927990748365,0.));
#2158 = DIRECTION('',(-0.927990748365,-0.372603235291,0.));
#2159 = DEFINITIONAL_REPRESENTATION('',(#2160),#2164);
#2160 = LINE('',#2161,#2162);
#2161 = CARTESIAN_POINT('',(0.,0.));
#2162 = VECTOR('',#2163,1.);
#2163 = DIRECTION('',(1.,0.));
#2164 = ( GEOMETRIC_REPRESENTATION_CONTEXT(2) 
PARAMETRIC_REPRESENTATION_CONTEXT() REPRESENTATION_CONTEXT('2D SPACE',''
  ) );
#2165 = ORIENTED_EDGE('',*,*,#2166,.T.);
#2166 = EDGE_CURVE('',#2139,#2167,#2169,.T.);
#2167 = VERTEX_POINT('',#2168);
#2168 = CARTESIAN_POINT('',(74.347520112255,0.129952395151,0.));
#2169 = SURFACE_CURVE('',#2170,(#2174,#2181),.PCURVE_S1.);
#2170 = LINE('',#2171,#2172);
#2171 = CARTESIAN_POINT('',(75.201648535072,0.295571896958,0.));
#2172 = VECTOR('',#2173,1.);
#2173 = DIRECTION('',(-0.981714537535,-0.190359047047,0.));
#2174 = PCURVE('',#126,#2175);
#2175 = DEFINITIONAL_REPRESENTATION('',(#2176),#2180);
#2176 = LINE('',#2177,#2178);
#2177 = CARTESIAN_POINT('',(8.581381389783,-43.02735413792));
#2178 = VECTOR('',#2179,1.);
#2179 = DIRECTION('',(0.981714537535,-0.190359047047));
#2180 = ( GEOMETRIC_REPRESENTATION_CONTEXT(2) 
PARAMETRIC_REPRESENTATION_CONTEXT() REPRESENTATION_CONTEXT('2D SPACE',''
  ) );
#2181 = PCURVE('',#2182,#2187);
#2182 = PLANE('',#2183);
#2183 = AXIS2_PLACEMENT_3D('',#2184,#2185,#2186);
#2184 = CARTESIAN_POINT('',(75.201648535072,0.295571896958,0.));
#2185 = DIRECTION('',(0.190359047047,-0.981714537535,0.));
#2186 = DIRECTION('',(-0.981714537535,-0.190359047047,0.));
#2187 = DEFINITIONAL_REPRESENTATION('',(#2188),#2192);
#2188 = LINE('',#2189,#2190);
#2189 = CARTESIAN_POINT('',(0.,0.));
#2190 = VECTOR('',#2191,1.);
#2191 = DIRECTION('',(1.,0.));
#2192 = ( GEOMETRIC_REPRESENTATION_CONTEXT(2) 
PARAMETRIC_REPRESENTATION_CONTEXT() REPRESENTATION_CONTEXT('2D SPACE',''
  ) );
#2193 = ORIENTED_EDGE('',*,*,#2194,.T.);
#2194 = EDGE_CURVE('',#2167,#2195,#2197,.T.);
#2195 = VERTEX_POINT('',#2196);
#2196 = CARTESIAN_POINT('',(57.809580744654,0.109394869639,0.));
#2197 = SURFACE_CURVE('',#2198,(#2202,#2209),.PCURVE_S1.);
#2198 = LINE('',#2199,#2200);
#2199 = CARTESIAN_POINT('',(74.347520112255,0.129952395151,0.));
#2200 = VECTOR('',#2201,1.);
#2201 = DIRECTION('',(-0.999999227411,-1.24305145721E-03,0.));
#2202 = PCURVE('',#126,#2203);
#2203 = DEFINITIONAL_REPRESENTATION('',(#2204),#2208);
#2204 = LINE('',#2205,#2206);
#2205 = CARTESIAN_POINT('',(9.435509812601,-43.19297363972));
#2206 = VECTOR('',#2207,1.);
#2207 = DIRECTION('',(0.999999227411,-1.24305145721E-03));
#2208 = ( GEOMETRIC_REPRESENTATION_CONTEXT(2) 
PARAMETRIC_REPRESENTATION_CONTEXT() REPRESENTATION_CONTEXT('2D SPACE',''
  ) );
#2209 = PCURVE('',#2210,#2215);
#2210 = PLANE('',#2211);
#2211 = AXIS2_PLACEMENT_3D('',#2212,#2213,#2214);
#2212 = CARTESIAN_POINT('',(74.347520112255,0.129952395151,0.));
#2213 = DIRECTION('',(1.24305145721E-03,-0.999999227411,0.));
#2214 = DIRECTION('',(-0.999999227411,-1.24305145721E-03,0.));
#2215 = DEFINITIONAL_REPRESENTATION('',(#2216),#2220);
#2216 = LINE('',#2217,#2218);
#2217 = CARTESIAN_POINT('',(0.,0.));
#2218 = VECTOR('',#2219,1.);
#2219 = DIRECTION('',(1.,0.));
#2220 = ( GEOMETRIC_REPRESENTATION_CONTEXT(2) 
PARAMETRIC_REPRESENTATION_CONTEXT() REPRESENTATION_CONTEXT('2D SPACE',''
  ) );
#2221 = ORIENTED_EDGE('',*,*,#2222,.T.);
#2222 = EDGE_CURVE('',#2195,#2223,#2225,.T.);
#2223 = VERTEX_POINT('',#2224);
#2224 = CARTESIAN_POINT('',(57.330377561183,0.159260599617,0.));
#2225 = SURFACE_CURVE('',#2226,(#2230,#2237),.PCURVE_S1.);
#2226 = LINE('',#2227,#2228);
#2227 = CARTESIAN_POINT('',(57.809580744654,0.109394869639,0.));
#2228 = VECTOR('',#2229,1.);
#2229 = DIRECTION('',(-0.994629368916,0.103500813956,0.));
#2230 = PCURVE('',#126,#2231);
#2231 = DEFINITIONAL_REPRESENTATION('',(#2232),#2236);
#2232 = LINE('',#2233,#2234);
#2233 = CARTESIAN_POINT('',(25.973449180201,-43.21353116523));
#2234 = VECTOR('',#2235,1.);
#2235 = DIRECTION('',(0.994629368916,0.103500813956));
#2236 = ( GEOMETRIC_REPRESENTATION_CONTEXT(2) 
PARAMETRIC_REPRESENTATION_CONTEXT() REPRESENTATION_CONTEXT('2D SPACE',''
  ) );
#2237 = PCURVE('',#2238,#2243);
#2238 = PLANE('',#2239);
#2239 = AXIS2_PLACEMENT_3D('',#2240,#2241,#2242);
#2240 = CARTESIAN_POINT('',(57.809580744654,0.109394869639,0.));
#2241 = DIRECTION('',(-0.103500813956,-0.994629368916,0.));
#2242 = DIRECTION('',(-0.994629368916,0.103500813956,0.));
#2243 = DEFINITIONAL_REPRESENTATION('',(#2244),#2248);
#2244 = LINE('',#2245,#2246);
#2245 = CARTESIAN_POINT('',(0.,0.));
#2246 = VECTOR('',#2247,1.);
#2247 = DIRECTION('',(1.,0.));
#2248 = ( GEOMETRIC_REPRESENTATION_CONTEXT(2) 
PARAMETRIC_REPRESENTATION_CONTEXT() REPRESENTATION_CONTEXT('2D SPACE',''
  ) );
#2249 = ORIENTED_EDGE('',*,*,#2250,.T.);
#2250 = EDGE_CURVE('',#2223,#2251,#2253,.T.);
#2251 = VERTEX_POINT('',#2252);
#2252 = CARTESIAN_POINT('',(56.893677661836,0.251708244191,0.));
#2253 = SURFACE_CURVE('',#2254,(#2258,#2265),.PCURVE_S1.);
#2254 = LINE('',#2255,#2256);
#2255 = CARTESIAN_POINT('',(57.330377561183,0.159260599617,0.));
#2256 = VECTOR('',#2257,1.);
#2257 = DIRECTION('',(-0.978318475247,0.207106158748,0.));
#2258 = PCURVE('',#126,#2259);
#2259 = DEFINITIONAL_REPRESENTATION('',(#2260),#2264);
#2260 = LINE('',#2261,#2262);
#2261 = CARTESIAN_POINT('',(26.452652363673,-43.16366543526));
#2262 = VECTOR('',#2263,1.);
#2263 = DIRECTION('',(0.978318475247,0.207106158748));
#2264 = ( GEOMETRIC_REPRESENTATION_CONTEXT(2) 
PARAMETRIC_REPRESENTATION_CONTEXT() REPRESENTATION_CONTEXT('2D SPACE',''
  ) );
#2265 = PCURVE('',#2266,#2271);
#2266 = PLANE('',#2267);
#2267 = AXIS2_PLACEMENT_3D('',#2268,#2269,#2270);
#2268 = CARTESIAN_POINT('',(57.330377561183,0.159260599617,0.));
#2269 = DIRECTION('',(-0.207106158748,-0.978318475247,0.));
#2270 = DIRECTION('',(-0.978318475247,0.207106158748,0.));
#2271 = DEFINITIONAL_REPRESENTATION('',(#2272),#2276);
#2272 = LINE('',#2273,#2274);
#2273 = CARTESIAN_POINT('',(0.,0.));
#2274 = VECTOR('',#2275,1.);
#2275 = DIRECTION('',(1.,0.));
#2276 = ( GEOMETRIC_REPRESENTATION_CONTEXT(2) 
PARAMETRIC_REPRESENTATION_CONTEXT() REPRESENTATION_CONTEXT('2D SPACE',''
  ) );
#2277 = ORIENTED_EDGE('',*,*,#2278,.T.);
#2278 = EDGE_CURVE('',#2251,#2279,#2281,.T.);
#2279 = VERTEX_POINT('',#2280);
#2280 = CARTESIAN_POINT('',(56.008754216888,0.596233349806,0.));
#2281 = SURFACE_CURVE('',#2282,(#2286,#2293),.PCURVE_S1.);
#2282 = LINE('',#2283,#2284);
#2283 = CARTESIAN_POINT('',(56.893677661836,0.251708244191,0.));
#2284 = VECTOR('',#2285,1.);
#2285 = DIRECTION('',(-0.93186650925,0.362801335359,0.));
#2286 = PCURVE('',#126,#2287);
#2287 = DEFINITIONAL_REPRESENTATION('',(#2288),#2292);
#2288 = LINE('',#2289,#2290);
#2289 = CARTESIAN_POINT('',(26.889352263019,-43.07121779068));
#2290 = VECTOR('',#2291,1.);
#2291 = DIRECTION('',(0.93186650925,0.362801335359));
#2292 = ( GEOMETRIC_REPRESENTATION_CONTEXT(2) 
PARAMETRIC_REPRESENTATION_CONTEXT() REPRESENTATION_CONTEXT('2D SPACE',''
  ) );
#2293 = PCURVE('',#2294,#2299);
#2294 = PLANE('',#2295);
#2295 = AXIS2_PLACEMENT_3D('',#2296,#2297,#2298);
#2296 = CARTESIAN_POINT('',(56.893677661836,0.251708244191,0.));
#2297 = DIRECTION('',(-0.362801335359,-0.93186650925,0.));
#2298 = DIRECTION('',(-0.93186650925,0.362801335359,0.));
#2299 = DEFINITIONAL_REPRESENTATION('',(#2300),#2304);
#2300 = LINE('',#2301,#2302);
#2301 = CARTESIAN_POINT('',(0.,0.));
#2302 = VECTOR('',#2303,1.);
#2303 = DIRECTION('',(1.,0.));
#2304 = ( GEOMETRIC_REPRESENTATION_CONTEXT(2) 
PARAMETRIC_REPRESENTATION_CONTEXT() REPRESENTATION_CONTEXT('2D SPACE',''
  ) );
#2305 = ORIENTED_EDGE('',*,*,#2306,.T.);
#2306 = EDGE_CURVE('',#2279,#2307,#2309,.T.);
#2307 = VERTEX_POINT('',#2308);
#2308 = CARTESIAN_POINT('',(55.223706020588,1.124965136008,0.));
#2309 = SURFACE_CURVE('',#2310,(#2314,#2321),.PCURVE_S1.);
#2310 = LINE('',#2311,#2312);
#2311 = CARTESIAN_POINT('',(56.008754216888,0.596233349806,0.));
#2312 = VECTOR('',#2313,1.);
#2313 = DIRECTION('',(-0.829424269002,0.558619174384,0.));
#2314 = PCURVE('',#126,#2315);
#2315 = DEFINITIONAL_REPRESENTATION('',(#2316),#2320);
#2316 = LINE('',#2317,#2318);
#2317 = CARTESIAN_POINT('',(27.774275707967,-42.72669268507));
#2318 = VECTOR('',#2319,1.);
#2319 = DIRECTION('',(0.829424269002,0.558619174384));
#2320 = ( GEOMETRIC_REPRESENTATION_CONTEXT(2) 
PARAMETRIC_REPRESENTATION_CONTEXT() REPRESENTATION_CONTEXT('2D SPACE',''
  ) );
#2321 = PCURVE('',#2322,#2327);
#2322 = PLANE('',#2323);
#2323 = AXIS2_PLACEMENT_3D('',#2324,#2325,#2326);
#2324 = CARTESIAN_POINT('',(56.008754216888,0.596233349806,0.));
#2325 = DIRECTION('',(-0.558619174384,-0.829424269002,0.));
#2326 = DIRECTION('',(-0.829424269002,0.558619174384,0.));
#2327 = DEFINITIONAL_REPRESENTATION('',(#2328),#2332);
#2328 = LINE('',#2329,#2330);
#2329 = CARTESIAN_POINT('',(0.,0.));
#2330 = VECTOR('',#2331,1.);
#2331 = DIRECTION('',(1.,0.));
#2332 = ( GEOMETRIC_REPRESENTATION_CONTEXT(2) 
PARAMETRIC_REPRESENTATION_CONTEXT() REPRESENTATION_CONTEXT('2D SPACE',''
  ) );
#2333 = ORIENTED_EDGE('',*,*,#2334,.T.);
#2334 = EDGE_CURVE('',#2307,#2335,#2337,.T.);
#2335 = VERTEX_POINT('',#2336);
#2336 = CARTESIAN_POINT('',(54.573656666473,1.812754237622,0.));
#2337 = SURFACE_CURVE('',#2338,(#2342,#2349),.PCURVE_S1.);
#2338 = LINE('',#2339,#2340);
#2339 = CARTESIAN_POINT('',(55.223706020588,1.124965136008,0.));
#2340 = VECTOR('',#2341,1.);
#2341 = DIRECTION('',(-0.686886406457,0.726764793193,0.));
#2342 = PCURVE('',#126,#2343);
#2343 = DEFINITIONAL_REPRESENTATION('',(#2344),#2348);
#2344 = LINE('',#2345,#2346);
#2345 = CARTESIAN_POINT('',(28.559323904268,-42.19796089887));
#2346 = VECTOR('',#2347,1.);
#2347 = DIRECTION('',(0.686886406457,0.726764793193));
#2348 = ( GEOMETRIC_REPRESENTATION_CONTEXT(2) 
PARAMETRIC_REPRESENTATION_CONTEXT() REPRESENTATION_CONTEXT('2D SPACE',''
  ) );
#2349 = PCURVE('',#2350,#2355);
#2350 = PLANE('',#2351);
#2351 = AXIS2_PLACEMENT_3D('',#2352,#2353,#2354);
#2352 = CARTESIAN_POINT('',(55.223706020588,1.124965136008,0.));
#2353 = DIRECTION('',(-0.726764793193,-0.686886406457,0.));
#2354 = DIRECTION('',(-0.686886406457,0.726764793193,0.));
#2355 = DEFINITIONAL_REPRESENTATION('',(#2356),#2360);
#2356 = LINE('',#2357,#2358);
#2357 = CARTESIAN_POINT('',(0.,0.));
#2358 = VECTOR('',#2359,1.);
#2359 = DIRECTION('',(1.,0.));
#2360 = ( GEOMETRIC_REPRESENTATION_CONTEXT(2) 
PARAMETRIC_REPRESENTATION_CONTEXT() REPRESENTATION_CONTEXT('2D SPACE',''
  ) );
#2361 = ORIENTED_EDGE('',*,*,#2362,.T.);
#2362 = EDGE_CURVE('',#2335,#2363,#2365,.T.);
#2363 = VERTEX_POINT('',#2364);
#2364 = CARTESIAN_POINT('',(54.200008798925,2.437105859567,0.));
#2365 = SURFACE_CURVE('',#2366,(#2370,#2377),.PCURVE_S1.);
#2366 = LINE('',#2367,#2368);
#2367 = CARTESIAN_POINT('',(54.573656666473,1.812754237622,0.));
#2368 = VECTOR('',#2369,1.);
#2369 = DIRECTION('',(-0.513522157722,0.85807633316,0.));
#2370 = PCURVE('',#126,#2371);
#2371 = DEFINITIONAL_REPRESENTATION('',(#2372),#2376);
#2372 = LINE('',#2373,#2374);
#2373 = CARTESIAN_POINT('',(29.209373258382,-41.51017179725));
#2374 = VECTOR('',#2375,1.);
#2375 = DIRECTION('',(0.513522157722,0.85807633316));
#2376 = ( GEOMETRIC_REPRESENTATION_CONTEXT(2) 
PARAMETRIC_REPRESENTATION_CONTEXT() REPRESENTATION_CONTEXT('2D SPACE',''
  ) );
#2377 = PCURVE('',#2378,#2383);
#2378 = PLANE('',#2379);
#2379 = AXIS2_PLACEMENT_3D('',#2380,#2381,#2382);
#2380 = CARTESIAN_POINT('',(54.573656666473,1.812754237622,0.));
#2381 = DIRECTION('',(-0.85807633316,-0.513522157722,0.));
#2382 = DIRECTION('',(-0.513522157722,0.85807633316,0.));
#2383 = DEFINITIONAL_REPRESENTATION('',(#2384),#2388);
#2384 = LINE('',#2385,#2386);
#2385 = CARTESIAN_POINT('',(0.,0.));
#2386 = VECTOR('',#2387,1.);
#2387 = DIRECTION('',(1.,0.));
#2388 = ( GEOMETRIC_REPRESENTATION_CONTEXT(2) 
PARAMETRIC_REPRESENTATION_CONTEXT() REPRESENTATION_CONTEXT('2D SPACE',''
  ) );
#2389 = ORIENTED_EDGE('',*,*,#2390,.T.);
#2390 = EDGE_CURVE('',#2363,#2391,#2393,.T.);
#2391 = VERTEX_POINT('',#2392);
#2392 = CARTESIAN_POINT('',(53.894397155009,3.20128304969,0.));
#2393 = SURFACE_CURVE('',#2394,(#2398,#2405),.PCURVE_S1.);
#2394 = LINE('',#2395,#2396);
#2395 = CARTESIAN_POINT('',(54.200008798925,2.437105859567,0.));
#2396 = VECTOR('',#2397,1.);
#2397 = DIRECTION('',(-0.371328633221,0.928501505734,0.));
#2398 = PCURVE('',#126,#2399);
#2399 = DEFINITIONAL_REPRESENTATION('',(#2400),#2404);
#2400 = LINE('',#2401,#2402);
#2401 = CARTESIAN_POINT('',(29.58302112593,-40.88582017531));
#2402 = VECTOR('',#2403,1.);
#2403 = DIRECTION('',(0.371328633221,0.928501505734));
#2404 = ( GEOMETRIC_REPRESENTATION_CONTEXT(2) 
PARAMETRIC_REPRESENTATION_CONTEXT() REPRESENTATION_CONTEXT('2D SPACE',''
  ) );
#2405 = PCURVE('',#2406,#2411);
#2406 = PLANE('',#2407);
#2407 = AXIS2_PLACEMENT_3D('',#2408,#2409,#2410);
#2408 = CARTESIAN_POINT('',(54.200008798925,2.437105859567,0.));
#2409 = DIRECTION('',(-0.928501505734,-0.371328633221,0.));
#2410 = DIRECTION('',(-0.371328633221,0.928501505734,0.));
#2411 = DEFINITIONAL_REPRESENTATION('',(#2412),#2416);
#2412 = LINE('',#2413,#2414);
#2413 = CARTESIAN_POINT('',(0.,0.));
#2414 = VECTOR('',#2415,1.);
#2415 = DIRECTION('',(1.,0.));
#2416 = ( GEOMETRIC_REPRESENTATION_CONTEXT(2) 
PARAMETRIC_REPRESENTATION_CONTEXT() REPRESENTATION_CONTEXT('2D SPACE',''
  ) );
#2417 = ORIENTED_EDGE('',*,*,#2418,.T.);
#2418 = EDGE_CURVE('',#2391,#2419,#2421,.T.);
#2419 = VERTEX_POINT('',#2420);
#2420 = CARTESIAN_POINT('',(53.730696496494,3.996768573735,0.));
#2421 = SURFACE_CURVE('',#2422,(#2426,#2433),.PCURVE_S1.);
#2422 = LINE('',#2423,#2424);
#2423 = CARTESIAN_POINT('',(53.894397155009,3.20128304969,0.));
#2424 = VECTOR('',#2425,1.);
#2425 = DIRECTION('',(-0.201563415092,0.979475466613,0.));
#2426 = PCURVE('',#126,#2427);
#2427 = DEFINITIONAL_REPRESENTATION('',(#2428),#2432);
#2428 = LINE('',#2429,#2430);
#2429 = CARTESIAN_POINT('',(29.888632769847,-40.12164298518));
#2430 = VECTOR('',#2431,1.);
#2431 = DIRECTION('',(0.201563415092,0.979475466613));
#2432 = ( GEOMETRIC_REPRESENTATION_CONTEXT(2) 
PARAMETRIC_REPRESENTATION_CONTEXT() REPRESENTATION_CONTEXT('2D SPACE',''
  ) );
#2433 = PCURVE('',#2434,#2439);
#2434 = PLANE('',#2435);
#2435 = AXIS2_PLACEMENT_3D('',#2436,#2437,#2438);
#2436 = CARTESIAN_POINT('',(53.894397155009,3.20128304969,0.));
#2437 = DIRECTION('',(-0.979475466613,-0.201563415092,0.));
#2438 = DIRECTION('',(-0.201563415092,0.979475466613,0.));
#2439 = DEFINITIONAL_REPRESENTATION('',(#2440),#2444);
#2440 = LINE('',#2441,#2442);
#2441 = CARTESIAN_POINT('',(0.,0.));
#2442 = VECTOR('',#2443,1.);
#2443 = DIRECTION('',(1.,0.));
#2444 = ( GEOMETRIC_REPRESENTATION_CONTEXT(2) 
PARAMETRIC_REPRESENTATION_CONTEXT() REPRESENTATION_CONTEXT('2D SPACE',''
  ) );
#2445 = ORIENTED_EDGE('',*,*,#2446,.T.);
#2446 = EDGE_CURVE('',#2419,#2447,#2449,.T.);
#2447 = VERTEX_POINT('',#2448);
#2448 = CARTESIAN_POINT('',(53.702592820094,5.100014725719,0.));
#2449 = SURFACE_CURVE('',#2450,(#2454,#2461),.PCURVE_S1.);
#2450 = LINE('',#2451,#2452);
#2451 = CARTESIAN_POINT('',(53.730696496494,3.996768573735,0.));
#2452 = VECTOR('',#2453,1.);
#2453 = DIRECTION('',(-2.546536189635E-02,0.999675705088,0.));
#2454 = PCURVE('',#126,#2455);
#2455 = DEFINITIONAL_REPRESENTATION('',(#2456),#2460);
#2456 = LINE('',#2457,#2458);
#2457 = CARTESIAN_POINT('',(30.052333428361,-39.32615746114));
#2458 = VECTOR('',#2459,1.);
#2459 = DIRECTION('',(2.546536189635E-02,0.999675705088));
#2460 = ( GEOMETRIC_REPRESENTATION_CONTEXT(2) 
PARAMETRIC_REPRESENTATION_CONTEXT() REPRESENTATION_CONTEXT('2D SPACE',''
  ) );
#2461 = PCURVE('',#2462,#2467);
#2462 = PLANE('',#2463);
#2463 = AXIS2_PLACEMENT_3D('',#2464,#2465,#2466);
#2464 = CARTESIAN_POINT('',(53.730696496494,3.996768573735,0.));
#2465 = DIRECTION('',(-0.999675705088,-2.546536189635E-02,0.));
#2466 = DIRECTION('',(-2.546536189635E-02,0.999675705088,0.));
#2467 = DEFINITIONAL_REPRESENTATION('',(#2468),#2472);
#2468 = LINE('',#2469,#2470);
#2469 = CARTESIAN_POINT('',(0.,0.));
#2470 = VECTOR('',#2471,1.);
#2471 = DIRECTION('',(1.,0.));
#2472 = ( GEOMETRIC_REPRESENTATION_CONTEXT(2) 
PARAMETRIC_REPRESENTATION_CONTEXT() REPRESENTATION_CONTEXT('2D SPACE',''
  ) );
#2473 = ORIENTED_EDGE('',*,*,#2474,.T.);
#2474 = EDGE_CURVE('',#2447,#2475,#2477,.T.);
#2475 = VERTEX_POINT('',#2476);
#2476 = CARTESIAN_POINT('',(39.948033472348,5.100702255726,0.));
#2477 = SURFACE_CURVE('',#2478,(#2482,#2489),.PCURVE_S1.);
#2478 = LINE('',#2479,#2480);
#2479 = CARTESIAN_POINT('',(53.702592820094,5.100014725719,0.));
#2480 = VECTOR('',#2481,1.);
#2481 = DIRECTION('',(-0.999999998751,4.998560758179E-05,0.));
#2482 = PCURVE('',#126,#2483);
#2483 = DEFINITIONAL_REPRESENTATION('',(#2484),#2488);
#2484 = LINE('',#2485,#2486);
#2485 = CARTESIAN_POINT('',(30.080437104761,-38.22291130915));
#2486 = VECTOR('',#2487,1.);
#2487 = DIRECTION('',(0.999999998751,4.998560758179E-05));
#2488 = ( GEOMETRIC_REPRESENTATION_CONTEXT(2) 
PARAMETRIC_REPRESENTATION_CONTEXT() REPRESENTATION_CONTEXT('2D SPACE',''
  ) );
#2489 = PCURVE('',#2490,#2495);
#2490 = PLANE('',#2491);
#2491 = AXIS2_PLACEMENT_3D('',#2492,#2493,#2494);
#2492 = CARTESIAN_POINT('',(53.702592820094,5.100014725719,0.));
#2493 = DIRECTION('',(-4.998560758179E-05,-0.999999998751,0.));
#2494 = DIRECTION('',(-0.999999998751,4.998560758179E-05,0.));
#2495 = DEFINITIONAL_REPRESENTATION('',(#2496),#2500);
#2496 = LINE('',#2497,#2498);
#2497 = CARTESIAN_POINT('',(0.,0.));
#2498 = VECTOR('',#2499,1.);
#2499 = DIRECTION('',(1.,0.));
#2500 = ( GEOMETRIC_REPRESENTATION_CONTEXT(2) 
PARAMETRIC_REPRESENTATION_CONTEXT() REPRESENTATION_CONTEXT('2D SPACE',''
  ) );
#2501 = ORIENTED_EDGE('',*,*,#2502,.T.);
#2502 = EDGE_CURVE('',#2475,#2503,#2505,.T.);
#2503 = VERTEX_POINT('',#2504);
#2504 = CARTESIAN_POINT('',(38.834106714194,5.277237105106,0.));
#2505 = SURFACE_CURVE('',#2506,(#2510,#2517),.PCURVE_S1.);
#2506 = LINE('',#2507,#2508);
#2507 = CARTESIAN_POINT('',(39.948033472348,5.100702255726,0.));
#2508 = VECTOR('',#2509,1.);
#2509 = DIRECTION('',(-0.987673789601,0.156526308761,0.));
#2510 = PCURVE('',#126,#2511);
#2511 = DEFINITIONAL_REPRESENTATION('',(#2512),#2516);
#2512 = LINE('',#2513,#2514);
#2513 = CARTESIAN_POINT('',(43.834996452507,-38.22222377915));
#2514 = VECTOR('',#2515,1.);
#2515 = DIRECTION('',(0.987673789601,0.156526308761));
#2516 = ( GEOMETRIC_REPRESENTATION_CONTEXT(2) 
PARAMETRIC_REPRESENTATION_CONTEXT() REPRESENTATION_CONTEXT('2D SPACE',''
  ) );
#2517 = PCURVE('',#2518,#2523);
#2518 = PLANE('',#2519);
#2519 = AXIS2_PLACEMENT_3D('',#2520,#2521,#2522);
#2520 = CARTESIAN_POINT('',(39.948033472348,5.100702255726,0.));
#2521 = DIRECTION('',(-0.156526308761,-0.987673789601,0.));
#2522 = DIRECTION('',(-0.987673789601,0.156526308761,0.));
#2523 = DEFINITIONAL_REPRESENTATION('',(#2524),#2528);
#2524 = LINE('',#2525,#2526);
#2525 = CARTESIAN_POINT('',(0.,0.));
#2526 = VECTOR('',#2527,1.);
#2527 = DIRECTION('',(1.,0.));
#2528 = ( GEOMETRIC_REPRESENTATION_CONTEXT(2) 
PARAMETRIC_REPRESENTATION_CONTEXT() REPRESENTATION_CONTEXT('2D SPACE',''
  ) );
#2529 = ORIENTED_EDGE('',*,*,#2530,.T.);
#2530 = EDGE_CURVE('',#2503,#2531,#2533,.T.);
#2531 = VERTEX_POINT('',#2532);
#2532 = CARTESIAN_POINT('',(38.127412045443,5.544310995177,0.));
#2533 = SURFACE_CURVE('',#2534,(#2538,#2545),.PCURVE_S1.);
#2534 = LINE('',#2535,#2536);
#2535 = CARTESIAN_POINT('',(38.834106714194,5.277237105106,0.));
#2536 = VECTOR('',#2537,1.);
#2537 = DIRECTION('',(-0.935428173983,0.35351680486,0.));
#2538 = PCURVE('',#126,#2539);
#2539 = DEFINITIONAL_REPRESENTATION('',(#2540),#2544);
#2540 = LINE('',#2541,#2542);
#2541 = CARTESIAN_POINT('',(44.948923210661,-38.04568892977));
#2542 = VECTOR('',#2543,1.);
#2543 = DIRECTION('',(0.935428173983,0.35351680486));
#2544 = ( GEOMETRIC_REPRESENTATION_CONTEXT(2) 
PARAMETRIC_REPRESENTATION_CONTEXT() REPRESENTATION_CONTEXT('2D SPACE',''
  ) );
#2545 = PCURVE('',#2546,#2551);
#2546 = PLANE('',#2547);
#2547 = AXIS2_PLACEMENT_3D('',#2548,#2549,#2550);
#2548 = CARTESIAN_POINT('',(38.834106714194,5.277237105106,0.));
#2549 = DIRECTION('',(-0.35351680486,-0.935428173983,0.));
#2550 = DIRECTION('',(-0.935428173983,0.35351680486,0.));
#2551 = DEFINITIONAL_REPRESENTATION('',(#2552),#2556);
#2552 = LINE('',#2553,#2554);
#2553 = CARTESIAN_POINT('',(0.,0.));
#2554 = VECTOR('',#2555,1.);
#2555 = DIRECTION('',(1.,0.));
#2556 = ( GEOMETRIC_REPRESENTATION_CONTEXT(2) 
PARAMETRIC_REPRESENTATION_CONTEXT() REPRESENTATION_CONTEXT('2D SPACE',''
  ) );
#2557 = ORIENTED_EDGE('',*,*,#2558,.T.);
#2558 = EDGE_CURVE('',#2531,#2559,#2561,.T.);
#2559 = VERTEX_POINT('',#2560);
#2560 = CARTESIAN_POINT('',(37.577975307055,5.86351746974,0.));
#2561 = SURFACE_CURVE('',#2562,(#2566,#2573),.PCURVE_S1.);
#2562 = LINE('',#2563,#2564);
#2563 = CARTESIAN_POINT('',(38.127412045443,5.544310995177,0.));
#2564 = VECTOR('',#2565,1.);
#2565 = DIRECTION('',(-0.864666807223,0.502345809665,0.));
#2566 = PCURVE('',#126,#2567);
#2567 = DEFINITIONAL_REPRESENTATION('',(#2568),#2572);
#2568 = LINE('',#2569,#2570);
#2569 = CARTESIAN_POINT('',(45.655617879412,-37.7786150397));
#2570 = VECTOR('',#2571,1.);
#2571 = DIRECTION('',(0.864666807223,0.502345809665));
#2572 = ( GEOMETRIC_REPRESENTATION_CONTEXT(2) 
PARAMETRIC_REPRESENTATION_CONTEXT() REPRESENTATION_CONTEXT('2D SPACE',''
  ) );
#2573 = PCURVE('',#2574,#2579);
#2574 = PLANE('',#2575);
#2575 = AXIS2_PLACEMENT_3D('',#2576,#2577,#2578);
#2576 = CARTESIAN_POINT('',(38.127412045443,5.544310995177,0.));
#2577 = DIRECTION('',(-0.502345809665,-0.864666807223,0.));
#2578 = DIRECTION('',(-0.864666807223,0.502345809665,0.));
#2579 = DEFINITIONAL_REPRESENTATION('',(#2580),#2584);
#2580 = LINE('',#2581,#2582);
#2581 = CARTESIAN_POINT('',(0.,0.));
#2582 = VECTOR('',#2583,1.);
#2583 = DIRECTION('',(1.,0.));
#2584 = ( GEOMETRIC_REPRESENTATION_CONTEXT(2) 
PARAMETRIC_REPRESENTATION_CONTEXT() REPRESENTATION_CONTEXT('2D SPACE',''
  ) );
#2585 = ORIENTED_EDGE('',*,*,#2586,.T.);
#2586 = EDGE_CURVE('',#2559,#2587,#2589,.T.);
#2587 = VERTEX_POINT('',#2588);
#2588 = CARTESIAN_POINT('',(36.955443625847,6.39315022915,0.));
#2589 = SURFACE_CURVE('',#2590,(#2594,#2601),.PCURVE_S1.);
#2590 = LINE('',#2591,#2592);
#2591 = CARTESIAN_POINT('',(37.577975307055,5.86351746974,0.));
#2592 = VECTOR('',#2593,1.);
#2593 = DIRECTION('',(-0.761648942589,0.647989882832,0.));
#2594 = PCURVE('',#126,#2595);
#2595 = DEFINITIONAL_REPRESENTATION('',(#2596),#2600);
#2596 = LINE('',#2597,#2598);
#2597 = CARTESIAN_POINT('',(46.2050546178,-37.45940856513));
#2598 = VECTOR('',#2599,1.);
#2599 = DIRECTION('',(0.761648942589,0.647989882832));
#2600 = ( GEOMETRIC_REPRESENTATION_CONTEXT(2) 
PARAMETRIC_REPRESENTATION_CONTEXT() REPRESENTATION_CONTEXT('2D SPACE',''
  ) );
#2601 = PCURVE('',#2602,#2607);
#2602 = PLANE('',#2603);
#2603 = AXIS2_PLACEMENT_3D('',#2604,#2605,#2606);
#2604 = CARTESIAN_POINT('',(37.577975307055,5.86351746974,0.));
#2605 = DIRECTION('',(-0.647989882832,-0.761648942589,0.));
#2606 = DIRECTION('',(-0.761648942589,0.647989882832,0.));
#2607 = DEFINITIONAL_REPRESENTATION('',(#2608),#2612);
#2608 = LINE('',#2609,#2610);
#2609 = CARTESIAN_POINT('',(0.,0.));
#2610 = VECTOR('',#2611,1.);
#2611 = DIRECTION('',(1.,0.));
#2612 = ( GEOMETRIC_REPRESENTATION_CONTEXT(2) 
PARAMETRIC_REPRESENTATION_CONTEXT() REPRESENTATION_CONTEXT('2D SPACE',''
  ) );
#2613 = ORIENTED_EDGE('',*,*,#2614,.T.);
#2614 = EDGE_CURVE('',#2587,#2615,#2617,.T.);
#2615 = VERTEX_POINT('',#2616);
#2616 = CARTESIAN_POINT('',(36.456967463486,7.000547737623,0.));
#2617 = SURFACE_CURVE('',#2618,(#2622,#2629),.PCURVE_S1.);
#2618 = LINE('',#2619,#2620);
#2619 = CARTESIAN_POINT('',(36.955443625847,6.39315022915,0.));
#2620 = VECTOR('',#2621,1.);
#2621 = DIRECTION('',(-0.634391694436,0.773011758016,0.));
#2622 = PCURVE('',#126,#2623);
#2623 = DEFINITIONAL_REPRESENTATION('',(#2624),#2628);
#2624 = LINE('',#2625,#2626);
#2625 = CARTESIAN_POINT('',(46.827586299008,-36.92977580572));
#2626 = VECTOR('',#2627,1.);
#2627 = DIRECTION('',(0.634391694436,0.773011758016));
#2628 = ( GEOMETRIC_REPRESENTATION_CONTEXT(2) 
PARAMETRIC_REPRESENTATION_CONTEXT() REPRESENTATION_CONTEXT('2D SPACE',''
  ) );
#2629 = PCURVE('',#2630,#2635);
#2630 = PLANE('',#2631);
#2631 = AXIS2_PLACEMENT_3D('',#2632,#2633,#2634);
#2632 = CARTESIAN_POINT('',(36.955443625847,6.39315022915,0.));
#2633 = DIRECTION('',(-0.773011758016,-0.634391694436,0.));
#2634 = DIRECTION('',(-0.634391694436,0.773011758016,0.));
#2635 = DEFINITIONAL_REPRESENTATION('',(#2636),#2640);
#2636 = LINE('',#2637,#2638);
#2637 = CARTESIAN_POINT('',(0.,0.));
#2638 = VECTOR('',#2639,1.);
#2639 = DIRECTION('',(1.,0.));
#2640 = ( GEOMETRIC_REPRESENTATION_CONTEXT(2) 
PARAMETRIC_REPRESENTATION_CONTEXT() REPRESENTATION_CONTEXT('2D SPACE',''
  ) );
#2641 = ORIENTED_EDGE('',*,*,#2642,.T.);
#2642 = EDGE_CURVE('',#2615,#2643,#2645,.T.);
#2643 = VERTEX_POINT('',#2644);
#2644 = CARTESIAN_POINT('',(36.025907996939,7.819040643375,0.));
#2645 = SURFACE_CURVE('',#2646,(#2650,#2657),.PCURVE_S1.);
#2646 = LINE('',#2647,#2648);
#2647 = CARTESIAN_POINT('',(36.456967463486,7.000547737623,0.));
#2648 = VECTOR('',#2649,1.);
#2649 = DIRECTION('',(-0.465978130586,0.884796237456,0.));
#2650 = PCURVE('',#126,#2651);
#2651 = DEFINITIONAL_REPRESENTATION('',(#2652),#2656);
#2652 = LINE('',#2653,#2654);
#2653 = CARTESIAN_POINT('',(47.32606246137,-36.32237829725));
#2654 = VECTOR('',#2655,1.);
#2655 = DIRECTION('',(0.465978130586,0.884796237456));
#2656 = ( GEOMETRIC_REPRESENTATION_CONTEXT(2) 
PARAMETRIC_REPRESENTATION_CONTEXT() REPRESENTATION_CONTEXT('2D SPACE',''
  ) );
#2657 = PCURVE('',#2658,#2663);
#2658 = PLANE('',#2659);
#2659 = AXIS2_PLACEMENT_3D('',#2660,#2661,#2662);
#2660 = CARTESIAN_POINT('',(36.456967463486,7.000547737623,0.));
#2661 = DIRECTION('',(-0.884796237456,-0.465978130586,0.));
#2662 = DIRECTION('',(-0.465978130586,0.884796237456,0.));
#2663 = DEFINITIONAL_REPRESENTATION('',(#2664),#2668);
#2664 = LINE('',#2665,#2666);
#2665 = CARTESIAN_POINT('',(0.,0.));
#2666 = VECTOR('',#2667,1.);
#2667 = DIRECTION('',(1.,0.));
#2668 = ( GEOMETRIC_REPRESENTATION_CONTEXT(2) 
PARAMETRIC_REPRESENTATION_CONTEXT() REPRESENTATION_CONTEXT('2D SPACE',''
  ) );
#2669 = ORIENTED_EDGE('',*,*,#2670,.T.);
#2670 = EDGE_CURVE('',#2643,#2671,#2673,.T.);
#2671 = VERTEX_POINT('',#2672);
#2672 = CARTESIAN_POINT('',(35.796670091997,8.609513828774,0.));
#2673 = SURFACE_CURVE('',#2674,(#2678,#2685),.PCURVE_S1.);
#2674 = LINE('',#2675,#2676);
#2675 = CARTESIAN_POINT('',(36.025907996939,7.819040643375,0.));
#2676 = VECTOR('',#2677,1.);
#2677 = DIRECTION('',(-0.278525213674,0.960428917384,0.));
#2678 = PCURVE('',#126,#2679);
#2679 = DEFINITIONAL_REPRESENTATION('',(#2680),#2684);
#2680 = LINE('',#2681,#2682);
#2681 = CARTESIAN_POINT('',(47.757121927916,-35.5038853915));
#2682 = VECTOR('',#2683,1.);
#2683 = DIRECTION('',(0.278525213674,0.960428917384));
#2684 = ( GEOMETRIC_REPRESENTATION_CONTEXT(2) 
PARAMETRIC_REPRESENTATION_CONTEXT() REPRESENTATION_CONTEXT('2D SPACE',''
  ) );
#2685 = PCURVE('',#2686,#2691);
#2686 = PLANE('',#2687);
#2687 = AXIS2_PLACEMENT_3D('',#2688,#2689,#2690);
#2688 = CARTESIAN_POINT('',(36.025907996939,7.819040643375,0.));
#2689 = DIRECTION('',(-0.960428917384,-0.278525213674,0.));
#2690 = DIRECTION('',(-0.278525213674,0.960428917384,0.));
#2691 = DEFINITIONAL_REPRESENTATION('',(#2692),#2696);
#2692 = LINE('',#2693,#2694);
#2693 = CARTESIAN_POINT('',(0.,0.));
#2694 = VECTOR('',#2695,1.);
#2695 = DIRECTION('',(1.,0.));
#2696 = ( GEOMETRIC_REPRESENTATION_CONTEXT(2) 
PARAMETRIC_REPRESENTATION_CONTEXT() REPRESENTATION_CONTEXT('2D SPACE',''
  ) );
#2697 = ORIENTED_EDGE('',*,*,#2698,.T.);
#2698 = EDGE_CURVE('',#2671,#2699,#2701,.T.);
#2699 = VERTEX_POINT('',#2700);
#2700 = CARTESIAN_POINT('',(35.705675291619,9.240849712354,0.));
#2701 = SURFACE_CURVE('',#2702,(#2706,#2713),.PCURVE_S1.);
#2702 = LINE('',#2703,#2704);
#2703 = CARTESIAN_POINT('',(35.796670091997,8.609513828774,0.));
#2704 = VECTOR('',#2705,1.);
#2705 = DIRECTION('',(-0.142656440375,0.989772266746,0.));
#2706 = PCURVE('',#126,#2707);
#2707 = DEFINITIONAL_REPRESENTATION('',(#2708),#2712);
#2708 = LINE('',#2709,#2710);
#2709 = CARTESIAN_POINT('',(47.986359832858,-34.7134122061));
#2710 = VECTOR('',#2711,1.);
#2711 = DIRECTION('',(0.142656440375,0.989772266746));
#2712 = ( GEOMETRIC_REPRESENTATION_CONTEXT(2) 
PARAMETRIC_REPRESENTATION_CONTEXT() REPRESENTATION_CONTEXT('2D SPACE',''
  ) );
#2713 = PCURVE('',#2714,#2719);
#2714 = PLANE('',#2715);
#2715 = AXIS2_PLACEMENT_3D('',#2716,#2717,#2718);
#2716 = CARTESIAN_POINT('',(35.796670091997,8.609513828774,0.));
#2717 = DIRECTION('',(-0.989772266746,-0.142656440375,0.));
#2718 = DIRECTION('',(-0.142656440375,0.989772266746,0.));
#2719 = DEFINITIONAL_REPRESENTATION('',(#2720),#2724);
#2720 = LINE('',#2721,#2722);
#2721 = CARTESIAN_POINT('',(0.,0.));
#2722 = VECTOR('',#2723,1.);
#2723 = DIRECTION('',(1.,0.));
#2724 = ( GEOMETRIC_REPRESENTATION_CONTEXT(2) 
PARAMETRIC_REPRESENTATION_CONTEXT() REPRESENTATION_CONTEXT('2D SPACE',''
  ) );
#2725 = ORIENTED_EDGE('',*,*,#2726,.T.);
#2726 = EDGE_CURVE('',#2699,#2727,#2729,.T.);
#2727 = VERTEX_POINT('',#2728);
#2728 = CARTESIAN_POINT('',(35.673993121782,17.099731374062,0.));
#2729 = SURFACE_CURVE('',#2730,(#2734,#2741),.PCURVE_S1.);
#2730 = LINE('',#2731,#2732);
#2731 = CARTESIAN_POINT('',(35.705675291619,9.240849712354,0.));
#2732 = VECTOR('',#2733,1.);
#2733 = DIRECTION('',(-4.03135124736E-03,0.999991874071,0.));
#2734 = PCURVE('',#126,#2735);
#2735 = DEFINITIONAL_REPRESENTATION('',(#2736),#2740);
#2736 = LINE('',#2737,#2738);
#2737 = CARTESIAN_POINT('',(48.077354633237,-34.08207632252));
#2738 = VECTOR('',#2739,1.);
#2739 = DIRECTION('',(4.03135124736E-03,0.999991874071));
#2740 = ( GEOMETRIC_REPRESENTATION_CONTEXT(2) 
PARAMETRIC_REPRESENTATION_CONTEXT() REPRESENTATION_CONTEXT('2D SPACE',''
  ) );
#2741 = PCURVE('',#2742,#2747);
#2742 = PLANE('',#2743);
#2743 = AXIS2_PLACEMENT_3D('',#2744,#2745,#2746);
#2744 = CARTESIAN_POINT('',(35.705675291619,9.240849712354,0.));
#2745 = DIRECTION('',(-0.999991874071,-4.03135124736E-03,0.));
#2746 = DIRECTION('',(-4.03135124736E-03,0.999991874071,0.));
#2747 = DEFINITIONAL_REPRESENTATION('',(#2748),#2752);
#2748 = LINE('',#2749,#2750);
#2749 = CARTESIAN_POINT('',(0.,0.));
#2750 = VECTOR('',#2751,1.);
#2751 = DIRECTION('',(1.,0.));
#2752 = ( GEOMETRIC_REPRESENTATION_CONTEXT(2) 
PARAMETRIC_REPRESENTATION_CONTEXT() REPRESENTATION_CONTEXT('2D SPACE',''
  ) );
#2753 = ORIENTED_EDGE('',*,*,#2754,.T.);
#2754 = EDGE_CURVE('',#2727,#2755,#2757,.T.);
#2755 = VERTEX_POINT('',#2756);
#2756 = CARTESIAN_POINT('',(21.399580838901,17.109934971531,0.));
#2757 = SURFACE_CURVE('',#2758,(#2762,#2769),.PCURVE_S1.);
#2758 = LINE('',#2759,#2760);
#2759 = CARTESIAN_POINT('',(35.673993121782,17.099731374062,0.));
#2760 = VECTOR('',#2761,1.);
#2761 = DIRECTION('',(-0.999999744518,7.148171610022E-04,0.));
#2762 = PCURVE('',#126,#2763);
#2763 = DEFINITIONAL_REPRESENTATION('',(#2764),#2768);
#2764 = LINE('',#2765,#2766);
#2765 = CARTESIAN_POINT('',(48.109036803073,-26.22319466081));
#2766 = VECTOR('',#2767,1.);
#2767 = DIRECTION('',(0.999999744518,7.148171610022E-04));
#2768 = ( GEOMETRIC_REPRESENTATION_CONTEXT(2) 
PARAMETRIC_REPRESENTATION_CONTEXT() REPRESENTATION_CONTEXT('2D SPACE',''
  ) );
#2769 = PCURVE('',#2770,#2775);
#2770 = PLANE('',#2771);
#2771 = AXIS2_PLACEMENT_3D('',#2772,#2773,#2774);
#2772 = CARTESIAN_POINT('',(35.673993121782,17.099731374062,0.));
#2773 = DIRECTION('',(-7.148171610022E-04,-0.999999744518,0.));
#2774 = DIRECTION('',(-0.999999744518,7.148171610022E-04,0.));
#2775 = DEFINITIONAL_REPRESENTATION('',(#2776),#2780);
#2776 = LINE('',#2777,#2778);
#2777 = CARTESIAN_POINT('',(0.,0.));
#2778 = VECTOR('',#2779,1.);
#2779 = DIRECTION('',(1.,0.));
#2780 = ( GEOMETRIC_REPRESENTATION_CONTEXT(2) 
PARAMETRIC_REPRESENTATION_CONTEXT() REPRESENTATION_CONTEXT('2D SPACE',''
  ) );
#2781 = ORIENTED_EDGE('',*,*,#2782,.T.);
#2782 = EDGE_CURVE('',#2755,#2783,#2785,.T.);
#2783 = VERTEX_POINT('',#2784);
#2784 = CARTESIAN_POINT('',(20.815029821993,17.185889575701,0.));
#2785 = SURFACE_CURVE('',#2786,(#2790,#2797),.PCURVE_S1.);
#2786 = LINE('',#2787,#2788);
#2787 = CARTESIAN_POINT('',(21.399580838901,17.109934971531,0.));
#2788 = VECTOR('',#2789,1.);
#2789 = DIRECTION('',(-0.991663645828,0.128853457627,0.));
#2790 = PCURVE('',#126,#2791);
#2791 = DEFINITIONAL_REPRESENTATION('',(#2792),#2796);
#2792 = LINE('',#2793,#2794);
#2793 = CARTESIAN_POINT('',(62.383449085954,-26.21299106334));
#2794 = VECTOR('',#2795,1.);
#2795 = DIRECTION('',(0.991663645828,0.128853457627));
#2796 = ( GEOMETRIC_REPRESENTATION_CONTEXT(2) 
PARAMETRIC_REPRESENTATION_CONTEXT() REPRESENTATION_CONTEXT('2D SPACE',''
  ) );
#2797 = PCURVE('',#2798,#2803);
#2798 = PLANE('',#2799);
#2799 = AXIS2_PLACEMENT_3D('',#2800,#2801,#2802);
#2800 = CARTESIAN_POINT('',(21.399580838901,17.109934971531,0.));
#2801 = DIRECTION('',(-0.128853457627,-0.991663645828,0.));
#2802 = DIRECTION('',(-0.991663645828,0.128853457627,0.));
#2803 = DEFINITIONAL_REPRESENTATION('',(#2804),#2808);
#2804 = LINE('',#2805,#2806);
#2805 = CARTESIAN_POINT('',(0.,0.));
#2806 = VECTOR('',#2807,1.);
#2807 = DIRECTION('',(1.,0.));
#2808 = ( GEOMETRIC_REPRESENTATION_CONTEXT(2) 
PARAMETRIC_REPRESENTATION_CONTEXT() REPRESENTATION_CONTEXT('2D SPACE',''
  ) );
#2809 = ORIENTED_EDGE('',*,*,#2810,.T.);
#2810 = EDGE_CURVE('',#2783,#2811,#2813,.T.);
#2811 = VERTEX_POINT('',#2812);
#2812 = CARTESIAN_POINT('',(20.205853140137,17.346451261514,0.));
#2813 = SURFACE_CURVE('',#2814,(#2818,#2825),.PCURVE_S1.);
#2814 = LINE('',#2815,#2816);
#2815 = CARTESIAN_POINT('',(20.815029821993,17.185889575701,0.));
#2816 = VECTOR('',#2817,1.);
#2817 = DIRECTION('',(-0.966976003575,0.254867433208,0.));
#2818 = PCURVE('',#126,#2819);
#2819 = DEFINITIONAL_REPRESENTATION('',(#2820),#2824);
#2820 = LINE('',#2821,#2822);
#2821 = CARTESIAN_POINT('',(62.968000102862,-26.13703645917));
#2822 = VECTOR('',#2823,1.);
#2823 = DIRECTION('',(0.966976003575,0.254867433208));
#2824 = ( GEOMETRIC_REPRESENTATION_CONTEXT(2) 
PARAMETRIC_REPRESENTATION_CONTEXT() REPRESENTATION_CONTEXT('2D SPACE',''
  ) );
#2825 = PCURVE('',#2826,#2831);
#2826 = PLANE('',#2827);
#2827 = AXIS2_PLACEMENT_3D('',#2828,#2829,#2830);
#2828 = CARTESIAN_POINT('',(20.815029821993,17.185889575701,0.));
#2829 = DIRECTION('',(-0.254867433208,-0.966976003575,0.));
#2830 = DIRECTION('',(-0.966976003575,0.254867433208,0.));
#2831 = DEFINITIONAL_REPRESENTATION('',(#2832),#2836);
#2832 = LINE('',#2833,#2834);
#2833 = CARTESIAN_POINT('',(0.,0.));
#2834 = VECTOR('',#2835,1.);
#2835 = DIRECTION('',(1.,0.));
#2836 = ( GEOMETRIC_REPRESENTATION_CONTEXT(2) 
PARAMETRIC_REPRESENTATION_CONTEXT() REPRESENTATION_CONTEXT('2D SPACE',''
  ) );
#2837 = ORIENTED_EDGE('',*,*,#2838,.T.);
#2838 = EDGE_CURVE('',#2811,#2839,#2841,.T.);
#2839 = VERTEX_POINT('',#2840);
#2840 = CARTESIAN_POINT('',(19.540457957005,17.640853156595,0.));
#2841 = SURFACE_CURVE('',#2842,(#2846,#2853),.PCURVE_S1.);
#2842 = LINE('',#2843,#2844);
#2843 = CARTESIAN_POINT('',(20.205853140137,17.346451261514,0.));
#2844 = VECTOR('',#2845,1.);
#2845 = DIRECTION('',(-0.914488309112,0.40461232371,0.));
#2846 = PCURVE('',#126,#2847);
#2847 = DEFINITIONAL_REPRESENTATION('',(#2848),#2852);
#2848 = LINE('',#2849,#2850);
#2849 = CARTESIAN_POINT('',(63.577176784718,-25.97647477336));
#2850 = VECTOR('',#2851,1.);
#2851 = DIRECTION('',(0.914488309112,0.40461232371));
#2852 = ( GEOMETRIC_REPRESENTATION_CONTEXT(2) 
PARAMETRIC_REPRESENTATION_CONTEXT() REPRESENTATION_CONTEXT('2D SPACE',''
  ) );
#2853 = PCURVE('',#2854,#2859);
#2854 = PLANE('',#2855);
#2855 = AXIS2_PLACEMENT_3D('',#2856,#2857,#2858);
#2856 = CARTESIAN_POINT('',(20.205853140137,17.346451261514,0.));
#2857 = DIRECTION('',(-0.40461232371,-0.914488309112,0.));
#2858 = DIRECTION('',(-0.914488309112,0.40461232371,0.));
#2859 = DEFINITIONAL_REPRESENTATION('',(#2860),#2864);
#2860 = LINE('',#2861,#2862);
#2861 = CARTESIAN_POINT('',(0.,0.));
#2862 = VECTOR('',#2863,1.);
#2863 = DIRECTION('',(1.,0.));
#2864 = ( GEOMETRIC_REPRESENTATION_CONTEXT(2) 
PARAMETRIC_REPRESENTATION_CONTEXT() REPRESENTATION_CONTEXT('2D SPACE',''
  ) );
#2865 = ORIENTED_EDGE('',*,*,#2866,.T.);
#2866 = EDGE_CURVE('',#2839,#2867,#2869,.T.);
#2867 = VERTEX_POINT('',#2868);
#2868 = CARTESIAN_POINT('',(19.007355787828,17.986629822518,0.));
#2869 = SURFACE_CURVE('',#2870,(#2874,#2881),.PCURVE_S1.);
#2870 = LINE('',#2871,#2872);
#2871 = CARTESIAN_POINT('',(19.540457957005,17.640853156595,0.));
#2872 = VECTOR('',#2873,1.);
#2873 = DIRECTION('',(-0.838975179627,0.544169686743,0.));
#2874 = PCURVE('',#126,#2875);
#2875 = DEFINITIONAL_REPRESENTATION('',(#2876),#2880);
#2876 = LINE('',#2877,#2878);
#2877 = CARTESIAN_POINT('',(64.24257196785,-25.68207287828));
#2878 = VECTOR('',#2879,1.);
#2879 = DIRECTION('',(0.838975179627,0.544169686743));
#2880 = ( GEOMETRIC_REPRESENTATION_CONTEXT(2) 
PARAMETRIC_REPRESENTATION_CONTEXT() REPRESENTATION_CONTEXT('2D SPACE',''
  ) );
#2881 = PCURVE('',#2882,#2887);
#2882 = PLANE('',#2883);
#2883 = AXIS2_PLACEMENT_3D('',#2884,#2885,#2886);
#2884 = CARTESIAN_POINT('',(19.540457957005,17.640853156595,0.));
#2885 = DIRECTION('',(-0.544169686743,-0.838975179627,0.));
#2886 = DIRECTION('',(-0.838975179627,0.544169686743,0.));
#2887 = DEFINITIONAL_REPRESENTATION('',(#2888),#2892);
#2888 = LINE('',#2889,#2890);
#2889 = CARTESIAN_POINT('',(0.,0.));
#2890 = VECTOR('',#2891,1.);
#2891 = DIRECTION('',(1.,0.));
#2892 = ( GEOMETRIC_REPRESENTATION_CONTEXT(2) 
PARAMETRIC_REPRESENTATION_CONTEXT() REPRESENTATION_CONTEXT('2D SPACE',''
  ) );
#2893 = ORIENTED_EDGE('',*,*,#2894,.T.);
#2894 = EDGE_CURVE('',#2867,#2895,#2897,.T.);
#2895 = VERTEX_POINT('',#2896);
#2896 = CARTESIAN_POINT('',(18.46522961499,18.476626498357,0.));
#2897 = SURFACE_CURVE('',#2898,(#2902,#2909),.PCURVE_S1.);
#2898 = LINE('',#2899,#2900);
#2899 = CARTESIAN_POINT('',(19.007355787828,17.986629822518,0.));
#2900 = VECTOR('',#2901,1.);
#2901 = DIRECTION('',(-0.741875024715,0.670538177664,0.));
#2902 = PCURVE('',#126,#2903);
#2903 = DEFINITIONAL_REPRESENTATION('',(#2904),#2908);
#2904 = LINE('',#2905,#2906);
#2905 = CARTESIAN_POINT('',(64.775674137028,-25.33629621236));
#2906 = VECTOR('',#2907,1.);
#2907 = DIRECTION('',(0.741875024715,0.670538177664));
#2908 = ( GEOMETRIC_REPRESENTATION_CONTEXT(2) 
PARAMETRIC_REPRESENTATION_CONTEXT() REPRESENTATION_CONTEXT('2D SPACE',''
  ) );
#2909 = PCURVE('',#2910,#2915);
#2910 = PLANE('',#2911);
#2911 = AXIS2_PLACEMENT_3D('',#2912,#2913,#2914);
#2912 = CARTESIAN_POINT('',(19.007355787828,17.986629822518,0.));
#2913 = DIRECTION('',(-0.670538177664,-0.741875024715,0.));
#2914 = DIRECTION('',(-0.741875024715,0.670538177664,0.));
#2915 = DEFINITIONAL_REPRESENTATION('',(#2916),#2920);
#2916 = LINE('',#2917,#2918);
#2917 = CARTESIAN_POINT('',(0.,0.));
#2918 = VECTOR('',#2919,1.);
#2919 = DIRECTION('',(1.,0.));
#2920 = ( GEOMETRIC_REPRESENTATION_CONTEXT(2) 
PARAMETRIC_REPRESENTATION_CONTEXT() REPRESENTATION_CONTEXT('2D SPACE',''
  ) );
#2921 = ORIENTED_EDGE('',*,*,#2922,.T.);
#2922 = EDGE_CURVE('',#2895,#2923,#2925,.T.);
#2923 = VERTEX_POINT('',#2924);
#2924 = CARTESIAN_POINT('',(18.067498824321,18.972176199625,0.));
#2925 = SURFACE_CURVE('',#2926,(#2930,#2937),.PCURVE_S1.);
#2926 = LINE('',#2927,#2928);
#2927 = CARTESIAN_POINT('',(18.46522961499,18.476626498357,0.));
#2928 = VECTOR('',#2929,1.);
#2929 = DIRECTION('',(-0.625933146653,0.779876718412,0.));
#2930 = PCURVE('',#126,#2931);
#2931 = DEFINITIONAL_REPRESENTATION('',(#2932),#2936);
#2932 = LINE('',#2933,#2934);
#2933 = CARTESIAN_POINT('',(65.317800309865,-24.84629953652));
#2934 = VECTOR('',#2935,1.);
#2935 = DIRECTION('',(0.625933146653,0.779876718412));
#2936 = ( GEOMETRIC_REPRESENTATION_CONTEXT(2) 
PARAMETRIC_REPRESENTATION_CONTEXT() REPRESENTATION_CONTEXT('2D SPACE',''
  ) );
#2937 = PCURVE('',#2938,#2943);
#2938 = PLANE('',#2939);
#2939 = AXIS2_PLACEMENT_3D('',#2940,#2941,#2942);
#2940 = CARTESIAN_POINT('',(18.46522961499,18.476626498357,0.));
#2941 = DIRECTION('',(-0.779876718412,-0.625933146653,0.));
#2942 = DIRECTION('',(-0.625933146653,0.779876718412,0.));
#2943 = DEFINITIONAL_REPRESENTATION('',(#2944),#2948);
#2944 = LINE('',#2945,#2946);
#2945 = CARTESIAN_POINT('',(0.,0.));
#2946 = VECTOR('',#2947,1.);
#2947 = DIRECTION('',(1.,0.));
#2948 = ( GEOMETRIC_REPRESENTATION_CONTEXT(2) 
PARAMETRIC_REPRESENTATION_CONTEXT() REPRESENTATION_CONTEXT('2D SPACE',''
  ) );
#2949 = ORIENTED_EDGE('',*,*,#2950,.T.);
#2950 = EDGE_CURVE('',#2923,#2951,#2953,.T.);
#2951 = VERTEX_POINT('',#2952);
#2952 = CARTESIAN_POINT('',(17.710271590979,19.597175317683,0.));
#2953 = SURFACE_CURVE('',#2954,(#2958,#2965),.PCURVE_S1.);
#2954 = LINE('',#2955,#2956);
#2955 = CARTESIAN_POINT('',(18.067498824321,18.972176199625,0.));
#2956 = VECTOR('',#2957,1.);
#2957 = DIRECTION('',(-0.496227820147,0.868192346495,0.));
#2958 = PCURVE('',#126,#2959);
#2959 = DEFINITIONAL_REPRESENTATION('',(#2960),#2964);
#2960 = LINE('',#2961,#2962);
#2961 = CARTESIAN_POINT('',(65.715531100534,-24.35074983525));
#2962 = VECTOR('',#2963,1.);
#2963 = DIRECTION('',(0.496227820147,0.868192346495));
#2964 = ( GEOMETRIC_REPRESENTATION_CONTEXT(2) 
PARAMETRIC_REPRESENTATION_CONTEXT() REPRESENTATION_CONTEXT('2D SPACE',''
  ) );
#2965 = PCURVE('',#2966,#2971);
#2966 = PLANE('',#2967);
#2967 = AXIS2_PLACEMENT_3D('',#2968,#2969,#2970);
#2968 = CARTESIAN_POINT('',(18.067498824321,18.972176199625,0.));
#2969 = DIRECTION('',(-0.868192346495,-0.496227820147,0.));
#2970 = DIRECTION('',(-0.496227820147,0.868192346495,0.));
#2971 = DEFINITIONAL_REPRESENTATION('',(#2972),#2976);
#2972 = LINE('',#2973,#2974);
#2973 = CARTESIAN_POINT('',(0.,0.));
#2974 = VECTOR('',#2975,1.);
#2975 = DIRECTION('',(1.,0.));
#2976 = ( GEOMETRIC_REPRESENTATION_CONTEXT(2) 
PARAMETRIC_REPRESENTATION_CONTEXT() REPRESENTATION_CONTEXT('2D SPACE',''
  ) );
#2977 = ORIENTED_EDGE('',*,*,#2978,.T.);
#2978 = EDGE_CURVE('',#2951,#142,#2979,.T.);
#2979 = SURFACE_CURVE('',#2980,(#2984,#2991),.PCURVE_S1.);
#2980 = LINE('',#2981,#2982);
#2981 = CARTESIAN_POINT('',(17.710271590979,19.597175317683,0.));
#2982 = VECTOR('',#2983,1.);
#2983 = DIRECTION('',(-0.671885789828,0.740654768045,0.));
#2984 = PCURVE('',#126,#2985);
#2985 = DEFINITIONAL_REPRESENTATION('',(#2986),#2990);
#2986 = LINE('',#2987,#2988);
#2987 = CARTESIAN_POINT('',(66.072758333876,-23.72575071719));
#2988 = VECTOR('',#2989,1.);
#2989 = DIRECTION('',(0.671885789828,0.740654768045));
#2990 = ( GEOMETRIC_REPRESENTATION_CONTEXT(2) 
PARAMETRIC_REPRESENTATION_CONTEXT() REPRESENTATION_CONTEXT('2D SPACE',''
  ) );
#2991 = PCURVE('',#159,#2992);
#2992 = DEFINITIONAL_REPRESENTATION('',(#2993),#2997);
#2993 = LINE('',#2994,#2995);
#2994 = CARTESIAN_POINT('',(0.,0.));
#2995 = VECTOR('',#2996,1.);
#2996 = DIRECTION('',(1.,0.));
#2997 = ( GEOMETRIC_REPRESENTATION_CONTEXT(2) 
PARAMETRIC_REPRESENTATION_CONTEXT() REPRESENTATION_CONTEXT('2D SPACE',''
  ) );
#2998 = ORIENTED_EDGE('',*,*,#193,.T.);
#2999 = FACE_BOUND('',#3000,.T.);
#3000 = EDGE_LOOP('',(#3001));
#3001 = ORIENTED_EDGE('',*,*,#3002,.F.);
#3002 = EDGE_CURVE('',#3003,#3003,#3005,.T.);
#3003 = VERTEX_POINT('',#3004);
#3004 = CARTESIAN_POINT('',(115.05,0.6,0.));
#3005 = SURFACE_CURVE('',#3006,(#3011,#3018),.PCURVE_S1.);
#3006 = CIRCLE('',#3007,0.85);
#3007 = AXIS2_PLACEMENT_3D('',#3008,#3009,#3010);
#3008 = CARTESIAN_POINT('',(114.2,0.6,0.));
#3009 = DIRECTION('',(0.,0.,-1.));
#3010 = DIRECTION('',(1.,0.,0.));
#3011 = PCURVE('',#126,#3012);
#3012 = DEFINITIONAL_REPRESENTATION('',(#3013),#3017);
#3013 = CIRCLE('',#3014,0.85);
#3014 = AXIS2_PLACEMENT_2D('',#3015,#3016);
#3015 = CARTESIAN_POINT('',(-30.41697007514,-42.72292603487));
#3016 = DIRECTION('',(-1.,0.));
#3017 = ( GEOMETRIC_REPRESENTATION_CONTEXT(2) 
PARAMETRIC_REPRESENTATION_CONTEXT() REPRESENTATION_CONTEXT('2D SPACE',''
  ) );
#3018 = PCURVE('',#3019,#3024);
#3019 = CYLINDRICAL_SURFACE('',#3020,0.85);
#3020 = AXIS2_PLACEMENT_3D('',#3021,#3022,#3023);
#3021 = CARTESIAN_POINT('',(114.2,0.6,-0.1));
#3022 = DIRECTION('',(-0.,-0.,-1.));
#3023 = DIRECTION('',(1.,0.,0.));
#3024 = DEFINITIONAL_REPRESENTATION('',(#3025),#3029);
#3025 = LINE('',#3026,#3027);
#3026 = CARTESIAN_POINT('',(-6.28318530718,-0.1));
#3027 = VECTOR('',#3028,1.);
#3028 = DIRECTION('',(1.,-0.));
#3029 = ( GEOMETRIC_REPRESENTATION_CONTEXT(2) 
PARAMETRIC_REPRESENTATION_CONTEXT() REPRESENTATION_CONTEXT('2D SPACE',''
  ) );
#3030 = FACE_BOUND('',#3031,.T.);
#3031 = EDGE_LOOP('',(#3032));
#3032 = ORIENTED_EDGE('',*,*,#3033,.F.);
#3033 = EDGE_CURVE('',#3034,#3034,#3036,.T.);
#3034 = VERTEX_POINT('',#3035);
#3035 = CARTESIAN_POINT('',(57.85,20.5,0.));
#3036 = SURFACE_CURVE('',#3037,(#3042,#3049),.PCURVE_S1.);
#3037 = CIRCLE('',#3038,0.85);
#3038 = AXIS2_PLACEMENT_3D('',#3039,#3040,#3041);
#3039 = CARTESIAN_POINT('',(57.,20.5,0.));
#3040 = DIRECTION('',(0.,0.,-1.));
#3041 = DIRECTION('',(1.,0.,0.));
#3042 = PCURVE('',#126,#3043);
#3043 = DEFINITIONAL_REPRESENTATION('',(#3044),#3048);
#3044 = CIRCLE('',#3045,0.85);
#3045 = AXIS2_PLACEMENT_2D('',#3046,#3047);
#3046 = CARTESIAN_POINT('',(26.783029924855,-22.82292603487));
#3047 = DIRECTION('',(-1.,0.));
#3048 = ( GEOMETRIC_REPRESENTATION_CONTEXT(2) 
PARAMETRIC_REPRESENTATION_CONTEXT() REPRESENTATION_CONTEXT('2D SPACE',''
  ) );
#3049 = PCURVE('',#3050,#3055);
#3050 = CYLINDRICAL_SURFACE('',#3051,0.85);
#3051 = AXIS2_PLACEMENT_3D('',#3052,#3053,#3054);
#3052 = CARTESIAN_POINT('',(57.,20.5,-0.1));
#3053 = DIRECTION('',(-0.,-0.,-1.));
#3054 = DIRECTION('',(1.,0.,0.));
#3055 = DEFINITIONAL_REPRESENTATION('',(#3056),#3060);
#3056 = LINE('',#3057,#3058);
#3057 = CARTESIAN_POINT('',(-6.28318530718,-0.1));
#3058 = VECTOR('',#3059,1.);
#3059 = DIRECTION('',(1.,-0.));
#3060 = ( GEOMETRIC_REPRESENTATION_CONTEXT(2) 
PARAMETRIC_REPRESENTATION_CONTEXT() REPRESENTATION_CONTEXT('2D SPACE',''
  ) );
#3061 = FACE_BOUND('',#3062,.T.);
#3062 = EDGE_LOOP('',(#3063));
#3063 = ORIENTED_EDGE('',*,*,#3064,.F.);
#3064 = EDGE_CURVE('',#3065,#3065,#3067,.T.);
#3065 = VERTEX_POINT('',#3066);
#3066 = CARTESIAN_POINT('',(115.35,66.,0.));
#3067 = SURFACE_CURVE('',#3068,(#3073,#3080),.PCURVE_S1.);
#3068 = CIRCLE('',#3069,0.85);
#3069 = AXIS2_PLACEMENT_3D('',#3070,#3071,#3072);
#3070 = CARTESIAN_POINT('',(114.5,66.,0.));
#3071 = DIRECTION('',(0.,0.,-1.));
#3072 = DIRECTION('',(1.,0.,0.));
#3073 = PCURVE('',#126,#3074);
#3074 = DEFINITIONAL_REPRESENTATION('',(#3075),#3079);
#3075 = CIRCLE('',#3076,0.85);
#3076 = AXIS2_PLACEMENT_2D('',#3077,#3078);
#3077 = CARTESIAN_POINT('',(-30.71697007514,22.677073965122));
#3078 = DIRECTION('',(-1.,0.));
#3079 = ( GEOMETRIC_REPRESENTATION_CONTEXT(2) 
PARAMETRIC_REPRESENTATION_CONTEXT() REPRESENTATION_CONTEXT('2D SPACE',''
  ) );
#3080 = PCURVE('',#3081,#3086);
#3081 = CYLINDRICAL_SURFACE('',#3082,0.85);
#3082 = AXIS2_PLACEMENT_3D('',#3083,#3084,#3085);
#3083 = CARTESIAN_POINT('',(114.5,66.,-0.1));
#3084 = DIRECTION('',(-0.,-0.,-1.));
#3085 = DIRECTION('',(1.,0.,0.));
#3086 = DEFINITIONAL_REPRESENTATION('',(#3087),#3091);
#3087 = LINE('',#3088,#3089);
#3088 = CARTESIAN_POINT('',(-6.28318530718,-0.1));
#3089 = VECTOR('',#3090,1.);
#3090 = DIRECTION('',(1.,-0.));
#3091 = ( GEOMETRIC_REPRESENTATION_CONTEXT(2) 
PARAMETRIC_REPRESENTATION_CONTEXT() REPRESENTATION_CONTEXT('2D SPACE',''
  ) );
#3092 = FACE_BOUND('',#3093,.T.);
#3093 = EDGE_LOOP('',(#3094));
#3094 = ORIENTED_EDGE('',*,*,#3095,.F.);
#3095 = EDGE_CURVE('',#3096,#3096,#3098,.T.);
#3096 = VERTEX_POINT('',#3097);
#3097 = CARTESIAN_POINT('',(21.85,37.5,0.));
#3098 = SURFACE_CURVE('',#3099,(#3104,#3111),.PCURVE_S1.);
#3099 = CIRCLE('',#3100,0.85);
#3100 = AXIS2_PLACEMENT_3D('',#3101,#3102,#3103);
#3101 = CARTESIAN_POINT('',(21.,37.5,0.));
#3102 = DIRECTION('',(0.,0.,-1.));
#3103 = DIRECTION('',(1.,0.,0.));
#3104 = PCURVE('',#126,#3105);
#3105 = DEFINITIONAL_REPRESENTATION('',(#3106),#3110);
#3106 = CIRCLE('',#3107,0.85);
#3107 = AXIS2_PLACEMENT_2D('',#3108,#3109);
#3108 = CARTESIAN_POINT('',(62.783029924855,-5.822926034878));
#3109 = DIRECTION('',(-1.,0.));
#3110 = ( GEOMETRIC_REPRESENTATION_CONTEXT(2) 
PARAMETRIC_REPRESENTATION_CONTEXT() REPRESENTATION_CONTEXT('2D SPACE',''
  ) );
#3111 = PCURVE('',#3112,#3117);
#3112 = CYLINDRICAL_SURFACE('',#3113,0.85);
#3113 = AXIS2_PLACEMENT_3D('',#3114,#3115,#3116);
#3114 = CARTESIAN_POINT('',(21.,37.5,-0.1));
#3115 = DIRECTION('',(-0.,-0.,-1.));
#3116 = DIRECTION('',(1.,0.,0.));
#3117 = DEFINITIONAL_REPRESENTATION('',(#3118),#3122);
#3118 = LINE('',#3119,#3120);
#3119 = CARTESIAN_POINT('',(-6.28318530718,-0.1));
#3120 = VECTOR('',#3121,1.);
#3121 = DIRECTION('',(1.,-0.));
#3122 = ( GEOMETRIC_REPRESENTATION_CONTEXT(2) 
PARAMETRIC_REPRESENTATION_CONTEXT() REPRESENTATION_CONTEXT('2D SPACE',''
  ) );
#3123 = FACE_BOUND('',#3124,.T.);
#3124 = EDGE_LOOP('',(#3125));
#3125 = ORIENTED_EDGE('',*,*,#3126,.F.);
#3126 = EDGE_CURVE('',#3127,#3127,#3129,.T.);
#3127 = VERTEX_POINT('',#3128);
#3128 = CARTESIAN_POINT('',(42.05,66.6,0.));
#3129 = SURFACE_CURVE('',#3130,(#3135,#3142),.PCURVE_S1.);
#3130 = CIRCLE('',#3131,0.85);
#3131 = AXIS2_PLACEMENT_3D('',#3132,#3133,#3134);
#3132 = CARTESIAN_POINT('',(41.2,66.6,0.));
#3133 = DIRECTION('',(0.,0.,-1.));
#3134 = DIRECTION('',(1.,0.,0.));
#3135 = PCURVE('',#126,#3136);
#3136 = DEFINITIONAL_REPRESENTATION('',(#3137),#3141);
#3137 = CIRCLE('',#3138,0.85);
#3138 = AXIS2_PLACEMENT_2D('',#3139,#3140);
#3139 = CARTESIAN_POINT('',(42.583029924855,23.277073965122));
#3140 = DIRECTION('',(-1.,0.));
#3141 = ( GEOMETRIC_REPRESENTATION_CONTEXT(2) 
PARAMETRIC_REPRESENTATION_CONTEXT() REPRESENTATION_CONTEXT('2D SPACE',''
  ) );
#3142 = PCURVE('',#3143,#3148);
#3143 = CYLINDRICAL_SURFACE('',#3144,0.85);
#3144 = AXIS2_PLACEMENT_3D('',#3145,#3146,#3147);
#3145 = CARTESIAN_POINT('',(41.2,66.6,-0.1));
#3146 = DIRECTION('',(-0.,-0.,-1.));
#3147 = DIRECTION('',(1.,0.,0.));
#3148 = DEFINITIONAL_REPRESENTATION('',(#3149),#3153);
#3149 = LINE('',#3150,#3151);
#3150 = CARTESIAN_POINT('',(-6.28318530718,-0.1));
#3151 = VECTOR('',#3152,1.);
#3152 = DIRECTION('',(1.,-0.));
#3153 = ( GEOMETRIC_REPRESENTATION_CONTEXT(2) 
PARAMETRIC_REPRESENTATION_CONTEXT() REPRESENTATION_CONTEXT('2D SPACE',''
  ) );
#3154 = ADVANCED_FACE('',(#3155),#72,.F.);
#3155 = FACE_BOUND('',#3156,.F.);
#3156 = EDGE_LOOP('',(#3157,#3158,#3159,#3160,#3183,#3206,#3229,#3252,
    #3275,#3298,#3321,#3344,#3367,#3390,#3413,#3436,#3459,#3482,#3505,
    #3528,#3551,#3574,#3597,#3620,#3643,#3666,#3689,#3712,#3735,#3758,
    #3781,#3804,#3827,#3850,#3873,#3896,#3919,#3942,#3965,#3988,#4011,
    #4034,#4057,#4080,#4103,#4126,#4149,#4172,#4195,#4218,#4241,#4264,
    #4287,#4310,#4336,#4362,#4388,#4414,#4440,#4466,#4492,#4518,#4544,
    #4570,#4596,#4622,#4648,#4674,#4700,#4726,#4752,#4778,#4804,#4830,
    #4856,#4882,#4908,#4934,#4960,#4986,#5012,#5038,#5064,#5090,#5116,
    #5142,#5168,#5194,#5220,#5246,#5272,#5298,#5324,#5350,#5376,#5402,
    #5428,#5454,#5480,#5506,#5532,#5558,#5584,#5610,#5636,#5662,#5688,
    #5714,#5740,#5766,#5792,#5818,#5844,#5870,#5896,#5922,#5948,#5974,
    #6000,#6026,#6052,#6078,#6104,#6130,#6156,#6182,#6208,#6234,#6260,
    #6286,#6312,#6338,#6364,#6390,#6416,#6442,#6468,#6494,#6520,#6546,
    #6572,#6598,#6624,#6650,#6676,#6702,#6728,#6754,#6780,#6806,#6832,
    #6858,#6884,#6910,#6936,#6957,#6983,#7006,#7029,#7052,#7075,#7098,
    #7121,#7144,#7167,#7190,#7213,#7236,#7259,#7282,#7305,#7328,#7351,
    #7374,#7397,#7420,#7443,#7466,#7489,#7512,#7535,#7558,#7581,#7604,
    #7627,#7650,#7673,#7696,#7719,#7742,#7765,#7788,#7811,#7834,#7857,
    #7880,#7903,#7926,#7949,#7972,#7995,#8018,#8041,#8064));
#3157 = ORIENTED_EDGE('',*,*,#171,.T.);
#3158 = ORIENTED_EDGE('',*,*,#56,.T.);
#3159 = ORIENTED_EDGE('',*,*,#218,.T.);
#3160 = ORIENTED_EDGE('',*,*,#3161,.T.);
#3161 = EDGE_CURVE('',#219,#3162,#3164,.T.);
#3162 = VERTEX_POINT('',#3163);
#3163 = CARTESIAN_POINT('',(17.016563119717,71.364852886566,6.3));
#3164 = SURFACE_CURVE('',#3165,(#3169,#3176),.PCURVE_S1.);
#3165 = LINE('',#3166,#3167);
#3166 = CARTESIAN_POINT('',(16.9,70.641939759129,6.3));
#3167 = VECTOR('',#3168,1.);
#3168 = DIRECTION('',(0.159184825389,0.987248799121,0.));
#3169 = PCURVE('',#72,#3170);
#3170 = DEFINITIONAL_REPRESENTATION('',(#3171),#3175);
#3171 = LINE('',#3172,#3173);
#3172 = CARTESIAN_POINT('',(66.883029924855,27.319013724251));
#3173 = VECTOR('',#3174,1.);
#3174 = DIRECTION('',(-0.159184825389,0.987248799121));
#3175 = ( GEOMETRIC_REPRESENTATION_CONTEXT(2) 
PARAMETRIC_REPRESENTATION_CONTEXT() REPRESENTATION_CONTEXT('2D SPACE',''
  ) );
#3176 = PCURVE('',#257,#3177);
#3177 = DEFINITIONAL_REPRESENTATION('',(#3178),#3182);
#3178 = LINE('',#3179,#3180);
#3179 = CARTESIAN_POINT('',(0.,-6.3));
#3180 = VECTOR('',#3181,1.);
#3181 = DIRECTION('',(1.,0.));
#3182 = ( GEOMETRIC_REPRESENTATION_CONTEXT(2) 
PARAMETRIC_REPRESENTATION_CONTEXT() REPRESENTATION_CONTEXT('2D SPACE',''
  ) );
#3183 = ORIENTED_EDGE('',*,*,#3184,.T.);
#3184 = EDGE_CURVE('',#3162,#3185,#3187,.T.);
#3185 = VERTEX_POINT('',#3186);
#3186 = CARTESIAN_POINT('',(17.354437730279,72.01449209277,6.3));
#3187 = SURFACE_CURVE('',#3188,(#3192,#3199),.PCURVE_S1.);
#3188 = LINE('',#3189,#3190);
#3189 = CARTESIAN_POINT('',(17.016563119717,71.364852886566,6.3));
#3190 = VECTOR('',#3191,1.);
#3191 = DIRECTION('',(0.461419624116,0.887182016545,0.));
#3192 = PCURVE('',#72,#3193);
#3193 = DEFINITIONAL_REPRESENTATION('',(#3194),#3198);
#3194 = LINE('',#3195,#3196);
#3195 = CARTESIAN_POINT('',(66.766466805138,28.041926851688));
#3196 = VECTOR('',#3197,1.);
#3197 = DIRECTION('',(-0.461419624116,0.887182016545));
#3198 = ( GEOMETRIC_REPRESENTATION_CONTEXT(2) 
PARAMETRIC_REPRESENTATION_CONTEXT() REPRESENTATION_CONTEXT('2D SPACE',''
  ) );
#3199 = PCURVE('',#334,#3200);
#3200 = DEFINITIONAL_REPRESENTATION('',(#3201),#3205);
#3201 = LINE('',#3202,#3203);
#3202 = CARTESIAN_POINT('',(0.,-6.3));
#3203 = VECTOR('',#3204,1.);
#3204 = DIRECTION('',(1.,0.));
#3205 = ( GEOMETRIC_REPRESENTATION_CONTEXT(2) 
PARAMETRIC_REPRESENTATION_CONTEXT() REPRESENTATION_CONTEXT('2D SPACE',''
  ) );
#3206 = ORIENTED_EDGE('',*,*,#3207,.T.);
#3207 = EDGE_CURVE('',#3185,#3208,#3210,.T.);
#3208 = VERTEX_POINT('',#3209);
#3209 = CARTESIAN_POINT('',(17.682912154057,72.333942728314,6.3));
#3210 = SURFACE_CURVE('',#3211,(#3215,#3222),.PCURVE_S1.);
#3211 = LINE('',#3212,#3213);
#3212 = CARTESIAN_POINT('',(17.354437730279,72.01449209277,6.3));
#3213 = VECTOR('',#3214,1.);
#3214 = DIRECTION('',(0.716885282942,0.697191143877,0.));
#3215 = PCURVE('',#72,#3216);
#3216 = DEFINITIONAL_REPRESENTATION('',(#3217),#3221);
#3217 = LINE('',#3218,#3219);
#3218 = CARTESIAN_POINT('',(66.428592194576,28.691566057892));
#3219 = VECTOR('',#3220,1.);
#3220 = DIRECTION('',(-0.716885282942,0.697191143877));
#3221 = ( GEOMETRIC_REPRESENTATION_CONTEXT(2) 
PARAMETRIC_REPRESENTATION_CONTEXT() REPRESENTATION_CONTEXT('2D SPACE',''
  ) );
#3222 = PCURVE('',#362,#3223);
#3223 = DEFINITIONAL_REPRESENTATION('',(#3224),#3228);
#3224 = LINE('',#3225,#3226);
#3225 = CARTESIAN_POINT('',(0.,-6.3));
#3226 = VECTOR('',#3227,1.);
#3227 = DIRECTION('',(1.,0.));
#3228 = ( GEOMETRIC_REPRESENTATION_CONTEXT(2) 
PARAMETRIC_REPRESENTATION_CONTEXT() REPRESENTATION_CONTEXT('2D SPACE',''
  ) );
#3229 = ORIENTED_EDGE('',*,*,#3230,.T.);
#3230 = EDGE_CURVE('',#3208,#3231,#3233,.T.);
#3231 = VERTEX_POINT('',#3232);
#3232 = CARTESIAN_POINT('',(18.078552524319,73.04002075587,6.3));
#3233 = SURFACE_CURVE('',#3234,(#3238,#3245),.PCURVE_S1.);
#3234 = LINE('',#3235,#3236);
#3235 = CARTESIAN_POINT('',(17.682912154057,72.333942728314,6.3));
#3236 = VECTOR('',#3237,1.);
#3237 = DIRECTION('',(0.488825961968,0.872381326546,0.));
#3238 = PCURVE('',#72,#3239);
#3239 = DEFINITIONAL_REPRESENTATION('',(#3240),#3244);
#3240 = LINE('',#3241,#3242);
#3241 = CARTESIAN_POINT('',(66.100117770798,29.011016693436));
#3242 = VECTOR('',#3243,1.);
#3243 = DIRECTION('',(-0.488825961968,0.872381326546));
#3244 = ( GEOMETRIC_REPRESENTATION_CONTEXT(2) 
PARAMETRIC_REPRESENTATION_CONTEXT() REPRESENTATION_CONTEXT('2D SPACE',''
  ) );
#3245 = PCURVE('',#390,#3246);
#3246 = DEFINITIONAL_REPRESENTATION('',(#3247),#3251);
#3247 = LINE('',#3248,#3249);
#3248 = CARTESIAN_POINT('',(0.,-6.3));
#3249 = VECTOR('',#3250,1.);
#3250 = DIRECTION('',(1.,0.));
#3251 = ( GEOMETRIC_REPRESENTATION_CONTEXT(2) 
PARAMETRIC_REPRESENTATION_CONTEXT() REPRESENTATION_CONTEXT('2D SPACE',''
  ) );
#3252 = ORIENTED_EDGE('',*,*,#3253,.T.);
#3253 = EDGE_CURVE('',#3231,#3254,#3256,.T.);
#3254 = VERTEX_POINT('',#3255);
#3255 = CARTESIAN_POINT('',(18.511617317845,73.569210201186,6.3));
#3256 = SURFACE_CURVE('',#3257,(#3261,#3268),.PCURVE_S1.);
#3257 = LINE('',#3258,#3259);
#3258 = CARTESIAN_POINT('',(18.078552524319,73.04002075587,6.3));
#3259 = VECTOR('',#3260,1.);
#3260 = DIRECTION('',(0.633318037876,0.773891635115,0.));
#3261 = PCURVE('',#72,#3262);
#3262 = DEFINITIONAL_REPRESENTATION('',(#3263),#3267);
#3263 = LINE('',#3264,#3265);
#3264 = CARTESIAN_POINT('',(65.704477400536,29.717094720992));
#3265 = VECTOR('',#3266,1.);
#3266 = DIRECTION('',(-0.633318037876,0.773891635115));
#3267 = ( GEOMETRIC_REPRESENTATION_CONTEXT(2) 
PARAMETRIC_REPRESENTATION_CONTEXT() REPRESENTATION_CONTEXT('2D SPACE',''
  ) );
#3268 = PCURVE('',#418,#3269);
#3269 = DEFINITIONAL_REPRESENTATION('',(#3270),#3274);
#3270 = LINE('',#3271,#3272);
#3271 = CARTESIAN_POINT('',(0.,-6.3));
#3272 = VECTOR('',#3273,1.);
#3273 = DIRECTION('',(1.,0.));
#3274 = ( GEOMETRIC_REPRESENTATION_CONTEXT(2) 
PARAMETRIC_REPRESENTATION_CONTEXT() REPRESENTATION_CONTEXT('2D SPACE',''
  ) );
#3275 = ORIENTED_EDGE('',*,*,#3276,.T.);
#3276 = EDGE_CURVE('',#3254,#3277,#3279,.T.);
#3277 = VERTEX_POINT('',#3278);
#3278 = CARTESIAN_POINT('',(19.082304708506,74.069025008178,6.3));
#3279 = SURFACE_CURVE('',#3280,(#3284,#3291),.PCURVE_S1.);
#3280 = LINE('',#3281,#3282);
#3281 = CARTESIAN_POINT('',(18.511617317845,73.569210201186,6.3));
#3282 = VECTOR('',#3283,1.);
#3283 = DIRECTION('',(0.752273932736,0.658850461126,0.));
#3284 = PCURVE('',#72,#3285);
#3285 = DEFINITIONAL_REPRESENTATION('',(#3286),#3290);
#3286 = LINE('',#3287,#3288);
#3287 = CARTESIAN_POINT('',(65.27141260701,30.246284166308));
#3288 = VECTOR('',#3289,1.);
#3289 = DIRECTION('',(-0.752273932736,0.658850461126));
#3290 = ( GEOMETRIC_REPRESENTATION_CONTEXT(2) 
PARAMETRIC_REPRESENTATION_CONTEXT() REPRESENTATION_CONTEXT('2D SPACE',''
  ) );
#3291 = PCURVE('',#446,#3292);
#3292 = DEFINITIONAL_REPRESENTATION('',(#3293),#3297);
#3293 = LINE('',#3294,#3295);
#3294 = CARTESIAN_POINT('',(0.,-6.3));
#3295 = VECTOR('',#3296,1.);
#3296 = DIRECTION('',(1.,0.));
#3297 = ( GEOMETRIC_REPRESENTATION_CONTEXT(2) 
PARAMETRIC_REPRESENTATION_CONTEXT() REPRESENTATION_CONTEXT('2D SPACE',''
  ) );
#3298 = ORIENTED_EDGE('',*,*,#3299,.T.);
#3299 = EDGE_CURVE('',#3277,#3300,#3302,.T.);
#3300 = VERTEX_POINT('',#3301);
#3301 = CARTESIAN_POINT('',(19.622827455948,74.40311767464,6.3));
#3302 = SURFACE_CURVE('',#3303,(#3307,#3314),.PCURVE_S1.);
#3303 = LINE('',#3304,#3305);
#3304 = CARTESIAN_POINT('',(19.082304708506,74.069025008178,6.3));
#3305 = VECTOR('',#3306,1.);
#3306 = DIRECTION('',(0.850628823525,0.525766682653,0.));
#3307 = PCURVE('',#72,#3308);
#3308 = DEFINITIONAL_REPRESENTATION('',(#3309),#3313);
#3309 = LINE('',#3310,#3311);
#3310 = CARTESIAN_POINT('',(64.700725216349,30.7460989733));
#3311 = VECTOR('',#3312,1.);
#3312 = DIRECTION('',(-0.850628823525,0.525766682653));
#3313 = ( GEOMETRIC_REPRESENTATION_CONTEXT(2) 
PARAMETRIC_REPRESENTATION_CONTEXT() REPRESENTATION_CONTEXT('2D SPACE',''
  ) );
#3314 = PCURVE('',#474,#3315);
#3315 = DEFINITIONAL_REPRESENTATION('',(#3316),#3320);
#3316 = LINE('',#3317,#3318);
#3317 = CARTESIAN_POINT('',(0.,-6.3));
#3318 = VECTOR('',#3319,1.);
#3319 = DIRECTION('',(1.,0.));
#3320 = ( GEOMETRIC_REPRESENTATION_CONTEXT(2) 
PARAMETRIC_REPRESENTATION_CONTEXT() REPRESENTATION_CONTEXT('2D SPACE',''
  ) );
#3321 = ORIENTED_EDGE('',*,*,#3322,.T.);
#3322 = EDGE_CURVE('',#3300,#3323,#3325,.T.);
#3323 = VERTEX_POINT('',#3324);
#3324 = CARTESIAN_POINT('',(20.297576464844,74.683699408444,6.3));
#3325 = SURFACE_CURVE('',#3326,(#3330,#3337),.PCURVE_S1.);
#3326 = LINE('',#3327,#3328);
#3327 = CARTESIAN_POINT('',(19.622827455948,74.40311767464,6.3));
#3328 = VECTOR('',#3329,1.);
#3329 = DIRECTION('',(0.92335054781,0.383958026167,0.));
#3330 = PCURVE('',#72,#3331);
#3331 = DEFINITIONAL_REPRESENTATION('',(#3332),#3336);
#3332 = LINE('',#3333,#3334);
#3333 = CARTESIAN_POINT('',(64.160202468907,31.080191639763));
#3334 = VECTOR('',#3335,1.);
#3335 = DIRECTION('',(-0.92335054781,0.383958026167));
#3336 = ( GEOMETRIC_REPRESENTATION_CONTEXT(2) 
PARAMETRIC_REPRESENTATION_CONTEXT() REPRESENTATION_CONTEXT('2D SPACE',''
  ) );
#3337 = PCURVE('',#502,#3338);
#3338 = DEFINITIONAL_REPRESENTATION('',(#3339),#3343);
#3339 = LINE('',#3340,#3341);
#3340 = CARTESIAN_POINT('',(0.,-6.3));
#3341 = VECTOR('',#3342,1.);
#3342 = DIRECTION('',(1.,0.));
#3343 = ( GEOMETRIC_REPRESENTATION_CONTEXT(2) 
PARAMETRIC_REPRESENTATION_CONTEXT() REPRESENTATION_CONTEXT('2D SPACE',''
  ) );
#3344 = ORIENTED_EDGE('',*,*,#3345,.T.);
#3345 = EDGE_CURVE('',#3323,#3346,#3348,.T.);
#3346 = VERTEX_POINT('',#3347);
#3347 = CARTESIAN_POINT('',(21.449107142095,74.894343174199,6.3));
#3348 = SURFACE_CURVE('',#3349,(#3353,#3360),.PCURVE_S1.);
#3349 = LINE('',#3350,#3351);
#3350 = CARTESIAN_POINT('',(20.297576464844,74.683699408444,6.3));
#3351 = VECTOR('',#3352,1.);
#3352 = DIRECTION('',(0.983677722696,0.17993926162,0.));
#3353 = PCURVE('',#72,#3354);
#3354 = DEFINITIONAL_REPRESENTATION('',(#3355),#3359);
#3355 = LINE('',#3356,#3357);
#3356 = CARTESIAN_POINT('',(63.485453460011,31.360773373567));
#3357 = VECTOR('',#3358,1.);
#3358 = DIRECTION('',(-0.983677722696,0.17993926162));
#3359 = ( GEOMETRIC_REPRESENTATION_CONTEXT(2) 
PARAMETRIC_REPRESENTATION_CONTEXT() REPRESENTATION_CONTEXT('2D SPACE',''
  ) );
#3360 = PCURVE('',#530,#3361);
#3361 = DEFINITIONAL_REPRESENTATION('',(#3362),#3366);
#3362 = LINE('',#3363,#3364);
#3363 = CARTESIAN_POINT('',(0.,-6.3));
#3364 = VECTOR('',#3365,1.);
#3365 = DIRECTION('',(1.,0.));
#3366 = ( GEOMETRIC_REPRESENTATION_CONTEXT(2) 
PARAMETRIC_REPRESENTATION_CONTEXT() REPRESENTATION_CONTEXT('2D SPACE',''
  ) );
#3367 = ORIENTED_EDGE('',*,*,#3368,.T.);
#3368 = EDGE_CURVE('',#3346,#3369,#3371,.T.);
#3369 = VERTEX_POINT('',#3370);
#3370 = CARTESIAN_POINT('',(44.793160730105,74.904641740678,6.3));
#3371 = SURFACE_CURVE('',#3372,(#3376,#3383),.PCURVE_S1.);
#3372 = LINE('',#3373,#3374);
#3373 = CARTESIAN_POINT('',(21.449107142095,74.894343174199,6.3));
#3374 = VECTOR('',#3375,1.);
#3375 = DIRECTION('',(0.999999902687,4.411644035243E-04,0.));
#3376 = PCURVE('',#72,#3377);
#3377 = DEFINITIONAL_REPRESENTATION('',(#3378),#3382);
#3378 = LINE('',#3379,#3380);
#3379 = CARTESIAN_POINT('',(62.33392278276,31.571417139322));
#3380 = VECTOR('',#3381,1.);
#3381 = DIRECTION('',(-0.999999902687,4.411644035243E-04));
#3382 = ( GEOMETRIC_REPRESENTATION_CONTEXT(2) 
PARAMETRIC_REPRESENTATION_CONTEXT() REPRESENTATION_CONTEXT('2D SPACE',''
  ) );
#3383 = PCURVE('',#558,#3384);
#3384 = DEFINITIONAL_REPRESENTATION('',(#3385),#3389);
#3385 = LINE('',#3386,#3387);
#3386 = CARTESIAN_POINT('',(0.,-6.3));
#3387 = VECTOR('',#3388,1.);
#3388 = DIRECTION('',(1.,0.));
#3389 = ( GEOMETRIC_REPRESENTATION_CONTEXT(2) 
PARAMETRIC_REPRESENTATION_CONTEXT() REPRESENTATION_CONTEXT('2D SPACE',''
  ) );
#3390 = ORIENTED_EDGE('',*,*,#3391,.T.);
#3391 = EDGE_CURVE('',#3369,#3392,#3394,.T.);
#3392 = VERTEX_POINT('',#3393);
#3393 = CARTESIAN_POINT('',(47.154786106022,75.033660448517,6.3));
#3394 = SURFACE_CURVE('',#3395,(#3399,#3406),.PCURVE_S1.);
#3395 = LINE('',#3396,#3397);
#3396 = CARTESIAN_POINT('',(44.793160730105,74.904641740678,6.3));
#3397 = VECTOR('',#3398,1.);
#3398 = DIRECTION('',(0.998511041635,5.454997463538E-02,0.));
#3399 = PCURVE('',#72,#3400);
#3400 = DEFINITIONAL_REPRESENTATION('',(#3401),#3405);
#3401 = LINE('',#3402,#3403);
#3402 = CARTESIAN_POINT('',(38.98986919475,31.581715705801));
#3403 = VECTOR('',#3404,1.);
#3404 = DIRECTION('',(-0.998511041635,5.454997463538E-02));
#3405 = ( GEOMETRIC_REPRESENTATION_CONTEXT(2) 
PARAMETRIC_REPRESENTATION_CONTEXT() REPRESENTATION_CONTEXT('2D SPACE',''
  ) );
#3406 = PCURVE('',#586,#3407);
#3407 = DEFINITIONAL_REPRESENTATION('',(#3408),#3412);
#3408 = LINE('',#3409,#3410);
#3409 = CARTESIAN_POINT('',(0.,-6.3));
#3410 = VECTOR('',#3411,1.);
#3411 = DIRECTION('',(1.,0.));
#3412 = ( GEOMETRIC_REPRESENTATION_CONTEXT(2) 
PARAMETRIC_REPRESENTATION_CONTEXT() REPRESENTATION_CONTEXT('2D SPACE',''
  ) );
#3413 = ORIENTED_EDGE('',*,*,#3414,.T.);
#3414 = EDGE_CURVE('',#3392,#3415,#3417,.T.);
#3415 = VERTEX_POINT('',#3416);
#3416 = CARTESIAN_POINT('',(49.485430291465,75.3319662732,6.3));
#3417 = SURFACE_CURVE('',#3418,(#3422,#3429),.PCURVE_S1.);
#3418 = LINE('',#3419,#3420);
#3419 = CARTESIAN_POINT('',(47.154786106022,75.033660448517,6.3));
#3420 = VECTOR('',#3421,1.);
#3421 = DIRECTION('',(0.991908199688,0.126957171483,0.));
#3422 = PCURVE('',#72,#3423);
#3423 = DEFINITIONAL_REPRESENTATION('',(#3424),#3428);
#3424 = LINE('',#3425,#3426);
#3425 = CARTESIAN_POINT('',(36.628243818834,31.71073441364));
#3426 = VECTOR('',#3427,1.);
#3427 = DIRECTION('',(-0.991908199688,0.126957171483));
#3428 = ( GEOMETRIC_REPRESENTATION_CONTEXT(2) 
PARAMETRIC_REPRESENTATION_CONTEXT() REPRESENTATION_CONTEXT('2D SPACE',''
  ) );
#3429 = PCURVE('',#614,#3430);
#3430 = DEFINITIONAL_REPRESENTATION('',(#3431),#3435);
#3431 = LINE('',#3432,#3433);
#3432 = CARTESIAN_POINT('',(0.,-6.3));
#3433 = VECTOR('',#3434,1.);
#3434 = DIRECTION('',(1.,0.));
#3435 = ( GEOMETRIC_REPRESENTATION_CONTEXT(2) 
PARAMETRIC_REPRESENTATION_CONTEXT() REPRESENTATION_CONTEXT('2D SPACE',''
  ) );
#3436 = ORIENTED_EDGE('',*,*,#3437,.T.);
#3437 = EDGE_CURVE('',#3415,#3438,#3440,.T.);
#3438 = VERTEX_POINT('',#3439);
#3439 = CARTESIAN_POINT('',(51.455056877253,75.720771007426,6.3));
#3440 = SURFACE_CURVE('',#3441,(#3445,#3452),.PCURVE_S1.);
#3441 = LINE('',#3442,#3443);
#3442 = CARTESIAN_POINT('',(49.485430291465,75.3319662732,6.3));
#3443 = VECTOR('',#3444,1.);
#3444 = DIRECTION('',(0.981068100169,0.193663065221,0.));
#3445 = PCURVE('',#72,#3446);
#3446 = DEFINITIONAL_REPRESENTATION('',(#3447),#3451);
#3447 = LINE('',#3448,#3449);
#3448 = CARTESIAN_POINT('',(34.29759963339,32.009040238322));
#3449 = VECTOR('',#3450,1.);
#3450 = DIRECTION('',(-0.981068100169,0.193663065221));
#3451 = ( GEOMETRIC_REPRESENTATION_CONTEXT(2) 
PARAMETRIC_REPRESENTATION_CONTEXT() REPRESENTATION_CONTEXT('2D SPACE',''
  ) );
#3452 = PCURVE('',#642,#3453);
#3453 = DEFINITIONAL_REPRESENTATION('',(#3454),#3458);
#3454 = LINE('',#3455,#3456);
#3455 = CARTESIAN_POINT('',(0.,-6.3));
#3456 = VECTOR('',#3457,1.);
#3457 = DIRECTION('',(1.,0.));
#3458 = ( GEOMETRIC_REPRESENTATION_CONTEXT(2) 
PARAMETRIC_REPRESENTATION_CONTEXT() REPRESENTATION_CONTEXT('2D SPACE',''
  ) );
#3459 = ORIENTED_EDGE('',*,*,#3460,.T.);
#3460 = EDGE_CURVE('',#3438,#3461,#3463,.T.);
#3461 = VERTEX_POINT('',#3462);
#3462 = CARTESIAN_POINT('',(53.392214173052,76.230496162176,6.3));
#3463 = SURFACE_CURVE('',#3464,(#3468,#3475),.PCURVE_S1.);
#3464 = LINE('',#3465,#3466);
#3465 = CARTESIAN_POINT('',(51.455056877253,75.720771007426,6.3));
#3466 = VECTOR('',#3467,1.);
#3467 = DIRECTION('',(0.967081058832,0.254468516025,0.));
#3468 = PCURVE('',#72,#3469);
#3469 = DEFINITIONAL_REPRESENTATION('',(#3470),#3474);
#3470 = LINE('',#3471,#3472);
#3471 = CARTESIAN_POINT('',(32.327973047602,32.397844972548));
#3472 = VECTOR('',#3473,1.);
#3473 = DIRECTION('',(-0.967081058832,0.254468516025));
#3474 = ( GEOMETRIC_REPRESENTATION_CONTEXT(2) 
PARAMETRIC_REPRESENTATION_CONTEXT() REPRESENTATION_CONTEXT('2D SPACE',''
  ) );
#3475 = PCURVE('',#670,#3476);
#3476 = DEFINITIONAL_REPRESENTATION('',(#3477),#3481);
#3477 = LINE('',#3478,#3479);
#3478 = CARTESIAN_POINT('',(0.,-6.3));
#3479 = VECTOR('',#3480,1.);
#3480 = DIRECTION('',(1.,0.));
#3481 = ( GEOMETRIC_REPRESENTATION_CONTEXT(2) 
PARAMETRIC_REPRESENTATION_CONTEXT() REPRESENTATION_CONTEXT('2D SPACE',''
  ) );
#3482 = ORIENTED_EDGE('',*,*,#3483,.T.);
#3483 = EDGE_CURVE('',#3461,#3484,#3486,.T.);
#3484 = VERTEX_POINT('',#3485);
#3485 = CARTESIAN_POINT('',(55.620450420852,76.980681811271,6.3));
#3486 = SURFACE_CURVE('',#3487,(#3491,#3498),.PCURVE_S1.);
#3487 = LINE('',#3488,#3489);
#3488 = CARTESIAN_POINT('',(53.392214173052,76.230496162176,6.3));
#3489 = VECTOR('',#3490,1.);
#3490 = DIRECTION('',(0.947729662631,0.319074421678,0.));
#3491 = PCURVE('',#72,#3492);
#3492 = DEFINITIONAL_REPRESENTATION('',(#3493),#3497);
#3493 = LINE('',#3494,#3495);
#3494 = CARTESIAN_POINT('',(30.390815751803,32.907570127298));
#3495 = VECTOR('',#3496,1.);
#3496 = DIRECTION('',(-0.947729662631,0.319074421678));
#3497 = ( GEOMETRIC_REPRESENTATION_CONTEXT(2) 
PARAMETRIC_REPRESENTATION_CONTEXT() REPRESENTATION_CONTEXT('2D SPACE',''
  ) );
#3498 = PCURVE('',#698,#3499);
#3499 = DEFINITIONAL_REPRESENTATION('',(#3500),#3504);
#3500 = LINE('',#3501,#3502);
#3501 = CARTESIAN_POINT('',(0.,-6.3));
#3502 = VECTOR('',#3503,1.);
#3503 = DIRECTION('',(1.,0.));
#3504 = ( GEOMETRIC_REPRESENTATION_CONTEXT(2) 
PARAMETRIC_REPRESENTATION_CONTEXT() REPRESENTATION_CONTEXT('2D SPACE',''
  ) );
#3505 = ORIENTED_EDGE('',*,*,#3506,.T.);
#3506 = EDGE_CURVE('',#3484,#3507,#3509,.T.);
#3507 = VERTEX_POINT('',#3508);
#3508 = CARTESIAN_POINT('',(57.470194037542,77.745971493837,6.3));
#3509 = SURFACE_CURVE('',#3510,(#3514,#3521),.PCURVE_S1.);
#3510 = LINE('',#3511,#3512);
#3511 = CARTESIAN_POINT('',(55.620450420852,76.980681811271,6.3));
#3512 = VECTOR('',#3513,1.);
#3513 = DIRECTION('',(0.924038269129,0.382299983241,0.));
#3514 = PCURVE('',#72,#3515);
#3515 = DEFINITIONAL_REPRESENTATION('',(#3516),#3520);
#3516 = LINE('',#3517,#3518);
#3517 = CARTESIAN_POINT('',(28.162579504003,33.657755776394));
#3518 = VECTOR('',#3519,1.);
#3519 = DIRECTION('',(-0.924038269129,0.382299983241));
#3520 = ( GEOMETRIC_REPRESENTATION_CONTEXT(2) 
PARAMETRIC_REPRESENTATION_CONTEXT() REPRESENTATION_CONTEXT('2D SPACE',''
  ) );
#3521 = PCURVE('',#726,#3522);
#3522 = DEFINITIONAL_REPRESENTATION('',(#3523),#3527);
#3523 = LINE('',#3524,#3525);
#3524 = CARTESIAN_POINT('',(0.,-6.3));
#3525 = VECTOR('',#3526,1.);
#3526 = DIRECTION('',(1.,0.));
#3527 = ( GEOMETRIC_REPRESENTATION_CONTEXT(2) 
PARAMETRIC_REPRESENTATION_CONTEXT() REPRESENTATION_CONTEXT('2D SPACE',''
  ) );
#3528 = ORIENTED_EDGE('',*,*,#3529,.T.);
#3529 = EDGE_CURVE('',#3507,#3530,#3532,.T.);
#3530 = VERTEX_POINT('',#3531);
#3531 = CARTESIAN_POINT('',(59.577123211972,78.789352302683,6.3));
#3532 = SURFACE_CURVE('',#3533,(#3537,#3544),.PCURVE_S1.);
#3533 = LINE('',#3534,#3535);
#3534 = CARTESIAN_POINT('',(57.470194037542,77.745971493837,6.3));
#3535 = VECTOR('',#3536,1.);
#3536 = DIRECTION('',(0.896136175562,0.44377917352,0.));
#3537 = PCURVE('',#72,#3538);
#3538 = DEFINITIONAL_REPRESENTATION('',(#3539),#3543);
#3539 = LINE('',#3540,#3541);
#3540 = CARTESIAN_POINT('',(26.312835887313,34.42304545896));
#3541 = VECTOR('',#3542,1.);
#3542 = DIRECTION('',(-0.896136175562,0.44377917352));
#3543 = ( GEOMETRIC_REPRESENTATION_CONTEXT(2) 
PARAMETRIC_REPRESENTATION_CONTEXT() REPRESENTATION_CONTEXT('2D SPACE',''
  ) );
#3544 = PCURVE('',#754,#3545);
#3545 = DEFINITIONAL_REPRESENTATION('',(#3546),#3550);
#3546 = LINE('',#3547,#3548);
#3547 = CARTESIAN_POINT('',(0.,-6.3));
#3548 = VECTOR('',#3549,1.);
#3549 = DIRECTION('',(1.,0.));
#3550 = ( GEOMETRIC_REPRESENTATION_CONTEXT(2) 
PARAMETRIC_REPRESENTATION_CONTEXT() REPRESENTATION_CONTEXT('2D SPACE',''
  ) );
#3551 = ORIENTED_EDGE('',*,*,#3552,.T.);
#3552 = EDGE_CURVE('',#3530,#3553,#3555,.T.);
#3553 = VERTEX_POINT('',#3554);
#3554 = CARTESIAN_POINT('',(61.313422506726,79.800316419847,6.3));
#3555 = SURFACE_CURVE('',#3556,(#3560,#3567),.PCURVE_S1.);
#3556 = LINE('',#3557,#3558);
#3557 = CARTESIAN_POINT('',(59.577123211972,78.789352302683,6.3));
#3558 = VECTOR('',#3559,1.);
#3559 = DIRECTION('',(0.864185250602,0.503173779763,0.));
#3560 = PCURVE('',#72,#3561);
#3561 = DEFINITIONAL_REPRESENTATION('',(#3562),#3566);
#3562 = LINE('',#3563,#3564);
#3563 = CARTESIAN_POINT('',(24.205906712883,35.466426267805));
#3564 = VECTOR('',#3565,1.);
#3565 = DIRECTION('',(-0.864185250602,0.503173779763));
#3566 = ( GEOMETRIC_REPRESENTATION_CONTEXT(2) 
PARAMETRIC_REPRESENTATION_CONTEXT() REPRESENTATION_CONTEXT('2D SPACE',''
  ) );
#3567 = PCURVE('',#782,#3568);
#3568 = DEFINITIONAL_REPRESENTATION('',(#3569),#3573);
#3569 = LINE('',#3570,#3571);
#3570 = CARTESIAN_POINT('',(0.,-6.3));
#3571 = VECTOR('',#3572,1.);
#3572 = DIRECTION('',(1.,0.));
#3573 = ( GEOMETRIC_REPRESENTATION_CONTEXT(2) 
PARAMETRIC_REPRESENTATION_CONTEXT() REPRESENTATION_CONTEXT('2D SPACE',''
  ) );
#3574 = ORIENTED_EDGE('',*,*,#3575,.T.);
#3575 = EDGE_CURVE('',#3553,#3576,#3578,.T.);
#3576 = VERTEX_POINT('',#3577);
#3577 = CARTESIAN_POINT('',(62.699219156527,80.717003286311,6.3));
#3578 = SURFACE_CURVE('',#3579,(#3583,#3590),.PCURVE_S1.);
#3579 = LINE('',#3580,#3581);
#3580 = CARTESIAN_POINT('',(61.313422506726,79.800316419847,6.3));
#3581 = VECTOR('',#3582,1.);
#3582 = DIRECTION('',(0.834038674854,0.551705980435,0.));
#3583 = PCURVE('',#72,#3584);
#3584 = DEFINITIONAL_REPRESENTATION('',(#3585),#3589);
#3585 = LINE('',#3586,#3587);
#3586 = CARTESIAN_POINT('',(22.469607418129,36.477390384969));
#3587 = VECTOR('',#3588,1.);
#3588 = DIRECTION('',(-0.834038674854,0.551705980435));
#3589 = ( GEOMETRIC_REPRESENTATION_CONTEXT(2) 
PARAMETRIC_REPRESENTATION_CONTEXT() REPRESENTATION_CONTEXT('2D SPACE',''
  ) );
#3590 = PCURVE('',#810,#3591);
#3591 = DEFINITIONAL_REPRESENTATION('',(#3592),#3596);
#3592 = LINE('',#3593,#3594);
#3593 = CARTESIAN_POINT('',(0.,-6.3));
#3594 = VECTOR('',#3595,1.);
#3595 = DIRECTION('',(1.,0.));
#3596 = ( GEOMETRIC_REPRESENTATION_CONTEXT(2) 
PARAMETRIC_REPRESENTATION_CONTEXT() REPRESENTATION_CONTEXT('2D SPACE',''
  ) );
#3597 = ORIENTED_EDGE('',*,*,#3598,.T.);
#3598 = EDGE_CURVE('',#3576,#3599,#3601,.T.);
#3599 = VERTEX_POINT('',#3600);
#3600 = CARTESIAN_POINT('',(64.87107607766,82.334125378076,6.3));
#3601 = SURFACE_CURVE('',#3602,(#3606,#3613),.PCURVE_S1.);
#3602 = LINE('',#3603,#3604);
#3603 = CARTESIAN_POINT('',(62.699219156527,80.717003286311,6.3));
#3604 = VECTOR('',#3605,1.);
#3605 = DIRECTION('',(0.802081704938,0.597214315471,0.));
#3606 = PCURVE('',#72,#3607);
#3607 = DEFINITIONAL_REPRESENTATION('',(#3608),#3612);
#3608 = LINE('',#3609,#3610);
#3609 = CARTESIAN_POINT('',(21.083810768329,37.394077251433));
#3610 = VECTOR('',#3611,1.);
#3611 = DIRECTION('',(-0.802081704938,0.597214315471));
#3612 = ( GEOMETRIC_REPRESENTATION_CONTEXT(2) 
PARAMETRIC_REPRESENTATION_CONTEXT() REPRESENTATION_CONTEXT('2D SPACE',''
  ) );
#3613 = PCURVE('',#838,#3614);
#3614 = DEFINITIONAL_REPRESENTATION('',(#3615),#3619);
#3615 = LINE('',#3616,#3617);
#3616 = CARTESIAN_POINT('',(0.,-6.3));
#3617 = VECTOR('',#3618,1.);
#3618 = DIRECTION('',(1.,0.));
#3619 = ( GEOMETRIC_REPRESENTATION_CONTEXT(2) 
PARAMETRIC_REPRESENTATION_CONTEXT() REPRESENTATION_CONTEXT('2D SPACE',''
  ) );
#3620 = ORIENTED_EDGE('',*,*,#3621,.T.);
#3621 = EDGE_CURVE('',#3599,#3622,#3624,.T.);
#3622 = VERTEX_POINT('',#3623);
#3623 = CARTESIAN_POINT('',(65.9581227825,83.011687998851,6.3));
#3624 = SURFACE_CURVE('',#3625,(#3629,#3636),.PCURVE_S1.);
#3625 = LINE('',#3626,#3627);
#3626 = CARTESIAN_POINT('',(64.87107607766,82.334125378076,6.3));
#3627 = VECTOR('',#3628,1.);
#3628 = DIRECTION('',(0.848643826861,0.528964701215,0.));
#3629 = PCURVE('',#72,#3630);
#3630 = DEFINITIONAL_REPRESENTATION('',(#3631),#3635);
#3631 = LINE('',#3632,#3633);
#3632 = CARTESIAN_POINT('',(18.911953847195,39.011199343199));
#3633 = VECTOR('',#3634,1.);
#3634 = DIRECTION('',(-0.848643826861,0.528964701215));
#3635 = ( GEOMETRIC_REPRESENTATION_CONTEXT(2) 
PARAMETRIC_REPRESENTATION_CONTEXT() REPRESENTATION_CONTEXT('2D SPACE',''
  ) );
#3636 = PCURVE('',#866,#3637);
#3637 = DEFINITIONAL_REPRESENTATION('',(#3638),#3642);
#3638 = LINE('',#3639,#3640);
#3639 = CARTESIAN_POINT('',(0.,-6.3));
#3640 = VECTOR('',#3641,1.);
#3641 = DIRECTION('',(1.,0.));
#3642 = ( GEOMETRIC_REPRESENTATION_CONTEXT(2) 
PARAMETRIC_REPRESENTATION_CONTEXT() REPRESENTATION_CONTEXT('2D SPACE',''
  ) );
#3643 = ORIENTED_EDGE('',*,*,#3644,.T.);
#3644 = EDGE_CURVE('',#3622,#3645,#3647,.T.);
#3645 = VERTEX_POINT('',#3646);
#3646 = CARTESIAN_POINT('',(67.36258292856,83.671672105714,6.3));
#3647 = SURFACE_CURVE('',#3648,(#3652,#3659),.PCURVE_S1.);
#3648 = LINE('',#3649,#3650);
#3649 = CARTESIAN_POINT('',(65.9581227825,83.011687998851,6.3));
#3650 = VECTOR('',#3651,1.);
#3651 = DIRECTION('',(0.905051524262,0.425301937959,0.));
#3652 = PCURVE('',#72,#3653);
#3653 = DEFINITIONAL_REPRESENTATION('',(#3654),#3658);
#3654 = LINE('',#3655,#3656);
#3655 = CARTESIAN_POINT('',(17.824907142356,39.688761963973));
#3656 = VECTOR('',#3657,1.);
#3657 = DIRECTION('',(-0.905051524262,0.425301937959));
#3658 = ( GEOMETRIC_REPRESENTATION_CONTEXT(2) 
PARAMETRIC_REPRESENTATION_CONTEXT() REPRESENTATION_CONTEXT('2D SPACE',''
  ) );
#3659 = PCURVE('',#894,#3660);
#3660 = DEFINITIONAL_REPRESENTATION('',(#3661),#3665);
#3661 = LINE('',#3662,#3663);
#3662 = CARTESIAN_POINT('',(0.,-6.3));
#3663 = VECTOR('',#3664,1.);
#3664 = DIRECTION('',(1.,0.));
#3665 = ( GEOMETRIC_REPRESENTATION_CONTEXT(2) 
PARAMETRIC_REPRESENTATION_CONTEXT() REPRESENTATION_CONTEXT('2D SPACE',''
  ) );
#3666 = ORIENTED_EDGE('',*,*,#3667,.T.);
#3667 = EDGE_CURVE('',#3645,#3668,#3670,.T.);
#3668 = VERTEX_POINT('',#3669);
#3669 = CARTESIAN_POINT('',(68.959990438116,84.173920664998,6.3));
#3670 = SURFACE_CURVE('',#3671,(#3675,#3682),.PCURVE_S1.);
#3671 = LINE('',#3672,#3673);
#3672 = CARTESIAN_POINT('',(67.36258292856,83.671672105714,6.3));
#3673 = VECTOR('',#3674,1.);
#3674 = DIRECTION('',(0.953958488135,0.299938665254,0.));
#3675 = PCURVE('',#72,#3676);
#3676 = DEFINITIONAL_REPRESENTATION('',(#3677),#3681);
#3677 = LINE('',#3678,#3679);
#3678 = CARTESIAN_POINT('',(16.420446996295,40.348746070837));
#3679 = VECTOR('',#3680,1.);
#3680 = DIRECTION('',(-0.953958488135,0.299938665254));
#3681 = ( GEOMETRIC_REPRESENTATION_CONTEXT(2) 
PARAMETRIC_REPRESENTATION_CONTEXT() REPRESENTATION_CONTEXT('2D SPACE',''
  ) );
#3682 = PCURVE('',#922,#3683);
#3683 = DEFINITIONAL_REPRESENTATION('',(#3684),#3688);
#3684 = LINE('',#3685,#3686);
#3685 = CARTESIAN_POINT('',(0.,-6.3));
#3686 = VECTOR('',#3687,1.);
#3687 = DIRECTION('',(1.,0.));
#3688 = ( GEOMETRIC_REPRESENTATION_CONTEXT(2) 
PARAMETRIC_REPRESENTATION_CONTEXT() REPRESENTATION_CONTEXT('2D SPACE',''
  ) );
#3689 = ORIENTED_EDGE('',*,*,#3690,.T.);
#3690 = EDGE_CURVE('',#3668,#3691,#3693,.T.);
#3691 = VERTEX_POINT('',#3692);
#3692 = CARTESIAN_POINT('',(70.60927393779,84.447572912759,6.3));
#3693 = SURFACE_CURVE('',#3694,(#3698,#3705),.PCURVE_S1.);
#3694 = LINE('',#3695,#3696);
#3695 = CARTESIAN_POINT('',(68.959990438116,84.173920664998,6.3));
#3696 = VECTOR('',#3697,1.);
#3697 = DIRECTION('',(0.986512809277,0.163684077211,0.));
#3698 = PCURVE('',#72,#3699);
#3699 = DEFINITIONAL_REPRESENTATION('',(#3700),#3704);
#3700 = LINE('',#3701,#3702);
#3701 = CARTESIAN_POINT('',(14.823039486739,40.850994630121));
#3702 = VECTOR('',#3703,1.);
#3703 = DIRECTION('',(-0.986512809277,0.163684077211));
#3704 = ( GEOMETRIC_REPRESENTATION_CONTEXT(2) 
PARAMETRIC_REPRESENTATION_CONTEXT() REPRESENTATION_CONTEXT('2D SPACE',''
  ) );
#3705 = PCURVE('',#950,#3706);
#3706 = DEFINITIONAL_REPRESENTATION('',(#3707),#3711);
#3707 = LINE('',#3708,#3709);
#3708 = CARTESIAN_POINT('',(0.,-6.3));
#3709 = VECTOR('',#3710,1.);
#3710 = DIRECTION('',(1.,0.));
#3711 = ( GEOMETRIC_REPRESENTATION_CONTEXT(2) 
PARAMETRIC_REPRESENTATION_CONTEXT() REPRESENTATION_CONTEXT('2D SPACE',''
  ) );
#3712 = ORIENTED_EDGE('',*,*,#3713,.T.);
#3713 = EDGE_CURVE('',#3691,#3714,#3716,.T.);
#3714 = VERTEX_POINT('',#3715);
#3715 = CARTESIAN_POINT('',(72.22194292892,84.493683847774,6.3));
#3716 = SURFACE_CURVE('',#3717,(#3721,#3728),.PCURVE_S1.);
#3717 = LINE('',#3718,#3719);
#3718 = CARTESIAN_POINT('',(70.60927393779,84.447572912759,6.3));
#3719 = VECTOR('',#3720,1.);
#3720 = DIRECTION('',(0.999591472594,2.858125113553E-02,0.));
#3721 = PCURVE('',#72,#3722);
#3722 = DEFINITIONAL_REPRESENTATION('',(#3723),#3727);
#3723 = LINE('',#3724,#3725);
#3724 = CARTESIAN_POINT('',(13.173755987065,41.124646877881));
#3725 = VECTOR('',#3726,1.);
#3726 = DIRECTION('',(-0.999591472594,2.858125113553E-02));
#3727 = ( GEOMETRIC_REPRESENTATION_CONTEXT(2) 
PARAMETRIC_REPRESENTATION_CONTEXT() REPRESENTATION_CONTEXT('2D SPACE',''
  ) );
#3728 = PCURVE('',#978,#3729);
#3729 = DEFINITIONAL_REPRESENTATION('',(#3730),#3734);
#3730 = LINE('',#3731,#3732);
#3731 = CARTESIAN_POINT('',(0.,-6.3));
#3732 = VECTOR('',#3733,1.);
#3733 = DIRECTION('',(1.,0.));
#3734 = ( GEOMETRIC_REPRESENTATION_CONTEXT(2) 
PARAMETRIC_REPRESENTATION_CONTEXT() REPRESENTATION_CONTEXT('2D SPACE',''
  ) );
#3735 = ORIENTED_EDGE('',*,*,#3736,.T.);
#3736 = EDGE_CURVE('',#3714,#3737,#3739,.T.);
#3737 = VERTEX_POINT('',#3738);
#3738 = CARTESIAN_POINT('',(82.369164147406,83.724399178244,6.3));
#3739 = SURFACE_CURVE('',#3740,(#3744,#3751),.PCURVE_S1.);
#3740 = LINE('',#3741,#3742);
#3741 = CARTESIAN_POINT('',(72.22194292892,84.493683847774,6.3));
#3742 = VECTOR('',#3743,1.);
#3743 = DIRECTION('',(0.997138572597,-7.559541679232E-02,0.));
#3744 = PCURVE('',#72,#3745);
#3745 = DEFINITIONAL_REPRESENTATION('',(#3746),#3750);
#3746 = LINE('',#3747,#3748);
#3747 = CARTESIAN_POINT('',(11.561086995936,41.170757812896));
#3748 = VECTOR('',#3749,1.);
#3749 = DIRECTION('',(-0.997138572597,-7.559541679232E-02));
#3750 = ( GEOMETRIC_REPRESENTATION_CONTEXT(2) 
PARAMETRIC_REPRESENTATION_CONTEXT() REPRESENTATION_CONTEXT('2D SPACE',''
  ) );
#3751 = PCURVE('',#1006,#3752);
#3752 = DEFINITIONAL_REPRESENTATION('',(#3753),#3757);
#3753 = LINE('',#3754,#3755);
#3754 = CARTESIAN_POINT('',(0.,-6.3));
#3755 = VECTOR('',#3756,1.);
#3756 = DIRECTION('',(1.,0.));
#3757 = ( GEOMETRIC_REPRESENTATION_CONTEXT(2) 
PARAMETRIC_REPRESENTATION_CONTEXT() REPRESENTATION_CONTEXT('2D SPACE',''
  ) );
#3758 = ORIENTED_EDGE('',*,*,#3759,.T.);
#3759 = EDGE_CURVE('',#3737,#3760,#3762,.T.);
#3760 = VERTEX_POINT('',#3761);
#3761 = CARTESIAN_POINT('',(87.17867590496,83.631451419497,6.3));
#3762 = SURFACE_CURVE('',#3763,(#3767,#3774),.PCURVE_S1.);
#3763 = LINE('',#3764,#3765);
#3764 = CARTESIAN_POINT('',(82.369164147406,83.724399178244,6.3));
#3765 = VECTOR('',#3766,1.);
#3766 = DIRECTION('',(0.999813308633,-1.932221208466E-02,0.));
#3767 = PCURVE('',#72,#3768);
#3768 = DEFINITIONAL_REPRESENTATION('',(#3769),#3773);
#3769 = LINE('',#3770,#3771);
#3770 = CARTESIAN_POINT('',(1.41386577745,40.401473143366));
#3771 = VECTOR('',#3772,1.);
#3772 = DIRECTION('',(-0.999813308633,-1.932221208466E-02));
#3773 = ( GEOMETRIC_REPRESENTATION_CONTEXT(2) 
PARAMETRIC_REPRESENTATION_CONTEXT() REPRESENTATION_CONTEXT('2D SPACE',''
  ) );
#3774 = PCURVE('',#1034,#3775);
#3775 = DEFINITIONAL_REPRESENTATION('',(#3776),#3780);
#3776 = LINE('',#3777,#3778);
#3777 = CARTESIAN_POINT('',(0.,-6.3));
#3778 = VECTOR('',#3779,1.);
#3779 = DIRECTION('',(1.,0.));
#3780 = ( GEOMETRIC_REPRESENTATION_CONTEXT(2) 
PARAMETRIC_REPRESENTATION_CONTEXT() REPRESENTATION_CONTEXT('2D SPACE',''
  ) );
#3781 = ORIENTED_EDGE('',*,*,#3782,.T.);
#3782 = EDGE_CURVE('',#3760,#3783,#3785,.T.);
#3783 = VERTEX_POINT('',#3784);
#3784 = CARTESIAN_POINT('',(90.14483404125,83.738874263696,6.3));
#3785 = SURFACE_CURVE('',#3786,(#3790,#3797),.PCURVE_S1.);
#3786 = LINE('',#3787,#3788);
#3787 = CARTESIAN_POINT('',(87.17867590496,83.631451419497,6.3));
#3788 = VECTOR('',#3789,1.);
#3789 = DIRECTION('',(0.999344839458,3.619242806965E-02,0.));
#3790 = PCURVE('',#72,#3791);
#3791 = DEFINITIONAL_REPRESENTATION('',(#3792),#3796);
#3792 = LINE('',#3793,#3794);
#3793 = CARTESIAN_POINT('',(-3.395645980105,40.308525384619));
#3794 = VECTOR('',#3795,1.);
#3795 = DIRECTION('',(-0.999344839458,3.619242806965E-02));
#3796 = ( GEOMETRIC_REPRESENTATION_CONTEXT(2) 
PARAMETRIC_REPRESENTATION_CONTEXT() REPRESENTATION_CONTEXT('2D SPACE',''
  ) );
#3797 = PCURVE('',#1062,#3798);
#3798 = DEFINITIONAL_REPRESENTATION('',(#3799),#3803);
#3799 = LINE('',#3800,#3801);
#3800 = CARTESIAN_POINT('',(0.,-6.3));
#3801 = VECTOR('',#3802,1.);
#3802 = DIRECTION('',(1.,0.));
#3803 = ( GEOMETRIC_REPRESENTATION_CONTEXT(2) 
PARAMETRIC_REPRESENTATION_CONTEXT() REPRESENTATION_CONTEXT('2D SPACE',''
  ) );
#3804 = ORIENTED_EDGE('',*,*,#3805,.T.);
#3805 = EDGE_CURVE('',#3783,#3806,#3808,.T.);
#3806 = VERTEX_POINT('',#3807);
#3807 = CARTESIAN_POINT('',(93.127098483904,83.974608060998,6.3));
#3808 = SURFACE_CURVE('',#3809,(#3813,#3820),.PCURVE_S1.);
#3809 = LINE('',#3810,#3811);
#3810 = CARTESIAN_POINT('',(90.14483404125,83.738874263696,6.3));
#3811 = VECTOR('',#3812,1.);
#3812 = DIRECTION('',(0.996890489269,7.879944419675E-02,0.));
#3813 = PCURVE('',#72,#3814);
#3814 = DEFINITIONAL_REPRESENTATION('',(#3815),#3819);
#3815 = LINE('',#3816,#3817);
#3816 = CARTESIAN_POINT('',(-6.361804116395,40.415948228819));
#3817 = VECTOR('',#3818,1.);
#3818 = DIRECTION('',(-0.996890489269,7.879944419675E-02));
#3819 = ( GEOMETRIC_REPRESENTATION_CONTEXT(2) 
PARAMETRIC_REPRESENTATION_CONTEXT() REPRESENTATION_CONTEXT('2D SPACE',''
  ) );
#3820 = PCURVE('',#1090,#3821);
#3821 = DEFINITIONAL_REPRESENTATION('',(#3822),#3826);
#3822 = LINE('',#3823,#3824);
#3823 = CARTESIAN_POINT('',(0.,-6.3));
#3824 = VECTOR('',#3825,1.);
#3825 = DIRECTION('',(1.,0.));
#3826 = ( GEOMETRIC_REPRESENTATION_CONTEXT(2) 
PARAMETRIC_REPRESENTATION_CONTEXT() REPRESENTATION_CONTEXT('2D SPACE',''
  ) );
#3827 = ORIENTED_EDGE('',*,*,#3828,.T.);
#3828 = EDGE_CURVE('',#3806,#3829,#3831,.T.);
#3829 = VERTEX_POINT('',#3830);
#3830 = CARTESIAN_POINT('',(95.494054071791,84.25363930808,6.3));
#3831 = SURFACE_CURVE('',#3832,(#3836,#3843),.PCURVE_S1.);
#3832 = LINE('',#3833,#3834);
#3833 = CARTESIAN_POINT('',(93.127098483904,83.974608060998,6.3));
#3834 = VECTOR('',#3835,1.);
#3835 = DIRECTION('',(0.993123024814,0.117075435441,0.));
#3836 = PCURVE('',#72,#3837);
#3837 = DEFINITIONAL_REPRESENTATION('',(#3838),#3842);
#3838 = LINE('',#3839,#3840);
#3839 = CARTESIAN_POINT('',(-9.344068559049,40.65168202612));
#3840 = VECTOR('',#3841,1.);
#3841 = DIRECTION('',(-0.993123024814,0.117075435441));
#3842 = ( GEOMETRIC_REPRESENTATION_CONTEXT(2) 
PARAMETRIC_REPRESENTATION_CONTEXT() REPRESENTATION_CONTEXT('2D SPACE',''
  ) );
#3843 = PCURVE('',#1118,#3844);
#3844 = DEFINITIONAL_REPRESENTATION('',(#3845),#3849);
#3845 = LINE('',#3846,#3847);
#3846 = CARTESIAN_POINT('',(0.,-6.3));
#3847 = VECTOR('',#3848,1.);
#3848 = DIRECTION('',(1.,0.));
#3849 = ( GEOMETRIC_REPRESENTATION_CONTEXT(2) 
PARAMETRIC_REPRESENTATION_CONTEXT() REPRESENTATION_CONTEXT('2D SPACE',''
  ) );
#3850 = ORIENTED_EDGE('',*,*,#3851,.T.);
#3851 = EDGE_CURVE('',#3829,#3852,#3854,.T.);
#3852 = VERTEX_POINT('',#3853);
#3853 = CARTESIAN_POINT('',(98.449374857687,84.717876182114,6.3));
#3854 = SURFACE_CURVE('',#3855,(#3859,#3866),.PCURVE_S1.);
#3855 = LINE('',#3856,#3857);
#3856 = CARTESIAN_POINT('',(95.494054071791,84.25363930808,6.3));
#3857 = VECTOR('',#3858,1.);
#3858 = DIRECTION('',(0.987885873276,0.155182155487,0.));
#3859 = PCURVE('',#72,#3860);
#3860 = DEFINITIONAL_REPRESENTATION('',(#3861),#3865);
#3861 = LINE('',#3862,#3863);
#3862 = CARTESIAN_POINT('',(-11.71102414693,40.930713273203));
#3863 = VECTOR('',#3864,1.);
#3864 = DIRECTION('',(-0.987885873276,0.155182155487));
#3865 = ( GEOMETRIC_REPRESENTATION_CONTEXT(2) 
PARAMETRIC_REPRESENTATION_CONTEXT() REPRESENTATION_CONTEXT('2D SPACE',''
  ) );
#3866 = PCURVE('',#1146,#3867);
#3867 = DEFINITIONAL_REPRESENTATION('',(#3868),#3872);
#3868 = LINE('',#3869,#3870);
#3869 = CARTESIAN_POINT('',(0.,-6.3));
#3870 = VECTOR('',#3871,1.);
#3871 = DIRECTION('',(1.,0.));
#3872 = ( GEOMETRIC_REPRESENTATION_CONTEXT(2) 
PARAMETRIC_REPRESENTATION_CONTEXT() REPRESENTATION_CONTEXT('2D SPACE',''
  ) );
#3873 = ORIENTED_EDGE('',*,*,#3874,.T.);
#3874 = EDGE_CURVE('',#3852,#3875,#3877,.T.);
#3875 = VERTEX_POINT('',#3876);
#3876 = CARTESIAN_POINT('',(101.37366640521,85.306076174153,6.3));
#3877 = SURFACE_CURVE('',#3878,(#3882,#3889),.PCURVE_S1.);
#3878 = LINE('',#3879,#3880);
#3879 = CARTESIAN_POINT('',(98.449374857687,84.717876182114,6.3));
#3880 = VECTOR('',#3881,1.);
#3881 = DIRECTION('',(0.980364642786,0.197193222943,0.));
#3882 = PCURVE('',#72,#3883);
#3883 = DEFINITIONAL_REPRESENTATION('',(#3884),#3888);
#3884 = LINE('',#3885,#3886);
#3885 = CARTESIAN_POINT('',(-14.66634493283,41.394950147237));
#3886 = VECTOR('',#3887,1.);
#3887 = DIRECTION('',(-0.980364642786,0.197193222943));
#3888 = ( GEOMETRIC_REPRESENTATION_CONTEXT(2) 
PARAMETRIC_REPRESENTATION_CONTEXT() REPRESENTATION_CONTEXT('2D SPACE',''
  ) );
#3889 = PCURVE('',#1174,#3890);
#3890 = DEFINITIONAL_REPRESENTATION('',(#3891),#3895);
#3891 = LINE('',#3892,#3893);
#3892 = CARTESIAN_POINT('',(0.,-6.3));
#3893 = VECTOR('',#3894,1.);
#3894 = DIRECTION('',(1.,0.));
#3895 = ( GEOMETRIC_REPRESENTATION_CONTEXT(2) 
PARAMETRIC_REPRESENTATION_CONTEXT() REPRESENTATION_CONTEXT('2D SPACE',''
  ) );
#3896 = ORIENTED_EDGE('',*,*,#3897,.T.);
#3897 = EDGE_CURVE('',#3875,#3898,#3900,.T.);
#3898 = VERTEX_POINT('',#3899);
#3899 = CARTESIAN_POINT('',(104.27391623752,86.019438748846,6.3));
#3900 = SURFACE_CURVE('',#3901,(#3905,#3912),.PCURVE_S1.);
#3901 = LINE('',#3902,#3903);
#3902 = CARTESIAN_POINT('',(101.37366640521,85.306076174153,6.3));
#3903 = VECTOR('',#3904,1.);
#3904 = DIRECTION('',(0.971057220682,0.23884696808,0.));
#3905 = PCURVE('',#72,#3906);
#3906 = DEFINITIONAL_REPRESENTATION('',(#3907),#3911);
#3907 = LINE('',#3908,#3909);
#3908 = CARTESIAN_POINT('',(-17.59063648036,41.983150139275));
#3909 = VECTOR('',#3910,1.);
#3910 = DIRECTION('',(-0.971057220682,0.23884696808));
#3911 = ( GEOMETRIC_REPRESENTATION_CONTEXT(2) 
PARAMETRIC_REPRESENTATION_CONTEXT() REPRESENTATION_CONTEXT('2D SPACE',''
  ) );
#3912 = PCURVE('',#1202,#3913);
#3913 = DEFINITIONAL_REPRESENTATION('',(#3914),#3918);
#3914 = LINE('',#3915,#3916);
#3915 = CARTESIAN_POINT('',(0.,-6.3));
#3916 = VECTOR('',#3917,1.);
#3917 = DIRECTION('',(1.,0.));
#3918 = ( GEOMETRIC_REPRESENTATION_CONTEXT(2) 
PARAMETRIC_REPRESENTATION_CONTEXT() REPRESENTATION_CONTEXT('2D SPACE',''
  ) );
#3919 = ORIENTED_EDGE('',*,*,#3920,.T.);
#3920 = EDGE_CURVE('',#3898,#3921,#3923,.T.);
#3921 = VERTEX_POINT('',#3922);
#3922 = CARTESIAN_POINT('',(107.14101283635,86.855961654747,6.3));
#3923 = SURFACE_CURVE('',#3924,(#3928,#3935),.PCURVE_S1.);
#3924 = LINE('',#3925,#3926);
#3925 = CARTESIAN_POINT('',(104.27391623752,86.019438748846,6.3));
#3926 = VECTOR('',#3927,1.);
#3927 = DIRECTION('',(0.959974219883,0.28008837384,0.));
#3928 = PCURVE('',#72,#3929);
#3929 = DEFINITIONAL_REPRESENTATION('',(#3930),#3934);
#3930 = LINE('',#3931,#3932);
#3931 = CARTESIAN_POINT('',(-20.49088631266,42.696512713968));
#3932 = VECTOR('',#3933,1.);
#3933 = DIRECTION('',(-0.959974219883,0.28008837384));
#3934 = ( GEOMETRIC_REPRESENTATION_CONTEXT(2) 
PARAMETRIC_REPRESENTATION_CONTEXT() REPRESENTATION_CONTEXT('2D SPACE',''
  ) );
#3935 = PCURVE('',#1230,#3936);
#3936 = DEFINITIONAL_REPRESENTATION('',(#3937),#3941);
#3937 = LINE('',#3938,#3939);
#3938 = CARTESIAN_POINT('',(0.,-6.3));
#3939 = VECTOR('',#3940,1.);
#3940 = DIRECTION('',(1.,0.));
#3941 = ( GEOMETRIC_REPRESENTATION_CONTEXT(2) 
PARAMETRIC_REPRESENTATION_CONTEXT() REPRESENTATION_CONTEXT('2D SPACE',''
  ) );
#3942 = ORIENTED_EDGE('',*,*,#3943,.T.);
#3943 = EDGE_CURVE('',#3921,#3944,#3946,.T.);
#3944 = VERTEX_POINT('',#3945);
#3945 = CARTESIAN_POINT('',(109.95583238173,87.809414528889,6.3));
#3946 = SURFACE_CURVE('',#3947,(#3951,#3958),.PCURVE_S1.);
#3947 = LINE('',#3948,#3949);
#3948 = CARTESIAN_POINT('',(107.14101283635,86.855961654747,6.3));
#3949 = VECTOR('',#3950,1.);
#3950 = DIRECTION('',(0.947139846492,0.320820995552,0.));
#3951 = PCURVE('',#72,#3952);
#3952 = DEFINITIONAL_REPRESENTATION('',(#3953),#3957);
#3953 = LINE('',#3954,#3955);
#3954 = CARTESIAN_POINT('',(-23.35798291149,43.53303561987));
#3955 = VECTOR('',#3956,1.);
#3956 = DIRECTION('',(-0.947139846492,0.320820995552));
#3957 = ( GEOMETRIC_REPRESENTATION_CONTEXT(2) 
PARAMETRIC_REPRESENTATION_CONTEXT() REPRESENTATION_CONTEXT('2D SPACE',''
  ) );
#3958 = PCURVE('',#1258,#3959);
#3959 = DEFINITIONAL_REPRESENTATION('',(#3960),#3964);
#3960 = LINE('',#3961,#3962);
#3961 = CARTESIAN_POINT('',(0.,-6.3));
#3962 = VECTOR('',#3963,1.);
#3963 = DIRECTION('',(1.,0.));
#3964 = ( GEOMETRIC_REPRESENTATION_CONTEXT(2) 
PARAMETRIC_REPRESENTATION_CONTEXT() REPRESENTATION_CONTEXT('2D SPACE',''
  ) );
#3965 = ORIENTED_EDGE('',*,*,#3966,.T.);
#3966 = EDGE_CURVE('',#3944,#3967,#3969,.T.);
#3967 = VERTEX_POINT('',#3968);
#3968 = CARTESIAN_POINT('',(114.42816157776,89.606714838142,6.3));
#3969 = SURFACE_CURVE('',#3970,(#3974,#3981),.PCURVE_S1.);
#3970 = LINE('',#3971,#3972);
#3971 = CARTESIAN_POINT('',(109.95583238173,87.809414528889,6.3));
#3972 = VECTOR('',#3973,1.);
#3973 = DIRECTION('',(0.927876779349,0.372886956522,0.));
#3974 = PCURVE('',#72,#3975);
#3975 = DEFINITIONAL_REPRESENTATION('',(#3976),#3980);
#3976 = LINE('',#3977,#3978);
#3977 = CARTESIAN_POINT('',(-26.17280245688,44.486488494012));
#3978 = VECTOR('',#3979,1.);
#3979 = DIRECTION('',(-0.927876779349,0.372886956522));
#3980 = ( GEOMETRIC_REPRESENTATION_CONTEXT(2) 
PARAMETRIC_REPRESENTATION_CONTEXT() REPRESENTATION_CONTEXT('2D SPACE',''
  ) );
#3981 = PCURVE('',#1286,#3982);
#3982 = DEFINITIONAL_REPRESENTATION('',(#3983),#3987);
#3983 = LINE('',#3984,#3985);
#3984 = CARTESIAN_POINT('',(0.,-6.3));
#3985 = VECTOR('',#3986,1.);
#3986 = DIRECTION('',(1.,0.));
#3987 = ( GEOMETRIC_REPRESENTATION_CONTEXT(2) 
PARAMETRIC_REPRESENTATION_CONTEXT() REPRESENTATION_CONTEXT('2D SPACE',''
  ) );
#3988 = ORIENTED_EDGE('',*,*,#3989,.T.);
#3989 = EDGE_CURVE('',#3967,#3990,#3992,.T.);
#3990 = VERTEX_POINT('',#3991);
#3991 = CARTESIAN_POINT('',(124.64244946109,94.252002799846,6.3));
#3992 = SURFACE_CURVE('',#3993,(#3997,#4004),.PCURVE_S1.);
#3993 = LINE('',#3994,#3995);
#3994 = CARTESIAN_POINT('',(114.42816157776,89.606714838142,6.3));
#3995 = VECTOR('',#3996,1.);
#3996 = DIRECTION('',(0.910284885074,0.413982400599,0.));
#3997 = PCURVE('',#72,#3998);
#3998 = DEFINITIONAL_REPRESENTATION('',(#3999),#4003);
#3999 = LINE('',#4000,#4001);
#4000 = CARTESIAN_POINT('',(-30.64513165291,46.283788803264));
#4001 = VECTOR('',#4002,1.);
#4002 = DIRECTION('',(-0.910284885074,0.413982400599));
#4003 = ( GEOMETRIC_REPRESENTATION_CONTEXT(2) 
PARAMETRIC_REPRESENTATION_CONTEXT() REPRESENTATION_CONTEXT('2D SPACE',''
  ) );
#4004 = PCURVE('',#1314,#4005);
#4005 = DEFINITIONAL_REPRESENTATION('',(#4006),#4010);
#4006 = LINE('',#4007,#4008);
#4007 = CARTESIAN_POINT('',(0.,-6.3));
#4008 = VECTOR('',#4009,1.);
#4009 = DIRECTION('',(1.,0.));
#4010 = ( GEOMETRIC_REPRESENTATION_CONTEXT(2) 
PARAMETRIC_REPRESENTATION_CONTEXT() REPRESENTATION_CONTEXT('2D SPACE',''
  ) );
#4011 = ORIENTED_EDGE('',*,*,#4012,.T.);
#4012 = EDGE_CURVE('',#3990,#4013,#4015,.T.);
#4013 = VERTEX_POINT('',#4014);
#4014 = CARTESIAN_POINT('',(125.87809862852,94.565909087508,6.3));
#4015 = SURFACE_CURVE('',#4016,(#4020,#4027),.PCURVE_S1.);
#4016 = LINE('',#4017,#4018);
#4017 = CARTESIAN_POINT('',(124.64244946109,94.252002799846,6.3));
#4018 = VECTOR('',#4019,1.);
#4019 = DIRECTION('',(0.969213807491,0.246220623362,0.));
#4020 = PCURVE('',#72,#4021);
#4021 = DEFINITIONAL_REPRESENTATION('',(#4022),#4026);
#4022 = LINE('',#4023,#4024);
#4023 = CARTESIAN_POINT('',(-40.85941953624,50.929076764968));
#4024 = VECTOR('',#4025,1.);
#4025 = DIRECTION('',(-0.969213807491,0.246220623362));
#4026 = ( GEOMETRIC_REPRESENTATION_CONTEXT(2) 
PARAMETRIC_REPRESENTATION_CONTEXT() REPRESENTATION_CONTEXT('2D SPACE',''
  ) );
#4027 = PCURVE('',#1342,#4028);
#4028 = DEFINITIONAL_REPRESENTATION('',(#4029),#4033);
#4029 = LINE('',#4030,#4031);
#4030 = CARTESIAN_POINT('',(0.,-6.3));
#4031 = VECTOR('',#4032,1.);
#4032 = DIRECTION('',(1.,0.));
#4033 = ( GEOMETRIC_REPRESENTATION_CONTEXT(2) 
PARAMETRIC_REPRESENTATION_CONTEXT() REPRESENTATION_CONTEXT('2D SPACE',''
  ) );
#4034 = ORIENTED_EDGE('',*,*,#4035,.T.);
#4035 = EDGE_CURVE('',#4013,#4036,#4038,.T.);
#4036 = VERTEX_POINT('',#4037);
#4037 = CARTESIAN_POINT('',(126.59683893663,94.599861045534,6.3));
#4038 = SURFACE_CURVE('',#4039,(#4043,#4050),.PCURVE_S1.);
#4039 = LINE('',#4040,#4041);
#4040 = CARTESIAN_POINT('',(125.87809862852,94.565909087508,6.3));
#4041 = VECTOR('',#4042,1.);
#4042 = DIRECTION('',(0.99888614267,4.718552724176E-02,0.));
#4043 = PCURVE('',#72,#4044);
#4044 = DEFINITIONAL_REPRESENTATION('',(#4045),#4049);
#4045 = LINE('',#4046,#4047);
#4046 = CARTESIAN_POINT('',(-42.09506870366,51.242983052631));
#4047 = VECTOR('',#4048,1.);
#4048 = DIRECTION('',(-0.99888614267,4.718552724176E-02));
#4049 = ( GEOMETRIC_REPRESENTATION_CONTEXT(2) 
PARAMETRIC_REPRESENTATION_CONTEXT() REPRESENTATION_CONTEXT('2D SPACE',''
  ) );
#4050 = PCURVE('',#1370,#4051);
#4051 = DEFINITIONAL_REPRESENTATION('',(#4052),#4056);
#4052 = LINE('',#4053,#4054);
#4053 = CARTESIAN_POINT('',(0.,-6.3));
#4054 = VECTOR('',#4055,1.);
#4055 = DIRECTION('',(1.,0.));
#4056 = ( GEOMETRIC_REPRESENTATION_CONTEXT(2) 
PARAMETRIC_REPRESENTATION_CONTEXT() REPRESENTATION_CONTEXT('2D SPACE',''
  ) );
#4057 = ORIENTED_EDGE('',*,*,#4058,.T.);
#4058 = EDGE_CURVE('',#4036,#4059,#4061,.T.);
#4059 = VERTEX_POINT('',#4060);
#4060 = CARTESIAN_POINT('',(127.52908559365,94.438505642393,6.3));
#4061 = SURFACE_CURVE('',#4062,(#4066,#4073),.PCURVE_S1.);
#4062 = LINE('',#4063,#4064);
#4063 = CARTESIAN_POINT('',(126.59683893663,94.599861045534,6.3));
#4064 = VECTOR('',#4065,1.);
#4065 = DIRECTION('',(0.985349614179,-0.170546585535,0.));
#4066 = PCURVE('',#72,#4067);
#4067 = DEFINITIONAL_REPRESENTATION('',(#4068),#4072);
#4068 = LINE('',#4069,#4070);
#4069 = CARTESIAN_POINT('',(-42.81380901178,51.276935010656));
#4070 = VECTOR('',#4071,1.);
#4071 = DIRECTION('',(-0.985349614179,-0.170546585535));
#4072 = ( GEOMETRIC_REPRESENTATION_CONTEXT(2) 
PARAMETRIC_REPRESENTATION_CONTEXT() REPRESENTATION_CONTEXT('2D SPACE',''
  ) );
#4073 = PCURVE('',#1398,#4074);
#4074 = DEFINITIONAL_REPRESENTATION('',(#4075),#4079);
#4075 = LINE('',#4076,#4077);
#4076 = CARTESIAN_POINT('',(0.,-6.3));
#4077 = VECTOR('',#4078,1.);
#4078 = DIRECTION('',(1.,0.));
#4079 = ( GEOMETRIC_REPRESENTATION_CONTEXT(2) 
PARAMETRIC_REPRESENTATION_CONTEXT() REPRESENTATION_CONTEXT('2D SPACE',''
  ) );
#4080 = ORIENTED_EDGE('',*,*,#4081,.T.);
#4081 = EDGE_CURVE('',#4059,#4082,#4084,.T.);
#4082 = VERTEX_POINT('',#4083);
#4083 = CARTESIAN_POINT('',(128.40156603092,94.072986945632,6.3));
#4084 = SURFACE_CURVE('',#4085,(#4089,#4096),.PCURVE_S1.);
#4085 = LINE('',#4086,#4087);
#4086 = CARTESIAN_POINT('',(127.52908559365,94.438505642393,6.3));
#4087 = VECTOR('',#4088,1.);
#4088 = DIRECTION('',(0.92233012396,-0.386402824053,0.));
#4089 = PCURVE('',#72,#4090);
#4090 = DEFINITIONAL_REPRESENTATION('',(#4091),#4095);
#4091 = LINE('',#4092,#4093);
#4092 = CARTESIAN_POINT('',(-43.74605566879,51.115579607515));
#4093 = VECTOR('',#4094,1.);
#4094 = DIRECTION('',(-0.92233012396,-0.386402824053));
#4095 = ( GEOMETRIC_REPRESENTATION_CONTEXT(2) 
PARAMETRIC_REPRESENTATION_CONTEXT() REPRESENTATION_CONTEXT('2D SPACE',''
  ) );
#4096 = PCURVE('',#1426,#4097);
#4097 = DEFINITIONAL_REPRESENTATION('',(#4098),#4102);
#4098 = LINE('',#4099,#4100);
#4099 = CARTESIAN_POINT('',(0.,-6.3));
#4100 = VECTOR('',#4101,1.);
#4101 = DIRECTION('',(1.,0.));
#4102 = ( GEOMETRIC_REPRESENTATION_CONTEXT(2) 
PARAMETRIC_REPRESENTATION_CONTEXT() REPRESENTATION_CONTEXT('2D SPACE',''
  ) );
#4103 = ORIENTED_EDGE('',*,*,#4104,.T.);
#4104 = EDGE_CURVE('',#4082,#4105,#4107,.T.);
#4105 = VERTEX_POINT('',#4106);
#4106 = CARTESIAN_POINT('',(129.17255641244,93.519557754721,6.3));
#4107 = SURFACE_CURVE('',#4108,(#4112,#4119),.PCURVE_S1.);
#4108 = LINE('',#4109,#4110);
#4109 = CARTESIAN_POINT('',(128.40156603092,94.072986945632,6.3));
#4110 = VECTOR('',#4111,1.);
#4111 = DIRECTION('',(0.812374829299,-0.583135607489,0.));
#4112 = PCURVE('',#72,#4113);
#4113 = DEFINITIONAL_REPRESENTATION('',(#4114),#4118);
#4114 = LINE('',#4115,#4116);
#4115 = CARTESIAN_POINT('',(-44.61853610607,50.750060910754));
#4116 = VECTOR('',#4117,1.);
#4117 = DIRECTION('',(-0.812374829299,-0.583135607489));
#4118 = ( GEOMETRIC_REPRESENTATION_CONTEXT(2) 
PARAMETRIC_REPRESENTATION_CONTEXT() REPRESENTATION_CONTEXT('2D SPACE',''
  ) );
#4119 = PCURVE('',#1454,#4120);
#4120 = DEFINITIONAL_REPRESENTATION('',(#4121),#4125);
#4121 = LINE('',#4122,#4123);
#4122 = CARTESIAN_POINT('',(0.,-6.3));
#4123 = VECTOR('',#4124,1.);
#4124 = DIRECTION('',(1.,0.));
#4125 = ( GEOMETRIC_REPRESENTATION_CONTEXT(2) 
PARAMETRIC_REPRESENTATION_CONTEXT() REPRESENTATION_CONTEXT('2D SPACE',''
  ) );
#4126 = ORIENTED_EDGE('',*,*,#4127,.T.);
#4127 = EDGE_CURVE('',#4105,#4128,#4130,.T.);
#4128 = VERTEX_POINT('',#4129);
#4129 = CARTESIAN_POINT('',(129.70572376387,92.947281437546,6.3));
#4130 = SURFACE_CURVE('',#4131,(#4135,#4142),.PCURVE_S1.);
#4131 = LINE('',#4132,#4133);
#4132 = CARTESIAN_POINT('',(129.17255641244,93.519557754721,6.3));
#4133 = VECTOR('',#4134,1.);
#4134 = DIRECTION('',(0.681663921209,-0.731665427994,0.));
#4135 = PCURVE('',#72,#4136);
#4136 = DEFINITIONAL_REPRESENTATION('',(#4137),#4141);
#4137 = LINE('',#4138,#4139);
#4138 = CARTESIAN_POINT('',(-45.38952648758,50.196631719843));
#4139 = VECTOR('',#4140,1.);
#4140 = DIRECTION('',(-0.681663921209,-0.731665427994));
#4141 = ( GEOMETRIC_REPRESENTATION_CONTEXT(2) 
PARAMETRIC_REPRESENTATION_CONTEXT() REPRESENTATION_CONTEXT('2D SPACE',''
  ) );
#4142 = PCURVE('',#1482,#4143);
#4143 = DEFINITIONAL_REPRESENTATION('',(#4144),#4148);
#4144 = LINE('',#4145,#4146);
#4145 = CARTESIAN_POINT('',(0.,-6.3));
#4146 = VECTOR('',#4147,1.);
#4147 = DIRECTION('',(1.,0.));
#4148 = ( GEOMETRIC_REPRESENTATION_CONTEXT(2) 
PARAMETRIC_REPRESENTATION_CONTEXT() REPRESENTATION_CONTEXT('2D SPACE',''
  ) );
#4149 = ORIENTED_EDGE('',*,*,#4150,.T.);
#4150 = EDGE_CURVE('',#4128,#4151,#4153,.T.);
#4151 = VERTEX_POINT('',#4152);
#4152 = CARTESIAN_POINT('',(142.50231990643,75.485417134287,6.3));
#4153 = SURFACE_CURVE('',#4154,(#4158,#4165),.PCURVE_S1.);
#4154 = LINE('',#4155,#4156);
#4155 = CARTESIAN_POINT('',(129.70572376387,92.947281437546,6.3));
#4156 = VECTOR('',#4157,1.);
#4157 = DIRECTION('',(0.591100167144,-0.806598160426,0.));
#4158 = PCURVE('',#72,#4159);
#4159 = DEFINITIONAL_REPRESENTATION('',(#4160),#4164);
#4160 = LINE('',#4161,#4162);
#4161 = CARTESIAN_POINT('',(-45.92269383902,49.624355402669));
#4162 = VECTOR('',#4163,1.);
#4163 = DIRECTION('',(-0.591100167144,-0.806598160426));
#4164 = ( GEOMETRIC_REPRESENTATION_CONTEXT(2) 
PARAMETRIC_REPRESENTATION_CONTEXT() REPRESENTATION_CONTEXT('2D SPACE',''
  ) );
#4165 = PCURVE('',#1510,#4166);
#4166 = DEFINITIONAL_REPRESENTATION('',(#4167),#4171);
#4167 = LINE('',#4168,#4169);
#4168 = CARTESIAN_POINT('',(0.,-6.3));
#4169 = VECTOR('',#4170,1.);
#4170 = DIRECTION('',(1.,0.));
#4171 = ( GEOMETRIC_REPRESENTATION_CONTEXT(2) 
PARAMETRIC_REPRESENTATION_CONTEXT() REPRESENTATION_CONTEXT('2D SPACE',''
  ) );
#4172 = ORIENTED_EDGE('',*,*,#4173,.T.);
#4173 = EDGE_CURVE('',#4151,#4174,#4176,.T.);
#4174 = VERTEX_POINT('',#4175);
#4175 = CARTESIAN_POINT('',(142.89764217617,74.600500885477,6.3));
#4176 = SURFACE_CURVE('',#4177,(#4181,#4188),.PCURVE_S1.);
#4177 = LINE('',#4178,#4179);
#4178 = CARTESIAN_POINT('',(142.50231990643,75.485417134287,6.3));
#4179 = VECTOR('',#4180,1.);
#4180 = DIRECTION('',(0.407883433056,-0.913034010888,0.));
#4181 = PCURVE('',#72,#4182);
#4182 = DEFINITIONAL_REPRESENTATION('',(#4183),#4187);
#4183 = LINE('',#4184,#4185);
#4184 = CARTESIAN_POINT('',(-58.71928998158,32.162491099409));
#4185 = VECTOR('',#4186,1.);
#4186 = DIRECTION('',(-0.407883433056,-0.913034010888));
#4187 = ( GEOMETRIC_REPRESENTATION_CONTEXT(2) 
PARAMETRIC_REPRESENTATION_CONTEXT() REPRESENTATION_CONTEXT('2D SPACE',''
  ) );
#4188 = PCURVE('',#1538,#4189);
#4189 = DEFINITIONAL_REPRESENTATION('',(#4190),#4194);
#4190 = LINE('',#4191,#4192);
#4191 = CARTESIAN_POINT('',(0.,-6.3));
#4192 = VECTOR('',#4193,1.);
#4193 = DIRECTION('',(1.,0.));
#4194 = ( GEOMETRIC_REPRESENTATION_CONTEXT(2) 
PARAMETRIC_REPRESENTATION_CONTEXT() REPRESENTATION_CONTEXT('2D SPACE',''
  ) );
#4195 = ORIENTED_EDGE('',*,*,#4196,.T.);
#4196 = EDGE_CURVE('',#4174,#4197,#4199,.T.);
#4197 = VERTEX_POINT('',#4198);
#4198 = CARTESIAN_POINT('',(143.09999452817,73.401091051121,6.3));
#4199 = SURFACE_CURVE('',#4200,(#4204,#4211),.PCURVE_S1.);
#4200 = LINE('',#4201,#4202);
#4201 = CARTESIAN_POINT('',(142.89764217617,74.600500885477,6.3));
#4202 = VECTOR('',#4203,1.);
#4203 = DIRECTION('',(0.166359002053,-0.986065252626,0.));
#4204 = PCURVE('',#72,#4205);
#4205 = DEFINITIONAL_REPRESENTATION('',(#4206),#4210);
#4206 = LINE('',#4207,#4208);
#4207 = CARTESIAN_POINT('',(-59.11461225132,31.277574850599));
#4208 = VECTOR('',#4209,1.);
#4209 = DIRECTION('',(-0.166359002053,-0.986065252626));
#4210 = ( GEOMETRIC_REPRESENTATION_CONTEXT(2) 
PARAMETRIC_REPRESENTATION_CONTEXT() REPRESENTATION_CONTEXT('2D SPACE',''
  ) );
#4211 = PCURVE('',#1566,#4212);
#4212 = DEFINITIONAL_REPRESENTATION('',(#4213),#4217);
#4213 = LINE('',#4214,#4215);
#4214 = CARTESIAN_POINT('',(0.,-6.3));
#4215 = VECTOR('',#4216,1.);
#4216 = DIRECTION('',(1.,0.));
#4217 = ( GEOMETRIC_REPRESENTATION_CONTEXT(2) 
PARAMETRIC_REPRESENTATION_CONTEXT() REPRESENTATION_CONTEXT('2D SPACE',''
  ) );
#4218 = ORIENTED_EDGE('',*,*,#4219,.T.);
#4219 = EDGE_CURVE('',#4197,#4220,#4222,.T.);
#4220 = VERTEX_POINT('',#4221);
#4221 = CARTESIAN_POINT('',(143.09995511085,68.5,6.3));
#4222 = SURFACE_CURVE('',#4223,(#4227,#4234),.PCURVE_S1.);
#4223 = LINE('',#4224,#4225);
#4224 = CARTESIAN_POINT('',(143.09999452817,73.401091051121,6.3));
#4225 = VECTOR('',#4226,1.);
#4226 = DIRECTION('',(-8.04256049292E-06,-0.999999999968,0.));
#4227 = PCURVE('',#72,#4228);
#4228 = DEFINITIONAL_REPRESENTATION('',(#4229),#4233);
#4229 = LINE('',#4230,#4231);
#4230 = CARTESIAN_POINT('',(-59.31696460332,30.078165016244));
#4231 = VECTOR('',#4232,1.);
#4232 = DIRECTION('',(8.04256049292E-06,-0.999999999968));
#4233 = ( GEOMETRIC_REPRESENTATION_CONTEXT(2) 
PARAMETRIC_REPRESENTATION_CONTEXT() REPRESENTATION_CONTEXT('2D SPACE',''
  ) );
#4234 = PCURVE('',#1594,#4235);
#4235 = DEFINITIONAL_REPRESENTATION('',(#4236),#4240);
#4236 = LINE('',#4237,#4238);
#4237 = CARTESIAN_POINT('',(0.,-6.3));
#4238 = VECTOR('',#4239,1.);
#4239 = DIRECTION('',(1.,0.));
#4240 = ( GEOMETRIC_REPRESENTATION_CONTEXT(2) 
PARAMETRIC_REPRESENTATION_CONTEXT() REPRESENTATION_CONTEXT('2D SPACE',''
  ) );
#4241 = ORIENTED_EDGE('',*,*,#4242,.T.);
#4242 = EDGE_CURVE('',#4220,#4243,#4245,.T.);
#4243 = VERTEX_POINT('',#4244);
#4244 = CARTESIAN_POINT('',(128.5,68.5,6.3));
#4245 = SURFACE_CURVE('',#4246,(#4250,#4257),.PCURVE_S1.);
#4246 = LINE('',#4247,#4248);
#4247 = CARTESIAN_POINT('',(143.09995511085,68.5,6.3));
#4248 = VECTOR('',#4249,1.);
#4249 = DIRECTION('',(-1.,0.,0.));
#4250 = PCURVE('',#72,#4251);
#4251 = DEFINITIONAL_REPRESENTATION('',(#4252),#4256);
#4252 = LINE('',#4253,#4254);
#4253 = CARTESIAN_POINT('',(-59.316925186,25.177073965122));
#4254 = VECTOR('',#4255,1.);
#4255 = DIRECTION('',(1.,0.));
#4256 = ( GEOMETRIC_REPRESENTATION_CONTEXT(2) 
PARAMETRIC_REPRESENTATION_CONTEXT() REPRESENTATION_CONTEXT('2D SPACE',''
  ) );
#4257 = PCURVE('',#1622,#4258);
#4258 = DEFINITIONAL_REPRESENTATION('',(#4259),#4263);
#4259 = LINE('',#4260,#4261);
#4260 = CARTESIAN_POINT('',(0.,-6.3));
#4261 = VECTOR('',#4262,1.);
#4262 = DIRECTION('',(1.,0.));
#4263 = ( GEOMETRIC_REPRESENTATION_CONTEXT(2) 
PARAMETRIC_REPRESENTATION_CONTEXT() REPRESENTATION_CONTEXT('2D SPACE',''
  ) );
#4264 = ORIENTED_EDGE('',*,*,#4265,.T.);
#4265 = EDGE_CURVE('',#4243,#4266,#4268,.T.);
#4266 = VERTEX_POINT('',#4267);
#4267 = CARTESIAN_POINT('',(135.,62.,6.3));
#4268 = SURFACE_CURVE('',#4269,(#4273,#4280),.PCURVE_S1.);
#4269 = LINE('',#4270,#4271);
#4270 = CARTESIAN_POINT('',(128.5,68.5,6.3));
#4271 = VECTOR('',#4272,1.);
#4272 = DIRECTION('',(0.707106781187,-0.707106781187,0.));
#4273 = PCURVE('',#72,#4274);
#4274 = DEFINITIONAL_REPRESENTATION('',(#4275),#4279);
#4275 = LINE('',#4276,#4277);
#4276 = CARTESIAN_POINT('',(-44.71697007514,25.177073965122));
#4277 = VECTOR('',#4278,1.);
#4278 = DIRECTION('',(-0.707106781187,-0.707106781187));
#4279 = ( GEOMETRIC_REPRESENTATION_CONTEXT(2) 
PARAMETRIC_REPRESENTATION_CONTEXT() REPRESENTATION_CONTEXT('2D SPACE',''
  ) );
#4280 = PCURVE('',#1650,#4281);
#4281 = DEFINITIONAL_REPRESENTATION('',(#4282),#4286);
#4282 = LINE('',#4283,#4284);
#4283 = CARTESIAN_POINT('',(0.,-6.3));
#4284 = VECTOR('',#4285,1.);
#4285 = DIRECTION('',(1.,0.));
#4286 = ( GEOMETRIC_REPRESENTATION_CONTEXT(2) 
PARAMETRIC_REPRESENTATION_CONTEXT() REPRESENTATION_CONTEXT('2D SPACE',''
  ) );
#4287 = ORIENTED_EDGE('',*,*,#4288,.T.);
#4288 = EDGE_CURVE('',#4266,#4289,#4291,.T.);
#4289 = VERTEX_POINT('',#4290);
#4290 = CARTESIAN_POINT('',(135.,58.9,6.3));
#4291 = SURFACE_CURVE('',#4292,(#4296,#4303),.PCURVE_S1.);
#4292 = LINE('',#4293,#4294);
#4293 = CARTESIAN_POINT('',(135.,62.,6.3));
#4294 = VECTOR('',#4295,1.);
#4295 = DIRECTION('',(0.,-1.,0.));
#4296 = PCURVE('',#72,#4297);
#4297 = DEFINITIONAL_REPRESENTATION('',(#4298),#4302);
#4298 = LINE('',#4299,#4300);
#4299 = CARTESIAN_POINT('',(-51.21697007514,18.677073965122));
#4300 = VECTOR('',#4301,1.);
#4301 = DIRECTION('',(0.,-1.));
#4302 = ( GEOMETRIC_REPRESENTATION_CONTEXT(2) 
PARAMETRIC_REPRESENTATION_CONTEXT() REPRESENTATION_CONTEXT('2D SPACE',''
  ) );
#4303 = PCURVE('',#1678,#4304);
#4304 = DEFINITIONAL_REPRESENTATION('',(#4305),#4309);
#4305 = LINE('',#4306,#4307);
#4306 = CARTESIAN_POINT('',(0.,-6.3));
#4307 = VECTOR('',#4308,1.);
#4308 = DIRECTION('',(1.,0.));
#4309 = ( GEOMETRIC_REPRESENTATION_CONTEXT(2) 
PARAMETRIC_REPRESENTATION_CONTEXT() REPRESENTATION_CONTEXT('2D SPACE',''
  ) );
#4310 = ORIENTED_EDGE('',*,*,#4311,.T.);
#4311 = EDGE_CURVE('',#4289,#4312,#4314,.T.);
#4312 = VERTEX_POINT('',#4313);
#4313 = CARTESIAN_POINT('',(133.2,58.9,6.3));
#4314 = SURFACE_CURVE('',#4315,(#4319,#4325),.PCURVE_S1.);
#4315 = LINE('',#4316,#4317);
#4316 = CARTESIAN_POINT('',(111.89151496242,58.9,6.3));
#4317 = VECTOR('',#4318,1.);
#4318 = DIRECTION('',(-1.,0.,0.));
#4319 = PCURVE('',#72,#4320);
#4320 = DEFINITIONAL_REPRESENTATION('',(#4321),#4324);
#4321 = B_SPLINE_CURVE_WITH_KNOTS('',1,(#4322,#4323),.UNSPECIFIED.,.F.,
  .F.,(2,2),(-28.10848503757,-16.40848503757),.PIECEWISE_BEZIER_KNOTS.);
#4322 = CARTESIAN_POINT('',(-56.21697007514,15.577073965122));
#4323 = CARTESIAN_POINT('',(-44.51697007514,15.577073965122));
#4324 = ( GEOMETRIC_REPRESENTATION_CONTEXT(2) 
PARAMETRIC_REPRESENTATION_CONTEXT() REPRESENTATION_CONTEXT('2D SPACE',''
  ) );
#4325 = PCURVE('',#4326,#4331);
#4326 = PLANE('',#4327);
#4327 = AXIS2_PLACEMENT_3D('',#4328,#4329,#4330);
#4328 = CARTESIAN_POINT('',(140.,58.9,5.1));
#4329 = DIRECTION('',(0.,-1.,0.));
#4330 = DIRECTION('',(-1.,0.,0.));
#4331 = DEFINITIONAL_REPRESENTATION('',(#4332),#4335);
#4332 = B_SPLINE_CURVE_WITH_KNOTS('',1,(#4333,#4334),.UNSPECIFIED.,.F.,
  .F.,(2,2),(-28.10848503757,-16.40848503757),.PIECEWISE_BEZIER_KNOTS.);
#4333 = CARTESIAN_POINT('',(0.,-1.2));
#4334 = CARTESIAN_POINT('',(11.7,-1.2));
#4335 = ( GEOMETRIC_REPRESENTATION_CONTEXT(2) 
PARAMETRIC_REPRESENTATION_CONTEXT() REPRESENTATION_CONTEXT('2D SPACE',''
  ) );
#4336 = ORIENTED_EDGE('',*,*,#4337,.F.);
#4337 = EDGE_CURVE('',#4338,#4312,#4340,.T.);
#4338 = VERTEX_POINT('',#4339);
#4339 = CARTESIAN_POINT('',(133.2,61.254415587728,6.3));
#4340 = SURFACE_CURVE('',#4341,(#4345,#4351),.PCURVE_S1.);
#4341 = LINE('',#4342,#4343);
#4342 = CARTESIAN_POINT('',(133.2,52.288670811303,6.3));
#4343 = VECTOR('',#4344,1.);
#4344 = DIRECTION('',(0.,-1.,0.));
#4345 = PCURVE('',#72,#4346);
#4346 = DEFINITIONAL_REPRESENTATION('',(#4347),#4350);
#4347 = B_SPLINE_CURVE_WITH_KNOTS('',1,(#4348,#4349),.UNSPECIFIED.,.F.,
  .F.,(2,2),(-8.965744776425,50.693086399031),.PIECEWISE_BEZIER_KNOTS.);
#4348 = CARTESIAN_POINT('',(-49.41697007514,17.931489552851));
#4349 = CARTESIAN_POINT('',(-49.41697007514,-41.7273416226));
#4350 = ( GEOMETRIC_REPRESENTATION_CONTEXT(2) 
PARAMETRIC_REPRESENTATION_CONTEXT() REPRESENTATION_CONTEXT('2D SPACE',''
  ) );
#4351 = PCURVE('',#4352,#4357);
#4352 = PLANE('',#4353);
#4353 = AXIS2_PLACEMENT_3D('',#4354,#4355,#4356);
#4354 = CARTESIAN_POINT('',(133.2,61.254415587728,1.4));
#4355 = DIRECTION('',(1.,0.,-0.));
#4356 = DIRECTION('',(0.,-1.,0.));
#4357 = DEFINITIONAL_REPRESENTATION('',(#4358),#4361);
#4358 = B_SPLINE_CURVE_WITH_KNOTS('',1,(#4359,#4360),.UNSPECIFIED.,.F.,
  .F.,(2,2),(-8.965744776425,50.693086399031),.PIECEWISE_BEZIER_KNOTS.);
#4359 = CARTESIAN_POINT('',(0.,-4.9));
#4360 = CARTESIAN_POINT('',(59.658831175457,-4.9));
#4361 = ( GEOMETRIC_REPRESENTATION_CONTEXT(2) 
PARAMETRIC_REPRESENTATION_CONTEXT() REPRESENTATION_CONTEXT('2D SPACE',''
  ) );
#4362 = ORIENTED_EDGE('',*,*,#4363,.F.);
#4363 = EDGE_CURVE('',#4364,#4338,#4366,.T.);
#4364 = VERTEX_POINT('',#4365);
#4365 = CARTESIAN_POINT('',(124.15441558772,70.3,6.3));
#4366 = SURFACE_CURVE('',#4367,(#4371,#4377),.PCURVE_S1.);
#4367 = LINE('',#4368,#4369);
#4368 = CARTESIAN_POINT('',(120.80583766329,73.648577924438,6.3));
#4369 = VECTOR('',#4370,1.);
#4370 = DIRECTION('',(0.707106781187,-0.707106781187,0.));
#4371 = PCURVE('',#72,#4372);
#4372 = DEFINITIONAL_REPRESENTATION('',(#4373),#4376);
#4373 = B_SPLINE_CURVE_WITH_KNOTS('',1,(#4374,#4375),.UNSPECIFIED.,.F.,
  .F.,(2,2),(4.735604315403,17.527992470828),.PIECEWISE_BEZIER_KNOTS.);
#4374 = CARTESIAN_POINT('',(-40.37138566287,26.977073965122));
#4375 = CARTESIAN_POINT('',(-49.41697007514,17.931489552851));
#4376 = ( GEOMETRIC_REPRESENTATION_CONTEXT(2) 
PARAMETRIC_REPRESENTATION_CONTEXT() REPRESENTATION_CONTEXT('2D SPACE',''
  ) );
#4377 = PCURVE('',#4378,#4383);
#4378 = PLANE('',#4379);
#4379 = AXIS2_PLACEMENT_3D('',#4380,#4381,#4382);
#4380 = CARTESIAN_POINT('',(124.15441558772,70.3,1.4));
#4381 = DIRECTION('',(0.707106781187,0.707106781187,-0.));
#4382 = DIRECTION('',(0.707106781187,-0.707106781187,0.));
#4383 = DEFINITIONAL_REPRESENTATION('',(#4384),#4387);
#4384 = B_SPLINE_CURVE_WITH_KNOTS('',1,(#4385,#4386),.UNSPECIFIED.,.F.,
  .F.,(2,2),(4.735604315403,17.527992470828),.PIECEWISE_BEZIER_KNOTS.);
#4385 = CARTESIAN_POINT('',(0.,-4.9));
#4386 = CARTESIAN_POINT('',(12.792388155425,-4.9));
#4387 = ( GEOMETRIC_REPRESENTATION_CONTEXT(2) 
PARAMETRIC_REPRESENTATION_CONTEXT() REPRESENTATION_CONTEXT('2D SPACE',''
  ) );
#4388 = ORIENTED_EDGE('',*,*,#4389,.F.);
#4389 = EDGE_CURVE('',#4390,#4364,#4392,.T.);
#4390 = VERTEX_POINT('',#4391);
#4391 = CARTESIAN_POINT('',(141.2999695874,70.3,6.3));
#4392 = SURFACE_CURVE('',#4393,(#4397,#4403),.PCURVE_S1.);
#4393 = LINE('',#4394,#4395);
#4394 = CARTESIAN_POINT('',(112.54149975613,70.3,6.3));
#4395 = VECTOR('',#4396,1.);
#4396 = DIRECTION('',(-1.,0.,0.));
#4397 = PCURVE('',#72,#4398);
#4398 = DEFINITIONAL_REPRESENTATION('',(#4399),#4402);
#4399 = B_SPLINE_CURVE_WITH_KNOTS('',1,(#4400,#4401),.UNSPECIFIED.,.F.,
  .F.,(2,2),(-28.75846983127,-11.61291583159),.PIECEWISE_BEZIER_KNOTS.);
#4400 = CARTESIAN_POINT('',(-57.51693966255,26.977073965122));
#4401 = CARTESIAN_POINT('',(-40.37138566287,26.977073965122));
#4402 = ( GEOMETRIC_REPRESENTATION_CONTEXT(2) 
PARAMETRIC_REPRESENTATION_CONTEXT() REPRESENTATION_CONTEXT('2D SPACE',''
  ) );
#4403 = PCURVE('',#4404,#4409);
#4404 = PLANE('',#4405);
#4405 = AXIS2_PLACEMENT_3D('',#4406,#4407,#4408);
#4406 = CARTESIAN_POINT('',(141.2999695874,70.3,1.4));
#4407 = DIRECTION('',(0.,-1.,0.));
#4408 = DIRECTION('',(-1.,0.,0.));
#4409 = DEFINITIONAL_REPRESENTATION('',(#4410),#4413);
#4410 = B_SPLINE_CURVE_WITH_KNOTS('',1,(#4411,#4412),.UNSPECIFIED.,.F.,
  .F.,(2,2),(-28.75846983127,-11.61291583159),.PIECEWISE_BEZIER_KNOTS.);
#4411 = CARTESIAN_POINT('',(0.,-4.9));
#4412 = CARTESIAN_POINT('',(17.145553999678,-4.9));
#4413 = ( GEOMETRIC_REPRESENTATION_CONTEXT(2) 
PARAMETRIC_REPRESENTATION_CONTEXT() REPRESENTATION_CONTEXT('2D SPACE',''
  ) );
#4414 = ORIENTED_EDGE('',*,*,#4415,.F.);
#4415 = EDGE_CURVE('',#4416,#4390,#4418,.T.);
#4416 = VERTEX_POINT('',#4417);
#4417 = CARTESIAN_POINT('',(141.29999331557,73.250324640796,6.3));
#4418 = SURFACE_CURVE('',#4419,(#4423,#4429),.PCURVE_S1.);
#4419 = LINE('',#4420,#4421);
#4420 = CARTESIAN_POINT('',(141.29987296725,58.286394046976,6.3));
#4421 = VECTOR('',#4422,1.);
#4422 = DIRECTION('',(-8.042560491297E-06,-0.999999999968,0.));
#4423 = PCURVE('',#72,#4424);
#4424 = DEFINITIONAL_REPRESENTATION('',(#4425),#4428);
#4425 = B_SPLINE_CURVE_WITH_KNOTS('',1,(#4426,#4427),.UNSPECIFIED.,.F.,
  .F.,(2,2),(-14.9639305943,-12.01360595341),.PIECEWISE_BEZIER_KNOTS.);
#4426 = CARTESIAN_POINT('',(-57.51696339071,29.927398605918));
#4427 = CARTESIAN_POINT('',(-57.51693966255,26.977073965122));
#4428 = ( GEOMETRIC_REPRESENTATION_CONTEXT(2) 
PARAMETRIC_REPRESENTATION_CONTEXT() REPRESENTATION_CONTEXT('2D SPACE',''
  ) );
#4429 = PCURVE('',#4430,#4435);
#4430 = PLANE('',#4431);
#4431 = AXIS2_PLACEMENT_3D('',#4432,#4433,#4434);
#4432 = CARTESIAN_POINT('',(141.29999331557,73.250324640796,1.4));
#4433 = DIRECTION('',(0.999999999968,-8.042560491297E-06,0.));
#4434 = DIRECTION('',(-8.042560491297E-06,-0.999999999968,0.));
#4435 = DEFINITIONAL_REPRESENTATION('',(#4436),#4439);
#4436 = B_SPLINE_CURVE_WITH_KNOTS('',1,(#4437,#4438),.UNSPECIFIED.,.F.,
  .F.,(2,2),(-14.9639305943,-12.01360595341),.PIECEWISE_BEZIER_KNOTS.);
#4437 = CARTESIAN_POINT('',(0.,-4.9));
#4438 = CARTESIAN_POINT('',(2.950324640891,-4.9));
#4439 = ( GEOMETRIC_REPRESENTATION_CONTEXT(2) 
PARAMETRIC_REPRESENTATION_CONTEXT() REPRESENTATION_CONTEXT('2D SPACE',''
  ) );
#4440 = ORIENTED_EDGE('',*,*,#4441,.F.);
#4441 = EDGE_CURVE('',#4442,#4416,#4444,.T.);
#4442 = VERTEX_POINT('',#4443);
#4443 = CARTESIAN_POINT('',(141.16080781449,74.075323496179,6.3));
#4444 = SURFACE_CURVE('',#4445,(#4449,#4455),.PCURVE_S1.);
#4445 = LINE('',#4446,#4447);
#4446 = CARTESIAN_POINT('',(142.88915812572,63.830815142382,6.3));
#4447 = VECTOR('',#4448,1.);
#4448 = DIRECTION('',(0.166359002053,-0.986065252626,0.));
#4449 = PCURVE('',#72,#4450);
#4450 = DEFINITIONAL_REPRESENTATION('',(#4451),#4454);
#4451 = B_SPLINE_CURVE_WITH_KNOTS('',1,(#4452,#4453),.UNSPECIFIED.,.F.,
  .F.,(2,2),(-10.38928035088,-9.552622885079),.PIECEWISE_BEZIER_KNOTS.);
#4452 = CARTESIAN_POINT('',(-57.37777788964,30.752397461301));
#4453 = CARTESIAN_POINT('',(-57.51696339071,29.927398605918));
#4454 = ( GEOMETRIC_REPRESENTATION_CONTEXT(2) 
PARAMETRIC_REPRESENTATION_CONTEXT() REPRESENTATION_CONTEXT('2D SPACE',''
  ) );
#4455 = PCURVE('',#4456,#4461);
#4456 = PLANE('',#4457);
#4457 = AXIS2_PLACEMENT_3D('',#4458,#4459,#4460);
#4458 = CARTESIAN_POINT('',(141.16080781449,74.075323496179,1.4));
#4459 = DIRECTION('',(0.986065252626,0.166359002053,-0.));
#4460 = DIRECTION('',(0.166359002053,-0.986065252626,0.));
#4461 = DEFINITIONAL_REPRESENTATION('',(#4462),#4465);
#4462 = B_SPLINE_CURVE_WITH_KNOTS('',1,(#4463,#4464),.UNSPECIFIED.,.F.,
  .F.,(2,2),(-10.38928035088,-9.552622885079),.PIECEWISE_BEZIER_KNOTS.);
#4463 = CARTESIAN_POINT('',(0.,-4.9));
#4464 = CARTESIAN_POINT('',(0.836657465807,-4.9));
#4465 = ( GEOMETRIC_REPRESENTATION_CONTEXT(2) 
PARAMETRIC_REPRESENTATION_CONTEXT() REPRESENTATION_CONTEXT('2D SPACE',''
  ) );
#4466 = ORIENTED_EDGE('',*,*,#4467,.F.);
#4467 = EDGE_CURVE('',#4468,#4442,#4470,.T.);
#4468 = VERTEX_POINT('',#4469);
#4469 = CARTESIAN_POINT('',(140.93708234951,74.576125789386,6.3));
#4470 = SURFACE_CURVE('',#4471,(#4475,#4481),.PCURVE_S1.);
#4471 = LINE('',#4472,#4473);
#4472 = CARTESIAN_POINT('',(142.00227874703,72.191717744351,6.3));
#4473 = VECTOR('',#4474,1.);
#4474 = DIRECTION('',(0.407883433056,-0.913034010888,0.));
#4475 = PCURVE('',#72,#4476);
#4476 = DEFINITIONAL_REPRESENTATION('',(#4477),#4480);
#4477 = B_SPLINE_CURVE_WITH_KNOTS('',1,(#4478,#4479),.UNSPECIFIED.,.F.,
  .F.,(2,2),(-2.611521604454,-2.063018167303),.PIECEWISE_BEZIER_KNOTS.);
#4478 = CARTESIAN_POINT('',(-57.15405242465,31.253199754509));
#4479 = CARTESIAN_POINT('',(-57.37777788964,30.752397461301));
#4480 = ( GEOMETRIC_REPRESENTATION_CONTEXT(2) 
PARAMETRIC_REPRESENTATION_CONTEXT() REPRESENTATION_CONTEXT('2D SPACE',''
  ) );
#4481 = PCURVE('',#4482,#4487);
#4482 = PLANE('',#4483);
#4483 = AXIS2_PLACEMENT_3D('',#4484,#4485,#4486);
#4484 = CARTESIAN_POINT('',(140.93708234951,74.576125789386,1.4));
#4485 = DIRECTION('',(0.913034010888,0.407883433056,-0.));
#4486 = DIRECTION('',(0.407883433056,-0.913034010888,0.));
#4487 = DEFINITIONAL_REPRESENTATION('',(#4488),#4491);
#4488 = B_SPLINE_CURVE_WITH_KNOTS('',1,(#4489,#4490),.UNSPECIFIED.,.F.,
  .F.,(2,2),(-2.611521604454,-2.063018167303),.PIECEWISE_BEZIER_KNOTS.);
#4489 = CARTESIAN_POINT('',(0.,-4.9));
#4490 = CARTESIAN_POINT('',(0.548503437151,-4.9));
#4491 = ( GEOMETRIC_REPRESENTATION_CONTEXT(2) 
PARAMETRIC_REPRESENTATION_CONTEXT() REPRESENTATION_CONTEXT('2D SPACE',''
  ) );
#4492 = ORIENTED_EDGE('',*,*,#4493,.F.);
#4493 = EDGE_CURVE('',#4494,#4468,#4496,.T.);
#4494 = VERTEX_POINT('',#4495);
#4495 = CARTESIAN_POINT('',(128.31648786764,91.797823326276,6.3));
#4496 = SURFACE_CURVE('',#4497,(#4501,#4507),.PCURVE_S1.);
#4497 = LINE('',#4498,#4499);
#4498 = CARTESIAN_POINT('',(132.09244417289,86.645262763852,6.3));
#4499 = VECTOR('',#4500,1.);
#4500 = DIRECTION('',(0.591100167144,-0.806598160426,0.));
#4501 = PCURVE('',#72,#4502);
#4502 = DEFINITIONAL_REPRESENTATION('',(#4503),#4506);
#4503 = B_SPLINE_CURVE_WITH_KNOTS('',1,(#4504,#4505),.UNSPECIFIED.,.F.,
  .F.,(2,2),(-6.388014274299,14.963010786055),.PIECEWISE_BEZIER_KNOTS.);
#4504 = CARTESIAN_POINT('',(-44.53345794278,48.474897291398));
#4505 = CARTESIAN_POINT('',(-57.15405242465,31.253199754509));
#4506 = ( GEOMETRIC_REPRESENTATION_CONTEXT(2) 
PARAMETRIC_REPRESENTATION_CONTEXT() REPRESENTATION_CONTEXT('2D SPACE',''
  ) );
#4507 = PCURVE('',#4508,#4513);
#4508 = PLANE('',#4509);
#4509 = AXIS2_PLACEMENT_3D('',#4510,#4511,#4512);
#4510 = CARTESIAN_POINT('',(128.31648786764,91.797823326276,1.4));
#4511 = DIRECTION('',(0.806598160426,0.591100167144,-0.));
#4512 = DIRECTION('',(0.591100167144,-0.806598160426,0.));
#4513 = DEFINITIONAL_REPRESENTATION('',(#4514),#4517);
#4514 = B_SPLINE_CURVE_WITH_KNOTS('',1,(#4515,#4516),.UNSPECIFIED.,.F.,
  .F.,(2,2),(-6.388014274299,14.963010786055),.PIECEWISE_BEZIER_KNOTS.);
#4515 = CARTESIAN_POINT('',(0.,-4.9));
#4516 = CARTESIAN_POINT('',(21.351025060355,-4.9));
#4517 = ( GEOMETRIC_REPRESENTATION_CONTEXT(2) 
PARAMETRIC_REPRESENTATION_CONTEXT() REPRESENTATION_CONTEXT('2D SPACE',''
  ) );
#4518 = ORIENTED_EDGE('',*,*,#4519,.F.);
#4519 = EDGE_CURVE('',#4520,#4494,#4522,.T.);
#4520 = VERTEX_POINT('',#4521);
#4521 = CARTESIAN_POINT('',(127.97754032137,92.161633400116,6.3));
#4522 = SURFACE_CURVE('',#4523,(#4527,#4533),.PCURVE_S1.);
#4523 = LINE('',#4524,#4525);
#4524 = CARTESIAN_POINT('',(129.88885454337,90.110120191386,6.3));
#4525 = VECTOR('',#4526,1.);
#4526 = DIRECTION('',(0.681663921209,-0.731665427994,0.));
#4527 = PCURVE('',#72,#4528);
#4528 = DEFINITIONAL_REPRESENTATION('',(#4529),#4532);
#4529 = B_SPLINE_CURVE_WITH_KNOTS('',1,(#4530,#4531),.UNSPECIFIED.,.F.,
  .F.,(2,2),(-2.803895237135,-2.306659670275),.PIECEWISE_BEZIER_KNOTS.);
#4530 = CARTESIAN_POINT('',(-44.19451039651,48.838707365238));
#4531 = CARTESIAN_POINT('',(-44.53345794278,48.474897291398));
#4532 = ( GEOMETRIC_REPRESENTATION_CONTEXT(2) 
PARAMETRIC_REPRESENTATION_CONTEXT() REPRESENTATION_CONTEXT('2D SPACE',''
  ) );
#4533 = PCURVE('',#4534,#4539);
#4534 = PLANE('',#4535);
#4535 = AXIS2_PLACEMENT_3D('',#4536,#4537,#4538);
#4536 = CARTESIAN_POINT('',(127.97754032137,92.161633400116,1.4));
#4537 = DIRECTION('',(0.731665427994,0.681663921209,-0.));
#4538 = DIRECTION('',(0.681663921209,-0.731665427994,0.));
#4539 = DEFINITIONAL_REPRESENTATION('',(#4540),#4543);
#4540 = B_SPLINE_CURVE_WITH_KNOTS('',1,(#4541,#4542),.UNSPECIFIED.,.F.,
  .F.,(2,2),(-2.803895237135,-2.306659670275),.PIECEWISE_BEZIER_KNOTS.);
#4541 = CARTESIAN_POINT('',(0.,-4.9));
#4542 = CARTESIAN_POINT('',(0.497235566859,-4.9));
#4543 = ( GEOMETRIC_REPRESENTATION_CONTEXT(2) 
PARAMETRIC_REPRESENTATION_CONTEXT() REPRESENTATION_CONTEXT('2D SPACE',''
  ) );
#4544 = ORIENTED_EDGE('',*,*,#4545,.F.);
#4545 = EDGE_CURVE('',#4546,#4520,#4548,.T.);
#4546 = VERTEX_POINT('',#4547);
#4547 = CARTESIAN_POINT('',(127.51775842157,92.491672179976,6.3));
#4548 = SURFACE_CURVE('',#4549,(#4553,#4559),.PCURVE_S1.);
#4549 = LINE('',#4550,#4551);
#4550 = CARTESIAN_POINT('',(124.73255327614,94.4909368493,6.3));
#4551 = VECTOR('',#4552,1.);
#4552 = DIRECTION('',(0.812374829299,-0.58313560749,0.));
#4553 = PCURVE('',#72,#4554);
#4554 = DEFINITIONAL_REPRESENTATION('',(#4555),#4558);
#4555 = B_SPLINE_CURVE_WITH_KNOTS('',1,(#4556,#4557),.UNSPECIFIED.,.F.,
  .F.,(2,2),(3.428472972061,3.994445578812),.PIECEWISE_BEZIER_KNOTS.);
#4556 = CARTESIAN_POINT('',(-43.73472849671,49.168746145098));
#4557 = CARTESIAN_POINT('',(-44.19451039651,48.838707365238));
#4558 = ( GEOMETRIC_REPRESENTATION_CONTEXT(2) 
PARAMETRIC_REPRESENTATION_CONTEXT() REPRESENTATION_CONTEXT('2D SPACE',''
  ) );
#4559 = PCURVE('',#4560,#4565);
#4560 = PLANE('',#4561);
#4561 = AXIS2_PLACEMENT_3D('',#4562,#4563,#4564);
#4562 = CARTESIAN_POINT('',(127.51775842157,92.491672179976,1.4));
#4563 = DIRECTION('',(0.58313560749,0.812374829299,-0.));
#4564 = DIRECTION('',(0.812374829299,-0.58313560749,0.));
#4565 = DEFINITIONAL_REPRESENTATION('',(#4566),#4569);
#4566 = B_SPLINE_CURVE_WITH_KNOTS('',1,(#4567,#4568),.UNSPECIFIED.,.F.,
  .F.,(2,2),(3.428472972061,3.994445578812),.PIECEWISE_BEZIER_KNOTS.);
#4567 = CARTESIAN_POINT('',(0.,-4.9));
#4568 = CARTESIAN_POINT('',(0.565972606751,-4.9));
#4569 = ( GEOMETRIC_REPRESENTATION_CONTEXT(2) 
PARAMETRIC_REPRESENTATION_CONTEXT() REPRESENTATION_CONTEXT('2D SPACE',''
  ) );
#4570 = ORIENTED_EDGE('',*,*,#4571,.F.);
#4571 = EDGE_CURVE('',#4572,#4546,#4574,.T.);
#4572 = VERTEX_POINT('',#4573);
#4573 = CARTESIAN_POINT('',(127.02141346756,92.699611926225,6.3));
#4574 = SURFACE_CURVE('',#4575,(#4579,#4585),.PCURVE_S1.);
#4575 = LINE('',#4576,#4577);
#4576 = CARTESIAN_POINT('',(117.42882379835,96.718350598944,6.3));
#4577 = VECTOR('',#4578,1.);
#4578 = DIRECTION('',(0.92233012396,-0.386402824053,0.));
#4579 = PCURVE('',#72,#4580);
#4580 = DEFINITIONAL_REPRESENTATION('',(#4581),#4584);
#4581 = B_SPLINE_CURVE_WITH_KNOTS('',1,(#4582,#4583),.UNSPECIFIED.,.F.,
  .F.,(2,2),(10.400386390973,10.938528799115),.PIECEWISE_BEZIER_KNOTS.);
#4582 = CARTESIAN_POINT('',(-43.2383835427,49.376685891347));
#4583 = CARTESIAN_POINT('',(-43.73472849671,49.168746145098));
#4584 = ( GEOMETRIC_REPRESENTATION_CONTEXT(2) 
PARAMETRIC_REPRESENTATION_CONTEXT() REPRESENTATION_CONTEXT('2D SPACE',''
  ) );
#4585 = PCURVE('',#4586,#4591);
#4586 = PLANE('',#4587);
#4587 = AXIS2_PLACEMENT_3D('',#4588,#4589,#4590);
#4588 = CARTESIAN_POINT('',(127.02141346756,92.699611926225,1.4));
#4589 = DIRECTION('',(0.386402824053,0.92233012396,-0.));
#4590 = DIRECTION('',(0.92233012396,-0.386402824053,0.));
#4591 = DEFINITIONAL_REPRESENTATION('',(#4592),#4595);
#4592 = B_SPLINE_CURVE_WITH_KNOTS('',1,(#4593,#4594),.UNSPECIFIED.,.F.,
  .F.,(2,2),(10.400386390973,10.938528799115),.PIECEWISE_BEZIER_KNOTS.);
#4593 = CARTESIAN_POINT('',(0.,-4.9));
#4594 = CARTESIAN_POINT('',(0.538142408142,-4.9));
#4595 = ( GEOMETRIC_REPRESENTATION_CONTEXT(2) 
PARAMETRIC_REPRESENTATION_CONTEXT() REPRESENTATION_CONTEXT('2D SPACE',''
  ) );
#4596 = ORIENTED_EDGE('',*,*,#4597,.F.);
#4597 = EDGE_CURVE('',#4598,#4572,#4600,.T.);
#4598 = VERTEX_POINT('',#4599);
#4599 = CARTESIAN_POINT('',(126.48447714542,92.792546104179,6.3));
#4600 = SURFACE_CURVE('',#4601,(#4605,#4611),.PCURVE_S1.);
#4601 = LINE('',#4602,#4603);
#4602 = CARTESIAN_POINT('',(109.91139928487,95.661052673074,6.3));
#4603 = VECTOR('',#4604,1.);
#4604 = DIRECTION('',(0.985349614179,-0.170546585535,0.));
#4605 = PCURVE('',#72,#4606);
#4606 = DEFINITIONAL_REPRESENTATION('',(#4607),#4610);
#4607 = B_SPLINE_CURVE_WITH_KNOTS('',1,(#4608,#4609),.UNSPECIFIED.,.F.,
  .F.,(2,2),(16.819489876551,17.364409481142),.PIECEWISE_BEZIER_KNOTS.);
#4608 = CARTESIAN_POINT('',(-42.70144722056,49.469620069302));
#4609 = CARTESIAN_POINT('',(-43.2383835427,49.376685891347));
#4610 = ( GEOMETRIC_REPRESENTATION_CONTEXT(2) 
PARAMETRIC_REPRESENTATION_CONTEXT() REPRESENTATION_CONTEXT('2D SPACE',''
  ) );
#4611 = PCURVE('',#4612,#4617);
#4612 = PLANE('',#4613);
#4613 = AXIS2_PLACEMENT_3D('',#4614,#4615,#4616);
#4614 = CARTESIAN_POINT('',(126.48447714542,92.792546104179,1.4));
#4615 = DIRECTION('',(0.170546585535,0.985349614179,-0.));
#4616 = DIRECTION('',(0.985349614179,-0.170546585535,0.));
#4617 = DEFINITIONAL_REPRESENTATION('',(#4618),#4621);
#4618 = B_SPLINE_CURVE_WITH_KNOTS('',1,(#4619,#4620),.UNSPECIFIED.,.F.,
  .F.,(2,2),(16.819489876551,17.364409481142),.PIECEWISE_BEZIER_KNOTS.);
#4619 = CARTESIAN_POINT('',(0.,-4.9));
#4620 = CARTESIAN_POINT('',(0.544919604591,-4.9));
#4621 = ( GEOMETRIC_REPRESENTATION_CONTEXT(2) 
PARAMETRIC_REPRESENTATION_CONTEXT() REPRESENTATION_CONTEXT('2D SPACE',''
  ) );
#4622 = ORIENTED_EDGE('',*,*,#4623,.F.);
#4623 = EDGE_CURVE('',#4624,#4598,#4626,.T.);
#4624 = VERTEX_POINT('',#4625);
#4625 = CARTESIAN_POINT('',(126.14486486657,92.776503450517,6.3));
#4626 = SURFACE_CURVE('',#4627,(#4631,#4637),.PCURVE_S1.);
#4627 = LINE('',#4628,#4629);
#4628 = CARTESIAN_POINT('',(103.84565918439,91.723130366,6.3));
#4629 = VECTOR('',#4630,1.);
#4630 = DIRECTION('',(0.99888614267,4.718552724174E-02,-0.));
#4631 = PCURVE('',#72,#4632);
#4632 = DEFINITIONAL_REPRESENTATION('',(#4633),#4636);
#4633 = B_SPLINE_CURVE_WITH_KNOTS('',1,(#4634,#4635),.UNSPECIFIED.,.F.,
  .F.,(2,2),(22.324071512862,22.664062493152),.PIECEWISE_BEZIER_KNOTS.);
#4634 = CARTESIAN_POINT('',(-42.36183494172,49.453577415639));
#4635 = CARTESIAN_POINT('',(-42.70144722056,49.469620069302));
#4636 = ( GEOMETRIC_REPRESENTATION_CONTEXT(2) 
PARAMETRIC_REPRESENTATION_CONTEXT() REPRESENTATION_CONTEXT('2D SPACE',''
  ) );
#4637 = PCURVE('',#4638,#4643);
#4638 = PLANE('',#4639);
#4639 = AXIS2_PLACEMENT_3D('',#4640,#4641,#4642);
#4640 = CARTESIAN_POINT('',(126.14486486657,92.776503450517,1.4));
#4641 = DIRECTION('',(-4.718552724174E-02,0.99888614267,0.));
#4642 = DIRECTION('',(0.99888614267,4.718552724174E-02,0.));
#4643 = DEFINITIONAL_REPRESENTATION('',(#4644),#4647);
#4644 = B_SPLINE_CURVE_WITH_KNOTS('',1,(#4645,#4646),.UNSPECIFIED.,.F.,
  .F.,(2,2),(22.324071512862,22.664062493152),.PIECEWISE_BEZIER_KNOTS.);
#4645 = CARTESIAN_POINT('',(0.,-4.9));
#4646 = CARTESIAN_POINT('',(0.33999098029,-4.9));
#4647 = ( GEOMETRIC_REPRESENTATION_CONTEXT(2) 
PARAMETRIC_REPRESENTATION_CONTEXT() REPRESENTATION_CONTEXT('2D SPACE',''
  ) );
#4648 = ORIENTED_EDGE('',*,*,#4649,.F.);
#4649 = EDGE_CURVE('',#4650,#4624,#4652,.T.);
#4650 = VERTEX_POINT('',#4651);
#4651 = CARTESIAN_POINT('',(125.24136611448,92.546977184768,6.3));
#4652 = SURFACE_CURVE('',#4653,(#4657,#4663),.PCURVE_S1.);
#4653 = LINE('',#4654,#4655);
#4654 = CARTESIAN_POINT('',(99.895471134253,86.108065549923,6.3));
#4655 = VECTOR('',#4656,1.);
#4656 = DIRECTION('',(0.969213807491,0.246220623362,-0.));
#4657 = PCURVE('',#72,#4658);
#4658 = DEFINITIONAL_REPRESENTATION('',(#4659),#4662);
#4659 = B_SPLINE_CURVE_WITH_KNOTS('',1,(#4660,#4661),.UNSPECIFIED.,.F.,
  .F.,(2,2),(26.150984214566,27.083181780372),.PIECEWISE_BEZIER_KNOTS.);
#4660 = CARTESIAN_POINT('',(-41.45833618963,49.22405114989));
#4661 = CARTESIAN_POINT('',(-42.36183494172,49.453577415639));
#4662 = ( GEOMETRIC_REPRESENTATION_CONTEXT(2) 
PARAMETRIC_REPRESENTATION_CONTEXT() REPRESENTATION_CONTEXT('2D SPACE',''
  ) );
#4663 = PCURVE('',#4664,#4669);
#4664 = PLANE('',#4665);
#4665 = AXIS2_PLACEMENT_3D('',#4666,#4667,#4668);
#4666 = CARTESIAN_POINT('',(125.24136611448,92.546977184768,1.4));
#4667 = DIRECTION('',(-0.246220623362,0.969213807491,0.));
#4668 = DIRECTION('',(0.969213807491,0.246220623362,0.));
#4669 = DEFINITIONAL_REPRESENTATION('',(#4670),#4673);
#4670 = B_SPLINE_CURVE_WITH_KNOTS('',1,(#4671,#4672),.UNSPECIFIED.,.F.,
  .F.,(2,2),(26.150984214566,27.083181780372),.PIECEWISE_BEZIER_KNOTS.);
#4671 = CARTESIAN_POINT('',(0.,-4.9));
#4672 = CARTESIAN_POINT('',(0.932197565806,-4.9));
#4673 = ( GEOMETRIC_REPRESENTATION_CONTEXT(2) 
PARAMETRIC_REPRESENTATION_CONTEXT() REPRESENTATION_CONTEXT('2D SPACE',''
  ) );
#4674 = ORIENTED_EDGE('',*,*,#4675,.F.);
#4675 = EDGE_CURVE('',#4676,#4650,#4678,.T.);
#4676 = VERTEX_POINT('',#4677);
#4677 = CARTESIAN_POINT('',(115.13669796806,87.951542453168,6.3));
#4678 = SURFACE_CURVE('',#4679,(#4683,#4689),.PCURVE_S1.);
#4679 = LINE('',#4680,#4681);
#4680 = CARTESIAN_POINT('',(93.737615355126,78.219596184488,6.3));
#4681 = VECTOR('',#4682,1.);
#4682 = DIRECTION('',(0.910284885074,0.413982400599,-0.));
#4683 = PCURVE('',#72,#4684);
#4684 = DEFINITIONAL_REPRESENTATION('',(#4685),#4688);
#4685 = B_SPLINE_CURVE_WITH_KNOTS('',1,(#4686,#4687),.UNSPECIFIED.,.F.,
  .F.,(2,2),(23.508115935816,34.608671720181),.PIECEWISE_BEZIER_KNOTS.);
#4686 = CARTESIAN_POINT('',(-31.3536680432,44.62861641829));
#4687 = CARTESIAN_POINT('',(-41.45833618963,49.22405114989));
#4688 = ( GEOMETRIC_REPRESENTATION_CONTEXT(2) 
PARAMETRIC_REPRESENTATION_CONTEXT() REPRESENTATION_CONTEXT('2D SPACE',''
  ) );
#4689 = PCURVE('',#4690,#4695);
#4690 = PLANE('',#4691);
#4691 = AXIS2_PLACEMENT_3D('',#4692,#4693,#4694);
#4692 = CARTESIAN_POINT('',(115.13669796806,87.951542453168,1.4));
#4693 = DIRECTION('',(-0.413982400599,0.910284885074,0.));
#4694 = DIRECTION('',(0.910284885074,0.413982400599,0.));
#4695 = DEFINITIONAL_REPRESENTATION('',(#4696),#4699);
#4696 = B_SPLINE_CURVE_WITH_KNOTS('',1,(#4697,#4698),.UNSPECIFIED.,.F.,
  .F.,(2,2),(23.508115935816,34.608671720181),.PIECEWISE_BEZIER_KNOTS.);
#4697 = CARTESIAN_POINT('',(0.,-4.9));
#4698 = CARTESIAN_POINT('',(11.100555784365,-4.9));
#4699 = ( GEOMETRIC_REPRESENTATION_CONTEXT(2) 
PARAMETRIC_REPRESENTATION_CONTEXT() REPRESENTATION_CONTEXT('2D SPACE',''
  ) );
#4700 = ORIENTED_EDGE('',*,*,#4701,.F.);
#4701 = EDGE_CURVE('',#4702,#4676,#4704,.T.);
#4702 = VERTEX_POINT('',#4703);
#4703 = CARTESIAN_POINT('',(110.58065095038,86.12059836231,6.3));
#4704 = SURFACE_CURVE('',#4705,(#4709,#4715),.PCURVE_S1.);
#4705 = LINE('',#4706,#4707);
#4706 = CARTESIAN_POINT('',(91.641023095366,78.509307352876,6.3));
#4707 = VECTOR('',#4708,1.);
#4708 = DIRECTION('',(0.927876779349,0.372886956522,-0.));
#4709 = PCURVE('',#72,#4710);
#4710 = DEFINITIONAL_REPRESENTATION('',(#4711),#4714);
#4711 = B_SPLINE_CURVE_WITH_KNOTS('',1,(#4712,#4713),.UNSPECIFIED.,.F.,
  .F.,(2,2),(20.411792035903,25.321977438831),.PIECEWISE_BEZIER_KNOTS.);
#4712 = CARTESIAN_POINT('',(-26.79762102553,42.797672327432));
#4713 = CARTESIAN_POINT('',(-31.3536680432,44.62861641829));
#4714 = ( GEOMETRIC_REPRESENTATION_CONTEXT(2) 
PARAMETRIC_REPRESENTATION_CONTEXT() REPRESENTATION_CONTEXT('2D SPACE',''
  ) );
#4715 = PCURVE('',#4716,#4721);
#4716 = PLANE('',#4717);
#4717 = AXIS2_PLACEMENT_3D('',#4718,#4719,#4720);
#4718 = CARTESIAN_POINT('',(110.58065095038,86.12059836231,1.4));
#4719 = DIRECTION('',(-0.372886956522,0.927876779349,0.));
#4720 = DIRECTION('',(0.927876779349,0.372886956522,0.));
#4721 = DEFINITIONAL_REPRESENTATION('',(#4722),#4725);
#4722 = B_SPLINE_CURVE_WITH_KNOTS('',1,(#4723,#4724),.UNSPECIFIED.,.F.,
  .F.,(2,2),(20.411792035903,25.321977438831),.PIECEWISE_BEZIER_KNOTS.);
#4723 = CARTESIAN_POINT('',(0.,-4.9));
#4724 = CARTESIAN_POINT('',(4.910185402928,-4.9));
#4725 = ( GEOMETRIC_REPRESENTATION_CONTEXT(2) 
PARAMETRIC_REPRESENTATION_CONTEXT() REPRESENTATION_CONTEXT('2D SPACE',''
  ) );
#4726 = ORIENTED_EDGE('',*,*,#4727,.F.);
#4727 = EDGE_CURVE('',#4728,#4702,#4730,.T.);
#4728 = VERTEX_POINT('',#4729);
#4729 = CARTESIAN_POINT('',(107.6820779766,85.138776015192,6.3));
#4730 = SURFACE_CURVE('',#4731,(#4735,#4741),.PCURVE_S1.);
#4731 = LINE('',#4732,#4733);
#4732 = CARTESIAN_POINT('',(90.609340799919,79.355794169255,6.3));
#4733 = VECTOR('',#4734,1.);
#4734 = DIRECTION('',(0.947139846492,0.320820995552,-0.));
#4735 = PCURVE('',#72,#4736);
#4736 = DEFINITIONAL_REPRESENTATION('',(#4737),#4740);
#4737 = B_SPLINE_CURVE_WITH_KNOTS('',1,(#4738,#4739),.UNSPECIFIED.,.F.,
  .F.,(2,2),(18.025571661793,21.085914846089),.PIECEWISE_BEZIER_KNOTS.);
#4738 = CARTESIAN_POINT('',(-23.89904805174,41.815849980315));
#4739 = CARTESIAN_POINT('',(-26.79762102553,42.797672327432));
#4740 = ( GEOMETRIC_REPRESENTATION_CONTEXT(2) 
PARAMETRIC_REPRESENTATION_CONTEXT() REPRESENTATION_CONTEXT('2D SPACE',''
  ) );
#4741 = PCURVE('',#4742,#4747);
#4742 = PLANE('',#4743);
#4743 = AXIS2_PLACEMENT_3D('',#4744,#4745,#4746);
#4744 = CARTESIAN_POINT('',(107.6820779766,85.138776015192,1.4));
#4745 = DIRECTION('',(-0.320820995552,0.947139846492,0.));
#4746 = DIRECTION('',(0.947139846492,0.320820995552,0.));
#4747 = DEFINITIONAL_REPRESENTATION('',(#4748),#4751);
#4748 = B_SPLINE_CURVE_WITH_KNOTS('',1,(#4749,#4750),.UNSPECIFIED.,.F.,
  .F.,(2,2),(18.025571661793,21.085914846089),.PIECEWISE_BEZIER_KNOTS.);
#4749 = CARTESIAN_POINT('',(0.,-4.9));
#4750 = CARTESIAN_POINT('',(3.060343184296,-4.9));
#4751 = ( GEOMETRIC_REPRESENTATION_CONTEXT(2) 
PARAMETRIC_REPRESENTATION_CONTEXT() REPRESENTATION_CONTEXT('2D SPACE',''
  ) );
#4752 = ORIENTED_EDGE('',*,*,#4753,.F.);
#4753 = EDGE_CURVE('',#4754,#4728,#4756,.T.);
#4754 = VERTEX_POINT('',#4755);
#4755 = CARTESIAN_POINT('',(104.74117107682,84.280717731845,6.3));
#4756 = SURFACE_CURVE('',#4757,(#4761,#4767),.PCURVE_S1.);
#4757 = LINE('',#4758,#4759);
#4758 = CARTESIAN_POINT('',(89.577861579641,79.856571112979,6.3));
#4759 = VECTOR('',#4760,1.);
#4760 = DIRECTION('',(0.959974219883,0.28008837384,-0.));
#4761 = PCURVE('',#72,#4762);
#4762 = DEFINITIONAL_REPRESENTATION('',(#4763),#4766);
#4763 = B_SPLINE_CURVE_WITH_KNOTS('',1,(#4764,#4765),.UNSPECIFIED.,.F.,
  .F.,(2,2),(15.795538237513,18.859065193612),.PIECEWISE_BEZIER_KNOTS.);
#4764 = CARTESIAN_POINT('',(-20.95814115197,40.957791696967));
#4765 = CARTESIAN_POINT('',(-23.89904805174,41.815849980315));
#4766 = ( GEOMETRIC_REPRESENTATION_CONTEXT(2) 
PARAMETRIC_REPRESENTATION_CONTEXT() REPRESENTATION_CONTEXT('2D SPACE',''
  ) );
#4767 = PCURVE('',#4768,#4773);
#4768 = PLANE('',#4769);
#4769 = AXIS2_PLACEMENT_3D('',#4770,#4771,#4772);
#4770 = CARTESIAN_POINT('',(104.74117107682,84.280717731845,1.4));
#4771 = DIRECTION('',(-0.28008837384,0.959974219883,0.));
#4772 = DIRECTION('',(0.959974219883,0.28008837384,0.));
#4773 = DEFINITIONAL_REPRESENTATION('',(#4774),#4777);
#4774 = B_SPLINE_CURVE_WITH_KNOTS('',1,(#4775,#4776),.UNSPECIFIED.,.F.,
  .F.,(2,2),(15.795538237513,18.859065193612),.PIECEWISE_BEZIER_KNOTS.);
#4775 = CARTESIAN_POINT('',(0.,-4.9));
#4776 = CARTESIAN_POINT('',(3.063526956098,-4.9));
#4777 = ( GEOMETRIC_REPRESENTATION_CONTEXT(2) 
PARAMETRIC_REPRESENTATION_CONTEXT() REPRESENTATION_CONTEXT('2D SPACE',''
  ) );
#4778 = ORIENTED_EDGE('',*,*,#4779,.F.);
#4779 = EDGE_CURVE('',#4780,#4754,#4782,.T.);
#4780 = VERTEX_POINT('',#4781);
#4781 = CARTESIAN_POINT('',(101.76628138013,83.54899629536,6.3));
#4782 = SURFACE_CURVE('',#4783,(#4787,#4793),.PCURVE_S1.);
#4783 = LINE('',#4784,#4785);
#4784 = CARTESIAN_POINT('',(88.622710627523,80.316126020425,6.3));
#4785 = VECTOR('',#4786,1.);
#4786 = DIRECTION('',(0.971057220682,0.23884696808,-0.));
#4787 = PCURVE('',#72,#4788);
#4788 = DEFINITIONAL_REPRESENTATION('',(#4789),#4792);
#4789 = B_SPLINE_CURVE_WITH_KNOTS('',1,(#4790,#4791),.UNSPECIFIED.,.F.,
  .F.,(2,2),(13.53532054824,16.598878115527),.PIECEWISE_BEZIER_KNOTS.);
#4790 = CARTESIAN_POINT('',(-17.98325145528,40.226070260483));
#4791 = CARTESIAN_POINT('',(-20.95814115197,40.957791696967));
#4792 = ( GEOMETRIC_REPRESENTATION_CONTEXT(2) 
PARAMETRIC_REPRESENTATION_CONTEXT() REPRESENTATION_CONTEXT('2D SPACE',''
  ) );
#4793 = PCURVE('',#4794,#4799);
#4794 = PLANE('',#4795);
#4795 = AXIS2_PLACEMENT_3D('',#4796,#4797,#4798);
#4796 = CARTESIAN_POINT('',(101.76628138013,83.54899629536,1.4));
#4797 = DIRECTION('',(-0.23884696808,0.971057220682,0.));
#4798 = DIRECTION('',(0.971057220682,0.23884696808,0.));
#4799 = DEFINITIONAL_REPRESENTATION('',(#4800),#4803);
#4800 = B_SPLINE_CURVE_WITH_KNOTS('',1,(#4801,#4802),.UNSPECIFIED.,.F.,
  .F.,(2,2),(13.53532054824,16.598878115527),.PIECEWISE_BEZIER_KNOTS.);
#4801 = CARTESIAN_POINT('',(0.,-4.9));
#4802 = CARTESIAN_POINT('',(3.063557567287,-4.9));
#4803 = ( GEOMETRIC_REPRESENTATION_CONTEXT(2) 
PARAMETRIC_REPRESENTATION_CONTEXT() REPRESENTATION_CONTEXT('2D SPACE',''
  ) );
#4804 = ORIENTED_EDGE('',*,*,#4805,.F.);
#4805 = EDGE_CURVE('',#4806,#4780,#4808,.T.);
#4806 = VERTEX_POINT('',#4807);
#4807 = CARTESIAN_POINT('',(98.766657180609,82.945643687863,6.3));
#4808 = SURFACE_CURVE('',#4809,(#4813,#4819),.PCURVE_S1.);
#4809 = LINE('',#4810,#4811);
#4810 = CARTESIAN_POINT('',(87.736207056711,80.726948810965,6.3));
#4811 = VECTOR('',#4812,1.);
#4812 = DIRECTION('',(0.980364642786,0.197193222943,-0.));
#4813 = PCURVE('',#72,#4814);
#4814 = DEFINITIONAL_REPRESENTATION('',(#4815),#4818);
#4815 = B_SPLINE_CURVE_WITH_KNOTS('',1,(#4816,#4817),.UNSPECIFIED.,.F.,
  .F.,(2,2),(11.251374888988,14.311077441098),.PIECEWISE_BEZIER_KNOTS.);
#4816 = CARTESIAN_POINT('',(-14.98362725575,39.622717652986));
#4817 = CARTESIAN_POINT('',(-17.98325145528,40.226070260483));
#4818 = ( GEOMETRIC_REPRESENTATION_CONTEXT(2) 
PARAMETRIC_REPRESENTATION_CONTEXT() REPRESENTATION_CONTEXT('2D SPACE',''
  ) );
#4819 = PCURVE('',#4820,#4825);
#4820 = PLANE('',#4821);
#4821 = AXIS2_PLACEMENT_3D('',#4822,#4823,#4824);
#4822 = CARTESIAN_POINT('',(98.766657180609,82.945643687863,1.4));
#4823 = DIRECTION('',(-0.197193222943,0.980364642786,0.));
#4824 = DIRECTION('',(0.980364642786,0.197193222943,0.));
#4825 = DEFINITIONAL_REPRESENTATION('',(#4826),#4829);
#4826 = B_SPLINE_CURVE_WITH_KNOTS('',1,(#4827,#4828),.UNSPECIFIED.,.F.,
  .F.,(2,2),(11.251374888988,14.311077441098),.PIECEWISE_BEZIER_KNOTS.);
#4827 = CARTESIAN_POINT('',(0.,-4.9));
#4828 = CARTESIAN_POINT('',(3.059702552109,-4.9));
#4829 = ( GEOMETRIC_REPRESENTATION_CONTEXT(2) 
PARAMETRIC_REPRESENTATION_CONTEXT() REPRESENTATION_CONTEXT('2D SPACE',''
  ) );
#4830 = ORIENTED_EDGE('',*,*,#4831,.F.);
#4831 = EDGE_CURVE('',#4832,#4806,#4834,.T.);
#4832 = VERTEX_POINT('',#4833);
#4833 = CARTESIAN_POINT('',(95.739176571367,82.47007158045,6.3));
#4834 = SURFACE_CURVE('',#4835,(#4839,#4845),.PCURVE_S1.);
#4835 = LINE('',#4836,#4837);
#4836 = CARTESIAN_POINT('',(86.904391302607,81.082258414615,6.3));
#4837 = VECTOR('',#4838,1.);
#4838 = DIRECTION('',(0.987885873276,0.155182155487,-0.));
#4839 = PCURVE('',#72,#4840);
#4840 = DEFINITIONAL_REPRESENTATION('',(#4841),#4844);
#4841 = B_SPLINE_CURVE_WITH_KNOTS('',1,(#4842,#4843),.UNSPECIFIED.,.F.,
  .F.,(2,2),(8.943123398922,12.007729029127),.PIECEWISE_BEZIER_KNOTS.);
#4842 = CARTESIAN_POINT('',(-11.95614664651,39.147145545572));
#4843 = CARTESIAN_POINT('',(-14.98362725575,39.622717652986));
#4844 = ( GEOMETRIC_REPRESENTATION_CONTEXT(2) 
PARAMETRIC_REPRESENTATION_CONTEXT() REPRESENTATION_CONTEXT('2D SPACE',''
  ) );
#4845 = PCURVE('',#4846,#4851);
#4846 = PLANE('',#4847);
#4847 = AXIS2_PLACEMENT_3D('',#4848,#4849,#4850);
#4848 = CARTESIAN_POINT('',(95.739176571367,82.47007158045,1.4));
#4849 = DIRECTION('',(-0.155182155487,0.987885873276,0.));
#4850 = DIRECTION('',(0.987885873276,0.155182155487,0.));
#4851 = DEFINITIONAL_REPRESENTATION('',(#4852),#4855);
#4852 = B_SPLINE_CURVE_WITH_KNOTS('',1,(#4853,#4854),.UNSPECIFIED.,.F.,
  .F.,(2,2),(8.943123398922,12.007729029127),.PIECEWISE_BEZIER_KNOTS.);
#4853 = CARTESIAN_POINT('',(0.,-4.9));
#4854 = CARTESIAN_POINT('',(3.064605630205,-4.9));
#4855 = ( GEOMETRIC_REPRESENTATION_CONTEXT(2) 
PARAMETRIC_REPRESENTATION_CONTEXT() REPRESENTATION_CONTEXT('2D SPACE',''
  ) );
#4856 = ORIENTED_EDGE('',*,*,#4857,.F.);
#4857 = EDGE_CURVE('',#4858,#4832,#4860,.T.);
#4858 = VERTEX_POINT('',#4859);
#4859 = CARTESIAN_POINT('',(93.303451092769,82.182933316715,6.3));
#4860 = SURFACE_CURVE('',#4861,(#4865,#4871),.PCURVE_S1.);
#4861 = LINE('',#4862,#4863);
#4862 = CARTESIAN_POINT('',(86.349354527487,81.363141746956,6.3));
#4863 = VECTOR('',#4864,1.);
#4864 = DIRECTION('',(0.993123024814,0.117075435441,-0.));
#4865 = PCURVE('',#72,#4866);
#4866 = DEFINITIONAL_REPRESENTATION('',(#4867),#4870);
#4867 = B_SPLINE_CURVE_WITH_KNOTS('',1,(#4868,#4869),.UNSPECIFIED.,.F.,
  .F.,(2,2),(7.002250870765,9.454842762945),.PIECEWISE_BEZIER_KNOTS.);
#4868 = CARTESIAN_POINT('',(-9.520421167914,38.860007281837));
#4869 = CARTESIAN_POINT('',(-11.95614664651,39.147145545572));
#4870 = ( GEOMETRIC_REPRESENTATION_CONTEXT(2) 
PARAMETRIC_REPRESENTATION_CONTEXT() REPRESENTATION_CONTEXT('2D SPACE',''
  ) );
#4871 = PCURVE('',#4872,#4877);
#4872 = PLANE('',#4873);
#4873 = AXIS2_PLACEMENT_3D('',#4874,#4875,#4876);
#4874 = CARTESIAN_POINT('',(93.303451092769,82.182933316715,1.4));
#4875 = DIRECTION('',(-0.117075435441,0.993123024814,0.));
#4876 = DIRECTION('',(0.993123024814,0.117075435441,0.));
#4877 = DEFINITIONAL_REPRESENTATION('',(#4878),#4881);
#4878 = B_SPLINE_CURVE_WITH_KNOTS('',1,(#4879,#4880),.UNSPECIFIED.,.F.,
  .F.,(2,2),(7.002250870765,9.454842762945),.PIECEWISE_BEZIER_KNOTS.);
#4879 = CARTESIAN_POINT('',(0.,-4.9));
#4880 = CARTESIAN_POINT('',(2.452591892181,-4.9));
#4881 = ( GEOMETRIC_REPRESENTATION_CONTEXT(2) 
PARAMETRIC_REPRESENTATION_CONTEXT() REPRESENTATION_CONTEXT('2D SPACE',''
  ) );
#4882 = ORIENTED_EDGE('',*,*,#4883,.F.);
#4883 = EDGE_CURVE('',#4884,#4858,#4886,.T.);
#4884 = VERTEX_POINT('',#4885);
#4885 = CARTESIAN_POINT('',(90.248373872677,81.941444016222,6.3));
#4886 = SURFACE_CURVE('',#4887,(#4891,#4897),.PCURVE_S1.);
#4887 = LINE('',#4888,#4889);
#4888 = CARTESIAN_POINT('',(85.518947125602,81.567605361876,6.3));
#4889 = VECTOR('',#4890,1.);
#4890 = DIRECTION('',(0.996890489269,7.879944419674E-02,-0.));
#4891 = PCURVE('',#72,#4892);
#4892 = DEFINITIONAL_REPRESENTATION('',(#4893),#4896);
#4893 = B_SPLINE_CURVE_WITH_KNOTS('',1,(#4894,#4895),.UNSPECIFIED.,.F.,
  .F.,(2,2),(4.744178822033,7.808785469383),.PIECEWISE_BEZIER_KNOTS.);
#4894 = CARTESIAN_POINT('',(-6.465343947822,38.618517981344));
#4895 = CARTESIAN_POINT('',(-9.520421167914,38.860007281837));
#4896 = ( GEOMETRIC_REPRESENTATION_CONTEXT(2) 
PARAMETRIC_REPRESENTATION_CONTEXT() REPRESENTATION_CONTEXT('2D SPACE',''
  ) );
#4897 = PCURVE('',#4898,#4903);
#4898 = PLANE('',#4899);
#4899 = AXIS2_PLACEMENT_3D('',#4900,#4901,#4902);
#4900 = CARTESIAN_POINT('',(90.248373872677,81.941444016222,1.4));
#4901 = DIRECTION('',(-7.879944419674E-02,0.996890489269,0.));
#4902 = DIRECTION('',(0.996890489269,7.879944419674E-02,0.));
#4903 = DEFINITIONAL_REPRESENTATION('',(#4904),#4907);
#4904 = B_SPLINE_CURVE_WITH_KNOTS('',1,(#4905,#4906),.UNSPECIFIED.,.F.,
  .F.,(2,2),(4.744178822033,7.808785469383),.PIECEWISE_BEZIER_KNOTS.);
#4905 = CARTESIAN_POINT('',(0.,-4.9));
#4906 = CARTESIAN_POINT('',(3.06460664735,-4.9));
#4907 = ( GEOMETRIC_REPRESENTATION_CONTEXT(2) 
PARAMETRIC_REPRESENTATION_CONTEXT() REPRESENTATION_CONTEXT('2D SPACE',''
  ) );
#4908 = ORIENTED_EDGE('',*,*,#4909,.F.);
#4909 = EDGE_CURVE('',#4910,#4884,#4912,.T.);
#4910 = VERTEX_POINT('',#4911);
#4911 = CARTESIAN_POINT('',(87.193870807378,81.830821658338,6.3));
#4912 = SURFACE_CURVE('',#4913,(#4917,#4923),.PCURVE_S1.);
#4913 = LINE('',#4914,#4915);
#4914 = CARTESIAN_POINT('',(84.794293707958,81.743918201054,6.3));
#4915 = VECTOR('',#4916,1.);
#4916 = DIRECTION('',(0.999344839458,3.619242806966E-02,-0.));
#4917 = PCURVE('',#72,#4918);
#4918 = DEFINITIONAL_REPRESENTATION('',(#4919),#4922);
#4919 = B_SPLINE_CURVE_WITH_KNOTS('',1,(#4920,#4921),.UNSPECIFIED.,.F.,
  .F.,(2,2),(2.401150238313,5.457655805457),.PIECEWISE_BEZIER_KNOTS.);
#4920 = CARTESIAN_POINT('',(-3.410840882523,38.507895623461));
#4921 = CARTESIAN_POINT('',(-6.465343947822,38.618517981344));
#4922 = ( GEOMETRIC_REPRESENTATION_CONTEXT(2) 
PARAMETRIC_REPRESENTATION_CONTEXT() REPRESENTATION_CONTEXT('2D SPACE',''
  ) );
#4923 = PCURVE('',#4924,#4929);
#4924 = PLANE('',#4925);
#4925 = AXIS2_PLACEMENT_3D('',#4926,#4927,#4928);
#4926 = CARTESIAN_POINT('',(87.193870807378,81.830821658338,1.4));
#4927 = DIRECTION('',(-3.619242806966E-02,0.999344839458,0.));
#4928 = DIRECTION('',(0.999344839458,3.619242806966E-02,0.));
#4929 = DEFINITIONAL_REPRESENTATION('',(#4930),#4933);
#4930 = B_SPLINE_CURVE_WITH_KNOTS('',1,(#4931,#4932),.UNSPECIFIED.,.F.,
  .F.,(2,2),(2.401150238313,5.457655805457),.PIECEWISE_BEZIER_KNOTS.);
#4931 = CARTESIAN_POINT('',(0.,-4.9));
#4932 = CARTESIAN_POINT('',(3.056505567144,-4.9));
#4933 = ( GEOMETRIC_REPRESENTATION_CONTEXT(2) 
PARAMETRIC_REPRESENTATION_CONTEXT() REPRESENTATION_CONTEXT('2D SPACE',''
  ) );
#4934 = ORIENTED_EDGE('',*,*,#4935,.F.);
#4935 = EDGE_CURVE('',#4936,#4910,#4938,.T.);
#4936 = VERTEX_POINT('',#4937);
#4937 = CARTESIAN_POINT('',(82.283670445845,81.925715306927,6.3));
#4938 = SURFACE_CURVE('',#4939,(#4943,#4949),.PCURVE_S1.);
#4939 = LINE('',#4940,#4941);
#4940 = CARTESIAN_POINT('',(83.405946308964,81.904026405552,6.3));
#4941 = VECTOR('',#4942,1.);
#4942 = DIRECTION('',(0.999813308633,-1.932221208466E-02,0.));
#4943 = PCURVE('',#72,#4944);
#4944 = DEFINITIONAL_REPRESENTATION('',(#4945),#4948);
#4945 = B_SPLINE_CURVE_WITH_KNOTS('',1,(#4946,#4947),.UNSPECIFIED.,.F.,
  .F.,(2,2),(-1.122485421457,3.788631803264),.PIECEWISE_BEZIER_KNOTS.);
#4946 = CARTESIAN_POINT('',(1.49935947901,38.602789272049));
#4947 = CARTESIAN_POINT('',(-3.410840882523,38.507895623461));
#4948 = ( GEOMETRIC_REPRESENTATION_CONTEXT(2) 
PARAMETRIC_REPRESENTATION_CONTEXT() REPRESENTATION_CONTEXT('2D SPACE',''
  ) );
#4949 = PCURVE('',#4950,#4955);
#4950 = PLANE('',#4951);
#4951 = AXIS2_PLACEMENT_3D('',#4952,#4953,#4954);
#4952 = CARTESIAN_POINT('',(82.283670445845,81.925715306927,1.4));
#4953 = DIRECTION('',(1.932221208466E-02,0.999813308633,-0.));
#4954 = DIRECTION('',(0.999813308633,-1.932221208466E-02,0.));
#4955 = DEFINITIONAL_REPRESENTATION('',(#4956),#4959);
#4956 = B_SPLINE_CURVE_WITH_KNOTS('',1,(#4957,#4958),.UNSPECIFIED.,.F.,
  .F.,(2,2),(-1.122485421457,3.788631803264),.PIECEWISE_BEZIER_KNOTS.);
#4957 = CARTESIAN_POINT('',(0.,-4.9));
#4958 = CARTESIAN_POINT('',(4.91111722472,-4.9));
#4959 = ( GEOMETRIC_REPRESENTATION_CONTEXT(2) 
PARAMETRIC_REPRESENTATION_CONTEXT() REPRESENTATION_CONTEXT('2D SPACE',''
  ) );
#4960 = ORIENTED_EDGE('',*,*,#4961,.F.);
#4961 = EDGE_CURVE('',#4962,#4936,#4964,.T.);
#4962 = VERTEX_POINT('',#4963);
#4963 = CARTESIAN_POINT('',(72.179515000786,82.691735059041,6.3));
#4964 = SURFACE_CURVE('',#4965,(#4969,#4975),.PCURVE_S1.);
#4965 = LINE('',#4966,#4967);
#4966 = CARTESIAN_POINT('',(79.431910164846,82.141913950685,6.3));
#4967 = VECTOR('',#4968,1.);
#4968 = DIRECTION('',(0.997138572597,-7.559541679232E-02,0.));
#4969 = PCURVE('',#72,#4970);
#4970 = DEFINITIONAL_REPRESENTATION('',(#4971),#4974);
#4971 = B_SPLINE_CURVE_WITH_KNOTS('',1,(#4972,#4973),.UNSPECIFIED.,.F.,
  .F.,(2,2),(-7.273206917644,2.859943802568),.PIECEWISE_BEZIER_KNOTS.);
#4972 = CARTESIAN_POINT('',(11.603514924069,39.368809024163));
#4973 = CARTESIAN_POINT('',(1.49935947901,38.602789272049));
#4974 = ( GEOMETRIC_REPRESENTATION_CONTEXT(2) 
PARAMETRIC_REPRESENTATION_CONTEXT() REPRESENTATION_CONTEXT('2D SPACE',''
  ) );
#4975 = PCURVE('',#4976,#4981);
#4976 = PLANE('',#4977);
#4977 = AXIS2_PLACEMENT_3D('',#4978,#4979,#4980);
#4978 = CARTESIAN_POINT('',(72.179515000786,82.691735059041,1.4));
#4979 = DIRECTION('',(7.559541679232E-02,0.997138572597,-0.));
#4980 = DIRECTION('',(0.997138572597,-7.559541679232E-02,0.));
#4981 = DEFINITIONAL_REPRESENTATION('',(#4982),#4985);
#4982 = B_SPLINE_CURVE_WITH_KNOTS('',1,(#4983,#4984),.UNSPECIFIED.,.F.,
  .F.,(2,2),(-7.273206917644,2.859943802568),.PIECEWISE_BEZIER_KNOTS.);
#4983 = CARTESIAN_POINT('',(0.,-4.9));
#4984 = CARTESIAN_POINT('',(10.133150720212,-4.9));
#4985 = ( GEOMETRIC_REPRESENTATION_CONTEXT(2) 
PARAMETRIC_REPRESENTATION_CONTEXT() REPRESENTATION_CONTEXT('2D SPACE',''
  ) );
#4986 = ORIENTED_EDGE('',*,*,#4987,.F.);
#4987 = EDGE_CURVE('',#4988,#4962,#4990,.T.);
#4988 = VERTEX_POINT('',#4989);
#4989 = CARTESIAN_POINT('',(70.783113430401,82.65180784371,6.3));
#4990 = SURFACE_CURVE('',#4991,(#4995,#5001),.PCURVE_S1.);
#4991 = LINE('',#4992,#4993);
#4992 = CARTESIAN_POINT('',(76.715957222774,82.821445243615,6.3));
#4993 = VECTOR('',#4994,1.);
#4994 = DIRECTION('',(0.999591472594,2.858125113553E-02,-0.));
#4995 = PCURVE('',#72,#4996);
#4996 = DEFINITIONAL_REPRESENTATION('',(#4997),#5000);
#4997 = B_SPLINE_CURVE_WITH_KNOTS('',1,(#4998,#4999),.UNSPECIFIED.,.F.,
  .F.,(2,2),(-5.935268512219,-4.538296240376),.PIECEWISE_BEZIER_KNOTS.);
#4998 = CARTESIAN_POINT('',(12.999916494454,39.328881808832));
#4999 = CARTESIAN_POINT('',(11.603514924069,39.368809024163));
#5000 = ( GEOMETRIC_REPRESENTATION_CONTEXT(2) 
PARAMETRIC_REPRESENTATION_CONTEXT() REPRESENTATION_CONTEXT('2D SPACE',''
  ) );
#5001 = PCURVE('',#5002,#5007);
#5002 = PLANE('',#5003);
#5003 = AXIS2_PLACEMENT_3D('',#5004,#5005,#5006);
#5004 = CARTESIAN_POINT('',(70.783113430401,82.65180784371,1.4));
#5005 = DIRECTION('',(-2.858125113553E-02,0.999591472594,0.));
#5006 = DIRECTION('',(0.999591472594,2.858125113553E-02,0.));
#5007 = DEFINITIONAL_REPRESENTATION('',(#5008),#5011);
#5008 = B_SPLINE_CURVE_WITH_KNOTS('',1,(#5009,#5010),.UNSPECIFIED.,.F.,
  .F.,(2,2),(-5.935268512219,-4.538296240376),.PIECEWISE_BEZIER_KNOTS.);
#5009 = CARTESIAN_POINT('',(0.,-4.9));
#5010 = CARTESIAN_POINT('',(1.396972271843,-4.9));
#5011 = ( GEOMETRIC_REPRESENTATION_CONTEXT(2) 
PARAMETRIC_REPRESENTATION_CONTEXT() REPRESENTATION_CONTEXT('2D SPACE',''
  ) );
#5012 = ORIENTED_EDGE('',*,*,#5013,.F.);
#5013 = EDGE_CURVE('',#5014,#4988,#5016,.T.);
#5014 = VERTEX_POINT('',#5015);
#5015 = CARTESIAN_POINT('',(69.3793081942,82.418885815217,6.3));
#5016 = SURFACE_CURVE('',#5017,(#5021,#5027),.PCURVE_S1.);
#5017 = LINE('',#5018,#5019);
#5018 = CARTESIAN_POINT('',(73.231675187739,83.058077856603,6.3));
#5019 = VECTOR('',#5020,1.);
#5020 = DIRECTION('',(0.986512809277,0.163684077211,-0.));
#5021 = PCURVE('',#72,#5022);
#5022 = DEFINITIONAL_REPRESENTATION('',(#5023),#5026);
#5023 = B_SPLINE_CURVE_WITH_KNOTS('',1,(#5024,#5025),.UNSPECIFIED.,.F.,
  .F.,(2,2),(-3.905034944616,-2.482037470078),.PIECEWISE_BEZIER_KNOTS.);
#5024 = CARTESIAN_POINT('',(14.403721730655,39.095959780339));
#5025 = CARTESIAN_POINT('',(12.999916494454,39.328881808832));
#5026 = ( GEOMETRIC_REPRESENTATION_CONTEXT(2) 
PARAMETRIC_REPRESENTATION_CONTEXT() REPRESENTATION_CONTEXT('2D SPACE',''
  ) );
#5027 = PCURVE('',#5028,#5033);
#5028 = PLANE('',#5029);
#5029 = AXIS2_PLACEMENT_3D('',#5030,#5031,#5032);
#5030 = CARTESIAN_POINT('',(69.3793081942,82.418885815217,1.4));
#5031 = DIRECTION('',(-0.163684077211,0.986512809277,0.));
#5032 = DIRECTION('',(0.986512809277,0.163684077211,0.));
#5033 = DEFINITIONAL_REPRESENTATION('',(#5034),#5037);
#5034 = B_SPLINE_CURVE_WITH_KNOTS('',1,(#5035,#5036),.UNSPECIFIED.,.F.,
  .F.,(2,2),(-3.905034944616,-2.482037470078),.PIECEWISE_BEZIER_KNOTS.);
#5035 = CARTESIAN_POINT('',(0.,-4.9));
#5036 = CARTESIAN_POINT('',(1.422997474538,-4.9));
#5037 = ( GEOMETRIC_REPRESENTATION_CONTEXT(2) 
PARAMETRIC_REPRESENTATION_CONTEXT() REPRESENTATION_CONTEXT('2D SPACE',''
  ) );
#5038 = ORIENTED_EDGE('',*,*,#5039,.F.);
#5039 = EDGE_CURVE('',#5040,#5014,#5042,.T.);
#5040 = VERTEX_POINT('',#5041);
#5041 = CARTESIAN_POINT('',(68.018267730529,81.990954552895,6.3));
#5042 = SURFACE_CURVE('',#5043,(#5047,#5053),.PCURVE_S1.);
#5043 = LINE('',#5044,#5045);
#5044 = CARTESIAN_POINT('',(69.659501722638,82.506982806834,6.3));
#5045 = VECTOR('',#5046,1.);
#5046 = DIRECTION('',(0.953958488135,0.299938665254,-0.));
#5047 = PCURVE('',#72,#5048);
#5048 = DEFINITIONAL_REPRESENTATION('',(#5049),#5052);
#5049 = B_SPLINE_CURVE_WITH_KNOTS('',1,(#5050,#5051),.UNSPECIFIED.,.F.,
  .F.,(2,2),(-1.720445923509,-0.293716688852),.PIECEWISE_BEZIER_KNOTS.);
#5050 = CARTESIAN_POINT('',(15.764762194326,38.668028518017));
#5051 = CARTESIAN_POINT('',(14.403721730655,39.095959780339));
#5052 = ( GEOMETRIC_REPRESENTATION_CONTEXT(2) 
PARAMETRIC_REPRESENTATION_CONTEXT() REPRESENTATION_CONTEXT('2D SPACE',''
  ) );
#5053 = PCURVE('',#5054,#5059);
#5054 = PLANE('',#5055);
#5055 = AXIS2_PLACEMENT_3D('',#5056,#5057,#5058);
#5056 = CARTESIAN_POINT('',(68.018267730529,81.990954552895,1.4));
#5057 = DIRECTION('',(-0.299938665254,0.953958488135,0.));
#5058 = DIRECTION('',(0.953958488135,0.299938665254,0.));
#5059 = DEFINITIONAL_REPRESENTATION('',(#5060),#5063);
#5060 = B_SPLINE_CURVE_WITH_KNOTS('',1,(#5061,#5062),.UNSPECIFIED.,.F.,
  .F.,(2,2),(-1.720445923509,-0.293716688852),.PIECEWISE_BEZIER_KNOTS.);
#5061 = CARTESIAN_POINT('',(0.,-4.9));
#5062 = CARTESIAN_POINT('',(1.426729234657,-4.9));
#5063 = ( GEOMETRIC_REPRESENTATION_CONTEXT(2) 
PARAMETRIC_REPRESENTATION_CONTEXT() REPRESENTATION_CONTEXT('2D SPACE',''
  ) );
#5064 = ORIENTED_EDGE('',*,*,#5065,.F.);
#5065 = EDGE_CURVE('',#5066,#5040,#5068,.T.);
#5066 = VERTEX_POINT('',#5067);
#5067 = CARTESIAN_POINT('',(66.819963643856,81.427847330086,6.3));
#5068 = SURFACE_CURVE('',#5069,(#5073,#5079),.PCURVE_S1.);
#5069 = LINE('',#5070,#5071);
#5070 = CARTESIAN_POINT('',(66.433665986891,81.246318281483,6.3));
#5071 = VECTOR('',#5072,1.);
#5072 = DIRECTION('',(0.905051524262,0.425301937959,-0.));
#5073 = PCURVE('',#72,#5074);
#5074 = DEFINITIONAL_REPRESENTATION('',(#5075),#5078);
#5075 = B_SPLINE_CURVE_WITH_KNOTS('',1,(#5076,#5077),.UNSPECIFIED.,.F.,
  .F.,(2,2),(0.426823939422,1.750841472733),.PIECEWISE_BEZIER_KNOTS.);
#5076 = CARTESIAN_POINT('',(16.963066280999,38.104921295209));
#5077 = CARTESIAN_POINT('',(15.764762194326,38.668028518017));
#5078 = ( GEOMETRIC_REPRESENTATION_CONTEXT(2) 
PARAMETRIC_REPRESENTATION_CONTEXT() REPRESENTATION_CONTEXT('2D SPACE',''
  ) );
#5079 = PCURVE('',#5080,#5085);
#5080 = PLANE('',#5081);
#5081 = AXIS2_PLACEMENT_3D('',#5082,#5083,#5084);
#5082 = CARTESIAN_POINT('',(66.819963643856,81.427847330086,1.4));
#5083 = DIRECTION('',(-0.425301937959,0.905051524262,0.));
#5084 = DIRECTION('',(0.905051524262,0.425301937959,0.));
#5085 = DEFINITIONAL_REPRESENTATION('',(#5086),#5089);
#5086 = B_SPLINE_CURVE_WITH_KNOTS('',1,(#5087,#5088),.UNSPECIFIED.,.F.,
  .F.,(2,2),(0.426823939422,1.750841472733),.PIECEWISE_BEZIER_KNOTS.);
#5087 = CARTESIAN_POINT('',(0.,-4.9));
#5088 = CARTESIAN_POINT('',(1.324017533311,-4.9));
#5089 = ( GEOMETRIC_REPRESENTATION_CONTEXT(2) 
PARAMETRIC_REPRESENTATION_CONTEXT() REPRESENTATION_CONTEXT('2D SPACE',''
  ) );
#5090 = ORIENTED_EDGE('',*,*,#5091,.F.);
#5091 = EDGE_CURVE('',#5092,#5066,#5094,.T.);
#5092 = VERTEX_POINT('',#5093);
#5093 = CARTESIAN_POINT('',(65.886369801836,80.845932783525,6.3));
#5094 = SURFACE_CURVE('',#5095,(#5099,#5105),.PCURVE_S1.);
#5095 = LINE('',#5096,#5097);
#5096 = CARTESIAN_POINT('',(63.908836228974,79.613324447256,6.3));
#5097 = VECTOR('',#5098,1.);
#5098 = DIRECTION('',(0.848643826861,0.528964701215,-0.));
#5099 = PCURVE('',#72,#5100);
#5100 = DEFINITIONAL_REPRESENTATION('',(#5101),#5104);
#5101 = B_SPLINE_CURVE_WITH_KNOTS('',1,(#5102,#5103),.UNSPECIFIED.,.F.,
  .F.,(2,2),(2.330227959328,3.430328864408),.PIECEWISE_BEZIER_KNOTS.);
#5102 = CARTESIAN_POINT('',(17.896660123019,37.523006748647));
#5103 = CARTESIAN_POINT('',(16.963066280999,38.104921295209));
#5104 = ( GEOMETRIC_REPRESENTATION_CONTEXT(2) 
PARAMETRIC_REPRESENTATION_CONTEXT() REPRESENTATION_CONTEXT('2D SPACE',''
  ) );
#5105 = PCURVE('',#5106,#5111);
#5106 = PLANE('',#5107);
#5107 = AXIS2_PLACEMENT_3D('',#5108,#5109,#5110);
#5108 = CARTESIAN_POINT('',(65.886369801836,80.845932783525,1.4));
#5109 = DIRECTION('',(-0.528964701215,0.848643826861,0.));
#5110 = DIRECTION('',(0.848643826861,0.528964701215,0.));
#5111 = DEFINITIONAL_REPRESENTATION('',(#5112),#5115);
#5112 = B_SPLINE_CURVE_WITH_KNOTS('',1,(#5113,#5114),.UNSPECIFIED.,.F.,
  .F.,(2,2),(2.330227959328,3.430328864408),.PIECEWISE_BEZIER_KNOTS.);
#5113 = CARTESIAN_POINT('',(0.,-4.9));
#5114 = CARTESIAN_POINT('',(1.10010090508,-4.9));
#5115 = ( GEOMETRIC_REPRESENTATION_CONTEXT(2) 
PARAMETRIC_REPRESENTATION_CONTEXT() REPRESENTATION_CONTEXT('2D SPACE',''
  ) );
#5116 = ORIENTED_EDGE('',*,*,#5117,.F.);
#5117 = EDGE_CURVE('',#5118,#5092,#5120,.T.);
#5118 = VERTEX_POINT('',#5119);
#5119 = CARTESIAN_POINT('',(63.734047411437,79.243355720438,6.3));
#5120 = SURFACE_CURVE('',#5121,(#5125,#5131),.PCURVE_S1.);
#5121 = LINE('',#5122,#5123);
#5122 = CARTESIAN_POINT('',(61.579947609151,77.639455231299,6.3));
#5123 = VECTOR('',#5124,1.);
#5124 = DIRECTION('',(0.802081704938,0.597214315471,-0.));
#5125 = PCURVE('',#72,#5126);
#5126 = DEFINITIONAL_REPRESENTATION('',(#5127),#5130);
#5127 = B_SPLINE_CURVE_WITH_KNOTS('',1,(#5128,#5129),.UNSPECIFIED.,.F.,
  .F.,(2,2),(2.685636374729,5.369056750918),.PIECEWISE_BEZIER_KNOTS.);
#5128 = CARTESIAN_POINT('',(20.048982513418,35.92042968556));
#5129 = CARTESIAN_POINT('',(17.896660123019,37.523006748647));
#5130 = ( GEOMETRIC_REPRESENTATION_CONTEXT(2) 
PARAMETRIC_REPRESENTATION_CONTEXT() REPRESENTATION_CONTEXT('2D SPACE',''
  ) );
#5131 = PCURVE('',#5132,#5137);
#5132 = PLANE('',#5133);
#5133 = AXIS2_PLACEMENT_3D('',#5134,#5135,#5136);
#5134 = CARTESIAN_POINT('',(63.734047411437,79.243355720438,1.4));
#5135 = DIRECTION('',(-0.597214315471,0.802081704938,0.));
#5136 = DIRECTION('',(0.802081704938,0.597214315471,0.));
#5137 = DEFINITIONAL_REPRESENTATION('',(#5138),#5141);
#5138 = B_SPLINE_CURVE_WITH_KNOTS('',1,(#5139,#5140),.UNSPECIFIED.,.F.,
  .F.,(2,2),(2.685636374729,5.369056750918),.PIECEWISE_BEZIER_KNOTS.);
#5139 = CARTESIAN_POINT('',(0.,-4.9));
#5140 = CARTESIAN_POINT('',(2.683420376189,-4.9));
#5141 = ( GEOMETRIC_REPRESENTATION_CONTEXT(2) 
PARAMETRIC_REPRESENTATION_CONTEXT() REPRESENTATION_CONTEXT('2D SPACE',''
  ) );
#5142 = ORIENTED_EDGE('',*,*,#5143,.F.);
#5143 = EDGE_CURVE('',#5144,#5118,#5146,.T.);
#5144 = VERTEX_POINT('',#5145);
#5145 = CARTESIAN_POINT('',(62.263589672571,78.270666619838,6.3));
#5146 = SURFACE_CURVE('',#5147,(#5151,#5157),.PCURVE_S1.);
#5147 = LINE('',#5148,#5149);
#5148 = CARTESIAN_POINT('',(61.707772933431,77.903000912893,6.3));
#5149 = VECTOR('',#5150,1.);
#5150 = DIRECTION('',(0.834038674854,0.551705980435,-0.));
#5151 = PCURVE('',#72,#5152);
#5152 = DEFINITIONAL_REPRESENTATION('',(#5153),#5156);
#5153 = B_SPLINE_CURVE_WITH_KNOTS('',1,(#5154,#5155),.UNSPECIFIED.,.F.,
  .F.,(2,2),(0.666416025896,2.429473043754),.PIECEWISE_BEZIER_KNOTS.);
#5154 = CARTESIAN_POINT('',(21.519440252285,34.94774058496));
#5155 = CARTESIAN_POINT('',(20.048982513418,35.92042968556));
#5156 = ( GEOMETRIC_REPRESENTATION_CONTEXT(2) 
PARAMETRIC_REPRESENTATION_CONTEXT() REPRESENTATION_CONTEXT('2D SPACE',''
  ) );
#5157 = PCURVE('',#5158,#5163);
#5158 = PLANE('',#5159);
#5159 = AXIS2_PLACEMENT_3D('',#5160,#5161,#5162);
#5160 = CARTESIAN_POINT('',(62.263589672571,78.270666619838,1.4));
#5161 = DIRECTION('',(-0.551705980435,0.834038674854,0.));
#5162 = DIRECTION('',(0.834038674854,0.551705980435,0.));
#5163 = DEFINITIONAL_REPRESENTATION('',(#5164),#5167);
#5164 = B_SPLINE_CURVE_WITH_KNOTS('',1,(#5165,#5166),.UNSPECIFIED.,.F.,
  .F.,(2,2),(0.666416025896,2.429473043754),.PIECEWISE_BEZIER_KNOTS.);
#5165 = CARTESIAN_POINT('',(0.,-4.9));
#5166 = CARTESIAN_POINT('',(1.763057017858,-4.9));
#5167 = ( GEOMETRIC_REPRESENTATION_CONTEXT(2) 
PARAMETRIC_REPRESENTATION_CONTEXT() REPRESENTATION_CONTEXT('2D SPACE',''
  ) );
#5168 = ORIENTED_EDGE('',*,*,#5169,.F.);
#5169 = EDGE_CURVE('',#5170,#5144,#5172,.T.);
#5170 = VERTEX_POINT('',#5171);
#5171 = CARTESIAN_POINT('',(60.430351113952,77.203259401183,6.3));
#5172 = SURFACE_CURVE('',#5173,(#5177,#5183),.PCURVE_S1.);
#5173 = LINE('',#5174,#5175);
#5174 = CARTESIAN_POINT('',(61.784246463453,77.991567972682,6.3));
#5175 = VECTOR('',#5176,1.);
#5176 = DIRECTION('',(0.864185250602,0.503173779763,-0.));
#5177 = PCURVE('',#72,#5178);
#5178 = DEFINITIONAL_REPRESENTATION('',(#5179),#5182);
#5179 = B_SPLINE_CURVE_WITH_KNOTS('',1,(#5180,#5181),.UNSPECIFIED.,.F.,
  .F.,(2,2),(-1.566672595439,0.554676452512),.PIECEWISE_BEZIER_KNOTS.);
#5180 = CARTESIAN_POINT('',(23.352678810903,33.880333366306));
#5181 = CARTESIAN_POINT('',(21.519440252285,34.94774058496));
#5182 = ( GEOMETRIC_REPRESENTATION_CONTEXT(2) 
PARAMETRIC_REPRESENTATION_CONTEXT() REPRESENTATION_CONTEXT('2D SPACE',''
  ) );
#5183 = PCURVE('',#5184,#5189);
#5184 = PLANE('',#5185);
#5185 = AXIS2_PLACEMENT_3D('',#5186,#5187,#5188);
#5186 = CARTESIAN_POINT('',(60.430351113952,77.203259401183,1.4));
#5187 = DIRECTION('',(-0.503173779763,0.864185250602,0.));
#5188 = DIRECTION('',(0.864185250602,0.503173779763,0.));
#5189 = DEFINITIONAL_REPRESENTATION('',(#5190),#5193);
#5190 = B_SPLINE_CURVE_WITH_KNOTS('',1,(#5191,#5192),.UNSPECIFIED.,.F.,
  .F.,(2,2),(-1.566672595439,0.554676452512),.PIECEWISE_BEZIER_KNOTS.);
#5191 = CARTESIAN_POINT('',(0.,-4.9));
#5192 = CARTESIAN_POINT('',(2.12134904795,-4.9));
#5193 = ( GEOMETRIC_REPRESENTATION_CONTEXT(2) 
PARAMETRIC_REPRESENTATION_CONTEXT() REPRESENTATION_CONTEXT('2D SPACE',''
  ) );
#5194 = ORIENTED_EDGE('',*,*,#5195,.F.);
#5195 = EDGE_CURVE('',#5196,#5170,#5198,.T.);
#5196 = VERTEX_POINT('',#5197);
#5197 = CARTESIAN_POINT('',(58.214513471124,76.105945594861,6.3));
#5198 = SURFACE_CURVE('',#5199,(#5203,#5209),.PCURVE_S1.);
#5199 = LINE('',#5200,#5201);
#5200 = CARTESIAN_POINT('',(61.962357136315,77.961930220387,6.3));
#5201 = VECTOR('',#5202,1.);
#5202 = DIRECTION('',(0.896136175562,0.44377917352,-0.));
#5203 = PCURVE('',#72,#5204);
#5204 = DEFINITIONAL_REPRESENTATION('',(#5205),#5208);
#5205 = B_SPLINE_CURVE_WITH_KNOTS('',1,(#5206,#5207),.UNSPECIFIED.,.F.,
  .F.,(2,2),(-4.182225611909,-1.709568326937),.PIECEWISE_BEZIER_KNOTS.);
#5206 = CARTESIAN_POINT('',(25.568516453732,32.783019559983));
#5207 = CARTESIAN_POINT('',(23.352678810903,33.880333366306));
#5208 = ( GEOMETRIC_REPRESENTATION_CONTEXT(2) 
PARAMETRIC_REPRESENTATION_CONTEXT() REPRESENTATION_CONTEXT('2D SPACE',''
  ) );
#5209 = PCURVE('',#5210,#5215);
#5210 = PLANE('',#5211);
#5211 = AXIS2_PLACEMENT_3D('',#5212,#5213,#5214);
#5212 = CARTESIAN_POINT('',(58.214513471124,76.105945594861,1.4));
#5213 = DIRECTION('',(-0.44377917352,0.896136175562,0.));
#5214 = DIRECTION('',(0.896136175562,0.44377917352,0.));
#5215 = DEFINITIONAL_REPRESENTATION('',(#5216),#5219);
#5216 = B_SPLINE_CURVE_WITH_KNOTS('',1,(#5217,#5218),.UNSPECIFIED.,.F.,
  .F.,(2,2),(-4.182225611909,-1.709568326937),.PIECEWISE_BEZIER_KNOTS.);
#5217 = CARTESIAN_POINT('',(0.,-4.9));
#5218 = CARTESIAN_POINT('',(2.472657284971,-4.9));
#5219 = ( GEOMETRIC_REPRESENTATION_CONTEXT(2) 
PARAMETRIC_REPRESENTATION_CONTEXT() REPRESENTATION_CONTEXT('2D SPACE',''
  ) );
#5220 = ORIENTED_EDGE('',*,*,#5221,.F.);
#5221 = EDGE_CURVE('',#5222,#5196,#5224,.T.);
#5222 = VERTEX_POINT('',#5223);
#5223 = CARTESIAN_POINT('',(56.252407619593,75.294168573046,6.3));
#5224 = SURFACE_CURVE('',#5225,(#5229,#5235),.PCURVE_S1.);
#5225 = LINE('',#5226,#5227);
#5226 = CARTESIAN_POINT('',(62.358795826777,77.820548905182,6.3));
#5227 = VECTOR('',#5228,1.);
#5228 = DIRECTION('',(0.924038269129,0.382299983241,-0.));
#5229 = PCURVE('',#72,#5230);
#5230 = DEFINITIONAL_REPRESENTATION('',(#5231),#5234);
#5231 = B_SPLINE_CURVE_WITH_KNOTS('',1,(#5232,#5233),.UNSPECIFIED.,.F.,
  .F.,(2,2),(-6.60837154823,-4.484968311499),.PIECEWISE_BEZIER_KNOTS.);
#5232 = CARTESIAN_POINT('',(27.530622305262,31.971242538168));
#5233 = CARTESIAN_POINT('',(25.568516453732,32.783019559983));
#5234 = ( GEOMETRIC_REPRESENTATION_CONTEXT(2) 
PARAMETRIC_REPRESENTATION_CONTEXT() REPRESENTATION_CONTEXT('2D SPACE',''
  ) );
#5235 = PCURVE('',#5236,#5241);
#5236 = PLANE('',#5237);
#5237 = AXIS2_PLACEMENT_3D('',#5238,#5239,#5240);
#5238 = CARTESIAN_POINT('',(56.252407619593,75.294168573046,1.4));
#5239 = DIRECTION('',(-0.382299983241,0.924038269129,0.));
#5240 = DIRECTION('',(0.924038269129,0.382299983241,0.));
#5241 = DEFINITIONAL_REPRESENTATION('',(#5242),#5245);
#5242 = B_SPLINE_CURVE_WITH_KNOTS('',1,(#5243,#5244),.UNSPECIFIED.,.F.,
  .F.,(2,2),(-6.60837154823,-4.484968311499),.PIECEWISE_BEZIER_KNOTS.);
#5243 = CARTESIAN_POINT('',(0.,-4.9));
#5244 = CARTESIAN_POINT('',(2.123403236731,-4.9));
#5245 = ( GEOMETRIC_REPRESENTATION_CONTEXT(2) 
PARAMETRIC_REPRESENTATION_CONTEXT() REPRESENTATION_CONTEXT('2D SPACE',''
  ) );
#5246 = ORIENTED_EDGE('',*,*,#5247,.F.);
#5247 = EDGE_CURVE('',#5248,#5222,#5250,.T.);
#5248 = VERTEX_POINT('',#5249);
#5249 = CARTESIAN_POINT('',(53.908990443227,74.5052046841,6.3));
#5250 = SURFACE_CURVE('',#5251,(#5255,#5261),.PCURVE_S1.);
#5251 = LINE('',#5252,#5253);
#5252 = CARTESIAN_POINT('',(62.61059205921,77.434793798765,6.3));
#5253 = VECTOR('',#5254,1.);
#5254 = DIRECTION('',(0.947729662631,0.319074421678,-0.));
#5255 = PCURVE('',#72,#5256);
#5256 = DEFINITIONAL_REPRESENTATION('',(#5257),#5260);
#5257 = B_SPLINE_CURVE_WITH_KNOTS('',1,(#5258,#5259),.UNSPECIFIED.,.F.,
  .F.,(2,2),(-9.181522916381,-6.70885874983),.PIECEWISE_BEZIER_KNOTS.);
#5258 = CARTESIAN_POINT('',(29.874039481628,31.182278649223));
#5259 = CARTESIAN_POINT('',(27.530622305262,31.971242538168));
#5260 = ( GEOMETRIC_REPRESENTATION_CONTEXT(2) 
PARAMETRIC_REPRESENTATION_CONTEXT() REPRESENTATION_CONTEXT('2D SPACE',''
  ) );
#5261 = PCURVE('',#5262,#5267);
#5262 = PLANE('',#5263);
#5263 = AXIS2_PLACEMENT_3D('',#5264,#5265,#5266);
#5264 = CARTESIAN_POINT('',(53.908990443227,74.5052046841,1.4));
#5265 = DIRECTION('',(-0.319074421678,0.947729662631,0.));
#5266 = DIRECTION('',(0.947729662631,0.319074421678,0.));
#5267 = DEFINITIONAL_REPRESENTATION('',(#5268),#5271);
#5268 = B_SPLINE_CURVE_WITH_KNOTS('',1,(#5269,#5270),.UNSPECIFIED.,.F.,
  .F.,(2,2),(-9.181522916381,-6.70885874983),.PIECEWISE_BEZIER_KNOTS.);
#5269 = CARTESIAN_POINT('',(0.,-4.9));
#5270 = CARTESIAN_POINT('',(2.472664166551,-4.9));
#5271 = ( GEOMETRIC_REPRESENTATION_CONTEXT(2) 
PARAMETRIC_REPRESENTATION_CONTEXT() REPRESENTATION_CONTEXT('2D SPACE',''
  ) );
#5272 = ORIENTED_EDGE('',*,*,#5273,.F.);
#5273 = EDGE_CURVE('',#5274,#5248,#5276,.T.);
#5274 = VERTEX_POINT('',#5275);
#5275 = CARTESIAN_POINT('',(51.858768206388,73.965728695644,6.3));
#5276 = SURFACE_CURVE('',#5277,(#5281,#5287),.PCURVE_S1.);
#5277 = LINE('',#5278,#5279);
#5278 = CARTESIAN_POINT('',(63.016814219417,76.901750846782,6.3));
#5279 = VECTOR('',#5280,1.);
#5280 = DIRECTION('',(0.967081058832,0.254468516025,-0.));
#5281 = PCURVE('',#72,#5282);
#5282 = DEFINITIONAL_REPRESENTATION('',(#5283),#5286);
#5283 = B_SPLINE_CURVE_WITH_KNOTS('',1,(#5284,#5285),.UNSPECIFIED.,.F.,
  .F.,(2,2),(-11.53786015259,-9.417849406738),.PIECEWISE_BEZIER_KNOTS.);
#5284 = CARTESIAN_POINT('',(31.924261718467,30.642802660767));
#5285 = CARTESIAN_POINT('',(29.874039481628,31.182278649223));
#5286 = ( GEOMETRIC_REPRESENTATION_CONTEXT(2) 
PARAMETRIC_REPRESENTATION_CONTEXT() REPRESENTATION_CONTEXT('2D SPACE',''
  ) );
#5287 = PCURVE('',#5288,#5293);
#5288 = PLANE('',#5289);
#5289 = AXIS2_PLACEMENT_3D('',#5290,#5291,#5292);
#5290 = CARTESIAN_POINT('',(51.858768206388,73.965728695644,1.4));
#5291 = DIRECTION('',(-0.254468516025,0.967081058832,0.));
#5292 = DIRECTION('',(0.967081058832,0.254468516025,0.));
#5293 = DEFINITIONAL_REPRESENTATION('',(#5294),#5297);
#5294 = B_SPLINE_CURVE_WITH_KNOTS('',1,(#5295,#5296),.UNSPECIFIED.,.F.,
  .F.,(2,2),(-11.53786015259,-9.417849406738),.PIECEWISE_BEZIER_KNOTS.);
#5295 = CARTESIAN_POINT('',(0.,-4.9));
#5296 = CARTESIAN_POINT('',(2.120010745858,-4.9));
#5297 = ( GEOMETRIC_REPRESENTATION_CONTEXT(2) 
PARAMETRIC_REPRESENTATION_CONTEXT() REPRESENTATION_CONTEXT('2D SPACE',''
  ) );
#5298 = ORIENTED_EDGE('',*,*,#5299,.F.);
#5299 = EDGE_CURVE('',#5300,#5274,#5302,.T.);
#5300 = VERTEX_POINT('',#5301);
#5301 = CARTESIAN_POINT('',(49.774318355736,73.554257822923,6.3));
#5302 = SURFACE_CURVE('',#5303,(#5307,#5313),.PCURVE_S1.);
#5303 = LINE('',#5304,#5305);
#5304 = CARTESIAN_POINT('',(63.268993301757,76.218109714297,6.3));
#5305 = VECTOR('',#5306,1.);
#5306 = DIRECTION('',(0.981068100169,0.193663065221,-0.));
#5307 = PCURVE('',#72,#5308);
#5308 = DEFINITIONAL_REPRESENTATION('',(#5309),#5312);
#5309 = B_SPLINE_CURVE_WITH_KNOTS('',1,(#5310,#5311),.UNSPECIFIED.,.F.,
  .F.,(2,2),(-13.75508483426,-11.63041086893),.PIECEWISE_BEZIER_KNOTS.);
#5310 = CARTESIAN_POINT('',(34.008711569119,30.231331788045));
#5311 = CARTESIAN_POINT('',(31.924261718467,30.642802660767));
#5312 = ( GEOMETRIC_REPRESENTATION_CONTEXT(2) 
PARAMETRIC_REPRESENTATION_CONTEXT() REPRESENTATION_CONTEXT('2D SPACE',''
  ) );
#5313 = PCURVE('',#5314,#5319);
#5314 = PLANE('',#5315);
#5315 = AXIS2_PLACEMENT_3D('',#5316,#5317,#5318);
#5316 = CARTESIAN_POINT('',(49.774318355736,73.554257822923,1.4));
#5317 = DIRECTION('',(-0.193663065221,0.981068100169,0.));
#5318 = DIRECTION('',(0.981068100169,0.193663065221,0.));
#5319 = DEFINITIONAL_REPRESENTATION('',(#5320),#5323);
#5320 = B_SPLINE_CURVE_WITH_KNOTS('',1,(#5321,#5322),.UNSPECIFIED.,.F.,
  .F.,(2,2),(-13.75508483426,-11.63041086893),.PIECEWISE_BEZIER_KNOTS.);
#5321 = CARTESIAN_POINT('',(0.,-4.9));
#5322 = CARTESIAN_POINT('',(2.124673965337,-4.9));
#5323 = ( GEOMETRIC_REPRESENTATION_CONTEXT(2) 
PARAMETRIC_REPRESENTATION_CONTEXT() REPRESENTATION_CONTEXT('2D SPACE',''
  ) );
#5324 = ORIENTED_EDGE('',*,*,#5325,.F.);
#5325 = EDGE_CURVE('',#5326,#5300,#5328,.T.);
#5326 = VERTEX_POINT('',#5327);
#5327 = CARTESIAN_POINT('',(47.318358715075,73.239912514201,6.3));
#5328 = SURFACE_CURVE('',#5329,(#5333,#5339),.PCURVE_S1.);
#5329 = LINE('',#5330,#5331);
#5330 = CARTESIAN_POINT('',(63.373102334425,75.294805133738,6.3));
#5331 = VECTOR('',#5332,1.);
#5332 = DIRECTION('',(0.991908199688,0.126957171483,-0.));
#5333 = PCURVE('',#72,#5334);
#5334 = DEFINITIONAL_REPRESENTATION('',(#5335),#5338);
#5335 = B_SPLINE_CURVE_WITH_KNOTS('',1,(#5336,#5337),.UNSPECIFIED.,.F.,
  .F.,(2,2),(-16.1857151946,-13.70972029766),.PIECEWISE_BEZIER_KNOTS.);
#5336 = CARTESIAN_POINT('',(36.46467120978,29.916986479323));
#5337 = CARTESIAN_POINT('',(34.008711569119,30.231331788045));
#5338 = ( GEOMETRIC_REPRESENTATION_CONTEXT(2) 
PARAMETRIC_REPRESENTATION_CONTEXT() REPRESENTATION_CONTEXT('2D SPACE',''
  ) );
#5339 = PCURVE('',#5340,#5345);
#5340 = PLANE('',#5341);
#5341 = AXIS2_PLACEMENT_3D('',#5342,#5343,#5344);
#5342 = CARTESIAN_POINT('',(47.318358715075,73.239912514201,1.4));
#5343 = DIRECTION('',(-0.126957171483,0.991908199688,0.));
#5344 = DIRECTION('',(0.991908199688,0.126957171483,0.));
#5345 = DEFINITIONAL_REPRESENTATION('',(#5346),#5349);
#5346 = B_SPLINE_CURVE_WITH_KNOTS('',1,(#5347,#5348),.UNSPECIFIED.,.F.,
  .F.,(2,2),(-16.1857151946,-13.70972029766),.PIECEWISE_BEZIER_KNOTS.);
#5347 = CARTESIAN_POINT('',(0.,-4.9));
#5348 = CARTESIAN_POINT('',(2.47599489694,-4.9));
#5349 = ( GEOMETRIC_REPRESENTATION_CONTEXT(2) 
PARAMETRIC_REPRESENTATION_CONTEXT() REPRESENTATION_CONTEXT('2D SPACE',''
  ) );
#5350 = ORIENTED_EDGE('',*,*,#5351,.F.);
#5351 = EDGE_CURVE('',#5352,#5326,#5354,.T.);
#5352 = VERTEX_POINT('',#5353);
#5353 = CARTESIAN_POINT('',(44.842689034476,73.104663415642,6.3));
#5354 = SURFACE_CURVE('',#5355,(#5359,#5365),.PCURVE_S1.);
#5355 = LINE('',#5356,#5357);
#5356 = CARTESIAN_POINT('',(63.443835064999,74.120868546927,6.3));
#5357 = VECTOR('',#5358,1.);
#5358 = DIRECTION('',(0.998511041635,5.454997463538E-02,-0.));
#5359 = PCURVE('',#72,#5360);
#5360 = DEFINITIONAL_REPRESENTATION('',(#5361),#5364);
#5361 = B_SPLINE_CURVE_WITH_KNOTS('',1,(#5362,#5363),.UNSPECIFIED.,.F.,
  .F.,(2,2),(-18.62888366268,-16.14952231626),.PIECEWISE_BEZIER_KNOTS.);
#5362 = CARTESIAN_POINT('',(38.940340890379,29.781737380764));
#5363 = CARTESIAN_POINT('',(36.46467120978,29.916986479323));
#5364 = ( GEOMETRIC_REPRESENTATION_CONTEXT(2) 
PARAMETRIC_REPRESENTATION_CONTEXT() REPRESENTATION_CONTEXT('2D SPACE',''
  ) );
#5365 = PCURVE('',#5366,#5371);
#5366 = PLANE('',#5367);
#5367 = AXIS2_PLACEMENT_3D('',#5368,#5369,#5370);
#5368 = CARTESIAN_POINT('',(44.842689034476,73.104663415642,1.4));
#5369 = DIRECTION('',(-5.454997463538E-02,0.998511041635,0.));
#5370 = DIRECTION('',(0.998511041635,5.454997463538E-02,0.));
#5371 = DEFINITIONAL_REPRESENTATION('',(#5372),#5375);
#5372 = B_SPLINE_CURVE_WITH_KNOTS('',1,(#5373,#5374),.UNSPECIFIED.,.F.,
  .F.,(2,2),(-18.62888366268,-16.14952231626),.PIECEWISE_BEZIER_KNOTS.);
#5373 = CARTESIAN_POINT('',(0.,-4.9));
#5374 = CARTESIAN_POINT('',(2.479361346415,-4.9));
#5375 = ( GEOMETRIC_REPRESENTATION_CONTEXT(2) 
PARAMETRIC_REPRESENTATION_CONTEXT() REPRESENTATION_CONTEXT('2D SPACE',''
  ) );
#5376 = ORIENTED_EDGE('',*,*,#5377,.F.);
#5377 = EDGE_CURVE('',#5378,#5352,#5380,.T.);
#5378 = VERTEX_POINT('',#5379);
#5379 = CARTESIAN_POINT('',(21.612778783956,73.094415205145,6.3));
#5380 = SURFACE_CURVE('',#5381,(#5385,#5391),.PCURVE_S1.);
#5381 = LINE('',#5382,#5383);
#5382 = CARTESIAN_POINT('',(52.691331244439,73.108125957538,6.3));
#5383 = VECTOR('',#5384,1.);
#5384 = DIRECTION('',(0.999999902687,4.411644035245E-04,-0.));
#5385 = PCURVE('',#72,#5386);
#5386 = DEFINITIONAL_REPRESENTATION('',(#5387),#5390);
#5387 = B_SPLINE_CURVE_WITH_KNOTS('',1,(#5388,#5389),.UNSPECIFIED.,.F.,
  .F.,(2,2),(-31.07855548483,-7.848642973738),.PIECEWISE_BEZIER_KNOTS.);
#5388 = CARTESIAN_POINT('',(62.170251140899,29.771489170267));
#5389 = CARTESIAN_POINT('',(38.940340890379,29.781737380764));
#5390 = ( GEOMETRIC_REPRESENTATION_CONTEXT(2) 
PARAMETRIC_REPRESENTATION_CONTEXT() REPRESENTATION_CONTEXT('2D SPACE',''
  ) );
#5391 = PCURVE('',#5392,#5397);
#5392 = PLANE('',#5393);
#5393 = AXIS2_PLACEMENT_3D('',#5394,#5395,#5396);
#5394 = CARTESIAN_POINT('',(21.612778783956,73.094415205145,1.4));
#5395 = DIRECTION('',(-4.411644035245E-04,0.999999902687,0.));
#5396 = DIRECTION('',(0.999999902687,4.411644035245E-04,0.));
#5397 = DEFINITIONAL_REPRESENTATION('',(#5398),#5401);
#5398 = B_SPLINE_CURVE_WITH_KNOTS('',1,(#5399,#5400),.UNSPECIFIED.,.F.,
  .F.,(2,2),(-31.07855548483,-7.848642973738),.PIECEWISE_BEZIER_KNOTS.);
#5399 = CARTESIAN_POINT('',(0.,-4.9));
#5400 = CARTESIAN_POINT('',(23.229912511093,-4.9));
#5401 = ( GEOMETRIC_REPRESENTATION_CONTEXT(2) 
PARAMETRIC_REPRESENTATION_CONTEXT() REPRESENTATION_CONTEXT('2D SPACE',''
  ) );
#5402 = ORIENTED_EDGE('',*,*,#5403,.F.);
#5403 = EDGE_CURVE('',#5404,#5378,#5406,.T.);
#5404 = VERTEX_POINT('',#5405);
#5405 = CARTESIAN_POINT('',(20.810892583847,72.947730160417,6.3));
#5406 = SURFACE_CURVE('',#5407,(#5411,#5417),.PCURVE_S1.);
#5407 = LINE('',#5408,#5409);
#5408 = CARTESIAN_POINT('',(48.655672591151,78.041236945104,6.3));
#5409 = VECTOR('',#5410,1.);
#5410 = DIRECTION('',(0.983677722696,0.17993926162,-0.));
#5411 = PCURVE('',#72,#5412);
#5412 = DEFINITIONAL_REPRESENTATION('',(#5413),#5416);
#5413 = B_SPLINE_CURVE_WITH_KNOTS('',1,(#5414,#5415),.UNSPECIFIED.,.F.,
  .F.,(2,2),(-28.30681163643,-27.49161964661),.PIECEWISE_BEZIER_KNOTS.);
#5414 = CARTESIAN_POINT('',(62.972137341009,29.62480412554));
#5415 = CARTESIAN_POINT('',(62.170251140899,29.771489170267));
#5416 = ( GEOMETRIC_REPRESENTATION_CONTEXT(2) 
PARAMETRIC_REPRESENTATION_CONTEXT() REPRESENTATION_CONTEXT('2D SPACE',''
  ) );
#5417 = PCURVE('',#5418,#5423);
#5418 = PLANE('',#5419);
#5419 = AXIS2_PLACEMENT_3D('',#5420,#5421,#5422);
#5420 = CARTESIAN_POINT('',(20.810892583847,72.947730160417,1.4));
#5421 = DIRECTION('',(-0.17993926162,0.983677722696,0.));
#5422 = DIRECTION('',(0.983677722696,0.17993926162,0.));
#5423 = DEFINITIONAL_REPRESENTATION('',(#5424),#5427);
#5424 = B_SPLINE_CURVE_WITH_KNOTS('',1,(#5425,#5426),.UNSPECIFIED.,.F.,
  .F.,(2,2),(-28.30681163643,-27.49161964661),.PIECEWISE_BEZIER_KNOTS.);
#5425 = CARTESIAN_POINT('',(0.,-4.9));
#5426 = CARTESIAN_POINT('',(0.815191989824,-4.9));
#5427 = ( GEOMETRIC_REPRESENTATION_CONTEXT(2) 
PARAMETRIC_REPRESENTATION_CONTEXT() REPRESENTATION_CONTEXT('2D SPACE',''
  ) );
#5428 = ORIENTED_EDGE('',*,*,#5429,.F.);
#5429 = EDGE_CURVE('',#5430,#5404,#5432,.T.);
#5430 = VERTEX_POINT('',#5431);
#5431 = CARTESIAN_POINT('',(20.446811610991,72.796333908978,6.3));
#5432 = SURFACE_CURVE('',#5433,(#5437,#5443),.PCURVE_S1.);
#5433 = LINE('',#5434,#5435);
#5434 = CARTESIAN_POINT('',(42.221716839553,81.851020291476,6.3));
#5435 = VECTOR('',#5436,1.);
#5436 = DIRECTION('',(0.923350547811,0.383958026167,-0.));
#5437 = PCURVE('',#72,#5438);
#5438 = DEFINITIONAL_REPRESENTATION('',(#5439),#5442);
#5439 = B_SPLINE_CURVE_WITH_KNOTS('',1,(#5440,#5441),.UNSPECIFIED.,.F.,
  .F.,(2,2),(-23.58249018229,-23.18818601069),.PIECEWISE_BEZIER_KNOTS.);
#5440 = CARTESIAN_POINT('',(63.336218313864,29.473407874101));
#5441 = CARTESIAN_POINT('',(62.972137341009,29.62480412554));
#5442 = ( GEOMETRIC_REPRESENTATION_CONTEXT(2) 
PARAMETRIC_REPRESENTATION_CONTEXT() REPRESENTATION_CONTEXT('2D SPACE',''
  ) );
#5443 = PCURVE('',#5444,#5449);
#5444 = PLANE('',#5445);
#5445 = AXIS2_PLACEMENT_3D('',#5446,#5447,#5448);
#5446 = CARTESIAN_POINT('',(20.446811610991,72.796333908978,1.4));
#5447 = DIRECTION('',(-0.383958026167,0.923350547811,0.));
#5448 = DIRECTION('',(0.923350547811,0.383958026167,0.));
#5449 = DEFINITIONAL_REPRESENTATION('',(#5450),#5453);
#5450 = B_SPLINE_CURVE_WITH_KNOTS('',1,(#5451,#5452),.UNSPECIFIED.,.F.,
  .F.,(2,2),(-23.58249018229,-23.18818601069),.PIECEWISE_BEZIER_KNOTS.);
#5451 = CARTESIAN_POINT('',(0.,-4.9));
#5452 = CARTESIAN_POINT('',(0.394304171605,-4.9));
#5453 = ( GEOMETRIC_REPRESENTATION_CONTEXT(2) 
PARAMETRIC_REPRESENTATION_CONTEXT() REPRESENTATION_CONTEXT('2D SPACE',''
  ) );
#5454 = ORIENTED_EDGE('',*,*,#5455,.F.);
#5455 = EDGE_CURVE('',#5456,#5430,#5458,.T.);
#5456 = VERTEX_POINT('',#5457);
#5457 = CARTESIAN_POINT('',(20.1558096146,72.616467967387,6.3));
#5458 = SURFACE_CURVE('',#5459,(#5463,#5469),.PCURVE_S1.);
#5459 = LINE('',#5460,#5461);
#5460 = CARTESIAN_POINT('',(36.624655291015,82.795726086737,6.3));
#5461 = VECTOR('',#5462,1.);
#5462 = DIRECTION('',(0.850628823525,0.525766682653,-0.));
#5463 = PCURVE('',#72,#5464);
#5464 = DEFINITIONAL_REPRESENTATION('',(#5465),#5468);
#5465 = B_SPLINE_CURVE_WITH_KNOTS('',1,(#5466,#5467),.UNSPECIFIED.,.F.,
  .F.,(2,2),(-19.36078959582,-19.01868739056),.PIECEWISE_BEZIER_KNOTS.);
#5466 = CARTESIAN_POINT('',(63.627220310255,29.293541932509));
#5467 = CARTESIAN_POINT('',(63.336218313864,29.473407874101));
#5468 = ( GEOMETRIC_REPRESENTATION_CONTEXT(2) 
PARAMETRIC_REPRESENTATION_CONTEXT() REPRESENTATION_CONTEXT('2D SPACE',''
  ) );
#5469 = PCURVE('',#5470,#5475);
#5470 = PLANE('',#5471);
#5471 = AXIS2_PLACEMENT_3D('',#5472,#5473,#5474);
#5472 = CARTESIAN_POINT('',(20.1558096146,72.616467967387,1.4));
#5473 = DIRECTION('',(-0.525766682653,0.850628823525,0.));
#5474 = DIRECTION('',(0.850628823525,0.525766682653,0.));
#5475 = DEFINITIONAL_REPRESENTATION('',(#5476),#5479);
#5476 = B_SPLINE_CURVE_WITH_KNOTS('',1,(#5477,#5478),.UNSPECIFIED.,.F.,
  .F.,(2,2),(-19.36078959582,-19.01868739056),.PIECEWISE_BEZIER_KNOTS.);
#5477 = CARTESIAN_POINT('',(0.,-4.9));
#5478 = CARTESIAN_POINT('',(0.342102205267,-4.9));
#5479 = ( GEOMETRIC_REPRESENTATION_CONTEXT(2) 
PARAMETRIC_REPRESENTATION_CONTEXT() REPRESENTATION_CONTEXT('2D SPACE',''
  ) );
#5480 = ORIENTED_EDGE('',*,*,#5481,.F.);
#5481 = EDGE_CURVE('',#5482,#5456,#5484,.T.);
#5482 = VERTEX_POINT('',#5483);
#5483 = CARTESIAN_POINT('',(19.809974071804,72.313581084126,6.3));
#5484 = SURFACE_CURVE('',#5485,(#5489,#5495),.PCURVE_S1.);
#5485 = LINE('',#5486,#5487);
#5486 = CARTESIAN_POINT('',(30.727257693637,81.875067978036,6.3));
#5487 = VECTOR('',#5488,1.);
#5488 = DIRECTION('',(0.752273932736,0.658850461126,-0.));
#5489 = PCURVE('',#72,#5490);
#5490 = DEFINITIONAL_REPRESENTATION('',(#5491),#5494);
#5491 = B_SPLINE_CURVE_WITH_KNOTS('',1,(#5492,#5493),.UNSPECIFIED.,.F.,
  .F.,(2,2),(-14.51237793409,-14.05265770752),.PIECEWISE_BEZIER_KNOTS.);
#5492 = CARTESIAN_POINT('',(63.973055853051,28.990655049249));
#5493 = CARTESIAN_POINT('',(63.627220310255,29.293541932509));
#5494 = ( GEOMETRIC_REPRESENTATION_CONTEXT(2) 
PARAMETRIC_REPRESENTATION_CONTEXT() REPRESENTATION_CONTEXT('2D SPACE',''
  ) );
#5495 = PCURVE('',#5496,#5501);
#5496 = PLANE('',#5497);
#5497 = AXIS2_PLACEMENT_3D('',#5498,#5499,#5500);
#5498 = CARTESIAN_POINT('',(19.809974071804,72.313581084126,1.4));
#5499 = DIRECTION('',(-0.658850461126,0.752273932736,0.));
#5500 = DIRECTION('',(0.752273932736,0.658850461126,0.));
#5501 = DEFINITIONAL_REPRESENTATION('',(#5502),#5505);
#5502 = B_SPLINE_CURVE_WITH_KNOTS('',1,(#5503,#5504),.UNSPECIFIED.,.F.,
  .F.,(2,2),(-14.51237793409,-14.05265770752),.PIECEWISE_BEZIER_KNOTS.);
#5503 = CARTESIAN_POINT('',(0.,-4.9));
#5504 = CARTESIAN_POINT('',(0.459720226564,-4.9));
#5505 = ( GEOMETRIC_REPRESENTATION_CONTEXT(2) 
PARAMETRIC_REPRESENTATION_CONTEXT() REPRESENTATION_CONTEXT('2D SPACE',''
  ) );
#5506 = ORIENTED_EDGE('',*,*,#5507,.F.);
#5507 = EDGE_CURVE('',#5508,#5482,#5510,.T.);
#5508 = VERTEX_POINT('',#5509);
#5509 = CARTESIAN_POINT('',(19.571611949523,72.022311229915,6.3));
#5510 = SURFACE_CURVE('',#5511,(#5515,#5521),.PCURVE_S1.);
#5511 = LINE('',#5512,#5513);
#5512 = CARTESIAN_POINT('',(25.415881919687,79.163796822884,6.3));
#5513 = VECTOR('',#5514,1.);
#5514 = DIRECTION('',(0.633318037876,0.773891635115,-0.));
#5515 = PCURVE('',#72,#5516);
#5516 = DEFINITIONAL_REPRESENTATION('',(#5517),#5520);
#5517 = B_SPLINE_CURVE_WITH_KNOTS('',1,(#5518,#5519),.UNSPECIFIED.,.F.,
  .F.,(2,2),(-9.228017553014,-8.851647217692),.PIECEWISE_BEZIER_KNOTS.);
#5518 = CARTESIAN_POINT('',(64.211417975332,28.699385195038));
#5519 = CARTESIAN_POINT('',(63.973055853051,28.990655049249));
#5520 = ( GEOMETRIC_REPRESENTATION_CONTEXT(2) 
PARAMETRIC_REPRESENTATION_CONTEXT() REPRESENTATION_CONTEXT('2D SPACE',''
  ) );
#5521 = PCURVE('',#5522,#5527);
#5522 = PLANE('',#5523);
#5523 = AXIS2_PLACEMENT_3D('',#5524,#5525,#5526);
#5524 = CARTESIAN_POINT('',(19.571611949523,72.022311229915,1.4));
#5525 = DIRECTION('',(-0.773891635115,0.633318037876,0.));
#5526 = DIRECTION('',(0.633318037876,0.773891635115,0.));
#5527 = DEFINITIONAL_REPRESENTATION('',(#5528),#5531);
#5528 = B_SPLINE_CURVE_WITH_KNOTS('',1,(#5529,#5530),.UNSPECIFIED.,.F.,
  .F.,(2,2),(-9.228017553014,-8.851647217692),.PIECEWISE_BEZIER_KNOTS.);
#5529 = CARTESIAN_POINT('',(0.,-4.9));
#5530 = CARTESIAN_POINT('',(0.376370335322,-4.9));
#5531 = ( GEOMETRIC_REPRESENTATION_CONTEXT(2) 
PARAMETRIC_REPRESENTATION_CONTEXT() REPRESENTATION_CONTEXT('2D SPACE',''
  ) );
#5532 = ORIENTED_EDGE('',*,*,#5533,.F.);
#5533 = EDGE_CURVE('',#5534,#5508,#5536,.T.);
#5534 = VERTEX_POINT('',#5535);
#5535 = CARTESIAN_POINT('',(19.125350752514,71.225892943404,6.3));
#5536 = SURFACE_CURVE('',#5537,(#5541,#5547),.PCURVE_S1.);
#5537 = LINE('',#5538,#5539);
#5538 = CARTESIAN_POINT('',(20.900846064418,74.394523654506,6.3));
#5539 = VECTOR('',#5540,1.);
#5540 = DIRECTION('',(0.488825961968,0.872381326546,-0.));
#5541 = PCURVE('',#72,#5542);
#5542 = DEFINITIONAL_REPRESENTATION('',(#5543),#5546);
#5543 = B_SPLINE_CURVE_WITH_KNOTS('',1,(#5544,#5545),.UNSPECIFIED.,.F.,
  .F.,(2,2),(-3.632162466896,-2.719237966707),.PIECEWISE_BEZIER_KNOTS.);
#5544 = CARTESIAN_POINT('',(64.657679172341,27.902966908527));
#5545 = CARTESIAN_POINT('',(64.211417975332,28.699385195038));
#5546 = ( GEOMETRIC_REPRESENTATION_CONTEXT(2) 
PARAMETRIC_REPRESENTATION_CONTEXT() REPRESENTATION_CONTEXT('2D SPACE',''
  ) );
#5547 = PCURVE('',#5548,#5553);
#5548 = PLANE('',#5549);
#5549 = AXIS2_PLACEMENT_3D('',#5550,#5551,#5552);
#5550 = CARTESIAN_POINT('',(19.125350752514,71.225892943404,1.4));
#5551 = DIRECTION('',(-0.872381326546,0.488825961968,0.));
#5552 = DIRECTION('',(0.488825961968,0.872381326546,0.));
#5553 = DEFINITIONAL_REPRESENTATION('',(#5554),#5557);
#5554 = B_SPLINE_CURVE_WITH_KNOTS('',1,(#5555,#5556),.UNSPECIFIED.,.F.,
  .F.,(2,2),(-3.632162466896,-2.719237966707),.PIECEWISE_BEZIER_KNOTS.);
#5555 = CARTESIAN_POINT('',(0.,-4.9));
#5556 = CARTESIAN_POINT('',(0.912924500189,-4.9));
#5557 = ( GEOMETRIC_REPRESENTATION_CONTEXT(2) 
PARAMETRIC_REPRESENTATION_CONTEXT() REPRESENTATION_CONTEXT('2D SPACE',''
  ) );
#5558 = ORIENTED_EDGE('',*,*,#5559,.F.);
#5559 = EDGE_CURVE('',#5560,#5534,#5562,.T.);
#5560 = VERTEX_POINT('',#5561);
#5561 = CARTESIAN_POINT('',(18.817445922274,70.926446817353,6.3));
#5562 = SURFACE_CURVE('',#5563,(#5567,#5573),.PCURVE_S1.);
#5563 = LINE('',#5564,#5565);
#5564 = CARTESIAN_POINT('',(28.612945222877,80.45284598432,6.3));
#5565 = VECTOR('',#5566,1.);
#5566 = DIRECTION('',(0.716885282942,0.697191143877,-0.));
#5567 = PCURVE('',#72,#5568);
#5568 = DEFINITIONAL_REPRESENTATION('',(#5569),#5572);
#5569 = B_SPLINE_CURVE_WITH_KNOTS('',1,(#5570,#5571),.UNSPECIFIED.,.F.,
  .F.,(2,2),(-13.66397041992,-13.23446679142),.PIECEWISE_BEZIER_KNOTS.);
#5570 = CARTESIAN_POINT('',(64.965584002581,27.603520782475));
#5571 = CARTESIAN_POINT('',(64.657679172341,27.902966908527));
#5572 = ( GEOMETRIC_REPRESENTATION_CONTEXT(2) 
PARAMETRIC_REPRESENTATION_CONTEXT() REPRESENTATION_CONTEXT('2D SPACE',''
  ) );
#5573 = PCURVE('',#5574,#5579);
#5574 = PLANE('',#5575);
#5575 = AXIS2_PLACEMENT_3D('',#5576,#5577,#5578);
#5576 = CARTESIAN_POINT('',(18.817445922274,70.926446817353,1.4));
#5577 = DIRECTION('',(-0.697191143877,0.716885282942,0.));
#5578 = DIRECTION('',(0.716885282942,0.697191143877,0.));
#5579 = DEFINITIONAL_REPRESENTATION('',(#5580),#5583);
#5580 = B_SPLINE_CURVE_WITH_KNOTS('',1,(#5581,#5582),.UNSPECIFIED.,.F.,
  .F.,(2,2),(-13.66397041992,-13.23446679142),.PIECEWISE_BEZIER_KNOTS.);
#5581 = CARTESIAN_POINT('',(0.,-4.9));
#5582 = CARTESIAN_POINT('',(0.429503628498,-4.9));
#5583 = ( GEOMETRIC_REPRESENTATION_CONTEXT(2) 
PARAMETRIC_REPRESENTATION_CONTEXT() REPRESENTATION_CONTEXT('2D SPACE',''
  ) );
#5584 = ORIENTED_EDGE('',*,*,#5585,.F.);
#5585 = EDGE_CURVE('',#5586,#5560,#5588,.T.);
#5586 = VERTEX_POINT('',#5587);
#5587 = CARTESIAN_POINT('',(18.747410187284,70.791787515165,6.3));
#5588 = SURFACE_CURVE('',#5589,(#5593,#5599),.PCURVE_S1.);
#5589 = LINE('',#5590,#5591);
#5590 = CARTESIAN_POINT('',(20.048343895163,73.29312237399,6.3));
#5591 = VECTOR('',#5592,1.);
#5592 = DIRECTION('',(0.461419624116,0.887182016545,-0.));
#5593 = PCURVE('',#72,#5594);
#5594 = DEFINITIONAL_REPRESENTATION('',(#5595),#5598);
#5595 = B_SPLINE_CURVE_WITH_KNOTS('',1,(#5596,#5597),.UNSPECIFIED.,.F.,
  .F.,(2,2),(-2.819415646596,-2.667632472821),.PIECEWISE_BEZIER_KNOTS.);
#5596 = CARTESIAN_POINT('',(65.035619737572,27.468861480288));
#5597 = CARTESIAN_POINT('',(64.965584002581,27.603520782475));
#5598 = ( GEOMETRIC_REPRESENTATION_CONTEXT(2) 
PARAMETRIC_REPRESENTATION_CONTEXT() REPRESENTATION_CONTEXT('2D SPACE',''
  ) );
#5599 = PCURVE('',#5600,#5605);
#5600 = PLANE('',#5601);
#5601 = AXIS2_PLACEMENT_3D('',#5602,#5603,#5604);
#5602 = CARTESIAN_POINT('',(18.747410187284,70.791787515165,1.4));
#5603 = DIRECTION('',(-0.887182016545,0.461419624116,0.));
#5604 = DIRECTION('',(0.461419624116,0.887182016545,0.));
#5605 = DEFINITIONAL_REPRESENTATION('',(#5606),#5609);
#5606 = B_SPLINE_CURVE_WITH_KNOTS('',1,(#5607,#5608),.UNSPECIFIED.,.F.,
  .F.,(2,2),(-2.819415646596,-2.667632472821),.PIECEWISE_BEZIER_KNOTS.);
#5607 = CARTESIAN_POINT('',(0.,-4.9));
#5608 = CARTESIAN_POINT('',(0.151783173775,-4.9));
#5609 = ( GEOMETRIC_REPRESENTATION_CONTEXT(2) 
PARAMETRIC_REPRESENTATION_CONTEXT() REPRESENTATION_CONTEXT('2D SPACE',''
  ) );
#5610 = ORIENTED_EDGE('',*,*,#5611,.F.);
#5611 = EDGE_CURVE('',#5612,#5586,#5614,.T.);
#5612 = VERTEX_POINT('',#5613);
#5613 = CARTESIAN_POINT('',(18.7,70.497754146423,6.3));
#5614 = SURFACE_CURVE('',#5615,(#5619,#5625),.PCURVE_S1.);
#5615 = LINE('',#5616,#5617);
#5616 = CARTESIAN_POINT('',(17.389265329457,62.368705248098,6.3));
#5617 = VECTOR('',#5618,1.);
#5618 = DIRECTION('',(0.159184825389,0.987248799121,-0.));
#5619 = PCURVE('',#72,#5620);
#5620 = DEFINITIONAL_REPRESENTATION('',(#5621),#5624);
#5621 = B_SPLINE_CURVE_WITH_KNOTS('',1,(#5622,#5623),.UNSPECIFIED.,.F.,
  .F.,(2,2),(8.234042832529,8.531873905106),.PIECEWISE_BEZIER_KNOTS.);
#5622 = CARTESIAN_POINT('',(65.083029924855,27.174828111546));
#5623 = CARTESIAN_POINT('',(65.035619737572,27.468861480288));
#5624 = ( GEOMETRIC_REPRESENTATION_CONTEXT(2) 
PARAMETRIC_REPRESENTATION_CONTEXT() REPRESENTATION_CONTEXT('2D SPACE',''
  ) );
#5625 = PCURVE('',#5626,#5631);
#5626 = PLANE('',#5627);
#5627 = AXIS2_PLACEMENT_3D('',#5628,#5629,#5630);
#5628 = CARTESIAN_POINT('',(18.7,70.497754146423,1.4));
#5629 = DIRECTION('',(-0.987248799121,0.159184825389,0.));
#5630 = DIRECTION('',(0.159184825389,0.987248799121,0.));
#5631 = DEFINITIONAL_REPRESENTATION('',(#5632),#5635);
#5632 = B_SPLINE_CURVE_WITH_KNOTS('',1,(#5633,#5634),.UNSPECIFIED.,.F.,
  .F.,(2,2),(8.234042832529,8.531873905106),.PIECEWISE_BEZIER_KNOTS.);
#5633 = CARTESIAN_POINT('',(0.,-4.9));
#5634 = CARTESIAN_POINT('',(0.297831072577,-4.9));
#5635 = ( GEOMETRIC_REPRESENTATION_CONTEXT(2) 
PARAMETRIC_REPRESENTATION_CONTEXT() REPRESENTATION_CONTEXT('2D SPACE',''
  ) );
#5636 = ORIENTED_EDGE('',*,*,#5637,.F.);
#5637 = EDGE_CURVE('',#5638,#5612,#5640,.T.);
#5638 = VERTEX_POINT('',#5639);
#5639 = CARTESIAN_POINT('',(18.7,21.473931300823,6.3));
#5640 = SURFACE_CURVE('',#5641,(#5645,#5651),.PCURVE_S1.);
#5641 = LINE('',#5642,#5643);
#5642 = CARTESIAN_POINT('',(18.7,32.398428667851,6.3));
#5643 = VECTOR('',#5644,1.);
#5644 = DIRECTION('',(0.,1.,-0.));
#5645 = PCURVE('',#72,#5646);
#5646 = DEFINITIONAL_REPRESENTATION('',(#5647),#5650);
#5647 = B_SPLINE_CURVE_WITH_KNOTS('',1,(#5648,#5649),.UNSPECIFIED.,.F.,
  .F.,(2,2),(-10.92449736702,38.099325478573),.PIECEWISE_BEZIER_KNOTS.);
#5648 = CARTESIAN_POINT('',(65.083029924855,-21.84899473405));
#5649 = CARTESIAN_POINT('',(65.083029924855,27.174828111546));
#5650 = ( GEOMETRIC_REPRESENTATION_CONTEXT(2) 
PARAMETRIC_REPRESENTATION_CONTEXT() REPRESENTATION_CONTEXT('2D SPACE',''
  ) );
#5651 = PCURVE('',#5652,#5657);
#5652 = PLANE('',#5653);
#5653 = AXIS2_PLACEMENT_3D('',#5654,#5655,#5656);
#5654 = CARTESIAN_POINT('',(18.7,21.473931300823,1.4));
#5655 = DIRECTION('',(-1.,0.,0.));
#5656 = DIRECTION('',(0.,1.,0.));
#5657 = DEFINITIONAL_REPRESENTATION('',(#5658),#5661);
#5658 = B_SPLINE_CURVE_WITH_KNOTS('',1,(#5659,#5660),.UNSPECIFIED.,.F.,
  .F.,(2,2),(-10.92449736702,38.099325478573),.PIECEWISE_BEZIER_KNOTS.);
#5659 = CARTESIAN_POINT('',(0.,-4.9));
#5660 = CARTESIAN_POINT('',(49.0238228456,-4.9));
#5661 = ( GEOMETRIC_REPRESENTATION_CONTEXT(2) 
PARAMETRIC_REPRESENTATION_CONTEXT() REPRESENTATION_CONTEXT('2D SPACE',''
  ) );
#5662 = ORIENTED_EDGE('',*,*,#5663,.F.);
#5663 = EDGE_CURVE('',#5664,#5638,#5666,.T.);
#5664 = VERTEX_POINT('',#5665);
#5665 = CARTESIAN_POINT('',(18.740424618439,21.201576237692,6.3));
#5666 = SURFACE_CURVE('',#5667,(#5671,#5677),.PCURVE_S1.);
#5667 = LINE('',#5668,#5669);
#5668 = CARTESIAN_POINT('',(17.835129909394,27.300869370378,6.3));
#5669 = VECTOR('',#5670,1.);
#5670 = DIRECTION('',(-0.146817756874,0.989163558905,0.));
#5671 = PCURVE('',#72,#5672);
#5672 = DEFINITIONAL_REPRESENTATION('',(#5673),#5676);
#5673 = B_SPLINE_CURVE_WITH_KNOTS('',1,(#5674,#5675),.UNSPECIFIED.,.F.,
  .F.,(2,2),(-6.166111840428,-5.890773085093),.PIECEWISE_BEZIER_KNOTS.);
#5674 = CARTESIAN_POINT('',(65.042605306416,-22.12134979718));
#5675 = CARTESIAN_POINT('',(65.083029924855,-21.84899473405));
#5676 = ( GEOMETRIC_REPRESENTATION_CONTEXT(2) 
PARAMETRIC_REPRESENTATION_CONTEXT() REPRESENTATION_CONTEXT('2D SPACE',''
  ) );
#5677 = PCURVE('',#5678,#5683);
#5678 = PLANE('',#5679);
#5679 = AXIS2_PLACEMENT_3D('',#5680,#5681,#5682);
#5680 = CARTESIAN_POINT('',(18.740424618439,21.201576237692,1.4));
#5681 = DIRECTION('',(-0.989163558905,-0.146817756874,0.));
#5682 = DIRECTION('',(-0.146817756874,0.989163558905,0.));
#5683 = DEFINITIONAL_REPRESENTATION('',(#5684),#5687);
#5684 = B_SPLINE_CURVE_WITH_KNOTS('',1,(#5685,#5686),.UNSPECIFIED.,.F.,
  .F.,(2,2),(-6.166111840428,-5.890773085093),.PIECEWISE_BEZIER_KNOTS.);
#5685 = CARTESIAN_POINT('',(0.,-4.9));
#5686 = CARTESIAN_POINT('',(0.275338755335,-4.9));
#5687 = ( GEOMETRIC_REPRESENTATION_CONTEXT(2) 
PARAMETRIC_REPRESENTATION_CONTEXT() REPRESENTATION_CONTEXT('2D SPACE',''
  ) );
#5688 = ORIENTED_EDGE('',*,*,#5689,.F.);
#5689 = EDGE_CURVE('',#5690,#5664,#5692,.T.);
#5690 = VERTEX_POINT('',#5691);
#5691 = CARTESIAN_POINT('',(18.80075537958,21.074104875535,6.3));
#5692 = SURFACE_CURVE('',#5693,(#5697,#5703),.PCURVE_S1.);
#5693 = LINE('',#5694,#5695);
#5694 = CARTESIAN_POINT('',(20.445383991948,17.599210054128,6.3));
#5695 = VECTOR('',#5696,1.);
#5696 = DIRECTION('',(-0.427794377159,0.90387608159,0.));
#5697 = PCURVE('',#72,#5698);
#5698 = DEFINITIONAL_REPRESENTATION('',(#5699),#5702);
#5699 = B_SPLINE_CURVE_WITH_KNOTS('',1,(#5700,#5701),.UNSPECIFIED.,.F.,
  .F.,(2,2),(3.844437187998,3.985464663724),.PIECEWISE_BEZIER_KNOTS.);
#5700 = CARTESIAN_POINT('',(64.982274545275,-22.24882115934));
#5701 = CARTESIAN_POINT('',(65.042605306416,-22.12134979718));
#5702 = ( GEOMETRIC_REPRESENTATION_CONTEXT(2) 
PARAMETRIC_REPRESENTATION_CONTEXT() REPRESENTATION_CONTEXT('2D SPACE',''
  ) );
#5703 = PCURVE('',#5704,#5709);
#5704 = PLANE('',#5705);
#5705 = AXIS2_PLACEMENT_3D('',#5706,#5707,#5708);
#5706 = CARTESIAN_POINT('',(18.80075537958,21.074104875535,1.4));
#5707 = DIRECTION('',(-0.90387608159,-0.427794377159,0.));
#5708 = DIRECTION('',(-0.427794377159,0.90387608159,0.));
#5709 = DEFINITIONAL_REPRESENTATION('',(#5710),#5713);
#5710 = B_SPLINE_CURVE_WITH_KNOTS('',1,(#5711,#5712),.UNSPECIFIED.,.F.,
  .F.,(2,2),(3.844437187998,3.985464663724),.PIECEWISE_BEZIER_KNOTS.);
#5711 = CARTESIAN_POINT('',(0.,-4.9));
#5712 = CARTESIAN_POINT('',(0.141027475727,-4.9));
#5713 = ( GEOMETRIC_REPRESENTATION_CONTEXT(2) 
PARAMETRIC_REPRESENTATION_CONTEXT() REPRESENTATION_CONTEXT('2D SPACE',''
  ) );
#5714 = ORIENTED_EDGE('',*,*,#5715,.F.);
#5715 = EDGE_CURVE('',#5716,#5690,#5718,.T.);
#5716 = VERTEX_POINT('',#5717);
#5717 = CARTESIAN_POINT('',(19.175494894638,20.661009952551,6.3));
#5718 = SURFACE_CURVE('',#5719,(#5723,#5729),.PCURVE_S1.);
#5719 = LINE('',#5720,#5721);
#5720 = CARTESIAN_POINT('',(28.119715292853,10.801329059347,6.3));
#5721 = VECTOR('',#5722,1.);
#5722 = DIRECTION('',(-0.671885789828,0.740654768045,0.));
#5723 = PCURVE('',#72,#5724);
#5724 = DEFINITIONAL_REPRESENTATION('',(#5725),#5728);
#5725 = B_SPLINE_CURVE_WITH_KNOTS('',1,(#5726,#5727),.UNSPECIFIED.,.F.,
  .F.,(2,2),(13.3121142516,13.869857131018),.PIECEWISE_BEZIER_KNOTS.);
#5726 = CARTESIAN_POINT('',(64.607535030217,-22.66191608232));
#5727 = CARTESIAN_POINT('',(64.982274545275,-22.24882115934));
#5728 = ( GEOMETRIC_REPRESENTATION_CONTEXT(2) 
PARAMETRIC_REPRESENTATION_CONTEXT() REPRESENTATION_CONTEXT('2D SPACE',''
  ) );
#5729 = PCURVE('',#5730,#5735);
#5730 = PLANE('',#5731);
#5731 = AXIS2_PLACEMENT_3D('',#5732,#5733,#5734);
#5732 = CARTESIAN_POINT('',(19.175494894638,20.661009952551,1.4));
#5733 = DIRECTION('',(-0.740654768045,-0.671885789828,0.));
#5734 = DIRECTION('',(-0.671885789828,0.740654768045,0.));
#5735 = DEFINITIONAL_REPRESENTATION('',(#5736),#5739);
#5736 = B_SPLINE_CURVE_WITH_KNOTS('',1,(#5737,#5738),.UNSPECIFIED.,.F.,
  .F.,(2,2),(13.3121142516,13.869857131018),.PIECEWISE_BEZIER_KNOTS.);
#5737 = CARTESIAN_POINT('',(0.,-4.9));
#5738 = CARTESIAN_POINT('',(0.557742879418,-4.9));
#5739 = ( GEOMETRIC_REPRESENTATION_CONTEXT(2) 
PARAMETRIC_REPRESENTATION_CONTEXT() REPRESENTATION_CONTEXT('2D SPACE',''
  ) );
#5740 = ORIENTED_EDGE('',*,*,#5741,.F.);
#5741 = EDGE_CURVE('',#5742,#5716,#5744,.T.);
#5742 = VERTEX_POINT('',#5743);
#5743 = CARTESIAN_POINT('',(19.559948173295,19.988376576179,6.3));
#5744 = SURFACE_CURVE('',#5745,(#5749,#5755),.PCURVE_S1.);
#5745 = LINE('',#5746,#5747);
#5746 = CARTESIAN_POINT('',(22.440650562815,14.948345232567,6.3));
#5747 = VECTOR('',#5748,1.);
#5748 = DIRECTION('',(-0.496227820147,0.868192346495,0.));
#5749 = PCURVE('',#72,#5750);
#5750 = DEFINITIONAL_REPRESENTATION('',(#5751),#5754);
#5751 = B_SPLINE_CURVE_WITH_KNOTS('',1,(#5752,#5753),.UNSPECIFIED.,.F.,
  .F.,(2,2),(5.805201305861,6.579952867641),.PIECEWISE_BEZIER_KNOTS.);
#5752 = CARTESIAN_POINT('',(64.22308175156,-23.33454945869));
#5753 = CARTESIAN_POINT('',(64.607535030217,-22.66191608232));
#5754 = ( GEOMETRIC_REPRESENTATION_CONTEXT(2) 
PARAMETRIC_REPRESENTATION_CONTEXT() REPRESENTATION_CONTEXT('2D SPACE',''
  ) );
#5755 = PCURVE('',#5756,#5761);
#5756 = PLANE('',#5757);
#5757 = AXIS2_PLACEMENT_3D('',#5758,#5759,#5760);
#5758 = CARTESIAN_POINT('',(19.559948173295,19.988376576179,1.4));
#5759 = DIRECTION('',(-0.868192346495,-0.496227820147,0.));
#5760 = DIRECTION('',(-0.496227820147,0.868192346495,0.));
#5761 = DEFINITIONAL_REPRESENTATION('',(#5762),#5765);
#5762 = B_SPLINE_CURVE_WITH_KNOTS('',1,(#5763,#5764),.UNSPECIFIED.,.F.,
  .F.,(2,2),(5.805201305861,6.579952867641),.PIECEWISE_BEZIER_KNOTS.);
#5763 = CARTESIAN_POINT('',(0.,-4.9));
#5764 = CARTESIAN_POINT('',(0.77475156178,-4.9));
#5765 = ( GEOMETRIC_REPRESENTATION_CONTEXT(2) 
PARAMETRIC_REPRESENTATION_CONTEXT() REPRESENTATION_CONTEXT('2D SPACE',''
  ) );
#5766 = ORIENTED_EDGE('',*,*,#5767,.F.);
#5767 = EDGE_CURVE('',#5768,#5742,#5770,.T.);
#5768 = VERTEX_POINT('',#5769);
#5769 = CARTESIAN_POINT('',(19.778944267271,19.715520032268,6.3));
#5770 = SURFACE_CURVE('',#5771,(#5775,#5781),.PCURVE_S1.);
#5771 = LINE('',#5772,#5773);
#5772 = CARTESIAN_POINT('',(26.555112617154,11.272803802318,6.3));
#5773 = VECTOR('',#5774,1.);
#5774 = DIRECTION('',(-0.625933146653,0.779876718412,0.));
#5775 = PCURVE('',#72,#5776);
#5776 = DEFINITIONAL_REPRESENTATION('',(#5777),#5780);
#5777 = B_SPLINE_CURVE_WITH_KNOTS('',1,(#5778,#5779),.UNSPECIFIED.,.F.,
  .F.,(2,2),(10.82570620539,11.175577585659),.PIECEWISE_BEZIER_KNOTS.);
#5778 = CARTESIAN_POINT('',(64.004085657584,-23.6074060026));
#5779 = CARTESIAN_POINT('',(64.22308175156,-23.33454945869));
#5780 = ( GEOMETRIC_REPRESENTATION_CONTEXT(2) 
PARAMETRIC_REPRESENTATION_CONTEXT() REPRESENTATION_CONTEXT('2D SPACE',''
  ) );
#5781 = PCURVE('',#5782,#5787);
#5782 = PLANE('',#5783);
#5783 = AXIS2_PLACEMENT_3D('',#5784,#5785,#5786);
#5784 = CARTESIAN_POINT('',(19.778944267271,19.715520032268,1.4));
#5785 = DIRECTION('',(-0.779876718412,-0.625933146653,0.));
#5786 = DIRECTION('',(-0.625933146653,0.779876718412,0.));
#5787 = DEFINITIONAL_REPRESENTATION('',(#5788),#5791);
#5788 = B_SPLINE_CURVE_WITH_KNOTS('',1,(#5789,#5790),.UNSPECIFIED.,.F.,
  .F.,(2,2),(10.82570620539,11.175577585659),.PIECEWISE_BEZIER_KNOTS.);
#5789 = CARTESIAN_POINT('',(0.,-4.9));
#5790 = CARTESIAN_POINT('',(0.349871380269,-4.9));
#5791 = ( GEOMETRIC_REPRESENTATION_CONTEXT(2) 
PARAMETRIC_REPRESENTATION_CONTEXT() REPRESENTATION_CONTEXT('2D SPACE',''
  ) );
#5792 = ORIENTED_EDGE('',*,*,#5793,.F.);
#5793 = EDGE_CURVE('',#5794,#5768,#5796,.T.);
#5794 = VERTEX_POINT('',#5795);
#5795 = CARTESIAN_POINT('',(20.107578575135,19.41848637758,6.3));
#5796 = SURFACE_CURVE('',#5797,(#5801,#5807),.PCURVE_S1.);
#5797 = LINE('',#5798,#5799);
#5798 = CARTESIAN_POINT('',(31.684682125257,8.954608152126,6.3));
#5799 = VECTOR('',#5800,1.);
#5800 = DIRECTION('',(-0.741875024715,0.670538177664,0.));
#5801 = PCURVE('',#72,#5802);
#5802 = DEFINITIONAL_REPRESENTATION('',(#5803),#5806);
#5803 = B_SPLINE_CURVE_WITH_KNOTS('',1,(#5804,#5805),.UNSPECIFIED.,.F.,
  .F.,(2,2),(15.605193818962,16.04817180975),.PIECEWISE_BEZIER_KNOTS.);
#5804 = CARTESIAN_POINT('',(63.67545134972,-23.90443965729));
#5805 = CARTESIAN_POINT('',(64.004085657584,-23.6074060026));
#5806 = ( GEOMETRIC_REPRESENTATION_CONTEXT(2) 
PARAMETRIC_REPRESENTATION_CONTEXT() REPRESENTATION_CONTEXT('2D SPACE',''
  ) );
#5807 = PCURVE('',#5808,#5813);
#5808 = PLANE('',#5809);
#5809 = AXIS2_PLACEMENT_3D('',#5810,#5811,#5812);
#5810 = CARTESIAN_POINT('',(20.107578575135,19.41848637758,1.4));
#5811 = DIRECTION('',(-0.670538177664,-0.741875024715,0.));
#5812 = DIRECTION('',(-0.741875024715,0.670538177664,0.));
#5813 = DEFINITIONAL_REPRESENTATION('',(#5814),#5817);
#5814 = B_SPLINE_CURVE_WITH_KNOTS('',1,(#5815,#5816),.UNSPECIFIED.,.F.,
  .F.,(2,2),(15.605193818962,16.04817180975),.PIECEWISE_BEZIER_KNOTS.);
#5815 = CARTESIAN_POINT('',(0.,-4.9));
#5816 = CARTESIAN_POINT('',(0.442977990788,-4.9));
#5817 = ( GEOMETRIC_REPRESENTATION_CONTEXT(2) 
PARAMETRIC_REPRESENTATION_CONTEXT() REPRESENTATION_CONTEXT('2D SPACE',''
  ) );
#5818 = ORIENTED_EDGE('',*,*,#5819,.F.);
#5819 = EDGE_CURVE('',#5820,#5794,#5822,.T.);
#5820 = VERTEX_POINT('',#5821);
#5821 = CARTESIAN_POINT('',(20.399770816538,19.22896687291,6.3));
#5822 = SURFACE_CURVE('',#5823,(#5827,#5833),.PCURVE_S1.);
#5823 = LINE('',#5824,#5825);
#5824 = CARTESIAN_POINT('',(37.206867877435,8.3276756729,6.3));
#5825 = VECTOR('',#5826,1.);
#5826 = DIRECTION('',(-0.838975179627,0.544169686743,0.));
#5827 = PCURVE('',#72,#5828);
#5828 = DEFINITIONAL_REPRESENTATION('',(#5829),#5832);
#5829 = B_SPLINE_CURVE_WITH_KNOTS('',1,(#5830,#5831),.UNSPECIFIED.,.F.,
  .F.,(2,2),(20.032889493078,20.381162300782),.PIECEWISE_BEZIER_KNOTS.);
#5830 = CARTESIAN_POINT('',(63.383259108317,-24.09395916196));
#5831 = CARTESIAN_POINT('',(63.67545134972,-23.90443965729));
#5832 = ( GEOMETRIC_REPRESENTATION_CONTEXT(2) 
PARAMETRIC_REPRESENTATION_CONTEXT() REPRESENTATION_CONTEXT('2D SPACE',''
  ) );
#5833 = PCURVE('',#5834,#5839);
#5834 = PLANE('',#5835);
#5835 = AXIS2_PLACEMENT_3D('',#5836,#5837,#5838);
#5836 = CARTESIAN_POINT('',(20.399770816538,19.22896687291,1.4));
#5837 = DIRECTION('',(-0.544169686743,-0.838975179627,0.));
#5838 = DIRECTION('',(-0.838975179627,0.544169686743,0.));
#5839 = DEFINITIONAL_REPRESENTATION('',(#5840),#5843);
#5840 = B_SPLINE_CURVE_WITH_KNOTS('',1,(#5841,#5842),.UNSPECIFIED.,.F.,
  .F.,(2,2),(20.032889493078,20.381162300782),.PIECEWISE_BEZIER_KNOTS.);
#5841 = CARTESIAN_POINT('',(0.,-4.9));
#5842 = CARTESIAN_POINT('',(0.348272807704,-4.9));
#5843 = ( GEOMETRIC_REPRESENTATION_CONTEXT(2) 
PARAMETRIC_REPRESENTATION_CONTEXT() REPRESENTATION_CONTEXT('2D SPACE',''
  ) );
#5844 = ORIENTED_EDGE('',*,*,#5845,.F.);
#5845 = EDGE_CURVE('',#5846,#5820,#5848,.T.);
#5846 = VERTEX_POINT('',#5847);
#5847 = CARTESIAN_POINT('',(20.803144645959,19.050495458,6.3));
#5848 = SURFACE_CURVE('',#5849,(#5853,#5859),.PCURVE_S1.);
#5849 = LINE('',#5850,#5851);
#5850 = CARTESIAN_POINT('',(42.64727277637,9.385633311382,6.3));
#5851 = VECTOR('',#5852,1.);
#5852 = DIRECTION('',(-0.914488309112,0.40461232371,0.));
#5853 = PCURVE('',#72,#5854);
#5854 = DEFINITIONAL_REPRESENTATION('',(#5855),#5858);
#5855 = B_SPLINE_CURVE_WITH_KNOTS('',1,(#5856,#5857),.UNSPECIFIED.,.F.,
  .F.,(2,2),(23.886722129479,24.327814514589),.PIECEWISE_BEZIER_KNOTS.);
#5856 = CARTESIAN_POINT('',(62.979885278896,-24.27243057687));
#5857 = CARTESIAN_POINT('',(63.383259108317,-24.09395916196));
#5858 = ( GEOMETRIC_REPRESENTATION_CONTEXT(2) 
PARAMETRIC_REPRESENTATION_CONTEXT() REPRESENTATION_CONTEXT('2D SPACE',''
  ) );
#5859 = PCURVE('',#5860,#5865);
#5860 = PLANE('',#5861);
#5861 = AXIS2_PLACEMENT_3D('',#5862,#5863,#5864);
#5862 = CARTESIAN_POINT('',(20.803144645959,19.050495458,1.4));
#5863 = DIRECTION('',(-0.40461232371,-0.914488309112,0.));
#5864 = DIRECTION('',(-0.914488309112,0.40461232371,0.));
#5865 = DEFINITIONAL_REPRESENTATION('',(#5866),#5869);
#5866 = B_SPLINE_CURVE_WITH_KNOTS('',1,(#5867,#5868),.UNSPECIFIED.,.F.,
  .F.,(2,2),(23.886722129479,24.327814514589),.PIECEWISE_BEZIER_KNOTS.);
#5867 = CARTESIAN_POINT('',(0.,-4.9));
#5868 = CARTESIAN_POINT('',(0.44109238511,-4.9));
#5869 = ( GEOMETRIC_REPRESENTATION_CONTEXT(2) 
PARAMETRIC_REPRESENTATION_CONTEXT() REPRESENTATION_CONTEXT('2D SPACE',''
  ) );
#5870 = ORIENTED_EDGE('',*,*,#5871,.F.);
#5871 = EDGE_CURVE('',#5872,#5846,#5874,.T.);
#5872 = VERTEX_POINT('',#5873);
#5873 = CARTESIAN_POINT('',(21.161808130777,18.955961941736,6.3));
#5874 = SURFACE_CURVE('',#5875,(#5879,#5885),.PCURVE_S1.);
#5875 = LINE('',#5876,#5877);
#5876 = CARTESIAN_POINT('',(47.435935303674,12.030847639441,6.3));
#5877 = VECTOR('',#5878,1.);
#5878 = DIRECTION('',(-0.966976003575,0.254867433208,0.));
#5879 = PCURVE('',#72,#5880);
#5880 = DEFINITIONAL_REPRESENTATION('',(#5881),#5884);
#5881 = B_SPLINE_CURVE_WITH_KNOTS('',1,(#5882,#5883),.UNSPECIFIED.,.F.,
  .F.,(2,2),(27.171436597969,27.542349095789),.PIECEWISE_BEZIER_KNOTS.);
#5882 = CARTESIAN_POINT('',(62.621221794078,-24.36696409314));
#5883 = CARTESIAN_POINT('',(62.979885278896,-24.27243057687));
#5884 = ( GEOMETRIC_REPRESENTATION_CONTEXT(2) 
PARAMETRIC_REPRESENTATION_CONTEXT() REPRESENTATION_CONTEXT('2D SPACE',''
  ) );
#5885 = PCURVE('',#5886,#5891);
#5886 = PLANE('',#5887);
#5887 = AXIS2_PLACEMENT_3D('',#5888,#5889,#5890);
#5888 = CARTESIAN_POINT('',(21.161808130777,18.955961941736,1.4));
#5889 = DIRECTION('',(-0.254867433208,-0.966976003575,0.));
#5890 = DIRECTION('',(-0.966976003575,0.254867433208,0.));
#5891 = DEFINITIONAL_REPRESENTATION('',(#5892),#5895);
#5892 = B_SPLINE_CURVE_WITH_KNOTS('',1,(#5893,#5894),.UNSPECIFIED.,.F.,
  .F.,(2,2),(27.171436597969,27.542349095789),.PIECEWISE_BEZIER_KNOTS.);
#5893 = CARTESIAN_POINT('',(0.,-4.9));
#5894 = CARTESIAN_POINT('',(0.37091249782,-4.9));
#5895 = ( GEOMETRIC_REPRESENTATION_CONTEXT(2) 
PARAMETRIC_REPRESENTATION_CONTEXT() REPRESENTATION_CONTEXT('2D SPACE',''
  ) );
#5896 = ORIENTED_EDGE('',*,*,#5897,.F.);
#5897 = EDGE_CURVE('',#5898,#5872,#5900,.T.);
#5898 = VERTEX_POINT('',#5899);
#5899 = CARTESIAN_POINT('',(21.516674977573,18.909851730478,6.3));
#5900 = SURFACE_CURVE('',#5901,(#5905,#5911),.PCURVE_S1.);
#5901 = LINE('',#5902,#5903);
#5902 = CARTESIAN_POINT('',(50.573199011976,15.13434417386,6.3));
#5903 = VECTOR('',#5904,1.);
#5904 = DIRECTION('',(-0.991663645828,0.128853457627,0.));
#5905 = PCURVE('',#72,#5906);
#5906 = DEFINITIONAL_REPRESENTATION('',(#5907),#5910);
#5907 = B_SPLINE_CURVE_WITH_KNOTS('',1,(#5908,#5909),.UNSPECIFIED.,.F.,
  .F.,(2,2),(29.300785762022,29.658635773252),.PIECEWISE_BEZIER_KNOTS.);
#5908 = CARTESIAN_POINT('',(62.266354947282,-24.4130743044));
#5909 = CARTESIAN_POINT('',(62.621221794078,-24.36696409314));
#5910 = ( GEOMETRIC_REPRESENTATION_CONTEXT(2) 
PARAMETRIC_REPRESENTATION_CONTEXT() REPRESENTATION_CONTEXT('2D SPACE',''
  ) );
#5911 = PCURVE('',#5912,#5917);
#5912 = PLANE('',#5913);
#5913 = AXIS2_PLACEMENT_3D('',#5914,#5915,#5916);
#5914 = CARTESIAN_POINT('',(21.516674977573,18.909851730478,1.4));
#5915 = DIRECTION('',(-0.128853457627,-0.991663645828,0.));
#5916 = DIRECTION('',(-0.991663645828,0.128853457627,0.));
#5917 = DEFINITIONAL_REPRESENTATION('',(#5918),#5921);
#5918 = B_SPLINE_CURVE_WITH_KNOTS('',1,(#5919,#5920),.UNSPECIFIED.,.F.,
  .F.,(2,2),(29.300785762022,29.658635773252),.PIECEWISE_BEZIER_KNOTS.);
#5919 = CARTESIAN_POINT('',(0.,-4.9));
#5920 = CARTESIAN_POINT('',(0.357850011231,-4.9));
#5921 = ( GEOMETRIC_REPRESENTATION_CONTEXT(2) 
PARAMETRIC_REPRESENTATION_CONTEXT() REPRESENTATION_CONTEXT('2D SPACE',''
  ) );
#5922 = ORIENTED_EDGE('',*,*,#5923,.F.);
#5923 = EDGE_CURVE('',#5924,#5898,#5926,.T.);
#5924 = VERTEX_POINT('',#5925);
#5925 = CARTESIAN_POINT('',(37.46675642172,18.898450335629,6.3));
#5926 = SURFACE_CURVE('',#5927,(#5931,#5937),.PCURVE_S1.);
#5927 = LINE('',#5928,#5929);
#5928 = CARTESIAN_POINT('',(60.616151825365,18.8819027463,6.3));
#5929 = VECTOR('',#5930,1.);
#5930 = DIRECTION('',(-0.999999744518,7.148171610022E-04,0.));
#5931 = PCURVE('',#72,#5932);
#5932 = DEFINITIONAL_REPRESENTATION('',(#5933),#5936);
#5933 = B_SPLINE_CURVE_WITH_KNOTS('',1,(#5934,#5935),.UNSPECIFIED.,.F.,
  .F.,(2,2),(23.149401317895,39.099486836999),.PIECEWISE_BEZIER_KNOTS.);
#5934 = CARTESIAN_POINT('',(46.316273503135,-24.42447569924));
#5935 = CARTESIAN_POINT('',(62.266354947282,-24.4130743044));
#5936 = ( GEOMETRIC_REPRESENTATION_CONTEXT(2) 
PARAMETRIC_REPRESENTATION_CONTEXT() REPRESENTATION_CONTEXT('2D SPACE',''
  ) );
#5937 = PCURVE('',#5938,#5943);
#5938 = PLANE('',#5939);
#5939 = AXIS2_PLACEMENT_3D('',#5940,#5941,#5942);
#5940 = CARTESIAN_POINT('',(37.46675642172,18.898450335629,1.4));
#5941 = DIRECTION('',(-7.148171610022E-04,-0.999999744518,0.));
#5942 = DIRECTION('',(-0.999999744518,7.148171610022E-04,0.));
#5943 = DEFINITIONAL_REPRESENTATION('',(#5944),#5947);
#5944 = B_SPLINE_CURVE_WITH_KNOTS('',1,(#5945,#5946),.UNSPECIFIED.,.F.,
  .F.,(2,2),(23.149401317895,39.099486836999),.PIECEWISE_BEZIER_KNOTS.);
#5945 = CARTESIAN_POINT('',(0.,-4.9));
#5946 = CARTESIAN_POINT('',(15.950085519104,-4.9));
#5947 = ( GEOMETRIC_REPRESENTATION_CONTEXT(2) 
PARAMETRIC_REPRESENTATION_CONTEXT() REPRESENTATION_CONTEXT('2D SPACE',''
  ) );
#5948 = ORIENTED_EDGE('',*,*,#5949,.F.);
#5949 = EDGE_CURVE('',#5950,#5924,#5952,.T.);
#5950 = VERTEX_POINT('',#5951);
#5951 = CARTESIAN_POINT('',(37.505155115797,9.373509516631,6.3));
#5952 = SURFACE_CURVE('',#5953,(#5957,#5963),.PCURVE_S1.);
#5953 = LINE('',#5954,#5955);
#5954 = CARTESIAN_POINT('',(37.437100709767,26.25466148014,6.3));
#5955 = VECTOR('',#5956,1.);
#5956 = DIRECTION('',(-4.03135124736E-03,0.999991874071,0.));
#5957 = PCURVE('',#72,#5958);
#5958 = DEFINITIONAL_REPRESENTATION('',(#5959),#5962);
#5959 = B_SPLINE_CURVE_WITH_KNOTS('',1,(#5960,#5961),.UNSPECIFIED.,.F.,
  .F.,(2,2),(-16.88128913967,-7.356270921049),.PIECEWISE_BEZIER_KNOTS.);
#5960 = CARTESIAN_POINT('',(46.277874809058,-33.94941651824));
#5961 = CARTESIAN_POINT('',(46.316273503135,-24.42447569924));
#5962 = ( GEOMETRIC_REPRESENTATION_CONTEXT(2) 
PARAMETRIC_REPRESENTATION_CONTEXT() REPRESENTATION_CONTEXT('2D SPACE',''
  ) );
#5963 = PCURVE('',#5964,#5969);
#5964 = PLANE('',#5965);
#5965 = AXIS2_PLACEMENT_3D('',#5966,#5967,#5968);
#5966 = CARTESIAN_POINT('',(37.505155115797,9.373509516631,1.4));
#5967 = DIRECTION('',(-0.999991874071,-4.03135124736E-03,0.));
#5968 = DIRECTION('',(-4.03135124736E-03,0.999991874071,0.));
#5969 = DEFINITIONAL_REPRESENTATION('',(#5970),#5973);
#5970 = B_SPLINE_CURVE_WITH_KNOTS('',1,(#5971,#5972),.UNSPECIFIED.,.F.,
  .F.,(2,2),(-16.88128913967,-7.356270921049),.PIECEWISE_BEZIER_KNOTS.);
#5971 = CARTESIAN_POINT('',(0.,-4.9));
#5972 = CARTESIAN_POINT('',(9.525018218624,-4.9));
#5973 = ( GEOMETRIC_REPRESENTATION_CONTEXT(2) 
PARAMETRIC_REPRESENTATION_CONTEXT() REPRESENTATION_CONTEXT('2D SPACE',''
  ) );
#5974 = ORIENTED_EDGE('',*,*,#5975,.F.);
#5975 = EDGE_CURVE('',#5976,#5950,#5978,.T.);
#5976 = VERTEX_POINT('',#5977);
#5977 = CARTESIAN_POINT('',(37.560370428104,8.990417209847,6.3));
#5978 = SURFACE_CURVE('',#5979,(#5983,#5989),.PCURVE_S1.);
#5979 = LINE('',#5980,#5981);
#5980 = CARTESIAN_POINT('',(35.606875572876,22.544064180522,6.3));
#5981 = VECTOR('',#5982,1.);
#5982 = DIRECTION('',(-0.142656440375,0.989772266746,0.));
#5983 = PCURVE('',#72,#5984);
#5984 = DEFINITIONAL_REPRESENTATION('',(#5985),#5988);
#5985 = B_SPLINE_CURVE_WITH_KNOTS('',1,(#5986,#5987),.UNSPECIFIED.,.F.,
  .F.,(2,2),(-13.69370250717,-13.30665154641),.PIECEWISE_BEZIER_KNOTS.);
#5986 = CARTESIAN_POINT('',(46.222659496751,-34.33250882503));
#5987 = CARTESIAN_POINT('',(46.277874809058,-33.94941651824));
#5988 = ( GEOMETRIC_REPRESENTATION_CONTEXT(2) 
PARAMETRIC_REPRESENTATION_CONTEXT() REPRESENTATION_CONTEXT('2D SPACE',''
  ) );
#5989 = PCURVE('',#5990,#5995);
#5990 = PLANE('',#5991);
#5991 = AXIS2_PLACEMENT_3D('',#5992,#5993,#5994);
#5992 = CARTESIAN_POINT('',(37.560370428104,8.990417209847,1.4));
#5993 = DIRECTION('',(-0.989772266746,-0.142656440375,0.));
#5994 = DIRECTION('',(-0.142656440375,0.989772266746,0.));
#5995 = DEFINITIONAL_REPRESENTATION('',(#5996),#5999);
#5996 = B_SPLINE_CURVE_WITH_KNOTS('',1,(#5997,#5998),.UNSPECIFIED.,.F.,
  .F.,(2,2),(-13.69370250717,-13.30665154641),.PIECEWISE_BEZIER_KNOTS.);
#5997 = CARTESIAN_POINT('',(0.,-4.9));
#5998 = CARTESIAN_POINT('',(0.387050960767,-4.9));
#5999 = ( GEOMETRIC_REPRESENTATION_CONTEXT(2) 
PARAMETRIC_REPRESENTATION_CONTEXT() REPRESENTATION_CONTEXT('2D SPACE',''
  ) );
#6000 = ORIENTED_EDGE('',*,*,#6001,.F.);
#6001 = EDGE_CURVE('',#6002,#5976,#6004,.T.);
#6002 = VERTEX_POINT('',#6003);
#6003 = CARTESIAN_POINT('',(37.703749323338,8.496008695412,6.3));
#6004 = SURFACE_CURVE('',#6005,(#6009,#6015),.PCURVE_S1.);
#6005 = LINE('',#6006,#6007);
#6006 = CARTESIAN_POINT('',(34.832915156313,18.3954074416,6.3));
#6007 = VECTOR('',#6008,1.);
#6008 = DIRECTION('',(-0.278525213674,0.960428917384,0.));
#6009 = PCURVE('',#72,#6010);
#6010 = DEFINITIONAL_REPRESENTATION('',(#6011),#6014);
#6011 = B_SPLINE_CURVE_WITH_KNOTS('',1,(#6012,#6013),.UNSPECIFIED.,.F.,
  .F.,(2,2),(-10.30726852035,-9.792489648654),.PIECEWISE_BEZIER_KNOTS.);
#6012 = CARTESIAN_POINT('',(46.079280601517,-34.82691733946));
#6013 = CARTESIAN_POINT('',(46.222659496751,-34.33250882503));
#6014 = ( GEOMETRIC_REPRESENTATION_CONTEXT(2) 
PARAMETRIC_REPRESENTATION_CONTEXT() REPRESENTATION_CONTEXT('2D SPACE',''
  ) );
#6015 = PCURVE('',#6016,#6021);
#6016 = PLANE('',#6017);
#6017 = AXIS2_PLACEMENT_3D('',#6018,#6019,#6020);
#6018 = CARTESIAN_POINT('',(37.703749323338,8.496008695412,1.4));
#6019 = DIRECTION('',(-0.960428917384,-0.278525213674,0.));
#6020 = DIRECTION('',(-0.278525213674,0.960428917384,0.));
#6021 = DEFINITIONAL_REPRESENTATION('',(#6022),#6025);
#6022 = B_SPLINE_CURVE_WITH_KNOTS('',1,(#6023,#6024),.UNSPECIFIED.,.F.,
  .F.,(2,2),(-10.30726852035,-9.792489648654),.PIECEWISE_BEZIER_KNOTS.);
#6023 = CARTESIAN_POINT('',(0.,-4.9));
#6024 = CARTESIAN_POINT('',(0.514778871696,-4.9));
#6025 = ( GEOMETRIC_REPRESENTATION_CONTEXT(2) 
PARAMETRIC_REPRESENTATION_CONTEXT() REPRESENTATION_CONTEXT('2D SPACE',''
  ) );
#6026 = ORIENTED_EDGE('',*,*,#6027,.F.);
#6027 = EDGE_CURVE('',#6028,#6002,#6030,.T.);
#6028 = VERTEX_POINT('',#6029);
#6029 = CARTESIAN_POINT('',(37.964392591927,8.001100955696,6.3));
#6030 = SURFACE_CURVE('',#6031,(#6035,#6041),.PCURVE_S1.);
#6031 = LINE('',#6032,#6033);
#6032 = CARTESIAN_POINT('',(35.657303423255,12.381786833267,6.3));
#6033 = VECTOR('',#6034,1.);
#6034 = DIRECTION('',(-0.465978130586,0.884796237456,0.));
#6035 = PCURVE('',#72,#6036);
#6036 = DEFINITIONAL_REPRESENTATION('',(#6037),#6040);
#6037 = B_SPLINE_CURVE_WITH_KNOTS('',1,(#6038,#6039),.UNSPECIFIED.,.F.,
  .F.,(2,2),(-4.951067479863,-4.391720910828),.PIECEWISE_BEZIER_KNOTS.);
#6038 = CARTESIAN_POINT('',(45.818637332929,-35.32182507918));
#6039 = CARTESIAN_POINT('',(46.079280601517,-34.82691733946));
#6040 = ( GEOMETRIC_REPRESENTATION_CONTEXT(2) 
PARAMETRIC_REPRESENTATION_CONTEXT() REPRESENTATION_CONTEXT('2D SPACE',''
  ) );
#6041 = PCURVE('',#6042,#6047);
#6042 = PLANE('',#6043);
#6043 = AXIS2_PLACEMENT_3D('',#6044,#6045,#6046);
#6044 = CARTESIAN_POINT('',(37.964392591927,8.001100955696,1.4));
#6045 = DIRECTION('',(-0.884796237456,-0.465978130586,0.));
#6046 = DIRECTION('',(-0.465978130586,0.884796237456,0.));
#6047 = DEFINITIONAL_REPRESENTATION('',(#6048),#6051);
#6048 = B_SPLINE_CURVE_WITH_KNOTS('',1,(#6049,#6050),.UNSPECIFIED.,.F.,
  .F.,(2,2),(-4.951067479863,-4.391720910828),.PIECEWISE_BEZIER_KNOTS.);
#6049 = CARTESIAN_POINT('',(0.,-4.9));
#6050 = CARTESIAN_POINT('',(0.559346569035,-4.9));
#6051 = ( GEOMETRIC_REPRESENTATION_CONTEXT(2) 
PARAMETRIC_REPRESENTATION_CONTEXT() REPRESENTATION_CONTEXT('2D SPACE',''
  ) );
#6052 = ORIENTED_EDGE('',*,*,#6053,.F.);
#6053 = EDGE_CURVE('',#6054,#6028,#6056,.T.);
#6054 = VERTEX_POINT('',#6055);
#6055 = CARTESIAN_POINT('',(38.244601928548,7.65966345925,6.3));
#6056 = SURFACE_CURVE('',#6057,(#6061,#6067),.PCURVE_S1.);
#6057 = LINE('',#6058,#6059);
#6058 = CARTESIAN_POINT('',(38.663642764106,7.149058582457,6.3));
#6059 = VECTOR('',#6060,1.);
#6060 = DIRECTION('',(-0.634391694436,0.773011758016,0.));
#6061 = PCURVE('',#72,#6062);
#6062 = DEFINITIONAL_REPRESENTATION('',(#6063),#6066);
#6063 = B_SPLINE_CURVE_WITH_KNOTS('',1,(#6064,#6065),.UNSPECIFIED.,.F.,
  .F.,(2,2),(0.660539599169,1.102237274404),.PIECEWISE_BEZIER_KNOTS.);
#6064 = CARTESIAN_POINT('',(45.538427996308,-35.66326257562));
#6065 = CARTESIAN_POINT('',(45.818637332929,-35.32182507918));
#6066 = ( GEOMETRIC_REPRESENTATION_CONTEXT(2) 
PARAMETRIC_REPRESENTATION_CONTEXT() REPRESENTATION_CONTEXT('2D SPACE',''
  ) );
#6067 = PCURVE('',#6068,#6073);
#6068 = PLANE('',#6069);
#6069 = AXIS2_PLACEMENT_3D('',#6070,#6071,#6072);
#6070 = CARTESIAN_POINT('',(38.244601928548,7.65966345925,1.4));
#6071 = DIRECTION('',(-0.773011758016,-0.634391694436,0.));
#6072 = DIRECTION('',(-0.634391694436,0.773011758016,0.));
#6073 = DEFINITIONAL_REPRESENTATION('',(#6074),#6077);
#6074 = B_SPLINE_CURVE_WITH_KNOTS('',1,(#6075,#6076),.UNSPECIFIED.,.F.,
  .F.,(2,2),(0.660539599169,1.102237274404),.PIECEWISE_BEZIER_KNOTS.);
#6075 = CARTESIAN_POINT('',(0.,-4.9));
#6076 = CARTESIAN_POINT('',(0.441697675236,-4.9));
#6077 = ( GEOMETRIC_REPRESENTATION_CONTEXT(2) 
PARAMETRIC_REPRESENTATION_CONTEXT() REPRESENTATION_CONTEXT('2D SPACE',''
  ) );
#6078 = ORIENTED_EDGE('',*,*,#6079,.F.);
#6079 = EDGE_CURVE('',#6080,#6054,#6082,.T.);
#6080 = VERTEX_POINT('',#6081);
#6081 = CARTESIAN_POINT('',(38.621580582549,7.338940432962,6.3));
#6082 = SURFACE_CURVE('',#6083,(#6087,#6093),.PCURVE_S1.);
#6083 = LINE('',#6084,#6085);
#6084 = CARTESIAN_POINT('',(42.841082030428,3.749105148055,6.3));
#6085 = VECTOR('',#6086,1.);
#6086 = DIRECTION('',(-0.761648942589,0.647989882832,0.));
#6087 = PCURVE('',#72,#6088);
#6088 = DEFINITIONAL_REPRESENTATION('',(#6089),#6092);
#6089 = B_SPLINE_CURVE_WITH_KNOTS('',1,(#6090,#6091),.UNSPECIFIED.,.F.,
  .F.,(2,2),(5.539955761684,6.034906431109),.PIECEWISE_BEZIER_KNOTS.);
#6090 = CARTESIAN_POINT('',(45.161449342306,-35.98398560191));
#6091 = CARTESIAN_POINT('',(45.538427996308,-35.66326257562));
#6092 = ( GEOMETRIC_REPRESENTATION_CONTEXT(2) 
PARAMETRIC_REPRESENTATION_CONTEXT() REPRESENTATION_CONTEXT('2D SPACE',''
  ) );
#6093 = PCURVE('',#6094,#6099);
#6094 = PLANE('',#6095);
#6095 = AXIS2_PLACEMENT_3D('',#6096,#6097,#6098);
#6096 = CARTESIAN_POINT('',(38.621580582549,7.338940432962,1.4));
#6097 = DIRECTION('',(-0.647989882832,-0.761648942589,0.));
#6098 = DIRECTION('',(-0.761648942589,0.647989882832,0.));
#6099 = DEFINITIONAL_REPRESENTATION('',(#6100),#6103);
#6100 = B_SPLINE_CURVE_WITH_KNOTS('',1,(#6101,#6102),.UNSPECIFIED.,.F.,
  .F.,(2,2),(5.539955761684,6.034906431109),.PIECEWISE_BEZIER_KNOTS.);
#6101 = CARTESIAN_POINT('',(0.,-4.9));
#6102 = CARTESIAN_POINT('',(0.494950669425,-4.9));
#6103 = ( GEOMETRIC_REPRESENTATION_CONTEXT(2) 
PARAMETRIC_REPRESENTATION_CONTEXT() REPRESENTATION_CONTEXT('2D SPACE',''
  ) );
#6104 = ORIENTED_EDGE('',*,*,#6105,.F.);
#6105 = EDGE_CURVE('',#6106,#6080,#6108,.T.);
#6106 = VERTEX_POINT('',#6107);
#6107 = CARTESIAN_POINT('',(38.902953792571,7.175470930229,6.3));
#6108 = SURFACE_CURVE('',#6109,(#6113,#6119),.PCURVE_S1.);
#6109 = LINE('',#6110,#6111);
#6110 = CARTESIAN_POINT('',(47.829682919435,1.98930565427,6.3));
#6111 = VECTOR('',#6112,1.);
#6112 = DIRECTION('',(-0.864666807223,0.502345809665,0.));
#6113 = PCURVE('',#72,#6114);
#6114 = DEFINITIONAL_REPRESENTATION('',(#6115),#6118);
#6115 = B_SPLINE_CURVE_WITH_KNOTS('',1,(#6116,#6117),.UNSPECIFIED.,.F.,
  .F.,(2,2),(10.323894767673,10.649307062525),.PIECEWISE_BEZIER_KNOTS.);
#6116 = CARTESIAN_POINT('',(44.880076132285,-36.14745510464));
#6117 = CARTESIAN_POINT('',(45.161449342306,-35.98398560191));
#6118 = ( GEOMETRIC_REPRESENTATION_CONTEXT(2) 
PARAMETRIC_REPRESENTATION_CONTEXT() REPRESENTATION_CONTEXT('2D SPACE',''
  ) );
#6119 = PCURVE('',#6120,#6125);
#6120 = PLANE('',#6121);
#6121 = AXIS2_PLACEMENT_3D('',#6122,#6123,#6124);
#6122 = CARTESIAN_POINT('',(38.902953792571,7.175470930229,1.4));
#6123 = DIRECTION('',(-0.502345809665,-0.864666807223,0.));
#6124 = DIRECTION('',(-0.864666807223,0.502345809665,0.));
#6125 = DEFINITIONAL_REPRESENTATION('',(#6126),#6129);
#6126 = B_SPLINE_CURVE_WITH_KNOTS('',1,(#6127,#6128),.UNSPECIFIED.,.F.,
  .F.,(2,2),(10.323894767673,10.649307062525),.PIECEWISE_BEZIER_KNOTS.);
#6127 = CARTESIAN_POINT('',(0.,-4.9));
#6128 = CARTESIAN_POINT('',(0.325412294853,-4.9));
#6129 = ( GEOMETRIC_REPRESENTATION_CONTEXT(2) 
PARAMETRIC_REPRESENTATION_CONTEXT() REPRESENTATION_CONTEXT('2D SPACE',''
  ) );
#6130 = ORIENTED_EDGE('',*,*,#6131,.F.);
#6131 = EDGE_CURVE('',#6132,#6106,#6134,.T.);
#6132 = VERTEX_POINT('',#6133);
#6133 = CARTESIAN_POINT('',(39.297962058134,7.026189495461,6.3));
#6134 = SURFACE_CURVE('',#6135,(#6139,#6145),.PCURVE_S1.);
#6135 = LINE('',#6136,#6137);
#6136 = CARTESIAN_POINT('',(52.759278367818,1.938891867105,6.3));
#6137 = VECTOR('',#6138,1.);
#6138 = DIRECTION('',(-0.935428173983,0.35351680486,0.));
#6139 = PCURVE('',#72,#6140);
#6140 = DEFINITIONAL_REPRESENTATION('',(#6141),#6144);
#6141 = B_SPLINE_CURVE_WITH_KNOTS('',1,(#6142,#6143),.UNSPECIFIED.,.F.,
  .F.,(2,2),(14.390539737927,14.812815094335),.PIECEWISE_BEZIER_KNOTS.);
#6142 = CARTESIAN_POINT('',(44.485067866722,-36.29673653941));
#6143 = CARTESIAN_POINT('',(44.880076132285,-36.14745510464));
#6144 = ( GEOMETRIC_REPRESENTATION_CONTEXT(2) 
PARAMETRIC_REPRESENTATION_CONTEXT() REPRESENTATION_CONTEXT('2D SPACE',''
  ) );
#6145 = PCURVE('',#6146,#6151);
#6146 = PLANE('',#6147);
#6147 = AXIS2_PLACEMENT_3D('',#6148,#6149,#6150);
#6148 = CARTESIAN_POINT('',(39.297962058134,7.026189495461,1.4));
#6149 = DIRECTION('',(-0.35351680486,-0.935428173983,0.));
#6150 = DIRECTION('',(-0.935428173983,0.35351680486,0.));
#6151 = DEFINITIONAL_REPRESENTATION('',(#6152),#6155);
#6152 = B_SPLINE_CURVE_WITH_KNOTS('',1,(#6153,#6154),.UNSPECIFIED.,.F.,
  .F.,(2,2),(14.390539737927,14.812815094335),.PIECEWISE_BEZIER_KNOTS.);
#6153 = CARTESIAN_POINT('',(0.,-4.9));
#6154 = CARTESIAN_POINT('',(0.422275356408,-4.9));
#6155 = ( GEOMETRIC_REPRESENTATION_CONTEXT(2) 
PARAMETRIC_REPRESENTATION_CONTEXT() REPRESENTATION_CONTEXT('2D SPACE',''
  ) );
#6156 = ORIENTED_EDGE('',*,*,#6157,.F.);
#6157 = EDGE_CURVE('',#6158,#6132,#6160,.T.);
#6158 = VERTEX_POINT('',#6159);
#6159 = CARTESIAN_POINT('',(40.089825461618,6.900695170416,6.3));
#6160 = SURFACE_CURVE('',#6161,(#6165,#6171),.PCURVE_S1.);
#6161 = LINE('',#6162,#6163);
#6162 = CARTESIAN_POINT('',(58.585792751595,3.969458645424,6.3));
#6163 = VECTOR('',#6164,1.);
#6164 = DIRECTION('',(-0.987673789601,0.156526308761,0.));
#6165 = PCURVE('',#72,#6166);
#6166 = DEFINITIONAL_REPRESENTATION('',(#6167),#6170);
#6167 = B_SPLINE_CURVE_WITH_KNOTS('',1,(#6168,#6169),.UNSPECIFIED.,.F.,
  .F.,(2,2),(18.726797738998,19.528543631034),.PIECEWISE_BEZIER_KNOTS.);
#6168 = CARTESIAN_POINT('',(43.693204463237,-36.42223086446));
#6169 = CARTESIAN_POINT('',(44.485067866722,-36.29673653941));
#6170 = ( GEOMETRIC_REPRESENTATION_CONTEXT(2) 
PARAMETRIC_REPRESENTATION_CONTEXT() REPRESENTATION_CONTEXT('2D SPACE',''
  ) );
#6171 = PCURVE('',#6172,#6177);
#6172 = PLANE('',#6173);
#6173 = AXIS2_PLACEMENT_3D('',#6174,#6175,#6176);
#6174 = CARTESIAN_POINT('',(40.089825461618,6.900695170416,1.4));
#6175 = DIRECTION('',(-0.156526308761,-0.987673789601,0.));
#6176 = DIRECTION('',(-0.987673789601,0.156526308761,0.));
#6177 = DEFINITIONAL_REPRESENTATION('',(#6178),#6181);
#6178 = B_SPLINE_CURVE_WITH_KNOTS('',1,(#6179,#6180),.UNSPECIFIED.,.F.,
  .F.,(2,2),(18.726797738998,19.528543631034),.PIECEWISE_BEZIER_KNOTS.);
#6179 = CARTESIAN_POINT('',(0.,-4.9));
#6180 = CARTESIAN_POINT('',(0.801745892036,-4.9));
#6181 = ( GEOMETRIC_REPRESENTATION_CONTEXT(2) 
PARAMETRIC_REPRESENTATION_CONTEXT() REPRESENTATION_CONTEXT('2D SPACE',''
  ) );
#6182 = ORIENTED_EDGE('',*,*,#6183,.F.);
#6183 = EDGE_CURVE('',#6184,#6158,#6186,.T.);
#6184 = VERTEX_POINT('',#6185);
#6185 = CARTESIAN_POINT('',(55.457326453415,6.899927016541,6.3));
#6186 = SURFACE_CURVE('',#6187,(#6191,#6197),.PCURVE_S1.);
#6187 = LINE('',#6188,#6189);
#6188 = CARTESIAN_POINT('',(69.619267840882,6.899219123296,6.3));
#6189 = VECTOR('',#6190,1.);
#6190 = DIRECTION('',(-0.999999998751,4.99856075818E-05,0.));
#6191 = PCURVE('',#72,#6192);
#6192 = DEFINITIONAL_REPRESENTATION('',(#6193),#6196);
#6193 = B_SPLINE_CURVE_WITH_KNOTS('',1,(#6194,#6195),.UNSPECIFIED.,.F.,
  .F.,(2,2),(14.161941405159,29.529442416154),.PIECEWISE_BEZIER_KNOTS.);
#6194 = CARTESIAN_POINT('',(28.32570347144,-36.42299901833));
#6195 = CARTESIAN_POINT('',(43.693204463237,-36.42223086446));
#6196 = ( GEOMETRIC_REPRESENTATION_CONTEXT(2) 
PARAMETRIC_REPRESENTATION_CONTEXT() REPRESENTATION_CONTEXT('2D SPACE',''
  ) );
#6197 = PCURVE('',#6198,#6203);
#6198 = PLANE('',#6199);
#6199 = AXIS2_PLACEMENT_3D('',#6200,#6201,#6202);
#6200 = CARTESIAN_POINT('',(55.457326453415,6.899927016541,1.4));
#6201 = DIRECTION('',(-4.99856075818E-05,-0.999999998751,0.));
#6202 = DIRECTION('',(-0.999999998751,4.99856075818E-05,0.));
#6203 = DEFINITIONAL_REPRESENTATION('',(#6204),#6207);
#6204 = B_SPLINE_CURVE_WITH_KNOTS('',1,(#6205,#6206),.UNSPECIFIED.,.F.,
  .F.,(2,2),(14.161941405159,29.529442416154),.PIECEWISE_BEZIER_KNOTS.);
#6205 = CARTESIAN_POINT('',(0.,-4.9));
#6206 = CARTESIAN_POINT('',(15.367501010995,-4.9));
#6207 = ( GEOMETRIC_REPRESENTATION_CONTEXT(2) 
PARAMETRIC_REPRESENTATION_CONTEXT() REPRESENTATION_CONTEXT('2D SPACE',''
  ) );
#6208 = ORIENTED_EDGE('',*,*,#6209,.F.);
#6209 = EDGE_CURVE('',#6210,#6184,#6212,.T.);
#6210 = VERTEX_POINT('',#6211);
#6211 = CARTESIAN_POINT('',(55.526034289338,4.202712085893,6.3));
#6212 = SURFACE_CURVE('',#6213,(#6217,#6223),.PCURVE_S1.);
#6213 = LINE('',#6214,#6215);
#6214 = CARTESIAN_POINT('',(55.037252733539,23.390463998346,6.3));
#6215 = VECTOR('',#6216,1.);
#6216 = DIRECTION('',(-2.546536189635E-02,0.999675705088,0.));
#6217 = PCURVE('',#72,#6218);
#6218 = DEFINITIONAL_REPRESENTATION('',(#6219),#6222);
#6219 = B_SPLINE_CURVE_WITH_KNOTS('',1,(#6220,#6221),.UNSPECIFIED.,.F.,
  .F.,(2,2),(-19.19397642134,-16.49588651386),.PIECEWISE_BEZIER_KNOTS.);
#6220 = CARTESIAN_POINT('',(28.256995635517,-39.12021394898));
#6221 = CARTESIAN_POINT('',(28.32570347144,-36.42299901833));
#6222 = ( GEOMETRIC_REPRESENTATION_CONTEXT(2) 
PARAMETRIC_REPRESENTATION_CONTEXT() REPRESENTATION_CONTEXT('2D SPACE',''
  ) );
#6223 = PCURVE('',#6224,#6229);
#6224 = PLANE('',#6225);
#6225 = AXIS2_PLACEMENT_3D('',#6226,#6227,#6228);
#6226 = CARTESIAN_POINT('',(55.526034289338,4.202712085893,1.4));
#6227 = DIRECTION('',(-0.999675705088,-2.546536189635E-02,0.));
#6228 = DIRECTION('',(-2.546536189635E-02,0.999675705088,0.));
#6229 = DEFINITIONAL_REPRESENTATION('',(#6230),#6233);
#6230 = B_SPLINE_CURVE_WITH_KNOTS('',1,(#6231,#6232),.UNSPECIFIED.,.F.,
  .F.,(2,2),(-19.19397642134,-16.49588651386),.PIECEWISE_BEZIER_KNOTS.);
#6231 = CARTESIAN_POINT('',(0.,-4.9));
#6232 = CARTESIAN_POINT('',(2.698089907477,-4.9));
#6233 = ( GEOMETRIC_REPRESENTATION_CONTEXT(2) 
PARAMETRIC_REPRESENTATION_CONTEXT() REPRESENTATION_CONTEXT('2D SPACE',''
  ) );
#6234 = ORIENTED_EDGE('',*,*,#6235,.F.);
#6235 = EDGE_CURVE('',#6236,#6210,#6238,.T.);
#6236 = VERTEX_POINT('',#6237);
#6237 = CARTESIAN_POINT('',(55.625171041971,3.720967831864,6.3));
#6238 = SURFACE_CURVE('',#6239,(#6243,#6249),.PCURVE_S1.);
#6239 = LINE('',#6240,#6241);
#6240 = CARTESIAN_POINT('',(52.28793069911,19.937923872854,6.3));
#6241 = VECTOR('',#6242,1.);
#6242 = DIRECTION('',(-0.201563415092,0.979475466613,0.));
#6243 = PCURVE('',#72,#6244);
#6244 = DEFINITIONAL_REPRESENTATION('',(#6245),#6248);
#6245 = B_SPLINE_CURVE_WITH_KNOTS('',1,(#6246,#6247),.UNSPECIFIED.,.F.,
  .F.,(2,2),(-16.55677614577,-16.06493712535),.PIECEWISE_BEZIER_KNOTS.);
#6246 = CARTESIAN_POINT('',(28.157858882884,-39.60195820301));
#6247 = CARTESIAN_POINT('',(28.256995635517,-39.12021394898));
#6248 = ( GEOMETRIC_REPRESENTATION_CONTEXT(2) 
PARAMETRIC_REPRESENTATION_CONTEXT() REPRESENTATION_CONTEXT('2D SPACE',''
  ) );
#6249 = PCURVE('',#6250,#6255);
#6250 = PLANE('',#6251);
#6251 = AXIS2_PLACEMENT_3D('',#6252,#6253,#6254);
#6252 = CARTESIAN_POINT('',(55.625171041971,3.720967831864,1.4));
#6253 = DIRECTION('',(-0.979475466613,-0.201563415092,0.));
#6254 = DIRECTION('',(-0.201563415092,0.979475466613,0.));
#6255 = DEFINITIONAL_REPRESENTATION('',(#6256),#6259);
#6256 = B_SPLINE_CURVE_WITH_KNOTS('',1,(#6257,#6258),.UNSPECIFIED.,.F.,
  .F.,(2,2),(-16.55677614577,-16.06493712535),.PIECEWISE_BEZIER_KNOTS.);
#6257 = CARTESIAN_POINT('',(0.,-4.9));
#6258 = CARTESIAN_POINT('',(0.491839020425,-4.9));
#6259 = ( GEOMETRIC_REPRESENTATION_CONTEXT(2) 
PARAMETRIC_REPRESENTATION_CONTEXT() REPRESENTATION_CONTEXT('2D SPACE',''
  ) );
#6260 = ORIENTED_EDGE('',*,*,#6261,.F.);
#6261 = EDGE_CURVE('',#6262,#6236,#6264,.T.);
#6262 = VERTEX_POINT('',#6263);
#6263 = CARTESIAN_POINT('',(55.818114303549,3.238516189654,6.3));
#6264 = SURFACE_CURVE('',#6265,(#6269,#6275),.PCURVE_S1.);
#6265 = LINE('',#6266,#6267);
#6266 = CARTESIAN_POINT('',(50.835949572877,15.696342062446,6.3));
#6267 = VECTOR('',#6268,1.);
#6268 = DIRECTION('',(-0.371328633221,0.928501505734,0.));
#6269 = PCURVE('',#72,#6270);
#6270 = DEFINITIONAL_REPRESENTATION('',(#6271),#6274);
#6271 = B_SPLINE_CURVE_WITH_KNOTS('',1,(#6272,#6273),.UNSPECIFIED.,.F.,
  .F.,(2,2),(-13.41713050098,-12.89752806713),.PIECEWISE_BEZIER_KNOTS.);
#6272 = CARTESIAN_POINT('',(27.964915621306,-40.08440984522));
#6273 = CARTESIAN_POINT('',(28.157858882884,-39.60195820301));
#6274 = ( GEOMETRIC_REPRESENTATION_CONTEXT(2) 
PARAMETRIC_REPRESENTATION_CONTEXT() REPRESENTATION_CONTEXT('2D SPACE',''
  ) );
#6275 = PCURVE('',#6276,#6281);
#6276 = PLANE('',#6277);
#6277 = AXIS2_PLACEMENT_3D('',#6278,#6279,#6280);
#6278 = CARTESIAN_POINT('',(55.818114303549,3.238516189654,1.4));
#6279 = DIRECTION('',(-0.928501505734,-0.371328633221,0.));
#6280 = DIRECTION('',(-0.371328633221,0.928501505734,0.));
#6281 = DEFINITIONAL_REPRESENTATION('',(#6282),#6285);
#6282 = B_SPLINE_CURVE_WITH_KNOTS('',1,(#6283,#6284),.UNSPECIFIED.,.F.,
  .F.,(2,2),(-13.41713050098,-12.89752806713),.PIECEWISE_BEZIER_KNOTS.);
#6283 = CARTESIAN_POINT('',(0.,-4.9));
#6284 = CARTESIAN_POINT('',(0.519602433847,-4.9));
#6285 = ( GEOMETRIC_REPRESENTATION_CONTEXT(2) 
PARAMETRIC_REPRESENTATION_CONTEXT() REPRESENTATION_CONTEXT('2D SPACE',''
  ) );
#6286 = ORIENTED_EDGE('',*,*,#6287,.F.);
#6287 = EDGE_CURVE('',#6288,#6262,#6290,.T.);
#6288 = VERTEX_POINT('',#6289);
#6289 = CARTESIAN_POINT('',(56.017081413994,2.906049584304,6.3));
#6290 = SURFACE_CURVE('',#6291,(#6295,#6301),.PCURVE_S1.);
#6291 = LINE('',#6292,#6293);
#6292 = CARTESIAN_POINT('',(50.773420556158,11.668010901006,6.3));
#6293 = VECTOR('',#6294,1.);
#6294 = DIRECTION('',(-0.513522157722,0.85807633316,0.));
#6295 = PCURVE('',#72,#6296);
#6296 = DEFINITIONAL_REPRESENTATION('',(#6297),#6300);
#6297 = B_SPLINE_CURVE_WITH_KNOTS('',1,(#6298,#6299),.UNSPECIFIED.,.F.,
  .F.,(2,2),(-10.211167676,-9.823711930512),.PIECEWISE_BEZIER_KNOTS.);
#6298 = CARTESIAN_POINT('',(27.765948510861,-40.41687645057));
#6299 = CARTESIAN_POINT('',(27.964915621306,-40.08440984522));
#6300 = ( GEOMETRIC_REPRESENTATION_CONTEXT(2) 
PARAMETRIC_REPRESENTATION_CONTEXT() REPRESENTATION_CONTEXT('2D SPACE',''
  ) );
#6301 = PCURVE('',#6302,#6307);
#6302 = PLANE('',#6303);
#6303 = AXIS2_PLACEMENT_3D('',#6304,#6305,#6306);
#6304 = CARTESIAN_POINT('',(56.017081413994,2.906049584304,1.4));
#6305 = DIRECTION('',(-0.85807633316,-0.513522157722,0.));
#6306 = DIRECTION('',(-0.513522157722,0.85807633316,0.));
#6307 = DEFINITIONAL_REPRESENTATION('',(#6308),#6311);
#6308 = B_SPLINE_CURVE_WITH_KNOTS('',1,(#6309,#6310),.UNSPECIFIED.,.F.,
  .F.,(2,2),(-10.211167676,-9.823711930512),.PIECEWISE_BEZIER_KNOTS.);
#6309 = CARTESIAN_POINT('',(0.,-4.9));
#6310 = CARTESIAN_POINT('',(0.387455745489,-4.9));
#6311 = ( GEOMETRIC_REPRESENTATION_CONTEXT(2) 
PARAMETRIC_REPRESENTATION_CONTEXT() REPRESENTATION_CONTEXT('2D SPACE',''
  ) );
#6312 = ORIENTED_EDGE('',*,*,#6313,.F.);
#6313 = EDGE_CURVE('',#6314,#6288,#6316,.T.);
#6314 = VERTEX_POINT('',#6315);
#6315 = CARTESIAN_POINT('',(56.394777175741,2.506426037243,6.3));
#6316 = SURFACE_CURVE('',#6317,(#6321,#6327),.PCURVE_S1.);
#6317 = LINE('',#6318,#6319);
#6318 = CARTESIAN_POINT('',(52.667945612878,6.449625297828,6.3));
#6319 = VECTOR('',#6320,1.);
#6320 = DIRECTION('',(-0.686886406457,0.726764793193,0.));
#6321 = PCURVE('',#72,#6322);
#6322 = DEFINITIONAL_REPRESENTATION('',(#6323),#6326);
#6323 = B_SPLINE_CURVE_WITH_KNOTS('',1,(#6324,#6325),.UNSPECIFIED.,.F.,
  .F.,(2,2),(-5.425688334823,-4.875821925768),.PIECEWISE_BEZIER_KNOTS.);
#6324 = CARTESIAN_POINT('',(27.388252749114,-40.81649999763));
#6325 = CARTESIAN_POINT('',(27.765948510861,-40.41687645057));
#6326 = ( GEOMETRIC_REPRESENTATION_CONTEXT(2) 
PARAMETRIC_REPRESENTATION_CONTEXT() REPRESENTATION_CONTEXT('2D SPACE',''
  ) );
#6327 = PCURVE('',#6328,#6333);
#6328 = PLANE('',#6329);
#6329 = AXIS2_PLACEMENT_3D('',#6330,#6331,#6332);
#6330 = CARTESIAN_POINT('',(56.394777175741,2.506426037243,1.4));
#6331 = DIRECTION('',(-0.726764793193,-0.686886406457,0.));
#6332 = DIRECTION('',(-0.686886406457,0.726764793193,0.));
#6333 = DEFINITIONAL_REPRESENTATION('',(#6334),#6337);
#6334 = B_SPLINE_CURVE_WITH_KNOTS('',1,(#6335,#6336),.UNSPECIFIED.,.F.,
  .F.,(2,2),(-5.425688334823,-4.875821925768),.PIECEWISE_BEZIER_KNOTS.);
#6335 = CARTESIAN_POINT('',(0.,-4.9));
#6336 = CARTESIAN_POINT('',(0.549866409055,-4.9));
#6337 = ( GEOMETRIC_REPRESENTATION_CONTEXT(2) 
PARAMETRIC_REPRESENTATION_CONTEXT() REPRESENTATION_CONTEXT('2D SPACE',''
  ) );
#6338 = ORIENTED_EDGE('',*,*,#6339,.F.);
#6339 = EDGE_CURVE('',#6340,#6314,#6342,.T.);
#6340 = VERTEX_POINT('',#6341);
#6341 = CARTESIAN_POINT('',(56.84828312182,2.200988727721,6.3));
#6342 = SURFACE_CURVE('',#6343,(#6347,#6353),.PCURVE_S1.);
#6343 = LINE('',#6344,#6345);
#6344 = CARTESIAN_POINT('',(56.586529268145,2.377280557001,6.3));
#6345 = VECTOR('',#6346,1.);
#6346 = DIRECTION('',(-0.829424269002,0.558619174384,0.));
#6347 = PCURVE('',#72,#6348);
#6348 = DEFINITIONAL_REPRESENTATION('',(#6349),#6352);
#6349 = B_SPLINE_CURVE_WITH_KNOTS('',1,(#6350,#6351),.UNSPECIFIED.,.F.,
  .F.,(2,2),(-0.315584994866,0.23118698062),.PIECEWISE_BEZIER_KNOTS.);
#6350 = CARTESIAN_POINT('',(26.934746803035,-41.12193730715));
#6351 = CARTESIAN_POINT('',(27.388252749114,-40.81649999763));
#6352 = ( GEOMETRIC_REPRESENTATION_CONTEXT(2) 
PARAMETRIC_REPRESENTATION_CONTEXT() REPRESENTATION_CONTEXT('2D SPACE',''
  ) );
#6353 = PCURVE('',#6354,#6359);
#6354 = PLANE('',#6355);
#6355 = AXIS2_PLACEMENT_3D('',#6356,#6357,#6358);
#6356 = CARTESIAN_POINT('',(56.84828312182,2.200988727721,1.4));
#6357 = DIRECTION('',(-0.558619174384,-0.829424269002,0.));
#6358 = DIRECTION('',(-0.829424269002,0.558619174384,0.));
#6359 = DEFINITIONAL_REPRESENTATION('',(#6360),#6363);
#6360 = B_SPLINE_CURVE_WITH_KNOTS('',1,(#6361,#6362),.UNSPECIFIED.,.F.,
  .F.,(2,2),(-0.315584994866,0.23118698062),.PIECEWISE_BEZIER_KNOTS.);
#6361 = CARTESIAN_POINT('',(0.,-4.9));
#6362 = CARTESIAN_POINT('',(0.546771975486,-4.9));
#6363 = ( GEOMETRIC_REPRESENTATION_CONTEXT(2) 
PARAMETRIC_REPRESENTATION_CONTEXT() REPRESENTATION_CONTEXT('2D SPACE',''
  ) );
#6364 = ORIENTED_EDGE('',*,*,#6365,.F.);
#6365 = EDGE_CURVE('',#6366,#6340,#6368,.T.);
#6366 = VERTEX_POINT('',#6367);
#6367 = CARTESIAN_POINT('',(57.410001988729,1.982296079162,6.3));
#6368 = SURFACE_CURVE('',#6369,(#6373,#6379),.PCURVE_S1.);
#6369 = LINE('',#6370,#6371);
#6370 = CARTESIAN_POINT('',(61.872573590719,0.244893865145,6.3));
#6371 = VECTOR('',#6372,1.);
#6372 = DIRECTION('',(-0.93186650925,0.362801335359,0.));
#6373 = PCURVE('',#72,#6374);
#6374 = DEFINITIONAL_REPRESENTATION('',(#6375),#6378);
#6375 = B_SPLINE_CURVE_WITH_KNOTS('',1,(#6376,#6377),.UNSPECIFIED.,.F.,
  .F.,(2,2),(4.788852864326,5.391641848943),.PIECEWISE_BEZIER_KNOTS.);
#6376 = CARTESIAN_POINT('',(26.373027936126,-41.34062995571));
#6377 = CARTESIAN_POINT('',(26.934746803035,-41.12193730715));
#6378 = ( GEOMETRIC_REPRESENTATION_CONTEXT(2) 
PARAMETRIC_REPRESENTATION_CONTEXT() REPRESENTATION_CONTEXT('2D SPACE',''
  ) );
#6379 = PCURVE('',#6380,#6385);
#6380 = PLANE('',#6381);
#6381 = AXIS2_PLACEMENT_3D('',#6382,#6383,#6384);
#6382 = CARTESIAN_POINT('',(57.410001988729,1.982296079162,1.4));
#6383 = DIRECTION('',(-0.362801335359,-0.93186650925,0.));
#6384 = DIRECTION('',(-0.93186650925,0.362801335359,0.));
#6385 = DEFINITIONAL_REPRESENTATION('',(#6386),#6389);
#6386 = B_SPLINE_CURVE_WITH_KNOTS('',1,(#6387,#6388),.UNSPECIFIED.,.F.,
  .F.,(2,2),(4.788852864326,5.391641848943),.PIECEWISE_BEZIER_KNOTS.);
#6387 = CARTESIAN_POINT('',(0.,-4.9));
#6388 = CARTESIAN_POINT('',(0.602788984617,-4.9));
#6389 = ( GEOMETRIC_REPRESENTATION_CONTEXT(2) 
PARAMETRIC_REPRESENTATION_CONTEXT() REPRESENTATION_CONTEXT('2D SPACE',''
  ) );
#6390 = ORIENTED_EDGE('',*,*,#6391,.F.);
#6391 = EDGE_CURVE('',#6392,#6366,#6394,.T.);
#6392 = VERTEX_POINT('',#6393);
#6393 = CARTESIAN_POINT('',(57.610694716693,1.939810220999,6.3));
#6394 = SURFACE_CURVE('',#6395,(#6399,#6405),.PCURVE_S1.);
#6395 = LINE('',#6396,#6397);
#6396 = CARTESIAN_POINT('',(65.943121669671,0.17586833199,6.3));
#6397 = VECTOR('',#6398,1.);
#6398 = DIRECTION('',(-0.978318475247,0.207106158748,0.));
#6399 = PCURVE('',#72,#6400);
#6400 = DEFINITIONAL_REPRESENTATION('',(#6401),#6404);
#6401 = B_SPLINE_CURVE_WITH_KNOTS('',1,(#6402,#6403),.UNSPECIFIED.,.F.,
  .F.,(2,2),(8.517090460628,8.722230947128),.PIECEWISE_BEZIER_KNOTS.);
#6402 = CARTESIAN_POINT('',(26.172335208162,-41.38311581387));
#6403 = CARTESIAN_POINT('',(26.373027936126,-41.34062995571));
#6404 = ( GEOMETRIC_REPRESENTATION_CONTEXT(2) 
PARAMETRIC_REPRESENTATION_CONTEXT() REPRESENTATION_CONTEXT('2D SPACE',''
  ) );
#6405 = PCURVE('',#6406,#6411);
#6406 = PLANE('',#6407);
#6407 = AXIS2_PLACEMENT_3D('',#6408,#6409,#6410);
#6408 = CARTESIAN_POINT('',(57.610694716693,1.939810220999,1.4));
#6409 = DIRECTION('',(-0.207106158748,-0.978318475247,0.));
#6410 = DIRECTION('',(-0.978318475247,0.207106158748,0.));
#6411 = DEFINITIONAL_REPRESENTATION('',(#6412),#6415);
#6412 = B_SPLINE_CURVE_WITH_KNOTS('',1,(#6413,#6414),.UNSPECIFIED.,.F.,
  .F.,(2,2),(8.517090460628,8.722230947128),.PIECEWISE_BEZIER_KNOTS.);
#6413 = CARTESIAN_POINT('',(0.,-4.9));
#6414 = CARTESIAN_POINT('',(0.2051404865,-4.9));
#6415 = ( GEOMETRIC_REPRESENTATION_CONTEXT(2) 
PARAMETRIC_REPRESENTATION_CONTEXT() REPRESENTATION_CONTEXT('2D SPACE',''
  ) );
#6416 = ORIENTED_EDGE('',*,*,#6417,.F.);
#6417 = EDGE_CURVE('',#6418,#6392,#6420,.T.);
#6418 = VERTEX_POINT('',#6419);
#6419 = CARTESIAN_POINT('',(57.901866519384,1.909510976355,6.3));
#6420 = SURFACE_CURVE('',#6421,(#6425,#6431),.PCURVE_S1.);
#6421 = LINE('',#6422,#6423);
#6422 = CARTESIAN_POINT('',(68.572172339339,0.799162366075,6.3));
#6423 = VECTOR('',#6424,1.);
#6424 = DIRECTION('',(-0.994629368916,0.103500813956,0.));
#6425 = PCURVE('',#72,#6426);
#6426 = DEFINITIONAL_REPRESENTATION('',(#6427),#6430);
#6427 = B_SPLINE_CURVE_WITH_KNOTS('',1,(#6428,#6429),.UNSPECIFIED.,.F.,
  .F.,(2,2),(10.727921528782,11.020665551622),.PIECEWISE_BEZIER_KNOTS.);
#6428 = CARTESIAN_POINT('',(25.881163405471,-41.41341505852));
#6429 = CARTESIAN_POINT('',(26.172335208162,-41.38311581387));
#6430 = ( GEOMETRIC_REPRESENTATION_CONTEXT(2) 
PARAMETRIC_REPRESENTATION_CONTEXT() REPRESENTATION_CONTEXT('2D SPACE',''
  ) );
#6431 = PCURVE('',#6432,#6437);
#6432 = PLANE('',#6433);
#6433 = AXIS2_PLACEMENT_3D('',#6434,#6435,#6436);
#6434 = CARTESIAN_POINT('',(57.901866519384,1.909510976355,1.4));
#6435 = DIRECTION('',(-0.103500813956,-0.994629368916,0.));
#6436 = DIRECTION('',(-0.994629368916,0.103500813956,0.));
#6437 = DEFINITIONAL_REPRESENTATION('',(#6438),#6441);
#6438 = B_SPLINE_CURVE_WITH_KNOTS('',1,(#6439,#6440),.UNSPECIFIED.,.F.,
  .F.,(2,2),(10.727921528782,11.020665551622),.PIECEWISE_BEZIER_KNOTS.);
#6439 = CARTESIAN_POINT('',(0.,-4.9));
#6440 = CARTESIAN_POINT('',(0.29274402284,-4.9));
#6441 = ( GEOMETRIC_REPRESENTATION_CONTEXT(2) 
PARAMETRIC_REPRESENTATION_CONTEXT() REPRESENTATION_CONTEXT('2D SPACE',''
  ) );
#6442 = ORIENTED_EDGE('',*,*,#6443,.F.);
#6443 = EDGE_CURVE('',#6444,#6418,#6446,.T.);
#6444 = VERTEX_POINT('',#6445);
#6445 = CARTESIAN_POINT('',(74.173507797714,1.929737479384,6.3));
#6446 = SURFACE_CURVE('',#6447,(#6451,#6457),.PCURVE_S1.);
#6447 = LINE('',#6448,#6449);
#6448 = CARTESIAN_POINT('',(79.003988348879,1.935742019911,6.3));
#6449 = VECTOR('',#6450,1.);
#6450 = DIRECTION('',(-0.999999227411,-1.24305145721E-03,0.));
#6451 = PCURVE('',#72,#6452);
#6452 = DEFINITIONAL_REPRESENTATION('',(#6453),#6456);
#6453 = B_SPLINE_CURVE_WITH_KNOTS('',1,(#6454,#6455),.UNSPECIFIED.,.F.,
  .F.,(2,2),(4.830484283142,21.102138132769),.PIECEWISE_BEZIER_KNOTS.);
#6454 = CARTESIAN_POINT('',(9.609522127141,-41.39318855549));
#6455 = CARTESIAN_POINT('',(25.881163405471,-41.41341505852));
#6456 = ( GEOMETRIC_REPRESENTATION_CONTEXT(2) 
PARAMETRIC_REPRESENTATION_CONTEXT() REPRESENTATION_CONTEXT('2D SPACE',''
  ) );
#6457 = PCURVE('',#6458,#6463);
#6458 = PLANE('',#6459);
#6459 = AXIS2_PLACEMENT_3D('',#6460,#6461,#6462);
#6460 = CARTESIAN_POINT('',(74.173507797714,1.929737479384,1.4));
#6461 = DIRECTION('',(1.24305145721E-03,-0.999999227411,0.));
#6462 = DIRECTION('',(-0.999999227411,-1.24305145721E-03,0.));
#6463 = DEFINITIONAL_REPRESENTATION('',(#6464),#6467);
#6464 = B_SPLINE_CURVE_WITH_KNOTS('',1,(#6465,#6466),.UNSPECIFIED.,.F.,
  .F.,(2,2),(4.830484283142,21.102138132769),.PIECEWISE_BEZIER_KNOTS.);
#6465 = CARTESIAN_POINT('',(0.,-4.9));
#6466 = CARTESIAN_POINT('',(16.271653849627,-4.9));
#6467 = ( GEOMETRIC_REPRESENTATION_CONTEXT(2) 
PARAMETRIC_REPRESENTATION_CONTEXT() REPRESENTATION_CONTEXT('2D SPACE',''
  ) );
#6468 = ORIENTED_EDGE('',*,*,#6469,.F.);
#6469 = EDGE_CURVE('',#6470,#6444,#6472,.T.);
#6470 = VERTEX_POINT('',#6471);
#6471 = CARTESIAN_POINT('',(74.690368280245,2.029959147851,6.3));
#6472 = SURFACE_CURVE('',#6473,(#6477,#6483),.PCURVE_S1.);
#6473 = LINE('',#6474,#6475);
#6474 = CARTESIAN_POINT('',(82.93033424938,3.627727144157,6.3));
#6475 = VECTOR('',#6476,1.);
#6476 = DIRECTION('',(-0.981714537535,-0.190359047047,0.));
#6477 = PCURVE('',#72,#6478);
#6478 = DEFINITIONAL_REPRESENTATION('',(#6479),#6482);
#6479 = B_SPLINE_CURVE_WITH_KNOTS('',1,(#6480,#6481),.UNSPECIFIED.,.F.,
  .F.,(2,2),(8.393443973871,8.919931524752),.PIECEWISE_BEZIER_KNOTS.);
#6480 = CARTESIAN_POINT('',(9.09266164461,-41.29296688702));
#6481 = CARTESIAN_POINT('',(9.609522127141,-41.39318855549));
#6482 = ( GEOMETRIC_REPRESENTATION_CONTEXT(2) 
PARAMETRIC_REPRESENTATION_CONTEXT() REPRESENTATION_CONTEXT('2D SPACE',''
  ) );
#6483 = PCURVE('',#6484,#6489);
#6484 = PLANE('',#6485);
#6485 = AXIS2_PLACEMENT_3D('',#6486,#6487,#6488);
#6486 = CARTESIAN_POINT('',(74.690368280245,2.029959147851,1.4));
#6487 = DIRECTION('',(0.190359047047,-0.981714537535,0.));
#6488 = DIRECTION('',(-0.981714537535,-0.190359047047,0.));
#6489 = DEFINITIONAL_REPRESENTATION('',(#6490),#6493);
#6490 = B_SPLINE_CURVE_WITH_KNOTS('',1,(#6491,#6492),.UNSPECIFIED.,.F.,
  .F.,(2,2),(8.393443973871,8.919931524752),.PIECEWISE_BEZIER_KNOTS.);
#6491 = CARTESIAN_POINT('',(0.,-4.9));
#6492 = CARTESIAN_POINT('',(0.526487550881,-4.9));
#6493 = ( GEOMETRIC_REPRESENTATION_CONTEXT(2) 
PARAMETRIC_REPRESENTATION_CONTEXT() REPRESENTATION_CONTEXT('2D SPACE',''
  ) );
#6494 = ORIENTED_EDGE('',*,*,#6495,.F.);
#6495 = EDGE_CURVE('',#6496,#6470,#6498,.T.);
#6496 = VERTEX_POINT('',#6497);
#6497 = CARTESIAN_POINT('',(75.12483747796,2.204405529982,6.3));
#6498 = SURFACE_CURVE('',#6499,(#6503,#6509),.PCURVE_S1.);
#6499 = LINE('',#6500,#6501);
#6500 = CARTESIAN_POINT('',(85.961735383215,6.555594620101,6.3));
#6501 = VECTOR('',#6502,1.);
#6502 = DIRECTION('',(-0.927990748365,-0.372603235291,0.));
#6503 = PCURVE('',#72,#6504);
#6504 = DEFINITIONAL_REPRESENTATION('',(#6505),#6508);
#6505 = B_SPLINE_CURVE_WITH_KNOTS('',1,(#6506,#6507),.UNSPECIFIED.,.F.,
  .F.,(2,2),(11.677808129392,12.145990811688),.PIECEWISE_BEZIER_KNOTS.);
#6506 = CARTESIAN_POINT('',(8.658192446895,-41.11852050489));
#6507 = CARTESIAN_POINT('',(9.09266164461,-41.29296688702));
#6508 = ( GEOMETRIC_REPRESENTATION_CONTEXT(2) 
PARAMETRIC_REPRESENTATION_CONTEXT() REPRESENTATION_CONTEXT('2D SPACE',''
  ) );
#6509 = PCURVE('',#6510,#6515);
#6510 = PLANE('',#6511);
#6511 = AXIS2_PLACEMENT_3D('',#6512,#6513,#6514);
#6512 = CARTESIAN_POINT('',(75.12483747796,2.204405529982,1.4));
#6513 = DIRECTION('',(0.372603235291,-0.927990748365,0.));
#6514 = DIRECTION('',(-0.927990748365,-0.372603235291,0.));
#6515 = DEFINITIONAL_REPRESENTATION('',(#6516),#6519);
#6516 = B_SPLINE_CURVE_WITH_KNOTS('',1,(#6517,#6518),.UNSPECIFIED.,.F.,
  .F.,(2,2),(11.677808129392,12.145990811688),.PIECEWISE_BEZIER_KNOTS.);
#6517 = CARTESIAN_POINT('',(0.,-4.9));
#6518 = CARTESIAN_POINT('',(0.468182682296,-4.9));
#6519 = ( GEOMETRIC_REPRESENTATION_CONTEXT(2) 
PARAMETRIC_REPRESENTATION_CONTEXT() REPRESENTATION_CONTEXT('2D SPACE',''
  ) );
#6520 = ORIENTED_EDGE('',*,*,#6521,.F.);
#6521 = EDGE_CURVE('',#6522,#6496,#6524,.T.);
#6522 = VERTEX_POINT('',#6523);
#6523 = CARTESIAN_POINT('',(75.603164386462,2.524968751652,6.3));
#6524 = SURFACE_CURVE('',#6525,(#6529,#6535),.PCURVE_S1.);
#6525 = LINE('',#6526,#6527);
#6526 = CARTESIAN_POINT('',(87.859322761117,10.738752137137,6.3));
#6527 = VECTOR('',#6528,1.);
#6528 = DIRECTION('',(-0.830702358427,-0.556716796679,0.));
#6529 = PCURVE('',#72,#6530);
#6530 = DEFINITIONAL_REPRESENTATION('',(#6531),#6534);
#6531 = B_SPLINE_CURVE_WITH_KNOTS('',1,(#6532,#6533),.UNSPECIFIED.,.F.,
  .F.,(2,2),(14.753970842058,15.329781062951),.PIECEWISE_BEZIER_KNOTS.);
#6532 = CARTESIAN_POINT('',(8.179865538393,-40.79795728322));
#6533 = CARTESIAN_POINT('',(8.658192446895,-41.11852050489));
#6534 = ( GEOMETRIC_REPRESENTATION_CONTEXT(2) 
PARAMETRIC_REPRESENTATION_CONTEXT() REPRESENTATION_CONTEXT('2D SPACE',''
  ) );
#6535 = PCURVE('',#6536,#6541);
#6536 = PLANE('',#6537);
#6537 = AXIS2_PLACEMENT_3D('',#6538,#6539,#6540);
#6538 = CARTESIAN_POINT('',(75.603164386462,2.524968751652,1.4));
#6539 = DIRECTION('',(0.556716796679,-0.830702358427,0.));
#6540 = DIRECTION('',(-0.830702358427,-0.556716796679,0.));
#6541 = DEFINITIONAL_REPRESENTATION('',(#6542),#6545);
#6542 = B_SPLINE_CURVE_WITH_KNOTS('',1,(#6543,#6544),.UNSPECIFIED.,.F.,
  .F.,(2,2),(14.753970842058,15.329781062951),.PIECEWISE_BEZIER_KNOTS.);
#6543 = CARTESIAN_POINT('',(0.,-4.9));
#6544 = CARTESIAN_POINT('',(0.575810220893,-4.9));
#6545 = ( GEOMETRIC_REPRESENTATION_CONTEXT(2) 
PARAMETRIC_REPRESENTATION_CONTEXT() REPRESENTATION_CONTEXT('2D SPACE',''
  ) );
#6546 = ORIENTED_EDGE('',*,*,#6547,.F.);
#6547 = EDGE_CURVE('',#6548,#6522,#6550,.T.);
#6548 = VERTEX_POINT('',#6549);
#6549 = CARTESIAN_POINT('',(75.921976453976,2.852602501533,6.3));
#6550 = SURFACE_CURVE('',#6551,(#6555,#6561),.PCURVE_S1.);
#6551 = LINE('',#6552,#6553);
#6552 = CARTESIAN_POINT('',(87.947425408395,15.2108013792,6.3));
#6553 = VECTOR('',#6554,1.);
#6554 = DIRECTION('',(-0.697392359764,-0.716689539858,0.));
#6555 = PCURVE('',#72,#6556);
#6556 = DEFINITIONAL_REPRESENTATION('',(#6557),#6560);
#6557 = B_SPLINE_CURVE_WITH_KNOTS('',1,(#6558,#6559),.UNSPECIFIED.,.F.,
  .F.,(2,2),(17.243448090661,17.70059687219),.PIECEWISE_BEZIER_KNOTS.);
#6558 = CARTESIAN_POINT('',(7.861053470879,-40.47032353334));
#6559 = CARTESIAN_POINT('',(8.179865538393,-40.79795728322));
#6560 = ( GEOMETRIC_REPRESENTATION_CONTEXT(2) 
PARAMETRIC_REPRESENTATION_CONTEXT() REPRESENTATION_CONTEXT('2D SPACE',''
  ) );
#6561 = PCURVE('',#6562,#6567);
#6562 = PLANE('',#6563);
#6563 = AXIS2_PLACEMENT_3D('',#6564,#6565,#6566);
#6564 = CARTESIAN_POINT('',(75.921976453976,2.852602501533,1.4));
#6565 = DIRECTION('',(0.716689539858,-0.697392359764,0.));
#6566 = DIRECTION('',(-0.697392359764,-0.716689539858,0.));
#6567 = DEFINITIONAL_REPRESENTATION('',(#6568),#6571);
#6568 = B_SPLINE_CURVE_WITH_KNOTS('',1,(#6569,#6570),.UNSPECIFIED.,.F.,
  .F.,(2,2),(17.243448090661,17.70059687219),.PIECEWISE_BEZIER_KNOTS.);
#6569 = CARTESIAN_POINT('',(0.,-4.9));
#6570 = CARTESIAN_POINT('',(0.457148781529,-4.9));
#6571 = ( GEOMETRIC_REPRESENTATION_CONTEXT(2) 
PARAMETRIC_REPRESENTATION_CONTEXT() REPRESENTATION_CONTEXT('2D SPACE',''
  ) );
#6572 = ORIENTED_EDGE('',*,*,#6573,.F.);
#6573 = EDGE_CURVE('',#6574,#6548,#6576,.T.);
#6574 = VERTEX_POINT('',#6575);
#6575 = CARTESIAN_POINT('',(76.223487385624,3.32377086785,6.3));
#6576 = SURFACE_CURVE('',#6577,(#6581,#6587),.PCURVE_S1.);
#6577 = LINE('',#6578,#6579);
#6578 = CARTESIAN_POINT('',(86.401552772142,19.228940256634,6.3));
#6579 = VECTOR('',#6580,1.);
#6580 = DIRECTION('',(-0.539006996099,-0.842301287045,0.));
#6581 = PCURVE('',#72,#6582);
#6582 = DEFINITIONAL_REPRESENTATION('',(#6583),#6586);
#6583 = B_SPLINE_CURVE_WITH_KNOTS('',1,(#6584,#6585),.UNSPECIFIED.,.F.,
  .F.,(2,2),(18.882993096915,19.442375319837),.PIECEWISE_BEZIER_KNOTS.);
#6584 = CARTESIAN_POINT('',(7.559542539231,-39.99915516702));
#6585 = CARTESIAN_POINT('',(7.861053470879,-40.47032353334));
#6586 = ( GEOMETRIC_REPRESENTATION_CONTEXT(2) 
PARAMETRIC_REPRESENTATION_CONTEXT() REPRESENTATION_CONTEXT('2D SPACE',''
  ) );
#6587 = PCURVE('',#6588,#6593);
#6588 = PLANE('',#6589);
#6589 = AXIS2_PLACEMENT_3D('',#6590,#6591,#6592);
#6590 = CARTESIAN_POINT('',(76.223487385624,3.32377086785,1.4));
#6591 = DIRECTION('',(0.842301287045,-0.539006996099,0.));
#6592 = DIRECTION('',(-0.539006996099,-0.842301287045,0.));
#6593 = DEFINITIONAL_REPRESENTATION('',(#6594),#6597);
#6594 = B_SPLINE_CURVE_WITH_KNOTS('',1,(#6595,#6596),.UNSPECIFIED.,.F.,
  .F.,(2,2),(18.882993096915,19.442375319837),.PIECEWISE_BEZIER_KNOTS.);
#6595 = CARTESIAN_POINT('',(0.,-4.9));
#6596 = CARTESIAN_POINT('',(0.559382222922,-4.9));
#6597 = ( GEOMETRIC_REPRESENTATION_CONTEXT(2) 
PARAMETRIC_REPRESENTATION_CONTEXT() REPRESENTATION_CONTEXT('2D SPACE',''
  ) );
#6598 = ORIENTED_EDGE('',*,*,#6599,.F.);
#6599 = EDGE_CURVE('',#6600,#6574,#6602,.T.);
#6600 = VERTEX_POINT('',#6601);
#6601 = CARTESIAN_POINT('',(76.382454598481,3.737593061112,6.3));
#6602 = SURFACE_CURVE('',#6603,(#6607,#6613),.PCURVE_S1.);
#6603 = LINE('',#6604,#6605);
#6604 = CARTESIAN_POINT('',(83.483801709814,22.223763787165,6.3));
#6605 = VECTOR('',#6606,1.);
#6606 = DIRECTION('',(-0.358595524171,-0.933493036955,0.));
#6607 = PCURVE('',#72,#6608);
#6608 = DEFINITIONAL_REPRESENTATION('',(#6609),#6612);
#6609 = B_SPLINE_CURVE_WITH_KNOTS('',1,(#6610,#6611),.UNSPECIFIED.,.F.,
  .F.,(2,2),(19.803222942451,20.246528009419),.PIECEWISE_BEZIER_KNOTS.);
#6610 = CARTESIAN_POINT('',(7.400575326374,-39.58533297376));
#6611 = CARTESIAN_POINT('',(7.559542539231,-39.99915516702));
#6612 = ( GEOMETRIC_REPRESENTATION_CONTEXT(2) 
PARAMETRIC_REPRESENTATION_CONTEXT() REPRESENTATION_CONTEXT('2D SPACE',''
  ) );
#6613 = PCURVE('',#6614,#6619);
#6614 = PLANE('',#6615);
#6615 = AXIS2_PLACEMENT_3D('',#6616,#6617,#6618);
#6616 = CARTESIAN_POINT('',(76.382454598481,3.737593061112,1.4));
#6617 = DIRECTION('',(0.933493036955,-0.358595524171,0.));
#6618 = DIRECTION('',(-0.358595524171,-0.933493036955,0.));
#6619 = DEFINITIONAL_REPRESENTATION('',(#6620),#6623);
#6620 = B_SPLINE_CURVE_WITH_KNOTS('',1,(#6621,#6622),.UNSPECIFIED.,.F.,
  .F.,(2,2),(19.803222942451,20.246528009419),.PIECEWISE_BEZIER_KNOTS.);
#6621 = CARTESIAN_POINT('',(0.,-4.9));
#6622 = CARTESIAN_POINT('',(0.443305066968,-4.9));
#6623 = ( GEOMETRIC_REPRESENTATION_CONTEXT(2) 
PARAMETRIC_REPRESENTATION_CONTEXT() REPRESENTATION_CONTEXT('2D SPACE',''
  ) );
#6624 = ORIENTED_EDGE('',*,*,#6625,.F.);
#6625 = EDGE_CURVE('',#6626,#6600,#6628,.T.);
#6626 = VERTEX_POINT('',#6627);
#6627 = CARTESIAN_POINT('',(76.474691874104,4.202515110717,6.3));
#6628 = SURFACE_CURVE('',#6629,(#6633,#6639),.PCURVE_S1.);
#6629 = LINE('',#6630,#6631);
#6630 = CARTESIAN_POINT('',(80.346724462693,23.71949796904,6.3));
#6631 = VECTOR('',#6632,1.);
#6632 = DIRECTION('',(-0.194600239301,-0.980882636641,0.));
#6633 = PCURVE('',#72,#6634);
#6634 = DEFINITIONAL_REPRESENTATION('',(#6635),#6638);
#6635 = B_SPLINE_CURVE_WITH_KNOTS('',1,(#6636,#6637),.UNSPECIFIED.,.F.,
  .F.,(2,2),(19.897368073672,20.37135143543),.PIECEWISE_BEZIER_KNOTS.);
#6636 = CARTESIAN_POINT('',(7.308338050752,-39.12041092416));
#6637 = CARTESIAN_POINT('',(7.400575326374,-39.58533297376));
#6638 = ( GEOMETRIC_REPRESENTATION_CONTEXT(2) 
PARAMETRIC_REPRESENTATION_CONTEXT() REPRESENTATION_CONTEXT('2D SPACE',''
  ) );
#6639 = PCURVE('',#6640,#6645);
#6640 = PLANE('',#6641);
#6641 = AXIS2_PLACEMENT_3D('',#6642,#6643,#6644);
#6642 = CARTESIAN_POINT('',(76.474691874104,4.202515110717,1.4));
#6643 = DIRECTION('',(0.980882636641,-0.194600239301,0.));
#6644 = DIRECTION('',(-0.194600239301,-0.980882636641,0.));
#6645 = DEFINITIONAL_REPRESENTATION('',(#6646),#6649);
#6646 = B_SPLINE_CURVE_WITH_KNOTS('',1,(#6647,#6648),.UNSPECIFIED.,.F.,
  .F.,(2,2),(19.897368073672,20.37135143543),.PIECEWISE_BEZIER_KNOTS.);
#6647 = CARTESIAN_POINT('',(0.,-4.9));
#6648 = CARTESIAN_POINT('',(0.473983361758,-4.9));
#6649 = ( GEOMETRIC_REPRESENTATION_CONTEXT(2) 
PARAMETRIC_REPRESENTATION_CONTEXT() REPRESENTATION_CONTEXT('2D SPACE',''
  ) );
#6650 = ORIENTED_EDGE('',*,*,#6651,.F.);
#6651 = EDGE_CURVE('',#6652,#6626,#6654,.T.);
#6652 = VERTEX_POINT('',#6653);
#6653 = CARTESIAN_POINT('',(76.541939327113,6.898666813901,6.3));
#6654 = SURFACE_CURVE('',#6655,(#6659,#6665),.PCURVE_S1.);
#6655 = LINE('',#6656,#6657);
#6656 = CARTESIAN_POINT('',(76.998155057581,25.189721176178,6.3));
#6657 = VECTOR('',#6658,1.);
#6658 = DIRECTION('',(-2.493425916207E-02,-0.999689093028,0.));
#6659 = PCURVE('',#72,#6660);
#6660 = DEFINITIONAL_REPRESENTATION('',(#6661),#6664);
#6661 = B_SPLINE_CURVE_WITH_KNOTS('',1,(#6662,#6663),.UNSPECIFIED.,.F.,
  .F.,(2,2),(18.296742947215,20.99373316346),.PIECEWISE_BEZIER_KNOTS.);
#6662 = CARTESIAN_POINT('',(7.241090597742,-36.42425922097));
#6663 = CARTESIAN_POINT('',(7.308338050752,-39.12041092416));
#6664 = ( GEOMETRIC_REPRESENTATION_CONTEXT(2) 
PARAMETRIC_REPRESENTATION_CONTEXT() REPRESENTATION_CONTEXT('2D SPACE',''
  ) );
#6665 = PCURVE('',#6666,#6671);
#6666 = PLANE('',#6667);
#6667 = AXIS2_PLACEMENT_3D('',#6668,#6669,#6670);
#6668 = CARTESIAN_POINT('',(76.541939327113,6.898666813901,1.4));
#6669 = DIRECTION('',(0.999689093028,-2.493425916207E-02,0.));
#6670 = DIRECTION('',(-2.493425916207E-02,-0.999689093028,0.));
#6671 = DEFINITIONAL_REPRESENTATION('',(#6672),#6675);
#6672 = B_SPLINE_CURVE_WITH_KNOTS('',1,(#6673,#6674),.UNSPECIFIED.,.F.,
  .F.,(2,2),(18.296742947215,20.99373316346),.PIECEWISE_BEZIER_KNOTS.);
#6673 = CARTESIAN_POINT('',(0.,-4.9));
#6674 = CARTESIAN_POINT('',(2.696990216245,-4.9));
#6675 = ( GEOMETRIC_REPRESENTATION_CONTEXT(2) 
PARAMETRIC_REPRESENTATION_CONTEXT() REPRESENTATION_CONTEXT('2D SPACE',''
  ) );
#6676 = ORIENTED_EDGE('',*,*,#6677,.F.);
#6677 = EDGE_CURVE('',#6678,#6652,#6680,.T.);
#6678 = VERTEX_POINT('',#6679);
#6679 = CARTESIAN_POINT('',(92.358778254361,6.912788776991,6.3));
#6680 = SURFACE_CURVE('',#6681,(#6685,#6691),.PCURVE_S1.);
#6681 = LINE('',#6682,#6683);
#6682 = CARTESIAN_POINT('',(88.087161773457,6.908974891641,6.3));
#6683 = VECTOR('',#6684,1.);
#6684 = DIRECTION('',(-0.999999601415,-8.928432239807E-04,0.));
#6685 = PCURVE('',#72,#6686);
#6686 = DEFINITIONAL_REPRESENTATION('',(#6687),#6690);
#6687 = B_SPLINE_CURVE_WITH_KNOTS('',1,(#6688,#6689),.UNSPECIFIED.,.F.,
  .F.,(2,2),(-4.271618183505,11.545227048094),.PIECEWISE_BEZIER_KNOTS.);
#6688 = CARTESIAN_POINT('',(-8.575748329506,-36.41013725788));
#6689 = CARTESIAN_POINT('',(7.241090597742,-36.42425922097));
#6690 = ( GEOMETRIC_REPRESENTATION_CONTEXT(2) 
PARAMETRIC_REPRESENTATION_CONTEXT() REPRESENTATION_CONTEXT('2D SPACE',''
  ) );
#6691 = PCURVE('',#6692,#6697);
#6692 = PLANE('',#6693);
#6693 = AXIS2_PLACEMENT_3D('',#6694,#6695,#6696);
#6694 = CARTESIAN_POINT('',(92.358778254361,6.912788776991,1.4));
#6695 = DIRECTION('',(8.928432239807E-04,-0.999999601415,0.));
#6696 = DIRECTION('',(-0.999999601415,-8.928432239807E-04,0.));
#6697 = DEFINITIONAL_REPRESENTATION('',(#6698),#6701);
#6698 = B_SPLINE_CURVE_WITH_KNOTS('',1,(#6699,#6700),.UNSPECIFIED.,.F.,
  .F.,(2,2),(-4.271618183505,11.545227048094),.PIECEWISE_BEZIER_KNOTS.);
#6699 = CARTESIAN_POINT('',(0.,-4.9));
#6700 = CARTESIAN_POINT('',(15.816845231599,-4.9));
#6701 = ( GEOMETRIC_REPRESENTATION_CONTEXT(2) 
PARAMETRIC_REPRESENTATION_CONTEXT() REPRESENTATION_CONTEXT('2D SPACE',''
  ) );
#6702 = ORIENTED_EDGE('',*,*,#6703,.F.);
#6703 = EDGE_CURVE('',#6704,#6678,#6706,.T.);
#6704 = VERTEX_POINT('',#6705);
#6705 = CARTESIAN_POINT('',(93.08523947954,7.048193527578,6.3));
#6706 = SURFACE_CURVE('',#6707,(#6711,#6717),.PCURVE_S1.);
#6707 = LINE('',#6708,#6709);
#6708 = CARTESIAN_POINT('',(91.857405713549,6.819338195615,6.3));
#6709 = VECTOR('',#6710,1.);
#6710 = DIRECTION('',(-0.983069361273,-0.183233814909,0.));
#6711 = PCURVE('',#72,#6712);
#6712 = DEFINITIONAL_REPRESENTATION('',(#6713),#6716);
#6713 = B_SPLINE_CURVE_WITH_KNOTS('',1,(#6714,#6715),.UNSPECIFIED.,.F.,
  .F.,(2,2),(-1.24897979162,-0.510007289987),.PIECEWISE_BEZIER_KNOTS.);
#6714 = CARTESIAN_POINT('',(-9.302209554685,-36.27473250729));
#6715 = CARTESIAN_POINT('',(-8.575748329506,-36.41013725788));
#6716 = ( GEOMETRIC_REPRESENTATION_CONTEXT(2) 
PARAMETRIC_REPRESENTATION_CONTEXT() REPRESENTATION_CONTEXT('2D SPACE',''
  ) );
#6717 = PCURVE('',#6718,#6723);
#6718 = PLANE('',#6719);
#6719 = AXIS2_PLACEMENT_3D('',#6720,#6721,#6722);
#6720 = CARTESIAN_POINT('',(93.08523947954,7.048193527578,1.4));
#6721 = DIRECTION('',(0.183233814909,-0.983069361273,0.));
#6722 = DIRECTION('',(-0.983069361273,-0.183233814909,0.));
#6723 = DEFINITIONAL_REPRESENTATION('',(#6724),#6727);
#6724 = B_SPLINE_CURVE_WITH_KNOTS('',1,(#6725,#6726),.UNSPECIFIED.,.F.,
  .F.,(2,2),(-1.24897979162,-0.510007289987),.PIECEWISE_BEZIER_KNOTS.);
#6725 = CARTESIAN_POINT('',(0.,-4.9));
#6726 = CARTESIAN_POINT('',(0.738972501633,-4.9));
#6727 = ( GEOMETRIC_REPRESENTATION_CONTEXT(2) 
PARAMETRIC_REPRESENTATION_CONTEXT() REPRESENTATION_CONTEXT('2D SPACE',''
  ) );
#6728 = ORIENTED_EDGE('',*,*,#6729,.F.);
#6729 = EDGE_CURVE('',#6730,#6704,#6732,.T.);
#6730 = VERTEX_POINT('',#6731);
#6731 = CARTESIAN_POINT('',(93.384050455258,7.169740026376,6.3));
#6732 = SURFACE_CURVE('',#6733,(#6737,#6743),.PCURVE_S1.);
#6733 = LINE('',#6734,#6735);
#6734 = CARTESIAN_POINT('',(95.574134672485,8.06059441362,6.3));
#6735 = VECTOR('',#6736,1.);
#6736 = DIRECTION('',(-0.92629943513,-0.376788211703,0.));
#6737 = PCURVE('',#72,#6738);
#6738 = DEFINITIONAL_REPRESENTATION('',(#6739),#6742);
#6739 = B_SPLINE_CURVE_WITH_KNOTS('',1,(#6740,#6741),.UNSPECIFIED.,.F.,
  .F.,(2,2),(2.364337204761,2.6869229307),.PIECEWISE_BEZIER_KNOTS.);
#6740 = CARTESIAN_POINT('',(-9.601020530403,-36.1531860085));
#6741 = CARTESIAN_POINT('',(-9.302209554685,-36.27473250729));
#6742 = ( GEOMETRIC_REPRESENTATION_CONTEXT(2) 
PARAMETRIC_REPRESENTATION_CONTEXT() REPRESENTATION_CONTEXT('2D SPACE',''
  ) );
#6743 = PCURVE('',#6744,#6749);
#6744 = PLANE('',#6745);
#6745 = AXIS2_PLACEMENT_3D('',#6746,#6747,#6748);
#6746 = CARTESIAN_POINT('',(93.384050455258,7.169740026376,1.4));
#6747 = DIRECTION('',(0.376788211703,-0.92629943513,0.));
#6748 = DIRECTION('',(-0.92629943513,-0.376788211703,0.));
#6749 = DEFINITIONAL_REPRESENTATION('',(#6750),#6753);
#6750 = B_SPLINE_CURVE_WITH_KNOTS('',1,(#6751,#6752),.UNSPECIFIED.,.F.,
  .F.,(2,2),(2.364337204761,2.6869229307),.PIECEWISE_BEZIER_KNOTS.);
#6751 = CARTESIAN_POINT('',(0.,-4.9));
#6752 = CARTESIAN_POINT('',(0.322585725939,-4.9));
#6753 = ( GEOMETRIC_REPRESENTATION_CONTEXT(2) 
PARAMETRIC_REPRESENTATION_CONTEXT() REPRESENTATION_CONTEXT('2D SPACE',''
  ) );
#6754 = ORIENTED_EDGE('',*,*,#6755,.F.);
#6755 = EDGE_CURVE('',#6756,#6730,#6758,.T.);
#6756 = VERTEX_POINT('',#6757);
#6757 = CARTESIAN_POINT('',(93.609261071331,7.299709667543,6.3));
#6758 = SURFACE_CURVE('',#6759,(#6763,#6769),.PCURVE_S1.);
#6759 = LINE('',#6760,#6761);
#6760 = CARTESIAN_POINT('',(97.721216002484,9.672729715254,6.3));
#6761 = VECTOR('',#6762,1.);
#6762 = DIRECTION('',(-0.866118259622,-0.499839134471,0.));
#6763 = PCURVE('',#72,#6764);
#6764 = DEFINITIONAL_REPRESENTATION('',(#6765),#6768);
#6765 = B_SPLINE_CURVE_WITH_KNOTS('',1,(#6766,#6767),.UNSPECIFIED.,.F.,
  .F.,(2,2),(4.747567535346,5.007590475136),.PIECEWISE_BEZIER_KNOTS.);
#6766 = CARTESIAN_POINT('',(-9.826231146476,-36.02321636733));
#6767 = CARTESIAN_POINT('',(-9.601020530403,-36.1531860085));
#6768 = ( GEOMETRIC_REPRESENTATION_CONTEXT(2) 
PARAMETRIC_REPRESENTATION_CONTEXT() REPRESENTATION_CONTEXT('2D SPACE',''
  ) );
#6769 = PCURVE('',#6770,#6775);
#6770 = PLANE('',#6771);
#6771 = AXIS2_PLACEMENT_3D('',#6772,#6773,#6774);
#6772 = CARTESIAN_POINT('',(93.609261071331,7.299709667543,1.4));
#6773 = DIRECTION('',(0.499839134471,-0.866118259622,0.));
#6774 = DIRECTION('',(-0.866118259622,-0.499839134471,0.));
#6775 = DEFINITIONAL_REPRESENTATION('',(#6776),#6779);
#6776 = B_SPLINE_CURVE_WITH_KNOTS('',1,(#6777,#6778),.UNSPECIFIED.,.F.,
  .F.,(2,2),(4.747567535346,5.007590475136),.PIECEWISE_BEZIER_KNOTS.);
#6777 = CARTESIAN_POINT('',(0.,-4.9));
#6778 = CARTESIAN_POINT('',(0.26002293979,-4.9));
#6779 = ( GEOMETRIC_REPRESENTATION_CONTEXT(2) 
PARAMETRIC_REPRESENTATION_CONTEXT() REPRESENTATION_CONTEXT('2D SPACE',''
  ) );
#6780 = ORIENTED_EDGE('',*,*,#6781,.F.);
#6781 = EDGE_CURVE('',#6782,#6756,#6784,.T.);
#6782 = VERTEX_POINT('',#6783);
#6783 = CARTESIAN_POINT('',(94.104329013032,7.717566730999,6.3));
#6784 = SURFACE_CURVE('',#6785,(#6789,#6795),.PCURVE_S1.);
#6785 = LINE('',#6786,#6787);
#6786 = CARTESIAN_POINT('',(99.865542842651,12.580260696835,6.3));
#6787 = VECTOR('',#6788,1.);
#6788 = DIRECTION('',(-0.764182308791,-0.645000309249,0.));
#6789 = PCURVE('',#72,#6790);
#6790 = DEFINITIONAL_REPRESENTATION('',(#6791),#6794);
#6791 = B_SPLINE_CURVE_WITH_KNOTS('',1,(#6792,#6793),.UNSPECIFIED.,.F.,
  .F.,(2,2),(7.539056797503,8.186896895351),.PIECEWISE_BEZIER_KNOTS.);
#6792 = CARTESIAN_POINT('',(-10.32129908817,-35.60535930387));
#6793 = CARTESIAN_POINT('',(-9.826231146476,-36.02321636733));
#6794 = ( GEOMETRIC_REPRESENTATION_CONTEXT(2) 
PARAMETRIC_REPRESENTATION_CONTEXT() REPRESENTATION_CONTEXT('2D SPACE',''
  ) );
#6795 = PCURVE('',#6796,#6801);
#6796 = PLANE('',#6797);
#6797 = AXIS2_PLACEMENT_3D('',#6798,#6799,#6800);
#6798 = CARTESIAN_POINT('',(94.104329013032,7.717566730999,1.4));
#6799 = DIRECTION('',(0.645000309249,-0.764182308791,0.));
#6800 = DIRECTION('',(-0.764182308791,-0.645000309249,0.));
#6801 = DEFINITIONAL_REPRESENTATION('',(#6802),#6805);
#6802 = B_SPLINE_CURVE_WITH_KNOTS('',1,(#6803,#6804),.UNSPECIFIED.,.F.,
  .F.,(2,2),(7.539056797503,8.186896895351),.PIECEWISE_BEZIER_KNOTS.);
#6803 = CARTESIAN_POINT('',(0.,-4.9));
#6804 = CARTESIAN_POINT('',(0.647840097848,-4.9));
#6805 = ( GEOMETRIC_REPRESENTATION_CONTEXT(2) 
PARAMETRIC_REPRESENTATION_CONTEXT() REPRESENTATION_CONTEXT('2D SPACE',''
  ) );
#6806 = ORIENTED_EDGE('',*,*,#6807,.F.);
#6807 = EDGE_CURVE('',#6808,#6782,#6810,.T.);
#6808 = VERTEX_POINT('',#6809);
#6809 = CARTESIAN_POINT('',(95.026135997655,8.892899933619,6.3));
#6810 = SURFACE_CURVE('',#6811,(#6815,#6821),.PCURVE_S1.);
#6811 = LINE('',#6812,#6813);
#6812 = CARTESIAN_POINT('',(101.24470557501,16.82177378574,6.3));
#6813 = VECTOR('',#6814,1.);
#6814 = DIRECTION('',(-0.617130410663,-0.786860887473,0.));
#6815 = PCURVE('',#72,#6816);
#6816 = DEFINITIONAL_REPRESENTATION('',(#6817),#6820);
#6817 = B_SPLINE_CURVE_WITH_KNOTS('',1,(#6818,#6819),.UNSPECIFIED.,.F.,
  .F.,(2,2),(10.076589112957,11.57028796282),.PIECEWISE_BEZIER_KNOTS.);
#6818 = CARTESIAN_POINT('',(-11.2431060728,-34.43002610125));
#6819 = CARTESIAN_POINT('',(-10.32129908817,-35.60535930387));
#6820 = ( GEOMETRIC_REPRESENTATION_CONTEXT(2) 
PARAMETRIC_REPRESENTATION_CONTEXT() REPRESENTATION_CONTEXT('2D SPACE',''
  ) );
#6821 = PCURVE('',#6822,#6827);
#6822 = PLANE('',#6823);
#6823 = AXIS2_PLACEMENT_3D('',#6824,#6825,#6826);
#6824 = CARTESIAN_POINT('',(95.026135997655,8.892899933619,1.4));
#6825 = DIRECTION('',(0.786860887473,-0.617130410663,0.));
#6826 = DIRECTION('',(-0.617130410663,-0.786860887473,0.));
#6827 = DEFINITIONAL_REPRESENTATION('',(#6828),#6831);
#6828 = B_SPLINE_CURVE_WITH_KNOTS('',1,(#6829,#6830),.UNSPECIFIED.,.F.,
  .F.,(2,2),(10.076589112957,11.57028796282),.PIECEWISE_BEZIER_KNOTS.);
#6829 = CARTESIAN_POINT('',(0.,-4.9));
#6830 = CARTESIAN_POINT('',(1.493698849863,-4.9));
#6831 = ( GEOMETRIC_REPRESENTATION_CONTEXT(2) 
PARAMETRIC_REPRESENTATION_CONTEXT() REPRESENTATION_CONTEXT('2D SPACE',''
  ) );
#6832 = ORIENTED_EDGE('',*,*,#6833,.F.);
#6833 = EDGE_CURVE('',#6834,#6808,#6836,.T.);
#6834 = VERTEX_POINT('',#6835);
#6835 = CARTESIAN_POINT('',(112.8,8.895769807537,6.3));
#6836 = SURFACE_CURVE('',#6837,(#6841,#6847),.PCURVE_S1.);
#6837 = LINE('',#6838,#6839);
#6838 = CARTESIAN_POINT('',(98.294294747431,8.893427629991,6.3));
#6839 = VECTOR('',#6840,1.);
#6840 = DIRECTION('',(-0.999999986964,-1.614659524768E-04,0.));
#6841 = PCURVE('',#72,#6842);
#6842 = DEFINITIONAL_REPRESENTATION('',(#6843),#6846);
#6843 = B_SPLINE_CURVE_WITH_KNOTS('',1,(#6844,#6845),.UNSPECIFIED.,.F.,
  .F.,(2,2),(-14.50570544166,3.268158792379),.PIECEWISE_BEZIER_KNOTS.);
#6844 = CARTESIAN_POINT('',(-29.01697007514,-34.42715622734));
#6845 = CARTESIAN_POINT('',(-11.2431060728,-34.43002610125));
#6846 = ( GEOMETRIC_REPRESENTATION_CONTEXT(2) 
PARAMETRIC_REPRESENTATION_CONTEXT() REPRESENTATION_CONTEXT('2D SPACE',''
  ) );
#6847 = PCURVE('',#6848,#6853);
#6848 = PLANE('',#6849);
#6849 = AXIS2_PLACEMENT_3D('',#6850,#6851,#6852);
#6850 = CARTESIAN_POINT('',(112.8,8.895769807537,1.4));
#6851 = DIRECTION('',(1.614659524768E-04,-0.999999986964,0.));
#6852 = DIRECTION('',(-0.999999986964,-1.614659524768E-04,0.));
#6853 = DEFINITIONAL_REPRESENTATION('',(#6854),#6857);
#6854 = B_SPLINE_CURVE_WITH_KNOTS('',1,(#6855,#6856),.UNSPECIFIED.,.F.,
  .F.,(2,2),(-14.50570544166,3.268158792379),.PIECEWISE_BEZIER_KNOTS.);
#6855 = CARTESIAN_POINT('',(0.,-4.9));
#6856 = CARTESIAN_POINT('',(17.773864234039,-4.9));
#6857 = ( GEOMETRIC_REPRESENTATION_CONTEXT(2) 
PARAMETRIC_REPRESENTATION_CONTEXT() REPRESENTATION_CONTEXT('2D SPACE',''
  ) );
#6858 = ORIENTED_EDGE('',*,*,#6859,.F.);
#6859 = EDGE_CURVE('',#6860,#6834,#6862,.T.);
#6860 = VERTEX_POINT('',#6861);
#6861 = CARTESIAN_POINT('',(112.8,-1.35,6.3));
#6862 = SURFACE_CURVE('',#6863,(#6867,#6873),.PCURVE_S1.);
#6863 = LINE('',#6864,#6865);
#6864 = CARTESIAN_POINT('',(112.8,20.986463017439,6.3));
#6865 = VECTOR('',#6866,1.);
#6866 = DIRECTION('',(0.,1.,-0.));
#6867 = PCURVE('',#72,#6868);
#6868 = DEFINITIONAL_REPRESENTATION('',(#6869),#6872);
#6869 = B_SPLINE_CURVE_WITH_KNOTS('',1,(#6870,#6871),.UNSPECIFIED.,.F.,
  .F.,(2,2),(-22.33646301743,-12.0906932099),.PIECEWISE_BEZIER_KNOTS.);
#6870 = CARTESIAN_POINT('',(-29.01697007514,-44.67292603487));
#6871 = CARTESIAN_POINT('',(-29.01697007514,-34.42715622734));
#6872 = ( GEOMETRIC_REPRESENTATION_CONTEXT(2) 
PARAMETRIC_REPRESENTATION_CONTEXT() REPRESENTATION_CONTEXT('2D SPACE',''
  ) );
#6873 = PCURVE('',#6874,#6879);
#6874 = PLANE('',#6875);
#6875 = AXIS2_PLACEMENT_3D('',#6876,#6877,#6878);
#6876 = CARTESIAN_POINT('',(112.8,-1.35,1.4));
#6877 = DIRECTION('',(-1.,0.,0.));
#6878 = DIRECTION('',(0.,1.,0.));
#6879 = DEFINITIONAL_REPRESENTATION('',(#6880),#6883);
#6880 = B_SPLINE_CURVE_WITH_KNOTS('',1,(#6881,#6882),.UNSPECIFIED.,.F.,
  .F.,(2,2),(-22.33646301743,-12.0906932099),.PIECEWISE_BEZIER_KNOTS.);
#6881 = CARTESIAN_POINT('',(0.,-4.9));
#6882 = CARTESIAN_POINT('',(10.245769807537,-4.9));
#6883 = ( GEOMETRIC_REPRESENTATION_CONTEXT(2) 
PARAMETRIC_REPRESENTATION_CONTEXT() REPRESENTATION_CONTEXT('2D SPACE',''
  ) );
#6884 = ORIENTED_EDGE('',*,*,#6885,.F.);
#6885 = EDGE_CURVE('',#6886,#6860,#6888,.T.);
#6886 = VERTEX_POINT('',#6887);
#6887 = CARTESIAN_POINT('',(130.25441558772,-1.35,6.3));
#6888 = SURFACE_CURVE('',#6889,(#6893,#6899),.PCURVE_S1.);
#6889 = LINE('',#6890,#6891);
#6890 = CARTESIAN_POINT('',(107.01872275629,-1.35,6.3));
#6891 = VECTOR('',#6892,1.);
#6892 = DIRECTION('',(-1.,0.,0.));
#6893 = PCURVE('',#72,#6894);
#6894 = DEFINITIONAL_REPRESENTATION('',(#6895),#6898);
#6895 = B_SPLINE_CURVE_WITH_KNOTS('',1,(#6896,#6897),.UNSPECIFIED.,.F.,
  .F.,(2,2),(-23.23569283143,-5.781277243708),.PIECEWISE_BEZIER_KNOTS.);
#6896 = CARTESIAN_POINT('',(-46.47138566287,-44.67292603487));
#6897 = CARTESIAN_POINT('',(-29.01697007514,-44.67292603487));
#6898 = ( GEOMETRIC_REPRESENTATION_CONTEXT(2) 
PARAMETRIC_REPRESENTATION_CONTEXT() REPRESENTATION_CONTEXT('2D SPACE',''
  ) );
#6899 = PCURVE('',#6900,#6905);
#6900 = PLANE('',#6901);
#6901 = AXIS2_PLACEMENT_3D('',#6902,#6903,#6904);
#6902 = CARTESIAN_POINT('',(130.25441558772,-1.35,1.4));
#6903 = DIRECTION('',(0.,-1.,0.));
#6904 = DIRECTION('',(-1.,0.,0.));
#6905 = DEFINITIONAL_REPRESENTATION('',(#6906),#6909);
#6906 = B_SPLINE_CURVE_WITH_KNOTS('',1,(#6907,#6908),.UNSPECIFIED.,.F.,
  .F.,(2,2),(-23.23569283143,-5.781277243708),.PIECEWISE_BEZIER_KNOTS.);
#6907 = CARTESIAN_POINT('',(0.,-4.9));
#6908 = CARTESIAN_POINT('',(17.454415587728,-4.9));
#6909 = ( GEOMETRIC_REPRESENTATION_CONTEXT(2) 
PARAMETRIC_REPRESENTATION_CONTEXT() REPRESENTATION_CONTEXT('2D SPACE',''
  ) );
#6910 = ORIENTED_EDGE('',*,*,#6911,.F.);
#6911 = EDGE_CURVE('',#6912,#6886,#6914,.T.);
#6912 = VERTEX_POINT('',#6913);
#6913 = CARTESIAN_POINT('',(133.2,1.595584412272,6.3));
#6914 = SURFACE_CURVE('',#6915,(#6919,#6925),.PCURVE_S1.);
#6915 = LINE('',#6916,#6917);
#6916 = CARTESIAN_POINT('',(131.27759288686,-0.326822700863,6.3));
#6917 = VECTOR('',#6918,1.);
#6918 = DIRECTION('',(-0.707106781187,-0.707106781187,0.));
#6919 = PCURVE('',#72,#6920);
#6920 = DEFINITIONAL_REPRESENTATION('',(#6921),#6924);
#6921 = B_SPLINE_CURVE_WITH_KNOTS('',1,(#6922,#6923),.UNSPECIFIED.,.F.,
  .F.,(2,2),(-2.718694211798,1.446991213152),.PIECEWISE_BEZIER_KNOTS.);
#6922 = CARTESIAN_POINT('',(-49.41697007514,-41.7273416226));
#6923 = CARTESIAN_POINT('',(-46.47138566287,-44.67292603487));
#6924 = ( GEOMETRIC_REPRESENTATION_CONTEXT(2) 
PARAMETRIC_REPRESENTATION_CONTEXT() REPRESENTATION_CONTEXT('2D SPACE',''
  ) );
#6925 = PCURVE('',#6926,#6931);
#6926 = PLANE('',#6927);
#6927 = AXIS2_PLACEMENT_3D('',#6928,#6929,#6930);
#6928 = CARTESIAN_POINT('',(133.2,1.595584412272,1.4));
#6929 = DIRECTION('',(0.707106781187,-0.707106781187,0.));
#6930 = DIRECTION('',(-0.707106781187,-0.707106781187,0.));
#6931 = DEFINITIONAL_REPRESENTATION('',(#6932),#6935);
#6932 = B_SPLINE_CURVE_WITH_KNOTS('',1,(#6933,#6934),.UNSPECIFIED.,.F.,
  .F.,(2,2),(-2.718694211798,1.446991213152),.PIECEWISE_BEZIER_KNOTS.);
#6933 = CARTESIAN_POINT('',(0.,-4.9));
#6934 = CARTESIAN_POINT('',(4.165685424949,-4.9));
#6935 = ( GEOMETRIC_REPRESENTATION_CONTEXT(2) 
PARAMETRIC_REPRESENTATION_CONTEXT() REPRESENTATION_CONTEXT('2D SPACE',''
  ) );
#6936 = ORIENTED_EDGE('',*,*,#6937,.F.);
#6937 = EDGE_CURVE('',#6938,#6912,#6940,.T.);
#6938 = VERTEX_POINT('',#6939);
#6939 = CARTESIAN_POINT('',(133.2,50.4,6.3));
#6940 = SURFACE_CURVE('',#6941,(#6945,#6951),.PCURVE_S1.);
#6941 = LINE('',#6942,#6943);
#6942 = CARTESIAN_POINT('',(133.2,52.288670811303,6.3));
#6943 = VECTOR('',#6944,1.);
#6944 = DIRECTION('',(0.,-1.,0.));
#6945 = PCURVE('',#72,#6946);
#6946 = DEFINITIONAL_REPRESENTATION('',(#6947),#6950);
#6947 = B_SPLINE_CURVE_WITH_KNOTS('',1,(#6948,#6949),.UNSPECIFIED.,.F.,
  .F.,(2,2),(-8.965744776425,50.693086399031),.PIECEWISE_BEZIER_KNOTS.);
#6948 = CARTESIAN_POINT('',(-49.41697007514,17.931489552851));
#6949 = CARTESIAN_POINT('',(-49.41697007514,-41.7273416226));
#6950 = ( GEOMETRIC_REPRESENTATION_CONTEXT(2) 
PARAMETRIC_REPRESENTATION_CONTEXT() REPRESENTATION_CONTEXT('2D SPACE',''
  ) );
#6951 = PCURVE('',#4352,#6952);
#6952 = DEFINITIONAL_REPRESENTATION('',(#6953),#6956);
#6953 = B_SPLINE_CURVE_WITH_KNOTS('',1,(#6954,#6955),.UNSPECIFIED.,.F.,
  .F.,(2,2),(-8.965744776425,50.693086399031),.PIECEWISE_BEZIER_KNOTS.);
#6954 = CARTESIAN_POINT('',(0.,-4.9));
#6955 = CARTESIAN_POINT('',(59.658831175457,-4.9));
#6956 = ( GEOMETRIC_REPRESENTATION_CONTEXT(2) 
PARAMETRIC_REPRESENTATION_CONTEXT() REPRESENTATION_CONTEXT('2D SPACE',''
  ) );
#6957 = ORIENTED_EDGE('',*,*,#6958,.T.);
#6958 = EDGE_CURVE('',#6938,#6959,#6961,.T.);
#6959 = VERTEX_POINT('',#6960);
#6960 = CARTESIAN_POINT('',(135.,50.4,6.3));
#6961 = SURFACE_CURVE('',#6962,(#6966,#6972),.PCURVE_S1.);
#6962 = LINE('',#6963,#6964);
#6963 = CARTESIAN_POINT('',(106.04151496242,50.4,6.3));
#6964 = VECTOR('',#6965,1.);
#6965 = DIRECTION('',(1.,0.,0.));
#6966 = PCURVE('',#72,#6967);
#6967 = DEFINITIONAL_REPRESENTATION('',(#6968),#6971);
#6968 = B_SPLINE_CURVE_WITH_KNOTS('',1,(#6969,#6970),.UNSPECIFIED.,.F.,
  .F.,(2,2),(22.258485037572,33.958485037572),.PIECEWISE_BEZIER_KNOTS.);
#6969 = CARTESIAN_POINT('',(-44.51697007514,7.077073965122));
#6970 = CARTESIAN_POINT('',(-56.21697007514,7.077073965122));
#6971 = ( GEOMETRIC_REPRESENTATION_CONTEXT(2) 
PARAMETRIC_REPRESENTATION_CONTEXT() REPRESENTATION_CONTEXT('2D SPACE',''
  ) );
#6972 = PCURVE('',#6973,#6978);
#6973 = PLANE('',#6974);
#6974 = AXIS2_PLACEMENT_3D('',#6975,#6976,#6977);
#6975 = CARTESIAN_POINT('',(128.3,50.4,5.1));
#6976 = DIRECTION('',(0.,1.,0.));
#6977 = DIRECTION('',(1.,0.,0.));
#6978 = DEFINITIONAL_REPRESENTATION('',(#6979),#6982);
#6979 = B_SPLINE_CURVE_WITH_KNOTS('',1,(#6980,#6981),.UNSPECIFIED.,.F.,
  .F.,(2,2),(22.258485037572,33.958485037572),.PIECEWISE_BEZIER_KNOTS.);
#6980 = CARTESIAN_POINT('',(0.,-1.2));
#6981 = CARTESIAN_POINT('',(11.7,-1.2));
#6982 = ( GEOMETRIC_REPRESENTATION_CONTEXT(2) 
PARAMETRIC_REPRESENTATION_CONTEXT() REPRESENTATION_CONTEXT('2D SPACE',''
  ) );
#6983 = ORIENTED_EDGE('',*,*,#6984,.T.);
#6984 = EDGE_CURVE('',#6959,#6985,#6987,.T.);
#6985 = VERTEX_POINT('',#6986);
#6986 = CARTESIAN_POINT('',(135.,0.85,6.3));
#6987 = SURFACE_CURVE('',#6988,(#6992,#6999),.PCURVE_S1.);
#6988 = LINE('',#6989,#6990);
#6989 = CARTESIAN_POINT('',(135.,62.,6.3));
#6990 = VECTOR('',#6991,1.);
#6991 = DIRECTION('',(0.,-1.,0.));
#6992 = PCURVE('',#72,#6993);
#6993 = DEFINITIONAL_REPRESENTATION('',(#6994),#6998);
#6994 = LINE('',#6995,#6996);
#6995 = CARTESIAN_POINT('',(-51.21697007514,18.677073965122));
#6996 = VECTOR('',#6997,1.);
#6997 = DIRECTION('',(0.,-1.));
#6998 = ( GEOMETRIC_REPRESENTATION_CONTEXT(2) 
PARAMETRIC_REPRESENTATION_CONTEXT() REPRESENTATION_CONTEXT('2D SPACE',''
  ) );
#6999 = PCURVE('',#1678,#7000);
#7000 = DEFINITIONAL_REPRESENTATION('',(#7001),#7005);
#7001 = LINE('',#7002,#7003);
#7002 = CARTESIAN_POINT('',(0.,-6.3));
#7003 = VECTOR('',#7004,1.);
#7004 = DIRECTION('',(1.,0.));
#7005 = ( GEOMETRIC_REPRESENTATION_CONTEXT(2) 
PARAMETRIC_REPRESENTATION_CONTEXT() REPRESENTATION_CONTEXT('2D SPACE',''
  ) );
#7006 = ORIENTED_EDGE('',*,*,#7007,.T.);
#7007 = EDGE_CURVE('',#6985,#7008,#7010,.T.);
#7008 = VERTEX_POINT('',#7009);
#7009 = CARTESIAN_POINT('',(131.,-3.15,6.3));
#7010 = SURFACE_CURVE('',#7011,(#7015,#7022),.PCURVE_S1.);
#7011 = LINE('',#7012,#7013);
#7012 = CARTESIAN_POINT('',(135.,0.85,6.3));
#7013 = VECTOR('',#7014,1.);
#7014 = DIRECTION('',(-0.707106781187,-0.707106781187,0.));
#7015 = PCURVE('',#72,#7016);
#7016 = DEFINITIONAL_REPRESENTATION('',(#7017),#7021);
#7017 = LINE('',#7018,#7019);
#7018 = CARTESIAN_POINT('',(-51.21697007514,-42.47292603487));
#7019 = VECTOR('',#7020,1.);
#7020 = DIRECTION('',(0.707106781187,-0.707106781187));
#7021 = ( GEOMETRIC_REPRESENTATION_CONTEXT(2) 
PARAMETRIC_REPRESENTATION_CONTEXT() REPRESENTATION_CONTEXT('2D SPACE',''
  ) );
#7022 = PCURVE('',#1706,#7023);
#7023 = DEFINITIONAL_REPRESENTATION('',(#7024),#7028);
#7024 = LINE('',#7025,#7026);
#7025 = CARTESIAN_POINT('',(0.,-6.3));
#7026 = VECTOR('',#7027,1.);
#7027 = DIRECTION('',(1.,0.));
#7028 = ( GEOMETRIC_REPRESENTATION_CONTEXT(2) 
PARAMETRIC_REPRESENTATION_CONTEXT() REPRESENTATION_CONTEXT('2D SPACE',''
  ) );
#7029 = ORIENTED_EDGE('',*,*,#7030,.T.);
#7030 = EDGE_CURVE('',#7008,#7031,#7033,.T.);
#7031 = VERTEX_POINT('',#7032);
#7032 = CARTESIAN_POINT('',(111.,-3.15,6.3));
#7033 = SURFACE_CURVE('',#7034,(#7038,#7045),.PCURVE_S1.);
#7034 = LINE('',#7035,#7036);
#7035 = CARTESIAN_POINT('',(131.,-3.15,6.3));
#7036 = VECTOR('',#7037,1.);
#7037 = DIRECTION('',(-1.,0.,0.));
#7038 = PCURVE('',#72,#7039);
#7039 = DEFINITIONAL_REPRESENTATION('',(#7040),#7044);
#7040 = LINE('',#7041,#7042);
#7041 = CARTESIAN_POINT('',(-47.21697007514,-46.47292603487));
#7042 = VECTOR('',#7043,1.);
#7043 = DIRECTION('',(1.,0.));
#7044 = ( GEOMETRIC_REPRESENTATION_CONTEXT(2) 
PARAMETRIC_REPRESENTATION_CONTEXT() REPRESENTATION_CONTEXT('2D SPACE',''
  ) );
#7045 = PCURVE('',#1734,#7046);
#7046 = DEFINITIONAL_REPRESENTATION('',(#7047),#7051);
#7047 = LINE('',#7048,#7049);
#7048 = CARTESIAN_POINT('',(0.,-6.3));
#7049 = VECTOR('',#7050,1.);
#7050 = DIRECTION('',(1.,0.));
#7051 = ( GEOMETRIC_REPRESENTATION_CONTEXT(2) 
PARAMETRIC_REPRESENTATION_CONTEXT() REPRESENTATION_CONTEXT('2D SPACE',''
  ) );
#7052 = ORIENTED_EDGE('',*,*,#7053,.T.);
#7053 = EDGE_CURVE('',#7031,#7054,#7056,.T.);
#7054 = VERTEX_POINT('',#7055);
#7055 = CARTESIAN_POINT('',(111.,7.095479145354,6.3));
#7056 = SURFACE_CURVE('',#7057,(#7061,#7068),.PCURVE_S1.);
#7057 = LINE('',#7058,#7059);
#7058 = CARTESIAN_POINT('',(111.,-3.15,6.3));
#7059 = VECTOR('',#7060,1.);
#7060 = DIRECTION('',(0.,1.,0.));
#7061 = PCURVE('',#72,#7062);
#7062 = DEFINITIONAL_REPRESENTATION('',(#7063),#7067);
#7063 = LINE('',#7064,#7065);
#7064 = CARTESIAN_POINT('',(-27.21697007514,-46.47292603487));
#7065 = VECTOR('',#7066,1.);
#7066 = DIRECTION('',(0.,1.));
#7067 = ( GEOMETRIC_REPRESENTATION_CONTEXT(2) 
PARAMETRIC_REPRESENTATION_CONTEXT() REPRESENTATION_CONTEXT('2D SPACE',''
  ) );
#7068 = PCURVE('',#1762,#7069);
#7069 = DEFINITIONAL_REPRESENTATION('',(#7070),#7074);
#7070 = LINE('',#7071,#7072);
#7071 = CARTESIAN_POINT('',(0.,-6.3));
#7072 = VECTOR('',#7073,1.);
#7073 = DIRECTION('',(1.,0.));
#7074 = ( GEOMETRIC_REPRESENTATION_CONTEXT(2) 
PARAMETRIC_REPRESENTATION_CONTEXT() REPRESENTATION_CONTEXT('2D SPACE',''
  ) );
#7075 = ORIENTED_EDGE('',*,*,#7076,.T.);
#7076 = EDGE_CURVE('',#7054,#7077,#7079,.T.);
#7077 = VERTEX_POINT('',#7078);
#7078 = CARTESIAN_POINT('',(95.902088204759,7.093041346614,6.3));
#7079 = SURFACE_CURVE('',#7080,(#7084,#7091),.PCURVE_S1.);
#7080 = LINE('',#7081,#7082);
#7081 = CARTESIAN_POINT('',(111.,7.095479145354,6.3));
#7082 = VECTOR('',#7083,1.);
#7083 = DIRECTION('',(-0.999999986964,-1.614659524768E-04,0.));
#7084 = PCURVE('',#72,#7085);
#7085 = DEFINITIONAL_REPRESENTATION('',(#7086),#7090);
#7086 = LINE('',#7087,#7088);
#7087 = CARTESIAN_POINT('',(-27.21697007514,-36.22744688952));
#7088 = VECTOR('',#7089,1.);
#7089 = DIRECTION('',(0.999999986964,-1.614659524768E-04));
#7090 = ( GEOMETRIC_REPRESENTATION_CONTEXT(2) 
PARAMETRIC_REPRESENTATION_CONTEXT() REPRESENTATION_CONTEXT('2D SPACE',''
  ) );
#7091 = PCURVE('',#1790,#7092);
#7092 = DEFINITIONAL_REPRESENTATION('',(#7093),#7097);
#7093 = LINE('',#7094,#7095);
#7094 = CARTESIAN_POINT('',(0.,-6.3));
#7095 = VECTOR('',#7096,1.);
#7096 = DIRECTION('',(1.,0.));
#7097 = ( GEOMETRIC_REPRESENTATION_CONTEXT(2) 
PARAMETRIC_REPRESENTATION_CONTEXT() REPRESENTATION_CONTEXT('2D SPACE',''
  ) );
#7098 = ORIENTED_EDGE('',*,*,#7099,.T.);
#7099 = EDGE_CURVE('',#7077,#7100,#7102,.T.);
#7100 = VERTEX_POINT('',#7101);
#7101 = CARTESIAN_POINT('',(95.406596074216,6.461273132249,6.3));
#7102 = SURFACE_CURVE('',#7103,(#7107,#7114),.PCURVE_S1.);
#7103 = LINE('',#7104,#7105);
#7104 = CARTESIAN_POINT('',(95.902088204759,7.093041346614,6.3));
#7105 = VECTOR('',#7106,1.);
#7106 = DIRECTION('',(-0.617130410663,-0.786860887473,0.));
#7107 = PCURVE('',#72,#7108);
#7108 = DEFINITIONAL_REPRESENTATION('',(#7109),#7113);
#7109 = LINE('',#7110,#7111);
#7110 = CARTESIAN_POINT('',(-12.1190582799,-36.22988468826));
#7111 = VECTOR('',#7112,1.);
#7112 = DIRECTION('',(0.617130410663,-0.786860887473));
#7113 = ( GEOMETRIC_REPRESENTATION_CONTEXT(2) 
PARAMETRIC_REPRESENTATION_CONTEXT() REPRESENTATION_CONTEXT('2D SPACE',''
  ) );
#7114 = PCURVE('',#1818,#7115);
#7115 = DEFINITIONAL_REPRESENTATION('',(#7116),#7120);
#7116 = LINE('',#7117,#7118);
#7117 = CARTESIAN_POINT('',(0.,-6.3));
#7118 = VECTOR('',#7119,1.);
#7119 = DIRECTION('',(1.,0.));
#7120 = ( GEOMETRIC_REPRESENTATION_CONTEXT(2) 
PARAMETRIC_REPRESENTATION_CONTEXT() REPRESENTATION_CONTEXT('2D SPACE',''
  ) );
#7121 = ORIENTED_EDGE('',*,*,#7122,.T.);
#7122 = EDGE_CURVE('',#7100,#7123,#7125,.T.);
#7123 = VERTEX_POINT('',#7124);
#7124 = CARTESIAN_POINT('',(94.647785265701,5.820806583203,6.3));
#7125 = SURFACE_CURVE('',#7126,(#7130,#7137),.PCURVE_S1.);
#7126 = LINE('',#7127,#7128);
#7127 = CARTESIAN_POINT('',(95.406596074216,6.461273132249,6.3));
#7128 = VECTOR('',#7129,1.);
#7129 = DIRECTION('',(-0.764182308791,-0.645000309249,0.));
#7130 = PCURVE('',#72,#7131);
#7131 = DEFINITIONAL_REPRESENTATION('',(#7132),#7136);
#7132 = LINE('',#7133,#7134);
#7133 = CARTESIAN_POINT('',(-11.62356614936,-36.86165290262));
#7134 = VECTOR('',#7135,1.);
#7135 = DIRECTION('',(0.764182308791,-0.645000309249));
#7136 = ( GEOMETRIC_REPRESENTATION_CONTEXT(2) 
PARAMETRIC_REPRESENTATION_CONTEXT() REPRESENTATION_CONTEXT('2D SPACE',''
  ) );
#7137 = PCURVE('',#1846,#7138);
#7138 = DEFINITIONAL_REPRESENTATION('',(#7139),#7143);
#7139 = LINE('',#7140,#7141);
#7140 = CARTESIAN_POINT('',(0.,-6.3));
#7141 = VECTOR('',#7142,1.);
#7142 = DIRECTION('',(1.,0.));
#7143 = ( GEOMETRIC_REPRESENTATION_CONTEXT(2) 
PARAMETRIC_REPRESENTATION_CONTEXT() REPRESENTATION_CONTEXT('2D SPACE',''
  ) );
#7144 = ORIENTED_EDGE('',*,*,#7145,.T.);
#7145 = EDGE_CURVE('',#7123,#7146,#7148,.T.);
#7146 = VERTEX_POINT('',#7147);
#7147 = CARTESIAN_POINT('',(94.1767334045,5.548961310368,6.3));
#7148 = SURFACE_CURVE('',#7149,(#7153,#7160),.PCURVE_S1.);
#7149 = LINE('',#7150,#7151);
#7150 = CARTESIAN_POINT('',(94.647785265701,5.820806583203,6.3));
#7151 = VECTOR('',#7152,1.);
#7152 = DIRECTION('',(-0.866118259622,-0.499839134471,0.));
#7153 = PCURVE('',#72,#7154);
#7154 = DEFINITIONAL_REPRESENTATION('',(#7155),#7159);
#7155 = LINE('',#7156,#7157);
#7156 = CARTESIAN_POINT('',(-10.86475534084,-37.50211945167));
#7157 = VECTOR('',#7158,1.);
#7158 = DIRECTION('',(0.866118259622,-0.499839134471));
#7159 = ( GEOMETRIC_REPRESENTATION_CONTEXT(2) 
PARAMETRIC_REPRESENTATION_CONTEXT() REPRESENTATION_CONTEXT('2D SPACE',''
  ) );
#7160 = PCURVE('',#1874,#7161);
#7161 = DEFINITIONAL_REPRESENTATION('',(#7162),#7166);
#7162 = LINE('',#7163,#7164);
#7163 = CARTESIAN_POINT('',(0.,-6.3));
#7164 = VECTOR('',#7165,1.);
#7165 = DIRECTION('',(1.,0.));
#7166 = ( GEOMETRIC_REPRESENTATION_CONTEXT(2) 
PARAMETRIC_REPRESENTATION_CONTEXT() REPRESENTATION_CONTEXT('2D SPACE',''
  ) );
#7167 = ORIENTED_EDGE('',*,*,#7168,.T.);
#7168 = EDGE_CURVE('',#7146,#7169,#7171,.T.);
#7169 = VERTEX_POINT('',#7170);
#7170 = CARTESIAN_POINT('',(93.594438639169,5.312102909086,6.3));
#7171 = SURFACE_CURVE('',#7172,(#7176,#7183),.PCURVE_S1.);
#7172 = LINE('',#7173,#7174);
#7173 = CARTESIAN_POINT('',(94.1767334045,5.548961310368,6.3));
#7174 = VECTOR('',#7175,1.);
#7175 = DIRECTION('',(-0.92629943513,-0.376788211703,0.));
#7176 = PCURVE('',#72,#7177);
#7177 = DEFINITIONAL_REPRESENTATION('',(#7178),#7182);
#7178 = LINE('',#7179,#7180);
#7179 = CARTESIAN_POINT('',(-10.39370347964,-37.7739647245));
#7180 = VECTOR('',#7181,1.);
#7181 = DIRECTION('',(0.92629943513,-0.376788211703));
#7182 = ( GEOMETRIC_REPRESENTATION_CONTEXT(2) 
PARAMETRIC_REPRESENTATION_CONTEXT() REPRESENTATION_CONTEXT('2D SPACE',''
  ) );
#7183 = PCURVE('',#1902,#7184);
#7184 = DEFINITIONAL_REPRESENTATION('',(#7185),#7189);
#7185 = LINE('',#7186,#7187);
#7186 = CARTESIAN_POINT('',(0.,-6.3));
#7187 = VECTOR('',#7188,1.);
#7188 = DIRECTION('',(1.,0.));
#7189 = ( GEOMETRIC_REPRESENTATION_CONTEXT(2) 
PARAMETRIC_REPRESENTATION_CONTEXT() REPRESENTATION_CONTEXT('2D SPACE',''
  ) );
#7190 = ORIENTED_EDGE('',*,*,#7191,.T.);
#7191 = EDGE_CURVE('',#7169,#7192,#7194,.T.);
#7192 = VERTEX_POINT('',#7193);
#7193 = CARTESIAN_POINT('',(92.525893291651,5.112937267127,6.3));
#7194 = SURFACE_CURVE('',#7195,(#7199,#7206),.PCURVE_S1.);
#7195 = LINE('',#7196,#7197);
#7196 = CARTESIAN_POINT('',(93.594438639169,5.312102909086,6.3));
#7197 = VECTOR('',#7198,1.);
#7198 = DIRECTION('',(-0.983069361273,-0.183233814909,0.));
#7199 = PCURVE('',#72,#7200);
#7200 = DEFINITIONAL_REPRESENTATION('',(#7201),#7205);
#7201 = LINE('',#7202,#7203);
#7202 = CARTESIAN_POINT('',(-9.811408714313,-38.01082312579));
#7203 = VECTOR('',#7204,1.);
#7204 = DIRECTION('',(0.983069361273,-0.183233814909));
#7205 = ( GEOMETRIC_REPRESENTATION_CONTEXT(2) 
PARAMETRIC_REPRESENTATION_CONTEXT() REPRESENTATION_CONTEXT('2D SPACE',''
  ) );
#7206 = PCURVE('',#1930,#7207);
#7207 = DEFINITIONAL_REPRESENTATION('',(#7208),#7212);
#7208 = LINE('',#7209,#7210);
#7209 = CARTESIAN_POINT('',(0.,-6.3));
#7210 = VECTOR('',#7211,1.);
#7211 = DIRECTION('',(1.,0.));
#7212 = ( GEOMETRIC_REPRESENTATION_CONTEXT(2) 
PARAMETRIC_REPRESENTATION_CONTEXT() REPRESENTATION_CONTEXT('2D SPACE',''
  ) );
#7213 = ORIENTED_EDGE('',*,*,#7214,.T.);
#7214 = EDGE_CURVE('',#7192,#7215,#7217,.T.);
#7215 = VERTEX_POINT('',#7216);
#7216 = CARTESIAN_POINT('',(78.297642589273,5.100233664835,6.3));
#7217 = SURFACE_CURVE('',#7218,(#7222,#7229),.PCURVE_S1.);
#7218 = LINE('',#7219,#7220);
#7219 = CARTESIAN_POINT('',(92.525893291651,5.112937267127,6.3));
#7220 = VECTOR('',#7221,1.);
#7221 = DIRECTION('',(-0.999999601415,-8.928432239807E-04,0.));
#7222 = PCURVE('',#72,#7223);
#7223 = DEFINITIONAL_REPRESENTATION('',(#7224),#7228);
#7224 = LINE('',#7225,#7226);
#7225 = CARTESIAN_POINT('',(-8.742863366795,-38.20998876775));
#7226 = VECTOR('',#7227,1.);
#7227 = DIRECTION('',(0.999999601415,-8.928432239807E-04));
#7228 = ( GEOMETRIC_REPRESENTATION_CONTEXT(2) 
PARAMETRIC_REPRESENTATION_CONTEXT() REPRESENTATION_CONTEXT('2D SPACE',''
  ) );
#7229 = PCURVE('',#1958,#7230);
#7230 = DEFINITIONAL_REPRESENTATION('',(#7231),#7235);
#7231 = LINE('',#7232,#7233);
#7232 = CARTESIAN_POINT('',(0.,-6.3));
#7233 = VECTOR('',#7234,1.);
#7234 = DIRECTION('',(1.,0.));
#7235 = ( GEOMETRIC_REPRESENTATION_CONTEXT(2) 
PARAMETRIC_REPRESENTATION_CONTEXT() REPRESENTATION_CONTEXT('2D SPACE',''
  ) );
#7236 = ORIENTED_EDGE('',*,*,#7237,.T.);
#7237 = EDGE_CURVE('',#7215,#7238,#7240,.T.);
#7238 = VERTEX_POINT('',#7239);
#7239 = CARTESIAN_POINT('',(78.27028744673,4.003484109934,6.3));
#7240 = SURFACE_CURVE('',#7241,(#7245,#7252),.PCURVE_S1.);
#7241 = LINE('',#7242,#7243);
#7242 = CARTESIAN_POINT('',(78.297642589273,5.100233664835,6.3));
#7243 = VECTOR('',#7244,1.);
#7244 = DIRECTION('',(-2.493425916207E-02,-0.999689093028,0.));
#7245 = PCURVE('',#72,#7246);
#7246 = DEFINITIONAL_REPRESENTATION('',(#7247),#7251);
#7247 = LINE('',#7248,#7249);
#7248 = CARTESIAN_POINT('',(5.485387335582,-38.22269237004));
#7249 = VECTOR('',#7250,1.);
#7250 = DIRECTION('',(2.493425916207E-02,-0.999689093028));
#7251 = ( GEOMETRIC_REPRESENTATION_CONTEXT(2) 
PARAMETRIC_REPRESENTATION_CONTEXT() REPRESENTATION_CONTEXT('2D SPACE',''
  ) );
#7252 = PCURVE('',#1986,#7253);
#7253 = DEFINITIONAL_REPRESENTATION('',(#7254),#7258);
#7254 = LINE('',#7255,#7256);
#7255 = CARTESIAN_POINT('',(0.,-6.3));
#7256 = VECTOR('',#7257,1.);
#7257 = DIRECTION('',(1.,0.));
#7258 = ( GEOMETRIC_REPRESENTATION_CONTEXT(2) 
PARAMETRIC_REPRESENTATION_CONTEXT() REPRESENTATION_CONTEXT('2D SPACE',''
  ) );
#7259 = ORIENTED_EDGE('',*,*,#7260,.T.);
#7260 = EDGE_CURVE('',#7238,#7261,#7263,.T.);
#7261 = VERTEX_POINT('',#7262);
#7262 = CARTESIAN_POINT('',(78.118036517762,3.236063200412,6.3));
#7263 = SURFACE_CURVE('',#7264,(#7268,#7275),.PCURVE_S1.);
#7264 = LINE('',#7265,#7266);
#7265 = CARTESIAN_POINT('',(78.27028744673,4.003484109934,6.3));
#7266 = VECTOR('',#7267,1.);
#7267 = DIRECTION('',(-0.194600239301,-0.980882636641,0.));
#7268 = PCURVE('',#72,#7269);
#7269 = DEFINITIONAL_REPRESENTATION('',(#7270),#7274);
#7270 = LINE('',#7271,#7272);
#7271 = CARTESIAN_POINT('',(5.512742478125,-39.31944192494));
#7272 = VECTOR('',#7273,1.);
#7273 = DIRECTION('',(0.194600239301,-0.980882636641));
#7274 = ( GEOMETRIC_REPRESENTATION_CONTEXT(2) 
PARAMETRIC_REPRESENTATION_CONTEXT() REPRESENTATION_CONTEXT('2D SPACE',''
  ) );
#7275 = PCURVE('',#2014,#7276);
#7276 = DEFINITIONAL_REPRESENTATION('',(#7277),#7281);
#7277 = LINE('',#7278,#7279);
#7278 = CARTESIAN_POINT('',(0.,-6.3));
#7279 = VECTOR('',#7280,1.);
#7280 = DIRECTION('',(1.,0.));
#7281 = ( GEOMETRIC_REPRESENTATION_CONTEXT(2) 
PARAMETRIC_REPRESENTATION_CONTEXT() REPRESENTATION_CONTEXT('2D SPACE',''
  ) );
#7282 = ORIENTED_EDGE('',*,*,#7283,.T.);
#7283 = EDGE_CURVE('',#7261,#7284,#7286,.T.);
#7284 = VERTEX_POINT('',#7285);
#7285 = CARTESIAN_POINT('',(77.838198258141,2.507590452646,6.3));
#7286 = SURFACE_CURVE('',#7287,(#7291,#7298),.PCURVE_S1.);
#7287 = LINE('',#7288,#7289);
#7288 = CARTESIAN_POINT('',(78.118036517762,3.236063200412,6.3));
#7289 = VECTOR('',#7290,1.);
#7290 = DIRECTION('',(-0.358595524171,-0.933493036955,0.));
#7291 = PCURVE('',#72,#7292);
#7292 = DEFINITIONAL_REPRESENTATION('',(#7293),#7297);
#7293 = LINE('',#7294,#7295);
#7294 = CARTESIAN_POINT('',(5.664993407093,-40.08686283446));
#7295 = VECTOR('',#7296,1.);
#7296 = DIRECTION('',(0.358595524171,-0.933493036955));
#7297 = ( GEOMETRIC_REPRESENTATION_CONTEXT(2) 
PARAMETRIC_REPRESENTATION_CONTEXT() REPRESENTATION_CONTEXT('2D SPACE',''
  ) );
#7298 = PCURVE('',#2042,#7299);
#7299 = DEFINITIONAL_REPRESENTATION('',(#7300),#7304);
#7300 = LINE('',#7301,#7302);
#7301 = CARTESIAN_POINT('',(0.,-6.3));
#7302 = VECTOR('',#7303,1.);
#7303 = DIRECTION('',(1.,0.));
#7304 = ( GEOMETRIC_REPRESENTATION_CONTEXT(2) 
PARAMETRIC_REPRESENTATION_CONTEXT() REPRESENTATION_CONTEXT('2D SPACE',''
  ) );
#7305 = ORIENTED_EDGE('',*,*,#7306,.T.);
#7306 = EDGE_CURVE('',#7284,#7307,#7309,.T.);
#7307 = VERTEX_POINT('',#7308);
#7308 = CARTESIAN_POINT('',(77.339550214818,1.728357730783,6.3));
#7309 = SURFACE_CURVE('',#7310,(#7314,#7321),.PCURVE_S1.);
#7310 = LINE('',#7311,#7312);
#7311 = CARTESIAN_POINT('',(77.838198258141,2.507590452646,6.3));
#7312 = VECTOR('',#7313,1.);
#7313 = DIRECTION('',(-0.539006996099,-0.842301287045,0.));
#7314 = PCURVE('',#72,#7315);
#7315 = DEFINITIONAL_REPRESENTATION('',(#7316),#7320);
#7316 = LINE('',#7317,#7318);
#7317 = CARTESIAN_POINT('',(5.944831666714,-40.81533558223));
#7318 = VECTOR('',#7319,1.);
#7319 = DIRECTION('',(0.539006996099,-0.842301287045));
#7320 = ( GEOMETRIC_REPRESENTATION_CONTEXT(2) 
PARAMETRIC_REPRESENTATION_CONTEXT() REPRESENTATION_CONTEXT('2D SPACE',''
  ) );
#7321 = PCURVE('',#2070,#7322);
#7322 = DEFINITIONAL_REPRESENTATION('',(#7323),#7327);
#7323 = LINE('',#7324,#7325);
#7324 = CARTESIAN_POINT('',(0.,-6.3));
#7325 = VECTOR('',#7326,1.);
#7326 = DIRECTION('',(1.,0.));
#7327 = ( GEOMETRIC_REPRESENTATION_CONTEXT(2) 
PARAMETRIC_REPRESENTATION_CONTEXT() REPRESENTATION_CONTEXT('2D SPACE',''
  ) );
#7328 = ORIENTED_EDGE('',*,*,#7329,.T.);
#7329 = EDGE_CURVE('',#7307,#7330,#7332,.T.);
#7330 = VERTEX_POINT('',#7331);
#7331 = CARTESIAN_POINT('',(76.761790416485,1.13461104254,6.3));
#7332 = SURFACE_CURVE('',#7333,(#7337,#7344),.PCURVE_S1.);
#7333 = LINE('',#7334,#7335);
#7334 = CARTESIAN_POINT('',(77.339550214818,1.728357730783,6.3));
#7335 = VECTOR('',#7336,1.);
#7336 = DIRECTION('',(-0.697392359764,-0.716689539858,0.));
#7337 = PCURVE('',#72,#7338);
#7338 = DEFINITIONAL_REPRESENTATION('',(#7339),#7343);
#7339 = LINE('',#7340,#7341);
#7340 = CARTESIAN_POINT('',(6.443479710037,-41.59456830409));
#7341 = VECTOR('',#7342,1.);
#7342 = DIRECTION('',(0.697392359764,-0.716689539858));
#7343 = ( GEOMETRIC_REPRESENTATION_CONTEXT(2) 
PARAMETRIC_REPRESENTATION_CONTEXT() REPRESENTATION_CONTEXT('2D SPACE',''
  ) );
#7344 = PCURVE('',#2098,#7345);
#7345 = DEFINITIONAL_REPRESENTATION('',(#7346),#7350);
#7346 = LINE('',#7347,#7348);
#7347 = CARTESIAN_POINT('',(0.,-6.3));
#7348 = VECTOR('',#7349,1.);
#7349 = DIRECTION('',(1.,0.));
#7350 = ( GEOMETRIC_REPRESENTATION_CONTEXT(2) 
PARAMETRIC_REPRESENTATION_CONTEXT() REPRESENTATION_CONTEXT('2D SPACE',''
  ) );
#7351 = ORIENTED_EDGE('',*,*,#7352,.T.);
#7352 = EDGE_CURVE('',#7330,#7353,#7355,.T.);
#7353 = VERTEX_POINT('',#7354);
#7354 = CARTESIAN_POINT('',(75.97039191598,0.604234748759,6.3));
#7355 = SURFACE_CURVE('',#7356,(#7360,#7367),.PCURVE_S1.);
#7356 = LINE('',#7357,#7358);
#7357 = CARTESIAN_POINT('',(76.761790416485,1.13461104254,6.3));
#7358 = VECTOR('',#7359,1.);
#7359 = DIRECTION('',(-0.830702358427,-0.556716796679,0.));
#7360 = PCURVE('',#72,#7361);
#7361 = DEFINITIONAL_REPRESENTATION('',(#7362),#7366);
#7362 = LINE('',#7363,#7364);
#7363 = CARTESIAN_POINT('',(7.02123950837,-42.18831499233));
#7364 = VECTOR('',#7365,1.);
#7365 = DIRECTION('',(0.830702358427,-0.556716796679));
#7366 = ( GEOMETRIC_REPRESENTATION_CONTEXT(2) 
PARAMETRIC_REPRESENTATION_CONTEXT() REPRESENTATION_CONTEXT('2D SPACE',''
  ) );
#7367 = PCURVE('',#2126,#7368);
#7368 = DEFINITIONAL_REPRESENTATION('',(#7369),#7373);
#7369 = LINE('',#7370,#7371);
#7370 = CARTESIAN_POINT('',(0.,-6.3));
#7371 = VECTOR('',#7372,1.);
#7372 = DIRECTION('',(1.,0.));
#7373 = ( GEOMETRIC_REPRESENTATION_CONTEXT(2) 
PARAMETRIC_REPRESENTATION_CONTEXT() REPRESENTATION_CONTEXT('2D SPACE',''
  ) );
#7374 = ORIENTED_EDGE('',*,*,#7375,.T.);
#7375 = EDGE_CURVE('',#7353,#7376,#7378,.T.);
#7376 = VERTEX_POINT('',#7377);
#7377 = CARTESIAN_POINT('',(75.201648535072,0.295571896958,6.3));
#7378 = SURFACE_CURVE('',#7379,(#7383,#7390),.PCURVE_S1.);
#7379 = LINE('',#7380,#7381);
#7380 = CARTESIAN_POINT('',(75.97039191598,0.604234748759,6.3));
#7381 = VECTOR('',#7382,1.);
#7382 = DIRECTION('',(-0.927990748365,-0.372603235291,0.));
#7383 = PCURVE('',#72,#7384);
#7384 = DEFINITIONAL_REPRESENTATION('',(#7385),#7389);
#7385 = LINE('',#7386,#7387);
#7386 = CARTESIAN_POINT('',(7.812638008875,-42.71869128611));
#7387 = VECTOR('',#7388,1.);
#7388 = DIRECTION('',(0.927990748365,-0.372603235291));
#7389 = ( GEOMETRIC_REPRESENTATION_CONTEXT(2) 
PARAMETRIC_REPRESENTATION_CONTEXT() REPRESENTATION_CONTEXT('2D SPACE',''
  ) );
#7390 = PCURVE('',#2154,#7391);
#7391 = DEFINITIONAL_REPRESENTATION('',(#7392),#7396);
#7392 = LINE('',#7393,#7394);
#7393 = CARTESIAN_POINT('',(0.,-6.3));
#7394 = VECTOR('',#7395,1.);
#7395 = DIRECTION('',(1.,0.));
#7396 = ( GEOMETRIC_REPRESENTATION_CONTEXT(2) 
PARAMETRIC_REPRESENTATION_CONTEXT() REPRESENTATION_CONTEXT('2D SPACE',''
  ) );
#7397 = ORIENTED_EDGE('',*,*,#7398,.T.);
#7398 = EDGE_CURVE('',#7376,#7399,#7401,.T.);
#7399 = VERTEX_POINT('',#7400);
#7400 = CARTESIAN_POINT('',(74.347520112255,0.129952395151,6.3));
#7401 = SURFACE_CURVE('',#7402,(#7406,#7413),.PCURVE_S1.);
#7402 = LINE('',#7403,#7404);
#7403 = CARTESIAN_POINT('',(75.201648535072,0.295571896958,6.3));
#7404 = VECTOR('',#7405,1.);
#7405 = DIRECTION('',(-0.981714537535,-0.190359047047,0.));
#7406 = PCURVE('',#72,#7407);
#7407 = DEFINITIONAL_REPRESENTATION('',(#7408),#7412);
#7408 = LINE('',#7409,#7410);
#7409 = CARTESIAN_POINT('',(8.581381389783,-43.02735413792));
#7410 = VECTOR('',#7411,1.);
#7411 = DIRECTION('',(0.981714537535,-0.190359047047));
#7412 = ( GEOMETRIC_REPRESENTATION_CONTEXT(2) 
PARAMETRIC_REPRESENTATION_CONTEXT() REPRESENTATION_CONTEXT('2D SPACE',''
  ) );
#7413 = PCURVE('',#2182,#7414);
#7414 = DEFINITIONAL_REPRESENTATION('',(#7415),#7419);
#7415 = LINE('',#7416,#7417);
#7416 = CARTESIAN_POINT('',(0.,-6.3));
#7417 = VECTOR('',#7418,1.);
#7418 = DIRECTION('',(1.,0.));
#7419 = ( GEOMETRIC_REPRESENTATION_CONTEXT(2) 
PARAMETRIC_REPRESENTATION_CONTEXT() REPRESENTATION_CONTEXT('2D SPACE',''
  ) );
#7420 = ORIENTED_EDGE('',*,*,#7421,.T.);
#7421 = EDGE_CURVE('',#7399,#7422,#7424,.T.);
#7422 = VERTEX_POINT('',#7423);
#7423 = CARTESIAN_POINT('',(57.809580744654,0.109394869639,6.3));
#7424 = SURFACE_CURVE('',#7425,(#7429,#7436),.PCURVE_S1.);
#7425 = LINE('',#7426,#7427);
#7426 = CARTESIAN_POINT('',(74.347520112255,0.129952395151,6.3));
#7427 = VECTOR('',#7428,1.);
#7428 = DIRECTION('',(-0.999999227411,-1.24305145721E-03,0.));
#7429 = PCURVE('',#72,#7430);
#7430 = DEFINITIONAL_REPRESENTATION('',(#7431),#7435);
#7431 = LINE('',#7432,#7433);
#7432 = CARTESIAN_POINT('',(9.435509812601,-43.19297363972));
#7433 = VECTOR('',#7434,1.);
#7434 = DIRECTION('',(0.999999227411,-1.24305145721E-03));
#7435 = ( GEOMETRIC_REPRESENTATION_CONTEXT(2) 
PARAMETRIC_REPRESENTATION_CONTEXT() REPRESENTATION_CONTEXT('2D SPACE',''
  ) );
#7436 = PCURVE('',#2210,#7437);
#7437 = DEFINITIONAL_REPRESENTATION('',(#7438),#7442);
#7438 = LINE('',#7439,#7440);
#7439 = CARTESIAN_POINT('',(0.,-6.3));
#7440 = VECTOR('',#7441,1.);
#7441 = DIRECTION('',(1.,0.));
#7442 = ( GEOMETRIC_REPRESENTATION_CONTEXT(2) 
PARAMETRIC_REPRESENTATION_CONTEXT() REPRESENTATION_CONTEXT('2D SPACE',''
  ) );
#7443 = ORIENTED_EDGE('',*,*,#7444,.T.);
#7444 = EDGE_CURVE('',#7422,#7445,#7447,.T.);
#7445 = VERTEX_POINT('',#7446);
#7446 = CARTESIAN_POINT('',(57.330377561183,0.159260599617,6.3));
#7447 = SURFACE_CURVE('',#7448,(#7452,#7459),.PCURVE_S1.);
#7448 = LINE('',#7449,#7450);
#7449 = CARTESIAN_POINT('',(57.809580744654,0.109394869639,6.3));
#7450 = VECTOR('',#7451,1.);
#7451 = DIRECTION('',(-0.994629368916,0.103500813956,0.));
#7452 = PCURVE('',#72,#7453);
#7453 = DEFINITIONAL_REPRESENTATION('',(#7454),#7458);
#7454 = LINE('',#7455,#7456);
#7455 = CARTESIAN_POINT('',(25.973449180201,-43.21353116523));
#7456 = VECTOR('',#7457,1.);
#7457 = DIRECTION('',(0.994629368916,0.103500813956));
#7458 = ( GEOMETRIC_REPRESENTATION_CONTEXT(2) 
PARAMETRIC_REPRESENTATION_CONTEXT() REPRESENTATION_CONTEXT('2D SPACE',''
  ) );
#7459 = PCURVE('',#2238,#7460);
#7460 = DEFINITIONAL_REPRESENTATION('',(#7461),#7465);
#7461 = LINE('',#7462,#7463);
#7462 = CARTESIAN_POINT('',(0.,-6.3));
#7463 = VECTOR('',#7464,1.);
#7464 = DIRECTION('',(1.,0.));
#7465 = ( GEOMETRIC_REPRESENTATION_CONTEXT(2) 
PARAMETRIC_REPRESENTATION_CONTEXT() REPRESENTATION_CONTEXT('2D SPACE',''
  ) );
#7466 = ORIENTED_EDGE('',*,*,#7467,.T.);
#7467 = EDGE_CURVE('',#7445,#7468,#7470,.T.);
#7468 = VERTEX_POINT('',#7469);
#7469 = CARTESIAN_POINT('',(56.893677661836,0.251708244191,6.3));
#7470 = SURFACE_CURVE('',#7471,(#7475,#7482),.PCURVE_S1.);
#7471 = LINE('',#7472,#7473);
#7472 = CARTESIAN_POINT('',(57.330377561183,0.159260599617,6.3));
#7473 = VECTOR('',#7474,1.);
#7474 = DIRECTION('',(-0.978318475247,0.207106158748,0.));
#7475 = PCURVE('',#72,#7476);
#7476 = DEFINITIONAL_REPRESENTATION('',(#7477),#7481);
#7477 = LINE('',#7478,#7479);
#7478 = CARTESIAN_POINT('',(26.452652363673,-43.16366543526));
#7479 = VECTOR('',#7480,1.);
#7480 = DIRECTION('',(0.978318475247,0.207106158748));
#7481 = ( GEOMETRIC_REPRESENTATION_CONTEXT(2) 
PARAMETRIC_REPRESENTATION_CONTEXT() REPRESENTATION_CONTEXT('2D SPACE',''
  ) );
#7482 = PCURVE('',#2266,#7483);
#7483 = DEFINITIONAL_REPRESENTATION('',(#7484),#7488);
#7484 = LINE('',#7485,#7486);
#7485 = CARTESIAN_POINT('',(0.,-6.3));
#7486 = VECTOR('',#7487,1.);
#7487 = DIRECTION('',(1.,0.));
#7488 = ( GEOMETRIC_REPRESENTATION_CONTEXT(2) 
PARAMETRIC_REPRESENTATION_CONTEXT() REPRESENTATION_CONTEXT('2D SPACE',''
  ) );
#7489 = ORIENTED_EDGE('',*,*,#7490,.T.);
#7490 = EDGE_CURVE('',#7468,#7491,#7493,.T.);
#7491 = VERTEX_POINT('',#7492);
#7492 = CARTESIAN_POINT('',(56.008754216888,0.596233349806,6.3));
#7493 = SURFACE_CURVE('',#7494,(#7498,#7505),.PCURVE_S1.);
#7494 = LINE('',#7495,#7496);
#7495 = CARTESIAN_POINT('',(56.893677661836,0.251708244191,6.3));
#7496 = VECTOR('',#7497,1.);
#7497 = DIRECTION('',(-0.93186650925,0.362801335359,0.));
#7498 = PCURVE('',#72,#7499);
#7499 = DEFINITIONAL_REPRESENTATION('',(#7500),#7504);
#7500 = LINE('',#7501,#7502);
#7501 = CARTESIAN_POINT('',(26.889352263019,-43.07121779068));
#7502 = VECTOR('',#7503,1.);
#7503 = DIRECTION('',(0.93186650925,0.362801335359));
#7504 = ( GEOMETRIC_REPRESENTATION_CONTEXT(2) 
PARAMETRIC_REPRESENTATION_CONTEXT() REPRESENTATION_CONTEXT('2D SPACE',''
  ) );
#7505 = PCURVE('',#2294,#7506);
#7506 = DEFINITIONAL_REPRESENTATION('',(#7507),#7511);
#7507 = LINE('',#7508,#7509);
#7508 = CARTESIAN_POINT('',(0.,-6.3));
#7509 = VECTOR('',#7510,1.);
#7510 = DIRECTION('',(1.,0.));
#7511 = ( GEOMETRIC_REPRESENTATION_CONTEXT(2) 
PARAMETRIC_REPRESENTATION_CONTEXT() REPRESENTATION_CONTEXT('2D SPACE',''
  ) );
#7512 = ORIENTED_EDGE('',*,*,#7513,.T.);
#7513 = EDGE_CURVE('',#7491,#7514,#7516,.T.);
#7514 = VERTEX_POINT('',#7515);
#7515 = CARTESIAN_POINT('',(55.223706020588,1.124965136008,6.3));
#7516 = SURFACE_CURVE('',#7517,(#7521,#7528),.PCURVE_S1.);
#7517 = LINE('',#7518,#7519);
#7518 = CARTESIAN_POINT('',(56.008754216888,0.596233349806,6.3));
#7519 = VECTOR('',#7520,1.);
#7520 = DIRECTION('',(-0.829424269002,0.558619174384,0.));
#7521 = PCURVE('',#72,#7522);
#7522 = DEFINITIONAL_REPRESENTATION('',(#7523),#7527);
#7523 = LINE('',#7524,#7525);
#7524 = CARTESIAN_POINT('',(27.774275707967,-42.72669268507));
#7525 = VECTOR('',#7526,1.);
#7526 = DIRECTION('',(0.829424269002,0.558619174384));
#7527 = ( GEOMETRIC_REPRESENTATION_CONTEXT(2) 
PARAMETRIC_REPRESENTATION_CONTEXT() REPRESENTATION_CONTEXT('2D SPACE',''
  ) );
#7528 = PCURVE('',#2322,#7529);
#7529 = DEFINITIONAL_REPRESENTATION('',(#7530),#7534);
#7530 = LINE('',#7531,#7532);
#7531 = CARTESIAN_POINT('',(0.,-6.3));
#7532 = VECTOR('',#7533,1.);
#7533 = DIRECTION('',(1.,0.));
#7534 = ( GEOMETRIC_REPRESENTATION_CONTEXT(2) 
PARAMETRIC_REPRESENTATION_CONTEXT() REPRESENTATION_CONTEXT('2D SPACE',''
  ) );
#7535 = ORIENTED_EDGE('',*,*,#7536,.T.);
#7536 = EDGE_CURVE('',#7514,#7537,#7539,.T.);
#7537 = VERTEX_POINT('',#7538);
#7538 = CARTESIAN_POINT('',(54.573656666473,1.812754237622,6.3));
#7539 = SURFACE_CURVE('',#7540,(#7544,#7551),.PCURVE_S1.);
#7540 = LINE('',#7541,#7542);
#7541 = CARTESIAN_POINT('',(55.223706020588,1.124965136008,6.3));
#7542 = VECTOR('',#7543,1.);
#7543 = DIRECTION('',(-0.686886406457,0.726764793193,0.));
#7544 = PCURVE('',#72,#7545);
#7545 = DEFINITIONAL_REPRESENTATION('',(#7546),#7550);
#7546 = LINE('',#7547,#7548);
#7547 = CARTESIAN_POINT('',(28.559323904268,-42.19796089887));
#7548 = VECTOR('',#7549,1.);
#7549 = DIRECTION('',(0.686886406457,0.726764793193));
#7550 = ( GEOMETRIC_REPRESENTATION_CONTEXT(2) 
PARAMETRIC_REPRESENTATION_CONTEXT() REPRESENTATION_CONTEXT('2D SPACE',''
  ) );
#7551 = PCURVE('',#2350,#7552);
#7552 = DEFINITIONAL_REPRESENTATION('',(#7553),#7557);
#7553 = LINE('',#7554,#7555);
#7554 = CARTESIAN_POINT('',(0.,-6.3));
#7555 = VECTOR('',#7556,1.);
#7556 = DIRECTION('',(1.,0.));
#7557 = ( GEOMETRIC_REPRESENTATION_CONTEXT(2) 
PARAMETRIC_REPRESENTATION_CONTEXT() REPRESENTATION_CONTEXT('2D SPACE',''
  ) );
#7558 = ORIENTED_EDGE('',*,*,#7559,.T.);
#7559 = EDGE_CURVE('',#7537,#7560,#7562,.T.);
#7560 = VERTEX_POINT('',#7561);
#7561 = CARTESIAN_POINT('',(54.200008798925,2.437105859567,6.3));
#7562 = SURFACE_CURVE('',#7563,(#7567,#7574),.PCURVE_S1.);
#7563 = LINE('',#7564,#7565);
#7564 = CARTESIAN_POINT('',(54.573656666473,1.812754237622,6.3));
#7565 = VECTOR('',#7566,1.);
#7566 = DIRECTION('',(-0.513522157722,0.85807633316,0.));
#7567 = PCURVE('',#72,#7568);
#7568 = DEFINITIONAL_REPRESENTATION('',(#7569),#7573);
#7569 = LINE('',#7570,#7571);
#7570 = CARTESIAN_POINT('',(29.209373258382,-41.51017179725));
#7571 = VECTOR('',#7572,1.);
#7572 = DIRECTION('',(0.513522157722,0.85807633316));
#7573 = ( GEOMETRIC_REPRESENTATION_CONTEXT(2) 
PARAMETRIC_REPRESENTATION_CONTEXT() REPRESENTATION_CONTEXT('2D SPACE',''
  ) );
#7574 = PCURVE('',#2378,#7575);
#7575 = DEFINITIONAL_REPRESENTATION('',(#7576),#7580);
#7576 = LINE('',#7577,#7578);
#7577 = CARTESIAN_POINT('',(0.,-6.3));
#7578 = VECTOR('',#7579,1.);
#7579 = DIRECTION('',(1.,0.));
#7580 = ( GEOMETRIC_REPRESENTATION_CONTEXT(2) 
PARAMETRIC_REPRESENTATION_CONTEXT() REPRESENTATION_CONTEXT('2D SPACE',''
  ) );
#7581 = ORIENTED_EDGE('',*,*,#7582,.T.);
#7582 = EDGE_CURVE('',#7560,#7583,#7585,.T.);
#7583 = VERTEX_POINT('',#7584);
#7584 = CARTESIAN_POINT('',(53.894397155009,3.20128304969,6.3));
#7585 = SURFACE_CURVE('',#7586,(#7590,#7597),.PCURVE_S1.);
#7586 = LINE('',#7587,#7588);
#7587 = CARTESIAN_POINT('',(54.200008798925,2.437105859567,6.3));
#7588 = VECTOR('',#7589,1.);
#7589 = DIRECTION('',(-0.371328633221,0.928501505734,0.));
#7590 = PCURVE('',#72,#7591);
#7591 = DEFINITIONAL_REPRESENTATION('',(#7592),#7596);
#7592 = LINE('',#7593,#7594);
#7593 = CARTESIAN_POINT('',(29.58302112593,-40.88582017531));
#7594 = VECTOR('',#7595,1.);
#7595 = DIRECTION('',(0.371328633221,0.928501505734));
#7596 = ( GEOMETRIC_REPRESENTATION_CONTEXT(2) 
PARAMETRIC_REPRESENTATION_CONTEXT() REPRESENTATION_CONTEXT('2D SPACE',''
  ) );
#7597 = PCURVE('',#2406,#7598);
#7598 = DEFINITIONAL_REPRESENTATION('',(#7599),#7603);
#7599 = LINE('',#7600,#7601);
#7600 = CARTESIAN_POINT('',(0.,-6.3));
#7601 = VECTOR('',#7602,1.);
#7602 = DIRECTION('',(1.,0.));
#7603 = ( GEOMETRIC_REPRESENTATION_CONTEXT(2) 
PARAMETRIC_REPRESENTATION_CONTEXT() REPRESENTATION_CONTEXT('2D SPACE',''
  ) );
#7604 = ORIENTED_EDGE('',*,*,#7605,.T.);
#7605 = EDGE_CURVE('',#7583,#7606,#7608,.T.);
#7606 = VERTEX_POINT('',#7607);
#7607 = CARTESIAN_POINT('',(53.730696496494,3.996768573735,6.3));
#7608 = SURFACE_CURVE('',#7609,(#7613,#7620),.PCURVE_S1.);
#7609 = LINE('',#7610,#7611);
#7610 = CARTESIAN_POINT('',(53.894397155009,3.20128304969,6.3));
#7611 = VECTOR('',#7612,1.);
#7612 = DIRECTION('',(-0.201563415092,0.979475466613,0.));
#7613 = PCURVE('',#72,#7614);
#7614 = DEFINITIONAL_REPRESENTATION('',(#7615),#7619);
#7615 = LINE('',#7616,#7617);
#7616 = CARTESIAN_POINT('',(29.888632769847,-40.12164298518));
#7617 = VECTOR('',#7618,1.);
#7618 = DIRECTION('',(0.201563415092,0.979475466613));
#7619 = ( GEOMETRIC_REPRESENTATION_CONTEXT(2) 
PARAMETRIC_REPRESENTATION_CONTEXT() REPRESENTATION_CONTEXT('2D SPACE',''
  ) );
#7620 = PCURVE('',#2434,#7621);
#7621 = DEFINITIONAL_REPRESENTATION('',(#7622),#7626);
#7622 = LINE('',#7623,#7624);
#7623 = CARTESIAN_POINT('',(0.,-6.3));
#7624 = VECTOR('',#7625,1.);
#7625 = DIRECTION('',(1.,0.));
#7626 = ( GEOMETRIC_REPRESENTATION_CONTEXT(2) 
PARAMETRIC_REPRESENTATION_CONTEXT() REPRESENTATION_CONTEXT('2D SPACE',''
  ) );
#7627 = ORIENTED_EDGE('',*,*,#7628,.T.);
#7628 = EDGE_CURVE('',#7606,#7629,#7631,.T.);
#7629 = VERTEX_POINT('',#7630);
#7630 = CARTESIAN_POINT('',(53.702592820094,5.100014725719,6.3));
#7631 = SURFACE_CURVE('',#7632,(#7636,#7643),.PCURVE_S1.);
#7632 = LINE('',#7633,#7634);
#7633 = CARTESIAN_POINT('',(53.730696496494,3.996768573735,6.3));
#7634 = VECTOR('',#7635,1.);
#7635 = DIRECTION('',(-2.546536189635E-02,0.999675705088,0.));
#7636 = PCURVE('',#72,#7637);
#7637 = DEFINITIONAL_REPRESENTATION('',(#7638),#7642);
#7638 = LINE('',#7639,#7640);
#7639 = CARTESIAN_POINT('',(30.052333428361,-39.32615746114));
#7640 = VECTOR('',#7641,1.);
#7641 = DIRECTION('',(2.546536189635E-02,0.999675705088));
#7642 = ( GEOMETRIC_REPRESENTATION_CONTEXT(2) 
PARAMETRIC_REPRESENTATION_CONTEXT() REPRESENTATION_CONTEXT('2D SPACE',''
  ) );
#7643 = PCURVE('',#2462,#7644);
#7644 = DEFINITIONAL_REPRESENTATION('',(#7645),#7649);
#7645 = LINE('',#7646,#7647);
#7646 = CARTESIAN_POINT('',(0.,-6.3));
#7647 = VECTOR('',#7648,1.);
#7648 = DIRECTION('',(1.,0.));
#7649 = ( GEOMETRIC_REPRESENTATION_CONTEXT(2) 
PARAMETRIC_REPRESENTATION_CONTEXT() REPRESENTATION_CONTEXT('2D SPACE',''
  ) );
#7650 = ORIENTED_EDGE('',*,*,#7651,.T.);
#7651 = EDGE_CURVE('',#7629,#7652,#7654,.T.);
#7652 = VERTEX_POINT('',#7653);
#7653 = CARTESIAN_POINT('',(39.948033472348,5.100702255726,6.3));
#7654 = SURFACE_CURVE('',#7655,(#7659,#7666),.PCURVE_S1.);
#7655 = LINE('',#7656,#7657);
#7656 = CARTESIAN_POINT('',(53.702592820094,5.100014725719,6.3));
#7657 = VECTOR('',#7658,1.);
#7658 = DIRECTION('',(-0.999999998751,4.998560758179E-05,0.));
#7659 = PCURVE('',#72,#7660);
#7660 = DEFINITIONAL_REPRESENTATION('',(#7661),#7665);
#7661 = LINE('',#7662,#7663);
#7662 = CARTESIAN_POINT('',(30.080437104761,-38.22291130915));
#7663 = VECTOR('',#7664,1.);
#7664 = DIRECTION('',(0.999999998751,4.998560758179E-05));
#7665 = ( GEOMETRIC_REPRESENTATION_CONTEXT(2) 
PARAMETRIC_REPRESENTATION_CONTEXT() REPRESENTATION_CONTEXT('2D SPACE',''
  ) );
#7666 = PCURVE('',#2490,#7667);
#7667 = DEFINITIONAL_REPRESENTATION('',(#7668),#7672);
#7668 = LINE('',#7669,#7670);
#7669 = CARTESIAN_POINT('',(0.,-6.3));
#7670 = VECTOR('',#7671,1.);
#7671 = DIRECTION('',(1.,0.));
#7672 = ( GEOMETRIC_REPRESENTATION_CONTEXT(2) 
PARAMETRIC_REPRESENTATION_CONTEXT() REPRESENTATION_CONTEXT('2D SPACE',''
  ) );
#7673 = ORIENTED_EDGE('',*,*,#7674,.T.);
#7674 = EDGE_CURVE('',#7652,#7675,#7677,.T.);
#7675 = VERTEX_POINT('',#7676);
#7676 = CARTESIAN_POINT('',(38.834106714194,5.277237105106,6.3));
#7677 = SURFACE_CURVE('',#7678,(#7682,#7689),.PCURVE_S1.);
#7678 = LINE('',#7679,#7680);
#7679 = CARTESIAN_POINT('',(39.948033472348,5.100702255726,6.3));
#7680 = VECTOR('',#7681,1.);
#7681 = DIRECTION('',(-0.987673789601,0.156526308761,0.));
#7682 = PCURVE('',#72,#7683);
#7683 = DEFINITIONAL_REPRESENTATION('',(#7684),#7688);
#7684 = LINE('',#7685,#7686);
#7685 = CARTESIAN_POINT('',(43.834996452507,-38.22222377915));
#7686 = VECTOR('',#7687,1.);
#7687 = DIRECTION('',(0.987673789601,0.156526308761));
#7688 = ( GEOMETRIC_REPRESENTATION_CONTEXT(2) 
PARAMETRIC_REPRESENTATION_CONTEXT() REPRESENTATION_CONTEXT('2D SPACE',''
  ) );
#7689 = PCURVE('',#2518,#7690);
#7690 = DEFINITIONAL_REPRESENTATION('',(#7691),#7695);
#7691 = LINE('',#7692,#7693);
#7692 = CARTESIAN_POINT('',(0.,-6.3));
#7693 = VECTOR('',#7694,1.);
#7694 = DIRECTION('',(1.,0.));
#7695 = ( GEOMETRIC_REPRESENTATION_CONTEXT(2) 
PARAMETRIC_REPRESENTATION_CONTEXT() REPRESENTATION_CONTEXT('2D SPACE',''
  ) );
#7696 = ORIENTED_EDGE('',*,*,#7697,.T.);
#7697 = EDGE_CURVE('',#7675,#7698,#7700,.T.);
#7698 = VERTEX_POINT('',#7699);
#7699 = CARTESIAN_POINT('',(38.127412045443,5.544310995177,6.3));
#7700 = SURFACE_CURVE('',#7701,(#7705,#7712),.PCURVE_S1.);
#7701 = LINE('',#7702,#7703);
#7702 = CARTESIAN_POINT('',(38.834106714194,5.277237105106,6.3));
#7703 = VECTOR('',#7704,1.);
#7704 = DIRECTION('',(-0.935428173983,0.35351680486,0.));
#7705 = PCURVE('',#72,#7706);
#7706 = DEFINITIONAL_REPRESENTATION('',(#7707),#7711);
#7707 = LINE('',#7708,#7709);
#7708 = CARTESIAN_POINT('',(44.948923210661,-38.04568892977));
#7709 = VECTOR('',#7710,1.);
#7710 = DIRECTION('',(0.935428173983,0.35351680486));
#7711 = ( GEOMETRIC_REPRESENTATION_CONTEXT(2) 
PARAMETRIC_REPRESENTATION_CONTEXT() REPRESENTATION_CONTEXT('2D SPACE',''
  ) );
#7712 = PCURVE('',#2546,#7713);
#7713 = DEFINITIONAL_REPRESENTATION('',(#7714),#7718);
#7714 = LINE('',#7715,#7716);
#7715 = CARTESIAN_POINT('',(0.,-6.3));
#7716 = VECTOR('',#7717,1.);
#7717 = DIRECTION('',(1.,0.));
#7718 = ( GEOMETRIC_REPRESENTATION_CONTEXT(2) 
PARAMETRIC_REPRESENTATION_CONTEXT() REPRESENTATION_CONTEXT('2D SPACE',''
  ) );
#7719 = ORIENTED_EDGE('',*,*,#7720,.T.);
#7720 = EDGE_CURVE('',#7698,#7721,#7723,.T.);
#7721 = VERTEX_POINT('',#7722);
#7722 = CARTESIAN_POINT('',(37.577975307055,5.86351746974,6.3));
#7723 = SURFACE_CURVE('',#7724,(#7728,#7735),.PCURVE_S1.);
#7724 = LINE('',#7725,#7726);
#7725 = CARTESIAN_POINT('',(38.127412045443,5.544310995177,6.3));
#7726 = VECTOR('',#7727,1.);
#7727 = DIRECTION('',(-0.864666807223,0.502345809665,0.));
#7728 = PCURVE('',#72,#7729);
#7729 = DEFINITIONAL_REPRESENTATION('',(#7730),#7734);
#7730 = LINE('',#7731,#7732);
#7731 = CARTESIAN_POINT('',(45.655617879412,-37.7786150397));
#7732 = VECTOR('',#7733,1.);
#7733 = DIRECTION('',(0.864666807223,0.502345809665));
#7734 = ( GEOMETRIC_REPRESENTATION_CONTEXT(2) 
PARAMETRIC_REPRESENTATION_CONTEXT() REPRESENTATION_CONTEXT('2D SPACE',''
  ) );
#7735 = PCURVE('',#2574,#7736);
#7736 = DEFINITIONAL_REPRESENTATION('',(#7737),#7741);
#7737 = LINE('',#7738,#7739);
#7738 = CARTESIAN_POINT('',(0.,-6.3));
#7739 = VECTOR('',#7740,1.);
#7740 = DIRECTION('',(1.,0.));
#7741 = ( GEOMETRIC_REPRESENTATION_CONTEXT(2) 
PARAMETRIC_REPRESENTATION_CONTEXT() REPRESENTATION_CONTEXT('2D SPACE',''
  ) );
#7742 = ORIENTED_EDGE('',*,*,#7743,.T.);
#7743 = EDGE_CURVE('',#7721,#7744,#7746,.T.);
#7744 = VERTEX_POINT('',#7745);
#7745 = CARTESIAN_POINT('',(36.955443625847,6.39315022915,6.3));
#7746 = SURFACE_CURVE('',#7747,(#7751,#7758),.PCURVE_S1.);
#7747 = LINE('',#7748,#7749);
#7748 = CARTESIAN_POINT('',(37.577975307055,5.86351746974,6.3));
#7749 = VECTOR('',#7750,1.);
#7750 = DIRECTION('',(-0.761648942589,0.647989882832,0.));
#7751 = PCURVE('',#72,#7752);
#7752 = DEFINITIONAL_REPRESENTATION('',(#7753),#7757);
#7753 = LINE('',#7754,#7755);
#7754 = CARTESIAN_POINT('',(46.2050546178,-37.45940856513));
#7755 = VECTOR('',#7756,1.);
#7756 = DIRECTION('',(0.761648942589,0.647989882832));
#7757 = ( GEOMETRIC_REPRESENTATION_CONTEXT(2) 
PARAMETRIC_REPRESENTATION_CONTEXT() REPRESENTATION_CONTEXT('2D SPACE',''
  ) );
#7758 = PCURVE('',#2602,#7759);
#7759 = DEFINITIONAL_REPRESENTATION('',(#7760),#7764);
#7760 = LINE('',#7761,#7762);
#7761 = CARTESIAN_POINT('',(0.,-6.3));
#7762 = VECTOR('',#7763,1.);
#7763 = DIRECTION('',(1.,0.));
#7764 = ( GEOMETRIC_REPRESENTATION_CONTEXT(2) 
PARAMETRIC_REPRESENTATION_CONTEXT() REPRESENTATION_CONTEXT('2D SPACE',''
  ) );
#7765 = ORIENTED_EDGE('',*,*,#7766,.T.);
#7766 = EDGE_CURVE('',#7744,#7767,#7769,.T.);
#7767 = VERTEX_POINT('',#7768);
#7768 = CARTESIAN_POINT('',(36.456967463486,7.000547737623,6.3));
#7769 = SURFACE_CURVE('',#7770,(#7774,#7781),.PCURVE_S1.);
#7770 = LINE('',#7771,#7772);
#7771 = CARTESIAN_POINT('',(36.955443625847,6.39315022915,6.3));
#7772 = VECTOR('',#7773,1.);
#7773 = DIRECTION('',(-0.634391694436,0.773011758016,0.));
#7774 = PCURVE('',#72,#7775);
#7775 = DEFINITIONAL_REPRESENTATION('',(#7776),#7780);
#7776 = LINE('',#7777,#7778);
#7777 = CARTESIAN_POINT('',(46.827586299008,-36.92977580572));
#7778 = VECTOR('',#7779,1.);
#7779 = DIRECTION('',(0.634391694436,0.773011758016));
#7780 = ( GEOMETRIC_REPRESENTATION_CONTEXT(2) 
PARAMETRIC_REPRESENTATION_CONTEXT() REPRESENTATION_CONTEXT('2D SPACE',''
  ) );
#7781 = PCURVE('',#2630,#7782);
#7782 = DEFINITIONAL_REPRESENTATION('',(#7783),#7787);
#7783 = LINE('',#7784,#7785);
#7784 = CARTESIAN_POINT('',(0.,-6.3));
#7785 = VECTOR('',#7786,1.);
#7786 = DIRECTION('',(1.,0.));
#7787 = ( GEOMETRIC_REPRESENTATION_CONTEXT(2) 
PARAMETRIC_REPRESENTATION_CONTEXT() REPRESENTATION_CONTEXT('2D SPACE',''
  ) );
#7788 = ORIENTED_EDGE('',*,*,#7789,.T.);
#7789 = EDGE_CURVE('',#7767,#7790,#7792,.T.);
#7790 = VERTEX_POINT('',#7791);
#7791 = CARTESIAN_POINT('',(36.025907996939,7.819040643375,6.3));
#7792 = SURFACE_CURVE('',#7793,(#7797,#7804),.PCURVE_S1.);
#7793 = LINE('',#7794,#7795);
#7794 = CARTESIAN_POINT('',(36.456967463486,7.000547737623,6.3));
#7795 = VECTOR('',#7796,1.);
#7796 = DIRECTION('',(-0.465978130586,0.884796237456,0.));
#7797 = PCURVE('',#72,#7798);
#7798 = DEFINITIONAL_REPRESENTATION('',(#7799),#7803);
#7799 = LINE('',#7800,#7801);
#7800 = CARTESIAN_POINT('',(47.32606246137,-36.32237829725));
#7801 = VECTOR('',#7802,1.);
#7802 = DIRECTION('',(0.465978130586,0.884796237456));
#7803 = ( GEOMETRIC_REPRESENTATION_CONTEXT(2) 
PARAMETRIC_REPRESENTATION_CONTEXT() REPRESENTATION_CONTEXT('2D SPACE',''
  ) );
#7804 = PCURVE('',#2658,#7805);
#7805 = DEFINITIONAL_REPRESENTATION('',(#7806),#7810);
#7806 = LINE('',#7807,#7808);
#7807 = CARTESIAN_POINT('',(0.,-6.3));
#7808 = VECTOR('',#7809,1.);
#7809 = DIRECTION('',(1.,0.));
#7810 = ( GEOMETRIC_REPRESENTATION_CONTEXT(2) 
PARAMETRIC_REPRESENTATION_CONTEXT() REPRESENTATION_CONTEXT('2D SPACE',''
  ) );
#7811 = ORIENTED_EDGE('',*,*,#7812,.T.);
#7812 = EDGE_CURVE('',#7790,#7813,#7815,.T.);
#7813 = VERTEX_POINT('',#7814);
#7814 = CARTESIAN_POINT('',(35.796670091997,8.609513828774,6.3));
#7815 = SURFACE_CURVE('',#7816,(#7820,#7827),.PCURVE_S1.);
#7816 = LINE('',#7817,#7818);
#7817 = CARTESIAN_POINT('',(36.025907996939,7.819040643375,6.3));
#7818 = VECTOR('',#7819,1.);
#7819 = DIRECTION('',(-0.278525213674,0.960428917384,0.));
#7820 = PCURVE('',#72,#7821);
#7821 = DEFINITIONAL_REPRESENTATION('',(#7822),#7826);
#7822 = LINE('',#7823,#7824);
#7823 = CARTESIAN_POINT('',(47.757121927916,-35.5038853915));
#7824 = VECTOR('',#7825,1.);
#7825 = DIRECTION('',(0.278525213674,0.960428917384));
#7826 = ( GEOMETRIC_REPRESENTATION_CONTEXT(2) 
PARAMETRIC_REPRESENTATION_CONTEXT() REPRESENTATION_CONTEXT('2D SPACE',''
  ) );
#7827 = PCURVE('',#2686,#7828);
#7828 = DEFINITIONAL_REPRESENTATION('',(#7829),#7833);
#7829 = LINE('',#7830,#7831);
#7830 = CARTESIAN_POINT('',(0.,-6.3));
#7831 = VECTOR('',#7832,1.);
#7832 = DIRECTION('',(1.,0.));
#7833 = ( GEOMETRIC_REPRESENTATION_CONTEXT(2) 
PARAMETRIC_REPRESENTATION_CONTEXT() REPRESENTATION_CONTEXT('2D SPACE',''
  ) );
#7834 = ORIENTED_EDGE('',*,*,#7835,.T.);
#7835 = EDGE_CURVE('',#7813,#7836,#7838,.T.);
#7836 = VERTEX_POINT('',#7837);
#7837 = CARTESIAN_POINT('',(35.705675291619,9.240849712354,6.3));
#7838 = SURFACE_CURVE('',#7839,(#7843,#7850),.PCURVE_S1.);
#7839 = LINE('',#7840,#7841);
#7840 = CARTESIAN_POINT('',(35.796670091997,8.609513828774,6.3));
#7841 = VECTOR('',#7842,1.);
#7842 = DIRECTION('',(-0.142656440375,0.989772266746,0.));
#7843 = PCURVE('',#72,#7844);
#7844 = DEFINITIONAL_REPRESENTATION('',(#7845),#7849);
#7845 = LINE('',#7846,#7847);
#7846 = CARTESIAN_POINT('',(47.986359832858,-34.7134122061));
#7847 = VECTOR('',#7848,1.);
#7848 = DIRECTION('',(0.142656440375,0.989772266746));
#7849 = ( GEOMETRIC_REPRESENTATION_CONTEXT(2) 
PARAMETRIC_REPRESENTATION_CONTEXT() REPRESENTATION_CONTEXT('2D SPACE',''
  ) );
#7850 = PCURVE('',#2714,#7851);
#7851 = DEFINITIONAL_REPRESENTATION('',(#7852),#7856);
#7852 = LINE('',#7853,#7854);
#7853 = CARTESIAN_POINT('',(0.,-6.3));
#7854 = VECTOR('',#7855,1.);
#7855 = DIRECTION('',(1.,0.));
#7856 = ( GEOMETRIC_REPRESENTATION_CONTEXT(2) 
PARAMETRIC_REPRESENTATION_CONTEXT() REPRESENTATION_CONTEXT('2D SPACE',''
  ) );
#7857 = ORIENTED_EDGE('',*,*,#7858,.T.);
#7858 = EDGE_CURVE('',#7836,#7859,#7861,.T.);
#7859 = VERTEX_POINT('',#7860);
#7860 = CARTESIAN_POINT('',(35.673993121782,17.099731374062,6.3));
#7861 = SURFACE_CURVE('',#7862,(#7866,#7873),.PCURVE_S1.);
#7862 = LINE('',#7863,#7864);
#7863 = CARTESIAN_POINT('',(35.705675291619,9.240849712354,6.3));
#7864 = VECTOR('',#7865,1.);
#7865 = DIRECTION('',(-4.03135124736E-03,0.999991874071,0.));
#7866 = PCURVE('',#72,#7867);
#7867 = DEFINITIONAL_REPRESENTATION('',(#7868),#7872);
#7868 = LINE('',#7869,#7870);
#7869 = CARTESIAN_POINT('',(48.077354633237,-34.08207632252));
#7870 = VECTOR('',#7871,1.);
#7871 = DIRECTION('',(4.03135124736E-03,0.999991874071));
#7872 = ( GEOMETRIC_REPRESENTATION_CONTEXT(2) 
PARAMETRIC_REPRESENTATION_CONTEXT() REPRESENTATION_CONTEXT('2D SPACE',''
  ) );
#7873 = PCURVE('',#2742,#7874);
#7874 = DEFINITIONAL_REPRESENTATION('',(#7875),#7879);
#7875 = LINE('',#7876,#7877);
#7876 = CARTESIAN_POINT('',(0.,-6.3));
#7877 = VECTOR('',#7878,1.);
#7878 = DIRECTION('',(1.,0.));
#7879 = ( GEOMETRIC_REPRESENTATION_CONTEXT(2) 
PARAMETRIC_REPRESENTATION_CONTEXT() REPRESENTATION_CONTEXT('2D SPACE',''
  ) );
#7880 = ORIENTED_EDGE('',*,*,#7881,.T.);
#7881 = EDGE_CURVE('',#7859,#7882,#7884,.T.);
#7882 = VERTEX_POINT('',#7883);
#7883 = CARTESIAN_POINT('',(21.399580838901,17.109934971531,6.3));
#7884 = SURFACE_CURVE('',#7885,(#7889,#7896),.PCURVE_S1.);
#7885 = LINE('',#7886,#7887);
#7886 = CARTESIAN_POINT('',(35.673993121782,17.099731374062,6.3));
#7887 = VECTOR('',#7888,1.);
#7888 = DIRECTION('',(-0.999999744518,7.148171610022E-04,0.));
#7889 = PCURVE('',#72,#7890);
#7890 = DEFINITIONAL_REPRESENTATION('',(#7891),#7895);
#7891 = LINE('',#7892,#7893);
#7892 = CARTESIAN_POINT('',(48.109036803073,-26.22319466081));
#7893 = VECTOR('',#7894,1.);
#7894 = DIRECTION('',(0.999999744518,7.148171610022E-04));
#7895 = ( GEOMETRIC_REPRESENTATION_CONTEXT(2) 
PARAMETRIC_REPRESENTATION_CONTEXT() REPRESENTATION_CONTEXT('2D SPACE',''
  ) );
#7896 = PCURVE('',#2770,#7897);
#7897 = DEFINITIONAL_REPRESENTATION('',(#7898),#7902);
#7898 = LINE('',#7899,#7900);
#7899 = CARTESIAN_POINT('',(0.,-6.3));
#7900 = VECTOR('',#7901,1.);
#7901 = DIRECTION('',(1.,0.));
#7902 = ( GEOMETRIC_REPRESENTATION_CONTEXT(2) 
PARAMETRIC_REPRESENTATION_CONTEXT() REPRESENTATION_CONTEXT('2D SPACE',''
  ) );
#7903 = ORIENTED_EDGE('',*,*,#7904,.T.);
#7904 = EDGE_CURVE('',#7882,#7905,#7907,.T.);
#7905 = VERTEX_POINT('',#7906);
#7906 = CARTESIAN_POINT('',(20.815029821993,17.185889575701,6.3));
#7907 = SURFACE_CURVE('',#7908,(#7912,#7919),.PCURVE_S1.);
#7908 = LINE('',#7909,#7910);
#7909 = CARTESIAN_POINT('',(21.399580838901,17.109934971531,6.3));
#7910 = VECTOR('',#7911,1.);
#7911 = DIRECTION('',(-0.991663645828,0.128853457627,0.));
#7912 = PCURVE('',#72,#7913);
#7913 = DEFINITIONAL_REPRESENTATION('',(#7914),#7918);
#7914 = LINE('',#7915,#7916);
#7915 = CARTESIAN_POINT('',(62.383449085954,-26.21299106334));
#7916 = VECTOR('',#7917,1.);
#7917 = DIRECTION('',(0.991663645828,0.128853457627));
#7918 = ( GEOMETRIC_REPRESENTATION_CONTEXT(2) 
PARAMETRIC_REPRESENTATION_CONTEXT() REPRESENTATION_CONTEXT('2D SPACE',''
  ) );
#7919 = PCURVE('',#2798,#7920);
#7920 = DEFINITIONAL_REPRESENTATION('',(#7921),#7925);
#7921 = LINE('',#7922,#7923);
#7922 = CARTESIAN_POINT('',(0.,-6.3));
#7923 = VECTOR('',#7924,1.);
#7924 = DIRECTION('',(1.,0.));
#7925 = ( GEOMETRIC_REPRESENTATION_CONTEXT(2) 
PARAMETRIC_REPRESENTATION_CONTEXT() REPRESENTATION_CONTEXT('2D SPACE',''
  ) );
#7926 = ORIENTED_EDGE('',*,*,#7927,.T.);
#7927 = EDGE_CURVE('',#7905,#7928,#7930,.T.);
#7928 = VERTEX_POINT('',#7929);
#7929 = CARTESIAN_POINT('',(20.205853140137,17.346451261514,6.3));
#7930 = SURFACE_CURVE('',#7931,(#7935,#7942),.PCURVE_S1.);
#7931 = LINE('',#7932,#7933);
#7932 = CARTESIAN_POINT('',(20.815029821993,17.185889575701,6.3));
#7933 = VECTOR('',#7934,1.);
#7934 = DIRECTION('',(-0.966976003575,0.254867433208,0.));
#7935 = PCURVE('',#72,#7936);
#7936 = DEFINITIONAL_REPRESENTATION('',(#7937),#7941);
#7937 = LINE('',#7938,#7939);
#7938 = CARTESIAN_POINT('',(62.968000102862,-26.13703645917));
#7939 = VECTOR('',#7940,1.);
#7940 = DIRECTION('',(0.966976003575,0.254867433208));
#7941 = ( GEOMETRIC_REPRESENTATION_CONTEXT(2) 
PARAMETRIC_REPRESENTATION_CONTEXT() REPRESENTATION_CONTEXT('2D SPACE',''
  ) );
#7942 = PCURVE('',#2826,#7943);
#7943 = DEFINITIONAL_REPRESENTATION('',(#7944),#7948);
#7944 = LINE('',#7945,#7946);
#7945 = CARTESIAN_POINT('',(0.,-6.3));
#7946 = VECTOR('',#7947,1.);
#7947 = DIRECTION('',(1.,0.));
#7948 = ( GEOMETRIC_REPRESENTATION_CONTEXT(2) 
PARAMETRIC_REPRESENTATION_CONTEXT() REPRESENTATION_CONTEXT('2D SPACE',''
  ) );
#7949 = ORIENTED_EDGE('',*,*,#7950,.T.);
#7950 = EDGE_CURVE('',#7928,#7951,#7953,.T.);
#7951 = VERTEX_POINT('',#7952);
#7952 = CARTESIAN_POINT('',(19.540457957005,17.640853156595,6.3));
#7953 = SURFACE_CURVE('',#7954,(#7958,#7965),.PCURVE_S1.);
#7954 = LINE('',#7955,#7956);
#7955 = CARTESIAN_POINT('',(20.205853140137,17.346451261514,6.3));
#7956 = VECTOR('',#7957,1.);
#7957 = DIRECTION('',(-0.914488309112,0.40461232371,0.));
#7958 = PCURVE('',#72,#7959);
#7959 = DEFINITIONAL_REPRESENTATION('',(#7960),#7964);
#7960 = LINE('',#7961,#7962);
#7961 = CARTESIAN_POINT('',(63.577176784718,-25.97647477336));
#7962 = VECTOR('',#7963,1.);
#7963 = DIRECTION('',(0.914488309112,0.40461232371));
#7964 = ( GEOMETRIC_REPRESENTATION_CONTEXT(2) 
PARAMETRIC_REPRESENTATION_CONTEXT() REPRESENTATION_CONTEXT('2D SPACE',''
  ) );
#7965 = PCURVE('',#2854,#7966);
#7966 = DEFINITIONAL_REPRESENTATION('',(#7967),#7971);
#7967 = LINE('',#7968,#7969);
#7968 = CARTESIAN_POINT('',(0.,-6.3));
#7969 = VECTOR('',#7970,1.);
#7970 = DIRECTION('',(1.,0.));
#7971 = ( GEOMETRIC_REPRESENTATION_CONTEXT(2) 
PARAMETRIC_REPRESENTATION_CONTEXT() REPRESENTATION_CONTEXT('2D SPACE',''
  ) );
#7972 = ORIENTED_EDGE('',*,*,#7973,.T.);
#7973 = EDGE_CURVE('',#7951,#7974,#7976,.T.);
#7974 = VERTEX_POINT('',#7975);
#7975 = CARTESIAN_POINT('',(19.007355787828,17.986629822518,6.3));
#7976 = SURFACE_CURVE('',#7977,(#7981,#7988),.PCURVE_S1.);
#7977 = LINE('',#7978,#7979);
#7978 = CARTESIAN_POINT('',(19.540457957005,17.640853156595,6.3));
#7979 = VECTOR('',#7980,1.);
#7980 = DIRECTION('',(-0.838975179627,0.544169686743,0.));
#7981 = PCURVE('',#72,#7982);
#7982 = DEFINITIONAL_REPRESENTATION('',(#7983),#7987);
#7983 = LINE('',#7984,#7985);
#7984 = CARTESIAN_POINT('',(64.24257196785,-25.68207287828));
#7985 = VECTOR('',#7986,1.);
#7986 = DIRECTION('',(0.838975179627,0.544169686743));
#7987 = ( GEOMETRIC_REPRESENTATION_CONTEXT(2) 
PARAMETRIC_REPRESENTATION_CONTEXT() REPRESENTATION_CONTEXT('2D SPACE',''
  ) );
#7988 = PCURVE('',#2882,#7989);
#7989 = DEFINITIONAL_REPRESENTATION('',(#7990),#7994);
#7990 = LINE('',#7991,#7992);
#7991 = CARTESIAN_POINT('',(0.,-6.3));
#7992 = VECTOR('',#7993,1.);
#7993 = DIRECTION('',(1.,0.));
#7994 = ( GEOMETRIC_REPRESENTATION_CONTEXT(2) 
PARAMETRIC_REPRESENTATION_CONTEXT() REPRESENTATION_CONTEXT('2D SPACE',''
  ) );
#7995 = ORIENTED_EDGE('',*,*,#7996,.T.);
#7996 = EDGE_CURVE('',#7974,#7997,#7999,.T.);
#7997 = VERTEX_POINT('',#7998);
#7998 = CARTESIAN_POINT('',(18.46522961499,18.476626498357,6.3));
#7999 = SURFACE_CURVE('',#8000,(#8004,#8011),.PCURVE_S1.);
#8000 = LINE('',#8001,#8002);
#8001 = CARTESIAN_POINT('',(19.007355787828,17.986629822518,6.3));
#8002 = VECTOR('',#8003,1.);
#8003 = DIRECTION('',(-0.741875024715,0.670538177664,0.));
#8004 = PCURVE('',#72,#8005);
#8005 = DEFINITIONAL_REPRESENTATION('',(#8006),#8010);
#8006 = LINE('',#8007,#8008);
#8007 = CARTESIAN_POINT('',(64.775674137028,-25.33629621236));
#8008 = VECTOR('',#8009,1.);
#8009 = DIRECTION('',(0.741875024715,0.670538177664));
#8010 = ( GEOMETRIC_REPRESENTATION_CONTEXT(2) 
PARAMETRIC_REPRESENTATION_CONTEXT() REPRESENTATION_CONTEXT('2D SPACE',''
  ) );
#8011 = PCURVE('',#2910,#8012);
#8012 = DEFINITIONAL_REPRESENTATION('',(#8013),#8017);
#8013 = LINE('',#8014,#8015);
#8014 = CARTESIAN_POINT('',(0.,-6.3));
#8015 = VECTOR('',#8016,1.);
#8016 = DIRECTION('',(1.,0.));
#8017 = ( GEOMETRIC_REPRESENTATION_CONTEXT(2) 
PARAMETRIC_REPRESENTATION_CONTEXT() REPRESENTATION_CONTEXT('2D SPACE',''
  ) );
#8018 = ORIENTED_EDGE('',*,*,#8019,.T.);
#8019 = EDGE_CURVE('',#7997,#8020,#8022,.T.);
#8020 = VERTEX_POINT('',#8021);
#8021 = CARTESIAN_POINT('',(18.067498824321,18.972176199625,6.3));
#8022 = SURFACE_CURVE('',#8023,(#8027,#8034),.PCURVE_S1.);
#8023 = LINE('',#8024,#8025);
#8024 = CARTESIAN_POINT('',(18.46522961499,18.476626498357,6.3));
#8025 = VECTOR('',#8026,1.);
#8026 = DIRECTION('',(-0.625933146653,0.779876718412,0.));
#8027 = PCURVE('',#72,#8028);
#8028 = DEFINITIONAL_REPRESENTATION('',(#8029),#8033);
#8029 = LINE('',#8030,#8031);
#8030 = CARTESIAN_POINT('',(65.317800309865,-24.84629953652));
#8031 = VECTOR('',#8032,1.);
#8032 = DIRECTION('',(0.625933146653,0.779876718412));
#8033 = ( GEOMETRIC_REPRESENTATION_CONTEXT(2) 
PARAMETRIC_REPRESENTATION_CONTEXT() REPRESENTATION_CONTEXT('2D SPACE',''
  ) );
#8034 = PCURVE('',#2938,#8035);
#8035 = DEFINITIONAL_REPRESENTATION('',(#8036),#8040);
#8036 = LINE('',#8037,#8038);
#8037 = CARTESIAN_POINT('',(0.,-6.3));
#8038 = VECTOR('',#8039,1.);
#8039 = DIRECTION('',(1.,0.));
#8040 = ( GEOMETRIC_REPRESENTATION_CONTEXT(2) 
PARAMETRIC_REPRESENTATION_CONTEXT() REPRESENTATION_CONTEXT('2D SPACE',''
  ) );
#8041 = ORIENTED_EDGE('',*,*,#8042,.T.);
#8042 = EDGE_CURVE('',#8020,#8043,#8045,.T.);
#8043 = VERTEX_POINT('',#8044);
#8044 = CARTESIAN_POINT('',(17.710271590979,19.597175317683,6.3));
#8045 = SURFACE_CURVE('',#8046,(#8050,#8057),.PCURVE_S1.);
#8046 = LINE('',#8047,#8048);
#8047 = CARTESIAN_POINT('',(18.067498824321,18.972176199625,6.3));
#8048 = VECTOR('',#8049,1.);
#8049 = DIRECTION('',(-0.496227820147,0.868192346495,0.));
#8050 = PCURVE('',#72,#8051);
#8051 = DEFINITIONAL_REPRESENTATION('',(#8052),#8056);
#8052 = LINE('',#8053,#8054);
#8053 = CARTESIAN_POINT('',(65.715531100534,-24.35074983525));
#8054 = VECTOR('',#8055,1.);
#8055 = DIRECTION('',(0.496227820147,0.868192346495));
#8056 = ( GEOMETRIC_REPRESENTATION_CONTEXT(2) 
PARAMETRIC_REPRESENTATION_CONTEXT() REPRESENTATION_CONTEXT('2D SPACE',''
  ) );
#8057 = PCURVE('',#2966,#8058);
#8058 = DEFINITIONAL_REPRESENTATION('',(#8059),#8063);
#8059 = LINE('',#8060,#8061);
#8060 = CARTESIAN_POINT('',(0.,-6.3));
#8061 = VECTOR('',#8062,1.);
#8062 = DIRECTION('',(1.,0.));
#8063 = ( GEOMETRIC_REPRESENTATION_CONTEXT(2) 
PARAMETRIC_REPRESENTATION_CONTEXT() REPRESENTATION_CONTEXT('2D SPACE',''
  ) );
#8064 = ORIENTED_EDGE('',*,*,#8065,.T.);
#8065 = EDGE_CURVE('',#8043,#144,#8066,.T.);
#8066 = SURFACE_CURVE('',#8067,(#8071,#8078),.PCURVE_S1.);
#8067 = LINE('',#8068,#8069);
#8068 = CARTESIAN_POINT('',(17.710271590979,19.597175317683,6.3));
#8069 = VECTOR('',#8070,1.);
#8070 = DIRECTION('',(-0.671885789828,0.740654768045,0.));
#8071 = PCURVE('',#72,#8072);
#8072 = DEFINITIONAL_REPRESENTATION('',(#8073),#8077);
#8073 = LINE('',#8074,#8075);
#8074 = CARTESIAN_POINT('',(66.072758333876,-23.72575071719));
#8075 = VECTOR('',#8076,1.);
#8076 = DIRECTION('',(0.671885789828,0.740654768045));
#8077 = ( GEOMETRIC_REPRESENTATION_CONTEXT(2) 
PARAMETRIC_REPRESENTATION_CONTEXT() REPRESENTATION_CONTEXT('2D SPACE',''
  ) );
#8078 = PCURVE('',#159,#8079);
#8079 = DEFINITIONAL_REPRESENTATION('',(#8080),#8084);
#8080 = LINE('',#8081,#8082);
#8081 = CARTESIAN_POINT('',(0.,-6.3));
#8082 = VECTOR('',#8083,1.);
#8083 = DIRECTION('',(1.,0.));
#8084 = ( GEOMETRIC_REPRESENTATION_CONTEXT(2) 
PARAMETRIC_REPRESENTATION_CONTEXT() REPRESENTATION_CONTEXT('2D SPACE',''
  ) );
#8085 = ADVANCED_FACE('',(#8086),#159,.T.);
#8086 = FACE_BOUND('',#8087,.T.);
#8087 = EDGE_LOOP('',(#8088,#8109,#8110,#8111));
#8088 = ORIENTED_EDGE('',*,*,#8089,.T.);
#8089 = EDGE_CURVE('',#2951,#8043,#8090,.T.);
#8090 = SURFACE_CURVE('',#8091,(#8095,#8102),.PCURVE_S1.);
#8091 = LINE('',#8092,#8093);
#8092 = CARTESIAN_POINT('',(17.710271590979,19.597175317683,0.));
#8093 = VECTOR('',#8094,1.);
#8094 = DIRECTION('',(0.,0.,1.));
#8095 = PCURVE('',#159,#8096);
#8096 = DEFINITIONAL_REPRESENTATION('',(#8097),#8101);
#8097 = LINE('',#8098,#8099);
#8098 = CARTESIAN_POINT('',(0.,0.));
#8099 = VECTOR('',#8100,1.);
#8100 = DIRECTION('',(0.,-1.));
#8101 = ( GEOMETRIC_REPRESENTATION_CONTEXT(2) 
PARAMETRIC_REPRESENTATION_CONTEXT() REPRESENTATION_CONTEXT('2D SPACE',''
  ) );
#8102 = PCURVE('',#2966,#8103);
#8103 = DEFINITIONAL_REPRESENTATION('',(#8104),#8108);
#8104 = LINE('',#8105,#8106);
#8105 = CARTESIAN_POINT('',(0.719885542162,0.));
#8106 = VECTOR('',#8107,1.);
#8107 = DIRECTION('',(0.,-1.));
#8108 = ( GEOMETRIC_REPRESENTATION_CONTEXT(2) 
PARAMETRIC_REPRESENTATION_CONTEXT() REPRESENTATION_CONTEXT('2D SPACE',''
  ) );
#8109 = ORIENTED_EDGE('',*,*,#8065,.T.);
#8110 = ORIENTED_EDGE('',*,*,#141,.F.);
#8111 = ORIENTED_EDGE('',*,*,#2978,.F.);
#8112 = ADVANCED_FACE('',(#8113),#257,.T.);
#8113 = FACE_BOUND('',#8114,.T.);
#8114 = EDGE_LOOP('',(#8115,#8116,#8117,#8138));
#8115 = ORIENTED_EDGE('',*,*,#241,.T.);
#8116 = ORIENTED_EDGE('',*,*,#3161,.T.);
#8117 = ORIENTED_EDGE('',*,*,#8118,.F.);
#8118 = EDGE_CURVE('',#296,#3162,#8119,.T.);
#8119 = SURFACE_CURVE('',#8120,(#8124,#8131),.PCURVE_S1.);
#8120 = LINE('',#8121,#8122);
#8121 = CARTESIAN_POINT('',(17.016563119717,71.364852886566,0.));
#8122 = VECTOR('',#8123,1.);
#8123 = DIRECTION('',(0.,0.,1.));
#8124 = PCURVE('',#257,#8125);
#8125 = DEFINITIONAL_REPRESENTATION('',(#8126),#8130);
#8126 = LINE('',#8127,#8128);
#8127 = CARTESIAN_POINT('',(0.73225019679,0.));
#8128 = VECTOR('',#8129,1.);
#8129 = DIRECTION('',(0.,-1.));
#8130 = ( GEOMETRIC_REPRESENTATION_CONTEXT(2) 
PARAMETRIC_REPRESENTATION_CONTEXT() REPRESENTATION_CONTEXT('2D SPACE',''
  ) );
#8131 = PCURVE('',#334,#8132);
#8132 = DEFINITIONAL_REPRESENTATION('',(#8133),#8137);
#8133 = LINE('',#8134,#8135);
#8134 = CARTESIAN_POINT('',(0.,0.));
#8135 = VECTOR('',#8136,1.);
#8136 = DIRECTION('',(0.,-1.));
#8137 = ( GEOMETRIC_REPRESENTATION_CONTEXT(2) 
PARAMETRIC_REPRESENTATION_CONTEXT() REPRESENTATION_CONTEXT('2D SPACE',''
  ) );
#8138 = ORIENTED_EDGE('',*,*,#295,.F.);
#8139 = ADVANCED_FACE('',(#8140),#2966,.T.);
#8140 = FACE_BOUND('',#8141,.T.);
#8141 = EDGE_LOOP('',(#8142,#8163,#8164,#8165));
#8142 = ORIENTED_EDGE('',*,*,#8143,.T.);
#8143 = EDGE_CURVE('',#2923,#8020,#8144,.T.);
#8144 = SURFACE_CURVE('',#8145,(#8149,#8156),.PCURVE_S1.);
#8145 = LINE('',#8146,#8147);
#8146 = CARTESIAN_POINT('',(18.067498824321,18.972176199625,0.));
#8147 = VECTOR('',#8148,1.);
#8148 = DIRECTION('',(0.,0.,1.));
#8149 = PCURVE('',#2966,#8150);
#8150 = DEFINITIONAL_REPRESENTATION('',(#8151),#8155);
#8151 = LINE('',#8152,#8153);
#8152 = CARTESIAN_POINT('',(0.,0.));
#8153 = VECTOR('',#8154,1.);
#8154 = DIRECTION('',(0.,-1.));
#8155 = ( GEOMETRIC_REPRESENTATION_CONTEXT(2) 
PARAMETRIC_REPRESENTATION_CONTEXT() REPRESENTATION_CONTEXT('2D SPACE',''
  ) );
#8156 = PCURVE('',#2938,#8157);
#8157 = DEFINITIONAL_REPRESENTATION('',(#8158),#8162);
#8158 = LINE('',#8159,#8160);
#8159 = CARTESIAN_POINT('',(0.635420560159,0.));
#8160 = VECTOR('',#8161,1.);
#8161 = DIRECTION('',(0.,-1.));
#8162 = ( GEOMETRIC_REPRESENTATION_CONTEXT(2) 
PARAMETRIC_REPRESENTATION_CONTEXT() REPRESENTATION_CONTEXT('2D SPACE',''
  ) );
#8163 = ORIENTED_EDGE('',*,*,#8042,.T.);
#8164 = ORIENTED_EDGE('',*,*,#8089,.F.);
#8165 = ORIENTED_EDGE('',*,*,#2950,.F.);
#8166 = ADVANCED_FACE('',(#8167),#334,.T.);
#8167 = FACE_BOUND('',#8168,.T.);
#8168 = EDGE_LOOP('',(#8169,#8170,#8171,#8192));
#8169 = ORIENTED_EDGE('',*,*,#8118,.T.);
#8170 = ORIENTED_EDGE('',*,*,#3184,.T.);
#8171 = ORIENTED_EDGE('',*,*,#8172,.F.);
#8172 = EDGE_CURVE('',#319,#3185,#8173,.T.);
#8173 = SURFACE_CURVE('',#8174,(#8178,#8185),.PCURVE_S1.);
#8174 = LINE('',#8175,#8176);
#8175 = CARTESIAN_POINT('',(17.354437730279,72.01449209277,0.));
#8176 = VECTOR('',#8177,1.);
#8177 = DIRECTION('',(0.,0.,1.));
#8178 = PCURVE('',#334,#8179);
#8179 = DEFINITIONAL_REPRESENTATION('',(#8180),#8184);
#8180 = LINE('',#8181,#8182);
#8181 = CARTESIAN_POINT('',(0.73225019679,0.));
#8182 = VECTOR('',#8183,1.);
#8183 = DIRECTION('',(0.,-1.));
#8184 = ( GEOMETRIC_REPRESENTATION_CONTEXT(2) 
PARAMETRIC_REPRESENTATION_CONTEXT() REPRESENTATION_CONTEXT('2D SPACE',''
  ) );
#8185 = PCURVE('',#362,#8186);
#8186 = DEFINITIONAL_REPRESENTATION('',(#8187),#8191);
#8187 = LINE('',#8188,#8189);
#8188 = CARTESIAN_POINT('',(0.,0.));
#8189 = VECTOR('',#8190,1.);
#8190 = DIRECTION('',(0.,-1.));
#8191 = ( GEOMETRIC_REPRESENTATION_CONTEXT(2) 
PARAMETRIC_REPRESENTATION_CONTEXT() REPRESENTATION_CONTEXT('2D SPACE',''
  ) );
#8192 = ORIENTED_EDGE('',*,*,#318,.F.);
#8193 = ADVANCED_FACE('',(#8194),#2938,.T.);
#8194 = FACE_BOUND('',#8195,.T.);
#8195 = EDGE_LOOP('',(#8196,#8217,#8218,#8219));
#8196 = ORIENTED_EDGE('',*,*,#8197,.T.);
#8197 = EDGE_CURVE('',#2895,#7997,#8198,.T.);
#8198 = SURFACE_CURVE('',#8199,(#8203,#8210),.PCURVE_S1.);
#8199 = LINE('',#8200,#8201);
#8200 = CARTESIAN_POINT('',(18.46522961499,18.476626498357,0.));
#8201 = VECTOR('',#8202,1.);
#8202 = DIRECTION('',(0.,0.,1.));
#8203 = PCURVE('',#2938,#8204);
#8204 = DEFINITIONAL_REPRESENTATION('',(#8205),#8209);
#8205 = LINE('',#8206,#8207);
#8206 = CARTESIAN_POINT('',(0.,0.));
#8207 = VECTOR('',#8208,1.);
#8208 = DIRECTION('',(0.,-1.));
#8209 = ( GEOMETRIC_REPRESENTATION_CONTEXT(2) 
PARAMETRIC_REPRESENTATION_CONTEXT() REPRESENTATION_CONTEXT('2D SPACE',''
  ) );
#8210 = PCURVE('',#2910,#8211);
#8211 = DEFINITIONAL_REPRESENTATION('',(#8212),#8216);
#8212 = LINE('',#8213,#8214);
#8213 = CARTESIAN_POINT('',(0.730751345951,0.));
#8214 = VECTOR('',#8215,1.);
#8215 = DIRECTION('',(0.,-1.));
#8216 = ( GEOMETRIC_REPRESENTATION_CONTEXT(2) 
PARAMETRIC_REPRESENTATION_CONTEXT() REPRESENTATION_CONTEXT('2D SPACE',''
  ) );
#8217 = ORIENTED_EDGE('',*,*,#8019,.T.);
#8218 = ORIENTED_EDGE('',*,*,#8143,.F.);
#8219 = ORIENTED_EDGE('',*,*,#2922,.F.);
#8220 = ADVANCED_FACE('',(#8221),#362,.T.);
#8221 = FACE_BOUND('',#8222,.T.);
#8222 = EDGE_LOOP('',(#8223,#8224,#8225,#8246));
#8223 = ORIENTED_EDGE('',*,*,#8172,.T.);
#8224 = ORIENTED_EDGE('',*,*,#3207,.T.);
#8225 = ORIENTED_EDGE('',*,*,#8226,.F.);
#8226 = EDGE_CURVE('',#347,#3208,#8227,.T.);
#8227 = SURFACE_CURVE('',#8228,(#8232,#8239),.PCURVE_S1.);
#8228 = LINE('',#8229,#8230);
#8229 = CARTESIAN_POINT('',(17.682912154057,72.333942728314,0.));
#8230 = VECTOR('',#8231,1.);
#8231 = DIRECTION('',(0.,0.,1.));
#8232 = PCURVE('',#362,#8233);
#8233 = DEFINITIONAL_REPRESENTATION('',(#8234),#8238);
#8234 = LINE('',#8235,#8236);
#8235 = CARTESIAN_POINT('',(0.458196634237,0.));
#8236 = VECTOR('',#8237,1.);
#8237 = DIRECTION('',(0.,-1.));
#8238 = ( GEOMETRIC_REPRESENTATION_CONTEXT(2) 
PARAMETRIC_REPRESENTATION_CONTEXT() REPRESENTATION_CONTEXT('2D SPACE',''
  ) );
#8239 = PCURVE('',#390,#8240);
#8240 = DEFINITIONAL_REPRESENTATION('',(#8241),#8245);
#8241 = LINE('',#8242,#8243);
#8242 = CARTESIAN_POINT('',(0.,0.));
#8243 = VECTOR('',#8244,1.);
#8244 = DIRECTION('',(0.,-1.));
#8245 = ( GEOMETRIC_REPRESENTATION_CONTEXT(2) 
PARAMETRIC_REPRESENTATION_CONTEXT() REPRESENTATION_CONTEXT('2D SPACE',''
  ) );
#8246 = ORIENTED_EDGE('',*,*,#346,.F.);
#8247 = ADVANCED_FACE('',(#8248),#2910,.T.);
#8248 = FACE_BOUND('',#8249,.T.);
#8249 = EDGE_LOOP('',(#8250,#8271,#8272,#8273));
#8250 = ORIENTED_EDGE('',*,*,#8251,.T.);
#8251 = EDGE_CURVE('',#2867,#7974,#8252,.T.);
#8252 = SURFACE_CURVE('',#8253,(#8257,#8264),.PCURVE_S1.);
#8253 = LINE('',#8254,#8255);
#8254 = CARTESIAN_POINT('',(19.007355787828,17.986629822518,0.));
#8255 = VECTOR('',#8256,1.);
#8256 = DIRECTION('',(0.,0.,1.));
#8257 = PCURVE('',#2910,#8258);
#8258 = DEFINITIONAL_REPRESENTATION('',(#8259),#8263);
#8259 = LINE('',#8260,#8261);
#8260 = CARTESIAN_POINT('',(0.,0.));
#8261 = VECTOR('',#8262,1.);
#8262 = DIRECTION('',(0.,-1.));
#8263 = ( GEOMETRIC_REPRESENTATION_CONTEXT(2) 
PARAMETRIC_REPRESENTATION_CONTEXT() REPRESENTATION_CONTEXT('2D SPACE',''
  ) );
#8264 = PCURVE('',#2882,#8265);
#8265 = DEFINITIONAL_REPRESENTATION('',(#8266),#8270);
#8266 = LINE('',#8267,#8268);
#8267 = CARTESIAN_POINT('',(0.635420668124,0.));
#8268 = VECTOR('',#8269,1.);
#8269 = DIRECTION('',(0.,-1.));
#8270 = ( GEOMETRIC_REPRESENTATION_CONTEXT(2) 
PARAMETRIC_REPRESENTATION_CONTEXT() REPRESENTATION_CONTEXT('2D SPACE',''
  ) );
#8271 = ORIENTED_EDGE('',*,*,#7996,.T.);
#8272 = ORIENTED_EDGE('',*,*,#8197,.F.);
#8273 = ORIENTED_EDGE('',*,*,#2894,.F.);
#8274 = ADVANCED_FACE('',(#8275),#390,.T.);
#8275 = FACE_BOUND('',#8276,.T.);
#8276 = EDGE_LOOP('',(#8277,#8278,#8279,#8300));
#8277 = ORIENTED_EDGE('',*,*,#8226,.T.);
#8278 = ORIENTED_EDGE('',*,*,#3230,.T.);
#8279 = ORIENTED_EDGE('',*,*,#8280,.F.);
#8280 = EDGE_CURVE('',#375,#3231,#8281,.T.);
#8281 = SURFACE_CURVE('',#8282,(#8286,#8293),.PCURVE_S1.);
#8282 = LINE('',#8283,#8284);
#8283 = CARTESIAN_POINT('',(18.078552524319,73.04002075587,0.));
#8284 = VECTOR('',#8285,1.);
#8285 = DIRECTION('',(0.,0.,1.));
#8286 = PCURVE('',#390,#8287);
#8287 = DEFINITIONAL_REPRESENTATION('',(#8288),#8292);
#8288 = LINE('',#8289,#8290);
#8289 = CARTESIAN_POINT('',(0.809368570911,0.));
#8290 = VECTOR('',#8291,1.);
#8291 = DIRECTION('',(0.,-1.));
#8292 = ( GEOMETRIC_REPRESENTATION_CONTEXT(2) 
PARAMETRIC_REPRESENTATION_CONTEXT() REPRESENTATION_CONTEXT('2D SPACE',''
  ) );
#8293 = PCURVE('',#418,#8294);
#8294 = DEFINITIONAL_REPRESENTATION('',(#8295),#8299);
#8295 = LINE('',#8296,#8297);
#8296 = CARTESIAN_POINT('',(0.,0.));
#8297 = VECTOR('',#8298,1.);
#8298 = DIRECTION('',(0.,-1.));
#8299 = ( GEOMETRIC_REPRESENTATION_CONTEXT(2) 
PARAMETRIC_REPRESENTATION_CONTEXT() REPRESENTATION_CONTEXT('2D SPACE',''
  ) );
#8300 = ORIENTED_EDGE('',*,*,#374,.F.);
#8301 = ADVANCED_FACE('',(#8302),#2882,.T.);
#8302 = FACE_BOUND('',#8303,.T.);
#8303 = EDGE_LOOP('',(#8304,#8325,#8326,#8327));
#8304 = ORIENTED_EDGE('',*,*,#8305,.T.);
#8305 = EDGE_CURVE('',#2839,#7951,#8306,.T.);
#8306 = SURFACE_CURVE('',#8307,(#8311,#8318),.PCURVE_S1.);
#8307 = LINE('',#8308,#8309);
#8308 = CARTESIAN_POINT('',(19.540457957005,17.640853156595,0.));
#8309 = VECTOR('',#8310,1.);
#8310 = DIRECTION('',(0.,0.,1.));
#8311 = PCURVE('',#2882,#8312);
#8312 = DEFINITIONAL_REPRESENTATION('',(#8313),#8317);
#8313 = LINE('',#8314,#8315);
#8314 = CARTESIAN_POINT('',(0.,0.));
#8315 = VECTOR('',#8316,1.);
#8316 = DIRECTION('',(0.,-1.));
#8317 = ( GEOMETRIC_REPRESENTATION_CONTEXT(2) 
PARAMETRIC_REPRESENTATION_CONTEXT() REPRESENTATION_CONTEXT('2D SPACE',''
  ) );
#8318 = PCURVE('',#2854,#8319);
#8319 = DEFINITIONAL_REPRESENTATION('',(#8320),#8324);
#8320 = LINE('',#8321,#8322);
#8321 = CARTESIAN_POINT('',(0.727614750786,0.));
#8322 = VECTOR('',#8323,1.);
#8323 = DIRECTION('',(0.,-1.));
#8324 = ( GEOMETRIC_REPRESENTATION_CONTEXT(2) 
PARAMETRIC_REPRESENTATION_CONTEXT() REPRESENTATION_CONTEXT('2D SPACE',''
  ) );
#8325 = ORIENTED_EDGE('',*,*,#7973,.T.);
#8326 = ORIENTED_EDGE('',*,*,#8251,.F.);
#8327 = ORIENTED_EDGE('',*,*,#2866,.F.);
#8328 = ADVANCED_FACE('',(#8329),#418,.T.);
#8329 = FACE_BOUND('',#8330,.T.);
#8330 = EDGE_LOOP('',(#8331,#8332,#8333,#8354));
#8331 = ORIENTED_EDGE('',*,*,#8280,.T.);
#8332 = ORIENTED_EDGE('',*,*,#3253,.T.);
#8333 = ORIENTED_EDGE('',*,*,#8334,.F.);
#8334 = EDGE_CURVE('',#403,#3254,#8335,.T.);
#8335 = SURFACE_CURVE('',#8336,(#8340,#8347),.PCURVE_S1.);
#8336 = LINE('',#8337,#8338);
#8337 = CARTESIAN_POINT('',(18.511617317845,73.569210201186,0.));
#8338 = VECTOR('',#8339,1.);
#8339 = DIRECTION('',(0.,0.,1.));
#8340 = PCURVE('',#418,#8341);
#8341 = DEFINITIONAL_REPRESENTATION('',(#8342),#8346);
#8342 = LINE('',#8343,#8344);
#8343 = CARTESIAN_POINT('',(0.68380303043,0.));
#8344 = VECTOR('',#8345,1.);
#8345 = DIRECTION('',(0.,-1.));
#8346 = ( GEOMETRIC_REPRESENTATION_CONTEXT(2) 
PARAMETRIC_REPRESENTATION_CONTEXT() REPRESENTATION_CONTEXT('2D SPACE',''
  ) );
#8347 = PCURVE('',#446,#8348);
#8348 = DEFINITIONAL_REPRESENTATION('',(#8349),#8353);
#8349 = LINE('',#8350,#8351);
#8350 = CARTESIAN_POINT('',(0.,0.));
#8351 = VECTOR('',#8352,1.);
#8352 = DIRECTION('',(0.,-1.));
#8353 = ( GEOMETRIC_REPRESENTATION_CONTEXT(2) 
PARAMETRIC_REPRESENTATION_CONTEXT() REPRESENTATION_CONTEXT('2D SPACE',''
  ) );
#8354 = ORIENTED_EDGE('',*,*,#402,.F.);
#8355 = ADVANCED_FACE('',(#8356),#2854,.T.);
#8356 = FACE_BOUND('',#8357,.T.);
#8357 = EDGE_LOOP('',(#8358,#8379,#8380,#8381));
#8358 = ORIENTED_EDGE('',*,*,#8359,.T.);
#8359 = EDGE_CURVE('',#2811,#7928,#8360,.T.);
#8360 = SURFACE_CURVE('',#8361,(#8365,#8372),.PCURVE_S1.);
#8361 = LINE('',#8362,#8363);
#8362 = CARTESIAN_POINT('',(20.205853140137,17.346451261514,0.));
#8363 = VECTOR('',#8364,1.);
#8364 = DIRECTION('',(0.,0.,1.));
#8365 = PCURVE('',#2854,#8366);
#8366 = DEFINITIONAL_REPRESENTATION('',(#8367),#8371);
#8367 = LINE('',#8368,#8369);
#8368 = CARTESIAN_POINT('',(0.,0.));
#8369 = VECTOR('',#8370,1.);
#8370 = DIRECTION('',(0.,-1.));
#8371 = ( GEOMETRIC_REPRESENTATION_CONTEXT(2) 
PARAMETRIC_REPRESENTATION_CONTEXT() REPRESENTATION_CONTEXT('2D SPACE',''
  ) );
#8372 = PCURVE('',#2826,#8373);
#8373 = DEFINITIONAL_REPRESENTATION('',(#8374),#8378);
#8374 = LINE('',#8375,#8376);
#8375 = CARTESIAN_POINT('',(0.629981178027,0.));
#8376 = VECTOR('',#8377,1.);
#8377 = DIRECTION('',(0.,-1.));
#8378 = ( GEOMETRIC_REPRESENTATION_CONTEXT(2) 
PARAMETRIC_REPRESENTATION_CONTEXT() REPRESENTATION_CONTEXT('2D SPACE',''
  ) );
#8379 = ORIENTED_EDGE('',*,*,#7950,.T.);
#8380 = ORIENTED_EDGE('',*,*,#8305,.F.);
#8381 = ORIENTED_EDGE('',*,*,#2838,.F.);
#8382 = ADVANCED_FACE('',(#8383),#446,.T.);
#8383 = FACE_BOUND('',#8384,.T.);
#8384 = EDGE_LOOP('',(#8385,#8386,#8387,#8408));
#8385 = ORIENTED_EDGE('',*,*,#8334,.T.);
#8386 = ORIENTED_EDGE('',*,*,#3276,.T.);
#8387 = ORIENTED_EDGE('',*,*,#8388,.F.);
#8388 = EDGE_CURVE('',#431,#3277,#8389,.T.);
#8389 = SURFACE_CURVE('',#8390,(#8394,#8401),.PCURVE_S1.);
#8390 = LINE('',#8391,#8392);
#8391 = CARTESIAN_POINT('',(19.082304708506,74.069025008178,0.));
#8392 = VECTOR('',#8393,1.);
#8393 = DIRECTION('',(0.,0.,1.));
#8394 = PCURVE('',#446,#8395);
#8395 = DEFINITIONAL_REPRESENTATION('',(#8396),#8400);
#8396 = LINE('',#8397,#8398);
#8397 = CARTESIAN_POINT('',(0.758616463799,0.));
#8398 = VECTOR('',#8399,1.);
#8399 = DIRECTION('',(0.,-1.));
#8400 = ( GEOMETRIC_REPRESENTATION_CONTEXT(2) 
PARAMETRIC_REPRESENTATION_CONTEXT() REPRESENTATION_CONTEXT('2D SPACE',''
  ) );
#8401 = PCURVE('',#474,#8402);
#8402 = DEFINITIONAL_REPRESENTATION('',(#8403),#8407);
#8403 = LINE('',#8404,#8405);
#8404 = CARTESIAN_POINT('',(0.,0.));
#8405 = VECTOR('',#8406,1.);
#8406 = DIRECTION('',(0.,-1.));
#8407 = ( GEOMETRIC_REPRESENTATION_CONTEXT(2) 
PARAMETRIC_REPRESENTATION_CONTEXT() REPRESENTATION_CONTEXT('2D SPACE',''
  ) );
#8408 = ORIENTED_EDGE('',*,*,#430,.F.);
#8409 = ADVANCED_FACE('',(#8410),#2826,.T.);
#8410 = FACE_BOUND('',#8411,.T.);
#8411 = EDGE_LOOP('',(#8412,#8433,#8434,#8435));
#8412 = ORIENTED_EDGE('',*,*,#8413,.T.);
#8413 = EDGE_CURVE('',#2783,#7905,#8414,.T.);
#8414 = SURFACE_CURVE('',#8415,(#8419,#8426),.PCURVE_S1.);
#8415 = LINE('',#8416,#8417);
#8416 = CARTESIAN_POINT('',(20.815029821993,17.185889575701,0.));
#8417 = VECTOR('',#8418,1.);
#8418 = DIRECTION('',(0.,0.,1.));
#8419 = PCURVE('',#2826,#8420);
#8420 = DEFINITIONAL_REPRESENTATION('',(#8421),#8425);
#8421 = LINE('',#8422,#8423);
#8422 = CARTESIAN_POINT('',(0.,0.));
#8423 = VECTOR('',#8424,1.);
#8424 = DIRECTION('',(0.,-1.));
#8425 = ( GEOMETRIC_REPRESENTATION_CONTEXT(2) 
PARAMETRIC_REPRESENTATION_CONTEXT() REPRESENTATION_CONTEXT('2D SPACE',''
  ) );
#8426 = PCURVE('',#2798,#8427);
#8427 = DEFINITIONAL_REPRESENTATION('',(#8428),#8432);
#8428 = LINE('',#8429,#8430);
#8429 = CARTESIAN_POINT('',(0.589465005969,0.));
#8430 = VECTOR('',#8431,1.);
#8431 = DIRECTION('',(0.,-1.));
#8432 = ( GEOMETRIC_REPRESENTATION_CONTEXT(2) 
PARAMETRIC_REPRESENTATION_CONTEXT() REPRESENTATION_CONTEXT('2D SPACE',''
  ) );
#8433 = ORIENTED_EDGE('',*,*,#7927,.T.);
#8434 = ORIENTED_EDGE('',*,*,#8359,.F.);
#8435 = ORIENTED_EDGE('',*,*,#2810,.F.);
#8436 = ADVANCED_FACE('',(#8437),#474,.T.);
#8437 = FACE_BOUND('',#8438,.T.);
#8438 = EDGE_LOOP('',(#8439,#8440,#8441,#8462));
#8439 = ORIENTED_EDGE('',*,*,#8388,.T.);
#8440 = ORIENTED_EDGE('',*,*,#3299,.T.);
#8441 = ORIENTED_EDGE('',*,*,#8442,.F.);
#8442 = EDGE_CURVE('',#459,#3300,#8443,.T.);
#8443 = SURFACE_CURVE('',#8444,(#8448,#8455),.PCURVE_S1.);
#8444 = LINE('',#8445,#8446);
#8445 = CARTESIAN_POINT('',(19.622827455948,74.40311767464,0.));
#8446 = VECTOR('',#8447,1.);
#8447 = DIRECTION('',(0.,0.,1.));
#8448 = PCURVE('',#474,#8449);
#8449 = DEFINITIONAL_REPRESENTATION('',(#8450),#8454);
#8450 = LINE('',#8451,#8452);
#8451 = CARTESIAN_POINT('',(0.63543902169,0.));
#8452 = VECTOR('',#8453,1.);
#8453 = DIRECTION('',(0.,-1.));
#8454 = ( GEOMETRIC_REPRESENTATION_CONTEXT(2) 
PARAMETRIC_REPRESENTATION_CONTEXT() REPRESENTATION_CONTEXT('2D SPACE',''
  ) );
#8455 = PCURVE('',#502,#8456);
#8456 = DEFINITIONAL_REPRESENTATION('',(#8457),#8461);
#8457 = LINE('',#8458,#8459);
#8458 = CARTESIAN_POINT('',(0.,0.));
#8459 = VECTOR('',#8460,1.);
#8460 = DIRECTION('',(0.,-1.));
#8461 = ( GEOMETRIC_REPRESENTATION_CONTEXT(2) 
PARAMETRIC_REPRESENTATION_CONTEXT() REPRESENTATION_CONTEXT('2D SPACE',''
  ) );
#8462 = ORIENTED_EDGE('',*,*,#458,.F.);
#8463 = ADVANCED_FACE('',(#8464),#2798,.T.);
#8464 = FACE_BOUND('',#8465,.T.);
#8465 = EDGE_LOOP('',(#8466,#8487,#8488,#8489));
#8466 = ORIENTED_EDGE('',*,*,#8467,.T.);
#8467 = EDGE_CURVE('',#2755,#7882,#8468,.T.);
#8468 = SURFACE_CURVE('',#8469,(#8473,#8480),.PCURVE_S1.);
#8469 = LINE('',#8470,#8471);
#8470 = CARTESIAN_POINT('',(21.399580838901,17.109934971531,0.));
#8471 = VECTOR('',#8472,1.);
#8472 = DIRECTION('',(0.,0.,1.));
#8473 = PCURVE('',#2798,#8474);
#8474 = DEFINITIONAL_REPRESENTATION('',(#8475),#8479);
#8475 = LINE('',#8476,#8477);
#8476 = CARTESIAN_POINT('',(0.,0.));
#8477 = VECTOR('',#8478,1.);
#8478 = DIRECTION('',(0.,-1.));
#8479 = ( GEOMETRIC_REPRESENTATION_CONTEXT(2) 
PARAMETRIC_REPRESENTATION_CONTEXT() REPRESENTATION_CONTEXT('2D SPACE',''
  ) );
#8480 = PCURVE('',#2770,#8481);
#8481 = DEFINITIONAL_REPRESENTATION('',(#8482),#8486);
#8482 = LINE('',#8483,#8484);
#8483 = CARTESIAN_POINT('',(14.274415929735,0.));
#8484 = VECTOR('',#8485,1.);
#8485 = DIRECTION('',(0.,-1.));
#8486 = ( GEOMETRIC_REPRESENTATION_CONTEXT(2) 
PARAMETRIC_REPRESENTATION_CONTEXT() REPRESENTATION_CONTEXT('2D SPACE',''
  ) );
#8487 = ORIENTED_EDGE('',*,*,#7904,.T.);
#8488 = ORIENTED_EDGE('',*,*,#8413,.F.);
#8489 = ORIENTED_EDGE('',*,*,#2782,.F.);
#8490 = ADVANCED_FACE('',(#8491),#502,.T.);
#8491 = FACE_BOUND('',#8492,.T.);
#8492 = EDGE_LOOP('',(#8493,#8494,#8495,#8516));
#8493 = ORIENTED_EDGE('',*,*,#8442,.T.);
#8494 = ORIENTED_EDGE('',*,*,#3322,.T.);
#8495 = ORIENTED_EDGE('',*,*,#8496,.F.);
#8496 = EDGE_CURVE('',#487,#3323,#8497,.T.);
#8497 = SURFACE_CURVE('',#8498,(#8502,#8509),.PCURVE_S1.);
#8498 = LINE('',#8499,#8500);
#8499 = CARTESIAN_POINT('',(20.297576464844,74.683699408444,0.));
#8500 = VECTOR('',#8501,1.);
#8501 = DIRECTION('',(0.,0.,1.));
#8502 = PCURVE('',#502,#8503);
#8503 = DEFINITIONAL_REPRESENTATION('',(#8504),#8508);
#8504 = LINE('',#8505,#8506);
#8505 = CARTESIAN_POINT('',(0.730761475689,0.));
#8506 = VECTOR('',#8507,1.);
#8507 = DIRECTION('',(0.,-1.));
#8508 = ( GEOMETRIC_REPRESENTATION_CONTEXT(2) 
PARAMETRIC_REPRESENTATION_CONTEXT() REPRESENTATION_CONTEXT('2D SPACE',''
  ) );
#8509 = PCURVE('',#530,#8510);
#8510 = DEFINITIONAL_REPRESENTATION('',(#8511),#8515);
#8511 = LINE('',#8512,#8513);
#8512 = CARTESIAN_POINT('',(0.,0.));
#8513 = VECTOR('',#8514,1.);
#8514 = DIRECTION('',(0.,-1.));
#8515 = ( GEOMETRIC_REPRESENTATION_CONTEXT(2) 
PARAMETRIC_REPRESENTATION_CONTEXT() REPRESENTATION_CONTEXT('2D SPACE',''
  ) );
#8516 = ORIENTED_EDGE('',*,*,#486,.F.);
#8517 = ADVANCED_FACE('',(#8518),#2770,.T.);
#8518 = FACE_BOUND('',#8519,.T.);
#8519 = EDGE_LOOP('',(#8520,#8541,#8542,#8543));
#8520 = ORIENTED_EDGE('',*,*,#8521,.T.);
#8521 = EDGE_CURVE('',#2727,#7859,#8522,.T.);
#8522 = SURFACE_CURVE('',#8523,(#8527,#8534),.PCURVE_S1.);
#8523 = LINE('',#8524,#8525);
#8524 = CARTESIAN_POINT('',(35.673993121782,17.099731374062,0.));
#8525 = VECTOR('',#8526,1.);
#8526 = DIRECTION('',(0.,0.,1.));
#8527 = PCURVE('',#2770,#8528);
#8528 = DEFINITIONAL_REPRESENTATION('',(#8529),#8533);
#8529 = LINE('',#8530,#8531);
#8530 = CARTESIAN_POINT('',(0.,0.));
#8531 = VECTOR('',#8532,1.);
#8532 = DIRECTION('',(0.,-1.));
#8533 = ( GEOMETRIC_REPRESENTATION_CONTEXT(2) 
PARAMETRIC_REPRESENTATION_CONTEXT() REPRESENTATION_CONTEXT('2D SPACE',''
  ) );
#8534 = PCURVE('',#2742,#8535);
#8535 = DEFINITIONAL_REPRESENTATION('',(#8536),#8540);
#8536 = LINE('',#8537,#8538);
#8537 = CARTESIAN_POINT('',(7.858945522944,0.));
#8538 = VECTOR('',#8539,1.);
#8539 = DIRECTION('',(0.,-1.));
#8540 = ( GEOMETRIC_REPRESENTATION_CONTEXT(2) 
PARAMETRIC_REPRESENTATION_CONTEXT() REPRESENTATION_CONTEXT('2D SPACE',''
  ) );
#8541 = ORIENTED_EDGE('',*,*,#7881,.T.);
#8542 = ORIENTED_EDGE('',*,*,#8467,.F.);
#8543 = ORIENTED_EDGE('',*,*,#2754,.F.);
#8544 = ADVANCED_FACE('',(#8545),#530,.T.);
#8545 = FACE_BOUND('',#8546,.T.);
#8546 = EDGE_LOOP('',(#8547,#8548,#8549,#8570));
#8547 = ORIENTED_EDGE('',*,*,#8496,.T.);
#8548 = ORIENTED_EDGE('',*,*,#3345,.T.);
#8549 = ORIENTED_EDGE('',*,*,#8550,.F.);
#8550 = EDGE_CURVE('',#515,#3346,#8551,.T.);
#8551 = SURFACE_CURVE('',#8552,(#8556,#8563),.PCURVE_S1.);
#8552 = LINE('',#8553,#8554);
#8553 = CARTESIAN_POINT('',(21.449107142095,74.894343174199,0.));
#8554 = VECTOR('',#8555,1.);
#8555 = DIRECTION('',(0.,0.,1.));
#8556 = PCURVE('',#530,#8557);
#8557 = DEFINITIONAL_REPRESENTATION('',(#8558),#8562);
#8558 = LINE('',#8559,#8560);
#8559 = CARTESIAN_POINT('',(1.170638157887,0.));
#8560 = VECTOR('',#8561,1.);
#8561 = DIRECTION('',(0.,-1.));
#8562 = ( GEOMETRIC_REPRESENTATION_CONTEXT(2) 
PARAMETRIC_REPRESENTATION_CONTEXT() REPRESENTATION_CONTEXT('2D SPACE',''
  ) );
#8563 = PCURVE('',#558,#8564);
#8564 = DEFINITIONAL_REPRESENTATION('',(#8565),#8569);
#8565 = LINE('',#8566,#8567);
#8566 = CARTESIAN_POINT('',(0.,0.));
#8567 = VECTOR('',#8568,1.);
#8568 = DIRECTION('',(0.,-1.));
#8569 = ( GEOMETRIC_REPRESENTATION_CONTEXT(2) 
PARAMETRIC_REPRESENTATION_CONTEXT() REPRESENTATION_CONTEXT('2D SPACE',''
  ) );
#8570 = ORIENTED_EDGE('',*,*,#514,.F.);
#8571 = ADVANCED_FACE('',(#8572),#2742,.T.);
#8572 = FACE_BOUND('',#8573,.T.);
#8573 = EDGE_LOOP('',(#8574,#8595,#8596,#8597));
#8574 = ORIENTED_EDGE('',*,*,#8575,.T.);
#8575 = EDGE_CURVE('',#2699,#7836,#8576,.T.);
#8576 = SURFACE_CURVE('',#8577,(#8581,#8588),.PCURVE_S1.);
#8577 = LINE('',#8578,#8579);
#8578 = CARTESIAN_POINT('',(35.705675291619,9.240849712354,0.));
#8579 = VECTOR('',#8580,1.);
#8580 = DIRECTION('',(0.,0.,1.));
#8581 = PCURVE('',#2742,#8582);
#8582 = DEFINITIONAL_REPRESENTATION('',(#8583),#8587);
#8583 = LINE('',#8584,#8585);
#8584 = CARTESIAN_POINT('',(0.,0.));
#8585 = VECTOR('',#8586,1.);
#8586 = DIRECTION('',(0.,-1.));
#8587 = ( GEOMETRIC_REPRESENTATION_CONTEXT(2) 
PARAMETRIC_REPRESENTATION_CONTEXT() REPRESENTATION_CONTEXT('2D SPACE',''
  ) );
#8588 = PCURVE('',#2714,#8589);
#8589 = DEFINITIONAL_REPRESENTATION('',(#8590),#8594);
#8590 = LINE('',#8591,#8592);
#8591 = CARTESIAN_POINT('',(0.637859742885,0.));
#8592 = VECTOR('',#8593,1.);
#8593 = DIRECTION('',(0.,-1.));
#8594 = ( GEOMETRIC_REPRESENTATION_CONTEXT(2) 
PARAMETRIC_REPRESENTATION_CONTEXT() REPRESENTATION_CONTEXT('2D SPACE',''
  ) );
#8595 = ORIENTED_EDGE('',*,*,#7858,.T.);
#8596 = ORIENTED_EDGE('',*,*,#8521,.F.);
#8597 = ORIENTED_EDGE('',*,*,#2726,.F.);
#8598 = ADVANCED_FACE('',(#8599),#558,.T.);
#8599 = FACE_BOUND('',#8600,.T.);
#8600 = EDGE_LOOP('',(#8601,#8602,#8603,#8624));
#8601 = ORIENTED_EDGE('',*,*,#8550,.T.);
#8602 = ORIENTED_EDGE('',*,*,#3368,.T.);
#8603 = ORIENTED_EDGE('',*,*,#8604,.F.);
#8604 = EDGE_CURVE('',#543,#3369,#8605,.T.);
#8605 = SURFACE_CURVE('',#8606,(#8610,#8617),.PCURVE_S1.);
#8606 = LINE('',#8607,#8608);
#8607 = CARTESIAN_POINT('',(44.793160730105,74.904641740678,0.));
#8608 = VECTOR('',#8609,1.);
#8609 = DIRECTION('',(0.,0.,1.));
#8610 = PCURVE('',#558,#8611);
#8611 = DEFINITIONAL_REPRESENTATION('',(#8612),#8616);
#8612 = LINE('',#8613,#8614);
#8613 = CARTESIAN_POINT('',(23.344055859691,0.));
#8614 = VECTOR('',#8615,1.);
#8615 = DIRECTION('',(0.,-1.));
#8616 = ( GEOMETRIC_REPRESENTATION_CONTEXT(2) 
PARAMETRIC_REPRESENTATION_CONTEXT() REPRESENTATION_CONTEXT('2D SPACE',''
  ) );
#8617 = PCURVE('',#586,#8618);
#8618 = DEFINITIONAL_REPRESENTATION('',(#8619),#8623);
#8619 = LINE('',#8620,#8621);
#8620 = CARTESIAN_POINT('',(0.,0.));
#8621 = VECTOR('',#8622,1.);
#8622 = DIRECTION('',(0.,-1.));
#8623 = ( GEOMETRIC_REPRESENTATION_CONTEXT(2) 
PARAMETRIC_REPRESENTATION_CONTEXT() REPRESENTATION_CONTEXT('2D SPACE',''
  ) );
#8624 = ORIENTED_EDGE('',*,*,#542,.F.);
#8625 = ADVANCED_FACE('',(#8626),#2714,.T.);
#8626 = FACE_BOUND('',#8627,.T.);
#8627 = EDGE_LOOP('',(#8628,#8649,#8650,#8651));
#8628 = ORIENTED_EDGE('',*,*,#8629,.T.);
#8629 = EDGE_CURVE('',#2671,#7813,#8630,.T.);
#8630 = SURFACE_CURVE('',#8631,(#8635,#8642),.PCURVE_S1.);
#8631 = LINE('',#8632,#8633);
#8632 = CARTESIAN_POINT('',(35.796670091997,8.609513828774,0.));
#8633 = VECTOR('',#8634,1.);
#8634 = DIRECTION('',(0.,0.,1.));
#8635 = PCURVE('',#2714,#8636);
#8636 = DEFINITIONAL_REPRESENTATION('',(#8637),#8641);
#8637 = LINE('',#8638,#8639);
#8638 = CARTESIAN_POINT('',(0.,0.));
#8639 = VECTOR('',#8640,1.);
#8640 = DIRECTION('',(0.,-1.));
#8641 = ( GEOMETRIC_REPRESENTATION_CONTEXT(2) 
PARAMETRIC_REPRESENTATION_CONTEXT() REPRESENTATION_CONTEXT('2D SPACE',''
  ) );
#8642 = PCURVE('',#2686,#8643);
#8643 = DEFINITIONAL_REPRESENTATION('',(#8644),#8648);
#8644 = LINE('',#8645,#8646);
#8645 = CARTESIAN_POINT('',(0.82304184213,0.));
#8646 = VECTOR('',#8647,1.);
#8647 = DIRECTION('',(0.,-1.));
#8648 = ( GEOMETRIC_REPRESENTATION_CONTEXT(2) 
PARAMETRIC_REPRESENTATION_CONTEXT() REPRESENTATION_CONTEXT('2D SPACE',''
  ) );
#8649 = ORIENTED_EDGE('',*,*,#7835,.T.);
#8650 = ORIENTED_EDGE('',*,*,#8575,.F.);
#8651 = ORIENTED_EDGE('',*,*,#2698,.F.);
#8652 = ADVANCED_FACE('',(#8653),#586,.T.);
#8653 = FACE_BOUND('',#8654,.T.);
#8654 = EDGE_LOOP('',(#8655,#8656,#8657,#8678));
#8655 = ORIENTED_EDGE('',*,*,#8604,.T.);
#8656 = ORIENTED_EDGE('',*,*,#3391,.T.);
#8657 = ORIENTED_EDGE('',*,*,#8658,.F.);
#8658 = EDGE_CURVE('',#571,#3392,#8659,.T.);
#8659 = SURFACE_CURVE('',#8660,(#8664,#8671),.PCURVE_S1.);
#8660 = LINE('',#8661,#8662);
#8661 = CARTESIAN_POINT('',(47.154786106022,75.033660448517,0.));
#8662 = VECTOR('',#8663,1.);
#8663 = DIRECTION('',(0.,0.,1.));
#8664 = PCURVE('',#586,#8665);
#8665 = DEFINITIONAL_REPRESENTATION('',(#8666),#8670);
#8666 = LINE('',#8667,#8668);
#8667 = CARTESIAN_POINT('',(2.365146981298,0.));
#8668 = VECTOR('',#8669,1.);
#8669 = DIRECTION('',(0.,-1.));
#8670 = ( GEOMETRIC_REPRESENTATION_CONTEXT(2) 
PARAMETRIC_REPRESENTATION_CONTEXT() REPRESENTATION_CONTEXT('2D SPACE',''
  ) );
#8671 = PCURVE('',#614,#8672);
#8672 = DEFINITIONAL_REPRESENTATION('',(#8673),#8677);
#8673 = LINE('',#8674,#8675);
#8674 = CARTESIAN_POINT('',(0.,0.));
#8675 = VECTOR('',#8676,1.);
#8676 = DIRECTION('',(0.,-1.));
#8677 = ( GEOMETRIC_REPRESENTATION_CONTEXT(2) 
PARAMETRIC_REPRESENTATION_CONTEXT() REPRESENTATION_CONTEXT('2D SPACE',''
  ) );
#8678 = ORIENTED_EDGE('',*,*,#570,.F.);
#8679 = ADVANCED_FACE('',(#8680),#2686,.T.);
#8680 = FACE_BOUND('',#8681,.T.);
#8681 = EDGE_LOOP('',(#8682,#8703,#8704,#8705));
#8682 = ORIENTED_EDGE('',*,*,#8683,.T.);
#8683 = EDGE_CURVE('',#2643,#7790,#8684,.T.);
#8684 = SURFACE_CURVE('',#8685,(#8689,#8696),.PCURVE_S1.);
#8685 = LINE('',#8686,#8687);
#8686 = CARTESIAN_POINT('',(36.025907996939,7.819040643375,0.));
#8687 = VECTOR('',#8688,1.);
#8688 = DIRECTION('',(0.,0.,1.));
#8689 = PCURVE('',#2686,#8690);
#8690 = DEFINITIONAL_REPRESENTATION('',(#8691),#8695);
#8691 = LINE('',#8692,#8693);
#8692 = CARTESIAN_POINT('',(0.,0.));
#8693 = VECTOR('',#8694,1.);
#8694 = DIRECTION('',(0.,-1.));
#8695 = ( GEOMETRIC_REPRESENTATION_CONTEXT(2) 
PARAMETRIC_REPRESENTATION_CONTEXT() REPRESENTATION_CONTEXT('2D SPACE',''
  ) );
#8696 = PCURVE('',#2658,#8697);
#8697 = DEFINITIONAL_REPRESENTATION('',(#8698),#8702);
#8698 = LINE('',#8699,#8700);
#8699 = CARTESIAN_POINT('',(0.925063727786,0.));
#8700 = VECTOR('',#8701,1.);
#8701 = DIRECTION('',(0.,-1.));
#8702 = ( GEOMETRIC_REPRESENTATION_CONTEXT(2) 
PARAMETRIC_REPRESENTATION_CONTEXT() REPRESENTATION_CONTEXT('2D SPACE',''
  ) );
#8703 = ORIENTED_EDGE('',*,*,#7812,.T.);
#8704 = ORIENTED_EDGE('',*,*,#8629,.F.);
#8705 = ORIENTED_EDGE('',*,*,#2670,.F.);
#8706 = ADVANCED_FACE('',(#8707),#614,.T.);
#8707 = FACE_BOUND('',#8708,.T.);
#8708 = EDGE_LOOP('',(#8709,#8710,#8711,#8732));
#8709 = ORIENTED_EDGE('',*,*,#8658,.T.);
#8710 = ORIENTED_EDGE('',*,*,#3414,.T.);
#8711 = ORIENTED_EDGE('',*,*,#8712,.F.);
#8712 = EDGE_CURVE('',#599,#3415,#8713,.T.);
#8713 = SURFACE_CURVE('',#8714,(#8718,#8725),.PCURVE_S1.);
#8714 = LINE('',#8715,#8716);
#8715 = CARTESIAN_POINT('',(49.485430291465,75.3319662732,0.));
#8716 = VECTOR('',#8717,1.);
#8717 = DIRECTION('',(0.,0.,1.));
#8718 = PCURVE('',#614,#8719);
#8719 = DEFINITIONAL_REPRESENTATION('',(#8720),#8724);
#8720 = LINE('',#8721,#8722);
#8721 = CARTESIAN_POINT('',(2.349657141836,0.));
#8722 = VECTOR('',#8723,1.);
#8723 = DIRECTION('',(0.,-1.));
#8724 = ( GEOMETRIC_REPRESENTATION_CONTEXT(2) 
PARAMETRIC_REPRESENTATION_CONTEXT() REPRESENTATION_CONTEXT('2D SPACE',''
  ) );
#8725 = PCURVE('',#642,#8726);
#8726 = DEFINITIONAL_REPRESENTATION('',(#8727),#8731);
#8727 = LINE('',#8728,#8729);
#8728 = CARTESIAN_POINT('',(0.,0.));
#8729 = VECTOR('',#8730,1.);
#8730 = DIRECTION('',(0.,-1.));
#8731 = ( GEOMETRIC_REPRESENTATION_CONTEXT(2) 
PARAMETRIC_REPRESENTATION_CONTEXT() REPRESENTATION_CONTEXT('2D SPACE',''
  ) );
#8732 = ORIENTED_EDGE('',*,*,#598,.F.);
#8733 = ADVANCED_FACE('',(#8734),#2658,.T.);
#8734 = FACE_BOUND('',#8735,.T.);
#8735 = EDGE_LOOP('',(#8736,#8757,#8758,#8759));
#8736 = ORIENTED_EDGE('',*,*,#8737,.T.);
#8737 = EDGE_CURVE('',#2615,#7767,#8738,.T.);
#8738 = SURFACE_CURVE('',#8739,(#8743,#8750),.PCURVE_S1.);
#8739 = LINE('',#8740,#8741);
#8740 = CARTESIAN_POINT('',(36.456967463486,7.000547737623,0.));
#8741 = VECTOR('',#8742,1.);
#8742 = DIRECTION('',(0.,0.,1.));
#8743 = PCURVE('',#2658,#8744);
#8744 = DEFINITIONAL_REPRESENTATION('',(#8745),#8749);
#8745 = LINE('',#8746,#8747);
#8746 = CARTESIAN_POINT('',(0.,0.));
#8747 = VECTOR('',#8748,1.);
#8748 = DIRECTION('',(0.,-1.));
#8749 = ( GEOMETRIC_REPRESENTATION_CONTEXT(2) 
PARAMETRIC_REPRESENTATION_CONTEXT() REPRESENTATION_CONTEXT('2D SPACE',''
  ) );
#8750 = PCURVE('',#2630,#8751);
#8751 = DEFINITIONAL_REPRESENTATION('',(#8752),#8756);
#8752 = LINE('',#8753,#8754);
#8753 = CARTESIAN_POINT('',(0.785754553116,0.));
#8754 = VECTOR('',#8755,1.);
#8755 = DIRECTION('',(0.,-1.));
#8756 = ( GEOMETRIC_REPRESENTATION_CONTEXT(2) 
PARAMETRIC_REPRESENTATION_CONTEXT() REPRESENTATION_CONTEXT('2D SPACE',''
  ) );
#8757 = ORIENTED_EDGE('',*,*,#7789,.T.);
#8758 = ORIENTED_EDGE('',*,*,#8683,.F.);
#8759 = ORIENTED_EDGE('',*,*,#2642,.F.);
#8760 = ADVANCED_FACE('',(#8761),#642,.T.);
#8761 = FACE_BOUND('',#8762,.T.);
#8762 = EDGE_LOOP('',(#8763,#8764,#8765,#8786));
#8763 = ORIENTED_EDGE('',*,*,#8712,.T.);
#8764 = ORIENTED_EDGE('',*,*,#3437,.T.);
#8765 = ORIENTED_EDGE('',*,*,#8766,.F.);
#8766 = EDGE_CURVE('',#627,#3438,#8767,.T.);
#8767 = SURFACE_CURVE('',#8768,(#8772,#8779),.PCURVE_S1.);
#8768 = LINE('',#8769,#8770);
#8769 = CARTESIAN_POINT('',(51.455056877253,75.720771007426,0.));
#8770 = VECTOR('',#8771,1.);
#8771 = DIRECTION('',(0.,0.,1.));
#8772 = PCURVE('',#642,#8773);
#8773 = DEFINITIONAL_REPRESENTATION('',(#8774),#8778);
#8774 = LINE('',#8775,#8776);
#8775 = CARTESIAN_POINT('',(2.007634929164,0.));
#8776 = VECTOR('',#8777,1.);
#8777 = DIRECTION('',(0.,-1.));
#8778 = ( GEOMETRIC_REPRESENTATION_CONTEXT(2) 
PARAMETRIC_REPRESENTATION_CONTEXT() REPRESENTATION_CONTEXT('2D SPACE',''
  ) );
#8779 = PCURVE('',#670,#8780);
#8780 = DEFINITIONAL_REPRESENTATION('',(#8781),#8785);
#8781 = LINE('',#8782,#8783);
#8782 = CARTESIAN_POINT('',(0.,0.));
#8783 = VECTOR('',#8784,1.);
#8784 = DIRECTION('',(0.,-1.));
#8785 = ( GEOMETRIC_REPRESENTATION_CONTEXT(2) 
PARAMETRIC_REPRESENTATION_CONTEXT() REPRESENTATION_CONTEXT('2D SPACE',''
  ) );
#8786 = ORIENTED_EDGE('',*,*,#626,.F.);
#8787 = ADVANCED_FACE('',(#8788),#2630,.T.);
#8788 = FACE_BOUND('',#8789,.T.);
#8789 = EDGE_LOOP('',(#8790,#8811,#8812,#8813));
#8790 = ORIENTED_EDGE('',*,*,#8791,.T.);
#8791 = EDGE_CURVE('',#2587,#7744,#8792,.T.);
#8792 = SURFACE_CURVE('',#8793,(#8797,#8804),.PCURVE_S1.);
#8793 = LINE('',#8794,#8795);
#8794 = CARTESIAN_POINT('',(36.955443625847,6.39315022915,0.));
#8795 = VECTOR('',#8796,1.);
#8796 = DIRECTION('',(0.,0.,1.));
#8797 = PCURVE('',#2630,#8798);
#8798 = DEFINITIONAL_REPRESENTATION('',(#8799),#8803);
#8799 = LINE('',#8800,#8801);
#8800 = CARTESIAN_POINT('',(0.,0.));
#8801 = VECTOR('',#8802,1.);
#8802 = DIRECTION('',(0.,-1.));
#8803 = ( GEOMETRIC_REPRESENTATION_CONTEXT(2) 
PARAMETRIC_REPRESENTATION_CONTEXT() REPRESENTATION_CONTEXT('2D SPACE',''
  ) );
#8804 = PCURVE('',#2602,#8805);
#8805 = DEFINITIONAL_REPRESENTATION('',(#8806),#8810);
#8806 = LINE('',#8807,#8808);
#8807 = CARTESIAN_POINT('',(0.817347266435,0.));
#8808 = VECTOR('',#8809,1.);
#8809 = DIRECTION('',(0.,-1.));
#8810 = ( GEOMETRIC_REPRESENTATION_CONTEXT(2) 
PARAMETRIC_REPRESENTATION_CONTEXT() REPRESENTATION_CONTEXT('2D SPACE',''
  ) );
#8811 = ORIENTED_EDGE('',*,*,#7766,.T.);
#8812 = ORIENTED_EDGE('',*,*,#8737,.F.);
#8813 = ORIENTED_EDGE('',*,*,#2614,.F.);
#8814 = ADVANCED_FACE('',(#8815),#670,.T.);
#8815 = FACE_BOUND('',#8816,.T.);
#8816 = EDGE_LOOP('',(#8817,#8818,#8819,#8840));
#8817 = ORIENTED_EDGE('',*,*,#8766,.T.);
#8818 = ORIENTED_EDGE('',*,*,#3460,.T.);
#8819 = ORIENTED_EDGE('',*,*,#8820,.F.);
#8820 = EDGE_CURVE('',#655,#3461,#8821,.T.);
#8821 = SURFACE_CURVE('',#8822,(#8826,#8833),.PCURVE_S1.);
#8822 = LINE('',#8823,#8824);
#8823 = CARTESIAN_POINT('',(53.392214173052,76.230496162176,0.));
#8824 = VECTOR('',#8825,1.);
#8825 = DIRECTION('',(0.,0.,1.));
#8826 = PCURVE('',#670,#8827);
#8827 = DEFINITIONAL_REPRESENTATION('',(#8828),#8832);
#8828 = LINE('',#8829,#8830);
#8829 = CARTESIAN_POINT('',(2.003097132456,0.));
#8830 = VECTOR('',#8831,1.);
#8831 = DIRECTION('',(0.,-1.));
#8832 = ( GEOMETRIC_REPRESENTATION_CONTEXT(2) 
PARAMETRIC_REPRESENTATION_CONTEXT() REPRESENTATION_CONTEXT('2D SPACE',''
  ) );
#8833 = PCURVE('',#698,#8834);
#8834 = DEFINITIONAL_REPRESENTATION('',(#8835),#8839);
#8835 = LINE('',#8836,#8837);
#8836 = CARTESIAN_POINT('',(0.,0.));
#8837 = VECTOR('',#8838,1.);
#8838 = DIRECTION('',(0.,-1.));
#8839 = ( GEOMETRIC_REPRESENTATION_CONTEXT(2) 
PARAMETRIC_REPRESENTATION_CONTEXT() REPRESENTATION_CONTEXT('2D SPACE',''
  ) );
#8840 = ORIENTED_EDGE('',*,*,#654,.F.);
#8841 = ADVANCED_FACE('',(#8842),#2602,.T.);
#8842 = FACE_BOUND('',#8843,.T.);
#8843 = EDGE_LOOP('',(#8844,#8865,#8866,#8867));
#8844 = ORIENTED_EDGE('',*,*,#8845,.T.);
#8845 = EDGE_CURVE('',#2559,#7721,#8846,.T.);
#8846 = SURFACE_CURVE('',#8847,(#8851,#8858),.PCURVE_S1.);
#8847 = LINE('',#8848,#8849);
#8848 = CARTESIAN_POINT('',(37.577975307055,5.86351746974,0.));
#8849 = VECTOR('',#8850,1.);
#8850 = DIRECTION('',(0.,0.,1.));
#8851 = PCURVE('',#2602,#8852);
#8852 = DEFINITIONAL_REPRESENTATION('',(#8853),#8857);
#8853 = LINE('',#8854,#8855);
#8854 = CARTESIAN_POINT('',(0.,0.));
#8855 = VECTOR('',#8856,1.);
#8856 = DIRECTION('',(0.,-1.));
#8857 = ( GEOMETRIC_REPRESENTATION_CONTEXT(2) 
PARAMETRIC_REPRESENTATION_CONTEXT() REPRESENTATION_CONTEXT('2D SPACE',''
  ) );
#8858 = PCURVE('',#2574,#8859);
#8859 = DEFINITIONAL_REPRESENTATION('',(#8860),#8864);
#8860 = LINE('',#8861,#8862);
#8861 = CARTESIAN_POINT('',(0.635431745267,0.));
#8862 = VECTOR('',#8863,1.);
#8863 = DIRECTION('',(0.,-1.));
#8864 = ( GEOMETRIC_REPRESENTATION_CONTEXT(2) 
PARAMETRIC_REPRESENTATION_CONTEXT() REPRESENTATION_CONTEXT('2D SPACE',''
  ) );
#8865 = ORIENTED_EDGE('',*,*,#7743,.T.);
#8866 = ORIENTED_EDGE('',*,*,#8791,.F.);
#8867 = ORIENTED_EDGE('',*,*,#2586,.F.);
#8868 = ADVANCED_FACE('',(#8869),#698,.T.);
#8869 = FACE_BOUND('',#8870,.T.);
#8870 = EDGE_LOOP('',(#8871,#8872,#8873,#8894));
#8871 = ORIENTED_EDGE('',*,*,#8820,.T.);
#8872 = ORIENTED_EDGE('',*,*,#3483,.T.);
#8873 = ORIENTED_EDGE('',*,*,#8874,.F.);
#8874 = EDGE_CURVE('',#683,#3484,#8875,.T.);
#8875 = SURFACE_CURVE('',#8876,(#8880,#8887),.PCURVE_S1.);
#8876 = LINE('',#8877,#8878);
#8877 = CARTESIAN_POINT('',(55.620450420852,76.980681811271,0.));
#8878 = VECTOR('',#8879,1.);
#8879 = DIRECTION('',(0.,0.,1.));
#8880 = PCURVE('',#698,#8881);
#8881 = DEFINITIONAL_REPRESENTATION('',(#8882),#8886);
#8882 = LINE('',#8883,#8884);
#8883 = CARTESIAN_POINT('',(2.351130639526,0.));
#8884 = VECTOR('',#8885,1.);
#8885 = DIRECTION('',(0.,-1.));
#8886 = ( GEOMETRIC_REPRESENTATION_CONTEXT(2) 
PARAMETRIC_REPRESENTATION_CONTEXT() REPRESENTATION_CONTEXT('2D SPACE',''
  ) );
#8887 = PCURVE('',#726,#8888);
#8888 = DEFINITIONAL_REPRESENTATION('',(#8889),#8893);
#8889 = LINE('',#8890,#8891);
#8890 = CARTESIAN_POINT('',(0.,0.));
#8891 = VECTOR('',#8892,1.);
#8892 = DIRECTION('',(0.,-1.));
#8893 = ( GEOMETRIC_REPRESENTATION_CONTEXT(2) 
PARAMETRIC_REPRESENTATION_CONTEXT() REPRESENTATION_CONTEXT('2D SPACE',''
  ) );
#8894 = ORIENTED_EDGE('',*,*,#682,.F.);
#8895 = ADVANCED_FACE('',(#8896),#2574,.T.);
#8896 = FACE_BOUND('',#8897,.T.);
#8897 = EDGE_LOOP('',(#8898,#8919,#8920,#8921));
#8898 = ORIENTED_EDGE('',*,*,#8899,.T.);
#8899 = EDGE_CURVE('',#2531,#7698,#8900,.T.);
#8900 = SURFACE_CURVE('',#8901,(#8905,#8912),.PCURVE_S1.);
#8901 = LINE('',#8902,#8903);
#8902 = CARTESIAN_POINT('',(38.127412045443,5.544310995177,0.));
#8903 = VECTOR('',#8904,1.);
#8904 = DIRECTION('',(0.,0.,1.));
#8905 = PCURVE('',#2574,#8906);
#8906 = DEFINITIONAL_REPRESENTATION('',(#8907),#8911);
#8907 = LINE('',#8908,#8909);
#8908 = CARTESIAN_POINT('',(0.,0.));
#8909 = VECTOR('',#8910,1.);
#8910 = DIRECTION('',(0.,-1.));
#8911 = ( GEOMETRIC_REPRESENTATION_CONTEXT(2) 
PARAMETRIC_REPRESENTATION_CONTEXT() REPRESENTATION_CONTEXT('2D SPACE',''
  ) );
#8912 = PCURVE('',#2546,#8913);
#8913 = DEFINITIONAL_REPRESENTATION('',(#8914),#8918);
#8914 = LINE('',#8915,#8916);
#8915 = CARTESIAN_POINT('',(0.755477211833,0.));
#8916 = VECTOR('',#8917,1.);
#8917 = DIRECTION('',(0.,-1.));
#8918 = ( GEOMETRIC_REPRESENTATION_CONTEXT(2) 
PARAMETRIC_REPRESENTATION_CONTEXT() REPRESENTATION_CONTEXT('2D SPACE',''
  ) );
#8919 = ORIENTED_EDGE('',*,*,#7720,.T.);
#8920 = ORIENTED_EDGE('',*,*,#8845,.F.);
#8921 = ORIENTED_EDGE('',*,*,#2558,.F.);
#8922 = ADVANCED_FACE('',(#8923),#726,.T.);
#8923 = FACE_BOUND('',#8924,.T.);
#8924 = EDGE_LOOP('',(#8925,#8926,#8927,#8948));
#8925 = ORIENTED_EDGE('',*,*,#8874,.T.);
#8926 = ORIENTED_EDGE('',*,*,#3506,.T.);
#8927 = ORIENTED_EDGE('',*,*,#8928,.F.);
#8928 = EDGE_CURVE('',#711,#3507,#8929,.T.);
#8929 = SURFACE_CURVE('',#8930,(#8934,#8941),.PCURVE_S1.);
#8930 = LINE('',#8931,#8932);
#8931 = CARTESIAN_POINT('',(57.470194037542,77.745971493837,0.));
#8932 = VECTOR('',#8933,1.);
#8933 = DIRECTION('',(0.,0.,1.));
#8934 = PCURVE('',#726,#8935);
#8935 = DEFINITIONAL_REPRESENTATION('',(#8936),#8940);
#8936 = LINE('',#8937,#8938);
#8937 = CARTESIAN_POINT('',(2.001804122717,0.));
#8938 = VECTOR('',#8939,1.);
#8939 = DIRECTION('',(0.,-1.));
#8940 = ( GEOMETRIC_REPRESENTATION_CONTEXT(2) 
PARAMETRIC_REPRESENTATION_CONTEXT() REPRESENTATION_CONTEXT('2D SPACE',''
  ) );
#8941 = PCURVE('',#754,#8942);
#8942 = DEFINITIONAL_REPRESENTATION('',(#8943),#8947);
#8943 = LINE('',#8944,#8945);
#8944 = CARTESIAN_POINT('',(0.,0.));
#8945 = VECTOR('',#8946,1.);
#8946 = DIRECTION('',(0.,-1.));
#8947 = ( GEOMETRIC_REPRESENTATION_CONTEXT(2) 
PARAMETRIC_REPRESENTATION_CONTEXT() REPRESENTATION_CONTEXT('2D SPACE',''
  ) );
#8948 = ORIENTED_EDGE('',*,*,#710,.F.);
#8949 = ADVANCED_FACE('',(#8950),#2546,.T.);
#8950 = FACE_BOUND('',#8951,.T.);
#8951 = EDGE_LOOP('',(#8952,#8973,#8974,#8975));
#8952 = ORIENTED_EDGE('',*,*,#8953,.T.);
#8953 = EDGE_CURVE('',#2503,#7675,#8954,.T.);
#8954 = SURFACE_CURVE('',#8955,(#8959,#8966),.PCURVE_S1.);
#8955 = LINE('',#8956,#8957);
#8956 = CARTESIAN_POINT('',(38.834106714194,5.277237105106,0.));
#8957 = VECTOR('',#8958,1.);
#8958 = DIRECTION('',(0.,0.,1.));
#8959 = PCURVE('',#2546,#8960);
#8960 = DEFINITIONAL_REPRESENTATION('',(#8961),#8965);
#8961 = LINE('',#8962,#8963);
#8962 = CARTESIAN_POINT('',(0.,0.));
#8963 = VECTOR('',#8964,1.);
#8964 = DIRECTION('',(0.,-1.));
#8965 = ( GEOMETRIC_REPRESENTATION_CONTEXT(2) 
PARAMETRIC_REPRESENTATION_CONTEXT() REPRESENTATION_CONTEXT('2D SPACE',''
  ) );
#8966 = PCURVE('',#2518,#8967);
#8967 = DEFINITIONAL_REPRESENTATION('',(#8968),#8972);
#8968 = LINE('',#8969,#8970);
#8969 = CARTESIAN_POINT('',(1.127828610906,0.));
#8970 = VECTOR('',#8971,1.);
#8971 = DIRECTION('',(0.,-1.));
#8972 = ( GEOMETRIC_REPRESENTATION_CONTEXT(2) 
PARAMETRIC_REPRESENTATION_CONTEXT() REPRESENTATION_CONTEXT('2D SPACE',''
  ) );
#8973 = ORIENTED_EDGE('',*,*,#7697,.T.);
#8974 = ORIENTED_EDGE('',*,*,#8899,.F.);
#8975 = ORIENTED_EDGE('',*,*,#2530,.F.);
#8976 = ADVANCED_FACE('',(#8977),#754,.T.);
#8977 = FACE_BOUND('',#8978,.T.);
#8978 = EDGE_LOOP('',(#8979,#8980,#8981,#9002));
#8979 = ORIENTED_EDGE('',*,*,#8928,.T.);
#8980 = ORIENTED_EDGE('',*,*,#3529,.T.);
#8981 = ORIENTED_EDGE('',*,*,#8982,.F.);
#8982 = EDGE_CURVE('',#739,#3530,#8983,.T.);
#8983 = SURFACE_CURVE('',#8984,(#8988,#8995),.PCURVE_S1.);
#8984 = LINE('',#8985,#8986);
#8985 = CARTESIAN_POINT('',(59.577123211972,78.789352302683,0.));
#8986 = VECTOR('',#8987,1.);
#8987 = DIRECTION('',(0.,0.,1.));
#8988 = PCURVE('',#754,#8989);
#8989 = DEFINITIONAL_REPRESENTATION('',(#8990),#8994);
#8990 = LINE('',#8991,#8992);
#8991 = CARTESIAN_POINT('',(2.351126125569,0.));
#8992 = VECTOR('',#8993,1.);
#8993 = DIRECTION('',(0.,-1.));
#8994 = ( GEOMETRIC_REPRESENTATION_CONTEXT(2) 
PARAMETRIC_REPRESENTATION_CONTEXT() REPRESENTATION_CONTEXT('2D SPACE',''
  ) );
#8995 = PCURVE('',#782,#8996);
#8996 = DEFINITIONAL_REPRESENTATION('',(#8997),#9001);
#8997 = LINE('',#8998,#8999);
#8998 = CARTESIAN_POINT('',(0.,0.));
#8999 = VECTOR('',#9000,1.);
#9000 = DIRECTION('',(0.,-1.));
#9001 = ( GEOMETRIC_REPRESENTATION_CONTEXT(2) 
PARAMETRIC_REPRESENTATION_CONTEXT() REPRESENTATION_CONTEXT('2D SPACE',''
  ) );
#9002 = ORIENTED_EDGE('',*,*,#738,.F.);
#9003 = ADVANCED_FACE('',(#9004),#2518,.T.);
#9004 = FACE_BOUND('',#9005,.T.);
#9005 = EDGE_LOOP('',(#9006,#9027,#9028,#9029));
#9006 = ORIENTED_EDGE('',*,*,#9007,.T.);
#9007 = EDGE_CURVE('',#2475,#7652,#9008,.T.);
#9008 = SURFACE_CURVE('',#9009,(#9013,#9020),.PCURVE_S1.);
#9009 = LINE('',#9010,#9011);
#9010 = CARTESIAN_POINT('',(39.948033472348,5.100702255726,0.));
#9011 = VECTOR('',#9012,1.);
#9012 = DIRECTION('',(0.,0.,1.));
#9013 = PCURVE('',#2518,#9014);
#9014 = DEFINITIONAL_REPRESENTATION('',(#9015),#9019);
#9015 = LINE('',#9016,#9017);
#9016 = CARTESIAN_POINT('',(0.,0.));
#9017 = VECTOR('',#9018,1.);
#9018 = DIRECTION('',(0.,-1.));
#9019 = ( GEOMETRIC_REPRESENTATION_CONTEXT(2) 
PARAMETRIC_REPRESENTATION_CONTEXT() REPRESENTATION_CONTEXT('2D SPACE',''
  ) );
#9020 = PCURVE('',#2490,#9021);
#9021 = DEFINITIONAL_REPRESENTATION('',(#9022),#9026);
#9022 = LINE('',#9023,#9024);
#9023 = CARTESIAN_POINT('',(13.754559364929,0.));
#9024 = VECTOR('',#9025,1.);
#9025 = DIRECTION('',(0.,-1.));
#9026 = ( GEOMETRIC_REPRESENTATION_CONTEXT(2) 
PARAMETRIC_REPRESENTATION_CONTEXT() REPRESENTATION_CONTEXT('2D SPACE',''
  ) );
#9027 = ORIENTED_EDGE('',*,*,#7674,.T.);
#9028 = ORIENTED_EDGE('',*,*,#8953,.F.);
#9029 = ORIENTED_EDGE('',*,*,#2502,.F.);
#9030 = ADVANCED_FACE('',(#9031),#782,.T.);
#9031 = FACE_BOUND('',#9032,.T.);
#9032 = EDGE_LOOP('',(#9033,#9034,#9035,#9056));
#9033 = ORIENTED_EDGE('',*,*,#8982,.T.);
#9034 = ORIENTED_EDGE('',*,*,#3552,.T.);
#9035 = ORIENTED_EDGE('',*,*,#9036,.F.);
#9036 = EDGE_CURVE('',#767,#3553,#9037,.T.);
#9037 = SURFACE_CURVE('',#9038,(#9042,#9049),.PCURVE_S1.);
#9038 = LINE('',#9039,#9040);
#9039 = CARTESIAN_POINT('',(61.313422506726,79.800316419847,0.));
#9040 = VECTOR('',#9041,1.);
#9041 = DIRECTION('',(0.,0.,1.));
#9042 = PCURVE('',#782,#9043);
#9043 = DEFINITIONAL_REPRESENTATION('',(#9044),#9048);
#9044 = LINE('',#9045,#9046);
#9045 = CARTESIAN_POINT('',(2.009174877196,0.));
#9046 = VECTOR('',#9047,1.);
#9047 = DIRECTION('',(0.,-1.));
#9048 = ( GEOMETRIC_REPRESENTATION_CONTEXT(2) 
PARAMETRIC_REPRESENTATION_CONTEXT() REPRESENTATION_CONTEXT('2D SPACE',''
  ) );
#9049 = PCURVE('',#810,#9050);
#9050 = DEFINITIONAL_REPRESENTATION('',(#9051),#9055);
#9051 = LINE('',#9052,#9053);
#9052 = CARTESIAN_POINT('',(0.,0.));
#9053 = VECTOR('',#9054,1.);
#9054 = DIRECTION('',(0.,-1.));
#9055 = ( GEOMETRIC_REPRESENTATION_CONTEXT(2) 
PARAMETRIC_REPRESENTATION_CONTEXT() REPRESENTATION_CONTEXT('2D SPACE',''
  ) );
#9056 = ORIENTED_EDGE('',*,*,#766,.F.);
#9057 = ADVANCED_FACE('',(#9058),#2490,.T.);
#9058 = FACE_BOUND('',#9059,.T.);
#9059 = EDGE_LOOP('',(#9060,#9081,#9082,#9083));
#9060 = ORIENTED_EDGE('',*,*,#9061,.T.);
#9061 = EDGE_CURVE('',#2447,#7629,#9062,.T.);
#9062 = SURFACE_CURVE('',#9063,(#9067,#9074),.PCURVE_S1.);
#9063 = LINE('',#9064,#9065);
#9064 = CARTESIAN_POINT('',(53.702592820094,5.100014725719,0.));
#9065 = VECTOR('',#9066,1.);
#9066 = DIRECTION('',(0.,0.,1.));
#9067 = PCURVE('',#2490,#9068);
#9068 = DEFINITIONAL_REPRESENTATION('',(#9069),#9073);
#9069 = LINE('',#9070,#9071);
#9070 = CARTESIAN_POINT('',(0.,0.));
#9071 = VECTOR('',#9072,1.);
#9072 = DIRECTION('',(0.,-1.));
#9073 = ( GEOMETRIC_REPRESENTATION_CONTEXT(2) 
PARAMETRIC_REPRESENTATION_CONTEXT() REPRESENTATION_CONTEXT('2D SPACE',''
  ) );
#9074 = PCURVE('',#2462,#9075);
#9075 = DEFINITIONAL_REPRESENTATION('',(#9076),#9080);
#9076 = LINE('',#9077,#9078);
#9077 = CARTESIAN_POINT('',(1.10360404516,0.));
#9078 = VECTOR('',#9079,1.);
#9079 = DIRECTION('',(0.,-1.));
#9080 = ( GEOMETRIC_REPRESENTATION_CONTEXT(2) 
PARAMETRIC_REPRESENTATION_CONTEXT() REPRESENTATION_CONTEXT('2D SPACE',''
  ) );
#9081 = ORIENTED_EDGE('',*,*,#7651,.T.);
#9082 = ORIENTED_EDGE('',*,*,#9007,.F.);
#9083 = ORIENTED_EDGE('',*,*,#2474,.F.);
#9084 = ADVANCED_FACE('',(#9085),#810,.T.);
#9085 = FACE_BOUND('',#9086,.T.);
#9086 = EDGE_LOOP('',(#9087,#9088,#9089,#9110));
#9087 = ORIENTED_EDGE('',*,*,#9036,.T.);
#9088 = ORIENTED_EDGE('',*,*,#3575,.T.);
#9089 = ORIENTED_EDGE('',*,*,#9090,.F.);
#9090 = EDGE_CURVE('',#795,#3576,#9091,.T.);
#9091 = SURFACE_CURVE('',#9092,(#9096,#9103),.PCURVE_S1.);
#9092 = LINE('',#9093,#9094);
#9093 = CARTESIAN_POINT('',(62.699219156527,80.717003286311,0.));
#9094 = VECTOR('',#9095,1.);
#9095 = DIRECTION('',(0.,0.,1.));
#9096 = PCURVE('',#810,#9097);
#9097 = DEFINITIONAL_REPRESENTATION('',(#9098),#9102);
#9098 = LINE('',#9099,#9100);
#9099 = CARTESIAN_POINT('',(1.661549627831,0.));
#9100 = VECTOR('',#9101,1.);
#9101 = DIRECTION('',(0.,-1.));
#9102 = ( GEOMETRIC_REPRESENTATION_CONTEXT(2) 
PARAMETRIC_REPRESENTATION_CONTEXT() REPRESENTATION_CONTEXT('2D SPACE',''
  ) );
#9103 = PCURVE('',#838,#9104);
#9104 = DEFINITIONAL_REPRESENTATION('',(#9105),#9109);
#9105 = LINE('',#9106,#9107);
#9106 = CARTESIAN_POINT('',(0.,0.));
#9107 = VECTOR('',#9108,1.);
#9108 = DIRECTION('',(0.,-1.));
#9109 = ( GEOMETRIC_REPRESENTATION_CONTEXT(2) 
PARAMETRIC_REPRESENTATION_CONTEXT() REPRESENTATION_CONTEXT('2D SPACE',''
  ) );
#9110 = ORIENTED_EDGE('',*,*,#794,.F.);
#9111 = ADVANCED_FACE('',(#9112),#2462,.T.);
#9112 = FACE_BOUND('',#9113,.T.);
#9113 = EDGE_LOOP('',(#9114,#9135,#9136,#9137));
#9114 = ORIENTED_EDGE('',*,*,#9115,.T.);
#9115 = EDGE_CURVE('',#2419,#7606,#9116,.T.);
#9116 = SURFACE_CURVE('',#9117,(#9121,#9128),.PCURVE_S1.);
#9117 = LINE('',#9118,#9119);
#9118 = CARTESIAN_POINT('',(53.730696496494,3.996768573735,0.));
#9119 = VECTOR('',#9120,1.);
#9120 = DIRECTION('',(0.,0.,1.));
#9121 = PCURVE('',#2462,#9122);
#9122 = DEFINITIONAL_REPRESENTATION('',(#9123),#9127);
#9123 = LINE('',#9124,#9125);
#9124 = CARTESIAN_POINT('',(0.,0.));
#9125 = VECTOR('',#9126,1.);
#9126 = DIRECTION('',(0.,-1.));
#9127 = ( GEOMETRIC_REPRESENTATION_CONTEXT(2) 
PARAMETRIC_REPRESENTATION_CONTEXT() REPRESENTATION_CONTEXT('2D SPACE',''
  ) );
#9128 = PCURVE('',#2434,#9129);
#9129 = DEFINITIONAL_REPRESENTATION('',(#9130),#9134);
#9130 = LINE('',#9131,#9132);
#9131 = CARTESIAN_POINT('',(0.812154618632,0.));
#9132 = VECTOR('',#9133,1.);
#9133 = DIRECTION('',(0.,-1.));
#9134 = ( GEOMETRIC_REPRESENTATION_CONTEXT(2) 
PARAMETRIC_REPRESENTATION_CONTEXT() REPRESENTATION_CONTEXT('2D SPACE',''
  ) );
#9135 = ORIENTED_EDGE('',*,*,#7628,.T.);
#9136 = ORIENTED_EDGE('',*,*,#9061,.F.);
#9137 = ORIENTED_EDGE('',*,*,#2446,.F.);
#9138 = ADVANCED_FACE('',(#9139),#838,.T.);
#9139 = FACE_BOUND('',#9140,.T.);
#9140 = EDGE_LOOP('',(#9141,#9142,#9143,#9164));
#9141 = ORIENTED_EDGE('',*,*,#9090,.T.);
#9142 = ORIENTED_EDGE('',*,*,#3598,.T.);
#9143 = ORIENTED_EDGE('',*,*,#9144,.F.);
#9144 = EDGE_CURVE('',#823,#3599,#9145,.T.);
#9145 = SURFACE_CURVE('',#9146,(#9150,#9157),.PCURVE_S1.);
#9146 = LINE('',#9147,#9148);
#9147 = CARTESIAN_POINT('',(64.87107607766,82.334125378076,0.));
#9148 = VECTOR('',#9149,1.);
#9149 = DIRECTION('',(0.,0.,1.));
#9150 = PCURVE('',#838,#9151);
#9151 = DEFINITIONAL_REPRESENTATION('',(#9152),#9156);
#9152 = LINE('',#9153,#9154);
#9153 = CARTESIAN_POINT('',(2.707775165252,0.));
#9154 = VECTOR('',#9155,1.);
#9155 = DIRECTION('',(0.,-1.));
#9156 = ( GEOMETRIC_REPRESENTATION_CONTEXT(2) 
PARAMETRIC_REPRESENTATION_CONTEXT() REPRESENTATION_CONTEXT('2D SPACE',''
  ) );
#9157 = PCURVE('',#866,#9158);
#9158 = DEFINITIONAL_REPRESENTATION('',(#9159),#9163);
#9159 = LINE('',#9160,#9161);
#9160 = CARTESIAN_POINT('',(0.,0.));
#9161 = VECTOR('',#9162,1.);
#9162 = DIRECTION('',(0.,-1.));
#9163 = ( GEOMETRIC_REPRESENTATION_CONTEXT(2) 
PARAMETRIC_REPRESENTATION_CONTEXT() REPRESENTATION_CONTEXT('2D SPACE',''
  ) );
#9164 = ORIENTED_EDGE('',*,*,#822,.F.);
#9165 = ADVANCED_FACE('',(#9166),#2434,.T.);
#9166 = FACE_BOUND('',#9167,.T.);
#9167 = EDGE_LOOP('',(#9168,#9189,#9190,#9191));
#9168 = ORIENTED_EDGE('',*,*,#9169,.T.);
#9169 = EDGE_CURVE('',#2391,#7583,#9170,.T.);
#9170 = SURFACE_CURVE('',#9171,(#9175,#9182),.PCURVE_S1.);
#9171 = LINE('',#9172,#9173);
#9172 = CARTESIAN_POINT('',(53.894397155009,3.20128304969,0.));
#9173 = VECTOR('',#9174,1.);
#9174 = DIRECTION('',(0.,0.,1.));
#9175 = PCURVE('',#2434,#9176);
#9176 = DEFINITIONAL_REPRESENTATION('',(#9177),#9181);
#9177 = LINE('',#9178,#9179);
#9178 = CARTESIAN_POINT('',(0.,0.));
#9179 = VECTOR('',#9180,1.);
#9180 = DIRECTION('',(0.,-1.));
#9181 = ( GEOMETRIC_REPRESENTATION_CONTEXT(2) 
PARAMETRIC_REPRESENTATION_CONTEXT() REPRESENTATION_CONTEXT('2D SPACE',''
  ) );
#9182 = PCURVE('',#2406,#9183);
#9183 = DEFINITIONAL_REPRESENTATION('',(#9184),#9188);
#9184 = LINE('',#9185,#9186);
#9185 = CARTESIAN_POINT('',(0.823022025708,0.));
#9186 = VECTOR('',#9187,1.);
#9187 = DIRECTION('',(0.,-1.));
#9188 = ( GEOMETRIC_REPRESENTATION_CONTEXT(2) 
PARAMETRIC_REPRESENTATION_CONTEXT() REPRESENTATION_CONTEXT('2D SPACE',''
  ) );
#9189 = ORIENTED_EDGE('',*,*,#7605,.T.);
#9190 = ORIENTED_EDGE('',*,*,#9115,.F.);
#9191 = ORIENTED_EDGE('',*,*,#2418,.F.);
#9192 = ADVANCED_FACE('',(#9193),#866,.T.);
#9193 = FACE_BOUND('',#9194,.T.);
#9194 = EDGE_LOOP('',(#9195,#9196,#9197,#9218));
#9195 = ORIENTED_EDGE('',*,*,#9144,.T.);
#9196 = ORIENTED_EDGE('',*,*,#3621,.T.);
#9197 = ORIENTED_EDGE('',*,*,#9198,.F.);
#9198 = EDGE_CURVE('',#851,#3622,#9199,.T.);
#9199 = SURFACE_CURVE('',#9200,(#9204,#9211),.PCURVE_S1.);
#9200 = LINE('',#9201,#9202);
#9201 = CARTESIAN_POINT('',(65.9581227825,83.011687998851,0.));
#9202 = VECTOR('',#9203,1.);
#9203 = DIRECTION('',(0.,0.,1.));
#9204 = PCURVE('',#866,#9205);
#9205 = DEFINITIONAL_REPRESENTATION('',(#9206),#9210);
#9206 = LINE('',#9207,#9208);
#9207 = CARTESIAN_POINT('',(1.280922184823,0.));
#9208 = VECTOR('',#9209,1.);
#9209 = DIRECTION('',(0.,-1.));
#9210 = ( GEOMETRIC_REPRESENTATION_CONTEXT(2) 
PARAMETRIC_REPRESENTATION_CONTEXT() REPRESENTATION_CONTEXT('2D SPACE',''
  ) );
#9211 = PCURVE('',#894,#9212);
#9212 = DEFINITIONAL_REPRESENTATION('',(#9213),#9217);
#9213 = LINE('',#9214,#9215);
#9214 = CARTESIAN_POINT('',(0.,0.));
#9215 = VECTOR('',#9216,1.);
#9216 = DIRECTION('',(0.,-1.));
#9217 = ( GEOMETRIC_REPRESENTATION_CONTEXT(2) 
PARAMETRIC_REPRESENTATION_CONTEXT() REPRESENTATION_CONTEXT('2D SPACE',''
  ) );
#9218 = ORIENTED_EDGE('',*,*,#850,.F.);
#9219 = ADVANCED_FACE('',(#9220),#2406,.T.);
#9220 = FACE_BOUND('',#9221,.T.);
#9221 = EDGE_LOOP('',(#9222,#9243,#9244,#9245));
#9222 = ORIENTED_EDGE('',*,*,#9223,.T.);
#9223 = EDGE_CURVE('',#2363,#7560,#9224,.T.);
#9224 = SURFACE_CURVE('',#9225,(#9229,#9236),.PCURVE_S1.);
#9225 = LINE('',#9226,#9227);
#9226 = CARTESIAN_POINT('',(54.200008798925,2.437105859567,0.));
#9227 = VECTOR('',#9228,1.);
#9228 = DIRECTION('',(0.,0.,1.));
#9229 = PCURVE('',#2406,#9230);
#9230 = DEFINITIONAL_REPRESENTATION('',(#9231),#9235);
#9231 = LINE('',#9232,#9233);
#9232 = CARTESIAN_POINT('',(0.,0.));
#9233 = VECTOR('',#9234,1.);
#9234 = DIRECTION('',(0.,-1.));
#9235 = ( GEOMETRIC_REPRESENTATION_CONTEXT(2) 
PARAMETRIC_REPRESENTATION_CONTEXT() REPRESENTATION_CONTEXT('2D SPACE',''
  ) );
#9236 = PCURVE('',#2378,#9237);
#9237 = DEFINITIONAL_REPRESENTATION('',(#9238),#9242);
#9238 = LINE('',#9239,#9240);
#9239 = CARTESIAN_POINT('',(0.727617809533,0.));
#9240 = VECTOR('',#9241,1.);
#9241 = DIRECTION('',(0.,-1.));
#9242 = ( GEOMETRIC_REPRESENTATION_CONTEXT(2) 
PARAMETRIC_REPRESENTATION_CONTEXT() REPRESENTATION_CONTEXT('2D SPACE',''
  ) );
#9243 = ORIENTED_EDGE('',*,*,#7582,.T.);
#9244 = ORIENTED_EDGE('',*,*,#9169,.F.);
#9245 = ORIENTED_EDGE('',*,*,#2390,.F.);
#9246 = ADVANCED_FACE('',(#9247),#894,.T.);
#9247 = FACE_BOUND('',#9248,.T.);
#9248 = EDGE_LOOP('',(#9249,#9250,#9251,#9272));
#9249 = ORIENTED_EDGE('',*,*,#9198,.T.);
#9250 = ORIENTED_EDGE('',*,*,#3644,.T.);
#9251 = ORIENTED_EDGE('',*,*,#9252,.F.);
#9252 = EDGE_CURVE('',#879,#3645,#9253,.T.);
#9253 = SURFACE_CURVE('',#9254,(#9258,#9265),.PCURVE_S1.);
#9254 = LINE('',#9255,#9256);
#9255 = CARTESIAN_POINT('',(67.36258292856,83.671672105714,0.));
#9256 = VECTOR('',#9257,1.);
#9257 = DIRECTION('',(0.,0.,1.));
#9258 = PCURVE('',#894,#9259);
#9259 = DEFINITIONAL_REPRESENTATION('',(#9260),#9264);
#9260 = LINE('',#9261,#9262);
#9261 = CARTESIAN_POINT('',(1.551801315628,0.));
#9262 = VECTOR('',#9263,1.);
#9263 = DIRECTION('',(0.,-1.));
#9264 = ( GEOMETRIC_REPRESENTATION_CONTEXT(2) 
PARAMETRIC_REPRESENTATION_CONTEXT() REPRESENTATION_CONTEXT('2D SPACE',''
  ) );
#9265 = PCURVE('',#922,#9266);
#9266 = DEFINITIONAL_REPRESENTATION('',(#9267),#9271);
#9267 = LINE('',#9268,#9269);
#9268 = CARTESIAN_POINT('',(0.,0.));
#9269 = VECTOR('',#9270,1.);
#9270 = DIRECTION('',(0.,-1.));
#9271 = ( GEOMETRIC_REPRESENTATION_CONTEXT(2) 
PARAMETRIC_REPRESENTATION_CONTEXT() REPRESENTATION_CONTEXT('2D SPACE',''
  ) );
#9272 = ORIENTED_EDGE('',*,*,#878,.F.);
#9273 = ADVANCED_FACE('',(#9274),#2378,.T.);
#9274 = FACE_BOUND('',#9275,.T.);
#9275 = EDGE_LOOP('',(#9276,#9297,#9298,#9299));
#9276 = ORIENTED_EDGE('',*,*,#9277,.T.);
#9277 = EDGE_CURVE('',#2335,#7537,#9278,.T.);
#9278 = SURFACE_CURVE('',#9279,(#9283,#9290),.PCURVE_S1.);
#9279 = LINE('',#9280,#9281);
#9280 = CARTESIAN_POINT('',(54.573656666473,1.812754237622,0.));
#9281 = VECTOR('',#9282,1.);
#9282 = DIRECTION('',(0.,0.,1.));
#9283 = PCURVE('',#2378,#9284);
#9284 = DEFINITIONAL_REPRESENTATION('',(#9285),#9289);
#9285 = LINE('',#9286,#9287);
#9286 = CARTESIAN_POINT('',(0.,0.));
#9287 = VECTOR('',#9288,1.);
#9288 = DIRECTION('',(0.,-1.));
#9289 = ( GEOMETRIC_REPRESENTATION_CONTEXT(2) 
PARAMETRIC_REPRESENTATION_CONTEXT() REPRESENTATION_CONTEXT('2D SPACE',''
  ) );
#9290 = PCURVE('',#2350,#9291);
#9291 = DEFINITIONAL_REPRESENTATION('',(#9292),#9296);
#9292 = LINE('',#9293,#9294);
#9293 = CARTESIAN_POINT('',(0.946370969062,0.));
#9294 = VECTOR('',#9295,1.);
#9295 = DIRECTION('',(0.,-1.));
#9296 = ( GEOMETRIC_REPRESENTATION_CONTEXT(2) 
PARAMETRIC_REPRESENTATION_CONTEXT() REPRESENTATION_CONTEXT('2D SPACE',''
  ) );
#9297 = ORIENTED_EDGE('',*,*,#7559,.T.);
#9298 = ORIENTED_EDGE('',*,*,#9223,.F.);
#9299 = ORIENTED_EDGE('',*,*,#2362,.F.);
#9300 = ADVANCED_FACE('',(#9301),#922,.T.);
#9301 = FACE_BOUND('',#9302,.T.);
#9302 = EDGE_LOOP('',(#9303,#9304,#9305,#9326));
#9303 = ORIENTED_EDGE('',*,*,#9252,.T.);
#9304 = ORIENTED_EDGE('',*,*,#3667,.T.);
#9305 = ORIENTED_EDGE('',*,*,#9306,.F.);
#9306 = EDGE_CURVE('',#907,#3668,#9307,.T.);
#9307 = SURFACE_CURVE('',#9308,(#9312,#9319),.PCURVE_S1.);
#9308 = LINE('',#9309,#9310);
#9309 = CARTESIAN_POINT('',(68.959990438116,84.173920664998,0.));
#9310 = VECTOR('',#9311,1.);
#9311 = DIRECTION('',(0.,0.,1.));
#9312 = PCURVE('',#922,#9313);
#9313 = DEFINITIONAL_REPRESENTATION('',(#9314),#9318);
#9314 = LINE('',#9315,#9316);
#9315 = CARTESIAN_POINT('',(1.67450421525,0.));
#9316 = VECTOR('',#9317,1.);
#9317 = DIRECTION('',(0.,-1.));
#9318 = ( GEOMETRIC_REPRESENTATION_CONTEXT(2) 
PARAMETRIC_REPRESENTATION_CONTEXT() REPRESENTATION_CONTEXT('2D SPACE',''
  ) );
#9319 = PCURVE('',#950,#9320);
#9320 = DEFINITIONAL_REPRESENTATION('',(#9321),#9325);
#9321 = LINE('',#9322,#9323);
#9322 = CARTESIAN_POINT('',(0.,0.));
#9323 = VECTOR('',#9324,1.);
#9324 = DIRECTION('',(0.,-1.));
#9325 = ( GEOMETRIC_REPRESENTATION_CONTEXT(2) 
PARAMETRIC_REPRESENTATION_CONTEXT() REPRESENTATION_CONTEXT('2D SPACE',''
  ) );
#9326 = ORIENTED_EDGE('',*,*,#906,.F.);
#9327 = ADVANCED_FACE('',(#9328),#2350,.T.);
#9328 = FACE_BOUND('',#9329,.T.);
#9329 = EDGE_LOOP('',(#9330,#9351,#9352,#9353));
#9330 = ORIENTED_EDGE('',*,*,#9331,.T.);
#9331 = EDGE_CURVE('',#2307,#7514,#9332,.T.);
#9332 = SURFACE_CURVE('',#9333,(#9337,#9344),.PCURVE_S1.);
#9333 = LINE('',#9334,#9335);
#9334 = CARTESIAN_POINT('',(55.223706020588,1.124965136008,0.));
#9335 = VECTOR('',#9336,1.);
#9336 = DIRECTION('',(0.,0.,1.));
#9337 = PCURVE('',#2350,#9338);
#9338 = DEFINITIONAL_REPRESENTATION('',(#9339),#9343);
#9339 = LINE('',#9340,#9341);
#9340 = CARTESIAN_POINT('',(0.,0.));
#9341 = VECTOR('',#9342,1.);
#9342 = DIRECTION('',(0.,-1.));
#9343 = ( GEOMETRIC_REPRESENTATION_CONTEXT(2) 
PARAMETRIC_REPRESENTATION_CONTEXT() REPRESENTATION_CONTEXT('2D SPACE',''
  ) );
#9344 = PCURVE('',#2322,#9345);
#9345 = DEFINITIONAL_REPRESENTATION('',(#9346),#9350);
#9346 = LINE('',#9347,#9348);
#9347 = CARTESIAN_POINT('',(0.946497740227,0.));
#9348 = VECTOR('',#9349,1.);
#9349 = DIRECTION('',(0.,-1.));
#9350 = ( GEOMETRIC_REPRESENTATION_CONTEXT(2) 
PARAMETRIC_REPRESENTATION_CONTEXT() REPRESENTATION_CONTEXT('2D SPACE',''
  ) );
#9351 = ORIENTED_EDGE('',*,*,#7536,.T.);
#9352 = ORIENTED_EDGE('',*,*,#9277,.F.);
#9353 = ORIENTED_EDGE('',*,*,#2334,.F.);
#9354 = ADVANCED_FACE('',(#9355),#950,.T.);
#9355 = FACE_BOUND('',#9356,.T.);
#9356 = EDGE_LOOP('',(#9357,#9358,#9359,#9380));
#9357 = ORIENTED_EDGE('',*,*,#9306,.T.);
#9358 = ORIENTED_EDGE('',*,*,#3690,.T.);
#9359 = ORIENTED_EDGE('',*,*,#9360,.F.);
#9360 = EDGE_CURVE('',#935,#3691,#9361,.T.);
#9361 = SURFACE_CURVE('',#9362,(#9366,#9373),.PCURVE_S1.);
#9362 = LINE('',#9363,#9364);
#9363 = CARTESIAN_POINT('',(70.60927393779,84.447572912759,0.));
#9364 = VECTOR('',#9365,1.);
#9365 = DIRECTION('',(0.,0.,1.));
#9366 = PCURVE('',#950,#9367);
#9367 = DEFINITIONAL_REPRESENTATION('',(#9368),#9372);
#9368 = LINE('',#9369,#9370);
#9369 = CARTESIAN_POINT('',(1.671831814209,0.));
#9370 = VECTOR('',#9371,1.);
#9371 = DIRECTION('',(0.,-1.));
#9372 = ( GEOMETRIC_REPRESENTATION_CONTEXT(2) 
PARAMETRIC_REPRESENTATION_CONTEXT() REPRESENTATION_CONTEXT('2D SPACE',''
  ) );
#9373 = PCURVE('',#978,#9374);
#9374 = DEFINITIONAL_REPRESENTATION('',(#9375),#9379);
#9375 = LINE('',#9376,#9377);
#9376 = CARTESIAN_POINT('',(0.,0.));
#9377 = VECTOR('',#9378,1.);
#9378 = DIRECTION('',(0.,-1.));
#9379 = ( GEOMETRIC_REPRESENTATION_CONTEXT(2) 
PARAMETRIC_REPRESENTATION_CONTEXT() REPRESENTATION_CONTEXT('2D SPACE',''
  ) );
#9380 = ORIENTED_EDGE('',*,*,#934,.F.);
#9381 = ADVANCED_FACE('',(#9382),#2322,.T.);
#9382 = FACE_BOUND('',#9383,.T.);
#9383 = EDGE_LOOP('',(#9384,#9405,#9406,#9407));
#9384 = ORIENTED_EDGE('',*,*,#9385,.T.);
#9385 = EDGE_CURVE('',#2279,#7491,#9386,.T.);
#9386 = SURFACE_CURVE('',#9387,(#9391,#9398),.PCURVE_S1.);
#9387 = LINE('',#9388,#9389);
#9388 = CARTESIAN_POINT('',(56.008754216888,0.596233349806,0.));
#9389 = VECTOR('',#9390,1.);
#9390 = DIRECTION('',(0.,0.,1.));
#9391 = PCURVE('',#2322,#9392);
#9392 = DEFINITIONAL_REPRESENTATION('',(#9393),#9397);
#9393 = LINE('',#9394,#9395);
#9394 = CARTESIAN_POINT('',(0.,0.));
#9395 = VECTOR('',#9396,1.);
#9396 = DIRECTION('',(0.,-1.));
#9397 = ( GEOMETRIC_REPRESENTATION_CONTEXT(2) 
PARAMETRIC_REPRESENTATION_CONTEXT() REPRESENTATION_CONTEXT('2D SPACE',''
  ) );
#9398 = PCURVE('',#2294,#9399);
#9399 = DEFINITIONAL_REPRESENTATION('',(#9400),#9404);
#9400 = LINE('',#9401,#9402);
#9401 = CARTESIAN_POINT('',(0.949624689979,0.));
#9402 = VECTOR('',#9403,1.);
#9403 = DIRECTION('',(0.,-1.));
#9404 = ( GEOMETRIC_REPRESENTATION_CONTEXT(2) 
PARAMETRIC_REPRESENTATION_CONTEXT() REPRESENTATION_CONTEXT('2D SPACE',''
  ) );
#9405 = ORIENTED_EDGE('',*,*,#7513,.T.);
#9406 = ORIENTED_EDGE('',*,*,#9331,.F.);
#9407 = ORIENTED_EDGE('',*,*,#2306,.F.);
#9408 = ADVANCED_FACE('',(#9409),#978,.T.);
#9409 = FACE_BOUND('',#9410,.T.);
#9410 = EDGE_LOOP('',(#9411,#9412,#9413,#9434));
#9411 = ORIENTED_EDGE('',*,*,#9360,.T.);
#9412 = ORIENTED_EDGE('',*,*,#3713,.T.);
#9413 = ORIENTED_EDGE('',*,*,#9414,.F.);
#9414 = EDGE_CURVE('',#963,#3714,#9415,.T.);
#9415 = SURFACE_CURVE('',#9416,(#9420,#9427),.PCURVE_S1.);
#9416 = LINE('',#9417,#9418);
#9417 = CARTESIAN_POINT('',(72.22194292892,84.493683847774,0.));
#9418 = VECTOR('',#9419,1.);
#9419 = DIRECTION('',(0.,0.,1.));
#9420 = PCURVE('',#978,#9421);
#9421 = DEFINITIONAL_REPRESENTATION('',(#9422),#9426);
#9422 = LINE('',#9423,#9424);
#9423 = CARTESIAN_POINT('',(1.613328079865,0.));
#9424 = VECTOR('',#9425,1.);
#9425 = DIRECTION('',(0.,-1.));
#9426 = ( GEOMETRIC_REPRESENTATION_CONTEXT(2) 
PARAMETRIC_REPRESENTATION_CONTEXT() REPRESENTATION_CONTEXT('2D SPACE',''
  ) );
#9427 = PCURVE('',#1006,#9428);
#9428 = DEFINITIONAL_REPRESENTATION('',(#9429),#9433);
#9429 = LINE('',#9430,#9431);
#9430 = CARTESIAN_POINT('',(0.,0.));
#9431 = VECTOR('',#9432,1.);
#9432 = DIRECTION('',(0.,-1.));
#9433 = ( GEOMETRIC_REPRESENTATION_CONTEXT(2) 
PARAMETRIC_REPRESENTATION_CONTEXT() REPRESENTATION_CONTEXT('2D SPACE',''
  ) );
#9434 = ORIENTED_EDGE('',*,*,#962,.F.);
#9435 = ADVANCED_FACE('',(#9436),#2294,.T.);
#9436 = FACE_BOUND('',#9437,.T.);
#9437 = EDGE_LOOP('',(#9438,#9459,#9460,#9461));
#9438 = ORIENTED_EDGE('',*,*,#9439,.T.);
#9439 = EDGE_CURVE('',#2251,#7468,#9440,.T.);
#9440 = SURFACE_CURVE('',#9441,(#9445,#9452),.PCURVE_S1.);
#9441 = LINE('',#9442,#9443);
#9442 = CARTESIAN_POINT('',(56.893677661836,0.251708244191,0.));
#9443 = VECTOR('',#9444,1.);
#9444 = DIRECTION('',(0.,0.,1.));
#9445 = PCURVE('',#2294,#9446);
#9446 = DEFINITIONAL_REPRESENTATION('',(#9447),#9451);
#9447 = LINE('',#9448,#9449);
#9448 = CARTESIAN_POINT('',(0.,0.));
#9449 = VECTOR('',#9450,1.);
#9450 = DIRECTION('',(0.,-1.));
#9451 = ( GEOMETRIC_REPRESENTATION_CONTEXT(2) 
PARAMETRIC_REPRESENTATION_CONTEXT() REPRESENTATION_CONTEXT('2D SPACE',''
  ) );
#9452 = PCURVE('',#2266,#9453);
#9453 = DEFINITIONAL_REPRESENTATION('',(#9454),#9458);
#9454 = LINE('',#9455,#9456);
#9455 = CARTESIAN_POINT('',(0.446378056222,0.));
#9456 = VECTOR('',#9457,1.);
#9457 = DIRECTION('',(0.,-1.));
#9458 = ( GEOMETRIC_REPRESENTATION_CONTEXT(2) 
PARAMETRIC_REPRESENTATION_CONTEXT() REPRESENTATION_CONTEXT('2D SPACE',''
  ) );
#9459 = ORIENTED_EDGE('',*,*,#7490,.T.);
#9460 = ORIENTED_EDGE('',*,*,#9385,.F.);
#9461 = ORIENTED_EDGE('',*,*,#2278,.F.);
#9462 = ADVANCED_FACE('',(#9463),#1006,.T.);
#9463 = FACE_BOUND('',#9464,.T.);
#9464 = EDGE_LOOP('',(#9465,#9466,#9467,#9488));
#9465 = ORIENTED_EDGE('',*,*,#9414,.T.);
#9466 = ORIENTED_EDGE('',*,*,#3736,.T.);
#9467 = ORIENTED_EDGE('',*,*,#9468,.F.);
#9468 = EDGE_CURVE('',#991,#3737,#9469,.T.);
#9469 = SURFACE_CURVE('',#9470,(#9474,#9481),.PCURVE_S1.);
#9470 = LINE('',#9471,#9472);
#9471 = CARTESIAN_POINT('',(82.369164147406,83.724399178244,0.));
#9472 = VECTOR('',#9473,1.);
#9473 = DIRECTION('',(0.,0.,1.));
#9474 = PCURVE('',#1006,#9475);
#9475 = DEFINITIONAL_REPRESENTATION('',(#9476),#9480);
#9476 = LINE('',#9477,#9478);
#9477 = CARTESIAN_POINT('',(10.176340076848,0.));
#9478 = VECTOR('',#9479,1.);
#9479 = DIRECTION('',(0.,-1.));
#9480 = ( GEOMETRIC_REPRESENTATION_CONTEXT(2) 
PARAMETRIC_REPRESENTATION_CONTEXT() REPRESENTATION_CONTEXT('2D SPACE',''
  ) );
#9481 = PCURVE('',#1034,#9482);
#9482 = DEFINITIONAL_REPRESENTATION('',(#9483),#9487);
#9483 = LINE('',#9484,#9485);
#9484 = CARTESIAN_POINT('',(0.,0.));
#9485 = VECTOR('',#9486,1.);
#9486 = DIRECTION('',(0.,-1.));
#9487 = ( GEOMETRIC_REPRESENTATION_CONTEXT(2) 
PARAMETRIC_REPRESENTATION_CONTEXT() REPRESENTATION_CONTEXT('2D SPACE',''
  ) );
#9488 = ORIENTED_EDGE('',*,*,#990,.F.);
#9489 = ADVANCED_FACE('',(#9490),#2266,.T.);
#9490 = FACE_BOUND('',#9491,.T.);
#9491 = EDGE_LOOP('',(#9492,#9513,#9514,#9515));
#9492 = ORIENTED_EDGE('',*,*,#9493,.T.);
#9493 = EDGE_CURVE('',#2223,#7445,#9494,.T.);
#9494 = SURFACE_CURVE('',#9495,(#9499,#9506),.PCURVE_S1.);
#9495 = LINE('',#9496,#9497);
#9496 = CARTESIAN_POINT('',(57.330377561183,0.159260599617,0.));
#9497 = VECTOR('',#9498,1.);
#9498 = DIRECTION('',(0.,0.,1.));
#9499 = PCURVE('',#2266,#9500);
#9500 = DEFINITIONAL_REPRESENTATION('',(#9501),#9505);
#9501 = LINE('',#9502,#9503);
#9502 = CARTESIAN_POINT('',(0.,0.));
#9503 = VECTOR('',#9504,1.);
#9504 = DIRECTION('',(0.,-1.));
#9505 = ( GEOMETRIC_REPRESENTATION_CONTEXT(2) 
PARAMETRIC_REPRESENTATION_CONTEXT() REPRESENTATION_CONTEXT('2D SPACE',''
  ) );
#9506 = PCURVE('',#2238,#9507);
#9507 = DEFINITIONAL_REPRESENTATION('',(#9508),#9512);
#9508 = LINE('',#9509,#9510);
#9509 = CARTESIAN_POINT('',(0.4817907036,0.));
#9510 = VECTOR('',#9511,1.);
#9511 = DIRECTION('',(0.,-1.));
#9512 = ( GEOMETRIC_REPRESENTATION_CONTEXT(2) 
PARAMETRIC_REPRESENTATION_CONTEXT() REPRESENTATION_CONTEXT('2D SPACE',''
  ) );
#9513 = ORIENTED_EDGE('',*,*,#7467,.T.);
#9514 = ORIENTED_EDGE('',*,*,#9439,.F.);
#9515 = ORIENTED_EDGE('',*,*,#2250,.F.);
#9516 = ADVANCED_FACE('',(#9517),#1034,.T.);
#9517 = FACE_BOUND('',#9518,.T.);
#9518 = EDGE_LOOP('',(#9519,#9520,#9521,#9542));
#9519 = ORIENTED_EDGE('',*,*,#9468,.T.);
#9520 = ORIENTED_EDGE('',*,*,#3759,.T.);
#9521 = ORIENTED_EDGE('',*,*,#9522,.F.);
#9522 = EDGE_CURVE('',#1019,#3760,#9523,.T.);
#9523 = SURFACE_CURVE('',#9524,(#9528,#9535),.PCURVE_S1.);
#9524 = LINE('',#9525,#9526);
#9525 = CARTESIAN_POINT('',(87.17867590496,83.631451419497,0.));
#9526 = VECTOR('',#9527,1.);
#9527 = DIRECTION('',(0.,0.,1.));
#9528 = PCURVE('',#1034,#9529);
#9529 = DEFINITIONAL_REPRESENTATION('',(#9530),#9534);
#9530 = LINE('',#9531,#9532);
#9531 = CARTESIAN_POINT('',(4.810409819538,0.));
#9532 = VECTOR('',#9533,1.);
#9533 = DIRECTION('',(0.,-1.));
#9534 = ( GEOMETRIC_REPRESENTATION_CONTEXT(2) 
PARAMETRIC_REPRESENTATION_CONTEXT() REPRESENTATION_CONTEXT('2D SPACE',''
  ) );
#9535 = PCURVE('',#1062,#9536);
#9536 = DEFINITIONAL_REPRESENTATION('',(#9537),#9541);
#9537 = LINE('',#9538,#9539);
#9538 = CARTESIAN_POINT('',(0.,0.));
#9539 = VECTOR('',#9540,1.);
#9540 = DIRECTION('',(0.,-1.));
#9541 = ( GEOMETRIC_REPRESENTATION_CONTEXT(2) 
PARAMETRIC_REPRESENTATION_CONTEXT() REPRESENTATION_CONTEXT('2D SPACE',''
  ) );
#9542 = ORIENTED_EDGE('',*,*,#1018,.F.);
#9543 = ADVANCED_FACE('',(#9544),#2238,.T.);
#9544 = FACE_BOUND('',#9545,.T.);
#9545 = EDGE_LOOP('',(#9546,#9567,#9568,#9569));
#9546 = ORIENTED_EDGE('',*,*,#9547,.T.);
#9547 = EDGE_CURVE('',#2195,#7422,#9548,.T.);
#9548 = SURFACE_CURVE('',#9549,(#9553,#9560),.PCURVE_S1.);
#9549 = LINE('',#9550,#9551);
#9550 = CARTESIAN_POINT('',(57.809580744654,0.109394869639,0.));
#9551 = VECTOR('',#9552,1.);
#9552 = DIRECTION('',(0.,0.,1.));
#9553 = PCURVE('',#2238,#9554);
#9554 = DEFINITIONAL_REPRESENTATION('',(#9555),#9559);
#9555 = LINE('',#9556,#9557);
#9556 = CARTESIAN_POINT('',(0.,0.));
#9557 = VECTOR('',#9558,1.);
#9558 = DIRECTION('',(0.,-1.));
#9559 = ( GEOMETRIC_REPRESENTATION_CONTEXT(2) 
PARAMETRIC_REPRESENTATION_CONTEXT() REPRESENTATION_CONTEXT('2D SPACE',''
  ) );
#9560 = PCURVE('',#2210,#9561);
#9561 = DEFINITIONAL_REPRESENTATION('',(#9562),#9566);
#9562 = LINE('',#9563,#9564);
#9563 = CARTESIAN_POINT('',(16.537952144636,0.));
#9564 = VECTOR('',#9565,1.);
#9565 = DIRECTION('',(0.,-1.));
#9566 = ( GEOMETRIC_REPRESENTATION_CONTEXT(2) 
PARAMETRIC_REPRESENTATION_CONTEXT() REPRESENTATION_CONTEXT('2D SPACE',''
  ) );
#9567 = ORIENTED_EDGE('',*,*,#7444,.T.);
#9568 = ORIENTED_EDGE('',*,*,#9493,.F.);
#9569 = ORIENTED_EDGE('',*,*,#2222,.F.);
#9570 = ADVANCED_FACE('',(#9571),#1062,.T.);
#9571 = FACE_BOUND('',#9572,.T.);
#9572 = EDGE_LOOP('',(#9573,#9574,#9575,#9596));
#9573 = ORIENTED_EDGE('',*,*,#9522,.T.);
#9574 = ORIENTED_EDGE('',*,*,#3782,.T.);
#9575 = ORIENTED_EDGE('',*,*,#9576,.F.);
#9576 = EDGE_CURVE('',#1047,#3783,#9577,.T.);
#9577 = SURFACE_CURVE('',#9578,(#9582,#9589),.PCURVE_S1.);
#9578 = LINE('',#9579,#9580);
#9579 = CARTESIAN_POINT('',(90.14483404125,83.738874263696,0.));
#9580 = VECTOR('',#9581,1.);
#9581 = DIRECTION('',(0.,0.,1.));
#9582 = PCURVE('',#1062,#9583);
#9583 = DEFINITIONAL_REPRESENTATION('',(#9584),#9588);
#9584 = LINE('',#9585,#9586);
#9585 = CARTESIAN_POINT('',(2.968102720078,0.));
#9586 = VECTOR('',#9587,1.);
#9587 = DIRECTION('',(0.,-1.));
#9588 = ( GEOMETRIC_REPRESENTATION_CONTEXT(2) 
PARAMETRIC_REPRESENTATION_CONTEXT() REPRESENTATION_CONTEXT('2D SPACE',''
  ) );
#9589 = PCURVE('',#1090,#9590);
#9590 = DEFINITIONAL_REPRESENTATION('',(#9591),#9595);
#9591 = LINE('',#9592,#9593);
#9592 = CARTESIAN_POINT('',(0.,0.));
#9593 = VECTOR('',#9594,1.);
#9594 = DIRECTION('',(0.,-1.));
#9595 = ( GEOMETRIC_REPRESENTATION_CONTEXT(2) 
PARAMETRIC_REPRESENTATION_CONTEXT() REPRESENTATION_CONTEXT('2D SPACE',''
  ) );
#9596 = ORIENTED_EDGE('',*,*,#1046,.F.);
#9597 = ADVANCED_FACE('',(#9598),#2210,.T.);
#9598 = FACE_BOUND('',#9599,.T.);
#9599 = EDGE_LOOP('',(#9600,#9621,#9622,#9623));
#9600 = ORIENTED_EDGE('',*,*,#9601,.T.);
#9601 = EDGE_CURVE('',#2167,#7399,#9602,.T.);
#9602 = SURFACE_CURVE('',#9603,(#9607,#9614),.PCURVE_S1.);
#9603 = LINE('',#9604,#9605);
#9604 = CARTESIAN_POINT('',(74.347520112255,0.129952395151,0.));
#9605 = VECTOR('',#9606,1.);
#9606 = DIRECTION('',(0.,0.,1.));
#9607 = PCURVE('',#2210,#9608);
#9608 = DEFINITIONAL_REPRESENTATION('',(#9609),#9613);
#9609 = LINE('',#9610,#9611);
#9610 = CARTESIAN_POINT('',(0.,0.));
#9611 = VECTOR('',#9612,1.);
#9612 = DIRECTION('',(0.,-1.));
#9613 = ( GEOMETRIC_REPRESENTATION_CONTEXT(2) 
PARAMETRIC_REPRESENTATION_CONTEXT() REPRESENTATION_CONTEXT('2D SPACE',''
  ) );
#9614 = PCURVE('',#2182,#9615);
#9615 = DEFINITIONAL_REPRESENTATION('',(#9616),#9620);
#9616 = LINE('',#9617,#9618);
#9617 = CARTESIAN_POINT('',(0.870037460138,0.));
#9618 = VECTOR('',#9619,1.);
#9619 = DIRECTION('',(0.,-1.));
#9620 = ( GEOMETRIC_REPRESENTATION_CONTEXT(2) 
PARAMETRIC_REPRESENTATION_CONTEXT() REPRESENTATION_CONTEXT('2D SPACE',''
  ) );
#9621 = ORIENTED_EDGE('',*,*,#7421,.T.);
#9622 = ORIENTED_EDGE('',*,*,#9547,.F.);
#9623 = ORIENTED_EDGE('',*,*,#2194,.F.);
#9624 = ADVANCED_FACE('',(#9625),#1090,.T.);
#9625 = FACE_BOUND('',#9626,.T.);
#9626 = EDGE_LOOP('',(#9627,#9628,#9629,#9650));
#9627 = ORIENTED_EDGE('',*,*,#9576,.T.);
#9628 = ORIENTED_EDGE('',*,*,#3805,.T.);
#9629 = ORIENTED_EDGE('',*,*,#9630,.F.);
#9630 = EDGE_CURVE('',#1075,#3806,#9631,.T.);
#9631 = SURFACE_CURVE('',#9632,(#9636,#9643),.PCURVE_S1.);
#9632 = LINE('',#9633,#9634);
#9633 = CARTESIAN_POINT('',(93.127098483904,83.974608060998,0.));
#9634 = VECTOR('',#9635,1.);
#9635 = DIRECTION('',(0.,0.,1.));
#9636 = PCURVE('',#1090,#9637);
#9637 = DEFINITIONAL_REPRESENTATION('',(#9638),#9642);
#9638 = LINE('',#9639,#9640);
#9639 = CARTESIAN_POINT('',(2.991566751572,0.));
#9640 = VECTOR('',#9641,1.);
#9641 = DIRECTION('',(0.,-1.));
#9642 = ( GEOMETRIC_REPRESENTATION_CONTEXT(2) 
PARAMETRIC_REPRESENTATION_CONTEXT() REPRESENTATION_CONTEXT('2D SPACE',''
  ) );
#9643 = PCURVE('',#1118,#9644);
#9644 = DEFINITIONAL_REPRESENTATION('',(#9645),#9649);
#9645 = LINE('',#9646,#9647);
#9646 = CARTESIAN_POINT('',(0.,0.));
#9647 = VECTOR('',#9648,1.);
#9648 = DIRECTION('',(0.,-1.));
#9649 = ( GEOMETRIC_REPRESENTATION_CONTEXT(2) 
PARAMETRIC_REPRESENTATION_CONTEXT() REPRESENTATION_CONTEXT('2D SPACE',''
  ) );
#9650 = ORIENTED_EDGE('',*,*,#1074,.F.);
#9651 = ADVANCED_FACE('',(#9652),#2182,.T.);
#9652 = FACE_BOUND('',#9653,.T.);
#9653 = EDGE_LOOP('',(#9654,#9675,#9676,#9677));
#9654 = ORIENTED_EDGE('',*,*,#9655,.T.);
#9655 = EDGE_CURVE('',#2139,#7376,#9656,.T.);
#9656 = SURFACE_CURVE('',#9657,(#9661,#9668),.PCURVE_S1.);
#9657 = LINE('',#9658,#9659);
#9658 = CARTESIAN_POINT('',(75.201648535072,0.295571896958,0.));
#9659 = VECTOR('',#9660,1.);
#9660 = DIRECTION('',(0.,0.,1.));
#9661 = PCURVE('',#2182,#9662);
#9662 = DEFINITIONAL_REPRESENTATION('',(#9663),#9667);
#9663 = LINE('',#9664,#9665);
#9664 = CARTESIAN_POINT('',(0.,0.));
#9665 = VECTOR('',#9666,1.);
#9666 = DIRECTION('',(0.,-1.));
#9667 = ( GEOMETRIC_REPRESENTATION_CONTEXT(2) 
PARAMETRIC_REPRESENTATION_CONTEXT() REPRESENTATION_CONTEXT('2D SPACE',''
  ) );
#9668 = PCURVE('',#2154,#9669);
#9669 = DEFINITIONAL_REPRESENTATION('',(#9670),#9674);
#9670 = LINE('',#9671,#9672);
#9671 = CARTESIAN_POINT('',(0.828395522545,0.));
#9672 = VECTOR('',#9673,1.);
#9673 = DIRECTION('',(0.,-1.));
#9674 = ( GEOMETRIC_REPRESENTATION_CONTEXT(2) 
PARAMETRIC_REPRESENTATION_CONTEXT() REPRESENTATION_CONTEXT('2D SPACE',''
  ) );
#9675 = ORIENTED_EDGE('',*,*,#7398,.T.);
#9676 = ORIENTED_EDGE('',*,*,#9601,.F.);
#9677 = ORIENTED_EDGE('',*,*,#2166,.F.);
#9678 = ADVANCED_FACE('',(#9679),#1118,.T.);
#9679 = FACE_BOUND('',#9680,.T.);
#9680 = EDGE_LOOP('',(#9681,#9682,#9683,#9704));
#9681 = ORIENTED_EDGE('',*,*,#9630,.T.);
#9682 = ORIENTED_EDGE('',*,*,#3828,.T.);
#9683 = ORIENTED_EDGE('',*,*,#9684,.F.);
#9684 = EDGE_CURVE('',#1103,#3829,#9685,.T.);
#9685 = SURFACE_CURVE('',#9686,(#9690,#9697),.PCURVE_S1.);
#9686 = LINE('',#9687,#9688);
#9687 = CARTESIAN_POINT('',(95.494054071791,84.25363930808,0.));
#9688 = VECTOR('',#9689,1.);
#9689 = DIRECTION('',(0.,0.,1.));
#9690 = PCURVE('',#1118,#9691);
#9691 = DEFINITIONAL_REPRESENTATION('',(#9692),#9696);
#9692 = LINE('',#9693,#9694);
#9693 = CARTESIAN_POINT('',(2.383345797797,0.));
#9694 = VECTOR('',#9695,1.);
#9695 = DIRECTION('',(0.,-1.));
#9696 = ( GEOMETRIC_REPRESENTATION_CONTEXT(2) 
PARAMETRIC_REPRESENTATION_CONTEXT() REPRESENTATION_CONTEXT('2D SPACE',''
  ) );
#9697 = PCURVE('',#1146,#9698);
#9698 = DEFINITIONAL_REPRESENTATION('',(#9699),#9703);
#9699 = LINE('',#9700,#9701);
#9700 = CARTESIAN_POINT('',(0.,0.));
#9701 = VECTOR('',#9702,1.);
#9702 = DIRECTION('',(0.,-1.));
#9703 = ( GEOMETRIC_REPRESENTATION_CONTEXT(2) 
PARAMETRIC_REPRESENTATION_CONTEXT() REPRESENTATION_CONTEXT('2D SPACE',''
  ) );
#9704 = ORIENTED_EDGE('',*,*,#1102,.F.);
#9705 = ADVANCED_FACE('',(#9706),#2154,.T.);
#9706 = FACE_BOUND('',#9707,.T.);
#9707 = EDGE_LOOP('',(#9708,#9729,#9730,#9731));
#9708 = ORIENTED_EDGE('',*,*,#9709,.T.);
#9709 = EDGE_CURVE('',#2111,#7353,#9710,.T.);
#9710 = SURFACE_CURVE('',#9711,(#9715,#9722),.PCURVE_S1.);
#9711 = LINE('',#9712,#9713);
#9712 = CARTESIAN_POINT('',(75.97039191598,0.604234748759,0.));
#9713 = VECTOR('',#9714,1.);
#9714 = DIRECTION('',(0.,0.,1.));
#9715 = PCURVE('',#2154,#9716);
#9716 = DEFINITIONAL_REPRESENTATION('',(#9717),#9721);
#9717 = LINE('',#9718,#9719);
#9718 = CARTESIAN_POINT('',(0.,0.));
#9719 = VECTOR('',#9720,1.);
#9720 = DIRECTION('',(0.,-1.));
#9721 = ( GEOMETRIC_REPRESENTATION_CONTEXT(2) 
PARAMETRIC_REPRESENTATION_CONTEXT() REPRESENTATION_CONTEXT('2D SPACE',''
  ) );
#9722 = PCURVE('',#2126,#9723);
#9723 = DEFINITIONAL_REPRESENTATION('',(#9724),#9728);
#9724 = LINE('',#9725,#9726);
#9725 = CARTESIAN_POINT('',(0.952685992133,0.));
#9726 = VECTOR('',#9727,1.);
#9727 = DIRECTION('',(0.,-1.));
#9728 = ( GEOMETRIC_REPRESENTATION_CONTEXT(2) 
PARAMETRIC_REPRESENTATION_CONTEXT() REPRESENTATION_CONTEXT('2D SPACE',''
  ) );
#9729 = ORIENTED_EDGE('',*,*,#7375,.T.);
#9730 = ORIENTED_EDGE('',*,*,#9655,.F.);
#9731 = ORIENTED_EDGE('',*,*,#2138,.F.);
#9732 = ADVANCED_FACE('',(#9733),#1146,.T.);
#9733 = FACE_BOUND('',#9734,.T.);
#9734 = EDGE_LOOP('',(#9735,#9736,#9737,#9758));
#9735 = ORIENTED_EDGE('',*,*,#9684,.T.);
#9736 = ORIENTED_EDGE('',*,*,#3851,.T.);
#9737 = ORIENTED_EDGE('',*,*,#9738,.F.);
#9738 = EDGE_CURVE('',#1131,#3852,#9739,.T.);
#9739 = SURFACE_CURVE('',#9740,(#9744,#9751),.PCURVE_S1.);
#9740 = LINE('',#9741,#9742);
#9741 = CARTESIAN_POINT('',(98.449374857687,84.717876182114,0.));
#9742 = VECTOR('',#9743,1.);
#9743 = DIRECTION('',(0.,0.,1.));
#9744 = PCURVE('',#1146,#9745);
#9745 = DEFINITIONAL_REPRESENTATION('',(#9746),#9750);
#9746 = LINE('',#9747,#9748);
#9747 = CARTESIAN_POINT('',(2.991560934155,0.));
#9748 = VECTOR('',#9749,1.);
#9749 = DIRECTION('',(0.,-1.));
#9750 = ( GEOMETRIC_REPRESENTATION_CONTEXT(2) 
PARAMETRIC_REPRESENTATION_CONTEXT() REPRESENTATION_CONTEXT('2D SPACE',''
  ) );
#9751 = PCURVE('',#1174,#9752);
#9752 = DEFINITIONAL_REPRESENTATION('',(#9753),#9757);
#9753 = LINE('',#9754,#9755);
#9754 = CARTESIAN_POINT('',(0.,0.));
#9755 = VECTOR('',#9756,1.);
#9756 = DIRECTION('',(0.,-1.));
#9757 = ( GEOMETRIC_REPRESENTATION_CONTEXT(2) 
PARAMETRIC_REPRESENTATION_CONTEXT() REPRESENTATION_CONTEXT('2D SPACE',''
  ) );
#9758 = ORIENTED_EDGE('',*,*,#1130,.F.);
#9759 = ADVANCED_FACE('',(#9760),#2126,.T.);
#9760 = FACE_BOUND('',#9761,.T.);
#9761 = EDGE_LOOP('',(#9762,#9783,#9784,#9785));
#9762 = ORIENTED_EDGE('',*,*,#9763,.T.);
#9763 = EDGE_CURVE('',#2083,#7330,#9764,.T.);
#9764 = SURFACE_CURVE('',#9765,(#9769,#9776),.PCURVE_S1.);
#9765 = LINE('',#9766,#9767);
#9766 = CARTESIAN_POINT('',(76.761790416485,1.13461104254,0.));
#9767 = VECTOR('',#9768,1.);
#9768 = DIRECTION('',(0.,0.,1.));
#9769 = PCURVE('',#2126,#9770);
#9770 = DEFINITIONAL_REPRESENTATION('',(#9771),#9775);
#9771 = LINE('',#9772,#9773);
#9772 = CARTESIAN_POINT('',(0.,0.));
#9773 = VECTOR('',#9774,1.);
#9774 = DIRECTION('',(0.,-1.));
#9775 = ( GEOMETRIC_REPRESENTATION_CONTEXT(2) 
PARAMETRIC_REPRESENTATION_CONTEXT() REPRESENTATION_CONTEXT('2D SPACE',''
  ) );
#9776 = PCURVE('',#2098,#9777);
#9777 = DEFINITIONAL_REPRESENTATION('',(#9778),#9782);
#9778 = LINE('',#9779,#9780);
#9779 = CARTESIAN_POINT('',(0.828457309925,0.));
#9780 = VECTOR('',#9781,1.);
#9781 = DIRECTION('',(0.,-1.));
#9782 = ( GEOMETRIC_REPRESENTATION_CONTEXT(2) 
PARAMETRIC_REPRESENTATION_CONTEXT() REPRESENTATION_CONTEXT('2D SPACE',''
  ) );
#9783 = ORIENTED_EDGE('',*,*,#7352,.T.);
#9784 = ORIENTED_EDGE('',*,*,#9709,.F.);
#9785 = ORIENTED_EDGE('',*,*,#2110,.F.);
#9786 = ADVANCED_FACE('',(#9787),#1174,.T.);
#9787 = FACE_BOUND('',#9788,.T.);
#9788 = EDGE_LOOP('',(#9789,#9790,#9791,#9812));
#9789 = ORIENTED_EDGE('',*,*,#9738,.T.);
#9790 = ORIENTED_EDGE('',*,*,#3874,.T.);
#9791 = ORIENTED_EDGE('',*,*,#9792,.F.);
#9792 = EDGE_CURVE('',#1159,#3875,#9793,.T.);
#9793 = SURFACE_CURVE('',#9794,(#9798,#9805),.PCURVE_S1.);
#9794 = LINE('',#9795,#9796);
#9795 = CARTESIAN_POINT('',(101.37366640521,85.306076174153,0.));
#9796 = VECTOR('',#9797,1.);
#9797 = DIRECTION('',(0.,0.,1.));
#9798 = PCURVE('',#1174,#9799);
#9799 = DEFINITIONAL_REPRESENTATION('',(#9800),#9804);
#9800 = LINE('',#9801,#9802);
#9801 = CARTESIAN_POINT('',(2.982861090561,0.));
#9802 = VECTOR('',#9803,1.);
#9803 = DIRECTION('',(0.,-1.));
#9804 = ( GEOMETRIC_REPRESENTATION_CONTEXT(2) 
PARAMETRIC_REPRESENTATION_CONTEXT() REPRESENTATION_CONTEXT('2D SPACE',''
  ) );
#9805 = PCURVE('',#1202,#9806);
#9806 = DEFINITIONAL_REPRESENTATION('',(#9807),#9811);
#9807 = LINE('',#9808,#9809);
#9808 = CARTESIAN_POINT('',(0.,0.));
#9809 = VECTOR('',#9810,1.);
#9810 = DIRECTION('',(0.,-1.));
#9811 = ( GEOMETRIC_REPRESENTATION_CONTEXT(2) 
PARAMETRIC_REPRESENTATION_CONTEXT() REPRESENTATION_CONTEXT('2D SPACE',''
  ) );
#9812 = ORIENTED_EDGE('',*,*,#1158,.F.);
#9813 = ADVANCED_FACE('',(#9814),#2098,.T.);
#9814 = FACE_BOUND('',#9815,.T.);
#9815 = EDGE_LOOP('',(#9816,#9837,#9838,#9839));
#9816 = ORIENTED_EDGE('',*,*,#9817,.T.);
#9817 = EDGE_CURVE('',#2055,#7307,#9818,.T.);
#9818 = SURFACE_CURVE('',#9819,(#9823,#9830),.PCURVE_S1.);
#9819 = LINE('',#9820,#9821);
#9820 = CARTESIAN_POINT('',(77.339550214818,1.728357730783,0.));
#9821 = VECTOR('',#9822,1.);
#9822 = DIRECTION('',(0.,0.,1.));
#9823 = PCURVE('',#2098,#9824);
#9824 = DEFINITIONAL_REPRESENTATION('',(#9825),#9829);
#9825 = LINE('',#9826,#9827);
#9826 = CARTESIAN_POINT('',(0.,0.));
#9827 = VECTOR('',#9828,1.);
#9828 = DIRECTION('',(0.,-1.));
#9829 = ( GEOMETRIC_REPRESENTATION_CONTEXT(2) 
PARAMETRIC_REPRESENTATION_CONTEXT() REPRESENTATION_CONTEXT('2D SPACE',''
  ) );
#9830 = PCURVE('',#2070,#9831);
#9831 = DEFINITIONAL_REPRESENTATION('',(#9832),#9836);
#9832 = LINE('',#9833,#9834);
#9833 = CARTESIAN_POINT('',(0.925123508475,0.));
#9834 = VECTOR('',#9835,1.);
#9835 = DIRECTION('',(0.,-1.));
#9836 = ( GEOMETRIC_REPRESENTATION_CONTEXT(2) 
PARAMETRIC_REPRESENTATION_CONTEXT() REPRESENTATION_CONTEXT('2D SPACE',''
  ) );
#9837 = ORIENTED_EDGE('',*,*,#7329,.T.);
#9838 = ORIENTED_EDGE('',*,*,#9763,.F.);
#9839 = ORIENTED_EDGE('',*,*,#2082,.F.);
#9840 = ADVANCED_FACE('',(#9841),#1202,.T.);
#9841 = FACE_BOUND('',#9842,.T.);
#9842 = EDGE_LOOP('',(#9843,#9844,#9845,#9866));
#9843 = ORIENTED_EDGE('',*,*,#9792,.T.);
#9844 = ORIENTED_EDGE('',*,*,#3897,.T.);
#9845 = ORIENTED_EDGE('',*,*,#9846,.F.);
#9846 = EDGE_CURVE('',#1187,#3898,#9847,.T.);
#9847 = SURFACE_CURVE('',#9848,(#9852,#9859),.PCURVE_S1.);
#9848 = LINE('',#9849,#9850);
#9849 = CARTESIAN_POINT('',(104.27391623752,86.019438748846,0.));
#9850 = VECTOR('',#9851,1.);
#9851 = DIRECTION('',(0.,0.,1.));
#9852 = PCURVE('',#1202,#9853);
#9853 = DEFINITIONAL_REPRESENTATION('',(#9854),#9858);
#9854 = LINE('',#9855,#9856);
#9855 = CARTESIAN_POINT('',(2.98669302955,0.));
#9856 = VECTOR('',#9857,1.);
#9857 = DIRECTION('',(0.,-1.));
#9858 = ( GEOMETRIC_REPRESENTATION_CONTEXT(2) 
PARAMETRIC_REPRESENTATION_CONTEXT() REPRESENTATION_CONTEXT('2D SPACE',''
  ) );
#9859 = PCURVE('',#1230,#9860);
#9860 = DEFINITIONAL_REPRESENTATION('',(#9861),#9865);
#9861 = LINE('',#9862,#9863);
#9862 = CARTESIAN_POINT('',(0.,0.));
#9863 = VECTOR('',#9864,1.);
#9864 = DIRECTION('',(0.,-1.));
#9865 = ( GEOMETRIC_REPRESENTATION_CONTEXT(2) 
PARAMETRIC_REPRESENTATION_CONTEXT() REPRESENTATION_CONTEXT('2D SPACE',''
  ) );
#9866 = ORIENTED_EDGE('',*,*,#1186,.F.);
#9867 = ADVANCED_FACE('',(#9868),#2070,.T.);
#9868 = FACE_BOUND('',#9869,.T.);
#9869 = EDGE_LOOP('',(#9870,#9891,#9892,#9893));
#9870 = ORIENTED_EDGE('',*,*,#9871,.T.);
#9871 = EDGE_CURVE('',#2027,#7284,#9872,.T.);
#9872 = SURFACE_CURVE('',#9873,(#9877,#9884),.PCURVE_S1.);
#9873 = LINE('',#9874,#9875);
#9874 = CARTESIAN_POINT('',(77.838198258141,2.507590452646,0.));
#9875 = VECTOR('',#9876,1.);
#9876 = DIRECTION('',(0.,0.,1.));
#9877 = PCURVE('',#2070,#9878);
#9878 = DEFINITIONAL_REPRESENTATION('',(#9879),#9883);
#9879 = LINE('',#9880,#9881);
#9880 = CARTESIAN_POINT('',(0.,0.));
#9881 = VECTOR('',#9882,1.);
#9882 = DIRECTION('',(0.,-1.));
#9883 = ( GEOMETRIC_REPRESENTATION_CONTEXT(2) 
PARAMETRIC_REPRESENTATION_CONTEXT() REPRESENTATION_CONTEXT('2D SPACE',''
  ) );
#9884 = PCURVE('',#2042,#9885);
#9885 = DEFINITIONAL_REPRESENTATION('',(#9886),#9890);
#9886 = LINE('',#9887,#9888);
#9887 = CARTESIAN_POINT('',(0.780372985043,0.));
#9888 = VECTOR('',#9889,1.);
#9889 = DIRECTION('',(0.,-1.));
#9890 = ( GEOMETRIC_REPRESENTATION_CONTEXT(2) 
PARAMETRIC_REPRESENTATION_CONTEXT() REPRESENTATION_CONTEXT('2D SPACE',''
  ) );
#9891 = ORIENTED_EDGE('',*,*,#7306,.T.);
#9892 = ORIENTED_EDGE('',*,*,#9817,.F.);
#9893 = ORIENTED_EDGE('',*,*,#2054,.F.);
#9894 = ADVANCED_FACE('',(#9895),#1230,.T.);
#9895 = FACE_BOUND('',#9896,.T.);
#9896 = EDGE_LOOP('',(#9897,#9898,#9899,#9920));
#9897 = ORIENTED_EDGE('',*,*,#9846,.T.);
#9898 = ORIENTED_EDGE('',*,*,#3920,.T.);
#9899 = ORIENTED_EDGE('',*,*,#9900,.F.);
#9900 = EDGE_CURVE('',#1215,#3921,#9901,.T.);
#9901 = SURFACE_CURVE('',#9902,(#9906,#9913),.PCURVE_S1.);
#9902 = LINE('',#9903,#9904);
#9903 = CARTESIAN_POINT('',(107.14101283635,86.855961654747,0.));
#9904 = VECTOR('',#9905,1.);
#9905 = DIRECTION('',(0.,0.,1.));
#9906 = PCURVE('',#1230,#9907);
#9907 = DEFINITIONAL_REPRESENTATION('',(#9908),#9912);
#9908 = LINE('',#9909,#9910);
#9909 = CARTESIAN_POINT('',(2.986639161184,0.));
#9910 = VECTOR('',#9911,1.);
#9911 = DIRECTION('',(0.,-1.));
#9912 = ( GEOMETRIC_REPRESENTATION_CONTEXT(2) 
PARAMETRIC_REPRESENTATION_CONTEXT() REPRESENTATION_CONTEXT('2D SPACE',''
  ) );
#9913 = PCURVE('',#1258,#9914);
#9914 = DEFINITIONAL_REPRESENTATION('',(#9915),#9919);
#9915 = LINE('',#9916,#9917);
#9916 = CARTESIAN_POINT('',(0.,0.));
#9917 = VECTOR('',#9918,1.);
#9918 = DIRECTION('',(0.,-1.));
#9919 = ( GEOMETRIC_REPRESENTATION_CONTEXT(2) 
PARAMETRIC_REPRESENTATION_CONTEXT() REPRESENTATION_CONTEXT('2D SPACE',''
  ) );
#9920 = ORIENTED_EDGE('',*,*,#1214,.F.);
#9921 = ADVANCED_FACE('',(#9922),#2042,.T.);
#9922 = FACE_BOUND('',#9923,.T.);
#9923 = EDGE_LOOP('',(#9924,#9945,#9946,#9947));
#9924 = ORIENTED_EDGE('',*,*,#9925,.T.);
#9925 = EDGE_CURVE('',#1999,#7261,#9926,.T.);
#9926 = SURFACE_CURVE('',#9927,(#9931,#9938),.PCURVE_S1.);
#9927 = LINE('',#9928,#9929);
#9928 = CARTESIAN_POINT('',(78.118036517762,3.236063200412,0.));
#9929 = VECTOR('',#9930,1.);
#9930 = DIRECTION('',(0.,0.,1.));
#9931 = PCURVE('',#2042,#9932);
#9932 = DEFINITIONAL_REPRESENTATION('',(#9933),#9937);
#9933 = LINE('',#9934,#9935);
#9934 = CARTESIAN_POINT('',(0.,0.));
#9935 = VECTOR('',#9936,1.);
#9936 = DIRECTION('',(0.,-1.));
#9937 = ( GEOMETRIC_REPRESENTATION_CONTEXT(2) 
PARAMETRIC_REPRESENTATION_CONTEXT() REPRESENTATION_CONTEXT('2D SPACE',''
  ) );
#9938 = PCURVE('',#2014,#9939);
#9939 = DEFINITIONAL_REPRESENTATION('',(#9940),#9944);
#9940 = LINE('',#9941,#9942);
#9941 = CARTESIAN_POINT('',(0.782377912356,0.));
#9942 = VECTOR('',#9943,1.);
#9943 = DIRECTION('',(0.,-1.));
#9944 = ( GEOMETRIC_REPRESENTATION_CONTEXT(2) 
PARAMETRIC_REPRESENTATION_CONTEXT() REPRESENTATION_CONTEXT('2D SPACE',''
  ) );
#9945 = ORIENTED_EDGE('',*,*,#7283,.T.);
#9946 = ORIENTED_EDGE('',*,*,#9871,.F.);
#9947 = ORIENTED_EDGE('',*,*,#2026,.F.);
#9948 = ADVANCED_FACE('',(#9949),#1258,.T.);
#9949 = FACE_BOUND('',#9950,.T.);
#9950 = EDGE_LOOP('',(#9951,#9952,#9953,#9974));
#9951 = ORIENTED_EDGE('',*,*,#9900,.T.);
#9952 = ORIENTED_EDGE('',*,*,#3943,.T.);
#9953 = ORIENTED_EDGE('',*,*,#9954,.F.);
#9954 = EDGE_CURVE('',#1243,#3944,#9955,.T.);
#9955 = SURFACE_CURVE('',#9956,(#9960,#9967),.PCURVE_S1.);
#9956 = LINE('',#9957,#9958);
#9957 = CARTESIAN_POINT('',(109.95583238173,87.809414528889,0.));
#9958 = VECTOR('',#9959,1.);
#9959 = DIRECTION('',(0.,0.,1.));
#9960 = PCURVE('',#1258,#9961);
#9961 = DEFINITIONAL_REPRESENTATION('',(#9962),#9966);
#9962 = LINE('',#9963,#9964);
#9963 = CARTESIAN_POINT('',(2.971915452416,0.));
#9964 = VECTOR('',#9965,1.);
#9965 = DIRECTION('',(0.,-1.));
#9966 = ( GEOMETRIC_REPRESENTATION_CONTEXT(2) 
PARAMETRIC_REPRESENTATION_CONTEXT() REPRESENTATION_CONTEXT('2D SPACE',''
  ) );
#9967 = PCURVE('',#1286,#9968);
#9968 = DEFINITIONAL_REPRESENTATION('',(#9969),#9973);
#9969 = LINE('',#9970,#9971);
#9970 = CARTESIAN_POINT('',(0.,0.));
#9971 = VECTOR('',#9972,1.);
#9972 = DIRECTION('',(0.,-1.));
#9973 = ( GEOMETRIC_REPRESENTATION_CONTEXT(2) 
PARAMETRIC_REPRESENTATION_CONTEXT() REPRESENTATION_CONTEXT('2D SPACE',''
  ) );
#9974 = ORIENTED_EDGE('',*,*,#1242,.F.);
#9975 = ADVANCED_FACE('',(#9976),#2014,.T.);
#9976 = FACE_BOUND('',#9977,.T.);
#9977 = EDGE_LOOP('',(#9978,#9999,#10000,#10001));
#9978 = ORIENTED_EDGE('',*,*,#9979,.T.);
#9979 = EDGE_CURVE('',#1971,#7238,#9980,.T.);
#9980 = SURFACE_CURVE('',#9981,(#9985,#9992),.PCURVE_S1.);
#9981 = LINE('',#9982,#9983);
#9982 = CARTESIAN_POINT('',(78.27028744673,4.003484109934,0.));
#9983 = VECTOR('',#9984,1.);
#9984 = DIRECTION('',(0.,0.,1.));
#9985 = PCURVE('',#2014,#9986);
#9986 = DEFINITIONAL_REPRESENTATION('',(#9987),#9991);
#9987 = LINE('',#9988,#9989);
#9988 = CARTESIAN_POINT('',(0.,0.));
#9989 = VECTOR('',#9990,1.);
#9990 = DIRECTION('',(0.,-1.));
#9991 = ( GEOMETRIC_REPRESENTATION_CONTEXT(2) 
PARAMETRIC_REPRESENTATION_CONTEXT() REPRESENTATION_CONTEXT('2D SPACE',''
  ) );
#9992 = PCURVE('',#1986,#9993);
#9993 = DEFINITIONAL_REPRESENTATION('',(#9994),#9998);
#9994 = LINE('',#9995,#9996);
#9995 = CARTESIAN_POINT('',(1.097090648032,0.));
#9996 = VECTOR('',#9997,1.);
#9997 = DIRECTION('',(0.,-1.));
#9998 = ( GEOMETRIC_REPRESENTATION_CONTEXT(2) 
PARAMETRIC_REPRESENTATION_CONTEXT() REPRESENTATION_CONTEXT('2D SPACE',''
  ) );
#9999 = ORIENTED_EDGE('',*,*,#7260,.T.);
#10000 = ORIENTED_EDGE('',*,*,#9925,.F.);
#10001 = ORIENTED_EDGE('',*,*,#1998,.F.);
#10002 = ADVANCED_FACE('',(#10003),#1286,.T.);
#10003 = FACE_BOUND('',#10004,.T.);
#10004 = EDGE_LOOP('',(#10005,#10006,#10007,#10028));
#10005 = ORIENTED_EDGE('',*,*,#9954,.T.);
#10006 = ORIENTED_EDGE('',*,*,#3966,.T.);
#10007 = ORIENTED_EDGE('',*,*,#10008,.F.);
#10008 = EDGE_CURVE('',#1271,#3967,#10009,.T.);
#10009 = SURFACE_CURVE('',#10010,(#10014,#10021),.PCURVE_S1.);
#10010 = LINE('',#10011,#10012);
#10011 = CARTESIAN_POINT('',(114.42816157776,89.606714838142,0.));
#10012 = VECTOR('',#10013,1.);
#10013 = DIRECTION('',(0.,0.,1.));
#10014 = PCURVE('',#1286,#10015);
#10015 = DEFINITIONAL_REPRESENTATION('',(#10016),#10020);
#10016 = LINE('',#10017,#10018);
#10017 = CARTESIAN_POINT('',(4.819960252874,0.));
#10018 = VECTOR('',#10019,1.);
#10019 = DIRECTION('',(0.,-1.));
#10020 = ( GEOMETRIC_REPRESENTATION_CONTEXT(2) 
PARAMETRIC_REPRESENTATION_CONTEXT() REPRESENTATION_CONTEXT('2D SPACE',''
  ) );
#10021 = PCURVE('',#1314,#10022);
#10022 = DEFINITIONAL_REPRESENTATION('',(#10023),#10027);
#10023 = LINE('',#10024,#10025);
#10024 = CARTESIAN_POINT('',(0.,0.));
#10025 = VECTOR('',#10026,1.);
#10026 = DIRECTION('',(0.,-1.));
#10027 = ( GEOMETRIC_REPRESENTATION_CONTEXT(2) 
PARAMETRIC_REPRESENTATION_CONTEXT() REPRESENTATION_CONTEXT('2D SPACE',''
  ) );
#10028 = ORIENTED_EDGE('',*,*,#1270,.F.);
#10029 = ADVANCED_FACE('',(#10030),#1986,.T.);
#10030 = FACE_BOUND('',#10031,.T.);
#10031 = EDGE_LOOP('',(#10032,#10053,#10054,#10055));
#10032 = ORIENTED_EDGE('',*,*,#10033,.T.);
#10033 = EDGE_CURVE('',#1943,#7215,#10034,.T.);
#10034 = SURFACE_CURVE('',#10035,(#10039,#10046),.PCURVE_S1.);
#10035 = LINE('',#10036,#10037);
#10036 = CARTESIAN_POINT('',(78.297642589273,5.100233664835,0.));
#10037 = VECTOR('',#10038,1.);
#10038 = DIRECTION('',(0.,0.,1.));
#10039 = PCURVE('',#1986,#10040);
#10040 = DEFINITIONAL_REPRESENTATION('',(#10041),#10045);
#10041 = LINE('',#10042,#10043);
#10042 = CARTESIAN_POINT('',(0.,0.));
#10043 = VECTOR('',#10044,1.);
#10044 = DIRECTION('',(0.,-1.));
#10045 = ( GEOMETRIC_REPRESENTATION_CONTEXT(2) 
PARAMETRIC_REPRESENTATION_CONTEXT() REPRESENTATION_CONTEXT('2D SPACE',''
  ) );
#10046 = PCURVE('',#1958,#10047);
#10047 = DEFINITIONAL_REPRESENTATION('',(#10048),#10052);
#10048 = LINE('',#10049,#10050);
#10049 = CARTESIAN_POINT('',(14.228256373542,0.));
#10050 = VECTOR('',#10051,1.);
#10051 = DIRECTION('',(0.,-1.));
#10052 = ( GEOMETRIC_REPRESENTATION_CONTEXT(2) 
PARAMETRIC_REPRESENTATION_CONTEXT() REPRESENTATION_CONTEXT('2D SPACE',''
  ) );
#10053 = ORIENTED_EDGE('',*,*,#7237,.T.);
#10054 = ORIENTED_EDGE('',*,*,#9979,.F.);
#10055 = ORIENTED_EDGE('',*,*,#1970,.F.);
#10056 = ADVANCED_FACE('',(#10057),#1314,.T.);
#10057 = FACE_BOUND('',#10058,.T.);
#10058 = EDGE_LOOP('',(#10059,#10060,#10061,#10082));
#10059 = ORIENTED_EDGE('',*,*,#10008,.T.);
#10060 = ORIENTED_EDGE('',*,*,#3989,.T.);
#10061 = ORIENTED_EDGE('',*,*,#10062,.F.);
#10062 = EDGE_CURVE('',#1299,#3990,#10063,.T.);
#10063 = SURFACE_CURVE('',#10064,(#10068,#10075),.PCURVE_S1.);
#10064 = LINE('',#10065,#10066);
#10065 = CARTESIAN_POINT('',(124.64244946109,94.252002799846,0.));
#10066 = VECTOR('',#10067,1.);
#10067 = DIRECTION('',(0.,0.,1.));
#10068 = PCURVE('',#1314,#10069);
#10069 = DEFINITIONAL_REPRESENTATION('',(#10070),#10074);
#10070 = LINE('',#10071,#10072);
#10071 = CARTESIAN_POINT('',(11.22097933385,0.));
#10072 = VECTOR('',#10073,1.);
#10073 = DIRECTION('',(0.,-1.));
#10074 = ( GEOMETRIC_REPRESENTATION_CONTEXT(2) 
PARAMETRIC_REPRESENTATION_CONTEXT() REPRESENTATION_CONTEXT('2D SPACE',''
  ) );
#10075 = PCURVE('',#1342,#10076);
#10076 = DEFINITIONAL_REPRESENTATION('',(#10077),#10081);
#10077 = LINE('',#10078,#10079);
#10078 = CARTESIAN_POINT('',(0.,0.));
#10079 = VECTOR('',#10080,1.);
#10080 = DIRECTION('',(0.,-1.));
#10081 = ( GEOMETRIC_REPRESENTATION_CONTEXT(2) 
PARAMETRIC_REPRESENTATION_CONTEXT() REPRESENTATION_CONTEXT('2D SPACE',''
  ) );
#10082 = ORIENTED_EDGE('',*,*,#1298,.F.);
#10083 = ADVANCED_FACE('',(#10084),#1958,.T.);
#10084 = FACE_BOUND('',#10085,.T.);
#10085 = EDGE_LOOP('',(#10086,#10107,#10108,#10109));
#10086 = ORIENTED_EDGE('',*,*,#10087,.T.);
#10087 = EDGE_CURVE('',#1915,#7192,#10088,.T.);
#10088 = SURFACE_CURVE('',#10089,(#10093,#10100),.PCURVE_S1.);
#10089 = LINE('',#10090,#10091);
#10090 = CARTESIAN_POINT('',(92.525893291651,5.112937267127,0.));
#10091 = VECTOR('',#10092,1.);
#10092 = DIRECTION('',(0.,0.,1.));
#10093 = PCURVE('',#1958,#10094);
#10094 = DEFINITIONAL_REPRESENTATION('',(#10095),#10099);
#10095 = LINE('',#10096,#10097);
#10096 = CARTESIAN_POINT('',(0.,0.));
#10097 = VECTOR('',#10098,1.);
#10098 = DIRECTION('',(0.,-1.));
#10099 = ( GEOMETRIC_REPRESENTATION_CONTEXT(2) 
PARAMETRIC_REPRESENTATION_CONTEXT() REPRESENTATION_CONTEXT('2D SPACE',''
  ) );
#10100 = PCURVE('',#1930,#10101);
#10101 = DEFINITIONAL_REPRESENTATION('',(#10102),#10106);
#10102 = LINE('',#10103,#10104);
#10103 = CARTESIAN_POINT('',(1.086948072651,0.));
#10104 = VECTOR('',#10105,1.);
#10105 = DIRECTION('',(0.,-1.));
#10106 = ( GEOMETRIC_REPRESENTATION_CONTEXT(2) 
PARAMETRIC_REPRESENTATION_CONTEXT() REPRESENTATION_CONTEXT('2D SPACE',''
  ) );
#10107 = ORIENTED_EDGE('',*,*,#7214,.T.);
#10108 = ORIENTED_EDGE('',*,*,#10033,.F.);
#10109 = ORIENTED_EDGE('',*,*,#1942,.F.);
#10110 = ADVANCED_FACE('',(#10111),#1342,.T.);
#10111 = FACE_BOUND('',#10112,.T.);
#10112 = EDGE_LOOP('',(#10113,#10114,#10115,#10136));
#10113 = ORIENTED_EDGE('',*,*,#10062,.T.);
#10114 = ORIENTED_EDGE('',*,*,#4012,.T.);
#10115 = ORIENTED_EDGE('',*,*,#10116,.F.);
#10116 = EDGE_CURVE('',#1327,#4013,#10117,.T.);
#10117 = SURFACE_CURVE('',#10118,(#10122,#10129),.PCURVE_S1.);
#10118 = LINE('',#10119,#10120);
#10119 = CARTESIAN_POINT('',(125.87809862852,94.565909087508,0.));
#10120 = VECTOR('',#10121,1.);
#10121 = DIRECTION('',(0.,0.,1.));
#10122 = PCURVE('',#1342,#10123);
#10123 = DEFINITIONAL_REPRESENTATION('',(#10124),#10128);
#10124 = LINE('',#10125,#10126);
#10125 = CARTESIAN_POINT('',(1.274898436111,0.));
#10126 = VECTOR('',#10127,1.);
#10127 = DIRECTION('',(0.,-1.));
#10128 = ( GEOMETRIC_REPRESENTATION_CONTEXT(2) 
PARAMETRIC_REPRESENTATION_CONTEXT() REPRESENTATION_CONTEXT('2D SPACE',''
  ) );
#10129 = PCURVE('',#1370,#10130);
#10130 = DEFINITIONAL_REPRESENTATION('',(#10131),#10135);
#10131 = LINE('',#10132,#10133);
#10132 = CARTESIAN_POINT('',(0.,0.));
#10133 = VECTOR('',#10134,1.);
#10134 = DIRECTION('',(0.,-1.));
#10135 = ( GEOMETRIC_REPRESENTATION_CONTEXT(2) 
PARAMETRIC_REPRESENTATION_CONTEXT() REPRESENTATION_CONTEXT('2D SPACE',''
  ) );
#10136 = ORIENTED_EDGE('',*,*,#1326,.F.);
#10137 = ADVANCED_FACE('',(#10138),#1930,.T.);
#10138 = FACE_BOUND('',#10139,.T.);
#10139 = EDGE_LOOP('',(#10140,#10161,#10162,#10163));
#10140 = ORIENTED_EDGE('',*,*,#10141,.T.);
#10141 = EDGE_CURVE('',#1887,#7169,#10142,.T.);
#10142 = SURFACE_CURVE('',#10143,(#10147,#10154),.PCURVE_S1.);
#10143 = LINE('',#10144,#10145);
#10144 = CARTESIAN_POINT('',(93.594438639169,5.312102909086,0.));
#10145 = VECTOR('',#10146,1.);
#10146 = DIRECTION('',(0.,0.,1.));
#10147 = PCURVE('',#1930,#10148);
#10148 = DEFINITIONAL_REPRESENTATION('',(#10149),#10153);
#10149 = LINE('',#10150,#10151);
#10150 = CARTESIAN_POINT('',(0.,0.));
#10151 = VECTOR('',#10152,1.);
#10152 = DIRECTION('',(0.,-1.));
#10153 = ( GEOMETRIC_REPRESENTATION_CONTEXT(2) 
PARAMETRIC_REPRESENTATION_CONTEXT() REPRESENTATION_CONTEXT('2D SPACE',''
  ) );
#10154 = PCURVE('',#1902,#10155);
#10155 = DEFINITIONAL_REPRESENTATION('',(#10156),#10160);
#10156 = LINE('',#10157,#10158);
#10157 = CARTESIAN_POINT('',(0.628624765652,0.));
#10158 = VECTOR('',#10159,1.);
#10159 = DIRECTION('',(0.,-1.));
#10160 = ( GEOMETRIC_REPRESENTATION_CONTEXT(2) 
PARAMETRIC_REPRESENTATION_CONTEXT() REPRESENTATION_CONTEXT('2D SPACE',''
  ) );
#10161 = ORIENTED_EDGE('',*,*,#7191,.T.);
#10162 = ORIENTED_EDGE('',*,*,#10087,.F.);
#10163 = ORIENTED_EDGE('',*,*,#1914,.F.);
#10164 = ADVANCED_FACE('',(#10165),#1370,.T.);
#10165 = FACE_BOUND('',#10166,.T.);
#10166 = EDGE_LOOP('',(#10167,#10168,#10169,#10190));
#10167 = ORIENTED_EDGE('',*,*,#10116,.T.);
#10168 = ORIENTED_EDGE('',*,*,#4035,.T.);
#10169 = ORIENTED_EDGE('',*,*,#10170,.F.);
#10170 = EDGE_CURVE('',#1355,#4036,#10171,.T.);
#10171 = SURFACE_CURVE('',#10172,(#10176,#10183),.PCURVE_S1.);
#10172 = LINE('',#10173,#10174);
#10173 = CARTESIAN_POINT('',(126.59683893663,94.599861045534,0.));
#10174 = VECTOR('',#10175,1.);
#10175 = DIRECTION('',(0.,0.,1.));
#10176 = PCURVE('',#1370,#10177);
#10177 = DEFINITIONAL_REPRESENTATION('',(#10178),#10182);
#10178 = LINE('',#10179,#10180);
#10179 = CARTESIAN_POINT('',(0.719541774995,0.));
#10180 = VECTOR('',#10181,1.);
#10181 = DIRECTION('',(0.,-1.));
#10182 = ( GEOMETRIC_REPRESENTATION_CONTEXT(2) 
PARAMETRIC_REPRESENTATION_CONTEXT() REPRESENTATION_CONTEXT('2D SPACE',''
  ) );
#10183 = PCURVE('',#1398,#10184);
#10184 = DEFINITIONAL_REPRESENTATION('',(#10185),#10189);
#10185 = LINE('',#10186,#10187);
#10186 = CARTESIAN_POINT('',(0.,0.));
#10187 = VECTOR('',#10188,1.);
#10188 = DIRECTION('',(0.,-1.));
#10189 = ( GEOMETRIC_REPRESENTATION_CONTEXT(2) 
PARAMETRIC_REPRESENTATION_CONTEXT() REPRESENTATION_CONTEXT('2D SPACE',''
  ) );
#10190 = ORIENTED_EDGE('',*,*,#1354,.F.);
#10191 = ADVANCED_FACE('',(#10192),#1902,.T.);
#10192 = FACE_BOUND('',#10193,.T.);
#10193 = EDGE_LOOP('',(#10194,#10215,#10216,#10217));
#10194 = ORIENTED_EDGE('',*,*,#10195,.T.);
#10195 = EDGE_CURVE('',#1859,#7146,#10196,.T.);
#10196 = SURFACE_CURVE('',#10197,(#10201,#10208),.PCURVE_S1.);
#10197 = LINE('',#10198,#10199);
#10198 = CARTESIAN_POINT('',(94.1767334045,5.548961310368,0.));
#10199 = VECTOR('',#10200,1.);
#10200 = DIRECTION('',(0.,0.,1.));
#10201 = PCURVE('',#1902,#10202);
#10202 = DEFINITIONAL_REPRESENTATION('',(#10203),#10207);
#10203 = LINE('',#10204,#10205);
#10204 = CARTESIAN_POINT('',(0.,0.));
#10205 = VECTOR('',#10206,1.);
#10206 = DIRECTION('',(0.,-1.));
#10207 = ( GEOMETRIC_REPRESENTATION_CONTEXT(2) 
PARAMETRIC_REPRESENTATION_CONTEXT() REPRESENTATION_CONTEXT('2D SPACE',''
  ) );
#10208 = PCURVE('',#1874,#10209);
#10209 = DEFINITIONAL_REPRESENTATION('',(#10210),#10214);
#10210 = LINE('',#10211,#10212);
#10211 = CARTESIAN_POINT('',(0.543865524099,0.));
#10212 = VECTOR('',#10213,1.);
#10213 = DIRECTION('',(0.,-1.));
#10214 = ( GEOMETRIC_REPRESENTATION_CONTEXT(2) 
PARAMETRIC_REPRESENTATION_CONTEXT() REPRESENTATION_CONTEXT('2D SPACE',''
  ) );
#10215 = ORIENTED_EDGE('',*,*,#7168,.T.);
#10216 = ORIENTED_EDGE('',*,*,#10141,.F.);
#10217 = ORIENTED_EDGE('',*,*,#1886,.F.);
#10218 = ADVANCED_FACE('',(#10219),#1398,.T.);
#10219 = FACE_BOUND('',#10220,.T.);
#10220 = EDGE_LOOP('',(#10221,#10222,#10223,#10244));
#10221 = ORIENTED_EDGE('',*,*,#10170,.T.);
#10222 = ORIENTED_EDGE('',*,*,#4058,.T.);
#10223 = ORIENTED_EDGE('',*,*,#10224,.F.);
#10224 = EDGE_CURVE('',#1383,#4059,#10225,.T.);
#10225 = SURFACE_CURVE('',#10226,(#10230,#10237),.PCURVE_S1.);
#10226 = LINE('',#10227,#10228);
#10227 = CARTESIAN_POINT('',(127.52908559365,94.438505642393,0.));
#10228 = VECTOR('',#10229,1.);
#10229 = DIRECTION('',(0.,0.,1.));
#10230 = PCURVE('',#1398,#10231);
#10231 = DEFINITIONAL_REPRESENTATION('',(#10232),#10236);
#10232 = LINE('',#10233,#10234);
#10233 = CARTESIAN_POINT('',(0.946107496872,0.));
#10234 = VECTOR('',#10235,1.);
#10235 = DIRECTION('',(0.,-1.));
#10236 = ( GEOMETRIC_REPRESENTATION_CONTEXT(2) 
PARAMETRIC_REPRESENTATION_CONTEXT() REPRESENTATION_CONTEXT('2D SPACE',''
  ) );
#10237 = PCURVE('',#1426,#10238);
#10238 = DEFINITIONAL_REPRESENTATION('',(#10239),#10243);
#10239 = LINE('',#10240,#10241);
#10240 = CARTESIAN_POINT('',(0.,0.));
#10241 = VECTOR('',#10242,1.);
#10242 = DIRECTION('',(0.,-1.));
#10243 = ( GEOMETRIC_REPRESENTATION_CONTEXT(2) 
PARAMETRIC_REPRESENTATION_CONTEXT() REPRESENTATION_CONTEXT('2D SPACE',''
  ) );
#10244 = ORIENTED_EDGE('',*,*,#1382,.F.);
#10245 = ADVANCED_FACE('',(#10246),#1874,.T.);
#10246 = FACE_BOUND('',#10247,.T.);
#10247 = EDGE_LOOP('',(#10248,#10269,#10270,#10271));
#10248 = ORIENTED_EDGE('',*,*,#10249,.T.);
#10249 = EDGE_CURVE('',#1831,#7123,#10250,.T.);
#10250 = SURFACE_CURVE('',#10251,(#10255,#10262),.PCURVE_S1.);
#10251 = LINE('',#10252,#10253);
#10252 = CARTESIAN_POINT('',(94.647785265701,5.820806583203,0.));
#10253 = VECTOR('',#10254,1.);
#10254 = DIRECTION('',(0.,0.,1.));
#10255 = PCURVE('',#1874,#10256);
#10256 = DEFINITIONAL_REPRESENTATION('',(#10257),#10261);
#10257 = LINE('',#10258,#10259);
#10258 = CARTESIAN_POINT('',(0.,0.));
#10259 = VECTOR('',#10260,1.);
#10260 = DIRECTION('',(0.,-1.));
#10261 = ( GEOMETRIC_REPRESENTATION_CONTEXT(2) 
PARAMETRIC_REPRESENTATION_CONTEXT() REPRESENTATION_CONTEXT('2D SPACE',''
  ) );
#10262 = PCURVE('',#1846,#10263);
#10263 = DEFINITIONAL_REPRESENTATION('',(#10264),#10268);
#10264 = LINE('',#10265,#10266);
#10265 = CARTESIAN_POINT('',(0.992970917785,0.));
#10266 = VECTOR('',#10267,1.);
#10267 = DIRECTION('',(0.,-1.));
#10268 = ( GEOMETRIC_REPRESENTATION_CONTEXT(2) 
PARAMETRIC_REPRESENTATION_CONTEXT() REPRESENTATION_CONTEXT('2D SPACE',''
  ) );
#10269 = ORIENTED_EDGE('',*,*,#7145,.T.);
#10270 = ORIENTED_EDGE('',*,*,#10195,.F.);
#10271 = ORIENTED_EDGE('',*,*,#1858,.F.);
#10272 = ADVANCED_FACE('',(#10273),#1426,.T.);
#10273 = FACE_BOUND('',#10274,.T.);
#10274 = EDGE_LOOP('',(#10275,#10276,#10277,#10298));
#10275 = ORIENTED_EDGE('',*,*,#10224,.T.);
#10276 = ORIENTED_EDGE('',*,*,#4081,.T.);
#10277 = ORIENTED_EDGE('',*,*,#10278,.F.);
#10278 = EDGE_CURVE('',#1411,#4082,#10279,.T.);
#10279 = SURFACE_CURVE('',#10280,(#10284,#10291),.PCURVE_S1.);
#10280 = LINE('',#10281,#10282);
#10281 = CARTESIAN_POINT('',(128.40156603092,94.072986945632,0.));
#10282 = VECTOR('',#10283,1.);
#10283 = DIRECTION('',(0.,0.,1.));
#10284 = PCURVE('',#1426,#10285);
#10285 = DEFINITIONAL_REPRESENTATION('',(#10286),#10290);
#10286 = LINE('',#10287,#10288);
#10287 = CARTESIAN_POINT('',(0.945952446534,0.));
#10288 = VECTOR('',#10289,1.);
#10289 = DIRECTION('',(0.,-1.));
#10290 = ( GEOMETRIC_REPRESENTATION_CONTEXT(2) 
PARAMETRIC_REPRESENTATION_CONTEXT() REPRESENTATION_CONTEXT('2D SPACE',''
  ) );
#10291 = PCURVE('',#1454,#10292);
#10292 = DEFINITIONAL_REPRESENTATION('',(#10293),#10297);
#10293 = LINE('',#10294,#10295);
#10294 = CARTESIAN_POINT('',(0.,0.));
#10295 = VECTOR('',#10296,1.);
#10296 = DIRECTION('',(0.,-1.));
#10297 = ( GEOMETRIC_REPRESENTATION_CONTEXT(2) 
PARAMETRIC_REPRESENTATION_CONTEXT() REPRESENTATION_CONTEXT('2D SPACE',''
  ) );
#10298 = ORIENTED_EDGE('',*,*,#1410,.F.);
#10299 = ADVANCED_FACE('',(#10300),#1846,.T.);
#10300 = FACE_BOUND('',#10301,.T.);
#10301 = EDGE_LOOP('',(#10302,#10323,#10324,#10325));
#10302 = ORIENTED_EDGE('',*,*,#10303,.T.);
#10303 = EDGE_CURVE('',#1803,#7100,#10304,.T.);
#10304 = SURFACE_CURVE('',#10305,(#10309,#10316),.PCURVE_S1.);
#10305 = LINE('',#10306,#10307);
#10306 = CARTESIAN_POINT('',(95.406596074216,6.461273132249,0.));
#10307 = VECTOR('',#10308,1.);
#10308 = DIRECTION('',(0.,0.,1.));
#10309 = PCURVE('',#1846,#10310);
#10310 = DEFINITIONAL_REPRESENTATION('',(#10311),#10315);
#10311 = LINE('',#10312,#10313);
#10312 = CARTESIAN_POINT('',(0.,0.));
#10313 = VECTOR('',#10314,1.);
#10314 = DIRECTION('',(0.,-1.));
#10315 = ( GEOMETRIC_REPRESENTATION_CONTEXT(2) 
PARAMETRIC_REPRESENTATION_CONTEXT() REPRESENTATION_CONTEXT('2D SPACE',''
  ) );
#10316 = PCURVE('',#1818,#10317);
#10317 = DEFINITIONAL_REPRESENTATION('',(#10318),#10322);
#10318 = LINE('',#10319,#10320);
#10319 = CARTESIAN_POINT('',(0.802896959835,0.));
#10320 = VECTOR('',#10321,1.);
#10321 = DIRECTION('',(0.,-1.));
#10322 = ( GEOMETRIC_REPRESENTATION_CONTEXT(2) 
PARAMETRIC_REPRESENTATION_CONTEXT() REPRESENTATION_CONTEXT('2D SPACE',''
  ) );
#10323 = ORIENTED_EDGE('',*,*,#7122,.T.);
#10324 = ORIENTED_EDGE('',*,*,#10249,.F.);
#10325 = ORIENTED_EDGE('',*,*,#1830,.F.);
#10326 = ADVANCED_FACE('',(#10327),#1454,.T.);
#10327 = FACE_BOUND('',#10328,.T.);
#10328 = EDGE_LOOP('',(#10329,#10330,#10331,#10352));
#10329 = ORIENTED_EDGE('',*,*,#10278,.T.);
#10330 = ORIENTED_EDGE('',*,*,#4104,.T.);
#10331 = ORIENTED_EDGE('',*,*,#10332,.F.);
#10332 = EDGE_CURVE('',#1439,#4105,#10333,.T.);
#10333 = SURFACE_CURVE('',#10334,(#10338,#10345),.PCURVE_S1.);
#10334 = LINE('',#10335,#10336);
#10335 = CARTESIAN_POINT('',(129.17255641244,93.519557754721,0.));
#10336 = VECTOR('',#10337,1.);
#10337 = DIRECTION('',(0.,0.,1.));
#10338 = PCURVE('',#1454,#10339);
#10339 = DEFINITIONAL_REPRESENTATION('',(#10340),#10344);
#10340 = LINE('',#10341,#10342);
#10341 = CARTESIAN_POINT('',(0.949057447021,0.));
#10342 = VECTOR('',#10343,1.);
#10343 = DIRECTION('',(0.,-1.));
#10344 = ( GEOMETRIC_REPRESENTATION_CONTEXT(2) 
PARAMETRIC_REPRESENTATION_CONTEXT() REPRESENTATION_CONTEXT('2D SPACE',''
  ) );
#10345 = PCURVE('',#1482,#10346);
#10346 = DEFINITIONAL_REPRESENTATION('',(#10347),#10351);
#10347 = LINE('',#10348,#10349);
#10348 = CARTESIAN_POINT('',(0.,0.));
#10349 = VECTOR('',#10350,1.);
#10350 = DIRECTION('',(0.,-1.));
#10351 = ( GEOMETRIC_REPRESENTATION_CONTEXT(2) 
PARAMETRIC_REPRESENTATION_CONTEXT() REPRESENTATION_CONTEXT('2D SPACE',''
  ) );
#10352 = ORIENTED_EDGE('',*,*,#1438,.F.);
#10353 = ADVANCED_FACE('',(#10354),#1818,.T.);
#10354 = FACE_BOUND('',#10355,.T.);
#10355 = EDGE_LOOP('',(#10356,#10377,#10378,#10379));
#10356 = ORIENTED_EDGE('',*,*,#10357,.T.);
#10357 = EDGE_CURVE('',#1775,#7077,#10358,.T.);
#10358 = SURFACE_CURVE('',#10359,(#10363,#10370),.PCURVE_S1.);
#10359 = LINE('',#10360,#10361);
#10360 = CARTESIAN_POINT('',(95.902088204759,7.093041346614,0.));
#10361 = VECTOR('',#10362,1.);
#10362 = DIRECTION('',(0.,0.,1.));
#10363 = PCURVE('',#1818,#10364);
#10364 = DEFINITIONAL_REPRESENTATION('',(#10365),#10369);
#10365 = LINE('',#10366,#10367);
#10366 = CARTESIAN_POINT('',(0.,0.));
#10367 = VECTOR('',#10368,1.);
#10368 = DIRECTION('',(0.,-1.));
#10369 = ( GEOMETRIC_REPRESENTATION_CONTEXT(2) 
PARAMETRIC_REPRESENTATION_CONTEXT() REPRESENTATION_CONTEXT('2D SPACE',''
  ) );
#10370 = PCURVE('',#1790,#10371);
#10371 = DEFINITIONAL_REPRESENTATION('',(#10372),#10376);
#10372 = LINE('',#10373,#10374);
#10373 = CARTESIAN_POINT('',(15.097911992052,0.));
#10374 = VECTOR('',#10375,1.);
#10375 = DIRECTION('',(0.,-1.));
#10376 = ( GEOMETRIC_REPRESENTATION_CONTEXT(2) 
PARAMETRIC_REPRESENTATION_CONTEXT() REPRESENTATION_CONTEXT('2D SPACE',''
  ) );
#10377 = ORIENTED_EDGE('',*,*,#7099,.T.);
#10378 = ORIENTED_EDGE('',*,*,#10303,.F.);
#10379 = ORIENTED_EDGE('',*,*,#1802,.F.);
#10380 = ADVANCED_FACE('',(#10381),#1482,.T.);
#10381 = FACE_BOUND('',#10382,.T.);
#10382 = EDGE_LOOP('',(#10383,#10384,#10385,#10406));
#10383 = ORIENTED_EDGE('',*,*,#10332,.T.);
#10384 = ORIENTED_EDGE('',*,*,#4127,.T.);
#10385 = ORIENTED_EDGE('',*,*,#10386,.F.);
#10386 = EDGE_CURVE('',#1467,#4128,#10387,.T.);
#10387 = SURFACE_CURVE('',#10388,(#10392,#10399),.PCURVE_S1.);
#10388 = LINE('',#10389,#10390);
#10389 = CARTESIAN_POINT('',(129.70572376387,92.947281437546,0.));
#10390 = VECTOR('',#10391,1.);
#10391 = DIRECTION('',(0.,0.,1.));
#10392 = PCURVE('',#1482,#10393);
#10393 = DEFINITIONAL_REPRESENTATION('',(#10394),#10398);
#10394 = LINE('',#10395,#10396);
#10395 = CARTESIAN_POINT('',(0.782155743976,0.));
#10396 = VECTOR('',#10397,1.);
#10397 = DIRECTION('',(0.,-1.));
#10398 = ( GEOMETRIC_REPRESENTATION_CONTEXT(2) 
PARAMETRIC_REPRESENTATION_CONTEXT() REPRESENTATION_CONTEXT('2D SPACE',''
  ) );
#10399 = PCURVE('',#1510,#10400);
#10400 = DEFINITIONAL_REPRESENTATION('',(#10401),#10405);
#10401 = LINE('',#10402,#10403);
#10402 = CARTESIAN_POINT('',(0.,0.));
#10403 = VECTOR('',#10404,1.);
#10404 = DIRECTION('',(0.,-1.));
#10405 = ( GEOMETRIC_REPRESENTATION_CONTEXT(2) 
PARAMETRIC_REPRESENTATION_CONTEXT() REPRESENTATION_CONTEXT('2D SPACE',''
  ) );
#10406 = ORIENTED_EDGE('',*,*,#1466,.F.);
#10407 = ADVANCED_FACE('',(#10408),#1790,.T.);
#10408 = FACE_BOUND('',#10409,.T.);
#10409 = EDGE_LOOP('',(#10410,#10431,#10432,#10433));
#10410 = ORIENTED_EDGE('',*,*,#10411,.T.);
#10411 = EDGE_CURVE('',#1747,#7054,#10412,.T.);
#10412 = SURFACE_CURVE('',#10413,(#10417,#10424),.PCURVE_S1.);
#10413 = LINE('',#10414,#10415);
#10414 = CARTESIAN_POINT('',(111.,7.095479145354,0.));
#10415 = VECTOR('',#10416,1.);
#10416 = DIRECTION('',(0.,0.,1.));
#10417 = PCURVE('',#1790,#10418);
#10418 = DEFINITIONAL_REPRESENTATION('',(#10419),#10423);
#10419 = LINE('',#10420,#10421);
#10420 = CARTESIAN_POINT('',(0.,0.));
#10421 = VECTOR('',#10422,1.);
#10422 = DIRECTION('',(0.,-1.));
#10423 = ( GEOMETRIC_REPRESENTATION_CONTEXT(2) 
PARAMETRIC_REPRESENTATION_CONTEXT() REPRESENTATION_CONTEXT('2D SPACE',''
  ) );
#10424 = PCURVE('',#1762,#10425);
#10425 = DEFINITIONAL_REPRESENTATION('',(#10426),#10430);
#10426 = LINE('',#10427,#10428);
#10427 = CARTESIAN_POINT('',(10.245479145354,0.));
#10428 = VECTOR('',#10429,1.);
#10429 = DIRECTION('',(0.,-1.));
#10430 = ( GEOMETRIC_REPRESENTATION_CONTEXT(2) 
PARAMETRIC_REPRESENTATION_CONTEXT() REPRESENTATION_CONTEXT('2D SPACE',''
  ) );
#10431 = ORIENTED_EDGE('',*,*,#7076,.T.);
#10432 = ORIENTED_EDGE('',*,*,#10357,.F.);
#10433 = ORIENTED_EDGE('',*,*,#1774,.F.);
#10434 = ADVANCED_FACE('',(#10435),#1510,.T.);
#10435 = FACE_BOUND('',#10436,.T.);
#10436 = EDGE_LOOP('',(#10437,#10438,#10439,#10460));
#10437 = ORIENTED_EDGE('',*,*,#10386,.T.);
#10438 = ORIENTED_EDGE('',*,*,#4150,.T.);
#10439 = ORIENTED_EDGE('',*,*,#10440,.F.);
#10440 = EDGE_CURVE('',#1495,#4151,#10441,.T.);
#10441 = SURFACE_CURVE('',#10442,(#10446,#10453),.PCURVE_S1.);
#10442 = LINE('',#10443,#10444);
#10443 = CARTESIAN_POINT('',(142.50231990643,75.485417134287,0.));
#10444 = VECTOR('',#10445,1.);
#10445 = DIRECTION('',(0.,0.,1.));
#10446 = PCURVE('',#1510,#10447);
#10447 = DEFINITIONAL_REPRESENTATION('',(#10448),#10452);
#10448 = LINE('',#10449,#10450);
#10449 = CARTESIAN_POINT('',(21.648777743356,0.));
#10450 = VECTOR('',#10451,1.);
#10451 = DIRECTION('',(0.,-1.));
#10452 = ( GEOMETRIC_REPRESENTATION_CONTEXT(2) 
PARAMETRIC_REPRESENTATION_CONTEXT() REPRESENTATION_CONTEXT('2D SPACE',''
  ) );
#10453 = PCURVE('',#1538,#10454);
#10454 = DEFINITIONAL_REPRESENTATION('',(#10455),#10459);
#10455 = LINE('',#10456,#10457);
#10456 = CARTESIAN_POINT('',(0.,0.));
#10457 = VECTOR('',#10458,1.);
#10458 = DIRECTION('',(0.,-1.));
#10459 = ( GEOMETRIC_REPRESENTATION_CONTEXT(2) 
PARAMETRIC_REPRESENTATION_CONTEXT() REPRESENTATION_CONTEXT('2D SPACE',''
  ) );
#10460 = ORIENTED_EDGE('',*,*,#1494,.F.);
#10461 = ADVANCED_FACE('',(#10462),#1762,.T.);
#10462 = FACE_BOUND('',#10463,.T.);
#10463 = EDGE_LOOP('',(#10464,#10485,#10486,#10487));
#10464 = ORIENTED_EDGE('',*,*,#10465,.T.);
#10465 = EDGE_CURVE('',#1719,#7031,#10466,.T.);
#10466 = SURFACE_CURVE('',#10467,(#10471,#10478),.PCURVE_S1.);
#10467 = LINE('',#10468,#10469);
#10468 = CARTESIAN_POINT('',(111.,-3.15,0.));
#10469 = VECTOR('',#10470,1.);
#10470 = DIRECTION('',(0.,0.,1.));
#10471 = PCURVE('',#1762,#10472);
#10472 = DEFINITIONAL_REPRESENTATION('',(#10473),#10477);
#10473 = LINE('',#10474,#10475);
#10474 = CARTESIAN_POINT('',(0.,0.));
#10475 = VECTOR('',#10476,1.);
#10476 = DIRECTION('',(0.,-1.));
#10477 = ( GEOMETRIC_REPRESENTATION_CONTEXT(2) 
PARAMETRIC_REPRESENTATION_CONTEXT() REPRESENTATION_CONTEXT('2D SPACE',''
  ) );
#10478 = PCURVE('',#1734,#10479);
#10479 = DEFINITIONAL_REPRESENTATION('',(#10480),#10484);
#10480 = LINE('',#10481,#10482);
#10481 = CARTESIAN_POINT('',(20.,0.));
#10482 = VECTOR('',#10483,1.);
#10483 = DIRECTION('',(0.,-1.));
#10484 = ( GEOMETRIC_REPRESENTATION_CONTEXT(2) 
PARAMETRIC_REPRESENTATION_CONTEXT() REPRESENTATION_CONTEXT('2D SPACE',''
  ) );
#10485 = ORIENTED_EDGE('',*,*,#7053,.T.);
#10486 = ORIENTED_EDGE('',*,*,#10411,.F.);
#10487 = ORIENTED_EDGE('',*,*,#1746,.F.);
#10488 = ADVANCED_FACE('',(#10489),#1538,.T.);
#10489 = FACE_BOUND('',#10490,.T.);
#10490 = EDGE_LOOP('',(#10491,#10492,#10493,#10514));
#10491 = ORIENTED_EDGE('',*,*,#10440,.T.);
#10492 = ORIENTED_EDGE('',*,*,#4173,.T.);
#10493 = ORIENTED_EDGE('',*,*,#10494,.F.);
#10494 = EDGE_CURVE('',#1523,#4174,#10495,.T.);
#10495 = SURFACE_CURVE('',#10496,(#10500,#10507),.PCURVE_S1.);
#10496 = LINE('',#10497,#10498);
#10497 = CARTESIAN_POINT('',(142.89764217617,74.600500885477,0.));
#10498 = VECTOR('',#10499,1.);
#10499 = DIRECTION('',(0.,0.,1.));
#10500 = PCURVE('',#1538,#10501);
#10501 = DEFINITIONAL_REPRESENTATION('',(#10502),#10506);
#10502 = LINE('',#10503,#10504);
#10503 = CARTESIAN_POINT('',(0.969204036495,0.));
#10504 = VECTOR('',#10505,1.);
#10505 = DIRECTION('',(0.,-1.));
#10506 = ( GEOMETRIC_REPRESENTATION_CONTEXT(2) 
PARAMETRIC_REPRESENTATION_CONTEXT() REPRESENTATION_CONTEXT('2D SPACE',''
  ) );
#10507 = PCURVE('',#1566,#10508);
#10508 = DEFINITIONAL_REPRESENTATION('',(#10509),#10513);
#10509 = LINE('',#10510,#10511);
#10510 = CARTESIAN_POINT('',(0.,0.));
#10511 = VECTOR('',#10512,1.);
#10512 = DIRECTION('',(0.,-1.));
#10513 = ( GEOMETRIC_REPRESENTATION_CONTEXT(2) 
PARAMETRIC_REPRESENTATION_CONTEXT() REPRESENTATION_CONTEXT('2D SPACE',''
  ) );
#10514 = ORIENTED_EDGE('',*,*,#1522,.F.);
#10515 = ADVANCED_FACE('',(#10516),#1734,.T.);
#10516 = FACE_BOUND('',#10517,.T.);
#10517 = EDGE_LOOP('',(#10518,#10539,#10540,#10541));
#10518 = ORIENTED_EDGE('',*,*,#10519,.T.);
#10519 = EDGE_CURVE('',#1691,#7008,#10520,.T.);
#10520 = SURFACE_CURVE('',#10521,(#10525,#10532),.PCURVE_S1.);
#10521 = LINE('',#10522,#10523);
#10522 = CARTESIAN_POINT('',(131.,-3.15,0.));
#10523 = VECTOR('',#10524,1.);
#10524 = DIRECTION('',(0.,0.,1.));
#10525 = PCURVE('',#1734,#10526);
#10526 = DEFINITIONAL_REPRESENTATION('',(#10527),#10531);
#10527 = LINE('',#10528,#10529);
#10528 = CARTESIAN_POINT('',(0.,-0.));
#10529 = VECTOR('',#10530,1.);
#10530 = DIRECTION('',(0.,-1.));
#10531 = ( GEOMETRIC_REPRESENTATION_CONTEXT(2) 
PARAMETRIC_REPRESENTATION_CONTEXT() REPRESENTATION_CONTEXT('2D SPACE',''
  ) );
#10532 = PCURVE('',#1706,#10533);
#10533 = DEFINITIONAL_REPRESENTATION('',(#10534),#10538);
#10534 = LINE('',#10535,#10536);
#10535 = CARTESIAN_POINT('',(5.656854249492,0.));
#10536 = VECTOR('',#10537,1.);
#10537 = DIRECTION('',(0.,-1.));
#10538 = ( GEOMETRIC_REPRESENTATION_CONTEXT(2) 
PARAMETRIC_REPRESENTATION_CONTEXT() REPRESENTATION_CONTEXT('2D SPACE',''
  ) );
#10539 = ORIENTED_EDGE('',*,*,#7030,.T.);
#10540 = ORIENTED_EDGE('',*,*,#10465,.F.);
#10541 = ORIENTED_EDGE('',*,*,#1718,.F.);
#10542 = ADVANCED_FACE('',(#10543),#1566,.T.);
#10543 = FACE_BOUND('',#10544,.T.);
#10544 = EDGE_LOOP('',(#10545,#10546,#10547,#10568));
#10545 = ORIENTED_EDGE('',*,*,#10494,.T.);
#10546 = ORIENTED_EDGE('',*,*,#4196,.T.);
#10547 = ORIENTED_EDGE('',*,*,#10548,.F.);
#10548 = EDGE_CURVE('',#1551,#4197,#10549,.T.);
#10549 = SURFACE_CURVE('',#10550,(#10554,#10561),.PCURVE_S1.);
#10550 = LINE('',#10551,#10552);
#10551 = CARTESIAN_POINT('',(143.09999452817,73.401091051121,0.));
#10552 = VECTOR('',#10553,1.);
#10553 = DIRECTION('',(0.,0.,1.));
#10554 = PCURVE('',#1566,#10555);
#10555 = DEFINITIONAL_REPRESENTATION('',(#10556),#10560);
#10556 = LINE('',#10557,#10558);
#10557 = CARTESIAN_POINT('',(1.216359496658,0.));
#10558 = VECTOR('',#10559,1.);
#10559 = DIRECTION('',(0.,-1.));
#10560 = ( GEOMETRIC_REPRESENTATION_CONTEXT(2) 
PARAMETRIC_REPRESENTATION_CONTEXT() REPRESENTATION_CONTEXT('2D SPACE',''
  ) );
#10561 = PCURVE('',#1594,#10562);
#10562 = DEFINITIONAL_REPRESENTATION('',(#10563),#10567);
#10563 = LINE('',#10564,#10565);
#10564 = CARTESIAN_POINT('',(0.,0.));
#10565 = VECTOR('',#10566,1.);
#10566 = DIRECTION('',(0.,-1.));
#10567 = ( GEOMETRIC_REPRESENTATION_CONTEXT(2) 
PARAMETRIC_REPRESENTATION_CONTEXT() REPRESENTATION_CONTEXT('2D SPACE',''
  ) );
#10568 = ORIENTED_EDGE('',*,*,#1550,.F.);
#10569 = ADVANCED_FACE('',(#10570),#1706,.T.);
#10570 = FACE_BOUND('',#10571,.T.);
#10571 = EDGE_LOOP('',(#10572,#10593,#10594,#10595));
#10572 = ORIENTED_EDGE('',*,*,#10573,.T.);
#10573 = EDGE_CURVE('',#1663,#6985,#10574,.T.);
#10574 = SURFACE_CURVE('',#10575,(#10579,#10586),.PCURVE_S1.);
#10575 = LINE('',#10576,#10577);
#10576 = CARTESIAN_POINT('',(135.,0.85,0.));
#10577 = VECTOR('',#10578,1.);
#10578 = DIRECTION('',(0.,0.,1.));
#10579 = PCURVE('',#1706,#10580);
#10580 = DEFINITIONAL_REPRESENTATION('',(#10581),#10585);
#10581 = LINE('',#10582,#10583);
#10582 = CARTESIAN_POINT('',(0.,0.));
#10583 = VECTOR('',#10584,1.);
#10584 = DIRECTION('',(0.,-1.));
#10585 = ( GEOMETRIC_REPRESENTATION_CONTEXT(2) 
PARAMETRIC_REPRESENTATION_CONTEXT() REPRESENTATION_CONTEXT('2D SPACE',''
  ) );
#10586 = PCURVE('',#1678,#10587);
#10587 = DEFINITIONAL_REPRESENTATION('',(#10588),#10592);
#10588 = LINE('',#10589,#10590);
#10589 = CARTESIAN_POINT('',(61.15,0.));
#10590 = VECTOR('',#10591,1.);
#10591 = DIRECTION('',(0.,-1.));
#10592 = ( GEOMETRIC_REPRESENTATION_CONTEXT(2) 
PARAMETRIC_REPRESENTATION_CONTEXT() REPRESENTATION_CONTEXT('2D SPACE',''
  ) );
#10593 = ORIENTED_EDGE('',*,*,#7007,.T.);
#10594 = ORIENTED_EDGE('',*,*,#10519,.F.);
#10595 = ORIENTED_EDGE('',*,*,#1690,.F.);
#10596 = ADVANCED_FACE('',(#10597),#1594,.T.);
#10597 = FACE_BOUND('',#10598,.T.);
#10598 = EDGE_LOOP('',(#10599,#10600,#10601,#10622));
#10599 = ORIENTED_EDGE('',*,*,#10548,.T.);
#10600 = ORIENTED_EDGE('',*,*,#4219,.T.);
#10601 = ORIENTED_EDGE('',*,*,#10602,.F.);
#10602 = EDGE_CURVE('',#1579,#4220,#10603,.T.);
#10603 = SURFACE_CURVE('',#10604,(#10608,#10615),.PCURVE_S1.);
#10604 = LINE('',#10605,#10606);
#10605 = CARTESIAN_POINT('',(143.09995511085,68.5,0.));
#10606 = VECTOR('',#10607,1.);
#10607 = DIRECTION('',(0.,0.,1.));
#10608 = PCURVE('',#1594,#10609);
#10609 = DEFINITIONAL_REPRESENTATION('',(#10610),#10614);
#10610 = LINE('',#10611,#10612);
#10611 = CARTESIAN_POINT('',(4.90109105128,0.));
#10612 = VECTOR('',#10613,1.);
#10613 = DIRECTION('',(0.,-1.));
#10614 = ( GEOMETRIC_REPRESENTATION_CONTEXT(2) 
PARAMETRIC_REPRESENTATION_CONTEXT() REPRESENTATION_CONTEXT('2D SPACE',''
  ) );
#10615 = PCURVE('',#1622,#10616);
#10616 = DEFINITIONAL_REPRESENTATION('',(#10617),#10621);
#10617 = LINE('',#10618,#10619);
#10618 = CARTESIAN_POINT('',(0.,-0.));
#10619 = VECTOR('',#10620,1.);
#10620 = DIRECTION('',(0.,-1.));
#10621 = ( GEOMETRIC_REPRESENTATION_CONTEXT(2) 
PARAMETRIC_REPRESENTATION_CONTEXT() REPRESENTATION_CONTEXT('2D SPACE',''
  ) );
#10622 = ORIENTED_EDGE('',*,*,#1578,.F.);
#10623 = ADVANCED_FACE('',(#10624),#1678,.T.);
#10624 = FACE_BOUND('',#10625,.T.);
#10625 = EDGE_LOOP('',(#10626,#10627,#10648,#10649,#10670,#10696,#10715,
    #10716));
#10626 = ORIENTED_EDGE('',*,*,#1662,.F.);
#10627 = ORIENTED_EDGE('',*,*,#10628,.T.);
#10628 = EDGE_CURVE('',#1635,#4266,#10629,.T.);
#10629 = SURFACE_CURVE('',#10630,(#10634,#10641),.PCURVE_S1.);
#10630 = LINE('',#10631,#10632);
#10631 = CARTESIAN_POINT('',(135.,62.,0.));
#10632 = VECTOR('',#10633,1.);
#10633 = DIRECTION('',(0.,0.,1.));
#10634 = PCURVE('',#1678,#10635);
#10635 = DEFINITIONAL_REPRESENTATION('',(#10636),#10640);
#10636 = LINE('',#10637,#10638);
#10637 = CARTESIAN_POINT('',(0.,0.));
#10638 = VECTOR('',#10639,1.);
#10639 = DIRECTION('',(0.,-1.));
#10640 = ( GEOMETRIC_REPRESENTATION_CONTEXT(2) 
PARAMETRIC_REPRESENTATION_CONTEXT() REPRESENTATION_CONTEXT('2D SPACE',''
  ) );
#10641 = PCURVE('',#1650,#10642);
#10642 = DEFINITIONAL_REPRESENTATION('',(#10643),#10647);
#10643 = LINE('',#10644,#10645);
#10644 = CARTESIAN_POINT('',(9.192388155425,0.));
#10645 = VECTOR('',#10646,1.);
#10646 = DIRECTION('',(0.,-1.));
#10647 = ( GEOMETRIC_REPRESENTATION_CONTEXT(2) 
PARAMETRIC_REPRESENTATION_CONTEXT() REPRESENTATION_CONTEXT('2D SPACE',''
  ) );
#10648 = ORIENTED_EDGE('',*,*,#4288,.T.);
#10649 = ORIENTED_EDGE('',*,*,#10650,.T.);
#10650 = EDGE_CURVE('',#4289,#10651,#10653,.T.);
#10651 = VERTEX_POINT('',#10652);
#10652 = CARTESIAN_POINT('',(135.,58.9,5.1));
#10653 = SURFACE_CURVE('',#10654,(#10658,#10664),.PCURVE_S1.);
#10654 = LINE('',#10655,#10656);
#10655 = CARTESIAN_POINT('',(135.,58.9,2.55));
#10656 = VECTOR('',#10657,1.);
#10657 = DIRECTION('',(0.,-0.,-1.));
#10658 = PCURVE('',#1678,#10659);
#10659 = DEFINITIONAL_REPRESENTATION('',(#10660),#10663);
#10660 = B_SPLINE_CURVE_WITH_KNOTS('',1,(#10661,#10662),.UNSPECIFIED.,
  .F.,.F.,(2,2),(-3.75,-2.55),.PIECEWISE_BEZIER_KNOTS.);
#10661 = CARTESIAN_POINT('',(3.1,-6.3));
#10662 = CARTESIAN_POINT('',(3.1,-5.1));
#10663 = ( GEOMETRIC_REPRESENTATION_CONTEXT(2) 
PARAMETRIC_REPRESENTATION_CONTEXT() REPRESENTATION_CONTEXT('2D SPACE',''
  ) );
#10664 = PCURVE('',#4326,#10665);
#10665 = DEFINITIONAL_REPRESENTATION('',(#10666),#10669);
#10666 = B_SPLINE_CURVE_WITH_KNOTS('',1,(#10667,#10668),.UNSPECIFIED.,
  .F.,.F.,(2,2),(-3.75,-2.55),.PIECEWISE_BEZIER_KNOTS.);
#10667 = CARTESIAN_POINT('',(5.,-1.2));
#10668 = CARTESIAN_POINT('',(5.,0.));
#10669 = ( GEOMETRIC_REPRESENTATION_CONTEXT(2) 
PARAMETRIC_REPRESENTATION_CONTEXT() REPRESENTATION_CONTEXT('2D SPACE',''
  ) );
#10670 = ORIENTED_EDGE('',*,*,#10671,.T.);
#10671 = EDGE_CURVE('',#10651,#10672,#10674,.T.);
#10672 = VERTEX_POINT('',#10673);
#10673 = CARTESIAN_POINT('',(135.,50.4,5.1));
#10674 = SURFACE_CURVE('',#10675,(#10679,#10685),.PCURVE_S1.);
#10675 = LINE('',#10676,#10677);
#10676 = CARTESIAN_POINT('',(135.,58.325,5.1));
#10677 = VECTOR('',#10678,1.);
#10678 = DIRECTION('',(0.,-1.,0.));
#10679 = PCURVE('',#1678,#10680);
#10680 = DEFINITIONAL_REPRESENTATION('',(#10681),#10684);
#10681 = B_SPLINE_CURVE_WITH_KNOTS('',1,(#10682,#10683),.UNSPECIFIED.,
  .F.,.F.,(2,2),(-0.575,7.925),.PIECEWISE_BEZIER_KNOTS.);
#10682 = CARTESIAN_POINT('',(3.1,-5.1));
#10683 = CARTESIAN_POINT('',(11.6,-5.1));
#10684 = ( GEOMETRIC_REPRESENTATION_CONTEXT(2) 
PARAMETRIC_REPRESENTATION_CONTEXT() REPRESENTATION_CONTEXT('2D SPACE',''
  ) );
#10685 = PCURVE('',#10686,#10691);
#10686 = PLANE('',#10687);
#10687 = AXIS2_PLACEMENT_3D('',#10688,#10689,#10690);
#10688 = CARTESIAN_POINT('',(134.15,54.65,5.1));
#10689 = DIRECTION('',(0.,0.,1.));
#10690 = DIRECTION('',(1.,0.,-0.));
#10691 = DEFINITIONAL_REPRESENTATION('',(#10692),#10695);
#10692 = B_SPLINE_CURVE_WITH_KNOTS('',1,(#10693,#10694),.UNSPECIFIED.,
  .F.,.F.,(2,2),(-0.575,7.925),.PIECEWISE_BEZIER_KNOTS.);
#10693 = CARTESIAN_POINT('',(0.85,4.25));
#10694 = CARTESIAN_POINT('',(0.85,-4.25));
#10695 = ( GEOMETRIC_REPRESENTATION_CONTEXT(2) 
PARAMETRIC_REPRESENTATION_CONTEXT() REPRESENTATION_CONTEXT('2D SPACE',''
  ) );
#10696 = ORIENTED_EDGE('',*,*,#10697,.T.);
#10697 = EDGE_CURVE('',#10672,#6959,#10698,.T.);
#10698 = SURFACE_CURVE('',#10699,(#10703,#10709),.PCURVE_S1.);
#10699 = LINE('',#10700,#10701);
#10700 = CARTESIAN_POINT('',(135.,50.4,2.55));
#10701 = VECTOR('',#10702,1.);
#10702 = DIRECTION('',(0.,-0.,1.));
#10703 = PCURVE('',#1678,#10704);
#10704 = DEFINITIONAL_REPRESENTATION('',(#10705),#10708);
#10705 = B_SPLINE_CURVE_WITH_KNOTS('',1,(#10706,#10707),.UNSPECIFIED.,
  .F.,.F.,(2,2),(2.55,3.75),.PIECEWISE_BEZIER_KNOTS.);
#10706 = CARTESIAN_POINT('',(11.6,-5.1));
#10707 = CARTESIAN_POINT('',(11.6,-6.3));
#10708 = ( GEOMETRIC_REPRESENTATION_CONTEXT(2) 
PARAMETRIC_REPRESENTATION_CONTEXT() REPRESENTATION_CONTEXT('2D SPACE',''
  ) );
#10709 = PCURVE('',#6973,#10710);
#10710 = DEFINITIONAL_REPRESENTATION('',(#10711),#10714);
#10711 = B_SPLINE_CURVE_WITH_KNOTS('',1,(#10712,#10713),.UNSPECIFIED.,
  .F.,.F.,(2,2),(2.55,3.75),.PIECEWISE_BEZIER_KNOTS.);
#10712 = CARTESIAN_POINT('',(6.7,0.));
#10713 = CARTESIAN_POINT('',(6.7,-1.2));
#10714 = ( GEOMETRIC_REPRESENTATION_CONTEXT(2) 
PARAMETRIC_REPRESENTATION_CONTEXT() REPRESENTATION_CONTEXT('2D SPACE',''
  ) );
#10715 = ORIENTED_EDGE('',*,*,#6984,.T.);
#10716 = ORIENTED_EDGE('',*,*,#10573,.F.);
#10717 = ADVANCED_FACE('',(#10718),#1622,.T.);
#10718 = FACE_BOUND('',#10719,.T.);
#10719 = EDGE_LOOP('',(#10720,#10721,#10722,#10743));
#10720 = ORIENTED_EDGE('',*,*,#10602,.T.);
#10721 = ORIENTED_EDGE('',*,*,#4242,.T.);
#10722 = ORIENTED_EDGE('',*,*,#10723,.F.);
#10723 = EDGE_CURVE('',#1607,#4243,#10724,.T.);
#10724 = SURFACE_CURVE('',#10725,(#10729,#10736),.PCURVE_S1.);
#10725 = LINE('',#10726,#10727);
#10726 = CARTESIAN_POINT('',(128.5,68.5,0.));
#10727 = VECTOR('',#10728,1.);
#10728 = DIRECTION('',(0.,0.,1.));
#10729 = PCURVE('',#1622,#10730);
#10730 = DEFINITIONAL_REPRESENTATION('',(#10731),#10735);
#10731 = LINE('',#10732,#10733);
#10732 = CARTESIAN_POINT('',(14.599955110856,0.));
#10733 = VECTOR('',#10734,1.);
#10734 = DIRECTION('',(0.,-1.));
#10735 = ( GEOMETRIC_REPRESENTATION_CONTEXT(2) 
PARAMETRIC_REPRESENTATION_CONTEXT() REPRESENTATION_CONTEXT('2D SPACE',''
  ) );
#10736 = PCURVE('',#1650,#10737);
#10737 = DEFINITIONAL_REPRESENTATION('',(#10738),#10742);
#10738 = LINE('',#10739,#10740);
#10739 = CARTESIAN_POINT('',(0.,0.));
#10740 = VECTOR('',#10741,1.);
#10741 = DIRECTION('',(0.,-1.));
#10742 = ( GEOMETRIC_REPRESENTATION_CONTEXT(2) 
PARAMETRIC_REPRESENTATION_CONTEXT() REPRESENTATION_CONTEXT('2D SPACE',''
  ) );
#10743 = ORIENTED_EDGE('',*,*,#1606,.F.);
#10744 = ADVANCED_FACE('',(#10745),#1650,.T.);
#10745 = FACE_BOUND('',#10746,.T.);
#10746 = EDGE_LOOP('',(#10747,#10748,#10749,#10750));
#10747 = ORIENTED_EDGE('',*,*,#10723,.T.);
#10748 = ORIENTED_EDGE('',*,*,#4265,.T.);
#10749 = ORIENTED_EDGE('',*,*,#10628,.F.);
#10750 = ORIENTED_EDGE('',*,*,#1634,.F.);
#10751 = ADVANCED_FACE('',(#10752),#3019,.F.);
#10752 = FACE_BOUND('',#10753,.T.);
#10753 = EDGE_LOOP('',(#10754,#10755,#10778,#10809));
#10754 = ORIENTED_EDGE('',*,*,#3002,.T.);
#10755 = ORIENTED_EDGE('',*,*,#10756,.T.);
#10756 = EDGE_CURVE('',#3003,#10757,#10759,.T.);
#10757 = VERTEX_POINT('',#10758);
#10758 = CARTESIAN_POINT('',(115.05,0.6,3.8));
#10759 = SEAM_CURVE('',#10760,(#10764,#10771),.PCURVE_S1.);
#10760 = LINE('',#10761,#10762);
#10761 = CARTESIAN_POINT('',(115.05,0.6,-0.1));
#10762 = VECTOR('',#10763,1.);
#10763 = DIRECTION('',(0.,0.,1.));
#10764 = PCURVE('',#3019,#10765);
#10765 = DEFINITIONAL_REPRESENTATION('',(#10766),#10770);
#10766 = LINE('',#10767,#10768);
#10767 = CARTESIAN_POINT('',(-6.28318530718,0.));
#10768 = VECTOR('',#10769,1.);
#10769 = DIRECTION('',(-0.,-1.));
#10770 = ( GEOMETRIC_REPRESENTATION_CONTEXT(2) 
PARAMETRIC_REPRESENTATION_CONTEXT() REPRESENTATION_CONTEXT('2D SPACE',''
  ) );
#10771 = PCURVE('',#3019,#10772);
#10772 = DEFINITIONAL_REPRESENTATION('',(#10773),#10777);
#10773 = LINE('',#10774,#10775);
#10774 = CARTESIAN_POINT('',(-0.,0.));
#10775 = VECTOR('',#10776,1.);
#10776 = DIRECTION('',(-0.,-1.));
#10777 = ( GEOMETRIC_REPRESENTATION_CONTEXT(2) 
PARAMETRIC_REPRESENTATION_CONTEXT() REPRESENTATION_CONTEXT('2D SPACE',''
  ) );
#10778 = ORIENTED_EDGE('',*,*,#10779,.F.);
#10779 = EDGE_CURVE('',#10757,#10757,#10780,.T.);
#10780 = SURFACE_CURVE('',#10781,(#10786,#10793),.PCURVE_S1.);
#10781 = CIRCLE('',#10782,0.85);
#10782 = AXIS2_PLACEMENT_3D('',#10783,#10784,#10785);
#10783 = CARTESIAN_POINT('',(114.2,0.6,3.8));
#10784 = DIRECTION('',(0.,0.,-1.));
#10785 = DIRECTION('',(1.,0.,0.));
#10786 = PCURVE('',#3019,#10787);
#10787 = DEFINITIONAL_REPRESENTATION('',(#10788),#10792);
#10788 = LINE('',#10789,#10790);
#10789 = CARTESIAN_POINT('',(-6.28318530718,-3.9));
#10790 = VECTOR('',#10791,1.);
#10791 = DIRECTION('',(1.,-0.));
#10792 = ( GEOMETRIC_REPRESENTATION_CONTEXT(2) 
PARAMETRIC_REPRESENTATION_CONTEXT() REPRESENTATION_CONTEXT('2D SPACE',''
  ) );
#10793 = PCURVE('',#10794,#10799);
#10794 = PLANE('',#10795);
#10795 = AXIS2_PLACEMENT_3D('',#10796,#10797,#10798);
#10796 = CARTESIAN_POINT('',(114.2,0.6,3.8));
#10797 = DIRECTION('',(0.,0.,1.));
#10798 = DIRECTION('',(1.,0.,-0.));
#10799 = DEFINITIONAL_REPRESENTATION('',(#10800),#10808);
#10800 = ( BOUNDED_CURVE() B_SPLINE_CURVE(2,(#10801,#10802,#10803,#10804
    ,#10805,#10806,#10807),.UNSPECIFIED.,.T.,.F.) 
B_SPLINE_CURVE_WITH_KNOTS((1,2,2,2,2,1),(-2.094395102393,0.,
    2.094395102393,4.188790204786,6.28318530718,8.377580409573),
.UNSPECIFIED.) CURVE() GEOMETRIC_REPRESENTATION_ITEM() 
RATIONAL_B_SPLINE_CURVE((1.,0.5,1.,0.5,1.,0.5,1.)) REPRESENTATION_ITEM(
  '') );
#10801 = CARTESIAN_POINT('',(0.85,-2.22044604925E-16));
#10802 = CARTESIAN_POINT('',(0.85,-1.472243186434));
#10803 = CARTESIAN_POINT('',(-0.425,-0.736121593217));
#10804 = CARTESIAN_POINT('',(-1.7,-4.302345607801E-16));
#10805 = CARTESIAN_POINT('',(-0.425,0.736121593217));
#10806 = CARTESIAN_POINT('',(0.85,1.472243186434));
#10807 = CARTESIAN_POINT('',(0.85,-2.22044604925E-16));
#10808 = ( GEOMETRIC_REPRESENTATION_CONTEXT(2) 
PARAMETRIC_REPRESENTATION_CONTEXT() REPRESENTATION_CONTEXT('2D SPACE',''
  ) );
#10809 = ORIENTED_EDGE('',*,*,#10756,.F.);
#10810 = ADVANCED_FACE('',(#10811),#3050,.F.);
#10811 = FACE_BOUND('',#10812,.T.);
#10812 = EDGE_LOOP('',(#10813,#10814,#10837,#10868));
#10813 = ORIENTED_EDGE('',*,*,#3033,.T.);
#10814 = ORIENTED_EDGE('',*,*,#10815,.T.);
#10815 = EDGE_CURVE('',#3034,#10816,#10818,.T.);
#10816 = VERTEX_POINT('',#10817);
#10817 = CARTESIAN_POINT('',(57.85,20.5,3.8));
#10818 = SEAM_CURVE('',#10819,(#10823,#10830),.PCURVE_S1.);
#10819 = LINE('',#10820,#10821);
#10820 = CARTESIAN_POINT('',(57.85,20.5,-0.1));
#10821 = VECTOR('',#10822,1.);
#10822 = DIRECTION('',(0.,0.,1.));
#10823 = PCURVE('',#3050,#10824);
#10824 = DEFINITIONAL_REPRESENTATION('',(#10825),#10829);
#10825 = LINE('',#10826,#10827);
#10826 = CARTESIAN_POINT('',(-6.28318530718,0.));
#10827 = VECTOR('',#10828,1.);
#10828 = DIRECTION('',(-0.,-1.));
#10829 = ( GEOMETRIC_REPRESENTATION_CONTEXT(2) 
PARAMETRIC_REPRESENTATION_CONTEXT() REPRESENTATION_CONTEXT('2D SPACE',''
  ) );
#10830 = PCURVE('',#3050,#10831);
#10831 = DEFINITIONAL_REPRESENTATION('',(#10832),#10836);
#10832 = LINE('',#10833,#10834);
#10833 = CARTESIAN_POINT('',(-0.,0.));
#10834 = VECTOR('',#10835,1.);
#10835 = DIRECTION('',(-0.,-1.));
#10836 = ( GEOMETRIC_REPRESENTATION_CONTEXT(2) 
PARAMETRIC_REPRESENTATION_CONTEXT() REPRESENTATION_CONTEXT('2D SPACE',''
  ) );
#10837 = ORIENTED_EDGE('',*,*,#10838,.F.);
#10838 = EDGE_CURVE('',#10816,#10816,#10839,.T.);
#10839 = SURFACE_CURVE('',#10840,(#10845,#10852),.PCURVE_S1.);
#10840 = CIRCLE('',#10841,0.85);
#10841 = AXIS2_PLACEMENT_3D('',#10842,#10843,#10844);
#10842 = CARTESIAN_POINT('',(57.,20.5,3.8));
#10843 = DIRECTION('',(0.,0.,-1.));
#10844 = DIRECTION('',(1.,0.,0.));
#10845 = PCURVE('',#3050,#10846);
#10846 = DEFINITIONAL_REPRESENTATION('',(#10847),#10851);
#10847 = LINE('',#10848,#10849);
#10848 = CARTESIAN_POINT('',(-6.28318530718,-3.9));
#10849 = VECTOR('',#10850,1.);
#10850 = DIRECTION('',(1.,-0.));
#10851 = ( GEOMETRIC_REPRESENTATION_CONTEXT(2) 
PARAMETRIC_REPRESENTATION_CONTEXT() REPRESENTATION_CONTEXT('2D SPACE',''
  ) );
#10852 = PCURVE('',#10853,#10858);
#10853 = PLANE('',#10854);
#10854 = AXIS2_PLACEMENT_3D('',#10855,#10856,#10857);
#10855 = CARTESIAN_POINT('',(57.,20.5,3.8));
#10856 = DIRECTION('',(0.,0.,1.));
#10857 = DIRECTION('',(1.,0.,-0.));
#10858 = DEFINITIONAL_REPRESENTATION('',(#10859),#10867);
#10859 = ( BOUNDED_CURVE() B_SPLINE_CURVE(2,(#10860,#10861,#10862,#10863
    ,#10864,#10865,#10866),.UNSPECIFIED.,.T.,.F.) 
B_SPLINE_CURVE_WITH_KNOTS((1,2,2,2,2,1),(-2.094395102393,0.,
    2.094395102393,4.188790204786,6.28318530718,8.377580409573),
.UNSPECIFIED.) CURVE() GEOMETRIC_REPRESENTATION_ITEM() 
RATIONAL_B_SPLINE_CURVE((1.,0.5,1.,0.5,1.,0.5,1.)) REPRESENTATION_ITEM(
  '') );
#10860 = CARTESIAN_POINT('',(0.85,0.));
#10861 = CARTESIAN_POINT('',(0.85,-1.472243186434));
#10862 = CARTESIAN_POINT('',(-0.425,-0.736121593217));
#10863 = CARTESIAN_POINT('',(-1.7,-2.081899558551E-16));
#10864 = CARTESIAN_POINT('',(-0.425,0.736121593217));
#10865 = CARTESIAN_POINT('',(0.85,1.472243186434));
#10866 = CARTESIAN_POINT('',(0.85,0.));
#10867 = ( GEOMETRIC_REPRESENTATION_CONTEXT(2) 
PARAMETRIC_REPRESENTATION_CONTEXT() REPRESENTATION_CONTEXT('2D SPACE',''
  ) );
#10868 = ORIENTED_EDGE('',*,*,#10815,.F.);
#10869 = ADVANCED_FACE('',(#10870),#3081,.F.);
#10870 = FACE_BOUND('',#10871,.T.);
#10871 = EDGE_LOOP('',(#10872,#10873,#10896,#10927));
#10872 = ORIENTED_EDGE('',*,*,#3064,.T.);
#10873 = ORIENTED_EDGE('',*,*,#10874,.T.);
#10874 = EDGE_CURVE('',#3065,#10875,#10877,.T.);
#10875 = VERTEX_POINT('',#10876);
#10876 = CARTESIAN_POINT('',(115.35,66.,3.8));
#10877 = SEAM_CURVE('',#10878,(#10882,#10889),.PCURVE_S1.);
#10878 = LINE('',#10879,#10880);
#10879 = CARTESIAN_POINT('',(115.35,66.,-0.1));
#10880 = VECTOR('',#10881,1.);
#10881 = DIRECTION('',(0.,0.,1.));
#10882 = PCURVE('',#3081,#10883);
#10883 = DEFINITIONAL_REPRESENTATION('',(#10884),#10888);
#10884 = LINE('',#10885,#10886);
#10885 = CARTESIAN_POINT('',(-6.28318530718,0.));
#10886 = VECTOR('',#10887,1.);
#10887 = DIRECTION('',(-0.,-1.));
#10888 = ( GEOMETRIC_REPRESENTATION_CONTEXT(2) 
PARAMETRIC_REPRESENTATION_CONTEXT() REPRESENTATION_CONTEXT('2D SPACE',''
  ) );
#10889 = PCURVE('',#3081,#10890);
#10890 = DEFINITIONAL_REPRESENTATION('',(#10891),#10895);
#10891 = LINE('',#10892,#10893);
#10892 = CARTESIAN_POINT('',(-0.,0.));
#10893 = VECTOR('',#10894,1.);
#10894 = DIRECTION('',(-0.,-1.));
#10895 = ( GEOMETRIC_REPRESENTATION_CONTEXT(2) 
PARAMETRIC_REPRESENTATION_CONTEXT() REPRESENTATION_CONTEXT('2D SPACE',''
  ) );
#10896 = ORIENTED_EDGE('',*,*,#10897,.F.);
#10897 = EDGE_CURVE('',#10875,#10875,#10898,.T.);
#10898 = SURFACE_CURVE('',#10899,(#10904,#10911),.PCURVE_S1.);
#10899 = CIRCLE('',#10900,0.85);
#10900 = AXIS2_PLACEMENT_3D('',#10901,#10902,#10903);
#10901 = CARTESIAN_POINT('',(114.5,66.,3.8));
#10902 = DIRECTION('',(0.,0.,-1.));
#10903 = DIRECTION('',(1.,0.,0.));
#10904 = PCURVE('',#3081,#10905);
#10905 = DEFINITIONAL_REPRESENTATION('',(#10906),#10910);
#10906 = LINE('',#10907,#10908);
#10907 = CARTESIAN_POINT('',(-6.28318530718,-3.9));
#10908 = VECTOR('',#10909,1.);
#10909 = DIRECTION('',(1.,-0.));
#10910 = ( GEOMETRIC_REPRESENTATION_CONTEXT(2) 
PARAMETRIC_REPRESENTATION_CONTEXT() REPRESENTATION_CONTEXT('2D SPACE',''
  ) );
#10911 = PCURVE('',#10912,#10917);
#10912 = PLANE('',#10913);
#10913 = AXIS2_PLACEMENT_3D('',#10914,#10915,#10916);
#10914 = CARTESIAN_POINT('',(114.5,66.,3.8));
#10915 = DIRECTION('',(0.,0.,1.));
#10916 = DIRECTION('',(1.,0.,-0.));
#10917 = DEFINITIONAL_REPRESENTATION('',(#10918),#10926);
#10918 = ( BOUNDED_CURVE() B_SPLINE_CURVE(2,(#10919,#10920,#10921,#10922
    ,#10923,#10924,#10925),.UNSPECIFIED.,.T.,.F.) 
B_SPLINE_CURVE_WITH_KNOTS((1,2,2,2,2,1),(-2.094395102393,0.,
    2.094395102393,4.188790204786,6.28318530718,8.377580409573),
.UNSPECIFIED.) CURVE() GEOMETRIC_REPRESENTATION_ITEM() 
RATIONAL_B_SPLINE_CURVE((1.,0.5,1.,0.5,1.,0.5,1.)) REPRESENTATION_ITEM(
  '') );
#10919 = CARTESIAN_POINT('',(0.85,0.));
#10920 = CARTESIAN_POINT('',(0.85,-1.472243186434));
#10921 = CARTESIAN_POINT('',(-0.425,-0.736121593217));
#10922 = CARTESIAN_POINT('',(-1.7,-2.081899558551E-16));
#10923 = CARTESIAN_POINT('',(-0.425,0.736121593217));
#10924 = CARTESIAN_POINT('',(0.85,1.472243186434));
#10925 = CARTESIAN_POINT('',(0.85,0.));
#10926 = ( GEOMETRIC_REPRESENTATION_CONTEXT(2) 
PARAMETRIC_REPRESENTATION_CONTEXT() REPRESENTATION_CONTEXT('2D SPACE',''
  ) );
#10927 = ORIENTED_EDGE('',*,*,#10874,.F.);
#10928 = ADVANCED_FACE('',(#10929),#3112,.F.);
#10929 = FACE_BOUND('',#10930,.T.);
#10930 = EDGE_LOOP('',(#10931,#10932,#10955,#10986));
#10931 = ORIENTED_EDGE('',*,*,#3095,.T.);
#10932 = ORIENTED_EDGE('',*,*,#10933,.T.);
#10933 = EDGE_CURVE('',#3096,#10934,#10936,.T.);
#10934 = VERTEX_POINT('',#10935);
#10935 = CARTESIAN_POINT('',(21.85,37.5,3.8));
#10936 = SEAM_CURVE('',#10937,(#10941,#10948),.PCURVE_S1.);
#10937 = LINE('',#10938,#10939);
#10938 = CARTESIAN_POINT('',(21.85,37.5,-0.1));
#10939 = VECTOR('',#10940,1.);
#10940 = DIRECTION('',(0.,0.,1.));
#10941 = PCURVE('',#3112,#10942);
#10942 = DEFINITIONAL_REPRESENTATION('',(#10943),#10947);
#10943 = LINE('',#10944,#10945);
#10944 = CARTESIAN_POINT('',(-6.28318530718,0.));
#10945 = VECTOR('',#10946,1.);
#10946 = DIRECTION('',(-0.,-1.));
#10947 = ( GEOMETRIC_REPRESENTATION_CONTEXT(2) 
PARAMETRIC_REPRESENTATION_CONTEXT() REPRESENTATION_CONTEXT('2D SPACE',''
  ) );
#10948 = PCURVE('',#3112,#10949);
#10949 = DEFINITIONAL_REPRESENTATION('',(#10950),#10954);
#10950 = LINE('',#10951,#10952);
#10951 = CARTESIAN_POINT('',(-0.,0.));
#10952 = VECTOR('',#10953,1.);
#10953 = DIRECTION('',(-0.,-1.));
#10954 = ( GEOMETRIC_REPRESENTATION_CONTEXT(2) 
PARAMETRIC_REPRESENTATION_CONTEXT() REPRESENTATION_CONTEXT('2D SPACE',''
  ) );
#10955 = ORIENTED_EDGE('',*,*,#10956,.F.);
#10956 = EDGE_CURVE('',#10934,#10934,#10957,.T.);
#10957 = SURFACE_CURVE('',#10958,(#10963,#10970),.PCURVE_S1.);
#10958 = CIRCLE('',#10959,0.85);
#10959 = AXIS2_PLACEMENT_3D('',#10960,#10961,#10962);
#10960 = CARTESIAN_POINT('',(21.,37.5,3.8));
#10961 = DIRECTION('',(0.,0.,-1.));
#10962 = DIRECTION('',(1.,0.,0.));
#10963 = PCURVE('',#3112,#10964);
#10964 = DEFINITIONAL_REPRESENTATION('',(#10965),#10969);
#10965 = LINE('',#10966,#10967);
#10966 = CARTESIAN_POINT('',(-6.28318530718,-3.9));
#10967 = VECTOR('',#10968,1.);
#10968 = DIRECTION('',(1.,-0.));
#10969 = ( GEOMETRIC_REPRESENTATION_CONTEXT(2) 
PARAMETRIC_REPRESENTATION_CONTEXT() REPRESENTATION_CONTEXT('2D SPACE',''
  ) );
#10970 = PCURVE('',#10971,#10976);
#10971 = PLANE('',#10972);
#10972 = AXIS2_PLACEMENT_3D('',#10973,#10974,#10975);
#10973 = CARTESIAN_POINT('',(21.,37.5,3.8));
#10974 = DIRECTION('',(0.,0.,1.));
#10975 = DIRECTION('',(1.,0.,-0.));
#10976 = DEFINITIONAL_REPRESENTATION('',(#10977),#10985);
#10977 = ( BOUNDED_CURVE() B_SPLINE_CURVE(2,(#10978,#10979,#10980,#10981
    ,#10982,#10983,#10984),.UNSPECIFIED.,.T.,.F.) 
B_SPLINE_CURVE_WITH_KNOTS((1,2,2,2,2,1),(-2.094395102393,0.,
    2.094395102393,4.188790204786,6.28318530718,8.377580409573),
.UNSPECIFIED.) CURVE() GEOMETRIC_REPRESENTATION_ITEM() 
RATIONAL_B_SPLINE_CURVE((1.,0.5,1.,0.5,1.,0.5,1.)) REPRESENTATION_ITEM(
  '') );
#10978 = CARTESIAN_POINT('',(0.85,0.));
#10979 = CARTESIAN_POINT('',(0.85,-1.472243186434));
#10980 = CARTESIAN_POINT('',(-0.425,-0.736121593217));
#10981 = CARTESIAN_POINT('',(-1.7,-2.081899558551E-16));
#10982 = CARTESIAN_POINT('',(-0.425,0.736121593217));
#10983 = CARTESIAN_POINT('',(0.85,1.472243186434));
#10984 = CARTESIAN_POINT('',(0.85,0.));
#10985 = ( GEOMETRIC_REPRESENTATION_CONTEXT(2) 
PARAMETRIC_REPRESENTATION_CONTEXT() REPRESENTATION_CONTEXT('2D SPACE',''
  ) );
#10986 = ORIENTED_EDGE('',*,*,#10933,.F.);
#10987 = ADVANCED_FACE('',(#10988),#3143,.F.);
#10988 = FACE_BOUND('',#10989,.T.);
#10989 = EDGE_LOOP('',(#10990,#10991,#11014,#11045));
#10990 = ORIENTED_EDGE('',*,*,#3126,.T.);
#10991 = ORIENTED_EDGE('',*,*,#10992,.T.);
#10992 = EDGE_CURVE('',#3127,#10993,#10995,.T.);
#10993 = VERTEX_POINT('',#10994);
#10994 = CARTESIAN_POINT('',(42.05,66.6,3.8));
#10995 = SEAM_CURVE('',#10996,(#11000,#11007),.PCURVE_S1.);
#10996 = LINE('',#10997,#10998);
#10997 = CARTESIAN_POINT('',(42.05,66.6,-0.1));
#10998 = VECTOR('',#10999,1.);
#10999 = DIRECTION('',(0.,0.,1.));
#11000 = PCURVE('',#3143,#11001);
#11001 = DEFINITIONAL_REPRESENTATION('',(#11002),#11006);
#11002 = LINE('',#11003,#11004);
#11003 = CARTESIAN_POINT('',(-6.28318530718,0.));
#11004 = VECTOR('',#11005,1.);
#11005 = DIRECTION('',(-0.,-1.));
#11006 = ( GEOMETRIC_REPRESENTATION_CONTEXT(2) 
PARAMETRIC_REPRESENTATION_CONTEXT() REPRESENTATION_CONTEXT('2D SPACE',''
  ) );
#11007 = PCURVE('',#3143,#11008);
#11008 = DEFINITIONAL_REPRESENTATION('',(#11009),#11013);
#11009 = LINE('',#11010,#11011);
#11010 = CARTESIAN_POINT('',(-0.,0.));
#11011 = VECTOR('',#11012,1.);
#11012 = DIRECTION('',(-0.,-1.));
#11013 = ( GEOMETRIC_REPRESENTATION_CONTEXT(2) 
PARAMETRIC_REPRESENTATION_CONTEXT() REPRESENTATION_CONTEXT('2D SPACE',''
  ) );
#11014 = ORIENTED_EDGE('',*,*,#11015,.F.);
#11015 = EDGE_CURVE('',#10993,#10993,#11016,.T.);
#11016 = SURFACE_CURVE('',#11017,(#11022,#11029),.PCURVE_S1.);
#11017 = CIRCLE('',#11018,0.85);
#11018 = AXIS2_PLACEMENT_3D('',#11019,#11020,#11021);
#11019 = CARTESIAN_POINT('',(41.2,66.6,3.8));
#11020 = DIRECTION('',(0.,0.,-1.));
#11021 = DIRECTION('',(1.,0.,0.));
#11022 = PCURVE('',#3143,#11023);
#11023 = DEFINITIONAL_REPRESENTATION('',(#11024),#11028);
#11024 = LINE('',#11025,#11026);
#11025 = CARTESIAN_POINT('',(-6.28318530718,-3.9));
#11026 = VECTOR('',#11027,1.);
#11027 = DIRECTION('',(1.,-0.));
#11028 = ( GEOMETRIC_REPRESENTATION_CONTEXT(2) 
PARAMETRIC_REPRESENTATION_CONTEXT() REPRESENTATION_CONTEXT('2D SPACE',''
  ) );
#11029 = PCURVE('',#11030,#11035);
#11030 = PLANE('',#11031);
#11031 = AXIS2_PLACEMENT_3D('',#11032,#11033,#11034);
#11032 = CARTESIAN_POINT('',(41.2,66.6,3.8));
#11033 = DIRECTION('',(0.,0.,1.));
#11034 = DIRECTION('',(1.,0.,-0.));
#11035 = DEFINITIONAL_REPRESENTATION('',(#11036),#11044);
#11036 = ( BOUNDED_CURVE() B_SPLINE_CURVE(2,(#11037,#11038,#11039,#11040
    ,#11041,#11042,#11043),.UNSPECIFIED.,.T.,.F.) 
B_SPLINE_CURVE_WITH_KNOTS((1,2,2,2,2,1),(-2.094395102393,0.,
    2.094395102393,4.188790204786,6.28318530718,8.377580409573),
.UNSPECIFIED.) CURVE() GEOMETRIC_REPRESENTATION_ITEM() 
RATIONAL_B_SPLINE_CURVE((1.,0.5,1.,0.5,1.,0.5,1.)) REPRESENTATION_ITEM(
  '') );
#11037 = CARTESIAN_POINT('',(0.85,0.));
#11038 = CARTESIAN_POINT('',(0.85,-1.472243186434));
#11039 = CARTESIAN_POINT('',(-0.425,-0.736121593217));
#11040 = CARTESIAN_POINT('',(-1.7,-2.081899558551E-16));
#11041 = CARTESIAN_POINT('',(-0.425,0.736121593217));
#11042 = CARTESIAN_POINT('',(0.85,1.472243186434));
#11043 = CARTESIAN_POINT('',(0.85,0.));
#11044 = ( GEOMETRIC_REPRESENTATION_CONTEXT(2) 
PARAMETRIC_REPRESENTATION_CONTEXT() REPRESENTATION_CONTEXT('2D SPACE',''
  ) );
#11045 = ORIENTED_EDGE('',*,*,#10992,.F.);
#11046 = ADVANCED_FACE('',(#11047),#6973,.T.);
#11047 = FACE_BOUND('',#11048,.T.);
#11048 = EDGE_LOOP('',(#11049,#11072,#11091,#11092));
#11049 = ORIENTED_EDGE('',*,*,#11050,.F.);
#11050 = EDGE_CURVE('',#11051,#10672,#11053,.T.);
#11051 = VERTEX_POINT('',#11052);
#11052 = CARTESIAN_POINT('',(133.2,50.4,5.1));
#11053 = SURFACE_CURVE('',#11054,(#11058,#11065),.PCURVE_S1.);
#11054 = LINE('',#11055,#11056);
#11055 = CARTESIAN_POINT('',(128.3,50.4,5.1));
#11056 = VECTOR('',#11057,1.);
#11057 = DIRECTION('',(1.,0.,0.));
#11058 = PCURVE('',#6973,#11059);
#11059 = DEFINITIONAL_REPRESENTATION('',(#11060),#11064);
#11060 = LINE('',#11061,#11062);
#11061 = CARTESIAN_POINT('',(0.,0.));
#11062 = VECTOR('',#11063,1.);
#11063 = DIRECTION('',(1.,0.));
#11064 = ( GEOMETRIC_REPRESENTATION_CONTEXT(2) 
PARAMETRIC_REPRESENTATION_CONTEXT() REPRESENTATION_CONTEXT('2D SPACE',''
  ) );
#11065 = PCURVE('',#10686,#11066);
#11066 = DEFINITIONAL_REPRESENTATION('',(#11067),#11071);
#11067 = LINE('',#11068,#11069);
#11068 = CARTESIAN_POINT('',(-5.85,-4.25));
#11069 = VECTOR('',#11070,1.);
#11070 = DIRECTION('',(1.,0.));
#11071 = ( GEOMETRIC_REPRESENTATION_CONTEXT(2) 
PARAMETRIC_REPRESENTATION_CONTEXT() REPRESENTATION_CONTEXT('2D SPACE',''
  ) );
#11072 = ORIENTED_EDGE('',*,*,#11073,.T.);
#11073 = EDGE_CURVE('',#11051,#6938,#11074,.T.);
#11074 = SURFACE_CURVE('',#11075,(#11079,#11085),.PCURVE_S1.);
#11075 = LINE('',#11076,#11077);
#11076 = CARTESIAN_POINT('',(133.2,50.4,3.25));
#11077 = VECTOR('',#11078,1.);
#11078 = DIRECTION('',(0.,-0.,1.));
#11079 = PCURVE('',#6973,#11080);
#11080 = DEFINITIONAL_REPRESENTATION('',(#11081),#11084);
#11081 = B_SPLINE_CURVE_WITH_KNOTS('',1,(#11082,#11083),.UNSPECIFIED.,
  .F.,.F.,(2,2),(1.85,3.05),.PIECEWISE_BEZIER_KNOTS.);
#11082 = CARTESIAN_POINT('',(4.9,0.));
#11083 = CARTESIAN_POINT('',(4.9,-1.2));
#11084 = ( GEOMETRIC_REPRESENTATION_CONTEXT(2) 
PARAMETRIC_REPRESENTATION_CONTEXT() REPRESENTATION_CONTEXT('2D SPACE',''
  ) );
#11085 = PCURVE('',#4352,#11086);
#11086 = DEFINITIONAL_REPRESENTATION('',(#11087),#11090);
#11087 = B_SPLINE_CURVE_WITH_KNOTS('',1,(#11088,#11089),.UNSPECIFIED.,
  .F.,.F.,(2,2),(1.85,3.05),.PIECEWISE_BEZIER_KNOTS.);
#11088 = CARTESIAN_POINT('',(10.854415587728,-3.7));
#11089 = CARTESIAN_POINT('',(10.854415587728,-4.9));
#11090 = ( GEOMETRIC_REPRESENTATION_CONTEXT(2) 
PARAMETRIC_REPRESENTATION_CONTEXT() REPRESENTATION_CONTEXT('2D SPACE',''
  ) );
#11091 = ORIENTED_EDGE('',*,*,#6958,.T.);
#11092 = ORIENTED_EDGE('',*,*,#10697,.F.);
#11093 = ADVANCED_FACE('',(#11094),#4352,.F.);
#11094 = FACE_BOUND('',#11095,.F.);
#11095 = EDGE_LOOP('',(#11096,#11126,#11147,#11148,#11169,#11188,#11189,
    #11190));
#11096 = ORIENTED_EDGE('',*,*,#11097,.F.);
#11097 = EDGE_CURVE('',#11098,#11100,#11102,.T.);
#11098 = VERTEX_POINT('',#11099);
#11099 = CARTESIAN_POINT('',(133.2,61.254415587728,1.4));
#11100 = VERTEX_POINT('',#11101);
#11101 = CARTESIAN_POINT('',(133.2,1.595584412272,1.4));
#11102 = SURFACE_CURVE('',#11103,(#11107,#11114),.PCURVE_S1.);
#11103 = LINE('',#11104,#11105);
#11104 = CARTESIAN_POINT('',(133.2,61.254415587728,1.4));
#11105 = VECTOR('',#11106,1.);
#11106 = DIRECTION('',(0.,-1.,0.));
#11107 = PCURVE('',#4352,#11108);
#11108 = DEFINITIONAL_REPRESENTATION('',(#11109),#11113);
#11109 = LINE('',#11110,#11111);
#11110 = CARTESIAN_POINT('',(0.,0.));
#11111 = VECTOR('',#11112,1.);
#11112 = DIRECTION('',(1.,0.));
#11113 = ( GEOMETRIC_REPRESENTATION_CONTEXT(2) 
PARAMETRIC_REPRESENTATION_CONTEXT() REPRESENTATION_CONTEXT('2D SPACE',''
  ) );
#11114 = PCURVE('',#11115,#11120);
#11115 = PLANE('',#11116);
#11116 = AXIS2_PLACEMENT_3D('',#11117,#11118,#11119);
#11117 = CARTESIAN_POINT('',(83.949047774191,43.558274562995,1.4));
#11118 = DIRECTION('',(-0.,-0.,-1.));
#11119 = DIRECTION('',(-1.,0.,0.));
#11120 = DEFINITIONAL_REPRESENTATION('',(#11121),#11125);
#11121 = LINE('',#11122,#11123);
#11122 = CARTESIAN_POINT('',(-49.2509522258,17.696141024734));
#11123 = VECTOR('',#11124,1.);
#11124 = DIRECTION('',(0.,-1.));
#11125 = ( GEOMETRIC_REPRESENTATION_CONTEXT(2) 
PARAMETRIC_REPRESENTATION_CONTEXT() REPRESENTATION_CONTEXT('2D SPACE',''
  ) );
#11126 = ORIENTED_EDGE('',*,*,#11127,.T.);
#11127 = EDGE_CURVE('',#11098,#4338,#11128,.T.);
#11128 = SURFACE_CURVE('',#11129,(#11133,#11140),.PCURVE_S1.);
#11129 = LINE('',#11130,#11131);
#11130 = CARTESIAN_POINT('',(133.2,61.254415587728,1.4));
#11131 = VECTOR('',#11132,1.);
#11132 = DIRECTION('',(0.,0.,1.));
#11133 = PCURVE('',#4352,#11134);
#11134 = DEFINITIONAL_REPRESENTATION('',(#11135),#11139);
#11135 = LINE('',#11136,#11137);
#11136 = CARTESIAN_POINT('',(0.,0.));
#11137 = VECTOR('',#11138,1.);
#11138 = DIRECTION('',(0.,-1.));
#11139 = ( GEOMETRIC_REPRESENTATION_CONTEXT(2) 
PARAMETRIC_REPRESENTATION_CONTEXT() REPRESENTATION_CONTEXT('2D SPACE',''
  ) );
#11140 = PCURVE('',#4378,#11141);
#11141 = DEFINITIONAL_REPRESENTATION('',(#11142),#11146);
#11142 = LINE('',#11143,#11144);
#11143 = CARTESIAN_POINT('',(12.792388155425,0.));
#11144 = VECTOR('',#11145,1.);
#11145 = DIRECTION('',(0.,-1.));
#11146 = ( GEOMETRIC_REPRESENTATION_CONTEXT(2) 
PARAMETRIC_REPRESENTATION_CONTEXT() REPRESENTATION_CONTEXT('2D SPACE',''
  ) );
#11147 = ORIENTED_EDGE('',*,*,#4337,.T.);
#11148 = ORIENTED_EDGE('',*,*,#11149,.T.);
#11149 = EDGE_CURVE('',#4312,#11150,#11152,.T.);
#11150 = VERTEX_POINT('',#11151);
#11151 = CARTESIAN_POINT('',(133.2,58.9,5.1));
#11152 = SURFACE_CURVE('',#11153,(#11157,#11163),.PCURVE_S1.);
#11153 = LINE('',#11154,#11155);
#11154 = CARTESIAN_POINT('',(133.2,58.9,3.25));
#11155 = VECTOR('',#11156,1.);
#11156 = DIRECTION('',(0.,-0.,-1.));
#11157 = PCURVE('',#4352,#11158);
#11158 = DEFINITIONAL_REPRESENTATION('',(#11159),#11162);
#11159 = B_SPLINE_CURVE_WITH_KNOTS('',1,(#11160,#11161),.UNSPECIFIED.,
  .F.,.F.,(2,2),(-3.05,-1.85),.PIECEWISE_BEZIER_KNOTS.);
#11160 = CARTESIAN_POINT('',(2.354415587728,-4.9));
#11161 = CARTESIAN_POINT('',(2.354415587728,-3.7));
#11162 = ( GEOMETRIC_REPRESENTATION_CONTEXT(2) 
PARAMETRIC_REPRESENTATION_CONTEXT() REPRESENTATION_CONTEXT('2D SPACE',''
  ) );
#11163 = PCURVE('',#4326,#11164);
#11164 = DEFINITIONAL_REPRESENTATION('',(#11165),#11168);
#11165 = B_SPLINE_CURVE_WITH_KNOTS('',1,(#11166,#11167),.UNSPECIFIED.,
  .F.,.F.,(2,2),(-3.05,-1.85),.PIECEWISE_BEZIER_KNOTS.);
#11166 = CARTESIAN_POINT('',(6.8,-1.2));
#11167 = CARTESIAN_POINT('',(6.8,0.));
#11168 = ( GEOMETRIC_REPRESENTATION_CONTEXT(2) 
PARAMETRIC_REPRESENTATION_CONTEXT() REPRESENTATION_CONTEXT('2D SPACE',''
  ) );
#11169 = ORIENTED_EDGE('',*,*,#11170,.T.);
#11170 = EDGE_CURVE('',#11150,#11051,#11171,.T.);
#11171 = SURFACE_CURVE('',#11172,(#11176,#11182),.PCURVE_S1.);
#11172 = LINE('',#11173,#11174);
#11173 = CARTESIAN_POINT('',(133.2,57.952207793864,5.1));
#11174 = VECTOR('',#11175,1.);
#11175 = DIRECTION('',(0.,-1.,0.));
#11176 = PCURVE('',#4352,#11177);
#11177 = DEFINITIONAL_REPRESENTATION('',(#11178),#11181);
#11178 = B_SPLINE_CURVE_WITH_KNOTS('',1,(#11179,#11180),.UNSPECIFIED.,
  .F.,.F.,(2,2),(-0.947792206136,7.552207793864),
  .PIECEWISE_BEZIER_KNOTS.);
#11179 = CARTESIAN_POINT('',(2.354415587728,-3.7));
#11180 = CARTESIAN_POINT('',(10.854415587728,-3.7));
#11181 = ( GEOMETRIC_REPRESENTATION_CONTEXT(2) 
PARAMETRIC_REPRESENTATION_CONTEXT() REPRESENTATION_CONTEXT('2D SPACE',''
  ) );
#11182 = PCURVE('',#10686,#11183);
#11183 = DEFINITIONAL_REPRESENTATION('',(#11184),#11187);
#11184 = B_SPLINE_CURVE_WITH_KNOTS('',1,(#11185,#11186),.UNSPECIFIED.,
  .F.,.F.,(2,2),(-0.947792206136,7.552207793864),
  .PIECEWISE_BEZIER_KNOTS.);
#11185 = CARTESIAN_POINT('',(-0.95,4.25));
#11186 = CARTESIAN_POINT('',(-0.95,-4.25));
#11187 = ( GEOMETRIC_REPRESENTATION_CONTEXT(2) 
PARAMETRIC_REPRESENTATION_CONTEXT() REPRESENTATION_CONTEXT('2D SPACE',''
  ) );
#11188 = ORIENTED_EDGE('',*,*,#11073,.T.);
#11189 = ORIENTED_EDGE('',*,*,#6937,.T.);
#11190 = ORIENTED_EDGE('',*,*,#11191,.F.);
#11191 = EDGE_CURVE('',#11100,#6912,#11192,.T.);
#11192 = SURFACE_CURVE('',#11193,(#11197,#11204),.PCURVE_S1.);
#11193 = LINE('',#11194,#11195);
#11194 = CARTESIAN_POINT('',(133.2,1.595584412272,1.4));
#11195 = VECTOR('',#11196,1.);
#11196 = DIRECTION('',(0.,0.,1.));
#11197 = PCURVE('',#4352,#11198);
#11198 = DEFINITIONAL_REPRESENTATION('',(#11199),#11203);
#11199 = LINE('',#11200,#11201);
#11200 = CARTESIAN_POINT('',(59.658831175457,0.));
#11201 = VECTOR('',#11202,1.);
#11202 = DIRECTION('',(0.,-1.));
#11203 = ( GEOMETRIC_REPRESENTATION_CONTEXT(2) 
PARAMETRIC_REPRESENTATION_CONTEXT() REPRESENTATION_CONTEXT('2D SPACE',''
  ) );
#11204 = PCURVE('',#6926,#11205);
#11205 = DEFINITIONAL_REPRESENTATION('',(#11206),#11210);
#11206 = LINE('',#11207,#11208);
#11207 = CARTESIAN_POINT('',(0.,0.));
#11208 = VECTOR('',#11209,1.);
#11209 = DIRECTION('',(0.,-1.));
#11210 = ( GEOMETRIC_REPRESENTATION_CONTEXT(2) 
PARAMETRIC_REPRESENTATION_CONTEXT() REPRESENTATION_CONTEXT('2D SPACE',''
  ) );
#11211 = ADVANCED_FACE('',(#11212),#6926,.F.);
#11212 = FACE_BOUND('',#11213,.F.);
#11213 = EDGE_LOOP('',(#11214,#11237,#11238,#11239));
#11214 = ORIENTED_EDGE('',*,*,#11215,.F.);
#11215 = EDGE_CURVE('',#11100,#11216,#11218,.T.);
#11216 = VERTEX_POINT('',#11217);
#11217 = CARTESIAN_POINT('',(130.25441558772,-1.35,1.4));
#11218 = SURFACE_CURVE('',#11219,(#11223,#11230),.PCURVE_S1.);
#11219 = LINE('',#11220,#11221);
#11220 = CARTESIAN_POINT('',(133.2,1.595584412272,1.4));
#11221 = VECTOR('',#11222,1.);
#11222 = DIRECTION('',(-0.707106781187,-0.707106781187,0.));
#11223 = PCURVE('',#6926,#11224);
#11224 = DEFINITIONAL_REPRESENTATION('',(#11225),#11229);
#11225 = LINE('',#11226,#11227);
#11226 = CARTESIAN_POINT('',(0.,0.));
#11227 = VECTOR('',#11228,1.);
#11228 = DIRECTION('',(1.,0.));
#11229 = ( GEOMETRIC_REPRESENTATION_CONTEXT(2) 
PARAMETRIC_REPRESENTATION_CONTEXT() REPRESENTATION_CONTEXT('2D SPACE',''
  ) );
#11230 = PCURVE('',#11115,#11231);
#11231 = DEFINITIONAL_REPRESENTATION('',(#11232),#11236);
#11232 = LINE('',#11233,#11234);
#11233 = CARTESIAN_POINT('',(-49.2509522258,-41.96269015072));
#11234 = VECTOR('',#11235,1.);
#11235 = DIRECTION('',(0.707106781187,-0.707106781187));
#11236 = ( GEOMETRIC_REPRESENTATION_CONTEXT(2) 
PARAMETRIC_REPRESENTATION_CONTEXT() REPRESENTATION_CONTEXT('2D SPACE',''
  ) );
#11237 = ORIENTED_EDGE('',*,*,#11191,.T.);
#11238 = ORIENTED_EDGE('',*,*,#6911,.T.);
#11239 = ORIENTED_EDGE('',*,*,#11240,.F.);
#11240 = EDGE_CURVE('',#11216,#6886,#11241,.T.);
#11241 = SURFACE_CURVE('',#11242,(#11246,#11253),.PCURVE_S1.);
#11242 = LINE('',#11243,#11244);
#11243 = CARTESIAN_POINT('',(130.25441558772,-1.35,1.4));
#11244 = VECTOR('',#11245,1.);
#11245 = DIRECTION('',(0.,0.,1.));
#11246 = PCURVE('',#6926,#11247);
#11247 = DEFINITIONAL_REPRESENTATION('',(#11248),#11252);
#11248 = LINE('',#11249,#11250);
#11249 = CARTESIAN_POINT('',(4.165685424949,0.));
#11250 = VECTOR('',#11251,1.);
#11251 = DIRECTION('',(0.,-1.));
#11252 = ( GEOMETRIC_REPRESENTATION_CONTEXT(2) 
PARAMETRIC_REPRESENTATION_CONTEXT() REPRESENTATION_CONTEXT('2D SPACE',''
  ) );
#11253 = PCURVE('',#6900,#11254);
#11254 = DEFINITIONAL_REPRESENTATION('',(#11255),#11259);
#11255 = LINE('',#11256,#11257);
#11256 = CARTESIAN_POINT('',(0.,-0.));
#11257 = VECTOR('',#11258,1.);
#11258 = DIRECTION('',(0.,-1.));
#11259 = ( GEOMETRIC_REPRESENTATION_CONTEXT(2) 
PARAMETRIC_REPRESENTATION_CONTEXT() REPRESENTATION_CONTEXT('2D SPACE',''
  ) );
#11260 = ADVANCED_FACE('',(#11261),#6900,.F.);
#11261 = FACE_BOUND('',#11262,.F.);
#11262 = EDGE_LOOP('',(#11263,#11286,#11287,#11288,#11311,#11339,#11365,
    #11386));
#11263 = ORIENTED_EDGE('',*,*,#11264,.F.);
#11264 = EDGE_CURVE('',#11216,#11265,#11267,.T.);
#11265 = VERTEX_POINT('',#11266);
#11266 = CARTESIAN_POINT('',(114.9794228634,-1.35,1.4));
#11267 = SURFACE_CURVE('',#11268,(#11272,#11279),.PCURVE_S1.);
#11268 = LINE('',#11269,#11270);
#11269 = CARTESIAN_POINT('',(130.25441558772,-1.35,1.4));
#11270 = VECTOR('',#11271,1.);
#11271 = DIRECTION('',(-1.,0.,0.));
#11272 = PCURVE('',#6900,#11273);
#11273 = DEFINITIONAL_REPRESENTATION('',(#11274),#11278);
#11274 = LINE('',#11275,#11276);
#11275 = CARTESIAN_POINT('',(0.,-0.));
#11276 = VECTOR('',#11277,1.);
#11277 = DIRECTION('',(1.,0.));
#11278 = ( GEOMETRIC_REPRESENTATION_CONTEXT(2) 
PARAMETRIC_REPRESENTATION_CONTEXT() REPRESENTATION_CONTEXT('2D SPACE',''
  ) );
#11279 = PCURVE('',#11115,#11280);
#11280 = DEFINITIONAL_REPRESENTATION('',(#11281),#11285);
#11281 = LINE('',#11282,#11283);
#11282 = CARTESIAN_POINT('',(-46.30536781353,-44.90827456299));
#11283 = VECTOR('',#11284,1.);
#11284 = DIRECTION('',(1.,0.));
#11285 = ( GEOMETRIC_REPRESENTATION_CONTEXT(2) 
PARAMETRIC_REPRESENTATION_CONTEXT() REPRESENTATION_CONTEXT('2D SPACE',''
  ) );
#11286 = ORIENTED_EDGE('',*,*,#11240,.T.);
#11287 = ORIENTED_EDGE('',*,*,#6885,.T.);
#11288 = ORIENTED_EDGE('',*,*,#11289,.F.);
#11289 = EDGE_CURVE('',#11290,#6860,#11292,.T.);
#11290 = VERTEX_POINT('',#11291);
#11291 = CARTESIAN_POINT('',(112.8,-1.35,1.4));
#11292 = SURFACE_CURVE('',#11293,(#11297,#11304),.PCURVE_S1.);
#11293 = LINE('',#11294,#11295);
#11294 = CARTESIAN_POINT('',(112.8,-1.35,1.4));
#11295 = VECTOR('',#11296,1.);
#11296 = DIRECTION('',(0.,0.,1.));
#11297 = PCURVE('',#6900,#11298);
#11298 = DEFINITIONAL_REPRESENTATION('',(#11299),#11303);
#11299 = LINE('',#11300,#11301);
#11300 = CARTESIAN_POINT('',(17.454415587728,0.));
#11301 = VECTOR('',#11302,1.);
#11302 = DIRECTION('',(0.,-1.));
#11303 = ( GEOMETRIC_REPRESENTATION_CONTEXT(2) 
PARAMETRIC_REPRESENTATION_CONTEXT() REPRESENTATION_CONTEXT('2D SPACE',''
  ) );
#11304 = PCURVE('',#6874,#11305);
#11305 = DEFINITIONAL_REPRESENTATION('',(#11306),#11310);
#11306 = LINE('',#11307,#11308);
#11307 = CARTESIAN_POINT('',(0.,0.));
#11308 = VECTOR('',#11309,1.);
#11309 = DIRECTION('',(0.,-1.));
#11310 = ( GEOMETRIC_REPRESENTATION_CONTEXT(2) 
PARAMETRIC_REPRESENTATION_CONTEXT() REPRESENTATION_CONTEXT('2D SPACE',''
  ) );
#11311 = ORIENTED_EDGE('',*,*,#11312,.F.);
#11312 = EDGE_CURVE('',#11313,#11290,#11315,.T.);
#11313 = VERTEX_POINT('',#11314);
#11314 = CARTESIAN_POINT('',(113.42057713659,-1.35,1.4));
#11315 = SURFACE_CURVE('',#11316,(#11320,#11327),.PCURVE_S1.);
#11316 = LINE('',#11317,#11318);
#11317 = CARTESIAN_POINT('',(130.25441558772,-1.35,1.4));
#11318 = VECTOR('',#11319,1.);
#11319 = DIRECTION('',(-1.,0.,0.));
#11320 = PCURVE('',#6900,#11321);
#11321 = DEFINITIONAL_REPRESENTATION('',(#11322),#11326);
#11322 = LINE('',#11323,#11324);
#11323 = CARTESIAN_POINT('',(0.,-0.));
#11324 = VECTOR('',#11325,1.);
#11325 = DIRECTION('',(1.,0.));
#11326 = ( GEOMETRIC_REPRESENTATION_CONTEXT(2) 
PARAMETRIC_REPRESENTATION_CONTEXT() REPRESENTATION_CONTEXT('2D SPACE',''
  ) );
#11327 = PCURVE('',#11328,#11333);
#11328 = PLANE('',#11329);
#11329 = AXIS2_PLACEMENT_3D('',#11330,#11331,#11332);
#11330 = CARTESIAN_POINT('',(83.949047774191,43.558274562995,1.4));
#11331 = DIRECTION('',(-0.,-0.,-1.));
#11332 = DIRECTION('',(-1.,0.,0.));
#11333 = DEFINITIONAL_REPRESENTATION('',(#11334),#11338);
#11334 = LINE('',#11335,#11336);
#11335 = CARTESIAN_POINT('',(-46.30536781353,-44.90827456299));
#11336 = VECTOR('',#11337,1.);
#11337 = DIRECTION('',(1.,0.));
#11338 = ( GEOMETRIC_REPRESENTATION_CONTEXT(2) 
PARAMETRIC_REPRESENTATION_CONTEXT() REPRESENTATION_CONTEXT('2D SPACE',''
  ) );
#11339 = ORIENTED_EDGE('',*,*,#11340,.F.);
#11340 = EDGE_CURVE('',#11341,#11313,#11343,.T.);
#11341 = VERTEX_POINT('',#11342);
#11342 = CARTESIAN_POINT('',(113.42057713659,-1.35,3.8));
#11343 = SURFACE_CURVE('',#11344,(#11348,#11354),.PCURVE_S1.);
#11344 = LINE('',#11345,#11346);
#11345 = CARTESIAN_POINT('',(113.42057713659,-1.35,1.4));
#11346 = VECTOR('',#11347,1.);
#11347 = DIRECTION('',(-0.,-0.,-1.));
#11348 = PCURVE('',#6900,#11349);
#11349 = DEFINITIONAL_REPRESENTATION('',(#11350),#11353);
#11350 = B_SPLINE_CURVE_WITH_KNOTS('',1,(#11351,#11352),.UNSPECIFIED.,
  .F.,.F.,(2,2),(-2.4000006,5.999999999062E-07),
  .PIECEWISE_BEZIER_KNOTS.);
#11351 = CARTESIAN_POINT('',(16.833838451134,-2.4000006));
#11352 = CARTESIAN_POINT('',(16.833838451134,5.999999999062E-07));
#11353 = ( GEOMETRIC_REPRESENTATION_CONTEXT(2) 
PARAMETRIC_REPRESENTATION_CONTEXT() REPRESENTATION_CONTEXT('2D SPACE',''
  ) );
#11354 = PCURVE('',#11355,#11360);
#11355 = CYLINDRICAL_SURFACE('',#11356,2.1);
#11356 = AXIS2_PLACEMENT_3D('',#11357,#11358,#11359);
#11357 = CARTESIAN_POINT('',(114.2,0.6,1.4));
#11358 = DIRECTION('',(-0.,-0.,-1.));
#11359 = DIRECTION('',(1.,0.,0.));
#11360 = DEFINITIONAL_REPRESENTATION('',(#11361),#11364);
#11361 = B_SPLINE_CURVE_WITH_KNOTS('',1,(#11362,#11363),.UNSPECIFIED.,
  .F.,.F.,(2,2),(-2.4000006,5.999999999062E-07),
  .PIECEWISE_BEZIER_KNOTS.);
#11362 = CARTESIAN_POINT('',(-4.332137773692,-2.4000006));
#11363 = CARTESIAN_POINT('',(-4.332137773692,5.999999999062E-07));
#11364 = ( GEOMETRIC_REPRESENTATION_CONTEXT(2) 
PARAMETRIC_REPRESENTATION_CONTEXT() REPRESENTATION_CONTEXT('2D SPACE',''
  ) );
#11365 = ORIENTED_EDGE('',*,*,#11366,.F.);
#11366 = EDGE_CURVE('',#11367,#11341,#11369,.T.);
#11367 = VERTEX_POINT('',#11368);
#11368 = CARTESIAN_POINT('',(114.9794228634,-1.35,3.8));
#11369 = SURFACE_CURVE('',#11370,(#11374,#11380),.PCURVE_S1.);
#11370 = LINE('',#11371,#11372);
#11371 = CARTESIAN_POINT('',(122.22720779386,-1.35,3.8));
#11372 = VECTOR('',#11373,1.);
#11373 = DIRECTION('',(-1.,0.,0.));
#11374 = PCURVE('',#6900,#11375);
#11375 = DEFINITIONAL_REPRESENTATION('',(#11376),#11379);
#11376 = B_SPLINE_CURVE_WITH_KNOTS('',1,(#11377,#11378),.UNSPECIFIED.,
  .F.,.F.,(2,2),(5.927207793864,9.427207793864),
  .PIECEWISE_BEZIER_KNOTS.);
#11377 = CARTESIAN_POINT('',(13.954415587728,-2.4));
#11378 = CARTESIAN_POINT('',(17.454415587728,-2.4));
#11379 = ( GEOMETRIC_REPRESENTATION_CONTEXT(2) 
PARAMETRIC_REPRESENTATION_CONTEXT() REPRESENTATION_CONTEXT('2D SPACE',''
  ) );
#11380 = PCURVE('',#10794,#11381);
#11381 = DEFINITIONAL_REPRESENTATION('',(#11382),#11385);
#11382 = B_SPLINE_CURVE_WITH_KNOTS('',1,(#11383,#11384),.UNSPECIFIED.,
  .F.,.F.,(2,2),(5.927207793864,9.427207793864),
  .PIECEWISE_BEZIER_KNOTS.);
#11383 = CARTESIAN_POINT('',(2.1,-1.95));
#11384 = CARTESIAN_POINT('',(-1.4,-1.95));
#11385 = ( GEOMETRIC_REPRESENTATION_CONTEXT(2) 
PARAMETRIC_REPRESENTATION_CONTEXT() REPRESENTATION_CONTEXT('2D SPACE',''
  ) );
#11386 = ORIENTED_EDGE('',*,*,#11387,.T.);
#11387 = EDGE_CURVE('',#11367,#11265,#11388,.T.);
#11388 = SURFACE_CURVE('',#11389,(#11393,#11399),.PCURVE_S1.);
#11389 = LINE('',#11390,#11391);
#11390 = CARTESIAN_POINT('',(114.9794228634,-1.35,1.4));
#11391 = VECTOR('',#11392,1.);
#11392 = DIRECTION('',(-0.,-0.,-1.));
#11393 = PCURVE('',#6900,#11394);
#11394 = DEFINITIONAL_REPRESENTATION('',(#11395),#11398);
#11395 = B_SPLINE_CURVE_WITH_KNOTS('',1,(#11396,#11397),.UNSPECIFIED.,
  .F.,.F.,(2,2),(-2.4000006,5.999999999062E-07),
  .PIECEWISE_BEZIER_KNOTS.);
#11396 = CARTESIAN_POINT('',(15.274992724322,-2.4000006));
#11397 = CARTESIAN_POINT('',(15.274992724322,5.999999999062E-07));
#11398 = ( GEOMETRIC_REPRESENTATION_CONTEXT(2) 
PARAMETRIC_REPRESENTATION_CONTEXT() REPRESENTATION_CONTEXT('2D SPACE',''
  ) );
#11399 = PCURVE('',#11400,#11405);
#11400 = CYLINDRICAL_SURFACE('',#11401,2.1);
#11401 = AXIS2_PLACEMENT_3D('',#11402,#11403,#11404);
#11402 = CARTESIAN_POINT('',(114.2,0.6,1.4));
#11403 = DIRECTION('',(-0.,-0.,-1.));
#11404 = DIRECTION('',(1.,0.,0.));
#11405 = DEFINITIONAL_REPRESENTATION('',(#11406),#11409);
#11406 = B_SPLINE_CURVE_WITH_KNOTS('',1,(#11407,#11408),.UNSPECIFIED.,
  .F.,.F.,(2,2),(-2.4,0.),.PIECEWISE_BEZIER_KNOTS.);
#11407 = CARTESIAN_POINT('',(-5.092640187078,-2.4));
#11408 = CARTESIAN_POINT('',(-5.092640187078,0.));
#11409 = ( GEOMETRIC_REPRESENTATION_CONTEXT(2) 
PARAMETRIC_REPRESENTATION_CONTEXT() REPRESENTATION_CONTEXT('2D SPACE',''
  ) );
#11410 = ADVANCED_FACE('',(#11411),#6874,.F.);
#11411 = FACE_BOUND('',#11412,.F.);
#11412 = EDGE_LOOP('',(#11413,#11436,#11437,#11438,#11461,#11484,#11505,
    #11526));
#11413 = ORIENTED_EDGE('',*,*,#11414,.F.);
#11414 = EDGE_CURVE('',#11290,#11415,#11417,.T.);
#11415 = VERTEX_POINT('',#11416);
#11416 = CARTESIAN_POINT('',(112.8,-0.96524758425,1.4));
#11417 = SURFACE_CURVE('',#11418,(#11422,#11429),.PCURVE_S1.);
#11418 = LINE('',#11419,#11420);
#11419 = CARTESIAN_POINT('',(112.8,-1.35,1.4));
#11420 = VECTOR('',#11421,1.);
#11421 = DIRECTION('',(0.,1.,0.));
#11422 = PCURVE('',#6874,#11423);
#11423 = DEFINITIONAL_REPRESENTATION('',(#11424),#11428);
#11424 = LINE('',#11425,#11426);
#11425 = CARTESIAN_POINT('',(0.,0.));
#11426 = VECTOR('',#11427,1.);
#11427 = DIRECTION('',(1.,0.));
#11428 = ( GEOMETRIC_REPRESENTATION_CONTEXT(2) 
PARAMETRIC_REPRESENTATION_CONTEXT() REPRESENTATION_CONTEXT('2D SPACE',''
  ) );
#11429 = PCURVE('',#11328,#11430);
#11430 = DEFINITIONAL_REPRESENTATION('',(#11431),#11435);
#11431 = LINE('',#11432,#11433);
#11432 = CARTESIAN_POINT('',(-28.8509522258,-44.90827456299));
#11433 = VECTOR('',#11434,1.);
#11434 = DIRECTION('',(0.,1.));
#11435 = ( GEOMETRIC_REPRESENTATION_CONTEXT(2) 
PARAMETRIC_REPRESENTATION_CONTEXT() REPRESENTATION_CONTEXT('2D SPACE',''
  ) );
#11436 = ORIENTED_EDGE('',*,*,#11289,.T.);
#11437 = ORIENTED_EDGE('',*,*,#6859,.T.);
#11438 = ORIENTED_EDGE('',*,*,#11439,.F.);
#11439 = EDGE_CURVE('',#11440,#6834,#11442,.T.);
#11440 = VERTEX_POINT('',#11441);
#11441 = CARTESIAN_POINT('',(112.8,8.895769807537,1.4));
#11442 = SURFACE_CURVE('',#11443,(#11447,#11454),.PCURVE_S1.);
#11443 = LINE('',#11444,#11445);
#11444 = CARTESIAN_POINT('',(112.8,8.895769807537,1.4));
#11445 = VECTOR('',#11446,1.);
#11446 = DIRECTION('',(0.,0.,1.));
#11447 = PCURVE('',#6874,#11448);
#11448 = DEFINITIONAL_REPRESENTATION('',(#11449),#11453);
#11449 = LINE('',#11450,#11451);
#11450 = CARTESIAN_POINT('',(10.245769807537,0.));
#11451 = VECTOR('',#11452,1.);
#11452 = DIRECTION('',(0.,-1.));
#11453 = ( GEOMETRIC_REPRESENTATION_CONTEXT(2) 
PARAMETRIC_REPRESENTATION_CONTEXT() REPRESENTATION_CONTEXT('2D SPACE',''
  ) );
#11454 = PCURVE('',#6848,#11455);
#11455 = DEFINITIONAL_REPRESENTATION('',(#11456),#11460);
#11456 = LINE('',#11457,#11458);
#11457 = CARTESIAN_POINT('',(0.,0.));
#11458 = VECTOR('',#11459,1.);
#11459 = DIRECTION('',(0.,-1.));
#11460 = ( GEOMETRIC_REPRESENTATION_CONTEXT(2) 
PARAMETRIC_REPRESENTATION_CONTEXT() REPRESENTATION_CONTEXT('2D SPACE',''
  ) );
#11461 = ORIENTED_EDGE('',*,*,#11462,.F.);
#11462 = EDGE_CURVE('',#11463,#11440,#11465,.T.);
#11463 = VERTEX_POINT('',#11464);
#11464 = CARTESIAN_POINT('',(112.8,2.16524758425,1.4));
#11465 = SURFACE_CURVE('',#11466,(#11470,#11477),.PCURVE_S1.);
#11466 = LINE('',#11467,#11468);
#11467 = CARTESIAN_POINT('',(112.8,-1.35,1.4));
#11468 = VECTOR('',#11469,1.);
#11469 = DIRECTION('',(0.,1.,0.));
#11470 = PCURVE('',#6874,#11471);
#11471 = DEFINITIONAL_REPRESENTATION('',(#11472),#11476);
#11472 = LINE('',#11473,#11474);
#11473 = CARTESIAN_POINT('',(0.,0.));
#11474 = VECTOR('',#11475,1.);
#11475 = DIRECTION('',(1.,0.));
#11476 = ( GEOMETRIC_REPRESENTATION_CONTEXT(2) 
PARAMETRIC_REPRESENTATION_CONTEXT() REPRESENTATION_CONTEXT('2D SPACE',''
  ) );
#11477 = PCURVE('',#11115,#11478);
#11478 = DEFINITIONAL_REPRESENTATION('',(#11479),#11483);
#11479 = LINE('',#11480,#11481);
#11480 = CARTESIAN_POINT('',(-28.8509522258,-44.90827456299));
#11481 = VECTOR('',#11482,1.);
#11482 = DIRECTION('',(0.,1.));
#11483 = ( GEOMETRIC_REPRESENTATION_CONTEXT(2) 
PARAMETRIC_REPRESENTATION_CONTEXT() REPRESENTATION_CONTEXT('2D SPACE',''
  ) );
#11484 = ORIENTED_EDGE('',*,*,#11485,.F.);
#11485 = EDGE_CURVE('',#11486,#11463,#11488,.T.);
#11486 = VERTEX_POINT('',#11487);
#11487 = CARTESIAN_POINT('',(112.8,2.16524758425,3.8));
#11488 = SURFACE_CURVE('',#11489,(#11493,#11499),.PCURVE_S1.);
#11489 = LINE('',#11490,#11491);
#11490 = CARTESIAN_POINT('',(112.8,2.16524758425,1.4));
#11491 = VECTOR('',#11492,1.);
#11492 = DIRECTION('',(-0.,-0.,-1.));
#11493 = PCURVE('',#6874,#11494);
#11494 = DEFINITIONAL_REPRESENTATION('',(#11495),#11498);
#11495 = B_SPLINE_CURVE_WITH_KNOTS('',1,(#11496,#11497),.UNSPECIFIED.,
  .F.,.F.,(2,2),(-2.4000006,5.999999999062E-07),
  .PIECEWISE_BEZIER_KNOTS.);
#11496 = CARTESIAN_POINT('',(3.51524758425,-2.4000006));
#11497 = CARTESIAN_POINT('',(3.51524758425,5.999999999062E-07));
#11498 = ( GEOMETRIC_REPRESENTATION_CONTEXT(2) 
PARAMETRIC_REPRESENTATION_CONTEXT() REPRESENTATION_CONTEXT('2D SPACE',''
  ) );
#11499 = PCURVE('',#11400,#11500);
#11500 = DEFINITIONAL_REPRESENTATION('',(#11501),#11504);
#11501 = B_SPLINE_CURVE_WITH_KNOTS('',1,(#11502,#11503),.UNSPECIFIED.,
  .F.,.F.,(2,2),(-2.4,-0.),.PIECEWISE_BEZIER_KNOTS.);
#11502 = CARTESIAN_POINT('',(-8.583709290201,-2.4));
#11503 = CARTESIAN_POINT('',(-8.583709290201,0.));
#11504 = ( GEOMETRIC_REPRESENTATION_CONTEXT(2) 
PARAMETRIC_REPRESENTATION_CONTEXT() REPRESENTATION_CONTEXT('2D SPACE',''
  ) );
#11505 = ORIENTED_EDGE('',*,*,#11506,.F.);
#11506 = EDGE_CURVE('',#11507,#11486,#11509,.T.);
#11507 = VERTEX_POINT('',#11508);
#11508 = CARTESIAN_POINT('',(112.8,-0.96524758425,3.8));
#11509 = SURFACE_CURVE('',#11510,(#11514,#11520),.PCURVE_S1.);
#11510 = LINE('',#11511,#11512);
#11511 = CARTESIAN_POINT('',(112.8,-0.375,3.8));
#11512 = VECTOR('',#11513,1.);
#11513 = DIRECTION('',(0.,1.,-0.));
#11514 = PCURVE('',#6874,#11515);
#11515 = DEFINITIONAL_REPRESENTATION('',(#11516),#11519);
#11516 = B_SPLINE_CURVE_WITH_KNOTS('',1,(#11517,#11518),.UNSPECIFIED.,
  .F.,.F.,(2,2),(-0.975,3.075),.PIECEWISE_BEZIER_KNOTS.);
#11517 = CARTESIAN_POINT('',(0.,-2.4));
#11518 = CARTESIAN_POINT('',(4.05,-2.4));
#11519 = ( GEOMETRIC_REPRESENTATION_CONTEXT(2) 
PARAMETRIC_REPRESENTATION_CONTEXT() REPRESENTATION_CONTEXT('2D SPACE',''
  ) );
#11520 = PCURVE('',#10794,#11521);
#11521 = DEFINITIONAL_REPRESENTATION('',(#11522),#11525);
#11522 = B_SPLINE_CURVE_WITH_KNOTS('',1,(#11523,#11524),.UNSPECIFIED.,
  .F.,.F.,(2,2),(-0.975,3.075),.PIECEWISE_BEZIER_KNOTS.);
#11523 = CARTESIAN_POINT('',(-1.4,-1.95));
#11524 = CARTESIAN_POINT('',(-1.4,2.1));
#11525 = ( GEOMETRIC_REPRESENTATION_CONTEXT(2) 
PARAMETRIC_REPRESENTATION_CONTEXT() REPRESENTATION_CONTEXT('2D SPACE',''
  ) );
#11526 = ORIENTED_EDGE('',*,*,#11527,.T.);
#11527 = EDGE_CURVE('',#11507,#11415,#11528,.T.);
#11528 = SURFACE_CURVE('',#11529,(#11533,#11539),.PCURVE_S1.);
#11529 = LINE('',#11530,#11531);
#11530 = CARTESIAN_POINT('',(112.8,-0.96524758425,1.4));
#11531 = VECTOR('',#11532,1.);
#11532 = DIRECTION('',(-0.,-0.,-1.));
#11533 = PCURVE('',#6874,#11534);
#11534 = DEFINITIONAL_REPRESENTATION('',(#11535),#11538);
#11535 = B_SPLINE_CURVE_WITH_KNOTS('',1,(#11536,#11537),.UNSPECIFIED.,
  .F.,.F.,(2,2),(-2.4000006,5.999999999062E-07),
  .PIECEWISE_BEZIER_KNOTS.);
#11536 = CARTESIAN_POINT('',(0.38475241575,-2.4000006));
#11537 = CARTESIAN_POINT('',(0.38475241575,5.999999999062E-07));
#11538 = ( GEOMETRIC_REPRESENTATION_CONTEXT(2) 
PARAMETRIC_REPRESENTATION_CONTEXT() REPRESENTATION_CONTEXT('2D SPACE',''
  ) );
#11539 = PCURVE('',#11355,#11540);
#11540 = DEFINITIONAL_REPRESENTATION('',(#11541),#11544);
#11541 = B_SPLINE_CURVE_WITH_KNOTS('',1,(#11542,#11543),.UNSPECIFIED.,
  .F.,.F.,(2,2),(-2.4000006,5.999999999062E-07),
  .PIECEWISE_BEZIER_KNOTS.);
#11542 = CARTESIAN_POINT('',(-3.982661324158,-2.4000006));
#11543 = CARTESIAN_POINT('',(-3.982661324158,5.999999999062E-07));
#11544 = ( GEOMETRIC_REPRESENTATION_CONTEXT(2) 
PARAMETRIC_REPRESENTATION_CONTEXT() REPRESENTATION_CONTEXT('2D SPACE',''
  ) );
#11545 = ADVANCED_FACE('',(#11546),#6848,.F.);
#11546 = FACE_BOUND('',#11547,.F.);
#11547 = EDGE_LOOP('',(#11548,#11571,#11572,#11573));
#11548 = ORIENTED_EDGE('',*,*,#11549,.F.);
#11549 = EDGE_CURVE('',#11440,#11550,#11552,.T.);
#11550 = VERTEX_POINT('',#11551);
#11551 = CARTESIAN_POINT('',(95.026135997655,8.892899933619,1.4));
#11552 = SURFACE_CURVE('',#11553,(#11557,#11564),.PCURVE_S1.);
#11553 = LINE('',#11554,#11555);
#11554 = CARTESIAN_POINT('',(112.8,8.895769807537,1.4));
#11555 = VECTOR('',#11556,1.);
#11556 = DIRECTION('',(-0.999999986964,-1.614659524768E-04,0.));
#11557 = PCURVE('',#6848,#11558);
#11558 = DEFINITIONAL_REPRESENTATION('',(#11559),#11563);
#11559 = LINE('',#11560,#11561);
#11560 = CARTESIAN_POINT('',(0.,0.));
#11561 = VECTOR('',#11562,1.);
#11562 = DIRECTION('',(1.,0.));
#11563 = ( GEOMETRIC_REPRESENTATION_CONTEXT(2) 
PARAMETRIC_REPRESENTATION_CONTEXT() REPRESENTATION_CONTEXT('2D SPACE',''
  ) );
#11564 = PCURVE('',#11115,#11565);
#11565 = DEFINITIONAL_REPRESENTATION('',(#11566),#11570);
#11566 = LINE('',#11567,#11568);
#11567 = CARTESIAN_POINT('',(-28.8509522258,-34.66250475545));
#11568 = VECTOR('',#11569,1.);
#11569 = DIRECTION('',(0.999999986964,-1.614659524768E-04));
#11570 = ( GEOMETRIC_REPRESENTATION_CONTEXT(2) 
PARAMETRIC_REPRESENTATION_CONTEXT() REPRESENTATION_CONTEXT('2D SPACE',''
  ) );
#11571 = ORIENTED_EDGE('',*,*,#11439,.T.);
#11572 = ORIENTED_EDGE('',*,*,#6833,.T.);
#11573 = ORIENTED_EDGE('',*,*,#11574,.F.);
#11574 = EDGE_CURVE('',#11550,#6808,#11575,.T.);
#11575 = SURFACE_CURVE('',#11576,(#11580,#11587),.PCURVE_S1.);
#11576 = LINE('',#11577,#11578);
#11577 = CARTESIAN_POINT('',(95.026135997655,8.892899933619,1.4));
#11578 = VECTOR('',#11579,1.);
#11579 = DIRECTION('',(0.,0.,1.));
#11580 = PCURVE('',#6848,#11581);
#11581 = DEFINITIONAL_REPRESENTATION('',(#11582),#11586);
#11582 = LINE('',#11583,#11584);
#11583 = CARTESIAN_POINT('',(17.773864234039,0.));
#11584 = VECTOR('',#11585,1.);
#11585 = DIRECTION('',(0.,-1.));
#11586 = ( GEOMETRIC_REPRESENTATION_CONTEXT(2) 
PARAMETRIC_REPRESENTATION_CONTEXT() REPRESENTATION_CONTEXT('2D SPACE',''
  ) );
#11587 = PCURVE('',#6822,#11588);
#11588 = DEFINITIONAL_REPRESENTATION('',(#11589),#11593);
#11589 = LINE('',#11590,#11591);
#11590 = CARTESIAN_POINT('',(0.,0.));
#11591 = VECTOR('',#11592,1.);
#11592 = DIRECTION('',(0.,-1.));
#11593 = ( GEOMETRIC_REPRESENTATION_CONTEXT(2) 
PARAMETRIC_REPRESENTATION_CONTEXT() REPRESENTATION_CONTEXT('2D SPACE',''
  ) );
#11594 = ADVANCED_FACE('',(#11595),#6822,.F.);
#11595 = FACE_BOUND('',#11596,.F.);
#11596 = EDGE_LOOP('',(#11597,#11620,#11621,#11622));
#11597 = ORIENTED_EDGE('',*,*,#11598,.F.);
#11598 = EDGE_CURVE('',#11550,#11599,#11601,.T.);
#11599 = VERTEX_POINT('',#11600);
#11600 = CARTESIAN_POINT('',(94.104329013032,7.717566730999,1.4));
#11601 = SURFACE_CURVE('',#11602,(#11606,#11613),.PCURVE_S1.);
#11602 = LINE('',#11603,#11604);
#11603 = CARTESIAN_POINT('',(95.026135997655,8.892899933619,1.4));
#11604 = VECTOR('',#11605,1.);
#11605 = DIRECTION('',(-0.617130410663,-0.786860887473,0.));
#11606 = PCURVE('',#6822,#11607);
#11607 = DEFINITIONAL_REPRESENTATION('',(#11608),#11612);
#11608 = LINE('',#11609,#11610);
#11609 = CARTESIAN_POINT('',(0.,0.));
#11610 = VECTOR('',#11611,1.);
#11611 = DIRECTION('',(1.,0.));
#11612 = ( GEOMETRIC_REPRESENTATION_CONTEXT(2) 
PARAMETRIC_REPRESENTATION_CONTEXT() REPRESENTATION_CONTEXT('2D SPACE',''
  ) );
#11613 = PCURVE('',#11115,#11614);
#11614 = DEFINITIONAL_REPRESENTATION('',(#11615),#11619);
#11615 = LINE('',#11616,#11617);
#11616 = CARTESIAN_POINT('',(-11.07708822346,-34.66537462937));
#11617 = VECTOR('',#11618,1.);
#11618 = DIRECTION('',(0.617130410663,-0.786860887473));
#11619 = ( GEOMETRIC_REPRESENTATION_CONTEXT(2) 
PARAMETRIC_REPRESENTATION_CONTEXT() REPRESENTATION_CONTEXT('2D SPACE',''
  ) );
#11620 = ORIENTED_EDGE('',*,*,#11574,.T.);
#11621 = ORIENTED_EDGE('',*,*,#6807,.T.);
#11622 = ORIENTED_EDGE('',*,*,#11623,.F.);
#11623 = EDGE_CURVE('',#11599,#6782,#11624,.T.);
#11624 = SURFACE_CURVE('',#11625,(#11629,#11636),.PCURVE_S1.);
#11625 = LINE('',#11626,#11627);
#11626 = CARTESIAN_POINT('',(94.104329013032,7.717566730999,1.4));
#11627 = VECTOR('',#11628,1.);
#11628 = DIRECTION('',(0.,0.,1.));
#11629 = PCURVE('',#6822,#11630);
#11630 = DEFINITIONAL_REPRESENTATION('',(#11631),#11635);
#11631 = LINE('',#11632,#11633);
#11632 = CARTESIAN_POINT('',(1.493698849863,0.));
#11633 = VECTOR('',#11634,1.);
#11634 = DIRECTION('',(0.,-1.));
#11635 = ( GEOMETRIC_REPRESENTATION_CONTEXT(2) 
PARAMETRIC_REPRESENTATION_CONTEXT() REPRESENTATION_CONTEXT('2D SPACE',''
  ) );
#11636 = PCURVE('',#6796,#11637);
#11637 = DEFINITIONAL_REPRESENTATION('',(#11638),#11642);
#11638 = LINE('',#11639,#11640);
#11639 = CARTESIAN_POINT('',(0.,0.));
#11640 = VECTOR('',#11641,1.);
#11641 = DIRECTION('',(0.,-1.));
#11642 = ( GEOMETRIC_REPRESENTATION_CONTEXT(2) 
PARAMETRIC_REPRESENTATION_CONTEXT() REPRESENTATION_CONTEXT('2D SPACE',''
  ) );
#11643 = ADVANCED_FACE('',(#11644),#6796,.F.);
#11644 = FACE_BOUND('',#11645,.F.);
#11645 = EDGE_LOOP('',(#11646,#11669,#11670,#11671));
#11646 = ORIENTED_EDGE('',*,*,#11647,.F.);
#11647 = EDGE_CURVE('',#11599,#11648,#11650,.T.);
#11648 = VERTEX_POINT('',#11649);
#11649 = CARTESIAN_POINT('',(93.609261071331,7.299709667543,1.4));
#11650 = SURFACE_CURVE('',#11651,(#11655,#11662),.PCURVE_S1.);
#11651 = LINE('',#11652,#11653);
#11652 = CARTESIAN_POINT('',(94.104329013032,7.717566730999,1.4));
#11653 = VECTOR('',#11654,1.);
#11654 = DIRECTION('',(-0.764182308791,-0.645000309249,0.));
#11655 = PCURVE('',#6796,#11656);
#11656 = DEFINITIONAL_REPRESENTATION('',(#11657),#11661);
#11657 = LINE('',#11658,#11659);
#11658 = CARTESIAN_POINT('',(0.,0.));
#11659 = VECTOR('',#11660,1.);
#11660 = DIRECTION('',(1.,0.));
#11661 = ( GEOMETRIC_REPRESENTATION_CONTEXT(2) 
PARAMETRIC_REPRESENTATION_CONTEXT() REPRESENTATION_CONTEXT('2D SPACE',''
  ) );
#11662 = PCURVE('',#11115,#11663);
#11663 = DEFINITIONAL_REPRESENTATION('',(#11664),#11668);
#11664 = LINE('',#11665,#11666);
#11665 = CARTESIAN_POINT('',(-10.15528123884,-35.84070783199));
#11666 = VECTOR('',#11667,1.);
#11667 = DIRECTION('',(0.764182308791,-0.645000309249));
#11668 = ( GEOMETRIC_REPRESENTATION_CONTEXT(2) 
PARAMETRIC_REPRESENTATION_CONTEXT() REPRESENTATION_CONTEXT('2D SPACE',''
  ) );
#11669 = ORIENTED_EDGE('',*,*,#11623,.T.);
#11670 = ORIENTED_EDGE('',*,*,#6781,.T.);
#11671 = ORIENTED_EDGE('',*,*,#11672,.F.);
#11672 = EDGE_CURVE('',#11648,#6756,#11673,.T.);
#11673 = SURFACE_CURVE('',#11674,(#11678,#11685),.PCURVE_S1.);
#11674 = LINE('',#11675,#11676);
#11675 = CARTESIAN_POINT('',(93.609261071331,7.299709667543,1.4));
#11676 = VECTOR('',#11677,1.);
#11677 = DIRECTION('',(0.,0.,1.));
#11678 = PCURVE('',#6796,#11679);
#11679 = DEFINITIONAL_REPRESENTATION('',(#11680),#11684);
#11680 = LINE('',#11681,#11682);
#11681 = CARTESIAN_POINT('',(0.647840097848,0.));
#11682 = VECTOR('',#11683,1.);
#11683 = DIRECTION('',(0.,-1.));
#11684 = ( GEOMETRIC_REPRESENTATION_CONTEXT(2) 
PARAMETRIC_REPRESENTATION_CONTEXT() REPRESENTATION_CONTEXT('2D SPACE',''
  ) );
#11685 = PCURVE('',#6770,#11686);
#11686 = DEFINITIONAL_REPRESENTATION('',(#11687),#11691);
#11687 = LINE('',#11688,#11689);
#11688 = CARTESIAN_POINT('',(0.,0.));
#11689 = VECTOR('',#11690,1.);
#11690 = DIRECTION('',(0.,-1.));
#11691 = ( GEOMETRIC_REPRESENTATION_CONTEXT(2) 
PARAMETRIC_REPRESENTATION_CONTEXT() REPRESENTATION_CONTEXT('2D SPACE',''
  ) );
#11692 = ADVANCED_FACE('',(#11693),#6770,.F.);
#11693 = FACE_BOUND('',#11694,.F.);
#11694 = EDGE_LOOP('',(#11695,#11718,#11719,#11720));
#11695 = ORIENTED_EDGE('',*,*,#11696,.F.);
#11696 = EDGE_CURVE('',#11648,#11697,#11699,.T.);
#11697 = VERTEX_POINT('',#11698);
#11698 = CARTESIAN_POINT('',(93.384050455258,7.169740026376,1.4));
#11699 = SURFACE_CURVE('',#11700,(#11704,#11711),.PCURVE_S1.);
#11700 = LINE('',#11701,#11702);
#11701 = CARTESIAN_POINT('',(93.609261071331,7.299709667543,1.4));
#11702 = VECTOR('',#11703,1.);
#11703 = DIRECTION('',(-0.866118259622,-0.499839134471,0.));
#11704 = PCURVE('',#6770,#11705);
#11705 = DEFINITIONAL_REPRESENTATION('',(#11706),#11710);
#11706 = LINE('',#11707,#11708);
#11707 = CARTESIAN_POINT('',(0.,0.));
#11708 = VECTOR('',#11709,1.);
#11709 = DIRECTION('',(1.,0.));
#11710 = ( GEOMETRIC_REPRESENTATION_CONTEXT(2) 
PARAMETRIC_REPRESENTATION_CONTEXT() REPRESENTATION_CONTEXT('2D SPACE',''
  ) );
#11711 = PCURVE('',#11115,#11712);
#11712 = DEFINITIONAL_REPRESENTATION('',(#11713),#11717);
#11713 = LINE('',#11714,#11715);
#11714 = CARTESIAN_POINT('',(-9.66021329714,-36.25856489545));
#11715 = VECTOR('',#11716,1.);
#11716 = DIRECTION('',(0.866118259622,-0.499839134471));
#11717 = ( GEOMETRIC_REPRESENTATION_CONTEXT(2) 
PARAMETRIC_REPRESENTATION_CONTEXT() REPRESENTATION_CONTEXT('2D SPACE',''
  ) );
#11718 = ORIENTED_EDGE('',*,*,#11672,.T.);
#11719 = ORIENTED_EDGE('',*,*,#6755,.T.);
#11720 = ORIENTED_EDGE('',*,*,#11721,.F.);
#11721 = EDGE_CURVE('',#11697,#6730,#11722,.T.);
#11722 = SURFACE_CURVE('',#11723,(#11727,#11734),.PCURVE_S1.);
#11723 = LINE('',#11724,#11725);
#11724 = CARTESIAN_POINT('',(93.384050455258,7.169740026376,1.4));
#11725 = VECTOR('',#11726,1.);
#11726 = DIRECTION('',(0.,0.,1.));
#11727 = PCURVE('',#6770,#11728);
#11728 = DEFINITIONAL_REPRESENTATION('',(#11729),#11733);
#11729 = LINE('',#11730,#11731);
#11730 = CARTESIAN_POINT('',(0.26002293979,0.));
#11731 = VECTOR('',#11732,1.);
#11732 = DIRECTION('',(0.,-1.));
#11733 = ( GEOMETRIC_REPRESENTATION_CONTEXT(2) 
PARAMETRIC_REPRESENTATION_CONTEXT() REPRESENTATION_CONTEXT('2D SPACE',''
  ) );
#11734 = PCURVE('',#6744,#11735);
#11735 = DEFINITIONAL_REPRESENTATION('',(#11736),#11740);
#11736 = LINE('',#11737,#11738);
#11737 = CARTESIAN_POINT('',(0.,0.));
#11738 = VECTOR('',#11739,1.);
#11739 = DIRECTION('',(0.,-1.));
#11740 = ( GEOMETRIC_REPRESENTATION_CONTEXT(2) 
PARAMETRIC_REPRESENTATION_CONTEXT() REPRESENTATION_CONTEXT('2D SPACE',''
  ) );
#11741 = ADVANCED_FACE('',(#11742),#6744,.F.);
#11742 = FACE_BOUND('',#11743,.F.);
#11743 = EDGE_LOOP('',(#11744,#11767,#11768,#11769));
#11744 = ORIENTED_EDGE('',*,*,#11745,.F.);
#11745 = EDGE_CURVE('',#11697,#11746,#11748,.T.);
#11746 = VERTEX_POINT('',#11747);
#11747 = CARTESIAN_POINT('',(93.08523947954,7.048193527578,1.4));
#11748 = SURFACE_CURVE('',#11749,(#11753,#11760),.PCURVE_S1.);
#11749 = LINE('',#11750,#11751);
#11750 = CARTESIAN_POINT('',(93.384050455258,7.169740026376,1.4));
#11751 = VECTOR('',#11752,1.);
#11752 = DIRECTION('',(-0.92629943513,-0.376788211703,0.));
#11753 = PCURVE('',#6744,#11754);
#11754 = DEFINITIONAL_REPRESENTATION('',(#11755),#11759);
#11755 = LINE('',#11756,#11757);
#11756 = CARTESIAN_POINT('',(0.,0.));
#11757 = VECTOR('',#11758,1.);
#11758 = DIRECTION('',(1.,0.));
#11759 = ( GEOMETRIC_REPRESENTATION_CONTEXT(2) 
PARAMETRIC_REPRESENTATION_CONTEXT() REPRESENTATION_CONTEXT('2D SPACE',''
  ) );
#11760 = PCURVE('',#11115,#11761);
#11761 = DEFINITIONAL_REPRESENTATION('',(#11762),#11766);
#11762 = LINE('',#11763,#11764);
#11763 = CARTESIAN_POINT('',(-9.435002681067,-36.38853453661));
#11764 = VECTOR('',#11765,1.);
#11765 = DIRECTION('',(0.92629943513,-0.376788211703));
#11766 = ( GEOMETRIC_REPRESENTATION_CONTEXT(2) 
PARAMETRIC_REPRESENTATION_CONTEXT() REPRESENTATION_CONTEXT('2D SPACE',''
  ) );
#11767 = ORIENTED_EDGE('',*,*,#11721,.T.);
#11768 = ORIENTED_EDGE('',*,*,#6729,.T.);
#11769 = ORIENTED_EDGE('',*,*,#11770,.F.);
#11770 = EDGE_CURVE('',#11746,#6704,#11771,.T.);
#11771 = SURFACE_CURVE('',#11772,(#11776,#11783),.PCURVE_S1.);
#11772 = LINE('',#11773,#11774);
#11773 = CARTESIAN_POINT('',(93.08523947954,7.048193527578,1.4));
#11774 = VECTOR('',#11775,1.);
#11775 = DIRECTION('',(0.,0.,1.));
#11776 = PCURVE('',#6744,#11777);
#11777 = DEFINITIONAL_REPRESENTATION('',(#11778),#11782);
#11778 = LINE('',#11779,#11780);
#11779 = CARTESIAN_POINT('',(0.322585725939,0.));
#11780 = VECTOR('',#11781,1.);
#11781 = DIRECTION('',(0.,-1.));
#11782 = ( GEOMETRIC_REPRESENTATION_CONTEXT(2) 
PARAMETRIC_REPRESENTATION_CONTEXT() REPRESENTATION_CONTEXT('2D SPACE',''
  ) );
#11783 = PCURVE('',#6718,#11784);
#11784 = DEFINITIONAL_REPRESENTATION('',(#11785),#11789);
#11785 = LINE('',#11786,#11787);
#11786 = CARTESIAN_POINT('',(0.,0.));
#11787 = VECTOR('',#11788,1.);
#11788 = DIRECTION('',(0.,-1.));
#11789 = ( GEOMETRIC_REPRESENTATION_CONTEXT(2) 
PARAMETRIC_REPRESENTATION_CONTEXT() REPRESENTATION_CONTEXT('2D SPACE',''
  ) );
#11790 = ADVANCED_FACE('',(#11791),#6718,.F.);
#11791 = FACE_BOUND('',#11792,.F.);
#11792 = EDGE_LOOP('',(#11793,#11816,#11817,#11818));
#11793 = ORIENTED_EDGE('',*,*,#11794,.F.);
#11794 = EDGE_CURVE('',#11746,#11795,#11797,.T.);
#11795 = VERTEX_POINT('',#11796);
#11796 = CARTESIAN_POINT('',(92.358778254361,6.912788776991,1.4));
#11797 = SURFACE_CURVE('',#11798,(#11802,#11809),.PCURVE_S1.);
#11798 = LINE('',#11799,#11800);
#11799 = CARTESIAN_POINT('',(93.08523947954,7.048193527578,1.4));
#11800 = VECTOR('',#11801,1.);
#11801 = DIRECTION('',(-0.983069361273,-0.183233814909,0.));
#11802 = PCURVE('',#6718,#11803);
#11803 = DEFINITIONAL_REPRESENTATION('',(#11804),#11808);
#11804 = LINE('',#11805,#11806);
#11805 = CARTESIAN_POINT('',(0.,0.));
#11806 = VECTOR('',#11807,1.);
#11807 = DIRECTION('',(1.,0.));
#11808 = ( GEOMETRIC_REPRESENTATION_CONTEXT(2) 
PARAMETRIC_REPRESENTATION_CONTEXT() REPRESENTATION_CONTEXT('2D SPACE',''
  ) );
#11809 = PCURVE('',#11115,#11810);
#11810 = DEFINITIONAL_REPRESENTATION('',(#11811),#11815);
#11811 = LINE('',#11812,#11813);
#11812 = CARTESIAN_POINT('',(-9.136191705349,-36.51008103541));
#11813 = VECTOR('',#11814,1.);
#11814 = DIRECTION('',(0.983069361273,-0.183233814909));
#11815 = ( GEOMETRIC_REPRESENTATION_CONTEXT(2) 
PARAMETRIC_REPRESENTATION_CONTEXT() REPRESENTATION_CONTEXT('2D SPACE',''
  ) );
#11816 = ORIENTED_EDGE('',*,*,#11770,.T.);
#11817 = ORIENTED_EDGE('',*,*,#6703,.T.);
#11818 = ORIENTED_EDGE('',*,*,#11819,.F.);
#11819 = EDGE_CURVE('',#11795,#6678,#11820,.T.);
#11820 = SURFACE_CURVE('',#11821,(#11825,#11832),.PCURVE_S1.);
#11821 = LINE('',#11822,#11823);
#11822 = CARTESIAN_POINT('',(92.358778254361,6.912788776991,1.4));
#11823 = VECTOR('',#11824,1.);
#11824 = DIRECTION('',(0.,0.,1.));
#11825 = PCURVE('',#6718,#11826);
#11826 = DEFINITIONAL_REPRESENTATION('',(#11827),#11831);
#11827 = LINE('',#11828,#11829);
#11828 = CARTESIAN_POINT('',(0.738972501633,0.));
#11829 = VECTOR('',#11830,1.);
#11830 = DIRECTION('',(0.,-1.));
#11831 = ( GEOMETRIC_REPRESENTATION_CONTEXT(2) 
PARAMETRIC_REPRESENTATION_CONTEXT() REPRESENTATION_CONTEXT('2D SPACE',''
  ) );
#11832 = PCURVE('',#6692,#11833);
#11833 = DEFINITIONAL_REPRESENTATION('',(#11834),#11838);
#11834 = LINE('',#11835,#11836);
#11835 = CARTESIAN_POINT('',(0.,0.));
#11836 = VECTOR('',#11837,1.);
#11837 = DIRECTION('',(0.,-1.));
#11838 = ( GEOMETRIC_REPRESENTATION_CONTEXT(2) 
PARAMETRIC_REPRESENTATION_CONTEXT() REPRESENTATION_CONTEXT('2D SPACE',''
  ) );
#11839 = ADVANCED_FACE('',(#11840),#6692,.F.);
#11840 = FACE_BOUND('',#11841,.F.);
#11841 = EDGE_LOOP('',(#11842,#11865,#11866,#11867));
#11842 = ORIENTED_EDGE('',*,*,#11843,.F.);
#11843 = EDGE_CURVE('',#11795,#11844,#11846,.T.);
#11844 = VERTEX_POINT('',#11845);
#11845 = CARTESIAN_POINT('',(76.541939327113,6.898666813901,1.4));
#11846 = SURFACE_CURVE('',#11847,(#11851,#11858),.PCURVE_S1.);
#11847 = LINE('',#11848,#11849);
#11848 = CARTESIAN_POINT('',(92.358778254361,6.912788776991,1.4));
#11849 = VECTOR('',#11850,1.);
#11850 = DIRECTION('',(-0.999999601415,-8.928432239807E-04,0.));
#11851 = PCURVE('',#6692,#11852);
#11852 = DEFINITIONAL_REPRESENTATION('',(#11853),#11857);
#11853 = LINE('',#11854,#11855);
#11854 = CARTESIAN_POINT('',(0.,0.));
#11855 = VECTOR('',#11856,1.);
#11856 = DIRECTION('',(1.,0.));
#11857 = ( GEOMETRIC_REPRESENTATION_CONTEXT(2) 
PARAMETRIC_REPRESENTATION_CONTEXT() REPRESENTATION_CONTEXT('2D SPACE',''
  ) );
#11858 = PCURVE('',#11115,#11859);
#11859 = DEFINITIONAL_REPRESENTATION('',(#11860),#11864);
#11860 = LINE('',#11861,#11862);
#11861 = CARTESIAN_POINT('',(-8.40973048017,-36.645485786));
#11862 = VECTOR('',#11863,1.);
#11863 = DIRECTION('',(0.999999601415,-8.928432239807E-04));
#11864 = ( GEOMETRIC_REPRESENTATION_CONTEXT(2) 
PARAMETRIC_REPRESENTATION_CONTEXT() REPRESENTATION_CONTEXT('2D SPACE',''
  ) );
#11865 = ORIENTED_EDGE('',*,*,#11819,.T.);
#11866 = ORIENTED_EDGE('',*,*,#6677,.T.);
#11867 = ORIENTED_EDGE('',*,*,#11868,.F.);
#11868 = EDGE_CURVE('',#11844,#6652,#11869,.T.);
#11869 = SURFACE_CURVE('',#11870,(#11874,#11881),.PCURVE_S1.);
#11870 = LINE('',#11871,#11872);
#11871 = CARTESIAN_POINT('',(76.541939327113,6.898666813901,1.4));
#11872 = VECTOR('',#11873,1.);
#11873 = DIRECTION('',(0.,0.,1.));
#11874 = PCURVE('',#6692,#11875);
#11875 = DEFINITIONAL_REPRESENTATION('',(#11876),#11880);
#11876 = LINE('',#11877,#11878);
#11877 = CARTESIAN_POINT('',(15.816845231599,0.));
#11878 = VECTOR('',#11879,1.);
#11879 = DIRECTION('',(0.,-1.));
#11880 = ( GEOMETRIC_REPRESENTATION_CONTEXT(2) 
PARAMETRIC_REPRESENTATION_CONTEXT() REPRESENTATION_CONTEXT('2D SPACE',''
  ) );
#11881 = PCURVE('',#6666,#11882);
#11882 = DEFINITIONAL_REPRESENTATION('',(#11883),#11887);
#11883 = LINE('',#11884,#11885);
#11884 = CARTESIAN_POINT('',(0.,0.));
#11885 = VECTOR('',#11886,1.);
#11886 = DIRECTION('',(0.,-1.));
#11887 = ( GEOMETRIC_REPRESENTATION_CONTEXT(2) 
PARAMETRIC_REPRESENTATION_CONTEXT() REPRESENTATION_CONTEXT('2D SPACE',''
  ) );
#11888 = ADVANCED_FACE('',(#11889),#6666,.F.);
#11889 = FACE_BOUND('',#11890,.F.);
#11890 = EDGE_LOOP('',(#11891,#11914,#11915,#11916));
#11891 = ORIENTED_EDGE('',*,*,#11892,.F.);
#11892 = EDGE_CURVE('',#11844,#11893,#11895,.T.);
#11893 = VERTEX_POINT('',#11894);
#11894 = CARTESIAN_POINT('',(76.474691874104,4.202515110717,1.4));
#11895 = SURFACE_CURVE('',#11896,(#11900,#11907),.PCURVE_S1.);
#11896 = LINE('',#11897,#11898);
#11897 = CARTESIAN_POINT('',(76.541939327113,6.898666813901,1.4));
#11898 = VECTOR('',#11899,1.);
#11899 = DIRECTION('',(-2.493425916207E-02,-0.999689093028,0.));
#11900 = PCURVE('',#6666,#11901);
#11901 = DEFINITIONAL_REPRESENTATION('',(#11902),#11906);
#11902 = LINE('',#11903,#11904);
#11903 = CARTESIAN_POINT('',(0.,0.));
#11904 = VECTOR('',#11905,1.);
#11905 = DIRECTION('',(1.,0.));
#11906 = ( GEOMETRIC_REPRESENTATION_CONTEXT(2) 
PARAMETRIC_REPRESENTATION_CONTEXT() REPRESENTATION_CONTEXT('2D SPACE',''
  ) );
#11907 = PCURVE('',#11115,#11908);
#11908 = DEFINITIONAL_REPRESENTATION('',(#11909),#11913);
#11909 = LINE('',#11910,#11911);
#11910 = CARTESIAN_POINT('',(7.407108447078,-36.65960774909));
#11911 = VECTOR('',#11912,1.);
#11912 = DIRECTION('',(2.493425916207E-02,-0.999689093028));
#11913 = ( GEOMETRIC_REPRESENTATION_CONTEXT(2) 
PARAMETRIC_REPRESENTATION_CONTEXT() REPRESENTATION_CONTEXT('2D SPACE',''
  ) );
#11914 = ORIENTED_EDGE('',*,*,#11868,.T.);
#11915 = ORIENTED_EDGE('',*,*,#6651,.T.);
#11916 = ORIENTED_EDGE('',*,*,#11917,.F.);
#11917 = EDGE_CURVE('',#11893,#6626,#11918,.T.);
#11918 = SURFACE_CURVE('',#11919,(#11923,#11930),.PCURVE_S1.);
#11919 = LINE('',#11920,#11921);
#11920 = CARTESIAN_POINT('',(76.474691874104,4.202515110717,1.4));
#11921 = VECTOR('',#11922,1.);
#11922 = DIRECTION('',(0.,0.,1.));
#11923 = PCURVE('',#6666,#11924);
#11924 = DEFINITIONAL_REPRESENTATION('',(#11925),#11929);
#11925 = LINE('',#11926,#11927);
#11926 = CARTESIAN_POINT('',(2.696990216245,0.));
#11927 = VECTOR('',#11928,1.);
#11928 = DIRECTION('',(0.,-1.));
#11929 = ( GEOMETRIC_REPRESENTATION_CONTEXT(2) 
PARAMETRIC_REPRESENTATION_CONTEXT() REPRESENTATION_CONTEXT('2D SPACE',''
  ) );
#11930 = PCURVE('',#6640,#11931);
#11931 = DEFINITIONAL_REPRESENTATION('',(#11932),#11936);
#11932 = LINE('',#11933,#11934);
#11933 = CARTESIAN_POINT('',(0.,0.));
#11934 = VECTOR('',#11935,1.);
#11935 = DIRECTION('',(0.,-1.));
#11936 = ( GEOMETRIC_REPRESENTATION_CONTEXT(2) 
PARAMETRIC_REPRESENTATION_CONTEXT() REPRESENTATION_CONTEXT('2D SPACE',''
  ) );
#11937 = ADVANCED_FACE('',(#11938),#6640,.F.);
#11938 = FACE_BOUND('',#11939,.F.);
#11939 = EDGE_LOOP('',(#11940,#11963,#11964,#11965));
#11940 = ORIENTED_EDGE('',*,*,#11941,.F.);
#11941 = EDGE_CURVE('',#11893,#11942,#11944,.T.);
#11942 = VERTEX_POINT('',#11943);
#11943 = CARTESIAN_POINT('',(76.382454598481,3.737593061112,1.4));
#11944 = SURFACE_CURVE('',#11945,(#11949,#11956),.PCURVE_S1.);
#11945 = LINE('',#11946,#11947);
#11946 = CARTESIAN_POINT('',(76.474691874104,4.202515110717,1.4));
#11947 = VECTOR('',#11948,1.);
#11948 = DIRECTION('',(-0.194600239301,-0.980882636641,0.));
#11949 = PCURVE('',#6640,#11950);
#11950 = DEFINITIONAL_REPRESENTATION('',(#11951),#11955);
#11951 = LINE('',#11952,#11953);
#11952 = CARTESIAN_POINT('',(0.,0.));
#11953 = VECTOR('',#11954,1.);
#11954 = DIRECTION('',(1.,0.));
#11955 = ( GEOMETRIC_REPRESENTATION_CONTEXT(2) 
PARAMETRIC_REPRESENTATION_CONTEXT() REPRESENTATION_CONTEXT('2D SPACE',''
  ) );
#11956 = PCURVE('',#11115,#11957);
#11957 = DEFINITIONAL_REPRESENTATION('',(#11958),#11962);
#11958 = LINE('',#11959,#11960);
#11959 = CARTESIAN_POINT('',(7.474355900087,-39.35575945227));
#11960 = VECTOR('',#11961,1.);
#11961 = DIRECTION('',(0.194600239301,-0.980882636641));
#11962 = ( GEOMETRIC_REPRESENTATION_CONTEXT(2) 
PARAMETRIC_REPRESENTATION_CONTEXT() REPRESENTATION_CONTEXT('2D SPACE',''
  ) );
#11963 = ORIENTED_EDGE('',*,*,#11917,.T.);
#11964 = ORIENTED_EDGE('',*,*,#6625,.T.);
#11965 = ORIENTED_EDGE('',*,*,#11966,.F.);
#11966 = EDGE_CURVE('',#11942,#6600,#11967,.T.);
#11967 = SURFACE_CURVE('',#11968,(#11972,#11979),.PCURVE_S1.);
#11968 = LINE('',#11969,#11970);
#11969 = CARTESIAN_POINT('',(76.382454598481,3.737593061112,1.4));
#11970 = VECTOR('',#11971,1.);
#11971 = DIRECTION('',(0.,0.,1.));
#11972 = PCURVE('',#6640,#11973);
#11973 = DEFINITIONAL_REPRESENTATION('',(#11974),#11978);
#11974 = LINE('',#11975,#11976);
#11975 = CARTESIAN_POINT('',(0.473983361758,0.));
#11976 = VECTOR('',#11977,1.);
#11977 = DIRECTION('',(0.,-1.));
#11978 = ( GEOMETRIC_REPRESENTATION_CONTEXT(2) 
PARAMETRIC_REPRESENTATION_CONTEXT() REPRESENTATION_CONTEXT('2D SPACE',''
  ) );
#11979 = PCURVE('',#6614,#11980);
#11980 = DEFINITIONAL_REPRESENTATION('',(#11981),#11985);
#11981 = LINE('',#11982,#11983);
#11982 = CARTESIAN_POINT('',(0.,0.));
#11983 = VECTOR('',#11984,1.);
#11984 = DIRECTION('',(0.,-1.));
#11985 = ( GEOMETRIC_REPRESENTATION_CONTEXT(2) 
PARAMETRIC_REPRESENTATION_CONTEXT() REPRESENTATION_CONTEXT('2D SPACE',''
  ) );
#11986 = ADVANCED_FACE('',(#11987),#6614,.F.);
#11987 = FACE_BOUND('',#11988,.F.);
#11988 = EDGE_LOOP('',(#11989,#12012,#12013,#12014));
#11989 = ORIENTED_EDGE('',*,*,#11990,.F.);
#11990 = EDGE_CURVE('',#11942,#11991,#11993,.T.);
#11991 = VERTEX_POINT('',#11992);
#11992 = CARTESIAN_POINT('',(76.223487385624,3.32377086785,1.4));
#11993 = SURFACE_CURVE('',#11994,(#11998,#12005),.PCURVE_S1.);
#11994 = LINE('',#11995,#11996);
#11995 = CARTESIAN_POINT('',(76.382454598481,3.737593061112,1.4));
#11996 = VECTOR('',#11997,1.);
#11997 = DIRECTION('',(-0.358595524171,-0.933493036955,0.));
#11998 = PCURVE('',#6614,#11999);
#11999 = DEFINITIONAL_REPRESENTATION('',(#12000),#12004);
#12000 = LINE('',#12001,#12002);
#12001 = CARTESIAN_POINT('',(0.,0.));
#12002 = VECTOR('',#12003,1.);
#12003 = DIRECTION('',(1.,0.));
#12004 = ( GEOMETRIC_REPRESENTATION_CONTEXT(2) 
PARAMETRIC_REPRESENTATION_CONTEXT() REPRESENTATION_CONTEXT('2D SPACE',''
  ) );
#12005 = PCURVE('',#11115,#12006);
#12006 = DEFINITIONAL_REPRESENTATION('',(#12007),#12011);
#12007 = LINE('',#12008,#12009);
#12008 = CARTESIAN_POINT('',(7.56659317571,-39.82068150188));
#12009 = VECTOR('',#12010,1.);
#12010 = DIRECTION('',(0.358595524171,-0.933493036955));
#12011 = ( GEOMETRIC_REPRESENTATION_CONTEXT(2) 
PARAMETRIC_REPRESENTATION_CONTEXT() REPRESENTATION_CONTEXT('2D SPACE',''
  ) );
#12012 = ORIENTED_EDGE('',*,*,#11966,.T.);
#12013 = ORIENTED_EDGE('',*,*,#6599,.T.);
#12014 = ORIENTED_EDGE('',*,*,#12015,.F.);
#12015 = EDGE_CURVE('',#11991,#6574,#12016,.T.);
#12016 = SURFACE_CURVE('',#12017,(#12021,#12028),.PCURVE_S1.);
#12017 = LINE('',#12018,#12019);
#12018 = CARTESIAN_POINT('',(76.223487385624,3.32377086785,1.4));
#12019 = VECTOR('',#12020,1.);
#12020 = DIRECTION('',(0.,0.,1.));
#12021 = PCURVE('',#6614,#12022);
#12022 = DEFINITIONAL_REPRESENTATION('',(#12023),#12027);
#12023 = LINE('',#12024,#12025);
#12024 = CARTESIAN_POINT('',(0.443305066968,0.));
#12025 = VECTOR('',#12026,1.);
#12026 = DIRECTION('',(0.,-1.));
#12027 = ( GEOMETRIC_REPRESENTATION_CONTEXT(2) 
PARAMETRIC_REPRESENTATION_CONTEXT() REPRESENTATION_CONTEXT('2D SPACE',''
  ) );
#12028 = PCURVE('',#6588,#12029);
#12029 = DEFINITIONAL_REPRESENTATION('',(#12030),#12034);
#12030 = LINE('',#12031,#12032);
#12031 = CARTESIAN_POINT('',(0.,0.));
#12032 = VECTOR('',#12033,1.);
#12033 = DIRECTION('',(0.,-1.));
#12034 = ( GEOMETRIC_REPRESENTATION_CONTEXT(2) 
PARAMETRIC_REPRESENTATION_CONTEXT() REPRESENTATION_CONTEXT('2D SPACE',''
  ) );
#12035 = ADVANCED_FACE('',(#12036),#6588,.F.);
#12036 = FACE_BOUND('',#12037,.F.);
#12037 = EDGE_LOOP('',(#12038,#12061,#12062,#12063));
#12038 = ORIENTED_EDGE('',*,*,#12039,.F.);
#12039 = EDGE_CURVE('',#11991,#12040,#12042,.T.);
#12040 = VERTEX_POINT('',#12041);
#12041 = CARTESIAN_POINT('',(75.921976453976,2.852602501533,1.4));
#12042 = SURFACE_CURVE('',#12043,(#12047,#12054),.PCURVE_S1.);
#12043 = LINE('',#12044,#12045);
#12044 = CARTESIAN_POINT('',(76.223487385624,3.32377086785,1.4));
#12045 = VECTOR('',#12046,1.);
#12046 = DIRECTION('',(-0.539006996099,-0.842301287045,0.));
#12047 = PCURVE('',#6588,#12048);
#12048 = DEFINITIONAL_REPRESENTATION('',(#12049),#12053);
#12049 = LINE('',#12050,#12051);
#12050 = CARTESIAN_POINT('',(0.,0.));
#12051 = VECTOR('',#12052,1.);
#12052 = DIRECTION('',(1.,0.));
#12053 = ( GEOMETRIC_REPRESENTATION_CONTEXT(2) 
PARAMETRIC_REPRESENTATION_CONTEXT() REPRESENTATION_CONTEXT('2D SPACE',''
  ) );
#12054 = PCURVE('',#11115,#12055);
#12055 = DEFINITIONAL_REPRESENTATION('',(#12056),#12060);
#12056 = LINE('',#12057,#12058);
#12057 = CARTESIAN_POINT('',(7.725560388567,-40.23450369514));
#12058 = VECTOR('',#12059,1.);
#12059 = DIRECTION('',(0.539006996099,-0.842301287045));
#12060 = ( GEOMETRIC_REPRESENTATION_CONTEXT(2) 
PARAMETRIC_REPRESENTATION_CONTEXT() REPRESENTATION_CONTEXT('2D SPACE',''
  ) );
#12061 = ORIENTED_EDGE('',*,*,#12015,.T.);
#12062 = ORIENTED_EDGE('',*,*,#6573,.T.);
#12063 = ORIENTED_EDGE('',*,*,#12064,.F.);
#12064 = EDGE_CURVE('',#12040,#6548,#12065,.T.);
#12065 = SURFACE_CURVE('',#12066,(#12070,#12077),.PCURVE_S1.);
#12066 = LINE('',#12067,#12068);
#12067 = CARTESIAN_POINT('',(75.921976453976,2.852602501533,1.4));
#12068 = VECTOR('',#12069,1.);
#12069 = DIRECTION('',(0.,0.,1.));
#12070 = PCURVE('',#6588,#12071);
#12071 = DEFINITIONAL_REPRESENTATION('',(#12072),#12076);
#12072 = LINE('',#12073,#12074);
#12073 = CARTESIAN_POINT('',(0.559382222922,0.));
#12074 = VECTOR('',#12075,1.);
#12075 = DIRECTION('',(0.,-1.));
#12076 = ( GEOMETRIC_REPRESENTATION_CONTEXT(2) 
PARAMETRIC_REPRESENTATION_CONTEXT() REPRESENTATION_CONTEXT('2D SPACE',''
  ) );
#12077 = PCURVE('',#6562,#12078);
#12078 = DEFINITIONAL_REPRESENTATION('',(#12079),#12083);
#12079 = LINE('',#12080,#12081);
#12080 = CARTESIAN_POINT('',(0.,0.));
#12081 = VECTOR('',#12082,1.);
#12082 = DIRECTION('',(0.,-1.));
#12083 = ( GEOMETRIC_REPRESENTATION_CONTEXT(2) 
PARAMETRIC_REPRESENTATION_CONTEXT() REPRESENTATION_CONTEXT('2D SPACE',''
  ) );
#12084 = ADVANCED_FACE('',(#12085),#6562,.F.);
#12085 = FACE_BOUND('',#12086,.F.);
#12086 = EDGE_LOOP('',(#12087,#12110,#12111,#12112));
#12087 = ORIENTED_EDGE('',*,*,#12088,.F.);
#12088 = EDGE_CURVE('',#12040,#12089,#12091,.T.);
#12089 = VERTEX_POINT('',#12090);
#12090 = CARTESIAN_POINT('',(75.603164386462,2.524968751652,1.4));
#12091 = SURFACE_CURVE('',#12092,(#12096,#12103),.PCURVE_S1.);
#12092 = LINE('',#12093,#12094);
#12093 = CARTESIAN_POINT('',(75.921976453976,2.852602501533,1.4));
#12094 = VECTOR('',#12095,1.);
#12095 = DIRECTION('',(-0.697392359764,-0.716689539858,0.));
#12096 = PCURVE('',#6562,#12097);
#12097 = DEFINITIONAL_REPRESENTATION('',(#12098),#12102);
#12098 = LINE('',#12099,#12100);
#12099 = CARTESIAN_POINT('',(0.,0.));
#12100 = VECTOR('',#12101,1.);
#12101 = DIRECTION('',(1.,0.));
#12102 = ( GEOMETRIC_REPRESENTATION_CONTEXT(2) 
PARAMETRIC_REPRESENTATION_CONTEXT() REPRESENTATION_CONTEXT('2D SPACE',''
  ) );
#12103 = PCURVE('',#11115,#12104);
#12104 = DEFINITIONAL_REPRESENTATION('',(#12105),#12109);
#12105 = LINE('',#12106,#12107);
#12106 = CARTESIAN_POINT('',(8.027071320215,-40.70567206146));
#12107 = VECTOR('',#12108,1.);
#12108 = DIRECTION('',(0.697392359764,-0.716689539858));
#12109 = ( GEOMETRIC_REPRESENTATION_CONTEXT(2) 
PARAMETRIC_REPRESENTATION_CONTEXT() REPRESENTATION_CONTEXT('2D SPACE',''
  ) );
#12110 = ORIENTED_EDGE('',*,*,#12064,.T.);
#12111 = ORIENTED_EDGE('',*,*,#6547,.T.);
#12112 = ORIENTED_EDGE('',*,*,#12113,.F.);
#12113 = EDGE_CURVE('',#12089,#6522,#12114,.T.);
#12114 = SURFACE_CURVE('',#12115,(#12119,#12126),.PCURVE_S1.);
#12115 = LINE('',#12116,#12117);
#12116 = CARTESIAN_POINT('',(75.603164386462,2.524968751652,1.4));
#12117 = VECTOR('',#12118,1.);
#12118 = DIRECTION('',(0.,0.,1.));
#12119 = PCURVE('',#6562,#12120);
#12120 = DEFINITIONAL_REPRESENTATION('',(#12121),#12125);
#12121 = LINE('',#12122,#12123);
#12122 = CARTESIAN_POINT('',(0.457148781529,0.));
#12123 = VECTOR('',#12124,1.);
#12124 = DIRECTION('',(0.,-1.));
#12125 = ( GEOMETRIC_REPRESENTATION_CONTEXT(2) 
PARAMETRIC_REPRESENTATION_CONTEXT() REPRESENTATION_CONTEXT('2D SPACE',''
  ) );
#12126 = PCURVE('',#6536,#12127);
#12127 = DEFINITIONAL_REPRESENTATION('',(#12128),#12132);
#12128 = LINE('',#12129,#12130);
#12129 = CARTESIAN_POINT('',(0.,0.));
#12130 = VECTOR('',#12131,1.);
#12131 = DIRECTION('',(0.,-1.));
#12132 = ( GEOMETRIC_REPRESENTATION_CONTEXT(2) 
PARAMETRIC_REPRESENTATION_CONTEXT() REPRESENTATION_CONTEXT('2D SPACE',''
  ) );
#12133 = ADVANCED_FACE('',(#12134),#6536,.F.);
#12134 = FACE_BOUND('',#12135,.F.);
#12135 = EDGE_LOOP('',(#12136,#12159,#12160,#12161));
#12136 = ORIENTED_EDGE('',*,*,#12137,.F.);
#12137 = EDGE_CURVE('',#12089,#12138,#12140,.T.);
#12138 = VERTEX_POINT('',#12139);
#12139 = CARTESIAN_POINT('',(75.12483747796,2.204405529982,1.4));
#12140 = SURFACE_CURVE('',#12141,(#12145,#12152),.PCURVE_S1.);
#12141 = LINE('',#12142,#12143);
#12142 = CARTESIAN_POINT('',(75.603164386462,2.524968751652,1.4));
#12143 = VECTOR('',#12144,1.);
#12144 = DIRECTION('',(-0.830702358427,-0.556716796679,0.));
#12145 = PCURVE('',#6536,#12146);
#12146 = DEFINITIONAL_REPRESENTATION('',(#12147),#12151);
#12147 = LINE('',#12148,#12149);
#12148 = CARTESIAN_POINT('',(0.,0.));
#12149 = VECTOR('',#12150,1.);
#12150 = DIRECTION('',(1.,0.));
#12151 = ( GEOMETRIC_REPRESENTATION_CONTEXT(2) 
PARAMETRIC_REPRESENTATION_CONTEXT() REPRESENTATION_CONTEXT('2D SPACE',''
  ) );
#12152 = PCURVE('',#11115,#12153);
#12153 = DEFINITIONAL_REPRESENTATION('',(#12154),#12158);
#12154 = LINE('',#12155,#12156);
#12155 = CARTESIAN_POINT('',(8.345883387729,-41.03330581134));
#12156 = VECTOR('',#12157,1.);
#12157 = DIRECTION('',(0.830702358427,-0.556716796679));
#12158 = ( GEOMETRIC_REPRESENTATION_CONTEXT(2) 
PARAMETRIC_REPRESENTATION_CONTEXT() REPRESENTATION_CONTEXT('2D SPACE',''
  ) );
#12159 = ORIENTED_EDGE('',*,*,#12113,.T.);
#12160 = ORIENTED_EDGE('',*,*,#6521,.T.);
#12161 = ORIENTED_EDGE('',*,*,#12162,.F.);
#12162 = EDGE_CURVE('',#12138,#6496,#12163,.T.);
#12163 = SURFACE_CURVE('',#12164,(#12168,#12175),.PCURVE_S1.);
#12164 = LINE('',#12165,#12166);
#12165 = CARTESIAN_POINT('',(75.12483747796,2.204405529982,1.4));
#12166 = VECTOR('',#12167,1.);
#12167 = DIRECTION('',(0.,0.,1.));
#12168 = PCURVE('',#6536,#12169);
#12169 = DEFINITIONAL_REPRESENTATION('',(#12170),#12174);
#12170 = LINE('',#12171,#12172);
#12171 = CARTESIAN_POINT('',(0.575810220893,0.));
#12172 = VECTOR('',#12173,1.);
#12173 = DIRECTION('',(0.,-1.));
#12174 = ( GEOMETRIC_REPRESENTATION_CONTEXT(2) 
PARAMETRIC_REPRESENTATION_CONTEXT() REPRESENTATION_CONTEXT('2D SPACE',''
  ) );
#12175 = PCURVE('',#6510,#12176);
#12176 = DEFINITIONAL_REPRESENTATION('',(#12177),#12181);
#12177 = LINE('',#12178,#12179);
#12178 = CARTESIAN_POINT('',(0.,0.));
#12179 = VECTOR('',#12180,1.);
#12180 = DIRECTION('',(0.,-1.));
#12181 = ( GEOMETRIC_REPRESENTATION_CONTEXT(2) 
PARAMETRIC_REPRESENTATION_CONTEXT() REPRESENTATION_CONTEXT('2D SPACE',''
  ) );
#12182 = ADVANCED_FACE('',(#12183),#6510,.F.);
#12183 = FACE_BOUND('',#12184,.F.);
#12184 = EDGE_LOOP('',(#12185,#12208,#12209,#12210));
#12185 = ORIENTED_EDGE('',*,*,#12186,.F.);
#12186 = EDGE_CURVE('',#12138,#12187,#12189,.T.);
#12187 = VERTEX_POINT('',#12188);
#12188 = CARTESIAN_POINT('',(74.690368280245,2.029959147851,1.4));
#12189 = SURFACE_CURVE('',#12190,(#12194,#12201),.PCURVE_S1.);
#12190 = LINE('',#12191,#12192);
#12191 = CARTESIAN_POINT('',(75.12483747796,2.204405529982,1.4));
#12192 = VECTOR('',#12193,1.);
#12193 = DIRECTION('',(-0.927990748365,-0.372603235291,0.));
#12194 = PCURVE('',#6510,#12195);
#12195 = DEFINITIONAL_REPRESENTATION('',(#12196),#12200);
#12196 = LINE('',#12197,#12198);
#12197 = CARTESIAN_POINT('',(0.,0.));
#12198 = VECTOR('',#12199,1.);
#12199 = DIRECTION('',(1.,0.));
#12200 = ( GEOMETRIC_REPRESENTATION_CONTEXT(2) 
PARAMETRIC_REPRESENTATION_CONTEXT() REPRESENTATION_CONTEXT('2D SPACE',''
  ) );
#12201 = PCURVE('',#11115,#12202);
#12202 = DEFINITIONAL_REPRESENTATION('',(#12203),#12207);
#12203 = LINE('',#12204,#12205);
#12204 = CARTESIAN_POINT('',(8.824210296231,-41.35386903301));
#12205 = VECTOR('',#12206,1.);
#12206 = DIRECTION('',(0.927990748365,-0.372603235291));
#12207 = ( GEOMETRIC_REPRESENTATION_CONTEXT(2) 
PARAMETRIC_REPRESENTATION_CONTEXT() REPRESENTATION_CONTEXT('2D SPACE',''
  ) );
#12208 = ORIENTED_EDGE('',*,*,#12162,.T.);
#12209 = ORIENTED_EDGE('',*,*,#6495,.T.);
#12210 = ORIENTED_EDGE('',*,*,#12211,.F.);
#12211 = EDGE_CURVE('',#12187,#6470,#12212,.T.);
#12212 = SURFACE_CURVE('',#12213,(#12217,#12224),.PCURVE_S1.);
#12213 = LINE('',#12214,#12215);
#12214 = CARTESIAN_POINT('',(74.690368280245,2.029959147851,1.4));
#12215 = VECTOR('',#12216,1.);
#12216 = DIRECTION('',(0.,0.,1.));
#12217 = PCURVE('',#6510,#12218);
#12218 = DEFINITIONAL_REPRESENTATION('',(#12219),#12223);
#12219 = LINE('',#12220,#12221);
#12220 = CARTESIAN_POINT('',(0.468182682296,0.));
#12221 = VECTOR('',#12222,1.);
#12222 = DIRECTION('',(0.,-1.));
#12223 = ( GEOMETRIC_REPRESENTATION_CONTEXT(2) 
PARAMETRIC_REPRESENTATION_CONTEXT() REPRESENTATION_CONTEXT('2D SPACE',''
  ) );
#12224 = PCURVE('',#6484,#12225);
#12225 = DEFINITIONAL_REPRESENTATION('',(#12226),#12230);
#12226 = LINE('',#12227,#12228);
#12227 = CARTESIAN_POINT('',(0.,0.));
#12228 = VECTOR('',#12229,1.);
#12229 = DIRECTION('',(0.,-1.));
#12230 = ( GEOMETRIC_REPRESENTATION_CONTEXT(2) 
PARAMETRIC_REPRESENTATION_CONTEXT() REPRESENTATION_CONTEXT('2D SPACE',''
  ) );
#12231 = ADVANCED_FACE('',(#12232),#6484,.F.);
#12232 = FACE_BOUND('',#12233,.F.);
#12233 = EDGE_LOOP('',(#12234,#12257,#12258,#12259));
#12234 = ORIENTED_EDGE('',*,*,#12235,.F.);
#12235 = EDGE_CURVE('',#12187,#12236,#12238,.T.);
#12236 = VERTEX_POINT('',#12237);
#12237 = CARTESIAN_POINT('',(74.173507797714,1.929737479384,1.4));
#12238 = SURFACE_CURVE('',#12239,(#12243,#12250),.PCURVE_S1.);
#12239 = LINE('',#12240,#12241);
#12240 = CARTESIAN_POINT('',(74.690368280245,2.029959147851,1.4));
#12241 = VECTOR('',#12242,1.);
#12242 = DIRECTION('',(-0.981714537535,-0.190359047047,0.));
#12243 = PCURVE('',#6484,#12244);
#12244 = DEFINITIONAL_REPRESENTATION('',(#12245),#12249);
#12245 = LINE('',#12246,#12247);
#12246 = CARTESIAN_POINT('',(0.,0.));
#12247 = VECTOR('',#12248,1.);
#12248 = DIRECTION('',(1.,0.));
#12249 = ( GEOMETRIC_REPRESENTATION_CONTEXT(2) 
PARAMETRIC_REPRESENTATION_CONTEXT() REPRESENTATION_CONTEXT('2D SPACE',''
  ) );
#12250 = PCURVE('',#11115,#12251);
#12251 = DEFINITIONAL_REPRESENTATION('',(#12252),#12256);
#12252 = LINE('',#12253,#12254);
#12253 = CARTESIAN_POINT('',(9.258679493946,-41.52831541514));
#12254 = VECTOR('',#12255,1.);
#12255 = DIRECTION('',(0.981714537535,-0.190359047047));
#12256 = ( GEOMETRIC_REPRESENTATION_CONTEXT(2) 
PARAMETRIC_REPRESENTATION_CONTEXT() REPRESENTATION_CONTEXT('2D SPACE',''
  ) );
#12257 = ORIENTED_EDGE('',*,*,#12211,.T.);
#12258 = ORIENTED_EDGE('',*,*,#6469,.T.);
#12259 = ORIENTED_EDGE('',*,*,#12260,.F.);
#12260 = EDGE_CURVE('',#12236,#6444,#12261,.T.);
#12261 = SURFACE_CURVE('',#12262,(#12266,#12273),.PCURVE_S1.);
#12262 = LINE('',#12263,#12264);
#12263 = CARTESIAN_POINT('',(74.173507797714,1.929737479384,1.4));
#12264 = VECTOR('',#12265,1.);
#12265 = DIRECTION('',(0.,0.,1.));
#12266 = PCURVE('',#6484,#12267);
#12267 = DEFINITIONAL_REPRESENTATION('',(#12268),#12272);
#12268 = LINE('',#12269,#12270);
#12269 = CARTESIAN_POINT('',(0.526487550881,0.));
#12270 = VECTOR('',#12271,1.);
#12271 = DIRECTION('',(0.,-1.));
#12272 = ( GEOMETRIC_REPRESENTATION_CONTEXT(2) 
PARAMETRIC_REPRESENTATION_CONTEXT() REPRESENTATION_CONTEXT('2D SPACE',''
  ) );
#12273 = PCURVE('',#6458,#12274);
#12274 = DEFINITIONAL_REPRESENTATION('',(#12275),#12279);
#12275 = LINE('',#12276,#12277);
#12276 = CARTESIAN_POINT('',(0.,0.));
#12277 = VECTOR('',#12278,1.);
#12278 = DIRECTION('',(0.,-1.));
#12279 = ( GEOMETRIC_REPRESENTATION_CONTEXT(2) 
PARAMETRIC_REPRESENTATION_CONTEXT() REPRESENTATION_CONTEXT('2D SPACE',''
  ) );
#12280 = ADVANCED_FACE('',(#12281),#6458,.F.);
#12281 = FACE_BOUND('',#12282,.F.);
#12282 = EDGE_LOOP('',(#12283,#12306,#12307,#12308));
#12283 = ORIENTED_EDGE('',*,*,#12284,.F.);
#12284 = EDGE_CURVE('',#12236,#12285,#12287,.T.);
#12285 = VERTEX_POINT('',#12286);
#12286 = CARTESIAN_POINT('',(57.901866519384,1.909510976355,1.4));
#12287 = SURFACE_CURVE('',#12288,(#12292,#12299),.PCURVE_S1.);
#12288 = LINE('',#12289,#12290);
#12289 = CARTESIAN_POINT('',(74.173507797714,1.929737479384,1.4));
#12290 = VECTOR('',#12291,1.);
#12291 = DIRECTION('',(-0.999999227411,-1.24305145721E-03,0.));
#12292 = PCURVE('',#6458,#12293);
#12293 = DEFINITIONAL_REPRESENTATION('',(#12294),#12298);
#12294 = LINE('',#12295,#12296);
#12295 = CARTESIAN_POINT('',(0.,0.));
#12296 = VECTOR('',#12297,1.);
#12297 = DIRECTION('',(1.,0.));
#12298 = ( GEOMETRIC_REPRESENTATION_CONTEXT(2) 
PARAMETRIC_REPRESENTATION_CONTEXT() REPRESENTATION_CONTEXT('2D SPACE',''
  ) );
#12299 = PCURVE('',#11115,#12300);
#12300 = DEFINITIONAL_REPRESENTATION('',(#12301),#12305);
#12301 = LINE('',#12302,#12303);
#12302 = CARTESIAN_POINT('',(9.775539976477,-41.62853708361));
#12303 = VECTOR('',#12304,1.);
#12304 = DIRECTION('',(0.999999227411,-1.24305145721E-03));
#12305 = ( GEOMETRIC_REPRESENTATION_CONTEXT(2) 
PARAMETRIC_REPRESENTATION_CONTEXT() REPRESENTATION_CONTEXT('2D SPACE',''
  ) );
#12306 = ORIENTED_EDGE('',*,*,#12260,.T.);
#12307 = ORIENTED_EDGE('',*,*,#6443,.T.);
#12308 = ORIENTED_EDGE('',*,*,#12309,.F.);
#12309 = EDGE_CURVE('',#12285,#6418,#12310,.T.);
#12310 = SURFACE_CURVE('',#12311,(#12315,#12322),.PCURVE_S1.);
#12311 = LINE('',#12312,#12313);
#12312 = CARTESIAN_POINT('',(57.901866519384,1.909510976355,1.4));
#12313 = VECTOR('',#12314,1.);
#12314 = DIRECTION('',(0.,0.,1.));
#12315 = PCURVE('',#6458,#12316);
#12316 = DEFINITIONAL_REPRESENTATION('',(#12317),#12321);
#12317 = LINE('',#12318,#12319);
#12318 = CARTESIAN_POINT('',(16.271653849627,0.));
#12319 = VECTOR('',#12320,1.);
#12320 = DIRECTION('',(0.,-1.));
#12321 = ( GEOMETRIC_REPRESENTATION_CONTEXT(2) 
PARAMETRIC_REPRESENTATION_CONTEXT() REPRESENTATION_CONTEXT('2D SPACE',''
  ) );
#12322 = PCURVE('',#6432,#12323);
#12323 = DEFINITIONAL_REPRESENTATION('',(#12324),#12328);
#12324 = LINE('',#12325,#12326);
#12325 = CARTESIAN_POINT('',(0.,0.));
#12326 = VECTOR('',#12327,1.);
#12327 = DIRECTION('',(0.,-1.));
#12328 = ( GEOMETRIC_REPRESENTATION_CONTEXT(2) 
PARAMETRIC_REPRESENTATION_CONTEXT() REPRESENTATION_CONTEXT('2D SPACE',''
  ) );
#12329 = ADVANCED_FACE('',(#12330),#6432,.F.);
#12330 = FACE_BOUND('',#12331,.F.);
#12331 = EDGE_LOOP('',(#12332,#12355,#12356,#12357));
#12332 = ORIENTED_EDGE('',*,*,#12333,.F.);
#12333 = EDGE_CURVE('',#12285,#12334,#12336,.T.);
#12334 = VERTEX_POINT('',#12335);
#12335 = CARTESIAN_POINT('',(57.610694716693,1.939810220999,1.4));
#12336 = SURFACE_CURVE('',#12337,(#12341,#12348),.PCURVE_S1.);
#12337 = LINE('',#12338,#12339);
#12338 = CARTESIAN_POINT('',(57.901866519384,1.909510976355,1.4));
#12339 = VECTOR('',#12340,1.);
#12340 = DIRECTION('',(-0.994629368916,0.103500813956,0.));
#12341 = PCURVE('',#6432,#12342);
#12342 = DEFINITIONAL_REPRESENTATION('',(#12343),#12347);
#12343 = LINE('',#12344,#12345);
#12344 = CARTESIAN_POINT('',(0.,0.));
#12345 = VECTOR('',#12346,1.);
#12346 = DIRECTION('',(1.,0.));
#12347 = ( GEOMETRIC_REPRESENTATION_CONTEXT(2) 
PARAMETRIC_REPRESENTATION_CONTEXT() REPRESENTATION_CONTEXT('2D SPACE',''
  ) );
#12348 = PCURVE('',#11115,#12349);
#12349 = DEFINITIONAL_REPRESENTATION('',(#12350),#12354);
#12350 = LINE('',#12351,#12352);
#12351 = CARTESIAN_POINT('',(26.047181254807,-41.64876358664));
#12352 = VECTOR('',#12353,1.);
#12353 = DIRECTION('',(0.994629368916,0.103500813956));
#12354 = ( GEOMETRIC_REPRESENTATION_CONTEXT(2) 
PARAMETRIC_REPRESENTATION_CONTEXT() REPRESENTATION_CONTEXT('2D SPACE',''
  ) );
#12355 = ORIENTED_EDGE('',*,*,#12309,.T.);
#12356 = ORIENTED_EDGE('',*,*,#6417,.T.);
#12357 = ORIENTED_EDGE('',*,*,#12358,.F.);
#12358 = EDGE_CURVE('',#12334,#6392,#12359,.T.);
#12359 = SURFACE_CURVE('',#12360,(#12364,#12371),.PCURVE_S1.);
#12360 = LINE('',#12361,#12362);
#12361 = CARTESIAN_POINT('',(57.610694716693,1.939810220999,1.4));
#12362 = VECTOR('',#12363,1.);
#12363 = DIRECTION('',(0.,0.,1.));
#12364 = PCURVE('',#6432,#12365);
#12365 = DEFINITIONAL_REPRESENTATION('',(#12366),#12370);
#12366 = LINE('',#12367,#12368);
#12367 = CARTESIAN_POINT('',(0.29274402284,0.));
#12368 = VECTOR('',#12369,1.);
#12369 = DIRECTION('',(0.,-1.));
#12370 = ( GEOMETRIC_REPRESENTATION_CONTEXT(2) 
PARAMETRIC_REPRESENTATION_CONTEXT() REPRESENTATION_CONTEXT('2D SPACE',''
  ) );
#12371 = PCURVE('',#6406,#12372);
#12372 = DEFINITIONAL_REPRESENTATION('',(#12373),#12377);
#12373 = LINE('',#12374,#12375);
#12374 = CARTESIAN_POINT('',(0.,0.));
#12375 = VECTOR('',#12376,1.);
#12376 = DIRECTION('',(0.,-1.));
#12377 = ( GEOMETRIC_REPRESENTATION_CONTEXT(2) 
PARAMETRIC_REPRESENTATION_CONTEXT() REPRESENTATION_CONTEXT('2D SPACE',''
  ) );
#12378 = ADVANCED_FACE('',(#12379),#6406,.F.);
#12379 = FACE_BOUND('',#12380,.F.);
#12380 = EDGE_LOOP('',(#12381,#12404,#12405,#12406));
#12381 = ORIENTED_EDGE('',*,*,#12382,.F.);
#12382 = EDGE_CURVE('',#12334,#12383,#12385,.T.);
#12383 = VERTEX_POINT('',#12384);
#12384 = CARTESIAN_POINT('',(57.410001988729,1.982296079162,1.4));
#12385 = SURFACE_CURVE('',#12386,(#12390,#12397),.PCURVE_S1.);
#12386 = LINE('',#12387,#12388);
#12387 = CARTESIAN_POINT('',(57.610694716693,1.939810220999,1.4));
#12388 = VECTOR('',#12389,1.);
#12389 = DIRECTION('',(-0.978318475247,0.207106158748,0.));
#12390 = PCURVE('',#6406,#12391);
#12391 = DEFINITIONAL_REPRESENTATION('',(#12392),#12396);
#12392 = LINE('',#12393,#12394);
#12393 = CARTESIAN_POINT('',(0.,0.));
#12394 = VECTOR('',#12395,1.);
#12395 = DIRECTION('',(1.,0.));
#12396 = ( GEOMETRIC_REPRESENTATION_CONTEXT(2) 
PARAMETRIC_REPRESENTATION_CONTEXT() REPRESENTATION_CONTEXT('2D SPACE',''
  ) );
#12397 = PCURVE('',#11115,#12398);
#12398 = DEFINITIONAL_REPRESENTATION('',(#12399),#12403);
#12399 = LINE('',#12400,#12401);
#12400 = CARTESIAN_POINT('',(26.338353057498,-41.61846434199));
#12401 = VECTOR('',#12402,1.);
#12402 = DIRECTION('',(0.978318475247,0.207106158748));
#12403 = ( GEOMETRIC_REPRESENTATION_CONTEXT(2) 
PARAMETRIC_REPRESENTATION_CONTEXT() REPRESENTATION_CONTEXT('2D SPACE',''
  ) );
#12404 = ORIENTED_EDGE('',*,*,#12358,.T.);
#12405 = ORIENTED_EDGE('',*,*,#6391,.T.);
#12406 = ORIENTED_EDGE('',*,*,#12407,.F.);
#12407 = EDGE_CURVE('',#12383,#6366,#12408,.T.);
#12408 = SURFACE_CURVE('',#12409,(#12413,#12420),.PCURVE_S1.);
#12409 = LINE('',#12410,#12411);
#12410 = CARTESIAN_POINT('',(57.410001988729,1.982296079162,1.4));
#12411 = VECTOR('',#12412,1.);
#12412 = DIRECTION('',(0.,0.,1.));
#12413 = PCURVE('',#6406,#12414);
#12414 = DEFINITIONAL_REPRESENTATION('',(#12415),#12419);
#12415 = LINE('',#12416,#12417);
#12416 = CARTESIAN_POINT('',(0.2051404865,0.));
#12417 = VECTOR('',#12418,1.);
#12418 = DIRECTION('',(0.,-1.));
#12419 = ( GEOMETRIC_REPRESENTATION_CONTEXT(2) 
PARAMETRIC_REPRESENTATION_CONTEXT() REPRESENTATION_CONTEXT('2D SPACE',''
  ) );
#12420 = PCURVE('',#6380,#12421);
#12421 = DEFINITIONAL_REPRESENTATION('',(#12422),#12426);
#12422 = LINE('',#12423,#12424);
#12423 = CARTESIAN_POINT('',(0.,0.));
#12424 = VECTOR('',#12425,1.);
#12425 = DIRECTION('',(0.,-1.));
#12426 = ( GEOMETRIC_REPRESENTATION_CONTEXT(2) 
PARAMETRIC_REPRESENTATION_CONTEXT() REPRESENTATION_CONTEXT('2D SPACE',''
  ) );
#12427 = ADVANCED_FACE('',(#12428),#6380,.F.);
#12428 = FACE_BOUND('',#12429,.F.);
#12429 = EDGE_LOOP('',(#12430,#12453,#12454,#12455));
#12430 = ORIENTED_EDGE('',*,*,#12431,.F.);
#12431 = EDGE_CURVE('',#12383,#12432,#12434,.T.);
#12432 = VERTEX_POINT('',#12433);
#12433 = CARTESIAN_POINT('',(56.84828312182,2.200988727721,1.4));
#12434 = SURFACE_CURVE('',#12435,(#12439,#12446),.PCURVE_S1.);
#12435 = LINE('',#12436,#12437);
#12436 = CARTESIAN_POINT('',(57.410001988729,1.982296079162,1.4));
#12437 = VECTOR('',#12438,1.);
#12438 = DIRECTION('',(-0.93186650925,0.362801335359,0.));
#12439 = PCURVE('',#6380,#12440);
#12440 = DEFINITIONAL_REPRESENTATION('',(#12441),#12445);
#12441 = LINE('',#12442,#12443);
#12442 = CARTESIAN_POINT('',(0.,0.));
#12443 = VECTOR('',#12444,1.);
#12444 = DIRECTION('',(1.,0.));
#12445 = ( GEOMETRIC_REPRESENTATION_CONTEXT(2) 
PARAMETRIC_REPRESENTATION_CONTEXT() REPRESENTATION_CONTEXT('2D SPACE',''
  ) );
#12446 = PCURVE('',#11115,#12447);
#12447 = DEFINITIONAL_REPRESENTATION('',(#12448),#12452);
#12448 = LINE('',#12449,#12450);
#12449 = CARTESIAN_POINT('',(26.539045785462,-41.57597848383));
#12450 = VECTOR('',#12451,1.);
#12451 = DIRECTION('',(0.93186650925,0.362801335359));
#12452 = ( GEOMETRIC_REPRESENTATION_CONTEXT(2) 
PARAMETRIC_REPRESENTATION_CONTEXT() REPRESENTATION_CONTEXT('2D SPACE',''
  ) );
#12453 = ORIENTED_EDGE('',*,*,#12407,.T.);
#12454 = ORIENTED_EDGE('',*,*,#6365,.T.);
#12455 = ORIENTED_EDGE('',*,*,#12456,.F.);
#12456 = EDGE_CURVE('',#12432,#6340,#12457,.T.);
#12457 = SURFACE_CURVE('',#12458,(#12462,#12469),.PCURVE_S1.);
#12458 = LINE('',#12459,#12460);
#12459 = CARTESIAN_POINT('',(56.84828312182,2.200988727721,1.4));
#12460 = VECTOR('',#12461,1.);
#12461 = DIRECTION('',(0.,0.,1.));
#12462 = PCURVE('',#6380,#12463);
#12463 = DEFINITIONAL_REPRESENTATION('',(#12464),#12468);
#12464 = LINE('',#12465,#12466);
#12465 = CARTESIAN_POINT('',(0.602788984617,0.));
#12466 = VECTOR('',#12467,1.);
#12467 = DIRECTION('',(0.,-1.));
#12468 = ( GEOMETRIC_REPRESENTATION_CONTEXT(2) 
PARAMETRIC_REPRESENTATION_CONTEXT() REPRESENTATION_CONTEXT('2D SPACE',''
  ) );
#12469 = PCURVE('',#6354,#12470);
#12470 = DEFINITIONAL_REPRESENTATION('',(#12471),#12475);
#12471 = LINE('',#12472,#12473);
#12472 = CARTESIAN_POINT('',(0.,0.));
#12473 = VECTOR('',#12474,1.);
#12474 = DIRECTION('',(0.,-1.));
#12475 = ( GEOMETRIC_REPRESENTATION_CONTEXT(2) 
PARAMETRIC_REPRESENTATION_CONTEXT() REPRESENTATION_CONTEXT('2D SPACE',''
  ) );
#12476 = ADVANCED_FACE('',(#12477),#6354,.F.);
#12477 = FACE_BOUND('',#12478,.F.);
#12478 = EDGE_LOOP('',(#12479,#12502,#12503,#12504));
#12479 = ORIENTED_EDGE('',*,*,#12480,.F.);
#12480 = EDGE_CURVE('',#12432,#12481,#12483,.T.);
#12481 = VERTEX_POINT('',#12482);
#12482 = CARTESIAN_POINT('',(56.394777175741,2.506426037243,1.4));
#12483 = SURFACE_CURVE('',#12484,(#12488,#12495),.PCURVE_S1.);
#12484 = LINE('',#12485,#12486);
#12485 = CARTESIAN_POINT('',(56.84828312182,2.200988727721,1.4));
#12486 = VECTOR('',#12487,1.);
#12487 = DIRECTION('',(-0.829424269002,0.558619174384,0.));
#12488 = PCURVE('',#6354,#12489);
#12489 = DEFINITIONAL_REPRESENTATION('',(#12490),#12494);
#12490 = LINE('',#12491,#12492);
#12491 = CARTESIAN_POINT('',(0.,0.));
#12492 = VECTOR('',#12493,1.);
#12493 = DIRECTION('',(1.,0.));
#12494 = ( GEOMETRIC_REPRESENTATION_CONTEXT(2) 
PARAMETRIC_REPRESENTATION_CONTEXT() REPRESENTATION_CONTEXT('2D SPACE',''
  ) );
#12495 = PCURVE('',#11115,#12496);
#12496 = DEFINITIONAL_REPRESENTATION('',(#12497),#12501);
#12497 = LINE('',#12498,#12499);
#12498 = CARTESIAN_POINT('',(27.100764652371,-41.35728583527));
#12499 = VECTOR('',#12500,1.);
#12500 = DIRECTION('',(0.829424269002,0.558619174384));
#12501 = ( GEOMETRIC_REPRESENTATION_CONTEXT(2) 
PARAMETRIC_REPRESENTATION_CONTEXT() REPRESENTATION_CONTEXT('2D SPACE',''
  ) );
#12502 = ORIENTED_EDGE('',*,*,#12456,.T.);
#12503 = ORIENTED_EDGE('',*,*,#6339,.T.);
#12504 = ORIENTED_EDGE('',*,*,#12505,.F.);
#12505 = EDGE_CURVE('',#12481,#6314,#12506,.T.);
#12506 = SURFACE_CURVE('',#12507,(#12511,#12518),.PCURVE_S1.);
#12507 = LINE('',#12508,#12509);
#12508 = CARTESIAN_POINT('',(56.394777175741,2.506426037243,1.4));
#12509 = VECTOR('',#12510,1.);
#12510 = DIRECTION('',(0.,0.,1.));
#12511 = PCURVE('',#6354,#12512);
#12512 = DEFINITIONAL_REPRESENTATION('',(#12513),#12517);
#12513 = LINE('',#12514,#12515);
#12514 = CARTESIAN_POINT('',(0.546771975486,0.));
#12515 = VECTOR('',#12516,1.);
#12516 = DIRECTION('',(0.,-1.));
#12517 = ( GEOMETRIC_REPRESENTATION_CONTEXT(2) 
PARAMETRIC_REPRESENTATION_CONTEXT() REPRESENTATION_CONTEXT('2D SPACE',''
  ) );
#12518 = PCURVE('',#6328,#12519);
#12519 = DEFINITIONAL_REPRESENTATION('',(#12520),#12524);
#12520 = LINE('',#12521,#12522);
#12521 = CARTESIAN_POINT('',(0.,0.));
#12522 = VECTOR('',#12523,1.);
#12523 = DIRECTION('',(0.,-1.));
#12524 = ( GEOMETRIC_REPRESENTATION_CONTEXT(2) 
PARAMETRIC_REPRESENTATION_CONTEXT() REPRESENTATION_CONTEXT('2D SPACE',''
  ) );
#12525 = ADVANCED_FACE('',(#12526),#6328,.F.);
#12526 = FACE_BOUND('',#12527,.F.);
#12527 = EDGE_LOOP('',(#12528,#12551,#12552,#12553));
#12528 = ORIENTED_EDGE('',*,*,#12529,.F.);
#12529 = EDGE_CURVE('',#12481,#12530,#12532,.T.);
#12530 = VERTEX_POINT('',#12531);
#12531 = CARTESIAN_POINT('',(56.017081413994,2.906049584304,1.4));
#12532 = SURFACE_CURVE('',#12533,(#12537,#12544),.PCURVE_S1.);
#12533 = LINE('',#12534,#12535);
#12534 = CARTESIAN_POINT('',(56.394777175741,2.506426037243,1.4));
#12535 = VECTOR('',#12536,1.);
#12536 = DIRECTION('',(-0.686886406457,0.726764793193,0.));
#12537 = PCURVE('',#6328,#12538);
#12538 = DEFINITIONAL_REPRESENTATION('',(#12539),#12543);
#12539 = LINE('',#12540,#12541);
#12540 = CARTESIAN_POINT('',(0.,0.));
#12541 = VECTOR('',#12542,1.);
#12542 = DIRECTION('',(1.,0.));
#12543 = ( GEOMETRIC_REPRESENTATION_CONTEXT(2) 
PARAMETRIC_REPRESENTATION_CONTEXT() REPRESENTATION_CONTEXT('2D SPACE',''
  ) );
#12544 = PCURVE('',#11115,#12545);
#12545 = DEFINITIONAL_REPRESENTATION('',(#12546),#12550);
#12546 = LINE('',#12547,#12548);
#12547 = CARTESIAN_POINT('',(27.55427059845,-41.05184852575));
#12548 = VECTOR('',#12549,1.);
#12549 = DIRECTION('',(0.686886406457,0.726764793193));
#12550 = ( GEOMETRIC_REPRESENTATION_CONTEXT(2) 
PARAMETRIC_REPRESENTATION_CONTEXT() REPRESENTATION_CONTEXT('2D SPACE',''
  ) );
#12551 = ORIENTED_EDGE('',*,*,#12505,.T.);
#12552 = ORIENTED_EDGE('',*,*,#6313,.T.);
#12553 = ORIENTED_EDGE('',*,*,#12554,.F.);
#12554 = EDGE_CURVE('',#12530,#6288,#12555,.T.);
#12555 = SURFACE_CURVE('',#12556,(#12560,#12567),.PCURVE_S1.);
#12556 = LINE('',#12557,#12558);
#12557 = CARTESIAN_POINT('',(56.017081413994,2.906049584304,1.4));
#12558 = VECTOR('',#12559,1.);
#12559 = DIRECTION('',(0.,0.,1.));
#12560 = PCURVE('',#6328,#12561);
#12561 = DEFINITIONAL_REPRESENTATION('',(#12562),#12566);
#12562 = LINE('',#12563,#12564);
#12563 = CARTESIAN_POINT('',(0.549866409055,0.));
#12564 = VECTOR('',#12565,1.);
#12565 = DIRECTION('',(0.,-1.));
#12566 = ( GEOMETRIC_REPRESENTATION_CONTEXT(2) 
PARAMETRIC_REPRESENTATION_CONTEXT() REPRESENTATION_CONTEXT('2D SPACE',''
  ) );
#12567 = PCURVE('',#6302,#12568);
#12568 = DEFINITIONAL_REPRESENTATION('',(#12569),#12573);
#12569 = LINE('',#12570,#12571);
#12570 = CARTESIAN_POINT('',(0.,0.));
#12571 = VECTOR('',#12572,1.);
#12572 = DIRECTION('',(0.,-1.));
#12573 = ( GEOMETRIC_REPRESENTATION_CONTEXT(2) 
PARAMETRIC_REPRESENTATION_CONTEXT() REPRESENTATION_CONTEXT('2D SPACE',''
  ) );
#12574 = ADVANCED_FACE('',(#12575),#6302,.F.);
#12575 = FACE_BOUND('',#12576,.F.);
#12576 = EDGE_LOOP('',(#12577,#12600,#12601,#12602));
#12577 = ORIENTED_EDGE('',*,*,#12578,.F.);
#12578 = EDGE_CURVE('',#12530,#12579,#12581,.T.);
#12579 = VERTEX_POINT('',#12580);
#12580 = CARTESIAN_POINT('',(55.818114303549,3.238516189654,1.4));
#12581 = SURFACE_CURVE('',#12582,(#12586,#12593),.PCURVE_S1.);
#12582 = LINE('',#12583,#12584);
#12583 = CARTESIAN_POINT('',(56.017081413994,2.906049584304,1.4));
#12584 = VECTOR('',#12585,1.);
#12585 = DIRECTION('',(-0.513522157722,0.85807633316,0.));
#12586 = PCURVE('',#6302,#12587);
#12587 = DEFINITIONAL_REPRESENTATION('',(#12588),#12592);
#12588 = LINE('',#12589,#12590);
#12589 = CARTESIAN_POINT('',(0.,0.));
#12590 = VECTOR('',#12591,1.);
#12591 = DIRECTION('',(1.,0.));
#12592 = ( GEOMETRIC_REPRESENTATION_CONTEXT(2) 
PARAMETRIC_REPRESENTATION_CONTEXT() REPRESENTATION_CONTEXT('2D SPACE',''
  ) );
#12593 = PCURVE('',#11115,#12594);
#12594 = DEFINITIONAL_REPRESENTATION('',(#12595),#12599);
#12595 = LINE('',#12596,#12597);
#12596 = CARTESIAN_POINT('',(27.931966360197,-40.65222497869));
#12597 = VECTOR('',#12598,1.);
#12598 = DIRECTION('',(0.513522157722,0.85807633316));
#12599 = ( GEOMETRIC_REPRESENTATION_CONTEXT(2) 
PARAMETRIC_REPRESENTATION_CONTEXT() REPRESENTATION_CONTEXT('2D SPACE',''
  ) );
#12600 = ORIENTED_EDGE('',*,*,#12554,.T.);
#12601 = ORIENTED_EDGE('',*,*,#6287,.T.);
#12602 = ORIENTED_EDGE('',*,*,#12603,.F.);
#12603 = EDGE_CURVE('',#12579,#6262,#12604,.T.);
#12604 = SURFACE_CURVE('',#12605,(#12609,#12616),.PCURVE_S1.);
#12605 = LINE('',#12606,#12607);
#12606 = CARTESIAN_POINT('',(55.818114303549,3.238516189654,1.4));
#12607 = VECTOR('',#12608,1.);
#12608 = DIRECTION('',(0.,0.,1.));
#12609 = PCURVE('',#6302,#12610);
#12610 = DEFINITIONAL_REPRESENTATION('',(#12611),#12615);
#12611 = LINE('',#12612,#12613);
#12612 = CARTESIAN_POINT('',(0.387455745489,0.));
#12613 = VECTOR('',#12614,1.);
#12614 = DIRECTION('',(0.,-1.));
#12615 = ( GEOMETRIC_REPRESENTATION_CONTEXT(2) 
PARAMETRIC_REPRESENTATION_CONTEXT() REPRESENTATION_CONTEXT('2D SPACE',''
  ) );
#12616 = PCURVE('',#6276,#12617);
#12617 = DEFINITIONAL_REPRESENTATION('',(#12618),#12622);
#12618 = LINE('',#12619,#12620);
#12619 = CARTESIAN_POINT('',(0.,0.));
#12620 = VECTOR('',#12621,1.);
#12621 = DIRECTION('',(0.,-1.));
#12622 = ( GEOMETRIC_REPRESENTATION_CONTEXT(2) 
PARAMETRIC_REPRESENTATION_CONTEXT() REPRESENTATION_CONTEXT('2D SPACE',''
  ) );
#12623 = ADVANCED_FACE('',(#12624),#6276,.F.);
#12624 = FACE_BOUND('',#12625,.F.);
#12625 = EDGE_LOOP('',(#12626,#12649,#12650,#12651));
#12626 = ORIENTED_EDGE('',*,*,#12627,.F.);
#12627 = EDGE_CURVE('',#12579,#12628,#12630,.T.);
#12628 = VERTEX_POINT('',#12629);
#12629 = CARTESIAN_POINT('',(55.625171041971,3.720967831864,1.4));
#12630 = SURFACE_CURVE('',#12631,(#12635,#12642),.PCURVE_S1.);
#12631 = LINE('',#12632,#12633);
#12632 = CARTESIAN_POINT('',(55.818114303549,3.238516189654,1.4));
#12633 = VECTOR('',#12634,1.);
#12634 = DIRECTION('',(-0.371328633221,0.928501505734,0.));
#12635 = PCURVE('',#6276,#12636);
#12636 = DEFINITIONAL_REPRESENTATION('',(#12637),#12641);
#12637 = LINE('',#12638,#12639);
#12638 = CARTESIAN_POINT('',(0.,0.));
#12639 = VECTOR('',#12640,1.);
#12640 = DIRECTION('',(1.,0.));
#12641 = ( GEOMETRIC_REPRESENTATION_CONTEXT(2) 
PARAMETRIC_REPRESENTATION_CONTEXT() REPRESENTATION_CONTEXT('2D SPACE',''
  ) );
#12642 = PCURVE('',#11115,#12643);
#12643 = DEFINITIONAL_REPRESENTATION('',(#12644),#12648);
#12644 = LINE('',#12645,#12646);
#12645 = CARTESIAN_POINT('',(28.130933470642,-40.31975837334));
#12646 = VECTOR('',#12647,1.);
#12647 = DIRECTION('',(0.371328633221,0.928501505734));
#12648 = ( GEOMETRIC_REPRESENTATION_CONTEXT(2) 
PARAMETRIC_REPRESENTATION_CONTEXT() REPRESENTATION_CONTEXT('2D SPACE',''
  ) );
#12649 = ORIENTED_EDGE('',*,*,#12603,.T.);
#12650 = ORIENTED_EDGE('',*,*,#6261,.T.);
#12651 = ORIENTED_EDGE('',*,*,#12652,.F.);
#12652 = EDGE_CURVE('',#12628,#6236,#12653,.T.);
#12653 = SURFACE_CURVE('',#12654,(#12658,#12665),.PCURVE_S1.);
#12654 = LINE('',#12655,#12656);
#12655 = CARTESIAN_POINT('',(55.625171041971,3.720967831864,1.4));
#12656 = VECTOR('',#12657,1.);
#12657 = DIRECTION('',(0.,0.,1.));
#12658 = PCURVE('',#6276,#12659);
#12659 = DEFINITIONAL_REPRESENTATION('',(#12660),#12664);
#12660 = LINE('',#12661,#12662);
#12661 = CARTESIAN_POINT('',(0.519602433847,0.));
#12662 = VECTOR('',#12663,1.);
#12663 = DIRECTION('',(0.,-1.));
#12664 = ( GEOMETRIC_REPRESENTATION_CONTEXT(2) 
PARAMETRIC_REPRESENTATION_CONTEXT() REPRESENTATION_CONTEXT('2D SPACE',''
  ) );
#12665 = PCURVE('',#6250,#12666);
#12666 = DEFINITIONAL_REPRESENTATION('',(#12667),#12671);
#12667 = LINE('',#12668,#12669);
#12668 = CARTESIAN_POINT('',(0.,0.));
#12669 = VECTOR('',#12670,1.);
#12670 = DIRECTION('',(0.,-1.));
#12671 = ( GEOMETRIC_REPRESENTATION_CONTEXT(2) 
PARAMETRIC_REPRESENTATION_CONTEXT() REPRESENTATION_CONTEXT('2D SPACE',''
  ) );
#12672 = ADVANCED_FACE('',(#12673),#6250,.F.);
#12673 = FACE_BOUND('',#12674,.F.);
#12674 = EDGE_LOOP('',(#12675,#12698,#12699,#12700));
#12675 = ORIENTED_EDGE('',*,*,#12676,.F.);
#12676 = EDGE_CURVE('',#12628,#12677,#12679,.T.);
#12677 = VERTEX_POINT('',#12678);
#12678 = CARTESIAN_POINT('',(55.526034289338,4.202712085893,1.4));
#12679 = SURFACE_CURVE('',#12680,(#12684,#12691),.PCURVE_S1.);
#12680 = LINE('',#12681,#12682);
#12681 = CARTESIAN_POINT('',(55.625171041971,3.720967831864,1.4));
#12682 = VECTOR('',#12683,1.);
#12683 = DIRECTION('',(-0.201563415092,0.979475466613,0.));
#12684 = PCURVE('',#6250,#12685);
#12685 = DEFINITIONAL_REPRESENTATION('',(#12686),#12690);
#12686 = LINE('',#12687,#12688);
#12687 = CARTESIAN_POINT('',(0.,0.));
#12688 = VECTOR('',#12689,1.);
#12689 = DIRECTION('',(1.,0.));
#12690 = ( GEOMETRIC_REPRESENTATION_CONTEXT(2) 
PARAMETRIC_REPRESENTATION_CONTEXT() REPRESENTATION_CONTEXT('2D SPACE',''
  ) );
#12691 = PCURVE('',#11115,#12692);
#12692 = DEFINITIONAL_REPRESENTATION('',(#12693),#12697);
#12693 = LINE('',#12694,#12695);
#12694 = CARTESIAN_POINT('',(28.32387673222,-39.83730673113));
#12695 = VECTOR('',#12696,1.);
#12696 = DIRECTION('',(0.201563415092,0.979475466613));
#12697 = ( GEOMETRIC_REPRESENTATION_CONTEXT(2) 
PARAMETRIC_REPRESENTATION_CONTEXT() REPRESENTATION_CONTEXT('2D SPACE',''
  ) );
#12698 = ORIENTED_EDGE('',*,*,#12652,.T.);
#12699 = ORIENTED_EDGE('',*,*,#6235,.T.);
#12700 = ORIENTED_EDGE('',*,*,#12701,.F.);
#12701 = EDGE_CURVE('',#12677,#6210,#12702,.T.);
#12702 = SURFACE_CURVE('',#12703,(#12707,#12714),.PCURVE_S1.);
#12703 = LINE('',#12704,#12705);
#12704 = CARTESIAN_POINT('',(55.526034289338,4.202712085893,1.4));
#12705 = VECTOR('',#12706,1.);
#12706 = DIRECTION('',(0.,0.,1.));
#12707 = PCURVE('',#6250,#12708);
#12708 = DEFINITIONAL_REPRESENTATION('',(#12709),#12713);
#12709 = LINE('',#12710,#12711);
#12710 = CARTESIAN_POINT('',(0.491839020425,0.));
#12711 = VECTOR('',#12712,1.);
#12712 = DIRECTION('',(0.,-1.));
#12713 = ( GEOMETRIC_REPRESENTATION_CONTEXT(2) 
PARAMETRIC_REPRESENTATION_CONTEXT() REPRESENTATION_CONTEXT('2D SPACE',''
  ) );
#12714 = PCURVE('',#6224,#12715);
#12715 = DEFINITIONAL_REPRESENTATION('',(#12716),#12720);
#12716 = LINE('',#12717,#12718);
#12717 = CARTESIAN_POINT('',(0.,0.));
#12718 = VECTOR('',#12719,1.);
#12719 = DIRECTION('',(0.,-1.));
#12720 = ( GEOMETRIC_REPRESENTATION_CONTEXT(2) 
PARAMETRIC_REPRESENTATION_CONTEXT() REPRESENTATION_CONTEXT('2D SPACE',''
  ) );
#12721 = ADVANCED_FACE('',(#12722),#6224,.F.);
#12722 = FACE_BOUND('',#12723,.F.);
#12723 = EDGE_LOOP('',(#12724,#12747,#12748,#12749));
#12724 = ORIENTED_EDGE('',*,*,#12725,.F.);
#12725 = EDGE_CURVE('',#12677,#12726,#12728,.T.);
#12726 = VERTEX_POINT('',#12727);
#12727 = CARTESIAN_POINT('',(55.457326453415,6.899927016541,1.4));
#12728 = SURFACE_CURVE('',#12729,(#12733,#12740),.PCURVE_S1.);
#12729 = LINE('',#12730,#12731);
#12730 = CARTESIAN_POINT('',(55.526034289338,4.202712085893,1.4));
#12731 = VECTOR('',#12732,1.);
#12732 = DIRECTION('',(-2.546536189635E-02,0.999675705088,0.));
#12733 = PCURVE('',#6224,#12734);
#12734 = DEFINITIONAL_REPRESENTATION('',(#12735),#12739);
#12735 = LINE('',#12736,#12737);
#12736 = CARTESIAN_POINT('',(0.,0.));
#12737 = VECTOR('',#12738,1.);
#12738 = DIRECTION('',(1.,0.));
#12739 = ( GEOMETRIC_REPRESENTATION_CONTEXT(2) 
PARAMETRIC_REPRESENTATION_CONTEXT() REPRESENTATION_CONTEXT('2D SPACE',''
  ) );
#12740 = PCURVE('',#11115,#12741);
#12741 = DEFINITIONAL_REPRESENTATION('',(#12742),#12746);
#12742 = LINE('',#12743,#12744);
#12743 = CARTESIAN_POINT('',(28.423013484853,-39.3555624771));
#12744 = VECTOR('',#12745,1.);
#12745 = DIRECTION('',(2.546536189635E-02,0.999675705088));
#12746 = ( GEOMETRIC_REPRESENTATION_CONTEXT(2) 
PARAMETRIC_REPRESENTATION_CONTEXT() REPRESENTATION_CONTEXT('2D SPACE',''
  ) );
#12747 = ORIENTED_EDGE('',*,*,#12701,.T.);
#12748 = ORIENTED_EDGE('',*,*,#6209,.T.);
#12749 = ORIENTED_EDGE('',*,*,#12750,.F.);
#12750 = EDGE_CURVE('',#12726,#6184,#12751,.T.);
#12751 = SURFACE_CURVE('',#12752,(#12756,#12763),.PCURVE_S1.);
#12752 = LINE('',#12753,#12754);
#12753 = CARTESIAN_POINT('',(55.457326453415,6.899927016541,1.4));
#12754 = VECTOR('',#12755,1.);
#12755 = DIRECTION('',(0.,0.,1.));
#12756 = PCURVE('',#6224,#12757);
#12757 = DEFINITIONAL_REPRESENTATION('',(#12758),#12762);
#12758 = LINE('',#12759,#12760);
#12759 = CARTESIAN_POINT('',(2.698089907477,0.));
#12760 = VECTOR('',#12761,1.);
#12761 = DIRECTION('',(0.,-1.));
#12762 = ( GEOMETRIC_REPRESENTATION_CONTEXT(2) 
PARAMETRIC_REPRESENTATION_CONTEXT() REPRESENTATION_CONTEXT('2D SPACE',''
  ) );
#12763 = PCURVE('',#6198,#12764);
#12764 = DEFINITIONAL_REPRESENTATION('',(#12765),#12769);
#12765 = LINE('',#12766,#12767);
#12766 = CARTESIAN_POINT('',(0.,0.));
#12767 = VECTOR('',#12768,1.);
#12768 = DIRECTION('',(0.,-1.));
#12769 = ( GEOMETRIC_REPRESENTATION_CONTEXT(2) 
PARAMETRIC_REPRESENTATION_CONTEXT() REPRESENTATION_CONTEXT('2D SPACE',''
  ) );
#12770 = ADVANCED_FACE('',(#12771),#6198,.F.);
#12771 = FACE_BOUND('',#12772,.F.);
#12772 = EDGE_LOOP('',(#12773,#12796,#12797,#12798));
#12773 = ORIENTED_EDGE('',*,*,#12774,.F.);
#12774 = EDGE_CURVE('',#12726,#12775,#12777,.T.);
#12775 = VERTEX_POINT('',#12776);
#12776 = CARTESIAN_POINT('',(40.089825461618,6.900695170416,1.4));
#12777 = SURFACE_CURVE('',#12778,(#12782,#12789),.PCURVE_S1.);
#12778 = LINE('',#12779,#12780);
#12779 = CARTESIAN_POINT('',(55.457326453415,6.899927016541,1.4));
#12780 = VECTOR('',#12781,1.);
#12781 = DIRECTION('',(-0.999999998751,4.99856075818E-05,0.));
#12782 = PCURVE('',#6198,#12783);
#12783 = DEFINITIONAL_REPRESENTATION('',(#12784),#12788);
#12784 = LINE('',#12785,#12786);
#12785 = CARTESIAN_POINT('',(0.,0.));
#12786 = VECTOR('',#12787,1.);
#12787 = DIRECTION('',(1.,0.));
#12788 = ( GEOMETRIC_REPRESENTATION_CONTEXT(2) 
PARAMETRIC_REPRESENTATION_CONTEXT() REPRESENTATION_CONTEXT('2D SPACE',''
  ) );
#12789 = PCURVE('',#11115,#12790);
#12790 = DEFINITIONAL_REPRESENTATION('',(#12791),#12795);
#12791 = LINE('',#12792,#12793);
#12792 = CARTESIAN_POINT('',(28.491721320776,-36.65834754645));
#12793 = VECTOR('',#12794,1.);
#12794 = DIRECTION('',(0.999999998751,4.99856075818E-05));
#12795 = ( GEOMETRIC_REPRESENTATION_CONTEXT(2) 
PARAMETRIC_REPRESENTATION_CONTEXT() REPRESENTATION_CONTEXT('2D SPACE',''
  ) );
#12796 = ORIENTED_EDGE('',*,*,#12750,.T.);
#12797 = ORIENTED_EDGE('',*,*,#6183,.T.);
#12798 = ORIENTED_EDGE('',*,*,#12799,.F.);
#12799 = EDGE_CURVE('',#12775,#6158,#12800,.T.);
#12800 = SURFACE_CURVE('',#12801,(#12805,#12812),.PCURVE_S1.);
#12801 = LINE('',#12802,#12803);
#12802 = CARTESIAN_POINT('',(40.089825461618,6.900695170416,1.4));
#12803 = VECTOR('',#12804,1.);
#12804 = DIRECTION('',(0.,0.,1.));
#12805 = PCURVE('',#6198,#12806);
#12806 = DEFINITIONAL_REPRESENTATION('',(#12807),#12811);
#12807 = LINE('',#12808,#12809);
#12808 = CARTESIAN_POINT('',(15.367501010995,0.));
#12809 = VECTOR('',#12810,1.);
#12810 = DIRECTION('',(0.,-1.));
#12811 = ( GEOMETRIC_REPRESENTATION_CONTEXT(2) 
PARAMETRIC_REPRESENTATION_CONTEXT() REPRESENTATION_CONTEXT('2D SPACE',''
  ) );
#12812 = PCURVE('',#6172,#12813);
#12813 = DEFINITIONAL_REPRESENTATION('',(#12814),#12818);
#12814 = LINE('',#12815,#12816);
#12815 = CARTESIAN_POINT('',(0.,0.));
#12816 = VECTOR('',#12817,1.);
#12817 = DIRECTION('',(0.,-1.));
#12818 = ( GEOMETRIC_REPRESENTATION_CONTEXT(2) 
PARAMETRIC_REPRESENTATION_CONTEXT() REPRESENTATION_CONTEXT('2D SPACE',''
  ) );
#12819 = ADVANCED_FACE('',(#12820),#6172,.F.);
#12820 = FACE_BOUND('',#12821,.F.);
#12821 = EDGE_LOOP('',(#12822,#12845,#12846,#12847));
#12822 = ORIENTED_EDGE('',*,*,#12823,.F.);
#12823 = EDGE_CURVE('',#12775,#12824,#12826,.T.);
#12824 = VERTEX_POINT('',#12825);
#12825 = CARTESIAN_POINT('',(39.297962058134,7.026189495461,1.4));
#12826 = SURFACE_CURVE('',#12827,(#12831,#12838),.PCURVE_S1.);
#12827 = LINE('',#12828,#12829);
#12828 = CARTESIAN_POINT('',(40.089825461618,6.900695170416,1.4));
#12829 = VECTOR('',#12830,1.);
#12830 = DIRECTION('',(-0.987673789601,0.156526308761,0.));
#12831 = PCURVE('',#6172,#12832);
#12832 = DEFINITIONAL_REPRESENTATION('',(#12833),#12837);
#12833 = LINE('',#12834,#12835);
#12834 = CARTESIAN_POINT('',(0.,0.));
#12835 = VECTOR('',#12836,1.);
#12836 = DIRECTION('',(1.,0.));
#12837 = ( GEOMETRIC_REPRESENTATION_CONTEXT(2) 
PARAMETRIC_REPRESENTATION_CONTEXT() REPRESENTATION_CONTEXT('2D SPACE',''
  ) );
#12838 = PCURVE('',#11115,#12839);
#12839 = DEFINITIONAL_REPRESENTATION('',(#12840),#12844);
#12840 = LINE('',#12841,#12842);
#12841 = CARTESIAN_POINT('',(43.859222312573,-36.65757939257));
#12842 = VECTOR('',#12843,1.);
#12843 = DIRECTION('',(0.987673789601,0.156526308761));
#12844 = ( GEOMETRIC_REPRESENTATION_CONTEXT(2) 
PARAMETRIC_REPRESENTATION_CONTEXT() REPRESENTATION_CONTEXT('2D SPACE',''
  ) );
#12845 = ORIENTED_EDGE('',*,*,#12799,.T.);
#12846 = ORIENTED_EDGE('',*,*,#6157,.T.);
#12847 = ORIENTED_EDGE('',*,*,#12848,.F.);
#12848 = EDGE_CURVE('',#12824,#6132,#12849,.T.);
#12849 = SURFACE_CURVE('',#12850,(#12854,#12861),.PCURVE_S1.);
#12850 = LINE('',#12851,#12852);
#12851 = CARTESIAN_POINT('',(39.297962058134,7.026189495461,1.4));
#12852 = VECTOR('',#12853,1.);
#12853 = DIRECTION('',(0.,0.,1.));
#12854 = PCURVE('',#6172,#12855);
#12855 = DEFINITIONAL_REPRESENTATION('',(#12856),#12860);
#12856 = LINE('',#12857,#12858);
#12857 = CARTESIAN_POINT('',(0.801745892036,0.));
#12858 = VECTOR('',#12859,1.);
#12859 = DIRECTION('',(0.,-1.));
#12860 = ( GEOMETRIC_REPRESENTATION_CONTEXT(2) 
PARAMETRIC_REPRESENTATION_CONTEXT() REPRESENTATION_CONTEXT('2D SPACE',''
  ) );
#12861 = PCURVE('',#6146,#12862);
#12862 = DEFINITIONAL_REPRESENTATION('',(#12863),#12867);
#12863 = LINE('',#12864,#12865);
#12864 = CARTESIAN_POINT('',(0.,0.));
#12865 = VECTOR('',#12866,1.);
#12866 = DIRECTION('',(0.,-1.));
#12867 = ( GEOMETRIC_REPRESENTATION_CONTEXT(2) 
PARAMETRIC_REPRESENTATION_CONTEXT() REPRESENTATION_CONTEXT('2D SPACE',''
  ) );
#12868 = ADVANCED_FACE('',(#12869),#6146,.F.);
#12869 = FACE_BOUND('',#12870,.F.);
#12870 = EDGE_LOOP('',(#12871,#12894,#12895,#12896));
#12871 = ORIENTED_EDGE('',*,*,#12872,.F.);
#12872 = EDGE_CURVE('',#12824,#12873,#12875,.T.);
#12873 = VERTEX_POINT('',#12874);
#12874 = CARTESIAN_POINT('',(38.902953792571,7.175470930229,1.4));
#12875 = SURFACE_CURVE('',#12876,(#12880,#12887),.PCURVE_S1.);
#12876 = LINE('',#12877,#12878);
#12877 = CARTESIAN_POINT('',(39.297962058134,7.026189495461,1.4));
#12878 = VECTOR('',#12879,1.);
#12879 = DIRECTION('',(-0.935428173983,0.35351680486,0.));
#12880 = PCURVE('',#6146,#12881);
#12881 = DEFINITIONAL_REPRESENTATION('',(#12882),#12886);
#12882 = LINE('',#12883,#12884);
#12883 = CARTESIAN_POINT('',(0.,0.));
#12884 = VECTOR('',#12885,1.);
#12885 = DIRECTION('',(1.,0.));
#12886 = ( GEOMETRIC_REPRESENTATION_CONTEXT(2) 
PARAMETRIC_REPRESENTATION_CONTEXT() REPRESENTATION_CONTEXT('2D SPACE',''
  ) );
#12887 = PCURVE('',#11115,#12888);
#12888 = DEFINITIONAL_REPRESENTATION('',(#12889),#12893);
#12889 = LINE('',#12890,#12891);
#12890 = CARTESIAN_POINT('',(44.651085716058,-36.53208506753));
#12891 = VECTOR('',#12892,1.);
#12892 = DIRECTION('',(0.935428173983,0.35351680486));
#12893 = ( GEOMETRIC_REPRESENTATION_CONTEXT(2) 
PARAMETRIC_REPRESENTATION_CONTEXT() REPRESENTATION_CONTEXT('2D SPACE',''
  ) );
#12894 = ORIENTED_EDGE('',*,*,#12848,.T.);
#12895 = ORIENTED_EDGE('',*,*,#6131,.T.);
#12896 = ORIENTED_EDGE('',*,*,#12897,.F.);
#12897 = EDGE_CURVE('',#12873,#6106,#12898,.T.);
#12898 = SURFACE_CURVE('',#12899,(#12903,#12910),.PCURVE_S1.);
#12899 = LINE('',#12900,#12901);
#12900 = CARTESIAN_POINT('',(38.902953792571,7.175470930229,1.4));
#12901 = VECTOR('',#12902,1.);
#12902 = DIRECTION('',(0.,0.,1.));
#12903 = PCURVE('',#6146,#12904);
#12904 = DEFINITIONAL_REPRESENTATION('',(#12905),#12909);
#12905 = LINE('',#12906,#12907);
#12906 = CARTESIAN_POINT('',(0.422275356408,0.));
#12907 = VECTOR('',#12908,1.);
#12908 = DIRECTION('',(0.,-1.));
#12909 = ( GEOMETRIC_REPRESENTATION_CONTEXT(2) 
PARAMETRIC_REPRESENTATION_CONTEXT() REPRESENTATION_CONTEXT('2D SPACE',''
  ) );
#12910 = PCURVE('',#6120,#12911);
#12911 = DEFINITIONAL_REPRESENTATION('',(#12912),#12916);
#12912 = LINE('',#12913,#12914);
#12913 = CARTESIAN_POINT('',(0.,0.));
#12914 = VECTOR('',#12915,1.);
#12915 = DIRECTION('',(0.,-1.));
#12916 = ( GEOMETRIC_REPRESENTATION_CONTEXT(2) 
PARAMETRIC_REPRESENTATION_CONTEXT() REPRESENTATION_CONTEXT('2D SPACE',''
  ) );
#12917 = ADVANCED_FACE('',(#12918),#6120,.F.);
#12918 = FACE_BOUND('',#12919,.F.);
#12919 = EDGE_LOOP('',(#12920,#12943,#12944,#12945));
#12920 = ORIENTED_EDGE('',*,*,#12921,.F.);
#12921 = EDGE_CURVE('',#12873,#12922,#12924,.T.);
#12922 = VERTEX_POINT('',#12923);
#12923 = CARTESIAN_POINT('',(38.621580582549,7.338940432962,1.4));
#12924 = SURFACE_CURVE('',#12925,(#12929,#12936),.PCURVE_S1.);
#12925 = LINE('',#12926,#12927);
#12926 = CARTESIAN_POINT('',(38.902953792571,7.175470930229,1.4));
#12927 = VECTOR('',#12928,1.);
#12928 = DIRECTION('',(-0.864666807223,0.502345809665,0.));
#12929 = PCURVE('',#6120,#12930);
#12930 = DEFINITIONAL_REPRESENTATION('',(#12931),#12935);
#12931 = LINE('',#12932,#12933);
#12932 = CARTESIAN_POINT('',(0.,0.));
#12933 = VECTOR('',#12934,1.);
#12934 = DIRECTION('',(1.,0.));
#12935 = ( GEOMETRIC_REPRESENTATION_CONTEXT(2) 
PARAMETRIC_REPRESENTATION_CONTEXT() REPRESENTATION_CONTEXT('2D SPACE',''
  ) );
#12936 = PCURVE('',#11115,#12937);
#12937 = DEFINITIONAL_REPRESENTATION('',(#12938),#12942);
#12938 = LINE('',#12939,#12940);
#12939 = CARTESIAN_POINT('',(45.04609398162,-36.38280363276));
#12940 = VECTOR('',#12941,1.);
#12941 = DIRECTION('',(0.864666807223,0.502345809665));
#12942 = ( GEOMETRIC_REPRESENTATION_CONTEXT(2) 
PARAMETRIC_REPRESENTATION_CONTEXT() REPRESENTATION_CONTEXT('2D SPACE',''
  ) );
#12943 = ORIENTED_EDGE('',*,*,#12897,.T.);
#12944 = ORIENTED_EDGE('',*,*,#6105,.T.);
#12945 = ORIENTED_EDGE('',*,*,#12946,.F.);
#12946 = EDGE_CURVE('',#12922,#6080,#12947,.T.);
#12947 = SURFACE_CURVE('',#12948,(#12952,#12959),.PCURVE_S1.);
#12948 = LINE('',#12949,#12950);
#12949 = CARTESIAN_POINT('',(38.621580582549,7.338940432962,1.4));
#12950 = VECTOR('',#12951,1.);
#12951 = DIRECTION('',(0.,0.,1.));
#12952 = PCURVE('',#6120,#12953);
#12953 = DEFINITIONAL_REPRESENTATION('',(#12954),#12958);
#12954 = LINE('',#12955,#12956);
#12955 = CARTESIAN_POINT('',(0.325412294853,0.));
#12956 = VECTOR('',#12957,1.);
#12957 = DIRECTION('',(0.,-1.));
#12958 = ( GEOMETRIC_REPRESENTATION_CONTEXT(2) 
PARAMETRIC_REPRESENTATION_CONTEXT() REPRESENTATION_CONTEXT('2D SPACE',''
  ) );
#12959 = PCURVE('',#6094,#12960);
#12960 = DEFINITIONAL_REPRESENTATION('',(#12961),#12965);
#12961 = LINE('',#12962,#12963);
#12962 = CARTESIAN_POINT('',(0.,0.));
#12963 = VECTOR('',#12964,1.);
#12964 = DIRECTION('',(0.,-1.));
#12965 = ( GEOMETRIC_REPRESENTATION_CONTEXT(2) 
PARAMETRIC_REPRESENTATION_CONTEXT() REPRESENTATION_CONTEXT('2D SPACE',''
  ) );
#12966 = ADVANCED_FACE('',(#12967),#6094,.F.);
#12967 = FACE_BOUND('',#12968,.F.);
#12968 = EDGE_LOOP('',(#12969,#12992,#12993,#12994));
#12969 = ORIENTED_EDGE('',*,*,#12970,.F.);
#12970 = EDGE_CURVE('',#12922,#12971,#12973,.T.);
#12971 = VERTEX_POINT('',#12972);
#12972 = CARTESIAN_POINT('',(38.244601928548,7.65966345925,1.4));
#12973 = SURFACE_CURVE('',#12974,(#12978,#12985),.PCURVE_S1.);
#12974 = LINE('',#12975,#12976);
#12975 = CARTESIAN_POINT('',(38.621580582549,7.338940432962,1.4));
#12976 = VECTOR('',#12977,1.);
#12977 = DIRECTION('',(-0.761648942589,0.647989882832,0.));
#12978 = PCURVE('',#6094,#12979);
#12979 = DEFINITIONAL_REPRESENTATION('',(#12980),#12984);
#12980 = LINE('',#12981,#12982);
#12981 = CARTESIAN_POINT('',(0.,0.));
#12982 = VECTOR('',#12983,1.);
#12983 = DIRECTION('',(1.,0.));
#12984 = ( GEOMETRIC_REPRESENTATION_CONTEXT(2) 
PARAMETRIC_REPRESENTATION_CONTEXT() REPRESENTATION_CONTEXT('2D SPACE',''
  ) );
#12985 = PCURVE('',#11115,#12986);
#12986 = DEFINITIONAL_REPRESENTATION('',(#12987),#12991);
#12987 = LINE('',#12988,#12989);
#12988 = CARTESIAN_POINT('',(45.327467191642,-36.21933413003));
#12989 = VECTOR('',#12990,1.);
#12990 = DIRECTION('',(0.761648942589,0.647989882832));
#12991 = ( GEOMETRIC_REPRESENTATION_CONTEXT(2) 
PARAMETRIC_REPRESENTATION_CONTEXT() REPRESENTATION_CONTEXT('2D SPACE',''
  ) );
#12992 = ORIENTED_EDGE('',*,*,#12946,.T.);
#12993 = ORIENTED_EDGE('',*,*,#6079,.T.);
#12994 = ORIENTED_EDGE('',*,*,#12995,.F.);
#12995 = EDGE_CURVE('',#12971,#6054,#12996,.T.);
#12996 = SURFACE_CURVE('',#12997,(#13001,#13008),.PCURVE_S1.);
#12997 = LINE('',#12998,#12999);
#12998 = CARTESIAN_POINT('',(38.244601928548,7.65966345925,1.4));
#12999 = VECTOR('',#13000,1.);
#13000 = DIRECTION('',(0.,0.,1.));
#13001 = PCURVE('',#6094,#13002);
#13002 = DEFINITIONAL_REPRESENTATION('',(#13003),#13007);
#13003 = LINE('',#13004,#13005);
#13004 = CARTESIAN_POINT('',(0.494950669425,0.));
#13005 = VECTOR('',#13006,1.);
#13006 = DIRECTION('',(0.,-1.));
#13007 = ( GEOMETRIC_REPRESENTATION_CONTEXT(2) 
PARAMETRIC_REPRESENTATION_CONTEXT() REPRESENTATION_CONTEXT('2D SPACE',''
  ) );
#13008 = PCURVE('',#6068,#13009);
#13009 = DEFINITIONAL_REPRESENTATION('',(#13010),#13014);
#13010 = LINE('',#13011,#13012);
#13011 = CARTESIAN_POINT('',(0.,0.));
#13012 = VECTOR('',#13013,1.);
#13013 = DIRECTION('',(0.,-1.));
#13014 = ( GEOMETRIC_REPRESENTATION_CONTEXT(2) 
PARAMETRIC_REPRESENTATION_CONTEXT() REPRESENTATION_CONTEXT('2D SPACE',''
  ) );
#13015 = ADVANCED_FACE('',(#13016),#6068,.F.);
#13016 = FACE_BOUND('',#13017,.F.);
#13017 = EDGE_LOOP('',(#13018,#13041,#13042,#13043));
#13018 = ORIENTED_EDGE('',*,*,#13019,.F.);
#13019 = EDGE_CURVE('',#12971,#13020,#13022,.T.);
#13020 = VERTEX_POINT('',#13021);
#13021 = CARTESIAN_POINT('',(37.964392591927,8.001100955696,1.4));
#13022 = SURFACE_CURVE('',#13023,(#13027,#13034),.PCURVE_S1.);
#13023 = LINE('',#13024,#13025);
#13024 = CARTESIAN_POINT('',(38.244601928548,7.65966345925,1.4));
#13025 = VECTOR('',#13026,1.);
#13026 = DIRECTION('',(-0.634391694436,0.773011758016,0.));
#13027 = PCURVE('',#6068,#13028);
#13028 = DEFINITIONAL_REPRESENTATION('',(#13029),#13033);
#13029 = LINE('',#13030,#13031);
#13030 = CARTESIAN_POINT('',(0.,0.));
#13031 = VECTOR('',#13032,1.);
#13032 = DIRECTION('',(1.,0.));
#13033 = ( GEOMETRIC_REPRESENTATION_CONTEXT(2) 
PARAMETRIC_REPRESENTATION_CONTEXT() REPRESENTATION_CONTEXT('2D SPACE',''
  ) );
#13034 = PCURVE('',#11115,#13035);
#13035 = DEFINITIONAL_REPRESENTATION('',(#13036),#13040);
#13036 = LINE('',#13037,#13038);
#13037 = CARTESIAN_POINT('',(45.704445845644,-35.89861110374));
#13038 = VECTOR('',#13039,1.);
#13039 = DIRECTION('',(0.634391694436,0.773011758016));
#13040 = ( GEOMETRIC_REPRESENTATION_CONTEXT(2) 
PARAMETRIC_REPRESENTATION_CONTEXT() REPRESENTATION_CONTEXT('2D SPACE',''
  ) );
#13041 = ORIENTED_EDGE('',*,*,#12995,.T.);
#13042 = ORIENTED_EDGE('',*,*,#6053,.T.);
#13043 = ORIENTED_EDGE('',*,*,#13044,.F.);
#13044 = EDGE_CURVE('',#13020,#6028,#13045,.T.);
#13045 = SURFACE_CURVE('',#13046,(#13050,#13057),.PCURVE_S1.);
#13046 = LINE('',#13047,#13048);
#13047 = CARTESIAN_POINT('',(37.964392591927,8.001100955696,1.4));
#13048 = VECTOR('',#13049,1.);
#13049 = DIRECTION('',(0.,0.,1.));
#13050 = PCURVE('',#6068,#13051);
#13051 = DEFINITIONAL_REPRESENTATION('',(#13052),#13056);
#13052 = LINE('',#13053,#13054);
#13053 = CARTESIAN_POINT('',(0.441697675236,0.));
#13054 = VECTOR('',#13055,1.);
#13055 = DIRECTION('',(0.,-1.));
#13056 = ( GEOMETRIC_REPRESENTATION_CONTEXT(2) 
PARAMETRIC_REPRESENTATION_CONTEXT() REPRESENTATION_CONTEXT('2D SPACE',''
  ) );
#13057 = PCURVE('',#6042,#13058);
#13058 = DEFINITIONAL_REPRESENTATION('',(#13059),#13063);
#13059 = LINE('',#13060,#13061);
#13060 = CARTESIAN_POINT('',(0.,0.));
#13061 = VECTOR('',#13062,1.);
#13062 = DIRECTION('',(0.,-1.));
#13063 = ( GEOMETRIC_REPRESENTATION_CONTEXT(2) 
PARAMETRIC_REPRESENTATION_CONTEXT() REPRESENTATION_CONTEXT('2D SPACE',''
  ) );
#13064 = ADVANCED_FACE('',(#13065),#6042,.F.);
#13065 = FACE_BOUND('',#13066,.F.);
#13066 = EDGE_LOOP('',(#13067,#13090,#13091,#13092));
#13067 = ORIENTED_EDGE('',*,*,#13068,.F.);
#13068 = EDGE_CURVE('',#13020,#13069,#13071,.T.);
#13069 = VERTEX_POINT('',#13070);
#13070 = CARTESIAN_POINT('',(37.703749323338,8.496008695412,1.4));
#13071 = SURFACE_CURVE('',#13072,(#13076,#13083),.PCURVE_S1.);
#13072 = LINE('',#13073,#13074);
#13073 = CARTESIAN_POINT('',(37.964392591927,8.001100955696,1.4));
#13074 = VECTOR('',#13075,1.);
#13075 = DIRECTION('',(-0.465978130586,0.884796237456,0.));
#13076 = PCURVE('',#6042,#13077);
#13077 = DEFINITIONAL_REPRESENTATION('',(#13078),#13082);
#13078 = LINE('',#13079,#13080);
#13079 = CARTESIAN_POINT('',(0.,0.));
#13080 = VECTOR('',#13081,1.);
#13081 = DIRECTION('',(1.,0.));
#13082 = ( GEOMETRIC_REPRESENTATION_CONTEXT(2) 
PARAMETRIC_REPRESENTATION_CONTEXT() REPRESENTATION_CONTEXT('2D SPACE',''
  ) );
#13083 = PCURVE('',#11115,#13084);
#13084 = DEFINITIONAL_REPRESENTATION('',(#13085),#13089);
#13085 = LINE('',#13086,#13087);
#13086 = CARTESIAN_POINT('',(45.984655182264,-35.55717360729));
#13087 = VECTOR('',#13088,1.);
#13088 = DIRECTION('',(0.465978130586,0.884796237456));
#13089 = ( GEOMETRIC_REPRESENTATION_CONTEXT(2) 
PARAMETRIC_REPRESENTATION_CONTEXT() REPRESENTATION_CONTEXT('2D SPACE',''
  ) );
#13090 = ORIENTED_EDGE('',*,*,#13044,.T.);
#13091 = ORIENTED_EDGE('',*,*,#6027,.T.);
#13092 = ORIENTED_EDGE('',*,*,#13093,.F.);
#13093 = EDGE_CURVE('',#13069,#6002,#13094,.T.);
#13094 = SURFACE_CURVE('',#13095,(#13099,#13106),.PCURVE_S1.);
#13095 = LINE('',#13096,#13097);
#13096 = CARTESIAN_POINT('',(37.703749323338,8.496008695412,1.4));
#13097 = VECTOR('',#13098,1.);
#13098 = DIRECTION('',(0.,0.,1.));
#13099 = PCURVE('',#6042,#13100);
#13100 = DEFINITIONAL_REPRESENTATION('',(#13101),#13105);
#13101 = LINE('',#13102,#13103);
#13102 = CARTESIAN_POINT('',(0.559346569035,0.));
#13103 = VECTOR('',#13104,1.);
#13104 = DIRECTION('',(0.,-1.));
#13105 = ( GEOMETRIC_REPRESENTATION_CONTEXT(2) 
PARAMETRIC_REPRESENTATION_CONTEXT() REPRESENTATION_CONTEXT('2D SPACE',''
  ) );
#13106 = PCURVE('',#6016,#13107);
#13107 = DEFINITIONAL_REPRESENTATION('',(#13108),#13112);
#13108 = LINE('',#13109,#13110);
#13109 = CARTESIAN_POINT('',(0.,0.));
#13110 = VECTOR('',#13111,1.);
#13111 = DIRECTION('',(0.,-1.));
#13112 = ( GEOMETRIC_REPRESENTATION_CONTEXT(2) 
PARAMETRIC_REPRESENTATION_CONTEXT() REPRESENTATION_CONTEXT('2D SPACE',''
  ) );
#13113 = ADVANCED_FACE('',(#13114),#6016,.F.);
#13114 = FACE_BOUND('',#13115,.F.);
#13115 = EDGE_LOOP('',(#13116,#13139,#13140,#13141));
#13116 = ORIENTED_EDGE('',*,*,#13117,.F.);
#13117 = EDGE_CURVE('',#13069,#13118,#13120,.T.);
#13118 = VERTEX_POINT('',#13119);
#13119 = CARTESIAN_POINT('',(37.560370428104,8.990417209847,1.4));
#13120 = SURFACE_CURVE('',#13121,(#13125,#13132),.PCURVE_S1.);
#13121 = LINE('',#13122,#13123);
#13122 = CARTESIAN_POINT('',(37.703749323338,8.496008695412,1.4));
#13123 = VECTOR('',#13124,1.);
#13124 = DIRECTION('',(-0.278525213674,0.960428917384,0.));
#13125 = PCURVE('',#6016,#13126);
#13126 = DEFINITIONAL_REPRESENTATION('',(#13127),#13131);
#13127 = LINE('',#13128,#13129);
#13128 = CARTESIAN_POINT('',(0.,0.));
#13129 = VECTOR('',#13130,1.);
#13130 = DIRECTION('',(1.,0.));
#13131 = ( GEOMETRIC_REPRESENTATION_CONTEXT(2) 
PARAMETRIC_REPRESENTATION_CONTEXT() REPRESENTATION_CONTEXT('2D SPACE',''
  ) );
#13132 = PCURVE('',#11115,#13133);
#13133 = DEFINITIONAL_REPRESENTATION('',(#13134),#13138);
#13134 = LINE('',#13135,#13136);
#13135 = CARTESIAN_POINT('',(46.245298450853,-35.06226586758));
#13136 = VECTOR('',#13137,1.);
#13137 = DIRECTION('',(0.278525213674,0.960428917384));
#13138 = ( GEOMETRIC_REPRESENTATION_CONTEXT(2) 
PARAMETRIC_REPRESENTATION_CONTEXT() REPRESENTATION_CONTEXT('2D SPACE',''
  ) );
#13139 = ORIENTED_EDGE('',*,*,#13093,.T.);
#13140 = ORIENTED_EDGE('',*,*,#6001,.T.);
#13141 = ORIENTED_EDGE('',*,*,#13142,.F.);
#13142 = EDGE_CURVE('',#13118,#5976,#13143,.T.);
#13143 = SURFACE_CURVE('',#13144,(#13148,#13155),.PCURVE_S1.);
#13144 = LINE('',#13145,#13146);
#13145 = CARTESIAN_POINT('',(37.560370428104,8.990417209847,1.4));
#13146 = VECTOR('',#13147,1.);
#13147 = DIRECTION('',(0.,0.,1.));
#13148 = PCURVE('',#6016,#13149);
#13149 = DEFINITIONAL_REPRESENTATION('',(#13150),#13154);
#13150 = LINE('',#13151,#13152);
#13151 = CARTESIAN_POINT('',(0.514778871696,0.));
#13152 = VECTOR('',#13153,1.);
#13153 = DIRECTION('',(0.,-1.));
#13154 = ( GEOMETRIC_REPRESENTATION_CONTEXT(2) 
PARAMETRIC_REPRESENTATION_CONTEXT() REPRESENTATION_CONTEXT('2D SPACE',''
  ) );
#13155 = PCURVE('',#5990,#13156);
#13156 = DEFINITIONAL_REPRESENTATION('',(#13157),#13161);
#13157 = LINE('',#13158,#13159);
#13158 = CARTESIAN_POINT('',(0.,0.));
#13159 = VECTOR('',#13160,1.);
#13160 = DIRECTION('',(0.,-1.));
#13161 = ( GEOMETRIC_REPRESENTATION_CONTEXT(2) 
PARAMETRIC_REPRESENTATION_CONTEXT() REPRESENTATION_CONTEXT('2D SPACE',''
  ) );
#13162 = ADVANCED_FACE('',(#13163),#5990,.F.);
#13163 = FACE_BOUND('',#13164,.F.);
#13164 = EDGE_LOOP('',(#13165,#13188,#13189,#13190));
#13165 = ORIENTED_EDGE('',*,*,#13166,.F.);
#13166 = EDGE_CURVE('',#13118,#13167,#13169,.T.);
#13167 = VERTEX_POINT('',#13168);
#13168 = CARTESIAN_POINT('',(37.505155115797,9.373509516631,1.4));
#13169 = SURFACE_CURVE('',#13170,(#13174,#13181),.PCURVE_S1.);
#13170 = LINE('',#13171,#13172);
#13171 = CARTESIAN_POINT('',(37.560370428104,8.990417209847,1.4));
#13172 = VECTOR('',#13173,1.);
#13173 = DIRECTION('',(-0.142656440375,0.989772266746,0.));
#13174 = PCURVE('',#5990,#13175);
#13175 = DEFINITIONAL_REPRESENTATION('',(#13176),#13180);
#13176 = LINE('',#13177,#13178);
#13177 = CARTESIAN_POINT('',(0.,0.));
#13178 = VECTOR('',#13179,1.);
#13179 = DIRECTION('',(1.,0.));
#13180 = ( GEOMETRIC_REPRESENTATION_CONTEXT(2) 
PARAMETRIC_REPRESENTATION_CONTEXT() REPRESENTATION_CONTEXT('2D SPACE',''
  ) );
#13181 = PCURVE('',#11115,#13182);
#13182 = DEFINITIONAL_REPRESENTATION('',(#13183),#13187);
#13183 = LINE('',#13184,#13185);
#13184 = CARTESIAN_POINT('',(46.388677346087,-34.56785735314));
#13185 = VECTOR('',#13186,1.);
#13186 = DIRECTION('',(0.142656440375,0.989772266746));
#13187 = ( GEOMETRIC_REPRESENTATION_CONTEXT(2) 
PARAMETRIC_REPRESENTATION_CONTEXT() REPRESENTATION_CONTEXT('2D SPACE',''
  ) );
#13188 = ORIENTED_EDGE('',*,*,#13142,.T.);
#13189 = ORIENTED_EDGE('',*,*,#5975,.T.);
#13190 = ORIENTED_EDGE('',*,*,#13191,.F.);
#13191 = EDGE_CURVE('',#13167,#5950,#13192,.T.);
#13192 = SURFACE_CURVE('',#13193,(#13197,#13204),.PCURVE_S1.);
#13193 = LINE('',#13194,#13195);
#13194 = CARTESIAN_POINT('',(37.505155115797,9.373509516631,1.4));
#13195 = VECTOR('',#13196,1.);
#13196 = DIRECTION('',(0.,0.,1.));
#13197 = PCURVE('',#5990,#13198);
#13198 = DEFINITIONAL_REPRESENTATION('',(#13199),#13203);
#13199 = LINE('',#13200,#13201);
#13200 = CARTESIAN_POINT('',(0.387050960767,0.));
#13201 = VECTOR('',#13202,1.);
#13202 = DIRECTION('',(0.,-1.));
#13203 = ( GEOMETRIC_REPRESENTATION_CONTEXT(2) 
PARAMETRIC_REPRESENTATION_CONTEXT() REPRESENTATION_CONTEXT('2D SPACE',''
  ) );
#13204 = PCURVE('',#5964,#13205);
#13205 = DEFINITIONAL_REPRESENTATION('',(#13206),#13210);
#13206 = LINE('',#13207,#13208);
#13207 = CARTESIAN_POINT('',(0.,0.));
#13208 = VECTOR('',#13209,1.);
#13209 = DIRECTION('',(0.,-1.));
#13210 = ( GEOMETRIC_REPRESENTATION_CONTEXT(2) 
PARAMETRIC_REPRESENTATION_CONTEXT() REPRESENTATION_CONTEXT('2D SPACE',''
  ) );
#13211 = ADVANCED_FACE('',(#13212),#5964,.F.);
#13212 = FACE_BOUND('',#13213,.F.);
#13213 = EDGE_LOOP('',(#13214,#13237,#13238,#13239));
#13214 = ORIENTED_EDGE('',*,*,#13215,.F.);
#13215 = EDGE_CURVE('',#13167,#13216,#13218,.T.);
#13216 = VERTEX_POINT('',#13217);
#13217 = CARTESIAN_POINT('',(37.46675642172,18.898450335629,1.4));
#13218 = SURFACE_CURVE('',#13219,(#13223,#13230),.PCURVE_S1.);
#13219 = LINE('',#13220,#13221);
#13220 = CARTESIAN_POINT('',(37.505155115797,9.373509516631,1.4));
#13221 = VECTOR('',#13222,1.);
#13222 = DIRECTION('',(-4.03135124736E-03,0.999991874071,0.));
#13223 = PCURVE('',#5964,#13224);
#13224 = DEFINITIONAL_REPRESENTATION('',(#13225),#13229);
#13225 = LINE('',#13226,#13227);
#13226 = CARTESIAN_POINT('',(0.,0.));
#13227 = VECTOR('',#13228,1.);
#13228 = DIRECTION('',(1.,0.));
#13229 = ( GEOMETRIC_REPRESENTATION_CONTEXT(2) 
PARAMETRIC_REPRESENTATION_CONTEXT() REPRESENTATION_CONTEXT('2D SPACE',''
  ) );
#13230 = PCURVE('',#11115,#13231);
#13231 = DEFINITIONAL_REPRESENTATION('',(#13232),#13236);
#13232 = LINE('',#13233,#13234);
#13233 = CARTESIAN_POINT('',(46.443892658394,-34.18476504636));
#13234 = VECTOR('',#13235,1.);
#13235 = DIRECTION('',(4.03135124736E-03,0.999991874071));
#13236 = ( GEOMETRIC_REPRESENTATION_CONTEXT(2) 
PARAMETRIC_REPRESENTATION_CONTEXT() REPRESENTATION_CONTEXT('2D SPACE',''
  ) );
#13237 = ORIENTED_EDGE('',*,*,#13191,.T.);
#13238 = ORIENTED_EDGE('',*,*,#5949,.T.);
#13239 = ORIENTED_EDGE('',*,*,#13240,.F.);
#13240 = EDGE_CURVE('',#13216,#5924,#13241,.T.);
#13241 = SURFACE_CURVE('',#13242,(#13246,#13253),.PCURVE_S1.);
#13242 = LINE('',#13243,#13244);
#13243 = CARTESIAN_POINT('',(37.46675642172,18.898450335629,1.4));
#13244 = VECTOR('',#13245,1.);
#13245 = DIRECTION('',(0.,0.,1.));
#13246 = PCURVE('',#5964,#13247);
#13247 = DEFINITIONAL_REPRESENTATION('',(#13248),#13252);
#13248 = LINE('',#13249,#13250);
#13249 = CARTESIAN_POINT('',(9.525018218624,0.));
#13250 = VECTOR('',#13251,1.);
#13251 = DIRECTION('',(0.,-1.));
#13252 = ( GEOMETRIC_REPRESENTATION_CONTEXT(2) 
PARAMETRIC_REPRESENTATION_CONTEXT() REPRESENTATION_CONTEXT('2D SPACE',''
  ) );
#13253 = PCURVE('',#5938,#13254);
#13254 = DEFINITIONAL_REPRESENTATION('',(#13255),#13259);
#13255 = LINE('',#13256,#13257);
#13256 = CARTESIAN_POINT('',(0.,0.));
#13257 = VECTOR('',#13258,1.);
#13258 = DIRECTION('',(0.,-1.));
#13259 = ( GEOMETRIC_REPRESENTATION_CONTEXT(2) 
PARAMETRIC_REPRESENTATION_CONTEXT() REPRESENTATION_CONTEXT('2D SPACE',''
  ) );
#13260 = ADVANCED_FACE('',(#13261),#5938,.F.);
#13261 = FACE_BOUND('',#13262,.F.);
#13262 = EDGE_LOOP('',(#13263,#13286,#13287,#13288));
#13263 = ORIENTED_EDGE('',*,*,#13264,.F.);
#13264 = EDGE_CURVE('',#13216,#13265,#13267,.T.);
#13265 = VERTEX_POINT('',#13266);
#13266 = CARTESIAN_POINT('',(21.516674977573,18.909851730478,1.4));
#13267 = SURFACE_CURVE('',#13268,(#13272,#13279),.PCURVE_S1.);
#13268 = LINE('',#13269,#13270);
#13269 = CARTESIAN_POINT('',(37.46675642172,18.898450335629,1.4));
#13270 = VECTOR('',#13271,1.);
#13271 = DIRECTION('',(-0.999999744518,7.148171610022E-04,0.));
#13272 = PCURVE('',#5938,#13273);
#13273 = DEFINITIONAL_REPRESENTATION('',(#13274),#13278);
#13274 = LINE('',#13275,#13276);
#13275 = CARTESIAN_POINT('',(0.,0.));
#13276 = VECTOR('',#13277,1.);
#13277 = DIRECTION('',(1.,0.));
#13278 = ( GEOMETRIC_REPRESENTATION_CONTEXT(2) 
PARAMETRIC_REPRESENTATION_CONTEXT() REPRESENTATION_CONTEXT('2D SPACE',''
  ) );
#13279 = PCURVE('',#11115,#13280);
#13280 = DEFINITIONAL_REPRESENTATION('',(#13281),#13285);
#13281 = LINE('',#13282,#13283);
#13282 = CARTESIAN_POINT('',(46.482291352471,-24.65982422736));
#13283 = VECTOR('',#13284,1.);
#13284 = DIRECTION('',(0.999999744518,7.148171610022E-04));
#13285 = ( GEOMETRIC_REPRESENTATION_CONTEXT(2) 
PARAMETRIC_REPRESENTATION_CONTEXT() REPRESENTATION_CONTEXT('2D SPACE',''
  ) );
#13286 = ORIENTED_EDGE('',*,*,#13240,.T.);
#13287 = ORIENTED_EDGE('',*,*,#5923,.T.);
#13288 = ORIENTED_EDGE('',*,*,#13289,.F.);
#13289 = EDGE_CURVE('',#13265,#5898,#13290,.T.);
#13290 = SURFACE_CURVE('',#13291,(#13295,#13302),.PCURVE_S1.);
#13291 = LINE('',#13292,#13293);
#13292 = CARTESIAN_POINT('',(21.516674977573,18.909851730478,1.4));
#13293 = VECTOR('',#13294,1.);
#13294 = DIRECTION('',(0.,0.,1.));
#13295 = PCURVE('',#5938,#13296);
#13296 = DEFINITIONAL_REPRESENTATION('',(#13297),#13301);
#13297 = LINE('',#13298,#13299);
#13298 = CARTESIAN_POINT('',(15.950085519104,0.));
#13299 = VECTOR('',#13300,1.);
#13300 = DIRECTION('',(0.,-1.));
#13301 = ( GEOMETRIC_REPRESENTATION_CONTEXT(2) 
PARAMETRIC_REPRESENTATION_CONTEXT() REPRESENTATION_CONTEXT('2D SPACE',''
  ) );
#13302 = PCURVE('',#5912,#13303);
#13303 = DEFINITIONAL_REPRESENTATION('',(#13304),#13308);
#13304 = LINE('',#13305,#13306);
#13305 = CARTESIAN_POINT('',(0.,0.));
#13306 = VECTOR('',#13307,1.);
#13307 = DIRECTION('',(0.,-1.));
#13308 = ( GEOMETRIC_REPRESENTATION_CONTEXT(2) 
PARAMETRIC_REPRESENTATION_CONTEXT() REPRESENTATION_CONTEXT('2D SPACE',''
  ) );
#13309 = ADVANCED_FACE('',(#13310),#5912,.F.);
#13310 = FACE_BOUND('',#13311,.F.);
#13311 = EDGE_LOOP('',(#13312,#13335,#13336,#13337));
#13312 = ORIENTED_EDGE('',*,*,#13313,.F.);
#13313 = EDGE_CURVE('',#13265,#13314,#13316,.T.);
#13314 = VERTEX_POINT('',#13315);
#13315 = CARTESIAN_POINT('',(21.161808130777,18.955961941736,1.4));
#13316 = SURFACE_CURVE('',#13317,(#13321,#13328),.PCURVE_S1.);
#13317 = LINE('',#13318,#13319);
#13318 = CARTESIAN_POINT('',(21.516674977573,18.909851730478,1.4));
#13319 = VECTOR('',#13320,1.);
#13320 = DIRECTION('',(-0.991663645828,0.128853457627,0.));
#13321 = PCURVE('',#5912,#13322);
#13322 = DEFINITIONAL_REPRESENTATION('',(#13323),#13327);
#13323 = LINE('',#13324,#13325);
#13324 = CARTESIAN_POINT('',(0.,0.));
#13325 = VECTOR('',#13326,1.);
#13326 = DIRECTION('',(1.,0.));
#13327 = ( GEOMETRIC_REPRESENTATION_CONTEXT(2) 
PARAMETRIC_REPRESENTATION_CONTEXT() REPRESENTATION_CONTEXT('2D SPACE',''
  ) );
#13328 = PCURVE('',#11115,#13329);
#13329 = DEFINITIONAL_REPRESENTATION('',(#13330),#13334);
#13330 = LINE('',#13331,#13332);
#13331 = CARTESIAN_POINT('',(62.432372796618,-24.64842283251));
#13332 = VECTOR('',#13333,1.);
#13333 = DIRECTION('',(0.991663645828,0.128853457627));
#13334 = ( GEOMETRIC_REPRESENTATION_CONTEXT(2) 
PARAMETRIC_REPRESENTATION_CONTEXT() REPRESENTATION_CONTEXT('2D SPACE',''
  ) );
#13335 = ORIENTED_EDGE('',*,*,#13289,.T.);
#13336 = ORIENTED_EDGE('',*,*,#5897,.T.);
#13337 = ORIENTED_EDGE('',*,*,#13338,.F.);
#13338 = EDGE_CURVE('',#13314,#5872,#13339,.T.);
#13339 = SURFACE_CURVE('',#13340,(#13344,#13351),.PCURVE_S1.);
#13340 = LINE('',#13341,#13342);
#13341 = CARTESIAN_POINT('',(21.161808130777,18.955961941736,1.4));
#13342 = VECTOR('',#13343,1.);
#13343 = DIRECTION('',(0.,0.,1.));
#13344 = PCURVE('',#5912,#13345);
#13345 = DEFINITIONAL_REPRESENTATION('',(#13346),#13350);
#13346 = LINE('',#13347,#13348);
#13347 = CARTESIAN_POINT('',(0.357850011231,0.));
#13348 = VECTOR('',#13349,1.);
#13349 = DIRECTION('',(0.,-1.));
#13350 = ( GEOMETRIC_REPRESENTATION_CONTEXT(2) 
PARAMETRIC_REPRESENTATION_CONTEXT() REPRESENTATION_CONTEXT('2D SPACE',''
  ) );
#13351 = PCURVE('',#5886,#13352);
#13352 = DEFINITIONAL_REPRESENTATION('',(#13353),#13357);
#13353 = LINE('',#13354,#13355);
#13354 = CARTESIAN_POINT('',(0.,0.));
#13355 = VECTOR('',#13356,1.);
#13356 = DIRECTION('',(0.,-1.));
#13357 = ( GEOMETRIC_REPRESENTATION_CONTEXT(2) 
PARAMETRIC_REPRESENTATION_CONTEXT() REPRESENTATION_CONTEXT('2D SPACE',''
  ) );
#13358 = ADVANCED_FACE('',(#13359),#5886,.F.);
#13359 = FACE_BOUND('',#13360,.F.);
#13360 = EDGE_LOOP('',(#13361,#13384,#13385,#13386));
#13361 = ORIENTED_EDGE('',*,*,#13362,.F.);
#13362 = EDGE_CURVE('',#13314,#13363,#13365,.T.);
#13363 = VERTEX_POINT('',#13364);
#13364 = CARTESIAN_POINT('',(20.803144645959,19.050495458,1.4));
#13365 = SURFACE_CURVE('',#13366,(#13370,#13377),.PCURVE_S1.);
#13366 = LINE('',#13367,#13368);
#13367 = CARTESIAN_POINT('',(21.161808130777,18.955961941736,1.4));
#13368 = VECTOR('',#13369,1.);
#13369 = DIRECTION('',(-0.966976003575,0.254867433208,0.));
#13370 = PCURVE('',#5886,#13371);
#13371 = DEFINITIONAL_REPRESENTATION('',(#13372),#13376);
#13372 = LINE('',#13373,#13374);
#13373 = CARTESIAN_POINT('',(0.,0.));
#13374 = VECTOR('',#13375,1.);
#13375 = DIRECTION('',(1.,0.));
#13376 = ( GEOMETRIC_REPRESENTATION_CONTEXT(2) 
PARAMETRIC_REPRESENTATION_CONTEXT() REPRESENTATION_CONTEXT('2D SPACE',''
  ) );
#13377 = PCURVE('',#11115,#13378);
#13378 = DEFINITIONAL_REPRESENTATION('',(#13379),#13383);
#13379 = LINE('',#13380,#13381);
#13380 = CARTESIAN_POINT('',(62.787239643414,-24.60231262125));
#13381 = VECTOR('',#13382,1.);
#13382 = DIRECTION('',(0.966976003575,0.254867433208));
#13383 = ( GEOMETRIC_REPRESENTATION_CONTEXT(2) 
PARAMETRIC_REPRESENTATION_CONTEXT() REPRESENTATION_CONTEXT('2D SPACE',''
  ) );
#13384 = ORIENTED_EDGE('',*,*,#13338,.T.);
#13385 = ORIENTED_EDGE('',*,*,#5871,.T.);
#13386 = ORIENTED_EDGE('',*,*,#13387,.F.);
#13387 = EDGE_CURVE('',#13363,#5846,#13388,.T.);
#13388 = SURFACE_CURVE('',#13389,(#13393,#13400),.PCURVE_S1.);
#13389 = LINE('',#13390,#13391);
#13390 = CARTESIAN_POINT('',(20.803144645959,19.050495458,1.4));
#13391 = VECTOR('',#13392,1.);
#13392 = DIRECTION('',(0.,0.,1.));
#13393 = PCURVE('',#5886,#13394);
#13394 = DEFINITIONAL_REPRESENTATION('',(#13395),#13399);
#13395 = LINE('',#13396,#13397);
#13396 = CARTESIAN_POINT('',(0.37091249782,0.));
#13397 = VECTOR('',#13398,1.);
#13398 = DIRECTION('',(0.,-1.));
#13399 = ( GEOMETRIC_REPRESENTATION_CONTEXT(2) 
PARAMETRIC_REPRESENTATION_CONTEXT() REPRESENTATION_CONTEXT('2D SPACE',''
  ) );
#13400 = PCURVE('',#5860,#13401);
#13401 = DEFINITIONAL_REPRESENTATION('',(#13402),#13406);
#13402 = LINE('',#13403,#13404);
#13403 = CARTESIAN_POINT('',(0.,0.));
#13404 = VECTOR('',#13405,1.);
#13405 = DIRECTION('',(0.,-1.));
#13406 = ( GEOMETRIC_REPRESENTATION_CONTEXT(2) 
PARAMETRIC_REPRESENTATION_CONTEXT() REPRESENTATION_CONTEXT('2D SPACE',''
  ) );
#13407 = ADVANCED_FACE('',(#13408),#5860,.F.);
#13408 = FACE_BOUND('',#13409,.F.);
#13409 = EDGE_LOOP('',(#13410,#13433,#13434,#13435));
#13410 = ORIENTED_EDGE('',*,*,#13411,.F.);
#13411 = EDGE_CURVE('',#13363,#13412,#13414,.T.);
#13412 = VERTEX_POINT('',#13413);
#13413 = CARTESIAN_POINT('',(20.399770816538,19.22896687291,1.4));
#13414 = SURFACE_CURVE('',#13415,(#13419,#13426),.PCURVE_S1.);
#13415 = LINE('',#13416,#13417);
#13416 = CARTESIAN_POINT('',(20.803144645959,19.050495458,1.4));
#13417 = VECTOR('',#13418,1.);
#13418 = DIRECTION('',(-0.914488309112,0.40461232371,0.));
#13419 = PCURVE('',#5860,#13420);
#13420 = DEFINITIONAL_REPRESENTATION('',(#13421),#13425);
#13421 = LINE('',#13422,#13423);
#13422 = CARTESIAN_POINT('',(0.,0.));
#13423 = VECTOR('',#13424,1.);
#13424 = DIRECTION('',(1.,0.));
#13425 = ( GEOMETRIC_REPRESENTATION_CONTEXT(2) 
PARAMETRIC_REPRESENTATION_CONTEXT() REPRESENTATION_CONTEXT('2D SPACE',''
  ) );
#13426 = PCURVE('',#11115,#13427);
#13427 = DEFINITIONAL_REPRESENTATION('',(#13428),#13432);
#13428 = LINE('',#13429,#13430);
#13429 = CARTESIAN_POINT('',(63.145903128232,-24.50777910499));
#13430 = VECTOR('',#13431,1.);
#13431 = DIRECTION('',(0.914488309112,0.40461232371));
#13432 = ( GEOMETRIC_REPRESENTATION_CONTEXT(2) 
PARAMETRIC_REPRESENTATION_CONTEXT() REPRESENTATION_CONTEXT('2D SPACE',''
  ) );
#13433 = ORIENTED_EDGE('',*,*,#13387,.T.);
#13434 = ORIENTED_EDGE('',*,*,#5845,.T.);
#13435 = ORIENTED_EDGE('',*,*,#13436,.F.);
#13436 = EDGE_CURVE('',#13412,#5820,#13437,.T.);
#13437 = SURFACE_CURVE('',#13438,(#13442,#13449),.PCURVE_S1.);
#13438 = LINE('',#13439,#13440);
#13439 = CARTESIAN_POINT('',(20.399770816538,19.22896687291,1.4));
#13440 = VECTOR('',#13441,1.);
#13441 = DIRECTION('',(0.,0.,1.));
#13442 = PCURVE('',#5860,#13443);
#13443 = DEFINITIONAL_REPRESENTATION('',(#13444),#13448);
#13444 = LINE('',#13445,#13446);
#13445 = CARTESIAN_POINT('',(0.44109238511,0.));
#13446 = VECTOR('',#13447,1.);
#13447 = DIRECTION('',(0.,-1.));
#13448 = ( GEOMETRIC_REPRESENTATION_CONTEXT(2) 
PARAMETRIC_REPRESENTATION_CONTEXT() REPRESENTATION_CONTEXT('2D SPACE',''
  ) );
#13449 = PCURVE('',#5834,#13450);
#13450 = DEFINITIONAL_REPRESENTATION('',(#13451),#13455);
#13451 = LINE('',#13452,#13453);
#13452 = CARTESIAN_POINT('',(0.,0.));
#13453 = VECTOR('',#13454,1.);
#13454 = DIRECTION('',(0.,-1.));
#13455 = ( GEOMETRIC_REPRESENTATION_CONTEXT(2) 
PARAMETRIC_REPRESENTATION_CONTEXT() REPRESENTATION_CONTEXT('2D SPACE',''
  ) );
#13456 = ADVANCED_FACE('',(#13457),#5834,.F.);
#13457 = FACE_BOUND('',#13458,.F.);
#13458 = EDGE_LOOP('',(#13459,#13482,#13483,#13484));
#13459 = ORIENTED_EDGE('',*,*,#13460,.F.);
#13460 = EDGE_CURVE('',#13412,#13461,#13463,.T.);
#13461 = VERTEX_POINT('',#13462);
#13462 = CARTESIAN_POINT('',(20.107578575135,19.41848637758,1.4));
#13463 = SURFACE_CURVE('',#13464,(#13468,#13475),.PCURVE_S1.);
#13464 = LINE('',#13465,#13466);
#13465 = CARTESIAN_POINT('',(20.399770816538,19.22896687291,1.4));
#13466 = VECTOR('',#13467,1.);
#13467 = DIRECTION('',(-0.838975179627,0.544169686743,0.));
#13468 = PCURVE('',#5834,#13469);
#13469 = DEFINITIONAL_REPRESENTATION('',(#13470),#13474);
#13470 = LINE('',#13471,#13472);
#13471 = CARTESIAN_POINT('',(0.,0.));
#13472 = VECTOR('',#13473,1.);
#13473 = DIRECTION('',(1.,0.));
#13474 = ( GEOMETRIC_REPRESENTATION_CONTEXT(2) 
PARAMETRIC_REPRESENTATION_CONTEXT() REPRESENTATION_CONTEXT('2D SPACE',''
  ) );
#13475 = PCURVE('',#11115,#13476);
#13476 = DEFINITIONAL_REPRESENTATION('',(#13477),#13481);
#13477 = LINE('',#13478,#13479);
#13478 = CARTESIAN_POINT('',(63.549276957653,-24.32930769008));
#13479 = VECTOR('',#13480,1.);
#13480 = DIRECTION('',(0.838975179627,0.544169686743));
#13481 = ( GEOMETRIC_REPRESENTATION_CONTEXT(2) 
PARAMETRIC_REPRESENTATION_CONTEXT() REPRESENTATION_CONTEXT('2D SPACE',''
  ) );
#13482 = ORIENTED_EDGE('',*,*,#13436,.T.);
#13483 = ORIENTED_EDGE('',*,*,#5819,.T.);
#13484 = ORIENTED_EDGE('',*,*,#13485,.F.);
#13485 = EDGE_CURVE('',#13461,#5794,#13486,.T.);
#13486 = SURFACE_CURVE('',#13487,(#13491,#13498),.PCURVE_S1.);
#13487 = LINE('',#13488,#13489);
#13488 = CARTESIAN_POINT('',(20.107578575135,19.41848637758,1.4));
#13489 = VECTOR('',#13490,1.);
#13490 = DIRECTION('',(0.,0.,1.));
#13491 = PCURVE('',#5834,#13492);
#13492 = DEFINITIONAL_REPRESENTATION('',(#13493),#13497);
#13493 = LINE('',#13494,#13495);
#13494 = CARTESIAN_POINT('',(0.348272807704,0.));
#13495 = VECTOR('',#13496,1.);
#13496 = DIRECTION('',(0.,-1.));
#13497 = ( GEOMETRIC_REPRESENTATION_CONTEXT(2) 
PARAMETRIC_REPRESENTATION_CONTEXT() REPRESENTATION_CONTEXT('2D SPACE',''
  ) );
#13498 = PCURVE('',#5808,#13499);
#13499 = DEFINITIONAL_REPRESENTATION('',(#13500),#13504);
#13500 = LINE('',#13501,#13502);
#13501 = CARTESIAN_POINT('',(0.,0.));
#13502 = VECTOR('',#13503,1.);
#13503 = DIRECTION('',(0.,-1.));
#13504 = ( GEOMETRIC_REPRESENTATION_CONTEXT(2) 
PARAMETRIC_REPRESENTATION_CONTEXT() REPRESENTATION_CONTEXT('2D SPACE',''
  ) );
#13505 = ADVANCED_FACE('',(#13506),#5808,.F.);
#13506 = FACE_BOUND('',#13507,.F.);
#13507 = EDGE_LOOP('',(#13508,#13531,#13532,#13533));
#13508 = ORIENTED_EDGE('',*,*,#13509,.F.);
#13509 = EDGE_CURVE('',#13461,#13510,#13512,.T.);
#13510 = VERTEX_POINT('',#13511);
#13511 = CARTESIAN_POINT('',(19.778944267271,19.715520032268,1.4));
#13512 = SURFACE_CURVE('',#13513,(#13517,#13524),.PCURVE_S1.);
#13513 = LINE('',#13514,#13515);
#13514 = CARTESIAN_POINT('',(20.107578575135,19.41848637758,1.4));
#13515 = VECTOR('',#13516,1.);
#13516 = DIRECTION('',(-0.741875024715,0.670538177664,0.));
#13517 = PCURVE('',#5808,#13518);
#13518 = DEFINITIONAL_REPRESENTATION('',(#13519),#13523);
#13519 = LINE('',#13520,#13521);
#13520 = CARTESIAN_POINT('',(0.,0.));
#13521 = VECTOR('',#13522,1.);
#13522 = DIRECTION('',(1.,0.));
#13523 = ( GEOMETRIC_REPRESENTATION_CONTEXT(2) 
PARAMETRIC_REPRESENTATION_CONTEXT() REPRESENTATION_CONTEXT('2D SPACE',''
  ) );
#13524 = PCURVE('',#11115,#13525);
#13525 = DEFINITIONAL_REPRESENTATION('',(#13526),#13530);
#13526 = LINE('',#13527,#13528);
#13527 = CARTESIAN_POINT('',(63.841469199056,-24.13978818541));
#13528 = VECTOR('',#13529,1.);
#13529 = DIRECTION('',(0.741875024715,0.670538177664));
#13530 = ( GEOMETRIC_REPRESENTATION_CONTEXT(2) 
PARAMETRIC_REPRESENTATION_CONTEXT() REPRESENTATION_CONTEXT('2D SPACE',''
  ) );
#13531 = ORIENTED_EDGE('',*,*,#13485,.T.);
#13532 = ORIENTED_EDGE('',*,*,#5793,.T.);
#13533 = ORIENTED_EDGE('',*,*,#13534,.F.);
#13534 = EDGE_CURVE('',#13510,#5768,#13535,.T.);
#13535 = SURFACE_CURVE('',#13536,(#13540,#13547),.PCURVE_S1.);
#13536 = LINE('',#13537,#13538);
#13537 = CARTESIAN_POINT('',(19.778944267271,19.715520032268,1.4));
#13538 = VECTOR('',#13539,1.);
#13539 = DIRECTION('',(0.,0.,1.));
#13540 = PCURVE('',#5808,#13541);
#13541 = DEFINITIONAL_REPRESENTATION('',(#13542),#13546);
#13542 = LINE('',#13543,#13544);
#13543 = CARTESIAN_POINT('',(0.442977990788,0.));
#13544 = VECTOR('',#13545,1.);
#13545 = DIRECTION('',(0.,-1.));
#13546 = ( GEOMETRIC_REPRESENTATION_CONTEXT(2) 
PARAMETRIC_REPRESENTATION_CONTEXT() REPRESENTATION_CONTEXT('2D SPACE',''
  ) );
#13547 = PCURVE('',#5782,#13548);
#13548 = DEFINITIONAL_REPRESENTATION('',(#13549),#13553);
#13549 = LINE('',#13550,#13551);
#13550 = CARTESIAN_POINT('',(0.,0.));
#13551 = VECTOR('',#13552,1.);
#13552 = DIRECTION('',(0.,-1.));
#13553 = ( GEOMETRIC_REPRESENTATION_CONTEXT(2) 
PARAMETRIC_REPRESENTATION_CONTEXT() REPRESENTATION_CONTEXT('2D SPACE',''
  ) );
#13554 = ADVANCED_FACE('',(#13555),#5782,.F.);
#13555 = FACE_BOUND('',#13556,.F.);
#13556 = EDGE_LOOP('',(#13557,#13580,#13581,#13582));
#13557 = ORIENTED_EDGE('',*,*,#13558,.F.);
#13558 = EDGE_CURVE('',#13510,#13559,#13561,.T.);
#13559 = VERTEX_POINT('',#13560);
#13560 = CARTESIAN_POINT('',(19.559948173295,19.988376576179,1.4));
#13561 = SURFACE_CURVE('',#13562,(#13566,#13573),.PCURVE_S1.);
#13562 = LINE('',#13563,#13564);
#13563 = CARTESIAN_POINT('',(19.778944267271,19.715520032268,1.4));
#13564 = VECTOR('',#13565,1.);
#13565 = DIRECTION('',(-0.625933146653,0.779876718412,0.));
#13566 = PCURVE('',#5782,#13567);
#13567 = DEFINITIONAL_REPRESENTATION('',(#13568),#13572);
#13568 = LINE('',#13569,#13570);
#13569 = CARTESIAN_POINT('',(0.,0.));
#13570 = VECTOR('',#13571,1.);
#13571 = DIRECTION('',(1.,0.));
#13572 = ( GEOMETRIC_REPRESENTATION_CONTEXT(2) 
PARAMETRIC_REPRESENTATION_CONTEXT() REPRESENTATION_CONTEXT('2D SPACE',''
  ) );
#13573 = PCURVE('',#11115,#13574);
#13574 = DEFINITIONAL_REPRESENTATION('',(#13575),#13579);
#13575 = LINE('',#13576,#13577);
#13576 = CARTESIAN_POINT('',(64.17010350692,-23.84275453072));
#13577 = VECTOR('',#13578,1.);
#13578 = DIRECTION('',(0.625933146653,0.779876718412));
#13579 = ( GEOMETRIC_REPRESENTATION_CONTEXT(2) 
PARAMETRIC_REPRESENTATION_CONTEXT() REPRESENTATION_CONTEXT('2D SPACE',''
  ) );
#13580 = ORIENTED_EDGE('',*,*,#13534,.T.);
#13581 = ORIENTED_EDGE('',*,*,#5767,.T.);
#13582 = ORIENTED_EDGE('',*,*,#13583,.F.);
#13583 = EDGE_CURVE('',#13559,#5742,#13584,.T.);
#13584 = SURFACE_CURVE('',#13585,(#13589,#13596),.PCURVE_S1.);
#13585 = LINE('',#13586,#13587);
#13586 = CARTESIAN_POINT('',(19.559948173295,19.988376576179,1.4));
#13587 = VECTOR('',#13588,1.);
#13588 = DIRECTION('',(0.,0.,1.));
#13589 = PCURVE('',#5782,#13590);
#13590 = DEFINITIONAL_REPRESENTATION('',(#13591),#13595);
#13591 = LINE('',#13592,#13593);
#13592 = CARTESIAN_POINT('',(0.349871380269,0.));
#13593 = VECTOR('',#13594,1.);
#13594 = DIRECTION('',(0.,-1.));
#13595 = ( GEOMETRIC_REPRESENTATION_CONTEXT(2) 
PARAMETRIC_REPRESENTATION_CONTEXT() REPRESENTATION_CONTEXT('2D SPACE',''
  ) );
#13596 = PCURVE('',#5756,#13597);
#13597 = DEFINITIONAL_REPRESENTATION('',(#13598),#13602);
#13598 = LINE('',#13599,#13600);
#13599 = CARTESIAN_POINT('',(0.,0.));
#13600 = VECTOR('',#13601,1.);
#13601 = DIRECTION('',(0.,-1.));
#13602 = ( GEOMETRIC_REPRESENTATION_CONTEXT(2) 
PARAMETRIC_REPRESENTATION_CONTEXT() REPRESENTATION_CONTEXT('2D SPACE',''
  ) );
#13603 = ADVANCED_FACE('',(#13604),#5756,.F.);
#13604 = FACE_BOUND('',#13605,.F.);
#13605 = EDGE_LOOP('',(#13606,#13629,#13630,#13631));
#13606 = ORIENTED_EDGE('',*,*,#13607,.F.);
#13607 = EDGE_CURVE('',#13559,#13608,#13610,.T.);
#13608 = VERTEX_POINT('',#13609);
#13609 = CARTESIAN_POINT('',(19.175494894638,20.661009952551,1.4));
#13610 = SURFACE_CURVE('',#13611,(#13615,#13622),.PCURVE_S1.);
#13611 = LINE('',#13612,#13613);
#13612 = CARTESIAN_POINT('',(19.559948173295,19.988376576179,1.4));
#13613 = VECTOR('',#13614,1.);
#13614 = DIRECTION('',(-0.496227820147,0.868192346495,0.));
#13615 = PCURVE('',#5756,#13616);
#13616 = DEFINITIONAL_REPRESENTATION('',(#13617),#13621);
#13617 = LINE('',#13618,#13619);
#13618 = CARTESIAN_POINT('',(0.,0.));
#13619 = VECTOR('',#13620,1.);
#13620 = DIRECTION('',(1.,0.));
#13621 = ( GEOMETRIC_REPRESENTATION_CONTEXT(2) 
PARAMETRIC_REPRESENTATION_CONTEXT() REPRESENTATION_CONTEXT('2D SPACE',''
  ) );
#13622 = PCURVE('',#11115,#13623);
#13623 = DEFINITIONAL_REPRESENTATION('',(#13624),#13628);
#13624 = LINE('',#13625,#13626);
#13625 = CARTESIAN_POINT('',(64.389099600896,-23.56989798681));
#13626 = VECTOR('',#13627,1.);
#13627 = DIRECTION('',(0.496227820147,0.868192346495));
#13628 = ( GEOMETRIC_REPRESENTATION_CONTEXT(2) 
PARAMETRIC_REPRESENTATION_CONTEXT() REPRESENTATION_CONTEXT('2D SPACE',''
  ) );
#13629 = ORIENTED_EDGE('',*,*,#13583,.T.);
#13630 = ORIENTED_EDGE('',*,*,#5741,.T.);
#13631 = ORIENTED_EDGE('',*,*,#13632,.F.);
#13632 = EDGE_CURVE('',#13608,#5716,#13633,.T.);
#13633 = SURFACE_CURVE('',#13634,(#13638,#13645),.PCURVE_S1.);
#13634 = LINE('',#13635,#13636);
#13635 = CARTESIAN_POINT('',(19.175494894638,20.661009952551,1.4));
#13636 = VECTOR('',#13637,1.);
#13637 = DIRECTION('',(0.,0.,1.));
#13638 = PCURVE('',#5756,#13639);
#13639 = DEFINITIONAL_REPRESENTATION('',(#13640),#13644);
#13640 = LINE('',#13641,#13642);
#13641 = CARTESIAN_POINT('',(0.77475156178,0.));
#13642 = VECTOR('',#13643,1.);
#13643 = DIRECTION('',(0.,-1.));
#13644 = ( GEOMETRIC_REPRESENTATION_CONTEXT(2) 
PARAMETRIC_REPRESENTATION_CONTEXT() REPRESENTATION_CONTEXT('2D SPACE',''
  ) );
#13645 = PCURVE('',#5730,#13646);
#13646 = DEFINITIONAL_REPRESENTATION('',(#13647),#13651);
#13647 = LINE('',#13648,#13649);
#13648 = CARTESIAN_POINT('',(0.,0.));
#13649 = VECTOR('',#13650,1.);
#13650 = DIRECTION('',(0.,-1.));
#13651 = ( GEOMETRIC_REPRESENTATION_CONTEXT(2) 
PARAMETRIC_REPRESENTATION_CONTEXT() REPRESENTATION_CONTEXT('2D SPACE',''
  ) );
#13652 = ADVANCED_FACE('',(#13653),#5730,.F.);
#13653 = FACE_BOUND('',#13654,.F.);
#13654 = EDGE_LOOP('',(#13655,#13678,#13679,#13680));
#13655 = ORIENTED_EDGE('',*,*,#13656,.F.);
#13656 = EDGE_CURVE('',#13608,#13657,#13659,.T.);
#13657 = VERTEX_POINT('',#13658);
#13658 = CARTESIAN_POINT('',(18.80075537958,21.074104875535,1.4));
#13659 = SURFACE_CURVE('',#13660,(#13664,#13671),.PCURVE_S1.);
#13660 = LINE('',#13661,#13662);
#13661 = CARTESIAN_POINT('',(19.175494894638,20.661009952551,1.4));
#13662 = VECTOR('',#13663,1.);
#13663 = DIRECTION('',(-0.671885789828,0.740654768045,0.));
#13664 = PCURVE('',#5730,#13665);
#13665 = DEFINITIONAL_REPRESENTATION('',(#13666),#13670);
#13666 = LINE('',#13667,#13668);
#13667 = CARTESIAN_POINT('',(0.,0.));
#13668 = VECTOR('',#13669,1.);
#13669 = DIRECTION('',(1.,0.));
#13670 = ( GEOMETRIC_REPRESENTATION_CONTEXT(2) 
PARAMETRIC_REPRESENTATION_CONTEXT() REPRESENTATION_CONTEXT('2D SPACE',''
  ) );
#13671 = PCURVE('',#11115,#13672);
#13672 = DEFINITIONAL_REPRESENTATION('',(#13673),#13677);
#13673 = LINE('',#13674,#13675);
#13674 = CARTESIAN_POINT('',(64.773552879553,-22.89726461044));
#13675 = VECTOR('',#13676,1.);
#13676 = DIRECTION('',(0.671885789828,0.740654768045));
#13677 = ( GEOMETRIC_REPRESENTATION_CONTEXT(2) 
PARAMETRIC_REPRESENTATION_CONTEXT() REPRESENTATION_CONTEXT('2D SPACE',''
  ) );
#13678 = ORIENTED_EDGE('',*,*,#13632,.T.);
#13679 = ORIENTED_EDGE('',*,*,#5715,.T.);
#13680 = ORIENTED_EDGE('',*,*,#13681,.F.);
#13681 = EDGE_CURVE('',#13657,#5690,#13682,.T.);
#13682 = SURFACE_CURVE('',#13683,(#13687,#13694),.PCURVE_S1.);
#13683 = LINE('',#13684,#13685);
#13684 = CARTESIAN_POINT('',(18.80075537958,21.074104875535,1.4));
#13685 = VECTOR('',#13686,1.);
#13686 = DIRECTION('',(0.,0.,1.));
#13687 = PCURVE('',#5730,#13688);
#13688 = DEFINITIONAL_REPRESENTATION('',(#13689),#13693);
#13689 = LINE('',#13690,#13691);
#13690 = CARTESIAN_POINT('',(0.557742879418,0.));
#13691 = VECTOR('',#13692,1.);
#13692 = DIRECTION('',(0.,-1.));
#13693 = ( GEOMETRIC_REPRESENTATION_CONTEXT(2) 
PARAMETRIC_REPRESENTATION_CONTEXT() REPRESENTATION_CONTEXT('2D SPACE',''
  ) );
#13694 = PCURVE('',#5704,#13695);
#13695 = DEFINITIONAL_REPRESENTATION('',(#13696),#13700);
#13696 = LINE('',#13697,#13698);
#13697 = CARTESIAN_POINT('',(0.,0.));
#13698 = VECTOR('',#13699,1.);
#13699 = DIRECTION('',(0.,-1.));
#13700 = ( GEOMETRIC_REPRESENTATION_CONTEXT(2) 
PARAMETRIC_REPRESENTATION_CONTEXT() REPRESENTATION_CONTEXT('2D SPACE',''
  ) );
#13701 = ADVANCED_FACE('',(#13702),#5704,.F.);
#13702 = FACE_BOUND('',#13703,.F.);
#13703 = EDGE_LOOP('',(#13704,#13727,#13728,#13729));
#13704 = ORIENTED_EDGE('',*,*,#13705,.F.);
#13705 = EDGE_CURVE('',#13657,#13706,#13708,.T.);
#13706 = VERTEX_POINT('',#13707);
#13707 = CARTESIAN_POINT('',(18.740424618439,21.201576237692,1.4));
#13708 = SURFACE_CURVE('',#13709,(#13713,#13720),.PCURVE_S1.);
#13709 = LINE('',#13710,#13711);
#13710 = CARTESIAN_POINT('',(18.80075537958,21.074104875535,1.4));
#13711 = VECTOR('',#13712,1.);
#13712 = DIRECTION('',(-0.427794377159,0.90387608159,0.));
#13713 = PCURVE('',#5704,#13714);
#13714 = DEFINITIONAL_REPRESENTATION('',(#13715),#13719);
#13715 = LINE('',#13716,#13717);
#13716 = CARTESIAN_POINT('',(0.,0.));
#13717 = VECTOR('',#13718,1.);
#13718 = DIRECTION('',(1.,0.));
#13719 = ( GEOMETRIC_REPRESENTATION_CONTEXT(2) 
PARAMETRIC_REPRESENTATION_CONTEXT() REPRESENTATION_CONTEXT('2D SPACE',''
  ) );
#13720 = PCURVE('',#11115,#13721);
#13721 = DEFINITIONAL_REPRESENTATION('',(#13722),#13726);
#13722 = LINE('',#13723,#13724);
#13723 = CARTESIAN_POINT('',(65.148292394611,-22.48416968746));
#13724 = VECTOR('',#13725,1.);
#13725 = DIRECTION('',(0.427794377159,0.90387608159));
#13726 = ( GEOMETRIC_REPRESENTATION_CONTEXT(2) 
PARAMETRIC_REPRESENTATION_CONTEXT() REPRESENTATION_CONTEXT('2D SPACE',''
  ) );
#13727 = ORIENTED_EDGE('',*,*,#13681,.T.);
#13728 = ORIENTED_EDGE('',*,*,#5689,.T.);
#13729 = ORIENTED_EDGE('',*,*,#13730,.F.);
#13730 = EDGE_CURVE('',#13706,#5664,#13731,.T.);
#13731 = SURFACE_CURVE('',#13732,(#13736,#13743),.PCURVE_S1.);
#13732 = LINE('',#13733,#13734);
#13733 = CARTESIAN_POINT('',(18.740424618439,21.201576237692,1.4));
#13734 = VECTOR('',#13735,1.);
#13735 = DIRECTION('',(0.,0.,1.));
#13736 = PCURVE('',#5704,#13737);
#13737 = DEFINITIONAL_REPRESENTATION('',(#13738),#13742);
#13738 = LINE('',#13739,#13740);
#13739 = CARTESIAN_POINT('',(0.141027475727,0.));
#13740 = VECTOR('',#13741,1.);
#13741 = DIRECTION('',(0.,-1.));
#13742 = ( GEOMETRIC_REPRESENTATION_CONTEXT(2) 
PARAMETRIC_REPRESENTATION_CONTEXT() REPRESENTATION_CONTEXT('2D SPACE',''
  ) );
#13743 = PCURVE('',#5678,#13744);
#13744 = DEFINITIONAL_REPRESENTATION('',(#13745),#13749);
#13745 = LINE('',#13746,#13747);
#13746 = CARTESIAN_POINT('',(0.,0.));
#13747 = VECTOR('',#13748,1.);
#13748 = DIRECTION('',(0.,-1.));
#13749 = ( GEOMETRIC_REPRESENTATION_CONTEXT(2) 
PARAMETRIC_REPRESENTATION_CONTEXT() REPRESENTATION_CONTEXT('2D SPACE',''
  ) );
#13750 = ADVANCED_FACE('',(#13751),#5678,.F.);
#13751 = FACE_BOUND('',#13752,.F.);
#13752 = EDGE_LOOP('',(#13753,#13776,#13777,#13778));
#13753 = ORIENTED_EDGE('',*,*,#13754,.F.);
#13754 = EDGE_CURVE('',#13706,#13755,#13757,.T.);
#13755 = VERTEX_POINT('',#13756);
#13756 = CARTESIAN_POINT('',(18.7,21.473931300823,1.4));
#13757 = SURFACE_CURVE('',#13758,(#13762,#13769),.PCURVE_S1.);
#13758 = LINE('',#13759,#13760);
#13759 = CARTESIAN_POINT('',(18.740424618439,21.201576237692,1.4));
#13760 = VECTOR('',#13761,1.);
#13761 = DIRECTION('',(-0.146817756874,0.989163558905,0.));
#13762 = PCURVE('',#5678,#13763);
#13763 = DEFINITIONAL_REPRESENTATION('',(#13764),#13768);
#13764 = LINE('',#13765,#13766);
#13765 = CARTESIAN_POINT('',(0.,0.));
#13766 = VECTOR('',#13767,1.);
#13767 = DIRECTION('',(1.,0.));
#13768 = ( GEOMETRIC_REPRESENTATION_CONTEXT(2) 
PARAMETRIC_REPRESENTATION_CONTEXT() REPRESENTATION_CONTEXT('2D SPACE',''
  ) );
#13769 = PCURVE('',#11115,#13770);
#13770 = DEFINITIONAL_REPRESENTATION('',(#13771),#13775);
#13771 = LINE('',#13772,#13773);
#13772 = CARTESIAN_POINT('',(65.208623155752,-22.3566983253));
#13773 = VECTOR('',#13774,1.);
#13774 = DIRECTION('',(0.146817756874,0.989163558905));
#13775 = ( GEOMETRIC_REPRESENTATION_CONTEXT(2) 
PARAMETRIC_REPRESENTATION_CONTEXT() REPRESENTATION_CONTEXT('2D SPACE',''
  ) );
#13776 = ORIENTED_EDGE('',*,*,#13730,.T.);
#13777 = ORIENTED_EDGE('',*,*,#5663,.T.);
#13778 = ORIENTED_EDGE('',*,*,#13779,.F.);
#13779 = EDGE_CURVE('',#13755,#5638,#13780,.T.);
#13780 = SURFACE_CURVE('',#13781,(#13785,#13792),.PCURVE_S1.);
#13781 = LINE('',#13782,#13783);
#13782 = CARTESIAN_POINT('',(18.7,21.473931300823,1.4));
#13783 = VECTOR('',#13784,1.);
#13784 = DIRECTION('',(0.,0.,1.));
#13785 = PCURVE('',#5678,#13786);
#13786 = DEFINITIONAL_REPRESENTATION('',(#13787),#13791);
#13787 = LINE('',#13788,#13789);
#13788 = CARTESIAN_POINT('',(0.275338755335,0.));
#13789 = VECTOR('',#13790,1.);
#13790 = DIRECTION('',(0.,-1.));
#13791 = ( GEOMETRIC_REPRESENTATION_CONTEXT(2) 
PARAMETRIC_REPRESENTATION_CONTEXT() REPRESENTATION_CONTEXT('2D SPACE',''
  ) );
#13792 = PCURVE('',#5652,#13793);
#13793 = DEFINITIONAL_REPRESENTATION('',(#13794),#13798);
#13794 = LINE('',#13795,#13796);
#13795 = CARTESIAN_POINT('',(0.,0.));
#13796 = VECTOR('',#13797,1.);
#13797 = DIRECTION('',(0.,-1.));
#13798 = ( GEOMETRIC_REPRESENTATION_CONTEXT(2) 
PARAMETRIC_REPRESENTATION_CONTEXT() REPRESENTATION_CONTEXT('2D SPACE',''
  ) );
#13799 = ADVANCED_FACE('',(#13800),#5652,.F.);
#13800 = FACE_BOUND('',#13801,.F.);
#13801 = EDGE_LOOP('',(#13802,#13825,#13826,#13827,#13850,#13873,#13899,
    #13920));
#13802 = ORIENTED_EDGE('',*,*,#13803,.F.);
#13803 = EDGE_CURVE('',#13755,#13804,#13806,.T.);
#13804 = VERTEX_POINT('',#13805);
#13805 = CARTESIAN_POINT('',(18.7,36.520204102887,1.4));
#13806 = SURFACE_CURVE('',#13807,(#13811,#13818),.PCURVE_S1.);
#13807 = LINE('',#13808,#13809);
#13808 = CARTESIAN_POINT('',(18.7,21.473931300823,1.4));
#13809 = VECTOR('',#13810,1.);
#13810 = DIRECTION('',(0.,1.,0.));
#13811 = PCURVE('',#5652,#13812);
#13812 = DEFINITIONAL_REPRESENTATION('',(#13813),#13817);
#13813 = LINE('',#13814,#13815);
#13814 = CARTESIAN_POINT('',(0.,0.));
#13815 = VECTOR('',#13816,1.);
#13816 = DIRECTION('',(1.,0.));
#13817 = ( GEOMETRIC_REPRESENTATION_CONTEXT(2) 
PARAMETRIC_REPRESENTATION_CONTEXT() REPRESENTATION_CONTEXT('2D SPACE',''
  ) );
#13818 = PCURVE('',#11115,#13819);
#13819 = DEFINITIONAL_REPRESENTATION('',(#13820),#13824);
#13820 = LINE('',#13821,#13822);
#13821 = CARTESIAN_POINT('',(65.249047774191,-22.08434326217));
#13822 = VECTOR('',#13823,1.);
#13823 = DIRECTION('',(0.,1.));
#13824 = ( GEOMETRIC_REPRESENTATION_CONTEXT(2) 
PARAMETRIC_REPRESENTATION_CONTEXT() REPRESENTATION_CONTEXT('2D SPACE',''
  ) );
#13825 = ORIENTED_EDGE('',*,*,#13779,.T.);
#13826 = ORIENTED_EDGE('',*,*,#5637,.T.);
#13827 = ORIENTED_EDGE('',*,*,#13828,.F.);
#13828 = EDGE_CURVE('',#13829,#5612,#13831,.T.);
#13829 = VERTEX_POINT('',#13830);
#13830 = CARTESIAN_POINT('',(18.7,70.497754146423,1.4));
#13831 = SURFACE_CURVE('',#13832,(#13836,#13843),.PCURVE_S1.);
#13832 = LINE('',#13833,#13834);
#13833 = CARTESIAN_POINT('',(18.7,70.497754146423,1.4));
#13834 = VECTOR('',#13835,1.);
#13835 = DIRECTION('',(0.,0.,1.));
#13836 = PCURVE('',#5652,#13837);
#13837 = DEFINITIONAL_REPRESENTATION('',(#13838),#13842);
#13838 = LINE('',#13839,#13840);
#13839 = CARTESIAN_POINT('',(49.0238228456,0.));
#13840 = VECTOR('',#13841,1.);
#13841 = DIRECTION('',(0.,-1.));
#13842 = ( GEOMETRIC_REPRESENTATION_CONTEXT(2) 
PARAMETRIC_REPRESENTATION_CONTEXT() REPRESENTATION_CONTEXT('2D SPACE',''
  ) );
#13843 = PCURVE('',#5626,#13844);
#13844 = DEFINITIONAL_REPRESENTATION('',(#13845),#13849);
#13845 = LINE('',#13846,#13847);
#13846 = CARTESIAN_POINT('',(0.,0.));
#13847 = VECTOR('',#13848,1.);
#13848 = DIRECTION('',(0.,-1.));
#13849 = ( GEOMETRIC_REPRESENTATION_CONTEXT(2) 
PARAMETRIC_REPRESENTATION_CONTEXT() REPRESENTATION_CONTEXT('2D SPACE',''
  ) );
#13850 = ORIENTED_EDGE('',*,*,#13851,.F.);
#13851 = EDGE_CURVE('',#13852,#13829,#13854,.T.);
#13852 = VERTEX_POINT('',#13853);
#13853 = CARTESIAN_POINT('',(18.7,38.479795897113,1.4));
#13854 = SURFACE_CURVE('',#13855,(#13859,#13866),.PCURVE_S1.);
#13855 = LINE('',#13856,#13857);
#13856 = CARTESIAN_POINT('',(18.7,21.473931300823,1.4));
#13857 = VECTOR('',#13858,1.);
#13858 = DIRECTION('',(0.,1.,0.));
#13859 = PCURVE('',#5652,#13860);
#13860 = DEFINITIONAL_REPRESENTATION('',(#13861),#13865);
#13861 = LINE('',#13862,#13863);
#13862 = CARTESIAN_POINT('',(0.,0.));
#13863 = VECTOR('',#13864,1.);
#13864 = DIRECTION('',(1.,0.));
#13865 = ( GEOMETRIC_REPRESENTATION_CONTEXT(2) 
PARAMETRIC_REPRESENTATION_CONTEXT() REPRESENTATION_CONTEXT('2D SPACE',''
  ) );
#13866 = PCURVE('',#11115,#13867);
#13867 = DEFINITIONAL_REPRESENTATION('',(#13868),#13872);
#13868 = LINE('',#13869,#13870);
#13869 = CARTESIAN_POINT('',(65.249047774191,-22.08434326217));
#13870 = VECTOR('',#13871,1.);
#13871 = DIRECTION('',(0.,1.));
#13872 = ( GEOMETRIC_REPRESENTATION_CONTEXT(2) 
PARAMETRIC_REPRESENTATION_CONTEXT() REPRESENTATION_CONTEXT('2D SPACE',''
  ) );
#13873 = ORIENTED_EDGE('',*,*,#13874,.F.);
#13874 = EDGE_CURVE('',#13875,#13852,#13877,.T.);
#13875 = VERTEX_POINT('',#13876);
#13876 = CARTESIAN_POINT('',(18.7,38.479795897113,3.8));
#13877 = SURFACE_CURVE('',#13878,(#13882,#13888),.PCURVE_S1.);
#13878 = LINE('',#13879,#13880);
#13879 = CARTESIAN_POINT('',(18.7,38.479795897113,1.4));
#13880 = VECTOR('',#13881,1.);
#13881 = DIRECTION('',(-0.,-0.,-1.));
#13882 = PCURVE('',#5652,#13883);
#13883 = DEFINITIONAL_REPRESENTATION('',(#13884),#13887);
#13884 = B_SPLINE_CURVE_WITH_KNOTS('',1,(#13885,#13886),.UNSPECIFIED.,
  .F.,.F.,(2,2),(-2.4000006,5.999999999062E-07),
  .PIECEWISE_BEZIER_KNOTS.);
#13885 = CARTESIAN_POINT('',(17.00586459629,-2.4000006));
#13886 = CARTESIAN_POINT('',(17.00586459629,5.999999999062E-07));
#13887 = ( GEOMETRIC_REPRESENTATION_CONTEXT(2) 
PARAMETRIC_REPRESENTATION_CONTEXT() REPRESENTATION_CONTEXT('2D SPACE',''
  ) );
#13888 = PCURVE('',#13889,#13894);
#13889 = CYLINDRICAL_SURFACE('',#13890,2.5);
#13890 = AXIS2_PLACEMENT_3D('',#13891,#13892,#13893);
#13891 = CARTESIAN_POINT('',(21.,37.5,1.4));
#13892 = DIRECTION('',(-0.,-0.,-1.));
#13893 = DIRECTION('',(1.,0.,0.));
#13894 = DEFINITIONAL_REPRESENTATION('',(#13895),#13898);
#13895 = B_SPLINE_CURVE_WITH_KNOTS('',1,(#13896,#13897),.UNSPECIFIED.,
  .F.,.F.,(2,2),(-2.4,0.),.PIECEWISE_BEZIER_KNOTS.);
#13896 = CARTESIAN_POINT('',(-9.022062119189,-2.4));
#13897 = CARTESIAN_POINT('',(-9.022062119189,0.));
#13898 = ( GEOMETRIC_REPRESENTATION_CONTEXT(2) 
PARAMETRIC_REPRESENTATION_CONTEXT() REPRESENTATION_CONTEXT('2D SPACE',''
  ) );
#13899 = ORIENTED_EDGE('',*,*,#13900,.F.);
#13900 = EDGE_CURVE('',#13901,#13875,#13903,.T.);
#13901 = VERTEX_POINT('',#13902);
#13902 = CARTESIAN_POINT('',(18.7,36.520204102887,3.8));
#13903 = SURFACE_CURVE('',#13904,(#13908,#13914),.PCURVE_S1.);
#13904 = LINE('',#13905,#13906);
#13905 = CARTESIAN_POINT('',(18.7,29.486965650412,3.8));
#13906 = VECTOR('',#13907,1.);
#13907 = DIRECTION('',(0.,1.,-0.));
#13908 = PCURVE('',#5652,#13909);
#13909 = DEFINITIONAL_REPRESENTATION('',(#13910),#13913);
#13910 = B_SPLINE_CURVE_WITH_KNOTS('',1,(#13911,#13912),.UNSPECIFIED.,
  .F.,.F.,(2,2),(5.513034349588,10.513034349588),
  .PIECEWISE_BEZIER_KNOTS.);
#13911 = CARTESIAN_POINT('',(13.526068699177,-2.4));
#13912 = CARTESIAN_POINT('',(18.526068699177,-2.4));
#13913 = ( GEOMETRIC_REPRESENTATION_CONTEXT(2) 
PARAMETRIC_REPRESENTATION_CONTEXT() REPRESENTATION_CONTEXT('2D SPACE',''
  ) );
#13914 = PCURVE('',#10971,#13915);
#13915 = DEFINITIONAL_REPRESENTATION('',(#13916),#13919);
#13916 = B_SPLINE_CURVE_WITH_KNOTS('',1,(#13917,#13918),.UNSPECIFIED.,
  .F.,.F.,(2,2),(5.513034349588,10.513034349588),
  .PIECEWISE_BEZIER_KNOTS.);
#13917 = CARTESIAN_POINT('',(-2.3,-2.5));
#13918 = CARTESIAN_POINT('',(-2.3,2.5));
#13919 = ( GEOMETRIC_REPRESENTATION_CONTEXT(2) 
PARAMETRIC_REPRESENTATION_CONTEXT() REPRESENTATION_CONTEXT('2D SPACE',''
  ) );
#13920 = ORIENTED_EDGE('',*,*,#13921,.T.);
#13921 = EDGE_CURVE('',#13901,#13804,#13922,.T.);
#13922 = SURFACE_CURVE('',#13923,(#13927,#13933),.PCURVE_S1.);
#13923 = LINE('',#13924,#13925);
#13924 = CARTESIAN_POINT('',(18.7,36.520204102887,1.4));
#13925 = VECTOR('',#13926,1.);
#13926 = DIRECTION('',(-0.,-0.,-1.));
#13927 = PCURVE('',#5652,#13928);
#13928 = DEFINITIONAL_REPRESENTATION('',(#13929),#13932);
#13929 = B_SPLINE_CURVE_WITH_KNOTS('',1,(#13930,#13931),.UNSPECIFIED.,
  .F.,.F.,(2,2),(-2.4000006,5.999999999062E-07),
  .PIECEWISE_BEZIER_KNOTS.);
#13930 = CARTESIAN_POINT('',(15.046272802063,-2.4000006));
#13931 = CARTESIAN_POINT('',(15.046272802063,5.999999999062E-07));
#13932 = ( GEOMETRIC_REPRESENTATION_CONTEXT(2) 
PARAMETRIC_REPRESENTATION_CONTEXT() REPRESENTATION_CONTEXT('2D SPACE',''
  ) );
#13933 = PCURVE('',#13889,#13934);
#13934 = DEFINITIONAL_REPRESENTATION('',(#13935),#13938);
#13935 = B_SPLINE_CURVE_WITH_KNOTS('',1,(#13936,#13937),.UNSPECIFIED.,
  .F.,.F.,(2,2),(-2.4,-0.),.PIECEWISE_BEZIER_KNOTS.);
#13936 = CARTESIAN_POINT('',(-3.54430849517,-2.4));
#13937 = CARTESIAN_POINT('',(-3.54430849517,0.));
#13938 = ( GEOMETRIC_REPRESENTATION_CONTEXT(2) 
PARAMETRIC_REPRESENTATION_CONTEXT() REPRESENTATION_CONTEXT('2D SPACE',''
  ) );
#13939 = ADVANCED_FACE('',(#13940),#5626,.F.);
#13940 = FACE_BOUND('',#13941,.F.);
#13941 = EDGE_LOOP('',(#13942,#13965,#13966,#13967));
#13942 = ORIENTED_EDGE('',*,*,#13943,.F.);
#13943 = EDGE_CURVE('',#13829,#13944,#13946,.T.);
#13944 = VERTEX_POINT('',#13945);
#13945 = CARTESIAN_POINT('',(18.747410187284,70.791787515165,1.4));
#13946 = SURFACE_CURVE('',#13947,(#13951,#13958),.PCURVE_S1.);
#13947 = LINE('',#13948,#13949);
#13948 = CARTESIAN_POINT('',(18.7,70.497754146423,1.4));
#13949 = VECTOR('',#13950,1.);
#13950 = DIRECTION('',(0.159184825389,0.987248799121,0.));
#13951 = PCURVE('',#5626,#13952);
#13952 = DEFINITIONAL_REPRESENTATION('',(#13953),#13957);
#13953 = LINE('',#13954,#13955);
#13954 = CARTESIAN_POINT('',(0.,0.));
#13955 = VECTOR('',#13956,1.);
#13956 = DIRECTION('',(1.,0.));
#13957 = ( GEOMETRIC_REPRESENTATION_CONTEXT(2) 
PARAMETRIC_REPRESENTATION_CONTEXT() REPRESENTATION_CONTEXT('2D SPACE',''
  ) );
#13958 = PCURVE('',#11115,#13959);
#13959 = DEFINITIONAL_REPRESENTATION('',(#13960),#13964);
#13960 = LINE('',#13961,#13962);
#13961 = CARTESIAN_POINT('',(65.249047774191,26.939479583428));
#13962 = VECTOR('',#13963,1.);
#13963 = DIRECTION('',(-0.159184825389,0.987248799121));
#13964 = ( GEOMETRIC_REPRESENTATION_CONTEXT(2) 
PARAMETRIC_REPRESENTATION_CONTEXT() REPRESENTATION_CONTEXT('2D SPACE',''
  ) );
#13965 = ORIENTED_EDGE('',*,*,#13828,.T.);
#13966 = ORIENTED_EDGE('',*,*,#5611,.T.);
#13967 = ORIENTED_EDGE('',*,*,#13968,.F.);
#13968 = EDGE_CURVE('',#13944,#5586,#13969,.T.);
#13969 = SURFACE_CURVE('',#13970,(#13974,#13981),.PCURVE_S1.);
#13970 = LINE('',#13971,#13972);
#13971 = CARTESIAN_POINT('',(18.747410187284,70.791787515165,1.4));
#13972 = VECTOR('',#13973,1.);
#13973 = DIRECTION('',(0.,0.,1.));
#13974 = PCURVE('',#5626,#13975);
#13975 = DEFINITIONAL_REPRESENTATION('',(#13976),#13980);
#13976 = LINE('',#13977,#13978);
#13977 = CARTESIAN_POINT('',(0.297831072577,0.));
#13978 = VECTOR('',#13979,1.);
#13979 = DIRECTION('',(0.,-1.));
#13980 = ( GEOMETRIC_REPRESENTATION_CONTEXT(2) 
PARAMETRIC_REPRESENTATION_CONTEXT() REPRESENTATION_CONTEXT('2D SPACE',''
  ) );
#13981 = PCURVE('',#5600,#13982);
#13982 = DEFINITIONAL_REPRESENTATION('',(#13983),#13987);
#13983 = LINE('',#13984,#13985);
#13984 = CARTESIAN_POINT('',(0.,0.));
#13985 = VECTOR('',#13986,1.);
#13986 = DIRECTION('',(0.,-1.));
#13987 = ( GEOMETRIC_REPRESENTATION_CONTEXT(2) 
PARAMETRIC_REPRESENTATION_CONTEXT() REPRESENTATION_CONTEXT('2D SPACE',''
  ) );
#13988 = ADVANCED_FACE('',(#13989),#5600,.F.);
#13989 = FACE_BOUND('',#13990,.F.);
#13990 = EDGE_LOOP('',(#13991,#14014,#14015,#14016));
#13991 = ORIENTED_EDGE('',*,*,#13992,.F.);
#13992 = EDGE_CURVE('',#13944,#13993,#13995,.T.);
#13993 = VERTEX_POINT('',#13994);
#13994 = CARTESIAN_POINT('',(18.817445922274,70.926446817353,1.4));
#13995 = SURFACE_CURVE('',#13996,(#14000,#14007),.PCURVE_S1.);
#13996 = LINE('',#13997,#13998);
#13997 = CARTESIAN_POINT('',(18.747410187284,70.791787515165,1.4));
#13998 = VECTOR('',#13999,1.);
#13999 = DIRECTION('',(0.461419624116,0.887182016545,0.));
#14000 = PCURVE('',#5600,#14001);
#14001 = DEFINITIONAL_REPRESENTATION('',(#14002),#14006);
#14002 = LINE('',#14003,#14004);
#14003 = CARTESIAN_POINT('',(0.,0.));
#14004 = VECTOR('',#14005,1.);
#14005 = DIRECTION('',(1.,0.));
#14006 = ( GEOMETRIC_REPRESENTATION_CONTEXT(2) 
PARAMETRIC_REPRESENTATION_CONTEXT() REPRESENTATION_CONTEXT('2D SPACE',''
  ) );
#14007 = PCURVE('',#11115,#14008);
#14008 = DEFINITIONAL_REPRESENTATION('',(#14009),#14013);
#14009 = LINE('',#14010,#14011);
#14010 = CARTESIAN_POINT('',(65.201637586907,27.23351295217));
#14011 = VECTOR('',#14012,1.);
#14012 = DIRECTION('',(-0.461419624116,0.887182016545));
#14013 = ( GEOMETRIC_REPRESENTATION_CONTEXT(2) 
PARAMETRIC_REPRESENTATION_CONTEXT() REPRESENTATION_CONTEXT('2D SPACE',''
  ) );
#14014 = ORIENTED_EDGE('',*,*,#13968,.T.);
#14015 = ORIENTED_EDGE('',*,*,#5585,.T.);
#14016 = ORIENTED_EDGE('',*,*,#14017,.F.);
#14017 = EDGE_CURVE('',#13993,#5560,#14018,.T.);
#14018 = SURFACE_CURVE('',#14019,(#14023,#14030),.PCURVE_S1.);
#14019 = LINE('',#14020,#14021);
#14020 = CARTESIAN_POINT('',(18.817445922274,70.926446817353,1.4));
#14021 = VECTOR('',#14022,1.);
#14022 = DIRECTION('',(0.,0.,1.));
#14023 = PCURVE('',#5600,#14024);
#14024 = DEFINITIONAL_REPRESENTATION('',(#14025),#14029);
#14025 = LINE('',#14026,#14027);
#14026 = CARTESIAN_POINT('',(0.151783173775,0.));
#14027 = VECTOR('',#14028,1.);
#14028 = DIRECTION('',(0.,-1.));
#14029 = ( GEOMETRIC_REPRESENTATION_CONTEXT(2) 
PARAMETRIC_REPRESENTATION_CONTEXT() REPRESENTATION_CONTEXT('2D SPACE',''
  ) );
#14030 = PCURVE('',#5574,#14031);
#14031 = DEFINITIONAL_REPRESENTATION('',(#14032),#14036);
#14032 = LINE('',#14033,#14034);
#14033 = CARTESIAN_POINT('',(0.,0.));
#14034 = VECTOR('',#14035,1.);
#14035 = DIRECTION('',(0.,-1.));
#14036 = ( GEOMETRIC_REPRESENTATION_CONTEXT(2) 
PARAMETRIC_REPRESENTATION_CONTEXT() REPRESENTATION_CONTEXT('2D SPACE',''
  ) );
#14037 = ADVANCED_FACE('',(#14038),#5574,.F.);
#14038 = FACE_BOUND('',#14039,.F.);
#14039 = EDGE_LOOP('',(#14040,#14063,#14064,#14065));
#14040 = ORIENTED_EDGE('',*,*,#14041,.F.);
#14041 = EDGE_CURVE('',#13993,#14042,#14044,.T.);
#14042 = VERTEX_POINT('',#14043);
#14043 = CARTESIAN_POINT('',(19.125350752514,71.225892943404,1.4));
#14044 = SURFACE_CURVE('',#14045,(#14049,#14056),.PCURVE_S1.);
#14045 = LINE('',#14046,#14047);
#14046 = CARTESIAN_POINT('',(18.817445922274,70.926446817353,1.4));
#14047 = VECTOR('',#14048,1.);
#14048 = DIRECTION('',(0.716885282942,0.697191143877,0.));
#14049 = PCURVE('',#5574,#14050);
#14050 = DEFINITIONAL_REPRESENTATION('',(#14051),#14055);
#14051 = LINE('',#14052,#14053);
#14052 = CARTESIAN_POINT('',(0.,0.));
#14053 = VECTOR('',#14054,1.);
#14054 = DIRECTION('',(1.,0.));
#14055 = ( GEOMETRIC_REPRESENTATION_CONTEXT(2) 
PARAMETRIC_REPRESENTATION_CONTEXT() REPRESENTATION_CONTEXT('2D SPACE',''
  ) );
#14056 = PCURVE('',#11115,#14057);
#14057 = DEFINITIONAL_REPRESENTATION('',(#14058),#14062);
#14058 = LINE('',#14059,#14060);
#14059 = CARTESIAN_POINT('',(65.131601851917,27.368172254358));
#14060 = VECTOR('',#14061,1.);
#14061 = DIRECTION('',(-0.716885282942,0.697191143877));
#14062 = ( GEOMETRIC_REPRESENTATION_CONTEXT(2) 
PARAMETRIC_REPRESENTATION_CONTEXT() REPRESENTATION_CONTEXT('2D SPACE',''
  ) );
#14063 = ORIENTED_EDGE('',*,*,#14017,.T.);
#14064 = ORIENTED_EDGE('',*,*,#5559,.T.);
#14065 = ORIENTED_EDGE('',*,*,#14066,.F.);
#14066 = EDGE_CURVE('',#14042,#5534,#14067,.T.);
#14067 = SURFACE_CURVE('',#14068,(#14072,#14079),.PCURVE_S1.);
#14068 = LINE('',#14069,#14070);
#14069 = CARTESIAN_POINT('',(19.125350752514,71.225892943404,1.4));
#14070 = VECTOR('',#14071,1.);
#14071 = DIRECTION('',(0.,0.,1.));
#14072 = PCURVE('',#5574,#14073);
#14073 = DEFINITIONAL_REPRESENTATION('',(#14074),#14078);
#14074 = LINE('',#14075,#14076);
#14075 = CARTESIAN_POINT('',(0.429503628498,0.));
#14076 = VECTOR('',#14077,1.);
#14077 = DIRECTION('',(0.,-1.));
#14078 = ( GEOMETRIC_REPRESENTATION_CONTEXT(2) 
PARAMETRIC_REPRESENTATION_CONTEXT() REPRESENTATION_CONTEXT('2D SPACE',''
  ) );
#14079 = PCURVE('',#5548,#14080);
#14080 = DEFINITIONAL_REPRESENTATION('',(#14081),#14085);
#14081 = LINE('',#14082,#14083);
#14082 = CARTESIAN_POINT('',(0.,0.));
#14083 = VECTOR('',#14084,1.);
#14084 = DIRECTION('',(0.,-1.));
#14085 = ( GEOMETRIC_REPRESENTATION_CONTEXT(2) 
PARAMETRIC_REPRESENTATION_CONTEXT() REPRESENTATION_CONTEXT('2D SPACE',''
  ) );
#14086 = ADVANCED_FACE('',(#14087),#5548,.F.);
#14087 = FACE_BOUND('',#14088,.F.);
#14088 = EDGE_LOOP('',(#14089,#14112,#14113,#14114));
#14089 = ORIENTED_EDGE('',*,*,#14090,.F.);
#14090 = EDGE_CURVE('',#14042,#14091,#14093,.T.);
#14091 = VERTEX_POINT('',#14092);
#14092 = CARTESIAN_POINT('',(19.571611949523,72.022311229915,1.4));
#14093 = SURFACE_CURVE('',#14094,(#14098,#14105),.PCURVE_S1.);
#14094 = LINE('',#14095,#14096);
#14095 = CARTESIAN_POINT('',(19.125350752514,71.225892943404,1.4));
#14096 = VECTOR('',#14097,1.);
#14097 = DIRECTION('',(0.488825961968,0.872381326546,0.));
#14098 = PCURVE('',#5548,#14099);
#14099 = DEFINITIONAL_REPRESENTATION('',(#14100),#14104);
#14100 = LINE('',#14101,#14102);
#14101 = CARTESIAN_POINT('',(0.,0.));
#14102 = VECTOR('',#14103,1.);
#14103 = DIRECTION('',(1.,0.));
#14104 = ( GEOMETRIC_REPRESENTATION_CONTEXT(2) 
PARAMETRIC_REPRESENTATION_CONTEXT() REPRESENTATION_CONTEXT('2D SPACE',''
  ) );
#14105 = PCURVE('',#11115,#14106);
#14106 = DEFINITIONAL_REPRESENTATION('',(#14107),#14111);
#14107 = LINE('',#14108,#14109);
#14108 = CARTESIAN_POINT('',(64.823697021677,27.667618380409));
#14109 = VECTOR('',#14110,1.);
#14110 = DIRECTION('',(-0.488825961968,0.872381326546));
#14111 = ( GEOMETRIC_REPRESENTATION_CONTEXT(2) 
PARAMETRIC_REPRESENTATION_CONTEXT() REPRESENTATION_CONTEXT('2D SPACE',''
  ) );
#14112 = ORIENTED_EDGE('',*,*,#14066,.T.);
#14113 = ORIENTED_EDGE('',*,*,#5533,.T.);
#14114 = ORIENTED_EDGE('',*,*,#14115,.F.);
#14115 = EDGE_CURVE('',#14091,#5508,#14116,.T.);
#14116 = SURFACE_CURVE('',#14117,(#14121,#14128),.PCURVE_S1.);
#14117 = LINE('',#14118,#14119);
#14118 = CARTESIAN_POINT('',(19.571611949523,72.022311229915,1.4));
#14119 = VECTOR('',#14120,1.);
#14120 = DIRECTION('',(0.,0.,1.));
#14121 = PCURVE('',#5548,#14122);
#14122 = DEFINITIONAL_REPRESENTATION('',(#14123),#14127);
#14123 = LINE('',#14124,#14125);
#14124 = CARTESIAN_POINT('',(0.912924500189,0.));
#14125 = VECTOR('',#14126,1.);
#14126 = DIRECTION('',(0.,-1.));
#14127 = ( GEOMETRIC_REPRESENTATION_CONTEXT(2) 
PARAMETRIC_REPRESENTATION_CONTEXT() REPRESENTATION_CONTEXT('2D SPACE',''
  ) );
#14128 = PCURVE('',#5522,#14129);
#14129 = DEFINITIONAL_REPRESENTATION('',(#14130),#14134);
#14130 = LINE('',#14131,#14132);
#14131 = CARTESIAN_POINT('',(0.,0.));
#14132 = VECTOR('',#14133,1.);
#14133 = DIRECTION('',(0.,-1.));
#14134 = ( GEOMETRIC_REPRESENTATION_CONTEXT(2) 
PARAMETRIC_REPRESENTATION_CONTEXT() REPRESENTATION_CONTEXT('2D SPACE',''
  ) );
#14135 = ADVANCED_FACE('',(#14136),#5522,.F.);
#14136 = FACE_BOUND('',#14137,.F.);
#14137 = EDGE_LOOP('',(#14138,#14161,#14162,#14163));
#14138 = ORIENTED_EDGE('',*,*,#14139,.F.);
#14139 = EDGE_CURVE('',#14091,#14140,#14142,.T.);
#14140 = VERTEX_POINT('',#14141);
#14141 = CARTESIAN_POINT('',(19.809974071804,72.313581084126,1.4));
#14142 = SURFACE_CURVE('',#14143,(#14147,#14154),.PCURVE_S1.);
#14143 = LINE('',#14144,#14145);
#14144 = CARTESIAN_POINT('',(19.571611949523,72.022311229915,1.4));
#14145 = VECTOR('',#14146,1.);
#14146 = DIRECTION('',(0.633318037876,0.773891635115,0.));
#14147 = PCURVE('',#5522,#14148);
#14148 = DEFINITIONAL_REPRESENTATION('',(#14149),#14153);
#14149 = LINE('',#14150,#14151);
#14150 = CARTESIAN_POINT('',(0.,0.));
#14151 = VECTOR('',#14152,1.);
#14152 = DIRECTION('',(1.,0.));
#14153 = ( GEOMETRIC_REPRESENTATION_CONTEXT(2) 
PARAMETRIC_REPRESENTATION_CONTEXT() REPRESENTATION_CONTEXT('2D SPACE',''
  ) );
#14154 = PCURVE('',#11115,#14155);
#14155 = DEFINITIONAL_REPRESENTATION('',(#14156),#14160);
#14156 = LINE('',#14157,#14158);
#14157 = CARTESIAN_POINT('',(64.377435824668,28.46403666692));
#14158 = VECTOR('',#14159,1.);
#14159 = DIRECTION('',(-0.633318037876,0.773891635115));
#14160 = ( GEOMETRIC_REPRESENTATION_CONTEXT(2) 
PARAMETRIC_REPRESENTATION_CONTEXT() REPRESENTATION_CONTEXT('2D SPACE',''
  ) );
#14161 = ORIENTED_EDGE('',*,*,#14115,.T.);
#14162 = ORIENTED_EDGE('',*,*,#5507,.T.);
#14163 = ORIENTED_EDGE('',*,*,#14164,.F.);
#14164 = EDGE_CURVE('',#14140,#5482,#14165,.T.);
#14165 = SURFACE_CURVE('',#14166,(#14170,#14177),.PCURVE_S1.);
#14166 = LINE('',#14167,#14168);
#14167 = CARTESIAN_POINT('',(19.809974071804,72.313581084126,1.4));
#14168 = VECTOR('',#14169,1.);
#14169 = DIRECTION('',(0.,0.,1.));
#14170 = PCURVE('',#5522,#14171);
#14171 = DEFINITIONAL_REPRESENTATION('',(#14172),#14176);
#14172 = LINE('',#14173,#14174);
#14173 = CARTESIAN_POINT('',(0.376370335322,0.));
#14174 = VECTOR('',#14175,1.);
#14175 = DIRECTION('',(0.,-1.));
#14176 = ( GEOMETRIC_REPRESENTATION_CONTEXT(2) 
PARAMETRIC_REPRESENTATION_CONTEXT() REPRESENTATION_CONTEXT('2D SPACE',''
  ) );
#14177 = PCURVE('',#5496,#14178);
#14178 = DEFINITIONAL_REPRESENTATION('',(#14179),#14183);
#14179 = LINE('',#14180,#14181);
#14180 = CARTESIAN_POINT('',(0.,0.));
#14181 = VECTOR('',#14182,1.);
#14182 = DIRECTION('',(0.,-1.));
#14183 = ( GEOMETRIC_REPRESENTATION_CONTEXT(2) 
PARAMETRIC_REPRESENTATION_CONTEXT() REPRESENTATION_CONTEXT('2D SPACE',''
  ) );
#14184 = ADVANCED_FACE('',(#14185),#5496,.F.);
#14185 = FACE_BOUND('',#14186,.F.);
#14186 = EDGE_LOOP('',(#14187,#14210,#14211,#14212));
#14187 = ORIENTED_EDGE('',*,*,#14188,.F.);
#14188 = EDGE_CURVE('',#14140,#14189,#14191,.T.);
#14189 = VERTEX_POINT('',#14190);
#14190 = CARTESIAN_POINT('',(20.1558096146,72.616467967387,1.4));
#14191 = SURFACE_CURVE('',#14192,(#14196,#14203),.PCURVE_S1.);
#14192 = LINE('',#14193,#14194);
#14193 = CARTESIAN_POINT('',(19.809974071804,72.313581084126,1.4));
#14194 = VECTOR('',#14195,1.);
#14195 = DIRECTION('',(0.752273932736,0.658850461126,0.));
#14196 = PCURVE('',#5496,#14197);
#14197 = DEFINITIONAL_REPRESENTATION('',(#14198),#14202);
#14198 = LINE('',#14199,#14200);
#14199 = CARTESIAN_POINT('',(0.,0.));
#14200 = VECTOR('',#14201,1.);
#14201 = DIRECTION('',(1.,0.));
#14202 = ( GEOMETRIC_REPRESENTATION_CONTEXT(2) 
PARAMETRIC_REPRESENTATION_CONTEXT() REPRESENTATION_CONTEXT('2D SPACE',''
  ) );
#14203 = PCURVE('',#11115,#14204);
#14204 = DEFINITIONAL_REPRESENTATION('',(#14205),#14209);
#14205 = LINE('',#14206,#14207);
#14206 = CARTESIAN_POINT('',(64.139073702387,28.755306521132));
#14207 = VECTOR('',#14208,1.);
#14208 = DIRECTION('',(-0.752273932736,0.658850461126));
#14209 = ( GEOMETRIC_REPRESENTATION_CONTEXT(2) 
PARAMETRIC_REPRESENTATION_CONTEXT() REPRESENTATION_CONTEXT('2D SPACE',''
  ) );
#14210 = ORIENTED_EDGE('',*,*,#14164,.T.);
#14211 = ORIENTED_EDGE('',*,*,#5481,.T.);
#14212 = ORIENTED_EDGE('',*,*,#14213,.F.);
#14213 = EDGE_CURVE('',#14189,#5456,#14214,.T.);
#14214 = SURFACE_CURVE('',#14215,(#14219,#14226),.PCURVE_S1.);
#14215 = LINE('',#14216,#14217);
#14216 = CARTESIAN_POINT('',(20.1558096146,72.616467967387,1.4));
#14217 = VECTOR('',#14218,1.);
#14218 = DIRECTION('',(0.,0.,1.));
#14219 = PCURVE('',#5496,#14220);
#14220 = DEFINITIONAL_REPRESENTATION('',(#14221),#14225);
#14221 = LINE('',#14222,#14223);
#14222 = CARTESIAN_POINT('',(0.459720226564,0.));
#14223 = VECTOR('',#14224,1.);
#14224 = DIRECTION('',(0.,-1.));
#14225 = ( GEOMETRIC_REPRESENTATION_CONTEXT(2) 
PARAMETRIC_REPRESENTATION_CONTEXT() REPRESENTATION_CONTEXT('2D SPACE',''
  ) );
#14226 = PCURVE('',#5470,#14227);
#14227 = DEFINITIONAL_REPRESENTATION('',(#14228),#14232);
#14228 = LINE('',#14229,#14230);
#14229 = CARTESIAN_POINT('',(0.,0.));
#14230 = VECTOR('',#14231,1.);
#14231 = DIRECTION('',(0.,-1.));
#14232 = ( GEOMETRIC_REPRESENTATION_CONTEXT(2) 
PARAMETRIC_REPRESENTATION_CONTEXT() REPRESENTATION_CONTEXT('2D SPACE',''
  ) );
#14233 = ADVANCED_FACE('',(#14234),#5470,.F.);
#14234 = FACE_BOUND('',#14235,.F.);
#14235 = EDGE_LOOP('',(#14236,#14259,#14260,#14261));
#14236 = ORIENTED_EDGE('',*,*,#14237,.F.);
#14237 = EDGE_CURVE('',#14189,#14238,#14240,.T.);
#14238 = VERTEX_POINT('',#14239);
#14239 = CARTESIAN_POINT('',(20.446811610991,72.796333908978,1.4));
#14240 = SURFACE_CURVE('',#14241,(#14245,#14252),.PCURVE_S1.);
#14241 = LINE('',#14242,#14243);
#14242 = CARTESIAN_POINT('',(20.1558096146,72.616467967387,1.4));
#14243 = VECTOR('',#14244,1.);
#14244 = DIRECTION('',(0.850628823525,0.525766682653,0.));
#14245 = PCURVE('',#5470,#14246);
#14246 = DEFINITIONAL_REPRESENTATION('',(#14247),#14251);
#14247 = LINE('',#14248,#14249);
#14248 = CARTESIAN_POINT('',(0.,0.));
#14249 = VECTOR('',#14250,1.);
#14250 = DIRECTION('',(1.,0.));
#14251 = ( GEOMETRIC_REPRESENTATION_CONTEXT(2) 
PARAMETRIC_REPRESENTATION_CONTEXT() REPRESENTATION_CONTEXT('2D SPACE',''
  ) );
#14252 = PCURVE('',#11115,#14253);
#14253 = DEFINITIONAL_REPRESENTATION('',(#14254),#14258);
#14254 = LINE('',#14255,#14256);
#14255 = CARTESIAN_POINT('',(63.793238159591,29.058193404392));
#14256 = VECTOR('',#14257,1.);
#14257 = DIRECTION('',(-0.850628823525,0.525766682653));
#14258 = ( GEOMETRIC_REPRESENTATION_CONTEXT(2) 
PARAMETRIC_REPRESENTATION_CONTEXT() REPRESENTATION_CONTEXT('2D SPACE',''
  ) );
#14259 = ORIENTED_EDGE('',*,*,#14213,.T.);
#14260 = ORIENTED_EDGE('',*,*,#5455,.T.);
#14261 = ORIENTED_EDGE('',*,*,#14262,.F.);
#14262 = EDGE_CURVE('',#14238,#5430,#14263,.T.);
#14263 = SURFACE_CURVE('',#14264,(#14268,#14275),.PCURVE_S1.);
#14264 = LINE('',#14265,#14266);
#14265 = CARTESIAN_POINT('',(20.446811610991,72.796333908978,1.4));
#14266 = VECTOR('',#14267,1.);
#14267 = DIRECTION('',(0.,0.,1.));
#14268 = PCURVE('',#5470,#14269);
#14269 = DEFINITIONAL_REPRESENTATION('',(#14270),#14274);
#14270 = LINE('',#14271,#14272);
#14271 = CARTESIAN_POINT('',(0.342102205267,0.));
#14272 = VECTOR('',#14273,1.);
#14273 = DIRECTION('',(0.,-1.));
#14274 = ( GEOMETRIC_REPRESENTATION_CONTEXT(2) 
PARAMETRIC_REPRESENTATION_CONTEXT() REPRESENTATION_CONTEXT('2D SPACE',''
  ) );
#14275 = PCURVE('',#5444,#14276);
#14276 = DEFINITIONAL_REPRESENTATION('',(#14277),#14281);
#14277 = LINE('',#14278,#14279);
#14278 = CARTESIAN_POINT('',(0.,0.));
#14279 = VECTOR('',#14280,1.);
#14280 = DIRECTION('',(0.,-1.));
#14281 = ( GEOMETRIC_REPRESENTATION_CONTEXT(2) 
PARAMETRIC_REPRESENTATION_CONTEXT() REPRESENTATION_CONTEXT('2D SPACE',''
  ) );
#14282 = ADVANCED_FACE('',(#14283),#5444,.F.);
#14283 = FACE_BOUND('',#14284,.F.);
#14284 = EDGE_LOOP('',(#14285,#14308,#14309,#14310));
#14285 = ORIENTED_EDGE('',*,*,#14286,.F.);
#14286 = EDGE_CURVE('',#14238,#14287,#14289,.T.);
#14287 = VERTEX_POINT('',#14288);
#14288 = CARTESIAN_POINT('',(20.810892583847,72.947730160417,1.4));
#14289 = SURFACE_CURVE('',#14290,(#14294,#14301),.PCURVE_S1.);
#14290 = LINE('',#14291,#14292);
#14291 = CARTESIAN_POINT('',(20.446811610991,72.796333908978,1.4));
#14292 = VECTOR('',#14293,1.);
#14293 = DIRECTION('',(0.923350547811,0.383958026167,0.));
#14294 = PCURVE('',#5444,#14295);
#14295 = DEFINITIONAL_REPRESENTATION('',(#14296),#14300);
#14296 = LINE('',#14297,#14298);
#14297 = CARTESIAN_POINT('',(0.,0.));
#14298 = VECTOR('',#14299,1.);
#14299 = DIRECTION('',(1.,0.));
#14300 = ( GEOMETRIC_REPRESENTATION_CONTEXT(2) 
PARAMETRIC_REPRESENTATION_CONTEXT() REPRESENTATION_CONTEXT('2D SPACE',''
  ) );
#14301 = PCURVE('',#11115,#14302);
#14302 = DEFINITIONAL_REPRESENTATION('',(#14303),#14307);
#14303 = LINE('',#14304,#14305);
#14304 = CARTESIAN_POINT('',(63.5022361632,29.238059345984));
#14305 = VECTOR('',#14306,1.);
#14306 = DIRECTION('',(-0.923350547811,0.383958026167));
#14307 = ( GEOMETRIC_REPRESENTATION_CONTEXT(2) 
PARAMETRIC_REPRESENTATION_CONTEXT() REPRESENTATION_CONTEXT('2D SPACE',''
  ) );
#14308 = ORIENTED_EDGE('',*,*,#14262,.T.);
#14309 = ORIENTED_EDGE('',*,*,#5429,.T.);
#14310 = ORIENTED_EDGE('',*,*,#14311,.F.);
#14311 = EDGE_CURVE('',#14287,#5404,#14312,.T.);
#14312 = SURFACE_CURVE('',#14313,(#14317,#14324),.PCURVE_S1.);
#14313 = LINE('',#14314,#14315);
#14314 = CARTESIAN_POINT('',(20.810892583847,72.947730160417,1.4));
#14315 = VECTOR('',#14316,1.);
#14316 = DIRECTION('',(0.,0.,1.));
#14317 = PCURVE('',#5444,#14318);
#14318 = DEFINITIONAL_REPRESENTATION('',(#14319),#14323);
#14319 = LINE('',#14320,#14321);
#14320 = CARTESIAN_POINT('',(0.394304171605,0.));
#14321 = VECTOR('',#14322,1.);
#14322 = DIRECTION('',(0.,-1.));
#14323 = ( GEOMETRIC_REPRESENTATION_CONTEXT(2) 
PARAMETRIC_REPRESENTATION_CONTEXT() REPRESENTATION_CONTEXT('2D SPACE',''
  ) );
#14324 = PCURVE('',#5418,#14325);
#14325 = DEFINITIONAL_REPRESENTATION('',(#14326),#14330);
#14326 = LINE('',#14327,#14328);
#14327 = CARTESIAN_POINT('',(0.,0.));
#14328 = VECTOR('',#14329,1.);
#14329 = DIRECTION('',(0.,-1.));
#14330 = ( GEOMETRIC_REPRESENTATION_CONTEXT(2) 
PARAMETRIC_REPRESENTATION_CONTEXT() REPRESENTATION_CONTEXT('2D SPACE',''
  ) );
#14331 = ADVANCED_FACE('',(#14332),#5418,.F.);
#14332 = FACE_BOUND('',#14333,.F.);
#14333 = EDGE_LOOP('',(#14334,#14357,#14358,#14359));
#14334 = ORIENTED_EDGE('',*,*,#14335,.F.);
#14335 = EDGE_CURVE('',#14287,#14336,#14338,.T.);
#14336 = VERTEX_POINT('',#14337);
#14337 = CARTESIAN_POINT('',(21.612778783956,73.094415205145,1.4));
#14338 = SURFACE_CURVE('',#14339,(#14343,#14350),.PCURVE_S1.);
#14339 = LINE('',#14340,#14341);
#14340 = CARTESIAN_POINT('',(20.810892583847,72.947730160417,1.4));
#14341 = VECTOR('',#14342,1.);
#14342 = DIRECTION('',(0.983677722696,0.17993926162,0.));
#14343 = PCURVE('',#5418,#14344);
#14344 = DEFINITIONAL_REPRESENTATION('',(#14345),#14349);
#14345 = LINE('',#14346,#14347);
#14346 = CARTESIAN_POINT('',(0.,0.));
#14347 = VECTOR('',#14348,1.);
#14348 = DIRECTION('',(1.,0.));
#14349 = ( GEOMETRIC_REPRESENTATION_CONTEXT(2) 
PARAMETRIC_REPRESENTATION_CONTEXT() REPRESENTATION_CONTEXT('2D SPACE',''
  ) );
#14350 = PCURVE('',#11115,#14351);
#14351 = DEFINITIONAL_REPRESENTATION('',(#14352),#14356);
#14352 = LINE('',#14353,#14354);
#14353 = CARTESIAN_POINT('',(63.138155190344,29.389455597422));
#14354 = VECTOR('',#14355,1.);
#14355 = DIRECTION('',(-0.983677722696,0.17993926162));
#14356 = ( GEOMETRIC_REPRESENTATION_CONTEXT(2) 
PARAMETRIC_REPRESENTATION_CONTEXT() REPRESENTATION_CONTEXT('2D SPACE',''
  ) );
#14357 = ORIENTED_EDGE('',*,*,#14311,.T.);
#14358 = ORIENTED_EDGE('',*,*,#5403,.T.);
#14359 = ORIENTED_EDGE('',*,*,#14360,.F.);
#14360 = EDGE_CURVE('',#14336,#5378,#14361,.T.);
#14361 = SURFACE_CURVE('',#14362,(#14366,#14373),.PCURVE_S1.);
#14362 = LINE('',#14363,#14364);
#14363 = CARTESIAN_POINT('',(21.612778783956,73.094415205145,1.4));
#14364 = VECTOR('',#14365,1.);
#14365 = DIRECTION('',(0.,0.,1.));
#14366 = PCURVE('',#5418,#14367);
#14367 = DEFINITIONAL_REPRESENTATION('',(#14368),#14372);
#14368 = LINE('',#14369,#14370);
#14369 = CARTESIAN_POINT('',(0.815191989824,0.));
#14370 = VECTOR('',#14371,1.);
#14371 = DIRECTION('',(0.,-1.));
#14372 = ( GEOMETRIC_REPRESENTATION_CONTEXT(2) 
PARAMETRIC_REPRESENTATION_CONTEXT() REPRESENTATION_CONTEXT('2D SPACE',''
  ) );
#14373 = PCURVE('',#5392,#14374);
#14374 = DEFINITIONAL_REPRESENTATION('',(#14375),#14379);
#14375 = LINE('',#14376,#14377);
#14376 = CARTESIAN_POINT('',(0.,0.));
#14377 = VECTOR('',#14378,1.);
#14378 = DIRECTION('',(0.,-1.));
#14379 = ( GEOMETRIC_REPRESENTATION_CONTEXT(2) 
PARAMETRIC_REPRESENTATION_CONTEXT() REPRESENTATION_CONTEXT('2D SPACE',''
  ) );
#14380 = ADVANCED_FACE('',(#14381),#5392,.F.);
#14381 = FACE_BOUND('',#14382,.F.);
#14382 = EDGE_LOOP('',(#14383,#14406,#14407,#14408));
#14383 = ORIENTED_EDGE('',*,*,#14384,.F.);
#14384 = EDGE_CURVE('',#14336,#14385,#14387,.T.);
#14385 = VERTEX_POINT('',#14386);
#14386 = CARTESIAN_POINT('',(44.842689034476,73.104663415642,1.4));
#14387 = SURFACE_CURVE('',#14388,(#14392,#14399),.PCURVE_S1.);
#14388 = LINE('',#14389,#14390);
#14389 = CARTESIAN_POINT('',(21.612778783956,73.094415205145,1.4));
#14390 = VECTOR('',#14391,1.);
#14391 = DIRECTION('',(0.999999902687,4.411644035245E-04,0.));
#14392 = PCURVE('',#5392,#14393);
#14393 = DEFINITIONAL_REPRESENTATION('',(#14394),#14398);
#14394 = LINE('',#14395,#14396);
#14395 = CARTESIAN_POINT('',(0.,0.));
#14396 = VECTOR('',#14397,1.);
#14397 = DIRECTION('',(1.,0.));
#14398 = ( GEOMETRIC_REPRESENTATION_CONTEXT(2) 
PARAMETRIC_REPRESENTATION_CONTEXT() REPRESENTATION_CONTEXT('2D SPACE',''
  ) );
#14399 = PCURVE('',#11115,#14400);
#14400 = DEFINITIONAL_REPRESENTATION('',(#14401),#14405);
#14401 = LINE('',#14402,#14403);
#14402 = CARTESIAN_POINT('',(62.336268990235,29.53614064215));
#14403 = VECTOR('',#14404,1.);
#14404 = DIRECTION('',(-0.999999902687,4.411644035245E-04));
#14405 = ( GEOMETRIC_REPRESENTATION_CONTEXT(2) 
PARAMETRIC_REPRESENTATION_CONTEXT() REPRESENTATION_CONTEXT('2D SPACE',''
  ) );
#14406 = ORIENTED_EDGE('',*,*,#14360,.T.);
#14407 = ORIENTED_EDGE('',*,*,#5377,.T.);
#14408 = ORIENTED_EDGE('',*,*,#14409,.F.);
#14409 = EDGE_CURVE('',#14385,#5352,#14410,.T.);
#14410 = SURFACE_CURVE('',#14411,(#14415,#14422),.PCURVE_S1.);
#14411 = LINE('',#14412,#14413);
#14412 = CARTESIAN_POINT('',(44.842689034476,73.104663415642,1.4));
#14413 = VECTOR('',#14414,1.);
#14414 = DIRECTION('',(0.,0.,1.));
#14415 = PCURVE('',#5392,#14416);
#14416 = DEFINITIONAL_REPRESENTATION('',(#14417),#14421);
#14417 = LINE('',#14418,#14419);
#14418 = CARTESIAN_POINT('',(23.229912511093,0.));
#14419 = VECTOR('',#14420,1.);
#14420 = DIRECTION('',(0.,-1.));
#14421 = ( GEOMETRIC_REPRESENTATION_CONTEXT(2) 
PARAMETRIC_REPRESENTATION_CONTEXT() REPRESENTATION_CONTEXT('2D SPACE',''
  ) );
#14422 = PCURVE('',#5366,#14423);
#14423 = DEFINITIONAL_REPRESENTATION('',(#14424),#14428);
#14424 = LINE('',#14425,#14426);
#14425 = CARTESIAN_POINT('',(0.,0.));
#14426 = VECTOR('',#14427,1.);
#14427 = DIRECTION('',(0.,-1.));
#14428 = ( GEOMETRIC_REPRESENTATION_CONTEXT(2) 
PARAMETRIC_REPRESENTATION_CONTEXT() REPRESENTATION_CONTEXT('2D SPACE',''
  ) );
#14429 = ADVANCED_FACE('',(#14430),#5366,.F.);
#14430 = FACE_BOUND('',#14431,.F.);
#14431 = EDGE_LOOP('',(#14432,#14455,#14456,#14457));
#14432 = ORIENTED_EDGE('',*,*,#14433,.F.);
#14433 = EDGE_CURVE('',#14385,#14434,#14436,.T.);
#14434 = VERTEX_POINT('',#14435);
#14435 = CARTESIAN_POINT('',(47.318358715075,73.239912514201,1.4));
#14436 = SURFACE_CURVE('',#14437,(#14441,#14448),.PCURVE_S1.);
#14437 = LINE('',#14438,#14439);
#14438 = CARTESIAN_POINT('',(44.842689034476,73.104663415642,1.4));
#14439 = VECTOR('',#14440,1.);
#14440 = DIRECTION('',(0.998511041635,5.454997463538E-02,0.));
#14441 = PCURVE('',#5366,#14442);
#14442 = DEFINITIONAL_REPRESENTATION('',(#14443),#14447);
#14443 = LINE('',#14444,#14445);
#14444 = CARTESIAN_POINT('',(0.,0.));
#14445 = VECTOR('',#14446,1.);
#14446 = DIRECTION('',(1.,0.));
#14447 = ( GEOMETRIC_REPRESENTATION_CONTEXT(2) 
PARAMETRIC_REPRESENTATION_CONTEXT() REPRESENTATION_CONTEXT('2D SPACE',''
  ) );
#14448 = PCURVE('',#11115,#14449);
#14449 = DEFINITIONAL_REPRESENTATION('',(#14450),#14454);
#14450 = LINE('',#14451,#14452);
#14451 = CARTESIAN_POINT('',(39.106358739715,29.546388852647));
#14452 = VECTOR('',#14453,1.);
#14453 = DIRECTION('',(-0.998511041635,5.454997463538E-02));
#14454 = ( GEOMETRIC_REPRESENTATION_CONTEXT(2) 
PARAMETRIC_REPRESENTATION_CONTEXT() REPRESENTATION_CONTEXT('2D SPACE',''
  ) );
#14455 = ORIENTED_EDGE('',*,*,#14409,.T.);
#14456 = ORIENTED_EDGE('',*,*,#5351,.T.);
#14457 = ORIENTED_EDGE('',*,*,#14458,.F.);
#14458 = EDGE_CURVE('',#14434,#5326,#14459,.T.);
#14459 = SURFACE_CURVE('',#14460,(#14464,#14471),.PCURVE_S1.);
#14460 = LINE('',#14461,#14462);
#14461 = CARTESIAN_POINT('',(47.318358715075,73.239912514201,1.4));
#14462 = VECTOR('',#14463,1.);
#14463 = DIRECTION('',(0.,0.,1.));
#14464 = PCURVE('',#5366,#14465);
#14465 = DEFINITIONAL_REPRESENTATION('',(#14466),#14470);
#14466 = LINE('',#14467,#14468);
#14467 = CARTESIAN_POINT('',(2.479361346415,0.));
#14468 = VECTOR('',#14469,1.);
#14469 = DIRECTION('',(0.,-1.));
#14470 = ( GEOMETRIC_REPRESENTATION_CONTEXT(2) 
PARAMETRIC_REPRESENTATION_CONTEXT() REPRESENTATION_CONTEXT('2D SPACE',''
  ) );
#14471 = PCURVE('',#5340,#14472);
#14472 = DEFINITIONAL_REPRESENTATION('',(#14473),#14477);
#14473 = LINE('',#14474,#14475);
#14474 = CARTESIAN_POINT('',(0.,0.));
#14475 = VECTOR('',#14476,1.);
#14476 = DIRECTION('',(0.,-1.));
#14477 = ( GEOMETRIC_REPRESENTATION_CONTEXT(2) 
PARAMETRIC_REPRESENTATION_CONTEXT() REPRESENTATION_CONTEXT('2D SPACE',''
  ) );
#14478 = ADVANCED_FACE('',(#14479),#5340,.F.);
#14479 = FACE_BOUND('',#14480,.F.);
#14480 = EDGE_LOOP('',(#14481,#14504,#14505,#14506));
#14481 = ORIENTED_EDGE('',*,*,#14482,.F.);
#14482 = EDGE_CURVE('',#14434,#14483,#14485,.T.);
#14483 = VERTEX_POINT('',#14484);
#14484 = CARTESIAN_POINT('',(49.774318355736,73.554257822923,1.4));
#14485 = SURFACE_CURVE('',#14486,(#14490,#14497),.PCURVE_S1.);
#14486 = LINE('',#14487,#14488);
#14487 = CARTESIAN_POINT('',(47.318358715075,73.239912514201,1.4));
#14488 = VECTOR('',#14489,1.);
#14489 = DIRECTION('',(0.991908199688,0.126957171483,0.));
#14490 = PCURVE('',#5340,#14491);
#14491 = DEFINITIONAL_REPRESENTATION('',(#14492),#14496);
#14492 = LINE('',#14493,#14494);
#14493 = CARTESIAN_POINT('',(0.,0.));
#14494 = VECTOR('',#14495,1.);
#14495 = DIRECTION('',(1.,0.));
#14496 = ( GEOMETRIC_REPRESENTATION_CONTEXT(2) 
PARAMETRIC_REPRESENTATION_CONTEXT() REPRESENTATION_CONTEXT('2D SPACE',''
  ) );
#14497 = PCURVE('',#11115,#14498);
#14498 = DEFINITIONAL_REPRESENTATION('',(#14499),#14503);
#14499 = LINE('',#14500,#14501);
#14500 = CARTESIAN_POINT('',(36.630689059116,29.681637951206));
#14501 = VECTOR('',#14502,1.);
#14502 = DIRECTION('',(-0.991908199688,0.126957171483));
#14503 = ( GEOMETRIC_REPRESENTATION_CONTEXT(2) 
PARAMETRIC_REPRESENTATION_CONTEXT() REPRESENTATION_CONTEXT('2D SPACE',''
  ) );
#14504 = ORIENTED_EDGE('',*,*,#14458,.T.);
#14505 = ORIENTED_EDGE('',*,*,#5325,.T.);
#14506 = ORIENTED_EDGE('',*,*,#14507,.F.);
#14507 = EDGE_CURVE('',#14483,#5300,#14508,.T.);
#14508 = SURFACE_CURVE('',#14509,(#14513,#14520),.PCURVE_S1.);
#14509 = LINE('',#14510,#14511);
#14510 = CARTESIAN_POINT('',(49.774318355736,73.554257822923,1.4));
#14511 = VECTOR('',#14512,1.);
#14512 = DIRECTION('',(0.,0.,1.));
#14513 = PCURVE('',#5340,#14514);
#14514 = DEFINITIONAL_REPRESENTATION('',(#14515),#14519);
#14515 = LINE('',#14516,#14517);
#14516 = CARTESIAN_POINT('',(2.47599489694,0.));
#14517 = VECTOR('',#14518,1.);
#14518 = DIRECTION('',(0.,-1.));
#14519 = ( GEOMETRIC_REPRESENTATION_CONTEXT(2) 
PARAMETRIC_REPRESENTATION_CONTEXT() REPRESENTATION_CONTEXT('2D SPACE',''
  ) );
#14520 = PCURVE('',#5314,#14521);
#14521 = DEFINITIONAL_REPRESENTATION('',(#14522),#14526);
#14522 = LINE('',#14523,#14524);
#14523 = CARTESIAN_POINT('',(0.,0.));
#14524 = VECTOR('',#14525,1.);
#14525 = DIRECTION('',(0.,-1.));
#14526 = ( GEOMETRIC_REPRESENTATION_CONTEXT(2) 
PARAMETRIC_REPRESENTATION_CONTEXT() REPRESENTATION_CONTEXT('2D SPACE',''
  ) );
#14527 = ADVANCED_FACE('',(#14528),#5314,.F.);
#14528 = FACE_BOUND('',#14529,.F.);
#14529 = EDGE_LOOP('',(#14530,#14553,#14554,#14555));
#14530 = ORIENTED_EDGE('',*,*,#14531,.F.);
#14531 = EDGE_CURVE('',#14483,#14532,#14534,.T.);
#14532 = VERTEX_POINT('',#14533);
#14533 = CARTESIAN_POINT('',(51.858768206388,73.965728695644,1.4));
#14534 = SURFACE_CURVE('',#14535,(#14539,#14546),.PCURVE_S1.);
#14535 = LINE('',#14536,#14537);
#14536 = CARTESIAN_POINT('',(49.774318355736,73.554257822923,1.4));
#14537 = VECTOR('',#14538,1.);
#14538 = DIRECTION('',(0.981068100169,0.193663065221,0.));
#14539 = PCURVE('',#5314,#14540);
#14540 = DEFINITIONAL_REPRESENTATION('',(#14541),#14545);
#14541 = LINE('',#14542,#14543);
#14542 = CARTESIAN_POINT('',(0.,0.));
#14543 = VECTOR('',#14544,1.);
#14544 = DIRECTION('',(1.,0.));
#14545 = ( GEOMETRIC_REPRESENTATION_CONTEXT(2) 
PARAMETRIC_REPRESENTATION_CONTEXT() REPRESENTATION_CONTEXT('2D SPACE',''
  ) );
#14546 = PCURVE('',#11115,#14547);
#14547 = DEFINITIONAL_REPRESENTATION('',(#14548),#14552);
#14548 = LINE('',#14549,#14550);
#14549 = CARTESIAN_POINT('',(34.174729418455,29.995983259928));
#14550 = VECTOR('',#14551,1.);
#14551 = DIRECTION('',(-0.981068100169,0.193663065221));
#14552 = ( GEOMETRIC_REPRESENTATION_CONTEXT(2) 
PARAMETRIC_REPRESENTATION_CONTEXT() REPRESENTATION_CONTEXT('2D SPACE',''
  ) );
#14553 = ORIENTED_EDGE('',*,*,#14507,.T.);
#14554 = ORIENTED_EDGE('',*,*,#5299,.T.);
#14555 = ORIENTED_EDGE('',*,*,#14556,.F.);
#14556 = EDGE_CURVE('',#14532,#5274,#14557,.T.);
#14557 = SURFACE_CURVE('',#14558,(#14562,#14569),.PCURVE_S1.);
#14558 = LINE('',#14559,#14560);
#14559 = CARTESIAN_POINT('',(51.858768206388,73.965728695644,1.4));
#14560 = VECTOR('',#14561,1.);
#14561 = DIRECTION('',(0.,0.,1.));
#14562 = PCURVE('',#5314,#14563);
#14563 = DEFINITIONAL_REPRESENTATION('',(#14564),#14568);
#14564 = LINE('',#14565,#14566);
#14565 = CARTESIAN_POINT('',(2.124673965337,0.));
#14566 = VECTOR('',#14567,1.);
#14567 = DIRECTION('',(0.,-1.));
#14568 = ( GEOMETRIC_REPRESENTATION_CONTEXT(2) 
PARAMETRIC_REPRESENTATION_CONTEXT() REPRESENTATION_CONTEXT('2D SPACE',''
  ) );
#14569 = PCURVE('',#5288,#14570);
#14570 = DEFINITIONAL_REPRESENTATION('',(#14571),#14575);
#14571 = LINE('',#14572,#14573);
#14572 = CARTESIAN_POINT('',(0.,0.));
#14573 = VECTOR('',#14574,1.);
#14574 = DIRECTION('',(0.,-1.));
#14575 = ( GEOMETRIC_REPRESENTATION_CONTEXT(2) 
PARAMETRIC_REPRESENTATION_CONTEXT() REPRESENTATION_CONTEXT('2D SPACE',''
  ) );
#14576 = ADVANCED_FACE('',(#14577),#5288,.F.);
#14577 = FACE_BOUND('',#14578,.F.);
#14578 = EDGE_LOOP('',(#14579,#14602,#14603,#14604));
#14579 = ORIENTED_EDGE('',*,*,#14580,.F.);
#14580 = EDGE_CURVE('',#14532,#14581,#14583,.T.);
#14581 = VERTEX_POINT('',#14582);
#14582 = CARTESIAN_POINT('',(53.908990443227,74.5052046841,1.4));
#14583 = SURFACE_CURVE('',#14584,(#14588,#14595),.PCURVE_S1.);
#14584 = LINE('',#14585,#14586);
#14585 = CARTESIAN_POINT('',(51.858768206388,73.965728695644,1.4));
#14586 = VECTOR('',#14587,1.);
#14587 = DIRECTION('',(0.967081058832,0.254468516025,0.));
#14588 = PCURVE('',#5288,#14589);
#14589 = DEFINITIONAL_REPRESENTATION('',(#14590),#14594);
#14590 = LINE('',#14591,#14592);
#14591 = CARTESIAN_POINT('',(0.,0.));
#14592 = VECTOR('',#14593,1.);
#14593 = DIRECTION('',(1.,0.));
#14594 = ( GEOMETRIC_REPRESENTATION_CONTEXT(2) 
PARAMETRIC_REPRESENTATION_CONTEXT() REPRESENTATION_CONTEXT('2D SPACE',''
  ) );
#14595 = PCURVE('',#11115,#14596);
#14596 = DEFINITIONAL_REPRESENTATION('',(#14597),#14601);
#14597 = LINE('',#14598,#14599);
#14598 = CARTESIAN_POINT('',(32.090279567803,30.407454132649));
#14599 = VECTOR('',#14600,1.);
#14600 = DIRECTION('',(-0.967081058832,0.254468516025));
#14601 = ( GEOMETRIC_REPRESENTATION_CONTEXT(2) 
PARAMETRIC_REPRESENTATION_CONTEXT() REPRESENTATION_CONTEXT('2D SPACE',''
  ) );
#14602 = ORIENTED_EDGE('',*,*,#14556,.T.);
#14603 = ORIENTED_EDGE('',*,*,#5273,.T.);
#14604 = ORIENTED_EDGE('',*,*,#14605,.F.);
#14605 = EDGE_CURVE('',#14581,#5248,#14606,.T.);
#14606 = SURFACE_CURVE('',#14607,(#14611,#14618),.PCURVE_S1.);
#14607 = LINE('',#14608,#14609);
#14608 = CARTESIAN_POINT('',(53.908990443227,74.5052046841,1.4));
#14609 = VECTOR('',#14610,1.);
#14610 = DIRECTION('',(0.,0.,1.));
#14611 = PCURVE('',#5288,#14612);
#14612 = DEFINITIONAL_REPRESENTATION('',(#14613),#14617);
#14613 = LINE('',#14614,#14615);
#14614 = CARTESIAN_POINT('',(2.120010745858,0.));
#14615 = VECTOR('',#14616,1.);
#14616 = DIRECTION('',(0.,-1.));
#14617 = ( GEOMETRIC_REPRESENTATION_CONTEXT(2) 
PARAMETRIC_REPRESENTATION_CONTEXT() REPRESENTATION_CONTEXT('2D SPACE',''
  ) );
#14618 = PCURVE('',#5262,#14619);
#14619 = DEFINITIONAL_REPRESENTATION('',(#14620),#14624);
#14620 = LINE('',#14621,#14622);
#14621 = CARTESIAN_POINT('',(0.,0.));
#14622 = VECTOR('',#14623,1.);
#14623 = DIRECTION('',(0.,-1.));
#14624 = ( GEOMETRIC_REPRESENTATION_CONTEXT(2) 
PARAMETRIC_REPRESENTATION_CONTEXT() REPRESENTATION_CONTEXT('2D SPACE',''
  ) );
#14625 = ADVANCED_FACE('',(#14626),#5262,.F.);
#14626 = FACE_BOUND('',#14627,.F.);
#14627 = EDGE_LOOP('',(#14628,#14651,#14652,#14653));
#14628 = ORIENTED_EDGE('',*,*,#14629,.F.);
#14629 = EDGE_CURVE('',#14581,#14630,#14632,.T.);
#14630 = VERTEX_POINT('',#14631);
#14631 = CARTESIAN_POINT('',(56.252407619593,75.294168573046,1.4));
#14632 = SURFACE_CURVE('',#14633,(#14637,#14644),.PCURVE_S1.);
#14633 = LINE('',#14634,#14635);
#14634 = CARTESIAN_POINT('',(53.908990443227,74.5052046841,1.4));
#14635 = VECTOR('',#14636,1.);
#14636 = DIRECTION('',(0.947729662631,0.319074421678,0.));
#14637 = PCURVE('',#5262,#14638);
#14638 = DEFINITIONAL_REPRESENTATION('',(#14639),#14643);
#14639 = LINE('',#14640,#14641);
#14640 = CARTESIAN_POINT('',(0.,0.));
#14641 = VECTOR('',#14642,1.);
#14642 = DIRECTION('',(1.,0.));
#14643 = ( GEOMETRIC_REPRESENTATION_CONTEXT(2) 
PARAMETRIC_REPRESENTATION_CONTEXT() REPRESENTATION_CONTEXT('2D SPACE',''
  ) );
#14644 = PCURVE('',#11115,#14645);
#14645 = DEFINITIONAL_REPRESENTATION('',(#14646),#14650);
#14646 = LINE('',#14647,#14648);
#14647 = CARTESIAN_POINT('',(30.040057330964,30.946930121105));
#14648 = VECTOR('',#14649,1.);
#14649 = DIRECTION('',(-0.947729662631,0.319074421678));
#14650 = ( GEOMETRIC_REPRESENTATION_CONTEXT(2) 
PARAMETRIC_REPRESENTATION_CONTEXT() REPRESENTATION_CONTEXT('2D SPACE',''
  ) );
#14651 = ORIENTED_EDGE('',*,*,#14605,.T.);
#14652 = ORIENTED_EDGE('',*,*,#5247,.T.);
#14653 = ORIENTED_EDGE('',*,*,#14654,.F.);
#14654 = EDGE_CURVE('',#14630,#5222,#14655,.T.);
#14655 = SURFACE_CURVE('',#14656,(#14660,#14667),.PCURVE_S1.);
#14656 = LINE('',#14657,#14658);
#14657 = CARTESIAN_POINT('',(56.252407619593,75.294168573046,1.4));
#14658 = VECTOR('',#14659,1.);
#14659 = DIRECTION('',(0.,0.,1.));
#14660 = PCURVE('',#5262,#14661);
#14661 = DEFINITIONAL_REPRESENTATION('',(#14662),#14666);
#14662 = LINE('',#14663,#14664);
#14663 = CARTESIAN_POINT('',(2.472664166551,0.));
#14664 = VECTOR('',#14665,1.);
#14665 = DIRECTION('',(0.,-1.));
#14666 = ( GEOMETRIC_REPRESENTATION_CONTEXT(2) 
PARAMETRIC_REPRESENTATION_CONTEXT() REPRESENTATION_CONTEXT('2D SPACE',''
  ) );
#14667 = PCURVE('',#5236,#14668);
#14668 = DEFINITIONAL_REPRESENTATION('',(#14669),#14673);
#14669 = LINE('',#14670,#14671);
#14670 = CARTESIAN_POINT('',(0.,0.));
#14671 = VECTOR('',#14672,1.);
#14672 = DIRECTION('',(0.,-1.));
#14673 = ( GEOMETRIC_REPRESENTATION_CONTEXT(2) 
PARAMETRIC_REPRESENTATION_CONTEXT() REPRESENTATION_CONTEXT('2D SPACE',''
  ) );
#14674 = ADVANCED_FACE('',(#14675),#5236,.F.);
#14675 = FACE_BOUND('',#14676,.F.);
#14676 = EDGE_LOOP('',(#14677,#14700,#14701,#14702));
#14677 = ORIENTED_EDGE('',*,*,#14678,.F.);
#14678 = EDGE_CURVE('',#14630,#14679,#14681,.T.);
#14679 = VERTEX_POINT('',#14680);
#14680 = CARTESIAN_POINT('',(58.214513471124,76.105945594861,1.4));
#14681 = SURFACE_CURVE('',#14682,(#14686,#14693),.PCURVE_S1.);
#14682 = LINE('',#14683,#14684);
#14683 = CARTESIAN_POINT('',(56.252407619593,75.294168573046,1.4));
#14684 = VECTOR('',#14685,1.);
#14685 = DIRECTION('',(0.924038269129,0.382299983241,0.));
#14686 = PCURVE('',#5236,#14687);
#14687 = DEFINITIONAL_REPRESENTATION('',(#14688),#14692);
#14688 = LINE('',#14689,#14690);
#14689 = CARTESIAN_POINT('',(0.,0.));
#14690 = VECTOR('',#14691,1.);
#14691 = DIRECTION('',(1.,0.));
#14692 = ( GEOMETRIC_REPRESENTATION_CONTEXT(2) 
PARAMETRIC_REPRESENTATION_CONTEXT() REPRESENTATION_CONTEXT('2D SPACE',''
  ) );
#14693 = PCURVE('',#11115,#14694);
#14694 = DEFINITIONAL_REPRESENTATION('',(#14695),#14699);
#14695 = LINE('',#14696,#14697);
#14696 = CARTESIAN_POINT('',(27.696640154598,31.735894010051));
#14697 = VECTOR('',#14698,1.);
#14698 = DIRECTION('',(-0.924038269129,0.382299983241));
#14699 = ( GEOMETRIC_REPRESENTATION_CONTEXT(2) 
PARAMETRIC_REPRESENTATION_CONTEXT() REPRESENTATION_CONTEXT('2D SPACE',''
  ) );
#14700 = ORIENTED_EDGE('',*,*,#14654,.T.);
#14701 = ORIENTED_EDGE('',*,*,#5221,.T.);
#14702 = ORIENTED_EDGE('',*,*,#14703,.F.);
#14703 = EDGE_CURVE('',#14679,#5196,#14704,.T.);
#14704 = SURFACE_CURVE('',#14705,(#14709,#14716),.PCURVE_S1.);
#14705 = LINE('',#14706,#14707);
#14706 = CARTESIAN_POINT('',(58.214513471124,76.105945594861,1.4));
#14707 = VECTOR('',#14708,1.);
#14708 = DIRECTION('',(0.,0.,1.));
#14709 = PCURVE('',#5236,#14710);
#14710 = DEFINITIONAL_REPRESENTATION('',(#14711),#14715);
#14711 = LINE('',#14712,#14713);
#14712 = CARTESIAN_POINT('',(2.123403236731,0.));
#14713 = VECTOR('',#14714,1.);
#14714 = DIRECTION('',(0.,-1.));
#14715 = ( GEOMETRIC_REPRESENTATION_CONTEXT(2) 
PARAMETRIC_REPRESENTATION_CONTEXT() REPRESENTATION_CONTEXT('2D SPACE',''
  ) );
#14716 = PCURVE('',#5210,#14717);
#14717 = DEFINITIONAL_REPRESENTATION('',(#14718),#14722);
#14718 = LINE('',#14719,#14720);
#14719 = CARTESIAN_POINT('',(0.,0.));
#14720 = VECTOR('',#14721,1.);
#14721 = DIRECTION('',(0.,-1.));
#14722 = ( GEOMETRIC_REPRESENTATION_CONTEXT(2) 
PARAMETRIC_REPRESENTATION_CONTEXT() REPRESENTATION_CONTEXT('2D SPACE',''
  ) );
#14723 = ADVANCED_FACE('',(#14724),#5210,.F.);
#14724 = FACE_BOUND('',#14725,.F.);
#14725 = EDGE_LOOP('',(#14726,#14749,#14750,#14751));
#14726 = ORIENTED_EDGE('',*,*,#14727,.F.);
#14727 = EDGE_CURVE('',#14679,#14728,#14730,.T.);
#14728 = VERTEX_POINT('',#14729);
#14729 = CARTESIAN_POINT('',(60.430351113952,77.203259401183,1.4));
#14730 = SURFACE_CURVE('',#14731,(#14735,#14742),.PCURVE_S1.);
#14731 = LINE('',#14732,#14733);
#14732 = CARTESIAN_POINT('',(58.214513471124,76.105945594861,1.4));
#14733 = VECTOR('',#14734,1.);
#14734 = DIRECTION('',(0.896136175562,0.44377917352,0.));
#14735 = PCURVE('',#5210,#14736);
#14736 = DEFINITIONAL_REPRESENTATION('',(#14737),#14741);
#14737 = LINE('',#14738,#14739);
#14738 = CARTESIAN_POINT('',(0.,0.));
#14739 = VECTOR('',#14740,1.);
#14740 = DIRECTION('',(1.,0.));
#14741 = ( GEOMETRIC_REPRESENTATION_CONTEXT(2) 
PARAMETRIC_REPRESENTATION_CONTEXT() REPRESENTATION_CONTEXT('2D SPACE',''
  ) );
#14742 = PCURVE('',#11115,#14743);
#14743 = DEFINITIONAL_REPRESENTATION('',(#14744),#14748);
#14744 = LINE('',#14745,#14746);
#14745 = CARTESIAN_POINT('',(25.734534303067,32.547671031866));
#14746 = VECTOR('',#14747,1.);
#14747 = DIRECTION('',(-0.896136175562,0.44377917352));
#14748 = ( GEOMETRIC_REPRESENTATION_CONTEXT(2) 
PARAMETRIC_REPRESENTATION_CONTEXT() REPRESENTATION_CONTEXT('2D SPACE',''
  ) );
#14749 = ORIENTED_EDGE('',*,*,#14703,.T.);
#14750 = ORIENTED_EDGE('',*,*,#5195,.T.);
#14751 = ORIENTED_EDGE('',*,*,#14752,.F.);
#14752 = EDGE_CURVE('',#14728,#5170,#14753,.T.);
#14753 = SURFACE_CURVE('',#14754,(#14758,#14765),.PCURVE_S1.);
#14754 = LINE('',#14755,#14756);
#14755 = CARTESIAN_POINT('',(60.430351113952,77.203259401183,1.4));
#14756 = VECTOR('',#14757,1.);
#14757 = DIRECTION('',(0.,0.,1.));
#14758 = PCURVE('',#5210,#14759);
#14759 = DEFINITIONAL_REPRESENTATION('',(#14760),#14764);
#14760 = LINE('',#14761,#14762);
#14761 = CARTESIAN_POINT('',(2.472657284971,0.));
#14762 = VECTOR('',#14763,1.);
#14763 = DIRECTION('',(0.,-1.));
#14764 = ( GEOMETRIC_REPRESENTATION_CONTEXT(2) 
PARAMETRIC_REPRESENTATION_CONTEXT() REPRESENTATION_CONTEXT('2D SPACE',''
  ) );
#14765 = PCURVE('',#5184,#14766);
#14766 = DEFINITIONAL_REPRESENTATION('',(#14767),#14771);
#14767 = LINE('',#14768,#14769);
#14768 = CARTESIAN_POINT('',(0.,0.));
#14769 = VECTOR('',#14770,1.);
#14770 = DIRECTION('',(0.,-1.));
#14771 = ( GEOMETRIC_REPRESENTATION_CONTEXT(2) 
PARAMETRIC_REPRESENTATION_CONTEXT() REPRESENTATION_CONTEXT('2D SPACE',''
  ) );
#14772 = ADVANCED_FACE('',(#14773),#5184,.F.);
#14773 = FACE_BOUND('',#14774,.F.);
#14774 = EDGE_LOOP('',(#14775,#14798,#14799,#14800));
#14775 = ORIENTED_EDGE('',*,*,#14776,.F.);
#14776 = EDGE_CURVE('',#14728,#14777,#14779,.T.);
#14777 = VERTEX_POINT('',#14778);
#14778 = CARTESIAN_POINT('',(62.263589672571,78.270666619838,1.4));
#14779 = SURFACE_CURVE('',#14780,(#14784,#14791),.PCURVE_S1.);
#14780 = LINE('',#14781,#14782);
#14781 = CARTESIAN_POINT('',(60.430351113952,77.203259401183,1.4));
#14782 = VECTOR('',#14783,1.);
#14783 = DIRECTION('',(0.864185250602,0.503173779763,0.));
#14784 = PCURVE('',#5184,#14785);
#14785 = DEFINITIONAL_REPRESENTATION('',(#14786),#14790);
#14786 = LINE('',#14787,#14788);
#14787 = CARTESIAN_POINT('',(0.,0.));
#14788 = VECTOR('',#14789,1.);
#14789 = DIRECTION('',(1.,0.));
#14790 = ( GEOMETRIC_REPRESENTATION_CONTEXT(2) 
PARAMETRIC_REPRESENTATION_CONTEXT() REPRESENTATION_CONTEXT('2D SPACE',''
  ) );
#14791 = PCURVE('',#11115,#14792);
#14792 = DEFINITIONAL_REPRESENTATION('',(#14793),#14797);
#14793 = LINE('',#14794,#14795);
#14794 = CARTESIAN_POINT('',(23.518696660239,33.644984838189));
#14795 = VECTOR('',#14796,1.);
#14796 = DIRECTION('',(-0.864185250602,0.503173779763));
#14797 = ( GEOMETRIC_REPRESENTATION_CONTEXT(2) 
PARAMETRIC_REPRESENTATION_CONTEXT() REPRESENTATION_CONTEXT('2D SPACE',''
  ) );
#14798 = ORIENTED_EDGE('',*,*,#14752,.T.);
#14799 = ORIENTED_EDGE('',*,*,#5169,.T.);
#14800 = ORIENTED_EDGE('',*,*,#14801,.F.);
#14801 = EDGE_CURVE('',#14777,#5144,#14802,.T.);
#14802 = SURFACE_CURVE('',#14803,(#14807,#14814),.PCURVE_S1.);
#14803 = LINE('',#14804,#14805);
#14804 = CARTESIAN_POINT('',(62.263589672571,78.270666619838,1.4));
#14805 = VECTOR('',#14806,1.);
#14806 = DIRECTION('',(0.,0.,1.));
#14807 = PCURVE('',#5184,#14808);
#14808 = DEFINITIONAL_REPRESENTATION('',(#14809),#14813);
#14809 = LINE('',#14810,#14811);
#14810 = CARTESIAN_POINT('',(2.12134904795,0.));
#14811 = VECTOR('',#14812,1.);
#14812 = DIRECTION('',(0.,-1.));
#14813 = ( GEOMETRIC_REPRESENTATION_CONTEXT(2) 
PARAMETRIC_REPRESENTATION_CONTEXT() REPRESENTATION_CONTEXT('2D SPACE',''
  ) );
#14814 = PCURVE('',#5158,#14815);
#14815 = DEFINITIONAL_REPRESENTATION('',(#14816),#14820);
#14816 = LINE('',#14817,#14818);
#14817 = CARTESIAN_POINT('',(0.,0.));
#14818 = VECTOR('',#14819,1.);
#14819 = DIRECTION('',(0.,-1.));
#14820 = ( GEOMETRIC_REPRESENTATION_CONTEXT(2) 
PARAMETRIC_REPRESENTATION_CONTEXT() REPRESENTATION_CONTEXT('2D SPACE',''
  ) );
#14821 = ADVANCED_FACE('',(#14822),#5158,.F.);
#14822 = FACE_BOUND('',#14823,.F.);
#14823 = EDGE_LOOP('',(#14824,#14847,#14848,#14849));
#14824 = ORIENTED_EDGE('',*,*,#14825,.F.);
#14825 = EDGE_CURVE('',#14777,#14826,#14828,.T.);
#14826 = VERTEX_POINT('',#14827);
#14827 = CARTESIAN_POINT('',(63.734047411437,79.243355720438,1.4));
#14828 = SURFACE_CURVE('',#14829,(#14833,#14840),.PCURVE_S1.);
#14829 = LINE('',#14830,#14831);
#14830 = CARTESIAN_POINT('',(62.263589672571,78.270666619838,1.4));
#14831 = VECTOR('',#14832,1.);
#14832 = DIRECTION('',(0.834038674854,0.551705980435,0.));
#14833 = PCURVE('',#5158,#14834);
#14834 = DEFINITIONAL_REPRESENTATION('',(#14835),#14839);
#14835 = LINE('',#14836,#14837);
#14836 = CARTESIAN_POINT('',(0.,0.));
#14837 = VECTOR('',#14838,1.);
#14838 = DIRECTION('',(1.,0.));
#14839 = ( GEOMETRIC_REPRESENTATION_CONTEXT(2) 
PARAMETRIC_REPRESENTATION_CONTEXT() REPRESENTATION_CONTEXT('2D SPACE',''
  ) );
#14840 = PCURVE('',#11115,#14841);
#14841 = DEFINITIONAL_REPRESENTATION('',(#14842),#14846);
#14842 = LINE('',#14843,#14844);
#14843 = CARTESIAN_POINT('',(21.68545810162,34.712392056843));
#14844 = VECTOR('',#14845,1.);
#14845 = DIRECTION('',(-0.834038674854,0.551705980435));
#14846 = ( GEOMETRIC_REPRESENTATION_CONTEXT(2) 
PARAMETRIC_REPRESENTATION_CONTEXT() REPRESENTATION_CONTEXT('2D SPACE',''
  ) );
#14847 = ORIENTED_EDGE('',*,*,#14801,.T.);
#14848 = ORIENTED_EDGE('',*,*,#5143,.T.);
#14849 = ORIENTED_EDGE('',*,*,#14850,.F.);
#14850 = EDGE_CURVE('',#14826,#5118,#14851,.T.);
#14851 = SURFACE_CURVE('',#14852,(#14856,#14863),.PCURVE_S1.);
#14852 = LINE('',#14853,#14854);
#14853 = CARTESIAN_POINT('',(63.734047411437,79.243355720438,1.4));
#14854 = VECTOR('',#14855,1.);
#14855 = DIRECTION('',(0.,0.,1.));
#14856 = PCURVE('',#5158,#14857);
#14857 = DEFINITIONAL_REPRESENTATION('',(#14858),#14862);
#14858 = LINE('',#14859,#14860);
#14859 = CARTESIAN_POINT('',(1.763057017858,0.));
#14860 = VECTOR('',#14861,1.);
#14861 = DIRECTION('',(0.,-1.));
#14862 = ( GEOMETRIC_REPRESENTATION_CONTEXT(2) 
PARAMETRIC_REPRESENTATION_CONTEXT() REPRESENTATION_CONTEXT('2D SPACE',''
  ) );
#14863 = PCURVE('',#5132,#14864);
#14864 = DEFINITIONAL_REPRESENTATION('',(#14865),#14869);
#14865 = LINE('',#14866,#14867);
#14866 = CARTESIAN_POINT('',(0.,0.));
#14867 = VECTOR('',#14868,1.);
#14868 = DIRECTION('',(0.,-1.));
#14869 = ( GEOMETRIC_REPRESENTATION_CONTEXT(2) 
PARAMETRIC_REPRESENTATION_CONTEXT() REPRESENTATION_CONTEXT('2D SPACE',''
  ) );
#14870 = ADVANCED_FACE('',(#14871),#5132,.F.);
#14871 = FACE_BOUND('',#14872,.F.);
#14872 = EDGE_LOOP('',(#14873,#14896,#14897,#14898));
#14873 = ORIENTED_EDGE('',*,*,#14874,.F.);
#14874 = EDGE_CURVE('',#14826,#14875,#14877,.T.);
#14875 = VERTEX_POINT('',#14876);
#14876 = CARTESIAN_POINT('',(65.886369801836,80.845932783525,1.4));
#14877 = SURFACE_CURVE('',#14878,(#14882,#14889),.PCURVE_S1.);
#14878 = LINE('',#14879,#14880);
#14879 = CARTESIAN_POINT('',(63.734047411437,79.243355720438,1.4));
#14880 = VECTOR('',#14881,1.);
#14881 = DIRECTION('',(0.802081704938,0.597214315471,0.));
#14882 = PCURVE('',#5132,#14883);
#14883 = DEFINITIONAL_REPRESENTATION('',(#14884),#14888);
#14884 = LINE('',#14885,#14886);
#14885 = CARTESIAN_POINT('',(0.,0.));
#14886 = VECTOR('',#14887,1.);
#14887 = DIRECTION('',(1.,0.));
#14888 = ( GEOMETRIC_REPRESENTATION_CONTEXT(2) 
PARAMETRIC_REPRESENTATION_CONTEXT() REPRESENTATION_CONTEXT('2D SPACE',''
  ) );
#14889 = PCURVE('',#11115,#14890);
#14890 = DEFINITIONAL_REPRESENTATION('',(#14891),#14895);
#14891 = LINE('',#14892,#14893);
#14892 = CARTESIAN_POINT('',(20.215000362754,35.685081157443));
#14893 = VECTOR('',#14894,1.);
#14894 = DIRECTION('',(-0.802081704938,0.597214315471));
#14895 = ( GEOMETRIC_REPRESENTATION_CONTEXT(2) 
PARAMETRIC_REPRESENTATION_CONTEXT() REPRESENTATION_CONTEXT('2D SPACE',''
  ) );
#14896 = ORIENTED_EDGE('',*,*,#14850,.T.);
#14897 = ORIENTED_EDGE('',*,*,#5117,.T.);
#14898 = ORIENTED_EDGE('',*,*,#14899,.F.);
#14899 = EDGE_CURVE('',#14875,#5092,#14900,.T.);
#14900 = SURFACE_CURVE('',#14901,(#14905,#14912),.PCURVE_S1.);
#14901 = LINE('',#14902,#14903);
#14902 = CARTESIAN_POINT('',(65.886369801836,80.845932783525,1.4));
#14903 = VECTOR('',#14904,1.);
#14904 = DIRECTION('',(0.,0.,1.));
#14905 = PCURVE('',#5132,#14906);
#14906 = DEFINITIONAL_REPRESENTATION('',(#14907),#14911);
#14907 = LINE('',#14908,#14909);
#14908 = CARTESIAN_POINT('',(2.683420376189,0.));
#14909 = VECTOR('',#14910,1.);
#14910 = DIRECTION('',(0.,-1.));
#14911 = ( GEOMETRIC_REPRESENTATION_CONTEXT(2) 
PARAMETRIC_REPRESENTATION_CONTEXT() REPRESENTATION_CONTEXT('2D SPACE',''
  ) );
#14912 = PCURVE('',#5106,#14913);
#14913 = DEFINITIONAL_REPRESENTATION('',(#14914),#14918);
#14914 = LINE('',#14915,#14916);
#14915 = CARTESIAN_POINT('',(0.,0.));
#14916 = VECTOR('',#14917,1.);
#14917 = DIRECTION('',(0.,-1.));
#14918 = ( GEOMETRIC_REPRESENTATION_CONTEXT(2) 
PARAMETRIC_REPRESENTATION_CONTEXT() REPRESENTATION_CONTEXT('2D SPACE',''
  ) );
#14919 = ADVANCED_FACE('',(#14920),#5106,.F.);
#14920 = FACE_BOUND('',#14921,.F.);
#14921 = EDGE_LOOP('',(#14922,#14945,#14946,#14947));
#14922 = ORIENTED_EDGE('',*,*,#14923,.F.);
#14923 = EDGE_CURVE('',#14875,#14924,#14926,.T.);
#14924 = VERTEX_POINT('',#14925);
#14925 = CARTESIAN_POINT('',(66.819963643856,81.427847330086,1.4));
#14926 = SURFACE_CURVE('',#14927,(#14931,#14938),.PCURVE_S1.);
#14927 = LINE('',#14928,#14929);
#14928 = CARTESIAN_POINT('',(65.886369801836,80.845932783525,1.4));
#14929 = VECTOR('',#14930,1.);
#14930 = DIRECTION('',(0.848643826861,0.528964701215,0.));
#14931 = PCURVE('',#5106,#14932);
#14932 = DEFINITIONAL_REPRESENTATION('',(#14933),#14937);
#14933 = LINE('',#14934,#14935);
#14934 = CARTESIAN_POINT('',(0.,0.));
#14935 = VECTOR('',#14936,1.);
#14936 = DIRECTION('',(1.,0.));
#14937 = ( GEOMETRIC_REPRESENTATION_CONTEXT(2) 
PARAMETRIC_REPRESENTATION_CONTEXT() REPRESENTATION_CONTEXT('2D SPACE',''
  ) );
#14938 = PCURVE('',#11115,#14939);
#14939 = DEFINITIONAL_REPRESENTATION('',(#14940),#14944);
#14940 = LINE('',#14941,#14942);
#14941 = CARTESIAN_POINT('',(18.062677972355,37.28765822053));
#14942 = VECTOR('',#14943,1.);
#14943 = DIRECTION('',(-0.848643826861,0.528964701215));
#14944 = ( GEOMETRIC_REPRESENTATION_CONTEXT(2) 
PARAMETRIC_REPRESENTATION_CONTEXT() REPRESENTATION_CONTEXT('2D SPACE',''
  ) );
#14945 = ORIENTED_EDGE('',*,*,#14899,.T.);
#14946 = ORIENTED_EDGE('',*,*,#5091,.T.);
#14947 = ORIENTED_EDGE('',*,*,#14948,.F.);
#14948 = EDGE_CURVE('',#14924,#5066,#14949,.T.);
#14949 = SURFACE_CURVE('',#14950,(#14954,#14961),.PCURVE_S1.);
#14950 = LINE('',#14951,#14952);
#14951 = CARTESIAN_POINT('',(66.819963643856,81.427847330086,1.4));
#14952 = VECTOR('',#14953,1.);
#14953 = DIRECTION('',(0.,0.,1.));
#14954 = PCURVE('',#5106,#14955);
#14955 = DEFINITIONAL_REPRESENTATION('',(#14956),#14960);
#14956 = LINE('',#14957,#14958);
#14957 = CARTESIAN_POINT('',(1.10010090508,0.));
#14958 = VECTOR('',#14959,1.);
#14959 = DIRECTION('',(0.,-1.));
#14960 = ( GEOMETRIC_REPRESENTATION_CONTEXT(2) 
PARAMETRIC_REPRESENTATION_CONTEXT() REPRESENTATION_CONTEXT('2D SPACE',''
  ) );
#14961 = PCURVE('',#5080,#14962);
#14962 = DEFINITIONAL_REPRESENTATION('',(#14963),#14967);
#14963 = LINE('',#14964,#14965);
#14964 = CARTESIAN_POINT('',(0.,0.));
#14965 = VECTOR('',#14966,1.);
#14966 = DIRECTION('',(0.,-1.));
#14967 = ( GEOMETRIC_REPRESENTATION_CONTEXT(2) 
PARAMETRIC_REPRESENTATION_CONTEXT() REPRESENTATION_CONTEXT('2D SPACE',''
  ) );
#14968 = ADVANCED_FACE('',(#14969),#5080,.F.);
#14969 = FACE_BOUND('',#14970,.F.);
#14970 = EDGE_LOOP('',(#14971,#14994,#14995,#14996));
#14971 = ORIENTED_EDGE('',*,*,#14972,.F.);
#14972 = EDGE_CURVE('',#14924,#14973,#14975,.T.);
#14973 = VERTEX_POINT('',#14974);
#14974 = CARTESIAN_POINT('',(68.018267730529,81.990954552895,1.4));
#14975 = SURFACE_CURVE('',#14976,(#14980,#14987),.PCURVE_S1.);
#14976 = LINE('',#14977,#14978);
#14977 = CARTESIAN_POINT('',(66.819963643856,81.427847330086,1.4));
#14978 = VECTOR('',#14979,1.);
#14979 = DIRECTION('',(0.905051524262,0.425301937959,0.));
#14980 = PCURVE('',#5080,#14981);
#14981 = DEFINITIONAL_REPRESENTATION('',(#14982),#14986);
#14982 = LINE('',#14983,#14984);
#14983 = CARTESIAN_POINT('',(0.,0.));
#14984 = VECTOR('',#14985,1.);
#14985 = DIRECTION('',(1.,0.));
#14986 = ( GEOMETRIC_REPRESENTATION_CONTEXT(2) 
PARAMETRIC_REPRESENTATION_CONTEXT() REPRESENTATION_CONTEXT('2D SPACE',''
  ) );
#14987 = PCURVE('',#11115,#14988);
#14988 = DEFINITIONAL_REPRESENTATION('',(#14989),#14993);
#14989 = LINE('',#14990,#14991);
#14990 = CARTESIAN_POINT('',(17.129084130335,37.869572767092));
#14991 = VECTOR('',#14992,1.);
#14992 = DIRECTION('',(-0.905051524262,0.425301937959));
#14993 = ( GEOMETRIC_REPRESENTATION_CONTEXT(2) 
PARAMETRIC_REPRESENTATION_CONTEXT() REPRESENTATION_CONTEXT('2D SPACE',''
  ) );
#14994 = ORIENTED_EDGE('',*,*,#14948,.T.);
#14995 = ORIENTED_EDGE('',*,*,#5065,.T.);
#14996 = ORIENTED_EDGE('',*,*,#14997,.F.);
#14997 = EDGE_CURVE('',#14973,#5040,#14998,.T.);
#14998 = SURFACE_CURVE('',#14999,(#15003,#15010),.PCURVE_S1.);
#14999 = LINE('',#15000,#15001);
#15000 = CARTESIAN_POINT('',(68.018267730529,81.990954552895,1.4));
#15001 = VECTOR('',#15002,1.);
#15002 = DIRECTION('',(0.,0.,1.));
#15003 = PCURVE('',#5080,#15004);
#15004 = DEFINITIONAL_REPRESENTATION('',(#15005),#15009);
#15005 = LINE('',#15006,#15007);
#15006 = CARTESIAN_POINT('',(1.324017533311,0.));
#15007 = VECTOR('',#15008,1.);
#15008 = DIRECTION('',(0.,-1.));
#15009 = ( GEOMETRIC_REPRESENTATION_CONTEXT(2) 
PARAMETRIC_REPRESENTATION_CONTEXT() REPRESENTATION_CONTEXT('2D SPACE',''
  ) );
#15010 = PCURVE('',#5054,#15011);
#15011 = DEFINITIONAL_REPRESENTATION('',(#15012),#15016);
#15012 = LINE('',#15013,#15014);
#15013 = CARTESIAN_POINT('',(0.,0.));
#15014 = VECTOR('',#15015,1.);
#15015 = DIRECTION('',(0.,-1.));
#15016 = ( GEOMETRIC_REPRESENTATION_CONTEXT(2) 
PARAMETRIC_REPRESENTATION_CONTEXT() REPRESENTATION_CONTEXT('2D SPACE',''
  ) );
#15017 = ADVANCED_FACE('',(#15018),#5054,.F.);
#15018 = FACE_BOUND('',#15019,.F.);
#15019 = EDGE_LOOP('',(#15020,#15043,#15044,#15045));
#15020 = ORIENTED_EDGE('',*,*,#15021,.F.);
#15021 = EDGE_CURVE('',#14973,#15022,#15024,.T.);
#15022 = VERTEX_POINT('',#15023);
#15023 = CARTESIAN_POINT('',(69.3793081942,82.418885815217,1.4));
#15024 = SURFACE_CURVE('',#15025,(#15029,#15036),.PCURVE_S1.);
#15025 = LINE('',#15026,#15027);
#15026 = CARTESIAN_POINT('',(68.018267730529,81.990954552895,1.4));
#15027 = VECTOR('',#15028,1.);
#15028 = DIRECTION('',(0.953958488135,0.299938665254,0.));
#15029 = PCURVE('',#5054,#15030);
#15030 = DEFINITIONAL_REPRESENTATION('',(#15031),#15035);
#15031 = LINE('',#15032,#15033);
#15032 = CARTESIAN_POINT('',(0.,0.));
#15033 = VECTOR('',#15034,1.);
#15034 = DIRECTION('',(1.,0.));
#15035 = ( GEOMETRIC_REPRESENTATION_CONTEXT(2) 
PARAMETRIC_REPRESENTATION_CONTEXT() REPRESENTATION_CONTEXT('2D SPACE',''
  ) );
#15036 = PCURVE('',#11115,#15037);
#15037 = DEFINITIONAL_REPRESENTATION('',(#15038),#15042);
#15038 = LINE('',#15039,#15040);
#15039 = CARTESIAN_POINT('',(15.930780043662,38.4326799899));
#15040 = VECTOR('',#15041,1.);
#15041 = DIRECTION('',(-0.953958488135,0.299938665254));
#15042 = ( GEOMETRIC_REPRESENTATION_CONTEXT(2) 
PARAMETRIC_REPRESENTATION_CONTEXT() REPRESENTATION_CONTEXT('2D SPACE',''
  ) );
#15043 = ORIENTED_EDGE('',*,*,#14997,.T.);
#15044 = ORIENTED_EDGE('',*,*,#5039,.T.);
#15045 = ORIENTED_EDGE('',*,*,#15046,.F.);
#15046 = EDGE_CURVE('',#15022,#5014,#15047,.T.);
#15047 = SURFACE_CURVE('',#15048,(#15052,#15059),.PCURVE_S1.);
#15048 = LINE('',#15049,#15050);
#15049 = CARTESIAN_POINT('',(69.3793081942,82.418885815217,1.4));
#15050 = VECTOR('',#15051,1.);
#15051 = DIRECTION('',(0.,0.,1.));
#15052 = PCURVE('',#5054,#15053);
#15053 = DEFINITIONAL_REPRESENTATION('',(#15054),#15058);
#15054 = LINE('',#15055,#15056);
#15055 = CARTESIAN_POINT('',(1.426729234657,0.));
#15056 = VECTOR('',#15057,1.);
#15057 = DIRECTION('',(0.,-1.));
#15058 = ( GEOMETRIC_REPRESENTATION_CONTEXT(2) 
PARAMETRIC_REPRESENTATION_CONTEXT() REPRESENTATION_CONTEXT('2D SPACE',''
  ) );
#15059 = PCURVE('',#5028,#15060);
#15060 = DEFINITIONAL_REPRESENTATION('',(#15061),#15065);
#15061 = LINE('',#15062,#15063);
#15062 = CARTESIAN_POINT('',(0.,0.));
#15063 = VECTOR('',#15064,1.);
#15064 = DIRECTION('',(0.,-1.));
#15065 = ( GEOMETRIC_REPRESENTATION_CONTEXT(2) 
PARAMETRIC_REPRESENTATION_CONTEXT() REPRESENTATION_CONTEXT('2D SPACE',''
  ) );
#15066 = ADVANCED_FACE('',(#15067),#5028,.F.);
#15067 = FACE_BOUND('',#15068,.F.);
#15068 = EDGE_LOOP('',(#15069,#15092,#15093,#15094));
#15069 = ORIENTED_EDGE('',*,*,#15070,.F.);
#15070 = EDGE_CURVE('',#15022,#15071,#15073,.T.);
#15071 = VERTEX_POINT('',#15072);
#15072 = CARTESIAN_POINT('',(70.783113430401,82.65180784371,1.4));
#15073 = SURFACE_CURVE('',#15074,(#15078,#15085),.PCURVE_S1.);
#15074 = LINE('',#15075,#15076);
#15075 = CARTESIAN_POINT('',(69.3793081942,82.418885815217,1.4));
#15076 = VECTOR('',#15077,1.);
#15077 = DIRECTION('',(0.986512809277,0.163684077211,0.));
#15078 = PCURVE('',#5028,#15079);
#15079 = DEFINITIONAL_REPRESENTATION('',(#15080),#15084);
#15080 = LINE('',#15081,#15082);
#15081 = CARTESIAN_POINT('',(0.,0.));
#15082 = VECTOR('',#15083,1.);
#15083 = DIRECTION('',(1.,0.));
#15084 = ( GEOMETRIC_REPRESENTATION_CONTEXT(2) 
PARAMETRIC_REPRESENTATION_CONTEXT() REPRESENTATION_CONTEXT('2D SPACE',''
  ) );
#15085 = PCURVE('',#11115,#15086);
#15086 = DEFINITIONAL_REPRESENTATION('',(#15087),#15091);
#15087 = LINE('',#15088,#15089);
#15088 = CARTESIAN_POINT('',(14.569739579991,38.860611252222));
#15089 = VECTOR('',#15090,1.);
#15090 = DIRECTION('',(-0.986512809277,0.163684077211));
#15091 = ( GEOMETRIC_REPRESENTATION_CONTEXT(2) 
PARAMETRIC_REPRESENTATION_CONTEXT() REPRESENTATION_CONTEXT('2D SPACE',''
  ) );
#15092 = ORIENTED_EDGE('',*,*,#15046,.T.);
#15093 = ORIENTED_EDGE('',*,*,#5013,.T.);
#15094 = ORIENTED_EDGE('',*,*,#15095,.F.);
#15095 = EDGE_CURVE('',#15071,#4988,#15096,.T.);
#15096 = SURFACE_CURVE('',#15097,(#15101,#15108),.PCURVE_S1.);
#15097 = LINE('',#15098,#15099);
#15098 = CARTESIAN_POINT('',(70.783113430401,82.65180784371,1.4));
#15099 = VECTOR('',#15100,1.);
#15100 = DIRECTION('',(0.,0.,1.));
#15101 = PCURVE('',#5028,#15102);
#15102 = DEFINITIONAL_REPRESENTATION('',(#15103),#15107);
#15103 = LINE('',#15104,#15105);
#15104 = CARTESIAN_POINT('',(1.422997474538,0.));
#15105 = VECTOR('',#15106,1.);
#15106 = DIRECTION('',(0.,-1.));
#15107 = ( GEOMETRIC_REPRESENTATION_CONTEXT(2) 
PARAMETRIC_REPRESENTATION_CONTEXT() REPRESENTATION_CONTEXT('2D SPACE',''
  ) );
#15108 = PCURVE('',#5002,#15109);
#15109 = DEFINITIONAL_REPRESENTATION('',(#15110),#15114);
#15110 = LINE('',#15111,#15112);
#15111 = CARTESIAN_POINT('',(0.,0.));
#15112 = VECTOR('',#15113,1.);
#15113 = DIRECTION('',(0.,-1.));
#15114 = ( GEOMETRIC_REPRESENTATION_CONTEXT(2) 
PARAMETRIC_REPRESENTATION_CONTEXT() REPRESENTATION_CONTEXT('2D SPACE',''
  ) );
#15115 = ADVANCED_FACE('',(#15116),#5002,.F.);
#15116 = FACE_BOUND('',#15117,.F.);
#15117 = EDGE_LOOP('',(#15118,#15141,#15142,#15143));
#15118 = ORIENTED_EDGE('',*,*,#15119,.F.);
#15119 = EDGE_CURVE('',#15071,#15120,#15122,.T.);
#15120 = VERTEX_POINT('',#15121);
#15121 = CARTESIAN_POINT('',(72.179515000786,82.691735059041,1.4));
#15122 = SURFACE_CURVE('',#15123,(#15127,#15134),.PCURVE_S1.);
#15123 = LINE('',#15124,#15125);
#15124 = CARTESIAN_POINT('',(70.783113430401,82.65180784371,1.4));
#15125 = VECTOR('',#15126,1.);
#15126 = DIRECTION('',(0.999591472594,2.858125113553E-02,0.));
#15127 = PCURVE('',#5002,#15128);
#15128 = DEFINITIONAL_REPRESENTATION('',(#15129),#15133);
#15129 = LINE('',#15130,#15131);
#15130 = CARTESIAN_POINT('',(0.,0.));
#15131 = VECTOR('',#15132,1.);
#15132 = DIRECTION('',(1.,0.));
#15133 = ( GEOMETRIC_REPRESENTATION_CONTEXT(2) 
PARAMETRIC_REPRESENTATION_CONTEXT() REPRESENTATION_CONTEXT('2D SPACE',''
  ) );
#15134 = PCURVE('',#11115,#15135);
#15135 = DEFINITIONAL_REPRESENTATION('',(#15136),#15140);
#15136 = LINE('',#15137,#15138);
#15137 = CARTESIAN_POINT('',(13.16593434379,39.093533280715));
#15138 = VECTOR('',#15139,1.);
#15139 = DIRECTION('',(-0.999591472594,2.858125113553E-02));
#15140 = ( GEOMETRIC_REPRESENTATION_CONTEXT(2) 
PARAMETRIC_REPRESENTATION_CONTEXT() REPRESENTATION_CONTEXT('2D SPACE',''
  ) );
#15141 = ORIENTED_EDGE('',*,*,#15095,.T.);
#15142 = ORIENTED_EDGE('',*,*,#4987,.T.);
#15143 = ORIENTED_EDGE('',*,*,#15144,.F.);
#15144 = EDGE_CURVE('',#15120,#4962,#15145,.T.);
#15145 = SURFACE_CURVE('',#15146,(#15150,#15157),.PCURVE_S1.);
#15146 = LINE('',#15147,#15148);
#15147 = CARTESIAN_POINT('',(72.179515000786,82.691735059041,1.4));
#15148 = VECTOR('',#15149,1.);
#15149 = DIRECTION('',(0.,0.,1.));
#15150 = PCURVE('',#5002,#15151);
#15151 = DEFINITIONAL_REPRESENTATION('',(#15152),#15156);
#15152 = LINE('',#15153,#15154);
#15153 = CARTESIAN_POINT('',(1.396972271843,0.));
#15154 = VECTOR('',#15155,1.);
#15155 = DIRECTION('',(0.,-1.));
#15156 = ( GEOMETRIC_REPRESENTATION_CONTEXT(2) 
PARAMETRIC_REPRESENTATION_CONTEXT() REPRESENTATION_CONTEXT('2D SPACE',''
  ) );
#15157 = PCURVE('',#4976,#15158);
#15158 = DEFINITIONAL_REPRESENTATION('',(#15159),#15163);
#15159 = LINE('',#15160,#15161);
#15160 = CARTESIAN_POINT('',(0.,0.));
#15161 = VECTOR('',#15162,1.);
#15162 = DIRECTION('',(0.,-1.));
#15163 = ( GEOMETRIC_REPRESENTATION_CONTEXT(2) 
PARAMETRIC_REPRESENTATION_CONTEXT() REPRESENTATION_CONTEXT('2D SPACE',''
  ) );
#15164 = ADVANCED_FACE('',(#15165),#4976,.F.);
#15165 = FACE_BOUND('',#15166,.F.);
#15166 = EDGE_LOOP('',(#15167,#15190,#15191,#15192));
#15167 = ORIENTED_EDGE('',*,*,#15168,.F.);
#15168 = EDGE_CURVE('',#15120,#15169,#15171,.T.);
#15169 = VERTEX_POINT('',#15170);
#15170 = CARTESIAN_POINT('',(82.283670445845,81.925715306927,1.4));
#15171 = SURFACE_CURVE('',#15172,(#15176,#15183),.PCURVE_S1.);
#15172 = LINE('',#15173,#15174);
#15173 = CARTESIAN_POINT('',(72.179515000786,82.691735059041,1.4));
#15174 = VECTOR('',#15175,1.);
#15175 = DIRECTION('',(0.997138572597,-7.559541679232E-02,0.));
#15176 = PCURVE('',#4976,#15177);
#15177 = DEFINITIONAL_REPRESENTATION('',(#15178),#15182);
#15178 = LINE('',#15179,#15180);
#15179 = CARTESIAN_POINT('',(0.,0.));
#15180 = VECTOR('',#15181,1.);
#15181 = DIRECTION('',(1.,0.));
#15182 = ( GEOMETRIC_REPRESENTATION_CONTEXT(2) 
PARAMETRIC_REPRESENTATION_CONTEXT() REPRESENTATION_CONTEXT('2D SPACE',''
  ) );
#15183 = PCURVE('',#11115,#15184);
#15184 = DEFINITIONAL_REPRESENTATION('',(#15185),#15189);
#15185 = LINE('',#15186,#15187);
#15186 = CARTESIAN_POINT('',(11.769532773405,39.133460496046));
#15187 = VECTOR('',#15188,1.);
#15188 = DIRECTION('',(-0.997138572597,-7.559541679232E-02));
#15189 = ( GEOMETRIC_REPRESENTATION_CONTEXT(2) 
PARAMETRIC_REPRESENTATION_CONTEXT() REPRESENTATION_CONTEXT('2D SPACE',''
  ) );
#15190 = ORIENTED_EDGE('',*,*,#15144,.T.);
#15191 = ORIENTED_EDGE('',*,*,#4961,.T.);
#15192 = ORIENTED_EDGE('',*,*,#15193,.F.);
#15193 = EDGE_CURVE('',#15169,#4936,#15194,.T.);
#15194 = SURFACE_CURVE('',#15195,(#15199,#15206),.PCURVE_S1.);
#15195 = LINE('',#15196,#15197);
#15196 = CARTESIAN_POINT('',(82.283670445845,81.925715306927,1.4));
#15197 = VECTOR('',#15198,1.);
#15198 = DIRECTION('',(0.,0.,1.));
#15199 = PCURVE('',#4976,#15200);
#15200 = DEFINITIONAL_REPRESENTATION('',(#15201),#15205);
#15201 = LINE('',#15202,#15203);
#15202 = CARTESIAN_POINT('',(10.133150720212,0.));
#15203 = VECTOR('',#15204,1.);
#15204 = DIRECTION('',(0.,-1.));
#15205 = ( GEOMETRIC_REPRESENTATION_CONTEXT(2) 
PARAMETRIC_REPRESENTATION_CONTEXT() REPRESENTATION_CONTEXT('2D SPACE',''
  ) );
#15206 = PCURVE('',#4950,#15207);
#15207 = DEFINITIONAL_REPRESENTATION('',(#15208),#15212);
#15208 = LINE('',#15209,#15210);
#15209 = CARTESIAN_POINT('',(0.,0.));
#15210 = VECTOR('',#15211,1.);
#15211 = DIRECTION('',(0.,-1.));
#15212 = ( GEOMETRIC_REPRESENTATION_CONTEXT(2) 
PARAMETRIC_REPRESENTATION_CONTEXT() REPRESENTATION_CONTEXT('2D SPACE',''
  ) );
#15213 = ADVANCED_FACE('',(#15214),#4950,.F.);
#15214 = FACE_BOUND('',#15215,.F.);
#15215 = EDGE_LOOP('',(#15216,#15239,#15240,#15241));
#15216 = ORIENTED_EDGE('',*,*,#15217,.F.);
#15217 = EDGE_CURVE('',#15169,#15218,#15220,.T.);
#15218 = VERTEX_POINT('',#15219);
#15219 = CARTESIAN_POINT('',(87.193870807378,81.830821658338,1.4));
#15220 = SURFACE_CURVE('',#15221,(#15225,#15232),.PCURVE_S1.);
#15221 = LINE('',#15222,#15223);
#15222 = CARTESIAN_POINT('',(82.283670445845,81.925715306927,1.4));
#15223 = VECTOR('',#15224,1.);
#15224 = DIRECTION('',(0.999813308633,-1.932221208466E-02,0.));
#15225 = PCURVE('',#4950,#15226);
#15226 = DEFINITIONAL_REPRESENTATION('',(#15227),#15231);
#15227 = LINE('',#15228,#15229);
#15228 = CARTESIAN_POINT('',(0.,0.));
#15229 = VECTOR('',#15230,1.);
#15230 = DIRECTION('',(1.,0.));
#15231 = ( GEOMETRIC_REPRESENTATION_CONTEXT(2) 
PARAMETRIC_REPRESENTATION_CONTEXT() REPRESENTATION_CONTEXT('2D SPACE',''
  ) );
#15232 = PCURVE('',#11115,#15233);
#15233 = DEFINITIONAL_REPRESENTATION('',(#15234),#15238);
#15234 = LINE('',#15235,#15236);
#15235 = CARTESIAN_POINT('',(1.665377328346,38.367440743932));
#15236 = VECTOR('',#15237,1.);
#15237 = DIRECTION('',(-0.999813308633,-1.932221208466E-02));
#15238 = ( GEOMETRIC_REPRESENTATION_CONTEXT(2) 
PARAMETRIC_REPRESENTATION_CONTEXT() REPRESENTATION_CONTEXT('2D SPACE',''
  ) );
#15239 = ORIENTED_EDGE('',*,*,#15193,.T.);
#15240 = ORIENTED_EDGE('',*,*,#4935,.T.);
#15241 = ORIENTED_EDGE('',*,*,#15242,.F.);
#15242 = EDGE_CURVE('',#15218,#4910,#15243,.T.);
#15243 = SURFACE_CURVE('',#15244,(#15248,#15255),.PCURVE_S1.);
#15244 = LINE('',#15245,#15246);
#15245 = CARTESIAN_POINT('',(87.193870807378,81.830821658338,1.4));
#15246 = VECTOR('',#15247,1.);
#15247 = DIRECTION('',(0.,0.,1.));
#15248 = PCURVE('',#4950,#15249);
#15249 = DEFINITIONAL_REPRESENTATION('',(#15250),#15254);
#15250 = LINE('',#15251,#15252);
#15251 = CARTESIAN_POINT('',(4.91111722472,0.));
#15252 = VECTOR('',#15253,1.);
#15253 = DIRECTION('',(0.,-1.));
#15254 = ( GEOMETRIC_REPRESENTATION_CONTEXT(2) 
PARAMETRIC_REPRESENTATION_CONTEXT() REPRESENTATION_CONTEXT('2D SPACE',''
  ) );
#15255 = PCURVE('',#4924,#15256);
#15256 = DEFINITIONAL_REPRESENTATION('',(#15257),#15261);
#15257 = LINE('',#15258,#15259);
#15258 = CARTESIAN_POINT('',(0.,0.));
#15259 = VECTOR('',#15260,1.);
#15260 = DIRECTION('',(0.,-1.));
#15261 = ( GEOMETRIC_REPRESENTATION_CONTEXT(2) 
PARAMETRIC_REPRESENTATION_CONTEXT() REPRESENTATION_CONTEXT('2D SPACE',''
  ) );
#15262 = ADVANCED_FACE('',(#15263),#4924,.F.);
#15263 = FACE_BOUND('',#15264,.F.);
#15264 = EDGE_LOOP('',(#15265,#15288,#15289,#15290));
#15265 = ORIENTED_EDGE('',*,*,#15266,.F.);
#15266 = EDGE_CURVE('',#15218,#15267,#15269,.T.);
#15267 = VERTEX_POINT('',#15268);
#15268 = CARTESIAN_POINT('',(90.248373872677,81.941444016222,1.4));
#15269 = SURFACE_CURVE('',#15270,(#15274,#15281),.PCURVE_S1.);
#15270 = LINE('',#15271,#15272);
#15271 = CARTESIAN_POINT('',(87.193870807378,81.830821658338,1.4));
#15272 = VECTOR('',#15273,1.);
#15273 = DIRECTION('',(0.999344839458,3.619242806966E-02,0.));
#15274 = PCURVE('',#4924,#15275);
#15275 = DEFINITIONAL_REPRESENTATION('',(#15276),#15280);
#15276 = LINE('',#15277,#15278);
#15277 = CARTESIAN_POINT('',(0.,0.));
#15278 = VECTOR('',#15279,1.);
#15279 = DIRECTION('',(1.,0.));
#15280 = ( GEOMETRIC_REPRESENTATION_CONTEXT(2) 
PARAMETRIC_REPRESENTATION_CONTEXT() REPRESENTATION_CONTEXT('2D SPACE',''
  ) );
#15281 = PCURVE('',#11115,#15282);
#15282 = DEFINITIONAL_REPRESENTATION('',(#15283),#15287);
#15283 = LINE('',#15284,#15285);
#15284 = CARTESIAN_POINT('',(-3.244823033187,38.272547095344));
#15285 = VECTOR('',#15286,1.);
#15286 = DIRECTION('',(-0.999344839458,3.619242806966E-02));
#15287 = ( GEOMETRIC_REPRESENTATION_CONTEXT(2) 
PARAMETRIC_REPRESENTATION_CONTEXT() REPRESENTATION_CONTEXT('2D SPACE',''
  ) );
#15288 = ORIENTED_EDGE('',*,*,#15242,.T.);
#15289 = ORIENTED_EDGE('',*,*,#4909,.T.);
#15290 = ORIENTED_EDGE('',*,*,#15291,.F.);
#15291 = EDGE_CURVE('',#15267,#4884,#15292,.T.);
#15292 = SURFACE_CURVE('',#15293,(#15297,#15304),.PCURVE_S1.);
#15293 = LINE('',#15294,#15295);
#15294 = CARTESIAN_POINT('',(90.248373872677,81.941444016222,1.4));
#15295 = VECTOR('',#15296,1.);
#15296 = DIRECTION('',(0.,0.,1.));
#15297 = PCURVE('',#4924,#15298);
#15298 = DEFINITIONAL_REPRESENTATION('',(#15299),#15303);
#15299 = LINE('',#15300,#15301);
#15300 = CARTESIAN_POINT('',(3.056505567144,0.));
#15301 = VECTOR('',#15302,1.);
#15302 = DIRECTION('',(0.,-1.));
#15303 = ( GEOMETRIC_REPRESENTATION_CONTEXT(2) 
PARAMETRIC_REPRESENTATION_CONTEXT() REPRESENTATION_CONTEXT('2D SPACE',''
  ) );
#15304 = PCURVE('',#4898,#15305);
#15305 = DEFINITIONAL_REPRESENTATION('',(#15306),#15310);
#15306 = LINE('',#15307,#15308);
#15307 = CARTESIAN_POINT('',(0.,0.));
#15308 = VECTOR('',#15309,1.);
#15309 = DIRECTION('',(0.,-1.));
#15310 = ( GEOMETRIC_REPRESENTATION_CONTEXT(2) 
PARAMETRIC_REPRESENTATION_CONTEXT() REPRESENTATION_CONTEXT('2D SPACE',''
  ) );
#15311 = ADVANCED_FACE('',(#15312),#4898,.F.);
#15312 = FACE_BOUND('',#15313,.F.);
#15313 = EDGE_LOOP('',(#15314,#15337,#15338,#15339));
#15314 = ORIENTED_EDGE('',*,*,#15315,.F.);
#15315 = EDGE_CURVE('',#15267,#15316,#15318,.T.);
#15316 = VERTEX_POINT('',#15317);
#15317 = CARTESIAN_POINT('',(93.303451092769,82.182933316715,1.4));
#15318 = SURFACE_CURVE('',#15319,(#15323,#15330),.PCURVE_S1.);
#15319 = LINE('',#15320,#15321);
#15320 = CARTESIAN_POINT('',(90.248373872677,81.941444016222,1.4));
#15321 = VECTOR('',#15322,1.);
#15322 = DIRECTION('',(0.996890489269,7.879944419674E-02,0.));
#15323 = PCURVE('',#4898,#15324);
#15324 = DEFINITIONAL_REPRESENTATION('',(#15325),#15329);
#15325 = LINE('',#15326,#15327);
#15326 = CARTESIAN_POINT('',(0.,0.));
#15327 = VECTOR('',#15328,1.);
#15328 = DIRECTION('',(1.,0.));
#15329 = ( GEOMETRIC_REPRESENTATION_CONTEXT(2) 
PARAMETRIC_REPRESENTATION_CONTEXT() REPRESENTATION_CONTEXT('2D SPACE',''
  ) );
#15330 = PCURVE('',#11115,#15331);
#15331 = DEFINITIONAL_REPRESENTATION('',(#15332),#15336);
#15332 = LINE('',#15333,#15334);
#15333 = CARTESIAN_POINT('',(-6.299326098486,38.383169453227));
#15334 = VECTOR('',#15335,1.);
#15335 = DIRECTION('',(-0.996890489269,7.879944419674E-02));
#15336 = ( GEOMETRIC_REPRESENTATION_CONTEXT(2) 
PARAMETRIC_REPRESENTATION_CONTEXT() REPRESENTATION_CONTEXT('2D SPACE',''
  ) );
#15337 = ORIENTED_EDGE('',*,*,#15291,.T.);
#15338 = ORIENTED_EDGE('',*,*,#4883,.T.);
#15339 = ORIENTED_EDGE('',*,*,#15340,.F.);
#15340 = EDGE_CURVE('',#15316,#4858,#15341,.T.);
#15341 = SURFACE_CURVE('',#15342,(#15346,#15353),.PCURVE_S1.);
#15342 = LINE('',#15343,#15344);
#15343 = CARTESIAN_POINT('',(93.303451092769,82.182933316715,1.4));
#15344 = VECTOR('',#15345,1.);
#15345 = DIRECTION('',(0.,0.,1.));
#15346 = PCURVE('',#4898,#15347);
#15347 = DEFINITIONAL_REPRESENTATION('',(#15348),#15352);
#15348 = LINE('',#15349,#15350);
#15349 = CARTESIAN_POINT('',(3.06460664735,0.));
#15350 = VECTOR('',#15351,1.);
#15351 = DIRECTION('',(0.,-1.));
#15352 = ( GEOMETRIC_REPRESENTATION_CONTEXT(2) 
PARAMETRIC_REPRESENTATION_CONTEXT() REPRESENTATION_CONTEXT('2D SPACE',''
  ) );
#15353 = PCURVE('',#4872,#15354);
#15354 = DEFINITIONAL_REPRESENTATION('',(#15355),#15359);
#15355 = LINE('',#15356,#15357);
#15356 = CARTESIAN_POINT('',(0.,0.));
#15357 = VECTOR('',#15358,1.);
#15358 = DIRECTION('',(0.,-1.));
#15359 = ( GEOMETRIC_REPRESENTATION_CONTEXT(2) 
PARAMETRIC_REPRESENTATION_CONTEXT() REPRESENTATION_CONTEXT('2D SPACE',''
  ) );
#15360 = ADVANCED_FACE('',(#15361),#4872,.F.);
#15361 = FACE_BOUND('',#15362,.F.);
#15362 = EDGE_LOOP('',(#15363,#15386,#15387,#15388));
#15363 = ORIENTED_EDGE('',*,*,#15364,.F.);
#15364 = EDGE_CURVE('',#15316,#15365,#15367,.T.);
#15365 = VERTEX_POINT('',#15366);
#15366 = CARTESIAN_POINT('',(95.739176571367,82.47007158045,1.4));
#15367 = SURFACE_CURVE('',#15368,(#15372,#15379),.PCURVE_S1.);
#15368 = LINE('',#15369,#15370);
#15369 = CARTESIAN_POINT('',(93.303451092769,82.182933316715,1.4));
#15370 = VECTOR('',#15371,1.);
#15371 = DIRECTION('',(0.993123024814,0.117075435441,0.));
#15372 = PCURVE('',#4872,#15373);
#15373 = DEFINITIONAL_REPRESENTATION('',(#15374),#15378);
#15374 = LINE('',#15375,#15376);
#15375 = CARTESIAN_POINT('',(0.,0.));
#15376 = VECTOR('',#15377,1.);
#15377 = DIRECTION('',(1.,0.));
#15378 = ( GEOMETRIC_REPRESENTATION_CONTEXT(2) 
PARAMETRIC_REPRESENTATION_CONTEXT() REPRESENTATION_CONTEXT('2D SPACE',''
  ) );
#15379 = PCURVE('',#11115,#15380);
#15380 = DEFINITIONAL_REPRESENTATION('',(#15381),#15385);
#15381 = LINE('',#15382,#15383);
#15382 = CARTESIAN_POINT('',(-9.354403318578,38.62465875372));
#15383 = VECTOR('',#15384,1.);
#15384 = DIRECTION('',(-0.993123024814,0.117075435441));
#15385 = ( GEOMETRIC_REPRESENTATION_CONTEXT(2) 
PARAMETRIC_REPRESENTATION_CONTEXT() REPRESENTATION_CONTEXT('2D SPACE',''
  ) );
#15386 = ORIENTED_EDGE('',*,*,#15340,.T.);
#15387 = ORIENTED_EDGE('',*,*,#4857,.T.);
#15388 = ORIENTED_EDGE('',*,*,#15389,.F.);
#15389 = EDGE_CURVE('',#15365,#4832,#15390,.T.);
#15390 = SURFACE_CURVE('',#15391,(#15395,#15402),.PCURVE_S1.);
#15391 = LINE('',#15392,#15393);
#15392 = CARTESIAN_POINT('',(95.739176571367,82.47007158045,1.4));
#15393 = VECTOR('',#15394,1.);
#15394 = DIRECTION('',(0.,0.,1.));
#15395 = PCURVE('',#4872,#15396);
#15396 = DEFINITIONAL_REPRESENTATION('',(#15397),#15401);
#15397 = LINE('',#15398,#15399);
#15398 = CARTESIAN_POINT('',(2.452591892181,0.));
#15399 = VECTOR('',#15400,1.);
#15400 = DIRECTION('',(0.,-1.));
#15401 = ( GEOMETRIC_REPRESENTATION_CONTEXT(2) 
PARAMETRIC_REPRESENTATION_CONTEXT() REPRESENTATION_CONTEXT('2D SPACE',''
  ) );
#15402 = PCURVE('',#4846,#15403);
#15403 = DEFINITIONAL_REPRESENTATION('',(#15404),#15408);
#15404 = LINE('',#15405,#15406);
#15405 = CARTESIAN_POINT('',(0.,0.));
#15406 = VECTOR('',#15407,1.);
#15407 = DIRECTION('',(0.,-1.));
#15408 = ( GEOMETRIC_REPRESENTATION_CONTEXT(2) 
PARAMETRIC_REPRESENTATION_CONTEXT() REPRESENTATION_CONTEXT('2D SPACE',''
  ) );
#15409 = ADVANCED_FACE('',(#15410),#4846,.F.);
#15410 = FACE_BOUND('',#15411,.F.);
#15411 = EDGE_LOOP('',(#15412,#15435,#15436,#15437));
#15412 = ORIENTED_EDGE('',*,*,#15413,.F.);
#15413 = EDGE_CURVE('',#15365,#15414,#15416,.T.);
#15414 = VERTEX_POINT('',#15415);
#15415 = CARTESIAN_POINT('',(98.766657180609,82.945643687863,1.4));
#15416 = SURFACE_CURVE('',#15417,(#15421,#15428),.PCURVE_S1.);
#15417 = LINE('',#15418,#15419);
#15418 = CARTESIAN_POINT('',(95.739176571367,82.47007158045,1.4));
#15419 = VECTOR('',#15420,1.);
#15420 = DIRECTION('',(0.987885873276,0.155182155487,0.));
#15421 = PCURVE('',#4846,#15422);
#15422 = DEFINITIONAL_REPRESENTATION('',(#15423),#15427);
#15423 = LINE('',#15424,#15425);
#15424 = CARTESIAN_POINT('',(0.,0.));
#15425 = VECTOR('',#15426,1.);
#15426 = DIRECTION('',(1.,0.));
#15427 = ( GEOMETRIC_REPRESENTATION_CONTEXT(2) 
PARAMETRIC_REPRESENTATION_CONTEXT() REPRESENTATION_CONTEXT('2D SPACE',''
  ) );
#15428 = PCURVE('',#11115,#15429);
#15429 = DEFINITIONAL_REPRESENTATION('',(#15430),#15434);
#15430 = LINE('',#15431,#15432);
#15431 = CARTESIAN_POINT('',(-11.79012879717,38.911797017455));
#15432 = VECTOR('',#15433,1.);
#15433 = DIRECTION('',(-0.987885873276,0.155182155487));
#15434 = ( GEOMETRIC_REPRESENTATION_CONTEXT(2) 
PARAMETRIC_REPRESENTATION_CONTEXT() REPRESENTATION_CONTEXT('2D SPACE',''
  ) );
#15435 = ORIENTED_EDGE('',*,*,#15389,.T.);
#15436 = ORIENTED_EDGE('',*,*,#4831,.T.);
#15437 = ORIENTED_EDGE('',*,*,#15438,.F.);
#15438 = EDGE_CURVE('',#15414,#4806,#15439,.T.);
#15439 = SURFACE_CURVE('',#15440,(#15444,#15451),.PCURVE_S1.);
#15440 = LINE('',#15441,#15442);
#15441 = CARTESIAN_POINT('',(98.766657180609,82.945643687863,1.4));
#15442 = VECTOR('',#15443,1.);
#15443 = DIRECTION('',(0.,0.,1.));
#15444 = PCURVE('',#4846,#15445);
#15445 = DEFINITIONAL_REPRESENTATION('',(#15446),#15450);
#15446 = LINE('',#15447,#15448);
#15447 = CARTESIAN_POINT('',(3.064605630205,0.));
#15448 = VECTOR('',#15449,1.);
#15449 = DIRECTION('',(0.,-1.));
#15450 = ( GEOMETRIC_REPRESENTATION_CONTEXT(2) 
PARAMETRIC_REPRESENTATION_CONTEXT() REPRESENTATION_CONTEXT('2D SPACE',''
  ) );
#15451 = PCURVE('',#4820,#15452);
#15452 = DEFINITIONAL_REPRESENTATION('',(#15453),#15457);
#15453 = LINE('',#15454,#15455);
#15454 = CARTESIAN_POINT('',(0.,0.));
#15455 = VECTOR('',#15456,1.);
#15456 = DIRECTION('',(0.,-1.));
#15457 = ( GEOMETRIC_REPRESENTATION_CONTEXT(2) 
PARAMETRIC_REPRESENTATION_CONTEXT() REPRESENTATION_CONTEXT('2D SPACE',''
  ) );
#15458 = ADVANCED_FACE('',(#15459),#4820,.F.);
#15459 = FACE_BOUND('',#15460,.F.);
#15460 = EDGE_LOOP('',(#15461,#15484,#15485,#15486));
#15461 = ORIENTED_EDGE('',*,*,#15462,.F.);
#15462 = EDGE_CURVE('',#15414,#15463,#15465,.T.);
#15463 = VERTEX_POINT('',#15464);
#15464 = CARTESIAN_POINT('',(101.76628138013,83.54899629536,1.4));
#15465 = SURFACE_CURVE('',#15466,(#15470,#15477),.PCURVE_S1.);
#15466 = LINE('',#15467,#15468);
#15467 = CARTESIAN_POINT('',(98.766657180609,82.945643687863,1.4));
#15468 = VECTOR('',#15469,1.);
#15469 = DIRECTION('',(0.980364642786,0.197193222943,0.));
#15470 = PCURVE('',#4820,#15471);
#15471 = DEFINITIONAL_REPRESENTATION('',(#15472),#15476);
#15472 = LINE('',#15473,#15474);
#15473 = CARTESIAN_POINT('',(0.,0.));
#15474 = VECTOR('',#15475,1.);
#15475 = DIRECTION('',(1.,0.));
#15476 = ( GEOMETRIC_REPRESENTATION_CONTEXT(2) 
PARAMETRIC_REPRESENTATION_CONTEXT() REPRESENTATION_CONTEXT('2D SPACE',''
  ) );
#15477 = PCURVE('',#11115,#15478);
#15478 = DEFINITIONAL_REPRESENTATION('',(#15479),#15483);
#15479 = LINE('',#15480,#15481);
#15480 = CARTESIAN_POINT('',(-14.81760940641,39.387369124869));
#15481 = VECTOR('',#15482,1.);
#15482 = DIRECTION('',(-0.980364642786,0.197193222943));
#15483 = ( GEOMETRIC_REPRESENTATION_CONTEXT(2) 
PARAMETRIC_REPRESENTATION_CONTEXT() REPRESENTATION_CONTEXT('2D SPACE',''
  ) );
#15484 = ORIENTED_EDGE('',*,*,#15438,.T.);
#15485 = ORIENTED_EDGE('',*,*,#4805,.T.);
#15486 = ORIENTED_EDGE('',*,*,#15487,.F.);
#15487 = EDGE_CURVE('',#15463,#4780,#15488,.T.);
#15488 = SURFACE_CURVE('',#15489,(#15493,#15500),.PCURVE_S1.);
#15489 = LINE('',#15490,#15491);
#15490 = CARTESIAN_POINT('',(101.76628138013,83.54899629536,1.4));
#15491 = VECTOR('',#15492,1.);
#15492 = DIRECTION('',(0.,0.,1.));
#15493 = PCURVE('',#4820,#15494);
#15494 = DEFINITIONAL_REPRESENTATION('',(#15495),#15499);
#15495 = LINE('',#15496,#15497);
#15496 = CARTESIAN_POINT('',(3.059702552109,0.));
#15497 = VECTOR('',#15498,1.);
#15498 = DIRECTION('',(0.,-1.));
#15499 = ( GEOMETRIC_REPRESENTATION_CONTEXT(2) 
PARAMETRIC_REPRESENTATION_CONTEXT() REPRESENTATION_CONTEXT('2D SPACE',''
  ) );
#15500 = PCURVE('',#4794,#15501);
#15501 = DEFINITIONAL_REPRESENTATION('',(#15502),#15506);
#15502 = LINE('',#15503,#15504);
#15503 = CARTESIAN_POINT('',(0.,0.));
#15504 = VECTOR('',#15505,1.);
#15505 = DIRECTION('',(0.,-1.));
#15506 = ( GEOMETRIC_REPRESENTATION_CONTEXT(2) 
PARAMETRIC_REPRESENTATION_CONTEXT() REPRESENTATION_CONTEXT('2D SPACE',''
  ) );
#15507 = ADVANCED_FACE('',(#15508),#4794,.F.);
#15508 = FACE_BOUND('',#15509,.F.);
#15509 = EDGE_LOOP('',(#15510,#15533,#15534,#15535));
#15510 = ORIENTED_EDGE('',*,*,#15511,.F.);
#15511 = EDGE_CURVE('',#15463,#15512,#15514,.T.);
#15512 = VERTEX_POINT('',#15513);
#15513 = CARTESIAN_POINT('',(104.74117107682,84.280717731845,1.4));
#15514 = SURFACE_CURVE('',#15515,(#15519,#15526),.PCURVE_S1.);
#15515 = LINE('',#15516,#15517);
#15516 = CARTESIAN_POINT('',(101.76628138013,83.54899629536,1.4));
#15517 = VECTOR('',#15518,1.);
#15518 = DIRECTION('',(0.971057220682,0.23884696808,0.));
#15519 = PCURVE('',#4794,#15520);
#15520 = DEFINITIONAL_REPRESENTATION('',(#15521),#15525);
#15521 = LINE('',#15522,#15523);
#15522 = CARTESIAN_POINT('',(0.,0.));
#15523 = VECTOR('',#15524,1.);
#15524 = DIRECTION('',(1.,0.));
#15525 = ( GEOMETRIC_REPRESENTATION_CONTEXT(2) 
PARAMETRIC_REPRESENTATION_CONTEXT() REPRESENTATION_CONTEXT('2D SPACE',''
  ) );
#15526 = PCURVE('',#11115,#15527);
#15527 = DEFINITIONAL_REPRESENTATION('',(#15528),#15532);
#15528 = LINE('',#15529,#15530);
#15529 = CARTESIAN_POINT('',(-17.81723360594,39.990721732366));
#15530 = VECTOR('',#15531,1.);
#15531 = DIRECTION('',(-0.971057220682,0.23884696808));
#15532 = ( GEOMETRIC_REPRESENTATION_CONTEXT(2) 
PARAMETRIC_REPRESENTATION_CONTEXT() REPRESENTATION_CONTEXT('2D SPACE',''
  ) );
#15533 = ORIENTED_EDGE('',*,*,#15487,.T.);
#15534 = ORIENTED_EDGE('',*,*,#4779,.T.);
#15535 = ORIENTED_EDGE('',*,*,#15536,.F.);
#15536 = EDGE_CURVE('',#15512,#4754,#15537,.T.);
#15537 = SURFACE_CURVE('',#15538,(#15542,#15549),.PCURVE_S1.);
#15538 = LINE('',#15539,#15540);
#15539 = CARTESIAN_POINT('',(104.74117107682,84.280717731845,1.4));
#15540 = VECTOR('',#15541,1.);
#15541 = DIRECTION('',(0.,0.,1.));
#15542 = PCURVE('',#4794,#15543);
#15543 = DEFINITIONAL_REPRESENTATION('',(#15544),#15548);
#15544 = LINE('',#15545,#15546);
#15545 = CARTESIAN_POINT('',(3.063557567287,0.));
#15546 = VECTOR('',#15547,1.);
#15547 = DIRECTION('',(0.,-1.));
#15548 = ( GEOMETRIC_REPRESENTATION_CONTEXT(2) 
PARAMETRIC_REPRESENTATION_CONTEXT() REPRESENTATION_CONTEXT('2D SPACE',''
  ) );
#15549 = PCURVE('',#4768,#15550);
#15550 = DEFINITIONAL_REPRESENTATION('',(#15551),#15555);
#15551 = LINE('',#15552,#15553);
#15552 = CARTESIAN_POINT('',(0.,0.));
#15553 = VECTOR('',#15554,1.);
#15554 = DIRECTION('',(0.,-1.));
#15555 = ( GEOMETRIC_REPRESENTATION_CONTEXT(2) 
PARAMETRIC_REPRESENTATION_CONTEXT() REPRESENTATION_CONTEXT('2D SPACE',''
  ) );
#15556 = ADVANCED_FACE('',(#15557),#4768,.F.);
#15557 = FACE_BOUND('',#15558,.F.);
#15558 = EDGE_LOOP('',(#15559,#15582,#15583,#15584));
#15559 = ORIENTED_EDGE('',*,*,#15560,.F.);
#15560 = EDGE_CURVE('',#15512,#15561,#15563,.T.);
#15561 = VERTEX_POINT('',#15562);
#15562 = CARTESIAN_POINT('',(107.6820779766,85.138776015192,1.4));
#15563 = SURFACE_CURVE('',#15564,(#15568,#15575),.PCURVE_S1.);
#15564 = LINE('',#15565,#15566);
#15565 = CARTESIAN_POINT('',(104.74117107682,84.280717731845,1.4));
#15566 = VECTOR('',#15567,1.);
#15567 = DIRECTION('',(0.959974219883,0.28008837384,0.));
#15568 = PCURVE('',#4768,#15569);
#15569 = DEFINITIONAL_REPRESENTATION('',(#15570),#15574);
#15570 = LINE('',#15571,#15572);
#15571 = CARTESIAN_POINT('',(0.,0.));
#15572 = VECTOR('',#15573,1.);
#15573 = DIRECTION('',(1.,0.));
#15574 = ( GEOMETRIC_REPRESENTATION_CONTEXT(2) 
PARAMETRIC_REPRESENTATION_CONTEXT() REPRESENTATION_CONTEXT('2D SPACE',''
  ) );
#15575 = PCURVE('',#11115,#15576);
#15576 = DEFINITIONAL_REPRESENTATION('',(#15577),#15581);
#15577 = LINE('',#15578,#15579);
#15578 = CARTESIAN_POINT('',(-20.79212330263,40.72244316885));
#15579 = VECTOR('',#15580,1.);
#15580 = DIRECTION('',(-0.959974219883,0.28008837384));
#15581 = ( GEOMETRIC_REPRESENTATION_CONTEXT(2) 
PARAMETRIC_REPRESENTATION_CONTEXT() REPRESENTATION_CONTEXT('2D SPACE',''
  ) );
#15582 = ORIENTED_EDGE('',*,*,#15536,.T.);
#15583 = ORIENTED_EDGE('',*,*,#4753,.T.);
#15584 = ORIENTED_EDGE('',*,*,#15585,.F.);
#15585 = EDGE_CURVE('',#15561,#4728,#15586,.T.);
#15586 = SURFACE_CURVE('',#15587,(#15591,#15598),.PCURVE_S1.);
#15587 = LINE('',#15588,#15589);
#15588 = CARTESIAN_POINT('',(107.6820779766,85.138776015192,1.4));
#15589 = VECTOR('',#15590,1.);
#15590 = DIRECTION('',(0.,0.,1.));
#15591 = PCURVE('',#4768,#15592);
#15592 = DEFINITIONAL_REPRESENTATION('',(#15593),#15597);
#15593 = LINE('',#15594,#15595);
#15594 = CARTESIAN_POINT('',(3.063526956098,0.));
#15595 = VECTOR('',#15596,1.);
#15596 = DIRECTION('',(0.,-1.));
#15597 = ( GEOMETRIC_REPRESENTATION_CONTEXT(2) 
PARAMETRIC_REPRESENTATION_CONTEXT() REPRESENTATION_CONTEXT('2D SPACE',''
  ) );
#15598 = PCURVE('',#4742,#15599);
#15599 = DEFINITIONAL_REPRESENTATION('',(#15600),#15604);
#15600 = LINE('',#15601,#15602);
#15601 = CARTESIAN_POINT('',(0.,0.));
#15602 = VECTOR('',#15603,1.);
#15603 = DIRECTION('',(0.,-1.));
#15604 = ( GEOMETRIC_REPRESENTATION_CONTEXT(2) 
PARAMETRIC_REPRESENTATION_CONTEXT() REPRESENTATION_CONTEXT('2D SPACE',''
  ) );
#15605 = ADVANCED_FACE('',(#15606),#4742,.F.);
#15606 = FACE_BOUND('',#15607,.F.);
#15607 = EDGE_LOOP('',(#15608,#15631,#15632,#15633));
#15608 = ORIENTED_EDGE('',*,*,#15609,.F.);
#15609 = EDGE_CURVE('',#15561,#15610,#15612,.T.);
#15610 = VERTEX_POINT('',#15611);
#15611 = CARTESIAN_POINT('',(110.58065095038,86.12059836231,1.4));
#15612 = SURFACE_CURVE('',#15613,(#15617,#15624),.PCURVE_S1.);
#15613 = LINE('',#15614,#15615);
#15614 = CARTESIAN_POINT('',(107.6820779766,85.138776015192,1.4));
#15615 = VECTOR('',#15616,1.);
#15616 = DIRECTION('',(0.947139846492,0.320820995552,0.));
#15617 = PCURVE('',#4742,#15618);
#15618 = DEFINITIONAL_REPRESENTATION('',(#15619),#15623);
#15619 = LINE('',#15620,#15621);
#15620 = CARTESIAN_POINT('',(0.,0.));
#15621 = VECTOR('',#15622,1.);
#15622 = DIRECTION('',(1.,0.));
#15623 = ( GEOMETRIC_REPRESENTATION_CONTEXT(2) 
PARAMETRIC_REPRESENTATION_CONTEXT() REPRESENTATION_CONTEXT('2D SPACE',''
  ) );
#15624 = PCURVE('',#11115,#15625);
#15625 = DEFINITIONAL_REPRESENTATION('',(#15626),#15630);
#15626 = LINE('',#15627,#15628);
#15627 = CARTESIAN_POINT('',(-23.7330302024,41.580501452197));
#15628 = VECTOR('',#15629,1.);
#15629 = DIRECTION('',(-0.947139846492,0.320820995552));
#15630 = ( GEOMETRIC_REPRESENTATION_CONTEXT(2) 
PARAMETRIC_REPRESENTATION_CONTEXT() REPRESENTATION_CONTEXT('2D SPACE',''
  ) );
#15631 = ORIENTED_EDGE('',*,*,#15585,.T.);
#15632 = ORIENTED_EDGE('',*,*,#4727,.T.);
#15633 = ORIENTED_EDGE('',*,*,#15634,.F.);
#15634 = EDGE_CURVE('',#15610,#4702,#15635,.T.);
#15635 = SURFACE_CURVE('',#15636,(#15640,#15647),.PCURVE_S1.);
#15636 = LINE('',#15637,#15638);
#15637 = CARTESIAN_POINT('',(110.58065095038,86.12059836231,1.4));
#15638 = VECTOR('',#15639,1.);
#15639 = DIRECTION('',(0.,0.,1.));
#15640 = PCURVE('',#4742,#15641);
#15641 = DEFINITIONAL_REPRESENTATION('',(#15642),#15646);
#15642 = LINE('',#15643,#15644);
#15643 = CARTESIAN_POINT('',(3.060343184296,0.));
#15644 = VECTOR('',#15645,1.);
#15645 = DIRECTION('',(0.,-1.));
#15646 = ( GEOMETRIC_REPRESENTATION_CONTEXT(2) 
PARAMETRIC_REPRESENTATION_CONTEXT() REPRESENTATION_CONTEXT('2D SPACE',''
  ) );
#15647 = PCURVE('',#4716,#15648);
#15648 = DEFINITIONAL_REPRESENTATION('',(#15649),#15653);
#15649 = LINE('',#15650,#15651);
#15650 = CARTESIAN_POINT('',(0.,0.));
#15651 = VECTOR('',#15652,1.);
#15652 = DIRECTION('',(0.,-1.));
#15653 = ( GEOMETRIC_REPRESENTATION_CONTEXT(2) 
PARAMETRIC_REPRESENTATION_CONTEXT() REPRESENTATION_CONTEXT('2D SPACE',''
  ) );
#15654 = ADVANCED_FACE('',(#15655),#4716,.F.);
#15655 = FACE_BOUND('',#15656,.F.);
#15656 = EDGE_LOOP('',(#15657,#15680,#15681,#15682));
#15657 = ORIENTED_EDGE('',*,*,#15658,.F.);
#15658 = EDGE_CURVE('',#15610,#15659,#15661,.T.);
#15659 = VERTEX_POINT('',#15660);
#15660 = CARTESIAN_POINT('',(115.13669796806,87.951542453168,1.4));
#15661 = SURFACE_CURVE('',#15662,(#15666,#15673),.PCURVE_S1.);
#15662 = LINE('',#15663,#15664);
#15663 = CARTESIAN_POINT('',(110.58065095038,86.12059836231,1.4));
#15664 = VECTOR('',#15665,1.);
#15665 = DIRECTION('',(0.927876779349,0.372886956522,0.));
#15666 = PCURVE('',#4716,#15667);
#15667 = DEFINITIONAL_REPRESENTATION('',(#15668),#15672);
#15668 = LINE('',#15669,#15670);
#15669 = CARTESIAN_POINT('',(0.,0.));
#15670 = VECTOR('',#15671,1.);
#15671 = DIRECTION('',(1.,0.));
#15672 = ( GEOMETRIC_REPRESENTATION_CONTEXT(2) 
PARAMETRIC_REPRESENTATION_CONTEXT() REPRESENTATION_CONTEXT('2D SPACE',''
  ) );
#15673 = PCURVE('',#11115,#15674);
#15674 = DEFINITIONAL_REPRESENTATION('',(#15675),#15679);
#15675 = LINE('',#15676,#15677);
#15676 = CARTESIAN_POINT('',(-26.63160317619,42.562323799315));
#15677 = VECTOR('',#15678,1.);
#15678 = DIRECTION('',(-0.927876779349,0.372886956522));
#15679 = ( GEOMETRIC_REPRESENTATION_CONTEXT(2) 
PARAMETRIC_REPRESENTATION_CONTEXT() REPRESENTATION_CONTEXT('2D SPACE',''
  ) );
#15680 = ORIENTED_EDGE('',*,*,#15634,.T.);
#15681 = ORIENTED_EDGE('',*,*,#4701,.T.);
#15682 = ORIENTED_EDGE('',*,*,#15683,.F.);
#15683 = EDGE_CURVE('',#15659,#4676,#15684,.T.);
#15684 = SURFACE_CURVE('',#15685,(#15689,#15696),.PCURVE_S1.);
#15685 = LINE('',#15686,#15687);
#15686 = CARTESIAN_POINT('',(115.13669796806,87.951542453168,1.4));
#15687 = VECTOR('',#15688,1.);
#15688 = DIRECTION('',(0.,0.,1.));
#15689 = PCURVE('',#4716,#15690);
#15690 = DEFINITIONAL_REPRESENTATION('',(#15691),#15695);
#15691 = LINE('',#15692,#15693);
#15692 = CARTESIAN_POINT('',(4.910185402928,0.));
#15693 = VECTOR('',#15694,1.);
#15694 = DIRECTION('',(0.,-1.));
#15695 = ( GEOMETRIC_REPRESENTATION_CONTEXT(2) 
PARAMETRIC_REPRESENTATION_CONTEXT() REPRESENTATION_CONTEXT('2D SPACE',''
  ) );
#15696 = PCURVE('',#4690,#15697);
#15697 = DEFINITIONAL_REPRESENTATION('',(#15698),#15702);
#15698 = LINE('',#15699,#15700);
#15699 = CARTESIAN_POINT('',(0.,0.));
#15700 = VECTOR('',#15701,1.);
#15701 = DIRECTION('',(0.,-1.));
#15702 = ( GEOMETRIC_REPRESENTATION_CONTEXT(2) 
PARAMETRIC_REPRESENTATION_CONTEXT() REPRESENTATION_CONTEXT('2D SPACE',''
  ) );
#15703 = ADVANCED_FACE('',(#15704),#4690,.F.);
#15704 = FACE_BOUND('',#15705,.F.);
#15705 = EDGE_LOOP('',(#15706,#15729,#15730,#15731));
#15706 = ORIENTED_EDGE('',*,*,#15707,.F.);
#15707 = EDGE_CURVE('',#15659,#15708,#15710,.T.);
#15708 = VERTEX_POINT('',#15709);
#15709 = CARTESIAN_POINT('',(125.24136611448,92.546977184768,1.4));
#15710 = SURFACE_CURVE('',#15711,(#15715,#15722),.PCURVE_S1.);
#15711 = LINE('',#15712,#15713);
#15712 = CARTESIAN_POINT('',(115.13669796806,87.951542453168,1.4));
#15713 = VECTOR('',#15714,1.);
#15714 = DIRECTION('',(0.910284885074,0.413982400599,0.));
#15715 = PCURVE('',#4690,#15716);
#15716 = DEFINITIONAL_REPRESENTATION('',(#15717),#15721);
#15717 = LINE('',#15718,#15719);
#15718 = CARTESIAN_POINT('',(0.,0.));
#15719 = VECTOR('',#15720,1.);
#15720 = DIRECTION('',(1.,0.));
#15721 = ( GEOMETRIC_REPRESENTATION_CONTEXT(2) 
PARAMETRIC_REPRESENTATION_CONTEXT() REPRESENTATION_CONTEXT('2D SPACE',''
  ) );
#15722 = PCURVE('',#11115,#15723);
#15723 = DEFINITIONAL_REPRESENTATION('',(#15724),#15728);
#15724 = LINE('',#15725,#15726);
#15725 = CARTESIAN_POINT('',(-31.18765019387,44.393267890173));
#15726 = VECTOR('',#15727,1.);
#15727 = DIRECTION('',(-0.910284885074,0.413982400599));
#15728 = ( GEOMETRIC_REPRESENTATION_CONTEXT(2) 
PARAMETRIC_REPRESENTATION_CONTEXT() REPRESENTATION_CONTEXT('2D SPACE',''
  ) );
#15729 = ORIENTED_EDGE('',*,*,#15683,.T.);
#15730 = ORIENTED_EDGE('',*,*,#4675,.T.);
#15731 = ORIENTED_EDGE('',*,*,#15732,.F.);
#15732 = EDGE_CURVE('',#15708,#4650,#15733,.T.);
#15733 = SURFACE_CURVE('',#15734,(#15738,#15745),.PCURVE_S1.);
#15734 = LINE('',#15735,#15736);
#15735 = CARTESIAN_POINT('',(125.24136611448,92.546977184768,1.4));
#15736 = VECTOR('',#15737,1.);
#15737 = DIRECTION('',(0.,0.,1.));
#15738 = PCURVE('',#4690,#15739);
#15739 = DEFINITIONAL_REPRESENTATION('',(#15740),#15744);
#15740 = LINE('',#15741,#15742);
#15741 = CARTESIAN_POINT('',(11.100555784365,0.));
#15742 = VECTOR('',#15743,1.);
#15743 = DIRECTION('',(0.,-1.));
#15744 = ( GEOMETRIC_REPRESENTATION_CONTEXT(2) 
PARAMETRIC_REPRESENTATION_CONTEXT() REPRESENTATION_CONTEXT('2D SPACE',''
  ) );
#15745 = PCURVE('',#4664,#15746);
#15746 = DEFINITIONAL_REPRESENTATION('',(#15747),#15751);
#15747 = LINE('',#15748,#15749);
#15748 = CARTESIAN_POINT('',(0.,0.));
#15749 = VECTOR('',#15750,1.);
#15750 = DIRECTION('',(0.,-1.));
#15751 = ( GEOMETRIC_REPRESENTATION_CONTEXT(2) 
PARAMETRIC_REPRESENTATION_CONTEXT() REPRESENTATION_CONTEXT('2D SPACE',''
  ) );
#15752 = ADVANCED_FACE('',(#15753),#4664,.F.);
#15753 = FACE_BOUND('',#15754,.F.);
#15754 = EDGE_LOOP('',(#15755,#15778,#15779,#15780));
#15755 = ORIENTED_EDGE('',*,*,#15756,.F.);
#15756 = EDGE_CURVE('',#15708,#15757,#15759,.T.);
#15757 = VERTEX_POINT('',#15758);
#15758 = CARTESIAN_POINT('',(126.14486486657,92.776503450517,1.4));
#15759 = SURFACE_CURVE('',#15760,(#15764,#15771),.PCURVE_S1.);
#15760 = LINE('',#15761,#15762);
#15761 = CARTESIAN_POINT('',(125.24136611448,92.546977184768,1.4));
#15762 = VECTOR('',#15763,1.);
#15763 = DIRECTION('',(0.969213807491,0.246220623362,0.));
#15764 = PCURVE('',#4664,#15765);
#15765 = DEFINITIONAL_REPRESENTATION('',(#15766),#15770);
#15766 = LINE('',#15767,#15768);
#15767 = CARTESIAN_POINT('',(0.,0.));
#15768 = VECTOR('',#15769,1.);
#15769 = DIRECTION('',(1.,0.));
#15770 = ( GEOMETRIC_REPRESENTATION_CONTEXT(2) 
PARAMETRIC_REPRESENTATION_CONTEXT() REPRESENTATION_CONTEXT('2D SPACE',''
  ) );
#15771 = PCURVE('',#11115,#15772);
#15772 = DEFINITIONAL_REPRESENTATION('',(#15773),#15777);
#15773 = LINE('',#15774,#15775);
#15774 = CARTESIAN_POINT('',(-41.29231834029,48.988702621773));
#15775 = VECTOR('',#15776,1.);
#15776 = DIRECTION('',(-0.969213807491,0.246220623362));
#15777 = ( GEOMETRIC_REPRESENTATION_CONTEXT(2) 
PARAMETRIC_REPRESENTATION_CONTEXT() REPRESENTATION_CONTEXT('2D SPACE',''
  ) );
#15778 = ORIENTED_EDGE('',*,*,#15732,.T.);
#15779 = ORIENTED_EDGE('',*,*,#4649,.T.);
#15780 = ORIENTED_EDGE('',*,*,#15781,.F.);
#15781 = EDGE_CURVE('',#15757,#4624,#15782,.T.);
#15782 = SURFACE_CURVE('',#15783,(#15787,#15794),.PCURVE_S1.);
#15783 = LINE('',#15784,#15785);
#15784 = CARTESIAN_POINT('',(126.14486486657,92.776503450517,1.4));
#15785 = VECTOR('',#15786,1.);
#15786 = DIRECTION('',(0.,0.,1.));
#15787 = PCURVE('',#4664,#15788);
#15788 = DEFINITIONAL_REPRESENTATION('',(#15789),#15793);
#15789 = LINE('',#15790,#15791);
#15790 = CARTESIAN_POINT('',(0.932197565806,0.));
#15791 = VECTOR('',#15792,1.);
#15792 = DIRECTION('',(0.,-1.));
#15793 = ( GEOMETRIC_REPRESENTATION_CONTEXT(2) 
PARAMETRIC_REPRESENTATION_CONTEXT() REPRESENTATION_CONTEXT('2D SPACE',''
  ) );
#15794 = PCURVE('',#4638,#15795);
#15795 = DEFINITIONAL_REPRESENTATION('',(#15796),#15800);
#15796 = LINE('',#15797,#15798);
#15797 = CARTESIAN_POINT('',(0.,0.));
#15798 = VECTOR('',#15799,1.);
#15799 = DIRECTION('',(0.,-1.));
#15800 = ( GEOMETRIC_REPRESENTATION_CONTEXT(2) 
PARAMETRIC_REPRESENTATION_CONTEXT() REPRESENTATION_CONTEXT('2D SPACE',''
  ) );
#15801 = ADVANCED_FACE('',(#15802),#4638,.F.);
#15802 = FACE_BOUND('',#15803,.F.);
#15803 = EDGE_LOOP('',(#15804,#15827,#15828,#15829));
#15804 = ORIENTED_EDGE('',*,*,#15805,.F.);
#15805 = EDGE_CURVE('',#15757,#15806,#15808,.T.);
#15806 = VERTEX_POINT('',#15807);
#15807 = CARTESIAN_POINT('',(126.48447714542,92.792546104179,1.4));
#15808 = SURFACE_CURVE('',#15809,(#15813,#15820),.PCURVE_S1.);
#15809 = LINE('',#15810,#15811);
#15810 = CARTESIAN_POINT('',(126.14486486657,92.776503450517,1.4));
#15811 = VECTOR('',#15812,1.);
#15812 = DIRECTION('',(0.99888614267,4.718552724174E-02,0.));
#15813 = PCURVE('',#4638,#15814);
#15814 = DEFINITIONAL_REPRESENTATION('',(#15815),#15819);
#15815 = LINE('',#15816,#15817);
#15816 = CARTESIAN_POINT('',(0.,0.));
#15817 = VECTOR('',#15818,1.);
#15818 = DIRECTION('',(1.,0.));
#15819 = ( GEOMETRIC_REPRESENTATION_CONTEXT(2) 
PARAMETRIC_REPRESENTATION_CONTEXT() REPRESENTATION_CONTEXT('2D SPACE',''
  ) );
#15820 = PCURVE('',#11115,#15821);
#15821 = DEFINITIONAL_REPRESENTATION('',(#15822),#15826);
#15822 = LINE('',#15823,#15824);
#15823 = CARTESIAN_POINT('',(-42.19581709238,49.218228887522));
#15824 = VECTOR('',#15825,1.);
#15825 = DIRECTION('',(-0.99888614267,4.718552724174E-02));
#15826 = ( GEOMETRIC_REPRESENTATION_CONTEXT(2) 
PARAMETRIC_REPRESENTATION_CONTEXT() REPRESENTATION_CONTEXT('2D SPACE',''
  ) );
#15827 = ORIENTED_EDGE('',*,*,#15781,.T.);
#15828 = ORIENTED_EDGE('',*,*,#4623,.T.);
#15829 = ORIENTED_EDGE('',*,*,#15830,.F.);
#15830 = EDGE_CURVE('',#15806,#4598,#15831,.T.);
#15831 = SURFACE_CURVE('',#15832,(#15836,#15843),.PCURVE_S1.);
#15832 = LINE('',#15833,#15834);
#15833 = CARTESIAN_POINT('',(126.48447714542,92.792546104179,1.4));
#15834 = VECTOR('',#15835,1.);
#15835 = DIRECTION('',(0.,0.,1.));
#15836 = PCURVE('',#4638,#15837);
#15837 = DEFINITIONAL_REPRESENTATION('',(#15838),#15842);
#15838 = LINE('',#15839,#15840);
#15839 = CARTESIAN_POINT('',(0.33999098029,0.));
#15840 = VECTOR('',#15841,1.);
#15841 = DIRECTION('',(0.,-1.));
#15842 = ( GEOMETRIC_REPRESENTATION_CONTEXT(2) 
PARAMETRIC_REPRESENTATION_CONTEXT() REPRESENTATION_CONTEXT('2D SPACE',''
  ) );
#15843 = PCURVE('',#4612,#15844);
#15844 = DEFINITIONAL_REPRESENTATION('',(#15845),#15849);
#15845 = LINE('',#15846,#15847);
#15846 = CARTESIAN_POINT('',(0.,0.));
#15847 = VECTOR('',#15848,1.);
#15848 = DIRECTION('',(0.,-1.));
#15849 = ( GEOMETRIC_REPRESENTATION_CONTEXT(2) 
PARAMETRIC_REPRESENTATION_CONTEXT() REPRESENTATION_CONTEXT('2D SPACE',''
  ) );
#15850 = ADVANCED_FACE('',(#15851),#4612,.F.);
#15851 = FACE_BOUND('',#15852,.F.);
#15852 = EDGE_LOOP('',(#15853,#15876,#15877,#15878));
#15853 = ORIENTED_EDGE('',*,*,#15854,.F.);
#15854 = EDGE_CURVE('',#15806,#15855,#15857,.T.);
#15855 = VERTEX_POINT('',#15856);
#15856 = CARTESIAN_POINT('',(127.02141346756,92.699611926225,1.4));
#15857 = SURFACE_CURVE('',#15858,(#15862,#15869),.PCURVE_S1.);
#15858 = LINE('',#15859,#15860);
#15859 = CARTESIAN_POINT('',(126.48447714542,92.792546104179,1.4));
#15860 = VECTOR('',#15861,1.);
#15861 = DIRECTION('',(0.985349614179,-0.170546585535,0.));
#15862 = PCURVE('',#4612,#15863);
#15863 = DEFINITIONAL_REPRESENTATION('',(#15864),#15868);
#15864 = LINE('',#15865,#15866);
#15865 = CARTESIAN_POINT('',(0.,0.));
#15866 = VECTOR('',#15867,1.);
#15867 = DIRECTION('',(1.,0.));
#15868 = ( GEOMETRIC_REPRESENTATION_CONTEXT(2) 
PARAMETRIC_REPRESENTATION_CONTEXT() REPRESENTATION_CONTEXT('2D SPACE',''
  ) );
#15869 = PCURVE('',#11115,#15870);
#15870 = DEFINITIONAL_REPRESENTATION('',(#15871),#15875);
#15871 = LINE('',#15872,#15873);
#15872 = CARTESIAN_POINT('',(-42.53542937123,49.234271541184));
#15873 = VECTOR('',#15874,1.);
#15874 = DIRECTION('',(-0.985349614179,-0.170546585535));
#15875 = ( GEOMETRIC_REPRESENTATION_CONTEXT(2) 
PARAMETRIC_REPRESENTATION_CONTEXT() REPRESENTATION_CONTEXT('2D SPACE',''
  ) );
#15876 = ORIENTED_EDGE('',*,*,#15830,.T.);
#15877 = ORIENTED_EDGE('',*,*,#4597,.T.);
#15878 = ORIENTED_EDGE('',*,*,#15879,.F.);
#15879 = EDGE_CURVE('',#15855,#4572,#15880,.T.);
#15880 = SURFACE_CURVE('',#15881,(#15885,#15892),.PCURVE_S1.);
#15881 = LINE('',#15882,#15883);
#15882 = CARTESIAN_POINT('',(127.02141346756,92.699611926225,1.4));
#15883 = VECTOR('',#15884,1.);
#15884 = DIRECTION('',(0.,0.,1.));
#15885 = PCURVE('',#4612,#15886);
#15886 = DEFINITIONAL_REPRESENTATION('',(#15887),#15891);
#15887 = LINE('',#15888,#15889);
#15888 = CARTESIAN_POINT('',(0.544919604591,0.));
#15889 = VECTOR('',#15890,1.);
#15890 = DIRECTION('',(0.,-1.));
#15891 = ( GEOMETRIC_REPRESENTATION_CONTEXT(2) 
PARAMETRIC_REPRESENTATION_CONTEXT() REPRESENTATION_CONTEXT('2D SPACE',''
  ) );
#15892 = PCURVE('',#4586,#15893);
#15893 = DEFINITIONAL_REPRESENTATION('',(#15894),#15898);
#15894 = LINE('',#15895,#15896);
#15895 = CARTESIAN_POINT('',(0.,0.));
#15896 = VECTOR('',#15897,1.);
#15897 = DIRECTION('',(0.,-1.));
#15898 = ( GEOMETRIC_REPRESENTATION_CONTEXT(2) 
PARAMETRIC_REPRESENTATION_CONTEXT() REPRESENTATION_CONTEXT('2D SPACE',''
  ) );
#15899 = ADVANCED_FACE('',(#15900),#4586,.F.);
#15900 = FACE_BOUND('',#15901,.F.);
#15901 = EDGE_LOOP('',(#15902,#15925,#15926,#15927));
#15902 = ORIENTED_EDGE('',*,*,#15903,.F.);
#15903 = EDGE_CURVE('',#15855,#15904,#15906,.T.);
#15904 = VERTEX_POINT('',#15905);
#15905 = CARTESIAN_POINT('',(127.51775842157,92.491672179976,1.4));
#15906 = SURFACE_CURVE('',#15907,(#15911,#15918),.PCURVE_S1.);
#15907 = LINE('',#15908,#15909);
#15908 = CARTESIAN_POINT('',(127.02141346756,92.699611926225,1.4));
#15909 = VECTOR('',#15910,1.);
#15910 = DIRECTION('',(0.92233012396,-0.386402824053,0.));
#15911 = PCURVE('',#4586,#15912);
#15912 = DEFINITIONAL_REPRESENTATION('',(#15913),#15917);
#15913 = LINE('',#15914,#15915);
#15914 = CARTESIAN_POINT('',(0.,0.));
#15915 = VECTOR('',#15916,1.);
#15916 = DIRECTION('',(1.,0.));
#15917 = ( GEOMETRIC_REPRESENTATION_CONTEXT(2) 
PARAMETRIC_REPRESENTATION_CONTEXT() REPRESENTATION_CONTEXT('2D SPACE',''
  ) );
#15918 = PCURVE('',#11115,#15919);
#15919 = DEFINITIONAL_REPRESENTATION('',(#15920),#15924);
#15920 = LINE('',#15921,#15922);
#15921 = CARTESIAN_POINT('',(-43.07236569337,49.14133736323));
#15922 = VECTOR('',#15923,1.);
#15923 = DIRECTION('',(-0.92233012396,-0.386402824053));
#15924 = ( GEOMETRIC_REPRESENTATION_CONTEXT(2) 
PARAMETRIC_REPRESENTATION_CONTEXT() REPRESENTATION_CONTEXT('2D SPACE',''
  ) );
#15925 = ORIENTED_EDGE('',*,*,#15879,.T.);
#15926 = ORIENTED_EDGE('',*,*,#4571,.T.);
#15927 = ORIENTED_EDGE('',*,*,#15928,.F.);
#15928 = EDGE_CURVE('',#15904,#4546,#15929,.T.);
#15929 = SURFACE_CURVE('',#15930,(#15934,#15941),.PCURVE_S1.);
#15930 = LINE('',#15931,#15932);
#15931 = CARTESIAN_POINT('',(127.51775842157,92.491672179976,1.4));
#15932 = VECTOR('',#15933,1.);
#15933 = DIRECTION('',(0.,0.,1.));
#15934 = PCURVE('',#4586,#15935);
#15935 = DEFINITIONAL_REPRESENTATION('',(#15936),#15940);
#15936 = LINE('',#15937,#15938);
#15937 = CARTESIAN_POINT('',(0.538142408142,0.));
#15938 = VECTOR('',#15939,1.);
#15939 = DIRECTION('',(0.,-1.));
#15940 = ( GEOMETRIC_REPRESENTATION_CONTEXT(2) 
PARAMETRIC_REPRESENTATION_CONTEXT() REPRESENTATION_CONTEXT('2D SPACE',''
  ) );
#15941 = PCURVE('',#4560,#15942);
#15942 = DEFINITIONAL_REPRESENTATION('',(#15943),#15947);
#15943 = LINE('',#15944,#15945);
#15944 = CARTESIAN_POINT('',(0.,0.));
#15945 = VECTOR('',#15946,1.);
#15946 = DIRECTION('',(0.,-1.));
#15947 = ( GEOMETRIC_REPRESENTATION_CONTEXT(2) 
PARAMETRIC_REPRESENTATION_CONTEXT() REPRESENTATION_CONTEXT('2D SPACE',''
  ) );
#15948 = ADVANCED_FACE('',(#15949),#4560,.F.);
#15949 = FACE_BOUND('',#15950,.F.);
#15950 = EDGE_LOOP('',(#15951,#15974,#15975,#15976));
#15951 = ORIENTED_EDGE('',*,*,#15952,.F.);
#15952 = EDGE_CURVE('',#15904,#15953,#15955,.T.);
#15953 = VERTEX_POINT('',#15954);
#15954 = CARTESIAN_POINT('',(127.97754032137,92.161633400116,1.4));
#15955 = SURFACE_CURVE('',#15956,(#15960,#15967),.PCURVE_S1.);
#15956 = LINE('',#15957,#15958);
#15957 = CARTESIAN_POINT('',(127.51775842157,92.491672179976,1.4));
#15958 = VECTOR('',#15959,1.);
#15959 = DIRECTION('',(0.812374829299,-0.58313560749,0.));
#15960 = PCURVE('',#4560,#15961);
#15961 = DEFINITIONAL_REPRESENTATION('',(#15962),#15966);
#15962 = LINE('',#15963,#15964);
#15963 = CARTESIAN_POINT('',(0.,0.));
#15964 = VECTOR('',#15965,1.);
#15965 = DIRECTION('',(1.,0.));
#15966 = ( GEOMETRIC_REPRESENTATION_CONTEXT(2) 
PARAMETRIC_REPRESENTATION_CONTEXT() REPRESENTATION_CONTEXT('2D SPACE',''
  ) );
#15967 = PCURVE('',#11115,#15968);
#15968 = DEFINITIONAL_REPRESENTATION('',(#15969),#15973);
#15969 = LINE('',#15970,#15971);
#15970 = CARTESIAN_POINT('',(-43.56871064738,48.933397616981));
#15971 = VECTOR('',#15972,1.);
#15972 = DIRECTION('',(-0.812374829299,-0.58313560749));
#15973 = ( GEOMETRIC_REPRESENTATION_CONTEXT(2) 
PARAMETRIC_REPRESENTATION_CONTEXT() REPRESENTATION_CONTEXT('2D SPACE',''
  ) );
#15974 = ORIENTED_EDGE('',*,*,#15928,.T.);
#15975 = ORIENTED_EDGE('',*,*,#4545,.T.);
#15976 = ORIENTED_EDGE('',*,*,#15977,.F.);
#15977 = EDGE_CURVE('',#15953,#4520,#15978,.T.);
#15978 = SURFACE_CURVE('',#15979,(#15983,#15990),.PCURVE_S1.);
#15979 = LINE('',#15980,#15981);
#15980 = CARTESIAN_POINT('',(127.97754032137,92.161633400116,1.4));
#15981 = VECTOR('',#15982,1.);
#15982 = DIRECTION('',(0.,0.,1.));
#15983 = PCURVE('',#4560,#15984);
#15984 = DEFINITIONAL_REPRESENTATION('',(#15985),#15989);
#15985 = LINE('',#15986,#15987);
#15986 = CARTESIAN_POINT('',(0.565972606751,0.));
#15987 = VECTOR('',#15988,1.);
#15988 = DIRECTION('',(0.,-1.));
#15989 = ( GEOMETRIC_REPRESENTATION_CONTEXT(2) 
PARAMETRIC_REPRESENTATION_CONTEXT() REPRESENTATION_CONTEXT('2D SPACE',''
  ) );
#15990 = PCURVE('',#4534,#15991);
#15991 = DEFINITIONAL_REPRESENTATION('',(#15992),#15996);
#15992 = LINE('',#15993,#15994);
#15993 = CARTESIAN_POINT('',(0.,0.));
#15994 = VECTOR('',#15995,1.);
#15995 = DIRECTION('',(0.,-1.));
#15996 = ( GEOMETRIC_REPRESENTATION_CONTEXT(2) 
PARAMETRIC_REPRESENTATION_CONTEXT() REPRESENTATION_CONTEXT('2D SPACE',''
  ) );
#15997 = ADVANCED_FACE('',(#15998),#4534,.F.);
#15998 = FACE_BOUND('',#15999,.F.);
#15999 = EDGE_LOOP('',(#16000,#16023,#16024,#16025));
#16000 = ORIENTED_EDGE('',*,*,#16001,.F.);
#16001 = EDGE_CURVE('',#15953,#16002,#16004,.T.);
#16002 = VERTEX_POINT('',#16003);
#16003 = CARTESIAN_POINT('',(128.31648786764,91.797823326276,1.4));
#16004 = SURFACE_CURVE('',#16005,(#16009,#16016),.PCURVE_S1.);
#16005 = LINE('',#16006,#16007);
#16006 = CARTESIAN_POINT('',(127.97754032137,92.161633400116,1.4));
#16007 = VECTOR('',#16008,1.);
#16008 = DIRECTION('',(0.681663921209,-0.731665427994,0.));
#16009 = PCURVE('',#4534,#16010);
#16010 = DEFINITIONAL_REPRESENTATION('',(#16011),#16015);
#16011 = LINE('',#16012,#16013);
#16012 = CARTESIAN_POINT('',(0.,0.));
#16013 = VECTOR('',#16014,1.);
#16014 = DIRECTION('',(1.,0.));
#16015 = ( GEOMETRIC_REPRESENTATION_CONTEXT(2) 
PARAMETRIC_REPRESENTATION_CONTEXT() REPRESENTATION_CONTEXT('2D SPACE',''
  ) );
#16016 = PCURVE('',#11115,#16017);
#16017 = DEFINITIONAL_REPRESENTATION('',(#16018),#16022);
#16018 = LINE('',#16019,#16020);
#16019 = CARTESIAN_POINT('',(-44.02849254718,48.603358837121));
#16020 = VECTOR('',#16021,1.);
#16021 = DIRECTION('',(-0.681663921209,-0.731665427994));
#16022 = ( GEOMETRIC_REPRESENTATION_CONTEXT(2) 
PARAMETRIC_REPRESENTATION_CONTEXT() REPRESENTATION_CONTEXT('2D SPACE',''
  ) );
#16023 = ORIENTED_EDGE('',*,*,#15977,.T.);
#16024 = ORIENTED_EDGE('',*,*,#4519,.T.);
#16025 = ORIENTED_EDGE('',*,*,#16026,.F.);
#16026 = EDGE_CURVE('',#16002,#4494,#16027,.T.);
#16027 = SURFACE_CURVE('',#16028,(#16032,#16039),.PCURVE_S1.);
#16028 = LINE('',#16029,#16030);
#16029 = CARTESIAN_POINT('',(128.31648786764,91.797823326276,1.4));
#16030 = VECTOR('',#16031,1.);
#16031 = DIRECTION('',(0.,0.,1.));
#16032 = PCURVE('',#4534,#16033);
#16033 = DEFINITIONAL_REPRESENTATION('',(#16034),#16038);
#16034 = LINE('',#16035,#16036);
#16035 = CARTESIAN_POINT('',(0.497235566859,0.));
#16036 = VECTOR('',#16037,1.);
#16037 = DIRECTION('',(0.,-1.));
#16038 = ( GEOMETRIC_REPRESENTATION_CONTEXT(2) 
PARAMETRIC_REPRESENTATION_CONTEXT() REPRESENTATION_CONTEXT('2D SPACE',''
  ) );
#16039 = PCURVE('',#4508,#16040);
#16040 = DEFINITIONAL_REPRESENTATION('',(#16041),#16045);
#16041 = LINE('',#16042,#16043);
#16042 = CARTESIAN_POINT('',(0.,0.));
#16043 = VECTOR('',#16044,1.);
#16044 = DIRECTION('',(0.,-1.));
#16045 = ( GEOMETRIC_REPRESENTATION_CONTEXT(2) 
PARAMETRIC_REPRESENTATION_CONTEXT() REPRESENTATION_CONTEXT('2D SPACE',''
  ) );
#16046 = ADVANCED_FACE('',(#16047),#4508,.F.);
#16047 = FACE_BOUND('',#16048,.F.);
#16048 = EDGE_LOOP('',(#16049,#16072,#16073,#16074));
#16049 = ORIENTED_EDGE('',*,*,#16050,.F.);
#16050 = EDGE_CURVE('',#16002,#16051,#16053,.T.);
#16051 = VERTEX_POINT('',#16052);
#16052 = CARTESIAN_POINT('',(140.93708234951,74.576125789386,1.4));
#16053 = SURFACE_CURVE('',#16054,(#16058,#16065),.PCURVE_S1.);
#16054 = LINE('',#16055,#16056);
#16055 = CARTESIAN_POINT('',(128.31648786764,91.797823326276,1.4));
#16056 = VECTOR('',#16057,1.);
#16057 = DIRECTION('',(0.591100167144,-0.806598160426,0.));
#16058 = PCURVE('',#4508,#16059);
#16059 = DEFINITIONAL_REPRESENTATION('',(#16060),#16064);
#16060 = LINE('',#16061,#16062);
#16061 = CARTESIAN_POINT('',(0.,0.));
#16062 = VECTOR('',#16063,1.);
#16063 = DIRECTION('',(1.,0.));
#16064 = ( GEOMETRIC_REPRESENTATION_CONTEXT(2) 
PARAMETRIC_REPRESENTATION_CONTEXT() REPRESENTATION_CONTEXT('2D SPACE',''
  ) );
#16065 = PCURVE('',#11115,#16066);
#16066 = DEFINITIONAL_REPRESENTATION('',(#16067),#16071);
#16067 = LINE('',#16068,#16069);
#16068 = CARTESIAN_POINT('',(-44.36744009345,48.239548763281));
#16069 = VECTOR('',#16070,1.);
#16070 = DIRECTION('',(-0.591100167144,-0.806598160426));
#16071 = ( GEOMETRIC_REPRESENTATION_CONTEXT(2) 
PARAMETRIC_REPRESENTATION_CONTEXT() REPRESENTATION_CONTEXT('2D SPACE',''
  ) );
#16072 = ORIENTED_EDGE('',*,*,#16026,.T.);
#16073 = ORIENTED_EDGE('',*,*,#4493,.T.);
#16074 = ORIENTED_EDGE('',*,*,#16075,.F.);
#16075 = EDGE_CURVE('',#16051,#4468,#16076,.T.);
#16076 = SURFACE_CURVE('',#16077,(#16081,#16088),.PCURVE_S1.);
#16077 = LINE('',#16078,#16079);
#16078 = CARTESIAN_POINT('',(140.93708234951,74.576125789386,1.4));
#16079 = VECTOR('',#16080,1.);
#16080 = DIRECTION('',(0.,0.,1.));
#16081 = PCURVE('',#4508,#16082);
#16082 = DEFINITIONAL_REPRESENTATION('',(#16083),#16087);
#16083 = LINE('',#16084,#16085);
#16084 = CARTESIAN_POINT('',(21.351025060355,0.));
#16085 = VECTOR('',#16086,1.);
#16086 = DIRECTION('',(0.,-1.));
#16087 = ( GEOMETRIC_REPRESENTATION_CONTEXT(2) 
PARAMETRIC_REPRESENTATION_CONTEXT() REPRESENTATION_CONTEXT('2D SPACE',''
  ) );
#16088 = PCURVE('',#4482,#16089);
#16089 = DEFINITIONAL_REPRESENTATION('',(#16090),#16094);
#16090 = LINE('',#16091,#16092);
#16091 = CARTESIAN_POINT('',(0.,0.));
#16092 = VECTOR('',#16093,1.);
#16093 = DIRECTION('',(0.,-1.));
#16094 = ( GEOMETRIC_REPRESENTATION_CONTEXT(2) 
PARAMETRIC_REPRESENTATION_CONTEXT() REPRESENTATION_CONTEXT('2D SPACE',''
  ) );
#16095 = ADVANCED_FACE('',(#16096),#4482,.F.);
#16096 = FACE_BOUND('',#16097,.F.);
#16097 = EDGE_LOOP('',(#16098,#16121,#16122,#16123));
#16098 = ORIENTED_EDGE('',*,*,#16099,.F.);
#16099 = EDGE_CURVE('',#16051,#16100,#16102,.T.);
#16100 = VERTEX_POINT('',#16101);
#16101 = CARTESIAN_POINT('',(141.16080781449,74.075323496179,1.4));
#16102 = SURFACE_CURVE('',#16103,(#16107,#16114),.PCURVE_S1.);
#16103 = LINE('',#16104,#16105);
#16104 = CARTESIAN_POINT('',(140.93708234951,74.576125789386,1.4));
#16105 = VECTOR('',#16106,1.);
#16106 = DIRECTION('',(0.407883433056,-0.913034010888,0.));
#16107 = PCURVE('',#4482,#16108);
#16108 = DEFINITIONAL_REPRESENTATION('',(#16109),#16113);
#16109 = LINE('',#16110,#16111);
#16110 = CARTESIAN_POINT('',(0.,0.));
#16111 = VECTOR('',#16112,1.);
#16112 = DIRECTION('',(1.,0.));
#16113 = ( GEOMETRIC_REPRESENTATION_CONTEXT(2) 
PARAMETRIC_REPRESENTATION_CONTEXT() REPRESENTATION_CONTEXT('2D SPACE',''
  ) );
#16114 = PCURVE('',#11115,#16115);
#16115 = DEFINITIONAL_REPRESENTATION('',(#16116),#16120);
#16116 = LINE('',#16117,#16118);
#16117 = CARTESIAN_POINT('',(-56.98803457532,31.017851226392));
#16118 = VECTOR('',#16119,1.);
#16119 = DIRECTION('',(-0.407883433056,-0.913034010888));
#16120 = ( GEOMETRIC_REPRESENTATION_CONTEXT(2) 
PARAMETRIC_REPRESENTATION_CONTEXT() REPRESENTATION_CONTEXT('2D SPACE',''
  ) );
#16121 = ORIENTED_EDGE('',*,*,#16075,.T.);
#16122 = ORIENTED_EDGE('',*,*,#4467,.T.);
#16123 = ORIENTED_EDGE('',*,*,#16124,.F.);
#16124 = EDGE_CURVE('',#16100,#4442,#16125,.T.);
#16125 = SURFACE_CURVE('',#16126,(#16130,#16137),.PCURVE_S1.);
#16126 = LINE('',#16127,#16128);
#16127 = CARTESIAN_POINT('',(141.16080781449,74.075323496179,1.4));
#16128 = VECTOR('',#16129,1.);
#16129 = DIRECTION('',(0.,0.,1.));
#16130 = PCURVE('',#4482,#16131);
#16131 = DEFINITIONAL_REPRESENTATION('',(#16132),#16136);
#16132 = LINE('',#16133,#16134);
#16133 = CARTESIAN_POINT('',(0.548503437151,0.));
#16134 = VECTOR('',#16135,1.);
#16135 = DIRECTION('',(0.,-1.));
#16136 = ( GEOMETRIC_REPRESENTATION_CONTEXT(2) 
PARAMETRIC_REPRESENTATION_CONTEXT() REPRESENTATION_CONTEXT('2D SPACE',''
  ) );
#16137 = PCURVE('',#4456,#16138);
#16138 = DEFINITIONAL_REPRESENTATION('',(#16139),#16143);
#16139 = LINE('',#16140,#16141);
#16140 = CARTESIAN_POINT('',(0.,0.));
#16141 = VECTOR('',#16142,1.);
#16142 = DIRECTION('',(0.,-1.));
#16143 = ( GEOMETRIC_REPRESENTATION_CONTEXT(2) 
PARAMETRIC_REPRESENTATION_CONTEXT() REPRESENTATION_CONTEXT('2D SPACE',''
  ) );
#16144 = ADVANCED_FACE('',(#16145),#4456,.F.);
#16145 = FACE_BOUND('',#16146,.F.);
#16146 = EDGE_LOOP('',(#16147,#16170,#16171,#16172));
#16147 = ORIENTED_EDGE('',*,*,#16148,.F.);
#16148 = EDGE_CURVE('',#16100,#16149,#16151,.T.);
#16149 = VERTEX_POINT('',#16150);
#16150 = CARTESIAN_POINT('',(141.29999331557,73.250324640796,1.4));
#16151 = SURFACE_CURVE('',#16152,(#16156,#16163),.PCURVE_S1.);
#16152 = LINE('',#16153,#16154);
#16153 = CARTESIAN_POINT('',(141.16080781449,74.075323496179,1.4));
#16154 = VECTOR('',#16155,1.);
#16155 = DIRECTION('',(0.166359002053,-0.986065252626,0.));
#16156 = PCURVE('',#4456,#16157);
#16157 = DEFINITIONAL_REPRESENTATION('',(#16158),#16162);
#16158 = LINE('',#16159,#16160);
#16159 = CARTESIAN_POINT('',(0.,0.));
#16160 = VECTOR('',#16161,1.);
#16161 = DIRECTION('',(1.,0.));
#16162 = ( GEOMETRIC_REPRESENTATION_CONTEXT(2) 
PARAMETRIC_REPRESENTATION_CONTEXT() REPRESENTATION_CONTEXT('2D SPACE',''
  ) );
#16163 = PCURVE('',#11115,#16164);
#16164 = DEFINITIONAL_REPRESENTATION('',(#16165),#16169);
#16165 = LINE('',#16166,#16167);
#16166 = CARTESIAN_POINT('',(-57.2117600403,30.517048933184));
#16167 = VECTOR('',#16168,1.);
#16168 = DIRECTION('',(-0.166359002053,-0.986065252626));
#16169 = ( GEOMETRIC_REPRESENTATION_CONTEXT(2) 
PARAMETRIC_REPRESENTATION_CONTEXT() REPRESENTATION_CONTEXT('2D SPACE',''
  ) );
#16170 = ORIENTED_EDGE('',*,*,#16124,.T.);
#16171 = ORIENTED_EDGE('',*,*,#4441,.T.);
#16172 = ORIENTED_EDGE('',*,*,#16173,.F.);
#16173 = EDGE_CURVE('',#16149,#4416,#16174,.T.);
#16174 = SURFACE_CURVE('',#16175,(#16179,#16186),.PCURVE_S1.);
#16175 = LINE('',#16176,#16177);
#16176 = CARTESIAN_POINT('',(141.29999331557,73.250324640796,1.4));
#16177 = VECTOR('',#16178,1.);
#16178 = DIRECTION('',(0.,0.,1.));
#16179 = PCURVE('',#4456,#16180);
#16180 = DEFINITIONAL_REPRESENTATION('',(#16181),#16185);
#16181 = LINE('',#16182,#16183);
#16182 = CARTESIAN_POINT('',(0.836657465807,0.));
#16183 = VECTOR('',#16184,1.);
#16184 = DIRECTION('',(0.,-1.));
#16185 = ( GEOMETRIC_REPRESENTATION_CONTEXT(2) 
PARAMETRIC_REPRESENTATION_CONTEXT() REPRESENTATION_CONTEXT('2D SPACE',''
  ) );
#16186 = PCURVE('',#4430,#16187);
#16187 = DEFINITIONAL_REPRESENTATION('',(#16188),#16192);
#16188 = LINE('',#16189,#16190);
#16189 = CARTESIAN_POINT('',(0.,0.));
#16190 = VECTOR('',#16191,1.);
#16191 = DIRECTION('',(0.,-1.));
#16192 = ( GEOMETRIC_REPRESENTATION_CONTEXT(2) 
PARAMETRIC_REPRESENTATION_CONTEXT() REPRESENTATION_CONTEXT('2D SPACE',''
  ) );
#16193 = ADVANCED_FACE('',(#16194),#4430,.F.);
#16194 = FACE_BOUND('',#16195,.F.);
#16195 = EDGE_LOOP('',(#16196,#16219,#16220,#16221));
#16196 = ORIENTED_EDGE('',*,*,#16197,.F.);
#16197 = EDGE_CURVE('',#16149,#16198,#16200,.T.);
#16198 = VERTEX_POINT('',#16199);
#16199 = CARTESIAN_POINT('',(141.2999695874,70.3,1.4));
#16200 = SURFACE_CURVE('',#16201,(#16205,#16212),.PCURVE_S1.);
#16201 = LINE('',#16202,#16203);
#16202 = CARTESIAN_POINT('',(141.29999331557,73.250324640796,1.4));
#16203 = VECTOR('',#16204,1.);
#16204 = DIRECTION('',(-8.042560491297E-06,-0.999999999968,0.));
#16205 = PCURVE('',#4430,#16206);
#16206 = DEFINITIONAL_REPRESENTATION('',(#16207),#16211);
#16207 = LINE('',#16208,#16209);
#16208 = CARTESIAN_POINT('',(0.,0.));
#16209 = VECTOR('',#16210,1.);
#16210 = DIRECTION('',(1.,0.));
#16211 = ( GEOMETRIC_REPRESENTATION_CONTEXT(2) 
PARAMETRIC_REPRESENTATION_CONTEXT() REPRESENTATION_CONTEXT('2D SPACE',''
  ) );
#16212 = PCURVE('',#11115,#16213);
#16213 = DEFINITIONAL_REPRESENTATION('',(#16214),#16218);
#16214 = LINE('',#16215,#16216);
#16215 = CARTESIAN_POINT('',(-57.35094554138,29.692050077801));
#16216 = VECTOR('',#16217,1.);
#16217 = DIRECTION('',(8.042560491297E-06,-0.999999999968));
#16218 = ( GEOMETRIC_REPRESENTATION_CONTEXT(2) 
PARAMETRIC_REPRESENTATION_CONTEXT() REPRESENTATION_CONTEXT('2D SPACE',''
  ) );
#16219 = ORIENTED_EDGE('',*,*,#16173,.T.);
#16220 = ORIENTED_EDGE('',*,*,#4415,.T.);
#16221 = ORIENTED_EDGE('',*,*,#16222,.F.);
#16222 = EDGE_CURVE('',#16198,#4390,#16223,.T.);
#16223 = SURFACE_CURVE('',#16224,(#16228,#16235),.PCURVE_S1.);
#16224 = LINE('',#16225,#16226);
#16225 = CARTESIAN_POINT('',(141.2999695874,70.3,1.4));
#16226 = VECTOR('',#16227,1.);
#16227 = DIRECTION('',(0.,0.,1.));
#16228 = PCURVE('',#4430,#16229);
#16229 = DEFINITIONAL_REPRESENTATION('',(#16230),#16234);
#16230 = LINE('',#16231,#16232);
#16231 = CARTESIAN_POINT('',(2.950324640891,0.));
#16232 = VECTOR('',#16233,1.);
#16233 = DIRECTION('',(0.,-1.));
#16234 = ( GEOMETRIC_REPRESENTATION_CONTEXT(2) 
PARAMETRIC_REPRESENTATION_CONTEXT() REPRESENTATION_CONTEXT('2D SPACE',''
  ) );
#16235 = PCURVE('',#4404,#16236);
#16236 = DEFINITIONAL_REPRESENTATION('',(#16237),#16241);
#16237 = LINE('',#16238,#16239);
#16238 = CARTESIAN_POINT('',(0.,-0.));
#16239 = VECTOR('',#16240,1.);
#16240 = DIRECTION('',(0.,-1.));
#16241 = ( GEOMETRIC_REPRESENTATION_CONTEXT(2) 
PARAMETRIC_REPRESENTATION_CONTEXT() REPRESENTATION_CONTEXT('2D SPACE',''
  ) );
#16242 = ADVANCED_FACE('',(#16243),#4404,.F.);
#16243 = FACE_BOUND('',#16244,.F.);
#16244 = EDGE_LOOP('',(#16245,#16268,#16269,#16270));
#16245 = ORIENTED_EDGE('',*,*,#16246,.F.);
#16246 = EDGE_CURVE('',#16198,#16247,#16249,.T.);
#16247 = VERTEX_POINT('',#16248);
#16248 = CARTESIAN_POINT('',(124.15441558772,70.3,1.4));
#16249 = SURFACE_CURVE('',#16250,(#16254,#16261),.PCURVE_S1.);
#16250 = LINE('',#16251,#16252);
#16251 = CARTESIAN_POINT('',(141.2999695874,70.3,1.4));
#16252 = VECTOR('',#16253,1.);
#16253 = DIRECTION('',(-1.,0.,0.));
#16254 = PCURVE('',#4404,#16255);
#16255 = DEFINITIONAL_REPRESENTATION('',(#16256),#16260);
#16256 = LINE('',#16257,#16258);
#16257 = CARTESIAN_POINT('',(0.,-0.));
#16258 = VECTOR('',#16259,1.);
#16259 = DIRECTION('',(1.,0.));
#16260 = ( GEOMETRIC_REPRESENTATION_CONTEXT(2) 
PARAMETRIC_REPRESENTATION_CONTEXT() REPRESENTATION_CONTEXT('2D SPACE',''
  ) );
#16261 = PCURVE('',#11115,#16262);
#16262 = DEFINITIONAL_REPRESENTATION('',(#16263),#16267);
#16263 = LINE('',#16264,#16265);
#16264 = CARTESIAN_POINT('',(-57.35092181321,26.741725437005));
#16265 = VECTOR('',#16266,1.);
#16266 = DIRECTION('',(1.,0.));
#16267 = ( GEOMETRIC_REPRESENTATION_CONTEXT(2) 
PARAMETRIC_REPRESENTATION_CONTEXT() REPRESENTATION_CONTEXT('2D SPACE',''
  ) );
#16268 = ORIENTED_EDGE('',*,*,#16222,.T.);
#16269 = ORIENTED_EDGE('',*,*,#4389,.T.);
#16270 = ORIENTED_EDGE('',*,*,#16271,.F.);
#16271 = EDGE_CURVE('',#16247,#4364,#16272,.T.);
#16272 = SURFACE_CURVE('',#16273,(#16277,#16284),.PCURVE_S1.);
#16273 = LINE('',#16274,#16275);
#16274 = CARTESIAN_POINT('',(124.15441558772,70.3,1.4));
#16275 = VECTOR('',#16276,1.);
#16276 = DIRECTION('',(0.,0.,1.));
#16277 = PCURVE('',#4404,#16278);
#16278 = DEFINITIONAL_REPRESENTATION('',(#16279),#16283);
#16279 = LINE('',#16280,#16281);
#16280 = CARTESIAN_POINT('',(17.145553999678,0.));
#16281 = VECTOR('',#16282,1.);
#16282 = DIRECTION('',(0.,-1.));
#16283 = ( GEOMETRIC_REPRESENTATION_CONTEXT(2) 
PARAMETRIC_REPRESENTATION_CONTEXT() REPRESENTATION_CONTEXT('2D SPACE',''
  ) );
#16284 = PCURVE('',#4378,#16285);
#16285 = DEFINITIONAL_REPRESENTATION('',(#16286),#16290);
#16286 = LINE('',#16287,#16288);
#16287 = CARTESIAN_POINT('',(0.,0.));
#16288 = VECTOR('',#16289,1.);
#16289 = DIRECTION('',(0.,-1.));
#16290 = ( GEOMETRIC_REPRESENTATION_CONTEXT(2) 
PARAMETRIC_REPRESENTATION_CONTEXT() REPRESENTATION_CONTEXT('2D SPACE',''
  ) );
#16291 = ADVANCED_FACE('',(#16292),#4378,.F.);
#16292 = FACE_BOUND('',#16293,.F.);
#16293 = EDGE_LOOP('',(#16294,#16315,#16316,#16317));
#16294 = ORIENTED_EDGE('',*,*,#16295,.F.);
#16295 = EDGE_CURVE('',#16247,#11098,#16296,.T.);
#16296 = SURFACE_CURVE('',#16297,(#16301,#16308),.PCURVE_S1.);
#16297 = LINE('',#16298,#16299);
#16298 = CARTESIAN_POINT('',(124.15441558772,70.3,1.4));
#16299 = VECTOR('',#16300,1.);
#16300 = DIRECTION('',(0.707106781187,-0.707106781187,0.));
#16301 = PCURVE('',#4378,#16302);
#16302 = DEFINITIONAL_REPRESENTATION('',(#16303),#16307);
#16303 = LINE('',#16304,#16305);
#16304 = CARTESIAN_POINT('',(0.,0.));
#16305 = VECTOR('',#16306,1.);
#16306 = DIRECTION('',(1.,0.));
#16307 = ( GEOMETRIC_REPRESENTATION_CONTEXT(2) 
PARAMETRIC_REPRESENTATION_CONTEXT() REPRESENTATION_CONTEXT('2D SPACE',''
  ) );
#16308 = PCURVE('',#11115,#16309);
#16309 = DEFINITIONAL_REPRESENTATION('',(#16310),#16314);
#16310 = LINE('',#16311,#16312);
#16311 = CARTESIAN_POINT('',(-40.20536781353,26.741725437005));
#16312 = VECTOR('',#16313,1.);
#16313 = DIRECTION('',(-0.707106781187,-0.707106781187));
#16314 = ( GEOMETRIC_REPRESENTATION_CONTEXT(2) 
PARAMETRIC_REPRESENTATION_CONTEXT() REPRESENTATION_CONTEXT('2D SPACE',''
  ) );
#16315 = ORIENTED_EDGE('',*,*,#16271,.T.);
#16316 = ORIENTED_EDGE('',*,*,#4363,.T.);
#16317 = ORIENTED_EDGE('',*,*,#11127,.F.);
#16318 = ADVANCED_FACE('',(#16319),#4326,.T.);
#16319 = FACE_BOUND('',#16320,.T.);
#16320 = EDGE_LOOP('',(#16321,#16342,#16343,#16344));
#16321 = ORIENTED_EDGE('',*,*,#16322,.F.);
#16322 = EDGE_CURVE('',#10651,#11150,#16323,.T.);
#16323 = SURFACE_CURVE('',#16324,(#16328,#16335),.PCURVE_S1.);
#16324 = LINE('',#16325,#16326);
#16325 = CARTESIAN_POINT('',(140.,58.9,5.1));
#16326 = VECTOR('',#16327,1.);
#16327 = DIRECTION('',(-1.,0.,0.));
#16328 = PCURVE('',#4326,#16329);
#16329 = DEFINITIONAL_REPRESENTATION('',(#16330),#16334);
#16330 = LINE('',#16331,#16332);
#16331 = CARTESIAN_POINT('',(0.,-0.));
#16332 = VECTOR('',#16333,1.);
#16333 = DIRECTION('',(1.,0.));
#16334 = ( GEOMETRIC_REPRESENTATION_CONTEXT(2) 
PARAMETRIC_REPRESENTATION_CONTEXT() REPRESENTATION_CONTEXT('2D SPACE',''
  ) );
#16335 = PCURVE('',#10686,#16336);
#16336 = DEFINITIONAL_REPRESENTATION('',(#16337),#16341);
#16337 = LINE('',#16338,#16339);
#16338 = CARTESIAN_POINT('',(5.85,4.25));
#16339 = VECTOR('',#16340,1.);
#16340 = DIRECTION('',(-1.,0.));
#16341 = ( GEOMETRIC_REPRESENTATION_CONTEXT(2) 
PARAMETRIC_REPRESENTATION_CONTEXT() REPRESENTATION_CONTEXT('2D SPACE',''
  ) );
#16342 = ORIENTED_EDGE('',*,*,#10650,.F.);
#16343 = ORIENTED_EDGE('',*,*,#4311,.T.);
#16344 = ORIENTED_EDGE('',*,*,#11149,.T.);
#16345 = ADVANCED_FACE('',(#16346),#10686,.T.);
#16346 = FACE_BOUND('',#16347,.T.);
#16347 = EDGE_LOOP('',(#16348,#16349,#16350,#16351));
#16348 = ORIENTED_EDGE('',*,*,#11050,.T.);
#16349 = ORIENTED_EDGE('',*,*,#10671,.F.);
#16350 = ORIENTED_EDGE('',*,*,#16322,.T.);
#16351 = ORIENTED_EDGE('',*,*,#11170,.T.);
#16352 = ADVANCED_FACE('',(#16353,#16405),#10794,.T.);
#16353 = FACE_BOUND('',#16354,.T.);
#16354 = EDGE_LOOP('',(#16355,#16356,#16382,#16383));
#16355 = ORIENTED_EDGE('',*,*,#11366,.F.);
#16356 = ORIENTED_EDGE('',*,*,#16357,.F.);
#16357 = EDGE_CURVE('',#11486,#11367,#16358,.T.);
#16358 = SURFACE_CURVE('',#16359,(#16364,#16375),.PCURVE_S1.);
#16359 = CIRCLE('',#16360,2.1);
#16360 = AXIS2_PLACEMENT_3D('',#16361,#16362,#16363);
#16361 = CARTESIAN_POINT('',(114.2,0.6,3.8));
#16362 = DIRECTION('',(0.,0.,-1.));
#16363 = DIRECTION('',(-0.666666666667,0.7453559925,0.));
#16364 = PCURVE('',#10794,#16365);
#16365 = DEFINITIONAL_REPRESENTATION('',(#16366),#16374);
#16366 = ( BOUNDED_CURVE() B_SPLINE_CURVE(2,(#16367,#16368,#16369,#16370
    ,#16371,#16372,#16373),.UNSPECIFIED.,.T.,.F.) 
B_SPLINE_CURVE_WITH_KNOTS((1,2,2,2,2,1),(-2.094395102393,0.,
    2.094395102393,4.188790204786,6.28318530718,8.377580409573),
.UNSPECIFIED.) CURVE() GEOMETRIC_REPRESENTATION_ITEM() 
RATIONAL_B_SPLINE_CURVE((1.,0.5,1.,0.5,1.,0.5,1.)) REPRESENTATION_ITEM(
  '') );
#16367 = CARTESIAN_POINT('',(-1.4,1.56524758425));
#16368 = CARTESIAN_POINT('',(1.311088342345,3.990118714846));
#16369 = CARTESIAN_POINT('',(2.055544171173,0.429811773173));
#16370 = CARTESIAN_POINT('',(2.8,-3.1304951685));
#16371 = CARTESIAN_POINT('',(-0.655544171173,-1.995059357423));
#16372 = CARTESIAN_POINT('',(-4.111088342345,-0.859623546347));
#16373 = CARTESIAN_POINT('',(-1.4,1.56524758425));
#16374 = ( GEOMETRIC_REPRESENTATION_CONTEXT(2) 
PARAMETRIC_REPRESENTATION_CONTEXT() REPRESENTATION_CONTEXT('2D SPACE',''
  ) );
#16375 = PCURVE('',#11400,#16376);
#16376 = DEFINITIONAL_REPRESENTATION('',(#16377),#16381);
#16377 = LINE('',#16378,#16379);
#16378 = CARTESIAN_POINT('',(-8.583709290201,-2.4));
#16379 = VECTOR('',#16380,1.);
#16380 = DIRECTION('',(1.,-0.));
#16381 = ( GEOMETRIC_REPRESENTATION_CONTEXT(2) 
PARAMETRIC_REPRESENTATION_CONTEXT() REPRESENTATION_CONTEXT('2D SPACE',''
  ) );
#16382 = ORIENTED_EDGE('',*,*,#11506,.F.);
#16383 = ORIENTED_EDGE('',*,*,#16384,.T.);
#16384 = EDGE_CURVE('',#11507,#11341,#16385,.T.);
#16385 = SURFACE_CURVE('',#16386,(#16391,#16398),.PCURVE_S1.);
#16386 = CIRCLE('',#16387,2.1);
#16387 = AXIS2_PLACEMENT_3D('',#16388,#16389,#16390);
#16388 = CARTESIAN_POINT('',(114.2,0.6,3.8));
#16389 = DIRECTION('',(0.,0.,1.));
#16390 = DIRECTION('',(1.,0.,0.));
#16391 = PCURVE('',#10794,#16392);
#16392 = DEFINITIONAL_REPRESENTATION('',(#16393),#16397);
#16393 = CIRCLE('',#16394,2.1);
#16394 = AXIS2_PLACEMENT_2D('',#16395,#16396);
#16395 = CARTESIAN_POINT('',(-2.84217094304E-14,-2.22044604925E-16));
#16396 = DIRECTION('',(1.,0.));
#16397 = ( GEOMETRIC_REPRESENTATION_CONTEXT(2) 
PARAMETRIC_REPRESENTATION_CONTEXT() REPRESENTATION_CONTEXT('2D SPACE',''
  ) );
#16398 = PCURVE('',#11355,#16399);
#16399 = DEFINITIONAL_REPRESENTATION('',(#16400),#16404);
#16400 = LINE('',#16401,#16402);
#16401 = CARTESIAN_POINT('',(-0.,-2.4));
#16402 = VECTOR('',#16403,1.);
#16403 = DIRECTION('',(-1.,0.));
#16404 = ( GEOMETRIC_REPRESENTATION_CONTEXT(2) 
PARAMETRIC_REPRESENTATION_CONTEXT() REPRESENTATION_CONTEXT('2D SPACE',''
  ) );
#16405 = FACE_BOUND('',#16406,.T.);
#16406 = EDGE_LOOP('',(#16407));
#16407 = ORIENTED_EDGE('',*,*,#10779,.T.);
#16408 = ADVANCED_FACE('',(#16409,#16440),#10853,.T.);
#16409 = FACE_BOUND('',#16410,.T.);
#16410 = EDGE_LOOP('',(#16411));
#16411 = ORIENTED_EDGE('',*,*,#16412,.T.);
#16412 = EDGE_CURVE('',#16413,#16413,#16415,.T.);
#16413 = VERTEX_POINT('',#16414);
#16414 = CARTESIAN_POINT('',(58.8,20.5,3.8));
#16415 = SURFACE_CURVE('',#16416,(#16421,#16428),.PCURVE_S1.);
#16416 = CIRCLE('',#16417,1.8);
#16417 = AXIS2_PLACEMENT_3D('',#16418,#16419,#16420);
#16418 = CARTESIAN_POINT('',(57.,20.5,3.8));
#16419 = DIRECTION('',(0.,0.,1.));
#16420 = DIRECTION('',(1.,0.,0.));
#16421 = PCURVE('',#10853,#16422);
#16422 = DEFINITIONAL_REPRESENTATION('',(#16423),#16427);
#16423 = CIRCLE('',#16424,1.8);
#16424 = AXIS2_PLACEMENT_2D('',#16425,#16426);
#16425 = CARTESIAN_POINT('',(7.105427357601E-15,0.));
#16426 = DIRECTION('',(1.,0.));
#16427 = ( GEOMETRIC_REPRESENTATION_CONTEXT(2) 
PARAMETRIC_REPRESENTATION_CONTEXT() REPRESENTATION_CONTEXT('2D SPACE',''
  ) );
#16428 = PCURVE('',#16429,#16434);
#16429 = CYLINDRICAL_SURFACE('',#16430,1.8);
#16430 = AXIS2_PLACEMENT_3D('',#16431,#16432,#16433);
#16431 = CARTESIAN_POINT('',(57.,20.5,1.4));
#16432 = DIRECTION('',(-0.,-0.,-1.));
#16433 = DIRECTION('',(1.,0.,0.));
#16434 = DEFINITIONAL_REPRESENTATION('',(#16435),#16439);
#16435 = LINE('',#16436,#16437);
#16436 = CARTESIAN_POINT('',(-0.,-2.4));
#16437 = VECTOR('',#16438,1.);
#16438 = DIRECTION('',(-1.,0.));
#16439 = ( GEOMETRIC_REPRESENTATION_CONTEXT(2) 
PARAMETRIC_REPRESENTATION_CONTEXT() REPRESENTATION_CONTEXT('2D SPACE',''
  ) );
#16440 = FACE_BOUND('',#16441,.T.);
#16441 = EDGE_LOOP('',(#16442));
#16442 = ORIENTED_EDGE('',*,*,#10838,.T.);
#16443 = ADVANCED_FACE('',(#16444,#16475),#10912,.T.);
#16444 = FACE_BOUND('',#16445,.T.);
#16445 = EDGE_LOOP('',(#16446));
#16446 = ORIENTED_EDGE('',*,*,#16447,.T.);
#16447 = EDGE_CURVE('',#16448,#16448,#16450,.T.);
#16448 = VERTEX_POINT('',#16449);
#16449 = CARTESIAN_POINT('',(116.6,66.,3.8));
#16450 = SURFACE_CURVE('',#16451,(#16456,#16463),.PCURVE_S1.);
#16451 = CIRCLE('',#16452,2.1);
#16452 = AXIS2_PLACEMENT_3D('',#16453,#16454,#16455);
#16453 = CARTESIAN_POINT('',(114.5,66.,3.8));
#16454 = DIRECTION('',(0.,0.,1.));
#16455 = DIRECTION('',(1.,0.,0.));
#16456 = PCURVE('',#10912,#16457);
#16457 = DEFINITIONAL_REPRESENTATION('',(#16458),#16462);
#16458 = CIRCLE('',#16459,2.1);
#16459 = AXIS2_PLACEMENT_2D('',#16460,#16461);
#16460 = CARTESIAN_POINT('',(0.,0.));
#16461 = DIRECTION('',(1.,0.));
#16462 = ( GEOMETRIC_REPRESENTATION_CONTEXT(2) 
PARAMETRIC_REPRESENTATION_CONTEXT() REPRESENTATION_CONTEXT('2D SPACE',''
  ) );
#16463 = PCURVE('',#16464,#16469);
#16464 = CYLINDRICAL_SURFACE('',#16465,2.1);
#16465 = AXIS2_PLACEMENT_3D('',#16466,#16467,#16468);
#16466 = CARTESIAN_POINT('',(114.5,66.,1.4));
#16467 = DIRECTION('',(-0.,-0.,-1.));
#16468 = DIRECTION('',(1.,0.,0.));
#16469 = DEFINITIONAL_REPRESENTATION('',(#16470),#16474);
#16470 = LINE('',#16471,#16472);
#16471 = CARTESIAN_POINT('',(-0.,-2.4));
#16472 = VECTOR('',#16473,1.);
#16473 = DIRECTION('',(-1.,0.));
#16474 = ( GEOMETRIC_REPRESENTATION_CONTEXT(2) 
PARAMETRIC_REPRESENTATION_CONTEXT() REPRESENTATION_CONTEXT('2D SPACE',''
  ) );
#16475 = FACE_BOUND('',#16476,.T.);
#16476 = EDGE_LOOP('',(#16477));
#16477 = ORIENTED_EDGE('',*,*,#10897,.T.);
#16478 = ADVANCED_FACE('',(#16479,#16508),#10971,.T.);
#16479 = FACE_BOUND('',#16480,.T.);
#16480 = EDGE_LOOP('',(#16481,#16482));
#16481 = ORIENTED_EDGE('',*,*,#13900,.F.);
#16482 = ORIENTED_EDGE('',*,*,#16483,.F.);
#16483 = EDGE_CURVE('',#13875,#13901,#16484,.T.);
#16484 = SURFACE_CURVE('',#16485,(#16490,#16501),.PCURVE_S1.);
#16485 = CIRCLE('',#16486,2.5);
#16486 = AXIS2_PLACEMENT_3D('',#16487,#16488,#16489);
#16487 = CARTESIAN_POINT('',(21.,37.5,3.8));
#16488 = DIRECTION('',(0.,0.,-1.));
#16489 = DIRECTION('',(-0.92,0.391918358845,0.));
#16490 = PCURVE('',#10971,#16491);
#16491 = DEFINITIONAL_REPRESENTATION('',(#16492),#16500);
#16492 = ( BOUNDED_CURVE() B_SPLINE_CURVE(2,(#16493,#16494,#16495,#16496
    ,#16497,#16498,#16499),.UNSPECIFIED.,.T.,.F.) 
B_SPLINE_CURVE_WITH_KNOTS((1,2,2,2,2,1),(-2.094395102393,0.,
    2.094395102393,4.188790204786,6.28318530718,8.377580409573),
.UNSPECIFIED.) CURVE() GEOMETRIC_REPRESENTATION_ITEM() 
RATIONAL_B_SPLINE_CURVE((1.,0.5,1.,0.5,1.,0.5,1.)) REPRESENTATION_ITEM(
  '') );
#16493 = CARTESIAN_POINT('',(-2.3,0.979795897113));
#16494 = CARTESIAN_POINT('',(-0.602943725152,4.963512754522));
#16495 = CARTESIAN_POINT('',(1.998528137424,1.501960480148));
#16496 = CARTESIAN_POINT('',(4.6,-1.959591794227));
#16497 = CARTESIAN_POINT('',(0.301471862576,-2.481756377261));
#16498 = CARTESIAN_POINT('',(-3.997056274848,-3.003920960295));
#16499 = CARTESIAN_POINT('',(-2.3,0.979795897113));
#16500 = ( GEOMETRIC_REPRESENTATION_CONTEXT(2) 
PARAMETRIC_REPRESENTATION_CONTEXT() REPRESENTATION_CONTEXT('2D SPACE',''
  ) );
#16501 = PCURVE('',#13889,#16502);
#16502 = DEFINITIONAL_REPRESENTATION('',(#16503),#16507);
#16503 = LINE('',#16504,#16505);
#16504 = CARTESIAN_POINT('',(-9.022062119189,-2.4));
#16505 = VECTOR('',#16506,1.);
#16506 = DIRECTION('',(1.,-0.));
#16507 = ( GEOMETRIC_REPRESENTATION_CONTEXT(2) 
PARAMETRIC_REPRESENTATION_CONTEXT() REPRESENTATION_CONTEXT('2D SPACE',''
  ) );
#16508 = FACE_BOUND('',#16509,.T.);
#16509 = EDGE_LOOP('',(#16510));
#16510 = ORIENTED_EDGE('',*,*,#10956,.T.);
#16511 = ADVANCED_FACE('',(#16512,#16543),#11030,.T.);
#16512 = FACE_BOUND('',#16513,.T.);
#16513 = EDGE_LOOP('',(#16514));
#16514 = ORIENTED_EDGE('',*,*,#16515,.T.);
#16515 = EDGE_CURVE('',#16516,#16516,#16518,.T.);
#16516 = VERTEX_POINT('',#16517);
#16517 = CARTESIAN_POINT('',(43.5,66.6,3.8));
#16518 = SURFACE_CURVE('',#16519,(#16524,#16531),.PCURVE_S1.);
#16519 = CIRCLE('',#16520,2.3);
#16520 = AXIS2_PLACEMENT_3D('',#16521,#16522,#16523);
#16521 = CARTESIAN_POINT('',(41.2,66.6,3.8));
#16522 = DIRECTION('',(0.,0.,1.));
#16523 = DIRECTION('',(1.,0.,0.));
#16524 = PCURVE('',#11030,#16525);
#16525 = DEFINITIONAL_REPRESENTATION('',(#16526),#16530);
#16526 = CIRCLE('',#16527,2.3);
#16527 = AXIS2_PLACEMENT_2D('',#16528,#16529);
#16528 = CARTESIAN_POINT('',(0.,0.));
#16529 = DIRECTION('',(1.,0.));
#16530 = ( GEOMETRIC_REPRESENTATION_CONTEXT(2) 
PARAMETRIC_REPRESENTATION_CONTEXT() REPRESENTATION_CONTEXT('2D SPACE',''
  ) );
#16531 = PCURVE('',#16532,#16537);
#16532 = CYLINDRICAL_SURFACE('',#16533,2.3);
#16533 = AXIS2_PLACEMENT_3D('',#16534,#16535,#16536);
#16534 = CARTESIAN_POINT('',(41.2,66.6,1.4));
#16535 = DIRECTION('',(-0.,-0.,-1.));
#16536 = DIRECTION('',(1.,0.,0.));
#16537 = DEFINITIONAL_REPRESENTATION('',(#16538),#16542);
#16538 = LINE('',#16539,#16540);
#16539 = CARTESIAN_POINT('',(-0.,-2.4));
#16540 = VECTOR('',#16541,1.);
#16541 = DIRECTION('',(-1.,0.));
#16542 = ( GEOMETRIC_REPRESENTATION_CONTEXT(2) 
PARAMETRIC_REPRESENTATION_CONTEXT() REPRESENTATION_CONTEXT('2D SPACE',''
  ) );
#16543 = FACE_BOUND('',#16544,.T.);
#16544 = EDGE_LOOP('',(#16545));
#16545 = ORIENTED_EDGE('',*,*,#11015,.T.);
#16546 = ADVANCED_FACE('',(#16547,#16694,#16724,#16754),#11115,.F.);
#16547 = FACE_BOUND('',#16548,.F.);
#16548 = EDGE_LOOP('',(#16549,#16550,#16551,#16552,#16553,#16575,#16576,
    #16577,#16578,#16579,#16580,#16581,#16582,#16583,#16584,#16585,
    #16586,#16587,#16588,#16589,#16590,#16591,#16592,#16593,#16594,
    #16595,#16596,#16597,#16598,#16599,#16600,#16601,#16602,#16603,
    #16604,#16605,#16606,#16607,#16608,#16609,#16610,#16611,#16612,
    #16613,#16614,#16615,#16616,#16617,#16618,#16619,#16620,#16621,
    #16622,#16623,#16624,#16625,#16626,#16627,#16628,#16650,#16651,
    #16652,#16653,#16654,#16655,#16656,#16657,#16658,#16659,#16660,
    #16661,#16662,#16663,#16664,#16665,#16666,#16667,#16668,#16669,
    #16670,#16671,#16672,#16673,#16674,#16675,#16676,#16677,#16678,
    #16679,#16680,#16681,#16682,#16683,#16684,#16685,#16686,#16687,
    #16688,#16689,#16690,#16691,#16692,#16693));
#16549 = ORIENTED_EDGE('',*,*,#13656,.T.);
#16550 = ORIENTED_EDGE('',*,*,#13705,.T.);
#16551 = ORIENTED_EDGE('',*,*,#13754,.T.);
#16552 = ORIENTED_EDGE('',*,*,#13803,.T.);
#16553 = ORIENTED_EDGE('',*,*,#16554,.F.);
#16554 = EDGE_CURVE('',#13852,#13804,#16555,.T.);
#16555 = SURFACE_CURVE('',#16556,(#16561,#16568),.PCURVE_S1.);
#16556 = CIRCLE('',#16557,2.5);
#16557 = AXIS2_PLACEMENT_3D('',#16558,#16559,#16560);
#16558 = CARTESIAN_POINT('',(21.,37.5,1.4));
#16559 = DIRECTION('',(0.,0.,-1.));
#16560 = DIRECTION('',(-0.92,0.391918358845,0.));
#16561 = PCURVE('',#11115,#16562);
#16562 = DEFINITIONAL_REPRESENTATION('',(#16563),#16567);
#16563 = CIRCLE('',#16564,2.5);
#16564 = AXIS2_PLACEMENT_2D('',#16565,#16566);
#16565 = CARTESIAN_POINT('',(62.949047774191,-6.058274562995));
#16566 = DIRECTION('',(0.92,0.391918358845));
#16567 = ( GEOMETRIC_REPRESENTATION_CONTEXT(2) 
PARAMETRIC_REPRESENTATION_CONTEXT() REPRESENTATION_CONTEXT('2D SPACE',''
  ) );
#16568 = PCURVE('',#13889,#16569);
#16569 = DEFINITIONAL_REPRESENTATION('',(#16570),#16574);
#16570 = LINE('',#16571,#16572);
#16571 = CARTESIAN_POINT('',(-9.022062119189,0.));
#16572 = VECTOR('',#16573,1.);
#16573 = DIRECTION('',(1.,-0.));
#16574 = ( GEOMETRIC_REPRESENTATION_CONTEXT(2) 
PARAMETRIC_REPRESENTATION_CONTEXT() REPRESENTATION_CONTEXT('2D SPACE',''
  ) );
#16575 = ORIENTED_EDGE('',*,*,#13851,.T.);
#16576 = ORIENTED_EDGE('',*,*,#13943,.T.);
#16577 = ORIENTED_EDGE('',*,*,#13992,.T.);
#16578 = ORIENTED_EDGE('',*,*,#14041,.T.);
#16579 = ORIENTED_EDGE('',*,*,#14090,.T.);
#16580 = ORIENTED_EDGE('',*,*,#14139,.T.);
#16581 = ORIENTED_EDGE('',*,*,#14188,.T.);
#16582 = ORIENTED_EDGE('',*,*,#14237,.T.);
#16583 = ORIENTED_EDGE('',*,*,#14286,.T.);
#16584 = ORIENTED_EDGE('',*,*,#14335,.T.);
#16585 = ORIENTED_EDGE('',*,*,#14384,.T.);
#16586 = ORIENTED_EDGE('',*,*,#14433,.T.);
#16587 = ORIENTED_EDGE('',*,*,#14482,.T.);
#16588 = ORIENTED_EDGE('',*,*,#14531,.T.);
#16589 = ORIENTED_EDGE('',*,*,#14580,.T.);
#16590 = ORIENTED_EDGE('',*,*,#14629,.T.);
#16591 = ORIENTED_EDGE('',*,*,#14678,.T.);
#16592 = ORIENTED_EDGE('',*,*,#14727,.T.);
#16593 = ORIENTED_EDGE('',*,*,#14776,.T.);
#16594 = ORIENTED_EDGE('',*,*,#14825,.T.);
#16595 = ORIENTED_EDGE('',*,*,#14874,.T.);
#16596 = ORIENTED_EDGE('',*,*,#14923,.T.);
#16597 = ORIENTED_EDGE('',*,*,#14972,.T.);
#16598 = ORIENTED_EDGE('',*,*,#15021,.T.);
#16599 = ORIENTED_EDGE('',*,*,#15070,.T.);
#16600 = ORIENTED_EDGE('',*,*,#15119,.T.);
#16601 = ORIENTED_EDGE('',*,*,#15168,.T.);
#16602 = ORIENTED_EDGE('',*,*,#15217,.T.);
#16603 = ORIENTED_EDGE('',*,*,#15266,.T.);
#16604 = ORIENTED_EDGE('',*,*,#15315,.T.);
#16605 = ORIENTED_EDGE('',*,*,#15364,.T.);
#16606 = ORIENTED_EDGE('',*,*,#15413,.T.);
#16607 = ORIENTED_EDGE('',*,*,#15462,.T.);
#16608 = ORIENTED_EDGE('',*,*,#15511,.T.);
#16609 = ORIENTED_EDGE('',*,*,#15560,.T.);
#16610 = ORIENTED_EDGE('',*,*,#15609,.T.);
#16611 = ORIENTED_EDGE('',*,*,#15658,.T.);
#16612 = ORIENTED_EDGE('',*,*,#15707,.T.);
#16613 = ORIENTED_EDGE('',*,*,#15756,.T.);
#16614 = ORIENTED_EDGE('',*,*,#15805,.T.);
#16615 = ORIENTED_EDGE('',*,*,#15854,.T.);
#16616 = ORIENTED_EDGE('',*,*,#15903,.T.);
#16617 = ORIENTED_EDGE('',*,*,#15952,.T.);
#16618 = ORIENTED_EDGE('',*,*,#16001,.T.);
#16619 = ORIENTED_EDGE('',*,*,#16050,.T.);
#16620 = ORIENTED_EDGE('',*,*,#16099,.T.);
#16621 = ORIENTED_EDGE('',*,*,#16148,.T.);
#16622 = ORIENTED_EDGE('',*,*,#16197,.T.);
#16623 = ORIENTED_EDGE('',*,*,#16246,.T.);
#16624 = ORIENTED_EDGE('',*,*,#16295,.T.);
#16625 = ORIENTED_EDGE('',*,*,#11097,.T.);
#16626 = ORIENTED_EDGE('',*,*,#11215,.T.);
#16627 = ORIENTED_EDGE('',*,*,#11264,.T.);
#16628 = ORIENTED_EDGE('',*,*,#16629,.F.);
#16629 = EDGE_CURVE('',#11463,#11265,#16630,.T.);
#16630 = SURFACE_CURVE('',#16631,(#16636,#16643),.PCURVE_S1.);
#16631 = CIRCLE('',#16632,2.1);
#16632 = AXIS2_PLACEMENT_3D('',#16633,#16634,#16635);
#16633 = CARTESIAN_POINT('',(114.2,0.6,1.4));
#16634 = DIRECTION('',(0.,0.,-1.));
#16635 = DIRECTION('',(-0.666666666667,0.7453559925,0.));
#16636 = PCURVE('',#11115,#16637);
#16637 = DEFINITIONAL_REPRESENTATION('',(#16638),#16642);
#16638 = CIRCLE('',#16639,2.1);
#16639 = AXIS2_PLACEMENT_2D('',#16640,#16641);
#16640 = CARTESIAN_POINT('',(-30.2509522258,-42.95827456299));
#16641 = DIRECTION('',(0.666666666667,0.7453559925));
#16642 = ( GEOMETRIC_REPRESENTATION_CONTEXT(2) 
PARAMETRIC_REPRESENTATION_CONTEXT() REPRESENTATION_CONTEXT('2D SPACE',''
  ) );
#16643 = PCURVE('',#11400,#16644);
#16644 = DEFINITIONAL_REPRESENTATION('',(#16645),#16649);
#16645 = LINE('',#16646,#16647);
#16646 = CARTESIAN_POINT('',(-8.583709290201,0.));
#16647 = VECTOR('',#16648,1.);
#16648 = DIRECTION('',(1.,-0.));
#16649 = ( GEOMETRIC_REPRESENTATION_CONTEXT(2) 
PARAMETRIC_REPRESENTATION_CONTEXT() REPRESENTATION_CONTEXT('2D SPACE',''
  ) );
#16650 = ORIENTED_EDGE('',*,*,#11462,.T.);
#16651 = ORIENTED_EDGE('',*,*,#11549,.T.);
#16652 = ORIENTED_EDGE('',*,*,#11598,.T.);
#16653 = ORIENTED_EDGE('',*,*,#11647,.T.);
#16654 = ORIENTED_EDGE('',*,*,#11696,.T.);
#16655 = ORIENTED_EDGE('',*,*,#11745,.T.);
#16656 = ORIENTED_EDGE('',*,*,#11794,.T.);
#16657 = ORIENTED_EDGE('',*,*,#11843,.T.);
#16658 = ORIENTED_EDGE('',*,*,#11892,.T.);
#16659 = ORIENTED_EDGE('',*,*,#11941,.T.);
#16660 = ORIENTED_EDGE('',*,*,#11990,.T.);
#16661 = ORIENTED_EDGE('',*,*,#12039,.T.);
#16662 = ORIENTED_EDGE('',*,*,#12088,.T.);
#16663 = ORIENTED_EDGE('',*,*,#12137,.T.);
#16664 = ORIENTED_EDGE('',*,*,#12186,.T.);
#16665 = ORIENTED_EDGE('',*,*,#12235,.T.);
#16666 = ORIENTED_EDGE('',*,*,#12284,.T.);
#16667 = ORIENTED_EDGE('',*,*,#12333,.T.);
#16668 = ORIENTED_EDGE('',*,*,#12382,.T.);
#16669 = ORIENTED_EDGE('',*,*,#12431,.T.);
#16670 = ORIENTED_EDGE('',*,*,#12480,.T.);
#16671 = ORIENTED_EDGE('',*,*,#12529,.T.);
#16672 = ORIENTED_EDGE('',*,*,#12578,.T.);
#16673 = ORIENTED_EDGE('',*,*,#12627,.T.);
#16674 = ORIENTED_EDGE('',*,*,#12676,.T.);
#16675 = ORIENTED_EDGE('',*,*,#12725,.T.);
#16676 = ORIENTED_EDGE('',*,*,#12774,.T.);
#16677 = ORIENTED_EDGE('',*,*,#12823,.T.);
#16678 = ORIENTED_EDGE('',*,*,#12872,.T.);
#16679 = ORIENTED_EDGE('',*,*,#12921,.T.);
#16680 = ORIENTED_EDGE('',*,*,#12970,.T.);
#16681 = ORIENTED_EDGE('',*,*,#13019,.T.);
#16682 = ORIENTED_EDGE('',*,*,#13068,.T.);
#16683 = ORIENTED_EDGE('',*,*,#13117,.T.);
#16684 = ORIENTED_EDGE('',*,*,#13166,.T.);
#16685 = ORIENTED_EDGE('',*,*,#13215,.T.);
#16686 = ORIENTED_EDGE('',*,*,#13264,.T.);
#16687 = ORIENTED_EDGE('',*,*,#13313,.T.);
#16688 = ORIENTED_EDGE('',*,*,#13362,.T.);
#16689 = ORIENTED_EDGE('',*,*,#13411,.T.);
#16690 = ORIENTED_EDGE('',*,*,#13460,.T.);
#16691 = ORIENTED_EDGE('',*,*,#13509,.T.);
#16692 = ORIENTED_EDGE('',*,*,#13558,.T.);
#16693 = ORIENTED_EDGE('',*,*,#13607,.T.);
#16694 = FACE_BOUND('',#16695,.F.);
#16695 = EDGE_LOOP('',(#16696));
#16696 = ORIENTED_EDGE('',*,*,#16697,.T.);
#16697 = EDGE_CURVE('',#16698,#16698,#16700,.T.);
#16698 = VERTEX_POINT('',#16699);
#16699 = CARTESIAN_POINT('',(58.8,20.5,1.4));
#16700 = SURFACE_CURVE('',#16701,(#16706,#16717),.PCURVE_S1.);
#16701 = CIRCLE('',#16702,1.8);
#16702 = AXIS2_PLACEMENT_3D('',#16703,#16704,#16705);
#16703 = CARTESIAN_POINT('',(57.,20.5,1.4));
#16704 = DIRECTION('',(0.,0.,1.));
#16705 = DIRECTION('',(1.,0.,0.));
#16706 = PCURVE('',#11115,#16707);
#16707 = DEFINITIONAL_REPRESENTATION('',(#16708),#16716);
#16708 = ( BOUNDED_CURVE() B_SPLINE_CURVE(2,(#16709,#16710,#16711,#16712
    ,#16713,#16714,#16715),.UNSPECIFIED.,.T.,.F.) 
B_SPLINE_CURVE_WITH_KNOTS((1,2,2,2,2,1),(-2.094395102393,0.,
    2.094395102393,4.188790204786,6.28318530718,8.377580409573),
.UNSPECIFIED.) CURVE() GEOMETRIC_REPRESENTATION_ITEM() 
RATIONAL_B_SPLINE_CURVE((1.,0.5,1.,0.5,1.,0.5,1.)) REPRESENTATION_ITEM(
  '') );
#16709 = CARTESIAN_POINT('',(25.149047774191,-23.05827456299));
#16710 = CARTESIAN_POINT('',(25.149047774191,-19.94058310937));
#16711 = CARTESIAN_POINT('',(27.849047774191,-21.49942883618));
#16712 = CARTESIAN_POINT('',(30.549047774191,-23.05827456299));
#16713 = CARTESIAN_POINT('',(27.849047774191,-24.6171202898));
#16714 = CARTESIAN_POINT('',(25.149047774191,-26.17596601661));
#16715 = CARTESIAN_POINT('',(25.149047774191,-23.05827456299));
#16716 = ( GEOMETRIC_REPRESENTATION_CONTEXT(2) 
PARAMETRIC_REPRESENTATION_CONTEXT() REPRESENTATION_CONTEXT('2D SPACE',''
  ) );
#16717 = PCURVE('',#16429,#16718);
#16718 = DEFINITIONAL_REPRESENTATION('',(#16719),#16723);
#16719 = LINE('',#16720,#16721);
#16720 = CARTESIAN_POINT('',(-0.,0.));
#16721 = VECTOR('',#16722,1.);
#16722 = DIRECTION('',(-1.,0.));
#16723 = ( GEOMETRIC_REPRESENTATION_CONTEXT(2) 
PARAMETRIC_REPRESENTATION_CONTEXT() REPRESENTATION_CONTEXT('2D SPACE',''
  ) );
#16724 = FACE_BOUND('',#16725,.F.);
#16725 = EDGE_LOOP('',(#16726));
#16726 = ORIENTED_EDGE('',*,*,#16727,.T.);
#16727 = EDGE_CURVE('',#16728,#16728,#16730,.T.);
#16728 = VERTEX_POINT('',#16729);
#16729 = CARTESIAN_POINT('',(116.6,66.,1.4));
#16730 = SURFACE_CURVE('',#16731,(#16736,#16747),.PCURVE_S1.);
#16731 = CIRCLE('',#16732,2.1);
#16732 = AXIS2_PLACEMENT_3D('',#16733,#16734,#16735);
#16733 = CARTESIAN_POINT('',(114.5,66.,1.4));
#16734 = DIRECTION('',(0.,0.,1.));
#16735 = DIRECTION('',(1.,0.,0.));
#16736 = PCURVE('',#11115,#16737);
#16737 = DEFINITIONAL_REPRESENTATION('',(#16738),#16746);
#16738 = ( BOUNDED_CURVE() B_SPLINE_CURVE(2,(#16739,#16740,#16741,#16742
    ,#16743,#16744,#16745),.UNSPECIFIED.,.T.,.F.) 
B_SPLINE_CURVE_WITH_KNOTS((1,2,2,2,2,1),(-2.094395102393,0.,
    2.094395102393,4.188790204786,6.28318530718,8.377580409573),
.UNSPECIFIED.) CURVE() GEOMETRIC_REPRESENTATION_ITEM() 
RATIONAL_B_SPLINE_CURVE((1.,0.5,1.,0.5,1.,0.5,1.)) REPRESENTATION_ITEM(
  '') );
#16739 = CARTESIAN_POINT('',(-32.6509522258,22.441725437005));
#16740 = CARTESIAN_POINT('',(-32.6509522258,26.0790321329));
#16741 = CARTESIAN_POINT('',(-29.5009522258,24.260378784952));
#16742 = CARTESIAN_POINT('',(-26.3509522258,22.441725437005));
#16743 = CARTESIAN_POINT('',(-29.5009522258,20.623072089058));
#16744 = CARTESIAN_POINT('',(-32.6509522258,18.804418741111));
#16745 = CARTESIAN_POINT('',(-32.6509522258,22.441725437005));
#16746 = ( GEOMETRIC_REPRESENTATION_CONTEXT(2) 
PARAMETRIC_REPRESENTATION_CONTEXT() REPRESENTATION_CONTEXT('2D SPACE',''
  ) );
#16747 = PCURVE('',#16464,#16748);
#16748 = DEFINITIONAL_REPRESENTATION('',(#16749),#16753);
#16749 = LINE('',#16750,#16751);
#16750 = CARTESIAN_POINT('',(-0.,0.));
#16751 = VECTOR('',#16752,1.);
#16752 = DIRECTION('',(-1.,0.));
#16753 = ( GEOMETRIC_REPRESENTATION_CONTEXT(2) 
PARAMETRIC_REPRESENTATION_CONTEXT() REPRESENTATION_CONTEXT('2D SPACE',''
  ) );
#16754 = FACE_BOUND('',#16755,.F.);
#16755 = EDGE_LOOP('',(#16756));
#16756 = ORIENTED_EDGE('',*,*,#16757,.T.);
#16757 = EDGE_CURVE('',#16758,#16758,#16760,.T.);
#16758 = VERTEX_POINT('',#16759);
#16759 = CARTESIAN_POINT('',(43.5,66.6,1.4));
#16760 = SURFACE_CURVE('',#16761,(#16766,#16777),.PCURVE_S1.);
#16761 = CIRCLE('',#16762,2.3);
#16762 = AXIS2_PLACEMENT_3D('',#16763,#16764,#16765);
#16763 = CARTESIAN_POINT('',(41.2,66.6,1.4));
#16764 = DIRECTION('',(0.,0.,1.));
#16765 = DIRECTION('',(1.,0.,0.));
#16766 = PCURVE('',#11115,#16767);
#16767 = DEFINITIONAL_REPRESENTATION('',(#16768),#16776);
#16768 = ( BOUNDED_CURVE() B_SPLINE_CURVE(2,(#16769,#16770,#16771,#16772
    ,#16773,#16774,#16775),.UNSPECIFIED.,.T.,.F.) 
B_SPLINE_CURVE_WITH_KNOTS((1,2,2,2,2,1),(-2.094395102393,0.,
    2.094395102393,4.188790204786,6.28318530718,8.377580409573),
.UNSPECIFIED.) CURVE() GEOMETRIC_REPRESENTATION_ITEM() 
RATIONAL_B_SPLINE_CURVE((1.,0.5,1.,0.5,1.,0.5,1.)) REPRESENTATION_ITEM(
  '') );
#16769 = CARTESIAN_POINT('',(40.449047774191,23.041725437005));
#16770 = CARTESIAN_POINT('',(40.449047774191,27.025442294414));
#16771 = CARTESIAN_POINT('',(43.899047774191,25.033583865709));
#16772 = CARTESIAN_POINT('',(47.349047774191,23.041725437005));
#16773 = CARTESIAN_POINT('',(43.899047774191,21.049867008301));
#16774 = CARTESIAN_POINT('',(40.449047774191,19.058008579597));
#16775 = CARTESIAN_POINT('',(40.449047774191,23.041725437005));
#16776 = ( GEOMETRIC_REPRESENTATION_CONTEXT(2) 
PARAMETRIC_REPRESENTATION_CONTEXT() REPRESENTATION_CONTEXT('2D SPACE',''
  ) );
#16777 = PCURVE('',#16532,#16778);
#16778 = DEFINITIONAL_REPRESENTATION('',(#16779),#16783);
#16779 = LINE('',#16780,#16781);
#16780 = CARTESIAN_POINT('',(-0.,0.));
#16781 = VECTOR('',#16782,1.);
#16782 = DIRECTION('',(-1.,0.));
#16783 = ( GEOMETRIC_REPRESENTATION_CONTEXT(2) 
PARAMETRIC_REPRESENTATION_CONTEXT() REPRESENTATION_CONTEXT('2D SPACE',''
  ) );
#16784 = ADVANCED_FACE('',(#16785),#11400,.T.);
#16785 = FACE_BOUND('',#16786,.F.);
#16786 = EDGE_LOOP('',(#16787,#16788,#16789,#16790));
#16787 = ORIENTED_EDGE('',*,*,#16357,.F.);
#16788 = ORIENTED_EDGE('',*,*,#11485,.T.);
#16789 = ORIENTED_EDGE('',*,*,#16629,.T.);
#16790 = ORIENTED_EDGE('',*,*,#11387,.F.);
#16791 = ADVANCED_FACE('',(#16792),#11355,.T.);
#16792 = FACE_BOUND('',#16793,.F.);
#16793 = EDGE_LOOP('',(#16794,#16820,#16821,#16822));
#16794 = ORIENTED_EDGE('',*,*,#16795,.F.);
#16795 = EDGE_CURVE('',#11415,#11313,#16796,.T.);
#16796 = SURFACE_CURVE('',#16797,(#16802,#16809),.PCURVE_S1.);
#16797 = CIRCLE('',#16798,2.1);
#16798 = AXIS2_PLACEMENT_3D('',#16799,#16800,#16801);
#16799 = CARTESIAN_POINT('',(114.2,0.6,1.4));
#16800 = DIRECTION('',(0.,0.,1.));
#16801 = DIRECTION('',(1.,0.,0.));
#16802 = PCURVE('',#11355,#16803);
#16803 = DEFINITIONAL_REPRESENTATION('',(#16804),#16808);
#16804 = LINE('',#16805,#16806);
#16805 = CARTESIAN_POINT('',(-0.,0.));
#16806 = VECTOR('',#16807,1.);
#16807 = DIRECTION('',(-1.,0.));
#16808 = ( GEOMETRIC_REPRESENTATION_CONTEXT(2) 
PARAMETRIC_REPRESENTATION_CONTEXT() REPRESENTATION_CONTEXT('2D SPACE',''
  ) );
#16809 = PCURVE('',#11328,#16810);
#16810 = DEFINITIONAL_REPRESENTATION('',(#16811),#16819);
#16811 = ( BOUNDED_CURVE() B_SPLINE_CURVE(2,(#16812,#16813,#16814,#16815
    ,#16816,#16817,#16818),.UNSPECIFIED.,.T.,.F.) 
B_SPLINE_CURVE_WITH_KNOTS((1,2,2,2,2,1),(-2.094395102393,0.,
    2.094395102393,4.188790204786,6.28318530718,8.377580409573),
.UNSPECIFIED.) CURVE() GEOMETRIC_REPRESENTATION_ITEM() 
RATIONAL_B_SPLINE_CURVE((1.,0.5,1.,0.5,1.,0.5,1.)) REPRESENTATION_ITEM(
  '') );
#16812 = CARTESIAN_POINT('',(-32.3509522258,-42.95827456299));
#16813 = CARTESIAN_POINT('',(-32.3509522258,-39.3209678671));
#16814 = CARTESIAN_POINT('',(-29.2009522258,-41.13962121504));
#16815 = CARTESIAN_POINT('',(-26.0509522258,-42.95827456299));
#16816 = CARTESIAN_POINT('',(-29.2009522258,-44.77692791094));
#16817 = CARTESIAN_POINT('',(-32.3509522258,-46.59558125888));
#16818 = CARTESIAN_POINT('',(-32.3509522258,-42.95827456299));
#16819 = ( GEOMETRIC_REPRESENTATION_CONTEXT(2) 
PARAMETRIC_REPRESENTATION_CONTEXT() REPRESENTATION_CONTEXT('2D SPACE',''
  ) );
#16820 = ORIENTED_EDGE('',*,*,#11527,.F.);
#16821 = ORIENTED_EDGE('',*,*,#16384,.T.);
#16822 = ORIENTED_EDGE('',*,*,#11340,.T.);
#16823 = ADVANCED_FACE('',(#16824),#11328,.F.);
#16824 = FACE_BOUND('',#16825,.F.);
#16825 = EDGE_LOOP('',(#16826,#16827,#16828));
#16826 = ORIENTED_EDGE('',*,*,#11414,.T.);
#16827 = ORIENTED_EDGE('',*,*,#16795,.T.);
#16828 = ORIENTED_EDGE('',*,*,#11312,.T.);
#16829 = ADVANCED_FACE('',(#16830),#13889,.T.);
#16830 = FACE_BOUND('',#16831,.F.);
#16831 = EDGE_LOOP('',(#16832,#16833,#16834,#16835));
#16832 = ORIENTED_EDGE('',*,*,#16483,.F.);
#16833 = ORIENTED_EDGE('',*,*,#13874,.T.);
#16834 = ORIENTED_EDGE('',*,*,#16554,.T.);
#16835 = ORIENTED_EDGE('',*,*,#13921,.F.);
#16836 = ADVANCED_FACE('',(#16837),#16429,.T.);
#16837 = FACE_BOUND('',#16838,.F.);
#16838 = EDGE_LOOP('',(#16839,#16860,#16861,#16862));
#16839 = ORIENTED_EDGE('',*,*,#16840,.T.);
#16840 = EDGE_CURVE('',#16698,#16413,#16841,.T.);
#16841 = SEAM_CURVE('',#16842,(#16846,#16853),.PCURVE_S1.);
#16842 = LINE('',#16843,#16844);
#16843 = CARTESIAN_POINT('',(58.8,20.5,1.4));
#16844 = VECTOR('',#16845,1.);
#16845 = DIRECTION('',(0.,0.,1.));
#16846 = PCURVE('',#16429,#16847);
#16847 = DEFINITIONAL_REPRESENTATION('',(#16848),#16852);
#16848 = LINE('',#16849,#16850);
#16849 = CARTESIAN_POINT('',(-0.,0.));
#16850 = VECTOR('',#16851,1.);
#16851 = DIRECTION('',(-0.,-1.));
#16852 = ( GEOMETRIC_REPRESENTATION_CONTEXT(2) 
PARAMETRIC_REPRESENTATION_CONTEXT() REPRESENTATION_CONTEXT('2D SPACE',''
  ) );
#16853 = PCURVE('',#16429,#16854);
#16854 = DEFINITIONAL_REPRESENTATION('',(#16855),#16859);
#16855 = LINE('',#16856,#16857);
#16856 = CARTESIAN_POINT('',(-6.28318530718,0.));
#16857 = VECTOR('',#16858,1.);
#16858 = DIRECTION('',(-0.,-1.));
#16859 = ( GEOMETRIC_REPRESENTATION_CONTEXT(2) 
PARAMETRIC_REPRESENTATION_CONTEXT() REPRESENTATION_CONTEXT('2D SPACE',''
  ) );
#16860 = ORIENTED_EDGE('',*,*,#16412,.T.);
#16861 = ORIENTED_EDGE('',*,*,#16840,.F.);
#16862 = ORIENTED_EDGE('',*,*,#16697,.F.);
#16863 = ADVANCED_FACE('',(#16864),#16464,.T.);
#16864 = FACE_BOUND('',#16865,.F.);
#16865 = EDGE_LOOP('',(#16866,#16887,#16888,#16889));
#16866 = ORIENTED_EDGE('',*,*,#16867,.T.);
#16867 = EDGE_CURVE('',#16728,#16448,#16868,.T.);
#16868 = SEAM_CURVE('',#16869,(#16873,#16880),.PCURVE_S1.);
#16869 = LINE('',#16870,#16871);
#16870 = CARTESIAN_POINT('',(116.6,66.,1.4));
#16871 = VECTOR('',#16872,1.);
#16872 = DIRECTION('',(0.,0.,1.));
#16873 = PCURVE('',#16464,#16874);
#16874 = DEFINITIONAL_REPRESENTATION('',(#16875),#16879);
#16875 = LINE('',#16876,#16877);
#16876 = CARTESIAN_POINT('',(-0.,0.));
#16877 = VECTOR('',#16878,1.);
#16878 = DIRECTION('',(-0.,-1.));
#16879 = ( GEOMETRIC_REPRESENTATION_CONTEXT(2) 
PARAMETRIC_REPRESENTATION_CONTEXT() REPRESENTATION_CONTEXT('2D SPACE',''
  ) );
#16880 = PCURVE('',#16464,#16881);
#16881 = DEFINITIONAL_REPRESENTATION('',(#16882),#16886);
#16882 = LINE('',#16883,#16884);
#16883 = CARTESIAN_POINT('',(-6.28318530718,0.));
#16884 = VECTOR('',#16885,1.);
#16885 = DIRECTION('',(-0.,-1.));
#16886 = ( GEOMETRIC_REPRESENTATION_CONTEXT(2) 
PARAMETRIC_REPRESENTATION_CONTEXT() REPRESENTATION_CONTEXT('2D SPACE',''
  ) );
#16887 = ORIENTED_EDGE('',*,*,#16447,.T.);
#16888 = ORIENTED_EDGE('',*,*,#16867,.F.);
#16889 = ORIENTED_EDGE('',*,*,#16727,.F.);
#16890 = ADVANCED_FACE('',(#16891),#16532,.T.);
#16891 = FACE_BOUND('',#16892,.F.);
#16892 = EDGE_LOOP('',(#16893,#16914,#16915,#16916));
#16893 = ORIENTED_EDGE('',*,*,#16894,.T.);
#16894 = EDGE_CURVE('',#16758,#16516,#16895,.T.);
#16895 = SEAM_CURVE('',#16896,(#16900,#16907),.PCURVE_S1.);
#16896 = LINE('',#16897,#16898);
#16897 = CARTESIAN_POINT('',(43.5,66.6,1.4));
#16898 = VECTOR('',#16899,1.);
#16899 = DIRECTION('',(0.,0.,1.));
#16900 = PCURVE('',#16532,#16901);
#16901 = DEFINITIONAL_REPRESENTATION('',(#16902),#16906);
#16902 = LINE('',#16903,#16904);
#16903 = CARTESIAN_POINT('',(-0.,0.));
#16904 = VECTOR('',#16905,1.);
#16905 = DIRECTION('',(-0.,-1.));
#16906 = ( GEOMETRIC_REPRESENTATION_CONTEXT(2) 
PARAMETRIC_REPRESENTATION_CONTEXT() REPRESENTATION_CONTEXT('2D SPACE',''
  ) );
#16907 = PCURVE('',#16532,#16908);
#16908 = DEFINITIONAL_REPRESENTATION('',(#16909),#16913);
#16909 = LINE('',#16910,#16911);
#16910 = CARTESIAN_POINT('',(-6.28318530718,0.));
#16911 = VECTOR('',#16912,1.);
#16912 = DIRECTION('',(-0.,-1.));
#16913 = ( GEOMETRIC_REPRESENTATION_CONTEXT(2) 
PARAMETRIC_REPRESENTATION_CONTEXT() REPRESENTATION_CONTEXT('2D SPACE',''
  ) );
#16914 = ORIENTED_EDGE('',*,*,#16515,.T.);
#16915 = ORIENTED_EDGE('',*,*,#16894,.F.);
#16916 = ORIENTED_EDGE('',*,*,#16757,.F.);
#16917 = ( GEOMETRIC_REPRESENTATION_CONTEXT(3) 
GLOBAL_UNCERTAINTY_ASSIGNED_CONTEXT((#16921)) 
GLOBAL_UNIT_ASSIGNED_CONTEXT((#16918,#16919,#16920)) 
REPRESENTATION_CONTEXT('Context #1',
  '3D Context with UNIT and UNCERTAINTY') );
#16918 = ( LENGTH_UNIT() NAMED_UNIT(*) SI_UNIT(.MILLI.,.METRE.) );
#16919 = ( NAMED_UNIT(*) PLANE_ANGLE_UNIT() SI_UNIT($,.RADIAN.) );
#16920 = ( NAMED_UNIT(*) SI_UNIT($,.STERADIAN.) SOLID_ANGLE_UNIT() );
#16921 = UNCERTAINTY_MEASURE_WITH_UNIT(LENGTH_MEASURE(1.E-07),#16918,
  'distance_accuracy_value','confusion accuracy');
#16922 = PRODUCT_RELATED_PRODUCT_CATEGORY('part',$,(#7));
ENDSEC;
END-ISO-10303-21;
