ISO-10303-21;
HEADER;
FILE_DESCRIPTION(('FreeCAD Model'),'2;1');
FILE_NAME('Open CASCADE Shape Model','2026-09-21T19:38:45',('FreeCAD'),(
    'FreeCAD'),'Open CASCADE STEP processor 7.8','FreeCAD','Unknown');
FILE_SCHEMA(('AUTOMOTIVE_DESIGN { 1 0 10303 214 1 1 1 1 }'));
ENDSEC;
DATA;
#1 = APPLICATION_PROTOCOL_DEFINITION('international standard',
  'automotive_design',2000,#2);
#2 = APPLICATION_CONTEXT(
  'core data for automotive mechanical design processes');
#3 = SHAPE_DEFINITION_REPRESENTATION(#4,#10);
#4 = PRODUCT_DEFINITION_SHAPE('','',#5);
#5 = PRODUCT_DEFINITION('design','',#6,#9);
#6 = PRODUCT_DEFINITION_FORMATION('','',#7);
#7 = PRODUCT('Open CASCADE STEP translator 7.8 16',
  'Open CASCADE STEP translator 7.8 16','',(#8));
#8 = PRODUCT_CONTEXT('',#2,'mechanical');
#9 = PRODUCT_DEFINITION_CONTEXT('part definition',#2,'design');
#10 = ADVANCED_BREP_SHAPE_REPRESENTATION('',(#11,#15),#2604);
#11 = AXIS2_PLACEMENT_3D('',#12,#13,#14);
#12 = CARTESIAN_POINT('',(0.,0.,0.));
#13 = DIRECTION('',(0.,0.,1.));
#14 = DIRECTION('',(1.,0.,-0.));
#15 = MANIFOLD_SOLID_BREP('',#16);
#16 = CLOSED_SHELL('',(#17,#57,#249,#273,#494,#513,#535,#616,#640,#664,
    #711,#728,#745,#762,#781,#793,#810,#827,#839,#864,#895,#919,#943,
    #960,#984,#1040,#1080,#1105,#1161,#1185,#1210,#1235,#1252,#1277,
    #1302,#1335,#1368,#1392,#1416,#1440,#1464,#1481,#1498,#1510,#1785,
    #1797,#1814,#1830,#1850,#1870,#1887,#1918,#1942,#1966,#1990,#2014,
    #2038,#2062,#2086,#2110,#2134,#2158,#2175,#2206,#2230,#2254,#2271,
    #2302,#2326,#2350,#2367,#2398,#2422,#2446,#2463,#2488,#2505,#2530,
    #2550,#2562,#2574,#2586,#2595));
#17 = ADVANCED_FACE('',(#18),#52,.T.);
#18 = FACE_BOUND('',#19,.T.);
#19 = EDGE_LOOP('',(#20,#30,#38,#46));
#20 = ORIENTED_EDGE('',*,*,#21,.T.);
#21 = EDGE_CURVE('',#22,#24,#26,.T.);
#22 = VERTEX_POINT('',#23);
#23 = CARTESIAN_POINT('',(112.22945834653,-65.8,15.4));
#24 = VERTEX_POINT('',#25);
#25 = CARTESIAN_POINT('',(113.41833461736,-65.8,15.4));
#26 = LINE('',#27,#28);
#27 = CARTESIAN_POINT('',(112.22945834653,-65.8,15.4));
#28 = VECTOR('',#29,1.);
#29 = DIRECTION('',(1.,0.,0.));
#30 = ORIENTED_EDGE('',*,*,#31,.T.);
#31 = EDGE_CURVE('',#24,#32,#34,.T.);
#32 = VERTEX_POINT('',#33);
#33 = CARTESIAN_POINT('',(113.41833461736,-65.8,6.3));
#34 = LINE('',#35,#36);
#35 = CARTESIAN_POINT('',(113.41833461736,-65.8,6.3));
#36 = VECTOR('',#37,1.);
#37 = DIRECTION('',(-0.,-0.,-1.));
#38 = ORIENTED_EDGE('',*,*,#39,.T.);
#39 = EDGE_CURVE('',#32,#40,#42,.T.);
#40 = VERTEX_POINT('',#41);
#41 = CARTESIAN_POINT('',(112.22945834653,-65.8,6.3));
#42 = LINE('',#43,#44);
#43 = CARTESIAN_POINT('',(117.61472917326,-65.8,6.3));
#44 = VECTOR('',#45,1.);
#45 = DIRECTION('',(-1.,0.,0.));
#46 = ORIENTED_EDGE('',*,*,#47,.T.);
#47 = EDGE_CURVE('',#40,#22,#48,.T.);
#48 = LINE('',#49,#50);
#49 = CARTESIAN_POINT('',(112.22945834653,-65.8,6.2));
#50 = VECTOR('',#51,1.);
#51 = DIRECTION('',(0.,0.,1.));
#52 = PLANE('',#53);
#53 = AXIS2_PLACEMENT_3D('',#54,#55,#56);
#54 = CARTESIAN_POINT('',(112.22945834653,-65.8,6.2));
#55 = DIRECTION('',(0.,1.,0.));
#56 = DIRECTION('',(1.,0.,0.));
#57 = ADVANCED_FACE('',(#58,#199,#210),#244,.F.);
#58 = FACE_BOUND('',#59,.F.);
#59 = EDGE_LOOP('',(#60,#70,#78,#86,#94,#100,#101,#110,#119,#127,#136,
    #145,#153,#161,#169,#177,#185,#193));
#60 = ORIENTED_EDGE('',*,*,#61,.T.);
#61 = EDGE_CURVE('',#62,#64,#66,.T.);
#62 = VERTEX_POINT('',#63);
#63 = CARTESIAN_POINT('',(112.22945834653,-12.2,15.4));
#64 = VERTEX_POINT('',#65);
#65 = CARTESIAN_POINT('',(112.20137942877,-12.20137942877,15.4));
#66 = LINE('',#67,#68);
#67 = CARTESIAN_POINT('',(112.22945834653,-12.2,15.4));
#68 = VECTOR('',#69,1.);
#69 = DIRECTION('',(-0.998795456205,-4.906767432741E-02,0.));
#70 = ORIENTED_EDGE('',*,*,#71,.T.);
#71 = EDGE_CURVE('',#64,#72,#74,.T.);
#72 = VERTEX_POINT('',#73);
#73 = CARTESIAN_POINT('',(112.2,-12.22945834653,15.4));
#74 = LINE('',#75,#76);
#75 = CARTESIAN_POINT('',(112.20137942877,-12.20137942877,15.4));
#76 = VECTOR('',#77,1.);
#77 = DIRECTION('',(-4.906767432758E-02,-0.998795456205,0.));
#78 = ORIENTED_EDGE('',*,*,#79,.T.);
#79 = EDGE_CURVE('',#72,#80,#82,.T.);
#80 = VERTEX_POINT('',#81);
#81 = CARTESIAN_POINT('',(112.2,-65.77054165346,15.4));
#82 = LINE('',#83,#84);
#83 = CARTESIAN_POINT('',(112.2,-12.22945834653,15.4));
#84 = VECTOR('',#85,1.);
#85 = DIRECTION('',(0.,-1.,0.));
#86 = ORIENTED_EDGE('',*,*,#87,.T.);
#87 = EDGE_CURVE('',#80,#88,#90,.T.);
#88 = VERTEX_POINT('',#89);
#89 = CARTESIAN_POINT('',(112.20137942877,-65.79862057122,15.4));
#90 = LINE('',#91,#92);
#91 = CARTESIAN_POINT('',(112.2,-65.77054165346,15.4));
#92 = VECTOR('',#93,1.);
#93 = DIRECTION('',(4.906767432757E-02,-0.998795456205,0.));
#94 = ORIENTED_EDGE('',*,*,#95,.T.);
#95 = EDGE_CURVE('',#88,#22,#96,.T.);
#96 = LINE('',#97,#98);
#97 = CARTESIAN_POINT('',(112.20137942877,-65.79862057122,15.4));
#98 = VECTOR('',#99,1.);
#99 = DIRECTION('',(0.998795456205,-4.906767432757E-02,0.));
#100 = ORIENTED_EDGE('',*,*,#21,.T.);
#101 = ORIENTED_EDGE('',*,*,#102,.T.);
#102 = EDGE_CURVE('',#24,#103,#105,.T.);
#103 = VERTEX_POINT('',#104);
#104 = CARTESIAN_POINT('',(116.6,-64.,15.4));
#105 = CIRCLE('',#106,2.1);
#106 = AXIS2_PLACEMENT_3D('',#107,#108,#109);
#107 = CARTESIAN_POINT('',(114.5,-64.,15.4));
#108 = DIRECTION('',(0.,0.,-1.));
#109 = DIRECTION('',(1.,0.,0.));
#110 = ORIENTED_EDGE('',*,*,#111,.T.);
#111 = EDGE_CURVE('',#103,#112,#114,.T.);
#112 = VERTEX_POINT('',#113);
#113 = CARTESIAN_POINT('',(115.58166538263,-65.8,15.4));
#114 = CIRCLE('',#115,2.1);
#115 = AXIS2_PLACEMENT_3D('',#116,#117,#118);
#116 = CARTESIAN_POINT('',(114.5,-64.,15.4));
#117 = DIRECTION('',(0.,0.,-1.));
#118 = DIRECTION('',(1.,0.,0.));
#119 = ORIENTED_EDGE('',*,*,#120,.T.);
#120 = EDGE_CURVE('',#112,#121,#123,.T.);
#121 = VERTEX_POINT('',#122);
#122 = CARTESIAN_POINT('',(129.51833461736,-65.8,15.4));
#123 = LINE('',#124,#125);
#124 = CARTESIAN_POINT('',(112.22945834653,-65.8,15.4));
#125 = VECTOR('',#126,1.);
#126 = DIRECTION('',(1.,0.,0.));
#127 = ORIENTED_EDGE('',*,*,#128,.T.);
#128 = EDGE_CURVE('',#121,#129,#131,.T.);
#129 = VERTEX_POINT('',#130);
#130 = CARTESIAN_POINT('',(132.7,-64.,15.4));
#131 = CIRCLE('',#132,2.1);
#132 = AXIS2_PLACEMENT_3D('',#133,#134,#135);
#133 = CARTESIAN_POINT('',(130.6,-64.,15.4));
#134 = DIRECTION('',(0.,0.,-1.));
#135 = DIRECTION('',(1.,0.,0.));
#136 = ORIENTED_EDGE('',*,*,#137,.T.);
#137 = EDGE_CURVE('',#129,#138,#140,.T.);
#138 = VERTEX_POINT('',#139);
#139 = CARTESIAN_POINT('',(131.68166538264,-65.8,15.4));
#140 = CIRCLE('',#141,2.1);
#141 = AXIS2_PLACEMENT_3D('',#142,#143,#144);
#142 = CARTESIAN_POINT('',(130.6,-64.,15.4));
#143 = DIRECTION('',(0.,0.,-1.));
#144 = DIRECTION('',(1.,0.,0.));
#145 = ORIENTED_EDGE('',*,*,#146,.T.);
#146 = EDGE_CURVE('',#138,#147,#149,.T.);
#147 = VERTEX_POINT('',#148);
#148 = CARTESIAN_POINT('',(133.77054165346,-65.8,15.4));
#149 = LINE('',#150,#151);
#150 = CARTESIAN_POINT('',(112.22945834653,-65.8,15.4));
#151 = VECTOR('',#152,1.);
#152 = DIRECTION('',(1.,0.,0.));
#153 = ORIENTED_EDGE('',*,*,#154,.T.);
#154 = EDGE_CURVE('',#147,#155,#157,.T.);
#155 = VERTEX_POINT('',#156);
#156 = CARTESIAN_POINT('',(133.79862057122,-65.79862057122,15.4));
#157 = LINE('',#158,#159);
#158 = CARTESIAN_POINT('',(133.77054165346,-65.8,15.4));
#159 = VECTOR('',#160,1.);
#160 = DIRECTION('',(0.998795456205,4.906767432757E-02,0.));
#161 = ORIENTED_EDGE('',*,*,#162,.T.);
#162 = EDGE_CURVE('',#155,#163,#165,.T.);
#163 = VERTEX_POINT('',#164);
#164 = CARTESIAN_POINT('',(133.8,-65.77054165346,15.4));
#165 = LINE('',#166,#167);
#166 = CARTESIAN_POINT('',(133.79862057122,-65.79862057122,15.4));
#167 = VECTOR('',#168,1.);
#168 = DIRECTION('',(4.906767432734E-02,0.998795456205,0.));
#169 = ORIENTED_EDGE('',*,*,#170,.T.);
#170 = EDGE_CURVE('',#163,#171,#173,.T.);
#171 = VERTEX_POINT('',#172);
#172 = CARTESIAN_POINT('',(133.8,-12.22945834653,15.4));
#173 = LINE('',#174,#175);
#174 = CARTESIAN_POINT('',(133.8,-65.77054165346,15.4));
#175 = VECTOR('',#176,1.);
#176 = DIRECTION('',(0.,1.,0.));
#177 = ORIENTED_EDGE('',*,*,#178,.T.);
#178 = EDGE_CURVE('',#171,#179,#181,.T.);
#179 = VERTEX_POINT('',#180);
#180 = CARTESIAN_POINT('',(133.79862057122,-12.20137942877,15.4));
#181 = LINE('',#182,#183);
#182 = CARTESIAN_POINT('',(133.8,-12.22945834653,15.4));
#183 = VECTOR('',#184,1.);
#184 = DIRECTION('',(-4.906767432733E-02,0.998795456205,0.));
#185 = ORIENTED_EDGE('',*,*,#186,.T.);
#186 = EDGE_CURVE('',#179,#187,#189,.T.);
#187 = VERTEX_POINT('',#188);
#188 = CARTESIAN_POINT('',(133.77054165346,-12.2,15.4));
#189 = LINE('',#190,#191);
#190 = CARTESIAN_POINT('',(133.79862057122,-12.20137942877,15.4));
#191 = VECTOR('',#192,1.);
#192 = DIRECTION('',(-0.998795456205,4.906767432739E-02,0.));
#193 = ORIENTED_EDGE('',*,*,#194,.T.);
#194 = EDGE_CURVE('',#187,#62,#195,.T.);
#195 = LINE('',#196,#197);
#196 = CARTESIAN_POINT('',(133.77054165346,-12.2,15.4));
#197 = VECTOR('',#198,1.);
#198 = DIRECTION('',(-1.,0.,0.));
#199 = FACE_BOUND('',#200,.F.);
#200 = EDGE_LOOP('',(#201));
#201 = ORIENTED_EDGE('',*,*,#202,.T.);
#202 = EDGE_CURVE('',#203,#203,#205,.T.);
#203 = VERTEX_POINT('',#204);
#204 = CARTESIAN_POINT('',(124.4,-59.5,15.4));
#205 = CIRCLE('',#206,1.4);
#206 = AXIS2_PLACEMENT_3D('',#207,#208,#209);
#207 = CARTESIAN_POINT('',(123.,-59.5,15.4));
#208 = DIRECTION('',(0.,0.,-1.));
#209 = DIRECTION('',(1.,0.,0.));
#210 = FACE_BOUND('',#211,.F.);
#211 = EDGE_LOOP('',(#212,#222,#230,#238));
#212 = ORIENTED_EDGE('',*,*,#213,.T.);
#213 = EDGE_CURVE('',#214,#216,#218,.T.);
#214 = VERTEX_POINT('',#215);
#215 = CARTESIAN_POINT('',(130.05,-49.35,15.4));
#216 = VERTEX_POINT('',#217);
#217 = CARTESIAN_POINT('',(115.55,-49.35,15.4));
#218 = LINE('',#219,#220);
#219 = CARTESIAN_POINT('',(119.275,-49.35,15.4));
#220 = VECTOR('',#221,1.);
#221 = DIRECTION('',(-1.,0.,0.));
#222 = ORIENTED_EDGE('',*,*,#223,.T.);
#223 = EDGE_CURVE('',#216,#224,#226,.T.);
#224 = VERTEX_POINT('',#225);
#225 = CARTESIAN_POINT('',(115.55,-18.25,15.4));
#226 = LINE('',#227,#228);
#227 = CARTESIAN_POINT('',(115.55,-44.175,15.4));
#228 = VECTOR('',#229,1.);
#229 = DIRECTION('',(0.,1.,0.));
#230 = ORIENTED_EDGE('',*,*,#231,.F.);
#231 = EDGE_CURVE('',#232,#224,#234,.T.);
#232 = VERTEX_POINT('',#233);
#233 = CARTESIAN_POINT('',(130.05,-18.25,15.4));
#234 = LINE('',#235,#236);
#235 = CARTESIAN_POINT('',(119.275,-18.25,15.4));
#236 = VECTOR('',#237,1.);
#237 = DIRECTION('',(-1.,0.,0.));
#238 = ORIENTED_EDGE('',*,*,#239,.F.);
#239 = EDGE_CURVE('',#214,#232,#240,.T.);
#240 = LINE('',#241,#242);
#241 = CARTESIAN_POINT('',(130.05,-44.175,15.4));
#242 = VECTOR('',#243,1.);
#243 = DIRECTION('',(0.,1.,0.));
#244 = PLANE('',#245);
#245 = AXIS2_PLACEMENT_3D('',#246,#247,#248);
#246 = CARTESIAN_POINT('',(123.,-39.,15.4));
#247 = DIRECTION('',(0.,0.,1.));
#248 = DIRECTION('',(1.,0.,0.));
#249 = ADVANCED_FACE('',(#250),#268,.T.);
#250 = FACE_BOUND('',#251,.T.);
#251 = EDGE_LOOP('',(#252,#260,#266,#267));
#252 = ORIENTED_EDGE('',*,*,#253,.T.);
#253 = EDGE_CURVE('',#40,#254,#256,.T.);
#254 = VERTEX_POINT('',#255);
#255 = CARTESIAN_POINT('',(112.20137942877,-65.79862057122,6.3));
#256 = LINE('',#257,#258);
#257 = CARTESIAN_POINT('',(116.93100909868,-66.03097237748,6.3));
#258 = VECTOR('',#259,1.);
#259 = DIRECTION('',(-0.998795456205,4.906767432757E-02,0.));
#260 = ORIENTED_EDGE('',*,*,#261,.T.);
#261 = EDGE_CURVE('',#254,#88,#262,.T.);
#262 = LINE('',#263,#264);
#263 = CARTESIAN_POINT('',(112.20137942877,-65.79862057122,6.2));
#264 = VECTOR('',#265,1.);
#265 = DIRECTION('',(0.,0.,1.));
#266 = ORIENTED_EDGE('',*,*,#95,.T.);
#267 = ORIENTED_EDGE('',*,*,#47,.F.);
#268 = PLANE('',#269);
#269 = AXIS2_PLACEMENT_3D('',#270,#271,#272);
#270 = CARTESIAN_POINT('',(112.20137942877,-65.79862057122,6.2));
#271 = DIRECTION('',(4.906767432757E-02,0.998795456205,0.));
#272 = DIRECTION('',(0.998795456205,-4.906767432757E-02,0.));
#273 = ADVANCED_FACE('',(#274,#467,#478),#489,.T.);
#274 = FACE_BOUND('',#275,.T.);
#275 = EDGE_LOOP('',(#276,#287,#295,#304,#313,#321,#329,#337,#345,#353,
    #361,#370,#378,#387,#395,#404,#412,#420,#428,#436,#444,#452,#458,
    #459,#460));
#276 = ORIENTED_EDGE('',*,*,#277,.F.);
#277 = EDGE_CURVE('',#278,#280,#282,.T.);
#278 = VERTEX_POINT('',#279);
#279 = CARTESIAN_POINT('',(115.58166538263,-65.8,6.3));
#280 = VERTEX_POINT('',#281);
#281 = CARTESIAN_POINT('',(116.6,-64.,6.3));
#282 = CIRCLE('',#283,2.1);
#283 = AXIS2_PLACEMENT_3D('',#284,#285,#286);
#284 = CARTESIAN_POINT('',(114.5,-64.,6.3));
#285 = DIRECTION('',(0.,0.,1.));
#286 = DIRECTION('',(1.,0.,0.));
#287 = ORIENTED_EDGE('',*,*,#288,.F.);
#288 = EDGE_CURVE('',#289,#278,#291,.T.);
#289 = VERTEX_POINT('',#290);
#290 = CARTESIAN_POINT('',(129.51833461736,-65.8,6.3));
#291 = LINE('',#292,#293);
#292 = CARTESIAN_POINT('',(117.61472917326,-65.8,6.3));
#293 = VECTOR('',#294,1.);
#294 = DIRECTION('',(-1.,0.,0.));
#295 = ORIENTED_EDGE('',*,*,#296,.F.);
#296 = EDGE_CURVE('',#297,#289,#299,.T.);
#297 = VERTEX_POINT('',#298);
#298 = CARTESIAN_POINT('',(132.7,-64.,6.3));
#299 = CIRCLE('',#300,2.1);
#300 = AXIS2_PLACEMENT_3D('',#301,#302,#303);
#301 = CARTESIAN_POINT('',(130.6,-64.,6.3));
#302 = DIRECTION('',(0.,0.,1.));
#303 = DIRECTION('',(1.,0.,0.));
#304 = ORIENTED_EDGE('',*,*,#305,.F.);
#305 = EDGE_CURVE('',#306,#297,#308,.T.);
#306 = VERTEX_POINT('',#307);
#307 = CARTESIAN_POINT('',(131.68166538263,-65.8,6.3));
#308 = CIRCLE('',#309,2.1);
#309 = AXIS2_PLACEMENT_3D('',#310,#311,#312);
#310 = CARTESIAN_POINT('',(130.6,-64.,6.3));
#311 = DIRECTION('',(0.,0.,1.));
#312 = DIRECTION('',(1.,0.,0.));
#313 = ORIENTED_EDGE('',*,*,#314,.F.);
#314 = EDGE_CURVE('',#315,#306,#317,.T.);
#315 = VERTEX_POINT('',#316);
#316 = CARTESIAN_POINT('',(133.77054165346,-65.8,6.3));
#317 = LINE('',#318,#319);
#318 = CARTESIAN_POINT('',(117.61472917326,-65.8,6.3));
#319 = VECTOR('',#320,1.);
#320 = DIRECTION('',(-1.,0.,0.));
#321 = ORIENTED_EDGE('',*,*,#322,.F.);
#322 = EDGE_CURVE('',#323,#315,#325,.T.);
#323 = VERTEX_POINT('',#324);
#324 = CARTESIAN_POINT('',(133.79862057122,-65.79862057122,6.3));
#325 = LINE('',#326,#327);
#326 = CARTESIAN_POINT('',(129.05495144243,-66.03166209187,6.3));
#327 = VECTOR('',#328,1.);
#328 = DIRECTION('',(-0.998795456205,-4.906767432757E-02,0.));
#329 = ORIENTED_EDGE('',*,*,#330,.F.);
#330 = EDGE_CURVE('',#331,#323,#333,.T.);
#331 = VERTEX_POINT('',#332);
#332 = CARTESIAN_POINT('',(133.8,-65.77054165346,6.3));
#333 = LINE('',#334,#335);
#334 = CARTESIAN_POINT('',(134.44230203211,-52.6961834333,6.3));
#335 = VECTOR('',#336,1.);
#336 = DIRECTION('',(-4.906767432734E-02,-0.998795456205,0.));
#337 = ORIENTED_EDGE('',*,*,#338,.F.);
#338 = EDGE_CURVE('',#339,#331,#341,.T.);
#339 = VERTEX_POINT('',#340);
#340 = CARTESIAN_POINT('',(133.8,-61.9,6.3));
#341 = LINE('',#342,#343);
#342 = CARTESIAN_POINT('',(133.8,-52.38527082673,6.3));
#343 = VECTOR('',#344,1.);
#344 = DIRECTION('',(0.,-1.,0.));
#345 = ORIENTED_EDGE('',*,*,#346,.F.);
#346 = EDGE_CURVE('',#347,#339,#349,.T.);
#347 = VERTEX_POINT('',#348);
#348 = CARTESIAN_POINT('',(135.,-61.9,6.3));
#349 = LINE('',#350,#351);
#350 = CARTESIAN_POINT('',(125.65,-61.9,6.3));
#351 = VECTOR('',#352,1.);
#352 = DIRECTION('',(-1.,0.,0.));
#353 = ORIENTED_EDGE('',*,*,#354,.T.);
#354 = EDGE_CURVE('',#347,#355,#357,.T.);
#355 = VERTEX_POINT('',#356);
#356 = CARTESIAN_POINT('',(135.,-65.8,6.3));
#357 = LINE('',#358,#359);
#358 = CARTESIAN_POINT('',(135.,-12.2,6.3));
#359 = VECTOR('',#360,1.);
#360 = DIRECTION('',(0.,-1.,0.));
#361 = ORIENTED_EDGE('',*,*,#362,.T.);
#362 = EDGE_CURVE('',#355,#363,#365,.T.);
#363 = VERTEX_POINT('',#364);
#364 = CARTESIAN_POINT('',(133.8,-67.,6.3));
#365 = CIRCLE('',#366,1.2);
#366 = AXIS2_PLACEMENT_3D('',#367,#368,#369);
#367 = CARTESIAN_POINT('',(133.8,-65.8,6.3));
#368 = DIRECTION('',(0.,0.,-1.));
#369 = DIRECTION('',(1.,2.368475785867E-14,0.));
#370 = ORIENTED_EDGE('',*,*,#371,.T.);
#371 = EDGE_CURVE('',#363,#372,#374,.T.);
#372 = VERTEX_POINT('',#373);
#373 = CARTESIAN_POINT('',(112.2,-67.,6.3));
#374 = LINE('',#375,#376);
#375 = CARTESIAN_POINT('',(133.8,-67.,6.3));
#376 = VECTOR('',#377,1.);
#377 = DIRECTION('',(-1.,0.,0.));
#378 = ORIENTED_EDGE('',*,*,#379,.T.);
#379 = EDGE_CURVE('',#372,#380,#382,.T.);
#380 = VERTEX_POINT('',#381);
#381 = CARTESIAN_POINT('',(111.,-65.8,6.3));
#382 = CIRCLE('',#383,1.2);
#383 = AXIS2_PLACEMENT_3D('',#384,#385,#386);
#384 = CARTESIAN_POINT('',(112.2,-65.8,6.3));
#385 = DIRECTION('',(0.,0.,-1.));
#386 = DIRECTION('',(0.,-1.,0.));
#387 = ORIENTED_EDGE('',*,*,#388,.T.);
#388 = EDGE_CURVE('',#380,#389,#391,.T.);
#389 = VERTEX_POINT('',#390);
#390 = CARTESIAN_POINT('',(111.,-12.2,6.3));
#391 = LINE('',#392,#393);
#392 = CARTESIAN_POINT('',(111.,-65.8,6.3));
#393 = VECTOR('',#394,1.);
#394 = DIRECTION('',(0.,1.,0.));
#395 = ORIENTED_EDGE('',*,*,#396,.T.);
#396 = EDGE_CURVE('',#389,#397,#399,.T.);
#397 = VERTEX_POINT('',#398);
#398 = CARTESIAN_POINT('',(112.2,-11.,6.3));
#399 = CIRCLE('',#400,1.2);
#400 = AXIS2_PLACEMENT_3D('',#401,#402,#403);
#401 = CARTESIAN_POINT('',(112.2,-12.2,6.3));
#402 = DIRECTION('',(0.,0.,-1.));
#403 = DIRECTION('',(-1.,4.440892098501E-15,0.));
#404 = ORIENTED_EDGE('',*,*,#405,.T.);
#405 = EDGE_CURVE('',#397,#406,#408,.T.);
#406 = VERTEX_POINT('',#407);
#407 = CARTESIAN_POINT('',(116.3,-11.,6.3));
#408 = LINE('',#409,#410);
#409 = CARTESIAN_POINT('',(112.2,-11.,6.3));
#410 = VECTOR('',#411,1.);
#411 = DIRECTION('',(1.,0.,0.));
#412 = ORIENTED_EDGE('',*,*,#413,.F.);
#413 = EDGE_CURVE('',#414,#406,#416,.T.);
#414 = VERTEX_POINT('',#415);
#415 = CARTESIAN_POINT('',(116.3,-12.2,6.3));
#416 = LINE('',#417,#418);
#417 = CARTESIAN_POINT('',(116.3,-29.5,6.3));
#418 = VECTOR('',#419,1.);
#419 = DIRECTION('',(0.,1.,0.));
#420 = ORIENTED_EDGE('',*,*,#421,.F.);
#421 = EDGE_CURVE('',#422,#414,#424,.T.);
#422 = VERTEX_POINT('',#423);
#423 = CARTESIAN_POINT('',(112.22945834653,-12.2,6.3));
#424 = LINE('',#425,#426);
#425 = CARTESIAN_POINT('',(128.38527082673,-12.2,6.3));
#426 = VECTOR('',#427,1.);
#427 = DIRECTION('',(1.,0.,0.));
#428 = ORIENTED_EDGE('',*,*,#429,.F.);
#429 = EDGE_CURVE('',#430,#422,#432,.T.);
#430 = VERTEX_POINT('',#431);
#431 = CARTESIAN_POINT('',(112.20137942877,-12.20137942877,6.3));
#432 = LINE('',#433,#434);
#433 = CARTESIAN_POINT('',(116.94504855757,-11.96833790812,6.3));
#434 = VECTOR('',#435,1.);
#435 = DIRECTION('',(0.998795456205,4.906767432741E-02,0.));
#436 = ORIENTED_EDGE('',*,*,#437,.F.);
#437 = EDGE_CURVE('',#438,#430,#440,.T.);
#438 = VERTEX_POINT('',#439);
#439 = CARTESIAN_POINT('',(112.2,-12.22945834653,6.3));
#440 = LINE('',#441,#442);
#441 = CARTESIAN_POINT('',(111.55769796788,-25.30381656669,6.3));
#442 = VECTOR('',#443,1.);
#443 = DIRECTION('',(4.906767432758E-02,0.998795456205,0.));
#444 = ORIENTED_EDGE('',*,*,#445,.F.);
#445 = EDGE_CURVE('',#446,#438,#448,.T.);
#446 = VERTEX_POINT('',#447);
#447 = CARTESIAN_POINT('',(112.2,-65.77054165346,6.3));
#448 = LINE('',#449,#450);
#449 = CARTESIAN_POINT('',(112.2,-25.61472917326,6.3));
#450 = VECTOR('',#451,1.);
#451 = DIRECTION('',(0.,1.,0.));
#452 = ORIENTED_EDGE('',*,*,#453,.F.);
#453 = EDGE_CURVE('',#254,#446,#454,.T.);
#454 = LINE('',#455,#456);
#455 = CARTESIAN_POINT('',(111.55700825349,-52.68214397442,6.3));
#456 = VECTOR('',#457,1.);
#457 = DIRECTION('',(-4.906767432757E-02,0.998795456205,0.));
#458 = ORIENTED_EDGE('',*,*,#253,.F.);
#459 = ORIENTED_EDGE('',*,*,#39,.F.);
#460 = ORIENTED_EDGE('',*,*,#461,.F.);
#461 = EDGE_CURVE('',#280,#32,#462,.T.);
#462 = CIRCLE('',#463,2.1);
#463 = AXIS2_PLACEMENT_3D('',#464,#465,#466);
#464 = CARTESIAN_POINT('',(114.5,-64.,6.3));
#465 = DIRECTION('',(0.,0.,1.));
#466 = DIRECTION('',(1.,0.,0.));
#467 = FACE_BOUND('',#468,.T.);
#468 = EDGE_LOOP('',(#469));
#469 = ORIENTED_EDGE('',*,*,#470,.F.);
#470 = EDGE_CURVE('',#471,#471,#473,.T.);
#471 = VERTEX_POINT('',#472);
#472 = CARTESIAN_POINT('',(131.75,-64.,6.3));
#473 = CIRCLE('',#474,1.15);
#474 = AXIS2_PLACEMENT_3D('',#475,#476,#477);
#475 = CARTESIAN_POINT('',(130.6,-64.,6.3));
#476 = DIRECTION('',(0.,0.,-1.));
#477 = DIRECTION('',(1.,0.,0.));
#478 = FACE_BOUND('',#479,.T.);
#479 = EDGE_LOOP('',(#480));
#480 = ORIENTED_EDGE('',*,*,#481,.F.);
#481 = EDGE_CURVE('',#482,#482,#484,.T.);
#482 = VERTEX_POINT('',#483);
#483 = CARTESIAN_POINT('',(115.65,-64.,6.3));
#484 = CIRCLE('',#485,1.15);
#485 = AXIS2_PLACEMENT_3D('',#486,#487,#488);
#486 = CARTESIAN_POINT('',(114.5,-64.,6.3));
#487 = DIRECTION('',(0.,0.,-1.));
#488 = DIRECTION('',(1.,0.,0.));
#489 = PLANE('',#490);
#490 = AXIS2_PLACEMENT_3D('',#491,#492,#493);
#491 = CARTESIAN_POINT('',(116.56241417424,-47.3349810374,6.3));
#492 = DIRECTION('',(-0.,-0.,-1.));
#493 = DIRECTION('',(-1.,0.,0.));
#494 = ADVANCED_FACE('',(#495),#508,.T.);
#495 = FACE_BOUND('',#496,.F.);
#496 = EDGE_LOOP('',(#497,#503,#504,#505,#506,#507));
#497 = ORIENTED_EDGE('',*,*,#498,.F.);
#498 = EDGE_CURVE('',#112,#278,#499,.T.);
#499 = LINE('',#500,#501);
#500 = CARTESIAN_POINT('',(115.58166538263,-65.8,6.3));
#501 = VECTOR('',#502,1.);
#502 = DIRECTION('',(-0.,-0.,-1.));
#503 = ORIENTED_EDGE('',*,*,#111,.F.);
#504 = ORIENTED_EDGE('',*,*,#102,.F.);
#505 = ORIENTED_EDGE('',*,*,#31,.T.);
#506 = ORIENTED_EDGE('',*,*,#461,.F.);
#507 = ORIENTED_EDGE('',*,*,#277,.F.);
#508 = CYLINDRICAL_SURFACE('',#509,2.1);
#509 = AXIS2_PLACEMENT_3D('',#510,#511,#512);
#510 = CARTESIAN_POINT('',(114.5,-64.,6.3));
#511 = DIRECTION('',(-0.,-0.,-1.));
#512 = DIRECTION('',(1.,0.,0.));
#513 = ADVANCED_FACE('',(#514),#530,.T.);
#514 = FACE_BOUND('',#515,.T.);
#515 = EDGE_LOOP('',(#516,#517,#523,#524));
#516 = ORIENTED_EDGE('',*,*,#429,.T.);
#517 = ORIENTED_EDGE('',*,*,#518,.T.);
#518 = EDGE_CURVE('',#422,#62,#519,.T.);
#519 = LINE('',#520,#521);
#520 = CARTESIAN_POINT('',(112.22945834653,-12.2,6.2));
#521 = VECTOR('',#522,1.);
#522 = DIRECTION('',(0.,0.,1.));
#523 = ORIENTED_EDGE('',*,*,#61,.T.);
#524 = ORIENTED_EDGE('',*,*,#525,.F.);
#525 = EDGE_CURVE('',#430,#64,#526,.T.);
#526 = LINE('',#527,#528);
#527 = CARTESIAN_POINT('',(112.20137942877,-12.20137942877,6.2));
#528 = VECTOR('',#529,1.);
#529 = DIRECTION('',(0.,0.,1.));
#530 = PLANE('',#531);
#531 = AXIS2_PLACEMENT_3D('',#532,#533,#534);
#532 = CARTESIAN_POINT('',(112.22945834653,-12.2,6.2));
#533 = DIRECTION('',(4.906767432741E-02,-0.998795456205,0.));
#534 = DIRECTION('',(-0.998795456205,-4.906767432741E-02,0.));
#535 = ADVANCED_FACE('',(#536),#611,.T.);
#536 = FACE_BOUND('',#537,.T.);
#537 = EDGE_LOOP('',(#538,#539,#540,#548,#556,#564,#572,#580,#588,#596,
    #604,#610));
#538 = ORIENTED_EDGE('',*,*,#518,.F.);
#539 = ORIENTED_EDGE('',*,*,#421,.T.);
#540 = ORIENTED_EDGE('',*,*,#541,.T.);
#541 = EDGE_CURVE('',#414,#542,#544,.T.);
#542 = VERTEX_POINT('',#543);
#543 = CARTESIAN_POINT('',(116.3,-12.2,8.5));
#544 = LINE('',#545,#546);
#545 = CARTESIAN_POINT('',(116.3,-12.2,6.2));
#546 = VECTOR('',#547,1.);
#547 = DIRECTION('',(0.,0.,1.));
#548 = ORIENTED_EDGE('',*,*,#549,.T.);
#549 = EDGE_CURVE('',#542,#550,#552,.T.);
#550 = VERTEX_POINT('',#551);
#551 = CARTESIAN_POINT('',(113.,-12.2,8.5));
#552 = LINE('',#553,#554);
#553 = CARTESIAN_POINT('',(123.38527082673,-12.2,8.5));
#554 = VECTOR('',#555,1.);
#555 = DIRECTION('',(-1.,0.,0.));
#556 = ORIENTED_EDGE('',*,*,#557,.T.);
#557 = EDGE_CURVE('',#550,#558,#560,.T.);
#558 = VERTEX_POINT('',#559);
#559 = CARTESIAN_POINT('',(113.,-12.2,12.7));
#560 = LINE('',#561,#562);
#561 = CARTESIAN_POINT('',(113.,-12.2,7.35));
#562 = VECTOR('',#563,1.);
#563 = DIRECTION('',(0.,0.,1.));
#564 = ORIENTED_EDGE('',*,*,#565,.F.);
#565 = EDGE_CURVE('',#566,#558,#568,.T.);
#566 = VERTEX_POINT('',#567);
#567 = CARTESIAN_POINT('',(132.6,-12.2,12.7));
#568 = LINE('',#569,#570);
#569 = CARTESIAN_POINT('',(123.38527082673,-12.2,12.7));
#570 = VECTOR('',#571,1.);
#571 = DIRECTION('',(-1.,0.,0.));
#572 = ORIENTED_EDGE('',*,*,#573,.F.);
#573 = EDGE_CURVE('',#574,#566,#576,.T.);
#574 = VERTEX_POINT('',#575);
#575 = CARTESIAN_POINT('',(132.6,-12.2,8.5));
#576 = LINE('',#577,#578);
#577 = CARTESIAN_POINT('',(132.6,-12.2,7.35));
#578 = VECTOR('',#579,1.);
#579 = DIRECTION('',(0.,0.,1.));
#580 = ORIENTED_EDGE('',*,*,#581,.T.);
#581 = EDGE_CURVE('',#574,#582,#584,.T.);
#582 = VERTEX_POINT('',#583);
#583 = CARTESIAN_POINT('',(129.3,-12.2,8.5));
#584 = LINE('',#585,#586);
#585 = CARTESIAN_POINT('',(123.38527082673,-12.2,8.5));
#586 = VECTOR('',#587,1.);
#587 = DIRECTION('',(-1.,0.,0.));
#588 = ORIENTED_EDGE('',*,*,#589,.F.);
#589 = EDGE_CURVE('',#590,#582,#592,.T.);
#590 = VERTEX_POINT('',#591);
#591 = CARTESIAN_POINT('',(129.3,-12.2,6.3));
#592 = LINE('',#593,#594);
#593 = CARTESIAN_POINT('',(129.3,-12.2,6.2));
#594 = VECTOR('',#595,1.);
#595 = DIRECTION('',(0.,0.,1.));
#596 = ORIENTED_EDGE('',*,*,#597,.T.);
#597 = EDGE_CURVE('',#590,#598,#600,.T.);
#598 = VERTEX_POINT('',#599);
#599 = CARTESIAN_POINT('',(133.77054165346,-12.2,6.3));
#600 = LINE('',#601,#602);
#601 = CARTESIAN_POINT('',(128.38527082673,-12.2,6.3));
#602 = VECTOR('',#603,1.);
#603 = DIRECTION('',(1.,0.,0.));
#604 = ORIENTED_EDGE('',*,*,#605,.T.);
#605 = EDGE_CURVE('',#598,#187,#606,.T.);
#606 = LINE('',#607,#608);
#607 = CARTESIAN_POINT('',(133.77054165346,-12.2,6.2));
#608 = VECTOR('',#609,1.);
#609 = DIRECTION('',(0.,0.,1.));
#610 = ORIENTED_EDGE('',*,*,#194,.T.);
#611 = PLANE('',#612);
#612 = AXIS2_PLACEMENT_3D('',#613,#614,#615);
#613 = CARTESIAN_POINT('',(133.77054165346,-12.2,6.2));
#614 = DIRECTION('',(0.,-1.,0.));
#615 = DIRECTION('',(-1.,0.,0.));
#616 = ADVANCED_FACE('',(#617),#635,.T.);
#617 = FACE_BOUND('',#618,.T.);
#618 = EDGE_LOOP('',(#619,#627,#633,#634));
#619 = ORIENTED_EDGE('',*,*,#620,.T.);
#620 = EDGE_CURVE('',#598,#621,#623,.T.);
#621 = VERTEX_POINT('',#622);
#622 = CARTESIAN_POINT('',(133.79862057122,-12.20137942877,6.3));
#623 = LINE('',#624,#625);
#624 = CARTESIAN_POINT('',(129.0689909013,-11.96902762251,6.3));
#625 = VECTOR('',#626,1.);
#626 = DIRECTION('',(0.998795456205,-4.906767432739E-02,0.));
#627 = ORIENTED_EDGE('',*,*,#628,.T.);
#628 = EDGE_CURVE('',#621,#179,#629,.T.);
#629 = LINE('',#630,#631);
#630 = CARTESIAN_POINT('',(133.79862057122,-12.20137942877,6.2));
#631 = VECTOR('',#632,1.);
#632 = DIRECTION('',(0.,0.,1.));
#633 = ORIENTED_EDGE('',*,*,#186,.T.);
#634 = ORIENTED_EDGE('',*,*,#605,.F.);
#635 = PLANE('',#636);
#636 = AXIS2_PLACEMENT_3D('',#637,#638,#639);
#637 = CARTESIAN_POINT('',(133.79862057122,-12.20137942877,6.2));
#638 = DIRECTION('',(-4.906767432739E-02,-0.998795456205,0.));
#639 = DIRECTION('',(-0.998795456205,4.906767432739E-02,0.));
#640 = ADVANCED_FACE('',(#641),#659,.T.);
#641 = FACE_BOUND('',#642,.T.);
#642 = EDGE_LOOP('',(#643,#651,#657,#658));
#643 = ORIENTED_EDGE('',*,*,#644,.T.);
#644 = EDGE_CURVE('',#621,#645,#647,.T.);
#645 = VERTEX_POINT('',#646);
#646 = CARTESIAN_POINT('',(133.8,-12.22945834653,6.3));
#647 = LINE('',#648,#649);
#648 = CARTESIAN_POINT('',(134.4429917465,-25.31785602557,6.3));
#649 = VECTOR('',#650,1.);
#650 = DIRECTION('',(4.906767432733E-02,-0.998795456205,0.));
#651 = ORIENTED_EDGE('',*,*,#652,.T.);
#652 = EDGE_CURVE('',#645,#171,#653,.T.);
#653 = LINE('',#654,#655);
#654 = CARTESIAN_POINT('',(133.8,-12.22945834653,6.2));
#655 = VECTOR('',#656,1.);
#656 = DIRECTION('',(0.,0.,1.));
#657 = ORIENTED_EDGE('',*,*,#178,.T.);
#658 = ORIENTED_EDGE('',*,*,#628,.F.);
#659 = PLANE('',#660);
#660 = AXIS2_PLACEMENT_3D('',#661,#662,#663);
#661 = CARTESIAN_POINT('',(133.8,-12.22945834653,6.2));
#662 = DIRECTION('',(-0.998795456205,-4.906767432733E-02,0.));
#663 = DIRECTION('',(-4.906767432733E-02,0.998795456205,0.));
#664 = ADVANCED_FACE('',(#665),#706,.T.);
#665 = FACE_BOUND('',#666,.T.);
#666 = EDGE_LOOP('',(#667,#668,#676,#684,#692,#698,#699,#705));
#667 = ORIENTED_EDGE('',*,*,#652,.F.);
#668 = ORIENTED_EDGE('',*,*,#669,.T.);
#669 = EDGE_CURVE('',#645,#670,#672,.T.);
#670 = VERTEX_POINT('',#671);
#671 = CARTESIAN_POINT('',(133.8,-53.4,6.3));
#672 = LINE('',#673,#674);
#673 = CARTESIAN_POINT('',(133.8,-52.38527082673,6.3));
#674 = VECTOR('',#675,1.);
#675 = DIRECTION('',(0.,-1.,0.));
#676 = ORIENTED_EDGE('',*,*,#677,.F.);
#677 = EDGE_CURVE('',#678,#670,#680,.T.);
#678 = VERTEX_POINT('',#679);
#679 = CARTESIAN_POINT('',(133.8,-53.4,9.2));
#680 = LINE('',#681,#682);
#681 = CARTESIAN_POINT('',(133.8,-53.4,5.65));
#682 = VECTOR('',#683,1.);
#683 = DIRECTION('',(0.,0.,-1.));
#684 = ORIENTED_EDGE('',*,*,#685,.F.);
#685 = EDGE_CURVE('',#686,#678,#688,.T.);
#686 = VERTEX_POINT('',#687);
#687 = CARTESIAN_POINT('',(133.8,-61.9,9.2));
#688 = LINE('',#689,#690);
#689 = CARTESIAN_POINT('',(133.8,-63.83527082673,9.2));
#690 = VECTOR('',#691,1.);
#691 = DIRECTION('',(0.,1.,0.));
#692 = ORIENTED_EDGE('',*,*,#693,.T.);
#693 = EDGE_CURVE('',#686,#339,#694,.T.);
#694 = LINE('',#695,#696);
#695 = CARTESIAN_POINT('',(133.8,-61.9,5.65));
#696 = VECTOR('',#697,1.);
#697 = DIRECTION('',(0.,0.,-1.));
#698 = ORIENTED_EDGE('',*,*,#338,.T.);
#699 = ORIENTED_EDGE('',*,*,#700,.T.);
#700 = EDGE_CURVE('',#331,#163,#701,.T.);
#701 = LINE('',#702,#703);
#702 = CARTESIAN_POINT('',(133.8,-65.77054165346,6.2));
#703 = VECTOR('',#704,1.);
#704 = DIRECTION('',(0.,0.,1.));
#705 = ORIENTED_EDGE('',*,*,#170,.T.);
#706 = PLANE('',#707);
#707 = AXIS2_PLACEMENT_3D('',#708,#709,#710);
#708 = CARTESIAN_POINT('',(133.8,-65.77054165346,6.2));
#709 = DIRECTION('',(-1.,0.,0.));
#710 = DIRECTION('',(0.,1.,0.));
#711 = ADVANCED_FACE('',(#712),#723,.T.);
#712 = FACE_BOUND('',#713,.T.);
#713 = EDGE_LOOP('',(#714,#715,#721,#722));
#714 = ORIENTED_EDGE('',*,*,#330,.T.);
#715 = ORIENTED_EDGE('',*,*,#716,.T.);
#716 = EDGE_CURVE('',#323,#155,#717,.T.);
#717 = LINE('',#718,#719);
#718 = CARTESIAN_POINT('',(133.79862057122,-65.79862057122,6.2));
#719 = VECTOR('',#720,1.);
#720 = DIRECTION('',(0.,0.,1.));
#721 = ORIENTED_EDGE('',*,*,#162,.T.);
#722 = ORIENTED_EDGE('',*,*,#700,.F.);
#723 = PLANE('',#724);
#724 = AXIS2_PLACEMENT_3D('',#725,#726,#727);
#725 = CARTESIAN_POINT('',(133.79862057122,-65.79862057122,6.2));
#726 = DIRECTION('',(-0.998795456205,4.906767432734E-02,0.));
#727 = DIRECTION('',(4.906767432734E-02,0.998795456205,0.));
#728 = ADVANCED_FACE('',(#729),#740,.T.);
#729 = FACE_BOUND('',#730,.T.);
#730 = EDGE_LOOP('',(#731,#732,#738,#739));
#731 = ORIENTED_EDGE('',*,*,#322,.T.);
#732 = ORIENTED_EDGE('',*,*,#733,.T.);
#733 = EDGE_CURVE('',#315,#147,#734,.T.);
#734 = LINE('',#735,#736);
#735 = CARTESIAN_POINT('',(133.77054165346,-65.8,6.2));
#736 = VECTOR('',#737,1.);
#737 = DIRECTION('',(0.,0.,1.));
#738 = ORIENTED_EDGE('',*,*,#154,.T.);
#739 = ORIENTED_EDGE('',*,*,#716,.F.);
#740 = PLANE('',#741);
#741 = AXIS2_PLACEMENT_3D('',#742,#743,#744);
#742 = CARTESIAN_POINT('',(133.77054165346,-65.8,6.2));
#743 = DIRECTION('',(-4.906767432757E-02,0.998795456205,0.));
#744 = DIRECTION('',(0.998795456205,4.906767432757E-02,0.));
#745 = ADVANCED_FACE('',(#746),#757,.T.);
#746 = FACE_BOUND('',#747,.T.);
#747 = EDGE_LOOP('',(#748,#749,#750,#756));
#748 = ORIENTED_EDGE('',*,*,#733,.F.);
#749 = ORIENTED_EDGE('',*,*,#314,.T.);
#750 = ORIENTED_EDGE('',*,*,#751,.F.);
#751 = EDGE_CURVE('',#138,#306,#752,.T.);
#752 = LINE('',#753,#754);
#753 = CARTESIAN_POINT('',(131.68166538263,-65.8,6.3));
#754 = VECTOR('',#755,1.);
#755 = DIRECTION('',(-0.,-0.,-1.));
#756 = ORIENTED_EDGE('',*,*,#146,.T.);
#757 = PLANE('',#758);
#758 = AXIS2_PLACEMENT_3D('',#759,#760,#761);
#759 = CARTESIAN_POINT('',(112.22945834653,-65.8,6.2));
#760 = DIRECTION('',(0.,1.,0.));
#761 = DIRECTION('',(1.,0.,0.));
#762 = ADVANCED_FACE('',(#763),#776,.T.);
#763 = FACE_BOUND('',#764,.F.);
#764 = EDGE_LOOP('',(#765,#766,#767,#768,#774,#775));
#765 = ORIENTED_EDGE('',*,*,#751,.F.);
#766 = ORIENTED_EDGE('',*,*,#137,.F.);
#767 = ORIENTED_EDGE('',*,*,#128,.F.);
#768 = ORIENTED_EDGE('',*,*,#769,.T.);
#769 = EDGE_CURVE('',#121,#289,#770,.T.);
#770 = LINE('',#771,#772);
#771 = CARTESIAN_POINT('',(129.51833461736,-65.8,6.3));
#772 = VECTOR('',#773,1.);
#773 = DIRECTION('',(-0.,-0.,-1.));
#774 = ORIENTED_EDGE('',*,*,#296,.F.);
#775 = ORIENTED_EDGE('',*,*,#305,.F.);
#776 = CYLINDRICAL_SURFACE('',#777,2.1);
#777 = AXIS2_PLACEMENT_3D('',#778,#779,#780);
#778 = CARTESIAN_POINT('',(130.6,-64.,6.3));
#779 = DIRECTION('',(-0.,-0.,-1.));
#780 = DIRECTION('',(1.,0.,0.));
#781 = ADVANCED_FACE('',(#782),#788,.T.);
#782 = FACE_BOUND('',#783,.T.);
#783 = EDGE_LOOP('',(#784,#785,#786,#787));
#784 = ORIENTED_EDGE('',*,*,#120,.T.);
#785 = ORIENTED_EDGE('',*,*,#769,.T.);
#786 = ORIENTED_EDGE('',*,*,#288,.T.);
#787 = ORIENTED_EDGE('',*,*,#498,.F.);
#788 = PLANE('',#789);
#789 = AXIS2_PLACEMENT_3D('',#790,#791,#792);
#790 = CARTESIAN_POINT('',(112.22945834653,-65.8,6.2));
#791 = DIRECTION('',(0.,1.,0.));
#792 = DIRECTION('',(1.,0.,0.));
#793 = ADVANCED_FACE('',(#794),#805,.T.);
#794 = FACE_BOUND('',#795,.T.);
#795 = EDGE_LOOP('',(#796,#797,#803,#804));
#796 = ORIENTED_EDGE('',*,*,#453,.T.);
#797 = ORIENTED_EDGE('',*,*,#798,.T.);
#798 = EDGE_CURVE('',#446,#80,#799,.T.);
#799 = LINE('',#800,#801);
#800 = CARTESIAN_POINT('',(112.2,-65.77054165346,6.2));
#801 = VECTOR('',#802,1.);
#802 = DIRECTION('',(0.,0.,1.));
#803 = ORIENTED_EDGE('',*,*,#87,.T.);
#804 = ORIENTED_EDGE('',*,*,#261,.F.);
#805 = PLANE('',#806);
#806 = AXIS2_PLACEMENT_3D('',#807,#808,#809);
#807 = CARTESIAN_POINT('',(112.2,-65.77054165346,6.2));
#808 = DIRECTION('',(0.998795456205,4.906767432757E-02,0.));
#809 = DIRECTION('',(4.906767432757E-02,-0.998795456205,0.));
#810 = ADVANCED_FACE('',(#811),#822,.T.);
#811 = FACE_BOUND('',#812,.T.);
#812 = EDGE_LOOP('',(#813,#814,#820,#821));
#813 = ORIENTED_EDGE('',*,*,#445,.T.);
#814 = ORIENTED_EDGE('',*,*,#815,.T.);
#815 = EDGE_CURVE('',#438,#72,#816,.T.);
#816 = LINE('',#817,#818);
#817 = CARTESIAN_POINT('',(112.2,-12.22945834653,6.2));
#818 = VECTOR('',#819,1.);
#819 = DIRECTION('',(0.,0.,1.));
#820 = ORIENTED_EDGE('',*,*,#79,.T.);
#821 = ORIENTED_EDGE('',*,*,#798,.F.);
#822 = PLANE('',#823);
#823 = AXIS2_PLACEMENT_3D('',#824,#825,#826);
#824 = CARTESIAN_POINT('',(112.2,-12.22945834653,6.2));
#825 = DIRECTION('',(1.,0.,0.));
#826 = DIRECTION('',(0.,-1.,0.));
#827 = ADVANCED_FACE('',(#828),#834,.T.);
#828 = FACE_BOUND('',#829,.T.);
#829 = EDGE_LOOP('',(#830,#831,#832,#833));
#830 = ORIENTED_EDGE('',*,*,#437,.T.);
#831 = ORIENTED_EDGE('',*,*,#525,.T.);
#832 = ORIENTED_EDGE('',*,*,#71,.T.);
#833 = ORIENTED_EDGE('',*,*,#815,.F.);
#834 = PLANE('',#835);
#835 = AXIS2_PLACEMENT_3D('',#836,#837,#838);
#836 = CARTESIAN_POINT('',(112.20137942877,-12.20137942877,6.2));
#837 = DIRECTION('',(0.998795456205,-4.906767432758E-02,0.));
#838 = DIRECTION('',(-4.906767432758E-02,-0.998795456205,0.));
#839 = ADVANCED_FACE('',(#840),#859,.F.);
#840 = FACE_BOUND('',#841,.T.);
#841 = EDGE_LOOP('',(#842,#850,#851,#852));
#842 = ORIENTED_EDGE('',*,*,#843,.F.);
#843 = EDGE_CURVE('',#203,#844,#846,.T.);
#844 = VERTEX_POINT('',#845);
#845 = CARTESIAN_POINT('',(124.4,-59.5,16.6));
#846 = LINE('',#847,#848);
#847 = CARTESIAN_POINT('',(124.4,-59.5,7.8));
#848 = VECTOR('',#849,1.);
#849 = DIRECTION('',(0.,0.,1.));
#850 = ORIENTED_EDGE('',*,*,#202,.T.);
#851 = ORIENTED_EDGE('',*,*,#843,.T.);
#852 = ORIENTED_EDGE('',*,*,#853,.F.);
#853 = EDGE_CURVE('',#844,#844,#854,.T.);
#854 = CIRCLE('',#855,1.4);
#855 = AXIS2_PLACEMENT_3D('',#856,#857,#858);
#856 = CARTESIAN_POINT('',(123.,-59.5,16.6));
#857 = DIRECTION('',(0.,0.,-1.));
#858 = DIRECTION('',(1.,0.,0.));
#859 = CYLINDRICAL_SURFACE('',#860,1.4);
#860 = AXIS2_PLACEMENT_3D('',#861,#862,#863);
#861 = CARTESIAN_POINT('',(123.,-59.5,7.8));
#862 = DIRECTION('',(-0.,-0.,-1.));
#863 = DIRECTION('',(1.,0.,0.));
#864 = ADVANCED_FACE('',(#865),#890,.T.);
#865 = FACE_BOUND('',#866,.T.);
#866 = EDGE_LOOP('',(#867,#875,#876,#884));
#867 = ORIENTED_EDGE('',*,*,#868,.F.);
#868 = EDGE_CURVE('',#214,#869,#871,.T.);
#869 = VERTEX_POINT('',#870);
#870 = CARTESIAN_POINT('',(130.05,-49.35,16.6));
#871 = LINE('',#872,#873);
#872 = CARTESIAN_POINT('',(130.05,-49.35,15.1));
#873 = VECTOR('',#874,1.);
#874 = DIRECTION('',(0.,0.,1.));
#875 = ORIENTED_EDGE('',*,*,#213,.T.);
#876 = ORIENTED_EDGE('',*,*,#877,.T.);
#877 = EDGE_CURVE('',#216,#878,#880,.T.);
#878 = VERTEX_POINT('',#879);
#879 = CARTESIAN_POINT('',(115.55,-49.35,16.6));
#880 = LINE('',#881,#882);
#881 = CARTESIAN_POINT('',(115.55,-49.35,15.1));
#882 = VECTOR('',#883,1.);
#883 = DIRECTION('',(0.,0.,1.));
#884 = ORIENTED_EDGE('',*,*,#885,.F.);
#885 = EDGE_CURVE('',#869,#878,#886,.T.);
#886 = LINE('',#887,#888);
#887 = CARTESIAN_POINT('',(119.275,-49.35,16.6));
#888 = VECTOR('',#889,1.);
#889 = DIRECTION('',(-1.,0.,0.));
#890 = PLANE('',#891);
#891 = AXIS2_PLACEMENT_3D('',#892,#893,#894);
#892 = CARTESIAN_POINT('',(115.55,-49.35,15.1));
#893 = DIRECTION('',(0.,1.,0.));
#894 = DIRECTION('',(0.,0.,1.));
#895 = ADVANCED_FACE('',(#896),#914,.F.);
#896 = FACE_BOUND('',#897,.F.);
#897 = EDGE_LOOP('',(#898,#899,#900,#908));
#898 = ORIENTED_EDGE('',*,*,#868,.F.);
#899 = ORIENTED_EDGE('',*,*,#239,.T.);
#900 = ORIENTED_EDGE('',*,*,#901,.T.);
#901 = EDGE_CURVE('',#232,#902,#904,.T.);
#902 = VERTEX_POINT('',#903);
#903 = CARTESIAN_POINT('',(130.05,-18.25,16.6));
#904 = LINE('',#905,#906);
#905 = CARTESIAN_POINT('',(130.05,-18.25,15.1));
#906 = VECTOR('',#907,1.);
#907 = DIRECTION('',(0.,0.,1.));
#908 = ORIENTED_EDGE('',*,*,#909,.F.);
#909 = EDGE_CURVE('',#869,#902,#910,.T.);
#910 = LINE('',#911,#912);
#911 = CARTESIAN_POINT('',(130.05,-44.175,16.6));
#912 = VECTOR('',#913,1.);
#913 = DIRECTION('',(0.,1.,0.));
#914 = PLANE('',#915);
#915 = AXIS2_PLACEMENT_3D('',#916,#917,#918);
#916 = CARTESIAN_POINT('',(130.05,-49.35,15.1));
#917 = DIRECTION('',(1.,0.,0.));
#918 = DIRECTION('',(0.,0.,1.));
#919 = ADVANCED_FACE('',(#920),#938,.T.);
#920 = FACE_BOUND('',#921,.T.);
#921 = EDGE_LOOP('',(#922,#923,#924,#932));
#922 = ORIENTED_EDGE('',*,*,#877,.F.);
#923 = ORIENTED_EDGE('',*,*,#223,.T.);
#924 = ORIENTED_EDGE('',*,*,#925,.T.);
#925 = EDGE_CURVE('',#224,#926,#928,.T.);
#926 = VERTEX_POINT('',#927);
#927 = CARTESIAN_POINT('',(115.55,-18.25,16.6));
#928 = LINE('',#929,#930);
#929 = CARTESIAN_POINT('',(115.55,-18.25,15.1));
#930 = VECTOR('',#931,1.);
#931 = DIRECTION('',(0.,0.,1.));
#932 = ORIENTED_EDGE('',*,*,#933,.F.);
#933 = EDGE_CURVE('',#878,#926,#934,.T.);
#934 = LINE('',#935,#936);
#935 = CARTESIAN_POINT('',(115.55,-44.175,16.6));
#936 = VECTOR('',#937,1.);
#937 = DIRECTION('',(0.,1.,0.));
#938 = PLANE('',#939);
#939 = AXIS2_PLACEMENT_3D('',#940,#941,#942);
#940 = CARTESIAN_POINT('',(115.55,-49.35,15.1));
#941 = DIRECTION('',(1.,0.,0.));
#942 = DIRECTION('',(0.,0.,1.));
#943 = ADVANCED_FACE('',(#944),#955,.F.);
#944 = FACE_BOUND('',#945,.F.);
#945 = EDGE_LOOP('',(#946,#947,#948,#949));
#946 = ORIENTED_EDGE('',*,*,#901,.F.);
#947 = ORIENTED_EDGE('',*,*,#231,.T.);
#948 = ORIENTED_EDGE('',*,*,#925,.T.);
#949 = ORIENTED_EDGE('',*,*,#950,.F.);
#950 = EDGE_CURVE('',#902,#926,#951,.T.);
#951 = LINE('',#952,#953);
#952 = CARTESIAN_POINT('',(119.275,-18.25,16.6));
#953 = VECTOR('',#954,1.);
#954 = DIRECTION('',(-1.,0.,0.));
#955 = PLANE('',#956);
#956 = AXIS2_PLACEMENT_3D('',#957,#958,#959);
#957 = CARTESIAN_POINT('',(115.55,-18.25,15.1));
#958 = DIRECTION('',(0.,1.,0.));
#959 = DIRECTION('',(0.,0.,1.));
#960 = ADVANCED_FACE('',(#961),#979,.T.);
#961 = FACE_BOUND('',#962,.T.);
#962 = EDGE_LOOP('',(#963,#971,#977,#978));
#963 = ORIENTED_EDGE('',*,*,#964,.T.);
#964 = EDGE_CURVE('',#686,#965,#967,.T.);
#965 = VERTEX_POINT('',#966);
#966 = CARTESIAN_POINT('',(135.,-61.9,9.2));
#967 = LINE('',#968,#969);
#968 = CARTESIAN_POINT('',(128.3,-61.9,9.2));
#969 = VECTOR('',#970,1.);
#970 = DIRECTION('',(1.,0.,0.));
#971 = ORIENTED_EDGE('',*,*,#972,.F.);
#972 = EDGE_CURVE('',#347,#965,#973,.T.);
#973 = LINE('',#974,#975);
#974 = CARTESIAN_POINT('',(135.,-61.9,5.7));
#975 = VECTOR('',#976,1.);
#976 = DIRECTION('',(0.,0.,1.));
#977 = ORIENTED_EDGE('',*,*,#346,.T.);
#978 = ORIENTED_EDGE('',*,*,#693,.F.);
#979 = PLANE('',#980);
#980 = AXIS2_PLACEMENT_3D('',#981,#982,#983);
#981 = CARTESIAN_POINT('',(128.3,-61.9,5.1));
#982 = DIRECTION('',(0.,1.,0.));
#983 = DIRECTION('',(0.,0.,1.));
#984 = ADVANCED_FACE('',(#985),#1035,.T.);
#985 = FACE_BOUND('',#986,.T.);
#986 = EDGE_LOOP('',(#987,#997,#1005,#1013,#1019,#1020,#1021,#1029));
#987 = ORIENTED_EDGE('',*,*,#988,.F.);
#988 = EDGE_CURVE('',#989,#991,#993,.T.);
#989 = VERTEX_POINT('',#990);
#990 = CARTESIAN_POINT('',(135.,-12.2,6.3));
#991 = VERTEX_POINT('',#992);
#992 = CARTESIAN_POINT('',(135.,-53.4,6.3));
#993 = LINE('',#994,#995);
#994 = CARTESIAN_POINT('',(135.,-12.2,6.3));
#995 = VECTOR('',#996,1.);
#996 = DIRECTION('',(0.,-1.,0.));
#997 = ORIENTED_EDGE('',*,*,#998,.T.);
#998 = EDGE_CURVE('',#989,#999,#1001,.T.);
#999 = VERTEX_POINT('',#1000);
#1000 = CARTESIAN_POINT('',(135.,-12.2,16.6));
#1001 = LINE('',#1002,#1003);
#1002 = CARTESIAN_POINT('',(135.,-12.2,6.3));
#1003 = VECTOR('',#1004,1.);
#1004 = DIRECTION('',(0.,0.,1.));
#1005 = ORIENTED_EDGE('',*,*,#1006,.T.);
#1006 = EDGE_CURVE('',#999,#1007,#1009,.T.);
#1007 = VERTEX_POINT('',#1008);
#1008 = CARTESIAN_POINT('',(135.,-65.8,16.6));
#1009 = LINE('',#1010,#1011);
#1010 = CARTESIAN_POINT('',(135.,-12.2,16.6));
#1011 = VECTOR('',#1012,1.);
#1012 = DIRECTION('',(0.,-1.,0.));
#1013 = ORIENTED_EDGE('',*,*,#1014,.F.);
#1014 = EDGE_CURVE('',#355,#1007,#1015,.T.);
#1015 = LINE('',#1016,#1017);
#1016 = CARTESIAN_POINT('',(135.,-65.8,6.3));
#1017 = VECTOR('',#1018,1.);
#1018 = DIRECTION('',(0.,0.,1.));
#1019 = ORIENTED_EDGE('',*,*,#354,.F.);
#1020 = ORIENTED_EDGE('',*,*,#972,.T.);
#1021 = ORIENTED_EDGE('',*,*,#1022,.F.);
#1022 = EDGE_CURVE('',#1023,#965,#1025,.T.);
#1023 = VERTEX_POINT('',#1024);
#1024 = CARTESIAN_POINT('',(135.,-53.4,9.2));
#1025 = LINE('',#1026,#1027);
#1026 = CARTESIAN_POINT('',(135.,-37.05,9.2));
#1027 = VECTOR('',#1028,1.);
#1028 = DIRECTION('',(0.,-1.,0.));
#1029 = ORIENTED_EDGE('',*,*,#1030,.F.);
#1030 = EDGE_CURVE('',#991,#1023,#1031,.T.);
#1031 = LINE('',#1032,#1033);
#1032 = CARTESIAN_POINT('',(135.,-53.4,5.7));
#1033 = VECTOR('',#1034,1.);
#1034 = DIRECTION('',(0.,0.,1.));
#1035 = PLANE('',#1036);
#1036 = AXIS2_PLACEMENT_3D('',#1037,#1038,#1039);
#1037 = CARTESIAN_POINT('',(135.,-12.2,6.3));
#1038 = DIRECTION('',(1.,0.,0.));
#1039 = DIRECTION('',(0.,-1.,0.));
#1040 = ADVANCED_FACE('',(#1041),#1075,.T.);
#1041 = FACE_BOUND('',#1042,.T.);
#1042 = EDGE_LOOP('',(#1043,#1053,#1061,#1067,#1068,#1069));
#1043 = ORIENTED_EDGE('',*,*,#1044,.F.);
#1044 = EDGE_CURVE('',#1045,#1047,#1049,.T.);
#1045 = VERTEX_POINT('',#1046);
#1046 = CARTESIAN_POINT('',(116.3,-11.4,11.8));
#1047 = VERTEX_POINT('',#1048);
#1048 = CARTESIAN_POINT('',(116.3,-11.,11.8));
#1049 = LINE('',#1050,#1051);
#1050 = CARTESIAN_POINT('',(116.3,-20.,11.8));
#1051 = VECTOR('',#1052,1.);
#1052 = DIRECTION('',(0.,1.,0.));
#1053 = ORIENTED_EDGE('',*,*,#1054,.F.);
#1054 = EDGE_CURVE('',#1055,#1045,#1057,.T.);
#1055 = VERTEX_POINT('',#1056);
#1056 = CARTESIAN_POINT('',(116.3,-11.4,8.5));
#1057 = LINE('',#1058,#1059);
#1058 = CARTESIAN_POINT('',(116.3,-11.4,7.35));
#1059 = VECTOR('',#1060,1.);
#1060 = DIRECTION('',(0.,0.,1.));
#1061 = ORIENTED_EDGE('',*,*,#1062,.T.);
#1062 = EDGE_CURVE('',#1055,#542,#1063,.T.);
#1063 = LINE('',#1064,#1065);
#1064 = CARTESIAN_POINT('',(116.3,-34.05,8.5));
#1065 = VECTOR('',#1066,1.);
#1066 = DIRECTION('',(0.,-1.,0.));
#1067 = ORIENTED_EDGE('',*,*,#541,.F.);
#1068 = ORIENTED_EDGE('',*,*,#413,.T.);
#1069 = ORIENTED_EDGE('',*,*,#1070,.F.);
#1070 = EDGE_CURVE('',#1047,#406,#1071,.T.);
#1071 = LINE('',#1072,#1073);
#1072 = CARTESIAN_POINT('',(116.3,-11.,6.25));
#1073 = VECTOR('',#1074,1.);
#1074 = DIRECTION('',(0.,0.,-1.));
#1075 = PLANE('',#1076);
#1076 = AXIS2_PLACEMENT_3D('',#1077,#1078,#1079);
#1077 = CARTESIAN_POINT('',(116.3,-20.,6.2));
#1078 = DIRECTION('',(1.,0.,0.));
#1079 = DIRECTION('',(0.,0.,1.));
#1080 = ADVANCED_FACE('',(#1081),#1100,.T.);
#1081 = FACE_BOUND('',#1082,.T.);
#1082 = EDGE_LOOP('',(#1083,#1084,#1093,#1099));
#1083 = ORIENTED_EDGE('',*,*,#1014,.T.);
#1084 = ORIENTED_EDGE('',*,*,#1085,.T.);
#1085 = EDGE_CURVE('',#1007,#1086,#1088,.T.);
#1086 = VERTEX_POINT('',#1087);
#1087 = CARTESIAN_POINT('',(133.8,-67.,16.6));
#1088 = CIRCLE('',#1089,1.2);
#1089 = AXIS2_PLACEMENT_3D('',#1090,#1091,#1092);
#1090 = CARTESIAN_POINT('',(133.8,-65.8,16.6));
#1091 = DIRECTION('',(0.,0.,-1.));
#1092 = DIRECTION('',(1.,2.368475785867E-14,0.));
#1093 = ORIENTED_EDGE('',*,*,#1094,.F.);
#1094 = EDGE_CURVE('',#363,#1086,#1095,.T.);
#1095 = LINE('',#1096,#1097);
#1096 = CARTESIAN_POINT('',(133.8,-67.,6.3));
#1097 = VECTOR('',#1098,1.);
#1098 = DIRECTION('',(0.,0.,1.));
#1099 = ORIENTED_EDGE('',*,*,#362,.F.);
#1100 = CYLINDRICAL_SURFACE('',#1101,1.2);
#1101 = AXIS2_PLACEMENT_3D('',#1102,#1103,#1104);
#1102 = CARTESIAN_POINT('',(133.8,-65.8,6.3));
#1103 = DIRECTION('',(0.,0.,-1.));
#1104 = DIRECTION('',(1.,2.368475785867E-14,0.));
#1105 = ADVANCED_FACE('',(#1106),#1156,.T.);
#1106 = FACE_BOUND('',#1107,.T.);
#1107 = EDGE_LOOP('',(#1108,#1109,#1117,#1125,#1133,#1141,#1149,#1155));
#1108 = ORIENTED_EDGE('',*,*,#405,.F.);
#1109 = ORIENTED_EDGE('',*,*,#1110,.T.);
#1110 = EDGE_CURVE('',#397,#1111,#1113,.T.);
#1111 = VERTEX_POINT('',#1112);
#1112 = CARTESIAN_POINT('',(112.2,-11.,16.6));
#1113 = LINE('',#1114,#1115);
#1114 = CARTESIAN_POINT('',(112.2,-11.,6.3));
#1115 = VECTOR('',#1116,1.);
#1116 = DIRECTION('',(0.,0.,1.));
#1117 = ORIENTED_EDGE('',*,*,#1118,.T.);
#1118 = EDGE_CURVE('',#1111,#1119,#1121,.T.);
#1119 = VERTEX_POINT('',#1120);
#1120 = CARTESIAN_POINT('',(133.8,-11.,16.6));
#1121 = LINE('',#1122,#1123);
#1122 = CARTESIAN_POINT('',(112.2,-11.,16.6));
#1123 = VECTOR('',#1124,1.);
#1124 = DIRECTION('',(1.,0.,0.));
#1125 = ORIENTED_EDGE('',*,*,#1126,.F.);
#1126 = EDGE_CURVE('',#1127,#1119,#1129,.T.);
#1127 = VERTEX_POINT('',#1128);
#1128 = CARTESIAN_POINT('',(133.8,-11.,6.3));
#1129 = LINE('',#1130,#1131);
#1130 = CARTESIAN_POINT('',(133.8,-11.,6.3));
#1131 = VECTOR('',#1132,1.);
#1132 = DIRECTION('',(0.,0.,1.));
#1133 = ORIENTED_EDGE('',*,*,#1134,.F.);
#1134 = EDGE_CURVE('',#1135,#1127,#1137,.T.);
#1135 = VERTEX_POINT('',#1136);
#1136 = CARTESIAN_POINT('',(129.3,-11.,6.3));
#1137 = LINE('',#1138,#1139);
#1138 = CARTESIAN_POINT('',(112.2,-11.,6.3));
#1139 = VECTOR('',#1140,1.);
#1140 = DIRECTION('',(1.,0.,0.));
#1141 = ORIENTED_EDGE('',*,*,#1142,.F.);
#1142 = EDGE_CURVE('',#1143,#1135,#1145,.T.);
#1143 = VERTEX_POINT('',#1144);
#1144 = CARTESIAN_POINT('',(129.3,-11.,11.8));
#1145 = LINE('',#1146,#1147);
#1146 = CARTESIAN_POINT('',(129.3,-11.,6.25));
#1147 = VECTOR('',#1148,1.);
#1148 = DIRECTION('',(0.,0.,-1.));
#1149 = ORIENTED_EDGE('',*,*,#1150,.F.);
#1150 = EDGE_CURVE('',#1047,#1143,#1151,.T.);
#1151 = LINE('',#1152,#1153);
#1152 = CARTESIAN_POINT('',(114.25,-11.,11.8));
#1153 = VECTOR('',#1154,1.);
#1154 = DIRECTION('',(1.,0.,0.));
#1155 = ORIENTED_EDGE('',*,*,#1070,.T.);
#1156 = PLANE('',#1157);
#1157 = AXIS2_PLACEMENT_3D('',#1158,#1159,#1160);
#1158 = CARTESIAN_POINT('',(112.2,-11.,6.3));
#1159 = DIRECTION('',(0.,1.,0.));
#1160 = DIRECTION('',(1.,0.,0.));
#1161 = ADVANCED_FACE('',(#1162),#1180,.T.);
#1162 = FACE_BOUND('',#1163,.T.);
#1163 = EDGE_LOOP('',(#1164,#1165,#1173,#1179));
#1164 = ORIENTED_EDGE('',*,*,#1094,.T.);
#1165 = ORIENTED_EDGE('',*,*,#1166,.T.);
#1166 = EDGE_CURVE('',#1086,#1167,#1169,.T.);
#1167 = VERTEX_POINT('',#1168);
#1168 = CARTESIAN_POINT('',(112.2,-67.,16.6));
#1169 = LINE('',#1170,#1171);
#1170 = CARTESIAN_POINT('',(133.8,-67.,16.6));
#1171 = VECTOR('',#1172,1.);
#1172 = DIRECTION('',(-1.,0.,0.));
#1173 = ORIENTED_EDGE('',*,*,#1174,.F.);
#1174 = EDGE_CURVE('',#372,#1167,#1175,.T.);
#1175 = LINE('',#1176,#1177);
#1176 = CARTESIAN_POINT('',(112.2,-67.,6.3));
#1177 = VECTOR('',#1178,1.);
#1178 = DIRECTION('',(0.,0.,1.));
#1179 = ORIENTED_EDGE('',*,*,#371,.F.);
#1180 = PLANE('',#1181);
#1181 = AXIS2_PLACEMENT_3D('',#1182,#1183,#1184);
#1182 = CARTESIAN_POINT('',(133.8,-67.,6.3));
#1183 = DIRECTION('',(0.,-1.,0.));
#1184 = DIRECTION('',(-1.,0.,0.));
#1185 = ADVANCED_FACE('',(#1186),#1205,.T.);
#1186 = FACE_BOUND('',#1187,.T.);
#1187 = EDGE_LOOP('',(#1188,#1196,#1203,#1204));
#1188 = ORIENTED_EDGE('',*,*,#1189,.T.);
#1189 = EDGE_CURVE('',#389,#1190,#1192,.T.);
#1190 = VERTEX_POINT('',#1191);
#1191 = CARTESIAN_POINT('',(111.,-12.2,16.6));
#1192 = LINE('',#1193,#1194);
#1193 = CARTESIAN_POINT('',(111.,-12.2,6.3));
#1194 = VECTOR('',#1195,1.);
#1195 = DIRECTION('',(0.,0.,1.));
#1196 = ORIENTED_EDGE('',*,*,#1197,.T.);
#1197 = EDGE_CURVE('',#1190,#1111,#1198,.T.);
#1198 = CIRCLE('',#1199,1.2);
#1199 = AXIS2_PLACEMENT_3D('',#1200,#1201,#1202);
#1200 = CARTESIAN_POINT('',(112.2,-12.2,16.6));
#1201 = DIRECTION('',(0.,0.,-1.));
#1202 = DIRECTION('',(-1.,4.440892098501E-15,0.));
#1203 = ORIENTED_EDGE('',*,*,#1110,.F.);
#1204 = ORIENTED_EDGE('',*,*,#396,.F.);
#1205 = CYLINDRICAL_SURFACE('',#1206,1.2);
#1206 = AXIS2_PLACEMENT_3D('',#1207,#1208,#1209);
#1207 = CARTESIAN_POINT('',(112.2,-12.2,6.3));
#1208 = DIRECTION('',(0.,0.,-1.));
#1209 = DIRECTION('',(-1.,4.440892098501E-15,0.));
#1210 = ADVANCED_FACE('',(#1211),#1230,.T.);
#1211 = FACE_BOUND('',#1212,.T.);
#1212 = EDGE_LOOP('',(#1213,#1214,#1223,#1229));
#1213 = ORIENTED_EDGE('',*,*,#1174,.T.);
#1214 = ORIENTED_EDGE('',*,*,#1215,.T.);
#1215 = EDGE_CURVE('',#1167,#1216,#1218,.T.);
#1216 = VERTEX_POINT('',#1217);
#1217 = CARTESIAN_POINT('',(111.,-65.8,16.6));
#1218 = CIRCLE('',#1219,1.2);
#1219 = AXIS2_PLACEMENT_3D('',#1220,#1221,#1222);
#1220 = CARTESIAN_POINT('',(112.2,-65.8,16.6));
#1221 = DIRECTION('',(0.,0.,-1.));
#1222 = DIRECTION('',(0.,-1.,0.));
#1223 = ORIENTED_EDGE('',*,*,#1224,.F.);
#1224 = EDGE_CURVE('',#380,#1216,#1225,.T.);
#1225 = LINE('',#1226,#1227);
#1226 = CARTESIAN_POINT('',(111.,-65.8,6.3));
#1227 = VECTOR('',#1228,1.);
#1228 = DIRECTION('',(0.,0.,1.));
#1229 = ORIENTED_EDGE('',*,*,#379,.F.);
#1230 = CYLINDRICAL_SURFACE('',#1231,1.2);
#1231 = AXIS2_PLACEMENT_3D('',#1232,#1233,#1234);
#1232 = CARTESIAN_POINT('',(112.2,-65.8,6.3));
#1233 = DIRECTION('',(0.,0.,-1.));
#1234 = DIRECTION('',(0.,-1.,0.));
#1235 = ADVANCED_FACE('',(#1236),#1247,.T.);
#1236 = FACE_BOUND('',#1237,.T.);
#1237 = EDGE_LOOP('',(#1238,#1239,#1245,#1246));
#1238 = ORIENTED_EDGE('',*,*,#1224,.T.);
#1239 = ORIENTED_EDGE('',*,*,#1240,.T.);
#1240 = EDGE_CURVE('',#1216,#1190,#1241,.T.);
#1241 = LINE('',#1242,#1243);
#1242 = CARTESIAN_POINT('',(111.,-65.8,16.6));
#1243 = VECTOR('',#1244,1.);
#1244 = DIRECTION('',(0.,1.,0.));
#1245 = ORIENTED_EDGE('',*,*,#1189,.F.);
#1246 = ORIENTED_EDGE('',*,*,#388,.F.);
#1247 = PLANE('',#1248);
#1248 = AXIS2_PLACEMENT_3D('',#1249,#1250,#1251);
#1249 = CARTESIAN_POINT('',(111.,-65.8,6.3));
#1250 = DIRECTION('',(-1.,0.,0.));
#1251 = DIRECTION('',(0.,1.,0.));
#1252 = ADVANCED_FACE('',(#1253),#1272,.F.);
#1253 = FACE_BOUND('',#1254,.T.);
#1254 = EDGE_LOOP('',(#1255,#1263,#1264,#1265));
#1255 = ORIENTED_EDGE('',*,*,#1256,.F.);
#1256 = EDGE_CURVE('',#471,#1257,#1259,.T.);
#1257 = VERTEX_POINT('',#1258);
#1258 = CARTESIAN_POINT('',(131.75,-64.,14.9));
#1259 = LINE('',#1260,#1261);
#1260 = CARTESIAN_POINT('',(131.75,-64.,6.2));
#1261 = VECTOR('',#1262,1.);
#1262 = DIRECTION('',(0.,0.,1.));
#1263 = ORIENTED_EDGE('',*,*,#470,.T.);
#1264 = ORIENTED_EDGE('',*,*,#1256,.T.);
#1265 = ORIENTED_EDGE('',*,*,#1266,.F.);
#1266 = EDGE_CURVE('',#1257,#1257,#1267,.T.);
#1267 = CIRCLE('',#1268,1.15);
#1268 = AXIS2_PLACEMENT_3D('',#1269,#1270,#1271);
#1269 = CARTESIAN_POINT('',(130.6,-64.,14.9));
#1270 = DIRECTION('',(0.,0.,-1.));
#1271 = DIRECTION('',(1.,0.,0.));
#1272 = CYLINDRICAL_SURFACE('',#1273,1.15);
#1273 = AXIS2_PLACEMENT_3D('',#1274,#1275,#1276);
#1274 = CARTESIAN_POINT('',(130.6,-64.,6.2));
#1275 = DIRECTION('',(-0.,-0.,-1.));
#1276 = DIRECTION('',(1.,0.,0.));
#1277 = ADVANCED_FACE('',(#1278),#1297,.F.);
#1278 = FACE_BOUND('',#1279,.T.);
#1279 = EDGE_LOOP('',(#1280,#1288,#1289,#1290));
#1280 = ORIENTED_EDGE('',*,*,#1281,.F.);
#1281 = EDGE_CURVE('',#482,#1282,#1284,.T.);
#1282 = VERTEX_POINT('',#1283);
#1283 = CARTESIAN_POINT('',(115.65,-64.,14.9));
#1284 = LINE('',#1285,#1286);
#1285 = CARTESIAN_POINT('',(115.65,-64.,6.2));
#1286 = VECTOR('',#1287,1.);
#1287 = DIRECTION('',(0.,0.,1.));
#1288 = ORIENTED_EDGE('',*,*,#481,.T.);
#1289 = ORIENTED_EDGE('',*,*,#1281,.T.);
#1290 = ORIENTED_EDGE('',*,*,#1291,.F.);
#1291 = EDGE_CURVE('',#1282,#1282,#1292,.T.);
#1292 = CIRCLE('',#1293,1.15);
#1293 = AXIS2_PLACEMENT_3D('',#1294,#1295,#1296);
#1294 = CARTESIAN_POINT('',(114.5,-64.,14.9));
#1295 = DIRECTION('',(0.,0.,-1.));
#1296 = DIRECTION('',(1.,0.,0.));
#1297 = CYLINDRICAL_SURFACE('',#1298,1.15);
#1298 = AXIS2_PLACEMENT_3D('',#1299,#1300,#1301);
#1299 = CARTESIAN_POINT('',(114.5,-64.,6.2));
#1300 = DIRECTION('',(-0.,-0.,-1.));
#1301 = DIRECTION('',(1.,0.,0.));
#1302 = ADVANCED_FACE('',(#1303),#1330,.F.);
#1303 = FACE_BOUND('',#1304,.F.);
#1304 = EDGE_LOOP('',(#1305,#1311,#1312,#1319,#1320,#1326,#1327,#1328,
    #1329));
#1305 = ORIENTED_EDGE('',*,*,#1306,.F.);
#1306 = EDGE_CURVE('',#991,#670,#1307,.T.);
#1307 = LINE('',#1308,#1309);
#1308 = CARTESIAN_POINT('',(125.65,-53.4,6.3));
#1309 = VECTOR('',#1310,1.);
#1310 = DIRECTION('',(-1.,0.,0.));
#1311 = ORIENTED_EDGE('',*,*,#988,.F.);
#1312 = ORIENTED_EDGE('',*,*,#1313,.F.);
#1313 = EDGE_CURVE('',#1127,#989,#1314,.T.);
#1314 = CIRCLE('',#1315,1.2);
#1315 = AXIS2_PLACEMENT_3D('',#1316,#1317,#1318);
#1316 = CARTESIAN_POINT('',(133.8,-12.2,6.3));
#1317 = DIRECTION('',(0.,0.,-1.));
#1318 = DIRECTION('',(0.,1.,0.));
#1319 = ORIENTED_EDGE('',*,*,#1134,.F.);
#1320 = ORIENTED_EDGE('',*,*,#1321,.F.);
#1321 = EDGE_CURVE('',#590,#1135,#1322,.T.);
#1322 = LINE('',#1323,#1324);
#1323 = CARTESIAN_POINT('',(129.3,-29.5,6.3));
#1324 = VECTOR('',#1325,1.);
#1325 = DIRECTION('',(0.,1.,0.));
#1326 = ORIENTED_EDGE('',*,*,#597,.T.);
#1327 = ORIENTED_EDGE('',*,*,#620,.T.);
#1328 = ORIENTED_EDGE('',*,*,#644,.T.);
#1329 = ORIENTED_EDGE('',*,*,#669,.T.);
#1330 = PLANE('',#1331);
#1331 = AXIS2_PLACEMENT_3D('',#1332,#1333,#1334);
#1332 = CARTESIAN_POINT('',(123.,-39.,6.3));
#1333 = DIRECTION('',(0.,0.,1.));
#1334 = DIRECTION('',(1.,0.,0.));
#1335 = ADVANCED_FACE('',(#1336),#1363,.F.);
#1336 = FACE_BOUND('',#1337,.F.);
#1337 = EDGE_LOOP('',(#1338,#1346,#1354,#1360,#1361,#1362));
#1338 = ORIENTED_EDGE('',*,*,#1339,.F.);
#1339 = EDGE_CURVE('',#1340,#1143,#1342,.T.);
#1340 = VERTEX_POINT('',#1341);
#1341 = CARTESIAN_POINT('',(129.3,-11.4,11.8));
#1342 = LINE('',#1343,#1344);
#1343 = CARTESIAN_POINT('',(129.3,-20.,11.8));
#1344 = VECTOR('',#1345,1.);
#1345 = DIRECTION('',(0.,1.,0.));
#1346 = ORIENTED_EDGE('',*,*,#1347,.F.);
#1347 = EDGE_CURVE('',#1348,#1340,#1350,.T.);
#1348 = VERTEX_POINT('',#1349);
#1349 = CARTESIAN_POINT('',(129.3,-11.4,8.5));
#1350 = LINE('',#1351,#1352);
#1351 = CARTESIAN_POINT('',(129.3,-11.4,7.35));
#1352 = VECTOR('',#1353,1.);
#1353 = DIRECTION('',(0.,0.,1.));
#1354 = ORIENTED_EDGE('',*,*,#1355,.T.);
#1355 = EDGE_CURVE('',#1348,#582,#1356,.T.);
#1356 = LINE('',#1357,#1358);
#1357 = CARTESIAN_POINT('',(129.3,-34.05,8.5));
#1358 = VECTOR('',#1359,1.);
#1359 = DIRECTION('',(0.,-1.,0.));
#1360 = ORIENTED_EDGE('',*,*,#589,.F.);
#1361 = ORIENTED_EDGE('',*,*,#1321,.T.);
#1362 = ORIENTED_EDGE('',*,*,#1142,.F.);
#1363 = PLANE('',#1364);
#1364 = AXIS2_PLACEMENT_3D('',#1365,#1366,#1367);
#1365 = CARTESIAN_POINT('',(129.3,-20.,6.2));
#1366 = DIRECTION('',(1.,0.,0.));
#1367 = DIRECTION('',(0.,0.,1.));
#1368 = ADVANCED_FACE('',(#1369),#1387,.T.);
#1369 = FACE_BOUND('',#1370,.T.);
#1370 = EDGE_LOOP('',(#1371,#1372,#1380,#1386));
#1371 = ORIENTED_EDGE('',*,*,#581,.F.);
#1372 = ORIENTED_EDGE('',*,*,#1373,.T.);
#1373 = EDGE_CURVE('',#574,#1374,#1376,.T.);
#1374 = VERTEX_POINT('',#1375);
#1375 = CARTESIAN_POINT('',(132.6,-11.4,8.5));
#1376 = LINE('',#1377,#1378);
#1377 = CARTESIAN_POINT('',(132.6,-48.1,8.5));
#1378 = VECTOR('',#1379,1.);
#1379 = DIRECTION('',(0.,1.,0.));
#1380 = ORIENTED_EDGE('',*,*,#1381,.F.);
#1381 = EDGE_CURVE('',#1348,#1374,#1382,.T.);
#1382 = LINE('',#1383,#1384);
#1383 = CARTESIAN_POINT('',(113.,-11.4,8.5));
#1384 = VECTOR('',#1385,1.);
#1385 = DIRECTION('',(1.,0.,0.));
#1386 = ORIENTED_EDGE('',*,*,#1355,.T.);
#1387 = PLANE('',#1388);
#1388 = AXIS2_PLACEMENT_3D('',#1389,#1390,#1391);
#1389 = CARTESIAN_POINT('',(113.,-48.1,8.5));
#1390 = DIRECTION('',(0.,0.,1.));
#1391 = DIRECTION('',(1.,0.,0.));
#1392 = ADVANCED_FACE('',(#1393),#1411,.F.);
#1393 = FACE_BOUND('',#1394,.F.);
#1394 = EDGE_LOOP('',(#1395,#1403,#1404,#1405));
#1395 = ORIENTED_EDGE('',*,*,#1396,.F.);
#1396 = EDGE_CURVE('',#566,#1397,#1399,.T.);
#1397 = VERTEX_POINT('',#1398);
#1398 = CARTESIAN_POINT('',(132.6,-11.4,12.7));
#1399 = LINE('',#1400,#1401);
#1400 = CARTESIAN_POINT('',(132.6,-48.1,12.7));
#1401 = VECTOR('',#1402,1.);
#1402 = DIRECTION('',(0.,1.,0.));
#1403 = ORIENTED_EDGE('',*,*,#573,.F.);
#1404 = ORIENTED_EDGE('',*,*,#1373,.T.);
#1405 = ORIENTED_EDGE('',*,*,#1406,.T.);
#1406 = EDGE_CURVE('',#1374,#1397,#1407,.T.);
#1407 = LINE('',#1408,#1409);
#1408 = CARTESIAN_POINT('',(132.6,-11.4,8.5));
#1409 = VECTOR('',#1410,1.);
#1410 = DIRECTION('',(0.,0.,1.));
#1411 = PLANE('',#1412);
#1412 = AXIS2_PLACEMENT_3D('',#1413,#1414,#1415);
#1413 = CARTESIAN_POINT('',(132.6,-48.1,8.5));
#1414 = DIRECTION('',(1.,0.,0.));
#1415 = DIRECTION('',(0.,0.,1.));
#1416 = ADVANCED_FACE('',(#1417),#1435,.F.);
#1417 = FACE_BOUND('',#1418,.F.);
#1418 = EDGE_LOOP('',(#1419,#1427,#1428,#1429));
#1419 = ORIENTED_EDGE('',*,*,#1420,.F.);
#1420 = EDGE_CURVE('',#558,#1421,#1423,.T.);
#1421 = VERTEX_POINT('',#1422);
#1422 = CARTESIAN_POINT('',(113.,-11.4,12.7));
#1423 = LINE('',#1424,#1425);
#1424 = CARTESIAN_POINT('',(113.,-48.1,12.7));
#1425 = VECTOR('',#1426,1.);
#1426 = DIRECTION('',(0.,1.,0.));
#1427 = ORIENTED_EDGE('',*,*,#565,.F.);
#1428 = ORIENTED_EDGE('',*,*,#1396,.T.);
#1429 = ORIENTED_EDGE('',*,*,#1430,.F.);
#1430 = EDGE_CURVE('',#1421,#1397,#1431,.T.);
#1431 = LINE('',#1432,#1433);
#1432 = CARTESIAN_POINT('',(113.,-11.4,12.7));
#1433 = VECTOR('',#1434,1.);
#1434 = DIRECTION('',(1.,0.,0.));
#1435 = PLANE('',#1436);
#1436 = AXIS2_PLACEMENT_3D('',#1437,#1438,#1439);
#1437 = CARTESIAN_POINT('',(113.,-48.1,12.7));
#1438 = DIRECTION('',(0.,0.,1.));
#1439 = DIRECTION('',(1.,0.,0.));
#1440 = ADVANCED_FACE('',(#1441),#1459,.T.);
#1441 = FACE_BOUND('',#1442,.T.);
#1442 = EDGE_LOOP('',(#1443,#1444,#1445,#1453));
#1443 = ORIENTED_EDGE('',*,*,#1420,.F.);
#1444 = ORIENTED_EDGE('',*,*,#557,.F.);
#1445 = ORIENTED_EDGE('',*,*,#1446,.T.);
#1446 = EDGE_CURVE('',#550,#1447,#1449,.T.);
#1447 = VERTEX_POINT('',#1448);
#1448 = CARTESIAN_POINT('',(113.,-11.4,8.5));
#1449 = LINE('',#1450,#1451);
#1450 = CARTESIAN_POINT('',(113.,-48.1,8.5));
#1451 = VECTOR('',#1452,1.);
#1452 = DIRECTION('',(0.,1.,0.));
#1453 = ORIENTED_EDGE('',*,*,#1454,.T.);
#1454 = EDGE_CURVE('',#1447,#1421,#1455,.T.);
#1455 = LINE('',#1456,#1457);
#1456 = CARTESIAN_POINT('',(113.,-11.4,8.5));
#1457 = VECTOR('',#1458,1.);
#1458 = DIRECTION('',(0.,0.,1.));
#1459 = PLANE('',#1460);
#1460 = AXIS2_PLACEMENT_3D('',#1461,#1462,#1463);
#1461 = CARTESIAN_POINT('',(113.,-48.1,8.5));
#1462 = DIRECTION('',(1.,0.,0.));
#1463 = DIRECTION('',(0.,0.,1.));
#1464 = ADVANCED_FACE('',(#1465),#1476,.T.);
#1465 = FACE_BOUND('',#1466,.T.);
#1466 = EDGE_LOOP('',(#1467,#1468,#1469,#1470));
#1467 = ORIENTED_EDGE('',*,*,#1446,.F.);
#1468 = ORIENTED_EDGE('',*,*,#549,.F.);
#1469 = ORIENTED_EDGE('',*,*,#1062,.F.);
#1470 = ORIENTED_EDGE('',*,*,#1471,.F.);
#1471 = EDGE_CURVE('',#1447,#1055,#1472,.T.);
#1472 = LINE('',#1473,#1474);
#1473 = CARTESIAN_POINT('',(113.,-11.4,8.5));
#1474 = VECTOR('',#1475,1.);
#1475 = DIRECTION('',(1.,0.,0.));
#1476 = PLANE('',#1477);
#1477 = AXIS2_PLACEMENT_3D('',#1478,#1479,#1480);
#1478 = CARTESIAN_POINT('',(113.,-48.1,8.5));
#1479 = DIRECTION('',(0.,0.,1.));
#1480 = DIRECTION('',(1.,0.,0.));
#1481 = ADVANCED_FACE('',(#1482),#1493,.F.);
#1482 = FACE_BOUND('',#1483,.F.);
#1483 = EDGE_LOOP('',(#1484,#1490,#1491,#1492));
#1484 = ORIENTED_EDGE('',*,*,#1485,.F.);
#1485 = EDGE_CURVE('',#678,#1023,#1486,.T.);
#1486 = LINE('',#1487,#1488);
#1487 = CARTESIAN_POINT('',(128.3,-53.4,9.2));
#1488 = VECTOR('',#1489,1.);
#1489 = DIRECTION('',(1.,0.,0.));
#1490 = ORIENTED_EDGE('',*,*,#685,.F.);
#1491 = ORIENTED_EDGE('',*,*,#964,.T.);
#1492 = ORIENTED_EDGE('',*,*,#1022,.F.);
#1493 = PLANE('',#1494);
#1494 = AXIS2_PLACEMENT_3D('',#1495,#1496,#1497);
#1495 = CARTESIAN_POINT('',(128.3,-61.9,9.2));
#1496 = DIRECTION('',(0.,0.,1.));
#1497 = DIRECTION('',(1.,0.,0.));
#1498 = ADVANCED_FACE('',(#1499),#1505,.F.);
#1499 = FACE_BOUND('',#1500,.F.);
#1500 = EDGE_LOOP('',(#1501,#1502,#1503,#1504));
#1501 = ORIENTED_EDGE('',*,*,#1485,.T.);
#1502 = ORIENTED_EDGE('',*,*,#1030,.F.);
#1503 = ORIENTED_EDGE('',*,*,#1306,.T.);
#1504 = ORIENTED_EDGE('',*,*,#677,.F.);
#1505 = PLANE('',#1506);
#1506 = AXIS2_PLACEMENT_3D('',#1507,#1508,#1509);
#1507 = CARTESIAN_POINT('',(128.3,-53.4,5.1));
#1508 = DIRECTION('',(0.,1.,0.));
#1509 = DIRECTION('',(0.,0.,1.));
#1510 = ADVANCED_FACE('',(#1511,#1527,#1538,#1636,#1670,#1704,#1738,
    #1741,#1752,#1763,#1774),#1780,.T.);
#1511 = FACE_BOUND('',#1512,.T.);
#1512 = EDGE_LOOP('',(#1513,#1514,#1515,#1516,#1517,#1518,#1519,#1526));
#1513 = ORIENTED_EDGE('',*,*,#1197,.F.);
#1514 = ORIENTED_EDGE('',*,*,#1240,.F.);
#1515 = ORIENTED_EDGE('',*,*,#1215,.F.);
#1516 = ORIENTED_EDGE('',*,*,#1166,.F.);
#1517 = ORIENTED_EDGE('',*,*,#1085,.F.);
#1518 = ORIENTED_EDGE('',*,*,#1006,.F.);
#1519 = ORIENTED_EDGE('',*,*,#1520,.F.);
#1520 = EDGE_CURVE('',#1119,#999,#1521,.T.);
#1521 = CIRCLE('',#1522,1.2);
#1522 = AXIS2_PLACEMENT_3D('',#1523,#1524,#1525);
#1523 = CARTESIAN_POINT('',(133.8,-12.2,16.6));
#1524 = DIRECTION('',(0.,0.,-1.));
#1525 = DIRECTION('',(0.,1.,0.));
#1526 = ORIENTED_EDGE('',*,*,#1118,.F.);
#1527 = FACE_BOUND('',#1528,.T.);
#1528 = EDGE_LOOP('',(#1529));
#1529 = ORIENTED_EDGE('',*,*,#1530,.T.);
#1530 = EDGE_CURVE('',#1531,#1531,#1533,.T.);
#1531 = VERTEX_POINT('',#1532);
#1532 = CARTESIAN_POINT('',(116.35,-64.,16.6));
#1533 = CIRCLE('',#1534,1.85);
#1534 = AXIS2_PLACEMENT_3D('',#1535,#1536,#1537);
#1535 = CARTESIAN_POINT('',(114.5,-64.,16.6));
#1536 = DIRECTION('',(0.,0.,-1.));
#1537 = DIRECTION('',(1.,0.,0.));
#1538 = FACE_BOUND('',#1539,.T.);
#1539 = EDGE_LOOP('',(#1540,#1550,#1558,#1566,#1574,#1582,#1590,#1598,
    #1606,#1614,#1622,#1630));
#1540 = ORIENTED_EDGE('',*,*,#1541,.T.);
#1541 = EDGE_CURVE('',#1542,#1544,#1546,.T.);
#1542 = VERTEX_POINT('',#1543);
#1543 = CARTESIAN_POINT('',(115.9,-56.,16.6));
#1544 = VERTEX_POINT('',#1545);
#1545 = CARTESIAN_POINT('',(113.7,-56.,16.6));
#1546 = LINE('',#1547,#1548);
#1547 = CARTESIAN_POINT('',(118.35,-56.,16.6));
#1548 = VECTOR('',#1549,1.);
#1549 = DIRECTION('',(-1.,0.,0.));
#1550 = ORIENTED_EDGE('',*,*,#1551,.T.);
#1551 = EDGE_CURVE('',#1544,#1552,#1554,.T.);
#1552 = VERTEX_POINT('',#1553);
#1553 = CARTESIAN_POINT('',(113.7,-54.,16.6));
#1554 = LINE('',#1555,#1556);
#1555 = CARTESIAN_POINT('',(113.7,-47.5,16.6));
#1556 = VECTOR('',#1557,1.);
#1557 = DIRECTION('',(0.,1.,0.));
#1558 = ORIENTED_EDGE('',*,*,#1559,.F.);
#1559 = EDGE_CURVE('',#1560,#1552,#1562,.T.);
#1560 = VERTEX_POINT('',#1561);
#1561 = CARTESIAN_POINT('',(115.9,-54.,16.6));
#1562 = LINE('',#1563,#1564);
#1563 = CARTESIAN_POINT('',(118.35,-54.,16.6));
#1564 = VECTOR('',#1565,1.);
#1565 = DIRECTION('',(-1.,0.,0.));
#1566 = ORIENTED_EDGE('',*,*,#1567,.T.);
#1567 = EDGE_CURVE('',#1560,#1568,#1570,.T.);
#1568 = VERTEX_POINT('',#1569);
#1569 = CARTESIAN_POINT('',(115.9,-51.8,16.6));
#1570 = LINE('',#1571,#1572);
#1571 = CARTESIAN_POINT('',(115.9,-48.6,16.6));
#1572 = VECTOR('',#1573,1.);
#1573 = DIRECTION('',(0.,1.,0.));
#1574 = ORIENTED_EDGE('',*,*,#1575,.F.);
#1575 = EDGE_CURVE('',#1576,#1568,#1578,.T.);
#1576 = VERTEX_POINT('',#1577);
#1577 = CARTESIAN_POINT('',(117.9,-51.8,16.6));
#1578 = LINE('',#1579,#1580);
#1579 = CARTESIAN_POINT('',(119.45,-51.8,16.6));
#1580 = VECTOR('',#1581,1.);
#1581 = DIRECTION('',(-1.,0.,0.));
#1582 = ORIENTED_EDGE('',*,*,#1583,.F.);
#1583 = EDGE_CURVE('',#1584,#1576,#1586,.T.);
#1584 = VERTEX_POINT('',#1585);
#1585 = CARTESIAN_POINT('',(117.9,-54.,16.6));
#1586 = LINE('',#1587,#1588);
#1587 = CARTESIAN_POINT('',(117.9,-48.6,16.6));
#1588 = VECTOR('',#1589,1.);
#1589 = DIRECTION('',(0.,1.,0.));
#1590 = ORIENTED_EDGE('',*,*,#1591,.F.);
#1591 = EDGE_CURVE('',#1592,#1584,#1594,.T.);
#1592 = VERTEX_POINT('',#1593);
#1593 = CARTESIAN_POINT('',(120.1,-54.,16.6));
#1594 = LINE('',#1595,#1596);
#1595 = CARTESIAN_POINT('',(118.35,-54.,16.6));
#1596 = VECTOR('',#1597,1.);
#1597 = DIRECTION('',(-1.,0.,0.));
#1598 = ORIENTED_EDGE('',*,*,#1599,.F.);
#1599 = EDGE_CURVE('',#1600,#1592,#1602,.T.);
#1600 = VERTEX_POINT('',#1601);
#1601 = CARTESIAN_POINT('',(120.1,-56.,16.6));
#1602 = LINE('',#1603,#1604);
#1603 = CARTESIAN_POINT('',(120.1,-47.5,16.6));
#1604 = VECTOR('',#1605,1.);
#1605 = DIRECTION('',(0.,1.,0.));
#1606 = ORIENTED_EDGE('',*,*,#1607,.T.);
#1607 = EDGE_CURVE('',#1600,#1608,#1610,.T.);
#1608 = VERTEX_POINT('',#1609);
#1609 = CARTESIAN_POINT('',(117.9,-56.,16.6));
#1610 = LINE('',#1611,#1612);
#1611 = CARTESIAN_POINT('',(118.35,-56.,16.6));
#1612 = VECTOR('',#1613,1.);
#1613 = DIRECTION('',(-1.,0.,0.));
#1614 = ORIENTED_EDGE('',*,*,#1615,.F.);
#1615 = EDGE_CURVE('',#1616,#1608,#1618,.T.);
#1616 = VERTEX_POINT('',#1617);
#1617 = CARTESIAN_POINT('',(117.9,-58.2,16.6));
#1618 = LINE('',#1619,#1620);
#1619 = CARTESIAN_POINT('',(117.9,-48.6,16.6));
#1620 = VECTOR('',#1621,1.);
#1621 = DIRECTION('',(0.,1.,0.));
#1622 = ORIENTED_EDGE('',*,*,#1623,.T.);
#1623 = EDGE_CURVE('',#1616,#1624,#1626,.T.);
#1624 = VERTEX_POINT('',#1625);
#1625 = CARTESIAN_POINT('',(115.9,-58.2,16.6));
#1626 = LINE('',#1627,#1628);
#1627 = CARTESIAN_POINT('',(119.45,-58.2,16.6));
#1628 = VECTOR('',#1629,1.);
#1629 = DIRECTION('',(-1.,0.,0.));
#1630 = ORIENTED_EDGE('',*,*,#1631,.T.);
#1631 = EDGE_CURVE('',#1624,#1542,#1632,.T.);
#1632 = LINE('',#1633,#1634);
#1633 = CARTESIAN_POINT('',(115.9,-48.6,16.6));
#1634 = VECTOR('',#1635,1.);
#1635 = DIRECTION('',(0.,1.,0.));
#1636 = FACE_BOUND('',#1637,.T.);
#1637 = EDGE_LOOP('',(#1638,#1648,#1656,#1664));
#1638 = ORIENTED_EDGE('',*,*,#1639,.T.);
#1639 = EDGE_CURVE('',#1640,#1642,#1644,.T.);
#1640 = VERTEX_POINT('',#1641);
#1641 = CARTESIAN_POINT('',(120.,-65.3,16.6));
#1642 = VERTEX_POINT('',#1643);
#1643 = CARTESIAN_POINT('',(119.,-65.3,16.6));
#1644 = LINE('',#1645,#1646);
#1645 = CARTESIAN_POINT('',(121.,-65.3,16.6));
#1646 = VECTOR('',#1647,1.);
#1647 = DIRECTION('',(-1.,0.,0.));
#1648 = ORIENTED_EDGE('',*,*,#1649,.T.);
#1649 = EDGE_CURVE('',#1642,#1650,#1652,.T.);
#1650 = VERTEX_POINT('',#1651);
#1651 = CARTESIAN_POINT('',(119.,-63.,16.6));
#1652 = LINE('',#1653,#1654);
#1653 = CARTESIAN_POINT('',(119.,-52.15,16.6));
#1654 = VECTOR('',#1655,1.);
#1655 = DIRECTION('',(0.,1.,0.));
#1656 = ORIENTED_EDGE('',*,*,#1657,.F.);
#1657 = EDGE_CURVE('',#1658,#1650,#1660,.T.);
#1658 = VERTEX_POINT('',#1659);
#1659 = CARTESIAN_POINT('',(120.,-63.,16.6));
#1660 = LINE('',#1661,#1662);
#1661 = CARTESIAN_POINT('',(121.,-63.,16.6));
#1662 = VECTOR('',#1663,1.);
#1663 = DIRECTION('',(-1.,0.,0.));
#1664 = ORIENTED_EDGE('',*,*,#1665,.F.);
#1665 = EDGE_CURVE('',#1640,#1658,#1666,.T.);
#1666 = LINE('',#1667,#1668);
#1667 = CARTESIAN_POINT('',(120.,-52.15,16.6));
#1668 = VECTOR('',#1669,1.);
#1669 = DIRECTION('',(0.,1.,0.));
#1670 = FACE_BOUND('',#1671,.T.);
#1671 = EDGE_LOOP('',(#1672,#1682,#1690,#1698));
#1672 = ORIENTED_EDGE('',*,*,#1673,.T.);
#1673 = EDGE_CURVE('',#1674,#1676,#1678,.T.);
#1674 = VERTEX_POINT('',#1675);
#1675 = CARTESIAN_POINT('',(122.2,-65.3,16.6));
#1676 = VERTEX_POINT('',#1677);
#1677 = CARTESIAN_POINT('',(121.2,-65.3,16.6));
#1678 = LINE('',#1679,#1680);
#1679 = CARTESIAN_POINT('',(122.1,-65.3,16.6));
#1680 = VECTOR('',#1681,1.);
#1681 = DIRECTION('',(-1.,0.,0.));
#1682 = ORIENTED_EDGE('',*,*,#1683,.T.);
#1683 = EDGE_CURVE('',#1676,#1684,#1686,.T.);
#1684 = VERTEX_POINT('',#1685);
#1685 = CARTESIAN_POINT('',(121.2,-63.,16.6));
#1686 = LINE('',#1687,#1688);
#1687 = CARTESIAN_POINT('',(121.2,-52.15,16.6));
#1688 = VECTOR('',#1689,1.);
#1689 = DIRECTION('',(0.,1.,0.));
#1690 = ORIENTED_EDGE('',*,*,#1691,.F.);
#1691 = EDGE_CURVE('',#1692,#1684,#1694,.T.);
#1692 = VERTEX_POINT('',#1693);
#1693 = CARTESIAN_POINT('',(122.2,-63.,16.6));
#1694 = LINE('',#1695,#1696);
#1695 = CARTESIAN_POINT('',(122.1,-63.,16.6));
#1696 = VECTOR('',#1697,1.);
#1697 = DIRECTION('',(-1.,0.,0.));
#1698 = ORIENTED_EDGE('',*,*,#1699,.F.);
#1699 = EDGE_CURVE('',#1674,#1692,#1700,.T.);
#1700 = LINE('',#1701,#1702);
#1701 = CARTESIAN_POINT('',(122.2,-52.15,16.6));
#1702 = VECTOR('',#1703,1.);
#1703 = DIRECTION('',(0.,1.,0.));
#1704 = FACE_BOUND('',#1705,.T.);
#1705 = EDGE_LOOP('',(#1706,#1716,#1724,#1732));
#1706 = ORIENTED_EDGE('',*,*,#1707,.T.);
#1707 = EDGE_CURVE('',#1708,#1710,#1712,.T.);
#1708 = VERTEX_POINT('',#1709);
#1709 = CARTESIAN_POINT('',(124.4,-65.3,16.6));
#1710 = VERTEX_POINT('',#1711);
#1711 = CARTESIAN_POINT('',(123.4,-65.3,16.6));
#1712 = LINE('',#1713,#1714);
#1713 = CARTESIAN_POINT('',(123.2,-65.3,16.6));
#1714 = VECTOR('',#1715,1.);
#1715 = DIRECTION('',(-1.,0.,0.));
#1716 = ORIENTED_EDGE('',*,*,#1717,.T.);
#1717 = EDGE_CURVE('',#1710,#1718,#1720,.T.);
#1718 = VERTEX_POINT('',#1719);
#1719 = CARTESIAN_POINT('',(123.4,-63.,16.6));
#1720 = LINE('',#1721,#1722);
#1721 = CARTESIAN_POINT('',(123.4,-52.15,16.6));
#1722 = VECTOR('',#1723,1.);
#1723 = DIRECTION('',(0.,1.,0.));
#1724 = ORIENTED_EDGE('',*,*,#1725,.F.);
#1725 = EDGE_CURVE('',#1726,#1718,#1728,.T.);
#1726 = VERTEX_POINT('',#1727);
#1727 = CARTESIAN_POINT('',(124.4,-63.,16.6));
#1728 = LINE('',#1729,#1730);
#1729 = CARTESIAN_POINT('',(123.2,-63.,16.6));
#1730 = VECTOR('',#1731,1.);
#1731 = DIRECTION('',(-1.,0.,0.));
#1732 = ORIENTED_EDGE('',*,*,#1733,.F.);
#1733 = EDGE_CURVE('',#1708,#1726,#1734,.T.);
#1734 = LINE('',#1735,#1736);
#1735 = CARTESIAN_POINT('',(124.4,-52.15,16.6));
#1736 = VECTOR('',#1737,1.);
#1737 = DIRECTION('',(0.,1.,0.));
#1738 = FACE_BOUND('',#1739,.T.);
#1739 = EDGE_LOOP('',(#1740));
#1740 = ORIENTED_EDGE('',*,*,#853,.T.);
#1741 = FACE_BOUND('',#1742,.T.);
#1742 = EDGE_LOOP('',(#1743));
#1743 = ORIENTED_EDGE('',*,*,#1744,.T.);
#1744 = EDGE_CURVE('',#1745,#1745,#1747,.T.);
#1745 = VERTEX_POINT('',#1746);
#1746 = CARTESIAN_POINT('',(127.35,-56.1,16.6));
#1747 = CIRCLE('',#1748,1.65);
#1748 = AXIS2_PLACEMENT_3D('',#1749,#1750,#1751);
#1749 = CARTESIAN_POINT('',(125.7,-56.1,16.6));
#1750 = DIRECTION('',(0.,0.,-1.));
#1751 = DIRECTION('',(1.,0.,0.));
#1752 = FACE_BOUND('',#1753,.T.);
#1753 = EDGE_LOOP('',(#1754));
#1754 = ORIENTED_EDGE('',*,*,#1755,.T.);
#1755 = EDGE_CURVE('',#1756,#1756,#1758,.T.);
#1756 = VERTEX_POINT('',#1757);
#1757 = CARTESIAN_POINT('',(132.45,-64.,16.6));
#1758 = CIRCLE('',#1759,1.85);
#1759 = AXIS2_PLACEMENT_3D('',#1760,#1761,#1762);
#1760 = CARTESIAN_POINT('',(130.6,-64.,16.6));
#1761 = DIRECTION('',(0.,0.,-1.));
#1762 = DIRECTION('',(1.,0.,0.));
#1763 = FACE_BOUND('',#1764,.T.);
#1764 = EDGE_LOOP('',(#1765));
#1765 = ORIENTED_EDGE('',*,*,#1766,.T.);
#1766 = EDGE_CURVE('',#1767,#1767,#1769,.T.);
#1767 = VERTEX_POINT('',#1768);
#1768 = CARTESIAN_POINT('',(130.95,-53.5,16.6));
#1769 = CIRCLE('',#1770,1.65);
#1770 = AXIS2_PLACEMENT_3D('',#1771,#1772,#1773);
#1771 = CARTESIAN_POINT('',(129.3,-53.5,16.6));
#1772 = DIRECTION('',(0.,0.,-1.));
#1773 = DIRECTION('',(1.,0.,0.));
#1774 = FACE_BOUND('',#1775,.T.);
#1775 = EDGE_LOOP('',(#1776,#1777,#1778,#1779));
#1776 = ORIENTED_EDGE('',*,*,#885,.T.);
#1777 = ORIENTED_EDGE('',*,*,#933,.T.);
#1778 = ORIENTED_EDGE('',*,*,#950,.F.);
#1779 = ORIENTED_EDGE('',*,*,#909,.F.);
#1780 = PLANE('',#1781);
#1781 = AXIS2_PLACEMENT_3D('',#1782,#1783,#1784);
#1782 = CARTESIAN_POINT('',(123.,-39.,16.6));
#1783 = DIRECTION('',(0.,0.,1.));
#1784 = DIRECTION('',(1.,0.,0.));
#1785 = ADVANCED_FACE('',(#1786),#1792,.T.);
#1786 = FACE_BOUND('',#1787,.T.);
#1787 = EDGE_LOOP('',(#1788,#1789,#1790,#1791));
#1788 = ORIENTED_EDGE('',*,*,#1126,.T.);
#1789 = ORIENTED_EDGE('',*,*,#1520,.T.);
#1790 = ORIENTED_EDGE('',*,*,#998,.F.);
#1791 = ORIENTED_EDGE('',*,*,#1313,.F.);
#1792 = CYLINDRICAL_SURFACE('',#1793,1.2);
#1793 = AXIS2_PLACEMENT_3D('',#1794,#1795,#1796);
#1794 = CARTESIAN_POINT('',(133.8,-12.2,6.3));
#1795 = DIRECTION('',(0.,0.,-1.));
#1796 = DIRECTION('',(0.,1.,0.));
#1797 = ADVANCED_FACE('',(#1798),#1809,.F.);
#1798 = FACE_BOUND('',#1799,.F.);
#1799 = EDGE_LOOP('',(#1800,#1801,#1807,#1808));
#1800 = ORIENTED_EDGE('',*,*,#1044,.F.);
#1801 = ORIENTED_EDGE('',*,*,#1802,.F.);
#1802 = EDGE_CURVE('',#1340,#1045,#1803,.T.);
#1803 = LINE('',#1804,#1805);
#1804 = CARTESIAN_POINT('',(114.65,-11.4,11.8));
#1805 = VECTOR('',#1806,1.);
#1806 = DIRECTION('',(-1.,0.,0.));
#1807 = ORIENTED_EDGE('',*,*,#1339,.T.);
#1808 = ORIENTED_EDGE('',*,*,#1150,.F.);
#1809 = PLANE('',#1810);
#1810 = AXIS2_PLACEMENT_3D('',#1811,#1812,#1813);
#1811 = CARTESIAN_POINT('',(116.3,-20.,11.8));
#1812 = DIRECTION('',(0.,0.,1.));
#1813 = DIRECTION('',(1.,0.,0.));
#1814 = ADVANCED_FACE('',(#1815),#1825,.F.);
#1815 = FACE_BOUND('',#1816,.F.);
#1816 = EDGE_LOOP('',(#1817,#1818,#1819,#1820,#1821,#1822,#1823,#1824));
#1817 = ORIENTED_EDGE('',*,*,#1471,.F.);
#1818 = ORIENTED_EDGE('',*,*,#1454,.T.);
#1819 = ORIENTED_EDGE('',*,*,#1430,.T.);
#1820 = ORIENTED_EDGE('',*,*,#1406,.F.);
#1821 = ORIENTED_EDGE('',*,*,#1381,.F.);
#1822 = ORIENTED_EDGE('',*,*,#1347,.T.);
#1823 = ORIENTED_EDGE('',*,*,#1802,.T.);
#1824 = ORIENTED_EDGE('',*,*,#1054,.F.);
#1825 = PLANE('',#1826);
#1826 = AXIS2_PLACEMENT_3D('',#1827,#1828,#1829);
#1827 = CARTESIAN_POINT('',(113.,-11.4,8.5));
#1828 = DIRECTION('',(0.,1.,0.));
#1829 = DIRECTION('',(0.,0.,1.));
#1830 = ADVANCED_FACE('',(#1831,#1842),#1845,.T.);
#1831 = FACE_BOUND('',#1832,.T.);
#1832 = EDGE_LOOP('',(#1833));
#1833 = ORIENTED_EDGE('',*,*,#1834,.T.);
#1834 = EDGE_CURVE('',#1835,#1835,#1837,.T.);
#1835 = VERTEX_POINT('',#1836);
#1836 = CARTESIAN_POINT('',(132.45,-64.,14.9));
#1837 = CIRCLE('',#1838,1.85);
#1838 = AXIS2_PLACEMENT_3D('',#1839,#1840,#1841);
#1839 = CARTESIAN_POINT('',(130.6,-64.,14.9));
#1840 = DIRECTION('',(0.,0.,1.));
#1841 = DIRECTION('',(1.,0.,0.));
#1842 = FACE_BOUND('',#1843,.T.);
#1843 = EDGE_LOOP('',(#1844));
#1844 = ORIENTED_EDGE('',*,*,#1266,.T.);
#1845 = PLANE('',#1846);
#1846 = AXIS2_PLACEMENT_3D('',#1847,#1848,#1849);
#1847 = CARTESIAN_POINT('',(130.6,-64.,14.9));
#1848 = DIRECTION('',(0.,0.,1.));
#1849 = DIRECTION('',(1.,0.,0.));
#1850 = ADVANCED_FACE('',(#1851,#1862),#1865,.T.);
#1851 = FACE_BOUND('',#1852,.T.);
#1852 = EDGE_LOOP('',(#1853));
#1853 = ORIENTED_EDGE('',*,*,#1854,.T.);
#1854 = EDGE_CURVE('',#1855,#1855,#1857,.T.);
#1855 = VERTEX_POINT('',#1856);
#1856 = CARTESIAN_POINT('',(116.35,-64.,14.9));
#1857 = CIRCLE('',#1858,1.85);
#1858 = AXIS2_PLACEMENT_3D('',#1859,#1860,#1861);
#1859 = CARTESIAN_POINT('',(114.5,-64.,14.9));
#1860 = DIRECTION('',(0.,0.,1.));
#1861 = DIRECTION('',(1.,0.,0.));
#1862 = FACE_BOUND('',#1863,.T.);
#1863 = EDGE_LOOP('',(#1864));
#1864 = ORIENTED_EDGE('',*,*,#1291,.T.);
#1865 = PLANE('',#1866);
#1866 = AXIS2_PLACEMENT_3D('',#1867,#1868,#1869);
#1867 = CARTESIAN_POINT('',(114.5,-64.,14.9));
#1868 = DIRECTION('',(0.,0.,1.));
#1869 = DIRECTION('',(1.,0.,0.));
#1870 = ADVANCED_FACE('',(#1871),#1882,.F.);
#1871 = FACE_BOUND('',#1872,.T.);
#1872 = EDGE_LOOP('',(#1873,#1874,#1880,#1881));
#1873 = ORIENTED_EDGE('',*,*,#1854,.F.);
#1874 = ORIENTED_EDGE('',*,*,#1875,.T.);
#1875 = EDGE_CURVE('',#1855,#1531,#1876,.T.);
#1876 = LINE('',#1877,#1878);
#1877 = CARTESIAN_POINT('',(116.35,-64.,14.9));
#1878 = VECTOR('',#1879,1.);
#1879 = DIRECTION('',(0.,0.,1.));
#1880 = ORIENTED_EDGE('',*,*,#1530,.F.);
#1881 = ORIENTED_EDGE('',*,*,#1875,.F.);
#1882 = CYLINDRICAL_SURFACE('',#1883,1.85);
#1883 = AXIS2_PLACEMENT_3D('',#1884,#1885,#1886);
#1884 = CARTESIAN_POINT('',(114.5,-64.,14.9));
#1885 = DIRECTION('',(-0.,-0.,-1.));
#1886 = DIRECTION('',(1.,0.,0.));
#1887 = ADVANCED_FACE('',(#1888),#1913,.F.);
#1888 = FACE_BOUND('',#1889,.F.);
#1889 = EDGE_LOOP('',(#1890,#1891,#1899,#1907));
#1890 = ORIENTED_EDGE('',*,*,#1541,.T.);
#1891 = ORIENTED_EDGE('',*,*,#1892,.T.);
#1892 = EDGE_CURVE('',#1544,#1893,#1895,.T.);
#1893 = VERTEX_POINT('',#1894);
#1894 = CARTESIAN_POINT('',(113.7,-56.,17.2));
#1895 = LINE('',#1896,#1897);
#1896 = CARTESIAN_POINT('',(113.7,-56.,16.5));
#1897 = VECTOR('',#1898,1.);
#1898 = DIRECTION('',(0.,0.,1.));
#1899 = ORIENTED_EDGE('',*,*,#1900,.T.);
#1900 = EDGE_CURVE('',#1893,#1901,#1903,.T.);
#1901 = VERTEX_POINT('',#1902);
#1902 = CARTESIAN_POINT('',(115.9,-56.,17.2));
#1903 = LINE('',#1904,#1905);
#1904 = CARTESIAN_POINT('',(113.7,-56.,17.2));
#1905 = VECTOR('',#1906,1.);
#1906 = DIRECTION('',(1.,0.,0.));
#1907 = ORIENTED_EDGE('',*,*,#1908,.T.);
#1908 = EDGE_CURVE('',#1901,#1542,#1909,.T.);
#1909 = LINE('',#1910,#1911);
#1910 = CARTESIAN_POINT('',(115.9,-56.,16.5));
#1911 = VECTOR('',#1912,1.);
#1912 = DIRECTION('',(0.,0.,-1.));
#1913 = PLANE('',#1914);
#1914 = AXIS2_PLACEMENT_3D('',#1915,#1916,#1917);
#1915 = CARTESIAN_POINT('',(113.7,-56.,16.5));
#1916 = DIRECTION('',(0.,1.,0.));
#1917 = DIRECTION('',(0.,0.,1.));
#1918 = ADVANCED_FACE('',(#1919),#1937,.F.);
#1919 = FACE_BOUND('',#1920,.F.);
#1920 = EDGE_LOOP('',(#1921,#1929,#1930,#1931));
#1921 = ORIENTED_EDGE('',*,*,#1922,.F.);
#1922 = EDGE_CURVE('',#1624,#1923,#1925,.T.);
#1923 = VERTEX_POINT('',#1924);
#1924 = CARTESIAN_POINT('',(115.9,-58.2,17.2));
#1925 = LINE('',#1926,#1927);
#1926 = CARTESIAN_POINT('',(115.9,-58.2,16.5));
#1927 = VECTOR('',#1928,1.);
#1928 = DIRECTION('',(0.,0.,1.));
#1929 = ORIENTED_EDGE('',*,*,#1631,.T.);
#1930 = ORIENTED_EDGE('',*,*,#1908,.F.);
#1931 = ORIENTED_EDGE('',*,*,#1932,.F.);
#1932 = EDGE_CURVE('',#1923,#1901,#1933,.T.);
#1933 = LINE('',#1934,#1935);
#1934 = CARTESIAN_POINT('',(115.9,-58.2,17.2));
#1935 = VECTOR('',#1936,1.);
#1936 = DIRECTION('',(0.,1.,0.));
#1937 = PLANE('',#1938);
#1938 = AXIS2_PLACEMENT_3D('',#1939,#1940,#1941);
#1939 = CARTESIAN_POINT('',(115.9,-58.2,16.5));
#1940 = DIRECTION('',(1.,0.,0.));
#1941 = DIRECTION('',(0.,0.,1.));
#1942 = ADVANCED_FACE('',(#1943),#1961,.F.);
#1943 = FACE_BOUND('',#1944,.F.);
#1944 = EDGE_LOOP('',(#1945,#1946,#1947,#1955));
#1945 = ORIENTED_EDGE('',*,*,#1892,.F.);
#1946 = ORIENTED_EDGE('',*,*,#1551,.T.);
#1947 = ORIENTED_EDGE('',*,*,#1948,.T.);
#1948 = EDGE_CURVE('',#1552,#1949,#1951,.T.);
#1949 = VERTEX_POINT('',#1950);
#1950 = CARTESIAN_POINT('',(113.7,-54.,17.2));
#1951 = LINE('',#1952,#1953);
#1952 = CARTESIAN_POINT('',(113.7,-54.,16.5));
#1953 = VECTOR('',#1954,1.);
#1954 = DIRECTION('',(0.,0.,1.));
#1955 = ORIENTED_EDGE('',*,*,#1956,.F.);
#1956 = EDGE_CURVE('',#1893,#1949,#1957,.T.);
#1957 = LINE('',#1958,#1959);
#1958 = CARTESIAN_POINT('',(113.7,-56.,17.2));
#1959 = VECTOR('',#1960,1.);
#1960 = DIRECTION('',(0.,1.,0.));
#1961 = PLANE('',#1962);
#1962 = AXIS2_PLACEMENT_3D('',#1963,#1964,#1965);
#1963 = CARTESIAN_POINT('',(113.7,-56.,16.5));
#1964 = DIRECTION('',(1.,0.,0.));
#1965 = DIRECTION('',(0.,0.,1.));
#1966 = ADVANCED_FACE('',(#1967),#1985,.F.);
#1967 = FACE_BOUND('',#1968,.F.);
#1968 = EDGE_LOOP('',(#1969,#1977,#1978,#1979));
#1969 = ORIENTED_EDGE('',*,*,#1970,.F.);
#1970 = EDGE_CURVE('',#1616,#1971,#1973,.T.);
#1971 = VERTEX_POINT('',#1972);
#1972 = CARTESIAN_POINT('',(117.9,-58.2,17.2));
#1973 = LINE('',#1974,#1975);
#1974 = CARTESIAN_POINT('',(117.9,-58.2,16.5));
#1975 = VECTOR('',#1976,1.);
#1976 = DIRECTION('',(0.,0.,1.));
#1977 = ORIENTED_EDGE('',*,*,#1623,.T.);
#1978 = ORIENTED_EDGE('',*,*,#1922,.T.);
#1979 = ORIENTED_EDGE('',*,*,#1980,.T.);
#1980 = EDGE_CURVE('',#1923,#1971,#1981,.T.);
#1981 = LINE('',#1982,#1983);
#1982 = CARTESIAN_POINT('',(115.9,-58.2,17.2));
#1983 = VECTOR('',#1984,1.);
#1984 = DIRECTION('',(1.,0.,0.));
#1985 = PLANE('',#1986);
#1986 = AXIS2_PLACEMENT_3D('',#1987,#1988,#1989);
#1987 = CARTESIAN_POINT('',(115.9,-58.2,16.5));
#1988 = DIRECTION('',(0.,1.,0.));
#1989 = DIRECTION('',(0.,0.,1.));
#1990 = ADVANCED_FACE('',(#1991),#2009,.T.);
#1991 = FACE_BOUND('',#1992,.T.);
#1992 = EDGE_LOOP('',(#1993,#1994,#1995,#2003));
#1993 = ORIENTED_EDGE('',*,*,#1559,.T.);
#1994 = ORIENTED_EDGE('',*,*,#1948,.T.);
#1995 = ORIENTED_EDGE('',*,*,#1996,.T.);
#1996 = EDGE_CURVE('',#1949,#1997,#1999,.T.);
#1997 = VERTEX_POINT('',#1998);
#1998 = CARTESIAN_POINT('',(115.9,-54.,17.2));
#1999 = LINE('',#2000,#2001);
#2000 = CARTESIAN_POINT('',(113.7,-54.,17.2));
#2001 = VECTOR('',#2002,1.);
#2002 = DIRECTION('',(1.,0.,0.));
#2003 = ORIENTED_EDGE('',*,*,#2004,.T.);
#2004 = EDGE_CURVE('',#1997,#1560,#2005,.T.);
#2005 = LINE('',#2006,#2007);
#2006 = CARTESIAN_POINT('',(115.9,-54.,16.5));
#2007 = VECTOR('',#2008,1.);
#2008 = DIRECTION('',(0.,0.,-1.));
#2009 = PLANE('',#2010);
#2010 = AXIS2_PLACEMENT_3D('',#2011,#2012,#2013);
#2011 = CARTESIAN_POINT('',(113.7,-54.,16.5));
#2012 = DIRECTION('',(0.,1.,0.));
#2013 = DIRECTION('',(0.,0.,1.));
#2014 = ADVANCED_FACE('',(#2015),#2033,.T.);
#2015 = FACE_BOUND('',#2016,.T.);
#2016 = EDGE_LOOP('',(#2017,#2018,#2019,#2027));
#2017 = ORIENTED_EDGE('',*,*,#1970,.F.);
#2018 = ORIENTED_EDGE('',*,*,#1615,.T.);
#2019 = ORIENTED_EDGE('',*,*,#2020,.F.);
#2020 = EDGE_CURVE('',#2021,#1608,#2023,.T.);
#2021 = VERTEX_POINT('',#2022);
#2022 = CARTESIAN_POINT('',(117.9,-56.,17.2));
#2023 = LINE('',#2024,#2025);
#2024 = CARTESIAN_POINT('',(117.9,-56.,16.5));
#2025 = VECTOR('',#2026,1.);
#2026 = DIRECTION('',(0.,0.,-1.));
#2027 = ORIENTED_EDGE('',*,*,#2028,.F.);
#2028 = EDGE_CURVE('',#1971,#2021,#2029,.T.);
#2029 = LINE('',#2030,#2031);
#2030 = CARTESIAN_POINT('',(117.9,-58.2,17.2));
#2031 = VECTOR('',#2032,1.);
#2032 = DIRECTION('',(0.,1.,0.));
#2033 = PLANE('',#2034);
#2034 = AXIS2_PLACEMENT_3D('',#2035,#2036,#2037);
#2035 = CARTESIAN_POINT('',(117.9,-58.2,16.5));
#2036 = DIRECTION('',(1.,0.,0.));
#2037 = DIRECTION('',(0.,0.,1.));
#2038 = ADVANCED_FACE('',(#2039),#2057,.F.);
#2039 = FACE_BOUND('',#2040,.F.);
#2040 = EDGE_LOOP('',(#2041,#2042,#2043,#2051));
#2041 = ORIENTED_EDGE('',*,*,#2004,.T.);
#2042 = ORIENTED_EDGE('',*,*,#1567,.T.);
#2043 = ORIENTED_EDGE('',*,*,#2044,.T.);
#2044 = EDGE_CURVE('',#1568,#2045,#2047,.T.);
#2045 = VERTEX_POINT('',#2046);
#2046 = CARTESIAN_POINT('',(115.9,-51.8,17.2));
#2047 = LINE('',#2048,#2049);
#2048 = CARTESIAN_POINT('',(115.9,-51.8,16.5));
#2049 = VECTOR('',#2050,1.);
#2050 = DIRECTION('',(0.,0.,1.));
#2051 = ORIENTED_EDGE('',*,*,#2052,.F.);
#2052 = EDGE_CURVE('',#1997,#2045,#2053,.T.);
#2053 = LINE('',#2054,#2055);
#2054 = CARTESIAN_POINT('',(115.9,-58.2,17.2));
#2055 = VECTOR('',#2056,1.);
#2056 = DIRECTION('',(0.,1.,0.));
#2057 = PLANE('',#2058);
#2058 = AXIS2_PLACEMENT_3D('',#2059,#2060,#2061);
#2059 = CARTESIAN_POINT('',(115.9,-58.2,16.5));
#2060 = DIRECTION('',(1.,0.,0.));
#2061 = DIRECTION('',(0.,0.,1.));
#2062 = ADVANCED_FACE('',(#2063),#2081,.F.);
#2063 = FACE_BOUND('',#2064,.F.);
#2064 = EDGE_LOOP('',(#2065,#2066,#2067,#2075));
#2065 = ORIENTED_EDGE('',*,*,#1607,.T.);
#2066 = ORIENTED_EDGE('',*,*,#2020,.F.);
#2067 = ORIENTED_EDGE('',*,*,#2068,.T.);
#2068 = EDGE_CURVE('',#2021,#2069,#2071,.T.);
#2069 = VERTEX_POINT('',#2070);
#2070 = CARTESIAN_POINT('',(120.1,-56.,17.2));
#2071 = LINE('',#2072,#2073);
#2072 = CARTESIAN_POINT('',(113.7,-56.,17.2));
#2073 = VECTOR('',#2074,1.);
#2074 = DIRECTION('',(1.,0.,0.));
#2075 = ORIENTED_EDGE('',*,*,#2076,.F.);
#2076 = EDGE_CURVE('',#1600,#2069,#2077,.T.);
#2077 = LINE('',#2078,#2079);
#2078 = CARTESIAN_POINT('',(120.1,-56.,16.5));
#2079 = VECTOR('',#2080,1.);
#2080 = DIRECTION('',(0.,0.,1.));
#2081 = PLANE('',#2082);
#2082 = AXIS2_PLACEMENT_3D('',#2083,#2084,#2085);
#2083 = CARTESIAN_POINT('',(113.7,-56.,16.5));
#2084 = DIRECTION('',(0.,1.,0.));
#2085 = DIRECTION('',(0.,0.,1.));
#2086 = ADVANCED_FACE('',(#2087),#2105,.T.);
#2087 = FACE_BOUND('',#2088,.T.);
#2088 = EDGE_LOOP('',(#2089,#2097,#2098,#2099));
#2089 = ORIENTED_EDGE('',*,*,#2090,.F.);
#2090 = EDGE_CURVE('',#1576,#2091,#2093,.T.);
#2091 = VERTEX_POINT('',#2092);
#2092 = CARTESIAN_POINT('',(117.9,-51.8,17.2));
#2093 = LINE('',#2094,#2095);
#2094 = CARTESIAN_POINT('',(117.9,-51.8,16.5));
#2095 = VECTOR('',#2096,1.);
#2096 = DIRECTION('',(0.,0.,1.));
#2097 = ORIENTED_EDGE('',*,*,#1575,.T.);
#2098 = ORIENTED_EDGE('',*,*,#2044,.T.);
#2099 = ORIENTED_EDGE('',*,*,#2100,.T.);
#2100 = EDGE_CURVE('',#2045,#2091,#2101,.T.);
#2101 = LINE('',#2102,#2103);
#2102 = CARTESIAN_POINT('',(115.9,-51.8,17.2));
#2103 = VECTOR('',#2104,1.);
#2104 = DIRECTION('',(1.,0.,0.));
#2105 = PLANE('',#2106);
#2106 = AXIS2_PLACEMENT_3D('',#2107,#2108,#2109);
#2107 = CARTESIAN_POINT('',(115.9,-51.8,16.5));
#2108 = DIRECTION('',(0.,1.,0.));
#2109 = DIRECTION('',(0.,0.,1.));
#2110 = ADVANCED_FACE('',(#2111),#2129,.T.);
#2111 = FACE_BOUND('',#2112,.T.);
#2112 = EDGE_LOOP('',(#2113,#2114,#2115,#2123));
#2113 = ORIENTED_EDGE('',*,*,#2076,.F.);
#2114 = ORIENTED_EDGE('',*,*,#1599,.T.);
#2115 = ORIENTED_EDGE('',*,*,#2116,.T.);
#2116 = EDGE_CURVE('',#1592,#2117,#2119,.T.);
#2117 = VERTEX_POINT('',#2118);
#2118 = CARTESIAN_POINT('',(120.1,-54.,17.2));
#2119 = LINE('',#2120,#2121);
#2120 = CARTESIAN_POINT('',(120.1,-54.,16.5));
#2121 = VECTOR('',#2122,1.);
#2122 = DIRECTION('',(0.,0.,1.));
#2123 = ORIENTED_EDGE('',*,*,#2124,.F.);
#2124 = EDGE_CURVE('',#2069,#2117,#2125,.T.);
#2125 = LINE('',#2126,#2127);
#2126 = CARTESIAN_POINT('',(120.1,-56.,17.2));
#2127 = VECTOR('',#2128,1.);
#2128 = DIRECTION('',(0.,1.,0.));
#2129 = PLANE('',#2130);
#2130 = AXIS2_PLACEMENT_3D('',#2131,#2132,#2133);
#2131 = CARTESIAN_POINT('',(120.1,-56.,16.5));
#2132 = DIRECTION('',(1.,0.,0.));
#2133 = DIRECTION('',(0.,0.,1.));
#2134 = ADVANCED_FACE('',(#2135),#2153,.T.);
#2135 = FACE_BOUND('',#2136,.T.);
#2136 = EDGE_LOOP('',(#2137,#2145,#2146,#2147));
#2137 = ORIENTED_EDGE('',*,*,#2138,.T.);
#2138 = EDGE_CURVE('',#2139,#1584,#2141,.T.);
#2139 = VERTEX_POINT('',#2140);
#2140 = CARTESIAN_POINT('',(117.9,-54.,17.2));
#2141 = LINE('',#2142,#2143);
#2142 = CARTESIAN_POINT('',(117.9,-54.,16.5));
#2143 = VECTOR('',#2144,1.);
#2144 = DIRECTION('',(0.,0.,-1.));
#2145 = ORIENTED_EDGE('',*,*,#1583,.T.);
#2146 = ORIENTED_EDGE('',*,*,#2090,.T.);
#2147 = ORIENTED_EDGE('',*,*,#2148,.F.);
#2148 = EDGE_CURVE('',#2139,#2091,#2149,.T.);
#2149 = LINE('',#2150,#2151);
#2150 = CARTESIAN_POINT('',(117.9,-58.2,17.2));
#2151 = VECTOR('',#2152,1.);
#2152 = DIRECTION('',(0.,1.,0.));
#2153 = PLANE('',#2154);
#2154 = AXIS2_PLACEMENT_3D('',#2155,#2156,#2157);
#2155 = CARTESIAN_POINT('',(117.9,-58.2,16.5));
#2156 = DIRECTION('',(1.,0.,0.));
#2157 = DIRECTION('',(0.,0.,1.));
#2158 = ADVANCED_FACE('',(#2159),#2170,.T.);
#2159 = FACE_BOUND('',#2160,.T.);
#2160 = EDGE_LOOP('',(#2161,#2162,#2163,#2169));
#2161 = ORIENTED_EDGE('',*,*,#1591,.T.);
#2162 = ORIENTED_EDGE('',*,*,#2138,.F.);
#2163 = ORIENTED_EDGE('',*,*,#2164,.T.);
#2164 = EDGE_CURVE('',#2139,#2117,#2165,.T.);
#2165 = LINE('',#2166,#2167);
#2166 = CARTESIAN_POINT('',(113.7,-54.,17.2));
#2167 = VECTOR('',#2168,1.);
#2168 = DIRECTION('',(1.,0.,0.));
#2169 = ORIENTED_EDGE('',*,*,#2116,.F.);
#2170 = PLANE('',#2171);
#2171 = AXIS2_PLACEMENT_3D('',#2172,#2173,#2174);
#2172 = CARTESIAN_POINT('',(113.7,-54.,16.5));
#2173 = DIRECTION('',(0.,1.,0.));
#2174 = DIRECTION('',(0.,0.,1.));
#2175 = ADVANCED_FACE('',(#2176),#2201,.F.);
#2176 = FACE_BOUND('',#2177,.F.);
#2177 = EDGE_LOOP('',(#2178,#2186,#2187,#2195));
#2178 = ORIENTED_EDGE('',*,*,#2179,.F.);
#2179 = EDGE_CURVE('',#1640,#2180,#2182,.T.);
#2180 = VERTEX_POINT('',#2181);
#2181 = CARTESIAN_POINT('',(120.,-65.3,17.2));
#2182 = LINE('',#2183,#2184);
#2183 = CARTESIAN_POINT('',(120.,-65.3,16.5));
#2184 = VECTOR('',#2185,1.);
#2185 = DIRECTION('',(0.,0.,1.));
#2186 = ORIENTED_EDGE('',*,*,#1639,.T.);
#2187 = ORIENTED_EDGE('',*,*,#2188,.T.);
#2188 = EDGE_CURVE('',#1642,#2189,#2191,.T.);
#2189 = VERTEX_POINT('',#2190);
#2190 = CARTESIAN_POINT('',(119.,-65.3,17.2));
#2191 = LINE('',#2192,#2193);
#2192 = CARTESIAN_POINT('',(119.,-65.3,16.5));
#2193 = VECTOR('',#2194,1.);
#2194 = DIRECTION('',(0.,0.,1.));
#2195 = ORIENTED_EDGE('',*,*,#2196,.T.);
#2196 = EDGE_CURVE('',#2189,#2180,#2197,.T.);
#2197 = LINE('',#2198,#2199);
#2198 = CARTESIAN_POINT('',(119.,-65.3,17.2));
#2199 = VECTOR('',#2200,1.);
#2200 = DIRECTION('',(1.,0.,0.));
#2201 = PLANE('',#2202);
#2202 = AXIS2_PLACEMENT_3D('',#2203,#2204,#2205);
#2203 = CARTESIAN_POINT('',(119.,-65.3,16.5));
#2204 = DIRECTION('',(0.,1.,0.));
#2205 = DIRECTION('',(0.,0.,1.));
#2206 = ADVANCED_FACE('',(#2207),#2225,.T.);
#2207 = FACE_BOUND('',#2208,.T.);
#2208 = EDGE_LOOP('',(#2209,#2210,#2211,#2219));
#2209 = ORIENTED_EDGE('',*,*,#2179,.F.);
#2210 = ORIENTED_EDGE('',*,*,#1665,.T.);
#2211 = ORIENTED_EDGE('',*,*,#2212,.T.);
#2212 = EDGE_CURVE('',#1658,#2213,#2215,.T.);
#2213 = VERTEX_POINT('',#2214);
#2214 = CARTESIAN_POINT('',(120.,-63.,17.2));
#2215 = LINE('',#2216,#2217);
#2216 = CARTESIAN_POINT('',(120.,-63.,16.5));
#2217 = VECTOR('',#2218,1.);
#2218 = DIRECTION('',(0.,0.,1.));
#2219 = ORIENTED_EDGE('',*,*,#2220,.F.);
#2220 = EDGE_CURVE('',#2180,#2213,#2221,.T.);
#2221 = LINE('',#2222,#2223);
#2222 = CARTESIAN_POINT('',(120.,-65.3,17.2));
#2223 = VECTOR('',#2224,1.);
#2224 = DIRECTION('',(0.,1.,0.));
#2225 = PLANE('',#2226);
#2226 = AXIS2_PLACEMENT_3D('',#2227,#2228,#2229);
#2227 = CARTESIAN_POINT('',(120.,-65.3,16.5));
#2228 = DIRECTION('',(1.,0.,0.));
#2229 = DIRECTION('',(0.,0.,1.));
#2230 = ADVANCED_FACE('',(#2231),#2249,.F.);
#2231 = FACE_BOUND('',#2232,.F.);
#2232 = EDGE_LOOP('',(#2233,#2234,#2235,#2243));
#2233 = ORIENTED_EDGE('',*,*,#2188,.F.);
#2234 = ORIENTED_EDGE('',*,*,#1649,.T.);
#2235 = ORIENTED_EDGE('',*,*,#2236,.T.);
#2236 = EDGE_CURVE('',#1650,#2237,#2239,.T.);
#2237 = VERTEX_POINT('',#2238);
#2238 = CARTESIAN_POINT('',(119.,-63.,17.2));
#2239 = LINE('',#2240,#2241);
#2240 = CARTESIAN_POINT('',(119.,-63.,16.5));
#2241 = VECTOR('',#2242,1.);
#2242 = DIRECTION('',(0.,0.,1.));
#2243 = ORIENTED_EDGE('',*,*,#2244,.F.);
#2244 = EDGE_CURVE('',#2189,#2237,#2245,.T.);
#2245 = LINE('',#2246,#2247);
#2246 = CARTESIAN_POINT('',(119.,-65.3,17.2));
#2247 = VECTOR('',#2248,1.);
#2248 = DIRECTION('',(0.,1.,0.));
#2249 = PLANE('',#2250);
#2250 = AXIS2_PLACEMENT_3D('',#2251,#2252,#2253);
#2251 = CARTESIAN_POINT('',(119.,-65.3,16.5));
#2252 = DIRECTION('',(1.,0.,0.));
#2253 = DIRECTION('',(0.,0.,1.));
#2254 = ADVANCED_FACE('',(#2255),#2266,.T.);
#2255 = FACE_BOUND('',#2256,.T.);
#2256 = EDGE_LOOP('',(#2257,#2258,#2259,#2260));
#2257 = ORIENTED_EDGE('',*,*,#2212,.F.);
#2258 = ORIENTED_EDGE('',*,*,#1657,.T.);
#2259 = ORIENTED_EDGE('',*,*,#2236,.T.);
#2260 = ORIENTED_EDGE('',*,*,#2261,.T.);
#2261 = EDGE_CURVE('',#2237,#2213,#2262,.T.);
#2262 = LINE('',#2263,#2264);
#2263 = CARTESIAN_POINT('',(119.,-63.,17.2));
#2264 = VECTOR('',#2265,1.);
#2265 = DIRECTION('',(1.,0.,0.));
#2266 = PLANE('',#2267);
#2267 = AXIS2_PLACEMENT_3D('',#2268,#2269,#2270);
#2268 = CARTESIAN_POINT('',(119.,-63.,16.5));
#2269 = DIRECTION('',(0.,1.,0.));
#2270 = DIRECTION('',(0.,0.,1.));
#2271 = ADVANCED_FACE('',(#2272),#2297,.F.);
#2272 = FACE_BOUND('',#2273,.F.);
#2273 = EDGE_LOOP('',(#2274,#2282,#2283,#2291));
#2274 = ORIENTED_EDGE('',*,*,#2275,.F.);
#2275 = EDGE_CURVE('',#1674,#2276,#2278,.T.);
#2276 = VERTEX_POINT('',#2277);
#2277 = CARTESIAN_POINT('',(122.2,-65.3,17.2));
#2278 = LINE('',#2279,#2280);
#2279 = CARTESIAN_POINT('',(122.2,-65.3,16.5));
#2280 = VECTOR('',#2281,1.);
#2281 = DIRECTION('',(0.,0.,1.));
#2282 = ORIENTED_EDGE('',*,*,#1673,.T.);
#2283 = ORIENTED_EDGE('',*,*,#2284,.T.);
#2284 = EDGE_CURVE('',#1676,#2285,#2287,.T.);
#2285 = VERTEX_POINT('',#2286);
#2286 = CARTESIAN_POINT('',(121.2,-65.3,17.2));
#2287 = LINE('',#2288,#2289);
#2288 = CARTESIAN_POINT('',(121.2,-65.3,16.5));
#2289 = VECTOR('',#2290,1.);
#2290 = DIRECTION('',(0.,0.,1.));
#2291 = ORIENTED_EDGE('',*,*,#2292,.T.);
#2292 = EDGE_CURVE('',#2285,#2276,#2293,.T.);
#2293 = LINE('',#2294,#2295);
#2294 = CARTESIAN_POINT('',(121.2,-65.3,17.2));
#2295 = VECTOR('',#2296,1.);
#2296 = DIRECTION('',(1.,0.,0.));
#2297 = PLANE('',#2298);
#2298 = AXIS2_PLACEMENT_3D('',#2299,#2300,#2301);
#2299 = CARTESIAN_POINT('',(121.2,-65.3,16.5));
#2300 = DIRECTION('',(0.,1.,0.));
#2301 = DIRECTION('',(0.,0.,1.));
#2302 = ADVANCED_FACE('',(#2303),#2321,.T.);
#2303 = FACE_BOUND('',#2304,.T.);
#2304 = EDGE_LOOP('',(#2305,#2306,#2307,#2315));
#2305 = ORIENTED_EDGE('',*,*,#2275,.F.);
#2306 = ORIENTED_EDGE('',*,*,#1699,.T.);
#2307 = ORIENTED_EDGE('',*,*,#2308,.T.);
#2308 = EDGE_CURVE('',#1692,#2309,#2311,.T.);
#2309 = VERTEX_POINT('',#2310);
#2310 = CARTESIAN_POINT('',(122.2,-63.,17.2));
#2311 = LINE('',#2312,#2313);
#2312 = CARTESIAN_POINT('',(122.2,-63.,16.5));
#2313 = VECTOR('',#2314,1.);
#2314 = DIRECTION('',(0.,0.,1.));
#2315 = ORIENTED_EDGE('',*,*,#2316,.F.);
#2316 = EDGE_CURVE('',#2276,#2309,#2317,.T.);
#2317 = LINE('',#2318,#2319);
#2318 = CARTESIAN_POINT('',(122.2,-65.3,17.2));
#2319 = VECTOR('',#2320,1.);
#2320 = DIRECTION('',(0.,1.,0.));
#2321 = PLANE('',#2322);
#2322 = AXIS2_PLACEMENT_3D('',#2323,#2324,#2325);
#2323 = CARTESIAN_POINT('',(122.2,-65.3,16.5));
#2324 = DIRECTION('',(1.,0.,0.));
#2325 = DIRECTION('',(0.,0.,1.));
#2326 = ADVANCED_FACE('',(#2327),#2345,.F.);
#2327 = FACE_BOUND('',#2328,.F.);
#2328 = EDGE_LOOP('',(#2329,#2330,#2331,#2339));
#2329 = ORIENTED_EDGE('',*,*,#2284,.F.);
#2330 = ORIENTED_EDGE('',*,*,#1683,.T.);
#2331 = ORIENTED_EDGE('',*,*,#2332,.T.);
#2332 = EDGE_CURVE('',#1684,#2333,#2335,.T.);
#2333 = VERTEX_POINT('',#2334);
#2334 = CARTESIAN_POINT('',(121.2,-63.,17.2));
#2335 = LINE('',#2336,#2337);
#2336 = CARTESIAN_POINT('',(121.2,-63.,16.5));
#2337 = VECTOR('',#2338,1.);
#2338 = DIRECTION('',(0.,0.,1.));
#2339 = ORIENTED_EDGE('',*,*,#2340,.F.);
#2340 = EDGE_CURVE('',#2285,#2333,#2341,.T.);
#2341 = LINE('',#2342,#2343);
#2342 = CARTESIAN_POINT('',(121.2,-65.3,17.2));
#2343 = VECTOR('',#2344,1.);
#2344 = DIRECTION('',(0.,1.,0.));
#2345 = PLANE('',#2346);
#2346 = AXIS2_PLACEMENT_3D('',#2347,#2348,#2349);
#2347 = CARTESIAN_POINT('',(121.2,-65.3,16.5));
#2348 = DIRECTION('',(1.,0.,0.));
#2349 = DIRECTION('',(0.,0.,1.));
#2350 = ADVANCED_FACE('',(#2351),#2362,.T.);
#2351 = FACE_BOUND('',#2352,.T.);
#2352 = EDGE_LOOP('',(#2353,#2354,#2355,#2356));
#2353 = ORIENTED_EDGE('',*,*,#2308,.F.);
#2354 = ORIENTED_EDGE('',*,*,#1691,.T.);
#2355 = ORIENTED_EDGE('',*,*,#2332,.T.);
#2356 = ORIENTED_EDGE('',*,*,#2357,.T.);
#2357 = EDGE_CURVE('',#2333,#2309,#2358,.T.);
#2358 = LINE('',#2359,#2360);
#2359 = CARTESIAN_POINT('',(121.2,-63.,17.2));
#2360 = VECTOR('',#2361,1.);
#2361 = DIRECTION('',(1.,0.,0.));
#2362 = PLANE('',#2363);
#2363 = AXIS2_PLACEMENT_3D('',#2364,#2365,#2366);
#2364 = CARTESIAN_POINT('',(121.2,-63.,16.5));
#2365 = DIRECTION('',(0.,1.,0.));
#2366 = DIRECTION('',(0.,0.,1.));
#2367 = ADVANCED_FACE('',(#2368),#2393,.F.);
#2368 = FACE_BOUND('',#2369,.F.);
#2369 = EDGE_LOOP('',(#2370,#2378,#2379,#2387));
#2370 = ORIENTED_EDGE('',*,*,#2371,.F.);
#2371 = EDGE_CURVE('',#1708,#2372,#2374,.T.);
#2372 = VERTEX_POINT('',#2373);
#2373 = CARTESIAN_POINT('',(124.4,-65.3,17.2));
#2374 = LINE('',#2375,#2376);
#2375 = CARTESIAN_POINT('',(124.4,-65.3,16.5));
#2376 = VECTOR('',#2377,1.);
#2377 = DIRECTION('',(0.,0.,1.));
#2378 = ORIENTED_EDGE('',*,*,#1707,.T.);
#2379 = ORIENTED_EDGE('',*,*,#2380,.T.);
#2380 = EDGE_CURVE('',#1710,#2381,#2383,.T.);
#2381 = VERTEX_POINT('',#2382);
#2382 = CARTESIAN_POINT('',(123.4,-65.3,17.2));
#2383 = LINE('',#2384,#2385);
#2384 = CARTESIAN_POINT('',(123.4,-65.3,16.5));
#2385 = VECTOR('',#2386,1.);
#2386 = DIRECTION('',(0.,0.,1.));
#2387 = ORIENTED_EDGE('',*,*,#2388,.T.);
#2388 = EDGE_CURVE('',#2381,#2372,#2389,.T.);
#2389 = LINE('',#2390,#2391);
#2390 = CARTESIAN_POINT('',(123.4,-65.3,17.2));
#2391 = VECTOR('',#2392,1.);
#2392 = DIRECTION('',(1.,0.,0.));
#2393 = PLANE('',#2394);
#2394 = AXIS2_PLACEMENT_3D('',#2395,#2396,#2397);
#2395 = CARTESIAN_POINT('',(123.4,-65.3,16.5));
#2396 = DIRECTION('',(0.,1.,0.));
#2397 = DIRECTION('',(0.,0.,1.));
#2398 = ADVANCED_FACE('',(#2399),#2417,.T.);
#2399 = FACE_BOUND('',#2400,.T.);
#2400 = EDGE_LOOP('',(#2401,#2402,#2403,#2411));
#2401 = ORIENTED_EDGE('',*,*,#2371,.F.);
#2402 = ORIENTED_EDGE('',*,*,#1733,.T.);
#2403 = ORIENTED_EDGE('',*,*,#2404,.T.);
#2404 = EDGE_CURVE('',#1726,#2405,#2407,.T.);
#2405 = VERTEX_POINT('',#2406);
#2406 = CARTESIAN_POINT('',(124.4,-63.,17.2));
#2407 = LINE('',#2408,#2409);
#2408 = CARTESIAN_POINT('',(124.4,-63.,16.5));
#2409 = VECTOR('',#2410,1.);
#2410 = DIRECTION('',(0.,0.,1.));
#2411 = ORIENTED_EDGE('',*,*,#2412,.F.);
#2412 = EDGE_CURVE('',#2372,#2405,#2413,.T.);
#2413 = LINE('',#2414,#2415);
#2414 = CARTESIAN_POINT('',(124.4,-65.3,17.2));
#2415 = VECTOR('',#2416,1.);
#2416 = DIRECTION('',(0.,1.,0.));
#2417 = PLANE('',#2418);
#2418 = AXIS2_PLACEMENT_3D('',#2419,#2420,#2421);
#2419 = CARTESIAN_POINT('',(124.4,-65.3,16.5));
#2420 = DIRECTION('',(1.,0.,0.));
#2421 = DIRECTION('',(0.,0.,1.));
#2422 = ADVANCED_FACE('',(#2423),#2441,.F.);
#2423 = FACE_BOUND('',#2424,.F.);
#2424 = EDGE_LOOP('',(#2425,#2426,#2427,#2435));
#2425 = ORIENTED_EDGE('',*,*,#2380,.F.);
#2426 = ORIENTED_EDGE('',*,*,#1717,.T.);
#2427 = ORIENTED_EDGE('',*,*,#2428,.T.);
#2428 = EDGE_CURVE('',#1718,#2429,#2431,.T.);
#2429 = VERTEX_POINT('',#2430);
#2430 = CARTESIAN_POINT('',(123.4,-63.,17.2));
#2431 = LINE('',#2432,#2433);
#2432 = CARTESIAN_POINT('',(123.4,-63.,16.5));
#2433 = VECTOR('',#2434,1.);
#2434 = DIRECTION('',(0.,0.,1.));
#2435 = ORIENTED_EDGE('',*,*,#2436,.F.);
#2436 = EDGE_CURVE('',#2381,#2429,#2437,.T.);
#2437 = LINE('',#2438,#2439);
#2438 = CARTESIAN_POINT('',(123.4,-65.3,17.2));
#2439 = VECTOR('',#2440,1.);
#2440 = DIRECTION('',(0.,1.,0.));
#2441 = PLANE('',#2442);
#2442 = AXIS2_PLACEMENT_3D('',#2443,#2444,#2445);
#2443 = CARTESIAN_POINT('',(123.4,-65.3,16.5));
#2444 = DIRECTION('',(1.,0.,0.));
#2445 = DIRECTION('',(0.,0.,1.));
#2446 = ADVANCED_FACE('',(#2447),#2458,.T.);
#2447 = FACE_BOUND('',#2448,.T.);
#2448 = EDGE_LOOP('',(#2449,#2450,#2451,#2452));
#2449 = ORIENTED_EDGE('',*,*,#2404,.F.);
#2450 = ORIENTED_EDGE('',*,*,#1725,.T.);
#2451 = ORIENTED_EDGE('',*,*,#2428,.T.);
#2452 = ORIENTED_EDGE('',*,*,#2453,.T.);
#2453 = EDGE_CURVE('',#2429,#2405,#2454,.T.);
#2454 = LINE('',#2455,#2456);
#2455 = CARTESIAN_POINT('',(123.4,-63.,17.2));
#2456 = VECTOR('',#2457,1.);
#2457 = DIRECTION('',(1.,0.,0.));
#2458 = PLANE('',#2459);
#2459 = AXIS2_PLACEMENT_3D('',#2460,#2461,#2462);
#2460 = CARTESIAN_POINT('',(123.4,-63.,16.5));
#2461 = DIRECTION('',(0.,1.,0.));
#2462 = DIRECTION('',(0.,0.,1.));
#2463 = ADVANCED_FACE('',(#2464),#2483,.T.);
#2464 = FACE_BOUND('',#2465,.F.);
#2465 = EDGE_LOOP('',(#2466,#2467,#2475,#2482));
#2466 = ORIENTED_EDGE('',*,*,#1744,.T.);
#2467 = ORIENTED_EDGE('',*,*,#2468,.T.);
#2468 = EDGE_CURVE('',#1745,#2469,#2471,.T.);
#2469 = VERTEX_POINT('',#2470);
#2470 = CARTESIAN_POINT('',(127.35,-56.1,17.2));
#2471 = LINE('',#2472,#2473);
#2472 = CARTESIAN_POINT('',(127.35,-56.1,16.5));
#2473 = VECTOR('',#2474,1.);
#2474 = DIRECTION('',(0.,0.,1.));
#2475 = ORIENTED_EDGE('',*,*,#2476,.T.);
#2476 = EDGE_CURVE('',#2469,#2469,#2477,.T.);
#2477 = CIRCLE('',#2478,1.65);
#2478 = AXIS2_PLACEMENT_3D('',#2479,#2480,#2481);
#2479 = CARTESIAN_POINT('',(125.7,-56.1,17.2));
#2480 = DIRECTION('',(0.,0.,1.));
#2481 = DIRECTION('',(1.,0.,0.));
#2482 = ORIENTED_EDGE('',*,*,#2468,.F.);
#2483 = CYLINDRICAL_SURFACE('',#2484,1.65);
#2484 = AXIS2_PLACEMENT_3D('',#2485,#2486,#2487);
#2485 = CARTESIAN_POINT('',(125.7,-56.1,16.5));
#2486 = DIRECTION('',(-0.,-0.,-1.));
#2487 = DIRECTION('',(1.,0.,0.));
#2488 = ADVANCED_FACE('',(#2489),#2500,.F.);
#2489 = FACE_BOUND('',#2490,.T.);
#2490 = EDGE_LOOP('',(#2491,#2492,#2498,#2499));
#2491 = ORIENTED_EDGE('',*,*,#1834,.F.);
#2492 = ORIENTED_EDGE('',*,*,#2493,.T.);
#2493 = EDGE_CURVE('',#1835,#1756,#2494,.T.);
#2494 = LINE('',#2495,#2496);
#2495 = CARTESIAN_POINT('',(132.45,-64.,14.9));
#2496 = VECTOR('',#2497,1.);
#2497 = DIRECTION('',(0.,0.,1.));
#2498 = ORIENTED_EDGE('',*,*,#1755,.F.);
#2499 = ORIENTED_EDGE('',*,*,#2493,.F.);
#2500 = CYLINDRICAL_SURFACE('',#2501,1.85);
#2501 = AXIS2_PLACEMENT_3D('',#2502,#2503,#2504);
#2502 = CARTESIAN_POINT('',(130.6,-64.,14.9));
#2503 = DIRECTION('',(-0.,-0.,-1.));
#2504 = DIRECTION('',(1.,0.,0.));
#2505 = ADVANCED_FACE('',(#2506),#2525,.T.);
#2506 = FACE_BOUND('',#2507,.F.);
#2507 = EDGE_LOOP('',(#2508,#2509,#2517,#2524));
#2508 = ORIENTED_EDGE('',*,*,#1766,.T.);
#2509 = ORIENTED_EDGE('',*,*,#2510,.T.);
#2510 = EDGE_CURVE('',#1767,#2511,#2513,.T.);
#2511 = VERTEX_POINT('',#2512);
#2512 = CARTESIAN_POINT('',(130.95,-53.5,17.2));
#2513 = LINE('',#2514,#2515);
#2514 = CARTESIAN_POINT('',(130.95,-53.5,16.5));
#2515 = VECTOR('',#2516,1.);
#2516 = DIRECTION('',(0.,0.,1.));
#2517 = ORIENTED_EDGE('',*,*,#2518,.T.);
#2518 = EDGE_CURVE('',#2511,#2511,#2519,.T.);
#2519 = CIRCLE('',#2520,1.65);
#2520 = AXIS2_PLACEMENT_3D('',#2521,#2522,#2523);
#2521 = CARTESIAN_POINT('',(129.3,-53.5,17.2));
#2522 = DIRECTION('',(0.,0.,1.));
#2523 = DIRECTION('',(1.,0.,0.));
#2524 = ORIENTED_EDGE('',*,*,#2510,.F.);
#2525 = CYLINDRICAL_SURFACE('',#2526,1.65);
#2526 = AXIS2_PLACEMENT_3D('',#2527,#2528,#2529);
#2527 = CARTESIAN_POINT('',(129.3,-53.5,16.5));
#2528 = DIRECTION('',(-0.,-0.,-1.));
#2529 = DIRECTION('',(1.,0.,0.));
#2530 = ADVANCED_FACE('',(#2531),#2545,.T.);
#2531 = FACE_BOUND('',#2532,.T.);
#2532 = EDGE_LOOP('',(#2533,#2534,#2535,#2536,#2537,#2538,#2539,#2540,
    #2541,#2542,#2543,#2544));
#2533 = ORIENTED_EDGE('',*,*,#1996,.F.);
#2534 = ORIENTED_EDGE('',*,*,#1956,.F.);
#2535 = ORIENTED_EDGE('',*,*,#1900,.T.);
#2536 = ORIENTED_EDGE('',*,*,#1932,.F.);
#2537 = ORIENTED_EDGE('',*,*,#1980,.T.);
#2538 = ORIENTED_EDGE('',*,*,#2028,.T.);
#2539 = ORIENTED_EDGE('',*,*,#2068,.T.);
#2540 = ORIENTED_EDGE('',*,*,#2124,.T.);
#2541 = ORIENTED_EDGE('',*,*,#2164,.F.);
#2542 = ORIENTED_EDGE('',*,*,#2148,.T.);
#2543 = ORIENTED_EDGE('',*,*,#2100,.F.);
#2544 = ORIENTED_EDGE('',*,*,#2052,.F.);
#2545 = PLANE('',#2546);
#2546 = AXIS2_PLACEMENT_3D('',#2547,#2548,#2549);
#2547 = CARTESIAN_POINT('',(116.9,-55.,17.2));
#2548 = DIRECTION('',(0.,0.,1.));
#2549 = DIRECTION('',(1.,0.,0.));
#2550 = ADVANCED_FACE('',(#2551),#2557,.T.);
#2551 = FACE_BOUND('',#2552,.T.);
#2552 = EDGE_LOOP('',(#2553,#2554,#2555,#2556));
#2553 = ORIENTED_EDGE('',*,*,#2244,.F.);
#2554 = ORIENTED_EDGE('',*,*,#2196,.T.);
#2555 = ORIENTED_EDGE('',*,*,#2220,.T.);
#2556 = ORIENTED_EDGE('',*,*,#2261,.F.);
#2557 = PLANE('',#2558);
#2558 = AXIS2_PLACEMENT_3D('',#2559,#2560,#2561);
#2559 = CARTESIAN_POINT('',(119.,-65.3,17.2));
#2560 = DIRECTION('',(0.,0.,1.));
#2561 = DIRECTION('',(1.,0.,0.));
#2562 = ADVANCED_FACE('',(#2563),#2569,.T.);
#2563 = FACE_BOUND('',#2564,.T.);
#2564 = EDGE_LOOP('',(#2565,#2566,#2567,#2568));
#2565 = ORIENTED_EDGE('',*,*,#2340,.F.);
#2566 = ORIENTED_EDGE('',*,*,#2292,.T.);
#2567 = ORIENTED_EDGE('',*,*,#2316,.T.);
#2568 = ORIENTED_EDGE('',*,*,#2357,.F.);
#2569 = PLANE('',#2570);
#2570 = AXIS2_PLACEMENT_3D('',#2571,#2572,#2573);
#2571 = CARTESIAN_POINT('',(121.2,-65.3,17.2));
#2572 = DIRECTION('',(0.,0.,1.));
#2573 = DIRECTION('',(1.,0.,0.));
#2574 = ADVANCED_FACE('',(#2575),#2581,.T.);
#2575 = FACE_BOUND('',#2576,.T.);
#2576 = EDGE_LOOP('',(#2577,#2578,#2579,#2580));
#2577 = ORIENTED_EDGE('',*,*,#2436,.F.);
#2578 = ORIENTED_EDGE('',*,*,#2388,.T.);
#2579 = ORIENTED_EDGE('',*,*,#2412,.T.);
#2580 = ORIENTED_EDGE('',*,*,#2453,.F.);
#2581 = PLANE('',#2582);
#2582 = AXIS2_PLACEMENT_3D('',#2583,#2584,#2585);
#2583 = CARTESIAN_POINT('',(123.4,-65.3,17.2));
#2584 = DIRECTION('',(0.,0.,1.));
#2585 = DIRECTION('',(1.,0.,0.));
#2586 = ADVANCED_FACE('',(#2587),#2590,.T.);
#2587 = FACE_BOUND('',#2588,.F.);
#2588 = EDGE_LOOP('',(#2589));
#2589 = ORIENTED_EDGE('',*,*,#2476,.F.);
#2590 = PLANE('',#2591);
#2591 = AXIS2_PLACEMENT_3D('',#2592,#2593,#2594);
#2592 = CARTESIAN_POINT('',(125.7,-56.1,17.2));
#2593 = DIRECTION('',(0.,0.,1.));
#2594 = DIRECTION('',(1.,0.,0.));
#2595 = ADVANCED_FACE('',(#2596),#2599,.T.);
#2596 = FACE_BOUND('',#2597,.F.);
#2597 = EDGE_LOOP('',(#2598));
#2598 = ORIENTED_EDGE('',*,*,#2518,.F.);
#2599 = PLANE('',#2600);
#2600 = AXIS2_PLACEMENT_3D('',#2601,#2602,#2603);
#2601 = CARTESIAN_POINT('',(129.3,-53.5,17.2));
#2602 = DIRECTION('',(0.,0.,1.));
#2603 = DIRECTION('',(1.,0.,0.));
#2604 = ( GEOMETRIC_REPRESENTATION_CONTEXT(3) 
GLOBAL_UNCERTAINTY_ASSIGNED_CONTEXT((#2608)) 
GLOBAL_UNIT_ASSIGNED_CONTEXT((#2605,#2606,#2607)) REPRESENTATION_CONTEXT
('Context #1','3D Context with UNIT and UNCERTAINTY') );
#2605 = ( LENGTH_UNIT() NAMED_UNIT(*) SI_UNIT(.MILLI.,.METRE.) );
#2606 = ( NAMED_UNIT(*) PLANE_ANGLE_UNIT() SI_UNIT($,.RADIAN.) );
#2607 = ( NAMED_UNIT(*) SI_UNIT($,.STERADIAN.) SOLID_ANGLE_UNIT() );
#2608 = UNCERTAINTY_MEASURE_WITH_UNIT(LENGTH_MEASURE(2.E-05),#2605,
  'distance_accuracy_value','confusion accuracy');
#2609 = PRODUCT_RELATED_PRODUCT_CATEGORY('part',$,(#7));
ENDSEC;
END-ISO-10303-21;
