ISO-10303-21;
HEADER;
FILE_DESCRIPTION(('FreeCAD Model'),'2;1');
FILE_NAME('Open CASCADE Shape Model','2026-09-21T19:38:58',('FreeCAD'),(
    'FreeCAD'),'Open CASCADE STEP processor 7.8','FreeCAD','Unknown');
FILE_SCHEMA(('AUTOMOTIVE_DESIGN { 1 0 10303 214 1 1 1 1 }'));
ENDSEC;
DATA;
#1 = APPLICATION_PROTOCOL_DEFINITION('international standard',
  'automotive_design',2000,#2);
#2 = APPLICATION_CONTEXT(
  'core data for automotive mechanical design processes');
#3 = SHAPE_DEFINITION_REPRESENTATION(#4,#10);
#4 = PRODUCT_DEFINITION_SHAPE('','',#5);
#5 = PRODUCT_DEFINITION('design','',#6,#9);
#6 = PRODUCT_DEFINITION_FORMATION('','',#7);
#7 = PRODUCT('Open CASCADE STEP translator 7.8 27',
  'Open CASCADE STEP translator 7.8 27','',(#8));
#8 = PRODUCT_CONTEXT('',#2,'mechanical');
#9 = PRODUCT_DEFINITION_CONTEXT('part definition',#2,'design');
#10 = ADVANCED_BREP_SHAPE_REPRESENTATION('',(#11,#15),#12267);
#11 = AXIS2_PLACEMENT_3D('',#12,#13,#14);
#12 = CARTESIAN_POINT('',(0.,0.,0.));
#13 = DIRECTION('',(0.,0.,1.));
#14 = DIRECTION('',(1.,0.,-0.));
#15 = MANIFOLD_SOLID_BREP('',#16);
#16 = CLOSED_SHELL('',(#17,#57,#88,#119,#3093,#6067,#6084,#6101,#6118,
    #6135,#6152,#6169,#6186,#6203,#6220,#6237,#6254,#6271,#6288,#6305,
    #6322,#6339,#6356,#6373,#6390,#6407,#6424,#6441,#6458,#6475,#6492,
    #6509,#6526,#6543,#6560,#6577,#6594,#6611,#6628,#6645,#6662,#6679,
    #6696,#6713,#6730,#6747,#6764,#6781,#6798,#6815,#6832,#6849,#6866,
    #6883,#6900,#6917,#6934,#6951,#6968,#6985,#7002,#7019,#7036,#7053,
    #7070,#7087,#7104,#7121,#7138,#7155,#7172,#7189,#7206,#7223,#7240,
    #7257,#7274,#7291,#7308,#7325,#7342,#7359,#7376,#7393,#7410,#7427,
    #7444,#7461,#7478,#7495,#7512,#7529,#7546,#7563,#7580,#7597,#7614,
    #7631,#7648,#7665,#7682,#7699,#7716,#7733,#7750,#7767,#7784,#7801,
    #7818,#7835,#7852,#7869,#7886,#7903,#7920,#7937,#7954,#7971,#7988,
    #8005,#8022,#8039,#8056,#8073,#8090,#8107,#8124,#8141,#8158,#8175,
    #8192,#8209,#8226,#8243,#8260,#8277,#8294,#8311,#8328,#8345,#8362,
    #8379,#8396,#8413,#8430,#8447,#8464,#8481,#8498,#8515,#8532,#8549,
    #8566,#8583,#8600,#8617,#8634,#8651,#8668,#8685,#8702,#8719,#8736,
    #8753,#8770,#8787,#8804,#8821,#8838,#8855,#8872,#8889,#8906,#8923,
    #8940,#8957,#8974,#8991,#9008,#9025,#9042,#9059,#9076,#9093,#9110,
    #9127,#9144,#9161,#9178,#9195,#9212,#9229,#9246,#9263,#9280,#9297,
    #9314,#9331,#9348,#9365,#9382,#9399,#9416,#9433,#9450,#9467,#9484,
    #9501,#9518,#9535,#9552,#9569,#9586,#9603,#9620,#9637,#9654,#9671,
    #9688,#9705,#9722,#9739,#9756,#9773,#9790,#9807,#9824,#9841,#9858,
    #9875,#9892,#9909,#9926,#9943,#9960,#9977,#9994,#10011,#10028,#10045
    ,#10062,#10079,#10096,#10113,#10130,#10147,#10164,#10181,#10198,
    #10215,#10232,#10249,#10266,#10283,#10300,#10317,#10334,#10351,
    #10368,#10385,#10402,#10419,#10436,#10453,#10470,#10487,#10504,
    #10521,#10538,#10555,#10572,#10589,#10606,#10623,#10640,#10657,
    #10674,#10691,#10708,#10725,#10742,#10759,#10776,#10793,#10810,
    #10827,#10844,#10861,#10878,#10895,#10912,#10929,#10946,#10963,
    #10980,#10992,#11014,#11031,#11048,#11060,#11082,#11099,#11116,
    #11128,#11150,#11167,#11184,#11196,#11218,#11235,#11252,#11264,
    #11286,#11303,#11320,#11332,#11354,#11371,#11388,#11400,#11417,
    #11439,#11456,#11473,#11485,#11507,#11524,#11541,#11553,#11575,
    #11592,#11609,#11621,#11643,#11660,#11677,#11689,#11711,#11728,
    #11745,#11757,#11779,#11796,#11813,#11825,#11847,#11864,#11881,
    #11893,#11915,#11932,#11949,#11961,#11983,#12000,#12017,#12029,
    #12046,#12068,#12085,#12102,#12114,#12131,#12153,#12170,#12187,
    #12199,#12221,#12238,#12255));
#17 = ADVANCED_FACE('',(#18),#52,.T.);
#18 = FACE_BOUND('',#19,.T.);
#19 = EDGE_LOOP('',(#20,#30,#38,#46));
#20 = ORIENTED_EDGE('',*,*,#21,.T.);
#21 = EDGE_CURVE('',#22,#24,#26,.T.);
#22 = VERTEX_POINT('',#23);
#23 = CARTESIAN_POINT('',(48.365676084191,-10.85830551721,6.3));
#24 = VERTEX_POINT('',#25);
#25 = CARTESIAN_POINT('',(48.365676084191,-10.85830551721,7.6));
#26 = LINE('',#27,#28);
#27 = CARTESIAN_POINT('',(48.365676084191,-10.85830551721,6.3));
#28 = VECTOR('',#29,1.);
#29 = DIRECTION('',(0.,0.,1.));
#30 = ORIENTED_EDGE('',*,*,#31,.T.);
#31 = EDGE_CURVE('',#24,#32,#34,.T.);
#32 = VERTEX_POINT('',#33);
#33 = CARTESIAN_POINT('',(48.466684279624,-10.79776353476,7.6));
#34 = LINE('',#35,#36);
#35 = CARTESIAN_POINT('',(48.365676084191,-10.85830551721,7.6));
#36 = VECTOR('',#37,1.);
#37 = DIRECTION('',(0.85772861,0.514102744193,0.));
#38 = ORIENTED_EDGE('',*,*,#39,.F.);
#39 = EDGE_CURVE('',#40,#32,#42,.T.);
#40 = VERTEX_POINT('',#41);
#41 = CARTESIAN_POINT('',(48.466684279624,-10.79776353476,6.3));
#42 = LINE('',#43,#44);
#43 = CARTESIAN_POINT('',(48.466684279624,-10.79776353476,6.3));
#44 = VECTOR('',#45,1.);
#45 = DIRECTION('',(0.,0.,1.));
#46 = ORIENTED_EDGE('',*,*,#47,.F.);
#47 = EDGE_CURVE('',#22,#40,#48,.T.);
#48 = LINE('',#49,#50);
#49 = CARTESIAN_POINT('',(48.365676084191,-10.85830551721,6.3));
#50 = VECTOR('',#51,1.);
#51 = DIRECTION('',(0.85772861,0.514102744193,0.));
#52 = PLANE('',#53);
#53 = AXIS2_PLACEMENT_3D('',#54,#55,#56);
#54 = CARTESIAN_POINT('',(48.365676084191,-10.85830551721,6.3));
#55 = DIRECTION('',(-0.514102744193,0.85772861,0.));
#56 = DIRECTION('',(0.85772861,0.514102744193,0.));
#57 = ADVANCED_FACE('',(#58),#83,.T.);
#58 = FACE_BOUND('',#59,.T.);
#59 = EDGE_LOOP('',(#60,#70,#76,#77));
#60 = ORIENTED_EDGE('',*,*,#61,.T.);
#61 = EDGE_CURVE('',#62,#64,#66,.T.);
#62 = VERTEX_POINT('',#63);
#63 = CARTESIAN_POINT('',(48.26943498666,-10.90382416634,6.3));
#64 = VERTEX_POINT('',#65);
#65 = CARTESIAN_POINT('',(48.26943498666,-10.90382416634,7.6));
#66 = LINE('',#67,#68);
#67 = CARTESIAN_POINT('',(48.26943498666,-10.90382416634,6.3));
#68 = VECTOR('',#69,1.);
#69 = DIRECTION('',(0.,0.,1.));
#70 = ORIENTED_EDGE('',*,*,#71,.T.);
#71 = EDGE_CURVE('',#64,#24,#72,.T.);
#72 = LINE('',#73,#74);
#73 = CARTESIAN_POINT('',(48.26943498666,-10.90382416634,7.6));
#74 = VECTOR('',#75,1.);
#75 = DIRECTION('',(0.903989293123,0.42755509343,0.));
#76 = ORIENTED_EDGE('',*,*,#21,.F.);
#77 = ORIENTED_EDGE('',*,*,#78,.F.);
#78 = EDGE_CURVE('',#62,#22,#79,.T.);
#79 = LINE('',#80,#81);
#80 = CARTESIAN_POINT('',(48.26943498666,-10.90382416634,6.3));
#81 = VECTOR('',#82,1.);
#82 = DIRECTION('',(0.903989293123,0.42755509343,0.));
#83 = PLANE('',#84);
#84 = AXIS2_PLACEMENT_3D('',#85,#86,#87);
#85 = CARTESIAN_POINT('',(48.26943498666,-10.90382416634,6.3));
#86 = DIRECTION('',(-0.42755509343,0.903989293123,0.));
#87 = DIRECTION('',(0.903989293123,0.42755509343,0.));
#88 = ADVANCED_FACE('',(#89),#114,.T.);
#89 = FACE_BOUND('',#90,.T.);
#90 = EDGE_LOOP('',(#91,#92,#100,#108));
#91 = ORIENTED_EDGE('',*,*,#39,.T.);
#92 = ORIENTED_EDGE('',*,*,#93,.T.);
#93 = EDGE_CURVE('',#32,#94,#96,.T.);
#94 = VERTEX_POINT('',#95);
#95 = CARTESIAN_POINT('',(48.561271940996,-10.72761254403,7.6));
#96 = LINE('',#97,#98);
#97 = CARTESIAN_POINT('',(48.466684279624,-10.79776353476,7.6));
#98 = VECTOR('',#99,1.);
#99 = DIRECTION('',(0.803207531481,0.595699304492,0.));
#100 = ORIENTED_EDGE('',*,*,#101,.F.);
#101 = EDGE_CURVE('',#102,#94,#104,.T.);
#102 = VERTEX_POINT('',#103);
#103 = CARTESIAN_POINT('',(48.561271940996,-10.72761254403,6.3));
#104 = LINE('',#105,#106);
#105 = CARTESIAN_POINT('',(48.561271940996,-10.72761254403,6.3));
#106 = VECTOR('',#107,1.);
#107 = DIRECTION('',(0.,0.,1.));
#108 = ORIENTED_EDGE('',*,*,#109,.F.);
#109 = EDGE_CURVE('',#40,#102,#110,.T.);
#110 = LINE('',#111,#112);
#111 = CARTESIAN_POINT('',(48.466684279624,-10.79776353476,6.3));
#112 = VECTOR('',#113,1.);
#113 = DIRECTION('',(0.803207531481,0.595699304492,0.));
#114 = PLANE('',#115);
#115 = AXIS2_PLACEMENT_3D('',#116,#117,#118);
#116 = CARTESIAN_POINT('',(48.466684279624,-10.79776353476,6.3));
#117 = DIRECTION('',(-0.595699304492,0.803207531481,0.));
#118 = DIRECTION('',(0.803207531481,0.595699304492,0.));
#119 = ADVANCED_FACE('',(#120,#2443,#2477,#2511,#2545,#2579,#2613,#2647,
    #2658,#2692,#2726,#2760,#2794,#2828,#2862,#2896,#2930,#2964,#2975,
    #3009,#3020,#3054),#3088,.F.);
#120 = FACE_BOUND('',#121,.F.);
#121 = EDGE_LOOP('',(#122,#123,#124,#132,#140,#148,#156,#164,#172,#180,
    #188,#196,#204,#212,#220,#228,#236,#244,#252,#260,#268,#276,#284,
    #292,#300,#308,#316,#324,#332,#340,#348,#356,#364,#372,#380,#388,
    #396,#404,#412,#420,#428,#436,#444,#452,#460,#468,#476,#484,#492,
    #500,#508,#516,#524,#532,#540,#548,#556,#564,#572,#580,#588,#596,
    #604,#612,#620,#628,#636,#644,#652,#660,#668,#676,#684,#692,#700,
    #708,#716,#724,#732,#740,#748,#756,#764,#772,#780,#788,#796,#804,
    #812,#820,#828,#836,#844,#852,#860,#868,#876,#884,#892,#900,#908,
    #916,#924,#932,#940,#948,#956,#964,#972,#980,#988,#996,#1004,#1012,
    #1020,#1028,#1036,#1044,#1052,#1060,#1068,#1076,#1084,#1092,#1100,
    #1108,#1116,#1124,#1132,#1140,#1148,#1156,#1164,#1172,#1180,#1188,
    #1196,#1204,#1212,#1220,#1228,#1236,#1244,#1252,#1260,#1268,#1276,
    #1284,#1292,#1300,#1308,#1316,#1324,#1332,#1340,#1348,#1356,#1364,
    #1372,#1380,#1388,#1396,#1404,#1412,#1420,#1428,#1436,#1444,#1452,
    #1460,#1468,#1476,#1484,#1492,#1500,#1508,#1516,#1524,#1532,#1540,
    #1548,#1556,#1564,#1572,#1580,#1588,#1596,#1604,#1612,#1620,#1628,
    #1636,#1644,#1652,#1660,#1668,#1676,#1684,#1692,#1700,#1708,#1716,
    #1724,#1732,#1740,#1748,#1756,#1764,#1772,#1780,#1788,#1796,#1804,
    #1812,#1820,#1828,#1836,#1844,#1852,#1860,#1868,#1876,#1884,#1892,
    #1900,#1908,#1916,#1924,#1932,#1940,#1948,#1956,#1964,#1972,#1980,
    #1988,#1996,#2004,#2012,#2020,#2028,#2036,#2044,#2052,#2060,#2068,
    #2076,#2084,#2092,#2100,#2108,#2116,#2124,#2132,#2140,#2148,#2156,
    #2164,#2172,#2180,#2188,#2196,#2204,#2212,#2220,#2228,#2236,#2244,
    #2252,#2260,#2268,#2276,#2284,#2292,#2300,#2308,#2316,#2324,#2332,
    #2340,#2348,#2356,#2364,#2372,#2380,#2388,#2396,#2404,#2412,#2420,
    #2428,#2436,#2442));
#122 = ORIENTED_EDGE('',*,*,#47,.F.);
#123 = ORIENTED_EDGE('',*,*,#78,.F.);
#124 = ORIENTED_EDGE('',*,*,#125,.F.);
#125 = EDGE_CURVE('',#126,#62,#128,.T.);
#126 = VERTEX_POINT('',#127);
#127 = CARTESIAN_POINT('',(48.32818620934,-10.92484568995,6.3));
#128 = LINE('',#129,#130);
#129 = CARTESIAN_POINT('',(48.32818620934,-10.92484568995,6.3));
#130 = VECTOR('',#131,1.);
#131 = DIRECTION('',(-0.941544065183,0.336889853392,0.));
#132 = ORIENTED_EDGE('',*,*,#133,.F.);
#133 = EDGE_CURVE('',#134,#126,#136,.T.);
#134 = VERTEX_POINT('',#135);
#135 = CARTESIAN_POINT('',(48.450629827324,-10.98275720829,6.3));
#136 = LINE('',#137,#138);
#137 = CARTESIAN_POINT('',(48.450629827324,-10.98275720829,6.3));
#138 = VECTOR('',#139,1.);
#139 = DIRECTION('',(-0.903989293123,0.42755509343,0.));
#140 = ORIENTED_EDGE('',*,*,#141,.F.);
#141 = EDGE_CURVE('',#142,#134,#144,.T.);
#142 = VERTEX_POINT('',#143);
#143 = CARTESIAN_POINT('',(48.5668075244,-11.05239144012,6.3));
#144 = LINE('',#145,#146);
#145 = CARTESIAN_POINT('',(48.5668075244,-11.05239144012,6.3));
#146 = VECTOR('',#147,1.);
#147 = DIRECTION('',(-0.85772861,0.514102744193,0.));
#148 = ORIENTED_EDGE('',*,*,#149,.F.);
#149 = EDGE_CURVE('',#150,#142,#152,.T.);
#150 = VERTEX_POINT('',#151);
#151 = CARTESIAN_POINT('',(48.675600445837,-11.13307776974,6.3));
#152 = LINE('',#153,#154);
#153 = CARTESIAN_POINT('',(48.675600445837,-11.13307776974,6.3));
#154 = VECTOR('',#155,1.);
#155 = DIRECTION('',(-0.803207531481,0.595699304492,0.));
#156 = ORIENTED_EDGE('',*,*,#157,.F.);
#157 = EDGE_CURVE('',#158,#150,#160,.T.);
#158 = VERTEX_POINT('',#159);
#159 = CARTESIAN_POINT('',(48.775960856328,-11.22403914367,6.3));
#160 = LINE('',#161,#162);
#161 = CARTESIAN_POINT('',(48.775960856328,-11.22403914367,6.3));
#162 = VECTOR('',#163,1.);
#163 = DIRECTION('',(-0.740951125355,0.671558954847,0.));
#164 = ORIENTED_EDGE('',*,*,#165,.F.);
#165 = EDGE_CURVE('',#166,#158,#168,.T.);
#166 = VERTEX_POINT('',#167);
#167 = CARTESIAN_POINT('',(48.866922230259,-11.32439955416,6.3));
#168 = LINE('',#169,#170);
#169 = CARTESIAN_POINT('',(48.866922230259,-11.32439955416,6.3));
#170 = VECTOR('',#171,1.);
#171 = DIRECTION('',(-0.671558954847,0.740951125355,0.));
#172 = ORIENTED_EDGE('',*,*,#173,.F.);
#173 = EDGE_CURVE('',#174,#166,#176,.T.);
#174 = VERTEX_POINT('',#175);
#175 = CARTESIAN_POINT('',(48.947608559873,-11.4331924756,6.3));
#176 = LINE('',#177,#178);
#177 = CARTESIAN_POINT('',(48.947608559873,-11.4331924756,6.3));
#178 = VECTOR('',#179,1.);
#179 = DIRECTION('',(-0.595699304492,0.803207531481,0.));
#180 = ORIENTED_EDGE('',*,*,#181,.F.);
#181 = EDGE_CURVE('',#182,#174,#184,.T.);
#182 = VERTEX_POINT('',#183);
#183 = CARTESIAN_POINT('',(49.017242791708,-11.54937017267,6.3));
#184 = LINE('',#185,#186);
#185 = CARTESIAN_POINT('',(49.017242791708,-11.54937017267,6.3));
#186 = VECTOR('',#187,1.);
#187 = DIRECTION('',(-0.514102744193,0.85772861,0.));
#188 = ORIENTED_EDGE('',*,*,#189,.F.);
#189 = EDGE_CURVE('',#190,#182,#192,.T.);
#190 = VERTEX_POINT('',#191);
#191 = CARTESIAN_POINT('',(49.075154310048,-11.67181379066,6.3));
#192 = LINE('',#193,#194);
#193 = CARTESIAN_POINT('',(49.075154310048,-11.67181379066,6.3));
#194 = VECTOR('',#195,1.);
#195 = DIRECTION('',(-0.42755509343,0.903989293123,0.));
#196 = ORIENTED_EDGE('',*,*,#197,.F.);
#197 = EDGE_CURVE('',#198,#190,#200,.T.);
#198 = VERTEX_POINT('',#199);
#199 = CARTESIAN_POINT('',(49.120785395311,-11.79934413057,6.3));
#200 = LINE('',#201,#202);
#201 = CARTESIAN_POINT('',(49.120785395311,-11.79934413057,6.3));
#202 = VECTOR('',#203,1.);
#203 = DIRECTION('',(-0.336889853392,0.941544065183,0.));
#204 = ORIENTED_EDGE('',*,*,#205,.F.);
#205 = EDGE_CURVE('',#206,#198,#208,.T.);
#206 = VERTEX_POINT('',#207);
#207 = CARTESIAN_POINT('',(49.153696595202,-11.93073300553,6.3));
#208 = LINE('',#209,#210);
#209 = CARTESIAN_POINT('',(49.153696595202,-11.93073300553,6.3));
#210 = VECTOR('',#211,1.);
#211 = DIRECTION('',(-0.242980179903,0.970031253195,0.));
#212 = ORIENTED_EDGE('',*,*,#213,.F.);
#213 = EDGE_CURVE('',#214,#206,#216,.T.);
#214 = VERTEX_POINT('',#215);
#215 = CARTESIAN_POINT('',(49.173570956876,-12.06471506884,6.3));
#216 = LINE('',#217,#218);
#217 = CARTESIAN_POINT('',(49.173570956876,-12.06471506884,6.3));
#218 = VECTOR('',#219,1.);
#219 = DIRECTION('',(-0.146730474455,0.989176509965,0.));
#220 = ORIENTED_EDGE('',*,*,#221,.F.);
#221 = EDGE_CURVE('',#222,#214,#224,.T.);
#222 = VERTEX_POINT('',#223);
#223 = CARTESIAN_POINT('',(49.18,-12.19558124802,6.3));
#224 = LINE('',#225,#226);
#225 = CARTESIAN_POINT('',(49.18,-12.19558124802,6.3));
#226 = VECTOR('',#227,1.);
#227 = DIRECTION('',(-4.906767432741E-02,0.998795456205,0.));
#228 = ORIENTED_EDGE('',*,*,#229,.F.);
#229 = EDGE_CURVE('',#230,#222,#232,.T.);
#230 = VERTEX_POINT('',#231);
#231 = CARTESIAN_POINT('',(49.18,-65.80441875198,6.3));
#232 = LINE('',#233,#234);
#233 = CARTESIAN_POINT('',(49.18,-65.80441875198,6.3));
#234 = VECTOR('',#235,1.);
#235 = DIRECTION('',(0.,1.,0.));
#236 = ORIENTED_EDGE('',*,*,#237,.F.);
#237 = EDGE_CURVE('',#238,#230,#240,.T.);
#238 = VERTEX_POINT('',#239);
#239 = CARTESIAN_POINT('',(49.173570956876,-65.93528493115,6.3));
#240 = LINE('',#241,#242);
#241 = CARTESIAN_POINT('',(49.173570956876,-65.93528493115,6.3));
#242 = VECTOR('',#243,1.);
#243 = DIRECTION('',(4.906767432741E-02,0.998795456205,0.));
#244 = ORIENTED_EDGE('',*,*,#245,.F.);
#245 = EDGE_CURVE('',#246,#238,#248,.T.);
#246 = VERTEX_POINT('',#247);
#247 = CARTESIAN_POINT('',(49.153696595202,-66.06926699446,6.3));
#248 = LINE('',#249,#250);
#249 = CARTESIAN_POINT('',(49.153696595202,-66.06926699446,6.3));
#250 = VECTOR('',#251,1.);
#251 = DIRECTION('',(0.146730474455,0.989176509965,0.));
#252 = ORIENTED_EDGE('',*,*,#253,.F.);
#253 = EDGE_CURVE('',#254,#246,#256,.T.);
#254 = VERTEX_POINT('',#255);
#255 = CARTESIAN_POINT('',(49.120785395311,-66.20065586942,6.3));
#256 = LINE('',#257,#258);
#257 = CARTESIAN_POINT('',(49.120785395311,-66.20065586942,6.3));
#258 = VECTOR('',#259,1.);
#259 = DIRECTION('',(0.242980179903,0.970031253195,0.));
#260 = ORIENTED_EDGE('',*,*,#261,.F.);
#261 = EDGE_CURVE('',#262,#254,#264,.T.);
#262 = VERTEX_POINT('',#263);
#263 = CARTESIAN_POINT('',(49.075154310048,-66.32818620934,6.3));
#264 = LINE('',#265,#266);
#265 = CARTESIAN_POINT('',(49.075154310048,-66.32818620934,6.3));
#266 = VECTOR('',#267,1.);
#267 = DIRECTION('',(0.336889853392,0.941544065183,0.));
#268 = ORIENTED_EDGE('',*,*,#269,.F.);
#269 = EDGE_CURVE('',#270,#262,#272,.T.);
#270 = VERTEX_POINT('',#271);
#271 = CARTESIAN_POINT('',(49.017242791708,-66.45062982732,6.3));
#272 = LINE('',#273,#274);
#273 = CARTESIAN_POINT('',(49.017242791708,-66.45062982732,6.3));
#274 = VECTOR('',#275,1.);
#275 = DIRECTION('',(0.42755509343,0.903989293123,0.));
#276 = ORIENTED_EDGE('',*,*,#277,.F.);
#277 = EDGE_CURVE('',#278,#270,#280,.T.);
#278 = VERTEX_POINT('',#279);
#279 = CARTESIAN_POINT('',(48.947608559873,-66.5668075244,6.3));
#280 = LINE('',#281,#282);
#281 = CARTESIAN_POINT('',(48.947608559873,-66.5668075244,6.3));
#282 = VECTOR('',#283,1.);
#283 = DIRECTION('',(0.514102744193,0.85772861,0.));
#284 = ORIENTED_EDGE('',*,*,#285,.F.);
#285 = EDGE_CURVE('',#286,#278,#288,.T.);
#286 = VERTEX_POINT('',#287);
#287 = CARTESIAN_POINT('',(48.866922230259,-66.67560044583,6.3));
#288 = LINE('',#289,#290);
#289 = CARTESIAN_POINT('',(48.866922230259,-66.67560044583,6.3));
#290 = VECTOR('',#291,1.);
#291 = DIRECTION('',(0.595699304492,0.803207531481,0.));
#292 = ORIENTED_EDGE('',*,*,#293,.F.);
#293 = EDGE_CURVE('',#294,#286,#296,.T.);
#294 = VERTEX_POINT('',#295);
#295 = CARTESIAN_POINT('',(48.775960856328,-66.77596085632,6.3));
#296 = LINE('',#297,#298);
#297 = CARTESIAN_POINT('',(48.775960856328,-66.77596085632,6.3));
#298 = VECTOR('',#299,1.);
#299 = DIRECTION('',(0.671558954847,0.740951125355,0.));
#300 = ORIENTED_EDGE('',*,*,#301,.F.);
#301 = EDGE_CURVE('',#302,#294,#304,.T.);
#302 = VERTEX_POINT('',#303);
#303 = CARTESIAN_POINT('',(48.675600445837,-66.86692223025,6.3));
#304 = LINE('',#305,#306);
#305 = CARTESIAN_POINT('',(48.675600445837,-66.86692223025,6.3));
#306 = VECTOR('',#307,1.);
#307 = DIRECTION('',(0.740951125355,0.671558954847,0.));
#308 = ORIENTED_EDGE('',*,*,#309,.F.);
#309 = EDGE_CURVE('',#310,#302,#312,.T.);
#310 = VERTEX_POINT('',#311);
#311 = CARTESIAN_POINT('',(48.5668075244,-66.94760855987,6.3));
#312 = LINE('',#313,#314);
#313 = CARTESIAN_POINT('',(48.5668075244,-66.94760855987,6.3));
#314 = VECTOR('',#315,1.);
#315 = DIRECTION('',(0.803207531481,0.595699304492,0.));
#316 = ORIENTED_EDGE('',*,*,#317,.F.);
#317 = EDGE_CURVE('',#318,#310,#320,.T.);
#318 = VERTEX_POINT('',#319);
#319 = CARTESIAN_POINT('',(48.450629827324,-67.0172427917,6.3));
#320 = LINE('',#321,#322);
#321 = CARTESIAN_POINT('',(48.450629827324,-67.0172427917,6.3));
#322 = VECTOR('',#323,1.);
#323 = DIRECTION('',(0.85772861,0.514102744193,0.));
#324 = ORIENTED_EDGE('',*,*,#325,.F.);
#325 = EDGE_CURVE('',#326,#318,#328,.T.);
#326 = VERTEX_POINT('',#327);
#327 = CARTESIAN_POINT('',(48.32818620934,-67.07515431004,6.3));
#328 = LINE('',#329,#330);
#329 = CARTESIAN_POINT('',(48.32818620934,-67.07515431004,6.3));
#330 = VECTOR('',#331,1.);
#331 = DIRECTION('',(0.903989293123,0.42755509343,0.));
#332 = ORIENTED_EDGE('',*,*,#333,.F.);
#333 = EDGE_CURVE('',#334,#326,#336,.T.);
#334 = VERTEX_POINT('',#335);
#335 = CARTESIAN_POINT('',(48.200655869424,-67.12078539531,6.3));
#336 = LINE('',#337,#338);
#337 = CARTESIAN_POINT('',(48.200655869424,-67.12078539531,6.3));
#338 = VECTOR('',#339,1.);
#339 = DIRECTION('',(0.941544065183,0.336889853392,0.));
#340 = ORIENTED_EDGE('',*,*,#341,.F.);
#341 = EDGE_CURVE('',#342,#334,#344,.T.);
#342 = VERTEX_POINT('',#343);
#343 = CARTESIAN_POINT('',(48.069266994465,-67.1536965952,6.3));
#344 = LINE('',#345,#346);
#345 = CARTESIAN_POINT('',(48.069266994465,-67.1536965952,6.3));
#346 = VECTOR('',#347,1.);
#347 = DIRECTION('',(0.970031253195,0.242980179903,0.));
#348 = ORIENTED_EDGE('',*,*,#349,.F.);
#349 = EDGE_CURVE('',#350,#342,#352,.T.);
#350 = VERTEX_POINT('',#351);
#351 = CARTESIAN_POINT('',(47.935284931153,-67.17357095687,6.3));
#352 = LINE('',#353,#354);
#353 = CARTESIAN_POINT('',(47.935284931153,-67.17357095687,6.3));
#354 = VECTOR('',#355,1.);
#355 = DIRECTION('',(0.989176509965,0.146730474455,0.));
#356 = ORIENTED_EDGE('',*,*,#357,.F.);
#357 = EDGE_CURVE('',#358,#350,#360,.T.);
#358 = VERTEX_POINT('',#359);
#359 = CARTESIAN_POINT('',(47.80441875198,-67.18,6.3));
#360 = LINE('',#361,#362);
#361 = CARTESIAN_POINT('',(47.80441875198,-67.18,6.3));
#362 = VECTOR('',#363,1.);
#363 = DIRECTION('',(0.998795456205,4.906767432741E-02,0.));
#364 = ORIENTED_EDGE('',*,*,#365,.F.);
#365 = EDGE_CURVE('',#366,#358,#368,.T.);
#366 = VERTEX_POINT('',#367);
#367 = CARTESIAN_POINT('',(26.19558124802,-67.18,6.3));
#368 = LINE('',#369,#370);
#369 = CARTESIAN_POINT('',(26.19558124802,-67.18,6.3));
#370 = VECTOR('',#371,1.);
#371 = DIRECTION('',(1.,0.,0.));
#372 = ORIENTED_EDGE('',*,*,#373,.F.);
#373 = EDGE_CURVE('',#374,#366,#376,.T.);
#374 = VERTEX_POINT('',#375);
#375 = CARTESIAN_POINT('',(26.064715068847,-67.17357095687,6.3));
#376 = LINE('',#377,#378);
#377 = CARTESIAN_POINT('',(26.064715068847,-67.17357095687,6.3));
#378 = VECTOR('',#379,1.);
#379 = DIRECTION('',(0.998795456205,-4.906767432743E-02,0.));
#380 = ORIENTED_EDGE('',*,*,#381,.F.);
#381 = EDGE_CURVE('',#382,#374,#384,.T.);
#382 = VERTEX_POINT('',#383);
#383 = CARTESIAN_POINT('',(25.930733005535,-67.1536965952,6.3));
#384 = LINE('',#385,#386);
#385 = CARTESIAN_POINT('',(25.930733005535,-67.1536965952,6.3));
#386 = VECTOR('',#387,1.);
#387 = DIRECTION('',(0.989176509965,-0.146730474455,0.));
#388 = ORIENTED_EDGE('',*,*,#389,.F.);
#389 = EDGE_CURVE('',#390,#382,#392,.T.);
#390 = VERTEX_POINT('',#391);
#391 = CARTESIAN_POINT('',(25.799344130576,-67.12078539531,6.3));
#392 = LINE('',#393,#394);
#393 = CARTESIAN_POINT('',(25.799344130576,-67.12078539531,6.3));
#394 = VECTOR('',#395,1.);
#395 = DIRECTION('',(0.970031253195,-0.242980179903,0.));
#396 = ORIENTED_EDGE('',*,*,#397,.F.);
#397 = EDGE_CURVE('',#398,#390,#400,.T.);
#398 = VERTEX_POINT('',#399);
#399 = CARTESIAN_POINT('',(25.67181379066,-67.07515431004,6.3));
#400 = LINE('',#401,#402);
#401 = CARTESIAN_POINT('',(25.67181379066,-67.07515431004,6.3));
#402 = VECTOR('',#403,1.);
#403 = DIRECTION('',(0.941544065183,-0.336889853392,0.));
#404 = ORIENTED_EDGE('',*,*,#405,.F.);
#405 = EDGE_CURVE('',#406,#398,#408,.T.);
#406 = VERTEX_POINT('',#407);
#407 = CARTESIAN_POINT('',(25.549370172676,-67.0172427917,6.3));
#408 = LINE('',#409,#410);
#409 = CARTESIAN_POINT('',(25.549370172676,-67.0172427917,6.3));
#410 = VECTOR('',#411,1.);
#411 = DIRECTION('',(0.903989293123,-0.42755509343,0.));
#412 = ORIENTED_EDGE('',*,*,#413,.F.);
#413 = EDGE_CURVE('',#414,#406,#416,.T.);
#414 = VERTEX_POINT('',#415);
#415 = CARTESIAN_POINT('',(25.4331924756,-66.94760855987,6.3));
#416 = LINE('',#417,#418);
#417 = CARTESIAN_POINT('',(25.4331924756,-66.94760855987,6.3));
#418 = VECTOR('',#419,1.);
#419 = DIRECTION('',(0.85772861,-0.514102744193,0.));
#420 = ORIENTED_EDGE('',*,*,#421,.F.);
#421 = EDGE_CURVE('',#422,#414,#424,.T.);
#422 = VERTEX_POINT('',#423);
#423 = CARTESIAN_POINT('',(25.324399554163,-66.86692223025,6.3));
#424 = LINE('',#425,#426);
#425 = CARTESIAN_POINT('',(25.324399554163,-66.86692223025,6.3));
#426 = VECTOR('',#427,1.);
#427 = DIRECTION('',(0.803207531481,-0.595699304492,0.));
#428 = ORIENTED_EDGE('',*,*,#429,.F.);
#429 = EDGE_CURVE('',#430,#422,#432,.T.);
#430 = VERTEX_POINT('',#431);
#431 = CARTESIAN_POINT('',(25.224039143672,-66.77596085632,6.3));
#432 = LINE('',#433,#434);
#433 = CARTESIAN_POINT('',(25.224039143672,-66.77596085632,6.3));
#434 = VECTOR('',#435,1.);
#435 = DIRECTION('',(0.740951125355,-0.671558954847,0.));
#436 = ORIENTED_EDGE('',*,*,#437,.F.);
#437 = EDGE_CURVE('',#438,#430,#440,.T.);
#438 = VERTEX_POINT('',#439);
#439 = CARTESIAN_POINT('',(25.133077769741,-66.67560044583,6.3));
#440 = LINE('',#441,#442);
#441 = CARTESIAN_POINT('',(25.133077769741,-66.67560044583,6.3));
#442 = VECTOR('',#443,1.);
#443 = DIRECTION('',(0.671558954847,-0.740951125355,0.));
#444 = ORIENTED_EDGE('',*,*,#445,.F.);
#445 = EDGE_CURVE('',#446,#438,#448,.T.);
#446 = VERTEX_POINT('',#447);
#447 = CARTESIAN_POINT('',(25.052391440127,-66.5668075244,6.3));
#448 = LINE('',#449,#450);
#449 = CARTESIAN_POINT('',(25.052391440127,-66.5668075244,6.3));
#450 = VECTOR('',#451,1.);
#451 = DIRECTION('',(0.595699304492,-0.803207531481,0.));
#452 = ORIENTED_EDGE('',*,*,#453,.F.);
#453 = EDGE_CURVE('',#454,#446,#456,.T.);
#454 = VERTEX_POINT('',#455);
#455 = CARTESIAN_POINT('',(25.,-66.47939768731,6.3));
#456 = LINE('',#457,#458);
#457 = CARTESIAN_POINT('',(25.,-66.47939768731,6.3));
#458 = VECTOR('',#459,1.);
#459 = DIRECTION('',(0.514102744193,-0.85772861,0.));
#460 = ORIENTED_EDGE('',*,*,#461,.F.);
#461 = EDGE_CURVE('',#462,#454,#464,.T.);
#462 = VERTEX_POINT('',#463);
#463 = CARTESIAN_POINT('',(25.,-86.50294372515,6.3));
#464 = LINE('',#465,#466);
#465 = CARTESIAN_POINT('',(25.,-86.50294372515,6.3));
#466 = VECTOR('',#467,1.);
#467 = DIRECTION('',(0.,1.,0.));
#468 = ORIENTED_EDGE('',*,*,#469,.F.);
#469 = EDGE_CURVE('',#470,#462,#472,.T.);
#470 = VERTEX_POINT('',#471);
#471 = CARTESIAN_POINT('',(25.001445452554,-86.56182493434,6.3));
#472 = LINE('',#473,#474);
#473 = CARTESIAN_POINT('',(25.001445452554,-86.56182493434,6.3));
#474 = VECTOR('',#475,1.);
#475 = DIRECTION('',(-2.454122852271E-02,0.999698818696,0.));
#476 = ORIENTED_EDGE('',*,*,#477,.F.);
#477 = EDGE_CURVE('',#478,#470,#480,.T.);
#478 = VERTEX_POINT('',#479);
#479 = CARTESIAN_POINT('',(25.005778327993,-86.62056429354,6.3));
#480 = LINE('',#481,#482);
#481 = CARTESIAN_POINT('',(25.005778327993,-86.62056429354,6.3));
#482 = VECTOR('',#483,1.);
#483 = DIRECTION('',(-7.356456359948E-02,0.997290456679,0.));
#484 = ORIENTED_EDGE('',*,*,#485,.F.);
#485 = EDGE_CURVE('',#486,#478,#488,.T.);
#486 = VERTEX_POINT('',#487);
#487 = CARTESIAN_POINT('',(25.012988188042,-86.67902029449,6.3));
#488 = LINE('',#489,#490);
#489 = CARTESIAN_POINT('',(25.012988188042,-86.67902029449,6.3));
#490 = VECTOR('',#491,1.);
#491 = DIRECTION('',(-0.122410675199,0.992479534599,0.));
#492 = ORIENTED_EDGE('',*,*,#493,.F.);
#493 = EDGE_CURVE('',#494,#486,#496,.T.);
#494 = VERTEX_POINT('',#495);
#495 = CARTESIAN_POINT('',(25.023057663516,-86.73705211157,6.3));
#496 = LINE('',#497,#498);
#497 = CARTESIAN_POINT('',(25.023057663516,-86.73705211157,6.3));
#498 = VECTOR('',#499,1.);
#499 = DIRECTION('',(-0.17096188876,0.985277642389,0.));
#500 = ORIENTED_EDGE('',*,*,#501,.F.);
#501 = EDGE_CURVE('',#502,#494,#504,.T.);
#502 = VERTEX_POINT('',#503);
#503 = CARTESIAN_POINT('',(25.035962496167,-86.79451994103,6.3));
#504 = LINE('',#505,#506);
#505 = CARTESIAN_POINT('',(25.035962496167,-86.79451994103,6.3));
#506 = VECTOR('',#507,1.);
#507 = DIRECTION('',(-0.219101240157,0.975702130038,0.));
#508 = ORIENTED_EDGE('',*,*,#509,.F.);
#509 = EDGE_CURVE('',#510,#502,#512,.T.);
#510 = VERTEX_POINT('',#511);
#511 = CARTESIAN_POINT('',(25.051671597121,-86.85128533785,6.3));
#512 = LINE('',#513,#514);
#513 = CARTESIAN_POINT('',(25.051671597121,-86.85128533785,6.3));
#514 = VECTOR('',#515,1.);
#515 = DIRECTION('',(-0.266712757475,0.963776065796,0.));
#516 = ORIENTED_EDGE('',*,*,#517,.F.);
#517 = EDGE_CURVE('',#518,#510,#520,.T.);
#518 = VERTEX_POINT('',#519);
#519 = CARTESIAN_POINT('',(25.07014712178,-86.90721154922,6.3));
#520 = LINE('',#521,#522);
#521 = CARTESIAN_POINT('',(25.07014712178,-86.90721154922,6.3));
#522 = VECTOR('',#523,1.);
#523 = DIRECTION('',(-0.313681740399,0.949528180593,0.));
#524 = ORIENTED_EDGE('',*,*,#525,.F.);
#525 = EDGE_CURVE('',#526,#518,#528,.T.);
#526 = VERTEX_POINT('',#527);
#527 = CARTESIAN_POINT('',(25.091344560986,-86.96216384399,6.3));
#528 = LINE('',#529,#530);
#529 = CARTESIAN_POINT('',(25.091344560986,-86.96216384399,6.3));
#530 = VECTOR('',#531,1.);
#531 = DIRECTION('',(-0.359895036535,0.932992798835,0.));
#532 = ORIENTED_EDGE('',*,*,#533,.F.);
#533 = EDGE_CURVE('',#534,#526,#536,.T.);
#534 = VERTEX_POINT('',#535);
#535 = CARTESIAN_POINT('',(25.115212848252,-87.01600983726,6.3));
#536 = LINE('',#537,#538);
#537 = CARTESIAN_POINT('',(25.115212848252,-87.01600983726,6.3));
#538 = VECTOR('',#539,1.);
#539 = DIRECTION('',(-0.405241314005,0.914209755704,0.));
#540 = ORIENTED_EDGE('',*,*,#541,.F.);
#541 = EDGE_CURVE('',#542,#534,#544,.T.);
#542 = VERTEX_POINT('',#543);
#543 = CARTESIAN_POINT('',(25.141694482782,-87.06861980934,6.3));
#544 = LINE('',#545,#546);
#545 = CARTESIAN_POINT('',(25.141694482782,-87.06861980934,6.3));
#546 = VECTOR('',#547,1.);
#547 = DIRECTION('',(-0.449611329655,0.893224301195,0.));
#548 = ORIENTED_EDGE('',*,*,#549,.F.);
#549 = EDGE_CURVE('',#550,#542,#552,.T.);
#550 = VERTEX_POINT('',#551);
#551 = CARTESIAN_POINT('',(25.170725668,-87.11986701818,6.3));
#552 = LINE('',#553,#554);
#553 = CARTESIAN_POINT('',(25.170725668,-87.11986701818,6.3));
#554 = VECTOR('',#555,1.);
#555 = DIRECTION('',(-0.49289819223,0.870086991109,0.));
#556 = ORIENTED_EDGE('',*,*,#557,.F.);
#557 = EDGE_CURVE('',#558,#550,#560,.T.);
#558 = VERTEX_POINT('',#559);
#559 = CARTESIAN_POINT('',(25.202236465237,-87.16962800477,6.3));
#560 = LINE('',#561,#562);
#561 = CARTESIAN_POINT('',(25.202236465237,-87.16962800477,6.3));
#562 = VECTOR('',#563,1.);
#563 = DIRECTION('',(-0.534997619887,0.84485356525,0.));
#564 = ORIENTED_EDGE('',*,*,#565,.F.);
#565 = EDGE_CURVE('',#566,#558,#568,.T.);
#566 = VERTEX_POINT('',#567);
#567 = CARTESIAN_POINT('',(25.236150962223,-87.21778289054,6.3));
#568 = LINE('',#569,#570);
#569 = CARTESIAN_POINT('',(25.236150962223,-87.21778289054,6.3));
#570 = VECTOR('',#571,1.);
#571 = DIRECTION('',(-0.575808191418,0.817584813152,0.));
#572 = ORIENTED_EDGE('',*,*,#573,.F.);
#573 = EDGE_CURVE('',#574,#566,#576,.T.);
#574 = VERTEX_POINT('',#575);
#575 = CARTESIAN_POINT('',(25.272387455965,-87.26421566614,6.3));
#576 = LINE('',#577,#578);
#577 = CARTESIAN_POINT('',(25.272387455965,-87.26421566614,6.3));
#578 = VECTOR('',#579,1.);
#579 = DIRECTION('',(-0.61523159058,0.788346427627,0.));
#580 = ORIENTED_EDGE('',*,*,#581,.F.);
#581 = EDGE_CURVE('',#582,#574,#584,.T.);
#582 = VERTEX_POINT('',#583);
#583 = CARTESIAN_POINT('',(25.310858649574,-87.30881447096,6.3));
#584 = LINE('',#585,#586);
#585 = CARTESIAN_POINT('',(25.310858649574,-87.30881447096,6.3));
#586 = VECTOR('',#587,1.);
#587 = DIRECTION('',(-0.653172842954,0.757208846506,0.));
#588 = ORIENTED_EDGE('',*,*,#589,.F.);
#589 = EDGE_CURVE('',#590,#582,#592,.T.);
#590 = VERTEX_POINT('',#591);
#591 = CARTESIAN_POINT('',(25.351471862576,-87.35147186257,6.3));
#592 = LINE('',#593,#594);
#593 = CARTESIAN_POINT('',(25.351471862576,-87.35147186257,6.3));
#594 = VECTOR('',#595,1.);
#595 = DIRECTION('',(-0.689540544737,0.724247082952,0.));
#596 = ORIENTED_EDGE('',*,*,#597,.F.);
#597 = EDGE_CURVE('',#598,#590,#600,.T.);
#598 = VERTEX_POINT('',#599);
#599 = CARTESIAN_POINT('',(32.440483806244,-94.44048380624,6.3));
#600 = LINE('',#601,#602);
#601 = CARTESIAN_POINT('',(32.440483806244,-94.44048380624,6.3));
#602 = VECTOR('',#603,1.);
#603 = DIRECTION('',(-0.707106781187,0.707106781187,0.));
#604 = ORIENTED_EDGE('',*,*,#605,.F.);
#605 = EDGE_CURVE('',#606,#598,#608,.T.);
#606 = VERTEX_POINT('',#607);
#607 = CARTESIAN_POINT('',(32.50451232799,-94.50000872509,6.3));
#608 = LINE('',#609,#610);
#609 = CARTESIAN_POINT('',(32.50451232799,-94.50000872509,6.3));
#610 = VECTOR('',#611,1.);
#611 = DIRECTION('',(-0.73239489453,0.680880105794,0.));
#612 = ORIENTED_EDGE('',*,*,#613,.F.);
#613 = EDGE_CURVE('',#614,#606,#616,.T.);
#614 = VERTEX_POINT('',#615);
#615 = CARTESIAN_POINT('',(32.572704618253,-94.55471410973,6.3));
#616 = LINE('',#617,#618);
#617 = CARTESIAN_POINT('',(32.572704618253,-94.55471410973,6.3));
#618 = VECTOR('',#619,1.);
#619 = DIRECTION('',(-0.780022463002,0.625751513951,0.));
#620 = ORIENTED_EDGE('',*,*,#621,.F.);
#621 = EDGE_CURVE('',#622,#614,#624,.T.);
#622 = VERTEX_POINT('',#623);
#623 = CARTESIAN_POINT('',(32.644698743252,-94.60430960878,6.3));
#624 = LINE('',#625,#626);
#625 = CARTESIAN_POINT('',(32.644698743252,-94.60430960878,6.3));
#626 = VECTOR('',#627,1.);
#627 = DIRECTION('',(-0.823510025655,0.56730171659,0.));
#628 = ORIENTED_EDGE('',*,*,#629,.F.);
#629 = EDGE_CURVE('',#630,#622,#632,.T.);
#630 = VERTEX_POINT('',#631);
#631 = CARTESIAN_POINT('',(32.720112590792,-94.6485319918,6.3));
#632 = LINE('',#633,#634);
#633 = CARTESIAN_POINT('',(32.720112590792,-94.6485319918,6.3));
#634 = VECTOR('',#635,1.);
#635 = DIRECTION('',(-0.86262677021,0.505840938751,0.));
#636 = ORIENTED_EDGE('',*,*,#637,.F.);
#637 = EDGE_CURVE('',#638,#630,#640,.T.);
#638 = VERTEX_POINT('',#639);
#639 = CARTESIAN_POINT('',(32.798545898339,-94.68714654642,6.3));
#640 = LINE('',#641,#642);
#641 = CARTESIAN_POINT('',(32.798545898339,-94.68714654642,6.3));
#642 = VECTOR('',#643,1.);
#643 = DIRECTION('',(-0.89716508271,0.441695386398,0.));
#644 = ORIENTED_EDGE('',*,*,#645,.F.);
#645 = EDGE_CURVE('',#646,#638,#648,.T.);
#646 = VERTEX_POINT('',#647);
#647 = CARTESIAN_POINT('',(32.879582377432,-94.71994832406,6.3));
#648 = LINE('',#649,#650);
#649 = CARTESIAN_POINT('',(32.879582377432,-94.71994832406,6.3));
#650 = VECTOR('',#651,1.);
#651 = DIRECTION('',(-0.926941649442,0.375205515058,0.));
#652 = ORIENTED_EDGE('',*,*,#653,.F.);
#653 = EDGE_CURVE('',#654,#646,#656,.T.);
#654 = VERTEX_POINT('',#655);
#655 = CARTESIAN_POINT('',(32.962791923157,-94.74676322777,6.3));
#656 = LINE('',#657,#658);
#657 = CARTESIAN_POINT('',(32.962791923157,-94.74676322777,6.3));
#658 = VECTOR('',#659,1.);
#659 = DIRECTION('',(-0.951798429879,0.306724222844,0.));
#660 = ORIENTED_EDGE('',*,*,#661,.F.);
#661 = EDGE_CURVE('',#662,#654,#664,.T.);
#662 = VERTEX_POINT('',#663);
#663 = CARTESIAN_POINT('',(33.047732896946,-94.76744893618,6.3));
#664 = LINE('',#665,#666);
#665 = CARTESIAN_POINT('',(33.047732896946,-94.76744893618,6.3));
#666 = VECTOR('',#667,1.);
#667 = DIRECTION('',(-0.971603495495,0.236614977426,0.));
#668 = ORIENTED_EDGE('',*,*,#669,.F.);
#669 = EDGE_CURVE('',#670,#662,#672,.T.);
#670 = VERTEX_POINT('',#671);
#671 = CARTESIAN_POINT('',(33.133954470596,-94.78189565892,6.3));
#672 = LINE('',#673,#674);
#673 = CARTESIAN_POINT('',(33.133954470596,-94.78189565892,6.3));
#674 = VECTOR('',#675,1.);
#675 = DIRECTION('',(-0.986251729973,0.165249886914,0.));
#676 = ORIENTED_EDGE('',*,*,#677,.F.);
#677 = EDGE_CURVE('',#678,#670,#680,.T.);
#678 = VERTEX_POINT('',#679);
#679 = CARTESIAN_POINT('',(33.220999019059,-94.79002671933,6.3));
#680 = LINE('',#681,#682);
#681 = CARTESIAN_POINT('',(33.220999019059,-94.79002671933,6.3));
#682 = VECTOR('',#683,1.);
#683 = DIRECTION('',(-0.995665387122,9.300772487406E-02,0.));
#684 = ORIENTED_EDGE('',*,*,#685,.F.);
#685 = EDGE_CURVE('',#686,#678,#688,.T.);
#686 = VERTEX_POINT('',#687);
#687 = CARTESIAN_POINT('',(33.308404549311,-94.79179896144,6.3));
#688 = LINE('',#689,#690);
#689 = CARTESIAN_POINT('',(33.308404549311,-94.79179896144,6.3));
#690 = VECTOR('',#691,1.);
#691 = DIRECTION('',(-0.999794503516,2.027191997094E-02,0.));
#692 = ORIENTED_EDGE('',*,*,#693,.F.);
#693 = EDGE_CURVE('',#694,#686,#696,.T.);
#694 = VERTEX_POINT('',#695);
#695 = CARTESIAN_POINT('',(33.395707152398,-94.78720297897,6.3));
#696 = LINE('',#697,#698);
#697 = CARTESIAN_POINT('',(33.395707152398,-94.78720297897,6.3));
#698 = VECTOR('',#699,1.);
#699 = DIRECTION('',(-0.998617163675,-5.257147909836E-02,0.));
#700 = ORIENTED_EDGE('',*,*,#701,.F.);
#701 = EDGE_CURVE('',#702,#694,#704,.T.);
#702 = VERTEX_POINT('',#703);
#703 = CARTESIAN_POINT('',(33.482443465659,-94.77626316533,6.3));
#704 = LINE('',#705,#706);
#705 = CARTESIAN_POINT('',(33.482443465659,-94.77626316533,6.3));
#706 = VECTOR('',#707,1.);
#707 = DIRECTION('',(-0.992139616385,-0.125135852576,0.));
#708 = ORIENTED_EDGE('',*,*,#709,.F.);
#709 = EDGE_CURVE('',#710,#702,#712,.T.);
#710 = VERTEX_POINT('',#711);
#711 = CARTESIAN_POINT('',(33.568153132042,-94.75903758409,6.3));
#712 = LINE('',#713,#714);
#713 = CARTESIAN_POINT('',(33.568153132042,-94.75903758409,6.3));
#714 = VECTOR('',#715,1.);
#715 = DIRECTION('',(-0.980396241533,-0.197036061645,0.));
#716 = ORIENTED_EDGE('',*,*,#717,.F.);
#717 = EDGE_CURVE('',#718,#710,#720,.T.);
#718 = VERTEX_POINT('',#719);
#719 = CARTESIAN_POINT('',(33.652381243471,-94.73561766082,6.3));
#720 = LINE('',#721,#722);
#721 = CARTESIAN_POINT('',(33.652381243471,-94.73561766082,6.3));
#722 = VECTOR('',#723,1.);
#723 = DIRECTION('',(-0.963449367631,-0.267890492573,0.));
#724 = ORIENTED_EDGE('',*,*,#725,.F.);
#725 = EDGE_CURVE('',#726,#718,#728,.T.);
#726 = VERTEX_POINT('',#727);
#727 = CARTESIAN_POINT('',(33.734680755293,-94.70612769788,6.3));
#728 = LINE('',#729,#730);
#729 = CARTESIAN_POINT('',(33.734680755293,-94.70612769788,6.3));
#730 = VECTOR('',#731,1.);
#731 = DIRECTION('',(-0.941388941009,-0.337323082142,0.));
#732 = ORIENTED_EDGE('',*,*,#733,.F.);
#733 = EDGE_CURVE('',#734,#726,#736,.T.);
#734 = VERTEX_POINT('',#735);
#735 = CARTESIAN_POINT('',(57.785430072656,-85.08582797093,6.3));
#736 = LINE('',#737,#738);
#737 = CARTESIAN_POINT('',(57.785430072656,-85.08582797093,6.3));
#738 = VECTOR('',#739,1.);
#739 = DIRECTION('',(-0.928476690885,-0.371390676354,0.));
#740 = ORIENTED_EDGE('',*,*,#741,.F.);
#741 = EDGE_CURVE('',#742,#734,#744,.T.);
#742 = VERTEX_POINT('',#743);
#743 = CARTESIAN_POINT('',(57.812050444549,-85.07554528541,6.3));
#744 = LINE('',#745,#746);
#745 = CARTESIAN_POINT('',(57.812050444549,-85.07554528541,6.3));
#746 = VECTOR('',#747,1.);
#747 = DIRECTION('',(-0.932827089416,-0.360324327867,0.));
#748 = ORIENTED_EDGE('',*,*,#749,.F.);
#749 = EDGE_CURVE('',#750,#742,#752,.T.);
#750 = VERTEX_POINT('',#751);
#751 = CARTESIAN_POINT('',(57.838907805161,-85.06589852417,6.3));
#752 = LINE('',#753,#754);
#753 = CARTESIAN_POINT('',(57.838907805161,-85.06589852417,6.3));
#754 = VECTOR('',#755,1.);
#755 = DIRECTION('',(-0.941131612653,-0.338040363958,0.));
#756 = ORIENTED_EDGE('',*,*,#757,.F.);
#757 = EDGE_CURVE('',#758,#750,#760,.T.);
#758 = VERTEX_POINT('',#759);
#759 = CARTESIAN_POINT('',(57.865986965576,-85.05689314286,6.3));
#760 = LINE('',#761,#762);
#761 = CARTESIAN_POINT('',(57.865986965576,-85.05689314286,6.3));
#762 = VECTOR('',#763,1.);
#763 = DIRECTION('',(-0.948903888174,-0.31556522465,0.));
#764 = ORIENTED_EDGE('',*,*,#765,.F.);
#765 = EDGE_CURVE('',#766,#758,#768,.T.);
#766 = VERTEX_POINT('',#767);
#767 = CARTESIAN_POINT('',(57.893272611442,-85.04853423438,6.3));
#768 = LINE('',#769,#770);
#769 = CARTESIAN_POINT('',(57.893272611442,-85.04853423438,6.3));
#770 = VECTOR('',#771,1.);
#771 = DIRECTION('',(-0.956139520444,-0.292911620536,0.));
#772 = ORIENTED_EDGE('',*,*,#773,.F.);
#773 = EDGE_CURVE('',#774,#766,#776,.T.);
#774 = VERTEX_POINT('',#775);
#775 = CARTESIAN_POINT('',(57.92074931163,-85.04082652603,6.3));
#776 = LINE('',#777,#778);
#777 = CARTESIAN_POINT('',(57.92074931163,-85.04082652603,6.3));
#778 = VECTOR('',#779,1.);
#779 = DIRECTION('',(-0.962834417423,-0.270092363138,0.));
#780 = ORIENTED_EDGE('',*,*,#781,.F.);
#781 = EDGE_CURVE('',#782,#774,#784,.T.);
#782 = VERTEX_POINT('',#783);
#783 = CARTESIAN_POINT('',(57.948401526963,-85.03377437681,6.3));
#784 = LINE('',#785,#786);
#785 = CARTESIAN_POINT('',(57.948401526963,-85.03377437681,6.3));
#786 = VECTOR('',#787,1.);
#787 = DIRECTION('',(-0.968984792877,-0.247120357666,0.));
#788 = ORIENTED_EDGE('',*,*,#789,.F.);
#789 = EDGE_CURVE('',#790,#782,#792,.T.);
#790 = VERTEX_POINT('',#791);
#791 = CARTESIAN_POINT('',(57.976213619003,-85.02738177502,6.3));
#792 = LINE('',#793,#794);
#793 = CARTESIAN_POINT('',(57.976213619003,-85.02738177502,6.3));
#794 = VECTOR('',#795,1.);
#795 = DIRECTION('',(-0.974587168523,-0.224008595706,0.));
#796 = ORIENTED_EDGE('',*,*,#797,.F.);
#797 = EDGE_CURVE('',#798,#790,#800,.T.);
#798 = VERTEX_POINT('',#799);
#799 = CARTESIAN_POINT('',(58.004169858895,-85.02165233592,6.3));
#800 = LINE('',#801,#802);
#801 = CARTESIAN_POINT('',(58.004169858895,-85.02165233592,6.3));
#802 = VECTOR('',#803,1.);
#803 = DIRECTION('',(-0.979638375991,-0.200770147893,0.));
#804 = ORIENTED_EDGE('',*,*,#805,.F.);
#805 = EDGE_CURVE('',#806,#798,#808,.T.);
#806 = VERTEX_POINT('',#807);
#807 = CARTESIAN_POINT('',(58.032254436263,-85.01658929973,6.3));
#808 = LINE('',#809,#810);
#809 = CARTESIAN_POINT('',(58.032254436263,-85.01658929973,6.3));
#810 = VECTOR('',#811,1.);
#811 = DIRECTION('',(-0.984135558622,-0.177418156498,0.));
#812 = ORIENTED_EDGE('',*,*,#813,.F.);
#813 = EDGE_CURVE('',#814,#806,#816,.T.);
#814 = VERTEX_POINT('',#815);
#815 = CARTESIAN_POINT('',(58.06045146815,-85.01219552982,6.3));
#816 = LINE('',#817,#818);
#817 = CARTESIAN_POINT('',(58.06045146815,-85.01219552982,6.3));
#818 = VECTOR('',#819,1.);
#819 = DIRECTION('',(-0.988076173078,-0.153965828012,0.));
#820 = ORIENTED_EDGE('',*,*,#821,.F.);
#821 = EDGE_CURVE('',#822,#814,#824,.T.);
#822 = VERTEX_POINT('',#823);
#823 = CARTESIAN_POINT('',(58.088745008004,-85.00847351103,6.3));
#824 = LINE('',#825,#826);
#825 = CARTESIAN_POINT('',(58.088745008004,-85.00847351103,6.3));
#826 = VECTOR('',#827,1.);
#827 = DIRECTION('',(-0.991457990783,-0.130426425668,0.));
#828 = ORIENTED_EDGE('',*,*,#829,.F.);
#829 = EDGE_CURVE('',#830,#822,#832,.T.);
#830 = VERTEX_POINT('',#831);
#831 = CARTESIAN_POINT('',(58.117119054691,-85.00542534831,6.3));
#832 = LINE('',#833,#834);
#833 = CARTESIAN_POINT('',(58.117119054691,-85.00542534831,6.3));
#834 = VECTOR('',#835,1.);
#835 = DIRECTION('',(-0.994279099183,-0.106813261943,0.));
#836 = ORIENTED_EDGE('',*,*,#837,.F.);
#837 = EDGE_CURVE('',#838,#830,#840,.T.);
#838 = VERTEX_POINT('',#839);
#839 = CARTESIAN_POINT('',(58.145557561548,-85.00305276553,6.3));
#840 = LINE('',#841,#842);
#841 = CARTESIAN_POINT('',(58.145557561548,-85.00305276553,6.3));
#842 = VECTOR('',#843,1.);
#843 = DIRECTION('',(-0.996537902829,-8.313969103003E-02,0.));
#844 = ORIENTED_EDGE('',*,*,#845,.F.);
#845 = EDGE_CURVE('',#846,#838,#848,.T.);
#846 = VERTEX_POINT('',#847);
#847 = CARTESIAN_POINT('',(58.174044445457,-85.00135710446,6.3));
#848 = LINE('',#849,#850);
#849 = CARTESIAN_POINT('',(58.174044445457,-85.00135710446,6.3));
#850 = VECTOR('',#851,1.);
#851 = DIRECTION('',(-0.998233124276,-5.941910128294E-02,0.));
#852 = ORIENTED_EDGE('',*,*,#853,.F.);
#853 = EDGE_CURVE('',#854,#846,#856,.T.);
#854 = VERTEX_POINT('',#855);
#855 = CARTESIAN_POINT('',(58.202563595943,-85.00033932409,6.3));
#856 = LINE('',#857,#858);
#857 = CARTESIAN_POINT('',(58.202563595943,-85.00033932409,6.3));
#858 = VECTOR('',#859,1.);
#859 = DIRECTION('',(-0.999363804809,-3.566490764814E-02,0.));
#860 = ORIENTED_EDGE('',*,*,#861,.F.);
#861 = EDGE_CURVE('',#862,#854,#864,.T.);
#862 = VERTEX_POINT('',#863);
#863 = CARTESIAN_POINT('',(58.231098884281,-85.,6.3));
#864 = LINE('',#865,#866);
#865 = CARTESIAN_POINT('',(58.231098884281,-85.,6.3));
#866 = VECTOR('',#867,1.);
#867 = DIRECTION('',(-0.999929304982,-1.189054407617E-02,0.));
#868 = ORIENTED_EDGE('',*,*,#869,.F.);
#869 = EDGE_CURVE('',#870,#862,#872,.T.);
#870 = VERTEX_POINT('',#871);
#871 = CARTESIAN_POINT('',(89.768901115719,-85.,6.3));
#872 = LINE('',#873,#874);
#873 = CARTESIAN_POINT('',(89.768901115719,-85.,6.3));
#874 = VECTOR('',#875,1.);
#875 = DIRECTION('',(-1.,0.,0.));
#876 = ORIENTED_EDGE('',*,*,#877,.F.);
#877 = EDGE_CURVE('',#878,#870,#880,.T.);
#878 = VERTEX_POINT('',#879);
#879 = CARTESIAN_POINT('',(89.797436404057,-84.9996606759,6.3));
#880 = LINE('',#881,#882);
#881 = CARTESIAN_POINT('',(89.797436404057,-84.9996606759,6.3));
#882 = VECTOR('',#883,1.);
#883 = DIRECTION('',(-0.999929304982,-1.189054407617E-02,0.));
#884 = ORIENTED_EDGE('',*,*,#885,.F.);
#885 = EDGE_CURVE('',#886,#878,#888,.T.);
#886 = VERTEX_POINT('',#887);
#887 = CARTESIAN_POINT('',(89.825955554543,-84.99864289553,6.3));
#888 = LINE('',#889,#890);
#889 = CARTESIAN_POINT('',(89.825955554543,-84.99864289553,6.3));
#890 = VECTOR('',#891,1.);
#891 = DIRECTION('',(-0.999363804809,-3.566490764814E-02,0.));
#892 = ORIENTED_EDGE('',*,*,#893,.F.);
#893 = EDGE_CURVE('',#894,#886,#896,.T.);
#894 = VERTEX_POINT('',#895);
#895 = CARTESIAN_POINT('',(89.854442438452,-84.99694723447,6.3));
#896 = LINE('',#897,#898);
#897 = CARTESIAN_POINT('',(89.854442438452,-84.99694723447,6.3));
#898 = VECTOR('',#899,1.);
#899 = DIRECTION('',(-0.998233124276,-5.941910128294E-02,0.));
#900 = ORIENTED_EDGE('',*,*,#901,.F.);
#901 = EDGE_CURVE('',#902,#894,#904,.T.);
#902 = VERTEX_POINT('',#903);
#903 = CARTESIAN_POINT('',(89.882880945309,-84.99457465168,6.3));
#904 = LINE('',#905,#906);
#905 = CARTESIAN_POINT('',(89.882880945309,-84.99457465168,6.3));
#906 = VECTOR('',#907,1.);
#907 = DIRECTION('',(-0.996537902829,-8.313969103003E-02,0.));
#908 = ORIENTED_EDGE('',*,*,#909,.F.);
#909 = EDGE_CURVE('',#910,#902,#912,.T.);
#910 = VERTEX_POINT('',#911);
#911 = CARTESIAN_POINT('',(89.911254991996,-84.99152648896,6.3));
#912 = LINE('',#913,#914);
#913 = CARTESIAN_POINT('',(89.911254991996,-84.99152648896,6.3));
#914 = VECTOR('',#915,1.);
#915 = DIRECTION('',(-0.994279099183,-0.106813261943,0.));
#916 = ORIENTED_EDGE('',*,*,#917,.F.);
#917 = EDGE_CURVE('',#918,#910,#920,.T.);
#918 = VERTEX_POINT('',#919);
#919 = CARTESIAN_POINT('',(89.93954853185,-84.98780447017,6.3));
#920 = LINE('',#921,#922);
#921 = CARTESIAN_POINT('',(89.93954853185,-84.98780447017,6.3));
#922 = VECTOR('',#923,1.);
#923 = DIRECTION('',(-0.991457990783,-0.130426425668,0.));
#924 = ORIENTED_EDGE('',*,*,#925,.F.);
#925 = EDGE_CURVE('',#926,#918,#928,.T.);
#926 = VERTEX_POINT('',#927);
#927 = CARTESIAN_POINT('',(89.967745563737,-84.98341070026,6.3));
#928 = LINE('',#929,#930);
#929 = CARTESIAN_POINT('',(89.967745563737,-84.98341070026,6.3));
#930 = VECTOR('',#931,1.);
#931 = DIRECTION('',(-0.988076173078,-0.153965828012,0.));
#932 = ORIENTED_EDGE('',*,*,#933,.F.);
#933 = EDGE_CURVE('',#934,#926,#936,.T.);
#934 = VERTEX_POINT('',#935);
#935 = CARTESIAN_POINT('',(89.995830141105,-84.97834766407,6.3));
#936 = LINE('',#937,#938);
#937 = CARTESIAN_POINT('',(89.995830141105,-84.97834766407,6.3));
#938 = VECTOR('',#939,1.);
#939 = DIRECTION('',(-0.984135558622,-0.177418156498,0.));
#940 = ORIENTED_EDGE('',*,*,#941,.F.);
#941 = EDGE_CURVE('',#942,#934,#944,.T.);
#942 = VERTEX_POINT('',#943);
#943 = CARTESIAN_POINT('',(90.023786380997,-84.97261822497,6.3));
#944 = LINE('',#945,#946);
#945 = CARTESIAN_POINT('',(90.023786380997,-84.97261822497,6.3));
#946 = VECTOR('',#947,1.);
#947 = DIRECTION('',(-0.979638375991,-0.200770147893,0.));
#948 = ORIENTED_EDGE('',*,*,#949,.F.);
#949 = EDGE_CURVE('',#950,#942,#952,.T.);
#950 = VERTEX_POINT('',#951);
#951 = CARTESIAN_POINT('',(90.051598473037,-84.96622562318,6.3));
#952 = LINE('',#953,#954);
#953 = CARTESIAN_POINT('',(90.051598473037,-84.96622562318,6.3));
#954 = VECTOR('',#955,1.);
#955 = DIRECTION('',(-0.974587168523,-0.224008595706,0.));
#956 = ORIENTED_EDGE('',*,*,#957,.F.);
#957 = EDGE_CURVE('',#958,#950,#960,.T.);
#958 = VERTEX_POINT('',#959);
#959 = CARTESIAN_POINT('',(90.07925068837,-84.95917347397,6.3));
#960 = LINE('',#961,#962);
#961 = CARTESIAN_POINT('',(90.07925068837,-84.95917347397,6.3));
#962 = VECTOR('',#963,1.);
#963 = DIRECTION('',(-0.968984792877,-0.247120357666,0.));
#964 = ORIENTED_EDGE('',*,*,#965,.F.);
#965 = EDGE_CURVE('',#966,#958,#968,.T.);
#966 = VERTEX_POINT('',#967);
#967 = CARTESIAN_POINT('',(90.106727388558,-84.95146576561,6.3));
#968 = LINE('',#969,#970);
#969 = CARTESIAN_POINT('',(90.106727388558,-84.95146576561,6.3));
#970 = VECTOR('',#971,1.);
#971 = DIRECTION('',(-0.962834417423,-0.270092363138,0.));
#972 = ORIENTED_EDGE('',*,*,#973,.F.);
#973 = EDGE_CURVE('',#974,#966,#976,.T.);
#974 = VERTEX_POINT('',#975);
#975 = CARTESIAN_POINT('',(90.134013034424,-84.94310685713,6.3));
#976 = LINE('',#977,#978);
#977 = CARTESIAN_POINT('',(90.134013034424,-84.94310685713,6.3));
#978 = VECTOR('',#979,1.);
#979 = DIRECTION('',(-0.956139520444,-0.292911620536,0.));
#980 = ORIENTED_EDGE('',*,*,#981,.F.);
#981 = EDGE_CURVE('',#982,#974,#984,.T.);
#982 = VERTEX_POINT('',#983);
#983 = CARTESIAN_POINT('',(90.161092194839,-84.93410147582,6.3));
#984 = LINE('',#985,#986);
#985 = CARTESIAN_POINT('',(90.161092194839,-84.93410147582,6.3));
#986 = VECTOR('',#987,1.);
#987 = DIRECTION('',(-0.948903888174,-0.31556522465,0.));
#988 = ORIENTED_EDGE('',*,*,#989,.F.);
#989 = EDGE_CURVE('',#990,#982,#992,.T.);
#990 = VERTEX_POINT('',#991);
#991 = CARTESIAN_POINT('',(90.187949555451,-84.92445471458,6.3));
#992 = LINE('',#993,#994);
#993 = CARTESIAN_POINT('',(90.187949555451,-84.92445471458,6.3));
#994 = VECTOR('',#995,1.);
#995 = DIRECTION('',(-0.941131612653,-0.338040363958,0.));
#996 = ORIENTED_EDGE('',*,*,#997,.F.);
#997 = EDGE_CURVE('',#998,#990,#1000,.T.);
#998 = VERTEX_POINT('',#999);
#999 = CARTESIAN_POINT('',(90.214569927344,-84.91417202906,6.3));
#1000 = LINE('',#1001,#1002);
#1001 = CARTESIAN_POINT('',(90.214569927344,-84.91417202906,6.3));
#1002 = VECTOR('',#1003,1.);
#1003 = DIRECTION('',(-0.932827089416,-0.360324327867,0.));
#1004 = ORIENTED_EDGE('',*,*,#1005,.F.);
#1005 = EDGE_CURVE('',#1006,#998,#1008,.T.);
#1006 = VERTEX_POINT('',#1007);
#1007 = CARTESIAN_POINT('',(114.78543007265,-75.08582797093,6.3));
#1008 = LINE('',#1009,#1010);
#1009 = CARTESIAN_POINT('',(114.78543007265,-75.08582797093,6.3));
#1010 = VECTOR('',#1011,1.);
#1011 = DIRECTION('',(-0.928476690885,-0.371390676354,0.));
#1012 = ORIENTED_EDGE('',*,*,#1013,.F.);
#1013 = EDGE_CURVE('',#1014,#1006,#1016,.T.);
#1014 = VERTEX_POINT('',#1015);
#1015 = CARTESIAN_POINT('',(114.81205044454,-75.07554528541,6.3));
#1016 = LINE('',#1017,#1018);
#1017 = CARTESIAN_POINT('',(114.81205044454,-75.07554528541,6.3));
#1018 = VECTOR('',#1019,1.);
#1019 = DIRECTION('',(-0.932827089416,-0.360324327867,0.));
#1020 = ORIENTED_EDGE('',*,*,#1021,.F.);
#1021 = EDGE_CURVE('',#1022,#1014,#1024,.T.);
#1022 = VERTEX_POINT('',#1023);
#1023 = CARTESIAN_POINT('',(114.83890780516,-75.06589852417,6.3));
#1024 = LINE('',#1025,#1026);
#1025 = CARTESIAN_POINT('',(114.83890780516,-75.06589852417,6.3));
#1026 = VECTOR('',#1027,1.);
#1027 = DIRECTION('',(-0.941131612653,-0.338040363958,0.));
#1028 = ORIENTED_EDGE('',*,*,#1029,.F.);
#1029 = EDGE_CURVE('',#1030,#1022,#1032,.T.);
#1030 = VERTEX_POINT('',#1031);
#1031 = CARTESIAN_POINT('',(114.86598696557,-75.05689314286,6.3));
#1032 = LINE('',#1033,#1034);
#1033 = CARTESIAN_POINT('',(114.86598696557,-75.05689314286,6.3));
#1034 = VECTOR('',#1035,1.);
#1035 = DIRECTION('',(-0.948903888174,-0.31556522465,0.));
#1036 = ORIENTED_EDGE('',*,*,#1037,.F.);
#1037 = EDGE_CURVE('',#1038,#1030,#1040,.T.);
#1038 = VERTEX_POINT('',#1039);
#1039 = CARTESIAN_POINT('',(114.89327261144,-75.04853423438,6.3));
#1040 = LINE('',#1041,#1042);
#1041 = CARTESIAN_POINT('',(114.89327261144,-75.04853423438,6.3));
#1042 = VECTOR('',#1043,1.);
#1043 = DIRECTION('',(-0.956139520444,-0.292911620535,0.));
#1044 = ORIENTED_EDGE('',*,*,#1045,.F.);
#1045 = EDGE_CURVE('',#1046,#1038,#1048,.T.);
#1046 = VERTEX_POINT('',#1047);
#1047 = CARTESIAN_POINT('',(114.92074931163,-75.04082652603,6.3));
#1048 = LINE('',#1049,#1050);
#1049 = CARTESIAN_POINT('',(114.92074931163,-75.04082652603,6.3));
#1050 = VECTOR('',#1051,1.);
#1051 = DIRECTION('',(-0.962834417423,-0.270092363139,0.));
#1052 = ORIENTED_EDGE('',*,*,#1053,.F.);
#1053 = EDGE_CURVE('',#1054,#1046,#1056,.T.);
#1054 = VERTEX_POINT('',#1055);
#1055 = CARTESIAN_POINT('',(114.94840152696,-75.03377437681,6.3));
#1056 = LINE('',#1057,#1058);
#1057 = CARTESIAN_POINT('',(114.94840152696,-75.03377437681,6.3));
#1058 = VECTOR('',#1059,1.);
#1059 = DIRECTION('',(-0.968984792877,-0.247120357666,0.));
#1060 = ORIENTED_EDGE('',*,*,#1061,.F.);
#1061 = EDGE_CURVE('',#1062,#1054,#1064,.T.);
#1062 = VERTEX_POINT('',#1063);
#1063 = CARTESIAN_POINT('',(114.976213619,-75.02738177502,6.3));
#1064 = LINE('',#1065,#1066);
#1065 = CARTESIAN_POINT('',(114.976213619,-75.02738177502,6.3));
#1066 = VECTOR('',#1067,1.);
#1067 = DIRECTION('',(-0.974587168523,-0.224008595706,0.));
#1068 = ORIENTED_EDGE('',*,*,#1069,.F.);
#1069 = EDGE_CURVE('',#1070,#1062,#1072,.T.);
#1070 = VERTEX_POINT('',#1071);
#1071 = CARTESIAN_POINT('',(115.00416985889,-75.02165233592,6.3));
#1072 = LINE('',#1073,#1074);
#1073 = CARTESIAN_POINT('',(115.00416985889,-75.02165233592,6.3));
#1074 = VECTOR('',#1075,1.);
#1075 = DIRECTION('',(-0.979638375991,-0.200770147893,0.));
#1076 = ORIENTED_EDGE('',*,*,#1077,.F.);
#1077 = EDGE_CURVE('',#1078,#1070,#1080,.T.);
#1078 = VERTEX_POINT('',#1079);
#1079 = CARTESIAN_POINT('',(115.03225443626,-75.01658929973,6.3));
#1080 = LINE('',#1081,#1082);
#1081 = CARTESIAN_POINT('',(115.03225443626,-75.01658929973,6.3));
#1082 = VECTOR('',#1083,1.);
#1083 = DIRECTION('',(-0.984135558622,-0.177418156498,0.));
#1084 = ORIENTED_EDGE('',*,*,#1085,.F.);
#1085 = EDGE_CURVE('',#1086,#1078,#1088,.T.);
#1086 = VERTEX_POINT('',#1087);
#1087 = CARTESIAN_POINT('',(115.06045146815,-75.01219552982,6.3));
#1088 = LINE('',#1089,#1090);
#1089 = CARTESIAN_POINT('',(115.06045146815,-75.01219552982,6.3));
#1090 = VECTOR('',#1091,1.);
#1091 = DIRECTION('',(-0.988076173078,-0.153965828012,0.));
#1092 = ORIENTED_EDGE('',*,*,#1093,.F.);
#1093 = EDGE_CURVE('',#1094,#1086,#1096,.T.);
#1094 = VERTEX_POINT('',#1095);
#1095 = CARTESIAN_POINT('',(115.088745008,-75.00847351103,6.3));
#1096 = LINE('',#1097,#1098);
#1097 = CARTESIAN_POINT('',(115.088745008,-75.00847351103,6.3));
#1098 = VECTOR('',#1099,1.);
#1099 = DIRECTION('',(-0.991457990783,-0.130426425668,0.));
#1100 = ORIENTED_EDGE('',*,*,#1101,.F.);
#1101 = EDGE_CURVE('',#1102,#1094,#1104,.T.);
#1102 = VERTEX_POINT('',#1103);
#1103 = CARTESIAN_POINT('',(115.11711905469,-75.00542534831,6.3));
#1104 = LINE('',#1105,#1106);
#1105 = CARTESIAN_POINT('',(115.11711905469,-75.00542534831,6.3));
#1106 = VECTOR('',#1107,1.);
#1107 = DIRECTION('',(-0.994279099183,-0.106813261943,0.));
#1108 = ORIENTED_EDGE('',*,*,#1109,.F.);
#1109 = EDGE_CURVE('',#1110,#1102,#1112,.T.);
#1110 = VERTEX_POINT('',#1111);
#1111 = CARTESIAN_POINT('',(115.14555756154,-75.00305276553,6.3));
#1112 = LINE('',#1113,#1114);
#1113 = CARTESIAN_POINT('',(115.14555756154,-75.00305276553,6.3));
#1114 = VECTOR('',#1115,1.);
#1115 = DIRECTION('',(-0.996537902829,-8.313969102999E-02,0.));
#1116 = ORIENTED_EDGE('',*,*,#1117,.F.);
#1117 = EDGE_CURVE('',#1118,#1110,#1120,.T.);
#1118 = VERTEX_POINT('',#1119);
#1119 = CARTESIAN_POINT('',(115.17404444545,-75.00135710446,6.3));
#1120 = LINE('',#1121,#1122);
#1121 = CARTESIAN_POINT('',(115.17404444545,-75.00135710446,6.3));
#1122 = VECTOR('',#1123,1.);
#1123 = DIRECTION('',(-0.998233124276,-5.941910128297E-02,0.));
#1124 = ORIENTED_EDGE('',*,*,#1125,.F.);
#1125 = EDGE_CURVE('',#1126,#1118,#1128,.T.);
#1126 = VERTEX_POINT('',#1127);
#1127 = CARTESIAN_POINT('',(115.20256359594,-75.00033932409,6.3));
#1128 = LINE('',#1129,#1130);
#1129 = CARTESIAN_POINT('',(115.20256359594,-75.00033932409,6.3));
#1130 = VECTOR('',#1131,1.);
#1131 = DIRECTION('',(-0.999363804809,-3.566490764814E-02,0.));
#1132 = ORIENTED_EDGE('',*,*,#1133,.F.);
#1133 = EDGE_CURVE('',#1134,#1126,#1136,.T.);
#1134 = VERTEX_POINT('',#1135);
#1135 = CARTESIAN_POINT('',(115.23109888428,-75.,6.3));
#1136 = LINE('',#1137,#1138);
#1137 = CARTESIAN_POINT('',(115.23109888428,-75.,6.3));
#1138 = VECTOR('',#1139,1.);
#1139 = DIRECTION('',(-0.999929304982,-1.189054407617E-02,0.));
#1140 = ORIENTED_EDGE('',*,*,#1141,.F.);
#1141 = EDGE_CURVE('',#1142,#1134,#1144,.T.);
#1142 = VERTEX_POINT('',#1143);
#1143 = CARTESIAN_POINT('',(141.9,-75.,6.3));
#1144 = LINE('',#1145,#1146);
#1145 = CARTESIAN_POINT('',(141.9,-75.,6.3));
#1146 = VECTOR('',#1147,1.);
#1147 = DIRECTION('',(-1.,0.,0.));
#1148 = ORIENTED_EDGE('',*,*,#1149,.F.);
#1149 = EDGE_CURVE('',#1150,#1142,#1152,.T.);
#1150 = VERTEX_POINT('',#1151);
#1151 = CARTESIAN_POINT('',(142.01762056839,-74.994221672,6.3));
#1152 = LINE('',#1153,#1154);
#1153 = CARTESIAN_POINT('',(142.01762056839,-74.994221672,6.3));
#1154 = VECTOR('',#1155,1.);
#1155 = DIRECTION('',(-0.998795456205,-4.906767432746E-02,0.));
#1156 = ORIENTED_EDGE('',*,*,#1157,.F.);
#1157 = EDGE_CURVE('',#1158,#1150,#1160,.T.);
#1158 = VERTEX_POINT('',#1159);
#1159 = CARTESIAN_POINT('',(142.13410838641,-74.97694233648,6.3));
#1160 = LINE('',#1161,#1162);
#1161 = CARTESIAN_POINT('',(142.13410838641,-74.97694233648,6.3));
#1162 = VECTOR('',#1163,1.);
#1163 = DIRECTION('',(-0.989176509965,-0.146730474455,0.));
#1164 = ORIENTED_EDGE('',*,*,#1165,.F.);
#1165 = EDGE_CURVE('',#1166,#1158,#1168,.T.);
#1166 = VERTEX_POINT('',#1167);
#1167 = CARTESIAN_POINT('',(142.2483416127,-74.94832840287,6.3));
#1168 = LINE('',#1169,#1170);
#1169 = CARTESIAN_POINT('',(142.2483416127,-74.94832840287,6.3));
#1170 = VECTOR('',#1171,1.);
#1171 = DIRECTION('',(-0.970031253195,-0.242980179903,0.));
#1172 = ORIENTED_EDGE('',*,*,#1173,.F.);
#1173 = EDGE_CURVE('',#1174,#1166,#1176,.T.);
#1174 = VERTEX_POINT('',#1175);
#1175 = CARTESIAN_POINT('',(142.35922011883,-74.90865543901,6.3));
#1176 = LINE('',#1177,#1178);
#1177 = CARTESIAN_POINT('',(142.35922011883,-74.90865543901,6.3));
#1178 = VECTOR('',#1179,1.);
#1179 = DIRECTION('',(-0.941544065183,-0.336889853392,0.));
#1180 = ORIENTED_EDGE('',*,*,#1181,.F.);
#1181 = EDGE_CURVE('',#1182,#1174,#1184,.T.);
#1182 = VERTEX_POINT('',#1183);
#1183 = CARTESIAN_POINT('',(142.46567608419,-74.85830551721,6.3));
#1184 = LINE('',#1185,#1186);
#1185 = CARTESIAN_POINT('',(142.46567608419,-74.85830551721,6.3));
#1186 = VECTOR('',#1187,1.);
#1187 = DIRECTION('',(-0.903989293123,-0.42755509343,0.));
#1188 = ORIENTED_EDGE('',*,*,#1189,.F.);
#1189 = EDGE_CURVE('',#1190,#1182,#1192,.T.);
#1190 = VERTEX_POINT('',#1191);
#1191 = CARTESIAN_POINT('',(142.56668427962,-74.79776353476,6.3));
#1192 = LINE('',#1193,#1194);
#1193 = CARTESIAN_POINT('',(142.56668427962,-74.79776353476,6.3));
#1194 = VECTOR('',#1195,1.);
#1195 = DIRECTION('',(-0.85772861,-0.514102744193,0.));
#1196 = ORIENTED_EDGE('',*,*,#1197,.F.);
#1197 = EDGE_CURVE('',#1198,#1190,#1200,.T.);
#1198 = VERTEX_POINT('',#1199);
#1199 = CARTESIAN_POINT('',(142.66127194099,-74.72761254403,6.3));
#1200 = LINE('',#1201,#1202);
#1201 = CARTESIAN_POINT('',(142.66127194099,-74.72761254403,6.3));
#1202 = VECTOR('',#1203,1.);
#1203 = DIRECTION('',(-0.803207531481,-0.595699304492,0.));
#1204 = ORIENTED_EDGE('',*,*,#1205,.F.);
#1205 = EDGE_CURVE('',#1206,#1198,#1208,.T.);
#1206 = VERTEX_POINT('',#1207);
#1207 = CARTESIAN_POINT('',(142.74852813742,-74.64852813742,6.3));
#1208 = LINE('',#1209,#1210);
#1209 = CARTESIAN_POINT('',(142.74852813742,-74.64852813742,6.3));
#1210 = VECTOR('',#1211,1.);
#1211 = DIRECTION('',(-0.740951125355,-0.671558954847,0.));
#1212 = ORIENTED_EDGE('',*,*,#1213,.F.);
#1213 = EDGE_CURVE('',#1214,#1206,#1216,.T.);
#1214 = VERTEX_POINT('',#1215);
#1215 = CARTESIAN_POINT('',(142.82761254403,-74.56127194099,6.3));
#1216 = LINE('',#1217,#1218);
#1217 = CARTESIAN_POINT('',(142.82761254403,-74.56127194099,6.3));
#1218 = VECTOR('',#1219,1.);
#1219 = DIRECTION('',(-0.671558954847,-0.740951125355,0.));
#1220 = ORIENTED_EDGE('',*,*,#1221,.F.);
#1221 = EDGE_CURVE('',#1222,#1214,#1224,.T.);
#1222 = VERTEX_POINT('',#1223);
#1223 = CARTESIAN_POINT('',(142.89776353476,-74.46668427962,6.3));
#1224 = LINE('',#1225,#1226);
#1225 = CARTESIAN_POINT('',(142.89776353476,-74.46668427962,6.3));
#1226 = VECTOR('',#1227,1.);
#1227 = DIRECTION('',(-0.595699304492,-0.803207531481,0.));
#1228 = ORIENTED_EDGE('',*,*,#1229,.F.);
#1229 = EDGE_CURVE('',#1230,#1222,#1232,.T.);
#1230 = VERTEX_POINT('',#1231);
#1231 = CARTESIAN_POINT('',(142.95830551721,-74.36567608419,6.3));
#1232 = LINE('',#1233,#1234);
#1233 = CARTESIAN_POINT('',(142.95830551721,-74.36567608419,6.3));
#1234 = VECTOR('',#1235,1.);
#1235 = DIRECTION('',(-0.514102744193,-0.85772861,0.));
#1236 = ORIENTED_EDGE('',*,*,#1237,.F.);
#1237 = EDGE_CURVE('',#1238,#1230,#1240,.T.);
#1238 = VERTEX_POINT('',#1239);
#1239 = CARTESIAN_POINT('',(143.00865543901,-74.25922011883,6.3));
#1240 = LINE('',#1241,#1242);
#1241 = CARTESIAN_POINT('',(143.00865543901,-74.25922011883,6.3));
#1242 = VECTOR('',#1243,1.);
#1243 = DIRECTION('',(-0.42755509343,-0.903989293123,0.));
#1244 = ORIENTED_EDGE('',*,*,#1245,.F.);
#1245 = EDGE_CURVE('',#1246,#1238,#1248,.T.);
#1246 = VERTEX_POINT('',#1247);
#1247 = CARTESIAN_POINT('',(143.04832840287,-74.1483416127,6.3));
#1248 = LINE('',#1249,#1250);
#1249 = CARTESIAN_POINT('',(143.04832840287,-74.1483416127,6.3));
#1250 = VECTOR('',#1251,1.);
#1251 = DIRECTION('',(-0.336889853392,-0.941544065183,0.));
#1252 = ORIENTED_EDGE('',*,*,#1253,.F.);
#1253 = EDGE_CURVE('',#1254,#1246,#1256,.T.);
#1254 = VERTEX_POINT('',#1255);
#1255 = CARTESIAN_POINT('',(143.07694233648,-74.03410838641,6.3));
#1256 = LINE('',#1257,#1258);
#1257 = CARTESIAN_POINT('',(143.07694233648,-74.03410838641,6.3));
#1258 = VECTOR('',#1259,1.);
#1259 = DIRECTION('',(-0.242980179903,-0.970031253195,0.));
#1260 = ORIENTED_EDGE('',*,*,#1261,.F.);
#1261 = EDGE_CURVE('',#1262,#1254,#1264,.T.);
#1262 = VERTEX_POINT('',#1263);
#1263 = CARTESIAN_POINT('',(143.094221672,-73.91762056839,6.3));
#1264 = LINE('',#1265,#1266);
#1265 = CARTESIAN_POINT('',(143.094221672,-73.91762056839,6.3));
#1266 = VECTOR('',#1267,1.);
#1267 = DIRECTION('',(-0.146730474455,-0.989176509965,0.));
#1268 = ORIENTED_EDGE('',*,*,#1269,.F.);
#1269 = EDGE_CURVE('',#1270,#1262,#1272,.T.);
#1270 = VERTEX_POINT('',#1271);
#1271 = CARTESIAN_POINT('',(143.1,-73.8,6.3));
#1272 = LINE('',#1273,#1274);
#1273 = CARTESIAN_POINT('',(143.1,-73.8,6.3));
#1274 = VECTOR('',#1275,1.);
#1275 = DIRECTION('',(-4.906767432722E-02,-0.998795456205,0.));
#1276 = ORIENTED_EDGE('',*,*,#1277,.F.);
#1277 = EDGE_CURVE('',#1278,#1270,#1280,.T.);
#1278 = VERTEX_POINT('',#1279);
#1279 = CARTESIAN_POINT('',(143.1,-19.2,6.3));
#1280 = LINE('',#1281,#1282);
#1281 = CARTESIAN_POINT('',(143.1,-19.2,6.3));
#1282 = VECTOR('',#1283,1.);
#1283 = DIRECTION('',(0.,-1.,0.));
#1284 = ORIENTED_EDGE('',*,*,#1285,.F.);
#1285 = EDGE_CURVE('',#1286,#1278,#1288,.T.);
#1286 = VERTEX_POINT('',#1287);
#1287 = CARTESIAN_POINT('',(143.094221672,-19.0823794316,6.3));
#1288 = LINE('',#1289,#1290);
#1289 = CARTESIAN_POINT('',(143.094221672,-19.0823794316,6.3));
#1290 = VECTOR('',#1291,1.);
#1291 = DIRECTION('',(4.906767432722E-02,-0.998795456205,0.));
#1292 = ORIENTED_EDGE('',*,*,#1293,.F.);
#1293 = EDGE_CURVE('',#1294,#1286,#1296,.T.);
#1294 = VERTEX_POINT('',#1295);
#1295 = CARTESIAN_POINT('',(143.07694233648,-18.96589161358,6.3));
#1296 = LINE('',#1297,#1298);
#1297 = CARTESIAN_POINT('',(143.07694233648,-18.96589161358,6.3));
#1298 = VECTOR('',#1299,1.);
#1299 = DIRECTION('',(0.146730474455,-0.989176509965,0.));
#1300 = ORIENTED_EDGE('',*,*,#1301,.F.);
#1301 = EDGE_CURVE('',#1302,#1294,#1304,.T.);
#1302 = VERTEX_POINT('',#1303);
#1303 = CARTESIAN_POINT('',(143.04832840287,-18.85165838729,6.3));
#1304 = LINE('',#1305,#1306);
#1305 = CARTESIAN_POINT('',(143.04832840287,-18.85165838729,6.3));
#1306 = VECTOR('',#1307,1.);
#1307 = DIRECTION('',(0.242980179903,-0.970031253195,0.));
#1308 = ORIENTED_EDGE('',*,*,#1309,.F.);
#1309 = EDGE_CURVE('',#1310,#1302,#1312,.T.);
#1310 = VERTEX_POINT('',#1311);
#1311 = CARTESIAN_POINT('',(143.00865543901,-18.74077988116,6.3));
#1312 = LINE('',#1313,#1314);
#1313 = CARTESIAN_POINT('',(143.00865543901,-18.74077988116,6.3));
#1314 = VECTOR('',#1315,1.);
#1315 = DIRECTION('',(0.336889853392,-0.941544065183,0.));
#1316 = ORIENTED_EDGE('',*,*,#1317,.F.);
#1317 = EDGE_CURVE('',#1318,#1310,#1320,.T.);
#1318 = VERTEX_POINT('',#1319);
#1319 = CARTESIAN_POINT('',(142.95830551721,-18.6343239158,6.3));
#1320 = LINE('',#1321,#1322);
#1321 = CARTESIAN_POINT('',(142.95830551721,-18.6343239158,6.3));
#1322 = VECTOR('',#1323,1.);
#1323 = DIRECTION('',(0.42755509343,-0.903989293123,0.));
#1324 = ORIENTED_EDGE('',*,*,#1325,.F.);
#1325 = EDGE_CURVE('',#1326,#1318,#1328,.T.);
#1326 = VERTEX_POINT('',#1327);
#1327 = CARTESIAN_POINT('',(142.89776353476,-18.53331572037,6.3));
#1328 = LINE('',#1329,#1330);
#1329 = CARTESIAN_POINT('',(142.89776353476,-18.53331572037,6.3));
#1330 = VECTOR('',#1331,1.);
#1331 = DIRECTION('',(0.514102744193,-0.85772861,0.));
#1332 = ORIENTED_EDGE('',*,*,#1333,.F.);
#1333 = EDGE_CURVE('',#1334,#1326,#1336,.T.);
#1334 = VERTEX_POINT('',#1335);
#1335 = CARTESIAN_POINT('',(142.82761254403,-18.438728059,6.3));
#1336 = LINE('',#1337,#1338);
#1337 = CARTESIAN_POINT('',(142.82761254403,-18.438728059,6.3));
#1338 = VECTOR('',#1339,1.);
#1339 = DIRECTION('',(0.595699304492,-0.803207531481,0.));
#1340 = ORIENTED_EDGE('',*,*,#1341,.F.);
#1341 = EDGE_CURVE('',#1342,#1334,#1344,.T.);
#1342 = VERTEX_POINT('',#1343);
#1343 = CARTESIAN_POINT('',(142.74852813742,-18.35147186257,6.3));
#1344 = LINE('',#1345,#1346);
#1345 = CARTESIAN_POINT('',(142.74852813742,-18.35147186257,6.3));
#1346 = VECTOR('',#1347,1.);
#1347 = DIRECTION('',(0.671558954847,-0.740951125355,0.));
#1348 = ORIENTED_EDGE('',*,*,#1349,.F.);
#1349 = EDGE_CURVE('',#1350,#1342,#1352,.T.);
#1350 = VERTEX_POINT('',#1351);
#1351 = CARTESIAN_POINT('',(142.66127194099,-18.27238745596,6.3));
#1352 = LINE('',#1353,#1354);
#1353 = CARTESIAN_POINT('',(142.66127194099,-18.27238745596,6.3));
#1354 = VECTOR('',#1355,1.);
#1355 = DIRECTION('',(0.740951125355,-0.671558954847,0.));
#1356 = ORIENTED_EDGE('',*,*,#1357,.F.);
#1357 = EDGE_CURVE('',#1358,#1350,#1360,.T.);
#1358 = VERTEX_POINT('',#1359);
#1359 = CARTESIAN_POINT('',(142.56668427962,-18.20223646523,6.3));
#1360 = LINE('',#1361,#1362);
#1361 = CARTESIAN_POINT('',(142.56668427962,-18.20223646523,6.3));
#1362 = VECTOR('',#1363,1.);
#1363 = DIRECTION('',(0.803207531481,-0.595699304492,0.));
#1364 = ORIENTED_EDGE('',*,*,#1365,.F.);
#1365 = EDGE_CURVE('',#1366,#1358,#1368,.T.);
#1366 = VERTEX_POINT('',#1367);
#1367 = CARTESIAN_POINT('',(142.46567608419,-18.14169448278,6.3));
#1368 = LINE('',#1369,#1370);
#1369 = CARTESIAN_POINT('',(142.46567608419,-18.14169448278,6.3));
#1370 = VECTOR('',#1371,1.);
#1371 = DIRECTION('',(0.85772861,-0.514102744193,0.));
#1372 = ORIENTED_EDGE('',*,*,#1373,.F.);
#1373 = EDGE_CURVE('',#1374,#1366,#1376,.T.);
#1374 = VERTEX_POINT('',#1375);
#1375 = CARTESIAN_POINT('',(142.35922011883,-18.09134456098,6.3));
#1376 = LINE('',#1377,#1378);
#1377 = CARTESIAN_POINT('',(142.35922011883,-18.09134456098,6.3));
#1378 = VECTOR('',#1379,1.);
#1379 = DIRECTION('',(0.903989293123,-0.42755509343,0.));
#1380 = ORIENTED_EDGE('',*,*,#1381,.F.);
#1381 = EDGE_CURVE('',#1382,#1374,#1384,.T.);
#1382 = VERTEX_POINT('',#1383);
#1383 = CARTESIAN_POINT('',(142.2483416127,-18.05167159712,6.3));
#1384 = LINE('',#1385,#1386);
#1385 = CARTESIAN_POINT('',(142.2483416127,-18.05167159712,6.3));
#1386 = VECTOR('',#1387,1.);
#1387 = DIRECTION('',(0.941544065183,-0.336889853392,0.));
#1388 = ORIENTED_EDGE('',*,*,#1389,.F.);
#1389 = EDGE_CURVE('',#1390,#1382,#1392,.T.);
#1390 = VERTEX_POINT('',#1391);
#1391 = CARTESIAN_POINT('',(142.13410838641,-18.02305766351,6.3));
#1392 = LINE('',#1393,#1394);
#1393 = CARTESIAN_POINT('',(142.13410838641,-18.02305766351,6.3));
#1394 = VECTOR('',#1395,1.);
#1395 = DIRECTION('',(0.970031253195,-0.242980179903,0.));
#1396 = ORIENTED_EDGE('',*,*,#1397,.F.);
#1397 = EDGE_CURVE('',#1398,#1390,#1400,.T.);
#1398 = VERTEX_POINT('',#1399);
#1399 = CARTESIAN_POINT('',(142.01762056839,-18.00577832799,6.3));
#1400 = LINE('',#1401,#1402);
#1401 = CARTESIAN_POINT('',(142.01762056839,-18.00577832799,6.3));
#1402 = VECTOR('',#1403,1.);
#1403 = DIRECTION('',(0.989176509965,-0.146730474455,0.));
#1404 = ORIENTED_EDGE('',*,*,#1405,.F.);
#1405 = EDGE_CURVE('',#1406,#1398,#1408,.T.);
#1406 = VERTEX_POINT('',#1407);
#1407 = CARTESIAN_POINT('',(141.9,-18.,6.3));
#1408 = LINE('',#1409,#1410);
#1409 = CARTESIAN_POINT('',(141.9,-18.,6.3));
#1410 = VECTOR('',#1411,1.);
#1411 = DIRECTION('',(0.998795456205,-4.90676743274E-02,0.));
#1412 = ORIENTED_EDGE('',*,*,#1413,.F.);
#1413 = EDGE_CURVE('',#1414,#1406,#1416,.T.);
#1414 = VERTEX_POINT('',#1415);
#1415 = CARTESIAN_POINT('',(125.2,-18.,6.3));
#1416 = LINE('',#1417,#1418);
#1417 = CARTESIAN_POINT('',(125.2,-18.,6.3));
#1418 = VECTOR('',#1419,1.);
#1419 = DIRECTION('',(1.,0.,0.));
#1420 = ORIENTED_EDGE('',*,*,#1421,.F.);
#1421 = EDGE_CURVE('',#1422,#1414,#1424,.T.);
#1422 = VERTEX_POINT('',#1423);
#1423 = CARTESIAN_POINT('',(125.0823794316,-17.994221672,6.3));
#1424 = LINE('',#1425,#1426);
#1425 = CARTESIAN_POINT('',(125.0823794316,-17.994221672,6.3));
#1426 = VECTOR('',#1427,1.);
#1427 = DIRECTION('',(0.998795456205,-4.90676743274E-02,0.));
#1428 = ORIENTED_EDGE('',*,*,#1429,.F.);
#1429 = EDGE_CURVE('',#1430,#1422,#1432,.T.);
#1430 = VERTEX_POINT('',#1431);
#1431 = CARTESIAN_POINT('',(124.96589161358,-17.97694233648,6.3));
#1432 = LINE('',#1433,#1434);
#1433 = CARTESIAN_POINT('',(124.96589161358,-17.97694233648,6.3));
#1434 = VECTOR('',#1435,1.);
#1435 = DIRECTION('',(0.989176509965,-0.146730474455,0.));
#1436 = ORIENTED_EDGE('',*,*,#1437,.F.);
#1437 = EDGE_CURVE('',#1438,#1430,#1440,.T.);
#1438 = VERTEX_POINT('',#1439);
#1439 = CARTESIAN_POINT('',(124.85165838729,-17.94832840287,6.3));
#1440 = LINE('',#1441,#1442);
#1441 = CARTESIAN_POINT('',(124.85165838729,-17.94832840287,6.3));
#1442 = VECTOR('',#1443,1.);
#1443 = DIRECTION('',(0.970031253195,-0.242980179903,0.));
#1444 = ORIENTED_EDGE('',*,*,#1445,.F.);
#1445 = EDGE_CURVE('',#1446,#1438,#1448,.T.);
#1446 = VERTEX_POINT('',#1447);
#1447 = CARTESIAN_POINT('',(124.74077988116,-17.90865543901,6.3));
#1448 = LINE('',#1449,#1450);
#1449 = CARTESIAN_POINT('',(124.74077988116,-17.90865543901,6.3));
#1450 = VECTOR('',#1451,1.);
#1451 = DIRECTION('',(0.941544065183,-0.336889853392,0.));
#1452 = ORIENTED_EDGE('',*,*,#1453,.F.);
#1453 = EDGE_CURVE('',#1454,#1446,#1456,.T.);
#1454 = VERTEX_POINT('',#1455);
#1455 = CARTESIAN_POINT('',(124.6343239158,-17.85830551721,6.3));
#1456 = LINE('',#1457,#1458);
#1457 = CARTESIAN_POINT('',(124.6343239158,-17.85830551721,6.3));
#1458 = VECTOR('',#1459,1.);
#1459 = DIRECTION('',(0.903989293123,-0.42755509343,0.));
#1460 = ORIENTED_EDGE('',*,*,#1461,.F.);
#1461 = EDGE_CURVE('',#1462,#1454,#1464,.T.);
#1462 = VERTEX_POINT('',#1463);
#1463 = CARTESIAN_POINT('',(124.53331572037,-17.79776353476,6.3));
#1464 = LINE('',#1465,#1466);
#1465 = CARTESIAN_POINT('',(124.53331572037,-17.79776353476,6.3));
#1466 = VECTOR('',#1467,1.);
#1467 = DIRECTION('',(0.85772861,-0.514102744193,0.));
#1468 = ORIENTED_EDGE('',*,*,#1469,.F.);
#1469 = EDGE_CURVE('',#1470,#1462,#1472,.T.);
#1470 = VERTEX_POINT('',#1471);
#1471 = CARTESIAN_POINT('',(124.438728059,-17.72761254403,6.3));
#1472 = LINE('',#1473,#1474);
#1473 = CARTESIAN_POINT('',(124.438728059,-17.72761254403,6.3));
#1474 = VECTOR('',#1475,1.);
#1475 = DIRECTION('',(0.803207531481,-0.595699304492,0.));
#1476 = ORIENTED_EDGE('',*,*,#1477,.F.);
#1477 = EDGE_CURVE('',#1478,#1470,#1480,.T.);
#1478 = VERTEX_POINT('',#1479);
#1479 = CARTESIAN_POINT('',(124.35147186257,-17.64852813742,6.3));
#1480 = LINE('',#1481,#1482);
#1481 = CARTESIAN_POINT('',(124.35147186257,-17.64852813742,6.3));
#1482 = VECTOR('',#1483,1.);
#1483 = DIRECTION('',(0.740951125355,-0.671558954847,0.));
#1484 = ORIENTED_EDGE('',*,*,#1485,.F.);
#1485 = EDGE_CURVE('',#1486,#1478,#1488,.T.);
#1486 = VERTEX_POINT('',#1487);
#1487 = CARTESIAN_POINT('',(124.27238745596,-17.56127194099,6.3));
#1488 = LINE('',#1489,#1490);
#1489 = CARTESIAN_POINT('',(124.27238745596,-17.56127194099,6.3));
#1490 = VECTOR('',#1491,1.);
#1491 = DIRECTION('',(0.671558954847,-0.740951125355,0.));
#1492 = ORIENTED_EDGE('',*,*,#1493,.F.);
#1493 = EDGE_CURVE('',#1494,#1486,#1496,.T.);
#1494 = VERTEX_POINT('',#1495);
#1495 = CARTESIAN_POINT('',(124.20223646523,-17.46668427962,6.3));
#1496 = LINE('',#1497,#1498);
#1497 = CARTESIAN_POINT('',(124.20223646523,-17.46668427962,6.3));
#1498 = VECTOR('',#1499,1.);
#1499 = DIRECTION('',(0.595699304492,-0.803207531481,0.));
#1500 = ORIENTED_EDGE('',*,*,#1501,.F.);
#1501 = EDGE_CURVE('',#1502,#1494,#1504,.T.);
#1502 = VERTEX_POINT('',#1503);
#1503 = CARTESIAN_POINT('',(124.14169448278,-17.36567608419,6.3));
#1504 = LINE('',#1505,#1506);
#1505 = CARTESIAN_POINT('',(124.14169448278,-17.36567608419,6.3));
#1506 = VECTOR('',#1507,1.);
#1507 = DIRECTION('',(0.514102744193,-0.85772861,0.));
#1508 = ORIENTED_EDGE('',*,*,#1509,.F.);
#1509 = EDGE_CURVE('',#1510,#1502,#1512,.T.);
#1510 = VERTEX_POINT('',#1511);
#1511 = CARTESIAN_POINT('',(124.09134456098,-17.25922011883,6.3));
#1512 = LINE('',#1513,#1514);
#1513 = CARTESIAN_POINT('',(124.09134456098,-17.25922011883,6.3));
#1514 = VECTOR('',#1515,1.);
#1515 = DIRECTION('',(0.42755509343,-0.903989293123,0.));
#1516 = ORIENTED_EDGE('',*,*,#1517,.F.);
#1517 = EDGE_CURVE('',#1518,#1510,#1520,.T.);
#1518 = VERTEX_POINT('',#1519);
#1519 = CARTESIAN_POINT('',(124.05167159712,-17.1483416127,6.3));
#1520 = LINE('',#1521,#1522);
#1521 = CARTESIAN_POINT('',(124.05167159712,-17.1483416127,6.3));
#1522 = VECTOR('',#1523,1.);
#1523 = DIRECTION('',(0.336889853392,-0.941544065183,0.));
#1524 = ORIENTED_EDGE('',*,*,#1525,.F.);
#1525 = EDGE_CURVE('',#1526,#1518,#1528,.T.);
#1526 = VERTEX_POINT('',#1527);
#1527 = CARTESIAN_POINT('',(124.02305766351,-17.03410838641,6.3));
#1528 = LINE('',#1529,#1530);
#1529 = CARTESIAN_POINT('',(124.02305766351,-17.03410838641,6.3));
#1530 = VECTOR('',#1531,1.);
#1531 = DIRECTION('',(0.242980179903,-0.970031253195,0.));
#1532 = ORIENTED_EDGE('',*,*,#1533,.F.);
#1533 = EDGE_CURVE('',#1534,#1526,#1536,.T.);
#1534 = VERTEX_POINT('',#1535);
#1535 = CARTESIAN_POINT('',(124.00577832799,-16.91762056839,6.3));
#1536 = LINE('',#1537,#1538);
#1537 = CARTESIAN_POINT('',(124.00577832799,-16.91762056839,6.3));
#1538 = VECTOR('',#1539,1.);
#1539 = DIRECTION('',(0.146730474455,-0.989176509965,0.));
#1540 = ORIENTED_EDGE('',*,*,#1541,.F.);
#1541 = EDGE_CURVE('',#1542,#1534,#1544,.T.);
#1542 = VERTEX_POINT('',#1543);
#1543 = CARTESIAN_POINT('',(124.,-16.8,6.3));
#1544 = LINE('',#1545,#1546);
#1545 = CARTESIAN_POINT('',(124.,-16.8,6.3));
#1546 = VECTOR('',#1547,1.);
#1547 = DIRECTION('',(4.906767432746E-02,-0.998795456205,0.));
#1548 = ORIENTED_EDGE('',*,*,#1549,.F.);
#1549 = EDGE_CURVE('',#1550,#1542,#1552,.T.);
#1550 = VERTEX_POINT('',#1551);
#1551 = CARTESIAN_POINT('',(124.,-7.2,6.3));
#1552 = LINE('',#1553,#1554);
#1553 = CARTESIAN_POINT('',(124.,-7.2,6.3));
#1554 = VECTOR('',#1555,1.);
#1555 = DIRECTION('',(0.,-1.,0.));
#1556 = ORIENTED_EDGE('',*,*,#1557,.F.);
#1557 = EDGE_CURVE('',#1558,#1550,#1560,.T.);
#1558 = VERTEX_POINT('',#1559);
#1559 = CARTESIAN_POINT('',(123.994221672,-7.082379431605,6.3));
#1560 = LINE('',#1561,#1562);
#1561 = CARTESIAN_POINT('',(123.994221672,-7.082379431605,6.3));
#1562 = VECTOR('',#1563,1.);
#1563 = DIRECTION('',(4.906767432746E-02,-0.998795456205,0.));
#1564 = ORIENTED_EDGE('',*,*,#1565,.F.);
#1565 = EDGE_CURVE('',#1566,#1558,#1568,.T.);
#1566 = VERTEX_POINT('',#1567);
#1567 = CARTESIAN_POINT('',(123.97694233648,-6.965891613581,6.3));
#1568 = LINE('',#1569,#1570);
#1569 = CARTESIAN_POINT('',(123.97694233648,-6.965891613581,6.3));
#1570 = VECTOR('',#1571,1.);
#1571 = DIRECTION('',(0.146730474455,-0.989176509965,0.));
#1572 = ORIENTED_EDGE('',*,*,#1573,.F.);
#1573 = EDGE_CURVE('',#1574,#1566,#1576,.T.);
#1574 = VERTEX_POINT('',#1575);
#1575 = CARTESIAN_POINT('',(123.94832840287,-6.851658387295,6.3));
#1576 = LINE('',#1577,#1578);
#1577 = CARTESIAN_POINT('',(123.94832840287,-6.851658387295,6.3));
#1578 = VECTOR('',#1579,1.);
#1579 = DIRECTION('',(0.242980179903,-0.970031253195,0.));
#1580 = ORIENTED_EDGE('',*,*,#1581,.F.);
#1581 = EDGE_CURVE('',#1582,#1574,#1584,.T.);
#1582 = VERTEX_POINT('',#1583);
#1583 = CARTESIAN_POINT('',(123.90865543901,-6.740779881162,6.3));
#1584 = LINE('',#1585,#1586);
#1585 = CARTESIAN_POINT('',(123.90865543901,-6.740779881162,6.3));
#1586 = VECTOR('',#1587,1.);
#1587 = DIRECTION('',(0.336889853392,-0.941544065183,0.));
#1588 = ORIENTED_EDGE('',*,*,#1589,.F.);
#1589 = EDGE_CURVE('',#1590,#1582,#1592,.T.);
#1590 = VERTEX_POINT('',#1591);
#1591 = CARTESIAN_POINT('',(123.85830551721,-6.634323915809,6.3));
#1592 = LINE('',#1593,#1594);
#1593 = CARTESIAN_POINT('',(123.85830551721,-6.634323915809,6.3));
#1594 = VECTOR('',#1595,1.);
#1595 = DIRECTION('',(0.42755509343,-0.903989293123,0.));
#1596 = ORIENTED_EDGE('',*,*,#1597,.F.);
#1597 = EDGE_CURVE('',#1598,#1590,#1600,.T.);
#1598 = VERTEX_POINT('',#1599);
#1599 = CARTESIAN_POINT('',(123.79776353476,-6.533315720376,6.3));
#1600 = LINE('',#1601,#1602);
#1601 = CARTESIAN_POINT('',(123.79776353476,-6.533315720376,6.3));
#1602 = VECTOR('',#1603,1.);
#1603 = DIRECTION('',(0.514102744193,-0.85772861,0.));
#1604 = ORIENTED_EDGE('',*,*,#1605,.F.);
#1605 = EDGE_CURVE('',#1606,#1598,#1608,.T.);
#1606 = VERTEX_POINT('',#1607);
#1607 = CARTESIAN_POINT('',(123.72761254403,-6.438728059004,6.3));
#1608 = LINE('',#1609,#1610);
#1609 = CARTESIAN_POINT('',(123.72761254403,-6.438728059004,6.3));
#1610 = VECTOR('',#1611,1.);
#1611 = DIRECTION('',(0.595699304492,-0.803207531481,0.));
#1612 = ORIENTED_EDGE('',*,*,#1613,.F.);
#1613 = EDGE_CURVE('',#1614,#1606,#1616,.T.);
#1614 = VERTEX_POINT('',#1615);
#1615 = CARTESIAN_POINT('',(123.64852813742,-6.351471862576,6.3));
#1616 = LINE('',#1617,#1618);
#1617 = CARTESIAN_POINT('',(123.64852813742,-6.351471862576,6.3));
#1618 = VECTOR('',#1619,1.);
#1619 = DIRECTION('',(0.671558954847,-0.740951125355,0.));
#1620 = ORIENTED_EDGE('',*,*,#1621,.F.);
#1621 = EDGE_CURVE('',#1622,#1614,#1624,.T.);
#1622 = VERTEX_POINT('',#1623);
#1623 = CARTESIAN_POINT('',(123.56127194099,-6.272387455965,6.3));
#1624 = LINE('',#1625,#1626);
#1625 = CARTESIAN_POINT('',(123.56127194099,-6.272387455965,6.3));
#1626 = VECTOR('',#1627,1.);
#1627 = DIRECTION('',(0.740951125355,-0.671558954847,0.));
#1628 = ORIENTED_EDGE('',*,*,#1629,.F.);
#1629 = EDGE_CURVE('',#1630,#1622,#1632,.T.);
#1630 = VERTEX_POINT('',#1631);
#1631 = CARTESIAN_POINT('',(123.46668427962,-6.202236465237,6.3));
#1632 = LINE('',#1633,#1634);
#1633 = CARTESIAN_POINT('',(123.46668427962,-6.202236465237,6.3));
#1634 = VECTOR('',#1635,1.);
#1635 = DIRECTION('',(0.803207531481,-0.595699304492,0.));
#1636 = ORIENTED_EDGE('',*,*,#1637,.F.);
#1637 = EDGE_CURVE('',#1638,#1630,#1640,.T.);
#1638 = VERTEX_POINT('',#1639);
#1639 = CARTESIAN_POINT('',(123.36567608419,-6.141694482782,6.3));
#1640 = LINE('',#1641,#1642);
#1641 = CARTESIAN_POINT('',(123.36567608419,-6.141694482782,6.3));
#1642 = VECTOR('',#1643,1.);
#1643 = DIRECTION('',(0.85772861,-0.514102744193,0.));
#1644 = ORIENTED_EDGE('',*,*,#1645,.F.);
#1645 = EDGE_CURVE('',#1646,#1638,#1648,.T.);
#1646 = VERTEX_POINT('',#1647);
#1647 = CARTESIAN_POINT('',(123.25922011883,-6.091344560986,6.3));
#1648 = LINE('',#1649,#1650);
#1649 = CARTESIAN_POINT('',(123.25922011883,-6.091344560986,6.3));
#1650 = VECTOR('',#1651,1.);
#1651 = DIRECTION('',(0.903989293123,-0.42755509343,0.));
#1652 = ORIENTED_EDGE('',*,*,#1653,.F.);
#1653 = EDGE_CURVE('',#1654,#1646,#1656,.T.);
#1654 = VERTEX_POINT('',#1655);
#1655 = CARTESIAN_POINT('',(123.1483416127,-6.051671597121,6.3));
#1656 = LINE('',#1657,#1658);
#1657 = CARTESIAN_POINT('',(123.1483416127,-6.051671597121,6.3));
#1658 = VECTOR('',#1659,1.);
#1659 = DIRECTION('',(0.941544065183,-0.336889853392,0.));
#1660 = ORIENTED_EDGE('',*,*,#1661,.F.);
#1661 = EDGE_CURVE('',#1662,#1654,#1664,.T.);
#1662 = VERTEX_POINT('',#1663);
#1663 = CARTESIAN_POINT('',(123.03410838641,-6.023057663516,6.3));
#1664 = LINE('',#1665,#1666);
#1665 = CARTESIAN_POINT('',(123.03410838641,-6.023057663516,6.3));
#1666 = VECTOR('',#1667,1.);
#1667 = DIRECTION('',(0.970031253195,-0.242980179903,0.));
#1668 = ORIENTED_EDGE('',*,*,#1669,.F.);
#1669 = EDGE_CURVE('',#1670,#1662,#1672,.T.);
#1670 = VERTEX_POINT('',#1671);
#1671 = CARTESIAN_POINT('',(122.91762056839,-6.005778327993,6.3));
#1672 = LINE('',#1673,#1674);
#1673 = CARTESIAN_POINT('',(122.91762056839,-6.005778327993,6.3));
#1674 = VECTOR('',#1675,1.);
#1675 = DIRECTION('',(0.989176509965,-0.146730474455,0.));
#1676 = ORIENTED_EDGE('',*,*,#1677,.F.);
#1677 = EDGE_CURVE('',#1678,#1670,#1680,.T.);
#1678 = VERTEX_POINT('',#1679);
#1679 = CARTESIAN_POINT('',(122.8,-6.,6.3));
#1680 = LINE('',#1681,#1682);
#1681 = CARTESIAN_POINT('',(122.8,-6.,6.3));
#1682 = VECTOR('',#1683,1.);
#1683 = DIRECTION('',(0.998795456205,-4.906767432742E-02,0.));
#1684 = ORIENTED_EDGE('',*,*,#1685,.F.);
#1685 = EDGE_CURVE('',#1686,#1678,#1688,.T.);
#1686 = VERTEX_POINT('',#1687);
#1687 = CARTESIAN_POINT('',(107.2,-6.,6.3));
#1688 = LINE('',#1689,#1690);
#1689 = CARTESIAN_POINT('',(107.2,-6.,6.3));
#1690 = VECTOR('',#1691,1.);
#1691 = DIRECTION('',(1.,5.693451408334E-17,0.));
#1692 = ORIENTED_EDGE('',*,*,#1693,.F.);
#1693 = EDGE_CURVE('',#1694,#1686,#1696,.T.);
#1694 = VERTEX_POINT('',#1695);
#1695 = CARTESIAN_POINT('',(107.0823794316,-5.994221672007,6.3));
#1696 = LINE('',#1697,#1698);
#1697 = CARTESIAN_POINT('',(107.0823794316,-5.994221672007,6.3));
#1698 = VECTOR('',#1699,1.);
#1699 = DIRECTION('',(0.998795456205,-4.906767432742E-02,0.));
#1700 = ORIENTED_EDGE('',*,*,#1701,.F.);
#1701 = EDGE_CURVE('',#1702,#1694,#1704,.T.);
#1702 = VERTEX_POINT('',#1703);
#1703 = CARTESIAN_POINT('',(106.96589161358,-5.976942336484,6.3));
#1704 = LINE('',#1705,#1706);
#1705 = CARTESIAN_POINT('',(106.96589161358,-5.976942336484,6.3));
#1706 = VECTOR('',#1707,1.);
#1707 = DIRECTION('',(0.989176509965,-0.146730474455,0.));
#1708 = ORIENTED_EDGE('',*,*,#1709,.F.);
#1709 = EDGE_CURVE('',#1710,#1702,#1712,.T.);
#1710 = VERTEX_POINT('',#1711);
#1711 = CARTESIAN_POINT('',(106.85165838729,-5.948328402879,6.3));
#1712 = LINE('',#1713,#1714);
#1713 = CARTESIAN_POINT('',(106.85165838729,-5.948328402879,6.3));
#1714 = VECTOR('',#1715,1.);
#1715 = DIRECTION('',(0.970031253195,-0.242980179903,0.));
#1716 = ORIENTED_EDGE('',*,*,#1717,.F.);
#1717 = EDGE_CURVE('',#1718,#1710,#1720,.T.);
#1718 = VERTEX_POINT('',#1719);
#1719 = CARTESIAN_POINT('',(106.74077988116,-5.908655439014,6.3));
#1720 = LINE('',#1721,#1722);
#1721 = CARTESIAN_POINT('',(106.74077988116,-5.908655439014,6.3));
#1722 = VECTOR('',#1723,1.);
#1723 = DIRECTION('',(0.941544065183,-0.336889853392,0.));
#1724 = ORIENTED_EDGE('',*,*,#1725,.F.);
#1725 = EDGE_CURVE('',#1726,#1718,#1728,.T.);
#1726 = VERTEX_POINT('',#1727);
#1727 = CARTESIAN_POINT('',(106.6343239158,-5.858305517218,6.3));
#1728 = LINE('',#1729,#1730);
#1729 = CARTESIAN_POINT('',(106.6343239158,-5.858305517218,6.3));
#1730 = VECTOR('',#1731,1.);
#1731 = DIRECTION('',(0.903989293123,-0.42755509343,0.));
#1732 = ORIENTED_EDGE('',*,*,#1733,.F.);
#1733 = EDGE_CURVE('',#1734,#1726,#1736,.T.);
#1734 = VERTEX_POINT('',#1735);
#1735 = CARTESIAN_POINT('',(106.53331572037,-5.797763534763,6.3));
#1736 = LINE('',#1737,#1738);
#1737 = CARTESIAN_POINT('',(106.53331572037,-5.797763534763,6.3));
#1738 = VECTOR('',#1739,1.);
#1739 = DIRECTION('',(0.85772861,-0.514102744193,0.));
#1740 = ORIENTED_EDGE('',*,*,#1741,.F.);
#1741 = EDGE_CURVE('',#1742,#1734,#1744,.T.);
#1742 = VERTEX_POINT('',#1743);
#1743 = CARTESIAN_POINT('',(106.438728059,-5.727612544035,6.3));
#1744 = LINE('',#1745,#1746);
#1745 = CARTESIAN_POINT('',(106.438728059,-5.727612544035,6.3));
#1746 = VECTOR('',#1747,1.);
#1747 = DIRECTION('',(0.803207531481,-0.595699304492,0.));
#1748 = ORIENTED_EDGE('',*,*,#1749,.F.);
#1749 = EDGE_CURVE('',#1750,#1742,#1752,.T.);
#1750 = VERTEX_POINT('',#1751);
#1751 = CARTESIAN_POINT('',(106.35147186257,-5.648528137424,6.3));
#1752 = LINE('',#1753,#1754);
#1753 = CARTESIAN_POINT('',(106.35147186257,-5.648528137424,6.3));
#1754 = VECTOR('',#1755,1.);
#1755 = DIRECTION('',(0.740951125355,-0.671558954847,0.));
#1756 = ORIENTED_EDGE('',*,*,#1757,.F.);
#1757 = EDGE_CURVE('',#1758,#1750,#1760,.T.);
#1758 = VERTEX_POINT('',#1759);
#1759 = CARTESIAN_POINT('',(106.27238745596,-5.561271940996,6.3));
#1760 = LINE('',#1761,#1762);
#1761 = CARTESIAN_POINT('',(106.27238745596,-5.561271940996,6.3));
#1762 = VECTOR('',#1763,1.);
#1763 = DIRECTION('',(0.671558954847,-0.740951125355,0.));
#1764 = ORIENTED_EDGE('',*,*,#1765,.F.);
#1765 = EDGE_CURVE('',#1766,#1758,#1768,.T.);
#1766 = VERTEX_POINT('',#1767);
#1767 = CARTESIAN_POINT('',(106.20223646523,-5.466684279624,6.3));
#1768 = LINE('',#1769,#1770);
#1769 = CARTESIAN_POINT('',(106.20223646523,-5.466684279624,6.3));
#1770 = VECTOR('',#1771,1.);
#1771 = DIRECTION('',(0.595699304492,-0.803207531481,0.));
#1772 = ORIENTED_EDGE('',*,*,#1773,.F.);
#1773 = EDGE_CURVE('',#1774,#1766,#1776,.T.);
#1774 = VERTEX_POINT('',#1775);
#1775 = CARTESIAN_POINT('',(106.14169448278,-5.365676084191,6.3));
#1776 = LINE('',#1777,#1778);
#1777 = CARTESIAN_POINT('',(106.14169448278,-5.365676084191,6.3));
#1778 = VECTOR('',#1779,1.);
#1779 = DIRECTION('',(0.514102744193,-0.85772861,0.));
#1780 = ORIENTED_EDGE('',*,*,#1781,.F.);
#1781 = EDGE_CURVE('',#1782,#1774,#1784,.T.);
#1782 = VERTEX_POINT('',#1783);
#1783 = CARTESIAN_POINT('',(106.09134456098,-5.259220118838,6.3));
#1784 = LINE('',#1785,#1786);
#1785 = CARTESIAN_POINT('',(106.09134456098,-5.259220118838,6.3));
#1786 = VECTOR('',#1787,1.);
#1787 = DIRECTION('',(0.42755509343,-0.903989293123,0.));
#1788 = ORIENTED_EDGE('',*,*,#1789,.F.);
#1789 = EDGE_CURVE('',#1790,#1782,#1792,.T.);
#1790 = VERTEX_POINT('',#1791);
#1791 = CARTESIAN_POINT('',(106.05167159712,-5.148341612705,6.3));
#1792 = LINE('',#1793,#1794);
#1793 = CARTESIAN_POINT('',(106.05167159712,-5.148341612705,6.3));
#1794 = VECTOR('',#1795,1.);
#1795 = DIRECTION('',(0.336889853392,-0.941544065183,0.));
#1796 = ORIENTED_EDGE('',*,*,#1797,.F.);
#1797 = EDGE_CURVE('',#1798,#1790,#1800,.T.);
#1798 = VERTEX_POINT('',#1799);
#1799 = CARTESIAN_POINT('',(106.02305766351,-5.034108386419,6.3));
#1800 = LINE('',#1801,#1802);
#1801 = CARTESIAN_POINT('',(106.02305766351,-5.034108386419,6.3));
#1802 = VECTOR('',#1803,1.);
#1803 = DIRECTION('',(0.242980179903,-0.970031253195,0.));
#1804 = ORIENTED_EDGE('',*,*,#1805,.F.);
#1805 = EDGE_CURVE('',#1806,#1798,#1808,.T.);
#1806 = VERTEX_POINT('',#1807);
#1807 = CARTESIAN_POINT('',(106.00577832799,-4.917620568395,6.3));
#1808 = LINE('',#1809,#1810);
#1809 = CARTESIAN_POINT('',(106.00577832799,-4.917620568395,6.3));
#1810 = VECTOR('',#1811,1.);
#1811 = DIRECTION('',(0.146730474455,-0.989176509965,0.));
#1812 = ORIENTED_EDGE('',*,*,#1813,.F.);
#1813 = EDGE_CURVE('',#1814,#1806,#1816,.T.);
#1814 = VERTEX_POINT('',#1815);
#1815 = CARTESIAN_POINT('',(106.,-4.8,6.3));
#1816 = LINE('',#1817,#1818);
#1817 = CARTESIAN_POINT('',(106.,-4.8,6.3));
#1818 = VECTOR('',#1819,1.);
#1819 = DIRECTION('',(4.906767432746E-02,-0.998795456205,0.));
#1820 = ORIENTED_EDGE('',*,*,#1821,.F.);
#1821 = EDGE_CURVE('',#1822,#1814,#1824,.T.);
#1822 = VERTEX_POINT('',#1823);
#1823 = CARTESIAN_POINT('',(106.,-2.2,6.3));
#1824 = LINE('',#1825,#1826);
#1825 = CARTESIAN_POINT('',(106.,-2.2,6.3));
#1826 = VECTOR('',#1827,1.);
#1827 = DIRECTION('',(0.,-1.,0.));
#1828 = ORIENTED_EDGE('',*,*,#1829,.F.);
#1829 = EDGE_CURVE('',#1830,#1822,#1832,.T.);
#1830 = VERTEX_POINT('',#1831);
#1831 = CARTESIAN_POINT('',(105.994221672,-2.082379431605,6.3));
#1832 = LINE('',#1833,#1834);
#1833 = CARTESIAN_POINT('',(105.994221672,-2.082379431605,6.3));
#1834 = VECTOR('',#1835,1.);
#1835 = DIRECTION('',(4.906767432746E-02,-0.998795456205,0.));
#1836 = ORIENTED_EDGE('',*,*,#1837,.F.);
#1837 = EDGE_CURVE('',#1838,#1830,#1840,.T.);
#1838 = VERTEX_POINT('',#1839);
#1839 = CARTESIAN_POINT('',(105.97694233648,-1.965891613581,6.3));
#1840 = LINE('',#1841,#1842);
#1841 = CARTESIAN_POINT('',(105.97694233648,-1.965891613581,6.3));
#1842 = VECTOR('',#1843,1.);
#1843 = DIRECTION('',(0.146730474455,-0.989176509965,0.));
#1844 = ORIENTED_EDGE('',*,*,#1845,.F.);
#1845 = EDGE_CURVE('',#1846,#1838,#1848,.T.);
#1846 = VERTEX_POINT('',#1847);
#1847 = CARTESIAN_POINT('',(105.94832840287,-1.851658387295,6.3));
#1848 = LINE('',#1849,#1850);
#1849 = CARTESIAN_POINT('',(105.94832840287,-1.851658387295,6.3));
#1850 = VECTOR('',#1851,1.);
#1851 = DIRECTION('',(0.242980179903,-0.970031253195,0.));
#1852 = ORIENTED_EDGE('',*,*,#1853,.F.);
#1853 = EDGE_CURVE('',#1854,#1846,#1856,.T.);
#1854 = VERTEX_POINT('',#1855);
#1855 = CARTESIAN_POINT('',(105.90865543901,-1.740779881162,6.3));
#1856 = LINE('',#1857,#1858);
#1857 = CARTESIAN_POINT('',(105.90865543901,-1.740779881162,6.3));
#1858 = VECTOR('',#1859,1.);
#1859 = DIRECTION('',(0.336889853392,-0.941544065183,0.));
#1860 = ORIENTED_EDGE('',*,*,#1861,.F.);
#1861 = EDGE_CURVE('',#1862,#1854,#1864,.T.);
#1862 = VERTEX_POINT('',#1863);
#1863 = CARTESIAN_POINT('',(105.85830551721,-1.634323915809,6.3));
#1864 = LINE('',#1865,#1866);
#1865 = CARTESIAN_POINT('',(105.85830551721,-1.634323915809,6.3));
#1866 = VECTOR('',#1867,1.);
#1867 = DIRECTION('',(0.42755509343,-0.903989293123,0.));
#1868 = ORIENTED_EDGE('',*,*,#1869,.F.);
#1869 = EDGE_CURVE('',#1870,#1862,#1872,.T.);
#1870 = VERTEX_POINT('',#1871);
#1871 = CARTESIAN_POINT('',(105.79776353476,-1.533315720376,6.3));
#1872 = LINE('',#1873,#1874);
#1873 = CARTESIAN_POINT('',(105.79776353476,-1.533315720376,6.3));
#1874 = VECTOR('',#1875,1.);
#1875 = DIRECTION('',(0.514102744193,-0.85772861,0.));
#1876 = ORIENTED_EDGE('',*,*,#1877,.F.);
#1877 = EDGE_CURVE('',#1878,#1870,#1880,.T.);
#1878 = VERTEX_POINT('',#1879);
#1879 = CARTESIAN_POINT('',(105.72761254403,-1.438728059004,6.3));
#1880 = LINE('',#1881,#1882);
#1881 = CARTESIAN_POINT('',(105.72761254403,-1.438728059004,6.3));
#1882 = VECTOR('',#1883,1.);
#1883 = DIRECTION('',(0.595699304492,-0.803207531481,0.));
#1884 = ORIENTED_EDGE('',*,*,#1885,.F.);
#1885 = EDGE_CURVE('',#1886,#1878,#1888,.T.);
#1886 = VERTEX_POINT('',#1887);
#1887 = CARTESIAN_POINT('',(105.64852813742,-1.351471862576,6.3));
#1888 = LINE('',#1889,#1890);
#1889 = CARTESIAN_POINT('',(105.64852813742,-1.351471862576,6.3));
#1890 = VECTOR('',#1891,1.);
#1891 = DIRECTION('',(0.671558954847,-0.740951125355,0.));
#1892 = ORIENTED_EDGE('',*,*,#1893,.F.);
#1893 = EDGE_CURVE('',#1894,#1886,#1896,.T.);
#1894 = VERTEX_POINT('',#1895);
#1895 = CARTESIAN_POINT('',(105.56127194099,-1.272387455965,6.3));
#1896 = LINE('',#1897,#1898);
#1897 = CARTESIAN_POINT('',(105.56127194099,-1.272387455965,6.3));
#1898 = VECTOR('',#1899,1.);
#1899 = DIRECTION('',(0.740951125355,-0.671558954847,0.));
#1900 = ORIENTED_EDGE('',*,*,#1901,.F.);
#1901 = EDGE_CURVE('',#1902,#1894,#1904,.T.);
#1902 = VERTEX_POINT('',#1903);
#1903 = CARTESIAN_POINT('',(105.46668427962,-1.202236465237,6.3));
#1904 = LINE('',#1905,#1906);
#1905 = CARTESIAN_POINT('',(105.46668427962,-1.202236465237,6.3));
#1906 = VECTOR('',#1907,1.);
#1907 = DIRECTION('',(0.803207531481,-0.595699304492,0.));
#1908 = ORIENTED_EDGE('',*,*,#1909,.F.);
#1909 = EDGE_CURVE('',#1910,#1902,#1912,.T.);
#1910 = VERTEX_POINT('',#1911);
#1911 = CARTESIAN_POINT('',(105.36567608419,-1.141694482782,6.3));
#1912 = LINE('',#1913,#1914);
#1913 = CARTESIAN_POINT('',(105.36567608419,-1.141694482782,6.3));
#1914 = VECTOR('',#1915,1.);
#1915 = DIRECTION('',(0.85772861,-0.514102744193,0.));
#1916 = ORIENTED_EDGE('',*,*,#1917,.F.);
#1917 = EDGE_CURVE('',#1918,#1910,#1920,.T.);
#1918 = VERTEX_POINT('',#1919);
#1919 = CARTESIAN_POINT('',(105.25922011883,-1.091344560986,6.3));
#1920 = LINE('',#1921,#1922);
#1921 = CARTESIAN_POINT('',(105.25922011883,-1.091344560986,6.3));
#1922 = VECTOR('',#1923,1.);
#1923 = DIRECTION('',(0.903989293123,-0.42755509343,0.));
#1924 = ORIENTED_EDGE('',*,*,#1925,.F.);
#1925 = EDGE_CURVE('',#1926,#1918,#1928,.T.);
#1926 = VERTEX_POINT('',#1927);
#1927 = CARTESIAN_POINT('',(105.1483416127,-1.051671597121,6.3));
#1928 = LINE('',#1929,#1930);
#1929 = CARTESIAN_POINT('',(105.1483416127,-1.051671597121,6.3));
#1930 = VECTOR('',#1931,1.);
#1931 = DIRECTION('',(0.941544065183,-0.336889853392,0.));
#1932 = ORIENTED_EDGE('',*,*,#1933,.F.);
#1933 = EDGE_CURVE('',#1934,#1926,#1936,.T.);
#1934 = VERTEX_POINT('',#1935);
#1935 = CARTESIAN_POINT('',(105.03410838641,-1.023057663516,6.3));
#1936 = LINE('',#1937,#1938);
#1937 = CARTESIAN_POINT('',(105.03410838641,-1.023057663516,6.3));
#1938 = VECTOR('',#1939,1.);
#1939 = DIRECTION('',(0.970031253195,-0.242980179903,0.));
#1940 = ORIENTED_EDGE('',*,*,#1941,.F.);
#1941 = EDGE_CURVE('',#1942,#1934,#1944,.T.);
#1942 = VERTEX_POINT('',#1943);
#1943 = CARTESIAN_POINT('',(104.91762056839,-1.005778327993,6.3));
#1944 = LINE('',#1945,#1946);
#1945 = CARTESIAN_POINT('',(104.91762056839,-1.005778327993,6.3));
#1946 = VECTOR('',#1947,1.);
#1947 = DIRECTION('',(0.989176509965,-0.146730474455,0.));
#1948 = ORIENTED_EDGE('',*,*,#1949,.F.);
#1949 = EDGE_CURVE('',#1950,#1942,#1952,.T.);
#1950 = VERTEX_POINT('',#1951);
#1951 = CARTESIAN_POINT('',(104.8,-1.,6.3));
#1952 = LINE('',#1953,#1954);
#1953 = CARTESIAN_POINT('',(104.8,-1.,6.3));
#1954 = VECTOR('',#1955,1.);
#1955 = DIRECTION('',(0.998795456205,-4.906767432741E-02,0.));
#1956 = ORIENTED_EDGE('',*,*,#1957,.F.);
#1957 = EDGE_CURVE('',#1958,#1950,#1960,.T.);
#1958 = VERTEX_POINT('',#1959);
#1959 = CARTESIAN_POINT('',(83.2,-1.,6.3));
#1960 = LINE('',#1961,#1962);
#1961 = CARTESIAN_POINT('',(83.2,-1.,6.3));
#1962 = VECTOR('',#1963,1.);
#1963 = DIRECTION('',(1.,2.055968564121E-17,0.));
#1964 = ORIENTED_EDGE('',*,*,#1965,.F.);
#1965 = EDGE_CURVE('',#1966,#1958,#1968,.T.);
#1966 = VERTEX_POINT('',#1967);
#1967 = CARTESIAN_POINT('',(83.082379431605,-1.005778327993,6.3));
#1968 = LINE('',#1969,#1970);
#1969 = CARTESIAN_POINT('',(83.082379431605,-1.005778327993,6.3));
#1970 = VECTOR('',#1971,1.);
#1971 = DIRECTION('',(0.998795456205,4.906767432742E-02,0.));
#1972 = ORIENTED_EDGE('',*,*,#1973,.F.);
#1973 = EDGE_CURVE('',#1974,#1966,#1976,.T.);
#1974 = VERTEX_POINT('',#1975);
#1975 = CARTESIAN_POINT('',(82.965891613581,-1.023057663516,6.3));
#1976 = LINE('',#1977,#1978);
#1977 = CARTESIAN_POINT('',(82.965891613581,-1.023057663516,6.3));
#1978 = VECTOR('',#1979,1.);
#1979 = DIRECTION('',(0.989176509965,0.146730474455,0.));
#1980 = ORIENTED_EDGE('',*,*,#1981,.F.);
#1981 = EDGE_CURVE('',#1982,#1974,#1984,.T.);
#1982 = VERTEX_POINT('',#1983);
#1983 = CARTESIAN_POINT('',(82.851658387295,-1.051671597121,6.3));
#1984 = LINE('',#1985,#1986);
#1985 = CARTESIAN_POINT('',(82.851658387295,-1.051671597121,6.3));
#1986 = VECTOR('',#1987,1.);
#1987 = DIRECTION('',(0.970031253195,0.242980179903,0.));
#1988 = ORIENTED_EDGE('',*,*,#1989,.F.);
#1989 = EDGE_CURVE('',#1990,#1982,#1992,.T.);
#1990 = VERTEX_POINT('',#1991);
#1991 = CARTESIAN_POINT('',(82.740779881162,-1.091344560986,6.3));
#1992 = LINE('',#1993,#1994);
#1993 = CARTESIAN_POINT('',(82.740779881162,-1.091344560986,6.3));
#1994 = VECTOR('',#1995,1.);
#1995 = DIRECTION('',(0.941544065183,0.336889853392,0.));
#1996 = ORIENTED_EDGE('',*,*,#1997,.F.);
#1997 = EDGE_CURVE('',#1998,#1990,#2000,.T.);
#1998 = VERTEX_POINT('',#1999);
#1999 = CARTESIAN_POINT('',(82.634323915809,-1.141694482782,6.3));
#2000 = LINE('',#2001,#2002);
#2001 = CARTESIAN_POINT('',(82.634323915809,-1.141694482782,6.3));
#2002 = VECTOR('',#2003,1.);
#2003 = DIRECTION('',(0.903989293123,0.42755509343,0.));
#2004 = ORIENTED_EDGE('',*,*,#2005,.F.);
#2005 = EDGE_CURVE('',#2006,#1998,#2008,.T.);
#2006 = VERTEX_POINT('',#2007);
#2007 = CARTESIAN_POINT('',(82.533315720376,-1.202236465237,6.3));
#2008 = LINE('',#2009,#2010);
#2009 = CARTESIAN_POINT('',(82.533315720376,-1.202236465237,6.3));
#2010 = VECTOR('',#2011,1.);
#2011 = DIRECTION('',(0.85772861,0.514102744193,0.));
#2012 = ORIENTED_EDGE('',*,*,#2013,.F.);
#2013 = EDGE_CURVE('',#2014,#2006,#2016,.T.);
#2014 = VERTEX_POINT('',#2015);
#2015 = CARTESIAN_POINT('',(82.438728059004,-1.272387455965,6.3));
#2016 = LINE('',#2017,#2018);
#2017 = CARTESIAN_POINT('',(82.438728059004,-1.272387455965,6.3));
#2018 = VECTOR('',#2019,1.);
#2019 = DIRECTION('',(0.803207531481,0.595699304492,0.));
#2020 = ORIENTED_EDGE('',*,*,#2021,.F.);
#2021 = EDGE_CURVE('',#2022,#2014,#2024,.T.);
#2022 = VERTEX_POINT('',#2023);
#2023 = CARTESIAN_POINT('',(82.351471862576,-1.351471862576,6.3));
#2024 = LINE('',#2025,#2026);
#2025 = CARTESIAN_POINT('',(82.351471862576,-1.351471862576,6.3));
#2026 = VECTOR('',#2027,1.);
#2027 = DIRECTION('',(0.740951125355,0.671558954847,0.));
#2028 = ORIENTED_EDGE('',*,*,#2029,.F.);
#2029 = EDGE_CURVE('',#2030,#2022,#2032,.T.);
#2030 = VERTEX_POINT('',#2031);
#2031 = CARTESIAN_POINT('',(82.272387455965,-1.438728059004,6.3));
#2032 = LINE('',#2033,#2034);
#2033 = CARTESIAN_POINT('',(82.272387455965,-1.438728059004,6.3));
#2034 = VECTOR('',#2035,1.);
#2035 = DIRECTION('',(0.671558954847,0.740951125355,0.));
#2036 = ORIENTED_EDGE('',*,*,#2037,.F.);
#2037 = EDGE_CURVE('',#2038,#2030,#2040,.T.);
#2038 = VERTEX_POINT('',#2039);
#2039 = CARTESIAN_POINT('',(82.202236465237,-1.533315720376,6.3));
#2040 = LINE('',#2041,#2042);
#2041 = CARTESIAN_POINT('',(82.202236465237,-1.533315720376,6.3));
#2042 = VECTOR('',#2043,1.);
#2043 = DIRECTION('',(0.595699304492,0.803207531481,0.));
#2044 = ORIENTED_EDGE('',*,*,#2045,.F.);
#2045 = EDGE_CURVE('',#2046,#2038,#2048,.T.);
#2046 = VERTEX_POINT('',#2047);
#2047 = CARTESIAN_POINT('',(82.141694482782,-1.634323915809,6.3));
#2048 = LINE('',#2049,#2050);
#2049 = CARTESIAN_POINT('',(82.141694482782,-1.634323915809,6.3));
#2050 = VECTOR('',#2051,1.);
#2051 = DIRECTION('',(0.514102744193,0.85772861,0.));
#2052 = ORIENTED_EDGE('',*,*,#2053,.F.);
#2053 = EDGE_CURVE('',#2054,#2046,#2056,.T.);
#2054 = VERTEX_POINT('',#2055);
#2055 = CARTESIAN_POINT('',(82.091344560986,-1.740779881162,6.3));
#2056 = LINE('',#2057,#2058);
#2057 = CARTESIAN_POINT('',(82.091344560986,-1.740779881162,6.3));
#2058 = VECTOR('',#2059,1.);
#2059 = DIRECTION('',(0.42755509343,0.903989293123,0.));
#2060 = ORIENTED_EDGE('',*,*,#2061,.F.);
#2061 = EDGE_CURVE('',#2062,#2054,#2064,.T.);
#2062 = VERTEX_POINT('',#2063);
#2063 = CARTESIAN_POINT('',(82.051671597121,-1.851658387295,6.3));
#2064 = LINE('',#2065,#2066);
#2065 = CARTESIAN_POINT('',(82.051671597121,-1.851658387295,6.3));
#2066 = VECTOR('',#2067,1.);
#2067 = DIRECTION('',(0.336889853392,0.941544065183,0.));
#2068 = ORIENTED_EDGE('',*,*,#2069,.F.);
#2069 = EDGE_CURVE('',#2070,#2062,#2072,.T.);
#2070 = VERTEX_POINT('',#2071);
#2071 = CARTESIAN_POINT('',(82.023057663516,-1.965891613581,6.3));
#2072 = LINE('',#2073,#2074);
#2073 = CARTESIAN_POINT('',(82.023057663516,-1.965891613581,6.3));
#2074 = VECTOR('',#2075,1.);
#2075 = DIRECTION('',(0.242980179903,0.970031253195,0.));
#2076 = ORIENTED_EDGE('',*,*,#2077,.F.);
#2077 = EDGE_CURVE('',#2078,#2070,#2080,.T.);
#2078 = VERTEX_POINT('',#2079);
#2079 = CARTESIAN_POINT('',(82.005778327993,-2.082379431605,6.3));
#2080 = LINE('',#2081,#2082);
#2081 = CARTESIAN_POINT('',(82.005778327993,-2.082379431605,6.3));
#2082 = VECTOR('',#2083,1.);
#2083 = DIRECTION('',(0.146730474455,0.989176509965,0.));
#2084 = ORIENTED_EDGE('',*,*,#2085,.F.);
#2085 = EDGE_CURVE('',#2086,#2078,#2088,.T.);
#2086 = VERTEX_POINT('',#2087);
#2087 = CARTESIAN_POINT('',(82.,-2.2,6.3));
#2088 = LINE('',#2089,#2090);
#2089 = CARTESIAN_POINT('',(82.,-2.2,6.3));
#2090 = VECTOR('',#2091,1.);
#2091 = DIRECTION('',(4.906767432746E-02,0.998795456205,0.));
#2092 = ORIENTED_EDGE('',*,*,#2093,.F.);
#2093 = EDGE_CURVE('',#2094,#2086,#2096,.T.);
#2094 = VERTEX_POINT('',#2095);
#2095 = CARTESIAN_POINT('',(82.,-4.8,6.3));
#2096 = LINE('',#2097,#2098);
#2097 = CARTESIAN_POINT('',(82.,-4.8,6.3));
#2098 = VECTOR('',#2099,1.);
#2099 = DIRECTION('',(0.,1.,0.));
#2100 = ORIENTED_EDGE('',*,*,#2101,.F.);
#2101 = EDGE_CURVE('',#2102,#2094,#2104,.T.);
#2102 = VERTEX_POINT('',#2103);
#2103 = CARTESIAN_POINT('',(81.994221672007,-4.917620568395,6.3));
#2104 = LINE('',#2105,#2106);
#2105 = CARTESIAN_POINT('',(81.994221672007,-4.917620568395,6.3));
#2106 = VECTOR('',#2107,1.);
#2107 = DIRECTION('',(4.906767432746E-02,0.998795456205,0.));
#2108 = ORIENTED_EDGE('',*,*,#2109,.F.);
#2109 = EDGE_CURVE('',#2110,#2102,#2112,.T.);
#2110 = VERTEX_POINT('',#2111);
#2111 = CARTESIAN_POINT('',(81.976942336484,-5.034108386419,6.3));
#2112 = LINE('',#2113,#2114);
#2113 = CARTESIAN_POINT('',(81.976942336484,-5.034108386419,6.3));
#2114 = VECTOR('',#2115,1.);
#2115 = DIRECTION('',(0.146730474455,0.989176509965,0.));
#2116 = ORIENTED_EDGE('',*,*,#2117,.F.);
#2117 = EDGE_CURVE('',#2118,#2110,#2120,.T.);
#2118 = VERTEX_POINT('',#2119);
#2119 = CARTESIAN_POINT('',(81.948328402879,-5.148341612705,6.3));
#2120 = LINE('',#2121,#2122);
#2121 = CARTESIAN_POINT('',(81.948328402879,-5.148341612705,6.3));
#2122 = VECTOR('',#2123,1.);
#2123 = DIRECTION('',(0.242980179903,0.970031253195,0.));
#2124 = ORIENTED_EDGE('',*,*,#2125,.F.);
#2125 = EDGE_CURVE('',#2126,#2118,#2128,.T.);
#2126 = VERTEX_POINT('',#2127);
#2127 = CARTESIAN_POINT('',(81.908655439014,-5.259220118838,6.3));
#2128 = LINE('',#2129,#2130);
#2129 = CARTESIAN_POINT('',(81.908655439014,-5.259220118838,6.3));
#2130 = VECTOR('',#2131,1.);
#2131 = DIRECTION('',(0.336889853392,0.941544065183,0.));
#2132 = ORIENTED_EDGE('',*,*,#2133,.F.);
#2133 = EDGE_CURVE('',#2134,#2126,#2136,.T.);
#2134 = VERTEX_POINT('',#2135);
#2135 = CARTESIAN_POINT('',(81.858305517218,-5.365676084191,6.3));
#2136 = LINE('',#2137,#2138);
#2137 = CARTESIAN_POINT('',(81.858305517218,-5.365676084191,6.3));
#2138 = VECTOR('',#2139,1.);
#2139 = DIRECTION('',(0.42755509343,0.903989293123,0.));
#2140 = ORIENTED_EDGE('',*,*,#2141,.F.);
#2141 = EDGE_CURVE('',#2142,#2134,#2144,.T.);
#2142 = VERTEX_POINT('',#2143);
#2143 = CARTESIAN_POINT('',(81.797763534763,-5.466684279624,6.3));
#2144 = LINE('',#2145,#2146);
#2145 = CARTESIAN_POINT('',(81.797763534763,-5.466684279624,6.3));
#2146 = VECTOR('',#2147,1.);
#2147 = DIRECTION('',(0.514102744193,0.85772861,0.));
#2148 = ORIENTED_EDGE('',*,*,#2149,.F.);
#2149 = EDGE_CURVE('',#2150,#2142,#2152,.T.);
#2150 = VERTEX_POINT('',#2151);
#2151 = CARTESIAN_POINT('',(81.727612544035,-5.561271940996,6.3));
#2152 = LINE('',#2153,#2154);
#2153 = CARTESIAN_POINT('',(81.727612544035,-5.561271940996,6.3));
#2154 = VECTOR('',#2155,1.);
#2155 = DIRECTION('',(0.595699304492,0.803207531481,0.));
#2156 = ORIENTED_EDGE('',*,*,#2157,.F.);
#2157 = EDGE_CURVE('',#2158,#2150,#2160,.T.);
#2158 = VERTEX_POINT('',#2159);
#2159 = CARTESIAN_POINT('',(81.648528137424,-5.648528137424,6.3));
#2160 = LINE('',#2161,#2162);
#2161 = CARTESIAN_POINT('',(81.648528137424,-5.648528137424,6.3));
#2162 = VECTOR('',#2163,1.);
#2163 = DIRECTION('',(0.671558954847,0.740951125355,0.));
#2164 = ORIENTED_EDGE('',*,*,#2165,.F.);
#2165 = EDGE_CURVE('',#2166,#2158,#2168,.T.);
#2166 = VERTEX_POINT('',#2167);
#2167 = CARTESIAN_POINT('',(81.561271940996,-5.727612544035,6.3));
#2168 = LINE('',#2169,#2170);
#2169 = CARTESIAN_POINT('',(81.561271940996,-5.727612544035,6.3));
#2170 = VECTOR('',#2171,1.);
#2171 = DIRECTION('',(0.740951125355,0.671558954847,0.));
#2172 = ORIENTED_EDGE('',*,*,#2173,.F.);
#2173 = EDGE_CURVE('',#2174,#2166,#2176,.T.);
#2174 = VERTEX_POINT('',#2175);
#2175 = CARTESIAN_POINT('',(81.466684279624,-5.797763534763,6.3));
#2176 = LINE('',#2177,#2178);
#2177 = CARTESIAN_POINT('',(81.466684279624,-5.797763534763,6.3));
#2178 = VECTOR('',#2179,1.);
#2179 = DIRECTION('',(0.803207531481,0.595699304492,0.));
#2180 = ORIENTED_EDGE('',*,*,#2181,.F.);
#2181 = EDGE_CURVE('',#2182,#2174,#2184,.T.);
#2182 = VERTEX_POINT('',#2183);
#2183 = CARTESIAN_POINT('',(81.365676084191,-5.858305517218,6.3));
#2184 = LINE('',#2185,#2186);
#2185 = CARTESIAN_POINT('',(81.365676084191,-5.858305517218,6.3));
#2186 = VECTOR('',#2187,1.);
#2187 = DIRECTION('',(0.85772861,0.514102744193,0.));
#2188 = ORIENTED_EDGE('',*,*,#2189,.F.);
#2189 = EDGE_CURVE('',#2190,#2182,#2192,.T.);
#2190 = VERTEX_POINT('',#2191);
#2191 = CARTESIAN_POINT('',(81.259220118838,-5.908655439014,6.3));
#2192 = LINE('',#2193,#2194);
#2193 = CARTESIAN_POINT('',(81.259220118838,-5.908655439014,6.3));
#2194 = VECTOR('',#2195,1.);
#2195 = DIRECTION('',(0.903989293123,0.42755509343,0.));
#2196 = ORIENTED_EDGE('',*,*,#2197,.F.);
#2197 = EDGE_CURVE('',#2198,#2190,#2200,.T.);
#2198 = VERTEX_POINT('',#2199);
#2199 = CARTESIAN_POINT('',(81.148341612705,-5.948328402879,6.3));
#2200 = LINE('',#2201,#2202);
#2201 = CARTESIAN_POINT('',(81.148341612705,-5.948328402879,6.3));
#2202 = VECTOR('',#2203,1.);
#2203 = DIRECTION('',(0.941544065183,0.336889853392,0.));
#2204 = ORIENTED_EDGE('',*,*,#2205,.F.);
#2205 = EDGE_CURVE('',#2206,#2198,#2208,.T.);
#2206 = VERTEX_POINT('',#2207);
#2207 = CARTESIAN_POINT('',(81.034108386419,-5.976942336484,6.3));
#2208 = LINE('',#2209,#2210);
#2209 = CARTESIAN_POINT('',(81.034108386419,-5.976942336484,6.3));
#2210 = VECTOR('',#2211,1.);
#2211 = DIRECTION('',(0.970031253195,0.242980179903,0.));
#2212 = ORIENTED_EDGE('',*,*,#2213,.F.);
#2213 = EDGE_CURVE('',#2214,#2206,#2216,.T.);
#2214 = VERTEX_POINT('',#2215);
#2215 = CARTESIAN_POINT('',(80.917620568395,-5.994221672007,6.3));
#2216 = LINE('',#2217,#2218);
#2217 = CARTESIAN_POINT('',(80.917620568395,-5.994221672007,6.3));
#2218 = VECTOR('',#2219,1.);
#2219 = DIRECTION('',(0.989176509965,0.146730474455,0.));
#2220 = ORIENTED_EDGE('',*,*,#2221,.F.);
#2221 = EDGE_CURVE('',#2222,#2214,#2224,.T.);
#2222 = VERTEX_POINT('',#2223);
#2223 = CARTESIAN_POINT('',(80.8,-6.,6.3));
#2224 = LINE('',#2225,#2226);
#2225 = CARTESIAN_POINT('',(80.8,-6.,6.3));
#2226 = VECTOR('',#2227,1.);
#2227 = DIRECTION('',(0.998795456205,4.906767432743E-02,0.));
#2228 = ORIENTED_EDGE('',*,*,#2229,.F.);
#2229 = EDGE_CURVE('',#2230,#2222,#2232,.T.);
#2230 = VERTEX_POINT('',#2231);
#2231 = CARTESIAN_POINT('',(50.2,-6.,6.3));
#2232 = LINE('',#2233,#2234);
#2233 = CARTESIAN_POINT('',(50.2,-6.,6.3));
#2234 = VECTOR('',#2235,1.);
#2235 = DIRECTION('',(1.,-2.902543855229E-17,0.));
#2236 = ORIENTED_EDGE('',*,*,#2237,.F.);
#2237 = EDGE_CURVE('',#2238,#2230,#2240,.T.);
#2238 = VERTEX_POINT('',#2239);
#2239 = CARTESIAN_POINT('',(50.082379431605,-6.005778327993,6.3));
#2240 = LINE('',#2241,#2242);
#2241 = CARTESIAN_POINT('',(50.082379431605,-6.005778327993,6.3));
#2242 = VECTOR('',#2243,1.);
#2243 = DIRECTION('',(0.998795456205,4.906767432743E-02,0.));
#2244 = ORIENTED_EDGE('',*,*,#2245,.F.);
#2245 = EDGE_CURVE('',#2246,#2238,#2248,.T.);
#2246 = VERTEX_POINT('',#2247);
#2247 = CARTESIAN_POINT('',(49.965891613581,-6.023057663516,6.3));
#2248 = LINE('',#2249,#2250);
#2249 = CARTESIAN_POINT('',(49.965891613581,-6.023057663516,6.3));
#2250 = VECTOR('',#2251,1.);
#2251 = DIRECTION('',(0.989176509965,0.146730474455,0.));
#2252 = ORIENTED_EDGE('',*,*,#2253,.F.);
#2253 = EDGE_CURVE('',#2254,#2246,#2256,.T.);
#2254 = VERTEX_POINT('',#2255);
#2255 = CARTESIAN_POINT('',(49.851658387295,-6.051671597121,6.3));
#2256 = LINE('',#2257,#2258);
#2257 = CARTESIAN_POINT('',(49.851658387295,-6.051671597121,6.3));
#2258 = VECTOR('',#2259,1.);
#2259 = DIRECTION('',(0.970031253195,0.242980179903,0.));
#2260 = ORIENTED_EDGE('',*,*,#2261,.F.);
#2261 = EDGE_CURVE('',#2262,#2254,#2264,.T.);
#2262 = VERTEX_POINT('',#2263);
#2263 = CARTESIAN_POINT('',(49.740779881162,-6.091344560986,6.3));
#2264 = LINE('',#2265,#2266);
#2265 = CARTESIAN_POINT('',(49.740779881162,-6.091344560986,6.3));
#2266 = VECTOR('',#2267,1.);
#2267 = DIRECTION('',(0.941544065183,0.336889853392,0.));
#2268 = ORIENTED_EDGE('',*,*,#2269,.F.);
#2269 = EDGE_CURVE('',#2270,#2262,#2272,.T.);
#2270 = VERTEX_POINT('',#2271);
#2271 = CARTESIAN_POINT('',(49.634323915809,-6.141694482782,6.3));
#2272 = LINE('',#2273,#2274);
#2273 = CARTESIAN_POINT('',(49.634323915809,-6.141694482782,6.3));
#2274 = VECTOR('',#2275,1.);
#2275 = DIRECTION('',(0.903989293123,0.42755509343,0.));
#2276 = ORIENTED_EDGE('',*,*,#2277,.F.);
#2277 = EDGE_CURVE('',#2278,#2270,#2280,.T.);
#2278 = VERTEX_POINT('',#2279);
#2279 = CARTESIAN_POINT('',(49.533315720376,-6.202236465237,6.3));
#2280 = LINE('',#2281,#2282);
#2281 = CARTESIAN_POINT('',(49.533315720376,-6.202236465237,6.3));
#2282 = VECTOR('',#2283,1.);
#2283 = DIRECTION('',(0.85772861,0.514102744193,0.));
#2284 = ORIENTED_EDGE('',*,*,#2285,.F.);
#2285 = EDGE_CURVE('',#2286,#2278,#2288,.T.);
#2286 = VERTEX_POINT('',#2287);
#2287 = CARTESIAN_POINT('',(49.438728059004,-6.272387455965,6.3));
#2288 = LINE('',#2289,#2290);
#2289 = CARTESIAN_POINT('',(49.438728059004,-6.272387455965,6.3));
#2290 = VECTOR('',#2291,1.);
#2291 = DIRECTION('',(0.803207531481,0.595699304492,0.));
#2292 = ORIENTED_EDGE('',*,*,#2293,.F.);
#2293 = EDGE_CURVE('',#2294,#2286,#2296,.T.);
#2294 = VERTEX_POINT('',#2295);
#2295 = CARTESIAN_POINT('',(49.351471862576,-6.351471862576,6.3));
#2296 = LINE('',#2297,#2298);
#2297 = CARTESIAN_POINT('',(49.351471862576,-6.351471862576,6.3));
#2298 = VECTOR('',#2299,1.);
#2299 = DIRECTION('',(0.740951125355,0.671558954847,0.));
#2300 = ORIENTED_EDGE('',*,*,#2301,.F.);
#2301 = EDGE_CURVE('',#2302,#2294,#2304,.T.);
#2302 = VERTEX_POINT('',#2303);
#2303 = CARTESIAN_POINT('',(49.272387455965,-6.438728059004,6.3));
#2304 = LINE('',#2305,#2306);
#2305 = CARTESIAN_POINT('',(49.272387455965,-6.438728059004,6.3));
#2306 = VECTOR('',#2307,1.);
#2307 = DIRECTION('',(0.671558954847,0.740951125355,0.));
#2308 = ORIENTED_EDGE('',*,*,#2309,.F.);
#2309 = EDGE_CURVE('',#2310,#2302,#2312,.T.);
#2310 = VERTEX_POINT('',#2311);
#2311 = CARTESIAN_POINT('',(49.202236465237,-6.533315720376,6.3));
#2312 = LINE('',#2313,#2314);
#2313 = CARTESIAN_POINT('',(49.202236465237,-6.533315720376,6.3));
#2314 = VECTOR('',#2315,1.);
#2315 = DIRECTION('',(0.595699304492,0.803207531481,0.));
#2316 = ORIENTED_EDGE('',*,*,#2317,.F.);
#2317 = EDGE_CURVE('',#2318,#2310,#2320,.T.);
#2318 = VERTEX_POINT('',#2319);
#2319 = CARTESIAN_POINT('',(49.141694482782,-6.634323915809,6.3));
#2320 = LINE('',#2321,#2322);
#2321 = CARTESIAN_POINT('',(49.141694482782,-6.634323915809,6.3));
#2322 = VECTOR('',#2323,1.);
#2323 = DIRECTION('',(0.514102744193,0.85772861,0.));
#2324 = ORIENTED_EDGE('',*,*,#2325,.F.);
#2325 = EDGE_CURVE('',#2326,#2318,#2328,.T.);
#2326 = VERTEX_POINT('',#2327);
#2327 = CARTESIAN_POINT('',(49.091344560986,-6.740779881162,6.3));
#2328 = LINE('',#2329,#2330);
#2329 = CARTESIAN_POINT('',(49.091344560986,-6.740779881162,6.3));
#2330 = VECTOR('',#2331,1.);
#2331 = DIRECTION('',(0.42755509343,0.903989293123,0.));
#2332 = ORIENTED_EDGE('',*,*,#2333,.F.);
#2333 = EDGE_CURVE('',#2334,#2326,#2336,.T.);
#2334 = VERTEX_POINT('',#2335);
#2335 = CARTESIAN_POINT('',(49.051671597121,-6.851658387295,6.3));
#2336 = LINE('',#2337,#2338);
#2337 = CARTESIAN_POINT('',(49.051671597121,-6.851658387295,6.3));
#2338 = VECTOR('',#2339,1.);
#2339 = DIRECTION('',(0.336889853392,0.941544065183,0.));
#2340 = ORIENTED_EDGE('',*,*,#2341,.F.);
#2341 = EDGE_CURVE('',#2342,#2334,#2344,.T.);
#2342 = VERTEX_POINT('',#2343);
#2343 = CARTESIAN_POINT('',(49.023057663516,-6.965891613581,6.3));
#2344 = LINE('',#2345,#2346);
#2345 = CARTESIAN_POINT('',(49.023057663516,-6.965891613581,6.3));
#2346 = VECTOR('',#2347,1.);
#2347 = DIRECTION('',(0.242980179903,0.970031253195,0.));
#2348 = ORIENTED_EDGE('',*,*,#2349,.F.);
#2349 = EDGE_CURVE('',#2350,#2342,#2352,.T.);
#2350 = VERTEX_POINT('',#2351);
#2351 = CARTESIAN_POINT('',(49.005778327993,-7.082379431605,6.3));
#2352 = LINE('',#2353,#2354);
#2353 = CARTESIAN_POINT('',(49.005778327993,-7.082379431605,6.3));
#2354 = VECTOR('',#2355,1.);
#2355 = DIRECTION('',(0.146730474455,0.989176509965,0.));
#2356 = ORIENTED_EDGE('',*,*,#2357,.F.);
#2357 = EDGE_CURVE('',#2358,#2350,#2360,.T.);
#2358 = VERTEX_POINT('',#2359);
#2359 = CARTESIAN_POINT('',(49.,-7.2,6.3));
#2360 = LINE('',#2361,#2362);
#2361 = CARTESIAN_POINT('',(49.,-7.2,6.3));
#2362 = VECTOR('',#2363,1.);
#2363 = DIRECTION('',(4.906767432746E-02,0.998795456205,0.));
#2364 = ORIENTED_EDGE('',*,*,#2365,.F.);
#2365 = EDGE_CURVE('',#2366,#2358,#2368,.T.);
#2366 = VERTEX_POINT('',#2367);
#2367 = CARTESIAN_POINT('',(49.,-9.8,6.3));
#2368 = LINE('',#2369,#2370);
#2369 = CARTESIAN_POINT('',(49.,-9.8,6.3));
#2370 = VECTOR('',#2371,1.);
#2371 = DIRECTION('',(0.,1.,0.));
#2372 = ORIENTED_EDGE('',*,*,#2373,.F.);
#2373 = EDGE_CURVE('',#2374,#2366,#2376,.T.);
#2374 = VERTEX_POINT('',#2375);
#2375 = CARTESIAN_POINT('',(48.994221672007,-9.917620568395,6.3));
#2376 = LINE('',#2377,#2378);
#2377 = CARTESIAN_POINT('',(48.994221672007,-9.917620568395,6.3));
#2378 = VECTOR('',#2379,1.);
#2379 = DIRECTION('',(4.906767432746E-02,0.998795456205,0.));
#2380 = ORIENTED_EDGE('',*,*,#2381,.F.);
#2381 = EDGE_CURVE('',#2382,#2374,#2384,.T.);
#2382 = VERTEX_POINT('',#2383);
#2383 = CARTESIAN_POINT('',(48.976942336484,-10.03410838641,6.3));
#2384 = LINE('',#2385,#2386);
#2385 = CARTESIAN_POINT('',(48.976942336484,-10.03410838641,6.3));
#2386 = VECTOR('',#2387,1.);
#2387 = DIRECTION('',(0.146730474455,0.989176509965,0.));
#2388 = ORIENTED_EDGE('',*,*,#2389,.F.);
#2389 = EDGE_CURVE('',#2390,#2382,#2392,.T.);
#2390 = VERTEX_POINT('',#2391);
#2391 = CARTESIAN_POINT('',(48.948328402879,-10.1483416127,6.3));
#2392 = LINE('',#2393,#2394);
#2393 = CARTESIAN_POINT('',(48.948328402879,-10.1483416127,6.3));
#2394 = VECTOR('',#2395,1.);
#2395 = DIRECTION('',(0.242980179903,0.970031253195,0.));
#2396 = ORIENTED_EDGE('',*,*,#2397,.F.);
#2397 = EDGE_CURVE('',#2398,#2390,#2400,.T.);
#2398 = VERTEX_POINT('',#2399);
#2399 = CARTESIAN_POINT('',(48.908655439014,-10.25922011883,6.3));
#2400 = LINE('',#2401,#2402);
#2401 = CARTESIAN_POINT('',(48.908655439014,-10.25922011883,6.3));
#2402 = VECTOR('',#2403,1.);
#2403 = DIRECTION('',(0.336889853392,0.941544065183,0.));
#2404 = ORIENTED_EDGE('',*,*,#2405,.F.);
#2405 = EDGE_CURVE('',#2406,#2398,#2408,.T.);
#2406 = VERTEX_POINT('',#2407);
#2407 = CARTESIAN_POINT('',(48.858305517218,-10.36567608419,6.3));
#2408 = LINE('',#2409,#2410);
#2409 = CARTESIAN_POINT('',(48.858305517218,-10.36567608419,6.3));
#2410 = VECTOR('',#2411,1.);
#2411 = DIRECTION('',(0.42755509343,0.903989293123,0.));
#2412 = ORIENTED_EDGE('',*,*,#2413,.F.);
#2413 = EDGE_CURVE('',#2414,#2406,#2416,.T.);
#2414 = VERTEX_POINT('',#2415);
#2415 = CARTESIAN_POINT('',(48.797763534763,-10.46668427962,6.3));
#2416 = LINE('',#2417,#2418);
#2417 = CARTESIAN_POINT('',(48.797763534763,-10.46668427962,6.3));
#2418 = VECTOR('',#2419,1.);
#2419 = DIRECTION('',(0.514102744193,0.85772861,0.));
#2420 = ORIENTED_EDGE('',*,*,#2421,.F.);
#2421 = EDGE_CURVE('',#2422,#2414,#2424,.T.);
#2422 = VERTEX_POINT('',#2423);
#2423 = CARTESIAN_POINT('',(48.727612544035,-10.56127194099,6.3));
#2424 = LINE('',#2425,#2426);
#2425 = CARTESIAN_POINT('',(48.727612544035,-10.56127194099,6.3));
#2426 = VECTOR('',#2427,1.);
#2427 = DIRECTION('',(0.595699304492,0.803207531481,0.));
#2428 = ORIENTED_EDGE('',*,*,#2429,.F.);
#2429 = EDGE_CURVE('',#2430,#2422,#2432,.T.);
#2430 = VERTEX_POINT('',#2431);
#2431 = CARTESIAN_POINT('',(48.648528137424,-10.64852813742,6.3));
#2432 = LINE('',#2433,#2434);
#2433 = CARTESIAN_POINT('',(48.648528137424,-10.64852813742,6.3));
#2434 = VECTOR('',#2435,1.);
#2435 = DIRECTION('',(0.671558954847,0.740951125355,0.));
#2436 = ORIENTED_EDGE('',*,*,#2437,.F.);
#2437 = EDGE_CURVE('',#102,#2430,#2438,.T.);
#2438 = LINE('',#2439,#2440);
#2439 = CARTESIAN_POINT('',(48.561271940996,-10.72761254403,6.3));
#2440 = VECTOR('',#2441,1.);
#2441 = DIRECTION('',(0.740951125355,0.671558954847,0.));
#2442 = ORIENTED_EDGE('',*,*,#109,.F.);
#2443 = FACE_BOUND('',#2444,.F.);
#2444 = EDGE_LOOP('',(#2445,#2455,#2463,#2471));
#2445 = ORIENTED_EDGE('',*,*,#2446,.F.);
#2446 = EDGE_CURVE('',#2447,#2449,#2451,.T.);
#2447 = VERTEX_POINT('',#2448);
#2448 = CARTESIAN_POINT('',(41.385826677072,-70.69751765855,6.3));
#2449 = VERTEX_POINT('',#2450);
#2450 = CARTESIAN_POINT('',(28.697517658559,-76.61417332292,6.3));
#2451 = LINE('',#2452,#2453);
#2452 = CARTESIAN_POINT('',(57.138844300717,-63.3517649016,6.3));
#2453 = VECTOR('',#2454,1.);
#2454 = DIRECTION('',(-0.906307787037,-0.422618261741,0.));
#2455 = ORIENTED_EDGE('',*,*,#2456,.F.);
#2456 = EDGE_CURVE('',#2457,#2447,#2459,.T.);
#2457 = VERTEX_POINT('',#2458);
#2458 = CARTESIAN_POINT('',(47.302482341441,-83.38582667707,6.3));
#2459 = LINE('',#2460,#2461);
#2460 = CARTESIAN_POINT('',(40.945423905934,-69.75307086804,6.3));
#2461 = VECTOR('',#2462,1.);
#2462 = DIRECTION('',(-0.422618261741,0.906307787037,0.));
#2463 = ORIENTED_EDGE('',*,*,#2464,.F.);
#2464 = EDGE_CURVE('',#2465,#2457,#2467,.T.);
#2465 = VERTEX_POINT('',#2466);
#2466 = CARTESIAN_POINT('',(34.614173322928,-89.30248234144,6.3));
#2467 = LINE('',#2468,#2469);
#2468 = CARTESIAN_POINT('',(69.399654474343,-73.08174608793,6.3));
#2469 = VECTOR('',#2470,1.);
#2470 = DIRECTION('',(0.906307787037,0.422618261741,0.));
#2471 = ORIENTED_EDGE('',*,*,#2472,.F.);
#2472 = EDGE_CURVE('',#2449,#2465,#2473,.T.);
#2473 = LINE('',#2474,#2475);
#2474 = CARTESIAN_POINT('',(31.215442719606,-82.01388104166,6.3));
#2475 = VECTOR('',#2476,1.);
#2476 = DIRECTION('',(0.422618261741,-0.906307787037,0.));
#2477 = FACE_BOUND('',#2478,.F.);
#2478 = EDGE_LOOP('',(#2479,#2489,#2497,#2505));
#2479 = ORIENTED_EDGE('',*,*,#2480,.F.);
#2480 = EDGE_CURVE('',#2481,#2483,#2485,.T.);
#2481 = VERTEX_POINT('',#2482);
#2482 = CARTESIAN_POINT('',(64.678117027417,-64.89080848524,6.3));
#2483 = VERTEX_POINT('',#2484);
#2484 = CARTESIAN_POINT('',(50.890808485246,-67.32188297258,6.3));
#2485 = LINE('',#2486,#2487);
#2486 = CARTESIAN_POINT('',(68.920338285798,-64.14279041925,6.3));
#2487 = VECTOR('',#2488,1.);
#2488 = DIRECTION('',(-0.984807753012,-0.173648177667,0.));
#2489 = ORIENTED_EDGE('',*,*,#2490,.F.);
#2490 = EDGE_CURVE('',#2491,#2481,#2493,.T.);
#2491 = VERTEX_POINT('',#2492);
#2492 = CARTESIAN_POINT('',(67.109191514754,-78.67811702741,6.3));
#2493 = LINE('',#2494,#2495);
#2494 = CARTESIAN_POINT('',(63.552865684542,-58.5091910019,6.3));
#2495 = VECTOR('',#2496,1.);
#2496 = DIRECTION('',(-0.173648177667,0.984807753012,0.));
#2497 = ORIENTED_EDGE('',*,*,#2498,.F.);
#2498 = EDGE_CURVE('',#2499,#2491,#2501,.T.);
#2499 = VERTEX_POINT('',#2500);
#2500 = CARTESIAN_POINT('',(53.321882972583,-81.10919151475,6.3));
#2501 = LINE('',#2502,#2503);
#2502 = CARTESIAN_POINT('',(78.24506704422,-76.71456171776,6.3));
#2503 = VECTOR('',#2504,1.);
#2504 = DIRECTION('',(0.984807753012,0.173648177667,0.));
#2505 = ORIENTED_EDGE('',*,*,#2506,.F.);
#2506 = EDGE_CURVE('',#2483,#2499,#2507,.T.);
#2507 = LINE('',#2508,#2509);
#2508 = CARTESIAN_POINT('',(50.98109438604,-67.83391976032,6.3));
#2509 = VECTOR('',#2510,1.);
#2510 = DIRECTION('',(0.173648177667,-0.984807753012,0.));
#2511 = FACE_BOUND('',#2512,.F.);
#2512 = EDGE_LOOP('',(#2513,#2523,#2531,#2539));
#2513 = ORIENTED_EDGE('',*,*,#2514,.F.);
#2514 = EDGE_CURVE('',#2515,#2517,#2519,.T.);
#2515 = VERTEX_POINT('',#2516);
#2516 = CARTESIAN_POINT('',(88.583453085876,-65.63672731259,6.3));
#2517 = VERTEX_POINT('',#2518);
#2518 = CARTESIAN_POINT('',(74.636727312591,-64.41654691412,6.3));
#2519 = LINE('',#2520,#2521);
#2520 = CARTESIAN_POINT('',(78.925854476281,-64.79179691736,6.3));
#2521 = VECTOR('',#2522,1.);
#2522 = DIRECTION('',(-0.996194698092,8.715574274766E-02,0.));
#2523 = ORIENTED_EDGE('',*,*,#2524,.F.);
#2524 = EDGE_CURVE('',#2525,#2515,#2527,.T.);
#2525 = VERTEX_POINT('',#2526);
#2526 = CARTESIAN_POINT('',(87.363272687409,-79.58345308587,6.3));
#2527 = LINE('',#2528,#2529);
#2528 = CARTESIAN_POINT('',(89.325644966191,-57.1534353019,6.3));
#2529 = VECTOR('',#2530,1.);
#2530 = DIRECTION('',(8.715574274766E-02,0.996194698092,0.));
#2531 = ORIENTED_EDGE('',*,*,#2532,.F.);
#2532 = EDGE_CURVE('',#2533,#2525,#2535,.T.);
#2533 = VERTEX_POINT('',#2534);
#2534 = CARTESIAN_POINT('',(73.416546914124,-78.3632726874,6.3));
#2535 = LINE('',#2536,#2537);
#2536 = CARTESIAN_POINT('',(84.679036964456,-79.34861288988,6.3));
#2537 = VECTOR('',#2538,1.);
#2538 = DIRECTION('',(0.996194698092,-8.715574274766E-02,0.));
#2539 = ORIENTED_EDGE('',*,*,#2540,.F.);
#2540 = EDGE_CURVE('',#2517,#2533,#2541,.T.);
#2541 = LINE('',#2542,#2543);
#2542 = CARTESIAN_POINT('',(74.768828993673,-62.90661779008,6.3));
#2543 = VECTOR('',#2544,1.);
#2544 = DIRECTION('',(-8.715574274766E-02,-0.996194698092,0.));
#2545 = FACE_BOUND('',#2546,.F.);
#2546 = EDGE_LOOP('',(#2547,#2557,#2565,#2573));
#2547 = ORIENTED_EDGE('',*,*,#2548,.F.);
#2548 = EDGE_CURVE('',#2549,#2551,#2553,.T.);
#2549 = VERTEX_POINT('',#2550);
#2550 = CARTESIAN_POINT('',(65.,-46.,6.3));
#2551 = VERTEX_POINT('',#2552);
#2552 = CARTESIAN_POINT('',(51.,-46.,6.3));
#2553 = LINE('',#2554,#2555);
#2554 = CARTESIAN_POINT('',(67.8496827003,-46.,6.3));
#2555 = VECTOR('',#2556,1.);
#2556 = DIRECTION('',(-1.,0.,0.));
#2557 = ORIENTED_EDGE('',*,*,#2558,.F.);
#2558 = EDGE_CURVE('',#2559,#2549,#2561,.T.);
#2559 = VERTEX_POINT('',#2560);
#2560 = CARTESIAN_POINT('',(65.,-60.,6.3));
#2561 = LINE('',#2562,#2563);
#2562 = CARTESIAN_POINT('',(65.,-47.10023144962,6.3));
#2563 = VECTOR('',#2564,1.);
#2564 = DIRECTION('',(0.,1.,0.));
#2565 = ORIENTED_EDGE('',*,*,#2566,.F.);
#2566 = EDGE_CURVE('',#2567,#2559,#2569,.T.);
#2567 = VERTEX_POINT('',#2568);
#2568 = CARTESIAN_POINT('',(51.,-60.,6.3));
#2569 = LINE('',#2570,#2571);
#2570 = CARTESIAN_POINT('',(74.8496827003,-60.,6.3));
#2571 = VECTOR('',#2572,1.);
#2572 = DIRECTION('',(1.,0.,0.));
#2573 = ORIENTED_EDGE('',*,*,#2574,.F.);
#2574 = EDGE_CURVE('',#2551,#2567,#2575,.T.);
#2575 = LINE('',#2576,#2577);
#2576 = CARTESIAN_POINT('',(51.,-54.10023144962,6.3));
#2577 = VECTOR('',#2578,1.);
#2578 = DIRECTION('',(0.,-1.,0.));
#2579 = FACE_BOUND('',#2580,.F.);
#2580 = EDGE_LOOP('',(#2581,#2591,#2599,#2607));
#2581 = ORIENTED_EDGE('',*,*,#2582,.F.);
#2582 = EDGE_CURVE('',#2583,#2585,#2587,.T.);
#2583 = VERTEX_POINT('',#2584);
#2584 = CARTESIAN_POINT('',(83.,-44.,6.3));
#2585 = VERTEX_POINT('',#2586);
#2586 = CARTESIAN_POINT('',(69.,-44.,6.3));
#2587 = LINE('',#2588,#2589);
#2588 = CARTESIAN_POINT('',(76.8496827003,-44.,6.3));
#2589 = VECTOR('',#2590,1.);
#2590 = DIRECTION('',(-1.,0.,0.));
#2591 = ORIENTED_EDGE('',*,*,#2592,.F.);
#2592 = EDGE_CURVE('',#2593,#2583,#2595,.T.);
#2593 = VERTEX_POINT('',#2594);
#2594 = CARTESIAN_POINT('',(83.,-58.,6.3));
#2595 = LINE('',#2596,#2597);
#2596 = CARTESIAN_POINT('',(83.,-46.10023144962,6.3));
#2597 = VECTOR('',#2598,1.);
#2598 = DIRECTION('',(0.,1.,0.));
#2599 = ORIENTED_EDGE('',*,*,#2600,.F.);
#2600 = EDGE_CURVE('',#2601,#2593,#2603,.T.);
#2601 = VERTEX_POINT('',#2602);
#2602 = CARTESIAN_POINT('',(69.,-58.,6.3));
#2603 = LINE('',#2604,#2605);
#2604 = CARTESIAN_POINT('',(83.8496827003,-58.,6.3));
#2605 = VECTOR('',#2606,1.);
#2606 = DIRECTION('',(1.,0.,0.));
#2607 = ORIENTED_EDGE('',*,*,#2608,.F.);
#2608 = EDGE_CURVE('',#2585,#2601,#2609,.T.);
#2609 = LINE('',#2610,#2611);
#2610 = CARTESIAN_POINT('',(69.,-53.10023144962,6.3));
#2611 = VECTOR('',#2612,1.);
#2612 = DIRECTION('',(0.,-1.,0.));
#2613 = FACE_BOUND('',#2614,.F.);
#2614 = EDGE_LOOP('',(#2615,#2625,#2633,#2641));
#2615 = ORIENTED_EDGE('',*,*,#2616,.F.);
#2616 = EDGE_CURVE('',#2617,#2619,#2621,.T.);
#2617 = VERTEX_POINT('',#2618);
#2618 = CARTESIAN_POINT('',(119.,-44.,6.3));
#2619 = VERTEX_POINT('',#2620);
#2620 = CARTESIAN_POINT('',(105.,-44.,6.3));
#2621 = LINE('',#2622,#2623);
#2622 = CARTESIAN_POINT('',(94.8496827003,-44.,6.3));
#2623 = VECTOR('',#2624,1.);
#2624 = DIRECTION('',(-1.,0.,0.));
#2625 = ORIENTED_EDGE('',*,*,#2626,.F.);
#2626 = EDGE_CURVE('',#2627,#2617,#2629,.T.);
#2627 = VERTEX_POINT('',#2628);
#2628 = CARTESIAN_POINT('',(119.,-58.,6.3));
#2629 = LINE('',#2630,#2631);
#2630 = CARTESIAN_POINT('',(119.,-46.10023144962,6.3));
#2631 = VECTOR('',#2632,1.);
#2632 = DIRECTION('',(0.,1.,0.));
#2633 = ORIENTED_EDGE('',*,*,#2634,.F.);
#2634 = EDGE_CURVE('',#2635,#2627,#2637,.T.);
#2635 = VERTEX_POINT('',#2636);
#2636 = CARTESIAN_POINT('',(105.,-58.,6.3));
#2637 = LINE('',#2638,#2639);
#2638 = CARTESIAN_POINT('',(101.8496827003,-58.,6.3));
#2639 = VECTOR('',#2640,1.);
#2640 = DIRECTION('',(1.,0.,0.));
#2641 = ORIENTED_EDGE('',*,*,#2642,.F.);
#2642 = EDGE_CURVE('',#2619,#2635,#2643,.T.);
#2643 = LINE('',#2644,#2645);
#2644 = CARTESIAN_POINT('',(105.,-53.10023144962,6.3));
#2645 = VECTOR('',#2646,1.);
#2646 = DIRECTION('',(0.,-1.,0.));
#2647 = FACE_BOUND('',#2648,.F.);
#2648 = EDGE_LOOP('',(#2649));
#2649 = ORIENTED_EDGE('',*,*,#2650,.T.);
#2650 = EDGE_CURVE('',#2651,#2651,#2653,.T.);
#2651 = VERTEX_POINT('',#2652);
#2652 = CARTESIAN_POINT('',(119.95,-66.6,6.3));
#2653 = CIRCLE('',#2654,1.15);
#2654 = AXIS2_PLACEMENT_3D('',#2655,#2656,#2657);
#2655 = CARTESIAN_POINT('',(118.8,-66.6,6.3));
#2656 = DIRECTION('',(0.,0.,-1.));
#2657 = DIRECTION('',(1.,0.,0.));
#2658 = FACE_BOUND('',#2659,.F.);
#2659 = EDGE_LOOP('',(#2660,#2670,#2678,#2686));
#2660 = ORIENTED_EDGE('',*,*,#2661,.F.);
#2661 = EDGE_CURVE('',#2662,#2664,#2666,.T.);
#2662 = VERTEX_POINT('',#2663);
#2663 = CARTESIAN_POINT('',(137.,-56.,6.3));
#2664 = VERTEX_POINT('',#2665);
#2665 = CARTESIAN_POINT('',(123.,-56.,6.3));
#2666 = LINE('',#2667,#2668);
#2667 = CARTESIAN_POINT('',(103.8496827003,-56.,6.3));
#2668 = VECTOR('',#2669,1.);
#2669 = DIRECTION('',(-1.,0.,0.));
#2670 = ORIENTED_EDGE('',*,*,#2671,.F.);
#2671 = EDGE_CURVE('',#2672,#2662,#2674,.T.);
#2672 = VERTEX_POINT('',#2673);
#2673 = CARTESIAN_POINT('',(137.,-70.,6.3));
#2674 = LINE('',#2675,#2676);
#2675 = CARTESIAN_POINT('',(137.,-52.10023144962,6.3));
#2676 = VECTOR('',#2677,1.);
#2677 = DIRECTION('',(0.,1.,0.));
#2678 = ORIENTED_EDGE('',*,*,#2679,.F.);
#2679 = EDGE_CURVE('',#2680,#2672,#2682,.T.);
#2680 = VERTEX_POINT('',#2681);
#2681 = CARTESIAN_POINT('',(123.,-70.,6.3));
#2682 = LINE('',#2683,#2684);
#2683 = CARTESIAN_POINT('',(110.8496827003,-70.,6.3));
#2684 = VECTOR('',#2685,1.);
#2685 = DIRECTION('',(1.,0.,0.));
#2686 = ORIENTED_EDGE('',*,*,#2687,.F.);
#2687 = EDGE_CURVE('',#2664,#2680,#2688,.T.);
#2688 = LINE('',#2689,#2690);
#2689 = CARTESIAN_POINT('',(123.,-59.10023144962,6.3));
#2690 = VECTOR('',#2691,1.);
#2691 = DIRECTION('',(0.,-1.,0.));
#2692 = FACE_BOUND('',#2693,.F.);
#2693 = EDGE_LOOP('',(#2694,#2704,#2712,#2720));
#2694 = ORIENTED_EDGE('',*,*,#2695,.F.);
#2695 = EDGE_CURVE('',#2696,#2698,#2700,.T.);
#2696 = VERTEX_POINT('',#2697);
#2697 = CARTESIAN_POINT('',(65.,-29.,6.3));
#2698 = VERTEX_POINT('',#2699);
#2699 = CARTESIAN_POINT('',(51.,-29.,6.3));
#2700 = LINE('',#2701,#2702);
#2701 = CARTESIAN_POINT('',(67.8496827003,-29.,6.3));
#2702 = VECTOR('',#2703,1.);
#2703 = DIRECTION('',(-1.,0.,0.));
#2704 = ORIENTED_EDGE('',*,*,#2705,.F.);
#2705 = EDGE_CURVE('',#2706,#2696,#2708,.T.);
#2706 = VERTEX_POINT('',#2707);
#2707 = CARTESIAN_POINT('',(65.,-43.,6.3));
#2708 = LINE('',#2709,#2710);
#2709 = CARTESIAN_POINT('',(65.,-38.60023144962,6.3));
#2710 = VECTOR('',#2711,1.);
#2711 = DIRECTION('',(0.,1.,0.));
#2712 = ORIENTED_EDGE('',*,*,#2713,.F.);
#2713 = EDGE_CURVE('',#2714,#2706,#2716,.T.);
#2714 = VERTEX_POINT('',#2715);
#2715 = CARTESIAN_POINT('',(51.,-43.,6.3));
#2716 = LINE('',#2717,#2718);
#2717 = CARTESIAN_POINT('',(74.8496827003,-43.,6.3));
#2718 = VECTOR('',#2719,1.);
#2719 = DIRECTION('',(1.,0.,0.));
#2720 = ORIENTED_EDGE('',*,*,#2721,.F.);
#2721 = EDGE_CURVE('',#2698,#2714,#2722,.T.);
#2722 = LINE('',#2723,#2724);
#2723 = CARTESIAN_POINT('',(51.,-45.60023144962,6.3));
#2724 = VECTOR('',#2725,1.);
#2725 = DIRECTION('',(0.,-1.,0.));
#2726 = FACE_BOUND('',#2727,.F.);
#2727 = EDGE_LOOP('',(#2728,#2738,#2746,#2754));
#2728 = ORIENTED_EDGE('',*,*,#2729,.F.);
#2729 = EDGE_CURVE('',#2730,#2732,#2734,.T.);
#2730 = VERTEX_POINT('',#2731);
#2731 = CARTESIAN_POINT('',(83.,-27.,6.3));
#2732 = VERTEX_POINT('',#2733);
#2733 = CARTESIAN_POINT('',(69.,-27.,6.3));
#2734 = LINE('',#2735,#2736);
#2735 = CARTESIAN_POINT('',(76.8496827003,-27.,6.3));
#2736 = VECTOR('',#2737,1.);
#2737 = DIRECTION('',(-1.,0.,0.));
#2738 = ORIENTED_EDGE('',*,*,#2739,.F.);
#2739 = EDGE_CURVE('',#2740,#2730,#2742,.T.);
#2740 = VERTEX_POINT('',#2741);
#2741 = CARTESIAN_POINT('',(83.,-41.,6.3));
#2742 = LINE('',#2743,#2744);
#2743 = CARTESIAN_POINT('',(83.,-37.60023144962,6.3));
#2744 = VECTOR('',#2745,1.);
#2745 = DIRECTION('',(0.,1.,0.));
#2746 = ORIENTED_EDGE('',*,*,#2747,.F.);
#2747 = EDGE_CURVE('',#2748,#2740,#2750,.T.);
#2748 = VERTEX_POINT('',#2749);
#2749 = CARTESIAN_POINT('',(69.,-41.,6.3));
#2750 = LINE('',#2751,#2752);
#2751 = CARTESIAN_POINT('',(83.8496827003,-41.,6.3));
#2752 = VECTOR('',#2753,1.);
#2753 = DIRECTION('',(1.,0.,0.));
#2754 = ORIENTED_EDGE('',*,*,#2755,.F.);
#2755 = EDGE_CURVE('',#2732,#2748,#2756,.T.);
#2756 = LINE('',#2757,#2758);
#2757 = CARTESIAN_POINT('',(69.,-44.60023144962,6.3));
#2758 = VECTOR('',#2759,1.);
#2759 = DIRECTION('',(0.,-1.,0.));
#2760 = FACE_BOUND('',#2761,.F.);
#2761 = EDGE_LOOP('',(#2762,#2772,#2780,#2788));
#2762 = ORIENTED_EDGE('',*,*,#2763,.F.);
#2763 = EDGE_CURVE('',#2764,#2766,#2768,.T.);
#2764 = VERTEX_POINT('',#2765);
#2765 = CARTESIAN_POINT('',(65.,-12.,6.3));
#2766 = VERTEX_POINT('',#2767);
#2767 = CARTESIAN_POINT('',(51.,-12.,6.3));
#2768 = LINE('',#2769,#2770);
#2769 = CARTESIAN_POINT('',(67.8496827003,-12.,6.3));
#2770 = VECTOR('',#2771,1.);
#2771 = DIRECTION('',(-1.,0.,0.));
#2772 = ORIENTED_EDGE('',*,*,#2773,.F.);
#2773 = EDGE_CURVE('',#2774,#2764,#2776,.T.);
#2774 = VERTEX_POINT('',#2775);
#2775 = CARTESIAN_POINT('',(65.,-26.,6.3));
#2776 = LINE('',#2777,#2778);
#2777 = CARTESIAN_POINT('',(65.,-30.10023144962,6.3));
#2778 = VECTOR('',#2779,1.);
#2779 = DIRECTION('',(0.,1.,0.));
#2780 = ORIENTED_EDGE('',*,*,#2781,.F.);
#2781 = EDGE_CURVE('',#2782,#2774,#2784,.T.);
#2782 = VERTEX_POINT('',#2783);
#2783 = CARTESIAN_POINT('',(51.,-26.,6.3));
#2784 = LINE('',#2785,#2786);
#2785 = CARTESIAN_POINT('',(74.8496827003,-26.,6.3));
#2786 = VECTOR('',#2787,1.);
#2787 = DIRECTION('',(1.,0.,0.));
#2788 = ORIENTED_EDGE('',*,*,#2789,.F.);
#2789 = EDGE_CURVE('',#2766,#2782,#2790,.T.);
#2790 = LINE('',#2791,#2792);
#2791 = CARTESIAN_POINT('',(51.,-37.10023144962,6.3));
#2792 = VECTOR('',#2793,1.);
#2793 = DIRECTION('',(0.,-1.,0.));
#2794 = FACE_BOUND('',#2795,.F.);
#2795 = EDGE_LOOP('',(#2796,#2806,#2814,#2822));
#2796 = ORIENTED_EDGE('',*,*,#2797,.F.);
#2797 = EDGE_CURVE('',#2798,#2800,#2802,.T.);
#2798 = VERTEX_POINT('',#2799);
#2799 = CARTESIAN_POINT('',(83.,-10.,6.3));
#2800 = VERTEX_POINT('',#2801);
#2801 = CARTESIAN_POINT('',(69.,-10.,6.3));
#2802 = LINE('',#2803,#2804);
#2803 = CARTESIAN_POINT('',(76.8496827003,-10.,6.3));
#2804 = VECTOR('',#2805,1.);
#2805 = DIRECTION('',(-1.,0.,0.));
#2806 = ORIENTED_EDGE('',*,*,#2807,.F.);
#2807 = EDGE_CURVE('',#2808,#2798,#2810,.T.);
#2808 = VERTEX_POINT('',#2809);
#2809 = CARTESIAN_POINT('',(83.,-24.,6.3));
#2810 = LINE('',#2811,#2812);
#2811 = CARTESIAN_POINT('',(83.,-29.10023144962,6.3));
#2812 = VECTOR('',#2813,1.);
#2813 = DIRECTION('',(0.,1.,0.));
#2814 = ORIENTED_EDGE('',*,*,#2815,.F.);
#2815 = EDGE_CURVE('',#2816,#2808,#2818,.T.);
#2816 = VERTEX_POINT('',#2817);
#2817 = CARTESIAN_POINT('',(69.,-24.,6.3));
#2818 = LINE('',#2819,#2820);
#2819 = CARTESIAN_POINT('',(83.8496827003,-24.,6.3));
#2820 = VECTOR('',#2821,1.);
#2821 = DIRECTION('',(1.,0.,0.));
#2822 = ORIENTED_EDGE('',*,*,#2823,.F.);
#2823 = EDGE_CURVE('',#2800,#2816,#2824,.T.);
#2824 = LINE('',#2825,#2826);
#2825 = CARTESIAN_POINT('',(69.,-36.10023144962,6.3));
#2826 = VECTOR('',#2827,1.);
#2827 = DIRECTION('',(0.,-1.,0.));
#2828 = FACE_BOUND('',#2829,.F.);
#2829 = EDGE_LOOP('',(#2830,#2840,#2848,#2856));
#2830 = ORIENTED_EDGE('',*,*,#2831,.F.);
#2831 = EDGE_CURVE('',#2832,#2834,#2836,.T.);
#2832 = VERTEX_POINT('',#2833);
#2833 = CARTESIAN_POINT('',(101.,-39.,6.3));
#2834 = VERTEX_POINT('',#2835);
#2835 = CARTESIAN_POINT('',(87.,-39.,6.3));
#2836 = LINE('',#2837,#2838);
#2837 = CARTESIAN_POINT('',(85.8496827003,-39.,6.3));
#2838 = VECTOR('',#2839,1.);
#2839 = DIRECTION('',(-1.,0.,0.));
#2840 = ORIENTED_EDGE('',*,*,#2841,.F.);
#2841 = EDGE_CURVE('',#2842,#2832,#2844,.T.);
#2842 = VERTEX_POINT('',#2843);
#2843 = CARTESIAN_POINT('',(101.,-53.,6.3));
#2844 = LINE('',#2845,#2846);
#2845 = CARTESIAN_POINT('',(101.,-43.60023144962,6.3));
#2846 = VECTOR('',#2847,1.);
#2847 = DIRECTION('',(0.,1.,0.));
#2848 = ORIENTED_EDGE('',*,*,#2849,.F.);
#2849 = EDGE_CURVE('',#2850,#2842,#2852,.T.);
#2850 = VERTEX_POINT('',#2851);
#2851 = CARTESIAN_POINT('',(87.,-53.,6.3));
#2852 = LINE('',#2853,#2854);
#2853 = CARTESIAN_POINT('',(92.8496827003,-53.,6.3));
#2854 = VECTOR('',#2855,1.);
#2855 = DIRECTION('',(1.,0.,0.));
#2856 = ORIENTED_EDGE('',*,*,#2857,.F.);
#2857 = EDGE_CURVE('',#2834,#2850,#2858,.T.);
#2858 = LINE('',#2859,#2860);
#2859 = CARTESIAN_POINT('',(87.,-50.60023144962,6.3));
#2860 = VECTOR('',#2861,1.);
#2861 = DIRECTION('',(0.,-1.,0.));
#2862 = FACE_BOUND('',#2863,.F.);
#2863 = EDGE_LOOP('',(#2864,#2874,#2882,#2890));
#2864 = ORIENTED_EDGE('',*,*,#2865,.F.);
#2865 = EDGE_CURVE('',#2866,#2868,#2870,.T.);
#2866 = VERTEX_POINT('',#2867);
#2867 = CARTESIAN_POINT('',(101.,-22.,6.3));
#2868 = VERTEX_POINT('',#2869);
#2869 = CARTESIAN_POINT('',(87.,-22.,6.3));
#2870 = LINE('',#2871,#2872);
#2871 = CARTESIAN_POINT('',(85.8496827003,-22.,6.3));
#2872 = VECTOR('',#2873,1.);
#2873 = DIRECTION('',(-1.,0.,0.));
#2874 = ORIENTED_EDGE('',*,*,#2875,.F.);
#2875 = EDGE_CURVE('',#2876,#2866,#2878,.T.);
#2876 = VERTEX_POINT('',#2877);
#2877 = CARTESIAN_POINT('',(101.,-36.,6.3));
#2878 = LINE('',#2879,#2880);
#2879 = CARTESIAN_POINT('',(101.,-35.10023144962,6.3));
#2880 = VECTOR('',#2881,1.);
#2881 = DIRECTION('',(0.,1.,0.));
#2882 = ORIENTED_EDGE('',*,*,#2883,.F.);
#2883 = EDGE_CURVE('',#2884,#2876,#2886,.T.);
#2884 = VERTEX_POINT('',#2885);
#2885 = CARTESIAN_POINT('',(87.,-36.,6.3));
#2886 = LINE('',#2887,#2888);
#2887 = CARTESIAN_POINT('',(92.8496827003,-36.,6.3));
#2888 = VECTOR('',#2889,1.);
#2889 = DIRECTION('',(1.,0.,0.));
#2890 = ORIENTED_EDGE('',*,*,#2891,.F.);
#2891 = EDGE_CURVE('',#2868,#2884,#2892,.T.);
#2892 = LINE('',#2893,#2894);
#2893 = CARTESIAN_POINT('',(87.,-42.10023144962,6.3));
#2894 = VECTOR('',#2895,1.);
#2895 = DIRECTION('',(0.,-1.,0.));
#2896 = FACE_BOUND('',#2897,.F.);
#2897 = EDGE_LOOP('',(#2898,#2908,#2916,#2924));
#2898 = ORIENTED_EDGE('',*,*,#2899,.F.);
#2899 = EDGE_CURVE('',#2900,#2902,#2904,.T.);
#2900 = VERTEX_POINT('',#2901);
#2901 = CARTESIAN_POINT('',(119.,-27.,6.3));
#2902 = VERTEX_POINT('',#2903);
#2903 = CARTESIAN_POINT('',(105.,-27.,6.3));
#2904 = LINE('',#2905,#2906);
#2905 = CARTESIAN_POINT('',(94.8496827003,-27.,6.3));
#2906 = VECTOR('',#2907,1.);
#2907 = DIRECTION('',(-1.,0.,0.));
#2908 = ORIENTED_EDGE('',*,*,#2909,.F.);
#2909 = EDGE_CURVE('',#2910,#2900,#2912,.T.);
#2910 = VERTEX_POINT('',#2911);
#2911 = CARTESIAN_POINT('',(119.,-41.,6.3));
#2912 = LINE('',#2913,#2914);
#2913 = CARTESIAN_POINT('',(119.,-37.60023144962,6.3));
#2914 = VECTOR('',#2915,1.);
#2915 = DIRECTION('',(0.,1.,0.));
#2916 = ORIENTED_EDGE('',*,*,#2917,.F.);
#2917 = EDGE_CURVE('',#2918,#2910,#2920,.T.);
#2918 = VERTEX_POINT('',#2919);
#2919 = CARTESIAN_POINT('',(105.,-41.,6.3));
#2920 = LINE('',#2921,#2922);
#2921 = CARTESIAN_POINT('',(101.8496827003,-41.,6.3));
#2922 = VECTOR('',#2923,1.);
#2923 = DIRECTION('',(1.,0.,0.));
#2924 = ORIENTED_EDGE('',*,*,#2925,.F.);
#2925 = EDGE_CURVE('',#2902,#2918,#2926,.T.);
#2926 = LINE('',#2927,#2928);
#2927 = CARTESIAN_POINT('',(105.,-44.60023144962,6.3));
#2928 = VECTOR('',#2929,1.);
#2929 = DIRECTION('',(0.,-1.,0.));
#2930 = FACE_BOUND('',#2931,.F.);
#2931 = EDGE_LOOP('',(#2932,#2942,#2950,#2958));
#2932 = ORIENTED_EDGE('',*,*,#2933,.F.);
#2933 = EDGE_CURVE('',#2934,#2936,#2938,.T.);
#2934 = VERTEX_POINT('',#2935);
#2935 = CARTESIAN_POINT('',(137.,-39.,6.3));
#2936 = VERTEX_POINT('',#2937);
#2937 = CARTESIAN_POINT('',(123.,-39.,6.3));
#2938 = LINE('',#2939,#2940);
#2939 = CARTESIAN_POINT('',(103.8496827003,-39.,6.3));
#2940 = VECTOR('',#2941,1.);
#2941 = DIRECTION('',(-1.,0.,0.));
#2942 = ORIENTED_EDGE('',*,*,#2943,.F.);
#2943 = EDGE_CURVE('',#2944,#2934,#2946,.T.);
#2944 = VERTEX_POINT('',#2945);
#2945 = CARTESIAN_POINT('',(137.,-53.,6.3));
#2946 = LINE('',#2947,#2948);
#2947 = CARTESIAN_POINT('',(137.,-43.60023144962,6.3));
#2948 = VECTOR('',#2949,1.);
#2949 = DIRECTION('',(0.,1.,0.));
#2950 = ORIENTED_EDGE('',*,*,#2951,.F.);
#2951 = EDGE_CURVE('',#2952,#2944,#2954,.T.);
#2952 = VERTEX_POINT('',#2953);
#2953 = CARTESIAN_POINT('',(123.,-53.,6.3));
#2954 = LINE('',#2955,#2956);
#2955 = CARTESIAN_POINT('',(110.8496827003,-53.,6.3));
#2956 = VECTOR('',#2957,1.);
#2957 = DIRECTION('',(1.,0.,0.));
#2958 = ORIENTED_EDGE('',*,*,#2959,.F.);
#2959 = EDGE_CURVE('',#2936,#2952,#2960,.T.);
#2960 = LINE('',#2961,#2962);
#2961 = CARTESIAN_POINT('',(123.,-50.60023144962,6.3));
#2962 = VECTOR('',#2963,1.);
#2963 = DIRECTION('',(0.,-1.,0.));
#2964 = FACE_BOUND('',#2965,.F.);
#2965 = EDGE_LOOP('',(#2966));
#2966 = ORIENTED_EDGE('',*,*,#2967,.T.);
#2967 = EDGE_CURVE('',#2968,#2968,#2970,.T.);
#2968 = VERTEX_POINT('',#2969);
#2969 = CARTESIAN_POINT('',(140.15,-37.5,6.3));
#2970 = CIRCLE('',#2971,1.15);
#2971 = AXIS2_PLACEMENT_3D('',#2972,#2973,#2974);
#2972 = CARTESIAN_POINT('',(139.,-37.5,6.3));
#2973 = DIRECTION('',(0.,0.,-1.));
#2974 = DIRECTION('',(1.,0.,0.));
#2975 = FACE_BOUND('',#2976,.F.);
#2976 = EDGE_LOOP('',(#2977,#2987,#2995,#3003));
#2977 = ORIENTED_EDGE('',*,*,#2978,.F.);
#2978 = EDGE_CURVE('',#2979,#2981,#2983,.T.);
#2979 = VERTEX_POINT('',#2980);
#2980 = CARTESIAN_POINT('',(137.,-22.,6.3));
#2981 = VERTEX_POINT('',#2982);
#2982 = CARTESIAN_POINT('',(123.,-22.,6.3));
#2983 = LINE('',#2984,#2985);
#2984 = CARTESIAN_POINT('',(103.8496827003,-22.,6.3));
#2985 = VECTOR('',#2986,1.);
#2986 = DIRECTION('',(-1.,0.,0.));
#2987 = ORIENTED_EDGE('',*,*,#2988,.F.);
#2988 = EDGE_CURVE('',#2989,#2979,#2991,.T.);
#2989 = VERTEX_POINT('',#2990);
#2990 = CARTESIAN_POINT('',(137.,-36.,6.3));
#2991 = LINE('',#2992,#2993);
#2992 = CARTESIAN_POINT('',(137.,-35.10023144962,6.3));
#2993 = VECTOR('',#2994,1.);
#2994 = DIRECTION('',(0.,1.,0.));
#2995 = ORIENTED_EDGE('',*,*,#2996,.F.);
#2996 = EDGE_CURVE('',#2997,#2989,#2999,.T.);
#2997 = VERTEX_POINT('',#2998);
#2998 = CARTESIAN_POINT('',(123.,-36.,6.3));
#2999 = LINE('',#3000,#3001);
#3000 = CARTESIAN_POINT('',(110.8496827003,-36.,6.3));
#3001 = VECTOR('',#3002,1.);
#3002 = DIRECTION('',(1.,0.,0.));
#3003 = ORIENTED_EDGE('',*,*,#3004,.F.);
#3004 = EDGE_CURVE('',#2981,#2997,#3005,.T.);
#3005 = LINE('',#3006,#3007);
#3006 = CARTESIAN_POINT('',(123.,-42.10023144962,6.3));
#3007 = VECTOR('',#3008,1.);
#3008 = DIRECTION('',(0.,-1.,0.));
#3009 = FACE_BOUND('',#3010,.F.);
#3010 = EDGE_LOOP('',(#3011));
#3011 = ORIENTED_EDGE('',*,*,#3012,.T.);
#3012 = EDGE_CURVE('',#3013,#3013,#3015,.T.);
#3013 = VERTEX_POINT('',#3014);
#3014 = CARTESIAN_POINT('',(104.15,-20.5,6.3));
#3015 = CIRCLE('',#3016,1.15);
#3016 = AXIS2_PLACEMENT_3D('',#3017,#3018,#3019);
#3017 = CARTESIAN_POINT('',(103.,-20.5,6.3));
#3018 = DIRECTION('',(0.,0.,-1.));
#3019 = DIRECTION('',(1.,0.,0.));
#3020 = FACE_BOUND('',#3021,.F.);
#3021 = EDGE_LOOP('',(#3022,#3032,#3040,#3048));
#3022 = ORIENTED_EDGE('',*,*,#3023,.F.);
#3023 = EDGE_CURVE('',#3024,#3026,#3028,.T.);
#3024 = VERTEX_POINT('',#3025);
#3025 = CARTESIAN_POINT('',(119.,-10.,6.3));
#3026 = VERTEX_POINT('',#3027);
#3027 = CARTESIAN_POINT('',(105.,-10.,6.3));
#3028 = LINE('',#3029,#3030);
#3029 = CARTESIAN_POINT('',(94.8496827003,-10.,6.3));
#3030 = VECTOR('',#3031,1.);
#3031 = DIRECTION('',(-1.,0.,0.));
#3032 = ORIENTED_EDGE('',*,*,#3033,.F.);
#3033 = EDGE_CURVE('',#3034,#3024,#3036,.T.);
#3034 = VERTEX_POINT('',#3035);
#3035 = CARTESIAN_POINT('',(119.,-24.,6.3));
#3036 = LINE('',#3037,#3038);
#3037 = CARTESIAN_POINT('',(119.,-29.10023144962,6.3));
#3038 = VECTOR('',#3039,1.);
#3039 = DIRECTION('',(0.,1.,0.));
#3040 = ORIENTED_EDGE('',*,*,#3041,.F.);
#3041 = EDGE_CURVE('',#3042,#3034,#3044,.T.);
#3042 = VERTEX_POINT('',#3043);
#3043 = CARTESIAN_POINT('',(105.,-24.,6.3));
#3044 = LINE('',#3045,#3046);
#3045 = CARTESIAN_POINT('',(101.8496827003,-24.,6.3));
#3046 = VECTOR('',#3047,1.);
#3047 = DIRECTION('',(1.,0.,0.));
#3048 = ORIENTED_EDGE('',*,*,#3049,.F.);
#3049 = EDGE_CURVE('',#3026,#3042,#3050,.T.);
#3050 = LINE('',#3051,#3052);
#3051 = CARTESIAN_POINT('',(105.,-36.10023144962,6.3));
#3052 = VECTOR('',#3053,1.);
#3053 = DIRECTION('',(0.,-1.,0.));
#3054 = FACE_BOUND('',#3055,.F.);
#3055 = EDGE_LOOP('',(#3056,#3066,#3074,#3082));
#3056 = ORIENTED_EDGE('',*,*,#3057,.F.);
#3057 = EDGE_CURVE('',#3058,#3060,#3062,.T.);
#3058 = VERTEX_POINT('',#3059);
#3059 = CARTESIAN_POINT('',(101.,-5.,6.3));
#3060 = VERTEX_POINT('',#3061);
#3061 = CARTESIAN_POINT('',(87.,-5.,6.3));
#3062 = LINE('',#3063,#3064);
#3063 = CARTESIAN_POINT('',(85.8496827003,-5.,6.3));
#3064 = VECTOR('',#3065,1.);
#3065 = DIRECTION('',(-1.,0.,0.));
#3066 = ORIENTED_EDGE('',*,*,#3067,.F.);
#3067 = EDGE_CURVE('',#3068,#3058,#3070,.T.);
#3068 = VERTEX_POINT('',#3069);
#3069 = CARTESIAN_POINT('',(101.,-19.,6.3));
#3070 = LINE('',#3071,#3072);
#3071 = CARTESIAN_POINT('',(101.,-26.60023144962,6.3));
#3072 = VECTOR('',#3073,1.);
#3073 = DIRECTION('',(0.,1.,0.));
#3074 = ORIENTED_EDGE('',*,*,#3075,.F.);
#3075 = EDGE_CURVE('',#3076,#3068,#3078,.T.);
#3076 = VERTEX_POINT('',#3077);
#3077 = CARTESIAN_POINT('',(87.,-19.,6.3));
#3078 = LINE('',#3079,#3080);
#3079 = CARTESIAN_POINT('',(92.8496827003,-19.,6.3));
#3080 = VECTOR('',#3081,1.);
#3081 = DIRECTION('',(1.,0.,0.));
#3082 = ORIENTED_EDGE('',*,*,#3083,.F.);
#3083 = EDGE_CURVE('',#3060,#3076,#3084,.T.);
#3084 = LINE('',#3085,#3086);
#3085 = CARTESIAN_POINT('',(87.,-33.60023144962,6.3));
#3086 = VECTOR('',#3087,1.);
#3087 = DIRECTION('',(0.,-1.,0.));
#3088 = PLANE('',#3089);
#3089 = AXIS2_PLACEMENT_3D('',#3090,#3091,#3092);
#3090 = CARTESIAN_POINT('',(84.699365400601,-48.20046289924,6.3));
#3091 = DIRECTION('',(0.,0.,1.));
#3092 = DIRECTION('',(1.,0.,0.));
#3093 = ADVANCED_FACE('',(#3094,#5417,#5451,#5485,#5519,#5553,#5587,
    #5621,#5632,#5666,#5700,#5734,#5768,#5802,#5836,#5870,#5904,#5938,
    #5949,#5983,#5994,#6028),#6062,.T.);
#3094 = FACE_BOUND('',#3095,.T.);
#3095 = EDGE_LOOP('',(#3096,#3097,#3098,#3106,#3114,#3122,#3130,#3138,
    #3146,#3154,#3162,#3170,#3178,#3186,#3194,#3202,#3210,#3218,#3226,
    #3234,#3242,#3250,#3258,#3266,#3274,#3282,#3290,#3298,#3306,#3314,
    #3322,#3330,#3338,#3346,#3354,#3362,#3370,#3378,#3386,#3394,#3402,
    #3410,#3418,#3426,#3434,#3442,#3450,#3458,#3466,#3474,#3482,#3490,
    #3498,#3506,#3514,#3522,#3530,#3538,#3546,#3554,#3562,#3570,#3578,
    #3586,#3594,#3602,#3610,#3618,#3626,#3634,#3642,#3650,#3658,#3666,
    #3674,#3682,#3690,#3698,#3706,#3714,#3722,#3730,#3738,#3746,#3754,
    #3762,#3770,#3778,#3786,#3794,#3802,#3810,#3818,#3826,#3834,#3842,
    #3850,#3858,#3866,#3874,#3882,#3890,#3898,#3906,#3914,#3922,#3930,
    #3938,#3946,#3954,#3962,#3970,#3978,#3986,#3994,#4002,#4010,#4018,
    #4026,#4034,#4042,#4050,#4058,#4066,#4074,#4082,#4090,#4098,#4106,
    #4114,#4122,#4130,#4138,#4146,#4154,#4162,#4170,#4178,#4186,#4194,
    #4202,#4210,#4218,#4226,#4234,#4242,#4250,#4258,#4266,#4274,#4282,
    #4290,#4298,#4306,#4314,#4322,#4330,#4338,#4346,#4354,#4362,#4370,
    #4378,#4386,#4394,#4402,#4410,#4418,#4426,#4434,#4442,#4450,#4458,
    #4466,#4474,#4482,#4490,#4498,#4506,#4514,#4522,#4530,#4538,#4546,
    #4554,#4562,#4570,#4578,#4586,#4594,#4602,#4610,#4618,#4626,#4634,
    #4642,#4650,#4658,#4666,#4674,#4682,#4690,#4698,#4706,#4714,#4722,
    #4730,#4738,#4746,#4754,#4762,#4770,#4778,#4786,#4794,#4802,#4810,
    #4818,#4826,#4834,#4842,#4850,#4858,#4866,#4874,#4882,#4890,#4898,
    #4906,#4914,#4922,#4930,#4938,#4946,#4954,#4962,#4970,#4978,#4986,
    #4994,#5002,#5010,#5018,#5026,#5034,#5042,#5050,#5058,#5066,#5074,
    #5082,#5090,#5098,#5106,#5114,#5122,#5130,#5138,#5146,#5154,#5162,
    #5170,#5178,#5186,#5194,#5202,#5210,#5218,#5226,#5234,#5242,#5250,
    #5258,#5266,#5274,#5282,#5290,#5298,#5306,#5314,#5322,#5330,#5338,
    #5346,#5354,#5362,#5370,#5378,#5386,#5394,#5402,#5410,#5416));
#3096 = ORIENTED_EDGE('',*,*,#31,.F.);
#3097 = ORIENTED_EDGE('',*,*,#71,.F.);
#3098 = ORIENTED_EDGE('',*,*,#3099,.F.);
#3099 = EDGE_CURVE('',#3100,#64,#3102,.T.);
#3100 = VERTEX_POINT('',#3101);
#3101 = CARTESIAN_POINT('',(48.32818620934,-10.92484568995,7.6));
#3102 = LINE('',#3103,#3104);
#3103 = CARTESIAN_POINT('',(48.32818620934,-10.92484568995,7.6));
#3104 = VECTOR('',#3105,1.);
#3105 = DIRECTION('',(-0.941544065183,0.336889853392,0.));
#3106 = ORIENTED_EDGE('',*,*,#3107,.F.);
#3107 = EDGE_CURVE('',#3108,#3100,#3110,.T.);
#3108 = VERTEX_POINT('',#3109);
#3109 = CARTESIAN_POINT('',(48.450629827324,-10.98275720829,7.6));
#3110 = LINE('',#3111,#3112);
#3111 = CARTESIAN_POINT('',(48.450629827324,-10.98275720829,7.6));
#3112 = VECTOR('',#3113,1.);
#3113 = DIRECTION('',(-0.903989293123,0.42755509343,0.));
#3114 = ORIENTED_EDGE('',*,*,#3115,.F.);
#3115 = EDGE_CURVE('',#3116,#3108,#3118,.T.);
#3116 = VERTEX_POINT('',#3117);
#3117 = CARTESIAN_POINT('',(48.5668075244,-11.05239144012,7.6));
#3118 = LINE('',#3119,#3120);
#3119 = CARTESIAN_POINT('',(48.5668075244,-11.05239144012,7.6));
#3120 = VECTOR('',#3121,1.);
#3121 = DIRECTION('',(-0.85772861,0.514102744193,0.));
#3122 = ORIENTED_EDGE('',*,*,#3123,.F.);
#3123 = EDGE_CURVE('',#3124,#3116,#3126,.T.);
#3124 = VERTEX_POINT('',#3125);
#3125 = CARTESIAN_POINT('',(48.675600445837,-11.13307776974,7.6));
#3126 = LINE('',#3127,#3128);
#3127 = CARTESIAN_POINT('',(48.675600445837,-11.13307776974,7.6));
#3128 = VECTOR('',#3129,1.);
#3129 = DIRECTION('',(-0.803207531481,0.595699304492,0.));
#3130 = ORIENTED_EDGE('',*,*,#3131,.F.);
#3131 = EDGE_CURVE('',#3132,#3124,#3134,.T.);
#3132 = VERTEX_POINT('',#3133);
#3133 = CARTESIAN_POINT('',(48.775960856328,-11.22403914367,7.6));
#3134 = LINE('',#3135,#3136);
#3135 = CARTESIAN_POINT('',(48.775960856328,-11.22403914367,7.6));
#3136 = VECTOR('',#3137,1.);
#3137 = DIRECTION('',(-0.740951125355,0.671558954847,0.));
#3138 = ORIENTED_EDGE('',*,*,#3139,.F.);
#3139 = EDGE_CURVE('',#3140,#3132,#3142,.T.);
#3140 = VERTEX_POINT('',#3141);
#3141 = CARTESIAN_POINT('',(48.866922230259,-11.32439955416,7.6));
#3142 = LINE('',#3143,#3144);
#3143 = CARTESIAN_POINT('',(48.866922230259,-11.32439955416,7.6));
#3144 = VECTOR('',#3145,1.);
#3145 = DIRECTION('',(-0.671558954847,0.740951125355,0.));
#3146 = ORIENTED_EDGE('',*,*,#3147,.F.);
#3147 = EDGE_CURVE('',#3148,#3140,#3150,.T.);
#3148 = VERTEX_POINT('',#3149);
#3149 = CARTESIAN_POINT('',(48.947608559873,-11.4331924756,7.6));
#3150 = LINE('',#3151,#3152);
#3151 = CARTESIAN_POINT('',(48.947608559873,-11.4331924756,7.6));
#3152 = VECTOR('',#3153,1.);
#3153 = DIRECTION('',(-0.595699304492,0.803207531481,0.));
#3154 = ORIENTED_EDGE('',*,*,#3155,.F.);
#3155 = EDGE_CURVE('',#3156,#3148,#3158,.T.);
#3156 = VERTEX_POINT('',#3157);
#3157 = CARTESIAN_POINT('',(49.017242791708,-11.54937017267,7.6));
#3158 = LINE('',#3159,#3160);
#3159 = CARTESIAN_POINT('',(49.017242791708,-11.54937017267,7.6));
#3160 = VECTOR('',#3161,1.);
#3161 = DIRECTION('',(-0.514102744193,0.85772861,0.));
#3162 = ORIENTED_EDGE('',*,*,#3163,.F.);
#3163 = EDGE_CURVE('',#3164,#3156,#3166,.T.);
#3164 = VERTEX_POINT('',#3165);
#3165 = CARTESIAN_POINT('',(49.075154310048,-11.67181379066,7.6));
#3166 = LINE('',#3167,#3168);
#3167 = CARTESIAN_POINT('',(49.075154310048,-11.67181379066,7.6));
#3168 = VECTOR('',#3169,1.);
#3169 = DIRECTION('',(-0.42755509343,0.903989293123,0.));
#3170 = ORIENTED_EDGE('',*,*,#3171,.F.);
#3171 = EDGE_CURVE('',#3172,#3164,#3174,.T.);
#3172 = VERTEX_POINT('',#3173);
#3173 = CARTESIAN_POINT('',(49.120785395311,-11.79934413057,7.6));
#3174 = LINE('',#3175,#3176);
#3175 = CARTESIAN_POINT('',(49.120785395311,-11.79934413057,7.6));
#3176 = VECTOR('',#3177,1.);
#3177 = DIRECTION('',(-0.336889853392,0.941544065183,0.));
#3178 = ORIENTED_EDGE('',*,*,#3179,.F.);
#3179 = EDGE_CURVE('',#3180,#3172,#3182,.T.);
#3180 = VERTEX_POINT('',#3181);
#3181 = CARTESIAN_POINT('',(49.153696595202,-11.93073300553,7.6));
#3182 = LINE('',#3183,#3184);
#3183 = CARTESIAN_POINT('',(49.153696595202,-11.93073300553,7.6));
#3184 = VECTOR('',#3185,1.);
#3185 = DIRECTION('',(-0.242980179903,0.970031253195,0.));
#3186 = ORIENTED_EDGE('',*,*,#3187,.F.);
#3187 = EDGE_CURVE('',#3188,#3180,#3190,.T.);
#3188 = VERTEX_POINT('',#3189);
#3189 = CARTESIAN_POINT('',(49.173570956876,-12.06471506884,7.6));
#3190 = LINE('',#3191,#3192);
#3191 = CARTESIAN_POINT('',(49.173570956876,-12.06471506884,7.6));
#3192 = VECTOR('',#3193,1.);
#3193 = DIRECTION('',(-0.146730474455,0.989176509965,0.));
#3194 = ORIENTED_EDGE('',*,*,#3195,.F.);
#3195 = EDGE_CURVE('',#3196,#3188,#3198,.T.);
#3196 = VERTEX_POINT('',#3197);
#3197 = CARTESIAN_POINT('',(49.18,-12.19558124802,7.6));
#3198 = LINE('',#3199,#3200);
#3199 = CARTESIAN_POINT('',(49.18,-12.19558124802,7.6));
#3200 = VECTOR('',#3201,1.);
#3201 = DIRECTION('',(-4.906767432741E-02,0.998795456205,0.));
#3202 = ORIENTED_EDGE('',*,*,#3203,.F.);
#3203 = EDGE_CURVE('',#3204,#3196,#3206,.T.);
#3204 = VERTEX_POINT('',#3205);
#3205 = CARTESIAN_POINT('',(49.18,-65.80441875198,7.6));
#3206 = LINE('',#3207,#3208);
#3207 = CARTESIAN_POINT('',(49.18,-65.80441875198,7.6));
#3208 = VECTOR('',#3209,1.);
#3209 = DIRECTION('',(0.,1.,0.));
#3210 = ORIENTED_EDGE('',*,*,#3211,.F.);
#3211 = EDGE_CURVE('',#3212,#3204,#3214,.T.);
#3212 = VERTEX_POINT('',#3213);
#3213 = CARTESIAN_POINT('',(49.173570956876,-65.93528493115,7.6));
#3214 = LINE('',#3215,#3216);
#3215 = CARTESIAN_POINT('',(49.173570956876,-65.93528493115,7.6));
#3216 = VECTOR('',#3217,1.);
#3217 = DIRECTION('',(4.906767432741E-02,0.998795456205,0.));
#3218 = ORIENTED_EDGE('',*,*,#3219,.F.);
#3219 = EDGE_CURVE('',#3220,#3212,#3222,.T.);
#3220 = VERTEX_POINT('',#3221);
#3221 = CARTESIAN_POINT('',(49.153696595202,-66.06926699446,7.6));
#3222 = LINE('',#3223,#3224);
#3223 = CARTESIAN_POINT('',(49.153696595202,-66.06926699446,7.6));
#3224 = VECTOR('',#3225,1.);
#3225 = DIRECTION('',(0.146730474455,0.989176509965,0.));
#3226 = ORIENTED_EDGE('',*,*,#3227,.F.);
#3227 = EDGE_CURVE('',#3228,#3220,#3230,.T.);
#3228 = VERTEX_POINT('',#3229);
#3229 = CARTESIAN_POINT('',(49.120785395311,-66.20065586942,7.6));
#3230 = LINE('',#3231,#3232);
#3231 = CARTESIAN_POINT('',(49.120785395311,-66.20065586942,7.6));
#3232 = VECTOR('',#3233,1.);
#3233 = DIRECTION('',(0.242980179903,0.970031253195,0.));
#3234 = ORIENTED_EDGE('',*,*,#3235,.F.);
#3235 = EDGE_CURVE('',#3236,#3228,#3238,.T.);
#3236 = VERTEX_POINT('',#3237);
#3237 = CARTESIAN_POINT('',(49.075154310048,-66.32818620934,7.6));
#3238 = LINE('',#3239,#3240);
#3239 = CARTESIAN_POINT('',(49.075154310048,-66.32818620934,7.6));
#3240 = VECTOR('',#3241,1.);
#3241 = DIRECTION('',(0.336889853392,0.941544065183,0.));
#3242 = ORIENTED_EDGE('',*,*,#3243,.F.);
#3243 = EDGE_CURVE('',#3244,#3236,#3246,.T.);
#3244 = VERTEX_POINT('',#3245);
#3245 = CARTESIAN_POINT('',(49.017242791708,-66.45062982732,7.6));
#3246 = LINE('',#3247,#3248);
#3247 = CARTESIAN_POINT('',(49.017242791708,-66.45062982732,7.6));
#3248 = VECTOR('',#3249,1.);
#3249 = DIRECTION('',(0.42755509343,0.903989293123,0.));
#3250 = ORIENTED_EDGE('',*,*,#3251,.F.);
#3251 = EDGE_CURVE('',#3252,#3244,#3254,.T.);
#3252 = VERTEX_POINT('',#3253);
#3253 = CARTESIAN_POINT('',(48.947608559873,-66.5668075244,7.6));
#3254 = LINE('',#3255,#3256);
#3255 = CARTESIAN_POINT('',(48.947608559873,-66.5668075244,7.6));
#3256 = VECTOR('',#3257,1.);
#3257 = DIRECTION('',(0.514102744193,0.85772861,0.));
#3258 = ORIENTED_EDGE('',*,*,#3259,.F.);
#3259 = EDGE_CURVE('',#3260,#3252,#3262,.T.);
#3260 = VERTEX_POINT('',#3261);
#3261 = CARTESIAN_POINT('',(48.866922230259,-66.67560044583,7.6));
#3262 = LINE('',#3263,#3264);
#3263 = CARTESIAN_POINT('',(48.866922230259,-66.67560044583,7.6));
#3264 = VECTOR('',#3265,1.);
#3265 = DIRECTION('',(0.595699304492,0.803207531481,0.));
#3266 = ORIENTED_EDGE('',*,*,#3267,.F.);
#3267 = EDGE_CURVE('',#3268,#3260,#3270,.T.);
#3268 = VERTEX_POINT('',#3269);
#3269 = CARTESIAN_POINT('',(48.775960856328,-66.77596085632,7.6));
#3270 = LINE('',#3271,#3272);
#3271 = CARTESIAN_POINT('',(48.775960856328,-66.77596085632,7.6));
#3272 = VECTOR('',#3273,1.);
#3273 = DIRECTION('',(0.671558954847,0.740951125355,0.));
#3274 = ORIENTED_EDGE('',*,*,#3275,.F.);
#3275 = EDGE_CURVE('',#3276,#3268,#3278,.T.);
#3276 = VERTEX_POINT('',#3277);
#3277 = CARTESIAN_POINT('',(48.675600445837,-66.86692223025,7.6));
#3278 = LINE('',#3279,#3280);
#3279 = CARTESIAN_POINT('',(48.675600445837,-66.86692223025,7.6));
#3280 = VECTOR('',#3281,1.);
#3281 = DIRECTION('',(0.740951125355,0.671558954847,0.));
#3282 = ORIENTED_EDGE('',*,*,#3283,.F.);
#3283 = EDGE_CURVE('',#3284,#3276,#3286,.T.);
#3284 = VERTEX_POINT('',#3285);
#3285 = CARTESIAN_POINT('',(48.5668075244,-66.94760855987,7.6));
#3286 = LINE('',#3287,#3288);
#3287 = CARTESIAN_POINT('',(48.5668075244,-66.94760855987,7.6));
#3288 = VECTOR('',#3289,1.);
#3289 = DIRECTION('',(0.803207531481,0.595699304492,0.));
#3290 = ORIENTED_EDGE('',*,*,#3291,.F.);
#3291 = EDGE_CURVE('',#3292,#3284,#3294,.T.);
#3292 = VERTEX_POINT('',#3293);
#3293 = CARTESIAN_POINT('',(48.450629827324,-67.0172427917,7.6));
#3294 = LINE('',#3295,#3296);
#3295 = CARTESIAN_POINT('',(48.450629827324,-67.0172427917,7.6));
#3296 = VECTOR('',#3297,1.);
#3297 = DIRECTION('',(0.85772861,0.514102744193,0.));
#3298 = ORIENTED_EDGE('',*,*,#3299,.F.);
#3299 = EDGE_CURVE('',#3300,#3292,#3302,.T.);
#3300 = VERTEX_POINT('',#3301);
#3301 = CARTESIAN_POINT('',(48.32818620934,-67.07515431004,7.6));
#3302 = LINE('',#3303,#3304);
#3303 = CARTESIAN_POINT('',(48.32818620934,-67.07515431004,7.6));
#3304 = VECTOR('',#3305,1.);
#3305 = DIRECTION('',(0.903989293123,0.42755509343,0.));
#3306 = ORIENTED_EDGE('',*,*,#3307,.F.);
#3307 = EDGE_CURVE('',#3308,#3300,#3310,.T.);
#3308 = VERTEX_POINT('',#3309);
#3309 = CARTESIAN_POINT('',(48.200655869424,-67.12078539531,7.6));
#3310 = LINE('',#3311,#3312);
#3311 = CARTESIAN_POINT('',(48.200655869424,-67.12078539531,7.6));
#3312 = VECTOR('',#3313,1.);
#3313 = DIRECTION('',(0.941544065183,0.336889853392,0.));
#3314 = ORIENTED_EDGE('',*,*,#3315,.F.);
#3315 = EDGE_CURVE('',#3316,#3308,#3318,.T.);
#3316 = VERTEX_POINT('',#3317);
#3317 = CARTESIAN_POINT('',(48.069266994465,-67.1536965952,7.6));
#3318 = LINE('',#3319,#3320);
#3319 = CARTESIAN_POINT('',(48.069266994465,-67.1536965952,7.6));
#3320 = VECTOR('',#3321,1.);
#3321 = DIRECTION('',(0.970031253195,0.242980179903,0.));
#3322 = ORIENTED_EDGE('',*,*,#3323,.F.);
#3323 = EDGE_CURVE('',#3324,#3316,#3326,.T.);
#3324 = VERTEX_POINT('',#3325);
#3325 = CARTESIAN_POINT('',(47.935284931153,-67.17357095687,7.6));
#3326 = LINE('',#3327,#3328);
#3327 = CARTESIAN_POINT('',(47.935284931153,-67.17357095687,7.6));
#3328 = VECTOR('',#3329,1.);
#3329 = DIRECTION('',(0.989176509965,0.146730474455,0.));
#3330 = ORIENTED_EDGE('',*,*,#3331,.F.);
#3331 = EDGE_CURVE('',#3332,#3324,#3334,.T.);
#3332 = VERTEX_POINT('',#3333);
#3333 = CARTESIAN_POINT('',(47.80441875198,-67.18,7.6));
#3334 = LINE('',#3335,#3336);
#3335 = CARTESIAN_POINT('',(47.80441875198,-67.18,7.6));
#3336 = VECTOR('',#3337,1.);
#3337 = DIRECTION('',(0.998795456205,4.906767432741E-02,0.));
#3338 = ORIENTED_EDGE('',*,*,#3339,.F.);
#3339 = EDGE_CURVE('',#3340,#3332,#3342,.T.);
#3340 = VERTEX_POINT('',#3341);
#3341 = CARTESIAN_POINT('',(26.19558124802,-67.18,7.6));
#3342 = LINE('',#3343,#3344);
#3343 = CARTESIAN_POINT('',(26.19558124802,-67.18,7.6));
#3344 = VECTOR('',#3345,1.);
#3345 = DIRECTION('',(1.,0.,0.));
#3346 = ORIENTED_EDGE('',*,*,#3347,.F.);
#3347 = EDGE_CURVE('',#3348,#3340,#3350,.T.);
#3348 = VERTEX_POINT('',#3349);
#3349 = CARTESIAN_POINT('',(26.064715068847,-67.17357095687,7.6));
#3350 = LINE('',#3351,#3352);
#3351 = CARTESIAN_POINT('',(26.064715068847,-67.17357095687,7.6));
#3352 = VECTOR('',#3353,1.);
#3353 = DIRECTION('',(0.998795456205,-4.906767432743E-02,0.));
#3354 = ORIENTED_EDGE('',*,*,#3355,.F.);
#3355 = EDGE_CURVE('',#3356,#3348,#3358,.T.);
#3356 = VERTEX_POINT('',#3357);
#3357 = CARTESIAN_POINT('',(25.930733005535,-67.1536965952,7.6));
#3358 = LINE('',#3359,#3360);
#3359 = CARTESIAN_POINT('',(25.930733005535,-67.1536965952,7.6));
#3360 = VECTOR('',#3361,1.);
#3361 = DIRECTION('',(0.989176509965,-0.146730474455,0.));
#3362 = ORIENTED_EDGE('',*,*,#3363,.F.);
#3363 = EDGE_CURVE('',#3364,#3356,#3366,.T.);
#3364 = VERTEX_POINT('',#3365);
#3365 = CARTESIAN_POINT('',(25.799344130576,-67.12078539531,7.6));
#3366 = LINE('',#3367,#3368);
#3367 = CARTESIAN_POINT('',(25.799344130576,-67.12078539531,7.6));
#3368 = VECTOR('',#3369,1.);
#3369 = DIRECTION('',(0.970031253195,-0.242980179903,0.));
#3370 = ORIENTED_EDGE('',*,*,#3371,.F.);
#3371 = EDGE_CURVE('',#3372,#3364,#3374,.T.);
#3372 = VERTEX_POINT('',#3373);
#3373 = CARTESIAN_POINT('',(25.67181379066,-67.07515431004,7.6));
#3374 = LINE('',#3375,#3376);
#3375 = CARTESIAN_POINT('',(25.67181379066,-67.07515431004,7.6));
#3376 = VECTOR('',#3377,1.);
#3377 = DIRECTION('',(0.941544065183,-0.336889853392,0.));
#3378 = ORIENTED_EDGE('',*,*,#3379,.F.);
#3379 = EDGE_CURVE('',#3380,#3372,#3382,.T.);
#3380 = VERTEX_POINT('',#3381);
#3381 = CARTESIAN_POINT('',(25.549370172676,-67.0172427917,7.6));
#3382 = LINE('',#3383,#3384);
#3383 = CARTESIAN_POINT('',(25.549370172676,-67.0172427917,7.6));
#3384 = VECTOR('',#3385,1.);
#3385 = DIRECTION('',(0.903989293123,-0.42755509343,0.));
#3386 = ORIENTED_EDGE('',*,*,#3387,.F.);
#3387 = EDGE_CURVE('',#3388,#3380,#3390,.T.);
#3388 = VERTEX_POINT('',#3389);
#3389 = CARTESIAN_POINT('',(25.4331924756,-66.94760855987,7.6));
#3390 = LINE('',#3391,#3392);
#3391 = CARTESIAN_POINT('',(25.4331924756,-66.94760855987,7.6));
#3392 = VECTOR('',#3393,1.);
#3393 = DIRECTION('',(0.85772861,-0.514102744193,0.));
#3394 = ORIENTED_EDGE('',*,*,#3395,.F.);
#3395 = EDGE_CURVE('',#3396,#3388,#3398,.T.);
#3396 = VERTEX_POINT('',#3397);
#3397 = CARTESIAN_POINT('',(25.324399554163,-66.86692223025,7.6));
#3398 = LINE('',#3399,#3400);
#3399 = CARTESIAN_POINT('',(25.324399554163,-66.86692223025,7.6));
#3400 = VECTOR('',#3401,1.);
#3401 = DIRECTION('',(0.803207531481,-0.595699304492,0.));
#3402 = ORIENTED_EDGE('',*,*,#3403,.F.);
#3403 = EDGE_CURVE('',#3404,#3396,#3406,.T.);
#3404 = VERTEX_POINT('',#3405);
#3405 = CARTESIAN_POINT('',(25.224039143672,-66.77596085632,7.6));
#3406 = LINE('',#3407,#3408);
#3407 = CARTESIAN_POINT('',(25.224039143672,-66.77596085632,7.6));
#3408 = VECTOR('',#3409,1.);
#3409 = DIRECTION('',(0.740951125355,-0.671558954847,0.));
#3410 = ORIENTED_EDGE('',*,*,#3411,.F.);
#3411 = EDGE_CURVE('',#3412,#3404,#3414,.T.);
#3412 = VERTEX_POINT('',#3413);
#3413 = CARTESIAN_POINT('',(25.133077769741,-66.67560044583,7.6));
#3414 = LINE('',#3415,#3416);
#3415 = CARTESIAN_POINT('',(25.133077769741,-66.67560044583,7.6));
#3416 = VECTOR('',#3417,1.);
#3417 = DIRECTION('',(0.671558954847,-0.740951125355,0.));
#3418 = ORIENTED_EDGE('',*,*,#3419,.F.);
#3419 = EDGE_CURVE('',#3420,#3412,#3422,.T.);
#3420 = VERTEX_POINT('',#3421);
#3421 = CARTESIAN_POINT('',(25.052391440127,-66.5668075244,7.6));
#3422 = LINE('',#3423,#3424);
#3423 = CARTESIAN_POINT('',(25.052391440127,-66.5668075244,7.6));
#3424 = VECTOR('',#3425,1.);
#3425 = DIRECTION('',(0.595699304492,-0.803207531481,0.));
#3426 = ORIENTED_EDGE('',*,*,#3427,.F.);
#3427 = EDGE_CURVE('',#3428,#3420,#3430,.T.);
#3428 = VERTEX_POINT('',#3429);
#3429 = CARTESIAN_POINT('',(25.,-66.47939768731,7.6));
#3430 = LINE('',#3431,#3432);
#3431 = CARTESIAN_POINT('',(25.,-66.47939768731,7.6));
#3432 = VECTOR('',#3433,1.);
#3433 = DIRECTION('',(0.514102744193,-0.85772861,0.));
#3434 = ORIENTED_EDGE('',*,*,#3435,.F.);
#3435 = EDGE_CURVE('',#3436,#3428,#3438,.T.);
#3436 = VERTEX_POINT('',#3437);
#3437 = CARTESIAN_POINT('',(25.,-86.50294372515,7.6));
#3438 = LINE('',#3439,#3440);
#3439 = CARTESIAN_POINT('',(25.,-86.50294372515,7.6));
#3440 = VECTOR('',#3441,1.);
#3441 = DIRECTION('',(0.,1.,0.));
#3442 = ORIENTED_EDGE('',*,*,#3443,.F.);
#3443 = EDGE_CURVE('',#3444,#3436,#3446,.T.);
#3444 = VERTEX_POINT('',#3445);
#3445 = CARTESIAN_POINT('',(25.001445452554,-86.56182493434,7.6));
#3446 = LINE('',#3447,#3448);
#3447 = CARTESIAN_POINT('',(25.001445452554,-86.56182493434,7.6));
#3448 = VECTOR('',#3449,1.);
#3449 = DIRECTION('',(-2.454122852271E-02,0.999698818696,0.));
#3450 = ORIENTED_EDGE('',*,*,#3451,.F.);
#3451 = EDGE_CURVE('',#3452,#3444,#3454,.T.);
#3452 = VERTEX_POINT('',#3453);
#3453 = CARTESIAN_POINT('',(25.005778327993,-86.62056429354,7.6));
#3454 = LINE('',#3455,#3456);
#3455 = CARTESIAN_POINT('',(25.005778327993,-86.62056429354,7.6));
#3456 = VECTOR('',#3457,1.);
#3457 = DIRECTION('',(-7.356456359948E-02,0.997290456679,0.));
#3458 = ORIENTED_EDGE('',*,*,#3459,.F.);
#3459 = EDGE_CURVE('',#3460,#3452,#3462,.T.);
#3460 = VERTEX_POINT('',#3461);
#3461 = CARTESIAN_POINT('',(25.012988188042,-86.67902029449,7.6));
#3462 = LINE('',#3463,#3464);
#3463 = CARTESIAN_POINT('',(25.012988188042,-86.67902029449,7.6));
#3464 = VECTOR('',#3465,1.);
#3465 = DIRECTION('',(-0.122410675199,0.992479534599,0.));
#3466 = ORIENTED_EDGE('',*,*,#3467,.F.);
#3467 = EDGE_CURVE('',#3468,#3460,#3470,.T.);
#3468 = VERTEX_POINT('',#3469);
#3469 = CARTESIAN_POINT('',(25.023057663516,-86.73705211157,7.6));
#3470 = LINE('',#3471,#3472);
#3471 = CARTESIAN_POINT('',(25.023057663516,-86.73705211157,7.6));
#3472 = VECTOR('',#3473,1.);
#3473 = DIRECTION('',(-0.17096188876,0.985277642389,0.));
#3474 = ORIENTED_EDGE('',*,*,#3475,.F.);
#3475 = EDGE_CURVE('',#3476,#3468,#3478,.T.);
#3476 = VERTEX_POINT('',#3477);
#3477 = CARTESIAN_POINT('',(25.035962496167,-86.79451994103,7.6));
#3478 = LINE('',#3479,#3480);
#3479 = CARTESIAN_POINT('',(25.035962496167,-86.79451994103,7.6));
#3480 = VECTOR('',#3481,1.);
#3481 = DIRECTION('',(-0.219101240157,0.975702130038,0.));
#3482 = ORIENTED_EDGE('',*,*,#3483,.F.);
#3483 = EDGE_CURVE('',#3484,#3476,#3486,.T.);
#3484 = VERTEX_POINT('',#3485);
#3485 = CARTESIAN_POINT('',(25.051671597121,-86.85128533785,7.6));
#3486 = LINE('',#3487,#3488);
#3487 = CARTESIAN_POINT('',(25.051671597121,-86.85128533785,7.6));
#3488 = VECTOR('',#3489,1.);
#3489 = DIRECTION('',(-0.266712757475,0.963776065796,0.));
#3490 = ORIENTED_EDGE('',*,*,#3491,.F.);
#3491 = EDGE_CURVE('',#3492,#3484,#3494,.T.);
#3492 = VERTEX_POINT('',#3493);
#3493 = CARTESIAN_POINT('',(25.07014712178,-86.90721154922,7.6));
#3494 = LINE('',#3495,#3496);
#3495 = CARTESIAN_POINT('',(25.07014712178,-86.90721154922,7.6));
#3496 = VECTOR('',#3497,1.);
#3497 = DIRECTION('',(-0.313681740399,0.949528180593,0.));
#3498 = ORIENTED_EDGE('',*,*,#3499,.F.);
#3499 = EDGE_CURVE('',#3500,#3492,#3502,.T.);
#3500 = VERTEX_POINT('',#3501);
#3501 = CARTESIAN_POINT('',(25.091344560986,-86.96216384399,7.6));
#3502 = LINE('',#3503,#3504);
#3503 = CARTESIAN_POINT('',(25.091344560986,-86.96216384399,7.6));
#3504 = VECTOR('',#3505,1.);
#3505 = DIRECTION('',(-0.359895036535,0.932992798835,0.));
#3506 = ORIENTED_EDGE('',*,*,#3507,.F.);
#3507 = EDGE_CURVE('',#3508,#3500,#3510,.T.);
#3508 = VERTEX_POINT('',#3509);
#3509 = CARTESIAN_POINT('',(25.115212848252,-87.01600983726,7.6));
#3510 = LINE('',#3511,#3512);
#3511 = CARTESIAN_POINT('',(25.115212848252,-87.01600983726,7.6));
#3512 = VECTOR('',#3513,1.);
#3513 = DIRECTION('',(-0.405241314005,0.914209755704,0.));
#3514 = ORIENTED_EDGE('',*,*,#3515,.F.);
#3515 = EDGE_CURVE('',#3516,#3508,#3518,.T.);
#3516 = VERTEX_POINT('',#3517);
#3517 = CARTESIAN_POINT('',(25.141694482782,-87.06861980934,7.6));
#3518 = LINE('',#3519,#3520);
#3519 = CARTESIAN_POINT('',(25.141694482782,-87.06861980934,7.6));
#3520 = VECTOR('',#3521,1.);
#3521 = DIRECTION('',(-0.449611329655,0.893224301195,0.));
#3522 = ORIENTED_EDGE('',*,*,#3523,.F.);
#3523 = EDGE_CURVE('',#3524,#3516,#3526,.T.);
#3524 = VERTEX_POINT('',#3525);
#3525 = CARTESIAN_POINT('',(25.170725668,-87.11986701818,7.6));
#3526 = LINE('',#3527,#3528);
#3527 = CARTESIAN_POINT('',(25.170725668,-87.11986701818,7.6));
#3528 = VECTOR('',#3529,1.);
#3529 = DIRECTION('',(-0.49289819223,0.870086991109,0.));
#3530 = ORIENTED_EDGE('',*,*,#3531,.F.);
#3531 = EDGE_CURVE('',#3532,#3524,#3534,.T.);
#3532 = VERTEX_POINT('',#3533);
#3533 = CARTESIAN_POINT('',(25.202236465237,-87.16962800477,7.6));
#3534 = LINE('',#3535,#3536);
#3535 = CARTESIAN_POINT('',(25.202236465237,-87.16962800477,7.6));
#3536 = VECTOR('',#3537,1.);
#3537 = DIRECTION('',(-0.534997619887,0.84485356525,0.));
#3538 = ORIENTED_EDGE('',*,*,#3539,.F.);
#3539 = EDGE_CURVE('',#3540,#3532,#3542,.T.);
#3540 = VERTEX_POINT('',#3541);
#3541 = CARTESIAN_POINT('',(25.236150962223,-87.21778289054,7.6));
#3542 = LINE('',#3543,#3544);
#3543 = CARTESIAN_POINT('',(25.236150962223,-87.21778289054,7.6));
#3544 = VECTOR('',#3545,1.);
#3545 = DIRECTION('',(-0.575808191418,0.817584813152,0.));
#3546 = ORIENTED_EDGE('',*,*,#3547,.F.);
#3547 = EDGE_CURVE('',#3548,#3540,#3550,.T.);
#3548 = VERTEX_POINT('',#3549);
#3549 = CARTESIAN_POINT('',(25.272387455965,-87.26421566614,7.6));
#3550 = LINE('',#3551,#3552);
#3551 = CARTESIAN_POINT('',(25.272387455965,-87.26421566614,7.6));
#3552 = VECTOR('',#3553,1.);
#3553 = DIRECTION('',(-0.61523159058,0.788346427627,0.));
#3554 = ORIENTED_EDGE('',*,*,#3555,.F.);
#3555 = EDGE_CURVE('',#3556,#3548,#3558,.T.);
#3556 = VERTEX_POINT('',#3557);
#3557 = CARTESIAN_POINT('',(25.310858649574,-87.30881447096,7.6));
#3558 = LINE('',#3559,#3560);
#3559 = CARTESIAN_POINT('',(25.310858649574,-87.30881447096,7.6));
#3560 = VECTOR('',#3561,1.);
#3561 = DIRECTION('',(-0.653172842954,0.757208846506,0.));
#3562 = ORIENTED_EDGE('',*,*,#3563,.F.);
#3563 = EDGE_CURVE('',#3564,#3556,#3566,.T.);
#3564 = VERTEX_POINT('',#3565);
#3565 = CARTESIAN_POINT('',(25.351471862576,-87.35147186257,7.6));
#3566 = LINE('',#3567,#3568);
#3567 = CARTESIAN_POINT('',(25.351471862576,-87.35147186257,7.6));
#3568 = VECTOR('',#3569,1.);
#3569 = DIRECTION('',(-0.689540544737,0.724247082952,0.));
#3570 = ORIENTED_EDGE('',*,*,#3571,.F.);
#3571 = EDGE_CURVE('',#3572,#3564,#3574,.T.);
#3572 = VERTEX_POINT('',#3573);
#3573 = CARTESIAN_POINT('',(32.440483806244,-94.44048380624,7.6));
#3574 = LINE('',#3575,#3576);
#3575 = CARTESIAN_POINT('',(32.440483806244,-94.44048380624,7.6));
#3576 = VECTOR('',#3577,1.);
#3577 = DIRECTION('',(-0.707106781187,0.707106781187,0.));
#3578 = ORIENTED_EDGE('',*,*,#3579,.F.);
#3579 = EDGE_CURVE('',#3580,#3572,#3582,.T.);
#3580 = VERTEX_POINT('',#3581);
#3581 = CARTESIAN_POINT('',(32.50451232799,-94.50000872509,7.6));
#3582 = LINE('',#3583,#3584);
#3583 = CARTESIAN_POINT('',(32.50451232799,-94.50000872509,7.6));
#3584 = VECTOR('',#3585,1.);
#3585 = DIRECTION('',(-0.73239489453,0.680880105794,0.));
#3586 = ORIENTED_EDGE('',*,*,#3587,.F.);
#3587 = EDGE_CURVE('',#3588,#3580,#3590,.T.);
#3588 = VERTEX_POINT('',#3589);
#3589 = CARTESIAN_POINT('',(32.572704618253,-94.55471410973,7.6));
#3590 = LINE('',#3591,#3592);
#3591 = CARTESIAN_POINT('',(32.572704618253,-94.55471410973,7.6));
#3592 = VECTOR('',#3593,1.);
#3593 = DIRECTION('',(-0.780022463002,0.625751513951,0.));
#3594 = ORIENTED_EDGE('',*,*,#3595,.F.);
#3595 = EDGE_CURVE('',#3596,#3588,#3598,.T.);
#3596 = VERTEX_POINT('',#3597);
#3597 = CARTESIAN_POINT('',(32.644698743252,-94.60430960878,7.6));
#3598 = LINE('',#3599,#3600);
#3599 = CARTESIAN_POINT('',(32.644698743252,-94.60430960878,7.6));
#3600 = VECTOR('',#3601,1.);
#3601 = DIRECTION('',(-0.823510025655,0.56730171659,0.));
#3602 = ORIENTED_EDGE('',*,*,#3603,.F.);
#3603 = EDGE_CURVE('',#3604,#3596,#3606,.T.);
#3604 = VERTEX_POINT('',#3605);
#3605 = CARTESIAN_POINT('',(32.720112590792,-94.6485319918,7.6));
#3606 = LINE('',#3607,#3608);
#3607 = CARTESIAN_POINT('',(32.720112590792,-94.6485319918,7.6));
#3608 = VECTOR('',#3609,1.);
#3609 = DIRECTION('',(-0.86262677021,0.505840938751,0.));
#3610 = ORIENTED_EDGE('',*,*,#3611,.F.);
#3611 = EDGE_CURVE('',#3612,#3604,#3614,.T.);
#3612 = VERTEX_POINT('',#3613);
#3613 = CARTESIAN_POINT('',(32.798545898339,-94.68714654642,7.6));
#3614 = LINE('',#3615,#3616);
#3615 = CARTESIAN_POINT('',(32.798545898339,-94.68714654642,7.6));
#3616 = VECTOR('',#3617,1.);
#3617 = DIRECTION('',(-0.89716508271,0.441695386398,0.));
#3618 = ORIENTED_EDGE('',*,*,#3619,.F.);
#3619 = EDGE_CURVE('',#3620,#3612,#3622,.T.);
#3620 = VERTEX_POINT('',#3621);
#3621 = CARTESIAN_POINT('',(32.879582377432,-94.71994832406,7.6));
#3622 = LINE('',#3623,#3624);
#3623 = CARTESIAN_POINT('',(32.879582377432,-94.71994832406,7.6));
#3624 = VECTOR('',#3625,1.);
#3625 = DIRECTION('',(-0.926941649442,0.375205515058,0.));
#3626 = ORIENTED_EDGE('',*,*,#3627,.F.);
#3627 = EDGE_CURVE('',#3628,#3620,#3630,.T.);
#3628 = VERTEX_POINT('',#3629);
#3629 = CARTESIAN_POINT('',(32.962791923157,-94.74676322777,7.6));
#3630 = LINE('',#3631,#3632);
#3631 = CARTESIAN_POINT('',(32.962791923157,-94.74676322777,7.6));
#3632 = VECTOR('',#3633,1.);
#3633 = DIRECTION('',(-0.951798429879,0.306724222844,0.));
#3634 = ORIENTED_EDGE('',*,*,#3635,.F.);
#3635 = EDGE_CURVE('',#3636,#3628,#3638,.T.);
#3636 = VERTEX_POINT('',#3637);
#3637 = CARTESIAN_POINT('',(33.047732896946,-94.76744893618,7.6));
#3638 = LINE('',#3639,#3640);
#3639 = CARTESIAN_POINT('',(33.047732896946,-94.76744893618,7.6));
#3640 = VECTOR('',#3641,1.);
#3641 = DIRECTION('',(-0.971603495495,0.236614977426,0.));
#3642 = ORIENTED_EDGE('',*,*,#3643,.F.);
#3643 = EDGE_CURVE('',#3644,#3636,#3646,.T.);
#3644 = VERTEX_POINT('',#3645);
#3645 = CARTESIAN_POINT('',(33.133954470596,-94.78189565892,7.6));
#3646 = LINE('',#3647,#3648);
#3647 = CARTESIAN_POINT('',(33.133954470596,-94.78189565892,7.6));
#3648 = VECTOR('',#3649,1.);
#3649 = DIRECTION('',(-0.986251729973,0.165249886914,0.));
#3650 = ORIENTED_EDGE('',*,*,#3651,.F.);
#3651 = EDGE_CURVE('',#3652,#3644,#3654,.T.);
#3652 = VERTEX_POINT('',#3653);
#3653 = CARTESIAN_POINT('',(33.220999019059,-94.79002671933,7.6));
#3654 = LINE('',#3655,#3656);
#3655 = CARTESIAN_POINT('',(33.220999019059,-94.79002671933,7.6));
#3656 = VECTOR('',#3657,1.);
#3657 = DIRECTION('',(-0.995665387122,9.300772487406E-02,0.));
#3658 = ORIENTED_EDGE('',*,*,#3659,.F.);
#3659 = EDGE_CURVE('',#3660,#3652,#3662,.T.);
#3660 = VERTEX_POINT('',#3661);
#3661 = CARTESIAN_POINT('',(33.308404549311,-94.79179896144,7.6));
#3662 = LINE('',#3663,#3664);
#3663 = CARTESIAN_POINT('',(33.308404549311,-94.79179896144,7.6));
#3664 = VECTOR('',#3665,1.);
#3665 = DIRECTION('',(-0.999794503516,2.027191997094E-02,0.));
#3666 = ORIENTED_EDGE('',*,*,#3667,.F.);
#3667 = EDGE_CURVE('',#3668,#3660,#3670,.T.);
#3668 = VERTEX_POINT('',#3669);
#3669 = CARTESIAN_POINT('',(33.395707152398,-94.78720297897,7.6));
#3670 = LINE('',#3671,#3672);
#3671 = CARTESIAN_POINT('',(33.395707152398,-94.78720297897,7.6));
#3672 = VECTOR('',#3673,1.);
#3673 = DIRECTION('',(-0.998617163675,-5.257147909836E-02,0.));
#3674 = ORIENTED_EDGE('',*,*,#3675,.F.);
#3675 = EDGE_CURVE('',#3676,#3668,#3678,.T.);
#3676 = VERTEX_POINT('',#3677);
#3677 = CARTESIAN_POINT('',(33.482443465659,-94.77626316533,7.6));
#3678 = LINE('',#3679,#3680);
#3679 = CARTESIAN_POINT('',(33.482443465659,-94.77626316533,7.6));
#3680 = VECTOR('',#3681,1.);
#3681 = DIRECTION('',(-0.992139616385,-0.125135852576,0.));
#3682 = ORIENTED_EDGE('',*,*,#3683,.F.);
#3683 = EDGE_CURVE('',#3684,#3676,#3686,.T.);
#3684 = VERTEX_POINT('',#3685);
#3685 = CARTESIAN_POINT('',(33.568153132042,-94.75903758409,7.6));
#3686 = LINE('',#3687,#3688);
#3687 = CARTESIAN_POINT('',(33.568153132042,-94.75903758409,7.6));
#3688 = VECTOR('',#3689,1.);
#3689 = DIRECTION('',(-0.980396241533,-0.197036061645,0.));
#3690 = ORIENTED_EDGE('',*,*,#3691,.F.);
#3691 = EDGE_CURVE('',#3692,#3684,#3694,.T.);
#3692 = VERTEX_POINT('',#3693);
#3693 = CARTESIAN_POINT('',(33.652381243471,-94.73561766082,7.6));
#3694 = LINE('',#3695,#3696);
#3695 = CARTESIAN_POINT('',(33.652381243471,-94.73561766082,7.6));
#3696 = VECTOR('',#3697,1.);
#3697 = DIRECTION('',(-0.963449367631,-0.267890492573,0.));
#3698 = ORIENTED_EDGE('',*,*,#3699,.F.);
#3699 = EDGE_CURVE('',#3700,#3692,#3702,.T.);
#3700 = VERTEX_POINT('',#3701);
#3701 = CARTESIAN_POINT('',(33.734680755293,-94.70612769788,7.6));
#3702 = LINE('',#3703,#3704);
#3703 = CARTESIAN_POINT('',(33.734680755293,-94.70612769788,7.6));
#3704 = VECTOR('',#3705,1.);
#3705 = DIRECTION('',(-0.941388941009,-0.337323082142,0.));
#3706 = ORIENTED_EDGE('',*,*,#3707,.F.);
#3707 = EDGE_CURVE('',#3708,#3700,#3710,.T.);
#3708 = VERTEX_POINT('',#3709);
#3709 = CARTESIAN_POINT('',(57.785430072656,-85.08582797093,7.6));
#3710 = LINE('',#3711,#3712);
#3711 = CARTESIAN_POINT('',(57.785430072656,-85.08582797093,7.6));
#3712 = VECTOR('',#3713,1.);
#3713 = DIRECTION('',(-0.928476690885,-0.371390676354,0.));
#3714 = ORIENTED_EDGE('',*,*,#3715,.F.);
#3715 = EDGE_CURVE('',#3716,#3708,#3718,.T.);
#3716 = VERTEX_POINT('',#3717);
#3717 = CARTESIAN_POINT('',(57.812050444549,-85.07554528541,7.6));
#3718 = LINE('',#3719,#3720);
#3719 = CARTESIAN_POINT('',(57.812050444549,-85.07554528541,7.6));
#3720 = VECTOR('',#3721,1.);
#3721 = DIRECTION('',(-0.932827089416,-0.360324327867,0.));
#3722 = ORIENTED_EDGE('',*,*,#3723,.F.);
#3723 = EDGE_CURVE('',#3724,#3716,#3726,.T.);
#3724 = VERTEX_POINT('',#3725);
#3725 = CARTESIAN_POINT('',(57.838907805161,-85.06589852417,7.6));
#3726 = LINE('',#3727,#3728);
#3727 = CARTESIAN_POINT('',(57.838907805161,-85.06589852417,7.6));
#3728 = VECTOR('',#3729,1.);
#3729 = DIRECTION('',(-0.941131612653,-0.338040363958,0.));
#3730 = ORIENTED_EDGE('',*,*,#3731,.F.);
#3731 = EDGE_CURVE('',#3732,#3724,#3734,.T.);
#3732 = VERTEX_POINT('',#3733);
#3733 = CARTESIAN_POINT('',(57.865986965576,-85.05689314286,7.6));
#3734 = LINE('',#3735,#3736);
#3735 = CARTESIAN_POINT('',(57.865986965576,-85.05689314286,7.6));
#3736 = VECTOR('',#3737,1.);
#3737 = DIRECTION('',(-0.948903888174,-0.31556522465,0.));
#3738 = ORIENTED_EDGE('',*,*,#3739,.F.);
#3739 = EDGE_CURVE('',#3740,#3732,#3742,.T.);
#3740 = VERTEX_POINT('',#3741);
#3741 = CARTESIAN_POINT('',(57.893272611442,-85.04853423438,7.6));
#3742 = LINE('',#3743,#3744);
#3743 = CARTESIAN_POINT('',(57.893272611442,-85.04853423438,7.6));
#3744 = VECTOR('',#3745,1.);
#3745 = DIRECTION('',(-0.956139520444,-0.292911620536,0.));
#3746 = ORIENTED_EDGE('',*,*,#3747,.F.);
#3747 = EDGE_CURVE('',#3748,#3740,#3750,.T.);
#3748 = VERTEX_POINT('',#3749);
#3749 = CARTESIAN_POINT('',(57.92074931163,-85.04082652603,7.6));
#3750 = LINE('',#3751,#3752);
#3751 = CARTESIAN_POINT('',(57.92074931163,-85.04082652603,7.6));
#3752 = VECTOR('',#3753,1.);
#3753 = DIRECTION('',(-0.962834417423,-0.270092363138,0.));
#3754 = ORIENTED_EDGE('',*,*,#3755,.F.);
#3755 = EDGE_CURVE('',#3756,#3748,#3758,.T.);
#3756 = VERTEX_POINT('',#3757);
#3757 = CARTESIAN_POINT('',(57.948401526963,-85.03377437681,7.6));
#3758 = LINE('',#3759,#3760);
#3759 = CARTESIAN_POINT('',(57.948401526963,-85.03377437681,7.6));
#3760 = VECTOR('',#3761,1.);
#3761 = DIRECTION('',(-0.968984792877,-0.247120357666,0.));
#3762 = ORIENTED_EDGE('',*,*,#3763,.F.);
#3763 = EDGE_CURVE('',#3764,#3756,#3766,.T.);
#3764 = VERTEX_POINT('',#3765);
#3765 = CARTESIAN_POINT('',(57.976213619003,-85.02738177502,7.6));
#3766 = LINE('',#3767,#3768);
#3767 = CARTESIAN_POINT('',(57.976213619003,-85.02738177502,7.6));
#3768 = VECTOR('',#3769,1.);
#3769 = DIRECTION('',(-0.974587168523,-0.224008595706,0.));
#3770 = ORIENTED_EDGE('',*,*,#3771,.F.);
#3771 = EDGE_CURVE('',#3772,#3764,#3774,.T.);
#3772 = VERTEX_POINT('',#3773);
#3773 = CARTESIAN_POINT('',(58.004169858895,-85.02165233592,7.6));
#3774 = LINE('',#3775,#3776);
#3775 = CARTESIAN_POINT('',(58.004169858895,-85.02165233592,7.6));
#3776 = VECTOR('',#3777,1.);
#3777 = DIRECTION('',(-0.979638375991,-0.200770147893,0.));
#3778 = ORIENTED_EDGE('',*,*,#3779,.F.);
#3779 = EDGE_CURVE('',#3780,#3772,#3782,.T.);
#3780 = VERTEX_POINT('',#3781);
#3781 = CARTESIAN_POINT('',(58.032254436263,-85.01658929973,7.6));
#3782 = LINE('',#3783,#3784);
#3783 = CARTESIAN_POINT('',(58.032254436263,-85.01658929973,7.6));
#3784 = VECTOR('',#3785,1.);
#3785 = DIRECTION('',(-0.984135558622,-0.177418156498,0.));
#3786 = ORIENTED_EDGE('',*,*,#3787,.F.);
#3787 = EDGE_CURVE('',#3788,#3780,#3790,.T.);
#3788 = VERTEX_POINT('',#3789);
#3789 = CARTESIAN_POINT('',(58.06045146815,-85.01219552982,7.6));
#3790 = LINE('',#3791,#3792);
#3791 = CARTESIAN_POINT('',(58.06045146815,-85.01219552982,7.6));
#3792 = VECTOR('',#3793,1.);
#3793 = DIRECTION('',(-0.988076173078,-0.153965828012,0.));
#3794 = ORIENTED_EDGE('',*,*,#3795,.F.);
#3795 = EDGE_CURVE('',#3796,#3788,#3798,.T.);
#3796 = VERTEX_POINT('',#3797);
#3797 = CARTESIAN_POINT('',(58.088745008004,-85.00847351103,7.6));
#3798 = LINE('',#3799,#3800);
#3799 = CARTESIAN_POINT('',(58.088745008004,-85.00847351103,7.6));
#3800 = VECTOR('',#3801,1.);
#3801 = DIRECTION('',(-0.991457990783,-0.130426425668,0.));
#3802 = ORIENTED_EDGE('',*,*,#3803,.F.);
#3803 = EDGE_CURVE('',#3804,#3796,#3806,.T.);
#3804 = VERTEX_POINT('',#3805);
#3805 = CARTESIAN_POINT('',(58.117119054691,-85.00542534831,7.6));
#3806 = LINE('',#3807,#3808);
#3807 = CARTESIAN_POINT('',(58.117119054691,-85.00542534831,7.6));
#3808 = VECTOR('',#3809,1.);
#3809 = DIRECTION('',(-0.994279099183,-0.106813261943,0.));
#3810 = ORIENTED_EDGE('',*,*,#3811,.F.);
#3811 = EDGE_CURVE('',#3812,#3804,#3814,.T.);
#3812 = VERTEX_POINT('',#3813);
#3813 = CARTESIAN_POINT('',(58.145557561548,-85.00305276553,7.6));
#3814 = LINE('',#3815,#3816);
#3815 = CARTESIAN_POINT('',(58.145557561548,-85.00305276553,7.6));
#3816 = VECTOR('',#3817,1.);
#3817 = DIRECTION('',(-0.996537902829,-8.313969103003E-02,0.));
#3818 = ORIENTED_EDGE('',*,*,#3819,.F.);
#3819 = EDGE_CURVE('',#3820,#3812,#3822,.T.);
#3820 = VERTEX_POINT('',#3821);
#3821 = CARTESIAN_POINT('',(58.174044445457,-85.00135710446,7.6));
#3822 = LINE('',#3823,#3824);
#3823 = CARTESIAN_POINT('',(58.174044445457,-85.00135710446,7.6));
#3824 = VECTOR('',#3825,1.);
#3825 = DIRECTION('',(-0.998233124276,-5.941910128294E-02,0.));
#3826 = ORIENTED_EDGE('',*,*,#3827,.F.);
#3827 = EDGE_CURVE('',#3828,#3820,#3830,.T.);
#3828 = VERTEX_POINT('',#3829);
#3829 = CARTESIAN_POINT('',(58.202563595943,-85.00033932409,7.6));
#3830 = LINE('',#3831,#3832);
#3831 = CARTESIAN_POINT('',(58.202563595943,-85.00033932409,7.6));
#3832 = VECTOR('',#3833,1.);
#3833 = DIRECTION('',(-0.999363804809,-3.566490764814E-02,0.));
#3834 = ORIENTED_EDGE('',*,*,#3835,.F.);
#3835 = EDGE_CURVE('',#3836,#3828,#3838,.T.);
#3836 = VERTEX_POINT('',#3837);
#3837 = CARTESIAN_POINT('',(58.231098884281,-85.,7.6));
#3838 = LINE('',#3839,#3840);
#3839 = CARTESIAN_POINT('',(58.231098884281,-85.,7.6));
#3840 = VECTOR('',#3841,1.);
#3841 = DIRECTION('',(-0.999929304982,-1.189054407617E-02,0.));
#3842 = ORIENTED_EDGE('',*,*,#3843,.F.);
#3843 = EDGE_CURVE('',#3844,#3836,#3846,.T.);
#3844 = VERTEX_POINT('',#3845);
#3845 = CARTESIAN_POINT('',(89.768901115719,-85.,7.6));
#3846 = LINE('',#3847,#3848);
#3847 = CARTESIAN_POINT('',(89.768901115719,-85.,7.6));
#3848 = VECTOR('',#3849,1.);
#3849 = DIRECTION('',(-1.,0.,0.));
#3850 = ORIENTED_EDGE('',*,*,#3851,.F.);
#3851 = EDGE_CURVE('',#3852,#3844,#3854,.T.);
#3852 = VERTEX_POINT('',#3853);
#3853 = CARTESIAN_POINT('',(89.797436404057,-84.9996606759,7.6));
#3854 = LINE('',#3855,#3856);
#3855 = CARTESIAN_POINT('',(89.797436404057,-84.9996606759,7.6));
#3856 = VECTOR('',#3857,1.);
#3857 = DIRECTION('',(-0.999929304982,-1.189054407617E-02,0.));
#3858 = ORIENTED_EDGE('',*,*,#3859,.F.);
#3859 = EDGE_CURVE('',#3860,#3852,#3862,.T.);
#3860 = VERTEX_POINT('',#3861);
#3861 = CARTESIAN_POINT('',(89.825955554543,-84.99864289553,7.6));
#3862 = LINE('',#3863,#3864);
#3863 = CARTESIAN_POINT('',(89.825955554543,-84.99864289553,7.6));
#3864 = VECTOR('',#3865,1.);
#3865 = DIRECTION('',(-0.999363804809,-3.566490764814E-02,0.));
#3866 = ORIENTED_EDGE('',*,*,#3867,.F.);
#3867 = EDGE_CURVE('',#3868,#3860,#3870,.T.);
#3868 = VERTEX_POINT('',#3869);
#3869 = CARTESIAN_POINT('',(89.854442438452,-84.99694723447,7.6));
#3870 = LINE('',#3871,#3872);
#3871 = CARTESIAN_POINT('',(89.854442438452,-84.99694723447,7.6));
#3872 = VECTOR('',#3873,1.);
#3873 = DIRECTION('',(-0.998233124276,-5.941910128294E-02,0.));
#3874 = ORIENTED_EDGE('',*,*,#3875,.F.);
#3875 = EDGE_CURVE('',#3876,#3868,#3878,.T.);
#3876 = VERTEX_POINT('',#3877);
#3877 = CARTESIAN_POINT('',(89.882880945309,-84.99457465168,7.6));
#3878 = LINE('',#3879,#3880);
#3879 = CARTESIAN_POINT('',(89.882880945309,-84.99457465168,7.6));
#3880 = VECTOR('',#3881,1.);
#3881 = DIRECTION('',(-0.996537902829,-8.313969103003E-02,0.));
#3882 = ORIENTED_EDGE('',*,*,#3883,.F.);
#3883 = EDGE_CURVE('',#3884,#3876,#3886,.T.);
#3884 = VERTEX_POINT('',#3885);
#3885 = CARTESIAN_POINT('',(89.911254991996,-84.99152648896,7.6));
#3886 = LINE('',#3887,#3888);
#3887 = CARTESIAN_POINT('',(89.911254991996,-84.99152648896,7.6));
#3888 = VECTOR('',#3889,1.);
#3889 = DIRECTION('',(-0.994279099183,-0.106813261943,0.));
#3890 = ORIENTED_EDGE('',*,*,#3891,.F.);
#3891 = EDGE_CURVE('',#3892,#3884,#3894,.T.);
#3892 = VERTEX_POINT('',#3893);
#3893 = CARTESIAN_POINT('',(89.93954853185,-84.98780447017,7.6));
#3894 = LINE('',#3895,#3896);
#3895 = CARTESIAN_POINT('',(89.93954853185,-84.98780447017,7.6));
#3896 = VECTOR('',#3897,1.);
#3897 = DIRECTION('',(-0.991457990783,-0.130426425668,0.));
#3898 = ORIENTED_EDGE('',*,*,#3899,.F.);
#3899 = EDGE_CURVE('',#3900,#3892,#3902,.T.);
#3900 = VERTEX_POINT('',#3901);
#3901 = CARTESIAN_POINT('',(89.967745563737,-84.98341070026,7.6));
#3902 = LINE('',#3903,#3904);
#3903 = CARTESIAN_POINT('',(89.967745563737,-84.98341070026,7.6));
#3904 = VECTOR('',#3905,1.);
#3905 = DIRECTION('',(-0.988076173078,-0.153965828012,0.));
#3906 = ORIENTED_EDGE('',*,*,#3907,.F.);
#3907 = EDGE_CURVE('',#3908,#3900,#3910,.T.);
#3908 = VERTEX_POINT('',#3909);
#3909 = CARTESIAN_POINT('',(89.995830141105,-84.97834766407,7.6));
#3910 = LINE('',#3911,#3912);
#3911 = CARTESIAN_POINT('',(89.995830141105,-84.97834766407,7.6));
#3912 = VECTOR('',#3913,1.);
#3913 = DIRECTION('',(-0.984135558622,-0.177418156498,0.));
#3914 = ORIENTED_EDGE('',*,*,#3915,.F.);
#3915 = EDGE_CURVE('',#3916,#3908,#3918,.T.);
#3916 = VERTEX_POINT('',#3917);
#3917 = CARTESIAN_POINT('',(90.023786380997,-84.97261822497,7.6));
#3918 = LINE('',#3919,#3920);
#3919 = CARTESIAN_POINT('',(90.023786380997,-84.97261822497,7.6));
#3920 = VECTOR('',#3921,1.);
#3921 = DIRECTION('',(-0.979638375991,-0.200770147893,0.));
#3922 = ORIENTED_EDGE('',*,*,#3923,.F.);
#3923 = EDGE_CURVE('',#3924,#3916,#3926,.T.);
#3924 = VERTEX_POINT('',#3925);
#3925 = CARTESIAN_POINT('',(90.051598473037,-84.96622562318,7.6));
#3926 = LINE('',#3927,#3928);
#3927 = CARTESIAN_POINT('',(90.051598473037,-84.96622562318,7.6));
#3928 = VECTOR('',#3929,1.);
#3929 = DIRECTION('',(-0.974587168523,-0.224008595706,0.));
#3930 = ORIENTED_EDGE('',*,*,#3931,.F.);
#3931 = EDGE_CURVE('',#3932,#3924,#3934,.T.);
#3932 = VERTEX_POINT('',#3933);
#3933 = CARTESIAN_POINT('',(90.07925068837,-84.95917347397,7.6));
#3934 = LINE('',#3935,#3936);
#3935 = CARTESIAN_POINT('',(90.07925068837,-84.95917347397,7.6));
#3936 = VECTOR('',#3937,1.);
#3937 = DIRECTION('',(-0.968984792877,-0.247120357666,0.));
#3938 = ORIENTED_EDGE('',*,*,#3939,.F.);
#3939 = EDGE_CURVE('',#3940,#3932,#3942,.T.);
#3940 = VERTEX_POINT('',#3941);
#3941 = CARTESIAN_POINT('',(90.106727388558,-84.95146576561,7.6));
#3942 = LINE('',#3943,#3944);
#3943 = CARTESIAN_POINT('',(90.106727388558,-84.95146576561,7.6));
#3944 = VECTOR('',#3945,1.);
#3945 = DIRECTION('',(-0.962834417423,-0.270092363138,0.));
#3946 = ORIENTED_EDGE('',*,*,#3947,.F.);
#3947 = EDGE_CURVE('',#3948,#3940,#3950,.T.);
#3948 = VERTEX_POINT('',#3949);
#3949 = CARTESIAN_POINT('',(90.134013034424,-84.94310685713,7.6));
#3950 = LINE('',#3951,#3952);
#3951 = CARTESIAN_POINT('',(90.134013034424,-84.94310685713,7.6));
#3952 = VECTOR('',#3953,1.);
#3953 = DIRECTION('',(-0.956139520444,-0.292911620536,0.));
#3954 = ORIENTED_EDGE('',*,*,#3955,.F.);
#3955 = EDGE_CURVE('',#3956,#3948,#3958,.T.);
#3956 = VERTEX_POINT('',#3957);
#3957 = CARTESIAN_POINT('',(90.161092194839,-84.93410147582,7.6));
#3958 = LINE('',#3959,#3960);
#3959 = CARTESIAN_POINT('',(90.161092194839,-84.93410147582,7.6));
#3960 = VECTOR('',#3961,1.);
#3961 = DIRECTION('',(-0.948903888174,-0.31556522465,0.));
#3962 = ORIENTED_EDGE('',*,*,#3963,.F.);
#3963 = EDGE_CURVE('',#3964,#3956,#3966,.T.);
#3964 = VERTEX_POINT('',#3965);
#3965 = CARTESIAN_POINT('',(90.187949555451,-84.92445471458,7.6));
#3966 = LINE('',#3967,#3968);
#3967 = CARTESIAN_POINT('',(90.187949555451,-84.92445471458,7.6));
#3968 = VECTOR('',#3969,1.);
#3969 = DIRECTION('',(-0.941131612653,-0.338040363958,0.));
#3970 = ORIENTED_EDGE('',*,*,#3971,.F.);
#3971 = EDGE_CURVE('',#3972,#3964,#3974,.T.);
#3972 = VERTEX_POINT('',#3973);
#3973 = CARTESIAN_POINT('',(90.214569927344,-84.91417202906,7.6));
#3974 = LINE('',#3975,#3976);
#3975 = CARTESIAN_POINT('',(90.214569927344,-84.91417202906,7.6));
#3976 = VECTOR('',#3977,1.);
#3977 = DIRECTION('',(-0.932827089416,-0.360324327867,0.));
#3978 = ORIENTED_EDGE('',*,*,#3979,.F.);
#3979 = EDGE_CURVE('',#3980,#3972,#3982,.T.);
#3980 = VERTEX_POINT('',#3981);
#3981 = CARTESIAN_POINT('',(114.78543007265,-75.08582797093,7.6));
#3982 = LINE('',#3983,#3984);
#3983 = CARTESIAN_POINT('',(114.78543007265,-75.08582797093,7.6));
#3984 = VECTOR('',#3985,1.);
#3985 = DIRECTION('',(-0.928476690885,-0.371390676354,0.));
#3986 = ORIENTED_EDGE('',*,*,#3987,.F.);
#3987 = EDGE_CURVE('',#3988,#3980,#3990,.T.);
#3988 = VERTEX_POINT('',#3989);
#3989 = CARTESIAN_POINT('',(114.81205044454,-75.07554528541,7.6));
#3990 = LINE('',#3991,#3992);
#3991 = CARTESIAN_POINT('',(114.81205044454,-75.07554528541,7.6));
#3992 = VECTOR('',#3993,1.);
#3993 = DIRECTION('',(-0.932827089416,-0.360324327867,0.));
#3994 = ORIENTED_EDGE('',*,*,#3995,.F.);
#3995 = EDGE_CURVE('',#3996,#3988,#3998,.T.);
#3996 = VERTEX_POINT('',#3997);
#3997 = CARTESIAN_POINT('',(114.83890780516,-75.06589852417,7.6));
#3998 = LINE('',#3999,#4000);
#3999 = CARTESIAN_POINT('',(114.83890780516,-75.06589852417,7.6));
#4000 = VECTOR('',#4001,1.);
#4001 = DIRECTION('',(-0.941131612653,-0.338040363958,0.));
#4002 = ORIENTED_EDGE('',*,*,#4003,.F.);
#4003 = EDGE_CURVE('',#4004,#3996,#4006,.T.);
#4004 = VERTEX_POINT('',#4005);
#4005 = CARTESIAN_POINT('',(114.86598696557,-75.05689314286,7.6));
#4006 = LINE('',#4007,#4008);
#4007 = CARTESIAN_POINT('',(114.86598696557,-75.05689314286,7.6));
#4008 = VECTOR('',#4009,1.);
#4009 = DIRECTION('',(-0.948903888174,-0.31556522465,0.));
#4010 = ORIENTED_EDGE('',*,*,#4011,.F.);
#4011 = EDGE_CURVE('',#4012,#4004,#4014,.T.);
#4012 = VERTEX_POINT('',#4013);
#4013 = CARTESIAN_POINT('',(114.89327261144,-75.04853423438,7.6));
#4014 = LINE('',#4015,#4016);
#4015 = CARTESIAN_POINT('',(114.89327261144,-75.04853423438,7.6));
#4016 = VECTOR('',#4017,1.);
#4017 = DIRECTION('',(-0.956139520444,-0.292911620535,0.));
#4018 = ORIENTED_EDGE('',*,*,#4019,.F.);
#4019 = EDGE_CURVE('',#4020,#4012,#4022,.T.);
#4020 = VERTEX_POINT('',#4021);
#4021 = CARTESIAN_POINT('',(114.92074931163,-75.04082652603,7.6));
#4022 = LINE('',#4023,#4024);
#4023 = CARTESIAN_POINT('',(114.92074931163,-75.04082652603,7.6));
#4024 = VECTOR('',#4025,1.);
#4025 = DIRECTION('',(-0.962834417423,-0.270092363139,0.));
#4026 = ORIENTED_EDGE('',*,*,#4027,.F.);
#4027 = EDGE_CURVE('',#4028,#4020,#4030,.T.);
#4028 = VERTEX_POINT('',#4029);
#4029 = CARTESIAN_POINT('',(114.94840152696,-75.03377437681,7.6));
#4030 = LINE('',#4031,#4032);
#4031 = CARTESIAN_POINT('',(114.94840152696,-75.03377437681,7.6));
#4032 = VECTOR('',#4033,1.);
#4033 = DIRECTION('',(-0.968984792877,-0.247120357666,0.));
#4034 = ORIENTED_EDGE('',*,*,#4035,.F.);
#4035 = EDGE_CURVE('',#4036,#4028,#4038,.T.);
#4036 = VERTEX_POINT('',#4037);
#4037 = CARTESIAN_POINT('',(114.976213619,-75.02738177502,7.6));
#4038 = LINE('',#4039,#4040);
#4039 = CARTESIAN_POINT('',(114.976213619,-75.02738177502,7.6));
#4040 = VECTOR('',#4041,1.);
#4041 = DIRECTION('',(-0.974587168523,-0.224008595706,0.));
#4042 = ORIENTED_EDGE('',*,*,#4043,.F.);
#4043 = EDGE_CURVE('',#4044,#4036,#4046,.T.);
#4044 = VERTEX_POINT('',#4045);
#4045 = CARTESIAN_POINT('',(115.00416985889,-75.02165233592,7.6));
#4046 = LINE('',#4047,#4048);
#4047 = CARTESIAN_POINT('',(115.00416985889,-75.02165233592,7.6));
#4048 = VECTOR('',#4049,1.);
#4049 = DIRECTION('',(-0.979638375991,-0.200770147893,0.));
#4050 = ORIENTED_EDGE('',*,*,#4051,.F.);
#4051 = EDGE_CURVE('',#4052,#4044,#4054,.T.);
#4052 = VERTEX_POINT('',#4053);
#4053 = CARTESIAN_POINT('',(115.03225443626,-75.01658929973,7.6));
#4054 = LINE('',#4055,#4056);
#4055 = CARTESIAN_POINT('',(115.03225443626,-75.01658929973,7.6));
#4056 = VECTOR('',#4057,1.);
#4057 = DIRECTION('',(-0.984135558622,-0.177418156498,0.));
#4058 = ORIENTED_EDGE('',*,*,#4059,.F.);
#4059 = EDGE_CURVE('',#4060,#4052,#4062,.T.);
#4060 = VERTEX_POINT('',#4061);
#4061 = CARTESIAN_POINT('',(115.06045146815,-75.01219552982,7.6));
#4062 = LINE('',#4063,#4064);
#4063 = CARTESIAN_POINT('',(115.06045146815,-75.01219552982,7.6));
#4064 = VECTOR('',#4065,1.);
#4065 = DIRECTION('',(-0.988076173078,-0.153965828012,0.));
#4066 = ORIENTED_EDGE('',*,*,#4067,.F.);
#4067 = EDGE_CURVE('',#4068,#4060,#4070,.T.);
#4068 = VERTEX_POINT('',#4069);
#4069 = CARTESIAN_POINT('',(115.088745008,-75.00847351103,7.6));
#4070 = LINE('',#4071,#4072);
#4071 = CARTESIAN_POINT('',(115.088745008,-75.00847351103,7.6));
#4072 = VECTOR('',#4073,1.);
#4073 = DIRECTION('',(-0.991457990783,-0.130426425668,0.));
#4074 = ORIENTED_EDGE('',*,*,#4075,.F.);
#4075 = EDGE_CURVE('',#4076,#4068,#4078,.T.);
#4076 = VERTEX_POINT('',#4077);
#4077 = CARTESIAN_POINT('',(115.11711905469,-75.00542534831,7.6));
#4078 = LINE('',#4079,#4080);
#4079 = CARTESIAN_POINT('',(115.11711905469,-75.00542534831,7.6));
#4080 = VECTOR('',#4081,1.);
#4081 = DIRECTION('',(-0.994279099183,-0.106813261943,0.));
#4082 = ORIENTED_EDGE('',*,*,#4083,.F.);
#4083 = EDGE_CURVE('',#4084,#4076,#4086,.T.);
#4084 = VERTEX_POINT('',#4085);
#4085 = CARTESIAN_POINT('',(115.14555756154,-75.00305276553,7.6));
#4086 = LINE('',#4087,#4088);
#4087 = CARTESIAN_POINT('',(115.14555756154,-75.00305276553,7.6));
#4088 = VECTOR('',#4089,1.);
#4089 = DIRECTION('',(-0.996537902829,-8.313969102999E-02,0.));
#4090 = ORIENTED_EDGE('',*,*,#4091,.F.);
#4091 = EDGE_CURVE('',#4092,#4084,#4094,.T.);
#4092 = VERTEX_POINT('',#4093);
#4093 = CARTESIAN_POINT('',(115.17404444545,-75.00135710446,7.6));
#4094 = LINE('',#4095,#4096);
#4095 = CARTESIAN_POINT('',(115.17404444545,-75.00135710446,7.6));
#4096 = VECTOR('',#4097,1.);
#4097 = DIRECTION('',(-0.998233124276,-5.941910128297E-02,0.));
#4098 = ORIENTED_EDGE('',*,*,#4099,.F.);
#4099 = EDGE_CURVE('',#4100,#4092,#4102,.T.);
#4100 = VERTEX_POINT('',#4101);
#4101 = CARTESIAN_POINT('',(115.20256359594,-75.00033932409,7.6));
#4102 = LINE('',#4103,#4104);
#4103 = CARTESIAN_POINT('',(115.20256359594,-75.00033932409,7.6));
#4104 = VECTOR('',#4105,1.);
#4105 = DIRECTION('',(-0.999363804809,-3.566490764814E-02,0.));
#4106 = ORIENTED_EDGE('',*,*,#4107,.F.);
#4107 = EDGE_CURVE('',#4108,#4100,#4110,.T.);
#4108 = VERTEX_POINT('',#4109);
#4109 = CARTESIAN_POINT('',(115.23109888428,-75.,7.6));
#4110 = LINE('',#4111,#4112);
#4111 = CARTESIAN_POINT('',(115.23109888428,-75.,7.6));
#4112 = VECTOR('',#4113,1.);
#4113 = DIRECTION('',(-0.999929304982,-1.189054407617E-02,0.));
#4114 = ORIENTED_EDGE('',*,*,#4115,.F.);
#4115 = EDGE_CURVE('',#4116,#4108,#4118,.T.);
#4116 = VERTEX_POINT('',#4117);
#4117 = CARTESIAN_POINT('',(141.9,-75.,7.6));
#4118 = LINE('',#4119,#4120);
#4119 = CARTESIAN_POINT('',(141.9,-75.,7.6));
#4120 = VECTOR('',#4121,1.);
#4121 = DIRECTION('',(-1.,0.,0.));
#4122 = ORIENTED_EDGE('',*,*,#4123,.F.);
#4123 = EDGE_CURVE('',#4124,#4116,#4126,.T.);
#4124 = VERTEX_POINT('',#4125);
#4125 = CARTESIAN_POINT('',(142.01762056839,-74.994221672,7.6));
#4126 = LINE('',#4127,#4128);
#4127 = CARTESIAN_POINT('',(142.01762056839,-74.994221672,7.6));
#4128 = VECTOR('',#4129,1.);
#4129 = DIRECTION('',(-0.998795456205,-4.906767432746E-02,0.));
#4130 = ORIENTED_EDGE('',*,*,#4131,.F.);
#4131 = EDGE_CURVE('',#4132,#4124,#4134,.T.);
#4132 = VERTEX_POINT('',#4133);
#4133 = CARTESIAN_POINT('',(142.13410838641,-74.97694233648,7.6));
#4134 = LINE('',#4135,#4136);
#4135 = CARTESIAN_POINT('',(142.13410838641,-74.97694233648,7.6));
#4136 = VECTOR('',#4137,1.);
#4137 = DIRECTION('',(-0.989176509965,-0.146730474455,0.));
#4138 = ORIENTED_EDGE('',*,*,#4139,.F.);
#4139 = EDGE_CURVE('',#4140,#4132,#4142,.T.);
#4140 = VERTEX_POINT('',#4141);
#4141 = CARTESIAN_POINT('',(142.2483416127,-74.94832840287,7.6));
#4142 = LINE('',#4143,#4144);
#4143 = CARTESIAN_POINT('',(142.2483416127,-74.94832840287,7.6));
#4144 = VECTOR('',#4145,1.);
#4145 = DIRECTION('',(-0.970031253195,-0.242980179903,0.));
#4146 = ORIENTED_EDGE('',*,*,#4147,.F.);
#4147 = EDGE_CURVE('',#4148,#4140,#4150,.T.);
#4148 = VERTEX_POINT('',#4149);
#4149 = CARTESIAN_POINT('',(142.35922011883,-74.90865543901,7.6));
#4150 = LINE('',#4151,#4152);
#4151 = CARTESIAN_POINT('',(142.35922011883,-74.90865543901,7.6));
#4152 = VECTOR('',#4153,1.);
#4153 = DIRECTION('',(-0.941544065183,-0.336889853392,0.));
#4154 = ORIENTED_EDGE('',*,*,#4155,.F.);
#4155 = EDGE_CURVE('',#4156,#4148,#4158,.T.);
#4156 = VERTEX_POINT('',#4157);
#4157 = CARTESIAN_POINT('',(142.46567608419,-74.85830551721,7.6));
#4158 = LINE('',#4159,#4160);
#4159 = CARTESIAN_POINT('',(142.46567608419,-74.85830551721,7.6));
#4160 = VECTOR('',#4161,1.);
#4161 = DIRECTION('',(-0.903989293123,-0.42755509343,0.));
#4162 = ORIENTED_EDGE('',*,*,#4163,.F.);
#4163 = EDGE_CURVE('',#4164,#4156,#4166,.T.);
#4164 = VERTEX_POINT('',#4165);
#4165 = CARTESIAN_POINT('',(142.56668427962,-74.79776353476,7.6));
#4166 = LINE('',#4167,#4168);
#4167 = CARTESIAN_POINT('',(142.56668427962,-74.79776353476,7.6));
#4168 = VECTOR('',#4169,1.);
#4169 = DIRECTION('',(-0.85772861,-0.514102744193,0.));
#4170 = ORIENTED_EDGE('',*,*,#4171,.F.);
#4171 = EDGE_CURVE('',#4172,#4164,#4174,.T.);
#4172 = VERTEX_POINT('',#4173);
#4173 = CARTESIAN_POINT('',(142.66127194099,-74.72761254403,7.6));
#4174 = LINE('',#4175,#4176);
#4175 = CARTESIAN_POINT('',(142.66127194099,-74.72761254403,7.6));
#4176 = VECTOR('',#4177,1.);
#4177 = DIRECTION('',(-0.803207531481,-0.595699304492,0.));
#4178 = ORIENTED_EDGE('',*,*,#4179,.F.);
#4179 = EDGE_CURVE('',#4180,#4172,#4182,.T.);
#4180 = VERTEX_POINT('',#4181);
#4181 = CARTESIAN_POINT('',(142.74852813742,-74.64852813742,7.6));
#4182 = LINE('',#4183,#4184);
#4183 = CARTESIAN_POINT('',(142.74852813742,-74.64852813742,7.6));
#4184 = VECTOR('',#4185,1.);
#4185 = DIRECTION('',(-0.740951125355,-0.671558954847,0.));
#4186 = ORIENTED_EDGE('',*,*,#4187,.F.);
#4187 = EDGE_CURVE('',#4188,#4180,#4190,.T.);
#4188 = VERTEX_POINT('',#4189);
#4189 = CARTESIAN_POINT('',(142.82761254403,-74.56127194099,7.6));
#4190 = LINE('',#4191,#4192);
#4191 = CARTESIAN_POINT('',(142.82761254403,-74.56127194099,7.6));
#4192 = VECTOR('',#4193,1.);
#4193 = DIRECTION('',(-0.671558954847,-0.740951125355,0.));
#4194 = ORIENTED_EDGE('',*,*,#4195,.F.);
#4195 = EDGE_CURVE('',#4196,#4188,#4198,.T.);
#4196 = VERTEX_POINT('',#4197);
#4197 = CARTESIAN_POINT('',(142.89776353476,-74.46668427962,7.6));
#4198 = LINE('',#4199,#4200);
#4199 = CARTESIAN_POINT('',(142.89776353476,-74.46668427962,7.6));
#4200 = VECTOR('',#4201,1.);
#4201 = DIRECTION('',(-0.595699304492,-0.803207531481,0.));
#4202 = ORIENTED_EDGE('',*,*,#4203,.F.);
#4203 = EDGE_CURVE('',#4204,#4196,#4206,.T.);
#4204 = VERTEX_POINT('',#4205);
#4205 = CARTESIAN_POINT('',(142.95830551721,-74.36567608419,7.6));
#4206 = LINE('',#4207,#4208);
#4207 = CARTESIAN_POINT('',(142.95830551721,-74.36567608419,7.6));
#4208 = VECTOR('',#4209,1.);
#4209 = DIRECTION('',(-0.514102744193,-0.85772861,0.));
#4210 = ORIENTED_EDGE('',*,*,#4211,.F.);
#4211 = EDGE_CURVE('',#4212,#4204,#4214,.T.);
#4212 = VERTEX_POINT('',#4213);
#4213 = CARTESIAN_POINT('',(143.00865543901,-74.25922011883,7.6));
#4214 = LINE('',#4215,#4216);
#4215 = CARTESIAN_POINT('',(143.00865543901,-74.25922011883,7.6));
#4216 = VECTOR('',#4217,1.);
#4217 = DIRECTION('',(-0.42755509343,-0.903989293123,0.));
#4218 = ORIENTED_EDGE('',*,*,#4219,.F.);
#4219 = EDGE_CURVE('',#4220,#4212,#4222,.T.);
#4220 = VERTEX_POINT('',#4221);
#4221 = CARTESIAN_POINT('',(143.04832840287,-74.1483416127,7.6));
#4222 = LINE('',#4223,#4224);
#4223 = CARTESIAN_POINT('',(143.04832840287,-74.1483416127,7.6));
#4224 = VECTOR('',#4225,1.);
#4225 = DIRECTION('',(-0.336889853392,-0.941544065183,0.));
#4226 = ORIENTED_EDGE('',*,*,#4227,.F.);
#4227 = EDGE_CURVE('',#4228,#4220,#4230,.T.);
#4228 = VERTEX_POINT('',#4229);
#4229 = CARTESIAN_POINT('',(143.07694233648,-74.03410838641,7.6));
#4230 = LINE('',#4231,#4232);
#4231 = CARTESIAN_POINT('',(143.07694233648,-74.03410838641,7.6));
#4232 = VECTOR('',#4233,1.);
#4233 = DIRECTION('',(-0.242980179903,-0.970031253195,0.));
#4234 = ORIENTED_EDGE('',*,*,#4235,.F.);
#4235 = EDGE_CURVE('',#4236,#4228,#4238,.T.);
#4236 = VERTEX_POINT('',#4237);
#4237 = CARTESIAN_POINT('',(143.094221672,-73.91762056839,7.6));
#4238 = LINE('',#4239,#4240);
#4239 = CARTESIAN_POINT('',(143.094221672,-73.91762056839,7.6));
#4240 = VECTOR('',#4241,1.);
#4241 = DIRECTION('',(-0.146730474455,-0.989176509965,0.));
#4242 = ORIENTED_EDGE('',*,*,#4243,.F.);
#4243 = EDGE_CURVE('',#4244,#4236,#4246,.T.);
#4244 = VERTEX_POINT('',#4245);
#4245 = CARTESIAN_POINT('',(143.1,-73.8,7.6));
#4246 = LINE('',#4247,#4248);
#4247 = CARTESIAN_POINT('',(143.1,-73.8,7.6));
#4248 = VECTOR('',#4249,1.);
#4249 = DIRECTION('',(-4.906767432722E-02,-0.998795456205,0.));
#4250 = ORIENTED_EDGE('',*,*,#4251,.F.);
#4251 = EDGE_CURVE('',#4252,#4244,#4254,.T.);
#4252 = VERTEX_POINT('',#4253);
#4253 = CARTESIAN_POINT('',(143.1,-19.2,7.6));
#4254 = LINE('',#4255,#4256);
#4255 = CARTESIAN_POINT('',(143.1,-19.2,7.6));
#4256 = VECTOR('',#4257,1.);
#4257 = DIRECTION('',(0.,-1.,0.));
#4258 = ORIENTED_EDGE('',*,*,#4259,.F.);
#4259 = EDGE_CURVE('',#4260,#4252,#4262,.T.);
#4260 = VERTEX_POINT('',#4261);
#4261 = CARTESIAN_POINT('',(143.094221672,-19.0823794316,7.6));
#4262 = LINE('',#4263,#4264);
#4263 = CARTESIAN_POINT('',(143.094221672,-19.0823794316,7.6));
#4264 = VECTOR('',#4265,1.);
#4265 = DIRECTION('',(4.906767432722E-02,-0.998795456205,0.));
#4266 = ORIENTED_EDGE('',*,*,#4267,.F.);
#4267 = EDGE_CURVE('',#4268,#4260,#4270,.T.);
#4268 = VERTEX_POINT('',#4269);
#4269 = CARTESIAN_POINT('',(143.07694233648,-18.96589161358,7.6));
#4270 = LINE('',#4271,#4272);
#4271 = CARTESIAN_POINT('',(143.07694233648,-18.96589161358,7.6));
#4272 = VECTOR('',#4273,1.);
#4273 = DIRECTION('',(0.146730474455,-0.989176509965,0.));
#4274 = ORIENTED_EDGE('',*,*,#4275,.F.);
#4275 = EDGE_CURVE('',#4276,#4268,#4278,.T.);
#4276 = VERTEX_POINT('',#4277);
#4277 = CARTESIAN_POINT('',(143.04832840287,-18.85165838729,7.6));
#4278 = LINE('',#4279,#4280);
#4279 = CARTESIAN_POINT('',(143.04832840287,-18.85165838729,7.6));
#4280 = VECTOR('',#4281,1.);
#4281 = DIRECTION('',(0.242980179903,-0.970031253195,0.));
#4282 = ORIENTED_EDGE('',*,*,#4283,.F.);
#4283 = EDGE_CURVE('',#4284,#4276,#4286,.T.);
#4284 = VERTEX_POINT('',#4285);
#4285 = CARTESIAN_POINT('',(143.00865543901,-18.74077988116,7.6));
#4286 = LINE('',#4287,#4288);
#4287 = CARTESIAN_POINT('',(143.00865543901,-18.74077988116,7.6));
#4288 = VECTOR('',#4289,1.);
#4289 = DIRECTION('',(0.336889853392,-0.941544065183,0.));
#4290 = ORIENTED_EDGE('',*,*,#4291,.F.);
#4291 = EDGE_CURVE('',#4292,#4284,#4294,.T.);
#4292 = VERTEX_POINT('',#4293);
#4293 = CARTESIAN_POINT('',(142.95830551721,-18.6343239158,7.6));
#4294 = LINE('',#4295,#4296);
#4295 = CARTESIAN_POINT('',(142.95830551721,-18.6343239158,7.6));
#4296 = VECTOR('',#4297,1.);
#4297 = DIRECTION('',(0.42755509343,-0.903989293123,0.));
#4298 = ORIENTED_EDGE('',*,*,#4299,.F.);
#4299 = EDGE_CURVE('',#4300,#4292,#4302,.T.);
#4300 = VERTEX_POINT('',#4301);
#4301 = CARTESIAN_POINT('',(142.89776353476,-18.53331572037,7.6));
#4302 = LINE('',#4303,#4304);
#4303 = CARTESIAN_POINT('',(142.89776353476,-18.53331572037,7.6));
#4304 = VECTOR('',#4305,1.);
#4305 = DIRECTION('',(0.514102744193,-0.85772861,0.));
#4306 = ORIENTED_EDGE('',*,*,#4307,.F.);
#4307 = EDGE_CURVE('',#4308,#4300,#4310,.T.);
#4308 = VERTEX_POINT('',#4309);
#4309 = CARTESIAN_POINT('',(142.82761254403,-18.438728059,7.6));
#4310 = LINE('',#4311,#4312);
#4311 = CARTESIAN_POINT('',(142.82761254403,-18.438728059,7.6));
#4312 = VECTOR('',#4313,1.);
#4313 = DIRECTION('',(0.595699304492,-0.803207531481,0.));
#4314 = ORIENTED_EDGE('',*,*,#4315,.F.);
#4315 = EDGE_CURVE('',#4316,#4308,#4318,.T.);
#4316 = VERTEX_POINT('',#4317);
#4317 = CARTESIAN_POINT('',(142.74852813742,-18.35147186257,7.6));
#4318 = LINE('',#4319,#4320);
#4319 = CARTESIAN_POINT('',(142.74852813742,-18.35147186257,7.6));
#4320 = VECTOR('',#4321,1.);
#4321 = DIRECTION('',(0.671558954847,-0.740951125355,0.));
#4322 = ORIENTED_EDGE('',*,*,#4323,.F.);
#4323 = EDGE_CURVE('',#4324,#4316,#4326,.T.);
#4324 = VERTEX_POINT('',#4325);
#4325 = CARTESIAN_POINT('',(142.66127194099,-18.27238745596,7.6));
#4326 = LINE('',#4327,#4328);
#4327 = CARTESIAN_POINT('',(142.66127194099,-18.27238745596,7.6));
#4328 = VECTOR('',#4329,1.);
#4329 = DIRECTION('',(0.740951125355,-0.671558954847,0.));
#4330 = ORIENTED_EDGE('',*,*,#4331,.F.);
#4331 = EDGE_CURVE('',#4332,#4324,#4334,.T.);
#4332 = VERTEX_POINT('',#4333);
#4333 = CARTESIAN_POINT('',(142.56668427962,-18.20223646523,7.6));
#4334 = LINE('',#4335,#4336);
#4335 = CARTESIAN_POINT('',(142.56668427962,-18.20223646523,7.6));
#4336 = VECTOR('',#4337,1.);
#4337 = DIRECTION('',(0.803207531481,-0.595699304492,0.));
#4338 = ORIENTED_EDGE('',*,*,#4339,.F.);
#4339 = EDGE_CURVE('',#4340,#4332,#4342,.T.);
#4340 = VERTEX_POINT('',#4341);
#4341 = CARTESIAN_POINT('',(142.46567608419,-18.14169448278,7.6));
#4342 = LINE('',#4343,#4344);
#4343 = CARTESIAN_POINT('',(142.46567608419,-18.14169448278,7.6));
#4344 = VECTOR('',#4345,1.);
#4345 = DIRECTION('',(0.85772861,-0.514102744193,0.));
#4346 = ORIENTED_EDGE('',*,*,#4347,.F.);
#4347 = EDGE_CURVE('',#4348,#4340,#4350,.T.);
#4348 = VERTEX_POINT('',#4349);
#4349 = CARTESIAN_POINT('',(142.35922011883,-18.09134456098,7.6));
#4350 = LINE('',#4351,#4352);
#4351 = CARTESIAN_POINT('',(142.35922011883,-18.09134456098,7.6));
#4352 = VECTOR('',#4353,1.);
#4353 = DIRECTION('',(0.903989293123,-0.42755509343,0.));
#4354 = ORIENTED_EDGE('',*,*,#4355,.F.);
#4355 = EDGE_CURVE('',#4356,#4348,#4358,.T.);
#4356 = VERTEX_POINT('',#4357);
#4357 = CARTESIAN_POINT('',(142.2483416127,-18.05167159712,7.6));
#4358 = LINE('',#4359,#4360);
#4359 = CARTESIAN_POINT('',(142.2483416127,-18.05167159712,7.6));
#4360 = VECTOR('',#4361,1.);
#4361 = DIRECTION('',(0.941544065183,-0.336889853392,0.));
#4362 = ORIENTED_EDGE('',*,*,#4363,.F.);
#4363 = EDGE_CURVE('',#4364,#4356,#4366,.T.);
#4364 = VERTEX_POINT('',#4365);
#4365 = CARTESIAN_POINT('',(142.13410838641,-18.02305766351,7.6));
#4366 = LINE('',#4367,#4368);
#4367 = CARTESIAN_POINT('',(142.13410838641,-18.02305766351,7.6));
#4368 = VECTOR('',#4369,1.);
#4369 = DIRECTION('',(0.970031253195,-0.242980179903,0.));
#4370 = ORIENTED_EDGE('',*,*,#4371,.F.);
#4371 = EDGE_CURVE('',#4372,#4364,#4374,.T.);
#4372 = VERTEX_POINT('',#4373);
#4373 = CARTESIAN_POINT('',(142.01762056839,-18.00577832799,7.6));
#4374 = LINE('',#4375,#4376);
#4375 = CARTESIAN_POINT('',(142.01762056839,-18.00577832799,7.6));
#4376 = VECTOR('',#4377,1.);
#4377 = DIRECTION('',(0.989176509965,-0.146730474455,0.));
#4378 = ORIENTED_EDGE('',*,*,#4379,.F.);
#4379 = EDGE_CURVE('',#4380,#4372,#4382,.T.);
#4380 = VERTEX_POINT('',#4381);
#4381 = CARTESIAN_POINT('',(141.9,-18.,7.6));
#4382 = LINE('',#4383,#4384);
#4383 = CARTESIAN_POINT('',(141.9,-18.,7.6));
#4384 = VECTOR('',#4385,1.);
#4385 = DIRECTION('',(0.998795456205,-4.90676743274E-02,0.));
#4386 = ORIENTED_EDGE('',*,*,#4387,.F.);
#4387 = EDGE_CURVE('',#4388,#4380,#4390,.T.);
#4388 = VERTEX_POINT('',#4389);
#4389 = CARTESIAN_POINT('',(125.2,-18.,7.6));
#4390 = LINE('',#4391,#4392);
#4391 = CARTESIAN_POINT('',(125.2,-18.,7.6));
#4392 = VECTOR('',#4393,1.);
#4393 = DIRECTION('',(1.,0.,0.));
#4394 = ORIENTED_EDGE('',*,*,#4395,.F.);
#4395 = EDGE_CURVE('',#4396,#4388,#4398,.T.);
#4396 = VERTEX_POINT('',#4397);
#4397 = CARTESIAN_POINT('',(125.0823794316,-17.994221672,7.6));
#4398 = LINE('',#4399,#4400);
#4399 = CARTESIAN_POINT('',(125.0823794316,-17.994221672,7.6));
#4400 = VECTOR('',#4401,1.);
#4401 = DIRECTION('',(0.998795456205,-4.90676743274E-02,0.));
#4402 = ORIENTED_EDGE('',*,*,#4403,.F.);
#4403 = EDGE_CURVE('',#4404,#4396,#4406,.T.);
#4404 = VERTEX_POINT('',#4405);
#4405 = CARTESIAN_POINT('',(124.96589161358,-17.97694233648,7.6));
#4406 = LINE('',#4407,#4408);
#4407 = CARTESIAN_POINT('',(124.96589161358,-17.97694233648,7.6));
#4408 = VECTOR('',#4409,1.);
#4409 = DIRECTION('',(0.989176509965,-0.146730474455,0.));
#4410 = ORIENTED_EDGE('',*,*,#4411,.F.);
#4411 = EDGE_CURVE('',#4412,#4404,#4414,.T.);
#4412 = VERTEX_POINT('',#4413);
#4413 = CARTESIAN_POINT('',(124.85165838729,-17.94832840287,7.6));
#4414 = LINE('',#4415,#4416);
#4415 = CARTESIAN_POINT('',(124.85165838729,-17.94832840287,7.6));
#4416 = VECTOR('',#4417,1.);
#4417 = DIRECTION('',(0.970031253195,-0.242980179903,0.));
#4418 = ORIENTED_EDGE('',*,*,#4419,.F.);
#4419 = EDGE_CURVE('',#4420,#4412,#4422,.T.);
#4420 = VERTEX_POINT('',#4421);
#4421 = CARTESIAN_POINT('',(124.74077988116,-17.90865543901,7.6));
#4422 = LINE('',#4423,#4424);
#4423 = CARTESIAN_POINT('',(124.74077988116,-17.90865543901,7.6));
#4424 = VECTOR('',#4425,1.);
#4425 = DIRECTION('',(0.941544065183,-0.336889853392,0.));
#4426 = ORIENTED_EDGE('',*,*,#4427,.F.);
#4427 = EDGE_CURVE('',#4428,#4420,#4430,.T.);
#4428 = VERTEX_POINT('',#4429);
#4429 = CARTESIAN_POINT('',(124.6343239158,-17.85830551721,7.6));
#4430 = LINE('',#4431,#4432);
#4431 = CARTESIAN_POINT('',(124.6343239158,-17.85830551721,7.6));
#4432 = VECTOR('',#4433,1.);
#4433 = DIRECTION('',(0.903989293123,-0.42755509343,0.));
#4434 = ORIENTED_EDGE('',*,*,#4435,.F.);
#4435 = EDGE_CURVE('',#4436,#4428,#4438,.T.);
#4436 = VERTEX_POINT('',#4437);
#4437 = CARTESIAN_POINT('',(124.53331572037,-17.79776353476,7.6));
#4438 = LINE('',#4439,#4440);
#4439 = CARTESIAN_POINT('',(124.53331572037,-17.79776353476,7.6));
#4440 = VECTOR('',#4441,1.);
#4441 = DIRECTION('',(0.85772861,-0.514102744193,0.));
#4442 = ORIENTED_EDGE('',*,*,#4443,.F.);
#4443 = EDGE_CURVE('',#4444,#4436,#4446,.T.);
#4444 = VERTEX_POINT('',#4445);
#4445 = CARTESIAN_POINT('',(124.438728059,-17.72761254403,7.6));
#4446 = LINE('',#4447,#4448);
#4447 = CARTESIAN_POINT('',(124.438728059,-17.72761254403,7.6));
#4448 = VECTOR('',#4449,1.);
#4449 = DIRECTION('',(0.803207531481,-0.595699304492,0.));
#4450 = ORIENTED_EDGE('',*,*,#4451,.F.);
#4451 = EDGE_CURVE('',#4452,#4444,#4454,.T.);
#4452 = VERTEX_POINT('',#4453);
#4453 = CARTESIAN_POINT('',(124.35147186257,-17.64852813742,7.6));
#4454 = LINE('',#4455,#4456);
#4455 = CARTESIAN_POINT('',(124.35147186257,-17.64852813742,7.6));
#4456 = VECTOR('',#4457,1.);
#4457 = DIRECTION('',(0.740951125355,-0.671558954847,0.));
#4458 = ORIENTED_EDGE('',*,*,#4459,.F.);
#4459 = EDGE_CURVE('',#4460,#4452,#4462,.T.);
#4460 = VERTEX_POINT('',#4461);
#4461 = CARTESIAN_POINT('',(124.27238745596,-17.56127194099,7.6));
#4462 = LINE('',#4463,#4464);
#4463 = CARTESIAN_POINT('',(124.27238745596,-17.56127194099,7.6));
#4464 = VECTOR('',#4465,1.);
#4465 = DIRECTION('',(0.671558954847,-0.740951125355,0.));
#4466 = ORIENTED_EDGE('',*,*,#4467,.F.);
#4467 = EDGE_CURVE('',#4468,#4460,#4470,.T.);
#4468 = VERTEX_POINT('',#4469);
#4469 = CARTESIAN_POINT('',(124.20223646523,-17.46668427962,7.6));
#4470 = LINE('',#4471,#4472);
#4471 = CARTESIAN_POINT('',(124.20223646523,-17.46668427962,7.6));
#4472 = VECTOR('',#4473,1.);
#4473 = DIRECTION('',(0.595699304492,-0.803207531481,0.));
#4474 = ORIENTED_EDGE('',*,*,#4475,.F.);
#4475 = EDGE_CURVE('',#4476,#4468,#4478,.T.);
#4476 = VERTEX_POINT('',#4477);
#4477 = CARTESIAN_POINT('',(124.14169448278,-17.36567608419,7.6));
#4478 = LINE('',#4479,#4480);
#4479 = CARTESIAN_POINT('',(124.14169448278,-17.36567608419,7.6));
#4480 = VECTOR('',#4481,1.);
#4481 = DIRECTION('',(0.514102744193,-0.85772861,0.));
#4482 = ORIENTED_EDGE('',*,*,#4483,.F.);
#4483 = EDGE_CURVE('',#4484,#4476,#4486,.T.);
#4484 = VERTEX_POINT('',#4485);
#4485 = CARTESIAN_POINT('',(124.09134456098,-17.25922011883,7.6));
#4486 = LINE('',#4487,#4488);
#4487 = CARTESIAN_POINT('',(124.09134456098,-17.25922011883,7.6));
#4488 = VECTOR('',#4489,1.);
#4489 = DIRECTION('',(0.42755509343,-0.903989293123,0.));
#4490 = ORIENTED_EDGE('',*,*,#4491,.F.);
#4491 = EDGE_CURVE('',#4492,#4484,#4494,.T.);
#4492 = VERTEX_POINT('',#4493);
#4493 = CARTESIAN_POINT('',(124.05167159712,-17.1483416127,7.6));
#4494 = LINE('',#4495,#4496);
#4495 = CARTESIAN_POINT('',(124.05167159712,-17.1483416127,7.6));
#4496 = VECTOR('',#4497,1.);
#4497 = DIRECTION('',(0.336889853392,-0.941544065183,0.));
#4498 = ORIENTED_EDGE('',*,*,#4499,.F.);
#4499 = EDGE_CURVE('',#4500,#4492,#4502,.T.);
#4500 = VERTEX_POINT('',#4501);
#4501 = CARTESIAN_POINT('',(124.02305766351,-17.03410838641,7.6));
#4502 = LINE('',#4503,#4504);
#4503 = CARTESIAN_POINT('',(124.02305766351,-17.03410838641,7.6));
#4504 = VECTOR('',#4505,1.);
#4505 = DIRECTION('',(0.242980179903,-0.970031253195,0.));
#4506 = ORIENTED_EDGE('',*,*,#4507,.F.);
#4507 = EDGE_CURVE('',#4508,#4500,#4510,.T.);
#4508 = VERTEX_POINT('',#4509);
#4509 = CARTESIAN_POINT('',(124.00577832799,-16.91762056839,7.6));
#4510 = LINE('',#4511,#4512);
#4511 = CARTESIAN_POINT('',(124.00577832799,-16.91762056839,7.6));
#4512 = VECTOR('',#4513,1.);
#4513 = DIRECTION('',(0.146730474455,-0.989176509965,0.));
#4514 = ORIENTED_EDGE('',*,*,#4515,.F.);
#4515 = EDGE_CURVE('',#4516,#4508,#4518,.T.);
#4516 = VERTEX_POINT('',#4517);
#4517 = CARTESIAN_POINT('',(124.,-16.8,7.6));
#4518 = LINE('',#4519,#4520);
#4519 = CARTESIAN_POINT('',(124.,-16.8,7.6));
#4520 = VECTOR('',#4521,1.);
#4521 = DIRECTION('',(4.906767432746E-02,-0.998795456205,0.));
#4522 = ORIENTED_EDGE('',*,*,#4523,.F.);
#4523 = EDGE_CURVE('',#4524,#4516,#4526,.T.);
#4524 = VERTEX_POINT('',#4525);
#4525 = CARTESIAN_POINT('',(124.,-7.2,7.6));
#4526 = LINE('',#4527,#4528);
#4527 = CARTESIAN_POINT('',(124.,-7.2,7.6));
#4528 = VECTOR('',#4529,1.);
#4529 = DIRECTION('',(0.,-1.,0.));
#4530 = ORIENTED_EDGE('',*,*,#4531,.F.);
#4531 = EDGE_CURVE('',#4532,#4524,#4534,.T.);
#4532 = VERTEX_POINT('',#4533);
#4533 = CARTESIAN_POINT('',(123.994221672,-7.082379431605,7.6));
#4534 = LINE('',#4535,#4536);
#4535 = CARTESIAN_POINT('',(123.994221672,-7.082379431605,7.6));
#4536 = VECTOR('',#4537,1.);
#4537 = DIRECTION('',(4.906767432746E-02,-0.998795456205,0.));
#4538 = ORIENTED_EDGE('',*,*,#4539,.F.);
#4539 = EDGE_CURVE('',#4540,#4532,#4542,.T.);
#4540 = VERTEX_POINT('',#4541);
#4541 = CARTESIAN_POINT('',(123.97694233648,-6.965891613581,7.6));
#4542 = LINE('',#4543,#4544);
#4543 = CARTESIAN_POINT('',(123.97694233648,-6.965891613581,7.6));
#4544 = VECTOR('',#4545,1.);
#4545 = DIRECTION('',(0.146730474455,-0.989176509965,0.));
#4546 = ORIENTED_EDGE('',*,*,#4547,.F.);
#4547 = EDGE_CURVE('',#4548,#4540,#4550,.T.);
#4548 = VERTEX_POINT('',#4549);
#4549 = CARTESIAN_POINT('',(123.94832840287,-6.851658387295,7.6));
#4550 = LINE('',#4551,#4552);
#4551 = CARTESIAN_POINT('',(123.94832840287,-6.851658387295,7.6));
#4552 = VECTOR('',#4553,1.);
#4553 = DIRECTION('',(0.242980179903,-0.970031253195,0.));
#4554 = ORIENTED_EDGE('',*,*,#4555,.F.);
#4555 = EDGE_CURVE('',#4556,#4548,#4558,.T.);
#4556 = VERTEX_POINT('',#4557);
#4557 = CARTESIAN_POINT('',(123.90865543901,-6.740779881162,7.6));
#4558 = LINE('',#4559,#4560);
#4559 = CARTESIAN_POINT('',(123.90865543901,-6.740779881162,7.6));
#4560 = VECTOR('',#4561,1.);
#4561 = DIRECTION('',(0.336889853392,-0.941544065183,0.));
#4562 = ORIENTED_EDGE('',*,*,#4563,.F.);
#4563 = EDGE_CURVE('',#4564,#4556,#4566,.T.);
#4564 = VERTEX_POINT('',#4565);
#4565 = CARTESIAN_POINT('',(123.85830551721,-6.634323915809,7.6));
#4566 = LINE('',#4567,#4568);
#4567 = CARTESIAN_POINT('',(123.85830551721,-6.634323915809,7.6));
#4568 = VECTOR('',#4569,1.);
#4569 = DIRECTION('',(0.42755509343,-0.903989293123,0.));
#4570 = ORIENTED_EDGE('',*,*,#4571,.F.);
#4571 = EDGE_CURVE('',#4572,#4564,#4574,.T.);
#4572 = VERTEX_POINT('',#4573);
#4573 = CARTESIAN_POINT('',(123.79776353476,-6.533315720376,7.6));
#4574 = LINE('',#4575,#4576);
#4575 = CARTESIAN_POINT('',(123.79776353476,-6.533315720376,7.6));
#4576 = VECTOR('',#4577,1.);
#4577 = DIRECTION('',(0.514102744193,-0.85772861,0.));
#4578 = ORIENTED_EDGE('',*,*,#4579,.F.);
#4579 = EDGE_CURVE('',#4580,#4572,#4582,.T.);
#4580 = VERTEX_POINT('',#4581);
#4581 = CARTESIAN_POINT('',(123.72761254403,-6.438728059004,7.6));
#4582 = LINE('',#4583,#4584);
#4583 = CARTESIAN_POINT('',(123.72761254403,-6.438728059004,7.6));
#4584 = VECTOR('',#4585,1.);
#4585 = DIRECTION('',(0.595699304492,-0.803207531481,0.));
#4586 = ORIENTED_EDGE('',*,*,#4587,.F.);
#4587 = EDGE_CURVE('',#4588,#4580,#4590,.T.);
#4588 = VERTEX_POINT('',#4589);
#4589 = CARTESIAN_POINT('',(123.64852813742,-6.351471862576,7.6));
#4590 = LINE('',#4591,#4592);
#4591 = CARTESIAN_POINT('',(123.64852813742,-6.351471862576,7.6));
#4592 = VECTOR('',#4593,1.);
#4593 = DIRECTION('',(0.671558954847,-0.740951125355,0.));
#4594 = ORIENTED_EDGE('',*,*,#4595,.F.);
#4595 = EDGE_CURVE('',#4596,#4588,#4598,.T.);
#4596 = VERTEX_POINT('',#4597);
#4597 = CARTESIAN_POINT('',(123.56127194099,-6.272387455965,7.6));
#4598 = LINE('',#4599,#4600);
#4599 = CARTESIAN_POINT('',(123.56127194099,-6.272387455965,7.6));
#4600 = VECTOR('',#4601,1.);
#4601 = DIRECTION('',(0.740951125355,-0.671558954847,0.));
#4602 = ORIENTED_EDGE('',*,*,#4603,.F.);
#4603 = EDGE_CURVE('',#4604,#4596,#4606,.T.);
#4604 = VERTEX_POINT('',#4605);
#4605 = CARTESIAN_POINT('',(123.46668427962,-6.202236465237,7.6));
#4606 = LINE('',#4607,#4608);
#4607 = CARTESIAN_POINT('',(123.46668427962,-6.202236465237,7.6));
#4608 = VECTOR('',#4609,1.);
#4609 = DIRECTION('',(0.803207531481,-0.595699304492,0.));
#4610 = ORIENTED_EDGE('',*,*,#4611,.F.);
#4611 = EDGE_CURVE('',#4612,#4604,#4614,.T.);
#4612 = VERTEX_POINT('',#4613);
#4613 = CARTESIAN_POINT('',(123.36567608419,-6.141694482782,7.6));
#4614 = LINE('',#4615,#4616);
#4615 = CARTESIAN_POINT('',(123.36567608419,-6.141694482782,7.6));
#4616 = VECTOR('',#4617,1.);
#4617 = DIRECTION('',(0.85772861,-0.514102744193,0.));
#4618 = ORIENTED_EDGE('',*,*,#4619,.F.);
#4619 = EDGE_CURVE('',#4620,#4612,#4622,.T.);
#4620 = VERTEX_POINT('',#4621);
#4621 = CARTESIAN_POINT('',(123.25922011883,-6.091344560986,7.6));
#4622 = LINE('',#4623,#4624);
#4623 = CARTESIAN_POINT('',(123.25922011883,-6.091344560986,7.6));
#4624 = VECTOR('',#4625,1.);
#4625 = DIRECTION('',(0.903989293123,-0.42755509343,0.));
#4626 = ORIENTED_EDGE('',*,*,#4627,.F.);
#4627 = EDGE_CURVE('',#4628,#4620,#4630,.T.);
#4628 = VERTEX_POINT('',#4629);
#4629 = CARTESIAN_POINT('',(123.1483416127,-6.051671597121,7.6));
#4630 = LINE('',#4631,#4632);
#4631 = CARTESIAN_POINT('',(123.1483416127,-6.051671597121,7.6));
#4632 = VECTOR('',#4633,1.);
#4633 = DIRECTION('',(0.941544065183,-0.336889853392,0.));
#4634 = ORIENTED_EDGE('',*,*,#4635,.F.);
#4635 = EDGE_CURVE('',#4636,#4628,#4638,.T.);
#4636 = VERTEX_POINT('',#4637);
#4637 = CARTESIAN_POINT('',(123.03410838641,-6.023057663516,7.6));
#4638 = LINE('',#4639,#4640);
#4639 = CARTESIAN_POINT('',(123.03410838641,-6.023057663516,7.6));
#4640 = VECTOR('',#4641,1.);
#4641 = DIRECTION('',(0.970031253195,-0.242980179903,0.));
#4642 = ORIENTED_EDGE('',*,*,#4643,.F.);
#4643 = EDGE_CURVE('',#4644,#4636,#4646,.T.);
#4644 = VERTEX_POINT('',#4645);
#4645 = CARTESIAN_POINT('',(122.91762056839,-6.005778327993,7.6));
#4646 = LINE('',#4647,#4648);
#4647 = CARTESIAN_POINT('',(122.91762056839,-6.005778327993,7.6));
#4648 = VECTOR('',#4649,1.);
#4649 = DIRECTION('',(0.989176509965,-0.146730474455,0.));
#4650 = ORIENTED_EDGE('',*,*,#4651,.F.);
#4651 = EDGE_CURVE('',#4652,#4644,#4654,.T.);
#4652 = VERTEX_POINT('',#4653);
#4653 = CARTESIAN_POINT('',(122.8,-6.,7.6));
#4654 = LINE('',#4655,#4656);
#4655 = CARTESIAN_POINT('',(122.8,-6.,7.6));
#4656 = VECTOR('',#4657,1.);
#4657 = DIRECTION('',(0.998795456205,-4.906767432742E-02,0.));
#4658 = ORIENTED_EDGE('',*,*,#4659,.F.);
#4659 = EDGE_CURVE('',#4660,#4652,#4662,.T.);
#4660 = VERTEX_POINT('',#4661);
#4661 = CARTESIAN_POINT('',(107.2,-6.,7.6));
#4662 = LINE('',#4663,#4664);
#4663 = CARTESIAN_POINT('',(107.2,-6.,7.6));
#4664 = VECTOR('',#4665,1.);
#4665 = DIRECTION('',(1.,5.693451408334E-17,0.));
#4666 = ORIENTED_EDGE('',*,*,#4667,.F.);
#4667 = EDGE_CURVE('',#4668,#4660,#4670,.T.);
#4668 = VERTEX_POINT('',#4669);
#4669 = CARTESIAN_POINT('',(107.0823794316,-5.994221672007,7.6));
#4670 = LINE('',#4671,#4672);
#4671 = CARTESIAN_POINT('',(107.0823794316,-5.994221672007,7.6));
#4672 = VECTOR('',#4673,1.);
#4673 = DIRECTION('',(0.998795456205,-4.906767432742E-02,0.));
#4674 = ORIENTED_EDGE('',*,*,#4675,.F.);
#4675 = EDGE_CURVE('',#4676,#4668,#4678,.T.);
#4676 = VERTEX_POINT('',#4677);
#4677 = CARTESIAN_POINT('',(106.96589161358,-5.976942336484,7.6));
#4678 = LINE('',#4679,#4680);
#4679 = CARTESIAN_POINT('',(106.96589161358,-5.976942336484,7.6));
#4680 = VECTOR('',#4681,1.);
#4681 = DIRECTION('',(0.989176509965,-0.146730474455,0.));
#4682 = ORIENTED_EDGE('',*,*,#4683,.F.);
#4683 = EDGE_CURVE('',#4684,#4676,#4686,.T.);
#4684 = VERTEX_POINT('',#4685);
#4685 = CARTESIAN_POINT('',(106.85165838729,-5.948328402879,7.6));
#4686 = LINE('',#4687,#4688);
#4687 = CARTESIAN_POINT('',(106.85165838729,-5.948328402879,7.6));
#4688 = VECTOR('',#4689,1.);
#4689 = DIRECTION('',(0.970031253195,-0.242980179903,0.));
#4690 = ORIENTED_EDGE('',*,*,#4691,.F.);
#4691 = EDGE_CURVE('',#4692,#4684,#4694,.T.);
#4692 = VERTEX_POINT('',#4693);
#4693 = CARTESIAN_POINT('',(106.74077988116,-5.908655439014,7.6));
#4694 = LINE('',#4695,#4696);
#4695 = CARTESIAN_POINT('',(106.74077988116,-5.908655439014,7.6));
#4696 = VECTOR('',#4697,1.);
#4697 = DIRECTION('',(0.941544065183,-0.336889853392,0.));
#4698 = ORIENTED_EDGE('',*,*,#4699,.F.);
#4699 = EDGE_CURVE('',#4700,#4692,#4702,.T.);
#4700 = VERTEX_POINT('',#4701);
#4701 = CARTESIAN_POINT('',(106.6343239158,-5.858305517218,7.6));
#4702 = LINE('',#4703,#4704);
#4703 = CARTESIAN_POINT('',(106.6343239158,-5.858305517218,7.6));
#4704 = VECTOR('',#4705,1.);
#4705 = DIRECTION('',(0.903989293123,-0.42755509343,0.));
#4706 = ORIENTED_EDGE('',*,*,#4707,.F.);
#4707 = EDGE_CURVE('',#4708,#4700,#4710,.T.);
#4708 = VERTEX_POINT('',#4709);
#4709 = CARTESIAN_POINT('',(106.53331572037,-5.797763534763,7.6));
#4710 = LINE('',#4711,#4712);
#4711 = CARTESIAN_POINT('',(106.53331572037,-5.797763534763,7.6));
#4712 = VECTOR('',#4713,1.);
#4713 = DIRECTION('',(0.85772861,-0.514102744193,0.));
#4714 = ORIENTED_EDGE('',*,*,#4715,.F.);
#4715 = EDGE_CURVE('',#4716,#4708,#4718,.T.);
#4716 = VERTEX_POINT('',#4717);
#4717 = CARTESIAN_POINT('',(106.438728059,-5.727612544035,7.6));
#4718 = LINE('',#4719,#4720);
#4719 = CARTESIAN_POINT('',(106.438728059,-5.727612544035,7.6));
#4720 = VECTOR('',#4721,1.);
#4721 = DIRECTION('',(0.803207531481,-0.595699304492,0.));
#4722 = ORIENTED_EDGE('',*,*,#4723,.F.);
#4723 = EDGE_CURVE('',#4724,#4716,#4726,.T.);
#4724 = VERTEX_POINT('',#4725);
#4725 = CARTESIAN_POINT('',(106.35147186257,-5.648528137424,7.6));
#4726 = LINE('',#4727,#4728);
#4727 = CARTESIAN_POINT('',(106.35147186257,-5.648528137424,7.6));
#4728 = VECTOR('',#4729,1.);
#4729 = DIRECTION('',(0.740951125355,-0.671558954847,0.));
#4730 = ORIENTED_EDGE('',*,*,#4731,.F.);
#4731 = EDGE_CURVE('',#4732,#4724,#4734,.T.);
#4732 = VERTEX_POINT('',#4733);
#4733 = CARTESIAN_POINT('',(106.27238745596,-5.561271940996,7.6));
#4734 = LINE('',#4735,#4736);
#4735 = CARTESIAN_POINT('',(106.27238745596,-5.561271940996,7.6));
#4736 = VECTOR('',#4737,1.);
#4737 = DIRECTION('',(0.671558954847,-0.740951125355,0.));
#4738 = ORIENTED_EDGE('',*,*,#4739,.F.);
#4739 = EDGE_CURVE('',#4740,#4732,#4742,.T.);
#4740 = VERTEX_POINT('',#4741);
#4741 = CARTESIAN_POINT('',(106.20223646523,-5.466684279624,7.6));
#4742 = LINE('',#4743,#4744);
#4743 = CARTESIAN_POINT('',(106.20223646523,-5.466684279624,7.6));
#4744 = VECTOR('',#4745,1.);
#4745 = DIRECTION('',(0.595699304492,-0.803207531481,0.));
#4746 = ORIENTED_EDGE('',*,*,#4747,.F.);
#4747 = EDGE_CURVE('',#4748,#4740,#4750,.T.);
#4748 = VERTEX_POINT('',#4749);
#4749 = CARTESIAN_POINT('',(106.14169448278,-5.365676084191,7.6));
#4750 = LINE('',#4751,#4752);
#4751 = CARTESIAN_POINT('',(106.14169448278,-5.365676084191,7.6));
#4752 = VECTOR('',#4753,1.);
#4753 = DIRECTION('',(0.514102744193,-0.85772861,0.));
#4754 = ORIENTED_EDGE('',*,*,#4755,.F.);
#4755 = EDGE_CURVE('',#4756,#4748,#4758,.T.);
#4756 = VERTEX_POINT('',#4757);
#4757 = CARTESIAN_POINT('',(106.09134456098,-5.259220118838,7.6));
#4758 = LINE('',#4759,#4760);
#4759 = CARTESIAN_POINT('',(106.09134456098,-5.259220118838,7.6));
#4760 = VECTOR('',#4761,1.);
#4761 = DIRECTION('',(0.42755509343,-0.903989293123,0.));
#4762 = ORIENTED_EDGE('',*,*,#4763,.F.);
#4763 = EDGE_CURVE('',#4764,#4756,#4766,.T.);
#4764 = VERTEX_POINT('',#4765);
#4765 = CARTESIAN_POINT('',(106.05167159712,-5.148341612705,7.6));
#4766 = LINE('',#4767,#4768);
#4767 = CARTESIAN_POINT('',(106.05167159712,-5.148341612705,7.6));
#4768 = VECTOR('',#4769,1.);
#4769 = DIRECTION('',(0.336889853392,-0.941544065183,0.));
#4770 = ORIENTED_EDGE('',*,*,#4771,.F.);
#4771 = EDGE_CURVE('',#4772,#4764,#4774,.T.);
#4772 = VERTEX_POINT('',#4773);
#4773 = CARTESIAN_POINT('',(106.02305766351,-5.034108386419,7.6));
#4774 = LINE('',#4775,#4776);
#4775 = CARTESIAN_POINT('',(106.02305766351,-5.034108386419,7.6));
#4776 = VECTOR('',#4777,1.);
#4777 = DIRECTION('',(0.242980179903,-0.970031253195,0.));
#4778 = ORIENTED_EDGE('',*,*,#4779,.F.);
#4779 = EDGE_CURVE('',#4780,#4772,#4782,.T.);
#4780 = VERTEX_POINT('',#4781);
#4781 = CARTESIAN_POINT('',(106.00577832799,-4.917620568395,7.6));
#4782 = LINE('',#4783,#4784);
#4783 = CARTESIAN_POINT('',(106.00577832799,-4.917620568395,7.6));
#4784 = VECTOR('',#4785,1.);
#4785 = DIRECTION('',(0.146730474455,-0.989176509965,0.));
#4786 = ORIENTED_EDGE('',*,*,#4787,.F.);
#4787 = EDGE_CURVE('',#4788,#4780,#4790,.T.);
#4788 = VERTEX_POINT('',#4789);
#4789 = CARTESIAN_POINT('',(106.,-4.8,7.6));
#4790 = LINE('',#4791,#4792);
#4791 = CARTESIAN_POINT('',(106.,-4.8,7.6));
#4792 = VECTOR('',#4793,1.);
#4793 = DIRECTION('',(4.906767432746E-02,-0.998795456205,0.));
#4794 = ORIENTED_EDGE('',*,*,#4795,.F.);
#4795 = EDGE_CURVE('',#4796,#4788,#4798,.T.);
#4796 = VERTEX_POINT('',#4797);
#4797 = CARTESIAN_POINT('',(106.,-2.2,7.6));
#4798 = LINE('',#4799,#4800);
#4799 = CARTESIAN_POINT('',(106.,-2.2,7.6));
#4800 = VECTOR('',#4801,1.);
#4801 = DIRECTION('',(0.,-1.,0.));
#4802 = ORIENTED_EDGE('',*,*,#4803,.F.);
#4803 = EDGE_CURVE('',#4804,#4796,#4806,.T.);
#4804 = VERTEX_POINT('',#4805);
#4805 = CARTESIAN_POINT('',(105.994221672,-2.082379431605,7.6));
#4806 = LINE('',#4807,#4808);
#4807 = CARTESIAN_POINT('',(105.994221672,-2.082379431605,7.6));
#4808 = VECTOR('',#4809,1.);
#4809 = DIRECTION('',(4.906767432746E-02,-0.998795456205,0.));
#4810 = ORIENTED_EDGE('',*,*,#4811,.F.);
#4811 = EDGE_CURVE('',#4812,#4804,#4814,.T.);
#4812 = VERTEX_POINT('',#4813);
#4813 = CARTESIAN_POINT('',(105.97694233648,-1.965891613581,7.6));
#4814 = LINE('',#4815,#4816);
#4815 = CARTESIAN_POINT('',(105.97694233648,-1.965891613581,7.6));
#4816 = VECTOR('',#4817,1.);
#4817 = DIRECTION('',(0.146730474455,-0.989176509965,0.));
#4818 = ORIENTED_EDGE('',*,*,#4819,.F.);
#4819 = EDGE_CURVE('',#4820,#4812,#4822,.T.);
#4820 = VERTEX_POINT('',#4821);
#4821 = CARTESIAN_POINT('',(105.94832840287,-1.851658387295,7.6));
#4822 = LINE('',#4823,#4824);
#4823 = CARTESIAN_POINT('',(105.94832840287,-1.851658387295,7.6));
#4824 = VECTOR('',#4825,1.);
#4825 = DIRECTION('',(0.242980179903,-0.970031253195,0.));
#4826 = ORIENTED_EDGE('',*,*,#4827,.F.);
#4827 = EDGE_CURVE('',#4828,#4820,#4830,.T.);
#4828 = VERTEX_POINT('',#4829);
#4829 = CARTESIAN_POINT('',(105.90865543901,-1.740779881162,7.6));
#4830 = LINE('',#4831,#4832);
#4831 = CARTESIAN_POINT('',(105.90865543901,-1.740779881162,7.6));
#4832 = VECTOR('',#4833,1.);
#4833 = DIRECTION('',(0.336889853392,-0.941544065183,0.));
#4834 = ORIENTED_EDGE('',*,*,#4835,.F.);
#4835 = EDGE_CURVE('',#4836,#4828,#4838,.T.);
#4836 = VERTEX_POINT('',#4837);
#4837 = CARTESIAN_POINT('',(105.85830551721,-1.634323915809,7.6));
#4838 = LINE('',#4839,#4840);
#4839 = CARTESIAN_POINT('',(105.85830551721,-1.634323915809,7.6));
#4840 = VECTOR('',#4841,1.);
#4841 = DIRECTION('',(0.42755509343,-0.903989293123,0.));
#4842 = ORIENTED_EDGE('',*,*,#4843,.F.);
#4843 = EDGE_CURVE('',#4844,#4836,#4846,.T.);
#4844 = VERTEX_POINT('',#4845);
#4845 = CARTESIAN_POINT('',(105.79776353476,-1.533315720376,7.6));
#4846 = LINE('',#4847,#4848);
#4847 = CARTESIAN_POINT('',(105.79776353476,-1.533315720376,7.6));
#4848 = VECTOR('',#4849,1.);
#4849 = DIRECTION('',(0.514102744193,-0.85772861,0.));
#4850 = ORIENTED_EDGE('',*,*,#4851,.F.);
#4851 = EDGE_CURVE('',#4852,#4844,#4854,.T.);
#4852 = VERTEX_POINT('',#4853);
#4853 = CARTESIAN_POINT('',(105.72761254403,-1.438728059004,7.6));
#4854 = LINE('',#4855,#4856);
#4855 = CARTESIAN_POINT('',(105.72761254403,-1.438728059004,7.6));
#4856 = VECTOR('',#4857,1.);
#4857 = DIRECTION('',(0.595699304492,-0.803207531481,0.));
#4858 = ORIENTED_EDGE('',*,*,#4859,.F.);
#4859 = EDGE_CURVE('',#4860,#4852,#4862,.T.);
#4860 = VERTEX_POINT('',#4861);
#4861 = CARTESIAN_POINT('',(105.64852813742,-1.351471862576,7.6));
#4862 = LINE('',#4863,#4864);
#4863 = CARTESIAN_POINT('',(105.64852813742,-1.351471862576,7.6));
#4864 = VECTOR('',#4865,1.);
#4865 = DIRECTION('',(0.671558954847,-0.740951125355,0.));
#4866 = ORIENTED_EDGE('',*,*,#4867,.F.);
#4867 = EDGE_CURVE('',#4868,#4860,#4870,.T.);
#4868 = VERTEX_POINT('',#4869);
#4869 = CARTESIAN_POINT('',(105.56127194099,-1.272387455965,7.6));
#4870 = LINE('',#4871,#4872);
#4871 = CARTESIAN_POINT('',(105.56127194099,-1.272387455965,7.6));
#4872 = VECTOR('',#4873,1.);
#4873 = DIRECTION('',(0.740951125355,-0.671558954847,0.));
#4874 = ORIENTED_EDGE('',*,*,#4875,.F.);
#4875 = EDGE_CURVE('',#4876,#4868,#4878,.T.);
#4876 = VERTEX_POINT('',#4877);
#4877 = CARTESIAN_POINT('',(105.46668427962,-1.202236465237,7.6));
#4878 = LINE('',#4879,#4880);
#4879 = CARTESIAN_POINT('',(105.46668427962,-1.202236465237,7.6));
#4880 = VECTOR('',#4881,1.);
#4881 = DIRECTION('',(0.803207531481,-0.595699304492,0.));
#4882 = ORIENTED_EDGE('',*,*,#4883,.F.);
#4883 = EDGE_CURVE('',#4884,#4876,#4886,.T.);
#4884 = VERTEX_POINT('',#4885);
#4885 = CARTESIAN_POINT('',(105.36567608419,-1.141694482782,7.6));
#4886 = LINE('',#4887,#4888);
#4887 = CARTESIAN_POINT('',(105.36567608419,-1.141694482782,7.6));
#4888 = VECTOR('',#4889,1.);
#4889 = DIRECTION('',(0.85772861,-0.514102744193,0.));
#4890 = ORIENTED_EDGE('',*,*,#4891,.F.);
#4891 = EDGE_CURVE('',#4892,#4884,#4894,.T.);
#4892 = VERTEX_POINT('',#4893);
#4893 = CARTESIAN_POINT('',(105.25922011883,-1.091344560986,7.6));
#4894 = LINE('',#4895,#4896);
#4895 = CARTESIAN_POINT('',(105.25922011883,-1.091344560986,7.6));
#4896 = VECTOR('',#4897,1.);
#4897 = DIRECTION('',(0.903989293123,-0.42755509343,0.));
#4898 = ORIENTED_EDGE('',*,*,#4899,.F.);
#4899 = EDGE_CURVE('',#4900,#4892,#4902,.T.);
#4900 = VERTEX_POINT('',#4901);
#4901 = CARTESIAN_POINT('',(105.1483416127,-1.051671597121,7.6));
#4902 = LINE('',#4903,#4904);
#4903 = CARTESIAN_POINT('',(105.1483416127,-1.051671597121,7.6));
#4904 = VECTOR('',#4905,1.);
#4905 = DIRECTION('',(0.941544065183,-0.336889853392,0.));
#4906 = ORIENTED_EDGE('',*,*,#4907,.F.);
#4907 = EDGE_CURVE('',#4908,#4900,#4910,.T.);
#4908 = VERTEX_POINT('',#4909);
#4909 = CARTESIAN_POINT('',(105.03410838641,-1.023057663516,7.6));
#4910 = LINE('',#4911,#4912);
#4911 = CARTESIAN_POINT('',(105.03410838641,-1.023057663516,7.6));
#4912 = VECTOR('',#4913,1.);
#4913 = DIRECTION('',(0.970031253195,-0.242980179903,0.));
#4914 = ORIENTED_EDGE('',*,*,#4915,.F.);
#4915 = EDGE_CURVE('',#4916,#4908,#4918,.T.);
#4916 = VERTEX_POINT('',#4917);
#4917 = CARTESIAN_POINT('',(104.91762056839,-1.005778327993,7.6));
#4918 = LINE('',#4919,#4920);
#4919 = CARTESIAN_POINT('',(104.91762056839,-1.005778327993,7.6));
#4920 = VECTOR('',#4921,1.);
#4921 = DIRECTION('',(0.989176509965,-0.146730474455,0.));
#4922 = ORIENTED_EDGE('',*,*,#4923,.F.);
#4923 = EDGE_CURVE('',#4924,#4916,#4926,.T.);
#4924 = VERTEX_POINT('',#4925);
#4925 = CARTESIAN_POINT('',(104.8,-1.,7.6));
#4926 = LINE('',#4927,#4928);
#4927 = CARTESIAN_POINT('',(104.8,-1.,7.6));
#4928 = VECTOR('',#4929,1.);
#4929 = DIRECTION('',(0.998795456205,-4.906767432741E-02,0.));
#4930 = ORIENTED_EDGE('',*,*,#4931,.F.);
#4931 = EDGE_CURVE('',#4932,#4924,#4934,.T.);
#4932 = VERTEX_POINT('',#4933);
#4933 = CARTESIAN_POINT('',(83.2,-1.,7.6));
#4934 = LINE('',#4935,#4936);
#4935 = CARTESIAN_POINT('',(83.2,-1.,7.6));
#4936 = VECTOR('',#4937,1.);
#4937 = DIRECTION('',(1.,2.055968564121E-17,0.));
#4938 = ORIENTED_EDGE('',*,*,#4939,.F.);
#4939 = EDGE_CURVE('',#4940,#4932,#4942,.T.);
#4940 = VERTEX_POINT('',#4941);
#4941 = CARTESIAN_POINT('',(83.082379431605,-1.005778327993,7.6));
#4942 = LINE('',#4943,#4944);
#4943 = CARTESIAN_POINT('',(83.082379431605,-1.005778327993,7.6));
#4944 = VECTOR('',#4945,1.);
#4945 = DIRECTION('',(0.998795456205,4.906767432742E-02,0.));
#4946 = ORIENTED_EDGE('',*,*,#4947,.F.);
#4947 = EDGE_CURVE('',#4948,#4940,#4950,.T.);
#4948 = VERTEX_POINT('',#4949);
#4949 = CARTESIAN_POINT('',(82.965891613581,-1.023057663516,7.6));
#4950 = LINE('',#4951,#4952);
#4951 = CARTESIAN_POINT('',(82.965891613581,-1.023057663516,7.6));
#4952 = VECTOR('',#4953,1.);
#4953 = DIRECTION('',(0.989176509965,0.146730474455,0.));
#4954 = ORIENTED_EDGE('',*,*,#4955,.F.);
#4955 = EDGE_CURVE('',#4956,#4948,#4958,.T.);
#4956 = VERTEX_POINT('',#4957);
#4957 = CARTESIAN_POINT('',(82.851658387295,-1.051671597121,7.6));
#4958 = LINE('',#4959,#4960);
#4959 = CARTESIAN_POINT('',(82.851658387295,-1.051671597121,7.6));
#4960 = VECTOR('',#4961,1.);
#4961 = DIRECTION('',(0.970031253195,0.242980179903,0.));
#4962 = ORIENTED_EDGE('',*,*,#4963,.F.);
#4963 = EDGE_CURVE('',#4964,#4956,#4966,.T.);
#4964 = VERTEX_POINT('',#4965);
#4965 = CARTESIAN_POINT('',(82.740779881162,-1.091344560986,7.6));
#4966 = LINE('',#4967,#4968);
#4967 = CARTESIAN_POINT('',(82.740779881162,-1.091344560986,7.6));
#4968 = VECTOR('',#4969,1.);
#4969 = DIRECTION('',(0.941544065183,0.336889853392,0.));
#4970 = ORIENTED_EDGE('',*,*,#4971,.F.);
#4971 = EDGE_CURVE('',#4972,#4964,#4974,.T.);
#4972 = VERTEX_POINT('',#4973);
#4973 = CARTESIAN_POINT('',(82.634323915809,-1.141694482782,7.6));
#4974 = LINE('',#4975,#4976);
#4975 = CARTESIAN_POINT('',(82.634323915809,-1.141694482782,7.6));
#4976 = VECTOR('',#4977,1.);
#4977 = DIRECTION('',(0.903989293123,0.42755509343,0.));
#4978 = ORIENTED_EDGE('',*,*,#4979,.F.);
#4979 = EDGE_CURVE('',#4980,#4972,#4982,.T.);
#4980 = VERTEX_POINT('',#4981);
#4981 = CARTESIAN_POINT('',(82.533315720376,-1.202236465237,7.6));
#4982 = LINE('',#4983,#4984);
#4983 = CARTESIAN_POINT('',(82.533315720376,-1.202236465237,7.6));
#4984 = VECTOR('',#4985,1.);
#4985 = DIRECTION('',(0.85772861,0.514102744193,0.));
#4986 = ORIENTED_EDGE('',*,*,#4987,.F.);
#4987 = EDGE_CURVE('',#4988,#4980,#4990,.T.);
#4988 = VERTEX_POINT('',#4989);
#4989 = CARTESIAN_POINT('',(82.438728059004,-1.272387455965,7.6));
#4990 = LINE('',#4991,#4992);
#4991 = CARTESIAN_POINT('',(82.438728059004,-1.272387455965,7.6));
#4992 = VECTOR('',#4993,1.);
#4993 = DIRECTION('',(0.803207531481,0.595699304492,0.));
#4994 = ORIENTED_EDGE('',*,*,#4995,.F.);
#4995 = EDGE_CURVE('',#4996,#4988,#4998,.T.);
#4996 = VERTEX_POINT('',#4997);
#4997 = CARTESIAN_POINT('',(82.351471862576,-1.351471862576,7.6));
#4998 = LINE('',#4999,#5000);
#4999 = CARTESIAN_POINT('',(82.351471862576,-1.351471862576,7.6));
#5000 = VECTOR('',#5001,1.);
#5001 = DIRECTION('',(0.740951125355,0.671558954847,0.));
#5002 = ORIENTED_EDGE('',*,*,#5003,.F.);
#5003 = EDGE_CURVE('',#5004,#4996,#5006,.T.);
#5004 = VERTEX_POINT('',#5005);
#5005 = CARTESIAN_POINT('',(82.272387455965,-1.438728059004,7.6));
#5006 = LINE('',#5007,#5008);
#5007 = CARTESIAN_POINT('',(82.272387455965,-1.438728059004,7.6));
#5008 = VECTOR('',#5009,1.);
#5009 = DIRECTION('',(0.671558954847,0.740951125355,0.));
#5010 = ORIENTED_EDGE('',*,*,#5011,.F.);
#5011 = EDGE_CURVE('',#5012,#5004,#5014,.T.);
#5012 = VERTEX_POINT('',#5013);
#5013 = CARTESIAN_POINT('',(82.202236465237,-1.533315720376,7.6));
#5014 = LINE('',#5015,#5016);
#5015 = CARTESIAN_POINT('',(82.202236465237,-1.533315720376,7.6));
#5016 = VECTOR('',#5017,1.);
#5017 = DIRECTION('',(0.595699304492,0.803207531481,0.));
#5018 = ORIENTED_EDGE('',*,*,#5019,.F.);
#5019 = EDGE_CURVE('',#5020,#5012,#5022,.T.);
#5020 = VERTEX_POINT('',#5021);
#5021 = CARTESIAN_POINT('',(82.141694482782,-1.634323915809,7.6));
#5022 = LINE('',#5023,#5024);
#5023 = CARTESIAN_POINT('',(82.141694482782,-1.634323915809,7.6));
#5024 = VECTOR('',#5025,1.);
#5025 = DIRECTION('',(0.514102744193,0.85772861,0.));
#5026 = ORIENTED_EDGE('',*,*,#5027,.F.);
#5027 = EDGE_CURVE('',#5028,#5020,#5030,.T.);
#5028 = VERTEX_POINT('',#5029);
#5029 = CARTESIAN_POINT('',(82.091344560986,-1.740779881162,7.6));
#5030 = LINE('',#5031,#5032);
#5031 = CARTESIAN_POINT('',(82.091344560986,-1.740779881162,7.6));
#5032 = VECTOR('',#5033,1.);
#5033 = DIRECTION('',(0.42755509343,0.903989293123,0.));
#5034 = ORIENTED_EDGE('',*,*,#5035,.F.);
#5035 = EDGE_CURVE('',#5036,#5028,#5038,.T.);
#5036 = VERTEX_POINT('',#5037);
#5037 = CARTESIAN_POINT('',(82.051671597121,-1.851658387295,7.6));
#5038 = LINE('',#5039,#5040);
#5039 = CARTESIAN_POINT('',(82.051671597121,-1.851658387295,7.6));
#5040 = VECTOR('',#5041,1.);
#5041 = DIRECTION('',(0.336889853392,0.941544065183,0.));
#5042 = ORIENTED_EDGE('',*,*,#5043,.F.);
#5043 = EDGE_CURVE('',#5044,#5036,#5046,.T.);
#5044 = VERTEX_POINT('',#5045);
#5045 = CARTESIAN_POINT('',(82.023057663516,-1.965891613581,7.6));
#5046 = LINE('',#5047,#5048);
#5047 = CARTESIAN_POINT('',(82.023057663516,-1.965891613581,7.6));
#5048 = VECTOR('',#5049,1.);
#5049 = DIRECTION('',(0.242980179903,0.970031253195,0.));
#5050 = ORIENTED_EDGE('',*,*,#5051,.F.);
#5051 = EDGE_CURVE('',#5052,#5044,#5054,.T.);
#5052 = VERTEX_POINT('',#5053);
#5053 = CARTESIAN_POINT('',(82.005778327993,-2.082379431605,7.6));
#5054 = LINE('',#5055,#5056);
#5055 = CARTESIAN_POINT('',(82.005778327993,-2.082379431605,7.6));
#5056 = VECTOR('',#5057,1.);
#5057 = DIRECTION('',(0.146730474455,0.989176509965,0.));
#5058 = ORIENTED_EDGE('',*,*,#5059,.F.);
#5059 = EDGE_CURVE('',#5060,#5052,#5062,.T.);
#5060 = VERTEX_POINT('',#5061);
#5061 = CARTESIAN_POINT('',(82.,-2.2,7.6));
#5062 = LINE('',#5063,#5064);
#5063 = CARTESIAN_POINT('',(82.,-2.2,7.6));
#5064 = VECTOR('',#5065,1.);
#5065 = DIRECTION('',(4.906767432746E-02,0.998795456205,0.));
#5066 = ORIENTED_EDGE('',*,*,#5067,.F.);
#5067 = EDGE_CURVE('',#5068,#5060,#5070,.T.);
#5068 = VERTEX_POINT('',#5069);
#5069 = CARTESIAN_POINT('',(82.,-4.8,7.6));
#5070 = LINE('',#5071,#5072);
#5071 = CARTESIAN_POINT('',(82.,-4.8,7.6));
#5072 = VECTOR('',#5073,1.);
#5073 = DIRECTION('',(0.,1.,0.));
#5074 = ORIENTED_EDGE('',*,*,#5075,.F.);
#5075 = EDGE_CURVE('',#5076,#5068,#5078,.T.);
#5076 = VERTEX_POINT('',#5077);
#5077 = CARTESIAN_POINT('',(81.994221672007,-4.917620568395,7.6));
#5078 = LINE('',#5079,#5080);
#5079 = CARTESIAN_POINT('',(81.994221672007,-4.917620568395,7.6));
#5080 = VECTOR('',#5081,1.);
#5081 = DIRECTION('',(4.906767432746E-02,0.998795456205,0.));
#5082 = ORIENTED_EDGE('',*,*,#5083,.F.);
#5083 = EDGE_CURVE('',#5084,#5076,#5086,.T.);
#5084 = VERTEX_POINT('',#5085);
#5085 = CARTESIAN_POINT('',(81.976942336484,-5.034108386419,7.6));
#5086 = LINE('',#5087,#5088);
#5087 = CARTESIAN_POINT('',(81.976942336484,-5.034108386419,7.6));
#5088 = VECTOR('',#5089,1.);
#5089 = DIRECTION('',(0.146730474455,0.989176509965,0.));
#5090 = ORIENTED_EDGE('',*,*,#5091,.F.);
#5091 = EDGE_CURVE('',#5092,#5084,#5094,.T.);
#5092 = VERTEX_POINT('',#5093);
#5093 = CARTESIAN_POINT('',(81.948328402879,-5.148341612705,7.6));
#5094 = LINE('',#5095,#5096);
#5095 = CARTESIAN_POINT('',(81.948328402879,-5.148341612705,7.6));
#5096 = VECTOR('',#5097,1.);
#5097 = DIRECTION('',(0.242980179903,0.970031253195,0.));
#5098 = ORIENTED_EDGE('',*,*,#5099,.F.);
#5099 = EDGE_CURVE('',#5100,#5092,#5102,.T.);
#5100 = VERTEX_POINT('',#5101);
#5101 = CARTESIAN_POINT('',(81.908655439014,-5.259220118838,7.6));
#5102 = LINE('',#5103,#5104);
#5103 = CARTESIAN_POINT('',(81.908655439014,-5.259220118838,7.6));
#5104 = VECTOR('',#5105,1.);
#5105 = DIRECTION('',(0.336889853392,0.941544065183,0.));
#5106 = ORIENTED_EDGE('',*,*,#5107,.F.);
#5107 = EDGE_CURVE('',#5108,#5100,#5110,.T.);
#5108 = VERTEX_POINT('',#5109);
#5109 = CARTESIAN_POINT('',(81.858305517218,-5.365676084191,7.6));
#5110 = LINE('',#5111,#5112);
#5111 = CARTESIAN_POINT('',(81.858305517218,-5.365676084191,7.6));
#5112 = VECTOR('',#5113,1.);
#5113 = DIRECTION('',(0.42755509343,0.903989293123,0.));
#5114 = ORIENTED_EDGE('',*,*,#5115,.F.);
#5115 = EDGE_CURVE('',#5116,#5108,#5118,.T.);
#5116 = VERTEX_POINT('',#5117);
#5117 = CARTESIAN_POINT('',(81.797763534763,-5.466684279624,7.6));
#5118 = LINE('',#5119,#5120);
#5119 = CARTESIAN_POINT('',(81.797763534763,-5.466684279624,7.6));
#5120 = VECTOR('',#5121,1.);
#5121 = DIRECTION('',(0.514102744193,0.85772861,0.));
#5122 = ORIENTED_EDGE('',*,*,#5123,.F.);
#5123 = EDGE_CURVE('',#5124,#5116,#5126,.T.);
#5124 = VERTEX_POINT('',#5125);
#5125 = CARTESIAN_POINT('',(81.727612544035,-5.561271940996,7.6));
#5126 = LINE('',#5127,#5128);
#5127 = CARTESIAN_POINT('',(81.727612544035,-5.561271940996,7.6));
#5128 = VECTOR('',#5129,1.);
#5129 = DIRECTION('',(0.595699304492,0.803207531481,0.));
#5130 = ORIENTED_EDGE('',*,*,#5131,.F.);
#5131 = EDGE_CURVE('',#5132,#5124,#5134,.T.);
#5132 = VERTEX_POINT('',#5133);
#5133 = CARTESIAN_POINT('',(81.648528137424,-5.648528137424,7.6));
#5134 = LINE('',#5135,#5136);
#5135 = CARTESIAN_POINT('',(81.648528137424,-5.648528137424,7.6));
#5136 = VECTOR('',#5137,1.);
#5137 = DIRECTION('',(0.671558954847,0.740951125355,0.));
#5138 = ORIENTED_EDGE('',*,*,#5139,.F.);
#5139 = EDGE_CURVE('',#5140,#5132,#5142,.T.);
#5140 = VERTEX_POINT('',#5141);
#5141 = CARTESIAN_POINT('',(81.561271940996,-5.727612544035,7.6));
#5142 = LINE('',#5143,#5144);
#5143 = CARTESIAN_POINT('',(81.561271940996,-5.727612544035,7.6));
#5144 = VECTOR('',#5145,1.);
#5145 = DIRECTION('',(0.740951125355,0.671558954847,0.));
#5146 = ORIENTED_EDGE('',*,*,#5147,.F.);
#5147 = EDGE_CURVE('',#5148,#5140,#5150,.T.);
#5148 = VERTEX_POINT('',#5149);
#5149 = CARTESIAN_POINT('',(81.466684279624,-5.797763534763,7.6));
#5150 = LINE('',#5151,#5152);
#5151 = CARTESIAN_POINT('',(81.466684279624,-5.797763534763,7.6));
#5152 = VECTOR('',#5153,1.);
#5153 = DIRECTION('',(0.803207531481,0.595699304492,0.));
#5154 = ORIENTED_EDGE('',*,*,#5155,.F.);
#5155 = EDGE_CURVE('',#5156,#5148,#5158,.T.);
#5156 = VERTEX_POINT('',#5157);
#5157 = CARTESIAN_POINT('',(81.365676084191,-5.858305517218,7.6));
#5158 = LINE('',#5159,#5160);
#5159 = CARTESIAN_POINT('',(81.365676084191,-5.858305517218,7.6));
#5160 = VECTOR('',#5161,1.);
#5161 = DIRECTION('',(0.85772861,0.514102744193,0.));
#5162 = ORIENTED_EDGE('',*,*,#5163,.F.);
#5163 = EDGE_CURVE('',#5164,#5156,#5166,.T.);
#5164 = VERTEX_POINT('',#5165);
#5165 = CARTESIAN_POINT('',(81.259220118838,-5.908655439014,7.6));
#5166 = LINE('',#5167,#5168);
#5167 = CARTESIAN_POINT('',(81.259220118838,-5.908655439014,7.6));
#5168 = VECTOR('',#5169,1.);
#5169 = DIRECTION('',(0.903989293123,0.42755509343,0.));
#5170 = ORIENTED_EDGE('',*,*,#5171,.F.);
#5171 = EDGE_CURVE('',#5172,#5164,#5174,.T.);
#5172 = VERTEX_POINT('',#5173);
#5173 = CARTESIAN_POINT('',(81.148341612705,-5.948328402879,7.6));
#5174 = LINE('',#5175,#5176);
#5175 = CARTESIAN_POINT('',(81.148341612705,-5.948328402879,7.6));
#5176 = VECTOR('',#5177,1.);
#5177 = DIRECTION('',(0.941544065183,0.336889853392,0.));
#5178 = ORIENTED_EDGE('',*,*,#5179,.F.);
#5179 = EDGE_CURVE('',#5180,#5172,#5182,.T.);
#5180 = VERTEX_POINT('',#5181);
#5181 = CARTESIAN_POINT('',(81.034108386419,-5.976942336484,7.6));
#5182 = LINE('',#5183,#5184);
#5183 = CARTESIAN_POINT('',(81.034108386419,-5.976942336484,7.6));
#5184 = VECTOR('',#5185,1.);
#5185 = DIRECTION('',(0.970031253195,0.242980179903,0.));
#5186 = ORIENTED_EDGE('',*,*,#5187,.F.);
#5187 = EDGE_CURVE('',#5188,#5180,#5190,.T.);
#5188 = VERTEX_POINT('',#5189);
#5189 = CARTESIAN_POINT('',(80.917620568395,-5.994221672007,7.6));
#5190 = LINE('',#5191,#5192);
#5191 = CARTESIAN_POINT('',(80.917620568395,-5.994221672007,7.6));
#5192 = VECTOR('',#5193,1.);
#5193 = DIRECTION('',(0.989176509965,0.146730474455,0.));
#5194 = ORIENTED_EDGE('',*,*,#5195,.F.);
#5195 = EDGE_CURVE('',#5196,#5188,#5198,.T.);
#5196 = VERTEX_POINT('',#5197);
#5197 = CARTESIAN_POINT('',(80.8,-6.,7.6));
#5198 = LINE('',#5199,#5200);
#5199 = CARTESIAN_POINT('',(80.8,-6.,7.6));
#5200 = VECTOR('',#5201,1.);
#5201 = DIRECTION('',(0.998795456205,4.906767432743E-02,0.));
#5202 = ORIENTED_EDGE('',*,*,#5203,.F.);
#5203 = EDGE_CURVE('',#5204,#5196,#5206,.T.);
#5204 = VERTEX_POINT('',#5205);
#5205 = CARTESIAN_POINT('',(50.2,-6.,7.6));
#5206 = LINE('',#5207,#5208);
#5207 = CARTESIAN_POINT('',(50.2,-6.,7.6));
#5208 = VECTOR('',#5209,1.);
#5209 = DIRECTION('',(1.,-2.902543855229E-17,0.));
#5210 = ORIENTED_EDGE('',*,*,#5211,.F.);
#5211 = EDGE_CURVE('',#5212,#5204,#5214,.T.);
#5212 = VERTEX_POINT('',#5213);
#5213 = CARTESIAN_POINT('',(50.082379431605,-6.005778327993,7.6));
#5214 = LINE('',#5215,#5216);
#5215 = CARTESIAN_POINT('',(50.082379431605,-6.005778327993,7.6));
#5216 = VECTOR('',#5217,1.);
#5217 = DIRECTION('',(0.998795456205,4.906767432743E-02,0.));
#5218 = ORIENTED_EDGE('',*,*,#5219,.F.);
#5219 = EDGE_CURVE('',#5220,#5212,#5222,.T.);
#5220 = VERTEX_POINT('',#5221);
#5221 = CARTESIAN_POINT('',(49.965891613581,-6.023057663516,7.6));
#5222 = LINE('',#5223,#5224);
#5223 = CARTESIAN_POINT('',(49.965891613581,-6.023057663516,7.6));
#5224 = VECTOR('',#5225,1.);
#5225 = DIRECTION('',(0.989176509965,0.146730474455,0.));
#5226 = ORIENTED_EDGE('',*,*,#5227,.F.);
#5227 = EDGE_CURVE('',#5228,#5220,#5230,.T.);
#5228 = VERTEX_POINT('',#5229);
#5229 = CARTESIAN_POINT('',(49.851658387295,-6.051671597121,7.6));
#5230 = LINE('',#5231,#5232);
#5231 = CARTESIAN_POINT('',(49.851658387295,-6.051671597121,7.6));
#5232 = VECTOR('',#5233,1.);
#5233 = DIRECTION('',(0.970031253195,0.242980179903,0.));
#5234 = ORIENTED_EDGE('',*,*,#5235,.F.);
#5235 = EDGE_CURVE('',#5236,#5228,#5238,.T.);
#5236 = VERTEX_POINT('',#5237);
#5237 = CARTESIAN_POINT('',(49.740779881162,-6.091344560986,7.6));
#5238 = LINE('',#5239,#5240);
#5239 = CARTESIAN_POINT('',(49.740779881162,-6.091344560986,7.6));
#5240 = VECTOR('',#5241,1.);
#5241 = DIRECTION('',(0.941544065183,0.336889853392,0.));
#5242 = ORIENTED_EDGE('',*,*,#5243,.F.);
#5243 = EDGE_CURVE('',#5244,#5236,#5246,.T.);
#5244 = VERTEX_POINT('',#5245);
#5245 = CARTESIAN_POINT('',(49.634323915809,-6.141694482782,7.6));
#5246 = LINE('',#5247,#5248);
#5247 = CARTESIAN_POINT('',(49.634323915809,-6.141694482782,7.6));
#5248 = VECTOR('',#5249,1.);
#5249 = DIRECTION('',(0.903989293123,0.42755509343,0.));
#5250 = ORIENTED_EDGE('',*,*,#5251,.F.);
#5251 = EDGE_CURVE('',#5252,#5244,#5254,.T.);
#5252 = VERTEX_POINT('',#5253);
#5253 = CARTESIAN_POINT('',(49.533315720376,-6.202236465237,7.6));
#5254 = LINE('',#5255,#5256);
#5255 = CARTESIAN_POINT('',(49.533315720376,-6.202236465237,7.6));
#5256 = VECTOR('',#5257,1.);
#5257 = DIRECTION('',(0.85772861,0.514102744193,0.));
#5258 = ORIENTED_EDGE('',*,*,#5259,.F.);
#5259 = EDGE_CURVE('',#5260,#5252,#5262,.T.);
#5260 = VERTEX_POINT('',#5261);
#5261 = CARTESIAN_POINT('',(49.438728059004,-6.272387455965,7.6));
#5262 = LINE('',#5263,#5264);
#5263 = CARTESIAN_POINT('',(49.438728059004,-6.272387455965,7.6));
#5264 = VECTOR('',#5265,1.);
#5265 = DIRECTION('',(0.803207531481,0.595699304492,0.));
#5266 = ORIENTED_EDGE('',*,*,#5267,.F.);
#5267 = EDGE_CURVE('',#5268,#5260,#5270,.T.);
#5268 = VERTEX_POINT('',#5269);
#5269 = CARTESIAN_POINT('',(49.351471862576,-6.351471862576,7.6));
#5270 = LINE('',#5271,#5272);
#5271 = CARTESIAN_POINT('',(49.351471862576,-6.351471862576,7.6));
#5272 = VECTOR('',#5273,1.);
#5273 = DIRECTION('',(0.740951125355,0.671558954847,0.));
#5274 = ORIENTED_EDGE('',*,*,#5275,.F.);
#5275 = EDGE_CURVE('',#5276,#5268,#5278,.T.);
#5276 = VERTEX_POINT('',#5277);
#5277 = CARTESIAN_POINT('',(49.272387455965,-6.438728059004,7.6));
#5278 = LINE('',#5279,#5280);
#5279 = CARTESIAN_POINT('',(49.272387455965,-6.438728059004,7.6));
#5280 = VECTOR('',#5281,1.);
#5281 = DIRECTION('',(0.671558954847,0.740951125355,0.));
#5282 = ORIENTED_EDGE('',*,*,#5283,.F.);
#5283 = EDGE_CURVE('',#5284,#5276,#5286,.T.);
#5284 = VERTEX_POINT('',#5285);
#5285 = CARTESIAN_POINT('',(49.202236465237,-6.533315720376,7.6));
#5286 = LINE('',#5287,#5288);
#5287 = CARTESIAN_POINT('',(49.202236465237,-6.533315720376,7.6));
#5288 = VECTOR('',#5289,1.);
#5289 = DIRECTION('',(0.595699304492,0.803207531481,0.));
#5290 = ORIENTED_EDGE('',*,*,#5291,.F.);
#5291 = EDGE_CURVE('',#5292,#5284,#5294,.T.);
#5292 = VERTEX_POINT('',#5293);
#5293 = CARTESIAN_POINT('',(49.141694482782,-6.634323915809,7.6));
#5294 = LINE('',#5295,#5296);
#5295 = CARTESIAN_POINT('',(49.141694482782,-6.634323915809,7.6));
#5296 = VECTOR('',#5297,1.);
#5297 = DIRECTION('',(0.514102744193,0.85772861,0.));
#5298 = ORIENTED_EDGE('',*,*,#5299,.F.);
#5299 = EDGE_CURVE('',#5300,#5292,#5302,.T.);
#5300 = VERTEX_POINT('',#5301);
#5301 = CARTESIAN_POINT('',(49.091344560986,-6.740779881162,7.6));
#5302 = LINE('',#5303,#5304);
#5303 = CARTESIAN_POINT('',(49.091344560986,-6.740779881162,7.6));
#5304 = VECTOR('',#5305,1.);
#5305 = DIRECTION('',(0.42755509343,0.903989293123,0.));
#5306 = ORIENTED_EDGE('',*,*,#5307,.F.);
#5307 = EDGE_CURVE('',#5308,#5300,#5310,.T.);
#5308 = VERTEX_POINT('',#5309);
#5309 = CARTESIAN_POINT('',(49.051671597121,-6.851658387295,7.6));
#5310 = LINE('',#5311,#5312);
#5311 = CARTESIAN_POINT('',(49.051671597121,-6.851658387295,7.6));
#5312 = VECTOR('',#5313,1.);
#5313 = DIRECTION('',(0.336889853392,0.941544065183,0.));
#5314 = ORIENTED_EDGE('',*,*,#5315,.F.);
#5315 = EDGE_CURVE('',#5316,#5308,#5318,.T.);
#5316 = VERTEX_POINT('',#5317);
#5317 = CARTESIAN_POINT('',(49.023057663516,-6.965891613581,7.6));
#5318 = LINE('',#5319,#5320);
#5319 = CARTESIAN_POINT('',(49.023057663516,-6.965891613581,7.6));
#5320 = VECTOR('',#5321,1.);
#5321 = DIRECTION('',(0.242980179903,0.970031253195,0.));
#5322 = ORIENTED_EDGE('',*,*,#5323,.F.);
#5323 = EDGE_CURVE('',#5324,#5316,#5326,.T.);
#5324 = VERTEX_POINT('',#5325);
#5325 = CARTESIAN_POINT('',(49.005778327993,-7.082379431605,7.6));
#5326 = LINE('',#5327,#5328);
#5327 = CARTESIAN_POINT('',(49.005778327993,-7.082379431605,7.6));
#5328 = VECTOR('',#5329,1.);
#5329 = DIRECTION('',(0.146730474455,0.989176509965,0.));
#5330 = ORIENTED_EDGE('',*,*,#5331,.F.);
#5331 = EDGE_CURVE('',#5332,#5324,#5334,.T.);
#5332 = VERTEX_POINT('',#5333);
#5333 = CARTESIAN_POINT('',(49.,-7.2,7.6));
#5334 = LINE('',#5335,#5336);
#5335 = CARTESIAN_POINT('',(49.,-7.2,7.6));
#5336 = VECTOR('',#5337,1.);
#5337 = DIRECTION('',(4.906767432746E-02,0.998795456205,0.));
#5338 = ORIENTED_EDGE('',*,*,#5339,.F.);
#5339 = EDGE_CURVE('',#5340,#5332,#5342,.T.);
#5340 = VERTEX_POINT('',#5341);
#5341 = CARTESIAN_POINT('',(49.,-9.8,7.6));
#5342 = LINE('',#5343,#5344);
#5343 = CARTESIAN_POINT('',(49.,-9.8,7.6));
#5344 = VECTOR('',#5345,1.);
#5345 = DIRECTION('',(0.,1.,0.));
#5346 = ORIENTED_EDGE('',*,*,#5347,.F.);
#5347 = EDGE_CURVE('',#5348,#5340,#5350,.T.);
#5348 = VERTEX_POINT('',#5349);
#5349 = CARTESIAN_POINT('',(48.994221672007,-9.917620568395,7.6));
#5350 = LINE('',#5351,#5352);
#5351 = CARTESIAN_POINT('',(48.994221672007,-9.917620568395,7.6));
#5352 = VECTOR('',#5353,1.);
#5353 = DIRECTION('',(4.906767432746E-02,0.998795456205,0.));
#5354 = ORIENTED_EDGE('',*,*,#5355,.F.);
#5355 = EDGE_CURVE('',#5356,#5348,#5358,.T.);
#5356 = VERTEX_POINT('',#5357);
#5357 = CARTESIAN_POINT('',(48.976942336484,-10.03410838641,7.6));
#5358 = LINE('',#5359,#5360);
#5359 = CARTESIAN_POINT('',(48.976942336484,-10.03410838641,7.6));
#5360 = VECTOR('',#5361,1.);
#5361 = DIRECTION('',(0.146730474455,0.989176509965,0.));
#5362 = ORIENTED_EDGE('',*,*,#5363,.F.);
#5363 = EDGE_CURVE('',#5364,#5356,#5366,.T.);
#5364 = VERTEX_POINT('',#5365);
#5365 = CARTESIAN_POINT('',(48.948328402879,-10.1483416127,7.6));
#5366 = LINE('',#5367,#5368);
#5367 = CARTESIAN_POINT('',(48.948328402879,-10.1483416127,7.6));
#5368 = VECTOR('',#5369,1.);
#5369 = DIRECTION('',(0.242980179903,0.970031253195,0.));
#5370 = ORIENTED_EDGE('',*,*,#5371,.F.);
#5371 = EDGE_CURVE('',#5372,#5364,#5374,.T.);
#5372 = VERTEX_POINT('',#5373);
#5373 = CARTESIAN_POINT('',(48.908655439014,-10.25922011883,7.6));
#5374 = LINE('',#5375,#5376);
#5375 = CARTESIAN_POINT('',(48.908655439014,-10.25922011883,7.6));
#5376 = VECTOR('',#5377,1.);
#5377 = DIRECTION('',(0.336889853392,0.941544065183,0.));
#5378 = ORIENTED_EDGE('',*,*,#5379,.F.);
#5379 = EDGE_CURVE('',#5380,#5372,#5382,.T.);
#5380 = VERTEX_POINT('',#5381);
#5381 = CARTESIAN_POINT('',(48.858305517218,-10.36567608419,7.6));
#5382 = LINE('',#5383,#5384);
#5383 = CARTESIAN_POINT('',(48.858305517218,-10.36567608419,7.6));
#5384 = VECTOR('',#5385,1.);
#5385 = DIRECTION('',(0.42755509343,0.903989293123,0.));
#5386 = ORIENTED_EDGE('',*,*,#5387,.F.);
#5387 = EDGE_CURVE('',#5388,#5380,#5390,.T.);
#5388 = VERTEX_POINT('',#5389);
#5389 = CARTESIAN_POINT('',(48.797763534763,-10.46668427962,7.6));
#5390 = LINE('',#5391,#5392);
#5391 = CARTESIAN_POINT('',(48.797763534763,-10.46668427962,7.6));
#5392 = VECTOR('',#5393,1.);
#5393 = DIRECTION('',(0.514102744193,0.85772861,0.));
#5394 = ORIENTED_EDGE('',*,*,#5395,.F.);
#5395 = EDGE_CURVE('',#5396,#5388,#5398,.T.);
#5396 = VERTEX_POINT('',#5397);
#5397 = CARTESIAN_POINT('',(48.727612544035,-10.56127194099,7.6));
#5398 = LINE('',#5399,#5400);
#5399 = CARTESIAN_POINT('',(48.727612544035,-10.56127194099,7.6));
#5400 = VECTOR('',#5401,1.);
#5401 = DIRECTION('',(0.595699304492,0.803207531481,0.));
#5402 = ORIENTED_EDGE('',*,*,#5403,.F.);
#5403 = EDGE_CURVE('',#5404,#5396,#5406,.T.);
#5404 = VERTEX_POINT('',#5405);
#5405 = CARTESIAN_POINT('',(48.648528137424,-10.64852813742,7.6));
#5406 = LINE('',#5407,#5408);
#5407 = CARTESIAN_POINT('',(48.648528137424,-10.64852813742,7.6));
#5408 = VECTOR('',#5409,1.);
#5409 = DIRECTION('',(0.671558954847,0.740951125355,0.));
#5410 = ORIENTED_EDGE('',*,*,#5411,.F.);
#5411 = EDGE_CURVE('',#94,#5404,#5412,.T.);
#5412 = LINE('',#5413,#5414);
#5413 = CARTESIAN_POINT('',(48.561271940996,-10.72761254403,7.6));
#5414 = VECTOR('',#5415,1.);
#5415 = DIRECTION('',(0.740951125355,0.671558954847,0.));
#5416 = ORIENTED_EDGE('',*,*,#93,.F.);
#5417 = FACE_BOUND('',#5418,.T.);
#5418 = EDGE_LOOP('',(#5419,#5429,#5437,#5445));
#5419 = ORIENTED_EDGE('',*,*,#5420,.F.);
#5420 = EDGE_CURVE('',#5421,#5423,#5425,.T.);
#5421 = VERTEX_POINT('',#5422);
#5422 = CARTESIAN_POINT('',(41.385826677072,-70.69751765855,7.6));
#5423 = VERTEX_POINT('',#5424);
#5424 = CARTESIAN_POINT('',(28.697517658559,-76.61417332292,7.6));
#5425 = LINE('',#5426,#5427);
#5426 = CARTESIAN_POINT('',(57.138844300717,-63.3517649016,7.6));
#5427 = VECTOR('',#5428,1.);
#5428 = DIRECTION('',(-0.906307787037,-0.422618261741,0.));
#5429 = ORIENTED_EDGE('',*,*,#5430,.F.);
#5430 = EDGE_CURVE('',#5431,#5421,#5433,.T.);
#5431 = VERTEX_POINT('',#5432);
#5432 = CARTESIAN_POINT('',(47.302482341441,-83.38582667707,7.6));
#5433 = LINE('',#5434,#5435);
#5434 = CARTESIAN_POINT('',(40.945423905934,-69.75307086804,7.6));
#5435 = VECTOR('',#5436,1.);
#5436 = DIRECTION('',(-0.422618261741,0.906307787037,0.));
#5437 = ORIENTED_EDGE('',*,*,#5438,.F.);
#5438 = EDGE_CURVE('',#5439,#5431,#5441,.T.);
#5439 = VERTEX_POINT('',#5440);
#5440 = CARTESIAN_POINT('',(34.614173322928,-89.30248234144,7.6));
#5441 = LINE('',#5442,#5443);
#5442 = CARTESIAN_POINT('',(69.399654474343,-73.08174608793,7.6));
#5443 = VECTOR('',#5444,1.);
#5444 = DIRECTION('',(0.906307787037,0.422618261741,0.));
#5445 = ORIENTED_EDGE('',*,*,#5446,.F.);
#5446 = EDGE_CURVE('',#5423,#5439,#5447,.T.);
#5447 = LINE('',#5448,#5449);
#5448 = CARTESIAN_POINT('',(31.215442719606,-82.01388104166,7.6));
#5449 = VECTOR('',#5450,1.);
#5450 = DIRECTION('',(0.422618261741,-0.906307787037,0.));
#5451 = FACE_BOUND('',#5452,.T.);
#5452 = EDGE_LOOP('',(#5453,#5463,#5471,#5479));
#5453 = ORIENTED_EDGE('',*,*,#5454,.F.);
#5454 = EDGE_CURVE('',#5455,#5457,#5459,.T.);
#5455 = VERTEX_POINT('',#5456);
#5456 = CARTESIAN_POINT('',(64.678117027417,-64.89080848524,7.6));
#5457 = VERTEX_POINT('',#5458);
#5458 = CARTESIAN_POINT('',(50.890808485246,-67.32188297258,7.6));
#5459 = LINE('',#5460,#5461);
#5460 = CARTESIAN_POINT('',(68.920338285798,-64.14279041925,7.6));
#5461 = VECTOR('',#5462,1.);
#5462 = DIRECTION('',(-0.984807753012,-0.173648177667,0.));
#5463 = ORIENTED_EDGE('',*,*,#5464,.F.);
#5464 = EDGE_CURVE('',#5465,#5455,#5467,.T.);
#5465 = VERTEX_POINT('',#5466);
#5466 = CARTESIAN_POINT('',(67.109191514754,-78.67811702741,7.6));
#5467 = LINE('',#5468,#5469);
#5468 = CARTESIAN_POINT('',(63.552865684542,-58.5091910019,7.6));
#5469 = VECTOR('',#5470,1.);
#5470 = DIRECTION('',(-0.173648177667,0.984807753012,0.));
#5471 = ORIENTED_EDGE('',*,*,#5472,.F.);
#5472 = EDGE_CURVE('',#5473,#5465,#5475,.T.);
#5473 = VERTEX_POINT('',#5474);
#5474 = CARTESIAN_POINT('',(53.321882972583,-81.10919151475,7.6));
#5475 = LINE('',#5476,#5477);
#5476 = CARTESIAN_POINT('',(78.24506704422,-76.71456171776,7.6));
#5477 = VECTOR('',#5478,1.);
#5478 = DIRECTION('',(0.984807753012,0.173648177667,0.));
#5479 = ORIENTED_EDGE('',*,*,#5480,.F.);
#5480 = EDGE_CURVE('',#5457,#5473,#5481,.T.);
#5481 = LINE('',#5482,#5483);
#5482 = CARTESIAN_POINT('',(50.98109438604,-67.83391976032,7.6));
#5483 = VECTOR('',#5484,1.);
#5484 = DIRECTION('',(0.173648177667,-0.984807753012,0.));
#5485 = FACE_BOUND('',#5486,.T.);
#5486 = EDGE_LOOP('',(#5487,#5497,#5505,#5513));
#5487 = ORIENTED_EDGE('',*,*,#5488,.F.);
#5488 = EDGE_CURVE('',#5489,#5491,#5493,.T.);
#5489 = VERTEX_POINT('',#5490);
#5490 = CARTESIAN_POINT('',(88.583453085876,-65.63672731259,7.6));
#5491 = VERTEX_POINT('',#5492);
#5492 = CARTESIAN_POINT('',(74.636727312591,-64.41654691412,7.6));
#5493 = LINE('',#5494,#5495);
#5494 = CARTESIAN_POINT('',(78.925854476281,-64.79179691736,7.6));
#5495 = VECTOR('',#5496,1.);
#5496 = DIRECTION('',(-0.996194698092,8.715574274766E-02,0.));
#5497 = ORIENTED_EDGE('',*,*,#5498,.F.);
#5498 = EDGE_CURVE('',#5499,#5489,#5501,.T.);
#5499 = VERTEX_POINT('',#5500);
#5500 = CARTESIAN_POINT('',(87.363272687409,-79.58345308587,7.6));
#5501 = LINE('',#5502,#5503);
#5502 = CARTESIAN_POINT('',(89.325644966191,-57.1534353019,7.6));
#5503 = VECTOR('',#5504,1.);
#5504 = DIRECTION('',(8.715574274766E-02,0.996194698092,0.));
#5505 = ORIENTED_EDGE('',*,*,#5506,.F.);
#5506 = EDGE_CURVE('',#5507,#5499,#5509,.T.);
#5507 = VERTEX_POINT('',#5508);
#5508 = CARTESIAN_POINT('',(73.416546914124,-78.3632726874,7.6));
#5509 = LINE('',#5510,#5511);
#5510 = CARTESIAN_POINT('',(84.679036964456,-79.34861288988,7.6));
#5511 = VECTOR('',#5512,1.);
#5512 = DIRECTION('',(0.996194698092,-8.715574274766E-02,0.));
#5513 = ORIENTED_EDGE('',*,*,#5514,.F.);
#5514 = EDGE_CURVE('',#5491,#5507,#5515,.T.);
#5515 = LINE('',#5516,#5517);
#5516 = CARTESIAN_POINT('',(74.768828993673,-62.90661779008,7.6));
#5517 = VECTOR('',#5518,1.);
#5518 = DIRECTION('',(-8.715574274766E-02,-0.996194698092,0.));
#5519 = FACE_BOUND('',#5520,.T.);
#5520 = EDGE_LOOP('',(#5521,#5531,#5539,#5547));
#5521 = ORIENTED_EDGE('',*,*,#5522,.F.);
#5522 = EDGE_CURVE('',#5523,#5525,#5527,.T.);
#5523 = VERTEX_POINT('',#5524);
#5524 = CARTESIAN_POINT('',(65.,-46.,7.6));
#5525 = VERTEX_POINT('',#5526);
#5526 = CARTESIAN_POINT('',(51.,-46.,7.6));
#5527 = LINE('',#5528,#5529);
#5528 = CARTESIAN_POINT('',(67.8496827003,-46.,7.6));
#5529 = VECTOR('',#5530,1.);
#5530 = DIRECTION('',(-1.,0.,0.));
#5531 = ORIENTED_EDGE('',*,*,#5532,.F.);
#5532 = EDGE_CURVE('',#5533,#5523,#5535,.T.);
#5533 = VERTEX_POINT('',#5534);
#5534 = CARTESIAN_POINT('',(65.,-60.,7.6));
#5535 = LINE('',#5536,#5537);
#5536 = CARTESIAN_POINT('',(65.,-47.10023144962,7.6));
#5537 = VECTOR('',#5538,1.);
#5538 = DIRECTION('',(0.,1.,0.));
#5539 = ORIENTED_EDGE('',*,*,#5540,.F.);
#5540 = EDGE_CURVE('',#5541,#5533,#5543,.T.);
#5541 = VERTEX_POINT('',#5542);
#5542 = CARTESIAN_POINT('',(51.,-60.,7.6));
#5543 = LINE('',#5544,#5545);
#5544 = CARTESIAN_POINT('',(74.8496827003,-60.,7.6));
#5545 = VECTOR('',#5546,1.);
#5546 = DIRECTION('',(1.,0.,0.));
#5547 = ORIENTED_EDGE('',*,*,#5548,.F.);
#5548 = EDGE_CURVE('',#5525,#5541,#5549,.T.);
#5549 = LINE('',#5550,#5551);
#5550 = CARTESIAN_POINT('',(51.,-54.10023144962,7.6));
#5551 = VECTOR('',#5552,1.);
#5552 = DIRECTION('',(0.,-1.,0.));
#5553 = FACE_BOUND('',#5554,.T.);
#5554 = EDGE_LOOP('',(#5555,#5565,#5573,#5581));
#5555 = ORIENTED_EDGE('',*,*,#5556,.F.);
#5556 = EDGE_CURVE('',#5557,#5559,#5561,.T.);
#5557 = VERTEX_POINT('',#5558);
#5558 = CARTESIAN_POINT('',(83.,-44.,7.6));
#5559 = VERTEX_POINT('',#5560);
#5560 = CARTESIAN_POINT('',(69.,-44.,7.6));
#5561 = LINE('',#5562,#5563);
#5562 = CARTESIAN_POINT('',(76.8496827003,-44.,7.6));
#5563 = VECTOR('',#5564,1.);
#5564 = DIRECTION('',(-1.,0.,0.));
#5565 = ORIENTED_EDGE('',*,*,#5566,.F.);
#5566 = EDGE_CURVE('',#5567,#5557,#5569,.T.);
#5567 = VERTEX_POINT('',#5568);
#5568 = CARTESIAN_POINT('',(83.,-58.,7.6));
#5569 = LINE('',#5570,#5571);
#5570 = CARTESIAN_POINT('',(83.,-46.10023144962,7.6));
#5571 = VECTOR('',#5572,1.);
#5572 = DIRECTION('',(0.,1.,0.));
#5573 = ORIENTED_EDGE('',*,*,#5574,.F.);
#5574 = EDGE_CURVE('',#5575,#5567,#5577,.T.);
#5575 = VERTEX_POINT('',#5576);
#5576 = CARTESIAN_POINT('',(69.,-58.,7.6));
#5577 = LINE('',#5578,#5579);
#5578 = CARTESIAN_POINT('',(83.8496827003,-58.,7.6));
#5579 = VECTOR('',#5580,1.);
#5580 = DIRECTION('',(1.,0.,0.));
#5581 = ORIENTED_EDGE('',*,*,#5582,.F.);
#5582 = EDGE_CURVE('',#5559,#5575,#5583,.T.);
#5583 = LINE('',#5584,#5585);
#5584 = CARTESIAN_POINT('',(69.,-53.10023144962,7.6));
#5585 = VECTOR('',#5586,1.);
#5586 = DIRECTION('',(0.,-1.,0.));
#5587 = FACE_BOUND('',#5588,.T.);
#5588 = EDGE_LOOP('',(#5589,#5599,#5607,#5615));
#5589 = ORIENTED_EDGE('',*,*,#5590,.F.);
#5590 = EDGE_CURVE('',#5591,#5593,#5595,.T.);
#5591 = VERTEX_POINT('',#5592);
#5592 = CARTESIAN_POINT('',(119.,-44.,7.6));
#5593 = VERTEX_POINT('',#5594);
#5594 = CARTESIAN_POINT('',(105.,-44.,7.6));
#5595 = LINE('',#5596,#5597);
#5596 = CARTESIAN_POINT('',(94.8496827003,-44.,7.6));
#5597 = VECTOR('',#5598,1.);
#5598 = DIRECTION('',(-1.,0.,0.));
#5599 = ORIENTED_EDGE('',*,*,#5600,.F.);
#5600 = EDGE_CURVE('',#5601,#5591,#5603,.T.);
#5601 = VERTEX_POINT('',#5602);
#5602 = CARTESIAN_POINT('',(119.,-58.,7.6));
#5603 = LINE('',#5604,#5605);
#5604 = CARTESIAN_POINT('',(119.,-46.10023144962,7.6));
#5605 = VECTOR('',#5606,1.);
#5606 = DIRECTION('',(0.,1.,0.));
#5607 = ORIENTED_EDGE('',*,*,#5608,.F.);
#5608 = EDGE_CURVE('',#5609,#5601,#5611,.T.);
#5609 = VERTEX_POINT('',#5610);
#5610 = CARTESIAN_POINT('',(105.,-58.,7.6));
#5611 = LINE('',#5612,#5613);
#5612 = CARTESIAN_POINT('',(101.8496827003,-58.,7.6));
#5613 = VECTOR('',#5614,1.);
#5614 = DIRECTION('',(1.,0.,0.));
#5615 = ORIENTED_EDGE('',*,*,#5616,.F.);
#5616 = EDGE_CURVE('',#5593,#5609,#5617,.T.);
#5617 = LINE('',#5618,#5619);
#5618 = CARTESIAN_POINT('',(105.,-53.10023144962,7.6));
#5619 = VECTOR('',#5620,1.);
#5620 = DIRECTION('',(0.,-1.,0.));
#5621 = FACE_BOUND('',#5622,.T.);
#5622 = EDGE_LOOP('',(#5623));
#5623 = ORIENTED_EDGE('',*,*,#5624,.T.);
#5624 = EDGE_CURVE('',#5625,#5625,#5627,.T.);
#5625 = VERTEX_POINT('',#5626);
#5626 = CARTESIAN_POINT('',(119.95,-66.6,7.6));
#5627 = CIRCLE('',#5628,1.15);
#5628 = AXIS2_PLACEMENT_3D('',#5629,#5630,#5631);
#5629 = CARTESIAN_POINT('',(118.8,-66.6,7.6));
#5630 = DIRECTION('',(0.,0.,-1.));
#5631 = DIRECTION('',(1.,0.,0.));
#5632 = FACE_BOUND('',#5633,.T.);
#5633 = EDGE_LOOP('',(#5634,#5644,#5652,#5660));
#5634 = ORIENTED_EDGE('',*,*,#5635,.F.);
#5635 = EDGE_CURVE('',#5636,#5638,#5640,.T.);
#5636 = VERTEX_POINT('',#5637);
#5637 = CARTESIAN_POINT('',(137.,-56.,7.6));
#5638 = VERTEX_POINT('',#5639);
#5639 = CARTESIAN_POINT('',(123.,-56.,7.6));
#5640 = LINE('',#5641,#5642);
#5641 = CARTESIAN_POINT('',(103.8496827003,-56.,7.6));
#5642 = VECTOR('',#5643,1.);
#5643 = DIRECTION('',(-1.,0.,0.));
#5644 = ORIENTED_EDGE('',*,*,#5645,.F.);
#5645 = EDGE_CURVE('',#5646,#5636,#5648,.T.);
#5646 = VERTEX_POINT('',#5647);
#5647 = CARTESIAN_POINT('',(137.,-70.,7.6));
#5648 = LINE('',#5649,#5650);
#5649 = CARTESIAN_POINT('',(137.,-52.10023144962,7.6));
#5650 = VECTOR('',#5651,1.);
#5651 = DIRECTION('',(0.,1.,0.));
#5652 = ORIENTED_EDGE('',*,*,#5653,.F.);
#5653 = EDGE_CURVE('',#5654,#5646,#5656,.T.);
#5654 = VERTEX_POINT('',#5655);
#5655 = CARTESIAN_POINT('',(123.,-70.,7.6));
#5656 = LINE('',#5657,#5658);
#5657 = CARTESIAN_POINT('',(110.8496827003,-70.,7.6));
#5658 = VECTOR('',#5659,1.);
#5659 = DIRECTION('',(1.,0.,0.));
#5660 = ORIENTED_EDGE('',*,*,#5661,.F.);
#5661 = EDGE_CURVE('',#5638,#5654,#5662,.T.);
#5662 = LINE('',#5663,#5664);
#5663 = CARTESIAN_POINT('',(123.,-59.10023144962,7.6));
#5664 = VECTOR('',#5665,1.);
#5665 = DIRECTION('',(0.,-1.,0.));
#5666 = FACE_BOUND('',#5667,.T.);
#5667 = EDGE_LOOP('',(#5668,#5678,#5686,#5694));
#5668 = ORIENTED_EDGE('',*,*,#5669,.F.);
#5669 = EDGE_CURVE('',#5670,#5672,#5674,.T.);
#5670 = VERTEX_POINT('',#5671);
#5671 = CARTESIAN_POINT('',(65.,-29.,7.6));
#5672 = VERTEX_POINT('',#5673);
#5673 = CARTESIAN_POINT('',(51.,-29.,7.6));
#5674 = LINE('',#5675,#5676);
#5675 = CARTESIAN_POINT('',(67.8496827003,-29.,7.6));
#5676 = VECTOR('',#5677,1.);
#5677 = DIRECTION('',(-1.,0.,0.));
#5678 = ORIENTED_EDGE('',*,*,#5679,.F.);
#5679 = EDGE_CURVE('',#5680,#5670,#5682,.T.);
#5680 = VERTEX_POINT('',#5681);
#5681 = CARTESIAN_POINT('',(65.,-43.,7.6));
#5682 = LINE('',#5683,#5684);
#5683 = CARTESIAN_POINT('',(65.,-38.60023144962,7.6));
#5684 = VECTOR('',#5685,1.);
#5685 = DIRECTION('',(0.,1.,0.));
#5686 = ORIENTED_EDGE('',*,*,#5687,.F.);
#5687 = EDGE_CURVE('',#5688,#5680,#5690,.T.);
#5688 = VERTEX_POINT('',#5689);
#5689 = CARTESIAN_POINT('',(51.,-43.,7.6));
#5690 = LINE('',#5691,#5692);
#5691 = CARTESIAN_POINT('',(74.8496827003,-43.,7.6));
#5692 = VECTOR('',#5693,1.);
#5693 = DIRECTION('',(1.,0.,0.));
#5694 = ORIENTED_EDGE('',*,*,#5695,.F.);
#5695 = EDGE_CURVE('',#5672,#5688,#5696,.T.);
#5696 = LINE('',#5697,#5698);
#5697 = CARTESIAN_POINT('',(51.,-45.60023144962,7.6));
#5698 = VECTOR('',#5699,1.);
#5699 = DIRECTION('',(0.,-1.,0.));
#5700 = FACE_BOUND('',#5701,.T.);
#5701 = EDGE_LOOP('',(#5702,#5712,#5720,#5728));
#5702 = ORIENTED_EDGE('',*,*,#5703,.F.);
#5703 = EDGE_CURVE('',#5704,#5706,#5708,.T.);
#5704 = VERTEX_POINT('',#5705);
#5705 = CARTESIAN_POINT('',(83.,-27.,7.6));
#5706 = VERTEX_POINT('',#5707);
#5707 = CARTESIAN_POINT('',(69.,-27.,7.6));
#5708 = LINE('',#5709,#5710);
#5709 = CARTESIAN_POINT('',(76.8496827003,-27.,7.6));
#5710 = VECTOR('',#5711,1.);
#5711 = DIRECTION('',(-1.,0.,0.));
#5712 = ORIENTED_EDGE('',*,*,#5713,.F.);
#5713 = EDGE_CURVE('',#5714,#5704,#5716,.T.);
#5714 = VERTEX_POINT('',#5715);
#5715 = CARTESIAN_POINT('',(83.,-41.,7.6));
#5716 = LINE('',#5717,#5718);
#5717 = CARTESIAN_POINT('',(83.,-37.60023144962,7.6));
#5718 = VECTOR('',#5719,1.);
#5719 = DIRECTION('',(0.,1.,0.));
#5720 = ORIENTED_EDGE('',*,*,#5721,.F.);
#5721 = EDGE_CURVE('',#5722,#5714,#5724,.T.);
#5722 = VERTEX_POINT('',#5723);
#5723 = CARTESIAN_POINT('',(69.,-41.,7.6));
#5724 = LINE('',#5725,#5726);
#5725 = CARTESIAN_POINT('',(83.8496827003,-41.,7.6));
#5726 = VECTOR('',#5727,1.);
#5727 = DIRECTION('',(1.,0.,0.));
#5728 = ORIENTED_EDGE('',*,*,#5729,.F.);
#5729 = EDGE_CURVE('',#5706,#5722,#5730,.T.);
#5730 = LINE('',#5731,#5732);
#5731 = CARTESIAN_POINT('',(69.,-44.60023144962,7.6));
#5732 = VECTOR('',#5733,1.);
#5733 = DIRECTION('',(0.,-1.,0.));
#5734 = FACE_BOUND('',#5735,.T.);
#5735 = EDGE_LOOP('',(#5736,#5746,#5754,#5762));
#5736 = ORIENTED_EDGE('',*,*,#5737,.F.);
#5737 = EDGE_CURVE('',#5738,#5740,#5742,.T.);
#5738 = VERTEX_POINT('',#5739);
#5739 = CARTESIAN_POINT('',(65.,-12.,7.6));
#5740 = VERTEX_POINT('',#5741);
#5741 = CARTESIAN_POINT('',(51.,-12.,7.6));
#5742 = LINE('',#5743,#5744);
#5743 = CARTESIAN_POINT('',(67.8496827003,-12.,7.6));
#5744 = VECTOR('',#5745,1.);
#5745 = DIRECTION('',(-1.,0.,0.));
#5746 = ORIENTED_EDGE('',*,*,#5747,.F.);
#5747 = EDGE_CURVE('',#5748,#5738,#5750,.T.);
#5748 = VERTEX_POINT('',#5749);
#5749 = CARTESIAN_POINT('',(65.,-26.,7.6));
#5750 = LINE('',#5751,#5752);
#5751 = CARTESIAN_POINT('',(65.,-30.10023144962,7.6));
#5752 = VECTOR('',#5753,1.);
#5753 = DIRECTION('',(0.,1.,0.));
#5754 = ORIENTED_EDGE('',*,*,#5755,.F.);
#5755 = EDGE_CURVE('',#5756,#5748,#5758,.T.);
#5756 = VERTEX_POINT('',#5757);
#5757 = CARTESIAN_POINT('',(51.,-26.,7.6));
#5758 = LINE('',#5759,#5760);
#5759 = CARTESIAN_POINT('',(74.8496827003,-26.,7.6));
#5760 = VECTOR('',#5761,1.);
#5761 = DIRECTION('',(1.,0.,0.));
#5762 = ORIENTED_EDGE('',*,*,#5763,.F.);
#5763 = EDGE_CURVE('',#5740,#5756,#5764,.T.);
#5764 = LINE('',#5765,#5766);
#5765 = CARTESIAN_POINT('',(51.,-37.10023144962,7.6));
#5766 = VECTOR('',#5767,1.);
#5767 = DIRECTION('',(0.,-1.,0.));
#5768 = FACE_BOUND('',#5769,.T.);
#5769 = EDGE_LOOP('',(#5770,#5780,#5788,#5796));
#5770 = ORIENTED_EDGE('',*,*,#5771,.F.);
#5771 = EDGE_CURVE('',#5772,#5774,#5776,.T.);
#5772 = VERTEX_POINT('',#5773);
#5773 = CARTESIAN_POINT('',(83.,-10.,7.6));
#5774 = VERTEX_POINT('',#5775);
#5775 = CARTESIAN_POINT('',(69.,-10.,7.6));
#5776 = LINE('',#5777,#5778);
#5777 = CARTESIAN_POINT('',(76.8496827003,-10.,7.6));
#5778 = VECTOR('',#5779,1.);
#5779 = DIRECTION('',(-1.,0.,0.));
#5780 = ORIENTED_EDGE('',*,*,#5781,.F.);
#5781 = EDGE_CURVE('',#5782,#5772,#5784,.T.);
#5782 = VERTEX_POINT('',#5783);
#5783 = CARTESIAN_POINT('',(83.,-24.,7.6));
#5784 = LINE('',#5785,#5786);
#5785 = CARTESIAN_POINT('',(83.,-29.10023144962,7.6));
#5786 = VECTOR('',#5787,1.);
#5787 = DIRECTION('',(0.,1.,0.));
#5788 = ORIENTED_EDGE('',*,*,#5789,.F.);
#5789 = EDGE_CURVE('',#5790,#5782,#5792,.T.);
#5790 = VERTEX_POINT('',#5791);
#5791 = CARTESIAN_POINT('',(69.,-24.,7.6));
#5792 = LINE('',#5793,#5794);
#5793 = CARTESIAN_POINT('',(83.8496827003,-24.,7.6));
#5794 = VECTOR('',#5795,1.);
#5795 = DIRECTION('',(1.,0.,0.));
#5796 = ORIENTED_EDGE('',*,*,#5797,.F.);
#5797 = EDGE_CURVE('',#5774,#5790,#5798,.T.);
#5798 = LINE('',#5799,#5800);
#5799 = CARTESIAN_POINT('',(69.,-36.10023144962,7.6));
#5800 = VECTOR('',#5801,1.);
#5801 = DIRECTION('',(0.,-1.,0.));
#5802 = FACE_BOUND('',#5803,.T.);
#5803 = EDGE_LOOP('',(#5804,#5814,#5822,#5830));
#5804 = ORIENTED_EDGE('',*,*,#5805,.F.);
#5805 = EDGE_CURVE('',#5806,#5808,#5810,.T.);
#5806 = VERTEX_POINT('',#5807);
#5807 = CARTESIAN_POINT('',(101.,-39.,7.6));
#5808 = VERTEX_POINT('',#5809);
#5809 = CARTESIAN_POINT('',(87.,-39.,7.6));
#5810 = LINE('',#5811,#5812);
#5811 = CARTESIAN_POINT('',(85.8496827003,-39.,7.6));
#5812 = VECTOR('',#5813,1.);
#5813 = DIRECTION('',(-1.,0.,0.));
#5814 = ORIENTED_EDGE('',*,*,#5815,.F.);
#5815 = EDGE_CURVE('',#5816,#5806,#5818,.T.);
#5816 = VERTEX_POINT('',#5817);
#5817 = CARTESIAN_POINT('',(101.,-53.,7.6));
#5818 = LINE('',#5819,#5820);
#5819 = CARTESIAN_POINT('',(101.,-43.60023144962,7.6));
#5820 = VECTOR('',#5821,1.);
#5821 = DIRECTION('',(0.,1.,0.));
#5822 = ORIENTED_EDGE('',*,*,#5823,.F.);
#5823 = EDGE_CURVE('',#5824,#5816,#5826,.T.);
#5824 = VERTEX_POINT('',#5825);
#5825 = CARTESIAN_POINT('',(87.,-53.,7.6));
#5826 = LINE('',#5827,#5828);
#5827 = CARTESIAN_POINT('',(92.8496827003,-53.,7.6));
#5828 = VECTOR('',#5829,1.);
#5829 = DIRECTION('',(1.,0.,0.));
#5830 = ORIENTED_EDGE('',*,*,#5831,.F.);
#5831 = EDGE_CURVE('',#5808,#5824,#5832,.T.);
#5832 = LINE('',#5833,#5834);
#5833 = CARTESIAN_POINT('',(87.,-50.60023144962,7.6));
#5834 = VECTOR('',#5835,1.);
#5835 = DIRECTION('',(0.,-1.,0.));
#5836 = FACE_BOUND('',#5837,.T.);
#5837 = EDGE_LOOP('',(#5838,#5848,#5856,#5864));
#5838 = ORIENTED_EDGE('',*,*,#5839,.F.);
#5839 = EDGE_CURVE('',#5840,#5842,#5844,.T.);
#5840 = VERTEX_POINT('',#5841);
#5841 = CARTESIAN_POINT('',(101.,-22.,7.6));
#5842 = VERTEX_POINT('',#5843);
#5843 = CARTESIAN_POINT('',(87.,-22.,7.6));
#5844 = LINE('',#5845,#5846);
#5845 = CARTESIAN_POINT('',(85.8496827003,-22.,7.6));
#5846 = VECTOR('',#5847,1.);
#5847 = DIRECTION('',(-1.,0.,0.));
#5848 = ORIENTED_EDGE('',*,*,#5849,.F.);
#5849 = EDGE_CURVE('',#5850,#5840,#5852,.T.);
#5850 = VERTEX_POINT('',#5851);
#5851 = CARTESIAN_POINT('',(101.,-36.,7.6));
#5852 = LINE('',#5853,#5854);
#5853 = CARTESIAN_POINT('',(101.,-35.10023144962,7.6));
#5854 = VECTOR('',#5855,1.);
#5855 = DIRECTION('',(0.,1.,0.));
#5856 = ORIENTED_EDGE('',*,*,#5857,.F.);
#5857 = EDGE_CURVE('',#5858,#5850,#5860,.T.);
#5858 = VERTEX_POINT('',#5859);
#5859 = CARTESIAN_POINT('',(87.,-36.,7.6));
#5860 = LINE('',#5861,#5862);
#5861 = CARTESIAN_POINT('',(92.8496827003,-36.,7.6));
#5862 = VECTOR('',#5863,1.);
#5863 = DIRECTION('',(1.,0.,0.));
#5864 = ORIENTED_EDGE('',*,*,#5865,.F.);
#5865 = EDGE_CURVE('',#5842,#5858,#5866,.T.);
#5866 = LINE('',#5867,#5868);
#5867 = CARTESIAN_POINT('',(87.,-42.10023144962,7.6));
#5868 = VECTOR('',#5869,1.);
#5869 = DIRECTION('',(0.,-1.,0.));
#5870 = FACE_BOUND('',#5871,.T.);
#5871 = EDGE_LOOP('',(#5872,#5882,#5890,#5898));
#5872 = ORIENTED_EDGE('',*,*,#5873,.F.);
#5873 = EDGE_CURVE('',#5874,#5876,#5878,.T.);
#5874 = VERTEX_POINT('',#5875);
#5875 = CARTESIAN_POINT('',(119.,-27.,7.6));
#5876 = VERTEX_POINT('',#5877);
#5877 = CARTESIAN_POINT('',(105.,-27.,7.6));
#5878 = LINE('',#5879,#5880);
#5879 = CARTESIAN_POINT('',(94.8496827003,-27.,7.6));
#5880 = VECTOR('',#5881,1.);
#5881 = DIRECTION('',(-1.,0.,0.));
#5882 = ORIENTED_EDGE('',*,*,#5883,.F.);
#5883 = EDGE_CURVE('',#5884,#5874,#5886,.T.);
#5884 = VERTEX_POINT('',#5885);
#5885 = CARTESIAN_POINT('',(119.,-41.,7.6));
#5886 = LINE('',#5887,#5888);
#5887 = CARTESIAN_POINT('',(119.,-37.60023144962,7.6));
#5888 = VECTOR('',#5889,1.);
#5889 = DIRECTION('',(0.,1.,0.));
#5890 = ORIENTED_EDGE('',*,*,#5891,.F.);
#5891 = EDGE_CURVE('',#5892,#5884,#5894,.T.);
#5892 = VERTEX_POINT('',#5893);
#5893 = CARTESIAN_POINT('',(105.,-41.,7.6));
#5894 = LINE('',#5895,#5896);
#5895 = CARTESIAN_POINT('',(101.8496827003,-41.,7.6));
#5896 = VECTOR('',#5897,1.);
#5897 = DIRECTION('',(1.,0.,0.));
#5898 = ORIENTED_EDGE('',*,*,#5899,.F.);
#5899 = EDGE_CURVE('',#5876,#5892,#5900,.T.);
#5900 = LINE('',#5901,#5902);
#5901 = CARTESIAN_POINT('',(105.,-44.60023144962,7.6));
#5902 = VECTOR('',#5903,1.);
#5903 = DIRECTION('',(0.,-1.,0.));
#5904 = FACE_BOUND('',#5905,.T.);
#5905 = EDGE_LOOP('',(#5906,#5916,#5924,#5932));
#5906 = ORIENTED_EDGE('',*,*,#5907,.F.);
#5907 = EDGE_CURVE('',#5908,#5910,#5912,.T.);
#5908 = VERTEX_POINT('',#5909);
#5909 = CARTESIAN_POINT('',(137.,-39.,7.6));
#5910 = VERTEX_POINT('',#5911);
#5911 = CARTESIAN_POINT('',(123.,-39.,7.6));
#5912 = LINE('',#5913,#5914);
#5913 = CARTESIAN_POINT('',(103.8496827003,-39.,7.6));
#5914 = VECTOR('',#5915,1.);
#5915 = DIRECTION('',(-1.,0.,0.));
#5916 = ORIENTED_EDGE('',*,*,#5917,.F.);
#5917 = EDGE_CURVE('',#5918,#5908,#5920,.T.);
#5918 = VERTEX_POINT('',#5919);
#5919 = CARTESIAN_POINT('',(137.,-53.,7.6));
#5920 = LINE('',#5921,#5922);
#5921 = CARTESIAN_POINT('',(137.,-43.60023144962,7.6));
#5922 = VECTOR('',#5923,1.);
#5923 = DIRECTION('',(0.,1.,0.));
#5924 = ORIENTED_EDGE('',*,*,#5925,.F.);
#5925 = EDGE_CURVE('',#5926,#5918,#5928,.T.);
#5926 = VERTEX_POINT('',#5927);
#5927 = CARTESIAN_POINT('',(123.,-53.,7.6));
#5928 = LINE('',#5929,#5930);
#5929 = CARTESIAN_POINT('',(110.8496827003,-53.,7.6));
#5930 = VECTOR('',#5931,1.);
#5931 = DIRECTION('',(1.,0.,0.));
#5932 = ORIENTED_EDGE('',*,*,#5933,.F.);
#5933 = EDGE_CURVE('',#5910,#5926,#5934,.T.);
#5934 = LINE('',#5935,#5936);
#5935 = CARTESIAN_POINT('',(123.,-50.60023144962,7.6));
#5936 = VECTOR('',#5937,1.);
#5937 = DIRECTION('',(0.,-1.,0.));
#5938 = FACE_BOUND('',#5939,.T.);
#5939 = EDGE_LOOP('',(#5940));
#5940 = ORIENTED_EDGE('',*,*,#5941,.T.);
#5941 = EDGE_CURVE('',#5942,#5942,#5944,.T.);
#5942 = VERTEX_POINT('',#5943);
#5943 = CARTESIAN_POINT('',(140.15,-37.5,7.6));
#5944 = CIRCLE('',#5945,1.15);
#5945 = AXIS2_PLACEMENT_3D('',#5946,#5947,#5948);
#5946 = CARTESIAN_POINT('',(139.,-37.5,7.6));
#5947 = DIRECTION('',(0.,0.,-1.));
#5948 = DIRECTION('',(1.,0.,0.));
#5949 = FACE_BOUND('',#5950,.T.);
#5950 = EDGE_LOOP('',(#5951,#5961,#5969,#5977));
#5951 = ORIENTED_EDGE('',*,*,#5952,.F.);
#5952 = EDGE_CURVE('',#5953,#5955,#5957,.T.);
#5953 = VERTEX_POINT('',#5954);
#5954 = CARTESIAN_POINT('',(137.,-22.,7.6));
#5955 = VERTEX_POINT('',#5956);
#5956 = CARTESIAN_POINT('',(123.,-22.,7.6));
#5957 = LINE('',#5958,#5959);
#5958 = CARTESIAN_POINT('',(103.8496827003,-22.,7.6));
#5959 = VECTOR('',#5960,1.);
#5960 = DIRECTION('',(-1.,0.,0.));
#5961 = ORIENTED_EDGE('',*,*,#5962,.F.);
#5962 = EDGE_CURVE('',#5963,#5953,#5965,.T.);
#5963 = VERTEX_POINT('',#5964);
#5964 = CARTESIAN_POINT('',(137.,-36.,7.6));
#5965 = LINE('',#5966,#5967);
#5966 = CARTESIAN_POINT('',(137.,-35.10023144962,7.6));
#5967 = VECTOR('',#5968,1.);
#5968 = DIRECTION('',(0.,1.,0.));
#5969 = ORIENTED_EDGE('',*,*,#5970,.F.);
#5970 = EDGE_CURVE('',#5971,#5963,#5973,.T.);
#5971 = VERTEX_POINT('',#5972);
#5972 = CARTESIAN_POINT('',(123.,-36.,7.6));
#5973 = LINE('',#5974,#5975);
#5974 = CARTESIAN_POINT('',(110.8496827003,-36.,7.6));
#5975 = VECTOR('',#5976,1.);
#5976 = DIRECTION('',(1.,0.,0.));
#5977 = ORIENTED_EDGE('',*,*,#5978,.F.);
#5978 = EDGE_CURVE('',#5955,#5971,#5979,.T.);
#5979 = LINE('',#5980,#5981);
#5980 = CARTESIAN_POINT('',(123.,-42.10023144962,7.6));
#5981 = VECTOR('',#5982,1.);
#5982 = DIRECTION('',(0.,-1.,0.));
#5983 = FACE_BOUND('',#5984,.T.);
#5984 = EDGE_LOOP('',(#5985));
#5985 = ORIENTED_EDGE('',*,*,#5986,.T.);
#5986 = EDGE_CURVE('',#5987,#5987,#5989,.T.);
#5987 = VERTEX_POINT('',#5988);
#5988 = CARTESIAN_POINT('',(104.15,-20.5,7.6));
#5989 = CIRCLE('',#5990,1.15);
#5990 = AXIS2_PLACEMENT_3D('',#5991,#5992,#5993);
#5991 = CARTESIAN_POINT('',(103.,-20.5,7.6));
#5992 = DIRECTION('',(0.,0.,-1.));
#5993 = DIRECTION('',(1.,0.,0.));
#5994 = FACE_BOUND('',#5995,.T.);
#5995 = EDGE_LOOP('',(#5996,#6006,#6014,#6022));
#5996 = ORIENTED_EDGE('',*,*,#5997,.F.);
#5997 = EDGE_CURVE('',#5998,#6000,#6002,.T.);
#5998 = VERTEX_POINT('',#5999);
#5999 = CARTESIAN_POINT('',(119.,-10.,7.6));
#6000 = VERTEX_POINT('',#6001);
#6001 = CARTESIAN_POINT('',(105.,-10.,7.6));
#6002 = LINE('',#6003,#6004);
#6003 = CARTESIAN_POINT('',(94.8496827003,-10.,7.6));
#6004 = VECTOR('',#6005,1.);
#6005 = DIRECTION('',(-1.,0.,0.));
#6006 = ORIENTED_EDGE('',*,*,#6007,.F.);
#6007 = EDGE_CURVE('',#6008,#5998,#6010,.T.);
#6008 = VERTEX_POINT('',#6009);
#6009 = CARTESIAN_POINT('',(119.,-24.,7.6));
#6010 = LINE('',#6011,#6012);
#6011 = CARTESIAN_POINT('',(119.,-29.10023144962,7.6));
#6012 = VECTOR('',#6013,1.);
#6013 = DIRECTION('',(0.,1.,0.));
#6014 = ORIENTED_EDGE('',*,*,#6015,.F.);
#6015 = EDGE_CURVE('',#6016,#6008,#6018,.T.);
#6016 = VERTEX_POINT('',#6017);
#6017 = CARTESIAN_POINT('',(105.,-24.,7.6));
#6018 = LINE('',#6019,#6020);
#6019 = CARTESIAN_POINT('',(101.8496827003,-24.,7.6));
#6020 = VECTOR('',#6021,1.);
#6021 = DIRECTION('',(1.,0.,0.));
#6022 = ORIENTED_EDGE('',*,*,#6023,.F.);
#6023 = EDGE_CURVE('',#6000,#6016,#6024,.T.);
#6024 = LINE('',#6025,#6026);
#6025 = CARTESIAN_POINT('',(105.,-36.10023144962,7.6));
#6026 = VECTOR('',#6027,1.);
#6027 = DIRECTION('',(0.,-1.,0.));
#6028 = FACE_BOUND('',#6029,.T.);
#6029 = EDGE_LOOP('',(#6030,#6040,#6048,#6056));
#6030 = ORIENTED_EDGE('',*,*,#6031,.F.);
#6031 = EDGE_CURVE('',#6032,#6034,#6036,.T.);
#6032 = VERTEX_POINT('',#6033);
#6033 = CARTESIAN_POINT('',(101.,-5.,7.6));
#6034 = VERTEX_POINT('',#6035);
#6035 = CARTESIAN_POINT('',(87.,-5.,7.6));
#6036 = LINE('',#6037,#6038);
#6037 = CARTESIAN_POINT('',(85.8496827003,-5.,7.6));
#6038 = VECTOR('',#6039,1.);
#6039 = DIRECTION('',(-1.,0.,0.));
#6040 = ORIENTED_EDGE('',*,*,#6041,.F.);
#6041 = EDGE_CURVE('',#6042,#6032,#6044,.T.);
#6042 = VERTEX_POINT('',#6043);
#6043 = CARTESIAN_POINT('',(101.,-19.,7.6));
#6044 = LINE('',#6045,#6046);
#6045 = CARTESIAN_POINT('',(101.,-26.60023144962,7.6));
#6046 = VECTOR('',#6047,1.);
#6047 = DIRECTION('',(0.,1.,0.));
#6048 = ORIENTED_EDGE('',*,*,#6049,.F.);
#6049 = EDGE_CURVE('',#6050,#6042,#6052,.T.);
#6050 = VERTEX_POINT('',#6051);
#6051 = CARTESIAN_POINT('',(87.,-19.,7.6));
#6052 = LINE('',#6053,#6054);
#6053 = CARTESIAN_POINT('',(92.8496827003,-19.,7.6));
#6054 = VECTOR('',#6055,1.);
#6055 = DIRECTION('',(1.,0.,0.));
#6056 = ORIENTED_EDGE('',*,*,#6057,.F.);
#6057 = EDGE_CURVE('',#6034,#6050,#6058,.T.);
#6058 = LINE('',#6059,#6060);
#6059 = CARTESIAN_POINT('',(87.,-33.60023144962,7.6));
#6060 = VECTOR('',#6061,1.);
#6061 = DIRECTION('',(0.,-1.,0.));
#6062 = PLANE('',#6063);
#6063 = AXIS2_PLACEMENT_3D('',#6064,#6065,#6066);
#6064 = CARTESIAN_POINT('',(84.699365400601,-48.20046289924,7.6));
#6065 = DIRECTION('',(0.,0.,1.));
#6066 = DIRECTION('',(1.,0.,0.));
#6067 = ADVANCED_FACE('',(#6068),#6079,.T.);
#6068 = FACE_BOUND('',#6069,.T.);
#6069 = EDGE_LOOP('',(#6070,#6076,#6077,#6078));
#6070 = ORIENTED_EDGE('',*,*,#6071,.T.);
#6071 = EDGE_CURVE('',#126,#3100,#6072,.T.);
#6072 = LINE('',#6073,#6074);
#6073 = CARTESIAN_POINT('',(48.32818620934,-10.92484568995,6.3));
#6074 = VECTOR('',#6075,1.);
#6075 = DIRECTION('',(0.,0.,1.));
#6076 = ORIENTED_EDGE('',*,*,#3099,.T.);
#6077 = ORIENTED_EDGE('',*,*,#61,.F.);
#6078 = ORIENTED_EDGE('',*,*,#125,.F.);
#6079 = PLANE('',#6080);
#6080 = AXIS2_PLACEMENT_3D('',#6081,#6082,#6083);
#6081 = CARTESIAN_POINT('',(48.32818620934,-10.92484568995,6.3));
#6082 = DIRECTION('',(-0.336889853392,-0.941544065183,0.));
#6083 = DIRECTION('',(-0.941544065183,0.336889853392,0.));
#6084 = ADVANCED_FACE('',(#6085),#6096,.T.);
#6085 = FACE_BOUND('',#6086,.T.);
#6086 = EDGE_LOOP('',(#6087,#6088,#6089,#6095));
#6087 = ORIENTED_EDGE('',*,*,#101,.T.);
#6088 = ORIENTED_EDGE('',*,*,#5411,.T.);
#6089 = ORIENTED_EDGE('',*,*,#6090,.F.);
#6090 = EDGE_CURVE('',#2430,#5404,#6091,.T.);
#6091 = LINE('',#6092,#6093);
#6092 = CARTESIAN_POINT('',(48.648528137424,-10.64852813742,6.3));
#6093 = VECTOR('',#6094,1.);
#6094 = DIRECTION('',(0.,0.,1.));
#6095 = ORIENTED_EDGE('',*,*,#2437,.F.);
#6096 = PLANE('',#6097);
#6097 = AXIS2_PLACEMENT_3D('',#6098,#6099,#6100);
#6098 = CARTESIAN_POINT('',(48.561271940996,-10.72761254403,6.3));
#6099 = DIRECTION('',(-0.671558954847,0.740951125355,0.));
#6100 = DIRECTION('',(0.740951125355,0.671558954847,0.));
#6101 = ADVANCED_FACE('',(#6102),#6113,.T.);
#6102 = FACE_BOUND('',#6103,.T.);
#6103 = EDGE_LOOP('',(#6104,#6110,#6111,#6112));
#6104 = ORIENTED_EDGE('',*,*,#6105,.T.);
#6105 = EDGE_CURVE('',#134,#3108,#6106,.T.);
#6106 = LINE('',#6107,#6108);
#6107 = CARTESIAN_POINT('',(48.450629827324,-10.98275720829,6.3));
#6108 = VECTOR('',#6109,1.);
#6109 = DIRECTION('',(0.,0.,1.));
#6110 = ORIENTED_EDGE('',*,*,#3107,.T.);
#6111 = ORIENTED_EDGE('',*,*,#6071,.F.);
#6112 = ORIENTED_EDGE('',*,*,#133,.F.);
#6113 = PLANE('',#6114);
#6114 = AXIS2_PLACEMENT_3D('',#6115,#6116,#6117);
#6115 = CARTESIAN_POINT('',(48.450629827324,-10.98275720829,6.3));
#6116 = DIRECTION('',(-0.42755509343,-0.903989293123,0.));
#6117 = DIRECTION('',(-0.903989293123,0.42755509343,0.));
#6118 = ADVANCED_FACE('',(#6119),#6130,.T.);
#6119 = FACE_BOUND('',#6120,.T.);
#6120 = EDGE_LOOP('',(#6121,#6122,#6123,#6129));
#6121 = ORIENTED_EDGE('',*,*,#6090,.T.);
#6122 = ORIENTED_EDGE('',*,*,#5403,.T.);
#6123 = ORIENTED_EDGE('',*,*,#6124,.F.);
#6124 = EDGE_CURVE('',#2422,#5396,#6125,.T.);
#6125 = LINE('',#6126,#6127);
#6126 = CARTESIAN_POINT('',(48.727612544035,-10.56127194099,6.3));
#6127 = VECTOR('',#6128,1.);
#6128 = DIRECTION('',(0.,0.,1.));
#6129 = ORIENTED_EDGE('',*,*,#2429,.F.);
#6130 = PLANE('',#6131);
#6131 = AXIS2_PLACEMENT_3D('',#6132,#6133,#6134);
#6132 = CARTESIAN_POINT('',(48.648528137424,-10.64852813742,6.3));
#6133 = DIRECTION('',(-0.740951125355,0.671558954847,0.));
#6134 = DIRECTION('',(0.671558954847,0.740951125355,0.));
#6135 = ADVANCED_FACE('',(#6136),#6147,.T.);
#6136 = FACE_BOUND('',#6137,.T.);
#6137 = EDGE_LOOP('',(#6138,#6144,#6145,#6146));
#6138 = ORIENTED_EDGE('',*,*,#6139,.T.);
#6139 = EDGE_CURVE('',#142,#3116,#6140,.T.);
#6140 = LINE('',#6141,#6142);
#6141 = CARTESIAN_POINT('',(48.5668075244,-11.05239144012,6.3));
#6142 = VECTOR('',#6143,1.);
#6143 = DIRECTION('',(0.,0.,1.));
#6144 = ORIENTED_EDGE('',*,*,#3115,.T.);
#6145 = ORIENTED_EDGE('',*,*,#6105,.F.);
#6146 = ORIENTED_EDGE('',*,*,#141,.F.);
#6147 = PLANE('',#6148);
#6148 = AXIS2_PLACEMENT_3D('',#6149,#6150,#6151);
#6149 = CARTESIAN_POINT('',(48.5668075244,-11.05239144012,6.3));
#6150 = DIRECTION('',(-0.514102744193,-0.85772861,0.));
#6151 = DIRECTION('',(-0.85772861,0.514102744193,0.));
#6152 = ADVANCED_FACE('',(#6153),#6164,.T.);
#6153 = FACE_BOUND('',#6154,.T.);
#6154 = EDGE_LOOP('',(#6155,#6156,#6157,#6163));
#6155 = ORIENTED_EDGE('',*,*,#6124,.T.);
#6156 = ORIENTED_EDGE('',*,*,#5395,.T.);
#6157 = ORIENTED_EDGE('',*,*,#6158,.F.);
#6158 = EDGE_CURVE('',#2414,#5388,#6159,.T.);
#6159 = LINE('',#6160,#6161);
#6160 = CARTESIAN_POINT('',(48.797763534763,-10.46668427962,6.3));
#6161 = VECTOR('',#6162,1.);
#6162 = DIRECTION('',(0.,0.,1.));
#6163 = ORIENTED_EDGE('',*,*,#2421,.F.);
#6164 = PLANE('',#6165);
#6165 = AXIS2_PLACEMENT_3D('',#6166,#6167,#6168);
#6166 = CARTESIAN_POINT('',(48.727612544035,-10.56127194099,6.3));
#6167 = DIRECTION('',(-0.803207531481,0.595699304492,0.));
#6168 = DIRECTION('',(0.595699304492,0.803207531481,0.));
#6169 = ADVANCED_FACE('',(#6170),#6181,.T.);
#6170 = FACE_BOUND('',#6171,.T.);
#6171 = EDGE_LOOP('',(#6172,#6178,#6179,#6180));
#6172 = ORIENTED_EDGE('',*,*,#6173,.T.);
#6173 = EDGE_CURVE('',#150,#3124,#6174,.T.);
#6174 = LINE('',#6175,#6176);
#6175 = CARTESIAN_POINT('',(48.675600445837,-11.13307776974,6.3));
#6176 = VECTOR('',#6177,1.);
#6177 = DIRECTION('',(0.,0.,1.));
#6178 = ORIENTED_EDGE('',*,*,#3123,.T.);
#6179 = ORIENTED_EDGE('',*,*,#6139,.F.);
#6180 = ORIENTED_EDGE('',*,*,#149,.F.);
#6181 = PLANE('',#6182);
#6182 = AXIS2_PLACEMENT_3D('',#6183,#6184,#6185);
#6183 = CARTESIAN_POINT('',(48.675600445837,-11.13307776974,6.3));
#6184 = DIRECTION('',(-0.595699304492,-0.803207531481,0.));
#6185 = DIRECTION('',(-0.803207531481,0.595699304492,0.));
#6186 = ADVANCED_FACE('',(#6187),#6198,.T.);
#6187 = FACE_BOUND('',#6188,.T.);
#6188 = EDGE_LOOP('',(#6189,#6190,#6191,#6197));
#6189 = ORIENTED_EDGE('',*,*,#6158,.T.);
#6190 = ORIENTED_EDGE('',*,*,#5387,.T.);
#6191 = ORIENTED_EDGE('',*,*,#6192,.F.);
#6192 = EDGE_CURVE('',#2406,#5380,#6193,.T.);
#6193 = LINE('',#6194,#6195);
#6194 = CARTESIAN_POINT('',(48.858305517218,-10.36567608419,6.3));
#6195 = VECTOR('',#6196,1.);
#6196 = DIRECTION('',(0.,0.,1.));
#6197 = ORIENTED_EDGE('',*,*,#2413,.F.);
#6198 = PLANE('',#6199);
#6199 = AXIS2_PLACEMENT_3D('',#6200,#6201,#6202);
#6200 = CARTESIAN_POINT('',(48.797763534763,-10.46668427962,6.3));
#6201 = DIRECTION('',(-0.85772861,0.514102744193,0.));
#6202 = DIRECTION('',(0.514102744193,0.85772861,0.));
#6203 = ADVANCED_FACE('',(#6204),#6215,.T.);
#6204 = FACE_BOUND('',#6205,.T.);
#6205 = EDGE_LOOP('',(#6206,#6212,#6213,#6214));
#6206 = ORIENTED_EDGE('',*,*,#6207,.T.);
#6207 = EDGE_CURVE('',#158,#3132,#6208,.T.);
#6208 = LINE('',#6209,#6210);
#6209 = CARTESIAN_POINT('',(48.775960856328,-11.22403914367,6.3));
#6210 = VECTOR('',#6211,1.);
#6211 = DIRECTION('',(0.,0.,1.));
#6212 = ORIENTED_EDGE('',*,*,#3131,.T.);
#6213 = ORIENTED_EDGE('',*,*,#6173,.F.);
#6214 = ORIENTED_EDGE('',*,*,#157,.F.);
#6215 = PLANE('',#6216);
#6216 = AXIS2_PLACEMENT_3D('',#6217,#6218,#6219);
#6217 = CARTESIAN_POINT('',(48.775960856328,-11.22403914367,6.3));
#6218 = DIRECTION('',(-0.671558954847,-0.740951125355,0.));
#6219 = DIRECTION('',(-0.740951125355,0.671558954847,0.));
#6220 = ADVANCED_FACE('',(#6221),#6232,.T.);
#6221 = FACE_BOUND('',#6222,.T.);
#6222 = EDGE_LOOP('',(#6223,#6224,#6225,#6231));
#6223 = ORIENTED_EDGE('',*,*,#6192,.T.);
#6224 = ORIENTED_EDGE('',*,*,#5379,.T.);
#6225 = ORIENTED_EDGE('',*,*,#6226,.F.);
#6226 = EDGE_CURVE('',#2398,#5372,#6227,.T.);
#6227 = LINE('',#6228,#6229);
#6228 = CARTESIAN_POINT('',(48.908655439014,-10.25922011883,6.3));
#6229 = VECTOR('',#6230,1.);
#6230 = DIRECTION('',(0.,0.,1.));
#6231 = ORIENTED_EDGE('',*,*,#2405,.F.);
#6232 = PLANE('',#6233);
#6233 = AXIS2_PLACEMENT_3D('',#6234,#6235,#6236);
#6234 = CARTESIAN_POINT('',(48.858305517218,-10.36567608419,6.3));
#6235 = DIRECTION('',(-0.903989293123,0.42755509343,0.));
#6236 = DIRECTION('',(0.42755509343,0.903989293123,0.));
#6237 = ADVANCED_FACE('',(#6238),#6249,.T.);
#6238 = FACE_BOUND('',#6239,.T.);
#6239 = EDGE_LOOP('',(#6240,#6246,#6247,#6248));
#6240 = ORIENTED_EDGE('',*,*,#6241,.T.);
#6241 = EDGE_CURVE('',#166,#3140,#6242,.T.);
#6242 = LINE('',#6243,#6244);
#6243 = CARTESIAN_POINT('',(48.866922230259,-11.32439955416,6.3));
#6244 = VECTOR('',#6245,1.);
#6245 = DIRECTION('',(0.,0.,1.));
#6246 = ORIENTED_EDGE('',*,*,#3139,.T.);
#6247 = ORIENTED_EDGE('',*,*,#6207,.F.);
#6248 = ORIENTED_EDGE('',*,*,#165,.F.);
#6249 = PLANE('',#6250);
#6250 = AXIS2_PLACEMENT_3D('',#6251,#6252,#6253);
#6251 = CARTESIAN_POINT('',(48.866922230259,-11.32439955416,6.3));
#6252 = DIRECTION('',(-0.740951125355,-0.671558954847,0.));
#6253 = DIRECTION('',(-0.671558954847,0.740951125355,0.));
#6254 = ADVANCED_FACE('',(#6255),#6266,.T.);
#6255 = FACE_BOUND('',#6256,.T.);
#6256 = EDGE_LOOP('',(#6257,#6258,#6259,#6265));
#6257 = ORIENTED_EDGE('',*,*,#6226,.T.);
#6258 = ORIENTED_EDGE('',*,*,#5371,.T.);
#6259 = ORIENTED_EDGE('',*,*,#6260,.F.);
#6260 = EDGE_CURVE('',#2390,#5364,#6261,.T.);
#6261 = LINE('',#6262,#6263);
#6262 = CARTESIAN_POINT('',(48.948328402879,-10.1483416127,6.3));
#6263 = VECTOR('',#6264,1.);
#6264 = DIRECTION('',(0.,0.,1.));
#6265 = ORIENTED_EDGE('',*,*,#2397,.F.);
#6266 = PLANE('',#6267);
#6267 = AXIS2_PLACEMENT_3D('',#6268,#6269,#6270);
#6268 = CARTESIAN_POINT('',(48.908655439014,-10.25922011883,6.3));
#6269 = DIRECTION('',(-0.941544065183,0.336889853392,0.));
#6270 = DIRECTION('',(0.336889853392,0.941544065183,0.));
#6271 = ADVANCED_FACE('',(#6272),#6283,.T.);
#6272 = FACE_BOUND('',#6273,.T.);
#6273 = EDGE_LOOP('',(#6274,#6280,#6281,#6282));
#6274 = ORIENTED_EDGE('',*,*,#6275,.T.);
#6275 = EDGE_CURVE('',#174,#3148,#6276,.T.);
#6276 = LINE('',#6277,#6278);
#6277 = CARTESIAN_POINT('',(48.947608559873,-11.4331924756,6.3));
#6278 = VECTOR('',#6279,1.);
#6279 = DIRECTION('',(0.,0.,1.));
#6280 = ORIENTED_EDGE('',*,*,#3147,.T.);
#6281 = ORIENTED_EDGE('',*,*,#6241,.F.);
#6282 = ORIENTED_EDGE('',*,*,#173,.F.);
#6283 = PLANE('',#6284);
#6284 = AXIS2_PLACEMENT_3D('',#6285,#6286,#6287);
#6285 = CARTESIAN_POINT('',(48.947608559873,-11.4331924756,6.3));
#6286 = DIRECTION('',(-0.803207531481,-0.595699304492,0.));
#6287 = DIRECTION('',(-0.595699304492,0.803207531481,0.));
#6288 = ADVANCED_FACE('',(#6289),#6300,.T.);
#6289 = FACE_BOUND('',#6290,.T.);
#6290 = EDGE_LOOP('',(#6291,#6292,#6293,#6299));
#6291 = ORIENTED_EDGE('',*,*,#6260,.T.);
#6292 = ORIENTED_EDGE('',*,*,#5363,.T.);
#6293 = ORIENTED_EDGE('',*,*,#6294,.F.);
#6294 = EDGE_CURVE('',#2382,#5356,#6295,.T.);
#6295 = LINE('',#6296,#6297);
#6296 = CARTESIAN_POINT('',(48.976942336484,-10.03410838641,6.3));
#6297 = VECTOR('',#6298,1.);
#6298 = DIRECTION('',(0.,0.,1.));
#6299 = ORIENTED_EDGE('',*,*,#2389,.F.);
#6300 = PLANE('',#6301);
#6301 = AXIS2_PLACEMENT_3D('',#6302,#6303,#6304);
#6302 = CARTESIAN_POINT('',(48.948328402879,-10.1483416127,6.3));
#6303 = DIRECTION('',(-0.970031253195,0.242980179903,0.));
#6304 = DIRECTION('',(0.242980179903,0.970031253195,0.));
#6305 = ADVANCED_FACE('',(#6306),#6317,.T.);
#6306 = FACE_BOUND('',#6307,.T.);
#6307 = EDGE_LOOP('',(#6308,#6314,#6315,#6316));
#6308 = ORIENTED_EDGE('',*,*,#6309,.T.);
#6309 = EDGE_CURVE('',#182,#3156,#6310,.T.);
#6310 = LINE('',#6311,#6312);
#6311 = CARTESIAN_POINT('',(49.017242791708,-11.54937017267,6.3));
#6312 = VECTOR('',#6313,1.);
#6313 = DIRECTION('',(0.,0.,1.));
#6314 = ORIENTED_EDGE('',*,*,#3155,.T.);
#6315 = ORIENTED_EDGE('',*,*,#6275,.F.);
#6316 = ORIENTED_EDGE('',*,*,#181,.F.);
#6317 = PLANE('',#6318);
#6318 = AXIS2_PLACEMENT_3D('',#6319,#6320,#6321);
#6319 = CARTESIAN_POINT('',(49.017242791708,-11.54937017267,6.3));
#6320 = DIRECTION('',(-0.85772861,-0.514102744193,0.));
#6321 = DIRECTION('',(-0.514102744193,0.85772861,0.));
#6322 = ADVANCED_FACE('',(#6323),#6334,.T.);
#6323 = FACE_BOUND('',#6324,.T.);
#6324 = EDGE_LOOP('',(#6325,#6326,#6327,#6333));
#6325 = ORIENTED_EDGE('',*,*,#6294,.T.);
#6326 = ORIENTED_EDGE('',*,*,#5355,.T.);
#6327 = ORIENTED_EDGE('',*,*,#6328,.F.);
#6328 = EDGE_CURVE('',#2374,#5348,#6329,.T.);
#6329 = LINE('',#6330,#6331);
#6330 = CARTESIAN_POINT('',(48.994221672007,-9.917620568395,6.3));
#6331 = VECTOR('',#6332,1.);
#6332 = DIRECTION('',(0.,0.,1.));
#6333 = ORIENTED_EDGE('',*,*,#2381,.F.);
#6334 = PLANE('',#6335);
#6335 = AXIS2_PLACEMENT_3D('',#6336,#6337,#6338);
#6336 = CARTESIAN_POINT('',(48.976942336484,-10.03410838641,6.3));
#6337 = DIRECTION('',(-0.989176509965,0.146730474455,0.));
#6338 = DIRECTION('',(0.146730474455,0.989176509965,0.));
#6339 = ADVANCED_FACE('',(#6340),#6351,.T.);
#6340 = FACE_BOUND('',#6341,.T.);
#6341 = EDGE_LOOP('',(#6342,#6348,#6349,#6350));
#6342 = ORIENTED_EDGE('',*,*,#6343,.T.);
#6343 = EDGE_CURVE('',#190,#3164,#6344,.T.);
#6344 = LINE('',#6345,#6346);
#6345 = CARTESIAN_POINT('',(49.075154310048,-11.67181379066,6.3));
#6346 = VECTOR('',#6347,1.);
#6347 = DIRECTION('',(0.,0.,1.));
#6348 = ORIENTED_EDGE('',*,*,#3163,.T.);
#6349 = ORIENTED_EDGE('',*,*,#6309,.F.);
#6350 = ORIENTED_EDGE('',*,*,#189,.F.);
#6351 = PLANE('',#6352);
#6352 = AXIS2_PLACEMENT_3D('',#6353,#6354,#6355);
#6353 = CARTESIAN_POINT('',(49.075154310048,-11.67181379066,6.3));
#6354 = DIRECTION('',(-0.903989293123,-0.42755509343,0.));
#6355 = DIRECTION('',(-0.42755509343,0.903989293123,0.));
#6356 = ADVANCED_FACE('',(#6357),#6368,.T.);
#6357 = FACE_BOUND('',#6358,.T.);
#6358 = EDGE_LOOP('',(#6359,#6360,#6361,#6367));
#6359 = ORIENTED_EDGE('',*,*,#6328,.T.);
#6360 = ORIENTED_EDGE('',*,*,#5347,.T.);
#6361 = ORIENTED_EDGE('',*,*,#6362,.F.);
#6362 = EDGE_CURVE('',#2366,#5340,#6363,.T.);
#6363 = LINE('',#6364,#6365);
#6364 = CARTESIAN_POINT('',(49.,-9.8,6.3));
#6365 = VECTOR('',#6366,1.);
#6366 = DIRECTION('',(0.,0.,1.));
#6367 = ORIENTED_EDGE('',*,*,#2373,.F.);
#6368 = PLANE('',#6369);
#6369 = AXIS2_PLACEMENT_3D('',#6370,#6371,#6372);
#6370 = CARTESIAN_POINT('',(48.994221672007,-9.917620568395,6.3));
#6371 = DIRECTION('',(-0.998795456205,4.906767432746E-02,0.));
#6372 = DIRECTION('',(4.906767432746E-02,0.998795456205,0.));
#6373 = ADVANCED_FACE('',(#6374),#6385,.T.);
#6374 = FACE_BOUND('',#6375,.T.);
#6375 = EDGE_LOOP('',(#6376,#6382,#6383,#6384));
#6376 = ORIENTED_EDGE('',*,*,#6377,.T.);
#6377 = EDGE_CURVE('',#198,#3172,#6378,.T.);
#6378 = LINE('',#6379,#6380);
#6379 = CARTESIAN_POINT('',(49.120785395311,-11.79934413057,6.3));
#6380 = VECTOR('',#6381,1.);
#6381 = DIRECTION('',(0.,0.,1.));
#6382 = ORIENTED_EDGE('',*,*,#3171,.T.);
#6383 = ORIENTED_EDGE('',*,*,#6343,.F.);
#6384 = ORIENTED_EDGE('',*,*,#197,.F.);
#6385 = PLANE('',#6386);
#6386 = AXIS2_PLACEMENT_3D('',#6387,#6388,#6389);
#6387 = CARTESIAN_POINT('',(49.120785395311,-11.79934413057,6.3));
#6388 = DIRECTION('',(-0.941544065183,-0.336889853392,0.));
#6389 = DIRECTION('',(-0.336889853392,0.941544065183,0.));
#6390 = ADVANCED_FACE('',(#6391),#6402,.T.);
#6391 = FACE_BOUND('',#6392,.T.);
#6392 = EDGE_LOOP('',(#6393,#6394,#6395,#6401));
#6393 = ORIENTED_EDGE('',*,*,#6362,.T.);
#6394 = ORIENTED_EDGE('',*,*,#5339,.T.);
#6395 = ORIENTED_EDGE('',*,*,#6396,.F.);
#6396 = EDGE_CURVE('',#2358,#5332,#6397,.T.);
#6397 = LINE('',#6398,#6399);
#6398 = CARTESIAN_POINT('',(49.,-7.2,6.3));
#6399 = VECTOR('',#6400,1.);
#6400 = DIRECTION('',(0.,0.,1.));
#6401 = ORIENTED_EDGE('',*,*,#2365,.F.);
#6402 = PLANE('',#6403);
#6403 = AXIS2_PLACEMENT_3D('',#6404,#6405,#6406);
#6404 = CARTESIAN_POINT('',(49.,-9.8,6.3));
#6405 = DIRECTION('',(-1.,0.,0.));
#6406 = DIRECTION('',(0.,1.,0.));
#6407 = ADVANCED_FACE('',(#6408),#6419,.T.);
#6408 = FACE_BOUND('',#6409,.T.);
#6409 = EDGE_LOOP('',(#6410,#6416,#6417,#6418));
#6410 = ORIENTED_EDGE('',*,*,#6411,.T.);
#6411 = EDGE_CURVE('',#206,#3180,#6412,.T.);
#6412 = LINE('',#6413,#6414);
#6413 = CARTESIAN_POINT('',(49.153696595202,-11.93073300553,6.3));
#6414 = VECTOR('',#6415,1.);
#6415 = DIRECTION('',(0.,0.,1.));
#6416 = ORIENTED_EDGE('',*,*,#3179,.T.);
#6417 = ORIENTED_EDGE('',*,*,#6377,.F.);
#6418 = ORIENTED_EDGE('',*,*,#205,.F.);
#6419 = PLANE('',#6420);
#6420 = AXIS2_PLACEMENT_3D('',#6421,#6422,#6423);
#6421 = CARTESIAN_POINT('',(49.153696595202,-11.93073300553,6.3));
#6422 = DIRECTION('',(-0.970031253195,-0.242980179903,0.));
#6423 = DIRECTION('',(-0.242980179903,0.970031253195,0.));
#6424 = ADVANCED_FACE('',(#6425),#6436,.T.);
#6425 = FACE_BOUND('',#6426,.T.);
#6426 = EDGE_LOOP('',(#6427,#6428,#6429,#6435));
#6427 = ORIENTED_EDGE('',*,*,#6396,.T.);
#6428 = ORIENTED_EDGE('',*,*,#5331,.T.);
#6429 = ORIENTED_EDGE('',*,*,#6430,.F.);
#6430 = EDGE_CURVE('',#2350,#5324,#6431,.T.);
#6431 = LINE('',#6432,#6433);
#6432 = CARTESIAN_POINT('',(49.005778327993,-7.082379431605,6.3));
#6433 = VECTOR('',#6434,1.);
#6434 = DIRECTION('',(0.,0.,1.));
#6435 = ORIENTED_EDGE('',*,*,#2357,.F.);
#6436 = PLANE('',#6437);
#6437 = AXIS2_PLACEMENT_3D('',#6438,#6439,#6440);
#6438 = CARTESIAN_POINT('',(49.,-7.2,6.3));
#6439 = DIRECTION('',(-0.998795456205,4.906767432746E-02,0.));
#6440 = DIRECTION('',(4.906767432746E-02,0.998795456205,0.));
#6441 = ADVANCED_FACE('',(#6442),#6453,.T.);
#6442 = FACE_BOUND('',#6443,.T.);
#6443 = EDGE_LOOP('',(#6444,#6450,#6451,#6452));
#6444 = ORIENTED_EDGE('',*,*,#6445,.T.);
#6445 = EDGE_CURVE('',#214,#3188,#6446,.T.);
#6446 = LINE('',#6447,#6448);
#6447 = CARTESIAN_POINT('',(49.173570956876,-12.06471506884,6.3));
#6448 = VECTOR('',#6449,1.);
#6449 = DIRECTION('',(0.,0.,1.));
#6450 = ORIENTED_EDGE('',*,*,#3187,.T.);
#6451 = ORIENTED_EDGE('',*,*,#6411,.F.);
#6452 = ORIENTED_EDGE('',*,*,#213,.F.);
#6453 = PLANE('',#6454);
#6454 = AXIS2_PLACEMENT_3D('',#6455,#6456,#6457);
#6455 = CARTESIAN_POINT('',(49.173570956876,-12.06471506884,6.3));
#6456 = DIRECTION('',(-0.989176509965,-0.146730474455,0.));
#6457 = DIRECTION('',(-0.146730474455,0.989176509965,0.));
#6458 = ADVANCED_FACE('',(#6459),#6470,.T.);
#6459 = FACE_BOUND('',#6460,.T.);
#6460 = EDGE_LOOP('',(#6461,#6462,#6463,#6469));
#6461 = ORIENTED_EDGE('',*,*,#6430,.T.);
#6462 = ORIENTED_EDGE('',*,*,#5323,.T.);
#6463 = ORIENTED_EDGE('',*,*,#6464,.F.);
#6464 = EDGE_CURVE('',#2342,#5316,#6465,.T.);
#6465 = LINE('',#6466,#6467);
#6466 = CARTESIAN_POINT('',(49.023057663516,-6.965891613581,6.3));
#6467 = VECTOR('',#6468,1.);
#6468 = DIRECTION('',(0.,0.,1.));
#6469 = ORIENTED_EDGE('',*,*,#2349,.F.);
#6470 = PLANE('',#6471);
#6471 = AXIS2_PLACEMENT_3D('',#6472,#6473,#6474);
#6472 = CARTESIAN_POINT('',(49.005778327993,-7.082379431605,6.3));
#6473 = DIRECTION('',(-0.989176509965,0.146730474455,0.));
#6474 = DIRECTION('',(0.146730474455,0.989176509965,0.));
#6475 = ADVANCED_FACE('',(#6476),#6487,.T.);
#6476 = FACE_BOUND('',#6477,.T.);
#6477 = EDGE_LOOP('',(#6478,#6484,#6485,#6486));
#6478 = ORIENTED_EDGE('',*,*,#6479,.T.);
#6479 = EDGE_CURVE('',#222,#3196,#6480,.T.);
#6480 = LINE('',#6481,#6482);
#6481 = CARTESIAN_POINT('',(49.18,-12.19558124802,6.3));
#6482 = VECTOR('',#6483,1.);
#6483 = DIRECTION('',(0.,0.,1.));
#6484 = ORIENTED_EDGE('',*,*,#3195,.T.);
#6485 = ORIENTED_EDGE('',*,*,#6445,.F.);
#6486 = ORIENTED_EDGE('',*,*,#221,.F.);
#6487 = PLANE('',#6488);
#6488 = AXIS2_PLACEMENT_3D('',#6489,#6490,#6491);
#6489 = CARTESIAN_POINT('',(49.18,-12.19558124802,6.3));
#6490 = DIRECTION('',(-0.998795456205,-4.906767432741E-02,0.));
#6491 = DIRECTION('',(-4.906767432741E-02,0.998795456205,0.));
#6492 = ADVANCED_FACE('',(#6493),#6504,.T.);
#6493 = FACE_BOUND('',#6494,.T.);
#6494 = EDGE_LOOP('',(#6495,#6496,#6497,#6503));
#6495 = ORIENTED_EDGE('',*,*,#6464,.T.);
#6496 = ORIENTED_EDGE('',*,*,#5315,.T.);
#6497 = ORIENTED_EDGE('',*,*,#6498,.F.);
#6498 = EDGE_CURVE('',#2334,#5308,#6499,.T.);
#6499 = LINE('',#6500,#6501);
#6500 = CARTESIAN_POINT('',(49.051671597121,-6.851658387295,6.3));
#6501 = VECTOR('',#6502,1.);
#6502 = DIRECTION('',(0.,0.,1.));
#6503 = ORIENTED_EDGE('',*,*,#2341,.F.);
#6504 = PLANE('',#6505);
#6505 = AXIS2_PLACEMENT_3D('',#6506,#6507,#6508);
#6506 = CARTESIAN_POINT('',(49.023057663516,-6.965891613581,6.3));
#6507 = DIRECTION('',(-0.970031253195,0.242980179903,0.));
#6508 = DIRECTION('',(0.242980179903,0.970031253195,0.));
#6509 = ADVANCED_FACE('',(#6510),#6521,.T.);
#6510 = FACE_BOUND('',#6511,.T.);
#6511 = EDGE_LOOP('',(#6512,#6518,#6519,#6520));
#6512 = ORIENTED_EDGE('',*,*,#6513,.T.);
#6513 = EDGE_CURVE('',#230,#3204,#6514,.T.);
#6514 = LINE('',#6515,#6516);
#6515 = CARTESIAN_POINT('',(49.18,-65.80441875198,6.3));
#6516 = VECTOR('',#6517,1.);
#6517 = DIRECTION('',(0.,0.,1.));
#6518 = ORIENTED_EDGE('',*,*,#3203,.T.);
#6519 = ORIENTED_EDGE('',*,*,#6479,.F.);
#6520 = ORIENTED_EDGE('',*,*,#229,.F.);
#6521 = PLANE('',#6522);
#6522 = AXIS2_PLACEMENT_3D('',#6523,#6524,#6525);
#6523 = CARTESIAN_POINT('',(49.18,-65.80441875198,6.3));
#6524 = DIRECTION('',(-1.,0.,0.));
#6525 = DIRECTION('',(0.,1.,0.));
#6526 = ADVANCED_FACE('',(#6527),#6538,.T.);
#6527 = FACE_BOUND('',#6528,.T.);
#6528 = EDGE_LOOP('',(#6529,#6530,#6531,#6537));
#6529 = ORIENTED_EDGE('',*,*,#6498,.T.);
#6530 = ORIENTED_EDGE('',*,*,#5307,.T.);
#6531 = ORIENTED_EDGE('',*,*,#6532,.F.);
#6532 = EDGE_CURVE('',#2326,#5300,#6533,.T.);
#6533 = LINE('',#6534,#6535);
#6534 = CARTESIAN_POINT('',(49.091344560986,-6.740779881162,6.3));
#6535 = VECTOR('',#6536,1.);
#6536 = DIRECTION('',(0.,0.,1.));
#6537 = ORIENTED_EDGE('',*,*,#2333,.F.);
#6538 = PLANE('',#6539);
#6539 = AXIS2_PLACEMENT_3D('',#6540,#6541,#6542);
#6540 = CARTESIAN_POINT('',(49.051671597121,-6.851658387295,6.3));
#6541 = DIRECTION('',(-0.941544065183,0.336889853392,0.));
#6542 = DIRECTION('',(0.336889853392,0.941544065183,0.));
#6543 = ADVANCED_FACE('',(#6544),#6555,.T.);
#6544 = FACE_BOUND('',#6545,.T.);
#6545 = EDGE_LOOP('',(#6546,#6552,#6553,#6554));
#6546 = ORIENTED_EDGE('',*,*,#6547,.T.);
#6547 = EDGE_CURVE('',#238,#3212,#6548,.T.);
#6548 = LINE('',#6549,#6550);
#6549 = CARTESIAN_POINT('',(49.173570956876,-65.93528493115,6.3));
#6550 = VECTOR('',#6551,1.);
#6551 = DIRECTION('',(0.,0.,1.));
#6552 = ORIENTED_EDGE('',*,*,#3211,.T.);
#6553 = ORIENTED_EDGE('',*,*,#6513,.F.);
#6554 = ORIENTED_EDGE('',*,*,#237,.F.);
#6555 = PLANE('',#6556);
#6556 = AXIS2_PLACEMENT_3D('',#6557,#6558,#6559);
#6557 = CARTESIAN_POINT('',(49.173570956876,-65.93528493115,6.3));
#6558 = DIRECTION('',(-0.998795456205,4.906767432741E-02,0.));
#6559 = DIRECTION('',(4.906767432741E-02,0.998795456205,0.));
#6560 = ADVANCED_FACE('',(#6561),#6572,.T.);
#6561 = FACE_BOUND('',#6562,.T.);
#6562 = EDGE_LOOP('',(#6563,#6564,#6565,#6571));
#6563 = ORIENTED_EDGE('',*,*,#6532,.T.);
#6564 = ORIENTED_EDGE('',*,*,#5299,.T.);
#6565 = ORIENTED_EDGE('',*,*,#6566,.F.);
#6566 = EDGE_CURVE('',#2318,#5292,#6567,.T.);
#6567 = LINE('',#6568,#6569);
#6568 = CARTESIAN_POINT('',(49.141694482782,-6.634323915809,6.3));
#6569 = VECTOR('',#6570,1.);
#6570 = DIRECTION('',(0.,0.,1.));
#6571 = ORIENTED_EDGE('',*,*,#2325,.F.);
#6572 = PLANE('',#6573);
#6573 = AXIS2_PLACEMENT_3D('',#6574,#6575,#6576);
#6574 = CARTESIAN_POINT('',(49.091344560986,-6.740779881162,6.3));
#6575 = DIRECTION('',(-0.903989293123,0.42755509343,0.));
#6576 = DIRECTION('',(0.42755509343,0.903989293123,0.));
#6577 = ADVANCED_FACE('',(#6578),#6589,.T.);
#6578 = FACE_BOUND('',#6579,.T.);
#6579 = EDGE_LOOP('',(#6580,#6586,#6587,#6588));
#6580 = ORIENTED_EDGE('',*,*,#6581,.T.);
#6581 = EDGE_CURVE('',#246,#3220,#6582,.T.);
#6582 = LINE('',#6583,#6584);
#6583 = CARTESIAN_POINT('',(49.153696595202,-66.06926699446,6.3));
#6584 = VECTOR('',#6585,1.);
#6585 = DIRECTION('',(0.,0.,1.));
#6586 = ORIENTED_EDGE('',*,*,#3219,.T.);
#6587 = ORIENTED_EDGE('',*,*,#6547,.F.);
#6588 = ORIENTED_EDGE('',*,*,#245,.F.);
#6589 = PLANE('',#6590);
#6590 = AXIS2_PLACEMENT_3D('',#6591,#6592,#6593);
#6591 = CARTESIAN_POINT('',(49.153696595202,-66.06926699446,6.3));
#6592 = DIRECTION('',(-0.989176509965,0.146730474455,0.));
#6593 = DIRECTION('',(0.146730474455,0.989176509965,0.));
#6594 = ADVANCED_FACE('',(#6595),#6606,.T.);
#6595 = FACE_BOUND('',#6596,.T.);
#6596 = EDGE_LOOP('',(#6597,#6598,#6599,#6605));
#6597 = ORIENTED_EDGE('',*,*,#6566,.T.);
#6598 = ORIENTED_EDGE('',*,*,#5291,.T.);
#6599 = ORIENTED_EDGE('',*,*,#6600,.F.);
#6600 = EDGE_CURVE('',#2310,#5284,#6601,.T.);
#6601 = LINE('',#6602,#6603);
#6602 = CARTESIAN_POINT('',(49.202236465237,-6.533315720376,6.3));
#6603 = VECTOR('',#6604,1.);
#6604 = DIRECTION('',(0.,0.,1.));
#6605 = ORIENTED_EDGE('',*,*,#2317,.F.);
#6606 = PLANE('',#6607);
#6607 = AXIS2_PLACEMENT_3D('',#6608,#6609,#6610);
#6608 = CARTESIAN_POINT('',(49.141694482782,-6.634323915809,6.3));
#6609 = DIRECTION('',(-0.85772861,0.514102744193,0.));
#6610 = DIRECTION('',(0.514102744193,0.85772861,0.));
#6611 = ADVANCED_FACE('',(#6612),#6623,.T.);
#6612 = FACE_BOUND('',#6613,.T.);
#6613 = EDGE_LOOP('',(#6614,#6620,#6621,#6622));
#6614 = ORIENTED_EDGE('',*,*,#6615,.T.);
#6615 = EDGE_CURVE('',#254,#3228,#6616,.T.);
#6616 = LINE('',#6617,#6618);
#6617 = CARTESIAN_POINT('',(49.120785395311,-66.20065586942,6.3));
#6618 = VECTOR('',#6619,1.);
#6619 = DIRECTION('',(0.,0.,1.));
#6620 = ORIENTED_EDGE('',*,*,#3227,.T.);
#6621 = ORIENTED_EDGE('',*,*,#6581,.F.);
#6622 = ORIENTED_EDGE('',*,*,#253,.F.);
#6623 = PLANE('',#6624);
#6624 = AXIS2_PLACEMENT_3D('',#6625,#6626,#6627);
#6625 = CARTESIAN_POINT('',(49.120785395311,-66.20065586942,6.3));
#6626 = DIRECTION('',(-0.970031253195,0.242980179903,0.));
#6627 = DIRECTION('',(0.242980179903,0.970031253195,0.));
#6628 = ADVANCED_FACE('',(#6629),#6640,.T.);
#6629 = FACE_BOUND('',#6630,.T.);
#6630 = EDGE_LOOP('',(#6631,#6632,#6633,#6639));
#6631 = ORIENTED_EDGE('',*,*,#6600,.T.);
#6632 = ORIENTED_EDGE('',*,*,#5283,.T.);
#6633 = ORIENTED_EDGE('',*,*,#6634,.F.);
#6634 = EDGE_CURVE('',#2302,#5276,#6635,.T.);
#6635 = LINE('',#6636,#6637);
#6636 = CARTESIAN_POINT('',(49.272387455965,-6.438728059004,6.3));
#6637 = VECTOR('',#6638,1.);
#6638 = DIRECTION('',(0.,0.,1.));
#6639 = ORIENTED_EDGE('',*,*,#2309,.F.);
#6640 = PLANE('',#6641);
#6641 = AXIS2_PLACEMENT_3D('',#6642,#6643,#6644);
#6642 = CARTESIAN_POINT('',(49.202236465237,-6.533315720376,6.3));
#6643 = DIRECTION('',(-0.803207531481,0.595699304492,0.));
#6644 = DIRECTION('',(0.595699304492,0.803207531481,0.));
#6645 = ADVANCED_FACE('',(#6646),#6657,.T.);
#6646 = FACE_BOUND('',#6647,.T.);
#6647 = EDGE_LOOP('',(#6648,#6654,#6655,#6656));
#6648 = ORIENTED_EDGE('',*,*,#6649,.T.);
#6649 = EDGE_CURVE('',#262,#3236,#6650,.T.);
#6650 = LINE('',#6651,#6652);
#6651 = CARTESIAN_POINT('',(49.075154310048,-66.32818620934,6.3));
#6652 = VECTOR('',#6653,1.);
#6653 = DIRECTION('',(0.,0.,1.));
#6654 = ORIENTED_EDGE('',*,*,#3235,.T.);
#6655 = ORIENTED_EDGE('',*,*,#6615,.F.);
#6656 = ORIENTED_EDGE('',*,*,#261,.F.);
#6657 = PLANE('',#6658);
#6658 = AXIS2_PLACEMENT_3D('',#6659,#6660,#6661);
#6659 = CARTESIAN_POINT('',(49.075154310048,-66.32818620934,6.3));
#6660 = DIRECTION('',(-0.941544065183,0.336889853392,0.));
#6661 = DIRECTION('',(0.336889853392,0.941544065183,0.));
#6662 = ADVANCED_FACE('',(#6663),#6674,.T.);
#6663 = FACE_BOUND('',#6664,.T.);
#6664 = EDGE_LOOP('',(#6665,#6666,#6667,#6673));
#6665 = ORIENTED_EDGE('',*,*,#6634,.T.);
#6666 = ORIENTED_EDGE('',*,*,#5275,.T.);
#6667 = ORIENTED_EDGE('',*,*,#6668,.F.);
#6668 = EDGE_CURVE('',#2294,#5268,#6669,.T.);
#6669 = LINE('',#6670,#6671);
#6670 = CARTESIAN_POINT('',(49.351471862576,-6.351471862576,6.3));
#6671 = VECTOR('',#6672,1.);
#6672 = DIRECTION('',(0.,0.,1.));
#6673 = ORIENTED_EDGE('',*,*,#2301,.F.);
#6674 = PLANE('',#6675);
#6675 = AXIS2_PLACEMENT_3D('',#6676,#6677,#6678);
#6676 = CARTESIAN_POINT('',(49.272387455965,-6.438728059004,6.3));
#6677 = DIRECTION('',(-0.740951125355,0.671558954847,0.));
#6678 = DIRECTION('',(0.671558954847,0.740951125355,0.));
#6679 = ADVANCED_FACE('',(#6680),#6691,.T.);
#6680 = FACE_BOUND('',#6681,.T.);
#6681 = EDGE_LOOP('',(#6682,#6688,#6689,#6690));
#6682 = ORIENTED_EDGE('',*,*,#6683,.T.);
#6683 = EDGE_CURVE('',#270,#3244,#6684,.T.);
#6684 = LINE('',#6685,#6686);
#6685 = CARTESIAN_POINT('',(49.017242791708,-66.45062982732,6.3));
#6686 = VECTOR('',#6687,1.);
#6687 = DIRECTION('',(0.,0.,1.));
#6688 = ORIENTED_EDGE('',*,*,#3243,.T.);
#6689 = ORIENTED_EDGE('',*,*,#6649,.F.);
#6690 = ORIENTED_EDGE('',*,*,#269,.F.);
#6691 = PLANE('',#6692);
#6692 = AXIS2_PLACEMENT_3D('',#6693,#6694,#6695);
#6693 = CARTESIAN_POINT('',(49.017242791708,-66.45062982732,6.3));
#6694 = DIRECTION('',(-0.903989293123,0.42755509343,0.));
#6695 = DIRECTION('',(0.42755509343,0.903989293123,0.));
#6696 = ADVANCED_FACE('',(#6697),#6708,.T.);
#6697 = FACE_BOUND('',#6698,.T.);
#6698 = EDGE_LOOP('',(#6699,#6700,#6701,#6707));
#6699 = ORIENTED_EDGE('',*,*,#6668,.T.);
#6700 = ORIENTED_EDGE('',*,*,#5267,.T.);
#6701 = ORIENTED_EDGE('',*,*,#6702,.F.);
#6702 = EDGE_CURVE('',#2286,#5260,#6703,.T.);
#6703 = LINE('',#6704,#6705);
#6704 = CARTESIAN_POINT('',(49.438728059004,-6.272387455965,6.3));
#6705 = VECTOR('',#6706,1.);
#6706 = DIRECTION('',(0.,0.,1.));
#6707 = ORIENTED_EDGE('',*,*,#2293,.F.);
#6708 = PLANE('',#6709);
#6709 = AXIS2_PLACEMENT_3D('',#6710,#6711,#6712);
#6710 = CARTESIAN_POINT('',(49.351471862576,-6.351471862576,6.3));
#6711 = DIRECTION('',(-0.671558954847,0.740951125355,0.));
#6712 = DIRECTION('',(0.740951125355,0.671558954847,0.));
#6713 = ADVANCED_FACE('',(#6714),#6725,.T.);
#6714 = FACE_BOUND('',#6715,.T.);
#6715 = EDGE_LOOP('',(#6716,#6722,#6723,#6724));
#6716 = ORIENTED_EDGE('',*,*,#6717,.T.);
#6717 = EDGE_CURVE('',#278,#3252,#6718,.T.);
#6718 = LINE('',#6719,#6720);
#6719 = CARTESIAN_POINT('',(48.947608559873,-66.5668075244,6.3));
#6720 = VECTOR('',#6721,1.);
#6721 = DIRECTION('',(0.,0.,1.));
#6722 = ORIENTED_EDGE('',*,*,#3251,.T.);
#6723 = ORIENTED_EDGE('',*,*,#6683,.F.);
#6724 = ORIENTED_EDGE('',*,*,#277,.F.);
#6725 = PLANE('',#6726);
#6726 = AXIS2_PLACEMENT_3D('',#6727,#6728,#6729);
#6727 = CARTESIAN_POINT('',(48.947608559873,-66.5668075244,6.3));
#6728 = DIRECTION('',(-0.85772861,0.514102744193,0.));
#6729 = DIRECTION('',(0.514102744193,0.85772861,0.));
#6730 = ADVANCED_FACE('',(#6731),#6742,.T.);
#6731 = FACE_BOUND('',#6732,.T.);
#6732 = EDGE_LOOP('',(#6733,#6734,#6735,#6741));
#6733 = ORIENTED_EDGE('',*,*,#6702,.T.);
#6734 = ORIENTED_EDGE('',*,*,#5259,.T.);
#6735 = ORIENTED_EDGE('',*,*,#6736,.F.);
#6736 = EDGE_CURVE('',#2278,#5252,#6737,.T.);
#6737 = LINE('',#6738,#6739);
#6738 = CARTESIAN_POINT('',(49.533315720376,-6.202236465237,6.3));
#6739 = VECTOR('',#6740,1.);
#6740 = DIRECTION('',(0.,0.,1.));
#6741 = ORIENTED_EDGE('',*,*,#2285,.F.);
#6742 = PLANE('',#6743);
#6743 = AXIS2_PLACEMENT_3D('',#6744,#6745,#6746);
#6744 = CARTESIAN_POINT('',(49.438728059004,-6.272387455965,6.3));
#6745 = DIRECTION('',(-0.595699304492,0.803207531481,0.));
#6746 = DIRECTION('',(0.803207531481,0.595699304492,0.));
#6747 = ADVANCED_FACE('',(#6748),#6759,.T.);
#6748 = FACE_BOUND('',#6749,.T.);
#6749 = EDGE_LOOP('',(#6750,#6756,#6757,#6758));
#6750 = ORIENTED_EDGE('',*,*,#6751,.T.);
#6751 = EDGE_CURVE('',#286,#3260,#6752,.T.);
#6752 = LINE('',#6753,#6754);
#6753 = CARTESIAN_POINT('',(48.866922230259,-66.67560044583,6.3));
#6754 = VECTOR('',#6755,1.);
#6755 = DIRECTION('',(0.,0.,1.));
#6756 = ORIENTED_EDGE('',*,*,#3259,.T.);
#6757 = ORIENTED_EDGE('',*,*,#6717,.F.);
#6758 = ORIENTED_EDGE('',*,*,#285,.F.);
#6759 = PLANE('',#6760);
#6760 = AXIS2_PLACEMENT_3D('',#6761,#6762,#6763);
#6761 = CARTESIAN_POINT('',(48.866922230259,-66.67560044583,6.3));
#6762 = DIRECTION('',(-0.803207531481,0.595699304492,0.));
#6763 = DIRECTION('',(0.595699304492,0.803207531481,0.));
#6764 = ADVANCED_FACE('',(#6765),#6776,.T.);
#6765 = FACE_BOUND('',#6766,.T.);
#6766 = EDGE_LOOP('',(#6767,#6768,#6769,#6775));
#6767 = ORIENTED_EDGE('',*,*,#6736,.T.);
#6768 = ORIENTED_EDGE('',*,*,#5251,.T.);
#6769 = ORIENTED_EDGE('',*,*,#6770,.F.);
#6770 = EDGE_CURVE('',#2270,#5244,#6771,.T.);
#6771 = LINE('',#6772,#6773);
#6772 = CARTESIAN_POINT('',(49.634323915809,-6.141694482782,6.3));
#6773 = VECTOR('',#6774,1.);
#6774 = DIRECTION('',(0.,0.,1.));
#6775 = ORIENTED_EDGE('',*,*,#2277,.F.);
#6776 = PLANE('',#6777);
#6777 = AXIS2_PLACEMENT_3D('',#6778,#6779,#6780);
#6778 = CARTESIAN_POINT('',(49.533315720376,-6.202236465237,6.3));
#6779 = DIRECTION('',(-0.514102744193,0.85772861,0.));
#6780 = DIRECTION('',(0.85772861,0.514102744193,0.));
#6781 = ADVANCED_FACE('',(#6782),#6793,.T.);
#6782 = FACE_BOUND('',#6783,.T.);
#6783 = EDGE_LOOP('',(#6784,#6790,#6791,#6792));
#6784 = ORIENTED_EDGE('',*,*,#6785,.T.);
#6785 = EDGE_CURVE('',#294,#3268,#6786,.T.);
#6786 = LINE('',#6787,#6788);
#6787 = CARTESIAN_POINT('',(48.775960856328,-66.77596085632,6.3));
#6788 = VECTOR('',#6789,1.);
#6789 = DIRECTION('',(0.,0.,1.));
#6790 = ORIENTED_EDGE('',*,*,#3267,.T.);
#6791 = ORIENTED_EDGE('',*,*,#6751,.F.);
#6792 = ORIENTED_EDGE('',*,*,#293,.F.);
#6793 = PLANE('',#6794);
#6794 = AXIS2_PLACEMENT_3D('',#6795,#6796,#6797);
#6795 = CARTESIAN_POINT('',(48.775960856328,-66.77596085632,6.3));
#6796 = DIRECTION('',(-0.740951125355,0.671558954847,0.));
#6797 = DIRECTION('',(0.671558954847,0.740951125355,0.));
#6798 = ADVANCED_FACE('',(#6799),#6810,.T.);
#6799 = FACE_BOUND('',#6800,.T.);
#6800 = EDGE_LOOP('',(#6801,#6802,#6803,#6809));
#6801 = ORIENTED_EDGE('',*,*,#6770,.T.);
#6802 = ORIENTED_EDGE('',*,*,#5243,.T.);
#6803 = ORIENTED_EDGE('',*,*,#6804,.F.);
#6804 = EDGE_CURVE('',#2262,#5236,#6805,.T.);
#6805 = LINE('',#6806,#6807);
#6806 = CARTESIAN_POINT('',(49.740779881162,-6.091344560986,6.3));
#6807 = VECTOR('',#6808,1.);
#6808 = DIRECTION('',(0.,0.,1.));
#6809 = ORIENTED_EDGE('',*,*,#2269,.F.);
#6810 = PLANE('',#6811);
#6811 = AXIS2_PLACEMENT_3D('',#6812,#6813,#6814);
#6812 = CARTESIAN_POINT('',(49.634323915809,-6.141694482782,6.3));
#6813 = DIRECTION('',(-0.42755509343,0.903989293123,0.));
#6814 = DIRECTION('',(0.903989293123,0.42755509343,0.));
#6815 = ADVANCED_FACE('',(#6816),#6827,.T.);
#6816 = FACE_BOUND('',#6817,.T.);
#6817 = EDGE_LOOP('',(#6818,#6824,#6825,#6826));
#6818 = ORIENTED_EDGE('',*,*,#6819,.T.);
#6819 = EDGE_CURVE('',#302,#3276,#6820,.T.);
#6820 = LINE('',#6821,#6822);
#6821 = CARTESIAN_POINT('',(48.675600445837,-66.86692223025,6.3));
#6822 = VECTOR('',#6823,1.);
#6823 = DIRECTION('',(0.,0.,1.));
#6824 = ORIENTED_EDGE('',*,*,#3275,.T.);
#6825 = ORIENTED_EDGE('',*,*,#6785,.F.);
#6826 = ORIENTED_EDGE('',*,*,#301,.F.);
#6827 = PLANE('',#6828);
#6828 = AXIS2_PLACEMENT_3D('',#6829,#6830,#6831);
#6829 = CARTESIAN_POINT('',(48.675600445837,-66.86692223025,6.3));
#6830 = DIRECTION('',(-0.671558954847,0.740951125355,0.));
#6831 = DIRECTION('',(0.740951125355,0.671558954847,0.));
#6832 = ADVANCED_FACE('',(#6833),#6844,.T.);
#6833 = FACE_BOUND('',#6834,.T.);
#6834 = EDGE_LOOP('',(#6835,#6836,#6837,#6843));
#6835 = ORIENTED_EDGE('',*,*,#6804,.T.);
#6836 = ORIENTED_EDGE('',*,*,#5235,.T.);
#6837 = ORIENTED_EDGE('',*,*,#6838,.F.);
#6838 = EDGE_CURVE('',#2254,#5228,#6839,.T.);
#6839 = LINE('',#6840,#6841);
#6840 = CARTESIAN_POINT('',(49.851658387295,-6.051671597121,6.3));
#6841 = VECTOR('',#6842,1.);
#6842 = DIRECTION('',(0.,0.,1.));
#6843 = ORIENTED_EDGE('',*,*,#2261,.F.);
#6844 = PLANE('',#6845);
#6845 = AXIS2_PLACEMENT_3D('',#6846,#6847,#6848);
#6846 = CARTESIAN_POINT('',(49.740779881162,-6.091344560986,6.3));
#6847 = DIRECTION('',(-0.336889853392,0.941544065183,0.));
#6848 = DIRECTION('',(0.941544065183,0.336889853392,0.));
#6849 = ADVANCED_FACE('',(#6850),#6861,.T.);
#6850 = FACE_BOUND('',#6851,.T.);
#6851 = EDGE_LOOP('',(#6852,#6858,#6859,#6860));
#6852 = ORIENTED_EDGE('',*,*,#6853,.T.);
#6853 = EDGE_CURVE('',#310,#3284,#6854,.T.);
#6854 = LINE('',#6855,#6856);
#6855 = CARTESIAN_POINT('',(48.5668075244,-66.94760855987,6.3));
#6856 = VECTOR('',#6857,1.);
#6857 = DIRECTION('',(0.,0.,1.));
#6858 = ORIENTED_EDGE('',*,*,#3283,.T.);
#6859 = ORIENTED_EDGE('',*,*,#6819,.F.);
#6860 = ORIENTED_EDGE('',*,*,#309,.F.);
#6861 = PLANE('',#6862);
#6862 = AXIS2_PLACEMENT_3D('',#6863,#6864,#6865);
#6863 = CARTESIAN_POINT('',(48.5668075244,-66.94760855987,6.3));
#6864 = DIRECTION('',(-0.595699304492,0.803207531481,0.));
#6865 = DIRECTION('',(0.803207531481,0.595699304492,0.));
#6866 = ADVANCED_FACE('',(#6867),#6878,.T.);
#6867 = FACE_BOUND('',#6868,.T.);
#6868 = EDGE_LOOP('',(#6869,#6870,#6871,#6877));
#6869 = ORIENTED_EDGE('',*,*,#6838,.T.);
#6870 = ORIENTED_EDGE('',*,*,#5227,.T.);
#6871 = ORIENTED_EDGE('',*,*,#6872,.F.);
#6872 = EDGE_CURVE('',#2246,#5220,#6873,.T.);
#6873 = LINE('',#6874,#6875);
#6874 = CARTESIAN_POINT('',(49.965891613581,-6.023057663516,6.3));
#6875 = VECTOR('',#6876,1.);
#6876 = DIRECTION('',(0.,0.,1.));
#6877 = ORIENTED_EDGE('',*,*,#2253,.F.);
#6878 = PLANE('',#6879);
#6879 = AXIS2_PLACEMENT_3D('',#6880,#6881,#6882);
#6880 = CARTESIAN_POINT('',(49.851658387295,-6.051671597121,6.3));
#6881 = DIRECTION('',(-0.242980179903,0.970031253195,0.));
#6882 = DIRECTION('',(0.970031253195,0.242980179903,0.));
#6883 = ADVANCED_FACE('',(#6884),#6895,.T.);
#6884 = FACE_BOUND('',#6885,.T.);
#6885 = EDGE_LOOP('',(#6886,#6892,#6893,#6894));
#6886 = ORIENTED_EDGE('',*,*,#6887,.T.);
#6887 = EDGE_CURVE('',#318,#3292,#6888,.T.);
#6888 = LINE('',#6889,#6890);
#6889 = CARTESIAN_POINT('',(48.450629827324,-67.0172427917,6.3));
#6890 = VECTOR('',#6891,1.);
#6891 = DIRECTION('',(0.,0.,1.));
#6892 = ORIENTED_EDGE('',*,*,#3291,.T.);
#6893 = ORIENTED_EDGE('',*,*,#6853,.F.);
#6894 = ORIENTED_EDGE('',*,*,#317,.F.);
#6895 = PLANE('',#6896);
#6896 = AXIS2_PLACEMENT_3D('',#6897,#6898,#6899);
#6897 = CARTESIAN_POINT('',(48.450629827324,-67.0172427917,6.3));
#6898 = DIRECTION('',(-0.514102744193,0.85772861,0.));
#6899 = DIRECTION('',(0.85772861,0.514102744193,0.));
#6900 = ADVANCED_FACE('',(#6901),#6912,.T.);
#6901 = FACE_BOUND('',#6902,.T.);
#6902 = EDGE_LOOP('',(#6903,#6904,#6905,#6911));
#6903 = ORIENTED_EDGE('',*,*,#6872,.T.);
#6904 = ORIENTED_EDGE('',*,*,#5219,.T.);
#6905 = ORIENTED_EDGE('',*,*,#6906,.F.);
#6906 = EDGE_CURVE('',#2238,#5212,#6907,.T.);
#6907 = LINE('',#6908,#6909);
#6908 = CARTESIAN_POINT('',(50.082379431605,-6.005778327993,6.3));
#6909 = VECTOR('',#6910,1.);
#6910 = DIRECTION('',(0.,0.,1.));
#6911 = ORIENTED_EDGE('',*,*,#2245,.F.);
#6912 = PLANE('',#6913);
#6913 = AXIS2_PLACEMENT_3D('',#6914,#6915,#6916);
#6914 = CARTESIAN_POINT('',(49.965891613581,-6.023057663516,6.3));
#6915 = DIRECTION('',(-0.146730474455,0.989176509965,0.));
#6916 = DIRECTION('',(0.989176509965,0.146730474455,0.));
#6917 = ADVANCED_FACE('',(#6918),#6929,.T.);
#6918 = FACE_BOUND('',#6919,.T.);
#6919 = EDGE_LOOP('',(#6920,#6926,#6927,#6928));
#6920 = ORIENTED_EDGE('',*,*,#6921,.T.);
#6921 = EDGE_CURVE('',#326,#3300,#6922,.T.);
#6922 = LINE('',#6923,#6924);
#6923 = CARTESIAN_POINT('',(48.32818620934,-67.07515431004,6.3));
#6924 = VECTOR('',#6925,1.);
#6925 = DIRECTION('',(0.,0.,1.));
#6926 = ORIENTED_EDGE('',*,*,#3299,.T.);
#6927 = ORIENTED_EDGE('',*,*,#6887,.F.);
#6928 = ORIENTED_EDGE('',*,*,#325,.F.);
#6929 = PLANE('',#6930);
#6930 = AXIS2_PLACEMENT_3D('',#6931,#6932,#6933);
#6931 = CARTESIAN_POINT('',(48.32818620934,-67.07515431004,6.3));
#6932 = DIRECTION('',(-0.42755509343,0.903989293123,0.));
#6933 = DIRECTION('',(0.903989293123,0.42755509343,0.));
#6934 = ADVANCED_FACE('',(#6935),#6946,.T.);
#6935 = FACE_BOUND('',#6936,.T.);
#6936 = EDGE_LOOP('',(#6937,#6938,#6939,#6945));
#6937 = ORIENTED_EDGE('',*,*,#6906,.T.);
#6938 = ORIENTED_EDGE('',*,*,#5211,.T.);
#6939 = ORIENTED_EDGE('',*,*,#6940,.F.);
#6940 = EDGE_CURVE('',#2230,#5204,#6941,.T.);
#6941 = LINE('',#6942,#6943);
#6942 = CARTESIAN_POINT('',(50.2,-6.,6.3));
#6943 = VECTOR('',#6944,1.);
#6944 = DIRECTION('',(0.,0.,1.));
#6945 = ORIENTED_EDGE('',*,*,#2237,.F.);
#6946 = PLANE('',#6947);
#6947 = AXIS2_PLACEMENT_3D('',#6948,#6949,#6950);
#6948 = CARTESIAN_POINT('',(50.082379431605,-6.005778327993,6.3));
#6949 = DIRECTION('',(-4.906767432743E-02,0.998795456205,0.));
#6950 = DIRECTION('',(0.998795456205,4.906767432743E-02,0.));
#6951 = ADVANCED_FACE('',(#6952),#6963,.T.);
#6952 = FACE_BOUND('',#6953,.T.);
#6953 = EDGE_LOOP('',(#6954,#6960,#6961,#6962));
#6954 = ORIENTED_EDGE('',*,*,#6955,.T.);
#6955 = EDGE_CURVE('',#334,#3308,#6956,.T.);
#6956 = LINE('',#6957,#6958);
#6957 = CARTESIAN_POINT('',(48.200655869424,-67.12078539531,6.3));
#6958 = VECTOR('',#6959,1.);
#6959 = DIRECTION('',(0.,0.,1.));
#6960 = ORIENTED_EDGE('',*,*,#3307,.T.);
#6961 = ORIENTED_EDGE('',*,*,#6921,.F.);
#6962 = ORIENTED_EDGE('',*,*,#333,.F.);
#6963 = PLANE('',#6964);
#6964 = AXIS2_PLACEMENT_3D('',#6965,#6966,#6967);
#6965 = CARTESIAN_POINT('',(48.200655869424,-67.12078539531,6.3));
#6966 = DIRECTION('',(-0.336889853392,0.941544065183,0.));
#6967 = DIRECTION('',(0.941544065183,0.336889853392,0.));
#6968 = ADVANCED_FACE('',(#6969),#6980,.T.);
#6969 = FACE_BOUND('',#6970,.T.);
#6970 = EDGE_LOOP('',(#6971,#6972,#6973,#6979));
#6971 = ORIENTED_EDGE('',*,*,#6940,.T.);
#6972 = ORIENTED_EDGE('',*,*,#5203,.T.);
#6973 = ORIENTED_EDGE('',*,*,#6974,.F.);
#6974 = EDGE_CURVE('',#2222,#5196,#6975,.T.);
#6975 = LINE('',#6976,#6977);
#6976 = CARTESIAN_POINT('',(80.8,-6.,6.3));
#6977 = VECTOR('',#6978,1.);
#6978 = DIRECTION('',(0.,0.,1.));
#6979 = ORIENTED_EDGE('',*,*,#2229,.F.);
#6980 = PLANE('',#6981);
#6981 = AXIS2_PLACEMENT_3D('',#6982,#6983,#6984);
#6982 = CARTESIAN_POINT('',(50.2,-6.,6.3));
#6983 = DIRECTION('',(2.902543855229E-17,1.,0.));
#6984 = DIRECTION('',(1.,-2.902543855229E-17,0.));
#6985 = ADVANCED_FACE('',(#6986),#6997,.T.);
#6986 = FACE_BOUND('',#6987,.T.);
#6987 = EDGE_LOOP('',(#6988,#6994,#6995,#6996));
#6988 = ORIENTED_EDGE('',*,*,#6989,.T.);
#6989 = EDGE_CURVE('',#342,#3316,#6990,.T.);
#6990 = LINE('',#6991,#6992);
#6991 = CARTESIAN_POINT('',(48.069266994465,-67.1536965952,6.3));
#6992 = VECTOR('',#6993,1.);
#6993 = DIRECTION('',(0.,0.,1.));
#6994 = ORIENTED_EDGE('',*,*,#3315,.T.);
#6995 = ORIENTED_EDGE('',*,*,#6955,.F.);
#6996 = ORIENTED_EDGE('',*,*,#341,.F.);
#6997 = PLANE('',#6998);
#6998 = AXIS2_PLACEMENT_3D('',#6999,#7000,#7001);
#6999 = CARTESIAN_POINT('',(48.069266994465,-67.1536965952,6.3));
#7000 = DIRECTION('',(-0.242980179903,0.970031253195,0.));
#7001 = DIRECTION('',(0.970031253195,0.242980179903,0.));
#7002 = ADVANCED_FACE('',(#7003),#7014,.T.);
#7003 = FACE_BOUND('',#7004,.T.);
#7004 = EDGE_LOOP('',(#7005,#7006,#7007,#7013));
#7005 = ORIENTED_EDGE('',*,*,#6974,.T.);
#7006 = ORIENTED_EDGE('',*,*,#5195,.T.);
#7007 = ORIENTED_EDGE('',*,*,#7008,.F.);
#7008 = EDGE_CURVE('',#2214,#5188,#7009,.T.);
#7009 = LINE('',#7010,#7011);
#7010 = CARTESIAN_POINT('',(80.917620568395,-5.994221672007,6.3));
#7011 = VECTOR('',#7012,1.);
#7012 = DIRECTION('',(0.,0.,1.));
#7013 = ORIENTED_EDGE('',*,*,#2221,.F.);
#7014 = PLANE('',#7015);
#7015 = AXIS2_PLACEMENT_3D('',#7016,#7017,#7018);
#7016 = CARTESIAN_POINT('',(80.8,-6.,6.3));
#7017 = DIRECTION('',(-4.906767432743E-02,0.998795456205,0.));
#7018 = DIRECTION('',(0.998795456205,4.906767432743E-02,0.));
#7019 = ADVANCED_FACE('',(#7020),#7031,.T.);
#7020 = FACE_BOUND('',#7021,.T.);
#7021 = EDGE_LOOP('',(#7022,#7028,#7029,#7030));
#7022 = ORIENTED_EDGE('',*,*,#7023,.T.);
#7023 = EDGE_CURVE('',#350,#3324,#7024,.T.);
#7024 = LINE('',#7025,#7026);
#7025 = CARTESIAN_POINT('',(47.935284931153,-67.17357095687,6.3));
#7026 = VECTOR('',#7027,1.);
#7027 = DIRECTION('',(0.,0.,1.));
#7028 = ORIENTED_EDGE('',*,*,#3323,.T.);
#7029 = ORIENTED_EDGE('',*,*,#6989,.F.);
#7030 = ORIENTED_EDGE('',*,*,#349,.F.);
#7031 = PLANE('',#7032);
#7032 = AXIS2_PLACEMENT_3D('',#7033,#7034,#7035);
#7033 = CARTESIAN_POINT('',(47.935284931153,-67.17357095687,6.3));
#7034 = DIRECTION('',(-0.146730474455,0.989176509965,0.));
#7035 = DIRECTION('',(0.989176509965,0.146730474455,0.));
#7036 = ADVANCED_FACE('',(#7037),#7048,.T.);
#7037 = FACE_BOUND('',#7038,.T.);
#7038 = EDGE_LOOP('',(#7039,#7040,#7041,#7047));
#7039 = ORIENTED_EDGE('',*,*,#7008,.T.);
#7040 = ORIENTED_EDGE('',*,*,#5187,.T.);
#7041 = ORIENTED_EDGE('',*,*,#7042,.F.);
#7042 = EDGE_CURVE('',#2206,#5180,#7043,.T.);
#7043 = LINE('',#7044,#7045);
#7044 = CARTESIAN_POINT('',(81.034108386419,-5.976942336484,6.3));
#7045 = VECTOR('',#7046,1.);
#7046 = DIRECTION('',(0.,0.,1.));
#7047 = ORIENTED_EDGE('',*,*,#2213,.F.);
#7048 = PLANE('',#7049);
#7049 = AXIS2_PLACEMENT_3D('',#7050,#7051,#7052);
#7050 = CARTESIAN_POINT('',(80.917620568395,-5.994221672007,6.3));
#7051 = DIRECTION('',(-0.146730474455,0.989176509965,0.));
#7052 = DIRECTION('',(0.989176509965,0.146730474455,0.));
#7053 = ADVANCED_FACE('',(#7054),#7065,.T.);
#7054 = FACE_BOUND('',#7055,.T.);
#7055 = EDGE_LOOP('',(#7056,#7062,#7063,#7064));
#7056 = ORIENTED_EDGE('',*,*,#7057,.T.);
#7057 = EDGE_CURVE('',#358,#3332,#7058,.T.);
#7058 = LINE('',#7059,#7060);
#7059 = CARTESIAN_POINT('',(47.80441875198,-67.18,6.3));
#7060 = VECTOR('',#7061,1.);
#7061 = DIRECTION('',(0.,0.,1.));
#7062 = ORIENTED_EDGE('',*,*,#3331,.T.);
#7063 = ORIENTED_EDGE('',*,*,#7023,.F.);
#7064 = ORIENTED_EDGE('',*,*,#357,.F.);
#7065 = PLANE('',#7066);
#7066 = AXIS2_PLACEMENT_3D('',#7067,#7068,#7069);
#7067 = CARTESIAN_POINT('',(47.80441875198,-67.18,6.3));
#7068 = DIRECTION('',(-4.906767432741E-02,0.998795456205,0.));
#7069 = DIRECTION('',(0.998795456205,4.906767432741E-02,0.));
#7070 = ADVANCED_FACE('',(#7071),#7082,.T.);
#7071 = FACE_BOUND('',#7072,.T.);
#7072 = EDGE_LOOP('',(#7073,#7074,#7075,#7081));
#7073 = ORIENTED_EDGE('',*,*,#7042,.T.);
#7074 = ORIENTED_EDGE('',*,*,#5179,.T.);
#7075 = ORIENTED_EDGE('',*,*,#7076,.F.);
#7076 = EDGE_CURVE('',#2198,#5172,#7077,.T.);
#7077 = LINE('',#7078,#7079);
#7078 = CARTESIAN_POINT('',(81.148341612705,-5.948328402879,6.3));
#7079 = VECTOR('',#7080,1.);
#7080 = DIRECTION('',(0.,0.,1.));
#7081 = ORIENTED_EDGE('',*,*,#2205,.F.);
#7082 = PLANE('',#7083);
#7083 = AXIS2_PLACEMENT_3D('',#7084,#7085,#7086);
#7084 = CARTESIAN_POINT('',(81.034108386419,-5.976942336484,6.3));
#7085 = DIRECTION('',(-0.242980179903,0.970031253195,0.));
#7086 = DIRECTION('',(0.970031253195,0.242980179903,0.));
#7087 = ADVANCED_FACE('',(#7088),#7099,.T.);
#7088 = FACE_BOUND('',#7089,.T.);
#7089 = EDGE_LOOP('',(#7090,#7096,#7097,#7098));
#7090 = ORIENTED_EDGE('',*,*,#7091,.T.);
#7091 = EDGE_CURVE('',#366,#3340,#7092,.T.);
#7092 = LINE('',#7093,#7094);
#7093 = CARTESIAN_POINT('',(26.19558124802,-67.18,6.3));
#7094 = VECTOR('',#7095,1.);
#7095 = DIRECTION('',(0.,0.,1.));
#7096 = ORIENTED_EDGE('',*,*,#3339,.T.);
#7097 = ORIENTED_EDGE('',*,*,#7057,.F.);
#7098 = ORIENTED_EDGE('',*,*,#365,.F.);
#7099 = PLANE('',#7100);
#7100 = AXIS2_PLACEMENT_3D('',#7101,#7102,#7103);
#7101 = CARTESIAN_POINT('',(26.19558124802,-67.18,6.3));
#7102 = DIRECTION('',(0.,1.,0.));
#7103 = DIRECTION('',(1.,0.,0.));
#7104 = ADVANCED_FACE('',(#7105),#7116,.T.);
#7105 = FACE_BOUND('',#7106,.T.);
#7106 = EDGE_LOOP('',(#7107,#7108,#7109,#7115));
#7107 = ORIENTED_EDGE('',*,*,#7076,.T.);
#7108 = ORIENTED_EDGE('',*,*,#5171,.T.);
#7109 = ORIENTED_EDGE('',*,*,#7110,.F.);
#7110 = EDGE_CURVE('',#2190,#5164,#7111,.T.);
#7111 = LINE('',#7112,#7113);
#7112 = CARTESIAN_POINT('',(81.259220118838,-5.908655439014,6.3));
#7113 = VECTOR('',#7114,1.);
#7114 = DIRECTION('',(0.,0.,1.));
#7115 = ORIENTED_EDGE('',*,*,#2197,.F.);
#7116 = PLANE('',#7117);
#7117 = AXIS2_PLACEMENT_3D('',#7118,#7119,#7120);
#7118 = CARTESIAN_POINT('',(81.148341612705,-5.948328402879,6.3));
#7119 = DIRECTION('',(-0.336889853392,0.941544065183,0.));
#7120 = DIRECTION('',(0.941544065183,0.336889853392,0.));
#7121 = ADVANCED_FACE('',(#7122),#7133,.T.);
#7122 = FACE_BOUND('',#7123,.T.);
#7123 = EDGE_LOOP('',(#7124,#7130,#7131,#7132));
#7124 = ORIENTED_EDGE('',*,*,#7125,.T.);
#7125 = EDGE_CURVE('',#374,#3348,#7126,.T.);
#7126 = LINE('',#7127,#7128);
#7127 = CARTESIAN_POINT('',(26.064715068847,-67.17357095687,6.3));
#7128 = VECTOR('',#7129,1.);
#7129 = DIRECTION('',(0.,0.,1.));
#7130 = ORIENTED_EDGE('',*,*,#3347,.T.);
#7131 = ORIENTED_EDGE('',*,*,#7091,.F.);
#7132 = ORIENTED_EDGE('',*,*,#373,.F.);
#7133 = PLANE('',#7134);
#7134 = AXIS2_PLACEMENT_3D('',#7135,#7136,#7137);
#7135 = CARTESIAN_POINT('',(26.064715068847,-67.17357095687,6.3));
#7136 = DIRECTION('',(4.906767432743E-02,0.998795456205,0.));
#7137 = DIRECTION('',(0.998795456205,-4.906767432743E-02,0.));
#7138 = ADVANCED_FACE('',(#7139),#7150,.T.);
#7139 = FACE_BOUND('',#7140,.T.);
#7140 = EDGE_LOOP('',(#7141,#7142,#7143,#7149));
#7141 = ORIENTED_EDGE('',*,*,#7110,.T.);
#7142 = ORIENTED_EDGE('',*,*,#5163,.T.);
#7143 = ORIENTED_EDGE('',*,*,#7144,.F.);
#7144 = EDGE_CURVE('',#2182,#5156,#7145,.T.);
#7145 = LINE('',#7146,#7147);
#7146 = CARTESIAN_POINT('',(81.365676084191,-5.858305517218,6.3));
#7147 = VECTOR('',#7148,1.);
#7148 = DIRECTION('',(0.,0.,1.));
#7149 = ORIENTED_EDGE('',*,*,#2189,.F.);
#7150 = PLANE('',#7151);
#7151 = AXIS2_PLACEMENT_3D('',#7152,#7153,#7154);
#7152 = CARTESIAN_POINT('',(81.259220118838,-5.908655439014,6.3));
#7153 = DIRECTION('',(-0.42755509343,0.903989293123,0.));
#7154 = DIRECTION('',(0.903989293123,0.42755509343,0.));
#7155 = ADVANCED_FACE('',(#7156),#7167,.T.);
#7156 = FACE_BOUND('',#7157,.T.);
#7157 = EDGE_LOOP('',(#7158,#7164,#7165,#7166));
#7158 = ORIENTED_EDGE('',*,*,#7159,.T.);
#7159 = EDGE_CURVE('',#382,#3356,#7160,.T.);
#7160 = LINE('',#7161,#7162);
#7161 = CARTESIAN_POINT('',(25.930733005535,-67.1536965952,6.3));
#7162 = VECTOR('',#7163,1.);
#7163 = DIRECTION('',(0.,0.,1.));
#7164 = ORIENTED_EDGE('',*,*,#3355,.T.);
#7165 = ORIENTED_EDGE('',*,*,#7125,.F.);
#7166 = ORIENTED_EDGE('',*,*,#381,.F.);
#7167 = PLANE('',#7168);
#7168 = AXIS2_PLACEMENT_3D('',#7169,#7170,#7171);
#7169 = CARTESIAN_POINT('',(25.930733005535,-67.1536965952,6.3));
#7170 = DIRECTION('',(0.146730474455,0.989176509965,0.));
#7171 = DIRECTION('',(0.989176509965,-0.146730474455,0.));
#7172 = ADVANCED_FACE('',(#7173),#7184,.T.);
#7173 = FACE_BOUND('',#7174,.T.);
#7174 = EDGE_LOOP('',(#7175,#7176,#7177,#7183));
#7175 = ORIENTED_EDGE('',*,*,#7144,.T.);
#7176 = ORIENTED_EDGE('',*,*,#5155,.T.);
#7177 = ORIENTED_EDGE('',*,*,#7178,.F.);
#7178 = EDGE_CURVE('',#2174,#5148,#7179,.T.);
#7179 = LINE('',#7180,#7181);
#7180 = CARTESIAN_POINT('',(81.466684279624,-5.797763534763,6.3));
#7181 = VECTOR('',#7182,1.);
#7182 = DIRECTION('',(0.,0.,1.));
#7183 = ORIENTED_EDGE('',*,*,#2181,.F.);
#7184 = PLANE('',#7185);
#7185 = AXIS2_PLACEMENT_3D('',#7186,#7187,#7188);
#7186 = CARTESIAN_POINT('',(81.365676084191,-5.858305517218,6.3));
#7187 = DIRECTION('',(-0.514102744193,0.85772861,0.));
#7188 = DIRECTION('',(0.85772861,0.514102744193,0.));
#7189 = ADVANCED_FACE('',(#7190),#7201,.T.);
#7190 = FACE_BOUND('',#7191,.T.);
#7191 = EDGE_LOOP('',(#7192,#7198,#7199,#7200));
#7192 = ORIENTED_EDGE('',*,*,#7193,.T.);
#7193 = EDGE_CURVE('',#390,#3364,#7194,.T.);
#7194 = LINE('',#7195,#7196);
#7195 = CARTESIAN_POINT('',(25.799344130576,-67.12078539531,6.3));
#7196 = VECTOR('',#7197,1.);
#7197 = DIRECTION('',(0.,0.,1.));
#7198 = ORIENTED_EDGE('',*,*,#3363,.T.);
#7199 = ORIENTED_EDGE('',*,*,#7159,.F.);
#7200 = ORIENTED_EDGE('',*,*,#389,.F.);
#7201 = PLANE('',#7202);
#7202 = AXIS2_PLACEMENT_3D('',#7203,#7204,#7205);
#7203 = CARTESIAN_POINT('',(25.799344130576,-67.12078539531,6.3));
#7204 = DIRECTION('',(0.242980179903,0.970031253195,0.));
#7205 = DIRECTION('',(0.970031253195,-0.242980179903,0.));
#7206 = ADVANCED_FACE('',(#7207),#7218,.T.);
#7207 = FACE_BOUND('',#7208,.T.);
#7208 = EDGE_LOOP('',(#7209,#7210,#7211,#7217));
#7209 = ORIENTED_EDGE('',*,*,#7178,.T.);
#7210 = ORIENTED_EDGE('',*,*,#5147,.T.);
#7211 = ORIENTED_EDGE('',*,*,#7212,.F.);
#7212 = EDGE_CURVE('',#2166,#5140,#7213,.T.);
#7213 = LINE('',#7214,#7215);
#7214 = CARTESIAN_POINT('',(81.561271940996,-5.727612544035,6.3));
#7215 = VECTOR('',#7216,1.);
#7216 = DIRECTION('',(0.,0.,1.));
#7217 = ORIENTED_EDGE('',*,*,#2173,.F.);
#7218 = PLANE('',#7219);
#7219 = AXIS2_PLACEMENT_3D('',#7220,#7221,#7222);
#7220 = CARTESIAN_POINT('',(81.466684279624,-5.797763534763,6.3));
#7221 = DIRECTION('',(-0.595699304492,0.803207531481,0.));
#7222 = DIRECTION('',(0.803207531481,0.595699304492,0.));
#7223 = ADVANCED_FACE('',(#7224),#7235,.T.);
#7224 = FACE_BOUND('',#7225,.T.);
#7225 = EDGE_LOOP('',(#7226,#7232,#7233,#7234));
#7226 = ORIENTED_EDGE('',*,*,#7227,.T.);
#7227 = EDGE_CURVE('',#398,#3372,#7228,.T.);
#7228 = LINE('',#7229,#7230);
#7229 = CARTESIAN_POINT('',(25.67181379066,-67.07515431004,6.3));
#7230 = VECTOR('',#7231,1.);
#7231 = DIRECTION('',(0.,0.,1.));
#7232 = ORIENTED_EDGE('',*,*,#3371,.T.);
#7233 = ORIENTED_EDGE('',*,*,#7193,.F.);
#7234 = ORIENTED_EDGE('',*,*,#397,.F.);
#7235 = PLANE('',#7236);
#7236 = AXIS2_PLACEMENT_3D('',#7237,#7238,#7239);
#7237 = CARTESIAN_POINT('',(25.67181379066,-67.07515431004,6.3));
#7238 = DIRECTION('',(0.336889853392,0.941544065183,0.));
#7239 = DIRECTION('',(0.941544065183,-0.336889853392,0.));
#7240 = ADVANCED_FACE('',(#7241),#7252,.T.);
#7241 = FACE_BOUND('',#7242,.T.);
#7242 = EDGE_LOOP('',(#7243,#7244,#7245,#7251));
#7243 = ORIENTED_EDGE('',*,*,#7212,.T.);
#7244 = ORIENTED_EDGE('',*,*,#5139,.T.);
#7245 = ORIENTED_EDGE('',*,*,#7246,.F.);
#7246 = EDGE_CURVE('',#2158,#5132,#7247,.T.);
#7247 = LINE('',#7248,#7249);
#7248 = CARTESIAN_POINT('',(81.648528137424,-5.648528137424,6.3));
#7249 = VECTOR('',#7250,1.);
#7250 = DIRECTION('',(0.,0.,1.));
#7251 = ORIENTED_EDGE('',*,*,#2165,.F.);
#7252 = PLANE('',#7253);
#7253 = AXIS2_PLACEMENT_3D('',#7254,#7255,#7256);
#7254 = CARTESIAN_POINT('',(81.561271940996,-5.727612544035,6.3));
#7255 = DIRECTION('',(-0.671558954847,0.740951125355,0.));
#7256 = DIRECTION('',(0.740951125355,0.671558954847,0.));
#7257 = ADVANCED_FACE('',(#7258),#7269,.T.);
#7258 = FACE_BOUND('',#7259,.T.);
#7259 = EDGE_LOOP('',(#7260,#7266,#7267,#7268));
#7260 = ORIENTED_EDGE('',*,*,#7261,.T.);
#7261 = EDGE_CURVE('',#406,#3380,#7262,.T.);
#7262 = LINE('',#7263,#7264);
#7263 = CARTESIAN_POINT('',(25.549370172676,-67.0172427917,6.3));
#7264 = VECTOR('',#7265,1.);
#7265 = DIRECTION('',(0.,0.,1.));
#7266 = ORIENTED_EDGE('',*,*,#3379,.T.);
#7267 = ORIENTED_EDGE('',*,*,#7227,.F.);
#7268 = ORIENTED_EDGE('',*,*,#405,.F.);
#7269 = PLANE('',#7270);
#7270 = AXIS2_PLACEMENT_3D('',#7271,#7272,#7273);
#7271 = CARTESIAN_POINT('',(25.549370172676,-67.0172427917,6.3));
#7272 = DIRECTION('',(0.42755509343,0.903989293123,0.));
#7273 = DIRECTION('',(0.903989293123,-0.42755509343,0.));
#7274 = ADVANCED_FACE('',(#7275),#7286,.T.);
#7275 = FACE_BOUND('',#7276,.T.);
#7276 = EDGE_LOOP('',(#7277,#7278,#7279,#7285));
#7277 = ORIENTED_EDGE('',*,*,#7246,.T.);
#7278 = ORIENTED_EDGE('',*,*,#5131,.T.);
#7279 = ORIENTED_EDGE('',*,*,#7280,.F.);
#7280 = EDGE_CURVE('',#2150,#5124,#7281,.T.);
#7281 = LINE('',#7282,#7283);
#7282 = CARTESIAN_POINT('',(81.727612544035,-5.561271940996,6.3));
#7283 = VECTOR('',#7284,1.);
#7284 = DIRECTION('',(0.,0.,1.));
#7285 = ORIENTED_EDGE('',*,*,#2157,.F.);
#7286 = PLANE('',#7287);
#7287 = AXIS2_PLACEMENT_3D('',#7288,#7289,#7290);
#7288 = CARTESIAN_POINT('',(81.648528137424,-5.648528137424,6.3));
#7289 = DIRECTION('',(-0.740951125355,0.671558954847,0.));
#7290 = DIRECTION('',(0.671558954847,0.740951125355,0.));
#7291 = ADVANCED_FACE('',(#7292),#7303,.T.);
#7292 = FACE_BOUND('',#7293,.T.);
#7293 = EDGE_LOOP('',(#7294,#7300,#7301,#7302));
#7294 = ORIENTED_EDGE('',*,*,#7295,.T.);
#7295 = EDGE_CURVE('',#414,#3388,#7296,.T.);
#7296 = LINE('',#7297,#7298);
#7297 = CARTESIAN_POINT('',(25.4331924756,-66.94760855987,6.3));
#7298 = VECTOR('',#7299,1.);
#7299 = DIRECTION('',(0.,0.,1.));
#7300 = ORIENTED_EDGE('',*,*,#3387,.T.);
#7301 = ORIENTED_EDGE('',*,*,#7261,.F.);
#7302 = ORIENTED_EDGE('',*,*,#413,.F.);
#7303 = PLANE('',#7304);
#7304 = AXIS2_PLACEMENT_3D('',#7305,#7306,#7307);
#7305 = CARTESIAN_POINT('',(25.4331924756,-66.94760855987,6.3));
#7306 = DIRECTION('',(0.514102744193,0.85772861,0.));
#7307 = DIRECTION('',(0.85772861,-0.514102744193,0.));
#7308 = ADVANCED_FACE('',(#7309),#7320,.T.);
#7309 = FACE_BOUND('',#7310,.T.);
#7310 = EDGE_LOOP('',(#7311,#7312,#7313,#7319));
#7311 = ORIENTED_EDGE('',*,*,#7280,.T.);
#7312 = ORIENTED_EDGE('',*,*,#5123,.T.);
#7313 = ORIENTED_EDGE('',*,*,#7314,.F.);
#7314 = EDGE_CURVE('',#2142,#5116,#7315,.T.);
#7315 = LINE('',#7316,#7317);
#7316 = CARTESIAN_POINT('',(81.797763534763,-5.466684279624,6.3));
#7317 = VECTOR('',#7318,1.);
#7318 = DIRECTION('',(0.,0.,1.));
#7319 = ORIENTED_EDGE('',*,*,#2149,.F.);
#7320 = PLANE('',#7321);
#7321 = AXIS2_PLACEMENT_3D('',#7322,#7323,#7324);
#7322 = CARTESIAN_POINT('',(81.727612544035,-5.561271940996,6.3));
#7323 = DIRECTION('',(-0.803207531481,0.595699304492,0.));
#7324 = DIRECTION('',(0.595699304492,0.803207531481,0.));
#7325 = ADVANCED_FACE('',(#7326),#7337,.T.);
#7326 = FACE_BOUND('',#7327,.T.);
#7327 = EDGE_LOOP('',(#7328,#7334,#7335,#7336));
#7328 = ORIENTED_EDGE('',*,*,#7329,.T.);
#7329 = EDGE_CURVE('',#422,#3396,#7330,.T.);
#7330 = LINE('',#7331,#7332);
#7331 = CARTESIAN_POINT('',(25.324399554163,-66.86692223025,6.3));
#7332 = VECTOR('',#7333,1.);
#7333 = DIRECTION('',(0.,0.,1.));
#7334 = ORIENTED_EDGE('',*,*,#3395,.T.);
#7335 = ORIENTED_EDGE('',*,*,#7295,.F.);
#7336 = ORIENTED_EDGE('',*,*,#421,.F.);
#7337 = PLANE('',#7338);
#7338 = AXIS2_PLACEMENT_3D('',#7339,#7340,#7341);
#7339 = CARTESIAN_POINT('',(25.324399554163,-66.86692223025,6.3));
#7340 = DIRECTION('',(0.595699304492,0.803207531481,0.));
#7341 = DIRECTION('',(0.803207531481,-0.595699304492,0.));
#7342 = ADVANCED_FACE('',(#7343),#7354,.T.);
#7343 = FACE_BOUND('',#7344,.T.);
#7344 = EDGE_LOOP('',(#7345,#7346,#7347,#7353));
#7345 = ORIENTED_EDGE('',*,*,#7314,.T.);
#7346 = ORIENTED_EDGE('',*,*,#5115,.T.);
#7347 = ORIENTED_EDGE('',*,*,#7348,.F.);
#7348 = EDGE_CURVE('',#2134,#5108,#7349,.T.);
#7349 = LINE('',#7350,#7351);
#7350 = CARTESIAN_POINT('',(81.858305517218,-5.365676084191,6.3));
#7351 = VECTOR('',#7352,1.);
#7352 = DIRECTION('',(0.,0.,1.));
#7353 = ORIENTED_EDGE('',*,*,#2141,.F.);
#7354 = PLANE('',#7355);
#7355 = AXIS2_PLACEMENT_3D('',#7356,#7357,#7358);
#7356 = CARTESIAN_POINT('',(81.797763534763,-5.466684279624,6.3));
#7357 = DIRECTION('',(-0.85772861,0.514102744193,0.));
#7358 = DIRECTION('',(0.514102744193,0.85772861,0.));
#7359 = ADVANCED_FACE('',(#7360),#7371,.T.);
#7360 = FACE_BOUND('',#7361,.T.);
#7361 = EDGE_LOOP('',(#7362,#7368,#7369,#7370));
#7362 = ORIENTED_EDGE('',*,*,#7363,.T.);
#7363 = EDGE_CURVE('',#430,#3404,#7364,.T.);
#7364 = LINE('',#7365,#7366);
#7365 = CARTESIAN_POINT('',(25.224039143672,-66.77596085632,6.3));
#7366 = VECTOR('',#7367,1.);
#7367 = DIRECTION('',(0.,0.,1.));
#7368 = ORIENTED_EDGE('',*,*,#3403,.T.);
#7369 = ORIENTED_EDGE('',*,*,#7329,.F.);
#7370 = ORIENTED_EDGE('',*,*,#429,.F.);
#7371 = PLANE('',#7372);
#7372 = AXIS2_PLACEMENT_3D('',#7373,#7374,#7375);
#7373 = CARTESIAN_POINT('',(25.224039143672,-66.77596085632,6.3));
#7374 = DIRECTION('',(0.671558954847,0.740951125355,0.));
#7375 = DIRECTION('',(0.740951125355,-0.671558954847,0.));
#7376 = ADVANCED_FACE('',(#7377),#7388,.T.);
#7377 = FACE_BOUND('',#7378,.T.);
#7378 = EDGE_LOOP('',(#7379,#7380,#7381,#7387));
#7379 = ORIENTED_EDGE('',*,*,#7348,.T.);
#7380 = ORIENTED_EDGE('',*,*,#5107,.T.);
#7381 = ORIENTED_EDGE('',*,*,#7382,.F.);
#7382 = EDGE_CURVE('',#2126,#5100,#7383,.T.);
#7383 = LINE('',#7384,#7385);
#7384 = CARTESIAN_POINT('',(81.908655439014,-5.259220118838,6.3));
#7385 = VECTOR('',#7386,1.);
#7386 = DIRECTION('',(0.,0.,1.));
#7387 = ORIENTED_EDGE('',*,*,#2133,.F.);
#7388 = PLANE('',#7389);
#7389 = AXIS2_PLACEMENT_3D('',#7390,#7391,#7392);
#7390 = CARTESIAN_POINT('',(81.858305517218,-5.365676084191,6.3));
#7391 = DIRECTION('',(-0.903989293123,0.42755509343,0.));
#7392 = DIRECTION('',(0.42755509343,0.903989293123,0.));
#7393 = ADVANCED_FACE('',(#7394),#7405,.T.);
#7394 = FACE_BOUND('',#7395,.T.);
#7395 = EDGE_LOOP('',(#7396,#7402,#7403,#7404));
#7396 = ORIENTED_EDGE('',*,*,#7397,.T.);
#7397 = EDGE_CURVE('',#438,#3412,#7398,.T.);
#7398 = LINE('',#7399,#7400);
#7399 = CARTESIAN_POINT('',(25.133077769741,-66.67560044583,6.3));
#7400 = VECTOR('',#7401,1.);
#7401 = DIRECTION('',(0.,0.,1.));
#7402 = ORIENTED_EDGE('',*,*,#3411,.T.);
#7403 = ORIENTED_EDGE('',*,*,#7363,.F.);
#7404 = ORIENTED_EDGE('',*,*,#437,.F.);
#7405 = PLANE('',#7406);
#7406 = AXIS2_PLACEMENT_3D('',#7407,#7408,#7409);
#7407 = CARTESIAN_POINT('',(25.133077769741,-66.67560044583,6.3));
#7408 = DIRECTION('',(0.740951125355,0.671558954847,0.));
#7409 = DIRECTION('',(0.671558954847,-0.740951125355,0.));
#7410 = ADVANCED_FACE('',(#7411),#7422,.T.);
#7411 = FACE_BOUND('',#7412,.T.);
#7412 = EDGE_LOOP('',(#7413,#7414,#7415,#7421));
#7413 = ORIENTED_EDGE('',*,*,#7382,.T.);
#7414 = ORIENTED_EDGE('',*,*,#5099,.T.);
#7415 = ORIENTED_EDGE('',*,*,#7416,.F.);
#7416 = EDGE_CURVE('',#2118,#5092,#7417,.T.);
#7417 = LINE('',#7418,#7419);
#7418 = CARTESIAN_POINT('',(81.948328402879,-5.148341612705,6.3));
#7419 = VECTOR('',#7420,1.);
#7420 = DIRECTION('',(0.,0.,1.));
#7421 = ORIENTED_EDGE('',*,*,#2125,.F.);
#7422 = PLANE('',#7423);
#7423 = AXIS2_PLACEMENT_3D('',#7424,#7425,#7426);
#7424 = CARTESIAN_POINT('',(81.908655439014,-5.259220118838,6.3));
#7425 = DIRECTION('',(-0.941544065183,0.336889853392,0.));
#7426 = DIRECTION('',(0.336889853392,0.941544065183,0.));
#7427 = ADVANCED_FACE('',(#7428),#7439,.T.);
#7428 = FACE_BOUND('',#7429,.T.);
#7429 = EDGE_LOOP('',(#7430,#7436,#7437,#7438));
#7430 = ORIENTED_EDGE('',*,*,#7431,.T.);
#7431 = EDGE_CURVE('',#446,#3420,#7432,.T.);
#7432 = LINE('',#7433,#7434);
#7433 = CARTESIAN_POINT('',(25.052391440127,-66.5668075244,6.3));
#7434 = VECTOR('',#7435,1.);
#7435 = DIRECTION('',(0.,0.,1.));
#7436 = ORIENTED_EDGE('',*,*,#3419,.T.);
#7437 = ORIENTED_EDGE('',*,*,#7397,.F.);
#7438 = ORIENTED_EDGE('',*,*,#445,.F.);
#7439 = PLANE('',#7440);
#7440 = AXIS2_PLACEMENT_3D('',#7441,#7442,#7443);
#7441 = CARTESIAN_POINT('',(25.052391440127,-66.5668075244,6.3));
#7442 = DIRECTION('',(0.803207531481,0.595699304492,0.));
#7443 = DIRECTION('',(0.595699304492,-0.803207531481,0.));
#7444 = ADVANCED_FACE('',(#7445),#7456,.T.);
#7445 = FACE_BOUND('',#7446,.T.);
#7446 = EDGE_LOOP('',(#7447,#7448,#7449,#7455));
#7447 = ORIENTED_EDGE('',*,*,#7416,.T.);
#7448 = ORIENTED_EDGE('',*,*,#5091,.T.);
#7449 = ORIENTED_EDGE('',*,*,#7450,.F.);
#7450 = EDGE_CURVE('',#2110,#5084,#7451,.T.);
#7451 = LINE('',#7452,#7453);
#7452 = CARTESIAN_POINT('',(81.976942336484,-5.034108386419,6.3));
#7453 = VECTOR('',#7454,1.);
#7454 = DIRECTION('',(0.,0.,1.));
#7455 = ORIENTED_EDGE('',*,*,#2117,.F.);
#7456 = PLANE('',#7457);
#7457 = AXIS2_PLACEMENT_3D('',#7458,#7459,#7460);
#7458 = CARTESIAN_POINT('',(81.948328402879,-5.148341612705,6.3));
#7459 = DIRECTION('',(-0.970031253195,0.242980179903,0.));
#7460 = DIRECTION('',(0.242980179903,0.970031253195,0.));
#7461 = ADVANCED_FACE('',(#7462),#7473,.T.);
#7462 = FACE_BOUND('',#7463,.T.);
#7463 = EDGE_LOOP('',(#7464,#7470,#7471,#7472));
#7464 = ORIENTED_EDGE('',*,*,#7465,.T.);
#7465 = EDGE_CURVE('',#454,#3428,#7466,.T.);
#7466 = LINE('',#7467,#7468);
#7467 = CARTESIAN_POINT('',(25.,-66.47939768731,6.3));
#7468 = VECTOR('',#7469,1.);
#7469 = DIRECTION('',(0.,0.,1.));
#7470 = ORIENTED_EDGE('',*,*,#3427,.T.);
#7471 = ORIENTED_EDGE('',*,*,#7431,.F.);
#7472 = ORIENTED_EDGE('',*,*,#453,.F.);
#7473 = PLANE('',#7474);
#7474 = AXIS2_PLACEMENT_3D('',#7475,#7476,#7477);
#7475 = CARTESIAN_POINT('',(25.,-66.47939768731,6.3));
#7476 = DIRECTION('',(0.85772861,0.514102744193,0.));
#7477 = DIRECTION('',(0.514102744193,-0.85772861,0.));
#7478 = ADVANCED_FACE('',(#7479),#7490,.T.);
#7479 = FACE_BOUND('',#7480,.T.);
#7480 = EDGE_LOOP('',(#7481,#7482,#7483,#7489));
#7481 = ORIENTED_EDGE('',*,*,#7450,.T.);
#7482 = ORIENTED_EDGE('',*,*,#5083,.T.);
#7483 = ORIENTED_EDGE('',*,*,#7484,.F.);
#7484 = EDGE_CURVE('',#2102,#5076,#7485,.T.);
#7485 = LINE('',#7486,#7487);
#7486 = CARTESIAN_POINT('',(81.994221672007,-4.917620568395,6.3));
#7487 = VECTOR('',#7488,1.);
#7488 = DIRECTION('',(0.,0.,1.));
#7489 = ORIENTED_EDGE('',*,*,#2109,.F.);
#7490 = PLANE('',#7491);
#7491 = AXIS2_PLACEMENT_3D('',#7492,#7493,#7494);
#7492 = CARTESIAN_POINT('',(81.976942336484,-5.034108386419,6.3));
#7493 = DIRECTION('',(-0.989176509965,0.146730474455,0.));
#7494 = DIRECTION('',(0.146730474455,0.989176509965,0.));
#7495 = ADVANCED_FACE('',(#7496),#7507,.T.);
#7496 = FACE_BOUND('',#7497,.T.);
#7497 = EDGE_LOOP('',(#7498,#7504,#7505,#7506));
#7498 = ORIENTED_EDGE('',*,*,#7499,.T.);
#7499 = EDGE_CURVE('',#462,#3436,#7500,.T.);
#7500 = LINE('',#7501,#7502);
#7501 = CARTESIAN_POINT('',(25.,-86.50294372515,6.3));
#7502 = VECTOR('',#7503,1.);
#7503 = DIRECTION('',(0.,0.,1.));
#7504 = ORIENTED_EDGE('',*,*,#3435,.T.);
#7505 = ORIENTED_EDGE('',*,*,#7465,.F.);
#7506 = ORIENTED_EDGE('',*,*,#461,.F.);
#7507 = PLANE('',#7508);
#7508 = AXIS2_PLACEMENT_3D('',#7509,#7510,#7511);
#7509 = CARTESIAN_POINT('',(25.,-86.50294372515,6.3));
#7510 = DIRECTION('',(-1.,0.,0.));
#7511 = DIRECTION('',(0.,1.,0.));
#7512 = ADVANCED_FACE('',(#7513),#7524,.T.);
#7513 = FACE_BOUND('',#7514,.T.);
#7514 = EDGE_LOOP('',(#7515,#7516,#7517,#7523));
#7515 = ORIENTED_EDGE('',*,*,#7484,.T.);
#7516 = ORIENTED_EDGE('',*,*,#5075,.T.);
#7517 = ORIENTED_EDGE('',*,*,#7518,.F.);
#7518 = EDGE_CURVE('',#2094,#5068,#7519,.T.);
#7519 = LINE('',#7520,#7521);
#7520 = CARTESIAN_POINT('',(82.,-4.8,6.3));
#7521 = VECTOR('',#7522,1.);
#7522 = DIRECTION('',(0.,0.,1.));
#7523 = ORIENTED_EDGE('',*,*,#2101,.F.);
#7524 = PLANE('',#7525);
#7525 = AXIS2_PLACEMENT_3D('',#7526,#7527,#7528);
#7526 = CARTESIAN_POINT('',(81.994221672007,-4.917620568395,6.3));
#7527 = DIRECTION('',(-0.998795456205,4.906767432746E-02,0.));
#7528 = DIRECTION('',(4.906767432746E-02,0.998795456205,0.));
#7529 = ADVANCED_FACE('',(#7530),#7541,.T.);
#7530 = FACE_BOUND('',#7531,.T.);
#7531 = EDGE_LOOP('',(#7532,#7538,#7539,#7540));
#7532 = ORIENTED_EDGE('',*,*,#7533,.T.);
#7533 = EDGE_CURVE('',#470,#3444,#7534,.T.);
#7534 = LINE('',#7535,#7536);
#7535 = CARTESIAN_POINT('',(25.001445452554,-86.56182493434,6.3));
#7536 = VECTOR('',#7537,1.);
#7537 = DIRECTION('',(0.,0.,1.));
#7538 = ORIENTED_EDGE('',*,*,#3443,.T.);
#7539 = ORIENTED_EDGE('',*,*,#7499,.F.);
#7540 = ORIENTED_EDGE('',*,*,#469,.F.);
#7541 = PLANE('',#7542);
#7542 = AXIS2_PLACEMENT_3D('',#7543,#7544,#7545);
#7543 = CARTESIAN_POINT('',(25.001445452554,-86.56182493434,6.3));
#7544 = DIRECTION('',(-0.999698818696,-2.454122852271E-02,0.));
#7545 = DIRECTION('',(-2.454122852271E-02,0.999698818696,0.));
#7546 = ADVANCED_FACE('',(#7547),#7558,.T.);
#7547 = FACE_BOUND('',#7548,.T.);
#7548 = EDGE_LOOP('',(#7549,#7550,#7551,#7557));
#7549 = ORIENTED_EDGE('',*,*,#7518,.T.);
#7550 = ORIENTED_EDGE('',*,*,#5067,.T.);
#7551 = ORIENTED_EDGE('',*,*,#7552,.F.);
#7552 = EDGE_CURVE('',#2086,#5060,#7553,.T.);
#7553 = LINE('',#7554,#7555);
#7554 = CARTESIAN_POINT('',(82.,-2.2,6.3));
#7555 = VECTOR('',#7556,1.);
#7556 = DIRECTION('',(0.,0.,1.));
#7557 = ORIENTED_EDGE('',*,*,#2093,.F.);
#7558 = PLANE('',#7559);
#7559 = AXIS2_PLACEMENT_3D('',#7560,#7561,#7562);
#7560 = CARTESIAN_POINT('',(82.,-4.8,6.3));
#7561 = DIRECTION('',(-1.,0.,0.));
#7562 = DIRECTION('',(0.,1.,0.));
#7563 = ADVANCED_FACE('',(#7564),#7575,.T.);
#7564 = FACE_BOUND('',#7565,.T.);
#7565 = EDGE_LOOP('',(#7566,#7572,#7573,#7574));
#7566 = ORIENTED_EDGE('',*,*,#7567,.T.);
#7567 = EDGE_CURVE('',#478,#3452,#7568,.T.);
#7568 = LINE('',#7569,#7570);
#7569 = CARTESIAN_POINT('',(25.005778327993,-86.62056429354,6.3));
#7570 = VECTOR('',#7571,1.);
#7571 = DIRECTION('',(0.,0.,1.));
#7572 = ORIENTED_EDGE('',*,*,#3451,.T.);
#7573 = ORIENTED_EDGE('',*,*,#7533,.F.);
#7574 = ORIENTED_EDGE('',*,*,#477,.F.);
#7575 = PLANE('',#7576);
#7576 = AXIS2_PLACEMENT_3D('',#7577,#7578,#7579);
#7577 = CARTESIAN_POINT('',(25.005778327993,-86.62056429354,6.3));
#7578 = DIRECTION('',(-0.997290456679,-7.356456359948E-02,0.));
#7579 = DIRECTION('',(-7.356456359948E-02,0.997290456679,0.));
#7580 = ADVANCED_FACE('',(#7581),#7592,.T.);
#7581 = FACE_BOUND('',#7582,.T.);
#7582 = EDGE_LOOP('',(#7583,#7584,#7585,#7591));
#7583 = ORIENTED_EDGE('',*,*,#7552,.T.);
#7584 = ORIENTED_EDGE('',*,*,#5059,.T.);
#7585 = ORIENTED_EDGE('',*,*,#7586,.F.);
#7586 = EDGE_CURVE('',#2078,#5052,#7587,.T.);
#7587 = LINE('',#7588,#7589);
#7588 = CARTESIAN_POINT('',(82.005778327993,-2.082379431605,6.3));
#7589 = VECTOR('',#7590,1.);
#7590 = DIRECTION('',(0.,0.,1.));
#7591 = ORIENTED_EDGE('',*,*,#2085,.F.);
#7592 = PLANE('',#7593);
#7593 = AXIS2_PLACEMENT_3D('',#7594,#7595,#7596);
#7594 = CARTESIAN_POINT('',(82.,-2.2,6.3));
#7595 = DIRECTION('',(-0.998795456205,4.906767432746E-02,0.));
#7596 = DIRECTION('',(4.906767432746E-02,0.998795456205,0.));
#7597 = ADVANCED_FACE('',(#7598),#7609,.T.);
#7598 = FACE_BOUND('',#7599,.T.);
#7599 = EDGE_LOOP('',(#7600,#7606,#7607,#7608));
#7600 = ORIENTED_EDGE('',*,*,#7601,.T.);
#7601 = EDGE_CURVE('',#486,#3460,#7602,.T.);
#7602 = LINE('',#7603,#7604);
#7603 = CARTESIAN_POINT('',(25.012988188042,-86.67902029449,6.3));
#7604 = VECTOR('',#7605,1.);
#7605 = DIRECTION('',(0.,0.,1.));
#7606 = ORIENTED_EDGE('',*,*,#3459,.T.);
#7607 = ORIENTED_EDGE('',*,*,#7567,.F.);
#7608 = ORIENTED_EDGE('',*,*,#485,.F.);
#7609 = PLANE('',#7610);
#7610 = AXIS2_PLACEMENT_3D('',#7611,#7612,#7613);
#7611 = CARTESIAN_POINT('',(25.012988188042,-86.67902029449,6.3));
#7612 = DIRECTION('',(-0.992479534599,-0.122410675199,0.));
#7613 = DIRECTION('',(-0.122410675199,0.992479534599,0.));
#7614 = ADVANCED_FACE('',(#7615),#7626,.T.);
#7615 = FACE_BOUND('',#7616,.T.);
#7616 = EDGE_LOOP('',(#7617,#7618,#7619,#7625));
#7617 = ORIENTED_EDGE('',*,*,#7586,.T.);
#7618 = ORIENTED_EDGE('',*,*,#5051,.T.);
#7619 = ORIENTED_EDGE('',*,*,#7620,.F.);
#7620 = EDGE_CURVE('',#2070,#5044,#7621,.T.);
#7621 = LINE('',#7622,#7623);
#7622 = CARTESIAN_POINT('',(82.023057663516,-1.965891613581,6.3));
#7623 = VECTOR('',#7624,1.);
#7624 = DIRECTION('',(0.,0.,1.));
#7625 = ORIENTED_EDGE('',*,*,#2077,.F.);
#7626 = PLANE('',#7627);
#7627 = AXIS2_PLACEMENT_3D('',#7628,#7629,#7630);
#7628 = CARTESIAN_POINT('',(82.005778327993,-2.082379431605,6.3));
#7629 = DIRECTION('',(-0.989176509965,0.146730474455,0.));
#7630 = DIRECTION('',(0.146730474455,0.989176509965,0.));
#7631 = ADVANCED_FACE('',(#7632),#7643,.T.);
#7632 = FACE_BOUND('',#7633,.T.);
#7633 = EDGE_LOOP('',(#7634,#7640,#7641,#7642));
#7634 = ORIENTED_EDGE('',*,*,#7635,.T.);
#7635 = EDGE_CURVE('',#494,#3468,#7636,.T.);
#7636 = LINE('',#7637,#7638);
#7637 = CARTESIAN_POINT('',(25.023057663516,-86.73705211157,6.3));
#7638 = VECTOR('',#7639,1.);
#7639 = DIRECTION('',(0.,0.,1.));
#7640 = ORIENTED_EDGE('',*,*,#3467,.T.);
#7641 = ORIENTED_EDGE('',*,*,#7601,.F.);
#7642 = ORIENTED_EDGE('',*,*,#493,.F.);
#7643 = PLANE('',#7644);
#7644 = AXIS2_PLACEMENT_3D('',#7645,#7646,#7647);
#7645 = CARTESIAN_POINT('',(25.023057663516,-86.73705211157,6.3));
#7646 = DIRECTION('',(-0.985277642389,-0.17096188876,0.));
#7647 = DIRECTION('',(-0.17096188876,0.985277642389,0.));
#7648 = ADVANCED_FACE('',(#7649),#7660,.T.);
#7649 = FACE_BOUND('',#7650,.T.);
#7650 = EDGE_LOOP('',(#7651,#7652,#7653,#7659));
#7651 = ORIENTED_EDGE('',*,*,#7620,.T.);
#7652 = ORIENTED_EDGE('',*,*,#5043,.T.);
#7653 = ORIENTED_EDGE('',*,*,#7654,.F.);
#7654 = EDGE_CURVE('',#2062,#5036,#7655,.T.);
#7655 = LINE('',#7656,#7657);
#7656 = CARTESIAN_POINT('',(82.051671597121,-1.851658387295,6.3));
#7657 = VECTOR('',#7658,1.);
#7658 = DIRECTION('',(0.,0.,1.));
#7659 = ORIENTED_EDGE('',*,*,#2069,.F.);
#7660 = PLANE('',#7661);
#7661 = AXIS2_PLACEMENT_3D('',#7662,#7663,#7664);
#7662 = CARTESIAN_POINT('',(82.023057663516,-1.965891613581,6.3));
#7663 = DIRECTION('',(-0.970031253195,0.242980179903,0.));
#7664 = DIRECTION('',(0.242980179903,0.970031253195,0.));
#7665 = ADVANCED_FACE('',(#7666),#7677,.T.);
#7666 = FACE_BOUND('',#7667,.T.);
#7667 = EDGE_LOOP('',(#7668,#7674,#7675,#7676));
#7668 = ORIENTED_EDGE('',*,*,#7669,.T.);
#7669 = EDGE_CURVE('',#502,#3476,#7670,.T.);
#7670 = LINE('',#7671,#7672);
#7671 = CARTESIAN_POINT('',(25.035962496167,-86.79451994103,6.3));
#7672 = VECTOR('',#7673,1.);
#7673 = DIRECTION('',(0.,0.,1.));
#7674 = ORIENTED_EDGE('',*,*,#3475,.T.);
#7675 = ORIENTED_EDGE('',*,*,#7635,.F.);
#7676 = ORIENTED_EDGE('',*,*,#501,.F.);
#7677 = PLANE('',#7678);
#7678 = AXIS2_PLACEMENT_3D('',#7679,#7680,#7681);
#7679 = CARTESIAN_POINT('',(25.035962496167,-86.79451994103,6.3));
#7680 = DIRECTION('',(-0.975702130038,-0.219101240157,0.));
#7681 = DIRECTION('',(-0.219101240157,0.975702130038,0.));
#7682 = ADVANCED_FACE('',(#7683),#7694,.T.);
#7683 = FACE_BOUND('',#7684,.T.);
#7684 = EDGE_LOOP('',(#7685,#7686,#7687,#7693));
#7685 = ORIENTED_EDGE('',*,*,#7654,.T.);
#7686 = ORIENTED_EDGE('',*,*,#5035,.T.);
#7687 = ORIENTED_EDGE('',*,*,#7688,.F.);
#7688 = EDGE_CURVE('',#2054,#5028,#7689,.T.);
#7689 = LINE('',#7690,#7691);
#7690 = CARTESIAN_POINT('',(82.091344560986,-1.740779881162,6.3));
#7691 = VECTOR('',#7692,1.);
#7692 = DIRECTION('',(0.,0.,1.));
#7693 = ORIENTED_EDGE('',*,*,#2061,.F.);
#7694 = PLANE('',#7695);
#7695 = AXIS2_PLACEMENT_3D('',#7696,#7697,#7698);
#7696 = CARTESIAN_POINT('',(82.051671597121,-1.851658387295,6.3));
#7697 = DIRECTION('',(-0.941544065183,0.336889853392,0.));
#7698 = DIRECTION('',(0.336889853392,0.941544065183,0.));
#7699 = ADVANCED_FACE('',(#7700),#7711,.T.);
#7700 = FACE_BOUND('',#7701,.T.);
#7701 = EDGE_LOOP('',(#7702,#7708,#7709,#7710));
#7702 = ORIENTED_EDGE('',*,*,#7703,.T.);
#7703 = EDGE_CURVE('',#510,#3484,#7704,.T.);
#7704 = LINE('',#7705,#7706);
#7705 = CARTESIAN_POINT('',(25.051671597121,-86.85128533785,6.3));
#7706 = VECTOR('',#7707,1.);
#7707 = DIRECTION('',(0.,0.,1.));
#7708 = ORIENTED_EDGE('',*,*,#3483,.T.);
#7709 = ORIENTED_EDGE('',*,*,#7669,.F.);
#7710 = ORIENTED_EDGE('',*,*,#509,.F.);
#7711 = PLANE('',#7712);
#7712 = AXIS2_PLACEMENT_3D('',#7713,#7714,#7715);
#7713 = CARTESIAN_POINT('',(25.051671597121,-86.85128533785,6.3));
#7714 = DIRECTION('',(-0.963776065796,-0.266712757475,0.));
#7715 = DIRECTION('',(-0.266712757475,0.963776065796,0.));
#7716 = ADVANCED_FACE('',(#7717),#7728,.T.);
#7717 = FACE_BOUND('',#7718,.T.);
#7718 = EDGE_LOOP('',(#7719,#7720,#7721,#7727));
#7719 = ORIENTED_EDGE('',*,*,#7688,.T.);
#7720 = ORIENTED_EDGE('',*,*,#5027,.T.);
#7721 = ORIENTED_EDGE('',*,*,#7722,.F.);
#7722 = EDGE_CURVE('',#2046,#5020,#7723,.T.);
#7723 = LINE('',#7724,#7725);
#7724 = CARTESIAN_POINT('',(82.141694482782,-1.634323915809,6.3));
#7725 = VECTOR('',#7726,1.);
#7726 = DIRECTION('',(0.,0.,1.));
#7727 = ORIENTED_EDGE('',*,*,#2053,.F.);
#7728 = PLANE('',#7729);
#7729 = AXIS2_PLACEMENT_3D('',#7730,#7731,#7732);
#7730 = CARTESIAN_POINT('',(82.091344560986,-1.740779881162,6.3));
#7731 = DIRECTION('',(-0.903989293123,0.42755509343,0.));
#7732 = DIRECTION('',(0.42755509343,0.903989293123,0.));
#7733 = ADVANCED_FACE('',(#7734),#7745,.T.);
#7734 = FACE_BOUND('',#7735,.T.);
#7735 = EDGE_LOOP('',(#7736,#7742,#7743,#7744));
#7736 = ORIENTED_EDGE('',*,*,#7737,.T.);
#7737 = EDGE_CURVE('',#518,#3492,#7738,.T.);
#7738 = LINE('',#7739,#7740);
#7739 = CARTESIAN_POINT('',(25.07014712178,-86.90721154922,6.3));
#7740 = VECTOR('',#7741,1.);
#7741 = DIRECTION('',(0.,0.,1.));
#7742 = ORIENTED_EDGE('',*,*,#3491,.T.);
#7743 = ORIENTED_EDGE('',*,*,#7703,.F.);
#7744 = ORIENTED_EDGE('',*,*,#517,.F.);
#7745 = PLANE('',#7746);
#7746 = AXIS2_PLACEMENT_3D('',#7747,#7748,#7749);
#7747 = CARTESIAN_POINT('',(25.07014712178,-86.90721154922,6.3));
#7748 = DIRECTION('',(-0.949528180593,-0.313681740399,0.));
#7749 = DIRECTION('',(-0.313681740399,0.949528180593,0.));
#7750 = ADVANCED_FACE('',(#7751),#7762,.T.);
#7751 = FACE_BOUND('',#7752,.T.);
#7752 = EDGE_LOOP('',(#7753,#7754,#7755,#7761));
#7753 = ORIENTED_EDGE('',*,*,#7722,.T.);
#7754 = ORIENTED_EDGE('',*,*,#5019,.T.);
#7755 = ORIENTED_EDGE('',*,*,#7756,.F.);
#7756 = EDGE_CURVE('',#2038,#5012,#7757,.T.);
#7757 = LINE('',#7758,#7759);
#7758 = CARTESIAN_POINT('',(82.202236465237,-1.533315720376,6.3));
#7759 = VECTOR('',#7760,1.);
#7760 = DIRECTION('',(0.,0.,1.));
#7761 = ORIENTED_EDGE('',*,*,#2045,.F.);
#7762 = PLANE('',#7763);
#7763 = AXIS2_PLACEMENT_3D('',#7764,#7765,#7766);
#7764 = CARTESIAN_POINT('',(82.141694482782,-1.634323915809,6.3));
#7765 = DIRECTION('',(-0.85772861,0.514102744193,0.));
#7766 = DIRECTION('',(0.514102744193,0.85772861,0.));
#7767 = ADVANCED_FACE('',(#7768),#7779,.T.);
#7768 = FACE_BOUND('',#7769,.T.);
#7769 = EDGE_LOOP('',(#7770,#7776,#7777,#7778));
#7770 = ORIENTED_EDGE('',*,*,#7771,.T.);
#7771 = EDGE_CURVE('',#526,#3500,#7772,.T.);
#7772 = LINE('',#7773,#7774);
#7773 = CARTESIAN_POINT('',(25.091344560986,-86.96216384399,6.3));
#7774 = VECTOR('',#7775,1.);
#7775 = DIRECTION('',(0.,0.,1.));
#7776 = ORIENTED_EDGE('',*,*,#3499,.T.);
#7777 = ORIENTED_EDGE('',*,*,#7737,.F.);
#7778 = ORIENTED_EDGE('',*,*,#525,.F.);
#7779 = PLANE('',#7780);
#7780 = AXIS2_PLACEMENT_3D('',#7781,#7782,#7783);
#7781 = CARTESIAN_POINT('',(25.091344560986,-86.96216384399,6.3));
#7782 = DIRECTION('',(-0.932992798835,-0.359895036535,0.));
#7783 = DIRECTION('',(-0.359895036535,0.932992798835,0.));
#7784 = ADVANCED_FACE('',(#7785),#7796,.T.);
#7785 = FACE_BOUND('',#7786,.T.);
#7786 = EDGE_LOOP('',(#7787,#7788,#7789,#7795));
#7787 = ORIENTED_EDGE('',*,*,#7756,.T.);
#7788 = ORIENTED_EDGE('',*,*,#5011,.T.);
#7789 = ORIENTED_EDGE('',*,*,#7790,.F.);
#7790 = EDGE_CURVE('',#2030,#5004,#7791,.T.);
#7791 = LINE('',#7792,#7793);
#7792 = CARTESIAN_POINT('',(82.272387455965,-1.438728059004,6.3));
#7793 = VECTOR('',#7794,1.);
#7794 = DIRECTION('',(0.,0.,1.));
#7795 = ORIENTED_EDGE('',*,*,#2037,.F.);
#7796 = PLANE('',#7797);
#7797 = AXIS2_PLACEMENT_3D('',#7798,#7799,#7800);
#7798 = CARTESIAN_POINT('',(82.202236465237,-1.533315720376,6.3));
#7799 = DIRECTION('',(-0.803207531481,0.595699304492,0.));
#7800 = DIRECTION('',(0.595699304492,0.803207531481,0.));
#7801 = ADVANCED_FACE('',(#7802),#7813,.T.);
#7802 = FACE_BOUND('',#7803,.T.);
#7803 = EDGE_LOOP('',(#7804,#7810,#7811,#7812));
#7804 = ORIENTED_EDGE('',*,*,#7805,.T.);
#7805 = EDGE_CURVE('',#534,#3508,#7806,.T.);
#7806 = LINE('',#7807,#7808);
#7807 = CARTESIAN_POINT('',(25.115212848252,-87.01600983726,6.3));
#7808 = VECTOR('',#7809,1.);
#7809 = DIRECTION('',(0.,0.,1.));
#7810 = ORIENTED_EDGE('',*,*,#3507,.T.);
#7811 = ORIENTED_EDGE('',*,*,#7771,.F.);
#7812 = ORIENTED_EDGE('',*,*,#533,.F.);
#7813 = PLANE('',#7814);
#7814 = AXIS2_PLACEMENT_3D('',#7815,#7816,#7817);
#7815 = CARTESIAN_POINT('',(25.115212848252,-87.01600983726,6.3));
#7816 = DIRECTION('',(-0.914209755704,-0.405241314005,0.));
#7817 = DIRECTION('',(-0.405241314005,0.914209755704,0.));
#7818 = ADVANCED_FACE('',(#7819),#7830,.T.);
#7819 = FACE_BOUND('',#7820,.T.);
#7820 = EDGE_LOOP('',(#7821,#7822,#7823,#7829));
#7821 = ORIENTED_EDGE('',*,*,#7790,.T.);
#7822 = ORIENTED_EDGE('',*,*,#5003,.T.);
#7823 = ORIENTED_EDGE('',*,*,#7824,.F.);
#7824 = EDGE_CURVE('',#2022,#4996,#7825,.T.);
#7825 = LINE('',#7826,#7827);
#7826 = CARTESIAN_POINT('',(82.351471862576,-1.351471862576,6.3));
#7827 = VECTOR('',#7828,1.);
#7828 = DIRECTION('',(0.,0.,1.));
#7829 = ORIENTED_EDGE('',*,*,#2029,.F.);
#7830 = PLANE('',#7831);
#7831 = AXIS2_PLACEMENT_3D('',#7832,#7833,#7834);
#7832 = CARTESIAN_POINT('',(82.272387455965,-1.438728059004,6.3));
#7833 = DIRECTION('',(-0.740951125355,0.671558954847,0.));
#7834 = DIRECTION('',(0.671558954847,0.740951125355,0.));
#7835 = ADVANCED_FACE('',(#7836),#7847,.T.);
#7836 = FACE_BOUND('',#7837,.T.);
#7837 = EDGE_LOOP('',(#7838,#7844,#7845,#7846));
#7838 = ORIENTED_EDGE('',*,*,#7839,.T.);
#7839 = EDGE_CURVE('',#542,#3516,#7840,.T.);
#7840 = LINE('',#7841,#7842);
#7841 = CARTESIAN_POINT('',(25.141694482782,-87.06861980934,6.3));
#7842 = VECTOR('',#7843,1.);
#7843 = DIRECTION('',(0.,0.,1.));
#7844 = ORIENTED_EDGE('',*,*,#3515,.T.);
#7845 = ORIENTED_EDGE('',*,*,#7805,.F.);
#7846 = ORIENTED_EDGE('',*,*,#541,.F.);
#7847 = PLANE('',#7848);
#7848 = AXIS2_PLACEMENT_3D('',#7849,#7850,#7851);
#7849 = CARTESIAN_POINT('',(25.141694482782,-87.06861980934,6.3));
#7850 = DIRECTION('',(-0.893224301195,-0.449611329655,0.));
#7851 = DIRECTION('',(-0.449611329655,0.893224301195,0.));
#7852 = ADVANCED_FACE('',(#7853),#7864,.T.);
#7853 = FACE_BOUND('',#7854,.T.);
#7854 = EDGE_LOOP('',(#7855,#7856,#7857,#7863));
#7855 = ORIENTED_EDGE('',*,*,#7824,.T.);
#7856 = ORIENTED_EDGE('',*,*,#4995,.T.);
#7857 = ORIENTED_EDGE('',*,*,#7858,.F.);
#7858 = EDGE_CURVE('',#2014,#4988,#7859,.T.);
#7859 = LINE('',#7860,#7861);
#7860 = CARTESIAN_POINT('',(82.438728059004,-1.272387455965,6.3));
#7861 = VECTOR('',#7862,1.);
#7862 = DIRECTION('',(0.,0.,1.));
#7863 = ORIENTED_EDGE('',*,*,#2021,.F.);
#7864 = PLANE('',#7865);
#7865 = AXIS2_PLACEMENT_3D('',#7866,#7867,#7868);
#7866 = CARTESIAN_POINT('',(82.351471862576,-1.351471862576,6.3));
#7867 = DIRECTION('',(-0.671558954847,0.740951125355,0.));
#7868 = DIRECTION('',(0.740951125355,0.671558954847,0.));
#7869 = ADVANCED_FACE('',(#7870),#7881,.T.);
#7870 = FACE_BOUND('',#7871,.T.);
#7871 = EDGE_LOOP('',(#7872,#7878,#7879,#7880));
#7872 = ORIENTED_EDGE('',*,*,#7873,.T.);
#7873 = EDGE_CURVE('',#550,#3524,#7874,.T.);
#7874 = LINE('',#7875,#7876);
#7875 = CARTESIAN_POINT('',(25.170725668,-87.11986701818,6.3));
#7876 = VECTOR('',#7877,1.);
#7877 = DIRECTION('',(0.,0.,1.));
#7878 = ORIENTED_EDGE('',*,*,#3523,.T.);
#7879 = ORIENTED_EDGE('',*,*,#7839,.F.);
#7880 = ORIENTED_EDGE('',*,*,#549,.F.);
#7881 = PLANE('',#7882);
#7882 = AXIS2_PLACEMENT_3D('',#7883,#7884,#7885);
#7883 = CARTESIAN_POINT('',(25.170725668,-87.11986701818,6.3));
#7884 = DIRECTION('',(-0.870086991109,-0.49289819223,0.));
#7885 = DIRECTION('',(-0.49289819223,0.870086991109,0.));
#7886 = ADVANCED_FACE('',(#7887),#7898,.T.);
#7887 = FACE_BOUND('',#7888,.T.);
#7888 = EDGE_LOOP('',(#7889,#7890,#7891,#7897));
#7889 = ORIENTED_EDGE('',*,*,#7858,.T.);
#7890 = ORIENTED_EDGE('',*,*,#4987,.T.);
#7891 = ORIENTED_EDGE('',*,*,#7892,.F.);
#7892 = EDGE_CURVE('',#2006,#4980,#7893,.T.);
#7893 = LINE('',#7894,#7895);
#7894 = CARTESIAN_POINT('',(82.533315720376,-1.202236465237,6.3));
#7895 = VECTOR('',#7896,1.);
#7896 = DIRECTION('',(0.,0.,1.));
#7897 = ORIENTED_EDGE('',*,*,#2013,.F.);
#7898 = PLANE('',#7899);
#7899 = AXIS2_PLACEMENT_3D('',#7900,#7901,#7902);
#7900 = CARTESIAN_POINT('',(82.438728059004,-1.272387455965,6.3));
#7901 = DIRECTION('',(-0.595699304492,0.803207531481,0.));
#7902 = DIRECTION('',(0.803207531481,0.595699304492,0.));
#7903 = ADVANCED_FACE('',(#7904),#7915,.T.);
#7904 = FACE_BOUND('',#7905,.T.);
#7905 = EDGE_LOOP('',(#7906,#7912,#7913,#7914));
#7906 = ORIENTED_EDGE('',*,*,#7907,.T.);
#7907 = EDGE_CURVE('',#558,#3532,#7908,.T.);
#7908 = LINE('',#7909,#7910);
#7909 = CARTESIAN_POINT('',(25.202236465237,-87.16962800477,6.3));
#7910 = VECTOR('',#7911,1.);
#7911 = DIRECTION('',(0.,0.,1.));
#7912 = ORIENTED_EDGE('',*,*,#3531,.T.);
#7913 = ORIENTED_EDGE('',*,*,#7873,.F.);
#7914 = ORIENTED_EDGE('',*,*,#557,.F.);
#7915 = PLANE('',#7916);
#7916 = AXIS2_PLACEMENT_3D('',#7917,#7918,#7919);
#7917 = CARTESIAN_POINT('',(25.202236465237,-87.16962800477,6.3));
#7918 = DIRECTION('',(-0.84485356525,-0.534997619887,0.));
#7919 = DIRECTION('',(-0.534997619887,0.84485356525,0.));
#7920 = ADVANCED_FACE('',(#7921),#7932,.T.);
#7921 = FACE_BOUND('',#7922,.T.);
#7922 = EDGE_LOOP('',(#7923,#7924,#7925,#7931));
#7923 = ORIENTED_EDGE('',*,*,#7892,.T.);
#7924 = ORIENTED_EDGE('',*,*,#4979,.T.);
#7925 = ORIENTED_EDGE('',*,*,#7926,.F.);
#7926 = EDGE_CURVE('',#1998,#4972,#7927,.T.);
#7927 = LINE('',#7928,#7929);
#7928 = CARTESIAN_POINT('',(82.634323915809,-1.141694482782,6.3));
#7929 = VECTOR('',#7930,1.);
#7930 = DIRECTION('',(0.,0.,1.));
#7931 = ORIENTED_EDGE('',*,*,#2005,.F.);
#7932 = PLANE('',#7933);
#7933 = AXIS2_PLACEMENT_3D('',#7934,#7935,#7936);
#7934 = CARTESIAN_POINT('',(82.533315720376,-1.202236465237,6.3));
#7935 = DIRECTION('',(-0.514102744193,0.85772861,0.));
#7936 = DIRECTION('',(0.85772861,0.514102744193,0.));
#7937 = ADVANCED_FACE('',(#7938),#7949,.T.);
#7938 = FACE_BOUND('',#7939,.T.);
#7939 = EDGE_LOOP('',(#7940,#7946,#7947,#7948));
#7940 = ORIENTED_EDGE('',*,*,#7941,.T.);
#7941 = EDGE_CURVE('',#566,#3540,#7942,.T.);
#7942 = LINE('',#7943,#7944);
#7943 = CARTESIAN_POINT('',(25.236150962223,-87.21778289054,6.3));
#7944 = VECTOR('',#7945,1.);
#7945 = DIRECTION('',(0.,0.,1.));
#7946 = ORIENTED_EDGE('',*,*,#3539,.T.);
#7947 = ORIENTED_EDGE('',*,*,#7907,.F.);
#7948 = ORIENTED_EDGE('',*,*,#565,.F.);
#7949 = PLANE('',#7950);
#7950 = AXIS2_PLACEMENT_3D('',#7951,#7952,#7953);
#7951 = CARTESIAN_POINT('',(25.236150962223,-87.21778289054,6.3));
#7952 = DIRECTION('',(-0.817584813152,-0.575808191418,0.));
#7953 = DIRECTION('',(-0.575808191418,0.817584813152,0.));
#7954 = ADVANCED_FACE('',(#7955),#7966,.T.);
#7955 = FACE_BOUND('',#7956,.T.);
#7956 = EDGE_LOOP('',(#7957,#7958,#7959,#7965));
#7957 = ORIENTED_EDGE('',*,*,#7926,.T.);
#7958 = ORIENTED_EDGE('',*,*,#4971,.T.);
#7959 = ORIENTED_EDGE('',*,*,#7960,.F.);
#7960 = EDGE_CURVE('',#1990,#4964,#7961,.T.);
#7961 = LINE('',#7962,#7963);
#7962 = CARTESIAN_POINT('',(82.740779881162,-1.091344560986,6.3));
#7963 = VECTOR('',#7964,1.);
#7964 = DIRECTION('',(0.,0.,1.));
#7965 = ORIENTED_EDGE('',*,*,#1997,.F.);
#7966 = PLANE('',#7967);
#7967 = AXIS2_PLACEMENT_3D('',#7968,#7969,#7970);
#7968 = CARTESIAN_POINT('',(82.634323915809,-1.141694482782,6.3));
#7969 = DIRECTION('',(-0.42755509343,0.903989293123,0.));
#7970 = DIRECTION('',(0.903989293123,0.42755509343,0.));
#7971 = ADVANCED_FACE('',(#7972),#7983,.T.);
#7972 = FACE_BOUND('',#7973,.T.);
#7973 = EDGE_LOOP('',(#7974,#7980,#7981,#7982));
#7974 = ORIENTED_EDGE('',*,*,#7975,.T.);
#7975 = EDGE_CURVE('',#574,#3548,#7976,.T.);
#7976 = LINE('',#7977,#7978);
#7977 = CARTESIAN_POINT('',(25.272387455965,-87.26421566614,6.3));
#7978 = VECTOR('',#7979,1.);
#7979 = DIRECTION('',(0.,0.,1.));
#7980 = ORIENTED_EDGE('',*,*,#3547,.T.);
#7981 = ORIENTED_EDGE('',*,*,#7941,.F.);
#7982 = ORIENTED_EDGE('',*,*,#573,.F.);
#7983 = PLANE('',#7984);
#7984 = AXIS2_PLACEMENT_3D('',#7985,#7986,#7987);
#7985 = CARTESIAN_POINT('',(25.272387455965,-87.26421566614,6.3));
#7986 = DIRECTION('',(-0.788346427627,-0.61523159058,0.));
#7987 = DIRECTION('',(-0.61523159058,0.788346427627,0.));
#7988 = ADVANCED_FACE('',(#7989),#8000,.T.);
#7989 = FACE_BOUND('',#7990,.T.);
#7990 = EDGE_LOOP('',(#7991,#7992,#7993,#7999));
#7991 = ORIENTED_EDGE('',*,*,#7960,.T.);
#7992 = ORIENTED_EDGE('',*,*,#4963,.T.);
#7993 = ORIENTED_EDGE('',*,*,#7994,.F.);
#7994 = EDGE_CURVE('',#1982,#4956,#7995,.T.);
#7995 = LINE('',#7996,#7997);
#7996 = CARTESIAN_POINT('',(82.851658387295,-1.051671597121,6.3));
#7997 = VECTOR('',#7998,1.);
#7998 = DIRECTION('',(0.,0.,1.));
#7999 = ORIENTED_EDGE('',*,*,#1989,.F.);
#8000 = PLANE('',#8001);
#8001 = AXIS2_PLACEMENT_3D('',#8002,#8003,#8004);
#8002 = CARTESIAN_POINT('',(82.740779881162,-1.091344560986,6.3));
#8003 = DIRECTION('',(-0.336889853392,0.941544065183,0.));
#8004 = DIRECTION('',(0.941544065183,0.336889853392,0.));
#8005 = ADVANCED_FACE('',(#8006),#8017,.T.);
#8006 = FACE_BOUND('',#8007,.T.);
#8007 = EDGE_LOOP('',(#8008,#8014,#8015,#8016));
#8008 = ORIENTED_EDGE('',*,*,#8009,.T.);
#8009 = EDGE_CURVE('',#582,#3556,#8010,.T.);
#8010 = LINE('',#8011,#8012);
#8011 = CARTESIAN_POINT('',(25.310858649574,-87.30881447096,6.3));
#8012 = VECTOR('',#8013,1.);
#8013 = DIRECTION('',(0.,0.,1.));
#8014 = ORIENTED_EDGE('',*,*,#3555,.T.);
#8015 = ORIENTED_EDGE('',*,*,#7975,.F.);
#8016 = ORIENTED_EDGE('',*,*,#581,.F.);
#8017 = PLANE('',#8018);
#8018 = AXIS2_PLACEMENT_3D('',#8019,#8020,#8021);
#8019 = CARTESIAN_POINT('',(25.310858649574,-87.30881447096,6.3));
#8020 = DIRECTION('',(-0.757208846506,-0.653172842954,0.));
#8021 = DIRECTION('',(-0.653172842954,0.757208846506,0.));
#8022 = ADVANCED_FACE('',(#8023),#8034,.T.);
#8023 = FACE_BOUND('',#8024,.T.);
#8024 = EDGE_LOOP('',(#8025,#8026,#8027,#8033));
#8025 = ORIENTED_EDGE('',*,*,#7994,.T.);
#8026 = ORIENTED_EDGE('',*,*,#4955,.T.);
#8027 = ORIENTED_EDGE('',*,*,#8028,.F.);
#8028 = EDGE_CURVE('',#1974,#4948,#8029,.T.);
#8029 = LINE('',#8030,#8031);
#8030 = CARTESIAN_POINT('',(82.965891613581,-1.023057663516,6.3));
#8031 = VECTOR('',#8032,1.);
#8032 = DIRECTION('',(0.,0.,1.));
#8033 = ORIENTED_EDGE('',*,*,#1981,.F.);
#8034 = PLANE('',#8035);
#8035 = AXIS2_PLACEMENT_3D('',#8036,#8037,#8038);
#8036 = CARTESIAN_POINT('',(82.851658387295,-1.051671597121,6.3));
#8037 = DIRECTION('',(-0.242980179903,0.970031253195,0.));
#8038 = DIRECTION('',(0.970031253195,0.242980179903,0.));
#8039 = ADVANCED_FACE('',(#8040),#8051,.T.);
#8040 = FACE_BOUND('',#8041,.T.);
#8041 = EDGE_LOOP('',(#8042,#8048,#8049,#8050));
#8042 = ORIENTED_EDGE('',*,*,#8043,.T.);
#8043 = EDGE_CURVE('',#590,#3564,#8044,.T.);
#8044 = LINE('',#8045,#8046);
#8045 = CARTESIAN_POINT('',(25.351471862576,-87.35147186257,6.3));
#8046 = VECTOR('',#8047,1.);
#8047 = DIRECTION('',(0.,0.,1.));
#8048 = ORIENTED_EDGE('',*,*,#3563,.T.);
#8049 = ORIENTED_EDGE('',*,*,#8009,.F.);
#8050 = ORIENTED_EDGE('',*,*,#589,.F.);
#8051 = PLANE('',#8052);
#8052 = AXIS2_PLACEMENT_3D('',#8053,#8054,#8055);
#8053 = CARTESIAN_POINT('',(25.351471862576,-87.35147186257,6.3));
#8054 = DIRECTION('',(-0.724247082952,-0.689540544737,0.));
#8055 = DIRECTION('',(-0.689540544737,0.724247082952,0.));
#8056 = ADVANCED_FACE('',(#8057),#8068,.T.);
#8057 = FACE_BOUND('',#8058,.T.);
#8058 = EDGE_LOOP('',(#8059,#8060,#8061,#8067));
#8059 = ORIENTED_EDGE('',*,*,#8028,.T.);
#8060 = ORIENTED_EDGE('',*,*,#4947,.T.);
#8061 = ORIENTED_EDGE('',*,*,#8062,.F.);
#8062 = EDGE_CURVE('',#1966,#4940,#8063,.T.);
#8063 = LINE('',#8064,#8065);
#8064 = CARTESIAN_POINT('',(83.082379431605,-1.005778327993,6.3));
#8065 = VECTOR('',#8066,1.);
#8066 = DIRECTION('',(0.,0.,1.));
#8067 = ORIENTED_EDGE('',*,*,#1973,.F.);
#8068 = PLANE('',#8069);
#8069 = AXIS2_PLACEMENT_3D('',#8070,#8071,#8072);
#8070 = CARTESIAN_POINT('',(82.965891613581,-1.023057663516,6.3));
#8071 = DIRECTION('',(-0.146730474455,0.989176509965,0.));
#8072 = DIRECTION('',(0.989176509965,0.146730474455,0.));
#8073 = ADVANCED_FACE('',(#8074),#8085,.T.);
#8074 = FACE_BOUND('',#8075,.T.);
#8075 = EDGE_LOOP('',(#8076,#8082,#8083,#8084));
#8076 = ORIENTED_EDGE('',*,*,#8077,.T.);
#8077 = EDGE_CURVE('',#598,#3572,#8078,.T.);
#8078 = LINE('',#8079,#8080);
#8079 = CARTESIAN_POINT('',(32.440483806244,-94.44048380624,6.3));
#8080 = VECTOR('',#8081,1.);
#8081 = DIRECTION('',(0.,0.,1.));
#8082 = ORIENTED_EDGE('',*,*,#3571,.T.);
#8083 = ORIENTED_EDGE('',*,*,#8043,.F.);
#8084 = ORIENTED_EDGE('',*,*,#597,.F.);
#8085 = PLANE('',#8086);
#8086 = AXIS2_PLACEMENT_3D('',#8087,#8088,#8089);
#8087 = CARTESIAN_POINT('',(32.440483806244,-94.44048380624,6.3));
#8088 = DIRECTION('',(-0.707106781187,-0.707106781187,0.));
#8089 = DIRECTION('',(-0.707106781187,0.707106781187,0.));
#8090 = ADVANCED_FACE('',(#8091),#8102,.T.);
#8091 = FACE_BOUND('',#8092,.T.);
#8092 = EDGE_LOOP('',(#8093,#8094,#8095,#8101));
#8093 = ORIENTED_EDGE('',*,*,#8062,.T.);
#8094 = ORIENTED_EDGE('',*,*,#4939,.T.);
#8095 = ORIENTED_EDGE('',*,*,#8096,.F.);
#8096 = EDGE_CURVE('',#1958,#4932,#8097,.T.);
#8097 = LINE('',#8098,#8099);
#8098 = CARTESIAN_POINT('',(83.2,-1.,6.3));
#8099 = VECTOR('',#8100,1.);
#8100 = DIRECTION('',(0.,0.,1.));
#8101 = ORIENTED_EDGE('',*,*,#1965,.F.);
#8102 = PLANE('',#8103);
#8103 = AXIS2_PLACEMENT_3D('',#8104,#8105,#8106);
#8104 = CARTESIAN_POINT('',(83.082379431605,-1.005778327993,6.3));
#8105 = DIRECTION('',(-4.906767432742E-02,0.998795456205,0.));
#8106 = DIRECTION('',(0.998795456205,4.906767432742E-02,0.));
#8107 = ADVANCED_FACE('',(#8108),#8119,.T.);
#8108 = FACE_BOUND('',#8109,.T.);
#8109 = EDGE_LOOP('',(#8110,#8116,#8117,#8118));
#8110 = ORIENTED_EDGE('',*,*,#8111,.T.);
#8111 = EDGE_CURVE('',#606,#3580,#8112,.T.);
#8112 = LINE('',#8113,#8114);
#8113 = CARTESIAN_POINT('',(32.50451232799,-94.50000872509,6.3));
#8114 = VECTOR('',#8115,1.);
#8115 = DIRECTION('',(0.,0.,1.));
#8116 = ORIENTED_EDGE('',*,*,#3579,.T.);
#8117 = ORIENTED_EDGE('',*,*,#8077,.F.);
#8118 = ORIENTED_EDGE('',*,*,#605,.F.);
#8119 = PLANE('',#8120);
#8120 = AXIS2_PLACEMENT_3D('',#8121,#8122,#8123);
#8121 = CARTESIAN_POINT('',(32.50451232799,-94.50000872509,6.3));
#8122 = DIRECTION('',(-0.680880105794,-0.73239489453,0.));
#8123 = DIRECTION('',(-0.73239489453,0.680880105794,0.));
#8124 = ADVANCED_FACE('',(#8125),#8136,.T.);
#8125 = FACE_BOUND('',#8126,.T.);
#8126 = EDGE_LOOP('',(#8127,#8128,#8129,#8135));
#8127 = ORIENTED_EDGE('',*,*,#8096,.T.);
#8128 = ORIENTED_EDGE('',*,*,#4931,.T.);
#8129 = ORIENTED_EDGE('',*,*,#8130,.F.);
#8130 = EDGE_CURVE('',#1950,#4924,#8131,.T.);
#8131 = LINE('',#8132,#8133);
#8132 = CARTESIAN_POINT('',(104.8,-1.,6.3));
#8133 = VECTOR('',#8134,1.);
#8134 = DIRECTION('',(0.,0.,1.));
#8135 = ORIENTED_EDGE('',*,*,#1957,.F.);
#8136 = PLANE('',#8137);
#8137 = AXIS2_PLACEMENT_3D('',#8138,#8139,#8140);
#8138 = CARTESIAN_POINT('',(83.2,-1.,6.3));
#8139 = DIRECTION('',(-2.055968564121E-17,1.,0.));
#8140 = DIRECTION('',(1.,2.055968564121E-17,0.));
#8141 = ADVANCED_FACE('',(#8142),#8153,.T.);
#8142 = FACE_BOUND('',#8143,.T.);
#8143 = EDGE_LOOP('',(#8144,#8150,#8151,#8152));
#8144 = ORIENTED_EDGE('',*,*,#8145,.T.);
#8145 = EDGE_CURVE('',#614,#3588,#8146,.T.);
#8146 = LINE('',#8147,#8148);
#8147 = CARTESIAN_POINT('',(32.572704618253,-94.55471410973,6.3));
#8148 = VECTOR('',#8149,1.);
#8149 = DIRECTION('',(0.,0.,1.));
#8150 = ORIENTED_EDGE('',*,*,#3587,.T.);
#8151 = ORIENTED_EDGE('',*,*,#8111,.F.);
#8152 = ORIENTED_EDGE('',*,*,#613,.F.);
#8153 = PLANE('',#8154);
#8154 = AXIS2_PLACEMENT_3D('',#8155,#8156,#8157);
#8155 = CARTESIAN_POINT('',(32.572704618253,-94.55471410973,6.3));
#8156 = DIRECTION('',(-0.625751513951,-0.780022463002,0.));
#8157 = DIRECTION('',(-0.780022463002,0.625751513951,0.));
#8158 = ADVANCED_FACE('',(#8159),#8170,.T.);
#8159 = FACE_BOUND('',#8160,.T.);
#8160 = EDGE_LOOP('',(#8161,#8162,#8163,#8169));
#8161 = ORIENTED_EDGE('',*,*,#8130,.T.);
#8162 = ORIENTED_EDGE('',*,*,#4923,.T.);
#8163 = ORIENTED_EDGE('',*,*,#8164,.F.);
#8164 = EDGE_CURVE('',#1942,#4916,#8165,.T.);
#8165 = LINE('',#8166,#8167);
#8166 = CARTESIAN_POINT('',(104.91762056839,-1.005778327993,6.3));
#8167 = VECTOR('',#8168,1.);
#8168 = DIRECTION('',(0.,0.,1.));
#8169 = ORIENTED_EDGE('',*,*,#1949,.F.);
#8170 = PLANE('',#8171);
#8171 = AXIS2_PLACEMENT_3D('',#8172,#8173,#8174);
#8172 = CARTESIAN_POINT('',(104.8,-1.,6.3));
#8173 = DIRECTION('',(4.906767432741E-02,0.998795456205,0.));
#8174 = DIRECTION('',(0.998795456205,-4.906767432741E-02,0.));
#8175 = ADVANCED_FACE('',(#8176),#8187,.T.);
#8176 = FACE_BOUND('',#8177,.T.);
#8177 = EDGE_LOOP('',(#8178,#8184,#8185,#8186));
#8178 = ORIENTED_EDGE('',*,*,#8179,.T.);
#8179 = EDGE_CURVE('',#622,#3596,#8180,.T.);
#8180 = LINE('',#8181,#8182);
#8181 = CARTESIAN_POINT('',(32.644698743252,-94.60430960878,6.3));
#8182 = VECTOR('',#8183,1.);
#8183 = DIRECTION('',(0.,0.,1.));
#8184 = ORIENTED_EDGE('',*,*,#3595,.T.);
#8185 = ORIENTED_EDGE('',*,*,#8145,.F.);
#8186 = ORIENTED_EDGE('',*,*,#621,.F.);
#8187 = PLANE('',#8188);
#8188 = AXIS2_PLACEMENT_3D('',#8189,#8190,#8191);
#8189 = CARTESIAN_POINT('',(32.644698743252,-94.60430960878,6.3));
#8190 = DIRECTION('',(-0.56730171659,-0.823510025655,0.));
#8191 = DIRECTION('',(-0.823510025655,0.56730171659,0.));
#8192 = ADVANCED_FACE('',(#8193),#8204,.T.);
#8193 = FACE_BOUND('',#8194,.T.);
#8194 = EDGE_LOOP('',(#8195,#8196,#8197,#8203));
#8195 = ORIENTED_EDGE('',*,*,#8164,.T.);
#8196 = ORIENTED_EDGE('',*,*,#4915,.T.);
#8197 = ORIENTED_EDGE('',*,*,#8198,.F.);
#8198 = EDGE_CURVE('',#1934,#4908,#8199,.T.);
#8199 = LINE('',#8200,#8201);
#8200 = CARTESIAN_POINT('',(105.03410838641,-1.023057663516,6.3));
#8201 = VECTOR('',#8202,1.);
#8202 = DIRECTION('',(0.,0.,1.));
#8203 = ORIENTED_EDGE('',*,*,#1941,.F.);
#8204 = PLANE('',#8205);
#8205 = AXIS2_PLACEMENT_3D('',#8206,#8207,#8208);
#8206 = CARTESIAN_POINT('',(104.91762056839,-1.005778327993,6.3));
#8207 = DIRECTION('',(0.146730474455,0.989176509965,0.));
#8208 = DIRECTION('',(0.989176509965,-0.146730474455,0.));
#8209 = ADVANCED_FACE('',(#8210),#8221,.T.);
#8210 = FACE_BOUND('',#8211,.T.);
#8211 = EDGE_LOOP('',(#8212,#8218,#8219,#8220));
#8212 = ORIENTED_EDGE('',*,*,#8213,.T.);
#8213 = EDGE_CURVE('',#630,#3604,#8214,.T.);
#8214 = LINE('',#8215,#8216);
#8215 = CARTESIAN_POINT('',(32.720112590792,-94.6485319918,6.3));
#8216 = VECTOR('',#8217,1.);
#8217 = DIRECTION('',(0.,0.,1.));
#8218 = ORIENTED_EDGE('',*,*,#3603,.T.);
#8219 = ORIENTED_EDGE('',*,*,#8179,.F.);
#8220 = ORIENTED_EDGE('',*,*,#629,.F.);
#8221 = PLANE('',#8222);
#8222 = AXIS2_PLACEMENT_3D('',#8223,#8224,#8225);
#8223 = CARTESIAN_POINT('',(32.720112590792,-94.6485319918,6.3));
#8224 = DIRECTION('',(-0.505840938751,-0.86262677021,0.));
#8225 = DIRECTION('',(-0.86262677021,0.505840938751,0.));
#8226 = ADVANCED_FACE('',(#8227),#8238,.T.);
#8227 = FACE_BOUND('',#8228,.T.);
#8228 = EDGE_LOOP('',(#8229,#8230,#8231,#8237));
#8229 = ORIENTED_EDGE('',*,*,#8198,.T.);
#8230 = ORIENTED_EDGE('',*,*,#4907,.T.);
#8231 = ORIENTED_EDGE('',*,*,#8232,.F.);
#8232 = EDGE_CURVE('',#1926,#4900,#8233,.T.);
#8233 = LINE('',#8234,#8235);
#8234 = CARTESIAN_POINT('',(105.1483416127,-1.051671597121,6.3));
#8235 = VECTOR('',#8236,1.);
#8236 = DIRECTION('',(0.,0.,1.));
#8237 = ORIENTED_EDGE('',*,*,#1933,.F.);
#8238 = PLANE('',#8239);
#8239 = AXIS2_PLACEMENT_3D('',#8240,#8241,#8242);
#8240 = CARTESIAN_POINT('',(105.03410838641,-1.023057663516,6.3));
#8241 = DIRECTION('',(0.242980179903,0.970031253195,0.));
#8242 = DIRECTION('',(0.970031253195,-0.242980179903,0.));
#8243 = ADVANCED_FACE('',(#8244),#8255,.T.);
#8244 = FACE_BOUND('',#8245,.T.);
#8245 = EDGE_LOOP('',(#8246,#8252,#8253,#8254));
#8246 = ORIENTED_EDGE('',*,*,#8247,.T.);
#8247 = EDGE_CURVE('',#638,#3612,#8248,.T.);
#8248 = LINE('',#8249,#8250);
#8249 = CARTESIAN_POINT('',(32.798545898339,-94.68714654642,6.3));
#8250 = VECTOR('',#8251,1.);
#8251 = DIRECTION('',(0.,0.,1.));
#8252 = ORIENTED_EDGE('',*,*,#3611,.T.);
#8253 = ORIENTED_EDGE('',*,*,#8213,.F.);
#8254 = ORIENTED_EDGE('',*,*,#637,.F.);
#8255 = PLANE('',#8256);
#8256 = AXIS2_PLACEMENT_3D('',#8257,#8258,#8259);
#8257 = CARTESIAN_POINT('',(32.798545898339,-94.68714654642,6.3));
#8258 = DIRECTION('',(-0.441695386398,-0.89716508271,0.));
#8259 = DIRECTION('',(-0.89716508271,0.441695386398,0.));
#8260 = ADVANCED_FACE('',(#8261),#8272,.T.);
#8261 = FACE_BOUND('',#8262,.T.);
#8262 = EDGE_LOOP('',(#8263,#8264,#8265,#8271));
#8263 = ORIENTED_EDGE('',*,*,#8232,.T.);
#8264 = ORIENTED_EDGE('',*,*,#4899,.T.);
#8265 = ORIENTED_EDGE('',*,*,#8266,.F.);
#8266 = EDGE_CURVE('',#1918,#4892,#8267,.T.);
#8267 = LINE('',#8268,#8269);
#8268 = CARTESIAN_POINT('',(105.25922011883,-1.091344560986,6.3));
#8269 = VECTOR('',#8270,1.);
#8270 = DIRECTION('',(0.,0.,1.));
#8271 = ORIENTED_EDGE('',*,*,#1925,.F.);
#8272 = PLANE('',#8273);
#8273 = AXIS2_PLACEMENT_3D('',#8274,#8275,#8276);
#8274 = CARTESIAN_POINT('',(105.1483416127,-1.051671597121,6.3));
#8275 = DIRECTION('',(0.336889853392,0.941544065183,0.));
#8276 = DIRECTION('',(0.941544065183,-0.336889853392,0.));
#8277 = ADVANCED_FACE('',(#8278),#8289,.T.);
#8278 = FACE_BOUND('',#8279,.T.);
#8279 = EDGE_LOOP('',(#8280,#8286,#8287,#8288));
#8280 = ORIENTED_EDGE('',*,*,#8281,.T.);
#8281 = EDGE_CURVE('',#646,#3620,#8282,.T.);
#8282 = LINE('',#8283,#8284);
#8283 = CARTESIAN_POINT('',(32.879582377432,-94.71994832406,6.3));
#8284 = VECTOR('',#8285,1.);
#8285 = DIRECTION('',(0.,0.,1.));
#8286 = ORIENTED_EDGE('',*,*,#3619,.T.);
#8287 = ORIENTED_EDGE('',*,*,#8247,.F.);
#8288 = ORIENTED_EDGE('',*,*,#645,.F.);
#8289 = PLANE('',#8290);
#8290 = AXIS2_PLACEMENT_3D('',#8291,#8292,#8293);
#8291 = CARTESIAN_POINT('',(32.879582377432,-94.71994832406,6.3));
#8292 = DIRECTION('',(-0.375205515058,-0.926941649442,0.));
#8293 = DIRECTION('',(-0.926941649442,0.375205515058,0.));
#8294 = ADVANCED_FACE('',(#8295),#8306,.T.);
#8295 = FACE_BOUND('',#8296,.T.);
#8296 = EDGE_LOOP('',(#8297,#8298,#8299,#8305));
#8297 = ORIENTED_EDGE('',*,*,#8266,.T.);
#8298 = ORIENTED_EDGE('',*,*,#4891,.T.);
#8299 = ORIENTED_EDGE('',*,*,#8300,.F.);
#8300 = EDGE_CURVE('',#1910,#4884,#8301,.T.);
#8301 = LINE('',#8302,#8303);
#8302 = CARTESIAN_POINT('',(105.36567608419,-1.141694482782,6.3));
#8303 = VECTOR('',#8304,1.);
#8304 = DIRECTION('',(0.,0.,1.));
#8305 = ORIENTED_EDGE('',*,*,#1917,.F.);
#8306 = PLANE('',#8307);
#8307 = AXIS2_PLACEMENT_3D('',#8308,#8309,#8310);
#8308 = CARTESIAN_POINT('',(105.25922011883,-1.091344560986,6.3));
#8309 = DIRECTION('',(0.42755509343,0.903989293123,0.));
#8310 = DIRECTION('',(0.903989293123,-0.42755509343,0.));
#8311 = ADVANCED_FACE('',(#8312),#8323,.T.);
#8312 = FACE_BOUND('',#8313,.T.);
#8313 = EDGE_LOOP('',(#8314,#8320,#8321,#8322));
#8314 = ORIENTED_EDGE('',*,*,#8315,.T.);
#8315 = EDGE_CURVE('',#654,#3628,#8316,.T.);
#8316 = LINE('',#8317,#8318);
#8317 = CARTESIAN_POINT('',(32.962791923157,-94.74676322777,6.3));
#8318 = VECTOR('',#8319,1.);
#8319 = DIRECTION('',(0.,0.,1.));
#8320 = ORIENTED_EDGE('',*,*,#3627,.T.);
#8321 = ORIENTED_EDGE('',*,*,#8281,.F.);
#8322 = ORIENTED_EDGE('',*,*,#653,.F.);
#8323 = PLANE('',#8324);
#8324 = AXIS2_PLACEMENT_3D('',#8325,#8326,#8327);
#8325 = CARTESIAN_POINT('',(32.962791923157,-94.74676322777,6.3));
#8326 = DIRECTION('',(-0.306724222844,-0.951798429879,0.));
#8327 = DIRECTION('',(-0.951798429879,0.306724222844,0.));
#8328 = ADVANCED_FACE('',(#8329),#8340,.T.);
#8329 = FACE_BOUND('',#8330,.T.);
#8330 = EDGE_LOOP('',(#8331,#8332,#8333,#8339));
#8331 = ORIENTED_EDGE('',*,*,#8300,.T.);
#8332 = ORIENTED_EDGE('',*,*,#4883,.T.);
#8333 = ORIENTED_EDGE('',*,*,#8334,.F.);
#8334 = EDGE_CURVE('',#1902,#4876,#8335,.T.);
#8335 = LINE('',#8336,#8337);
#8336 = CARTESIAN_POINT('',(105.46668427962,-1.202236465237,6.3));
#8337 = VECTOR('',#8338,1.);
#8338 = DIRECTION('',(0.,0.,1.));
#8339 = ORIENTED_EDGE('',*,*,#1909,.F.);
#8340 = PLANE('',#8341);
#8341 = AXIS2_PLACEMENT_3D('',#8342,#8343,#8344);
#8342 = CARTESIAN_POINT('',(105.36567608419,-1.141694482782,6.3));
#8343 = DIRECTION('',(0.514102744193,0.85772861,0.));
#8344 = DIRECTION('',(0.85772861,-0.514102744193,0.));
#8345 = ADVANCED_FACE('',(#8346),#8357,.T.);
#8346 = FACE_BOUND('',#8347,.T.);
#8347 = EDGE_LOOP('',(#8348,#8354,#8355,#8356));
#8348 = ORIENTED_EDGE('',*,*,#8349,.T.);
#8349 = EDGE_CURVE('',#662,#3636,#8350,.T.);
#8350 = LINE('',#8351,#8352);
#8351 = CARTESIAN_POINT('',(33.047732896946,-94.76744893618,6.3));
#8352 = VECTOR('',#8353,1.);
#8353 = DIRECTION('',(0.,0.,1.));
#8354 = ORIENTED_EDGE('',*,*,#3635,.T.);
#8355 = ORIENTED_EDGE('',*,*,#8315,.F.);
#8356 = ORIENTED_EDGE('',*,*,#661,.F.);
#8357 = PLANE('',#8358);
#8358 = AXIS2_PLACEMENT_3D('',#8359,#8360,#8361);
#8359 = CARTESIAN_POINT('',(33.047732896946,-94.76744893618,6.3));
#8360 = DIRECTION('',(-0.236614977426,-0.971603495495,0.));
#8361 = DIRECTION('',(-0.971603495495,0.236614977426,0.));
#8362 = ADVANCED_FACE('',(#8363),#8374,.T.);
#8363 = FACE_BOUND('',#8364,.T.);
#8364 = EDGE_LOOP('',(#8365,#8366,#8367,#8373));
#8365 = ORIENTED_EDGE('',*,*,#8334,.T.);
#8366 = ORIENTED_EDGE('',*,*,#4875,.T.);
#8367 = ORIENTED_EDGE('',*,*,#8368,.F.);
#8368 = EDGE_CURVE('',#1894,#4868,#8369,.T.);
#8369 = LINE('',#8370,#8371);
#8370 = CARTESIAN_POINT('',(105.56127194099,-1.272387455965,6.3));
#8371 = VECTOR('',#8372,1.);
#8372 = DIRECTION('',(0.,0.,1.));
#8373 = ORIENTED_EDGE('',*,*,#1901,.F.);
#8374 = PLANE('',#8375);
#8375 = AXIS2_PLACEMENT_3D('',#8376,#8377,#8378);
#8376 = CARTESIAN_POINT('',(105.46668427962,-1.202236465237,6.3));
#8377 = DIRECTION('',(0.595699304492,0.803207531481,0.));
#8378 = DIRECTION('',(0.803207531481,-0.595699304492,0.));
#8379 = ADVANCED_FACE('',(#8380),#8391,.T.);
#8380 = FACE_BOUND('',#8381,.T.);
#8381 = EDGE_LOOP('',(#8382,#8388,#8389,#8390));
#8382 = ORIENTED_EDGE('',*,*,#8383,.T.);
#8383 = EDGE_CURVE('',#670,#3644,#8384,.T.);
#8384 = LINE('',#8385,#8386);
#8385 = CARTESIAN_POINT('',(33.133954470596,-94.78189565892,6.3));
#8386 = VECTOR('',#8387,1.);
#8387 = DIRECTION('',(0.,0.,1.));
#8388 = ORIENTED_EDGE('',*,*,#3643,.T.);
#8389 = ORIENTED_EDGE('',*,*,#8349,.F.);
#8390 = ORIENTED_EDGE('',*,*,#669,.F.);
#8391 = PLANE('',#8392);
#8392 = AXIS2_PLACEMENT_3D('',#8393,#8394,#8395);
#8393 = CARTESIAN_POINT('',(33.133954470596,-94.78189565892,6.3));
#8394 = DIRECTION('',(-0.165249886914,-0.986251729973,0.));
#8395 = DIRECTION('',(-0.986251729973,0.165249886914,0.));
#8396 = ADVANCED_FACE('',(#8397),#8408,.T.);
#8397 = FACE_BOUND('',#8398,.T.);
#8398 = EDGE_LOOP('',(#8399,#8400,#8401,#8407));
#8399 = ORIENTED_EDGE('',*,*,#8368,.T.);
#8400 = ORIENTED_EDGE('',*,*,#4867,.T.);
#8401 = ORIENTED_EDGE('',*,*,#8402,.F.);
#8402 = EDGE_CURVE('',#1886,#4860,#8403,.T.);
#8403 = LINE('',#8404,#8405);
#8404 = CARTESIAN_POINT('',(105.64852813742,-1.351471862576,6.3));
#8405 = VECTOR('',#8406,1.);
#8406 = DIRECTION('',(0.,0.,1.));
#8407 = ORIENTED_EDGE('',*,*,#1893,.F.);
#8408 = PLANE('',#8409);
#8409 = AXIS2_PLACEMENT_3D('',#8410,#8411,#8412);
#8410 = CARTESIAN_POINT('',(105.56127194099,-1.272387455965,6.3));
#8411 = DIRECTION('',(0.671558954847,0.740951125355,0.));
#8412 = DIRECTION('',(0.740951125355,-0.671558954847,0.));
#8413 = ADVANCED_FACE('',(#8414),#8425,.T.);
#8414 = FACE_BOUND('',#8415,.T.);
#8415 = EDGE_LOOP('',(#8416,#8422,#8423,#8424));
#8416 = ORIENTED_EDGE('',*,*,#8417,.T.);
#8417 = EDGE_CURVE('',#678,#3652,#8418,.T.);
#8418 = LINE('',#8419,#8420);
#8419 = CARTESIAN_POINT('',(33.220999019059,-94.79002671933,6.3));
#8420 = VECTOR('',#8421,1.);
#8421 = DIRECTION('',(0.,0.,1.));
#8422 = ORIENTED_EDGE('',*,*,#3651,.T.);
#8423 = ORIENTED_EDGE('',*,*,#8383,.F.);
#8424 = ORIENTED_EDGE('',*,*,#677,.F.);
#8425 = PLANE('',#8426);
#8426 = AXIS2_PLACEMENT_3D('',#8427,#8428,#8429);
#8427 = CARTESIAN_POINT('',(33.220999019059,-94.79002671933,6.3));
#8428 = DIRECTION('',(-9.300772487406E-02,-0.995665387122,0.));
#8429 = DIRECTION('',(-0.995665387122,9.300772487406E-02,0.));
#8430 = ADVANCED_FACE('',(#8431),#8442,.T.);
#8431 = FACE_BOUND('',#8432,.T.);
#8432 = EDGE_LOOP('',(#8433,#8434,#8435,#8441));
#8433 = ORIENTED_EDGE('',*,*,#8402,.T.);
#8434 = ORIENTED_EDGE('',*,*,#4859,.T.);
#8435 = ORIENTED_EDGE('',*,*,#8436,.F.);
#8436 = EDGE_CURVE('',#1878,#4852,#8437,.T.);
#8437 = LINE('',#8438,#8439);
#8438 = CARTESIAN_POINT('',(105.72761254403,-1.438728059004,6.3));
#8439 = VECTOR('',#8440,1.);
#8440 = DIRECTION('',(0.,0.,1.));
#8441 = ORIENTED_EDGE('',*,*,#1885,.F.);
#8442 = PLANE('',#8443);
#8443 = AXIS2_PLACEMENT_3D('',#8444,#8445,#8446);
#8444 = CARTESIAN_POINT('',(105.64852813742,-1.351471862576,6.3));
#8445 = DIRECTION('',(0.740951125355,0.671558954847,0.));
#8446 = DIRECTION('',(0.671558954847,-0.740951125355,0.));
#8447 = ADVANCED_FACE('',(#8448),#8459,.T.);
#8448 = FACE_BOUND('',#8449,.T.);
#8449 = EDGE_LOOP('',(#8450,#8456,#8457,#8458));
#8450 = ORIENTED_EDGE('',*,*,#8451,.T.);
#8451 = EDGE_CURVE('',#686,#3660,#8452,.T.);
#8452 = LINE('',#8453,#8454);
#8453 = CARTESIAN_POINT('',(33.308404549311,-94.79179896144,6.3));
#8454 = VECTOR('',#8455,1.);
#8455 = DIRECTION('',(0.,0.,1.));
#8456 = ORIENTED_EDGE('',*,*,#3659,.T.);
#8457 = ORIENTED_EDGE('',*,*,#8417,.F.);
#8458 = ORIENTED_EDGE('',*,*,#685,.F.);
#8459 = PLANE('',#8460);
#8460 = AXIS2_PLACEMENT_3D('',#8461,#8462,#8463);
#8461 = CARTESIAN_POINT('',(33.308404549311,-94.79179896144,6.3));
#8462 = DIRECTION('',(-2.027191997094E-02,-0.999794503516,0.));
#8463 = DIRECTION('',(-0.999794503516,2.027191997094E-02,0.));
#8464 = ADVANCED_FACE('',(#8465),#8476,.T.);
#8465 = FACE_BOUND('',#8466,.T.);
#8466 = EDGE_LOOP('',(#8467,#8468,#8469,#8475));
#8467 = ORIENTED_EDGE('',*,*,#8436,.T.);
#8468 = ORIENTED_EDGE('',*,*,#4851,.T.);
#8469 = ORIENTED_EDGE('',*,*,#8470,.F.);
#8470 = EDGE_CURVE('',#1870,#4844,#8471,.T.);
#8471 = LINE('',#8472,#8473);
#8472 = CARTESIAN_POINT('',(105.79776353476,-1.533315720376,6.3));
#8473 = VECTOR('',#8474,1.);
#8474 = DIRECTION('',(0.,0.,1.));
#8475 = ORIENTED_EDGE('',*,*,#1877,.F.);
#8476 = PLANE('',#8477);
#8477 = AXIS2_PLACEMENT_3D('',#8478,#8479,#8480);
#8478 = CARTESIAN_POINT('',(105.72761254403,-1.438728059004,6.3));
#8479 = DIRECTION('',(0.803207531481,0.595699304492,0.));
#8480 = DIRECTION('',(0.595699304492,-0.803207531481,0.));
#8481 = ADVANCED_FACE('',(#8482),#8493,.T.);
#8482 = FACE_BOUND('',#8483,.T.);
#8483 = EDGE_LOOP('',(#8484,#8490,#8491,#8492));
#8484 = ORIENTED_EDGE('',*,*,#8485,.T.);
#8485 = EDGE_CURVE('',#694,#3668,#8486,.T.);
#8486 = LINE('',#8487,#8488);
#8487 = CARTESIAN_POINT('',(33.395707152398,-94.78720297897,6.3));
#8488 = VECTOR('',#8489,1.);
#8489 = DIRECTION('',(0.,0.,1.));
#8490 = ORIENTED_EDGE('',*,*,#3667,.T.);
#8491 = ORIENTED_EDGE('',*,*,#8451,.F.);
#8492 = ORIENTED_EDGE('',*,*,#693,.F.);
#8493 = PLANE('',#8494);
#8494 = AXIS2_PLACEMENT_3D('',#8495,#8496,#8497);
#8495 = CARTESIAN_POINT('',(33.395707152398,-94.78720297897,6.3));
#8496 = DIRECTION('',(5.257147909836E-02,-0.998617163675,0.));
#8497 = DIRECTION('',(-0.998617163675,-5.257147909836E-02,0.));
#8498 = ADVANCED_FACE('',(#8499),#8510,.T.);
#8499 = FACE_BOUND('',#8500,.T.);
#8500 = EDGE_LOOP('',(#8501,#8502,#8503,#8509));
#8501 = ORIENTED_EDGE('',*,*,#8470,.T.);
#8502 = ORIENTED_EDGE('',*,*,#4843,.T.);
#8503 = ORIENTED_EDGE('',*,*,#8504,.F.);
#8504 = EDGE_CURVE('',#1862,#4836,#8505,.T.);
#8505 = LINE('',#8506,#8507);
#8506 = CARTESIAN_POINT('',(105.85830551721,-1.634323915809,6.3));
#8507 = VECTOR('',#8508,1.);
#8508 = DIRECTION('',(0.,0.,1.));
#8509 = ORIENTED_EDGE('',*,*,#1869,.F.);
#8510 = PLANE('',#8511);
#8511 = AXIS2_PLACEMENT_3D('',#8512,#8513,#8514);
#8512 = CARTESIAN_POINT('',(105.79776353476,-1.533315720376,6.3));
#8513 = DIRECTION('',(0.85772861,0.514102744193,0.));
#8514 = DIRECTION('',(0.514102744193,-0.85772861,0.));
#8515 = ADVANCED_FACE('',(#8516),#8527,.T.);
#8516 = FACE_BOUND('',#8517,.T.);
#8517 = EDGE_LOOP('',(#8518,#8524,#8525,#8526));
#8518 = ORIENTED_EDGE('',*,*,#8519,.T.);
#8519 = EDGE_CURVE('',#702,#3676,#8520,.T.);
#8520 = LINE('',#8521,#8522);
#8521 = CARTESIAN_POINT('',(33.482443465659,-94.77626316533,6.3));
#8522 = VECTOR('',#8523,1.);
#8523 = DIRECTION('',(0.,0.,1.));
#8524 = ORIENTED_EDGE('',*,*,#3675,.T.);
#8525 = ORIENTED_EDGE('',*,*,#8485,.F.);
#8526 = ORIENTED_EDGE('',*,*,#701,.F.);
#8527 = PLANE('',#8528);
#8528 = AXIS2_PLACEMENT_3D('',#8529,#8530,#8531);
#8529 = CARTESIAN_POINT('',(33.482443465659,-94.77626316533,6.3));
#8530 = DIRECTION('',(0.125135852576,-0.992139616385,0.));
#8531 = DIRECTION('',(-0.992139616385,-0.125135852576,0.));
#8532 = ADVANCED_FACE('',(#8533),#8544,.T.);
#8533 = FACE_BOUND('',#8534,.T.);
#8534 = EDGE_LOOP('',(#8535,#8536,#8537,#8543));
#8535 = ORIENTED_EDGE('',*,*,#8504,.T.);
#8536 = ORIENTED_EDGE('',*,*,#4835,.T.);
#8537 = ORIENTED_EDGE('',*,*,#8538,.F.);
#8538 = EDGE_CURVE('',#1854,#4828,#8539,.T.);
#8539 = LINE('',#8540,#8541);
#8540 = CARTESIAN_POINT('',(105.90865543901,-1.740779881162,6.3));
#8541 = VECTOR('',#8542,1.);
#8542 = DIRECTION('',(0.,0.,1.));
#8543 = ORIENTED_EDGE('',*,*,#1861,.F.);
#8544 = PLANE('',#8545);
#8545 = AXIS2_PLACEMENT_3D('',#8546,#8547,#8548);
#8546 = CARTESIAN_POINT('',(105.85830551721,-1.634323915809,6.3));
#8547 = DIRECTION('',(0.903989293123,0.42755509343,0.));
#8548 = DIRECTION('',(0.42755509343,-0.903989293123,0.));
#8549 = ADVANCED_FACE('',(#8550),#8561,.T.);
#8550 = FACE_BOUND('',#8551,.T.);
#8551 = EDGE_LOOP('',(#8552,#8558,#8559,#8560));
#8552 = ORIENTED_EDGE('',*,*,#8553,.T.);
#8553 = EDGE_CURVE('',#710,#3684,#8554,.T.);
#8554 = LINE('',#8555,#8556);
#8555 = CARTESIAN_POINT('',(33.568153132042,-94.75903758409,6.3));
#8556 = VECTOR('',#8557,1.);
#8557 = DIRECTION('',(0.,0.,1.));
#8558 = ORIENTED_EDGE('',*,*,#3683,.T.);
#8559 = ORIENTED_EDGE('',*,*,#8519,.F.);
#8560 = ORIENTED_EDGE('',*,*,#709,.F.);
#8561 = PLANE('',#8562);
#8562 = AXIS2_PLACEMENT_3D('',#8563,#8564,#8565);
#8563 = CARTESIAN_POINT('',(33.568153132042,-94.75903758409,6.3));
#8564 = DIRECTION('',(0.197036061645,-0.980396241533,0.));
#8565 = DIRECTION('',(-0.980396241533,-0.197036061645,0.));
#8566 = ADVANCED_FACE('',(#8567),#8578,.T.);
#8567 = FACE_BOUND('',#8568,.T.);
#8568 = EDGE_LOOP('',(#8569,#8570,#8571,#8577));
#8569 = ORIENTED_EDGE('',*,*,#8538,.T.);
#8570 = ORIENTED_EDGE('',*,*,#4827,.T.);
#8571 = ORIENTED_EDGE('',*,*,#8572,.F.);
#8572 = EDGE_CURVE('',#1846,#4820,#8573,.T.);
#8573 = LINE('',#8574,#8575);
#8574 = CARTESIAN_POINT('',(105.94832840287,-1.851658387295,6.3));
#8575 = VECTOR('',#8576,1.);
#8576 = DIRECTION('',(0.,0.,1.));
#8577 = ORIENTED_EDGE('',*,*,#1853,.F.);
#8578 = PLANE('',#8579);
#8579 = AXIS2_PLACEMENT_3D('',#8580,#8581,#8582);
#8580 = CARTESIAN_POINT('',(105.90865543901,-1.740779881162,6.3));
#8581 = DIRECTION('',(0.941544065183,0.336889853392,0.));
#8582 = DIRECTION('',(0.336889853392,-0.941544065183,0.));
#8583 = ADVANCED_FACE('',(#8584),#8595,.T.);
#8584 = FACE_BOUND('',#8585,.T.);
#8585 = EDGE_LOOP('',(#8586,#8592,#8593,#8594));
#8586 = ORIENTED_EDGE('',*,*,#8587,.T.);
#8587 = EDGE_CURVE('',#718,#3692,#8588,.T.);
#8588 = LINE('',#8589,#8590);
#8589 = CARTESIAN_POINT('',(33.652381243471,-94.73561766082,6.3));
#8590 = VECTOR('',#8591,1.);
#8591 = DIRECTION('',(0.,0.,1.));
#8592 = ORIENTED_EDGE('',*,*,#3691,.T.);
#8593 = ORIENTED_EDGE('',*,*,#8553,.F.);
#8594 = ORIENTED_EDGE('',*,*,#717,.F.);
#8595 = PLANE('',#8596);
#8596 = AXIS2_PLACEMENT_3D('',#8597,#8598,#8599);
#8597 = CARTESIAN_POINT('',(33.652381243471,-94.73561766082,6.3));
#8598 = DIRECTION('',(0.267890492573,-0.963449367631,0.));
#8599 = DIRECTION('',(-0.963449367631,-0.267890492573,0.));
#8600 = ADVANCED_FACE('',(#8601),#8612,.T.);
#8601 = FACE_BOUND('',#8602,.T.);
#8602 = EDGE_LOOP('',(#8603,#8604,#8605,#8611));
#8603 = ORIENTED_EDGE('',*,*,#8572,.T.);
#8604 = ORIENTED_EDGE('',*,*,#4819,.T.);
#8605 = ORIENTED_EDGE('',*,*,#8606,.F.);
#8606 = EDGE_CURVE('',#1838,#4812,#8607,.T.);
#8607 = LINE('',#8608,#8609);
#8608 = CARTESIAN_POINT('',(105.97694233648,-1.965891613581,6.3));
#8609 = VECTOR('',#8610,1.);
#8610 = DIRECTION('',(0.,0.,1.));
#8611 = ORIENTED_EDGE('',*,*,#1845,.F.);
#8612 = PLANE('',#8613);
#8613 = AXIS2_PLACEMENT_3D('',#8614,#8615,#8616);
#8614 = CARTESIAN_POINT('',(105.94832840287,-1.851658387295,6.3));
#8615 = DIRECTION('',(0.970031253195,0.242980179903,0.));
#8616 = DIRECTION('',(0.242980179903,-0.970031253195,0.));
#8617 = ADVANCED_FACE('',(#8618),#8629,.T.);
#8618 = FACE_BOUND('',#8619,.T.);
#8619 = EDGE_LOOP('',(#8620,#8626,#8627,#8628));
#8620 = ORIENTED_EDGE('',*,*,#8621,.T.);
#8621 = EDGE_CURVE('',#726,#3700,#8622,.T.);
#8622 = LINE('',#8623,#8624);
#8623 = CARTESIAN_POINT('',(33.734680755293,-94.70612769788,6.3));
#8624 = VECTOR('',#8625,1.);
#8625 = DIRECTION('',(0.,0.,1.));
#8626 = ORIENTED_EDGE('',*,*,#3699,.T.);
#8627 = ORIENTED_EDGE('',*,*,#8587,.F.);
#8628 = ORIENTED_EDGE('',*,*,#725,.F.);
#8629 = PLANE('',#8630);
#8630 = AXIS2_PLACEMENT_3D('',#8631,#8632,#8633);
#8631 = CARTESIAN_POINT('',(33.734680755293,-94.70612769788,6.3));
#8632 = DIRECTION('',(0.337323082142,-0.941388941009,0.));
#8633 = DIRECTION('',(-0.941388941009,-0.337323082142,0.));
#8634 = ADVANCED_FACE('',(#8635),#8646,.T.);
#8635 = FACE_BOUND('',#8636,.T.);
#8636 = EDGE_LOOP('',(#8637,#8638,#8639,#8645));
#8637 = ORIENTED_EDGE('',*,*,#8606,.T.);
#8638 = ORIENTED_EDGE('',*,*,#4811,.T.);
#8639 = ORIENTED_EDGE('',*,*,#8640,.F.);
#8640 = EDGE_CURVE('',#1830,#4804,#8641,.T.);
#8641 = LINE('',#8642,#8643);
#8642 = CARTESIAN_POINT('',(105.994221672,-2.082379431605,6.3));
#8643 = VECTOR('',#8644,1.);
#8644 = DIRECTION('',(0.,0.,1.));
#8645 = ORIENTED_EDGE('',*,*,#1837,.F.);
#8646 = PLANE('',#8647);
#8647 = AXIS2_PLACEMENT_3D('',#8648,#8649,#8650);
#8648 = CARTESIAN_POINT('',(105.97694233648,-1.965891613581,6.3));
#8649 = DIRECTION('',(0.989176509965,0.146730474455,0.));
#8650 = DIRECTION('',(0.146730474455,-0.989176509965,0.));
#8651 = ADVANCED_FACE('',(#8652),#8663,.T.);
#8652 = FACE_BOUND('',#8653,.T.);
#8653 = EDGE_LOOP('',(#8654,#8660,#8661,#8662));
#8654 = ORIENTED_EDGE('',*,*,#8655,.T.);
#8655 = EDGE_CURVE('',#734,#3708,#8656,.T.);
#8656 = LINE('',#8657,#8658);
#8657 = CARTESIAN_POINT('',(57.785430072656,-85.08582797093,6.3));
#8658 = VECTOR('',#8659,1.);
#8659 = DIRECTION('',(0.,0.,1.));
#8660 = ORIENTED_EDGE('',*,*,#3707,.T.);
#8661 = ORIENTED_EDGE('',*,*,#8621,.F.);
#8662 = ORIENTED_EDGE('',*,*,#733,.F.);
#8663 = PLANE('',#8664);
#8664 = AXIS2_PLACEMENT_3D('',#8665,#8666,#8667);
#8665 = CARTESIAN_POINT('',(57.785430072656,-85.08582797093,6.3));
#8666 = DIRECTION('',(0.371390676354,-0.928476690885,0.));
#8667 = DIRECTION('',(-0.928476690885,-0.371390676354,0.));
#8668 = ADVANCED_FACE('',(#8669),#8680,.T.);
#8669 = FACE_BOUND('',#8670,.T.);
#8670 = EDGE_LOOP('',(#8671,#8672,#8673,#8679));
#8671 = ORIENTED_EDGE('',*,*,#8640,.T.);
#8672 = ORIENTED_EDGE('',*,*,#4803,.T.);
#8673 = ORIENTED_EDGE('',*,*,#8674,.F.);
#8674 = EDGE_CURVE('',#1822,#4796,#8675,.T.);
#8675 = LINE('',#8676,#8677);
#8676 = CARTESIAN_POINT('',(106.,-2.2,6.3));
#8677 = VECTOR('',#8678,1.);
#8678 = DIRECTION('',(0.,0.,1.));
#8679 = ORIENTED_EDGE('',*,*,#1829,.F.);
#8680 = PLANE('',#8681);
#8681 = AXIS2_PLACEMENT_3D('',#8682,#8683,#8684);
#8682 = CARTESIAN_POINT('',(105.994221672,-2.082379431605,6.3));
#8683 = DIRECTION('',(0.998795456205,4.906767432746E-02,0.));
#8684 = DIRECTION('',(4.906767432746E-02,-0.998795456205,0.));
#8685 = ADVANCED_FACE('',(#8686),#8697,.T.);
#8686 = FACE_BOUND('',#8687,.T.);
#8687 = EDGE_LOOP('',(#8688,#8694,#8695,#8696));
#8688 = ORIENTED_EDGE('',*,*,#8689,.T.);
#8689 = EDGE_CURVE('',#742,#3716,#8690,.T.);
#8690 = LINE('',#8691,#8692);
#8691 = CARTESIAN_POINT('',(57.812050444549,-85.07554528541,6.3));
#8692 = VECTOR('',#8693,1.);
#8693 = DIRECTION('',(0.,0.,1.));
#8694 = ORIENTED_EDGE('',*,*,#3715,.T.);
#8695 = ORIENTED_EDGE('',*,*,#8655,.F.);
#8696 = ORIENTED_EDGE('',*,*,#741,.F.);
#8697 = PLANE('',#8698);
#8698 = AXIS2_PLACEMENT_3D('',#8699,#8700,#8701);
#8699 = CARTESIAN_POINT('',(57.812050444549,-85.07554528541,6.3));
#8700 = DIRECTION('',(0.360324327867,-0.932827089416,0.));
#8701 = DIRECTION('',(-0.932827089416,-0.360324327867,0.));
#8702 = ADVANCED_FACE('',(#8703),#8714,.T.);
#8703 = FACE_BOUND('',#8704,.T.);
#8704 = EDGE_LOOP('',(#8705,#8706,#8707,#8713));
#8705 = ORIENTED_EDGE('',*,*,#8674,.T.);
#8706 = ORIENTED_EDGE('',*,*,#4795,.T.);
#8707 = ORIENTED_EDGE('',*,*,#8708,.F.);
#8708 = EDGE_CURVE('',#1814,#4788,#8709,.T.);
#8709 = LINE('',#8710,#8711);
#8710 = CARTESIAN_POINT('',(106.,-4.8,6.3));
#8711 = VECTOR('',#8712,1.);
#8712 = DIRECTION('',(0.,0.,1.));
#8713 = ORIENTED_EDGE('',*,*,#1821,.F.);
#8714 = PLANE('',#8715);
#8715 = AXIS2_PLACEMENT_3D('',#8716,#8717,#8718);
#8716 = CARTESIAN_POINT('',(106.,-2.2,6.3));
#8717 = DIRECTION('',(1.,0.,0.));
#8718 = DIRECTION('',(0.,-1.,0.));
#8719 = ADVANCED_FACE('',(#8720),#8731,.T.);
#8720 = FACE_BOUND('',#8721,.T.);
#8721 = EDGE_LOOP('',(#8722,#8728,#8729,#8730));
#8722 = ORIENTED_EDGE('',*,*,#8723,.T.);
#8723 = EDGE_CURVE('',#750,#3724,#8724,.T.);
#8724 = LINE('',#8725,#8726);
#8725 = CARTESIAN_POINT('',(57.838907805161,-85.06589852417,6.3));
#8726 = VECTOR('',#8727,1.);
#8727 = DIRECTION('',(0.,0.,1.));
#8728 = ORIENTED_EDGE('',*,*,#3723,.T.);
#8729 = ORIENTED_EDGE('',*,*,#8689,.F.);
#8730 = ORIENTED_EDGE('',*,*,#749,.F.);
#8731 = PLANE('',#8732);
#8732 = AXIS2_PLACEMENT_3D('',#8733,#8734,#8735);
#8733 = CARTESIAN_POINT('',(57.838907805161,-85.06589852417,6.3));
#8734 = DIRECTION('',(0.338040363958,-0.941131612653,0.));
#8735 = DIRECTION('',(-0.941131612653,-0.338040363958,0.));
#8736 = ADVANCED_FACE('',(#8737),#8748,.T.);
#8737 = FACE_BOUND('',#8738,.T.);
#8738 = EDGE_LOOP('',(#8739,#8740,#8741,#8747));
#8739 = ORIENTED_EDGE('',*,*,#8708,.T.);
#8740 = ORIENTED_EDGE('',*,*,#4787,.T.);
#8741 = ORIENTED_EDGE('',*,*,#8742,.F.);
#8742 = EDGE_CURVE('',#1806,#4780,#8743,.T.);
#8743 = LINE('',#8744,#8745);
#8744 = CARTESIAN_POINT('',(106.00577832799,-4.917620568395,6.3));
#8745 = VECTOR('',#8746,1.);
#8746 = DIRECTION('',(0.,0.,1.));
#8747 = ORIENTED_EDGE('',*,*,#1813,.F.);
#8748 = PLANE('',#8749);
#8749 = AXIS2_PLACEMENT_3D('',#8750,#8751,#8752);
#8750 = CARTESIAN_POINT('',(106.,-4.8,6.3));
#8751 = DIRECTION('',(0.998795456205,4.906767432746E-02,0.));
#8752 = DIRECTION('',(4.906767432746E-02,-0.998795456205,0.));
#8753 = ADVANCED_FACE('',(#8754),#8765,.T.);
#8754 = FACE_BOUND('',#8755,.T.);
#8755 = EDGE_LOOP('',(#8756,#8762,#8763,#8764));
#8756 = ORIENTED_EDGE('',*,*,#8757,.T.);
#8757 = EDGE_CURVE('',#758,#3732,#8758,.T.);
#8758 = LINE('',#8759,#8760);
#8759 = CARTESIAN_POINT('',(57.865986965576,-85.05689314286,6.3));
#8760 = VECTOR('',#8761,1.);
#8761 = DIRECTION('',(0.,0.,1.));
#8762 = ORIENTED_EDGE('',*,*,#3731,.T.);
#8763 = ORIENTED_EDGE('',*,*,#8723,.F.);
#8764 = ORIENTED_EDGE('',*,*,#757,.F.);
#8765 = PLANE('',#8766);
#8766 = AXIS2_PLACEMENT_3D('',#8767,#8768,#8769);
#8767 = CARTESIAN_POINT('',(57.865986965576,-85.05689314286,6.3));
#8768 = DIRECTION('',(0.31556522465,-0.948903888174,0.));
#8769 = DIRECTION('',(-0.948903888174,-0.31556522465,0.));
#8770 = ADVANCED_FACE('',(#8771),#8782,.T.);
#8771 = FACE_BOUND('',#8772,.T.);
#8772 = EDGE_LOOP('',(#8773,#8774,#8775,#8781));
#8773 = ORIENTED_EDGE('',*,*,#8742,.T.);
#8774 = ORIENTED_EDGE('',*,*,#4779,.T.);
#8775 = ORIENTED_EDGE('',*,*,#8776,.F.);
#8776 = EDGE_CURVE('',#1798,#4772,#8777,.T.);
#8777 = LINE('',#8778,#8779);
#8778 = CARTESIAN_POINT('',(106.02305766351,-5.034108386419,6.3));
#8779 = VECTOR('',#8780,1.);
#8780 = DIRECTION('',(0.,0.,1.));
#8781 = ORIENTED_EDGE('',*,*,#1805,.F.);
#8782 = PLANE('',#8783);
#8783 = AXIS2_PLACEMENT_3D('',#8784,#8785,#8786);
#8784 = CARTESIAN_POINT('',(106.00577832799,-4.917620568395,6.3));
#8785 = DIRECTION('',(0.989176509965,0.146730474455,0.));
#8786 = DIRECTION('',(0.146730474455,-0.989176509965,0.));
#8787 = ADVANCED_FACE('',(#8788),#8799,.T.);
#8788 = FACE_BOUND('',#8789,.T.);
#8789 = EDGE_LOOP('',(#8790,#8796,#8797,#8798));
#8790 = ORIENTED_EDGE('',*,*,#8791,.T.);
#8791 = EDGE_CURVE('',#766,#3740,#8792,.T.);
#8792 = LINE('',#8793,#8794);
#8793 = CARTESIAN_POINT('',(57.893272611442,-85.04853423438,6.3));
#8794 = VECTOR('',#8795,1.);
#8795 = DIRECTION('',(0.,0.,1.));
#8796 = ORIENTED_EDGE('',*,*,#3739,.T.);
#8797 = ORIENTED_EDGE('',*,*,#8757,.F.);
#8798 = ORIENTED_EDGE('',*,*,#765,.F.);
#8799 = PLANE('',#8800);
#8800 = AXIS2_PLACEMENT_3D('',#8801,#8802,#8803);
#8801 = CARTESIAN_POINT('',(57.893272611442,-85.04853423438,6.3));
#8802 = DIRECTION('',(0.292911620536,-0.956139520444,0.));
#8803 = DIRECTION('',(-0.956139520444,-0.292911620536,0.));
#8804 = ADVANCED_FACE('',(#8805),#8816,.T.);
#8805 = FACE_BOUND('',#8806,.T.);
#8806 = EDGE_LOOP('',(#8807,#8808,#8809,#8815));
#8807 = ORIENTED_EDGE('',*,*,#8776,.T.);
#8808 = ORIENTED_EDGE('',*,*,#4771,.T.);
#8809 = ORIENTED_EDGE('',*,*,#8810,.F.);
#8810 = EDGE_CURVE('',#1790,#4764,#8811,.T.);
#8811 = LINE('',#8812,#8813);
#8812 = CARTESIAN_POINT('',(106.05167159712,-5.148341612705,6.3));
#8813 = VECTOR('',#8814,1.);
#8814 = DIRECTION('',(0.,0.,1.));
#8815 = ORIENTED_EDGE('',*,*,#1797,.F.);
#8816 = PLANE('',#8817);
#8817 = AXIS2_PLACEMENT_3D('',#8818,#8819,#8820);
#8818 = CARTESIAN_POINT('',(106.02305766351,-5.034108386419,6.3));
#8819 = DIRECTION('',(0.970031253195,0.242980179903,0.));
#8820 = DIRECTION('',(0.242980179903,-0.970031253195,0.));
#8821 = ADVANCED_FACE('',(#8822),#8833,.T.);
#8822 = FACE_BOUND('',#8823,.T.);
#8823 = EDGE_LOOP('',(#8824,#8830,#8831,#8832));
#8824 = ORIENTED_EDGE('',*,*,#8825,.T.);
#8825 = EDGE_CURVE('',#774,#3748,#8826,.T.);
#8826 = LINE('',#8827,#8828);
#8827 = CARTESIAN_POINT('',(57.92074931163,-85.04082652603,6.3));
#8828 = VECTOR('',#8829,1.);
#8829 = DIRECTION('',(0.,0.,1.));
#8830 = ORIENTED_EDGE('',*,*,#3747,.T.);
#8831 = ORIENTED_EDGE('',*,*,#8791,.F.);
#8832 = ORIENTED_EDGE('',*,*,#773,.F.);
#8833 = PLANE('',#8834);
#8834 = AXIS2_PLACEMENT_3D('',#8835,#8836,#8837);
#8835 = CARTESIAN_POINT('',(57.92074931163,-85.04082652603,6.3));
#8836 = DIRECTION('',(0.270092363138,-0.962834417423,0.));
#8837 = DIRECTION('',(-0.962834417423,-0.270092363138,0.));
#8838 = ADVANCED_FACE('',(#8839),#8850,.T.);
#8839 = FACE_BOUND('',#8840,.T.);
#8840 = EDGE_LOOP('',(#8841,#8842,#8843,#8849));
#8841 = ORIENTED_EDGE('',*,*,#8810,.T.);
#8842 = ORIENTED_EDGE('',*,*,#4763,.T.);
#8843 = ORIENTED_EDGE('',*,*,#8844,.F.);
#8844 = EDGE_CURVE('',#1782,#4756,#8845,.T.);
#8845 = LINE('',#8846,#8847);
#8846 = CARTESIAN_POINT('',(106.09134456098,-5.259220118838,6.3));
#8847 = VECTOR('',#8848,1.);
#8848 = DIRECTION('',(0.,0.,1.));
#8849 = ORIENTED_EDGE('',*,*,#1789,.F.);
#8850 = PLANE('',#8851);
#8851 = AXIS2_PLACEMENT_3D('',#8852,#8853,#8854);
#8852 = CARTESIAN_POINT('',(106.05167159712,-5.148341612705,6.3));
#8853 = DIRECTION('',(0.941544065183,0.336889853392,0.));
#8854 = DIRECTION('',(0.336889853392,-0.941544065183,0.));
#8855 = ADVANCED_FACE('',(#8856),#8867,.T.);
#8856 = FACE_BOUND('',#8857,.T.);
#8857 = EDGE_LOOP('',(#8858,#8864,#8865,#8866));
#8858 = ORIENTED_EDGE('',*,*,#8859,.T.);
#8859 = EDGE_CURVE('',#782,#3756,#8860,.T.);
#8860 = LINE('',#8861,#8862);
#8861 = CARTESIAN_POINT('',(57.948401526963,-85.03377437681,6.3));
#8862 = VECTOR('',#8863,1.);
#8863 = DIRECTION('',(0.,0.,1.));
#8864 = ORIENTED_EDGE('',*,*,#3755,.T.);
#8865 = ORIENTED_EDGE('',*,*,#8825,.F.);
#8866 = ORIENTED_EDGE('',*,*,#781,.F.);
#8867 = PLANE('',#8868);
#8868 = AXIS2_PLACEMENT_3D('',#8869,#8870,#8871);
#8869 = CARTESIAN_POINT('',(57.948401526963,-85.03377437681,6.3));
#8870 = DIRECTION('',(0.247120357666,-0.968984792877,0.));
#8871 = DIRECTION('',(-0.968984792877,-0.247120357666,0.));
#8872 = ADVANCED_FACE('',(#8873),#8884,.T.);
#8873 = FACE_BOUND('',#8874,.T.);
#8874 = EDGE_LOOP('',(#8875,#8876,#8877,#8883));
#8875 = ORIENTED_EDGE('',*,*,#8844,.T.);
#8876 = ORIENTED_EDGE('',*,*,#4755,.T.);
#8877 = ORIENTED_EDGE('',*,*,#8878,.F.);
#8878 = EDGE_CURVE('',#1774,#4748,#8879,.T.);
#8879 = LINE('',#8880,#8881);
#8880 = CARTESIAN_POINT('',(106.14169448278,-5.365676084191,6.3));
#8881 = VECTOR('',#8882,1.);
#8882 = DIRECTION('',(0.,0.,1.));
#8883 = ORIENTED_EDGE('',*,*,#1781,.F.);
#8884 = PLANE('',#8885);
#8885 = AXIS2_PLACEMENT_3D('',#8886,#8887,#8888);
#8886 = CARTESIAN_POINT('',(106.09134456098,-5.259220118838,6.3));
#8887 = DIRECTION('',(0.903989293123,0.42755509343,0.));
#8888 = DIRECTION('',(0.42755509343,-0.903989293123,0.));
#8889 = ADVANCED_FACE('',(#8890),#8901,.T.);
#8890 = FACE_BOUND('',#8891,.T.);
#8891 = EDGE_LOOP('',(#8892,#8898,#8899,#8900));
#8892 = ORIENTED_EDGE('',*,*,#8893,.T.);
#8893 = EDGE_CURVE('',#790,#3764,#8894,.T.);
#8894 = LINE('',#8895,#8896);
#8895 = CARTESIAN_POINT('',(57.976213619003,-85.02738177502,6.3));
#8896 = VECTOR('',#8897,1.);
#8897 = DIRECTION('',(0.,0.,1.));
#8898 = ORIENTED_EDGE('',*,*,#3763,.T.);
#8899 = ORIENTED_EDGE('',*,*,#8859,.F.);
#8900 = ORIENTED_EDGE('',*,*,#789,.F.);
#8901 = PLANE('',#8902);
#8902 = AXIS2_PLACEMENT_3D('',#8903,#8904,#8905);
#8903 = CARTESIAN_POINT('',(57.976213619003,-85.02738177502,6.3));
#8904 = DIRECTION('',(0.224008595706,-0.974587168523,0.));
#8905 = DIRECTION('',(-0.974587168523,-0.224008595706,0.));
#8906 = ADVANCED_FACE('',(#8907),#8918,.T.);
#8907 = FACE_BOUND('',#8908,.T.);
#8908 = EDGE_LOOP('',(#8909,#8910,#8911,#8917));
#8909 = ORIENTED_EDGE('',*,*,#8878,.T.);
#8910 = ORIENTED_EDGE('',*,*,#4747,.T.);
#8911 = ORIENTED_EDGE('',*,*,#8912,.F.);
#8912 = EDGE_CURVE('',#1766,#4740,#8913,.T.);
#8913 = LINE('',#8914,#8915);
#8914 = CARTESIAN_POINT('',(106.20223646523,-5.466684279624,6.3));
#8915 = VECTOR('',#8916,1.);
#8916 = DIRECTION('',(0.,0.,1.));
#8917 = ORIENTED_EDGE('',*,*,#1773,.F.);
#8918 = PLANE('',#8919);
#8919 = AXIS2_PLACEMENT_3D('',#8920,#8921,#8922);
#8920 = CARTESIAN_POINT('',(106.14169448278,-5.365676084191,6.3));
#8921 = DIRECTION('',(0.85772861,0.514102744193,0.));
#8922 = DIRECTION('',(0.514102744193,-0.85772861,0.));
#8923 = ADVANCED_FACE('',(#8924),#8935,.T.);
#8924 = FACE_BOUND('',#8925,.T.);
#8925 = EDGE_LOOP('',(#8926,#8932,#8933,#8934));
#8926 = ORIENTED_EDGE('',*,*,#8927,.T.);
#8927 = EDGE_CURVE('',#798,#3772,#8928,.T.);
#8928 = LINE('',#8929,#8930);
#8929 = CARTESIAN_POINT('',(58.004169858895,-85.02165233592,6.3));
#8930 = VECTOR('',#8931,1.);
#8931 = DIRECTION('',(0.,0.,1.));
#8932 = ORIENTED_EDGE('',*,*,#3771,.T.);
#8933 = ORIENTED_EDGE('',*,*,#8893,.F.);
#8934 = ORIENTED_EDGE('',*,*,#797,.F.);
#8935 = PLANE('',#8936);
#8936 = AXIS2_PLACEMENT_3D('',#8937,#8938,#8939);
#8937 = CARTESIAN_POINT('',(58.004169858895,-85.02165233592,6.3));
#8938 = DIRECTION('',(0.200770147893,-0.979638375991,0.));
#8939 = DIRECTION('',(-0.979638375991,-0.200770147893,0.));
#8940 = ADVANCED_FACE('',(#8941),#8952,.T.);
#8941 = FACE_BOUND('',#8942,.T.);
#8942 = EDGE_LOOP('',(#8943,#8944,#8945,#8951));
#8943 = ORIENTED_EDGE('',*,*,#8912,.T.);
#8944 = ORIENTED_EDGE('',*,*,#4739,.T.);
#8945 = ORIENTED_EDGE('',*,*,#8946,.F.);
#8946 = EDGE_CURVE('',#1758,#4732,#8947,.T.);
#8947 = LINE('',#8948,#8949);
#8948 = CARTESIAN_POINT('',(106.27238745596,-5.561271940996,6.3));
#8949 = VECTOR('',#8950,1.);
#8950 = DIRECTION('',(0.,0.,1.));
#8951 = ORIENTED_EDGE('',*,*,#1765,.F.);
#8952 = PLANE('',#8953);
#8953 = AXIS2_PLACEMENT_3D('',#8954,#8955,#8956);
#8954 = CARTESIAN_POINT('',(106.20223646523,-5.466684279624,6.3));
#8955 = DIRECTION('',(0.803207531481,0.595699304492,0.));
#8956 = DIRECTION('',(0.595699304492,-0.803207531481,0.));
#8957 = ADVANCED_FACE('',(#8958),#8969,.T.);
#8958 = FACE_BOUND('',#8959,.T.);
#8959 = EDGE_LOOP('',(#8960,#8966,#8967,#8968));
#8960 = ORIENTED_EDGE('',*,*,#8961,.T.);
#8961 = EDGE_CURVE('',#806,#3780,#8962,.T.);
#8962 = LINE('',#8963,#8964);
#8963 = CARTESIAN_POINT('',(58.032254436263,-85.01658929973,6.3));
#8964 = VECTOR('',#8965,1.);
#8965 = DIRECTION('',(0.,0.,1.));
#8966 = ORIENTED_EDGE('',*,*,#3779,.T.);
#8967 = ORIENTED_EDGE('',*,*,#8927,.F.);
#8968 = ORIENTED_EDGE('',*,*,#805,.F.);
#8969 = PLANE('',#8970);
#8970 = AXIS2_PLACEMENT_3D('',#8971,#8972,#8973);
#8971 = CARTESIAN_POINT('',(58.032254436263,-85.01658929973,6.3));
#8972 = DIRECTION('',(0.177418156498,-0.984135558622,0.));
#8973 = DIRECTION('',(-0.984135558622,-0.177418156498,0.));
#8974 = ADVANCED_FACE('',(#8975),#8986,.T.);
#8975 = FACE_BOUND('',#8976,.T.);
#8976 = EDGE_LOOP('',(#8977,#8978,#8979,#8985));
#8977 = ORIENTED_EDGE('',*,*,#8946,.T.);
#8978 = ORIENTED_EDGE('',*,*,#4731,.T.);
#8979 = ORIENTED_EDGE('',*,*,#8980,.F.);
#8980 = EDGE_CURVE('',#1750,#4724,#8981,.T.);
#8981 = LINE('',#8982,#8983);
#8982 = CARTESIAN_POINT('',(106.35147186257,-5.648528137424,6.3));
#8983 = VECTOR('',#8984,1.);
#8984 = DIRECTION('',(0.,0.,1.));
#8985 = ORIENTED_EDGE('',*,*,#1757,.F.);
#8986 = PLANE('',#8987);
#8987 = AXIS2_PLACEMENT_3D('',#8988,#8989,#8990);
#8988 = CARTESIAN_POINT('',(106.27238745596,-5.561271940996,6.3));
#8989 = DIRECTION('',(0.740951125355,0.671558954847,0.));
#8990 = DIRECTION('',(0.671558954847,-0.740951125355,0.));
#8991 = ADVANCED_FACE('',(#8992),#9003,.T.);
#8992 = FACE_BOUND('',#8993,.T.);
#8993 = EDGE_LOOP('',(#8994,#9000,#9001,#9002));
#8994 = ORIENTED_EDGE('',*,*,#8995,.T.);
#8995 = EDGE_CURVE('',#814,#3788,#8996,.T.);
#8996 = LINE('',#8997,#8998);
#8997 = CARTESIAN_POINT('',(58.06045146815,-85.01219552982,6.3));
#8998 = VECTOR('',#8999,1.);
#8999 = DIRECTION('',(0.,0.,1.));
#9000 = ORIENTED_EDGE('',*,*,#3787,.T.);
#9001 = ORIENTED_EDGE('',*,*,#8961,.F.);
#9002 = ORIENTED_EDGE('',*,*,#813,.F.);
#9003 = PLANE('',#9004);
#9004 = AXIS2_PLACEMENT_3D('',#9005,#9006,#9007);
#9005 = CARTESIAN_POINT('',(58.06045146815,-85.01219552982,6.3));
#9006 = DIRECTION('',(0.153965828012,-0.988076173078,0.));
#9007 = DIRECTION('',(-0.988076173078,-0.153965828012,0.));
#9008 = ADVANCED_FACE('',(#9009),#9020,.T.);
#9009 = FACE_BOUND('',#9010,.T.);
#9010 = EDGE_LOOP('',(#9011,#9012,#9013,#9019));
#9011 = ORIENTED_EDGE('',*,*,#8980,.T.);
#9012 = ORIENTED_EDGE('',*,*,#4723,.T.);
#9013 = ORIENTED_EDGE('',*,*,#9014,.F.);
#9014 = EDGE_CURVE('',#1742,#4716,#9015,.T.);
#9015 = LINE('',#9016,#9017);
#9016 = CARTESIAN_POINT('',(106.438728059,-5.727612544035,6.3));
#9017 = VECTOR('',#9018,1.);
#9018 = DIRECTION('',(0.,0.,1.));
#9019 = ORIENTED_EDGE('',*,*,#1749,.F.);
#9020 = PLANE('',#9021);
#9021 = AXIS2_PLACEMENT_3D('',#9022,#9023,#9024);
#9022 = CARTESIAN_POINT('',(106.35147186257,-5.648528137424,6.3));
#9023 = DIRECTION('',(0.671558954847,0.740951125355,0.));
#9024 = DIRECTION('',(0.740951125355,-0.671558954847,0.));
#9025 = ADVANCED_FACE('',(#9026),#9037,.T.);
#9026 = FACE_BOUND('',#9027,.T.);
#9027 = EDGE_LOOP('',(#9028,#9034,#9035,#9036));
#9028 = ORIENTED_EDGE('',*,*,#9029,.T.);
#9029 = EDGE_CURVE('',#822,#3796,#9030,.T.);
#9030 = LINE('',#9031,#9032);
#9031 = CARTESIAN_POINT('',(58.088745008004,-85.00847351103,6.3));
#9032 = VECTOR('',#9033,1.);
#9033 = DIRECTION('',(0.,0.,1.));
#9034 = ORIENTED_EDGE('',*,*,#3795,.T.);
#9035 = ORIENTED_EDGE('',*,*,#8995,.F.);
#9036 = ORIENTED_EDGE('',*,*,#821,.F.);
#9037 = PLANE('',#9038);
#9038 = AXIS2_PLACEMENT_3D('',#9039,#9040,#9041);
#9039 = CARTESIAN_POINT('',(58.088745008004,-85.00847351103,6.3));
#9040 = DIRECTION('',(0.130426425668,-0.991457990783,0.));
#9041 = DIRECTION('',(-0.991457990783,-0.130426425668,0.));
#9042 = ADVANCED_FACE('',(#9043),#9054,.T.);
#9043 = FACE_BOUND('',#9044,.T.);
#9044 = EDGE_LOOP('',(#9045,#9046,#9047,#9053));
#9045 = ORIENTED_EDGE('',*,*,#9014,.T.);
#9046 = ORIENTED_EDGE('',*,*,#4715,.T.);
#9047 = ORIENTED_EDGE('',*,*,#9048,.F.);
#9048 = EDGE_CURVE('',#1734,#4708,#9049,.T.);
#9049 = LINE('',#9050,#9051);
#9050 = CARTESIAN_POINT('',(106.53331572037,-5.797763534763,6.3));
#9051 = VECTOR('',#9052,1.);
#9052 = DIRECTION('',(0.,0.,1.));
#9053 = ORIENTED_EDGE('',*,*,#1741,.F.);
#9054 = PLANE('',#9055);
#9055 = AXIS2_PLACEMENT_3D('',#9056,#9057,#9058);
#9056 = CARTESIAN_POINT('',(106.438728059,-5.727612544035,6.3));
#9057 = DIRECTION('',(0.595699304492,0.803207531481,0.));
#9058 = DIRECTION('',(0.803207531481,-0.595699304492,0.));
#9059 = ADVANCED_FACE('',(#9060),#9071,.T.);
#9060 = FACE_BOUND('',#9061,.T.);
#9061 = EDGE_LOOP('',(#9062,#9068,#9069,#9070));
#9062 = ORIENTED_EDGE('',*,*,#9063,.T.);
#9063 = EDGE_CURVE('',#830,#3804,#9064,.T.);
#9064 = LINE('',#9065,#9066);
#9065 = CARTESIAN_POINT('',(58.117119054691,-85.00542534831,6.3));
#9066 = VECTOR('',#9067,1.);
#9067 = DIRECTION('',(0.,0.,1.));
#9068 = ORIENTED_EDGE('',*,*,#3803,.T.);
#9069 = ORIENTED_EDGE('',*,*,#9029,.F.);
#9070 = ORIENTED_EDGE('',*,*,#829,.F.);
#9071 = PLANE('',#9072);
#9072 = AXIS2_PLACEMENT_3D('',#9073,#9074,#9075);
#9073 = CARTESIAN_POINT('',(58.117119054691,-85.00542534831,6.3));
#9074 = DIRECTION('',(0.106813261943,-0.994279099183,0.));
#9075 = DIRECTION('',(-0.994279099183,-0.106813261943,0.));
#9076 = ADVANCED_FACE('',(#9077),#9088,.T.);
#9077 = FACE_BOUND('',#9078,.T.);
#9078 = EDGE_LOOP('',(#9079,#9080,#9081,#9087));
#9079 = ORIENTED_EDGE('',*,*,#9048,.T.);
#9080 = ORIENTED_EDGE('',*,*,#4707,.T.);
#9081 = ORIENTED_EDGE('',*,*,#9082,.F.);
#9082 = EDGE_CURVE('',#1726,#4700,#9083,.T.);
#9083 = LINE('',#9084,#9085);
#9084 = CARTESIAN_POINT('',(106.6343239158,-5.858305517218,6.3));
#9085 = VECTOR('',#9086,1.);
#9086 = DIRECTION('',(0.,0.,1.));
#9087 = ORIENTED_EDGE('',*,*,#1733,.F.);
#9088 = PLANE('',#9089);
#9089 = AXIS2_PLACEMENT_3D('',#9090,#9091,#9092);
#9090 = CARTESIAN_POINT('',(106.53331572037,-5.797763534763,6.3));
#9091 = DIRECTION('',(0.514102744193,0.85772861,0.));
#9092 = DIRECTION('',(0.85772861,-0.514102744193,0.));
#9093 = ADVANCED_FACE('',(#9094),#9105,.T.);
#9094 = FACE_BOUND('',#9095,.T.);
#9095 = EDGE_LOOP('',(#9096,#9102,#9103,#9104));
#9096 = ORIENTED_EDGE('',*,*,#9097,.T.);
#9097 = EDGE_CURVE('',#838,#3812,#9098,.T.);
#9098 = LINE('',#9099,#9100);
#9099 = CARTESIAN_POINT('',(58.145557561548,-85.00305276553,6.3));
#9100 = VECTOR('',#9101,1.);
#9101 = DIRECTION('',(0.,0.,1.));
#9102 = ORIENTED_EDGE('',*,*,#3811,.T.);
#9103 = ORIENTED_EDGE('',*,*,#9063,.F.);
#9104 = ORIENTED_EDGE('',*,*,#837,.F.);
#9105 = PLANE('',#9106);
#9106 = AXIS2_PLACEMENT_3D('',#9107,#9108,#9109);
#9107 = CARTESIAN_POINT('',(58.145557561548,-85.00305276553,6.3));
#9108 = DIRECTION('',(8.313969103003E-02,-0.996537902829,0.));
#9109 = DIRECTION('',(-0.996537902829,-8.313969103003E-02,0.));
#9110 = ADVANCED_FACE('',(#9111),#9122,.T.);
#9111 = FACE_BOUND('',#9112,.T.);
#9112 = EDGE_LOOP('',(#9113,#9114,#9115,#9121));
#9113 = ORIENTED_EDGE('',*,*,#9082,.T.);
#9114 = ORIENTED_EDGE('',*,*,#4699,.T.);
#9115 = ORIENTED_EDGE('',*,*,#9116,.F.);
#9116 = EDGE_CURVE('',#1718,#4692,#9117,.T.);
#9117 = LINE('',#9118,#9119);
#9118 = CARTESIAN_POINT('',(106.74077988116,-5.908655439014,6.3));
#9119 = VECTOR('',#9120,1.);
#9120 = DIRECTION('',(0.,0.,1.));
#9121 = ORIENTED_EDGE('',*,*,#1725,.F.);
#9122 = PLANE('',#9123);
#9123 = AXIS2_PLACEMENT_3D('',#9124,#9125,#9126);
#9124 = CARTESIAN_POINT('',(106.6343239158,-5.858305517218,6.3));
#9125 = DIRECTION('',(0.42755509343,0.903989293123,0.));
#9126 = DIRECTION('',(0.903989293123,-0.42755509343,0.));
#9127 = ADVANCED_FACE('',(#9128),#9139,.T.);
#9128 = FACE_BOUND('',#9129,.T.);
#9129 = EDGE_LOOP('',(#9130,#9136,#9137,#9138));
#9130 = ORIENTED_EDGE('',*,*,#9131,.T.);
#9131 = EDGE_CURVE('',#846,#3820,#9132,.T.);
#9132 = LINE('',#9133,#9134);
#9133 = CARTESIAN_POINT('',(58.174044445457,-85.00135710446,6.3));
#9134 = VECTOR('',#9135,1.);
#9135 = DIRECTION('',(0.,0.,1.));
#9136 = ORIENTED_EDGE('',*,*,#3819,.T.);
#9137 = ORIENTED_EDGE('',*,*,#9097,.F.);
#9138 = ORIENTED_EDGE('',*,*,#845,.F.);
#9139 = PLANE('',#9140);
#9140 = AXIS2_PLACEMENT_3D('',#9141,#9142,#9143);
#9141 = CARTESIAN_POINT('',(58.174044445457,-85.00135710446,6.3));
#9142 = DIRECTION('',(5.941910128294E-02,-0.998233124276,0.));
#9143 = DIRECTION('',(-0.998233124276,-5.941910128294E-02,0.));
#9144 = ADVANCED_FACE('',(#9145),#9156,.T.);
#9145 = FACE_BOUND('',#9146,.T.);
#9146 = EDGE_LOOP('',(#9147,#9148,#9149,#9155));
#9147 = ORIENTED_EDGE('',*,*,#9116,.T.);
#9148 = ORIENTED_EDGE('',*,*,#4691,.T.);
#9149 = ORIENTED_EDGE('',*,*,#9150,.F.);
#9150 = EDGE_CURVE('',#1710,#4684,#9151,.T.);
#9151 = LINE('',#9152,#9153);
#9152 = CARTESIAN_POINT('',(106.85165838729,-5.948328402879,6.3));
#9153 = VECTOR('',#9154,1.);
#9154 = DIRECTION('',(0.,0.,1.));
#9155 = ORIENTED_EDGE('',*,*,#1717,.F.);
#9156 = PLANE('',#9157);
#9157 = AXIS2_PLACEMENT_3D('',#9158,#9159,#9160);
#9158 = CARTESIAN_POINT('',(106.74077988116,-5.908655439014,6.3));
#9159 = DIRECTION('',(0.336889853392,0.941544065183,0.));
#9160 = DIRECTION('',(0.941544065183,-0.336889853392,0.));
#9161 = ADVANCED_FACE('',(#9162),#9173,.T.);
#9162 = FACE_BOUND('',#9163,.T.);
#9163 = EDGE_LOOP('',(#9164,#9170,#9171,#9172));
#9164 = ORIENTED_EDGE('',*,*,#9165,.T.);
#9165 = EDGE_CURVE('',#854,#3828,#9166,.T.);
#9166 = LINE('',#9167,#9168);
#9167 = CARTESIAN_POINT('',(58.202563595943,-85.00033932409,6.3));
#9168 = VECTOR('',#9169,1.);
#9169 = DIRECTION('',(0.,0.,1.));
#9170 = ORIENTED_EDGE('',*,*,#3827,.T.);
#9171 = ORIENTED_EDGE('',*,*,#9131,.F.);
#9172 = ORIENTED_EDGE('',*,*,#853,.F.);
#9173 = PLANE('',#9174);
#9174 = AXIS2_PLACEMENT_3D('',#9175,#9176,#9177);
#9175 = CARTESIAN_POINT('',(58.202563595943,-85.00033932409,6.3));
#9176 = DIRECTION('',(3.566490764814E-02,-0.999363804809,0.));
#9177 = DIRECTION('',(-0.999363804809,-3.566490764814E-02,0.));
#9178 = ADVANCED_FACE('',(#9179),#9190,.T.);
#9179 = FACE_BOUND('',#9180,.T.);
#9180 = EDGE_LOOP('',(#9181,#9182,#9183,#9189));
#9181 = ORIENTED_EDGE('',*,*,#9150,.T.);
#9182 = ORIENTED_EDGE('',*,*,#4683,.T.);
#9183 = ORIENTED_EDGE('',*,*,#9184,.F.);
#9184 = EDGE_CURVE('',#1702,#4676,#9185,.T.);
#9185 = LINE('',#9186,#9187);
#9186 = CARTESIAN_POINT('',(106.96589161358,-5.976942336484,6.3));
#9187 = VECTOR('',#9188,1.);
#9188 = DIRECTION('',(0.,0.,1.));
#9189 = ORIENTED_EDGE('',*,*,#1709,.F.);
#9190 = PLANE('',#9191);
#9191 = AXIS2_PLACEMENT_3D('',#9192,#9193,#9194);
#9192 = CARTESIAN_POINT('',(106.85165838729,-5.948328402879,6.3));
#9193 = DIRECTION('',(0.242980179903,0.970031253195,0.));
#9194 = DIRECTION('',(0.970031253195,-0.242980179903,0.));
#9195 = ADVANCED_FACE('',(#9196),#9207,.T.);
#9196 = FACE_BOUND('',#9197,.T.);
#9197 = EDGE_LOOP('',(#9198,#9204,#9205,#9206));
#9198 = ORIENTED_EDGE('',*,*,#9199,.T.);
#9199 = EDGE_CURVE('',#862,#3836,#9200,.T.);
#9200 = LINE('',#9201,#9202);
#9201 = CARTESIAN_POINT('',(58.231098884281,-85.,6.3));
#9202 = VECTOR('',#9203,1.);
#9203 = DIRECTION('',(0.,0.,1.));
#9204 = ORIENTED_EDGE('',*,*,#3835,.T.);
#9205 = ORIENTED_EDGE('',*,*,#9165,.F.);
#9206 = ORIENTED_EDGE('',*,*,#861,.F.);
#9207 = PLANE('',#9208);
#9208 = AXIS2_PLACEMENT_3D('',#9209,#9210,#9211);
#9209 = CARTESIAN_POINT('',(58.231098884281,-85.,6.3));
#9210 = DIRECTION('',(1.189054407617E-02,-0.999929304982,0.));
#9211 = DIRECTION('',(-0.999929304982,-1.189054407617E-02,0.));
#9212 = ADVANCED_FACE('',(#9213),#9224,.T.);
#9213 = FACE_BOUND('',#9214,.T.);
#9214 = EDGE_LOOP('',(#9215,#9216,#9217,#9223));
#9215 = ORIENTED_EDGE('',*,*,#9184,.T.);
#9216 = ORIENTED_EDGE('',*,*,#4675,.T.);
#9217 = ORIENTED_EDGE('',*,*,#9218,.F.);
#9218 = EDGE_CURVE('',#1694,#4668,#9219,.T.);
#9219 = LINE('',#9220,#9221);
#9220 = CARTESIAN_POINT('',(107.0823794316,-5.994221672007,6.3));
#9221 = VECTOR('',#9222,1.);
#9222 = DIRECTION('',(0.,0.,1.));
#9223 = ORIENTED_EDGE('',*,*,#1701,.F.);
#9224 = PLANE('',#9225);
#9225 = AXIS2_PLACEMENT_3D('',#9226,#9227,#9228);
#9226 = CARTESIAN_POINT('',(106.96589161358,-5.976942336484,6.3));
#9227 = DIRECTION('',(0.146730474455,0.989176509965,0.));
#9228 = DIRECTION('',(0.989176509965,-0.146730474455,0.));
#9229 = ADVANCED_FACE('',(#9230),#9241,.T.);
#9230 = FACE_BOUND('',#9231,.T.);
#9231 = EDGE_LOOP('',(#9232,#9238,#9239,#9240));
#9232 = ORIENTED_EDGE('',*,*,#9233,.T.);
#9233 = EDGE_CURVE('',#870,#3844,#9234,.T.);
#9234 = LINE('',#9235,#9236);
#9235 = CARTESIAN_POINT('',(89.768901115719,-85.,6.3));
#9236 = VECTOR('',#9237,1.);
#9237 = DIRECTION('',(0.,0.,1.));
#9238 = ORIENTED_EDGE('',*,*,#3843,.T.);
#9239 = ORIENTED_EDGE('',*,*,#9199,.F.);
#9240 = ORIENTED_EDGE('',*,*,#869,.F.);
#9241 = PLANE('',#9242);
#9242 = AXIS2_PLACEMENT_3D('',#9243,#9244,#9245);
#9243 = CARTESIAN_POINT('',(89.768901115719,-85.,6.3));
#9244 = DIRECTION('',(0.,-1.,0.));
#9245 = DIRECTION('',(-1.,0.,0.));
#9246 = ADVANCED_FACE('',(#9247),#9258,.T.);
#9247 = FACE_BOUND('',#9248,.T.);
#9248 = EDGE_LOOP('',(#9249,#9250,#9251,#9257));
#9249 = ORIENTED_EDGE('',*,*,#9218,.T.);
#9250 = ORIENTED_EDGE('',*,*,#4667,.T.);
#9251 = ORIENTED_EDGE('',*,*,#9252,.F.);
#9252 = EDGE_CURVE('',#1686,#4660,#9253,.T.);
#9253 = LINE('',#9254,#9255);
#9254 = CARTESIAN_POINT('',(107.2,-6.,6.3));
#9255 = VECTOR('',#9256,1.);
#9256 = DIRECTION('',(0.,0.,1.));
#9257 = ORIENTED_EDGE('',*,*,#1693,.F.);
#9258 = PLANE('',#9259);
#9259 = AXIS2_PLACEMENT_3D('',#9260,#9261,#9262);
#9260 = CARTESIAN_POINT('',(107.0823794316,-5.994221672007,6.3));
#9261 = DIRECTION('',(4.906767432742E-02,0.998795456205,0.));
#9262 = DIRECTION('',(0.998795456205,-4.906767432742E-02,0.));
#9263 = ADVANCED_FACE('',(#9264),#9275,.T.);
#9264 = FACE_BOUND('',#9265,.T.);
#9265 = EDGE_LOOP('',(#9266,#9272,#9273,#9274));
#9266 = ORIENTED_EDGE('',*,*,#9267,.T.);
#9267 = EDGE_CURVE('',#878,#3852,#9268,.T.);
#9268 = LINE('',#9269,#9270);
#9269 = CARTESIAN_POINT('',(89.797436404057,-84.9996606759,6.3));
#9270 = VECTOR('',#9271,1.);
#9271 = DIRECTION('',(0.,0.,1.));
#9272 = ORIENTED_EDGE('',*,*,#3851,.T.);
#9273 = ORIENTED_EDGE('',*,*,#9233,.F.);
#9274 = ORIENTED_EDGE('',*,*,#877,.F.);
#9275 = PLANE('',#9276);
#9276 = AXIS2_PLACEMENT_3D('',#9277,#9278,#9279);
#9277 = CARTESIAN_POINT('',(89.797436404057,-84.9996606759,6.3));
#9278 = DIRECTION('',(1.189054407617E-02,-0.999929304982,0.));
#9279 = DIRECTION('',(-0.999929304982,-1.189054407617E-02,0.));
#9280 = ADVANCED_FACE('',(#9281),#9292,.T.);
#9281 = FACE_BOUND('',#9282,.T.);
#9282 = EDGE_LOOP('',(#9283,#9284,#9285,#9291));
#9283 = ORIENTED_EDGE('',*,*,#9252,.T.);
#9284 = ORIENTED_EDGE('',*,*,#4659,.T.);
#9285 = ORIENTED_EDGE('',*,*,#9286,.F.);
#9286 = EDGE_CURVE('',#1678,#4652,#9287,.T.);
#9287 = LINE('',#9288,#9289);
#9288 = CARTESIAN_POINT('',(122.8,-6.,6.3));
#9289 = VECTOR('',#9290,1.);
#9290 = DIRECTION('',(0.,0.,1.));
#9291 = ORIENTED_EDGE('',*,*,#1685,.F.);
#9292 = PLANE('',#9293);
#9293 = AXIS2_PLACEMENT_3D('',#9294,#9295,#9296);
#9294 = CARTESIAN_POINT('',(107.2,-6.,6.3));
#9295 = DIRECTION('',(-5.693451408334E-17,1.,0.));
#9296 = DIRECTION('',(1.,5.693451408334E-17,0.));
#9297 = ADVANCED_FACE('',(#9298),#9309,.T.);
#9298 = FACE_BOUND('',#9299,.T.);
#9299 = EDGE_LOOP('',(#9300,#9306,#9307,#9308));
#9300 = ORIENTED_EDGE('',*,*,#9301,.T.);
#9301 = EDGE_CURVE('',#886,#3860,#9302,.T.);
#9302 = LINE('',#9303,#9304);
#9303 = CARTESIAN_POINT('',(89.825955554543,-84.99864289553,6.3));
#9304 = VECTOR('',#9305,1.);
#9305 = DIRECTION('',(0.,0.,1.));
#9306 = ORIENTED_EDGE('',*,*,#3859,.T.);
#9307 = ORIENTED_EDGE('',*,*,#9267,.F.);
#9308 = ORIENTED_EDGE('',*,*,#885,.F.);
#9309 = PLANE('',#9310);
#9310 = AXIS2_PLACEMENT_3D('',#9311,#9312,#9313);
#9311 = CARTESIAN_POINT('',(89.825955554543,-84.99864289553,6.3));
#9312 = DIRECTION('',(3.566490764814E-02,-0.999363804809,0.));
#9313 = DIRECTION('',(-0.999363804809,-3.566490764814E-02,0.));
#9314 = ADVANCED_FACE('',(#9315),#9326,.T.);
#9315 = FACE_BOUND('',#9316,.T.);
#9316 = EDGE_LOOP('',(#9317,#9318,#9319,#9325));
#9317 = ORIENTED_EDGE('',*,*,#9286,.T.);
#9318 = ORIENTED_EDGE('',*,*,#4651,.T.);
#9319 = ORIENTED_EDGE('',*,*,#9320,.F.);
#9320 = EDGE_CURVE('',#1670,#4644,#9321,.T.);
#9321 = LINE('',#9322,#9323);
#9322 = CARTESIAN_POINT('',(122.91762056839,-6.005778327993,6.3));
#9323 = VECTOR('',#9324,1.);
#9324 = DIRECTION('',(0.,0.,1.));
#9325 = ORIENTED_EDGE('',*,*,#1677,.F.);
#9326 = PLANE('',#9327);
#9327 = AXIS2_PLACEMENT_3D('',#9328,#9329,#9330);
#9328 = CARTESIAN_POINT('',(122.8,-6.,6.3));
#9329 = DIRECTION('',(4.906767432742E-02,0.998795456205,0.));
#9330 = DIRECTION('',(0.998795456205,-4.906767432742E-02,0.));
#9331 = ADVANCED_FACE('',(#9332),#9343,.T.);
#9332 = FACE_BOUND('',#9333,.T.);
#9333 = EDGE_LOOP('',(#9334,#9340,#9341,#9342));
#9334 = ORIENTED_EDGE('',*,*,#9335,.T.);
#9335 = EDGE_CURVE('',#894,#3868,#9336,.T.);
#9336 = LINE('',#9337,#9338);
#9337 = CARTESIAN_POINT('',(89.854442438452,-84.99694723447,6.3));
#9338 = VECTOR('',#9339,1.);
#9339 = DIRECTION('',(0.,0.,1.));
#9340 = ORIENTED_EDGE('',*,*,#3867,.T.);
#9341 = ORIENTED_EDGE('',*,*,#9301,.F.);
#9342 = ORIENTED_EDGE('',*,*,#893,.F.);
#9343 = PLANE('',#9344);
#9344 = AXIS2_PLACEMENT_3D('',#9345,#9346,#9347);
#9345 = CARTESIAN_POINT('',(89.854442438452,-84.99694723447,6.3));
#9346 = DIRECTION('',(5.941910128294E-02,-0.998233124276,0.));
#9347 = DIRECTION('',(-0.998233124276,-5.941910128294E-02,0.));
#9348 = ADVANCED_FACE('',(#9349),#9360,.T.);
#9349 = FACE_BOUND('',#9350,.T.);
#9350 = EDGE_LOOP('',(#9351,#9352,#9353,#9359));
#9351 = ORIENTED_EDGE('',*,*,#9320,.T.);
#9352 = ORIENTED_EDGE('',*,*,#4643,.T.);
#9353 = ORIENTED_EDGE('',*,*,#9354,.F.);
#9354 = EDGE_CURVE('',#1662,#4636,#9355,.T.);
#9355 = LINE('',#9356,#9357);
#9356 = CARTESIAN_POINT('',(123.03410838641,-6.023057663516,6.3));
#9357 = VECTOR('',#9358,1.);
#9358 = DIRECTION('',(0.,0.,1.));
#9359 = ORIENTED_EDGE('',*,*,#1669,.F.);
#9360 = PLANE('',#9361);
#9361 = AXIS2_PLACEMENT_3D('',#9362,#9363,#9364);
#9362 = CARTESIAN_POINT('',(122.91762056839,-6.005778327993,6.3));
#9363 = DIRECTION('',(0.146730474455,0.989176509965,0.));
#9364 = DIRECTION('',(0.989176509965,-0.146730474455,0.));
#9365 = ADVANCED_FACE('',(#9366),#9377,.T.);
#9366 = FACE_BOUND('',#9367,.T.);
#9367 = EDGE_LOOP('',(#9368,#9374,#9375,#9376));
#9368 = ORIENTED_EDGE('',*,*,#9369,.T.);
#9369 = EDGE_CURVE('',#902,#3876,#9370,.T.);
#9370 = LINE('',#9371,#9372);
#9371 = CARTESIAN_POINT('',(89.882880945309,-84.99457465168,6.3));
#9372 = VECTOR('',#9373,1.);
#9373 = DIRECTION('',(0.,0.,1.));
#9374 = ORIENTED_EDGE('',*,*,#3875,.T.);
#9375 = ORIENTED_EDGE('',*,*,#9335,.F.);
#9376 = ORIENTED_EDGE('',*,*,#901,.F.);
#9377 = PLANE('',#9378);
#9378 = AXIS2_PLACEMENT_3D('',#9379,#9380,#9381);
#9379 = CARTESIAN_POINT('',(89.882880945309,-84.99457465168,6.3));
#9380 = DIRECTION('',(8.313969103003E-02,-0.996537902829,0.));
#9381 = DIRECTION('',(-0.996537902829,-8.313969103003E-02,0.));
#9382 = ADVANCED_FACE('',(#9383),#9394,.T.);
#9383 = FACE_BOUND('',#9384,.T.);
#9384 = EDGE_LOOP('',(#9385,#9386,#9387,#9393));
#9385 = ORIENTED_EDGE('',*,*,#9354,.T.);
#9386 = ORIENTED_EDGE('',*,*,#4635,.T.);
#9387 = ORIENTED_EDGE('',*,*,#9388,.F.);
#9388 = EDGE_CURVE('',#1654,#4628,#9389,.T.);
#9389 = LINE('',#9390,#9391);
#9390 = CARTESIAN_POINT('',(123.1483416127,-6.051671597121,6.3));
#9391 = VECTOR('',#9392,1.);
#9392 = DIRECTION('',(0.,0.,1.));
#9393 = ORIENTED_EDGE('',*,*,#1661,.F.);
#9394 = PLANE('',#9395);
#9395 = AXIS2_PLACEMENT_3D('',#9396,#9397,#9398);
#9396 = CARTESIAN_POINT('',(123.03410838641,-6.023057663516,6.3));
#9397 = DIRECTION('',(0.242980179903,0.970031253195,0.));
#9398 = DIRECTION('',(0.970031253195,-0.242980179903,0.));
#9399 = ADVANCED_FACE('',(#9400),#9411,.T.);
#9400 = FACE_BOUND('',#9401,.T.);
#9401 = EDGE_LOOP('',(#9402,#9408,#9409,#9410));
#9402 = ORIENTED_EDGE('',*,*,#9403,.T.);
#9403 = EDGE_CURVE('',#910,#3884,#9404,.T.);
#9404 = LINE('',#9405,#9406);
#9405 = CARTESIAN_POINT('',(89.911254991996,-84.99152648896,6.3));
#9406 = VECTOR('',#9407,1.);
#9407 = DIRECTION('',(0.,0.,1.));
#9408 = ORIENTED_EDGE('',*,*,#3883,.T.);
#9409 = ORIENTED_EDGE('',*,*,#9369,.F.);
#9410 = ORIENTED_EDGE('',*,*,#909,.F.);
#9411 = PLANE('',#9412);
#9412 = AXIS2_PLACEMENT_3D('',#9413,#9414,#9415);
#9413 = CARTESIAN_POINT('',(89.911254991996,-84.99152648896,6.3));
#9414 = DIRECTION('',(0.106813261943,-0.994279099183,0.));
#9415 = DIRECTION('',(-0.994279099183,-0.106813261943,0.));
#9416 = ADVANCED_FACE('',(#9417),#9428,.T.);
#9417 = FACE_BOUND('',#9418,.T.);
#9418 = EDGE_LOOP('',(#9419,#9420,#9421,#9427));
#9419 = ORIENTED_EDGE('',*,*,#9388,.T.);
#9420 = ORIENTED_EDGE('',*,*,#4627,.T.);
#9421 = ORIENTED_EDGE('',*,*,#9422,.F.);
#9422 = EDGE_CURVE('',#1646,#4620,#9423,.T.);
#9423 = LINE('',#9424,#9425);
#9424 = CARTESIAN_POINT('',(123.25922011883,-6.091344560986,6.3));
#9425 = VECTOR('',#9426,1.);
#9426 = DIRECTION('',(0.,0.,1.));
#9427 = ORIENTED_EDGE('',*,*,#1653,.F.);
#9428 = PLANE('',#9429);
#9429 = AXIS2_PLACEMENT_3D('',#9430,#9431,#9432);
#9430 = CARTESIAN_POINT('',(123.1483416127,-6.051671597121,6.3));
#9431 = DIRECTION('',(0.336889853392,0.941544065183,0.));
#9432 = DIRECTION('',(0.941544065183,-0.336889853392,0.));
#9433 = ADVANCED_FACE('',(#9434),#9445,.T.);
#9434 = FACE_BOUND('',#9435,.T.);
#9435 = EDGE_LOOP('',(#9436,#9442,#9443,#9444));
#9436 = ORIENTED_EDGE('',*,*,#9437,.T.);
#9437 = EDGE_CURVE('',#918,#3892,#9438,.T.);
#9438 = LINE('',#9439,#9440);
#9439 = CARTESIAN_POINT('',(89.93954853185,-84.98780447017,6.3));
#9440 = VECTOR('',#9441,1.);
#9441 = DIRECTION('',(0.,0.,1.));
#9442 = ORIENTED_EDGE('',*,*,#3891,.T.);
#9443 = ORIENTED_EDGE('',*,*,#9403,.F.);
#9444 = ORIENTED_EDGE('',*,*,#917,.F.);
#9445 = PLANE('',#9446);
#9446 = AXIS2_PLACEMENT_3D('',#9447,#9448,#9449);
#9447 = CARTESIAN_POINT('',(89.93954853185,-84.98780447017,6.3));
#9448 = DIRECTION('',(0.130426425668,-0.991457990783,0.));
#9449 = DIRECTION('',(-0.991457990783,-0.130426425668,0.));
#9450 = ADVANCED_FACE('',(#9451),#9462,.T.);
#9451 = FACE_BOUND('',#9452,.T.);
#9452 = EDGE_LOOP('',(#9453,#9454,#9455,#9461));
#9453 = ORIENTED_EDGE('',*,*,#9422,.T.);
#9454 = ORIENTED_EDGE('',*,*,#4619,.T.);
#9455 = ORIENTED_EDGE('',*,*,#9456,.F.);
#9456 = EDGE_CURVE('',#1638,#4612,#9457,.T.);
#9457 = LINE('',#9458,#9459);
#9458 = CARTESIAN_POINT('',(123.36567608419,-6.141694482782,6.3));
#9459 = VECTOR('',#9460,1.);
#9460 = DIRECTION('',(0.,0.,1.));
#9461 = ORIENTED_EDGE('',*,*,#1645,.F.);
#9462 = PLANE('',#9463);
#9463 = AXIS2_PLACEMENT_3D('',#9464,#9465,#9466);
#9464 = CARTESIAN_POINT('',(123.25922011883,-6.091344560986,6.3));
#9465 = DIRECTION('',(0.42755509343,0.903989293123,0.));
#9466 = DIRECTION('',(0.903989293123,-0.42755509343,0.));
#9467 = ADVANCED_FACE('',(#9468),#9479,.T.);
#9468 = FACE_BOUND('',#9469,.T.);
#9469 = EDGE_LOOP('',(#9470,#9476,#9477,#9478));
#9470 = ORIENTED_EDGE('',*,*,#9471,.T.);
#9471 = EDGE_CURVE('',#926,#3900,#9472,.T.);
#9472 = LINE('',#9473,#9474);
#9473 = CARTESIAN_POINT('',(89.967745563737,-84.98341070026,6.3));
#9474 = VECTOR('',#9475,1.);
#9475 = DIRECTION('',(0.,0.,1.));
#9476 = ORIENTED_EDGE('',*,*,#3899,.T.);
#9477 = ORIENTED_EDGE('',*,*,#9437,.F.);
#9478 = ORIENTED_EDGE('',*,*,#925,.F.);
#9479 = PLANE('',#9480);
#9480 = AXIS2_PLACEMENT_3D('',#9481,#9482,#9483);
#9481 = CARTESIAN_POINT('',(89.967745563737,-84.98341070026,6.3));
#9482 = DIRECTION('',(0.153965828012,-0.988076173078,0.));
#9483 = DIRECTION('',(-0.988076173078,-0.153965828012,0.));
#9484 = ADVANCED_FACE('',(#9485),#9496,.T.);
#9485 = FACE_BOUND('',#9486,.T.);
#9486 = EDGE_LOOP('',(#9487,#9488,#9489,#9495));
#9487 = ORIENTED_EDGE('',*,*,#9456,.T.);
#9488 = ORIENTED_EDGE('',*,*,#4611,.T.);
#9489 = ORIENTED_EDGE('',*,*,#9490,.F.);
#9490 = EDGE_CURVE('',#1630,#4604,#9491,.T.);
#9491 = LINE('',#9492,#9493);
#9492 = CARTESIAN_POINT('',(123.46668427962,-6.202236465237,6.3));
#9493 = VECTOR('',#9494,1.);
#9494 = DIRECTION('',(0.,0.,1.));
#9495 = ORIENTED_EDGE('',*,*,#1637,.F.);
#9496 = PLANE('',#9497);
#9497 = AXIS2_PLACEMENT_3D('',#9498,#9499,#9500);
#9498 = CARTESIAN_POINT('',(123.36567608419,-6.141694482782,6.3));
#9499 = DIRECTION('',(0.514102744193,0.85772861,0.));
#9500 = DIRECTION('',(0.85772861,-0.514102744193,0.));
#9501 = ADVANCED_FACE('',(#9502),#9513,.T.);
#9502 = FACE_BOUND('',#9503,.T.);
#9503 = EDGE_LOOP('',(#9504,#9510,#9511,#9512));
#9504 = ORIENTED_EDGE('',*,*,#9505,.T.);
#9505 = EDGE_CURVE('',#934,#3908,#9506,.T.);
#9506 = LINE('',#9507,#9508);
#9507 = CARTESIAN_POINT('',(89.995830141105,-84.97834766407,6.3));
#9508 = VECTOR('',#9509,1.);
#9509 = DIRECTION('',(0.,0.,1.));
#9510 = ORIENTED_EDGE('',*,*,#3907,.T.);
#9511 = ORIENTED_EDGE('',*,*,#9471,.F.);
#9512 = ORIENTED_EDGE('',*,*,#933,.F.);
#9513 = PLANE('',#9514);
#9514 = AXIS2_PLACEMENT_3D('',#9515,#9516,#9517);
#9515 = CARTESIAN_POINT('',(89.995830141105,-84.97834766407,6.3));
#9516 = DIRECTION('',(0.177418156498,-0.984135558622,0.));
#9517 = DIRECTION('',(-0.984135558622,-0.177418156498,0.));
#9518 = ADVANCED_FACE('',(#9519),#9530,.T.);
#9519 = FACE_BOUND('',#9520,.T.);
#9520 = EDGE_LOOP('',(#9521,#9522,#9523,#9529));
#9521 = ORIENTED_EDGE('',*,*,#9490,.T.);
#9522 = ORIENTED_EDGE('',*,*,#4603,.T.);
#9523 = ORIENTED_EDGE('',*,*,#9524,.F.);
#9524 = EDGE_CURVE('',#1622,#4596,#9525,.T.);
#9525 = LINE('',#9526,#9527);
#9526 = CARTESIAN_POINT('',(123.56127194099,-6.272387455965,6.3));
#9527 = VECTOR('',#9528,1.);
#9528 = DIRECTION('',(0.,0.,1.));
#9529 = ORIENTED_EDGE('',*,*,#1629,.F.);
#9530 = PLANE('',#9531);
#9531 = AXIS2_PLACEMENT_3D('',#9532,#9533,#9534);
#9532 = CARTESIAN_POINT('',(123.46668427962,-6.202236465237,6.3));
#9533 = DIRECTION('',(0.595699304492,0.803207531481,0.));
#9534 = DIRECTION('',(0.803207531481,-0.595699304492,0.));
#9535 = ADVANCED_FACE('',(#9536),#9547,.T.);
#9536 = FACE_BOUND('',#9537,.T.);
#9537 = EDGE_LOOP('',(#9538,#9544,#9545,#9546));
#9538 = ORIENTED_EDGE('',*,*,#9539,.T.);
#9539 = EDGE_CURVE('',#942,#3916,#9540,.T.);
#9540 = LINE('',#9541,#9542);
#9541 = CARTESIAN_POINT('',(90.023786380997,-84.97261822497,6.3));
#9542 = VECTOR('',#9543,1.);
#9543 = DIRECTION('',(0.,0.,1.));
#9544 = ORIENTED_EDGE('',*,*,#3915,.T.);
#9545 = ORIENTED_EDGE('',*,*,#9505,.F.);
#9546 = ORIENTED_EDGE('',*,*,#941,.F.);
#9547 = PLANE('',#9548);
#9548 = AXIS2_PLACEMENT_3D('',#9549,#9550,#9551);
#9549 = CARTESIAN_POINT('',(90.023786380997,-84.97261822497,6.3));
#9550 = DIRECTION('',(0.200770147893,-0.979638375991,0.));
#9551 = DIRECTION('',(-0.979638375991,-0.200770147893,0.));
#9552 = ADVANCED_FACE('',(#9553),#9564,.T.);
#9553 = FACE_BOUND('',#9554,.T.);
#9554 = EDGE_LOOP('',(#9555,#9556,#9557,#9563));
#9555 = ORIENTED_EDGE('',*,*,#9524,.T.);
#9556 = ORIENTED_EDGE('',*,*,#4595,.T.);
#9557 = ORIENTED_EDGE('',*,*,#9558,.F.);
#9558 = EDGE_CURVE('',#1614,#4588,#9559,.T.);
#9559 = LINE('',#9560,#9561);
#9560 = CARTESIAN_POINT('',(123.64852813742,-6.351471862576,6.3));
#9561 = VECTOR('',#9562,1.);
#9562 = DIRECTION('',(0.,0.,1.));
#9563 = ORIENTED_EDGE('',*,*,#1621,.F.);
#9564 = PLANE('',#9565);
#9565 = AXIS2_PLACEMENT_3D('',#9566,#9567,#9568);
#9566 = CARTESIAN_POINT('',(123.56127194099,-6.272387455965,6.3));
#9567 = DIRECTION('',(0.671558954847,0.740951125355,0.));
#9568 = DIRECTION('',(0.740951125355,-0.671558954847,0.));
#9569 = ADVANCED_FACE('',(#9570),#9581,.T.);
#9570 = FACE_BOUND('',#9571,.T.);
#9571 = EDGE_LOOP('',(#9572,#9578,#9579,#9580));
#9572 = ORIENTED_EDGE('',*,*,#9573,.T.);
#9573 = EDGE_CURVE('',#950,#3924,#9574,.T.);
#9574 = LINE('',#9575,#9576);
#9575 = CARTESIAN_POINT('',(90.051598473037,-84.96622562318,6.3));
#9576 = VECTOR('',#9577,1.);
#9577 = DIRECTION('',(0.,0.,1.));
#9578 = ORIENTED_EDGE('',*,*,#3923,.T.);
#9579 = ORIENTED_EDGE('',*,*,#9539,.F.);
#9580 = ORIENTED_EDGE('',*,*,#949,.F.);
#9581 = PLANE('',#9582);
#9582 = AXIS2_PLACEMENT_3D('',#9583,#9584,#9585);
#9583 = CARTESIAN_POINT('',(90.051598473037,-84.96622562318,6.3));
#9584 = DIRECTION('',(0.224008595706,-0.974587168523,0.));
#9585 = DIRECTION('',(-0.974587168523,-0.224008595706,0.));
#9586 = ADVANCED_FACE('',(#9587),#9598,.T.);
#9587 = FACE_BOUND('',#9588,.T.);
#9588 = EDGE_LOOP('',(#9589,#9590,#9591,#9597));
#9589 = ORIENTED_EDGE('',*,*,#9558,.T.);
#9590 = ORIENTED_EDGE('',*,*,#4587,.T.);
#9591 = ORIENTED_EDGE('',*,*,#9592,.F.);
#9592 = EDGE_CURVE('',#1606,#4580,#9593,.T.);
#9593 = LINE('',#9594,#9595);
#9594 = CARTESIAN_POINT('',(123.72761254403,-6.438728059004,6.3));
#9595 = VECTOR('',#9596,1.);
#9596 = DIRECTION('',(0.,0.,1.));
#9597 = ORIENTED_EDGE('',*,*,#1613,.F.);
#9598 = PLANE('',#9599);
#9599 = AXIS2_PLACEMENT_3D('',#9600,#9601,#9602);
#9600 = CARTESIAN_POINT('',(123.64852813742,-6.351471862576,6.3));
#9601 = DIRECTION('',(0.740951125355,0.671558954847,0.));
#9602 = DIRECTION('',(0.671558954847,-0.740951125355,0.));
#9603 = ADVANCED_FACE('',(#9604),#9615,.T.);
#9604 = FACE_BOUND('',#9605,.T.);
#9605 = EDGE_LOOP('',(#9606,#9612,#9613,#9614));
#9606 = ORIENTED_EDGE('',*,*,#9607,.T.);
#9607 = EDGE_CURVE('',#958,#3932,#9608,.T.);
#9608 = LINE('',#9609,#9610);
#9609 = CARTESIAN_POINT('',(90.07925068837,-84.95917347397,6.3));
#9610 = VECTOR('',#9611,1.);
#9611 = DIRECTION('',(0.,0.,1.));
#9612 = ORIENTED_EDGE('',*,*,#3931,.T.);
#9613 = ORIENTED_EDGE('',*,*,#9573,.F.);
#9614 = ORIENTED_EDGE('',*,*,#957,.F.);
#9615 = PLANE('',#9616);
#9616 = AXIS2_PLACEMENT_3D('',#9617,#9618,#9619);
#9617 = CARTESIAN_POINT('',(90.07925068837,-84.95917347397,6.3));
#9618 = DIRECTION('',(0.247120357666,-0.968984792877,0.));
#9619 = DIRECTION('',(-0.968984792877,-0.247120357666,0.));
#9620 = ADVANCED_FACE('',(#9621),#9632,.T.);
#9621 = FACE_BOUND('',#9622,.T.);
#9622 = EDGE_LOOP('',(#9623,#9624,#9625,#9631));
#9623 = ORIENTED_EDGE('',*,*,#9592,.T.);
#9624 = ORIENTED_EDGE('',*,*,#4579,.T.);
#9625 = ORIENTED_EDGE('',*,*,#9626,.F.);
#9626 = EDGE_CURVE('',#1598,#4572,#9627,.T.);
#9627 = LINE('',#9628,#9629);
#9628 = CARTESIAN_POINT('',(123.79776353476,-6.533315720376,6.3));
#9629 = VECTOR('',#9630,1.);
#9630 = DIRECTION('',(0.,0.,1.));
#9631 = ORIENTED_EDGE('',*,*,#1605,.F.);
#9632 = PLANE('',#9633);
#9633 = AXIS2_PLACEMENT_3D('',#9634,#9635,#9636);
#9634 = CARTESIAN_POINT('',(123.72761254403,-6.438728059004,6.3));
#9635 = DIRECTION('',(0.803207531481,0.595699304492,0.));
#9636 = DIRECTION('',(0.595699304492,-0.803207531481,0.));
#9637 = ADVANCED_FACE('',(#9638),#9649,.T.);
#9638 = FACE_BOUND('',#9639,.T.);
#9639 = EDGE_LOOP('',(#9640,#9646,#9647,#9648));
#9640 = ORIENTED_EDGE('',*,*,#9641,.T.);
#9641 = EDGE_CURVE('',#966,#3940,#9642,.T.);
#9642 = LINE('',#9643,#9644);
#9643 = CARTESIAN_POINT('',(90.106727388558,-84.95146576561,6.3));
#9644 = VECTOR('',#9645,1.);
#9645 = DIRECTION('',(0.,0.,1.));
#9646 = ORIENTED_EDGE('',*,*,#3939,.T.);
#9647 = ORIENTED_EDGE('',*,*,#9607,.F.);
#9648 = ORIENTED_EDGE('',*,*,#965,.F.);
#9649 = PLANE('',#9650);
#9650 = AXIS2_PLACEMENT_3D('',#9651,#9652,#9653);
#9651 = CARTESIAN_POINT('',(90.106727388558,-84.95146576561,6.3));
#9652 = DIRECTION('',(0.270092363138,-0.962834417423,0.));
#9653 = DIRECTION('',(-0.962834417423,-0.270092363138,0.));
#9654 = ADVANCED_FACE('',(#9655),#9666,.T.);
#9655 = FACE_BOUND('',#9656,.T.);
#9656 = EDGE_LOOP('',(#9657,#9658,#9659,#9665));
#9657 = ORIENTED_EDGE('',*,*,#9626,.T.);
#9658 = ORIENTED_EDGE('',*,*,#4571,.T.);
#9659 = ORIENTED_EDGE('',*,*,#9660,.F.);
#9660 = EDGE_CURVE('',#1590,#4564,#9661,.T.);
#9661 = LINE('',#9662,#9663);
#9662 = CARTESIAN_POINT('',(123.85830551721,-6.634323915809,6.3));
#9663 = VECTOR('',#9664,1.);
#9664 = DIRECTION('',(0.,0.,1.));
#9665 = ORIENTED_EDGE('',*,*,#1597,.F.);
#9666 = PLANE('',#9667);
#9667 = AXIS2_PLACEMENT_3D('',#9668,#9669,#9670);
#9668 = CARTESIAN_POINT('',(123.79776353476,-6.533315720376,6.3));
#9669 = DIRECTION('',(0.85772861,0.514102744193,0.));
#9670 = DIRECTION('',(0.514102744193,-0.85772861,0.));
#9671 = ADVANCED_FACE('',(#9672),#9683,.T.);
#9672 = FACE_BOUND('',#9673,.T.);
#9673 = EDGE_LOOP('',(#9674,#9680,#9681,#9682));
#9674 = ORIENTED_EDGE('',*,*,#9675,.T.);
#9675 = EDGE_CURVE('',#974,#3948,#9676,.T.);
#9676 = LINE('',#9677,#9678);
#9677 = CARTESIAN_POINT('',(90.134013034424,-84.94310685713,6.3));
#9678 = VECTOR('',#9679,1.);
#9679 = DIRECTION('',(0.,0.,1.));
#9680 = ORIENTED_EDGE('',*,*,#3947,.T.);
#9681 = ORIENTED_EDGE('',*,*,#9641,.F.);
#9682 = ORIENTED_EDGE('',*,*,#973,.F.);
#9683 = PLANE('',#9684);
#9684 = AXIS2_PLACEMENT_3D('',#9685,#9686,#9687);
#9685 = CARTESIAN_POINT('',(90.134013034424,-84.94310685713,6.3));
#9686 = DIRECTION('',(0.292911620536,-0.956139520444,0.));
#9687 = DIRECTION('',(-0.956139520444,-0.292911620536,0.));
#9688 = ADVANCED_FACE('',(#9689),#9700,.T.);
#9689 = FACE_BOUND('',#9690,.T.);
#9690 = EDGE_LOOP('',(#9691,#9692,#9693,#9699));
#9691 = ORIENTED_EDGE('',*,*,#9660,.T.);
#9692 = ORIENTED_EDGE('',*,*,#4563,.T.);
#9693 = ORIENTED_EDGE('',*,*,#9694,.F.);
#9694 = EDGE_CURVE('',#1582,#4556,#9695,.T.);
#9695 = LINE('',#9696,#9697);
#9696 = CARTESIAN_POINT('',(123.90865543901,-6.740779881162,6.3));
#9697 = VECTOR('',#9698,1.);
#9698 = DIRECTION('',(0.,0.,1.));
#9699 = ORIENTED_EDGE('',*,*,#1589,.F.);
#9700 = PLANE('',#9701);
#9701 = AXIS2_PLACEMENT_3D('',#9702,#9703,#9704);
#9702 = CARTESIAN_POINT('',(123.85830551721,-6.634323915809,6.3));
#9703 = DIRECTION('',(0.903989293123,0.42755509343,0.));
#9704 = DIRECTION('',(0.42755509343,-0.903989293123,0.));
#9705 = ADVANCED_FACE('',(#9706),#9717,.T.);
#9706 = FACE_BOUND('',#9707,.T.);
#9707 = EDGE_LOOP('',(#9708,#9714,#9715,#9716));
#9708 = ORIENTED_EDGE('',*,*,#9709,.T.);
#9709 = EDGE_CURVE('',#982,#3956,#9710,.T.);
#9710 = LINE('',#9711,#9712);
#9711 = CARTESIAN_POINT('',(90.161092194839,-84.93410147582,6.3));
#9712 = VECTOR('',#9713,1.);
#9713 = DIRECTION('',(0.,0.,1.));
#9714 = ORIENTED_EDGE('',*,*,#3955,.T.);
#9715 = ORIENTED_EDGE('',*,*,#9675,.F.);
#9716 = ORIENTED_EDGE('',*,*,#981,.F.);
#9717 = PLANE('',#9718);
#9718 = AXIS2_PLACEMENT_3D('',#9719,#9720,#9721);
#9719 = CARTESIAN_POINT('',(90.161092194839,-84.93410147582,6.3));
#9720 = DIRECTION('',(0.31556522465,-0.948903888174,0.));
#9721 = DIRECTION('',(-0.948903888174,-0.31556522465,0.));
#9722 = ADVANCED_FACE('',(#9723),#9734,.T.);
#9723 = FACE_BOUND('',#9724,.T.);
#9724 = EDGE_LOOP('',(#9725,#9726,#9727,#9733));
#9725 = ORIENTED_EDGE('',*,*,#9694,.T.);
#9726 = ORIENTED_EDGE('',*,*,#4555,.T.);
#9727 = ORIENTED_EDGE('',*,*,#9728,.F.);
#9728 = EDGE_CURVE('',#1574,#4548,#9729,.T.);
#9729 = LINE('',#9730,#9731);
#9730 = CARTESIAN_POINT('',(123.94832840287,-6.851658387295,6.3));
#9731 = VECTOR('',#9732,1.);
#9732 = DIRECTION('',(0.,0.,1.));
#9733 = ORIENTED_EDGE('',*,*,#1581,.F.);
#9734 = PLANE('',#9735);
#9735 = AXIS2_PLACEMENT_3D('',#9736,#9737,#9738);
#9736 = CARTESIAN_POINT('',(123.90865543901,-6.740779881162,6.3));
#9737 = DIRECTION('',(0.941544065183,0.336889853392,0.));
#9738 = DIRECTION('',(0.336889853392,-0.941544065183,0.));
#9739 = ADVANCED_FACE('',(#9740),#9751,.T.);
#9740 = FACE_BOUND('',#9741,.T.);
#9741 = EDGE_LOOP('',(#9742,#9748,#9749,#9750));
#9742 = ORIENTED_EDGE('',*,*,#9743,.T.);
#9743 = EDGE_CURVE('',#990,#3964,#9744,.T.);
#9744 = LINE('',#9745,#9746);
#9745 = CARTESIAN_POINT('',(90.187949555451,-84.92445471458,6.3));
#9746 = VECTOR('',#9747,1.);
#9747 = DIRECTION('',(0.,0.,1.));
#9748 = ORIENTED_EDGE('',*,*,#3963,.T.);
#9749 = ORIENTED_EDGE('',*,*,#9709,.F.);
#9750 = ORIENTED_EDGE('',*,*,#989,.F.);
#9751 = PLANE('',#9752);
#9752 = AXIS2_PLACEMENT_3D('',#9753,#9754,#9755);
#9753 = CARTESIAN_POINT('',(90.187949555451,-84.92445471458,6.3));
#9754 = DIRECTION('',(0.338040363958,-0.941131612653,0.));
#9755 = DIRECTION('',(-0.941131612653,-0.338040363958,0.));
#9756 = ADVANCED_FACE('',(#9757),#9768,.T.);
#9757 = FACE_BOUND('',#9758,.T.);
#9758 = EDGE_LOOP('',(#9759,#9760,#9761,#9767));
#9759 = ORIENTED_EDGE('',*,*,#9728,.T.);
#9760 = ORIENTED_EDGE('',*,*,#4547,.T.);
#9761 = ORIENTED_EDGE('',*,*,#9762,.F.);
#9762 = EDGE_CURVE('',#1566,#4540,#9763,.T.);
#9763 = LINE('',#9764,#9765);
#9764 = CARTESIAN_POINT('',(123.97694233648,-6.965891613581,6.3));
#9765 = VECTOR('',#9766,1.);
#9766 = DIRECTION('',(0.,0.,1.));
#9767 = ORIENTED_EDGE('',*,*,#1573,.F.);
#9768 = PLANE('',#9769);
#9769 = AXIS2_PLACEMENT_3D('',#9770,#9771,#9772);
#9770 = CARTESIAN_POINT('',(123.94832840287,-6.851658387295,6.3));
#9771 = DIRECTION('',(0.970031253195,0.242980179903,0.));
#9772 = DIRECTION('',(0.242980179903,-0.970031253195,0.));
#9773 = ADVANCED_FACE('',(#9774),#9785,.T.);
#9774 = FACE_BOUND('',#9775,.T.);
#9775 = EDGE_LOOP('',(#9776,#9782,#9783,#9784));
#9776 = ORIENTED_EDGE('',*,*,#9777,.T.);
#9777 = EDGE_CURVE('',#998,#3972,#9778,.T.);
#9778 = LINE('',#9779,#9780);
#9779 = CARTESIAN_POINT('',(90.214569927344,-84.91417202906,6.3));
#9780 = VECTOR('',#9781,1.);
#9781 = DIRECTION('',(0.,0.,1.));
#9782 = ORIENTED_EDGE('',*,*,#3971,.T.);
#9783 = ORIENTED_EDGE('',*,*,#9743,.F.);
#9784 = ORIENTED_EDGE('',*,*,#997,.F.);
#9785 = PLANE('',#9786);
#9786 = AXIS2_PLACEMENT_3D('',#9787,#9788,#9789);
#9787 = CARTESIAN_POINT('',(90.214569927344,-84.91417202906,6.3));
#9788 = DIRECTION('',(0.360324327867,-0.932827089416,0.));
#9789 = DIRECTION('',(-0.932827089416,-0.360324327867,0.));
#9790 = ADVANCED_FACE('',(#9791),#9802,.T.);
#9791 = FACE_BOUND('',#9792,.T.);
#9792 = EDGE_LOOP('',(#9793,#9794,#9795,#9801));
#9793 = ORIENTED_EDGE('',*,*,#9762,.T.);
#9794 = ORIENTED_EDGE('',*,*,#4539,.T.);
#9795 = ORIENTED_EDGE('',*,*,#9796,.F.);
#9796 = EDGE_CURVE('',#1558,#4532,#9797,.T.);
#9797 = LINE('',#9798,#9799);
#9798 = CARTESIAN_POINT('',(123.994221672,-7.082379431605,6.3));
#9799 = VECTOR('',#9800,1.);
#9800 = DIRECTION('',(0.,0.,1.));
#9801 = ORIENTED_EDGE('',*,*,#1565,.F.);
#9802 = PLANE('',#9803);
#9803 = AXIS2_PLACEMENT_3D('',#9804,#9805,#9806);
#9804 = CARTESIAN_POINT('',(123.97694233648,-6.965891613581,6.3));
#9805 = DIRECTION('',(0.989176509965,0.146730474455,0.));
#9806 = DIRECTION('',(0.146730474455,-0.989176509965,0.));
#9807 = ADVANCED_FACE('',(#9808),#9819,.T.);
#9808 = FACE_BOUND('',#9809,.T.);
#9809 = EDGE_LOOP('',(#9810,#9816,#9817,#9818));
#9810 = ORIENTED_EDGE('',*,*,#9811,.T.);
#9811 = EDGE_CURVE('',#1006,#3980,#9812,.T.);
#9812 = LINE('',#9813,#9814);
#9813 = CARTESIAN_POINT('',(114.78543007265,-75.08582797093,6.3));
#9814 = VECTOR('',#9815,1.);
#9815 = DIRECTION('',(0.,0.,1.));
#9816 = ORIENTED_EDGE('',*,*,#3979,.T.);
#9817 = ORIENTED_EDGE('',*,*,#9777,.F.);
#9818 = ORIENTED_EDGE('',*,*,#1005,.F.);
#9819 = PLANE('',#9820);
#9820 = AXIS2_PLACEMENT_3D('',#9821,#9822,#9823);
#9821 = CARTESIAN_POINT('',(114.78543007265,-75.08582797093,6.3));
#9822 = DIRECTION('',(0.371390676354,-0.928476690885,0.));
#9823 = DIRECTION('',(-0.928476690885,-0.371390676354,0.));
#9824 = ADVANCED_FACE('',(#9825),#9836,.T.);
#9825 = FACE_BOUND('',#9826,.T.);
#9826 = EDGE_LOOP('',(#9827,#9828,#9829,#9835));
#9827 = ORIENTED_EDGE('',*,*,#9796,.T.);
#9828 = ORIENTED_EDGE('',*,*,#4531,.T.);
#9829 = ORIENTED_EDGE('',*,*,#9830,.F.);
#9830 = EDGE_CURVE('',#1550,#4524,#9831,.T.);
#9831 = LINE('',#9832,#9833);
#9832 = CARTESIAN_POINT('',(124.,-7.2,6.3));
#9833 = VECTOR('',#9834,1.);
#9834 = DIRECTION('',(0.,0.,1.));
#9835 = ORIENTED_EDGE('',*,*,#1557,.F.);
#9836 = PLANE('',#9837);
#9837 = AXIS2_PLACEMENT_3D('',#9838,#9839,#9840);
#9838 = CARTESIAN_POINT('',(123.994221672,-7.082379431605,6.3));
#9839 = DIRECTION('',(0.998795456205,4.906767432746E-02,0.));
#9840 = DIRECTION('',(4.906767432746E-02,-0.998795456205,0.));
#9841 = ADVANCED_FACE('',(#9842),#9853,.T.);
#9842 = FACE_BOUND('',#9843,.T.);
#9843 = EDGE_LOOP('',(#9844,#9850,#9851,#9852));
#9844 = ORIENTED_EDGE('',*,*,#9845,.T.);
#9845 = EDGE_CURVE('',#1014,#3988,#9846,.T.);
#9846 = LINE('',#9847,#9848);
#9847 = CARTESIAN_POINT('',(114.81205044454,-75.07554528541,6.3));
#9848 = VECTOR('',#9849,1.);
#9849 = DIRECTION('',(0.,0.,1.));
#9850 = ORIENTED_EDGE('',*,*,#3987,.T.);
#9851 = ORIENTED_EDGE('',*,*,#9811,.F.);
#9852 = ORIENTED_EDGE('',*,*,#1013,.F.);
#9853 = PLANE('',#9854);
#9854 = AXIS2_PLACEMENT_3D('',#9855,#9856,#9857);
#9855 = CARTESIAN_POINT('',(114.81205044454,-75.07554528541,6.3));
#9856 = DIRECTION('',(0.360324327867,-0.932827089416,0.));
#9857 = DIRECTION('',(-0.932827089416,-0.360324327867,0.));
#9858 = ADVANCED_FACE('',(#9859),#9870,.T.);
#9859 = FACE_BOUND('',#9860,.T.);
#9860 = EDGE_LOOP('',(#9861,#9862,#9863,#9869));
#9861 = ORIENTED_EDGE('',*,*,#9830,.T.);
#9862 = ORIENTED_EDGE('',*,*,#4523,.T.);
#9863 = ORIENTED_EDGE('',*,*,#9864,.F.);
#9864 = EDGE_CURVE('',#1542,#4516,#9865,.T.);
#9865 = LINE('',#9866,#9867);
#9866 = CARTESIAN_POINT('',(124.,-16.8,6.3));
#9867 = VECTOR('',#9868,1.);
#9868 = DIRECTION('',(0.,0.,1.));
#9869 = ORIENTED_EDGE('',*,*,#1549,.F.);
#9870 = PLANE('',#9871);
#9871 = AXIS2_PLACEMENT_3D('',#9872,#9873,#9874);
#9872 = CARTESIAN_POINT('',(124.,-7.2,6.3));
#9873 = DIRECTION('',(1.,0.,0.));
#9874 = DIRECTION('',(0.,-1.,0.));
#9875 = ADVANCED_FACE('',(#9876),#9887,.T.);
#9876 = FACE_BOUND('',#9877,.T.);
#9877 = EDGE_LOOP('',(#9878,#9884,#9885,#9886));
#9878 = ORIENTED_EDGE('',*,*,#9879,.T.);
#9879 = EDGE_CURVE('',#1022,#3996,#9880,.T.);
#9880 = LINE('',#9881,#9882);
#9881 = CARTESIAN_POINT('',(114.83890780516,-75.06589852417,6.3));
#9882 = VECTOR('',#9883,1.);
#9883 = DIRECTION('',(0.,0.,1.));
#9884 = ORIENTED_EDGE('',*,*,#3995,.T.);
#9885 = ORIENTED_EDGE('',*,*,#9845,.F.);
#9886 = ORIENTED_EDGE('',*,*,#1021,.F.);
#9887 = PLANE('',#9888);
#9888 = AXIS2_PLACEMENT_3D('',#9889,#9890,#9891);
#9889 = CARTESIAN_POINT('',(114.83890780516,-75.06589852417,6.3));
#9890 = DIRECTION('',(0.338040363958,-0.941131612653,0.));
#9891 = DIRECTION('',(-0.941131612653,-0.338040363958,0.));
#9892 = ADVANCED_FACE('',(#9893),#9904,.T.);
#9893 = FACE_BOUND('',#9894,.T.);
#9894 = EDGE_LOOP('',(#9895,#9896,#9897,#9903));
#9895 = ORIENTED_EDGE('',*,*,#9864,.T.);
#9896 = ORIENTED_EDGE('',*,*,#4515,.T.);
#9897 = ORIENTED_EDGE('',*,*,#9898,.F.);
#9898 = EDGE_CURVE('',#1534,#4508,#9899,.T.);
#9899 = LINE('',#9900,#9901);
#9900 = CARTESIAN_POINT('',(124.00577832799,-16.91762056839,6.3));
#9901 = VECTOR('',#9902,1.);
#9902 = DIRECTION('',(0.,0.,1.));
#9903 = ORIENTED_EDGE('',*,*,#1541,.F.);
#9904 = PLANE('',#9905);
#9905 = AXIS2_PLACEMENT_3D('',#9906,#9907,#9908);
#9906 = CARTESIAN_POINT('',(124.,-16.8,6.3));
#9907 = DIRECTION('',(0.998795456205,4.906767432746E-02,0.));
#9908 = DIRECTION('',(4.906767432746E-02,-0.998795456205,0.));
#9909 = ADVANCED_FACE('',(#9910),#9921,.T.);
#9910 = FACE_BOUND('',#9911,.T.);
#9911 = EDGE_LOOP('',(#9912,#9918,#9919,#9920));
#9912 = ORIENTED_EDGE('',*,*,#9913,.T.);
#9913 = EDGE_CURVE('',#1030,#4004,#9914,.T.);
#9914 = LINE('',#9915,#9916);
#9915 = CARTESIAN_POINT('',(114.86598696557,-75.05689314286,6.3));
#9916 = VECTOR('',#9917,1.);
#9917 = DIRECTION('',(0.,0.,1.));
#9918 = ORIENTED_EDGE('',*,*,#4003,.T.);
#9919 = ORIENTED_EDGE('',*,*,#9879,.F.);
#9920 = ORIENTED_EDGE('',*,*,#1029,.F.);
#9921 = PLANE('',#9922);
#9922 = AXIS2_PLACEMENT_3D('',#9923,#9924,#9925);
#9923 = CARTESIAN_POINT('',(114.86598696557,-75.05689314286,6.3));
#9924 = DIRECTION('',(0.31556522465,-0.948903888174,0.));
#9925 = DIRECTION('',(-0.948903888174,-0.31556522465,0.));
#9926 = ADVANCED_FACE('',(#9927),#9938,.T.);
#9927 = FACE_BOUND('',#9928,.T.);
#9928 = EDGE_LOOP('',(#9929,#9930,#9931,#9937));
#9929 = ORIENTED_EDGE('',*,*,#9898,.T.);
#9930 = ORIENTED_EDGE('',*,*,#4507,.T.);
#9931 = ORIENTED_EDGE('',*,*,#9932,.F.);
#9932 = EDGE_CURVE('',#1526,#4500,#9933,.T.);
#9933 = LINE('',#9934,#9935);
#9934 = CARTESIAN_POINT('',(124.02305766351,-17.03410838641,6.3));
#9935 = VECTOR('',#9936,1.);
#9936 = DIRECTION('',(0.,0.,1.));
#9937 = ORIENTED_EDGE('',*,*,#1533,.F.);
#9938 = PLANE('',#9939);
#9939 = AXIS2_PLACEMENT_3D('',#9940,#9941,#9942);
#9940 = CARTESIAN_POINT('',(124.00577832799,-16.91762056839,6.3));
#9941 = DIRECTION('',(0.989176509965,0.146730474455,0.));
#9942 = DIRECTION('',(0.146730474455,-0.989176509965,0.));
#9943 = ADVANCED_FACE('',(#9944),#9955,.T.);
#9944 = FACE_BOUND('',#9945,.T.);
#9945 = EDGE_LOOP('',(#9946,#9952,#9953,#9954));
#9946 = ORIENTED_EDGE('',*,*,#9947,.T.);
#9947 = EDGE_CURVE('',#1038,#4012,#9948,.T.);
#9948 = LINE('',#9949,#9950);
#9949 = CARTESIAN_POINT('',(114.89327261144,-75.04853423438,6.3));
#9950 = VECTOR('',#9951,1.);
#9951 = DIRECTION('',(0.,0.,1.));
#9952 = ORIENTED_EDGE('',*,*,#4011,.T.);
#9953 = ORIENTED_EDGE('',*,*,#9913,.F.);
#9954 = ORIENTED_EDGE('',*,*,#1037,.F.);
#9955 = PLANE('',#9956);
#9956 = AXIS2_PLACEMENT_3D('',#9957,#9958,#9959);
#9957 = CARTESIAN_POINT('',(114.89327261144,-75.04853423438,6.3));
#9958 = DIRECTION('',(0.292911620535,-0.956139520444,0.));
#9959 = DIRECTION('',(-0.956139520444,-0.292911620535,0.));
#9960 = ADVANCED_FACE('',(#9961),#9972,.T.);
#9961 = FACE_BOUND('',#9962,.T.);
#9962 = EDGE_LOOP('',(#9963,#9964,#9965,#9971));
#9963 = ORIENTED_EDGE('',*,*,#9932,.T.);
#9964 = ORIENTED_EDGE('',*,*,#4499,.T.);
#9965 = ORIENTED_EDGE('',*,*,#9966,.F.);
#9966 = EDGE_CURVE('',#1518,#4492,#9967,.T.);
#9967 = LINE('',#9968,#9969);
#9968 = CARTESIAN_POINT('',(124.05167159712,-17.1483416127,6.3));
#9969 = VECTOR('',#9970,1.);
#9970 = DIRECTION('',(0.,0.,1.));
#9971 = ORIENTED_EDGE('',*,*,#1525,.F.);
#9972 = PLANE('',#9973);
#9973 = AXIS2_PLACEMENT_3D('',#9974,#9975,#9976);
#9974 = CARTESIAN_POINT('',(124.02305766351,-17.03410838641,6.3));
#9975 = DIRECTION('',(0.970031253195,0.242980179903,0.));
#9976 = DIRECTION('',(0.242980179903,-0.970031253195,0.));
#9977 = ADVANCED_FACE('',(#9978),#9989,.T.);
#9978 = FACE_BOUND('',#9979,.T.);
#9979 = EDGE_LOOP('',(#9980,#9986,#9987,#9988));
#9980 = ORIENTED_EDGE('',*,*,#9981,.T.);
#9981 = EDGE_CURVE('',#1046,#4020,#9982,.T.);
#9982 = LINE('',#9983,#9984);
#9983 = CARTESIAN_POINT('',(114.92074931163,-75.04082652603,6.3));
#9984 = VECTOR('',#9985,1.);
#9985 = DIRECTION('',(0.,0.,1.));
#9986 = ORIENTED_EDGE('',*,*,#4019,.T.);
#9987 = ORIENTED_EDGE('',*,*,#9947,.F.);
#9988 = ORIENTED_EDGE('',*,*,#1045,.F.);
#9989 = PLANE('',#9990);
#9990 = AXIS2_PLACEMENT_3D('',#9991,#9992,#9993);
#9991 = CARTESIAN_POINT('',(114.92074931163,-75.04082652603,6.3));
#9992 = DIRECTION('',(0.270092363139,-0.962834417423,0.));
#9993 = DIRECTION('',(-0.962834417423,-0.270092363139,0.));
#9994 = ADVANCED_FACE('',(#9995),#10006,.T.);
#9995 = FACE_BOUND('',#9996,.T.);
#9996 = EDGE_LOOP('',(#9997,#9998,#9999,#10005));
#9997 = ORIENTED_EDGE('',*,*,#9966,.T.);
#9998 = ORIENTED_EDGE('',*,*,#4491,.T.);
#9999 = ORIENTED_EDGE('',*,*,#10000,.F.);
#10000 = EDGE_CURVE('',#1510,#4484,#10001,.T.);
#10001 = LINE('',#10002,#10003);
#10002 = CARTESIAN_POINT('',(124.09134456098,-17.25922011883,6.3));
#10003 = VECTOR('',#10004,1.);
#10004 = DIRECTION('',(0.,0.,1.));
#10005 = ORIENTED_EDGE('',*,*,#1517,.F.);
#10006 = PLANE('',#10007);
#10007 = AXIS2_PLACEMENT_3D('',#10008,#10009,#10010);
#10008 = CARTESIAN_POINT('',(124.05167159712,-17.1483416127,6.3));
#10009 = DIRECTION('',(0.941544065183,0.336889853392,0.));
#10010 = DIRECTION('',(0.336889853392,-0.941544065183,0.));
#10011 = ADVANCED_FACE('',(#10012),#10023,.T.);
#10012 = FACE_BOUND('',#10013,.T.);
#10013 = EDGE_LOOP('',(#10014,#10020,#10021,#10022));
#10014 = ORIENTED_EDGE('',*,*,#10015,.T.);
#10015 = EDGE_CURVE('',#1054,#4028,#10016,.T.);
#10016 = LINE('',#10017,#10018);
#10017 = CARTESIAN_POINT('',(114.94840152696,-75.03377437681,6.3));
#10018 = VECTOR('',#10019,1.);
#10019 = DIRECTION('',(0.,0.,1.));
#10020 = ORIENTED_EDGE('',*,*,#4027,.T.);
#10021 = ORIENTED_EDGE('',*,*,#9981,.F.);
#10022 = ORIENTED_EDGE('',*,*,#1053,.F.);
#10023 = PLANE('',#10024);
#10024 = AXIS2_PLACEMENT_3D('',#10025,#10026,#10027);
#10025 = CARTESIAN_POINT('',(114.94840152696,-75.03377437681,6.3));
#10026 = DIRECTION('',(0.247120357666,-0.968984792877,0.));
#10027 = DIRECTION('',(-0.968984792877,-0.247120357666,0.));
#10028 = ADVANCED_FACE('',(#10029),#10040,.T.);
#10029 = FACE_BOUND('',#10030,.T.);
#10030 = EDGE_LOOP('',(#10031,#10032,#10033,#10039));
#10031 = ORIENTED_EDGE('',*,*,#10000,.T.);
#10032 = ORIENTED_EDGE('',*,*,#4483,.T.);
#10033 = ORIENTED_EDGE('',*,*,#10034,.F.);
#10034 = EDGE_CURVE('',#1502,#4476,#10035,.T.);
#10035 = LINE('',#10036,#10037);
#10036 = CARTESIAN_POINT('',(124.14169448278,-17.36567608419,6.3));
#10037 = VECTOR('',#10038,1.);
#10038 = DIRECTION('',(0.,0.,1.));
#10039 = ORIENTED_EDGE('',*,*,#1509,.F.);
#10040 = PLANE('',#10041);
#10041 = AXIS2_PLACEMENT_3D('',#10042,#10043,#10044);
#10042 = CARTESIAN_POINT('',(124.09134456098,-17.25922011883,6.3));
#10043 = DIRECTION('',(0.903989293123,0.42755509343,0.));
#10044 = DIRECTION('',(0.42755509343,-0.903989293123,0.));
#10045 = ADVANCED_FACE('',(#10046),#10057,.T.);
#10046 = FACE_BOUND('',#10047,.T.);
#10047 = EDGE_LOOP('',(#10048,#10054,#10055,#10056));
#10048 = ORIENTED_EDGE('',*,*,#10049,.T.);
#10049 = EDGE_CURVE('',#1062,#4036,#10050,.T.);
#10050 = LINE('',#10051,#10052);
#10051 = CARTESIAN_POINT('',(114.976213619,-75.02738177502,6.3));
#10052 = VECTOR('',#10053,1.);
#10053 = DIRECTION('',(0.,0.,1.));
#10054 = ORIENTED_EDGE('',*,*,#4035,.T.);
#10055 = ORIENTED_EDGE('',*,*,#10015,.F.);
#10056 = ORIENTED_EDGE('',*,*,#1061,.F.);
#10057 = PLANE('',#10058);
#10058 = AXIS2_PLACEMENT_3D('',#10059,#10060,#10061);
#10059 = CARTESIAN_POINT('',(114.976213619,-75.02738177502,6.3));
#10060 = DIRECTION('',(0.224008595706,-0.974587168523,0.));
#10061 = DIRECTION('',(-0.974587168523,-0.224008595706,0.));
#10062 = ADVANCED_FACE('',(#10063),#10074,.T.);
#10063 = FACE_BOUND('',#10064,.T.);
#10064 = EDGE_LOOP('',(#10065,#10066,#10067,#10073));
#10065 = ORIENTED_EDGE('',*,*,#10034,.T.);
#10066 = ORIENTED_EDGE('',*,*,#4475,.T.);
#10067 = ORIENTED_EDGE('',*,*,#10068,.F.);
#10068 = EDGE_CURVE('',#1494,#4468,#10069,.T.);
#10069 = LINE('',#10070,#10071);
#10070 = CARTESIAN_POINT('',(124.20223646523,-17.46668427962,6.3));
#10071 = VECTOR('',#10072,1.);
#10072 = DIRECTION('',(0.,0.,1.));
#10073 = ORIENTED_EDGE('',*,*,#1501,.F.);
#10074 = PLANE('',#10075);
#10075 = AXIS2_PLACEMENT_3D('',#10076,#10077,#10078);
#10076 = CARTESIAN_POINT('',(124.14169448278,-17.36567608419,6.3));
#10077 = DIRECTION('',(0.85772861,0.514102744193,0.));
#10078 = DIRECTION('',(0.514102744193,-0.85772861,0.));
#10079 = ADVANCED_FACE('',(#10080),#10091,.T.);
#10080 = FACE_BOUND('',#10081,.T.);
#10081 = EDGE_LOOP('',(#10082,#10088,#10089,#10090));
#10082 = ORIENTED_EDGE('',*,*,#10083,.T.);
#10083 = EDGE_CURVE('',#1070,#4044,#10084,.T.);
#10084 = LINE('',#10085,#10086);
#10085 = CARTESIAN_POINT('',(115.00416985889,-75.02165233592,6.3));
#10086 = VECTOR('',#10087,1.);
#10087 = DIRECTION('',(0.,0.,1.));
#10088 = ORIENTED_EDGE('',*,*,#4043,.T.);
#10089 = ORIENTED_EDGE('',*,*,#10049,.F.);
#10090 = ORIENTED_EDGE('',*,*,#1069,.F.);
#10091 = PLANE('',#10092);
#10092 = AXIS2_PLACEMENT_3D('',#10093,#10094,#10095);
#10093 = CARTESIAN_POINT('',(115.00416985889,-75.02165233592,6.3));
#10094 = DIRECTION('',(0.200770147893,-0.979638375991,0.));
#10095 = DIRECTION('',(-0.979638375991,-0.200770147893,0.));
#10096 = ADVANCED_FACE('',(#10097),#10108,.T.);
#10097 = FACE_BOUND('',#10098,.T.);
#10098 = EDGE_LOOP('',(#10099,#10100,#10101,#10107));
#10099 = ORIENTED_EDGE('',*,*,#10068,.T.);
#10100 = ORIENTED_EDGE('',*,*,#4467,.T.);
#10101 = ORIENTED_EDGE('',*,*,#10102,.F.);
#10102 = EDGE_CURVE('',#1486,#4460,#10103,.T.);
#10103 = LINE('',#10104,#10105);
#10104 = CARTESIAN_POINT('',(124.27238745596,-17.56127194099,6.3));
#10105 = VECTOR('',#10106,1.);
#10106 = DIRECTION('',(0.,0.,1.));
#10107 = ORIENTED_EDGE('',*,*,#1493,.F.);
#10108 = PLANE('',#10109);
#10109 = AXIS2_PLACEMENT_3D('',#10110,#10111,#10112);
#10110 = CARTESIAN_POINT('',(124.20223646523,-17.46668427962,6.3));
#10111 = DIRECTION('',(0.803207531481,0.595699304492,0.));
#10112 = DIRECTION('',(0.595699304492,-0.803207531481,0.));
#10113 = ADVANCED_FACE('',(#10114),#10125,.T.);
#10114 = FACE_BOUND('',#10115,.T.);
#10115 = EDGE_LOOP('',(#10116,#10122,#10123,#10124));
#10116 = ORIENTED_EDGE('',*,*,#10117,.T.);
#10117 = EDGE_CURVE('',#1078,#4052,#10118,.T.);
#10118 = LINE('',#10119,#10120);
#10119 = CARTESIAN_POINT('',(115.03225443626,-75.01658929973,6.3));
#10120 = VECTOR('',#10121,1.);
#10121 = DIRECTION('',(0.,0.,1.));
#10122 = ORIENTED_EDGE('',*,*,#4051,.T.);
#10123 = ORIENTED_EDGE('',*,*,#10083,.F.);
#10124 = ORIENTED_EDGE('',*,*,#1077,.F.);
#10125 = PLANE('',#10126);
#10126 = AXIS2_PLACEMENT_3D('',#10127,#10128,#10129);
#10127 = CARTESIAN_POINT('',(115.03225443626,-75.01658929973,6.3));
#10128 = DIRECTION('',(0.177418156498,-0.984135558622,0.));
#10129 = DIRECTION('',(-0.984135558622,-0.177418156498,0.));
#10130 = ADVANCED_FACE('',(#10131),#10142,.T.);
#10131 = FACE_BOUND('',#10132,.T.);
#10132 = EDGE_LOOP('',(#10133,#10134,#10135,#10141));
#10133 = ORIENTED_EDGE('',*,*,#10102,.T.);
#10134 = ORIENTED_EDGE('',*,*,#4459,.T.);
#10135 = ORIENTED_EDGE('',*,*,#10136,.F.);
#10136 = EDGE_CURVE('',#1478,#4452,#10137,.T.);
#10137 = LINE('',#10138,#10139);
#10138 = CARTESIAN_POINT('',(124.35147186257,-17.64852813742,6.3));
#10139 = VECTOR('',#10140,1.);
#10140 = DIRECTION('',(0.,0.,1.));
#10141 = ORIENTED_EDGE('',*,*,#1485,.F.);
#10142 = PLANE('',#10143);
#10143 = AXIS2_PLACEMENT_3D('',#10144,#10145,#10146);
#10144 = CARTESIAN_POINT('',(124.27238745596,-17.56127194099,6.3));
#10145 = DIRECTION('',(0.740951125355,0.671558954847,0.));
#10146 = DIRECTION('',(0.671558954847,-0.740951125355,0.));
#10147 = ADVANCED_FACE('',(#10148),#10159,.T.);
#10148 = FACE_BOUND('',#10149,.T.);
#10149 = EDGE_LOOP('',(#10150,#10156,#10157,#10158));
#10150 = ORIENTED_EDGE('',*,*,#10151,.T.);
#10151 = EDGE_CURVE('',#1086,#4060,#10152,.T.);
#10152 = LINE('',#10153,#10154);
#10153 = CARTESIAN_POINT('',(115.06045146815,-75.01219552982,6.3));
#10154 = VECTOR('',#10155,1.);
#10155 = DIRECTION('',(0.,0.,1.));
#10156 = ORIENTED_EDGE('',*,*,#4059,.T.);
#10157 = ORIENTED_EDGE('',*,*,#10117,.F.);
#10158 = ORIENTED_EDGE('',*,*,#1085,.F.);
#10159 = PLANE('',#10160);
#10160 = AXIS2_PLACEMENT_3D('',#10161,#10162,#10163);
#10161 = CARTESIAN_POINT('',(115.06045146815,-75.01219552982,6.3));
#10162 = DIRECTION('',(0.153965828012,-0.988076173078,0.));
#10163 = DIRECTION('',(-0.988076173078,-0.153965828012,0.));
#10164 = ADVANCED_FACE('',(#10165),#10176,.T.);
#10165 = FACE_BOUND('',#10166,.T.);
#10166 = EDGE_LOOP('',(#10167,#10168,#10169,#10175));
#10167 = ORIENTED_EDGE('',*,*,#10136,.T.);
#10168 = ORIENTED_EDGE('',*,*,#4451,.T.);
#10169 = ORIENTED_EDGE('',*,*,#10170,.F.);
#10170 = EDGE_CURVE('',#1470,#4444,#10171,.T.);
#10171 = LINE('',#10172,#10173);
#10172 = CARTESIAN_POINT('',(124.438728059,-17.72761254403,6.3));
#10173 = VECTOR('',#10174,1.);
#10174 = DIRECTION('',(0.,0.,1.));
#10175 = ORIENTED_EDGE('',*,*,#1477,.F.);
#10176 = PLANE('',#10177);
#10177 = AXIS2_PLACEMENT_3D('',#10178,#10179,#10180);
#10178 = CARTESIAN_POINT('',(124.35147186257,-17.64852813742,6.3));
#10179 = DIRECTION('',(0.671558954847,0.740951125355,0.));
#10180 = DIRECTION('',(0.740951125355,-0.671558954847,0.));
#10181 = ADVANCED_FACE('',(#10182),#10193,.T.);
#10182 = FACE_BOUND('',#10183,.T.);
#10183 = EDGE_LOOP('',(#10184,#10190,#10191,#10192));
#10184 = ORIENTED_EDGE('',*,*,#10185,.T.);
#10185 = EDGE_CURVE('',#1094,#4068,#10186,.T.);
#10186 = LINE('',#10187,#10188);
#10187 = CARTESIAN_POINT('',(115.088745008,-75.00847351103,6.3));
#10188 = VECTOR('',#10189,1.);
#10189 = DIRECTION('',(0.,0.,1.));
#10190 = ORIENTED_EDGE('',*,*,#4067,.T.);
#10191 = ORIENTED_EDGE('',*,*,#10151,.F.);
#10192 = ORIENTED_EDGE('',*,*,#1093,.F.);
#10193 = PLANE('',#10194);
#10194 = AXIS2_PLACEMENT_3D('',#10195,#10196,#10197);
#10195 = CARTESIAN_POINT('',(115.088745008,-75.00847351103,6.3));
#10196 = DIRECTION('',(0.130426425668,-0.991457990783,0.));
#10197 = DIRECTION('',(-0.991457990783,-0.130426425668,0.));
#10198 = ADVANCED_FACE('',(#10199),#10210,.T.);
#10199 = FACE_BOUND('',#10200,.T.);
#10200 = EDGE_LOOP('',(#10201,#10202,#10203,#10209));
#10201 = ORIENTED_EDGE('',*,*,#10170,.T.);
#10202 = ORIENTED_EDGE('',*,*,#4443,.T.);
#10203 = ORIENTED_EDGE('',*,*,#10204,.F.);
#10204 = EDGE_CURVE('',#1462,#4436,#10205,.T.);
#10205 = LINE('',#10206,#10207);
#10206 = CARTESIAN_POINT('',(124.53331572037,-17.79776353476,6.3));
#10207 = VECTOR('',#10208,1.);
#10208 = DIRECTION('',(0.,0.,1.));
#10209 = ORIENTED_EDGE('',*,*,#1469,.F.);
#10210 = PLANE('',#10211);
#10211 = AXIS2_PLACEMENT_3D('',#10212,#10213,#10214);
#10212 = CARTESIAN_POINT('',(124.438728059,-17.72761254403,6.3));
#10213 = DIRECTION('',(0.595699304492,0.803207531481,0.));
#10214 = DIRECTION('',(0.803207531481,-0.595699304492,0.));
#10215 = ADVANCED_FACE('',(#10216),#10227,.T.);
#10216 = FACE_BOUND('',#10217,.T.);
#10217 = EDGE_LOOP('',(#10218,#10224,#10225,#10226));
#10218 = ORIENTED_EDGE('',*,*,#10219,.T.);
#10219 = EDGE_CURVE('',#1102,#4076,#10220,.T.);
#10220 = LINE('',#10221,#10222);
#10221 = CARTESIAN_POINT('',(115.11711905469,-75.00542534831,6.3));
#10222 = VECTOR('',#10223,1.);
#10223 = DIRECTION('',(0.,0.,1.));
#10224 = ORIENTED_EDGE('',*,*,#4075,.T.);
#10225 = ORIENTED_EDGE('',*,*,#10185,.F.);
#10226 = ORIENTED_EDGE('',*,*,#1101,.F.);
#10227 = PLANE('',#10228);
#10228 = AXIS2_PLACEMENT_3D('',#10229,#10230,#10231);
#10229 = CARTESIAN_POINT('',(115.11711905469,-75.00542534831,6.3));
#10230 = DIRECTION('',(0.106813261943,-0.994279099183,0.));
#10231 = DIRECTION('',(-0.994279099183,-0.106813261943,0.));
#10232 = ADVANCED_FACE('',(#10233),#10244,.T.);
#10233 = FACE_BOUND('',#10234,.T.);
#10234 = EDGE_LOOP('',(#10235,#10236,#10237,#10243));
#10235 = ORIENTED_EDGE('',*,*,#10204,.T.);
#10236 = ORIENTED_EDGE('',*,*,#4435,.T.);
#10237 = ORIENTED_EDGE('',*,*,#10238,.F.);
#10238 = EDGE_CURVE('',#1454,#4428,#10239,.T.);
#10239 = LINE('',#10240,#10241);
#10240 = CARTESIAN_POINT('',(124.6343239158,-17.85830551721,6.3));
#10241 = VECTOR('',#10242,1.);
#10242 = DIRECTION('',(0.,0.,1.));
#10243 = ORIENTED_EDGE('',*,*,#1461,.F.);
#10244 = PLANE('',#10245);
#10245 = AXIS2_PLACEMENT_3D('',#10246,#10247,#10248);
#10246 = CARTESIAN_POINT('',(124.53331572037,-17.79776353476,6.3));
#10247 = DIRECTION('',(0.514102744193,0.85772861,0.));
#10248 = DIRECTION('',(0.85772861,-0.514102744193,0.));
#10249 = ADVANCED_FACE('',(#10250),#10261,.T.);
#10250 = FACE_BOUND('',#10251,.T.);
#10251 = EDGE_LOOP('',(#10252,#10258,#10259,#10260));
#10252 = ORIENTED_EDGE('',*,*,#10253,.T.);
#10253 = EDGE_CURVE('',#1110,#4084,#10254,.T.);
#10254 = LINE('',#10255,#10256);
#10255 = CARTESIAN_POINT('',(115.14555756154,-75.00305276553,6.3));
#10256 = VECTOR('',#10257,1.);
#10257 = DIRECTION('',(0.,0.,1.));
#10258 = ORIENTED_EDGE('',*,*,#4083,.T.);
#10259 = ORIENTED_EDGE('',*,*,#10219,.F.);
#10260 = ORIENTED_EDGE('',*,*,#1109,.F.);
#10261 = PLANE('',#10262);
#10262 = AXIS2_PLACEMENT_3D('',#10263,#10264,#10265);
#10263 = CARTESIAN_POINT('',(115.14555756154,-75.00305276553,6.3));
#10264 = DIRECTION('',(8.313969102999E-02,-0.996537902829,0.));
#10265 = DIRECTION('',(-0.996537902829,-8.313969102999E-02,0.));
#10266 = ADVANCED_FACE('',(#10267),#10278,.T.);
#10267 = FACE_BOUND('',#10268,.T.);
#10268 = EDGE_LOOP('',(#10269,#10270,#10271,#10277));
#10269 = ORIENTED_EDGE('',*,*,#10238,.T.);
#10270 = ORIENTED_EDGE('',*,*,#4427,.T.);
#10271 = ORIENTED_EDGE('',*,*,#10272,.F.);
#10272 = EDGE_CURVE('',#1446,#4420,#10273,.T.);
#10273 = LINE('',#10274,#10275);
#10274 = CARTESIAN_POINT('',(124.74077988116,-17.90865543901,6.3));
#10275 = VECTOR('',#10276,1.);
#10276 = DIRECTION('',(0.,0.,1.));
#10277 = ORIENTED_EDGE('',*,*,#1453,.F.);
#10278 = PLANE('',#10279);
#10279 = AXIS2_PLACEMENT_3D('',#10280,#10281,#10282);
#10280 = CARTESIAN_POINT('',(124.6343239158,-17.85830551721,6.3));
#10281 = DIRECTION('',(0.42755509343,0.903989293123,0.));
#10282 = DIRECTION('',(0.903989293123,-0.42755509343,0.));
#10283 = ADVANCED_FACE('',(#10284),#10295,.T.);
#10284 = FACE_BOUND('',#10285,.T.);
#10285 = EDGE_LOOP('',(#10286,#10292,#10293,#10294));
#10286 = ORIENTED_EDGE('',*,*,#10287,.T.);
#10287 = EDGE_CURVE('',#1118,#4092,#10288,.T.);
#10288 = LINE('',#10289,#10290);
#10289 = CARTESIAN_POINT('',(115.17404444545,-75.00135710446,6.3));
#10290 = VECTOR('',#10291,1.);
#10291 = DIRECTION('',(0.,0.,1.));
#10292 = ORIENTED_EDGE('',*,*,#4091,.T.);
#10293 = ORIENTED_EDGE('',*,*,#10253,.F.);
#10294 = ORIENTED_EDGE('',*,*,#1117,.F.);
#10295 = PLANE('',#10296);
#10296 = AXIS2_PLACEMENT_3D('',#10297,#10298,#10299);
#10297 = CARTESIAN_POINT('',(115.17404444545,-75.00135710446,6.3));
#10298 = DIRECTION('',(5.941910128297E-02,-0.998233124276,0.));
#10299 = DIRECTION('',(-0.998233124276,-5.941910128297E-02,0.));
#10300 = ADVANCED_FACE('',(#10301),#10312,.T.);
#10301 = FACE_BOUND('',#10302,.T.);
#10302 = EDGE_LOOP('',(#10303,#10304,#10305,#10311));
#10303 = ORIENTED_EDGE('',*,*,#10272,.T.);
#10304 = ORIENTED_EDGE('',*,*,#4419,.T.);
#10305 = ORIENTED_EDGE('',*,*,#10306,.F.);
#10306 = EDGE_CURVE('',#1438,#4412,#10307,.T.);
#10307 = LINE('',#10308,#10309);
#10308 = CARTESIAN_POINT('',(124.85165838729,-17.94832840287,6.3));
#10309 = VECTOR('',#10310,1.);
#10310 = DIRECTION('',(0.,0.,1.));
#10311 = ORIENTED_EDGE('',*,*,#1445,.F.);
#10312 = PLANE('',#10313);
#10313 = AXIS2_PLACEMENT_3D('',#10314,#10315,#10316);
#10314 = CARTESIAN_POINT('',(124.74077988116,-17.90865543901,6.3));
#10315 = DIRECTION('',(0.336889853392,0.941544065183,0.));
#10316 = DIRECTION('',(0.941544065183,-0.336889853392,0.));
#10317 = ADVANCED_FACE('',(#10318),#10329,.T.);
#10318 = FACE_BOUND('',#10319,.T.);
#10319 = EDGE_LOOP('',(#10320,#10326,#10327,#10328));
#10320 = ORIENTED_EDGE('',*,*,#10321,.T.);
#10321 = EDGE_CURVE('',#1126,#4100,#10322,.T.);
#10322 = LINE('',#10323,#10324);
#10323 = CARTESIAN_POINT('',(115.20256359594,-75.00033932409,6.3));
#10324 = VECTOR('',#10325,1.);
#10325 = DIRECTION('',(0.,0.,1.));
#10326 = ORIENTED_EDGE('',*,*,#4099,.T.);
#10327 = ORIENTED_EDGE('',*,*,#10287,.F.);
#10328 = ORIENTED_EDGE('',*,*,#1125,.F.);
#10329 = PLANE('',#10330);
#10330 = AXIS2_PLACEMENT_3D('',#10331,#10332,#10333);
#10331 = CARTESIAN_POINT('',(115.20256359594,-75.00033932409,6.3));
#10332 = DIRECTION('',(3.566490764814E-02,-0.999363804809,0.));
#10333 = DIRECTION('',(-0.999363804809,-3.566490764814E-02,0.));
#10334 = ADVANCED_FACE('',(#10335),#10346,.T.);
#10335 = FACE_BOUND('',#10336,.T.);
#10336 = EDGE_LOOP('',(#10337,#10338,#10339,#10345));
#10337 = ORIENTED_EDGE('',*,*,#10306,.T.);
#10338 = ORIENTED_EDGE('',*,*,#4411,.T.);
#10339 = ORIENTED_EDGE('',*,*,#10340,.F.);
#10340 = EDGE_CURVE('',#1430,#4404,#10341,.T.);
#10341 = LINE('',#10342,#10343);
#10342 = CARTESIAN_POINT('',(124.96589161358,-17.97694233648,6.3));
#10343 = VECTOR('',#10344,1.);
#10344 = DIRECTION('',(0.,0.,1.));
#10345 = ORIENTED_EDGE('',*,*,#1437,.F.);
#10346 = PLANE('',#10347);
#10347 = AXIS2_PLACEMENT_3D('',#10348,#10349,#10350);
#10348 = CARTESIAN_POINT('',(124.85165838729,-17.94832840287,6.3));
#10349 = DIRECTION('',(0.242980179903,0.970031253195,0.));
#10350 = DIRECTION('',(0.970031253195,-0.242980179903,0.));
#10351 = ADVANCED_FACE('',(#10352),#10363,.T.);
#10352 = FACE_BOUND('',#10353,.T.);
#10353 = EDGE_LOOP('',(#10354,#10360,#10361,#10362));
#10354 = ORIENTED_EDGE('',*,*,#10355,.T.);
#10355 = EDGE_CURVE('',#1134,#4108,#10356,.T.);
#10356 = LINE('',#10357,#10358);
#10357 = CARTESIAN_POINT('',(115.23109888428,-75.,6.3));
#10358 = VECTOR('',#10359,1.);
#10359 = DIRECTION('',(0.,0.,1.));
#10360 = ORIENTED_EDGE('',*,*,#4107,.T.);
#10361 = ORIENTED_EDGE('',*,*,#10321,.F.);
#10362 = ORIENTED_EDGE('',*,*,#1133,.F.);
#10363 = PLANE('',#10364);
#10364 = AXIS2_PLACEMENT_3D('',#10365,#10366,#10367);
#10365 = CARTESIAN_POINT('',(115.23109888428,-75.,6.3));
#10366 = DIRECTION('',(1.189054407617E-02,-0.999929304982,0.));
#10367 = DIRECTION('',(-0.999929304982,-1.189054407617E-02,0.));
#10368 = ADVANCED_FACE('',(#10369),#10380,.T.);
#10369 = FACE_BOUND('',#10370,.T.);
#10370 = EDGE_LOOP('',(#10371,#10372,#10373,#10379));
#10371 = ORIENTED_EDGE('',*,*,#10340,.T.);
#10372 = ORIENTED_EDGE('',*,*,#4403,.T.);
#10373 = ORIENTED_EDGE('',*,*,#10374,.F.);
#10374 = EDGE_CURVE('',#1422,#4396,#10375,.T.);
#10375 = LINE('',#10376,#10377);
#10376 = CARTESIAN_POINT('',(125.0823794316,-17.994221672,6.3));
#10377 = VECTOR('',#10378,1.);
#10378 = DIRECTION('',(0.,0.,1.));
#10379 = ORIENTED_EDGE('',*,*,#1429,.F.);
#10380 = PLANE('',#10381);
#10381 = AXIS2_PLACEMENT_3D('',#10382,#10383,#10384);
#10382 = CARTESIAN_POINT('',(124.96589161358,-17.97694233648,6.3));
#10383 = DIRECTION('',(0.146730474455,0.989176509965,0.));
#10384 = DIRECTION('',(0.989176509965,-0.146730474455,0.));
#10385 = ADVANCED_FACE('',(#10386),#10397,.T.);
#10386 = FACE_BOUND('',#10387,.T.);
#10387 = EDGE_LOOP('',(#10388,#10394,#10395,#10396));
#10388 = ORIENTED_EDGE('',*,*,#10389,.T.);
#10389 = EDGE_CURVE('',#1142,#4116,#10390,.T.);
#10390 = LINE('',#10391,#10392);
#10391 = CARTESIAN_POINT('',(141.9,-75.,6.3));
#10392 = VECTOR('',#10393,1.);
#10393 = DIRECTION('',(0.,0.,1.));
#10394 = ORIENTED_EDGE('',*,*,#4115,.T.);
#10395 = ORIENTED_EDGE('',*,*,#10355,.F.);
#10396 = ORIENTED_EDGE('',*,*,#1141,.F.);
#10397 = PLANE('',#10398);
#10398 = AXIS2_PLACEMENT_3D('',#10399,#10400,#10401);
#10399 = CARTESIAN_POINT('',(141.9,-75.,6.3));
#10400 = DIRECTION('',(0.,-1.,0.));
#10401 = DIRECTION('',(-1.,0.,0.));
#10402 = ADVANCED_FACE('',(#10403),#10414,.T.);
#10403 = FACE_BOUND('',#10404,.T.);
#10404 = EDGE_LOOP('',(#10405,#10406,#10407,#10413));
#10405 = ORIENTED_EDGE('',*,*,#10374,.T.);
#10406 = ORIENTED_EDGE('',*,*,#4395,.T.);
#10407 = ORIENTED_EDGE('',*,*,#10408,.F.);
#10408 = EDGE_CURVE('',#1414,#4388,#10409,.T.);
#10409 = LINE('',#10410,#10411);
#10410 = CARTESIAN_POINT('',(125.2,-18.,6.3));
#10411 = VECTOR('',#10412,1.);
#10412 = DIRECTION('',(0.,0.,1.));
#10413 = ORIENTED_EDGE('',*,*,#1421,.F.);
#10414 = PLANE('',#10415);
#10415 = AXIS2_PLACEMENT_3D('',#10416,#10417,#10418);
#10416 = CARTESIAN_POINT('',(125.0823794316,-17.994221672,6.3));
#10417 = DIRECTION('',(4.90676743274E-02,0.998795456205,0.));
#10418 = DIRECTION('',(0.998795456205,-4.90676743274E-02,0.));
#10419 = ADVANCED_FACE('',(#10420),#10431,.T.);
#10420 = FACE_BOUND('',#10421,.T.);
#10421 = EDGE_LOOP('',(#10422,#10428,#10429,#10430));
#10422 = ORIENTED_EDGE('',*,*,#10423,.T.);
#10423 = EDGE_CURVE('',#1150,#4124,#10424,.T.);
#10424 = LINE('',#10425,#10426);
#10425 = CARTESIAN_POINT('',(142.01762056839,-74.994221672,6.3));
#10426 = VECTOR('',#10427,1.);
#10427 = DIRECTION('',(0.,0.,1.));
#10428 = ORIENTED_EDGE('',*,*,#4123,.T.);
#10429 = ORIENTED_EDGE('',*,*,#10389,.F.);
#10430 = ORIENTED_EDGE('',*,*,#1149,.F.);
#10431 = PLANE('',#10432);
#10432 = AXIS2_PLACEMENT_3D('',#10433,#10434,#10435);
#10433 = CARTESIAN_POINT('',(142.01762056839,-74.994221672,6.3));
#10434 = DIRECTION('',(4.906767432746E-02,-0.998795456205,0.));
#10435 = DIRECTION('',(-0.998795456205,-4.906767432746E-02,0.));
#10436 = ADVANCED_FACE('',(#10437),#10448,.T.);
#10437 = FACE_BOUND('',#10438,.T.);
#10438 = EDGE_LOOP('',(#10439,#10440,#10441,#10447));
#10439 = ORIENTED_EDGE('',*,*,#10408,.T.);
#10440 = ORIENTED_EDGE('',*,*,#4387,.T.);
#10441 = ORIENTED_EDGE('',*,*,#10442,.F.);
#10442 = EDGE_CURVE('',#1406,#4380,#10443,.T.);
#10443 = LINE('',#10444,#10445);
#10444 = CARTESIAN_POINT('',(141.9,-18.,6.3));
#10445 = VECTOR('',#10446,1.);
#10446 = DIRECTION('',(0.,0.,1.));
#10447 = ORIENTED_EDGE('',*,*,#1413,.F.);
#10448 = PLANE('',#10449);
#10449 = AXIS2_PLACEMENT_3D('',#10450,#10451,#10452);
#10450 = CARTESIAN_POINT('',(125.2,-18.,6.3));
#10451 = DIRECTION('',(0.,1.,0.));
#10452 = DIRECTION('',(1.,0.,0.));
#10453 = ADVANCED_FACE('',(#10454),#10465,.T.);
#10454 = FACE_BOUND('',#10455,.T.);
#10455 = EDGE_LOOP('',(#10456,#10462,#10463,#10464));
#10456 = ORIENTED_EDGE('',*,*,#10457,.T.);
#10457 = EDGE_CURVE('',#1158,#4132,#10458,.T.);
#10458 = LINE('',#10459,#10460);
#10459 = CARTESIAN_POINT('',(142.13410838641,-74.97694233648,6.3));
#10460 = VECTOR('',#10461,1.);
#10461 = DIRECTION('',(0.,0.,1.));
#10462 = ORIENTED_EDGE('',*,*,#4131,.T.);
#10463 = ORIENTED_EDGE('',*,*,#10423,.F.);
#10464 = ORIENTED_EDGE('',*,*,#1157,.F.);
#10465 = PLANE('',#10466);
#10466 = AXIS2_PLACEMENT_3D('',#10467,#10468,#10469);
#10467 = CARTESIAN_POINT('',(142.13410838641,-74.97694233648,6.3));
#10468 = DIRECTION('',(0.146730474455,-0.989176509965,0.));
#10469 = DIRECTION('',(-0.989176509965,-0.146730474455,0.));
#10470 = ADVANCED_FACE('',(#10471),#10482,.T.);
#10471 = FACE_BOUND('',#10472,.T.);
#10472 = EDGE_LOOP('',(#10473,#10474,#10475,#10481));
#10473 = ORIENTED_EDGE('',*,*,#10442,.T.);
#10474 = ORIENTED_EDGE('',*,*,#4379,.T.);
#10475 = ORIENTED_EDGE('',*,*,#10476,.F.);
#10476 = EDGE_CURVE('',#1398,#4372,#10477,.T.);
#10477 = LINE('',#10478,#10479);
#10478 = CARTESIAN_POINT('',(142.01762056839,-18.00577832799,6.3));
#10479 = VECTOR('',#10480,1.);
#10480 = DIRECTION('',(0.,0.,1.));
#10481 = ORIENTED_EDGE('',*,*,#1405,.F.);
#10482 = PLANE('',#10483);
#10483 = AXIS2_PLACEMENT_3D('',#10484,#10485,#10486);
#10484 = CARTESIAN_POINT('',(141.9,-18.,6.3));
#10485 = DIRECTION('',(4.90676743274E-02,0.998795456205,0.));
#10486 = DIRECTION('',(0.998795456205,-4.90676743274E-02,0.));
#10487 = ADVANCED_FACE('',(#10488),#10499,.T.);
#10488 = FACE_BOUND('',#10489,.T.);
#10489 = EDGE_LOOP('',(#10490,#10496,#10497,#10498));
#10490 = ORIENTED_EDGE('',*,*,#10491,.T.);
#10491 = EDGE_CURVE('',#1166,#4140,#10492,.T.);
#10492 = LINE('',#10493,#10494);
#10493 = CARTESIAN_POINT('',(142.2483416127,-74.94832840287,6.3));
#10494 = VECTOR('',#10495,1.);
#10495 = DIRECTION('',(0.,0.,1.));
#10496 = ORIENTED_EDGE('',*,*,#4139,.T.);
#10497 = ORIENTED_EDGE('',*,*,#10457,.F.);
#10498 = ORIENTED_EDGE('',*,*,#1165,.F.);
#10499 = PLANE('',#10500);
#10500 = AXIS2_PLACEMENT_3D('',#10501,#10502,#10503);
#10501 = CARTESIAN_POINT('',(142.2483416127,-74.94832840287,6.3));
#10502 = DIRECTION('',(0.242980179903,-0.970031253195,0.));
#10503 = DIRECTION('',(-0.970031253195,-0.242980179903,0.));
#10504 = ADVANCED_FACE('',(#10505),#10516,.T.);
#10505 = FACE_BOUND('',#10506,.T.);
#10506 = EDGE_LOOP('',(#10507,#10508,#10509,#10515));
#10507 = ORIENTED_EDGE('',*,*,#10476,.T.);
#10508 = ORIENTED_EDGE('',*,*,#4371,.T.);
#10509 = ORIENTED_EDGE('',*,*,#10510,.F.);
#10510 = EDGE_CURVE('',#1390,#4364,#10511,.T.);
#10511 = LINE('',#10512,#10513);
#10512 = CARTESIAN_POINT('',(142.13410838641,-18.02305766351,6.3));
#10513 = VECTOR('',#10514,1.);
#10514 = DIRECTION('',(0.,0.,1.));
#10515 = ORIENTED_EDGE('',*,*,#1397,.F.);
#10516 = PLANE('',#10517);
#10517 = AXIS2_PLACEMENT_3D('',#10518,#10519,#10520);
#10518 = CARTESIAN_POINT('',(142.01762056839,-18.00577832799,6.3));
#10519 = DIRECTION('',(0.146730474455,0.989176509965,0.));
#10520 = DIRECTION('',(0.989176509965,-0.146730474455,0.));
#10521 = ADVANCED_FACE('',(#10522),#10533,.T.);
#10522 = FACE_BOUND('',#10523,.T.);
#10523 = EDGE_LOOP('',(#10524,#10530,#10531,#10532));
#10524 = ORIENTED_EDGE('',*,*,#10525,.T.);
#10525 = EDGE_CURVE('',#1174,#4148,#10526,.T.);
#10526 = LINE('',#10527,#10528);
#10527 = CARTESIAN_POINT('',(142.35922011883,-74.90865543901,6.3));
#10528 = VECTOR('',#10529,1.);
#10529 = DIRECTION('',(0.,0.,1.));
#10530 = ORIENTED_EDGE('',*,*,#4147,.T.);
#10531 = ORIENTED_EDGE('',*,*,#10491,.F.);
#10532 = ORIENTED_EDGE('',*,*,#1173,.F.);
#10533 = PLANE('',#10534);
#10534 = AXIS2_PLACEMENT_3D('',#10535,#10536,#10537);
#10535 = CARTESIAN_POINT('',(142.35922011883,-74.90865543901,6.3));
#10536 = DIRECTION('',(0.336889853392,-0.941544065183,0.));
#10537 = DIRECTION('',(-0.941544065183,-0.336889853392,0.));
#10538 = ADVANCED_FACE('',(#10539),#10550,.T.);
#10539 = FACE_BOUND('',#10540,.T.);
#10540 = EDGE_LOOP('',(#10541,#10542,#10543,#10549));
#10541 = ORIENTED_EDGE('',*,*,#10510,.T.);
#10542 = ORIENTED_EDGE('',*,*,#4363,.T.);
#10543 = ORIENTED_EDGE('',*,*,#10544,.F.);
#10544 = EDGE_CURVE('',#1382,#4356,#10545,.T.);
#10545 = LINE('',#10546,#10547);
#10546 = CARTESIAN_POINT('',(142.2483416127,-18.05167159712,6.3));
#10547 = VECTOR('',#10548,1.);
#10548 = DIRECTION('',(0.,0.,1.));
#10549 = ORIENTED_EDGE('',*,*,#1389,.F.);
#10550 = PLANE('',#10551);
#10551 = AXIS2_PLACEMENT_3D('',#10552,#10553,#10554);
#10552 = CARTESIAN_POINT('',(142.13410838641,-18.02305766351,6.3));
#10553 = DIRECTION('',(0.242980179903,0.970031253195,0.));
#10554 = DIRECTION('',(0.970031253195,-0.242980179903,0.));
#10555 = ADVANCED_FACE('',(#10556),#10567,.T.);
#10556 = FACE_BOUND('',#10557,.T.);
#10557 = EDGE_LOOP('',(#10558,#10564,#10565,#10566));
#10558 = ORIENTED_EDGE('',*,*,#10559,.T.);
#10559 = EDGE_CURVE('',#1182,#4156,#10560,.T.);
#10560 = LINE('',#10561,#10562);
#10561 = CARTESIAN_POINT('',(142.46567608419,-74.85830551721,6.3));
#10562 = VECTOR('',#10563,1.);
#10563 = DIRECTION('',(0.,0.,1.));
#10564 = ORIENTED_EDGE('',*,*,#4155,.T.);
#10565 = ORIENTED_EDGE('',*,*,#10525,.F.);
#10566 = ORIENTED_EDGE('',*,*,#1181,.F.);
#10567 = PLANE('',#10568);
#10568 = AXIS2_PLACEMENT_3D('',#10569,#10570,#10571);
#10569 = CARTESIAN_POINT('',(142.46567608419,-74.85830551721,6.3));
#10570 = DIRECTION('',(0.42755509343,-0.903989293123,0.));
#10571 = DIRECTION('',(-0.903989293123,-0.42755509343,0.));
#10572 = ADVANCED_FACE('',(#10573),#10584,.T.);
#10573 = FACE_BOUND('',#10574,.T.);
#10574 = EDGE_LOOP('',(#10575,#10576,#10577,#10583));
#10575 = ORIENTED_EDGE('',*,*,#10544,.T.);
#10576 = ORIENTED_EDGE('',*,*,#4355,.T.);
#10577 = ORIENTED_EDGE('',*,*,#10578,.F.);
#10578 = EDGE_CURVE('',#1374,#4348,#10579,.T.);
#10579 = LINE('',#10580,#10581);
#10580 = CARTESIAN_POINT('',(142.35922011883,-18.09134456098,6.3));
#10581 = VECTOR('',#10582,1.);
#10582 = DIRECTION('',(0.,0.,1.));
#10583 = ORIENTED_EDGE('',*,*,#1381,.F.);
#10584 = PLANE('',#10585);
#10585 = AXIS2_PLACEMENT_3D('',#10586,#10587,#10588);
#10586 = CARTESIAN_POINT('',(142.2483416127,-18.05167159712,6.3));
#10587 = DIRECTION('',(0.336889853392,0.941544065183,0.));
#10588 = DIRECTION('',(0.941544065183,-0.336889853392,0.));
#10589 = ADVANCED_FACE('',(#10590),#10601,.T.);
#10590 = FACE_BOUND('',#10591,.T.);
#10591 = EDGE_LOOP('',(#10592,#10598,#10599,#10600));
#10592 = ORIENTED_EDGE('',*,*,#10593,.T.);
#10593 = EDGE_CURVE('',#1190,#4164,#10594,.T.);
#10594 = LINE('',#10595,#10596);
#10595 = CARTESIAN_POINT('',(142.56668427962,-74.79776353476,6.3));
#10596 = VECTOR('',#10597,1.);
#10597 = DIRECTION('',(0.,0.,1.));
#10598 = ORIENTED_EDGE('',*,*,#4163,.T.);
#10599 = ORIENTED_EDGE('',*,*,#10559,.F.);
#10600 = ORIENTED_EDGE('',*,*,#1189,.F.);
#10601 = PLANE('',#10602);
#10602 = AXIS2_PLACEMENT_3D('',#10603,#10604,#10605);
#10603 = CARTESIAN_POINT('',(142.56668427962,-74.79776353476,6.3));
#10604 = DIRECTION('',(0.514102744193,-0.85772861,0.));
#10605 = DIRECTION('',(-0.85772861,-0.514102744193,0.));
#10606 = ADVANCED_FACE('',(#10607),#10618,.T.);
#10607 = FACE_BOUND('',#10608,.T.);
#10608 = EDGE_LOOP('',(#10609,#10610,#10611,#10617));
#10609 = ORIENTED_EDGE('',*,*,#10578,.T.);
#10610 = ORIENTED_EDGE('',*,*,#4347,.T.);
#10611 = ORIENTED_EDGE('',*,*,#10612,.F.);
#10612 = EDGE_CURVE('',#1366,#4340,#10613,.T.);
#10613 = LINE('',#10614,#10615);
#10614 = CARTESIAN_POINT('',(142.46567608419,-18.14169448278,6.3));
#10615 = VECTOR('',#10616,1.);
#10616 = DIRECTION('',(0.,0.,1.));
#10617 = ORIENTED_EDGE('',*,*,#1373,.F.);
#10618 = PLANE('',#10619);
#10619 = AXIS2_PLACEMENT_3D('',#10620,#10621,#10622);
#10620 = CARTESIAN_POINT('',(142.35922011883,-18.09134456098,6.3));
#10621 = DIRECTION('',(0.42755509343,0.903989293123,0.));
#10622 = DIRECTION('',(0.903989293123,-0.42755509343,0.));
#10623 = ADVANCED_FACE('',(#10624),#10635,.T.);
#10624 = FACE_BOUND('',#10625,.T.);
#10625 = EDGE_LOOP('',(#10626,#10632,#10633,#10634));
#10626 = ORIENTED_EDGE('',*,*,#10627,.T.);
#10627 = EDGE_CURVE('',#1198,#4172,#10628,.T.);
#10628 = LINE('',#10629,#10630);
#10629 = CARTESIAN_POINT('',(142.66127194099,-74.72761254403,6.3));
#10630 = VECTOR('',#10631,1.);
#10631 = DIRECTION('',(0.,0.,1.));
#10632 = ORIENTED_EDGE('',*,*,#4171,.T.);
#10633 = ORIENTED_EDGE('',*,*,#10593,.F.);
#10634 = ORIENTED_EDGE('',*,*,#1197,.F.);
#10635 = PLANE('',#10636);
#10636 = AXIS2_PLACEMENT_3D('',#10637,#10638,#10639);
#10637 = CARTESIAN_POINT('',(142.66127194099,-74.72761254403,6.3));
#10638 = DIRECTION('',(0.595699304492,-0.803207531481,0.));
#10639 = DIRECTION('',(-0.803207531481,-0.595699304492,0.));
#10640 = ADVANCED_FACE('',(#10641),#10652,.T.);
#10641 = FACE_BOUND('',#10642,.T.);
#10642 = EDGE_LOOP('',(#10643,#10644,#10645,#10651));
#10643 = ORIENTED_EDGE('',*,*,#10612,.T.);
#10644 = ORIENTED_EDGE('',*,*,#4339,.T.);
#10645 = ORIENTED_EDGE('',*,*,#10646,.F.);
#10646 = EDGE_CURVE('',#1358,#4332,#10647,.T.);
#10647 = LINE('',#10648,#10649);
#10648 = CARTESIAN_POINT('',(142.56668427962,-18.20223646523,6.3));
#10649 = VECTOR('',#10650,1.);
#10650 = DIRECTION('',(0.,0.,1.));
#10651 = ORIENTED_EDGE('',*,*,#1365,.F.);
#10652 = PLANE('',#10653);
#10653 = AXIS2_PLACEMENT_3D('',#10654,#10655,#10656);
#10654 = CARTESIAN_POINT('',(142.46567608419,-18.14169448278,6.3));
#10655 = DIRECTION('',(0.514102744193,0.85772861,0.));
#10656 = DIRECTION('',(0.85772861,-0.514102744193,0.));
#10657 = ADVANCED_FACE('',(#10658),#10669,.T.);
#10658 = FACE_BOUND('',#10659,.T.);
#10659 = EDGE_LOOP('',(#10660,#10666,#10667,#10668));
#10660 = ORIENTED_EDGE('',*,*,#10661,.T.);
#10661 = EDGE_CURVE('',#1206,#4180,#10662,.T.);
#10662 = LINE('',#10663,#10664);
#10663 = CARTESIAN_POINT('',(142.74852813742,-74.64852813742,6.3));
#10664 = VECTOR('',#10665,1.);
#10665 = DIRECTION('',(0.,0.,1.));
#10666 = ORIENTED_EDGE('',*,*,#4179,.T.);
#10667 = ORIENTED_EDGE('',*,*,#10627,.F.);
#10668 = ORIENTED_EDGE('',*,*,#1205,.F.);
#10669 = PLANE('',#10670);
#10670 = AXIS2_PLACEMENT_3D('',#10671,#10672,#10673);
#10671 = CARTESIAN_POINT('',(142.74852813742,-74.64852813742,6.3));
#10672 = DIRECTION('',(0.671558954847,-0.740951125355,0.));
#10673 = DIRECTION('',(-0.740951125355,-0.671558954847,0.));
#10674 = ADVANCED_FACE('',(#10675),#10686,.T.);
#10675 = FACE_BOUND('',#10676,.T.);
#10676 = EDGE_LOOP('',(#10677,#10678,#10679,#10685));
#10677 = ORIENTED_EDGE('',*,*,#10646,.T.);
#10678 = ORIENTED_EDGE('',*,*,#4331,.T.);
#10679 = ORIENTED_EDGE('',*,*,#10680,.F.);
#10680 = EDGE_CURVE('',#1350,#4324,#10681,.T.);
#10681 = LINE('',#10682,#10683);
#10682 = CARTESIAN_POINT('',(142.66127194099,-18.27238745596,6.3));
#10683 = VECTOR('',#10684,1.);
#10684 = DIRECTION('',(0.,0.,1.));
#10685 = ORIENTED_EDGE('',*,*,#1357,.F.);
#10686 = PLANE('',#10687);
#10687 = AXIS2_PLACEMENT_3D('',#10688,#10689,#10690);
#10688 = CARTESIAN_POINT('',(142.56668427962,-18.20223646523,6.3));
#10689 = DIRECTION('',(0.595699304492,0.803207531481,0.));
#10690 = DIRECTION('',(0.803207531481,-0.595699304492,0.));
#10691 = ADVANCED_FACE('',(#10692),#10703,.T.);
#10692 = FACE_BOUND('',#10693,.T.);
#10693 = EDGE_LOOP('',(#10694,#10700,#10701,#10702));
#10694 = ORIENTED_EDGE('',*,*,#10695,.T.);
#10695 = EDGE_CURVE('',#1214,#4188,#10696,.T.);
#10696 = LINE('',#10697,#10698);
#10697 = CARTESIAN_POINT('',(142.82761254403,-74.56127194099,6.3));
#10698 = VECTOR('',#10699,1.);
#10699 = DIRECTION('',(0.,0.,1.));
#10700 = ORIENTED_EDGE('',*,*,#4187,.T.);
#10701 = ORIENTED_EDGE('',*,*,#10661,.F.);
#10702 = ORIENTED_EDGE('',*,*,#1213,.F.);
#10703 = PLANE('',#10704);
#10704 = AXIS2_PLACEMENT_3D('',#10705,#10706,#10707);
#10705 = CARTESIAN_POINT('',(142.82761254403,-74.56127194099,6.3));
#10706 = DIRECTION('',(0.740951125355,-0.671558954847,0.));
#10707 = DIRECTION('',(-0.671558954847,-0.740951125355,0.));
#10708 = ADVANCED_FACE('',(#10709),#10720,.T.);
#10709 = FACE_BOUND('',#10710,.T.);
#10710 = EDGE_LOOP('',(#10711,#10712,#10713,#10719));
#10711 = ORIENTED_EDGE('',*,*,#10680,.T.);
#10712 = ORIENTED_EDGE('',*,*,#4323,.T.);
#10713 = ORIENTED_EDGE('',*,*,#10714,.F.);
#10714 = EDGE_CURVE('',#1342,#4316,#10715,.T.);
#10715 = LINE('',#10716,#10717);
#10716 = CARTESIAN_POINT('',(142.74852813742,-18.35147186257,6.3));
#10717 = VECTOR('',#10718,1.);
#10718 = DIRECTION('',(0.,0.,1.));
#10719 = ORIENTED_EDGE('',*,*,#1349,.F.);
#10720 = PLANE('',#10721);
#10721 = AXIS2_PLACEMENT_3D('',#10722,#10723,#10724);
#10722 = CARTESIAN_POINT('',(142.66127194099,-18.27238745596,6.3));
#10723 = DIRECTION('',(0.671558954847,0.740951125355,0.));
#10724 = DIRECTION('',(0.740951125355,-0.671558954847,0.));
#10725 = ADVANCED_FACE('',(#10726),#10737,.T.);
#10726 = FACE_BOUND('',#10727,.T.);
#10727 = EDGE_LOOP('',(#10728,#10734,#10735,#10736));
#10728 = ORIENTED_EDGE('',*,*,#10729,.T.);
#10729 = EDGE_CURVE('',#1222,#4196,#10730,.T.);
#10730 = LINE('',#10731,#10732);
#10731 = CARTESIAN_POINT('',(142.89776353476,-74.46668427962,6.3));
#10732 = VECTOR('',#10733,1.);
#10733 = DIRECTION('',(0.,0.,1.));
#10734 = ORIENTED_EDGE('',*,*,#4195,.T.);
#10735 = ORIENTED_EDGE('',*,*,#10695,.F.);
#10736 = ORIENTED_EDGE('',*,*,#1221,.F.);
#10737 = PLANE('',#10738);
#10738 = AXIS2_PLACEMENT_3D('',#10739,#10740,#10741);
#10739 = CARTESIAN_POINT('',(142.89776353476,-74.46668427962,6.3));
#10740 = DIRECTION('',(0.803207531481,-0.595699304492,0.));
#10741 = DIRECTION('',(-0.595699304492,-0.803207531481,0.));
#10742 = ADVANCED_FACE('',(#10743),#10754,.T.);
#10743 = FACE_BOUND('',#10744,.T.);
#10744 = EDGE_LOOP('',(#10745,#10746,#10747,#10753));
#10745 = ORIENTED_EDGE('',*,*,#10714,.T.);
#10746 = ORIENTED_EDGE('',*,*,#4315,.T.);
#10747 = ORIENTED_EDGE('',*,*,#10748,.F.);
#10748 = EDGE_CURVE('',#1334,#4308,#10749,.T.);
#10749 = LINE('',#10750,#10751);
#10750 = CARTESIAN_POINT('',(142.82761254403,-18.438728059,6.3));
#10751 = VECTOR('',#10752,1.);
#10752 = DIRECTION('',(0.,0.,1.));
#10753 = ORIENTED_EDGE('',*,*,#1341,.F.);
#10754 = PLANE('',#10755);
#10755 = AXIS2_PLACEMENT_3D('',#10756,#10757,#10758);
#10756 = CARTESIAN_POINT('',(142.74852813742,-18.35147186257,6.3));
#10757 = DIRECTION('',(0.740951125355,0.671558954847,0.));
#10758 = DIRECTION('',(0.671558954847,-0.740951125355,0.));
#10759 = ADVANCED_FACE('',(#10760),#10771,.T.);
#10760 = FACE_BOUND('',#10761,.T.);
#10761 = EDGE_LOOP('',(#10762,#10768,#10769,#10770));
#10762 = ORIENTED_EDGE('',*,*,#10763,.T.);
#10763 = EDGE_CURVE('',#1230,#4204,#10764,.T.);
#10764 = LINE('',#10765,#10766);
#10765 = CARTESIAN_POINT('',(142.95830551721,-74.36567608419,6.3));
#10766 = VECTOR('',#10767,1.);
#10767 = DIRECTION('',(0.,0.,1.));
#10768 = ORIENTED_EDGE('',*,*,#4203,.T.);
#10769 = ORIENTED_EDGE('',*,*,#10729,.F.);
#10770 = ORIENTED_EDGE('',*,*,#1229,.F.);
#10771 = PLANE('',#10772);
#10772 = AXIS2_PLACEMENT_3D('',#10773,#10774,#10775);
#10773 = CARTESIAN_POINT('',(142.95830551721,-74.36567608419,6.3));
#10774 = DIRECTION('',(0.85772861,-0.514102744193,0.));
#10775 = DIRECTION('',(-0.514102744193,-0.85772861,0.));
#10776 = ADVANCED_FACE('',(#10777),#10788,.T.);
#10777 = FACE_BOUND('',#10778,.T.);
#10778 = EDGE_LOOP('',(#10779,#10780,#10781,#10787));
#10779 = ORIENTED_EDGE('',*,*,#10748,.T.);
#10780 = ORIENTED_EDGE('',*,*,#4307,.T.);
#10781 = ORIENTED_EDGE('',*,*,#10782,.F.);
#10782 = EDGE_CURVE('',#1326,#4300,#10783,.T.);
#10783 = LINE('',#10784,#10785);
#10784 = CARTESIAN_POINT('',(142.89776353476,-18.53331572037,6.3));
#10785 = VECTOR('',#10786,1.);
#10786 = DIRECTION('',(0.,0.,1.));
#10787 = ORIENTED_EDGE('',*,*,#1333,.F.);
#10788 = PLANE('',#10789);
#10789 = AXIS2_PLACEMENT_3D('',#10790,#10791,#10792);
#10790 = CARTESIAN_POINT('',(142.82761254403,-18.438728059,6.3));
#10791 = DIRECTION('',(0.803207531481,0.595699304492,0.));
#10792 = DIRECTION('',(0.595699304492,-0.803207531481,0.));
#10793 = ADVANCED_FACE('',(#10794),#10805,.T.);
#10794 = FACE_BOUND('',#10795,.T.);
#10795 = EDGE_LOOP('',(#10796,#10802,#10803,#10804));
#10796 = ORIENTED_EDGE('',*,*,#10797,.T.);
#10797 = EDGE_CURVE('',#1238,#4212,#10798,.T.);
#10798 = LINE('',#10799,#10800);
#10799 = CARTESIAN_POINT('',(143.00865543901,-74.25922011883,6.3));
#10800 = VECTOR('',#10801,1.);
#10801 = DIRECTION('',(0.,0.,1.));
#10802 = ORIENTED_EDGE('',*,*,#4211,.T.);
#10803 = ORIENTED_EDGE('',*,*,#10763,.F.);
#10804 = ORIENTED_EDGE('',*,*,#1237,.F.);
#10805 = PLANE('',#10806);
#10806 = AXIS2_PLACEMENT_3D('',#10807,#10808,#10809);
#10807 = CARTESIAN_POINT('',(143.00865543901,-74.25922011883,6.3));
#10808 = DIRECTION('',(0.903989293123,-0.42755509343,0.));
#10809 = DIRECTION('',(-0.42755509343,-0.903989293123,0.));
#10810 = ADVANCED_FACE('',(#10811),#10822,.T.);
#10811 = FACE_BOUND('',#10812,.T.);
#10812 = EDGE_LOOP('',(#10813,#10814,#10815,#10821));
#10813 = ORIENTED_EDGE('',*,*,#10782,.T.);
#10814 = ORIENTED_EDGE('',*,*,#4299,.T.);
#10815 = ORIENTED_EDGE('',*,*,#10816,.F.);
#10816 = EDGE_CURVE('',#1318,#4292,#10817,.T.);
#10817 = LINE('',#10818,#10819);
#10818 = CARTESIAN_POINT('',(142.95830551721,-18.6343239158,6.3));
#10819 = VECTOR('',#10820,1.);
#10820 = DIRECTION('',(0.,0.,1.));
#10821 = ORIENTED_EDGE('',*,*,#1325,.F.);
#10822 = PLANE('',#10823);
#10823 = AXIS2_PLACEMENT_3D('',#10824,#10825,#10826);
#10824 = CARTESIAN_POINT('',(142.89776353476,-18.53331572037,6.3));
#10825 = DIRECTION('',(0.85772861,0.514102744193,0.));
#10826 = DIRECTION('',(0.514102744193,-0.85772861,0.));
#10827 = ADVANCED_FACE('',(#10828),#10839,.T.);
#10828 = FACE_BOUND('',#10829,.T.);
#10829 = EDGE_LOOP('',(#10830,#10836,#10837,#10838));
#10830 = ORIENTED_EDGE('',*,*,#10831,.T.);
#10831 = EDGE_CURVE('',#1246,#4220,#10832,.T.);
#10832 = LINE('',#10833,#10834);
#10833 = CARTESIAN_POINT('',(143.04832840287,-74.1483416127,6.3));
#10834 = VECTOR('',#10835,1.);
#10835 = DIRECTION('',(0.,0.,1.));
#10836 = ORIENTED_EDGE('',*,*,#4219,.T.);
#10837 = ORIENTED_EDGE('',*,*,#10797,.F.);
#10838 = ORIENTED_EDGE('',*,*,#1245,.F.);
#10839 = PLANE('',#10840);
#10840 = AXIS2_PLACEMENT_3D('',#10841,#10842,#10843);
#10841 = CARTESIAN_POINT('',(143.04832840287,-74.1483416127,6.3));
#10842 = DIRECTION('',(0.941544065183,-0.336889853392,0.));
#10843 = DIRECTION('',(-0.336889853392,-0.941544065183,0.));
#10844 = ADVANCED_FACE('',(#10845),#10856,.T.);
#10845 = FACE_BOUND('',#10846,.T.);
#10846 = EDGE_LOOP('',(#10847,#10848,#10849,#10855));
#10847 = ORIENTED_EDGE('',*,*,#10816,.T.);
#10848 = ORIENTED_EDGE('',*,*,#4291,.T.);
#10849 = ORIENTED_EDGE('',*,*,#10850,.F.);
#10850 = EDGE_CURVE('',#1310,#4284,#10851,.T.);
#10851 = LINE('',#10852,#10853);
#10852 = CARTESIAN_POINT('',(143.00865543901,-18.74077988116,6.3));
#10853 = VECTOR('',#10854,1.);
#10854 = DIRECTION('',(0.,0.,1.));
#10855 = ORIENTED_EDGE('',*,*,#1317,.F.);
#10856 = PLANE('',#10857);
#10857 = AXIS2_PLACEMENT_3D('',#10858,#10859,#10860);
#10858 = CARTESIAN_POINT('',(142.95830551721,-18.6343239158,6.3));
#10859 = DIRECTION('',(0.903989293123,0.42755509343,0.));
#10860 = DIRECTION('',(0.42755509343,-0.903989293123,0.));
#10861 = ADVANCED_FACE('',(#10862),#10873,.T.);
#10862 = FACE_BOUND('',#10863,.T.);
#10863 = EDGE_LOOP('',(#10864,#10870,#10871,#10872));
#10864 = ORIENTED_EDGE('',*,*,#10865,.T.);
#10865 = EDGE_CURVE('',#1254,#4228,#10866,.T.);
#10866 = LINE('',#10867,#10868);
#10867 = CARTESIAN_POINT('',(143.07694233648,-74.03410838641,6.3));
#10868 = VECTOR('',#10869,1.);
#10869 = DIRECTION('',(0.,0.,1.));
#10870 = ORIENTED_EDGE('',*,*,#4227,.T.);
#10871 = ORIENTED_EDGE('',*,*,#10831,.F.);
#10872 = ORIENTED_EDGE('',*,*,#1253,.F.);
#10873 = PLANE('',#10874);
#10874 = AXIS2_PLACEMENT_3D('',#10875,#10876,#10877);
#10875 = CARTESIAN_POINT('',(143.07694233648,-74.03410838641,6.3));
#10876 = DIRECTION('',(0.970031253195,-0.242980179903,0.));
#10877 = DIRECTION('',(-0.242980179903,-0.970031253195,0.));
#10878 = ADVANCED_FACE('',(#10879),#10890,.T.);
#10879 = FACE_BOUND('',#10880,.T.);
#10880 = EDGE_LOOP('',(#10881,#10882,#10883,#10889));
#10881 = ORIENTED_EDGE('',*,*,#10850,.T.);
#10882 = ORIENTED_EDGE('',*,*,#4283,.T.);
#10883 = ORIENTED_EDGE('',*,*,#10884,.F.);
#10884 = EDGE_CURVE('',#1302,#4276,#10885,.T.);
#10885 = LINE('',#10886,#10887);
#10886 = CARTESIAN_POINT('',(143.04832840287,-18.85165838729,6.3));
#10887 = VECTOR('',#10888,1.);
#10888 = DIRECTION('',(0.,0.,1.));
#10889 = ORIENTED_EDGE('',*,*,#1309,.F.);
#10890 = PLANE('',#10891);
#10891 = AXIS2_PLACEMENT_3D('',#10892,#10893,#10894);
#10892 = CARTESIAN_POINT('',(143.00865543901,-18.74077988116,6.3));
#10893 = DIRECTION('',(0.941544065183,0.336889853392,0.));
#10894 = DIRECTION('',(0.336889853392,-0.941544065183,0.));
#10895 = ADVANCED_FACE('',(#10896),#10907,.T.);
#10896 = FACE_BOUND('',#10897,.T.);
#10897 = EDGE_LOOP('',(#10898,#10904,#10905,#10906));
#10898 = ORIENTED_EDGE('',*,*,#10899,.T.);
#10899 = EDGE_CURVE('',#1262,#4236,#10900,.T.);
#10900 = LINE('',#10901,#10902);
#10901 = CARTESIAN_POINT('',(143.094221672,-73.91762056839,6.3));
#10902 = VECTOR('',#10903,1.);
#10903 = DIRECTION('',(0.,0.,1.));
#10904 = ORIENTED_EDGE('',*,*,#4235,.T.);
#10905 = ORIENTED_EDGE('',*,*,#10865,.F.);
#10906 = ORIENTED_EDGE('',*,*,#1261,.F.);
#10907 = PLANE('',#10908);
#10908 = AXIS2_PLACEMENT_3D('',#10909,#10910,#10911);
#10909 = CARTESIAN_POINT('',(143.094221672,-73.91762056839,6.3));
#10910 = DIRECTION('',(0.989176509965,-0.146730474455,0.));
#10911 = DIRECTION('',(-0.146730474455,-0.989176509965,0.));
#10912 = ADVANCED_FACE('',(#10913),#10924,.T.);
#10913 = FACE_BOUND('',#10914,.T.);
#10914 = EDGE_LOOP('',(#10915,#10916,#10917,#10923));
#10915 = ORIENTED_EDGE('',*,*,#10884,.T.);
#10916 = ORIENTED_EDGE('',*,*,#4275,.T.);
#10917 = ORIENTED_EDGE('',*,*,#10918,.F.);
#10918 = EDGE_CURVE('',#1294,#4268,#10919,.T.);
#10919 = LINE('',#10920,#10921);
#10920 = CARTESIAN_POINT('',(143.07694233648,-18.96589161358,6.3));
#10921 = VECTOR('',#10922,1.);
#10922 = DIRECTION('',(0.,0.,1.));
#10923 = ORIENTED_EDGE('',*,*,#1301,.F.);
#10924 = PLANE('',#10925);
#10925 = AXIS2_PLACEMENT_3D('',#10926,#10927,#10928);
#10926 = CARTESIAN_POINT('',(143.04832840287,-18.85165838729,6.3));
#10927 = DIRECTION('',(0.970031253195,0.242980179903,0.));
#10928 = DIRECTION('',(0.242980179903,-0.970031253195,0.));
#10929 = ADVANCED_FACE('',(#10930),#10941,.T.);
#10930 = FACE_BOUND('',#10931,.T.);
#10931 = EDGE_LOOP('',(#10932,#10938,#10939,#10940));
#10932 = ORIENTED_EDGE('',*,*,#10933,.T.);
#10933 = EDGE_CURVE('',#1270,#4244,#10934,.T.);
#10934 = LINE('',#10935,#10936);
#10935 = CARTESIAN_POINT('',(143.1,-73.8,6.3));
#10936 = VECTOR('',#10937,1.);
#10937 = DIRECTION('',(0.,0.,1.));
#10938 = ORIENTED_EDGE('',*,*,#4243,.T.);
#10939 = ORIENTED_EDGE('',*,*,#10899,.F.);
#10940 = ORIENTED_EDGE('',*,*,#1269,.F.);
#10941 = PLANE('',#10942);
#10942 = AXIS2_PLACEMENT_3D('',#10943,#10944,#10945);
#10943 = CARTESIAN_POINT('',(143.1,-73.8,6.3));
#10944 = DIRECTION('',(0.998795456205,-4.906767432722E-02,0.));
#10945 = DIRECTION('',(-4.906767432722E-02,-0.998795456205,0.));
#10946 = ADVANCED_FACE('',(#10947),#10958,.T.);
#10947 = FACE_BOUND('',#10948,.T.);
#10948 = EDGE_LOOP('',(#10949,#10950,#10951,#10957));
#10949 = ORIENTED_EDGE('',*,*,#10918,.T.);
#10950 = ORIENTED_EDGE('',*,*,#4267,.T.);
#10951 = ORIENTED_EDGE('',*,*,#10952,.F.);
#10952 = EDGE_CURVE('',#1286,#4260,#10953,.T.);
#10953 = LINE('',#10954,#10955);
#10954 = CARTESIAN_POINT('',(143.094221672,-19.0823794316,6.3));
#10955 = VECTOR('',#10956,1.);
#10956 = DIRECTION('',(0.,0.,1.));
#10957 = ORIENTED_EDGE('',*,*,#1293,.F.);
#10958 = PLANE('',#10959);
#10959 = AXIS2_PLACEMENT_3D('',#10960,#10961,#10962);
#10960 = CARTESIAN_POINT('',(143.07694233648,-18.96589161358,6.3));
#10961 = DIRECTION('',(0.989176509965,0.146730474455,0.));
#10962 = DIRECTION('',(0.146730474455,-0.989176509965,0.));
#10963 = ADVANCED_FACE('',(#10964),#10975,.T.);
#10964 = FACE_BOUND('',#10965,.T.);
#10965 = EDGE_LOOP('',(#10966,#10972,#10973,#10974));
#10966 = ORIENTED_EDGE('',*,*,#10967,.T.);
#10967 = EDGE_CURVE('',#1278,#4252,#10968,.T.);
#10968 = LINE('',#10969,#10970);
#10969 = CARTESIAN_POINT('',(143.1,-19.2,6.3));
#10970 = VECTOR('',#10971,1.);
#10971 = DIRECTION('',(0.,0.,1.));
#10972 = ORIENTED_EDGE('',*,*,#4251,.T.);
#10973 = ORIENTED_EDGE('',*,*,#10933,.F.);
#10974 = ORIENTED_EDGE('',*,*,#1277,.F.);
#10975 = PLANE('',#10976);
#10976 = AXIS2_PLACEMENT_3D('',#10977,#10978,#10979);
#10977 = CARTESIAN_POINT('',(143.1,-19.2,6.3));
#10978 = DIRECTION('',(1.,0.,0.));
#10979 = DIRECTION('',(0.,-1.,0.));
#10980 = ADVANCED_FACE('',(#10981),#10987,.T.);
#10981 = FACE_BOUND('',#10982,.T.);
#10982 = EDGE_LOOP('',(#10983,#10984,#10985,#10986));
#10983 = ORIENTED_EDGE('',*,*,#10952,.T.);
#10984 = ORIENTED_EDGE('',*,*,#4259,.T.);
#10985 = ORIENTED_EDGE('',*,*,#10967,.F.);
#10986 = ORIENTED_EDGE('',*,*,#1285,.F.);
#10987 = PLANE('',#10988);
#10988 = AXIS2_PLACEMENT_3D('',#10989,#10990,#10991);
#10989 = CARTESIAN_POINT('',(143.094221672,-19.0823794316,6.3));
#10990 = DIRECTION('',(0.998795456205,4.906767432722E-02,0.));
#10991 = DIRECTION('',(4.906767432722E-02,-0.998795456205,0.));
#10992 = ADVANCED_FACE('',(#10993),#11009,.F.);
#10993 = FACE_BOUND('',#10994,.F.);
#10994 = EDGE_LOOP('',(#10995,#10996,#11002,#11003));
#10995 = ORIENTED_EDGE('',*,*,#2446,.T.);
#10996 = ORIENTED_EDGE('',*,*,#10997,.T.);
#10997 = EDGE_CURVE('',#2449,#5423,#10998,.T.);
#10998 = LINE('',#10999,#11000);
#10999 = CARTESIAN_POINT('',(28.697517658559,-76.61417332292,5.5));
#11000 = VECTOR('',#11001,1.);
#11001 = DIRECTION('',(0.,0.,1.));
#11002 = ORIENTED_EDGE('',*,*,#5420,.F.);
#11003 = ORIENTED_EDGE('',*,*,#11004,.F.);
#11004 = EDGE_CURVE('',#2447,#5421,#11005,.T.);
#11005 = LINE('',#11006,#11007);
#11006 = CARTESIAN_POINT('',(41.385826677072,-70.69751765855,5.5));
#11007 = VECTOR('',#11008,1.);
#11008 = DIRECTION('',(0.,0.,1.));
#11009 = PLANE('',#11010);
#11010 = AXIS2_PLACEMENT_3D('',#11011,#11012,#11013);
#11011 = CARTESIAN_POINT('',(28.697517658559,-76.61417332292,5.5));
#11012 = DIRECTION('',(-0.422618261741,0.906307787037,0.));
#11013 = DIRECTION('',(0.906307787037,0.422618261741,0.));
#11014 = ADVANCED_FACE('',(#11015),#11026,.F.);
#11015 = FACE_BOUND('',#11016,.F.);
#11016 = EDGE_LOOP('',(#11017,#11018,#11019,#11020));
#11017 = ORIENTED_EDGE('',*,*,#2456,.T.);
#11018 = ORIENTED_EDGE('',*,*,#11004,.T.);
#11019 = ORIENTED_EDGE('',*,*,#5430,.F.);
#11020 = ORIENTED_EDGE('',*,*,#11021,.F.);
#11021 = EDGE_CURVE('',#2457,#5431,#11022,.T.);
#11022 = LINE('',#11023,#11024);
#11023 = CARTESIAN_POINT('',(47.302482341441,-83.38582667707,5.5));
#11024 = VECTOR('',#11025,1.);
#11025 = DIRECTION('',(0.,0.,1.));
#11026 = PLANE('',#11027);
#11027 = AXIS2_PLACEMENT_3D('',#11028,#11029,#11030);
#11028 = CARTESIAN_POINT('',(41.385826677072,-70.69751765855,5.5));
#11029 = DIRECTION('',(0.906307787037,0.422618261741,0.));
#11030 = DIRECTION('',(0.422618261741,-0.906307787037,0.));
#11031 = ADVANCED_FACE('',(#11032),#11043,.F.);
#11032 = FACE_BOUND('',#11033,.F.);
#11033 = EDGE_LOOP('',(#11034,#11035,#11041,#11042));
#11034 = ORIENTED_EDGE('',*,*,#2472,.T.);
#11035 = ORIENTED_EDGE('',*,*,#11036,.T.);
#11036 = EDGE_CURVE('',#2465,#5439,#11037,.T.);
#11037 = LINE('',#11038,#11039);
#11038 = CARTESIAN_POINT('',(34.614173322928,-89.30248234144,5.5));
#11039 = VECTOR('',#11040,1.);
#11040 = DIRECTION('',(0.,0.,1.));
#11041 = ORIENTED_EDGE('',*,*,#5446,.F.);
#11042 = ORIENTED_EDGE('',*,*,#10997,.F.);
#11043 = PLANE('',#11044);
#11044 = AXIS2_PLACEMENT_3D('',#11045,#11046,#11047);
#11045 = CARTESIAN_POINT('',(34.614173322928,-89.30248234144,5.5));
#11046 = DIRECTION('',(-0.906307787037,-0.422618261741,0.));
#11047 = DIRECTION('',(-0.422618261741,0.906307787037,0.));
#11048 = ADVANCED_FACE('',(#11049),#11055,.F.);
#11049 = FACE_BOUND('',#11050,.F.);
#11050 = EDGE_LOOP('',(#11051,#11052,#11053,#11054));
#11051 = ORIENTED_EDGE('',*,*,#2464,.T.);
#11052 = ORIENTED_EDGE('',*,*,#11021,.T.);
#11053 = ORIENTED_EDGE('',*,*,#5438,.F.);
#11054 = ORIENTED_EDGE('',*,*,#11036,.F.);
#11055 = PLANE('',#11056);
#11056 = AXIS2_PLACEMENT_3D('',#11057,#11058,#11059);
#11057 = CARTESIAN_POINT('',(47.302482341441,-83.38582667707,5.5));
#11058 = DIRECTION('',(0.422618261741,-0.906307787037,0.));
#11059 = DIRECTION('',(-0.906307787037,-0.422618261741,0.));
#11060 = ADVANCED_FACE('',(#11061),#11077,.F.);
#11061 = FACE_BOUND('',#11062,.F.);
#11062 = EDGE_LOOP('',(#11063,#11064,#11070,#11071));
#11063 = ORIENTED_EDGE('',*,*,#2480,.T.);
#11064 = ORIENTED_EDGE('',*,*,#11065,.T.);
#11065 = EDGE_CURVE('',#2483,#5457,#11066,.T.);
#11066 = LINE('',#11067,#11068);
#11067 = CARTESIAN_POINT('',(50.890808485246,-67.32188297258,5.5));
#11068 = VECTOR('',#11069,1.);
#11069 = DIRECTION('',(0.,0.,1.));
#11070 = ORIENTED_EDGE('',*,*,#5454,.F.);
#11071 = ORIENTED_EDGE('',*,*,#11072,.F.);
#11072 = EDGE_CURVE('',#2481,#5455,#11073,.T.);
#11073 = LINE('',#11074,#11075);
#11074 = CARTESIAN_POINT('',(64.678117027417,-64.89080848524,5.5));
#11075 = VECTOR('',#11076,1.);
#11076 = DIRECTION('',(0.,0.,1.));
#11077 = PLANE('',#11078);
#11078 = AXIS2_PLACEMENT_3D('',#11079,#11080,#11081);
#11079 = CARTESIAN_POINT('',(50.890808485246,-67.32188297258,5.5));
#11080 = DIRECTION('',(-0.173648177667,0.984807753012,0.));
#11081 = DIRECTION('',(0.984807753012,0.173648177667,0.));
#11082 = ADVANCED_FACE('',(#11083),#11094,.F.);
#11083 = FACE_BOUND('',#11084,.F.);
#11084 = EDGE_LOOP('',(#11085,#11086,#11087,#11088));
#11085 = ORIENTED_EDGE('',*,*,#2490,.T.);
#11086 = ORIENTED_EDGE('',*,*,#11072,.T.);
#11087 = ORIENTED_EDGE('',*,*,#5464,.F.);
#11088 = ORIENTED_EDGE('',*,*,#11089,.F.);
#11089 = EDGE_CURVE('',#2491,#5465,#11090,.T.);
#11090 = LINE('',#11091,#11092);
#11091 = CARTESIAN_POINT('',(67.109191514754,-78.67811702741,5.5));
#11092 = VECTOR('',#11093,1.);
#11093 = DIRECTION('',(0.,0.,1.));
#11094 = PLANE('',#11095);
#11095 = AXIS2_PLACEMENT_3D('',#11096,#11097,#11098);
#11096 = CARTESIAN_POINT('',(64.678117027417,-64.89080848524,5.5));
#11097 = DIRECTION('',(0.984807753012,0.173648177667,0.));
#11098 = DIRECTION('',(0.173648177667,-0.984807753012,0.));
#11099 = ADVANCED_FACE('',(#11100),#11111,.F.);
#11100 = FACE_BOUND('',#11101,.F.);
#11101 = EDGE_LOOP('',(#11102,#11103,#11109,#11110));
#11102 = ORIENTED_EDGE('',*,*,#2506,.T.);
#11103 = ORIENTED_EDGE('',*,*,#11104,.T.);
#11104 = EDGE_CURVE('',#2499,#5473,#11105,.T.);
#11105 = LINE('',#11106,#11107);
#11106 = CARTESIAN_POINT('',(53.321882972583,-81.10919151475,5.5));
#11107 = VECTOR('',#11108,1.);
#11108 = DIRECTION('',(0.,0.,1.));
#11109 = ORIENTED_EDGE('',*,*,#5480,.F.);
#11110 = ORIENTED_EDGE('',*,*,#11065,.F.);
#11111 = PLANE('',#11112);
#11112 = AXIS2_PLACEMENT_3D('',#11113,#11114,#11115);
#11113 = CARTESIAN_POINT('',(53.321882972583,-81.10919151475,5.5));
#11114 = DIRECTION('',(-0.984807753012,-0.173648177667,0.));
#11115 = DIRECTION('',(-0.173648177667,0.984807753012,0.));
#11116 = ADVANCED_FACE('',(#11117),#11123,.F.);
#11117 = FACE_BOUND('',#11118,.F.);
#11118 = EDGE_LOOP('',(#11119,#11120,#11121,#11122));
#11119 = ORIENTED_EDGE('',*,*,#2498,.T.);
#11120 = ORIENTED_EDGE('',*,*,#11089,.T.);
#11121 = ORIENTED_EDGE('',*,*,#5472,.F.);
#11122 = ORIENTED_EDGE('',*,*,#11104,.F.);
#11123 = PLANE('',#11124);
#11124 = AXIS2_PLACEMENT_3D('',#11125,#11126,#11127);
#11125 = CARTESIAN_POINT('',(67.109191514754,-78.67811702741,5.5));
#11126 = DIRECTION('',(0.173648177667,-0.984807753012,0.));
#11127 = DIRECTION('',(-0.984807753012,-0.173648177667,0.));
#11128 = ADVANCED_FACE('',(#11129),#11145,.F.);
#11129 = FACE_BOUND('',#11130,.F.);
#11130 = EDGE_LOOP('',(#11131,#11132,#11138,#11139));
#11131 = ORIENTED_EDGE('',*,*,#2514,.T.);
#11132 = ORIENTED_EDGE('',*,*,#11133,.T.);
#11133 = EDGE_CURVE('',#2517,#5491,#11134,.T.);
#11134 = LINE('',#11135,#11136);
#11135 = CARTESIAN_POINT('',(74.636727312591,-64.41654691412,5.5));
#11136 = VECTOR('',#11137,1.);
#11137 = DIRECTION('',(0.,0.,1.));
#11138 = ORIENTED_EDGE('',*,*,#5488,.F.);
#11139 = ORIENTED_EDGE('',*,*,#11140,.F.);
#11140 = EDGE_CURVE('',#2515,#5489,#11141,.T.);
#11141 = LINE('',#11142,#11143);
#11142 = CARTESIAN_POINT('',(88.583453085876,-65.63672731259,5.5));
#11143 = VECTOR('',#11144,1.);
#11144 = DIRECTION('',(0.,0.,1.));
#11145 = PLANE('',#11146);
#11146 = AXIS2_PLACEMENT_3D('',#11147,#11148,#11149);
#11147 = CARTESIAN_POINT('',(74.636727312591,-64.41654691412,5.5));
#11148 = DIRECTION('',(8.715574274766E-02,0.996194698092,0.));
#11149 = DIRECTION('',(0.996194698092,-8.715574274766E-02,0.));
#11150 = ADVANCED_FACE('',(#11151),#11162,.F.);
#11151 = FACE_BOUND('',#11152,.F.);
#11152 = EDGE_LOOP('',(#11153,#11154,#11155,#11156));
#11153 = ORIENTED_EDGE('',*,*,#2524,.T.);
#11154 = ORIENTED_EDGE('',*,*,#11140,.T.);
#11155 = ORIENTED_EDGE('',*,*,#5498,.F.);
#11156 = ORIENTED_EDGE('',*,*,#11157,.F.);
#11157 = EDGE_CURVE('',#2525,#5499,#11158,.T.);
#11158 = LINE('',#11159,#11160);
#11159 = CARTESIAN_POINT('',(87.363272687409,-79.58345308587,5.5));
#11160 = VECTOR('',#11161,1.);
#11161 = DIRECTION('',(0.,0.,1.));
#11162 = PLANE('',#11163);
#11163 = AXIS2_PLACEMENT_3D('',#11164,#11165,#11166);
#11164 = CARTESIAN_POINT('',(88.583453085876,-65.63672731259,5.5));
#11165 = DIRECTION('',(0.996194698092,-8.715574274766E-02,0.));
#11166 = DIRECTION('',(-8.715574274766E-02,-0.996194698092,0.));
#11167 = ADVANCED_FACE('',(#11168),#11179,.F.);
#11168 = FACE_BOUND('',#11169,.F.);
#11169 = EDGE_LOOP('',(#11170,#11171,#11177,#11178));
#11170 = ORIENTED_EDGE('',*,*,#2540,.T.);
#11171 = ORIENTED_EDGE('',*,*,#11172,.T.);
#11172 = EDGE_CURVE('',#2533,#5507,#11173,.T.);
#11173 = LINE('',#11174,#11175);
#11174 = CARTESIAN_POINT('',(73.416546914124,-78.3632726874,5.5));
#11175 = VECTOR('',#11176,1.);
#11176 = DIRECTION('',(0.,0.,1.));
#11177 = ORIENTED_EDGE('',*,*,#5514,.F.);
#11178 = ORIENTED_EDGE('',*,*,#11133,.F.);
#11179 = PLANE('',#11180);
#11180 = AXIS2_PLACEMENT_3D('',#11181,#11182,#11183);
#11181 = CARTESIAN_POINT('',(73.416546914124,-78.3632726874,5.5));
#11182 = DIRECTION('',(-0.996194698092,8.715574274766E-02,0.));
#11183 = DIRECTION('',(8.715574274766E-02,0.996194698092,0.));
#11184 = ADVANCED_FACE('',(#11185),#11191,.F.);
#11185 = FACE_BOUND('',#11186,.F.);
#11186 = EDGE_LOOP('',(#11187,#11188,#11189,#11190));
#11187 = ORIENTED_EDGE('',*,*,#2532,.T.);
#11188 = ORIENTED_EDGE('',*,*,#11157,.T.);
#11189 = ORIENTED_EDGE('',*,*,#5506,.F.);
#11190 = ORIENTED_EDGE('',*,*,#11172,.F.);
#11191 = PLANE('',#11192);
#11192 = AXIS2_PLACEMENT_3D('',#11193,#11194,#11195);
#11193 = CARTESIAN_POINT('',(87.363272687409,-79.58345308587,5.5));
#11194 = DIRECTION('',(-8.715574274766E-02,-0.996194698092,0.));
#11195 = DIRECTION('',(-0.996194698092,8.715574274766E-02,0.));
#11196 = ADVANCED_FACE('',(#11197),#11213,.F.);
#11197 = FACE_BOUND('',#11198,.F.);
#11198 = EDGE_LOOP('',(#11199,#11200,#11206,#11207));
#11199 = ORIENTED_EDGE('',*,*,#2548,.T.);
#11200 = ORIENTED_EDGE('',*,*,#11201,.T.);
#11201 = EDGE_CURVE('',#2551,#5525,#11202,.T.);
#11202 = LINE('',#11203,#11204);
#11203 = CARTESIAN_POINT('',(51.,-46.,5.5));
#11204 = VECTOR('',#11205,1.);
#11205 = DIRECTION('',(0.,0.,1.));
#11206 = ORIENTED_EDGE('',*,*,#5522,.F.);
#11207 = ORIENTED_EDGE('',*,*,#11208,.F.);
#11208 = EDGE_CURVE('',#2549,#5523,#11209,.T.);
#11209 = LINE('',#11210,#11211);
#11210 = CARTESIAN_POINT('',(65.,-46.,5.5));
#11211 = VECTOR('',#11212,1.);
#11212 = DIRECTION('',(0.,0.,1.));
#11213 = PLANE('',#11214);
#11214 = AXIS2_PLACEMENT_3D('',#11215,#11216,#11217);
#11215 = CARTESIAN_POINT('',(51.,-46.,5.5));
#11216 = DIRECTION('',(0.,1.,0.));
#11217 = DIRECTION('',(1.,0.,0.));
#11218 = ADVANCED_FACE('',(#11219),#11230,.F.);
#11219 = FACE_BOUND('',#11220,.F.);
#11220 = EDGE_LOOP('',(#11221,#11222,#11223,#11224));
#11221 = ORIENTED_EDGE('',*,*,#2558,.T.);
#11222 = ORIENTED_EDGE('',*,*,#11208,.T.);
#11223 = ORIENTED_EDGE('',*,*,#5532,.F.);
#11224 = ORIENTED_EDGE('',*,*,#11225,.F.);
#11225 = EDGE_CURVE('',#2559,#5533,#11226,.T.);
#11226 = LINE('',#11227,#11228);
#11227 = CARTESIAN_POINT('',(65.,-60.,5.5));
#11228 = VECTOR('',#11229,1.);
#11229 = DIRECTION('',(0.,0.,1.));
#11230 = PLANE('',#11231);
#11231 = AXIS2_PLACEMENT_3D('',#11232,#11233,#11234);
#11232 = CARTESIAN_POINT('',(65.,-46.,5.5));
#11233 = DIRECTION('',(1.,0.,0.));
#11234 = DIRECTION('',(0.,-1.,0.));
#11235 = ADVANCED_FACE('',(#11236),#11247,.F.);
#11236 = FACE_BOUND('',#11237,.F.);
#11237 = EDGE_LOOP('',(#11238,#11239,#11245,#11246));
#11238 = ORIENTED_EDGE('',*,*,#2574,.T.);
#11239 = ORIENTED_EDGE('',*,*,#11240,.T.);
#11240 = EDGE_CURVE('',#2567,#5541,#11241,.T.);
#11241 = LINE('',#11242,#11243);
#11242 = CARTESIAN_POINT('',(51.,-60.,5.5));
#11243 = VECTOR('',#11244,1.);
#11244 = DIRECTION('',(0.,0.,1.));
#11245 = ORIENTED_EDGE('',*,*,#5548,.F.);
#11246 = ORIENTED_EDGE('',*,*,#11201,.F.);
#11247 = PLANE('',#11248);
#11248 = AXIS2_PLACEMENT_3D('',#11249,#11250,#11251);
#11249 = CARTESIAN_POINT('',(51.,-60.,5.5));
#11250 = DIRECTION('',(-1.,0.,0.));
#11251 = DIRECTION('',(0.,1.,0.));
#11252 = ADVANCED_FACE('',(#11253),#11259,.F.);
#11253 = FACE_BOUND('',#11254,.F.);
#11254 = EDGE_LOOP('',(#11255,#11256,#11257,#11258));
#11255 = ORIENTED_EDGE('',*,*,#2566,.T.);
#11256 = ORIENTED_EDGE('',*,*,#11225,.T.);
#11257 = ORIENTED_EDGE('',*,*,#5540,.F.);
#11258 = ORIENTED_EDGE('',*,*,#11240,.F.);
#11259 = PLANE('',#11260);
#11260 = AXIS2_PLACEMENT_3D('',#11261,#11262,#11263);
#11261 = CARTESIAN_POINT('',(65.,-60.,5.5));
#11262 = DIRECTION('',(0.,-1.,0.));
#11263 = DIRECTION('',(-1.,0.,0.));
#11264 = ADVANCED_FACE('',(#11265),#11281,.F.);
#11265 = FACE_BOUND('',#11266,.F.);
#11266 = EDGE_LOOP('',(#11267,#11268,#11274,#11275));
#11267 = ORIENTED_EDGE('',*,*,#2582,.T.);
#11268 = ORIENTED_EDGE('',*,*,#11269,.T.);
#11269 = EDGE_CURVE('',#2585,#5559,#11270,.T.);
#11270 = LINE('',#11271,#11272);
#11271 = CARTESIAN_POINT('',(69.,-44.,5.5));
#11272 = VECTOR('',#11273,1.);
#11273 = DIRECTION('',(0.,0.,1.));
#11274 = ORIENTED_EDGE('',*,*,#5556,.F.);
#11275 = ORIENTED_EDGE('',*,*,#11276,.F.);
#11276 = EDGE_CURVE('',#2583,#5557,#11277,.T.);
#11277 = LINE('',#11278,#11279);
#11278 = CARTESIAN_POINT('',(83.,-44.,5.5));
#11279 = VECTOR('',#11280,1.);
#11280 = DIRECTION('',(0.,0.,1.));
#11281 = PLANE('',#11282);
#11282 = AXIS2_PLACEMENT_3D('',#11283,#11284,#11285);
#11283 = CARTESIAN_POINT('',(69.,-44.,5.5));
#11284 = DIRECTION('',(0.,1.,0.));
#11285 = DIRECTION('',(1.,0.,0.));
#11286 = ADVANCED_FACE('',(#11287),#11298,.F.);
#11287 = FACE_BOUND('',#11288,.F.);
#11288 = EDGE_LOOP('',(#11289,#11290,#11291,#11292));
#11289 = ORIENTED_EDGE('',*,*,#2592,.T.);
#11290 = ORIENTED_EDGE('',*,*,#11276,.T.);
#11291 = ORIENTED_EDGE('',*,*,#5566,.F.);
#11292 = ORIENTED_EDGE('',*,*,#11293,.F.);
#11293 = EDGE_CURVE('',#2593,#5567,#11294,.T.);
#11294 = LINE('',#11295,#11296);
#11295 = CARTESIAN_POINT('',(83.,-58.,5.5));
#11296 = VECTOR('',#11297,1.);
#11297 = DIRECTION('',(0.,0.,1.));
#11298 = PLANE('',#11299);
#11299 = AXIS2_PLACEMENT_3D('',#11300,#11301,#11302);
#11300 = CARTESIAN_POINT('',(83.,-44.,5.5));
#11301 = DIRECTION('',(1.,0.,0.));
#11302 = DIRECTION('',(0.,-1.,0.));
#11303 = ADVANCED_FACE('',(#11304),#11315,.F.);
#11304 = FACE_BOUND('',#11305,.F.);
#11305 = EDGE_LOOP('',(#11306,#11307,#11313,#11314));
#11306 = ORIENTED_EDGE('',*,*,#2608,.T.);
#11307 = ORIENTED_EDGE('',*,*,#11308,.T.);
#11308 = EDGE_CURVE('',#2601,#5575,#11309,.T.);
#11309 = LINE('',#11310,#11311);
#11310 = CARTESIAN_POINT('',(69.,-58.,5.5));
#11311 = VECTOR('',#11312,1.);
#11312 = DIRECTION('',(0.,0.,1.));
#11313 = ORIENTED_EDGE('',*,*,#5582,.F.);
#11314 = ORIENTED_EDGE('',*,*,#11269,.F.);
#11315 = PLANE('',#11316);
#11316 = AXIS2_PLACEMENT_3D('',#11317,#11318,#11319);
#11317 = CARTESIAN_POINT('',(69.,-58.,5.5));
#11318 = DIRECTION('',(-1.,0.,0.));
#11319 = DIRECTION('',(0.,1.,0.));
#11320 = ADVANCED_FACE('',(#11321),#11327,.F.);
#11321 = FACE_BOUND('',#11322,.F.);
#11322 = EDGE_LOOP('',(#11323,#11324,#11325,#11326));
#11323 = ORIENTED_EDGE('',*,*,#2600,.T.);
#11324 = ORIENTED_EDGE('',*,*,#11293,.T.);
#11325 = ORIENTED_EDGE('',*,*,#5574,.F.);
#11326 = ORIENTED_EDGE('',*,*,#11308,.F.);
#11327 = PLANE('',#11328);
#11328 = AXIS2_PLACEMENT_3D('',#11329,#11330,#11331);
#11329 = CARTESIAN_POINT('',(83.,-58.,5.5));
#11330 = DIRECTION('',(0.,-1.,0.));
#11331 = DIRECTION('',(-1.,0.,0.));
#11332 = ADVANCED_FACE('',(#11333),#11349,.F.);
#11333 = FACE_BOUND('',#11334,.F.);
#11334 = EDGE_LOOP('',(#11335,#11336,#11342,#11343));
#11335 = ORIENTED_EDGE('',*,*,#2616,.T.);
#11336 = ORIENTED_EDGE('',*,*,#11337,.T.);
#11337 = EDGE_CURVE('',#2619,#5593,#11338,.T.);
#11338 = LINE('',#11339,#11340);
#11339 = CARTESIAN_POINT('',(105.,-44.,5.5));
#11340 = VECTOR('',#11341,1.);
#11341 = DIRECTION('',(0.,0.,1.));
#11342 = ORIENTED_EDGE('',*,*,#5590,.F.);
#11343 = ORIENTED_EDGE('',*,*,#11344,.F.);
#11344 = EDGE_CURVE('',#2617,#5591,#11345,.T.);
#11345 = LINE('',#11346,#11347);
#11346 = CARTESIAN_POINT('',(119.,-44.,5.5));
#11347 = VECTOR('',#11348,1.);
#11348 = DIRECTION('',(0.,0.,1.));
#11349 = PLANE('',#11350);
#11350 = AXIS2_PLACEMENT_3D('',#11351,#11352,#11353);
#11351 = CARTESIAN_POINT('',(105.,-44.,5.5));
#11352 = DIRECTION('',(0.,1.,0.));
#11353 = DIRECTION('',(1.,0.,0.));
#11354 = ADVANCED_FACE('',(#11355),#11366,.F.);
#11355 = FACE_BOUND('',#11356,.F.);
#11356 = EDGE_LOOP('',(#11357,#11358,#11359,#11360));
#11357 = ORIENTED_EDGE('',*,*,#2626,.T.);
#11358 = ORIENTED_EDGE('',*,*,#11344,.T.);
#11359 = ORIENTED_EDGE('',*,*,#5600,.F.);
#11360 = ORIENTED_EDGE('',*,*,#11361,.F.);
#11361 = EDGE_CURVE('',#2627,#5601,#11362,.T.);
#11362 = LINE('',#11363,#11364);
#11363 = CARTESIAN_POINT('',(119.,-58.,5.5));
#11364 = VECTOR('',#11365,1.);
#11365 = DIRECTION('',(0.,0.,1.));
#11366 = PLANE('',#11367);
#11367 = AXIS2_PLACEMENT_3D('',#11368,#11369,#11370);
#11368 = CARTESIAN_POINT('',(119.,-44.,5.5));
#11369 = DIRECTION('',(1.,0.,0.));
#11370 = DIRECTION('',(0.,-1.,0.));
#11371 = ADVANCED_FACE('',(#11372),#11383,.F.);
#11372 = FACE_BOUND('',#11373,.F.);
#11373 = EDGE_LOOP('',(#11374,#11375,#11381,#11382));
#11374 = ORIENTED_EDGE('',*,*,#2642,.T.);
#11375 = ORIENTED_EDGE('',*,*,#11376,.T.);
#11376 = EDGE_CURVE('',#2635,#5609,#11377,.T.);
#11377 = LINE('',#11378,#11379);
#11378 = CARTESIAN_POINT('',(105.,-58.,5.5));
#11379 = VECTOR('',#11380,1.);
#11380 = DIRECTION('',(0.,0.,1.));
#11381 = ORIENTED_EDGE('',*,*,#5616,.F.);
#11382 = ORIENTED_EDGE('',*,*,#11337,.F.);
#11383 = PLANE('',#11384);
#11384 = AXIS2_PLACEMENT_3D('',#11385,#11386,#11387);
#11385 = CARTESIAN_POINT('',(105.,-58.,5.5));
#11386 = DIRECTION('',(-1.,0.,0.));
#11387 = DIRECTION('',(0.,1.,0.));
#11388 = ADVANCED_FACE('',(#11389),#11395,.F.);
#11389 = FACE_BOUND('',#11390,.F.);
#11390 = EDGE_LOOP('',(#11391,#11392,#11393,#11394));
#11391 = ORIENTED_EDGE('',*,*,#2634,.T.);
#11392 = ORIENTED_EDGE('',*,*,#11361,.T.);
#11393 = ORIENTED_EDGE('',*,*,#5608,.F.);
#11394 = ORIENTED_EDGE('',*,*,#11376,.F.);
#11395 = PLANE('',#11396);
#11396 = AXIS2_PLACEMENT_3D('',#11397,#11398,#11399);
#11397 = CARTESIAN_POINT('',(119.,-58.,5.5));
#11398 = DIRECTION('',(0.,-1.,0.));
#11399 = DIRECTION('',(-1.,0.,0.));
#11400 = ADVANCED_FACE('',(#11401),#11412,.F.);
#11401 = FACE_BOUND('',#11402,.T.);
#11402 = EDGE_LOOP('',(#11403,#11404,#11410,#11411));
#11403 = ORIENTED_EDGE('',*,*,#2650,.T.);
#11404 = ORIENTED_EDGE('',*,*,#11405,.T.);
#11405 = EDGE_CURVE('',#2651,#5625,#11406,.T.);
#11406 = LINE('',#11407,#11408);
#11407 = CARTESIAN_POINT('',(119.95,-66.6,5.5));
#11408 = VECTOR('',#11409,1.);
#11409 = DIRECTION('',(0.,0.,1.));
#11410 = ORIENTED_EDGE('',*,*,#5624,.F.);
#11411 = ORIENTED_EDGE('',*,*,#11405,.F.);
#11412 = CYLINDRICAL_SURFACE('',#11413,1.15);
#11413 = AXIS2_PLACEMENT_3D('',#11414,#11415,#11416);
#11414 = CARTESIAN_POINT('',(118.8,-66.6,5.5));
#11415 = DIRECTION('',(-0.,-0.,-1.));
#11416 = DIRECTION('',(1.,0.,0.));
#11417 = ADVANCED_FACE('',(#11418),#11434,.F.);
#11418 = FACE_BOUND('',#11419,.F.);
#11419 = EDGE_LOOP('',(#11420,#11421,#11427,#11428));
#11420 = ORIENTED_EDGE('',*,*,#2661,.T.);
#11421 = ORIENTED_EDGE('',*,*,#11422,.T.);
#11422 = EDGE_CURVE('',#2664,#5638,#11423,.T.);
#11423 = LINE('',#11424,#11425);
#11424 = CARTESIAN_POINT('',(123.,-56.,5.5));
#11425 = VECTOR('',#11426,1.);
#11426 = DIRECTION('',(0.,0.,1.));
#11427 = ORIENTED_EDGE('',*,*,#5635,.F.);
#11428 = ORIENTED_EDGE('',*,*,#11429,.F.);
#11429 = EDGE_CURVE('',#2662,#5636,#11430,.T.);
#11430 = LINE('',#11431,#11432);
#11431 = CARTESIAN_POINT('',(137.,-56.,5.5));
#11432 = VECTOR('',#11433,1.);
#11433 = DIRECTION('',(0.,0.,1.));
#11434 = PLANE('',#11435);
#11435 = AXIS2_PLACEMENT_3D('',#11436,#11437,#11438);
#11436 = CARTESIAN_POINT('',(123.,-56.,5.5));
#11437 = DIRECTION('',(0.,1.,0.));
#11438 = DIRECTION('',(1.,0.,0.));
#11439 = ADVANCED_FACE('',(#11440),#11451,.F.);
#11440 = FACE_BOUND('',#11441,.F.);
#11441 = EDGE_LOOP('',(#11442,#11443,#11444,#11445));
#11442 = ORIENTED_EDGE('',*,*,#2671,.T.);
#11443 = ORIENTED_EDGE('',*,*,#11429,.T.);
#11444 = ORIENTED_EDGE('',*,*,#5645,.F.);
#11445 = ORIENTED_EDGE('',*,*,#11446,.F.);
#11446 = EDGE_CURVE('',#2672,#5646,#11447,.T.);
#11447 = LINE('',#11448,#11449);
#11448 = CARTESIAN_POINT('',(137.,-70.,5.5));
#11449 = VECTOR('',#11450,1.);
#11450 = DIRECTION('',(0.,0.,1.));
#11451 = PLANE('',#11452);
#11452 = AXIS2_PLACEMENT_3D('',#11453,#11454,#11455);
#11453 = CARTESIAN_POINT('',(137.,-56.,5.5));
#11454 = DIRECTION('',(1.,0.,0.));
#11455 = DIRECTION('',(0.,-1.,0.));
#11456 = ADVANCED_FACE('',(#11457),#11468,.F.);
#11457 = FACE_BOUND('',#11458,.F.);
#11458 = EDGE_LOOP('',(#11459,#11460,#11466,#11467));
#11459 = ORIENTED_EDGE('',*,*,#2687,.T.);
#11460 = ORIENTED_EDGE('',*,*,#11461,.T.);
#11461 = EDGE_CURVE('',#2680,#5654,#11462,.T.);
#11462 = LINE('',#11463,#11464);
#11463 = CARTESIAN_POINT('',(123.,-70.,5.5));
#11464 = VECTOR('',#11465,1.);
#11465 = DIRECTION('',(0.,0.,1.));
#11466 = ORIENTED_EDGE('',*,*,#5661,.F.);
#11467 = ORIENTED_EDGE('',*,*,#11422,.F.);
#11468 = PLANE('',#11469);
#11469 = AXIS2_PLACEMENT_3D('',#11470,#11471,#11472);
#11470 = CARTESIAN_POINT('',(123.,-70.,5.5));
#11471 = DIRECTION('',(-1.,0.,0.));
#11472 = DIRECTION('',(0.,1.,0.));
#11473 = ADVANCED_FACE('',(#11474),#11480,.F.);
#11474 = FACE_BOUND('',#11475,.F.);
#11475 = EDGE_LOOP('',(#11476,#11477,#11478,#11479));
#11476 = ORIENTED_EDGE('',*,*,#2679,.T.);
#11477 = ORIENTED_EDGE('',*,*,#11446,.T.);
#11478 = ORIENTED_EDGE('',*,*,#5653,.F.);
#11479 = ORIENTED_EDGE('',*,*,#11461,.F.);
#11480 = PLANE('',#11481);
#11481 = AXIS2_PLACEMENT_3D('',#11482,#11483,#11484);
#11482 = CARTESIAN_POINT('',(137.,-70.,5.5));
#11483 = DIRECTION('',(0.,-1.,0.));
#11484 = DIRECTION('',(-1.,0.,0.));
#11485 = ADVANCED_FACE('',(#11486),#11502,.F.);
#11486 = FACE_BOUND('',#11487,.F.);
#11487 = EDGE_LOOP('',(#11488,#11489,#11495,#11496));
#11488 = ORIENTED_EDGE('',*,*,#2695,.T.);
#11489 = ORIENTED_EDGE('',*,*,#11490,.T.);
#11490 = EDGE_CURVE('',#2698,#5672,#11491,.T.);
#11491 = LINE('',#11492,#11493);
#11492 = CARTESIAN_POINT('',(51.,-29.,5.5));
#11493 = VECTOR('',#11494,1.);
#11494 = DIRECTION('',(0.,0.,1.));
#11495 = ORIENTED_EDGE('',*,*,#5669,.F.);
#11496 = ORIENTED_EDGE('',*,*,#11497,.F.);
#11497 = EDGE_CURVE('',#2696,#5670,#11498,.T.);
#11498 = LINE('',#11499,#11500);
#11499 = CARTESIAN_POINT('',(65.,-29.,5.5));
#11500 = VECTOR('',#11501,1.);
#11501 = DIRECTION('',(0.,0.,1.));
#11502 = PLANE('',#11503);
#11503 = AXIS2_PLACEMENT_3D('',#11504,#11505,#11506);
#11504 = CARTESIAN_POINT('',(51.,-29.,5.5));
#11505 = DIRECTION('',(0.,1.,0.));
#11506 = DIRECTION('',(1.,0.,0.));
#11507 = ADVANCED_FACE('',(#11508),#11519,.F.);
#11508 = FACE_BOUND('',#11509,.F.);
#11509 = EDGE_LOOP('',(#11510,#11511,#11512,#11513));
#11510 = ORIENTED_EDGE('',*,*,#2705,.T.);
#11511 = ORIENTED_EDGE('',*,*,#11497,.T.);
#11512 = ORIENTED_EDGE('',*,*,#5679,.F.);
#11513 = ORIENTED_EDGE('',*,*,#11514,.F.);
#11514 = EDGE_CURVE('',#2706,#5680,#11515,.T.);
#11515 = LINE('',#11516,#11517);
#11516 = CARTESIAN_POINT('',(65.,-43.,5.5));
#11517 = VECTOR('',#11518,1.);
#11518 = DIRECTION('',(0.,0.,1.));
#11519 = PLANE('',#11520);
#11520 = AXIS2_PLACEMENT_3D('',#11521,#11522,#11523);
#11521 = CARTESIAN_POINT('',(65.,-29.,5.5));
#11522 = DIRECTION('',(1.,0.,0.));
#11523 = DIRECTION('',(0.,-1.,0.));
#11524 = ADVANCED_FACE('',(#11525),#11536,.F.);
#11525 = FACE_BOUND('',#11526,.F.);
#11526 = EDGE_LOOP('',(#11527,#11528,#11534,#11535));
#11527 = ORIENTED_EDGE('',*,*,#2721,.T.);
#11528 = ORIENTED_EDGE('',*,*,#11529,.T.);
#11529 = EDGE_CURVE('',#2714,#5688,#11530,.T.);
#11530 = LINE('',#11531,#11532);
#11531 = CARTESIAN_POINT('',(51.,-43.,5.5));
#11532 = VECTOR('',#11533,1.);
#11533 = DIRECTION('',(0.,0.,1.));
#11534 = ORIENTED_EDGE('',*,*,#5695,.F.);
#11535 = ORIENTED_EDGE('',*,*,#11490,.F.);
#11536 = PLANE('',#11537);
#11537 = AXIS2_PLACEMENT_3D('',#11538,#11539,#11540);
#11538 = CARTESIAN_POINT('',(51.,-43.,5.5));
#11539 = DIRECTION('',(-1.,0.,0.));
#11540 = DIRECTION('',(0.,1.,0.));
#11541 = ADVANCED_FACE('',(#11542),#11548,.F.);
#11542 = FACE_BOUND('',#11543,.F.);
#11543 = EDGE_LOOP('',(#11544,#11545,#11546,#11547));
#11544 = ORIENTED_EDGE('',*,*,#2713,.T.);
#11545 = ORIENTED_EDGE('',*,*,#11514,.T.);
#11546 = ORIENTED_EDGE('',*,*,#5687,.F.);
#11547 = ORIENTED_EDGE('',*,*,#11529,.F.);
#11548 = PLANE('',#11549);
#11549 = AXIS2_PLACEMENT_3D('',#11550,#11551,#11552);
#11550 = CARTESIAN_POINT('',(65.,-43.,5.5));
#11551 = DIRECTION('',(0.,-1.,0.));
#11552 = DIRECTION('',(-1.,0.,0.));
#11553 = ADVANCED_FACE('',(#11554),#11570,.F.);
#11554 = FACE_BOUND('',#11555,.F.);
#11555 = EDGE_LOOP('',(#11556,#11557,#11563,#11564));
#11556 = ORIENTED_EDGE('',*,*,#2729,.T.);
#11557 = ORIENTED_EDGE('',*,*,#11558,.T.);
#11558 = EDGE_CURVE('',#2732,#5706,#11559,.T.);
#11559 = LINE('',#11560,#11561);
#11560 = CARTESIAN_POINT('',(69.,-27.,5.5));
#11561 = VECTOR('',#11562,1.);
#11562 = DIRECTION('',(0.,0.,1.));
#11563 = ORIENTED_EDGE('',*,*,#5703,.F.);
#11564 = ORIENTED_EDGE('',*,*,#11565,.F.);
#11565 = EDGE_CURVE('',#2730,#5704,#11566,.T.);
#11566 = LINE('',#11567,#11568);
#11567 = CARTESIAN_POINT('',(83.,-27.,5.5));
#11568 = VECTOR('',#11569,1.);
#11569 = DIRECTION('',(0.,0.,1.));
#11570 = PLANE('',#11571);
#11571 = AXIS2_PLACEMENT_3D('',#11572,#11573,#11574);
#11572 = CARTESIAN_POINT('',(69.,-27.,5.5));
#11573 = DIRECTION('',(0.,1.,0.));
#11574 = DIRECTION('',(1.,0.,0.));
#11575 = ADVANCED_FACE('',(#11576),#11587,.F.);
#11576 = FACE_BOUND('',#11577,.F.);
#11577 = EDGE_LOOP('',(#11578,#11579,#11580,#11581));
#11578 = ORIENTED_EDGE('',*,*,#2739,.T.);
#11579 = ORIENTED_EDGE('',*,*,#11565,.T.);
#11580 = ORIENTED_EDGE('',*,*,#5713,.F.);
#11581 = ORIENTED_EDGE('',*,*,#11582,.F.);
#11582 = EDGE_CURVE('',#2740,#5714,#11583,.T.);
#11583 = LINE('',#11584,#11585);
#11584 = CARTESIAN_POINT('',(83.,-41.,5.5));
#11585 = VECTOR('',#11586,1.);
#11586 = DIRECTION('',(0.,0.,1.));
#11587 = PLANE('',#11588);
#11588 = AXIS2_PLACEMENT_3D('',#11589,#11590,#11591);
#11589 = CARTESIAN_POINT('',(83.,-27.,5.5));
#11590 = DIRECTION('',(1.,0.,0.));
#11591 = DIRECTION('',(0.,-1.,0.));
#11592 = ADVANCED_FACE('',(#11593),#11604,.F.);
#11593 = FACE_BOUND('',#11594,.F.);
#11594 = EDGE_LOOP('',(#11595,#11596,#11602,#11603));
#11595 = ORIENTED_EDGE('',*,*,#2755,.T.);
#11596 = ORIENTED_EDGE('',*,*,#11597,.T.);
#11597 = EDGE_CURVE('',#2748,#5722,#11598,.T.);
#11598 = LINE('',#11599,#11600);
#11599 = CARTESIAN_POINT('',(69.,-41.,5.5));
#11600 = VECTOR('',#11601,1.);
#11601 = DIRECTION('',(0.,0.,1.));
#11602 = ORIENTED_EDGE('',*,*,#5729,.F.);
#11603 = ORIENTED_EDGE('',*,*,#11558,.F.);
#11604 = PLANE('',#11605);
#11605 = AXIS2_PLACEMENT_3D('',#11606,#11607,#11608);
#11606 = CARTESIAN_POINT('',(69.,-41.,5.5));
#11607 = DIRECTION('',(-1.,0.,0.));
#11608 = DIRECTION('',(0.,1.,0.));
#11609 = ADVANCED_FACE('',(#11610),#11616,.F.);
#11610 = FACE_BOUND('',#11611,.F.);
#11611 = EDGE_LOOP('',(#11612,#11613,#11614,#11615));
#11612 = ORIENTED_EDGE('',*,*,#2747,.T.);
#11613 = ORIENTED_EDGE('',*,*,#11582,.T.);
#11614 = ORIENTED_EDGE('',*,*,#5721,.F.);
#11615 = ORIENTED_EDGE('',*,*,#11597,.F.);
#11616 = PLANE('',#11617);
#11617 = AXIS2_PLACEMENT_3D('',#11618,#11619,#11620);
#11618 = CARTESIAN_POINT('',(83.,-41.,5.5));
#11619 = DIRECTION('',(0.,-1.,0.));
#11620 = DIRECTION('',(-1.,0.,0.));
#11621 = ADVANCED_FACE('',(#11622),#11638,.F.);
#11622 = FACE_BOUND('',#11623,.F.);
#11623 = EDGE_LOOP('',(#11624,#11625,#11631,#11632));
#11624 = ORIENTED_EDGE('',*,*,#2763,.T.);
#11625 = ORIENTED_EDGE('',*,*,#11626,.T.);
#11626 = EDGE_CURVE('',#2766,#5740,#11627,.T.);
#11627 = LINE('',#11628,#11629);
#11628 = CARTESIAN_POINT('',(51.,-12.,5.5));
#11629 = VECTOR('',#11630,1.);
#11630 = DIRECTION('',(0.,0.,1.));
#11631 = ORIENTED_EDGE('',*,*,#5737,.F.);
#11632 = ORIENTED_EDGE('',*,*,#11633,.F.);
#11633 = EDGE_CURVE('',#2764,#5738,#11634,.T.);
#11634 = LINE('',#11635,#11636);
#11635 = CARTESIAN_POINT('',(65.,-12.,5.5));
#11636 = VECTOR('',#11637,1.);
#11637 = DIRECTION('',(0.,0.,1.));
#11638 = PLANE('',#11639);
#11639 = AXIS2_PLACEMENT_3D('',#11640,#11641,#11642);
#11640 = CARTESIAN_POINT('',(51.,-12.,5.5));
#11641 = DIRECTION('',(0.,1.,0.));
#11642 = DIRECTION('',(1.,0.,0.));
#11643 = ADVANCED_FACE('',(#11644),#11655,.F.);
#11644 = FACE_BOUND('',#11645,.F.);
#11645 = EDGE_LOOP('',(#11646,#11647,#11648,#11649));
#11646 = ORIENTED_EDGE('',*,*,#2773,.T.);
#11647 = ORIENTED_EDGE('',*,*,#11633,.T.);
#11648 = ORIENTED_EDGE('',*,*,#5747,.F.);
#11649 = ORIENTED_EDGE('',*,*,#11650,.F.);
#11650 = EDGE_CURVE('',#2774,#5748,#11651,.T.);
#11651 = LINE('',#11652,#11653);
#11652 = CARTESIAN_POINT('',(65.,-26.,5.5));
#11653 = VECTOR('',#11654,1.);
#11654 = DIRECTION('',(0.,0.,1.));
#11655 = PLANE('',#11656);
#11656 = AXIS2_PLACEMENT_3D('',#11657,#11658,#11659);
#11657 = CARTESIAN_POINT('',(65.,-12.,5.5));
#11658 = DIRECTION('',(1.,0.,0.));
#11659 = DIRECTION('',(0.,-1.,0.));
#11660 = ADVANCED_FACE('',(#11661),#11672,.F.);
#11661 = FACE_BOUND('',#11662,.F.);
#11662 = EDGE_LOOP('',(#11663,#11664,#11670,#11671));
#11663 = ORIENTED_EDGE('',*,*,#2789,.T.);
#11664 = ORIENTED_EDGE('',*,*,#11665,.T.);
#11665 = EDGE_CURVE('',#2782,#5756,#11666,.T.);
#11666 = LINE('',#11667,#11668);
#11667 = CARTESIAN_POINT('',(51.,-26.,5.5));
#11668 = VECTOR('',#11669,1.);
#11669 = DIRECTION('',(0.,0.,1.));
#11670 = ORIENTED_EDGE('',*,*,#5763,.F.);
#11671 = ORIENTED_EDGE('',*,*,#11626,.F.);
#11672 = PLANE('',#11673);
#11673 = AXIS2_PLACEMENT_3D('',#11674,#11675,#11676);
#11674 = CARTESIAN_POINT('',(51.,-26.,5.5));
#11675 = DIRECTION('',(-1.,0.,0.));
#11676 = DIRECTION('',(0.,1.,0.));
#11677 = ADVANCED_FACE('',(#11678),#11684,.F.);
#11678 = FACE_BOUND('',#11679,.F.);
#11679 = EDGE_LOOP('',(#11680,#11681,#11682,#11683));
#11680 = ORIENTED_EDGE('',*,*,#2781,.T.);
#11681 = ORIENTED_EDGE('',*,*,#11650,.T.);
#11682 = ORIENTED_EDGE('',*,*,#5755,.F.);
#11683 = ORIENTED_EDGE('',*,*,#11665,.F.);
#11684 = PLANE('',#11685);
#11685 = AXIS2_PLACEMENT_3D('',#11686,#11687,#11688);
#11686 = CARTESIAN_POINT('',(65.,-26.,5.5));
#11687 = DIRECTION('',(0.,-1.,0.));
#11688 = DIRECTION('',(-1.,0.,0.));
#11689 = ADVANCED_FACE('',(#11690),#11706,.F.);
#11690 = FACE_BOUND('',#11691,.F.);
#11691 = EDGE_LOOP('',(#11692,#11693,#11699,#11700));
#11692 = ORIENTED_EDGE('',*,*,#2797,.T.);
#11693 = ORIENTED_EDGE('',*,*,#11694,.T.);
#11694 = EDGE_CURVE('',#2800,#5774,#11695,.T.);
#11695 = LINE('',#11696,#11697);
#11696 = CARTESIAN_POINT('',(69.,-10.,5.5));
#11697 = VECTOR('',#11698,1.);
#11698 = DIRECTION('',(0.,0.,1.));
#11699 = ORIENTED_EDGE('',*,*,#5771,.F.);
#11700 = ORIENTED_EDGE('',*,*,#11701,.F.);
#11701 = EDGE_CURVE('',#2798,#5772,#11702,.T.);
#11702 = LINE('',#11703,#11704);
#11703 = CARTESIAN_POINT('',(83.,-10.,5.5));
#11704 = VECTOR('',#11705,1.);
#11705 = DIRECTION('',(0.,0.,1.));
#11706 = PLANE('',#11707);
#11707 = AXIS2_PLACEMENT_3D('',#11708,#11709,#11710);
#11708 = CARTESIAN_POINT('',(69.,-10.,5.5));
#11709 = DIRECTION('',(0.,1.,0.));
#11710 = DIRECTION('',(1.,0.,0.));
#11711 = ADVANCED_FACE('',(#11712),#11723,.F.);
#11712 = FACE_BOUND('',#11713,.F.);
#11713 = EDGE_LOOP('',(#11714,#11715,#11716,#11717));
#11714 = ORIENTED_EDGE('',*,*,#2807,.T.);
#11715 = ORIENTED_EDGE('',*,*,#11701,.T.);
#11716 = ORIENTED_EDGE('',*,*,#5781,.F.);
#11717 = ORIENTED_EDGE('',*,*,#11718,.F.);
#11718 = EDGE_CURVE('',#2808,#5782,#11719,.T.);
#11719 = LINE('',#11720,#11721);
#11720 = CARTESIAN_POINT('',(83.,-24.,5.5));
#11721 = VECTOR('',#11722,1.);
#11722 = DIRECTION('',(0.,0.,1.));
#11723 = PLANE('',#11724);
#11724 = AXIS2_PLACEMENT_3D('',#11725,#11726,#11727);
#11725 = CARTESIAN_POINT('',(83.,-10.,5.5));
#11726 = DIRECTION('',(1.,0.,0.));
#11727 = DIRECTION('',(0.,-1.,0.));
#11728 = ADVANCED_FACE('',(#11729),#11740,.F.);
#11729 = FACE_BOUND('',#11730,.F.);
#11730 = EDGE_LOOP('',(#11731,#11732,#11738,#11739));
#11731 = ORIENTED_EDGE('',*,*,#2823,.T.);
#11732 = ORIENTED_EDGE('',*,*,#11733,.T.);
#11733 = EDGE_CURVE('',#2816,#5790,#11734,.T.);
#11734 = LINE('',#11735,#11736);
#11735 = CARTESIAN_POINT('',(69.,-24.,5.5));
#11736 = VECTOR('',#11737,1.);
#11737 = DIRECTION('',(0.,0.,1.));
#11738 = ORIENTED_EDGE('',*,*,#5797,.F.);
#11739 = ORIENTED_EDGE('',*,*,#11694,.F.);
#11740 = PLANE('',#11741);
#11741 = AXIS2_PLACEMENT_3D('',#11742,#11743,#11744);
#11742 = CARTESIAN_POINT('',(69.,-24.,5.5));
#11743 = DIRECTION('',(-1.,0.,0.));
#11744 = DIRECTION('',(0.,1.,0.));
#11745 = ADVANCED_FACE('',(#11746),#11752,.F.);
#11746 = FACE_BOUND('',#11747,.F.);
#11747 = EDGE_LOOP('',(#11748,#11749,#11750,#11751));
#11748 = ORIENTED_EDGE('',*,*,#2815,.T.);
#11749 = ORIENTED_EDGE('',*,*,#11718,.T.);
#11750 = ORIENTED_EDGE('',*,*,#5789,.F.);
#11751 = ORIENTED_EDGE('',*,*,#11733,.F.);
#11752 = PLANE('',#11753);
#11753 = AXIS2_PLACEMENT_3D('',#11754,#11755,#11756);
#11754 = CARTESIAN_POINT('',(83.,-24.,5.5));
#11755 = DIRECTION('',(0.,-1.,0.));
#11756 = DIRECTION('',(-1.,0.,0.));
#11757 = ADVANCED_FACE('',(#11758),#11774,.F.);
#11758 = FACE_BOUND('',#11759,.F.);
#11759 = EDGE_LOOP('',(#11760,#11761,#11767,#11768));
#11760 = ORIENTED_EDGE('',*,*,#2831,.T.);
#11761 = ORIENTED_EDGE('',*,*,#11762,.T.);
#11762 = EDGE_CURVE('',#2834,#5808,#11763,.T.);
#11763 = LINE('',#11764,#11765);
#11764 = CARTESIAN_POINT('',(87.,-39.,5.5));
#11765 = VECTOR('',#11766,1.);
#11766 = DIRECTION('',(0.,0.,1.));
#11767 = ORIENTED_EDGE('',*,*,#5805,.F.);
#11768 = ORIENTED_EDGE('',*,*,#11769,.F.);
#11769 = EDGE_CURVE('',#2832,#5806,#11770,.T.);
#11770 = LINE('',#11771,#11772);
#11771 = CARTESIAN_POINT('',(101.,-39.,5.5));
#11772 = VECTOR('',#11773,1.);
#11773 = DIRECTION('',(0.,0.,1.));
#11774 = PLANE('',#11775);
#11775 = AXIS2_PLACEMENT_3D('',#11776,#11777,#11778);
#11776 = CARTESIAN_POINT('',(87.,-39.,5.5));
#11777 = DIRECTION('',(0.,1.,0.));
#11778 = DIRECTION('',(1.,0.,0.));
#11779 = ADVANCED_FACE('',(#11780),#11791,.F.);
#11780 = FACE_BOUND('',#11781,.F.);
#11781 = EDGE_LOOP('',(#11782,#11783,#11784,#11785));
#11782 = ORIENTED_EDGE('',*,*,#2841,.T.);
#11783 = ORIENTED_EDGE('',*,*,#11769,.T.);
#11784 = ORIENTED_EDGE('',*,*,#5815,.F.);
#11785 = ORIENTED_EDGE('',*,*,#11786,.F.);
#11786 = EDGE_CURVE('',#2842,#5816,#11787,.T.);
#11787 = LINE('',#11788,#11789);
#11788 = CARTESIAN_POINT('',(101.,-53.,5.5));
#11789 = VECTOR('',#11790,1.);
#11790 = DIRECTION('',(0.,0.,1.));
#11791 = PLANE('',#11792);
#11792 = AXIS2_PLACEMENT_3D('',#11793,#11794,#11795);
#11793 = CARTESIAN_POINT('',(101.,-39.,5.5));
#11794 = DIRECTION('',(1.,0.,0.));
#11795 = DIRECTION('',(0.,-1.,0.));
#11796 = ADVANCED_FACE('',(#11797),#11808,.F.);
#11797 = FACE_BOUND('',#11798,.F.);
#11798 = EDGE_LOOP('',(#11799,#11800,#11806,#11807));
#11799 = ORIENTED_EDGE('',*,*,#2857,.T.);
#11800 = ORIENTED_EDGE('',*,*,#11801,.T.);
#11801 = EDGE_CURVE('',#2850,#5824,#11802,.T.);
#11802 = LINE('',#11803,#11804);
#11803 = CARTESIAN_POINT('',(87.,-53.,5.5));
#11804 = VECTOR('',#11805,1.);
#11805 = DIRECTION('',(0.,0.,1.));
#11806 = ORIENTED_EDGE('',*,*,#5831,.F.);
#11807 = ORIENTED_EDGE('',*,*,#11762,.F.);
#11808 = PLANE('',#11809);
#11809 = AXIS2_PLACEMENT_3D('',#11810,#11811,#11812);
#11810 = CARTESIAN_POINT('',(87.,-53.,5.5));
#11811 = DIRECTION('',(-1.,0.,0.));
#11812 = DIRECTION('',(0.,1.,0.));
#11813 = ADVANCED_FACE('',(#11814),#11820,.F.);
#11814 = FACE_BOUND('',#11815,.F.);
#11815 = EDGE_LOOP('',(#11816,#11817,#11818,#11819));
#11816 = ORIENTED_EDGE('',*,*,#2849,.T.);
#11817 = ORIENTED_EDGE('',*,*,#11786,.T.);
#11818 = ORIENTED_EDGE('',*,*,#5823,.F.);
#11819 = ORIENTED_EDGE('',*,*,#11801,.F.);
#11820 = PLANE('',#11821);
#11821 = AXIS2_PLACEMENT_3D('',#11822,#11823,#11824);
#11822 = CARTESIAN_POINT('',(101.,-53.,5.5));
#11823 = DIRECTION('',(0.,-1.,0.));
#11824 = DIRECTION('',(-1.,0.,0.));
#11825 = ADVANCED_FACE('',(#11826),#11842,.F.);
#11826 = FACE_BOUND('',#11827,.F.);
#11827 = EDGE_LOOP('',(#11828,#11829,#11835,#11836));
#11828 = ORIENTED_EDGE('',*,*,#2865,.T.);
#11829 = ORIENTED_EDGE('',*,*,#11830,.T.);
#11830 = EDGE_CURVE('',#2868,#5842,#11831,.T.);
#11831 = LINE('',#11832,#11833);
#11832 = CARTESIAN_POINT('',(87.,-22.,5.5));
#11833 = VECTOR('',#11834,1.);
#11834 = DIRECTION('',(0.,0.,1.));
#11835 = ORIENTED_EDGE('',*,*,#5839,.F.);
#11836 = ORIENTED_EDGE('',*,*,#11837,.F.);
#11837 = EDGE_CURVE('',#2866,#5840,#11838,.T.);
#11838 = LINE('',#11839,#11840);
#11839 = CARTESIAN_POINT('',(101.,-22.,5.5));
#11840 = VECTOR('',#11841,1.);
#11841 = DIRECTION('',(0.,0.,1.));
#11842 = PLANE('',#11843);
#11843 = AXIS2_PLACEMENT_3D('',#11844,#11845,#11846);
#11844 = CARTESIAN_POINT('',(87.,-22.,5.5));
#11845 = DIRECTION('',(0.,1.,0.));
#11846 = DIRECTION('',(1.,0.,0.));
#11847 = ADVANCED_FACE('',(#11848),#11859,.F.);
#11848 = FACE_BOUND('',#11849,.F.);
#11849 = EDGE_LOOP('',(#11850,#11851,#11852,#11853));
#11850 = ORIENTED_EDGE('',*,*,#2875,.T.);
#11851 = ORIENTED_EDGE('',*,*,#11837,.T.);
#11852 = ORIENTED_EDGE('',*,*,#5849,.F.);
#11853 = ORIENTED_EDGE('',*,*,#11854,.F.);
#11854 = EDGE_CURVE('',#2876,#5850,#11855,.T.);
#11855 = LINE('',#11856,#11857);
#11856 = CARTESIAN_POINT('',(101.,-36.,5.5));
#11857 = VECTOR('',#11858,1.);
#11858 = DIRECTION('',(0.,0.,1.));
#11859 = PLANE('',#11860);
#11860 = AXIS2_PLACEMENT_3D('',#11861,#11862,#11863);
#11861 = CARTESIAN_POINT('',(101.,-22.,5.5));
#11862 = DIRECTION('',(1.,0.,0.));
#11863 = DIRECTION('',(0.,-1.,0.));
#11864 = ADVANCED_FACE('',(#11865),#11876,.F.);
#11865 = FACE_BOUND('',#11866,.F.);
#11866 = EDGE_LOOP('',(#11867,#11868,#11874,#11875));
#11867 = ORIENTED_EDGE('',*,*,#2891,.T.);
#11868 = ORIENTED_EDGE('',*,*,#11869,.T.);
#11869 = EDGE_CURVE('',#2884,#5858,#11870,.T.);
#11870 = LINE('',#11871,#11872);
#11871 = CARTESIAN_POINT('',(87.,-36.,5.5));
#11872 = VECTOR('',#11873,1.);
#11873 = DIRECTION('',(0.,0.,1.));
#11874 = ORIENTED_EDGE('',*,*,#5865,.F.);
#11875 = ORIENTED_EDGE('',*,*,#11830,.F.);
#11876 = PLANE('',#11877);
#11877 = AXIS2_PLACEMENT_3D('',#11878,#11879,#11880);
#11878 = CARTESIAN_POINT('',(87.,-36.,5.5));
#11879 = DIRECTION('',(-1.,0.,0.));
#11880 = DIRECTION('',(0.,1.,0.));
#11881 = ADVANCED_FACE('',(#11882),#11888,.F.);
#11882 = FACE_BOUND('',#11883,.F.);
#11883 = EDGE_LOOP('',(#11884,#11885,#11886,#11887));
#11884 = ORIENTED_EDGE('',*,*,#2883,.T.);
#11885 = ORIENTED_EDGE('',*,*,#11854,.T.);
#11886 = ORIENTED_EDGE('',*,*,#5857,.F.);
#11887 = ORIENTED_EDGE('',*,*,#11869,.F.);
#11888 = PLANE('',#11889);
#11889 = AXIS2_PLACEMENT_3D('',#11890,#11891,#11892);
#11890 = CARTESIAN_POINT('',(101.,-36.,5.5));
#11891 = DIRECTION('',(0.,-1.,0.));
#11892 = DIRECTION('',(-1.,0.,0.));
#11893 = ADVANCED_FACE('',(#11894),#11910,.F.);
#11894 = FACE_BOUND('',#11895,.F.);
#11895 = EDGE_LOOP('',(#11896,#11897,#11903,#11904));
#11896 = ORIENTED_EDGE('',*,*,#2899,.T.);
#11897 = ORIENTED_EDGE('',*,*,#11898,.T.);
#11898 = EDGE_CURVE('',#2902,#5876,#11899,.T.);
#11899 = LINE('',#11900,#11901);
#11900 = CARTESIAN_POINT('',(105.,-27.,5.5));
#11901 = VECTOR('',#11902,1.);
#11902 = DIRECTION('',(0.,0.,1.));
#11903 = ORIENTED_EDGE('',*,*,#5873,.F.);
#11904 = ORIENTED_EDGE('',*,*,#11905,.F.);
#11905 = EDGE_CURVE('',#2900,#5874,#11906,.T.);
#11906 = LINE('',#11907,#11908);
#11907 = CARTESIAN_POINT('',(119.,-27.,5.5));
#11908 = VECTOR('',#11909,1.);
#11909 = DIRECTION('',(0.,0.,1.));
#11910 = PLANE('',#11911);
#11911 = AXIS2_PLACEMENT_3D('',#11912,#11913,#11914);
#11912 = CARTESIAN_POINT('',(105.,-27.,5.5));
#11913 = DIRECTION('',(0.,1.,0.));
#11914 = DIRECTION('',(1.,0.,0.));
#11915 = ADVANCED_FACE('',(#11916),#11927,.F.);
#11916 = FACE_BOUND('',#11917,.F.);
#11917 = EDGE_LOOP('',(#11918,#11919,#11920,#11921));
#11918 = ORIENTED_EDGE('',*,*,#2909,.T.);
#11919 = ORIENTED_EDGE('',*,*,#11905,.T.);
#11920 = ORIENTED_EDGE('',*,*,#5883,.F.);
#11921 = ORIENTED_EDGE('',*,*,#11922,.F.);
#11922 = EDGE_CURVE('',#2910,#5884,#11923,.T.);
#11923 = LINE('',#11924,#11925);
#11924 = CARTESIAN_POINT('',(119.,-41.,5.5));
#11925 = VECTOR('',#11926,1.);
#11926 = DIRECTION('',(0.,0.,1.));
#11927 = PLANE('',#11928);
#11928 = AXIS2_PLACEMENT_3D('',#11929,#11930,#11931);
#11929 = CARTESIAN_POINT('',(119.,-27.,5.5));
#11930 = DIRECTION('',(1.,0.,0.));
#11931 = DIRECTION('',(0.,-1.,0.));
#11932 = ADVANCED_FACE('',(#11933),#11944,.F.);
#11933 = FACE_BOUND('',#11934,.F.);
#11934 = EDGE_LOOP('',(#11935,#11936,#11942,#11943));
#11935 = ORIENTED_EDGE('',*,*,#2925,.T.);
#11936 = ORIENTED_EDGE('',*,*,#11937,.T.);
#11937 = EDGE_CURVE('',#2918,#5892,#11938,.T.);
#11938 = LINE('',#11939,#11940);
#11939 = CARTESIAN_POINT('',(105.,-41.,5.5));
#11940 = VECTOR('',#11941,1.);
#11941 = DIRECTION('',(0.,0.,1.));
#11942 = ORIENTED_EDGE('',*,*,#5899,.F.);
#11943 = ORIENTED_EDGE('',*,*,#11898,.F.);
#11944 = PLANE('',#11945);
#11945 = AXIS2_PLACEMENT_3D('',#11946,#11947,#11948);
#11946 = CARTESIAN_POINT('',(105.,-41.,5.5));
#11947 = DIRECTION('',(-1.,0.,0.));
#11948 = DIRECTION('',(0.,1.,0.));
#11949 = ADVANCED_FACE('',(#11950),#11956,.F.);
#11950 = FACE_BOUND('',#11951,.F.);
#11951 = EDGE_LOOP('',(#11952,#11953,#11954,#11955));
#11952 = ORIENTED_EDGE('',*,*,#2917,.T.);
#11953 = ORIENTED_EDGE('',*,*,#11922,.T.);
#11954 = ORIENTED_EDGE('',*,*,#5891,.F.);
#11955 = ORIENTED_EDGE('',*,*,#11937,.F.);
#11956 = PLANE('',#11957);
#11957 = AXIS2_PLACEMENT_3D('',#11958,#11959,#11960);
#11958 = CARTESIAN_POINT('',(119.,-41.,5.5));
#11959 = DIRECTION('',(0.,-1.,0.));
#11960 = DIRECTION('',(-1.,0.,0.));
#11961 = ADVANCED_FACE('',(#11962),#11978,.F.);
#11962 = FACE_BOUND('',#11963,.F.);
#11963 = EDGE_LOOP('',(#11964,#11965,#11971,#11972));
#11964 = ORIENTED_EDGE('',*,*,#2933,.T.);
#11965 = ORIENTED_EDGE('',*,*,#11966,.T.);
#11966 = EDGE_CURVE('',#2936,#5910,#11967,.T.);
#11967 = LINE('',#11968,#11969);
#11968 = CARTESIAN_POINT('',(123.,-39.,5.5));
#11969 = VECTOR('',#11970,1.);
#11970 = DIRECTION('',(0.,0.,1.));
#11971 = ORIENTED_EDGE('',*,*,#5907,.F.);
#11972 = ORIENTED_EDGE('',*,*,#11973,.F.);
#11973 = EDGE_CURVE('',#2934,#5908,#11974,.T.);
#11974 = LINE('',#11975,#11976);
#11975 = CARTESIAN_POINT('',(137.,-39.,5.5));
#11976 = VECTOR('',#11977,1.);
#11977 = DIRECTION('',(0.,0.,1.));
#11978 = PLANE('',#11979);
#11979 = AXIS2_PLACEMENT_3D('',#11980,#11981,#11982);
#11980 = CARTESIAN_POINT('',(123.,-39.,5.5));
#11981 = DIRECTION('',(0.,1.,0.));
#11982 = DIRECTION('',(1.,0.,0.));
#11983 = ADVANCED_FACE('',(#11984),#11995,.F.);
#11984 = FACE_BOUND('',#11985,.F.);
#11985 = EDGE_LOOP('',(#11986,#11987,#11988,#11989));
#11986 = ORIENTED_EDGE('',*,*,#2943,.T.);
#11987 = ORIENTED_EDGE('',*,*,#11973,.T.);
#11988 = ORIENTED_EDGE('',*,*,#5917,.F.);
#11989 = ORIENTED_EDGE('',*,*,#11990,.F.);
#11990 = EDGE_CURVE('',#2944,#5918,#11991,.T.);
#11991 = LINE('',#11992,#11993);
#11992 = CARTESIAN_POINT('',(137.,-53.,5.5));
#11993 = VECTOR('',#11994,1.);
#11994 = DIRECTION('',(0.,0.,1.));
#11995 = PLANE('',#11996);
#11996 = AXIS2_PLACEMENT_3D('',#11997,#11998,#11999);
#11997 = CARTESIAN_POINT('',(137.,-39.,5.5));
#11998 = DIRECTION('',(1.,0.,0.));
#11999 = DIRECTION('',(0.,-1.,0.));
#12000 = ADVANCED_FACE('',(#12001),#12012,.F.);
#12001 = FACE_BOUND('',#12002,.F.);
#12002 = EDGE_LOOP('',(#12003,#12004,#12010,#12011));
#12003 = ORIENTED_EDGE('',*,*,#2959,.T.);
#12004 = ORIENTED_EDGE('',*,*,#12005,.T.);
#12005 = EDGE_CURVE('',#2952,#5926,#12006,.T.);
#12006 = LINE('',#12007,#12008);
#12007 = CARTESIAN_POINT('',(123.,-53.,5.5));
#12008 = VECTOR('',#12009,1.);
#12009 = DIRECTION('',(0.,0.,1.));
#12010 = ORIENTED_EDGE('',*,*,#5933,.F.);
#12011 = ORIENTED_EDGE('',*,*,#11966,.F.);
#12012 = PLANE('',#12013);
#12013 = AXIS2_PLACEMENT_3D('',#12014,#12015,#12016);
#12014 = CARTESIAN_POINT('',(123.,-53.,5.5));
#12015 = DIRECTION('',(-1.,0.,0.));
#12016 = DIRECTION('',(0.,1.,0.));
#12017 = ADVANCED_FACE('',(#12018),#12024,.F.);
#12018 = FACE_BOUND('',#12019,.F.);
#12019 = EDGE_LOOP('',(#12020,#12021,#12022,#12023));
#12020 = ORIENTED_EDGE('',*,*,#2951,.T.);
#12021 = ORIENTED_EDGE('',*,*,#11990,.T.);
#12022 = ORIENTED_EDGE('',*,*,#5925,.F.);
#12023 = ORIENTED_EDGE('',*,*,#12005,.F.);
#12024 = PLANE('',#12025);
#12025 = AXIS2_PLACEMENT_3D('',#12026,#12027,#12028);
#12026 = CARTESIAN_POINT('',(137.,-53.,5.5));
#12027 = DIRECTION('',(0.,-1.,0.));
#12028 = DIRECTION('',(-1.,0.,0.));
#12029 = ADVANCED_FACE('',(#12030),#12041,.F.);
#12030 = FACE_BOUND('',#12031,.T.);
#12031 = EDGE_LOOP('',(#12032,#12033,#12039,#12040));
#12032 = ORIENTED_EDGE('',*,*,#2967,.T.);
#12033 = ORIENTED_EDGE('',*,*,#12034,.T.);
#12034 = EDGE_CURVE('',#2968,#5942,#12035,.T.);
#12035 = LINE('',#12036,#12037);
#12036 = CARTESIAN_POINT('',(140.15,-37.5,5.5));
#12037 = VECTOR('',#12038,1.);
#12038 = DIRECTION('',(0.,0.,1.));
#12039 = ORIENTED_EDGE('',*,*,#5941,.F.);
#12040 = ORIENTED_EDGE('',*,*,#12034,.F.);
#12041 = CYLINDRICAL_SURFACE('',#12042,1.15);
#12042 = AXIS2_PLACEMENT_3D('',#12043,#12044,#12045);
#12043 = CARTESIAN_POINT('',(139.,-37.5,5.5));
#12044 = DIRECTION('',(-0.,-0.,-1.));
#12045 = DIRECTION('',(1.,0.,0.));
#12046 = ADVANCED_FACE('',(#12047),#12063,.F.);
#12047 = FACE_BOUND('',#12048,.F.);
#12048 = EDGE_LOOP('',(#12049,#12050,#12056,#12057));
#12049 = ORIENTED_EDGE('',*,*,#2978,.T.);
#12050 = ORIENTED_EDGE('',*,*,#12051,.T.);
#12051 = EDGE_CURVE('',#2981,#5955,#12052,.T.);
#12052 = LINE('',#12053,#12054);
#12053 = CARTESIAN_POINT('',(123.,-22.,5.5));
#12054 = VECTOR('',#12055,1.);
#12055 = DIRECTION('',(0.,0.,1.));
#12056 = ORIENTED_EDGE('',*,*,#5952,.F.);
#12057 = ORIENTED_EDGE('',*,*,#12058,.F.);
#12058 = EDGE_CURVE('',#2979,#5953,#12059,.T.);
#12059 = LINE('',#12060,#12061);
#12060 = CARTESIAN_POINT('',(137.,-22.,5.5));
#12061 = VECTOR('',#12062,1.);
#12062 = DIRECTION('',(0.,0.,1.));
#12063 = PLANE('',#12064);
#12064 = AXIS2_PLACEMENT_3D('',#12065,#12066,#12067);
#12065 = CARTESIAN_POINT('',(123.,-22.,5.5));
#12066 = DIRECTION('',(0.,1.,0.));
#12067 = DIRECTION('',(1.,0.,0.));
#12068 = ADVANCED_FACE('',(#12069),#12080,.F.);
#12069 = FACE_BOUND('',#12070,.F.);
#12070 = EDGE_LOOP('',(#12071,#12072,#12073,#12074));
#12071 = ORIENTED_EDGE('',*,*,#2988,.T.);
#12072 = ORIENTED_EDGE('',*,*,#12058,.T.);
#12073 = ORIENTED_EDGE('',*,*,#5962,.F.);
#12074 = ORIENTED_EDGE('',*,*,#12075,.F.);
#12075 = EDGE_CURVE('',#2989,#5963,#12076,.T.);
#12076 = LINE('',#12077,#12078);
#12077 = CARTESIAN_POINT('',(137.,-36.,5.5));
#12078 = VECTOR('',#12079,1.);
#12079 = DIRECTION('',(0.,0.,1.));
#12080 = PLANE('',#12081);
#12081 = AXIS2_PLACEMENT_3D('',#12082,#12083,#12084);
#12082 = CARTESIAN_POINT('',(137.,-22.,5.5));
#12083 = DIRECTION('',(1.,0.,0.));
#12084 = DIRECTION('',(0.,-1.,0.));
#12085 = ADVANCED_FACE('',(#12086),#12097,.F.);
#12086 = FACE_BOUND('',#12087,.F.);
#12087 = EDGE_LOOP('',(#12088,#12089,#12095,#12096));
#12088 = ORIENTED_EDGE('',*,*,#3004,.T.);
#12089 = ORIENTED_EDGE('',*,*,#12090,.T.);
#12090 = EDGE_CURVE('',#2997,#5971,#12091,.T.);
#12091 = LINE('',#12092,#12093);
#12092 = CARTESIAN_POINT('',(123.,-36.,5.5));
#12093 = VECTOR('',#12094,1.);
#12094 = DIRECTION('',(0.,0.,1.));
#12095 = ORIENTED_EDGE('',*,*,#5978,.F.);
#12096 = ORIENTED_EDGE('',*,*,#12051,.F.);
#12097 = PLANE('',#12098);
#12098 = AXIS2_PLACEMENT_3D('',#12099,#12100,#12101);
#12099 = CARTESIAN_POINT('',(123.,-36.,5.5));
#12100 = DIRECTION('',(-1.,0.,0.));
#12101 = DIRECTION('',(0.,1.,0.));
#12102 = ADVANCED_FACE('',(#12103),#12109,.F.);
#12103 = FACE_BOUND('',#12104,.F.);
#12104 = EDGE_LOOP('',(#12105,#12106,#12107,#12108));
#12105 = ORIENTED_EDGE('',*,*,#2996,.T.);
#12106 = ORIENTED_EDGE('',*,*,#12075,.T.);
#12107 = ORIENTED_EDGE('',*,*,#5970,.F.);
#12108 = ORIENTED_EDGE('',*,*,#12090,.F.);
#12109 = PLANE('',#12110);
#12110 = AXIS2_PLACEMENT_3D('',#12111,#12112,#12113);
#12111 = CARTESIAN_POINT('',(137.,-36.,5.5));
#12112 = DIRECTION('',(0.,-1.,0.));
#12113 = DIRECTION('',(-1.,0.,0.));
#12114 = ADVANCED_FACE('',(#12115),#12126,.F.);
#12115 = FACE_BOUND('',#12116,.T.);
#12116 = EDGE_LOOP('',(#12117,#12118,#12124,#12125));
#12117 = ORIENTED_EDGE('',*,*,#3012,.T.);
#12118 = ORIENTED_EDGE('',*,*,#12119,.T.);
#12119 = EDGE_CURVE('',#3013,#5987,#12120,.T.);
#12120 = LINE('',#12121,#12122);
#12121 = CARTESIAN_POINT('',(104.15,-20.5,5.5));
#12122 = VECTOR('',#12123,1.);
#12123 = DIRECTION('',(0.,0.,1.));
#12124 = ORIENTED_EDGE('',*,*,#5986,.F.);
#12125 = ORIENTED_EDGE('',*,*,#12119,.F.);
#12126 = CYLINDRICAL_SURFACE('',#12127,1.15);
#12127 = AXIS2_PLACEMENT_3D('',#12128,#12129,#12130);
#12128 = CARTESIAN_POINT('',(103.,-20.5,5.5));
#12129 = DIRECTION('',(-0.,-0.,-1.));
#12130 = DIRECTION('',(1.,0.,0.));
#12131 = ADVANCED_FACE('',(#12132),#12148,.F.);
#12132 = FACE_BOUND('',#12133,.F.);
#12133 = EDGE_LOOP('',(#12134,#12135,#12141,#12142));
#12134 = ORIENTED_EDGE('',*,*,#3023,.T.);
#12135 = ORIENTED_EDGE('',*,*,#12136,.T.);
#12136 = EDGE_CURVE('',#3026,#6000,#12137,.T.);
#12137 = LINE('',#12138,#12139);
#12138 = CARTESIAN_POINT('',(105.,-10.,5.5));
#12139 = VECTOR('',#12140,1.);
#12140 = DIRECTION('',(0.,0.,1.));
#12141 = ORIENTED_EDGE('',*,*,#5997,.F.);
#12142 = ORIENTED_EDGE('',*,*,#12143,.F.);
#12143 = EDGE_CURVE('',#3024,#5998,#12144,.T.);
#12144 = LINE('',#12145,#12146);
#12145 = CARTESIAN_POINT('',(119.,-10.,5.5));
#12146 = VECTOR('',#12147,1.);
#12147 = DIRECTION('',(0.,0.,1.));
#12148 = PLANE('',#12149);
#12149 = AXIS2_PLACEMENT_3D('',#12150,#12151,#12152);
#12150 = CARTESIAN_POINT('',(105.,-10.,5.5));
#12151 = DIRECTION('',(0.,1.,0.));
#12152 = DIRECTION('',(1.,0.,0.));
#12153 = ADVANCED_FACE('',(#12154),#12165,.F.);
#12154 = FACE_BOUND('',#12155,.F.);
#12155 = EDGE_LOOP('',(#12156,#12157,#12158,#12159));
#12156 = ORIENTED_EDGE('',*,*,#3033,.T.);
#12157 = ORIENTED_EDGE('',*,*,#12143,.T.);
#12158 = ORIENTED_EDGE('',*,*,#6007,.F.);
#12159 = ORIENTED_EDGE('',*,*,#12160,.F.);
#12160 = EDGE_CURVE('',#3034,#6008,#12161,.T.);
#12161 = LINE('',#12162,#12163);
#12162 = CARTESIAN_POINT('',(119.,-24.,5.5));
#12163 = VECTOR('',#12164,1.);
#12164 = DIRECTION('',(0.,0.,1.));
#12165 = PLANE('',#12166);
#12166 = AXIS2_PLACEMENT_3D('',#12167,#12168,#12169);
#12167 = CARTESIAN_POINT('',(119.,-10.,5.5));
#12168 = DIRECTION('',(1.,0.,0.));
#12169 = DIRECTION('',(0.,-1.,0.));
#12170 = ADVANCED_FACE('',(#12171),#12182,.F.);
#12171 = FACE_BOUND('',#12172,.F.);
#12172 = EDGE_LOOP('',(#12173,#12174,#12180,#12181));
#12173 = ORIENTED_EDGE('',*,*,#3049,.T.);
#12174 = ORIENTED_EDGE('',*,*,#12175,.T.);
#12175 = EDGE_CURVE('',#3042,#6016,#12176,.T.);
#12176 = LINE('',#12177,#12178);
#12177 = CARTESIAN_POINT('',(105.,-24.,5.5));
#12178 = VECTOR('',#12179,1.);
#12179 = DIRECTION('',(0.,0.,1.));
#12180 = ORIENTED_EDGE('',*,*,#6023,.F.);
#12181 = ORIENTED_EDGE('',*,*,#12136,.F.);
#12182 = PLANE('',#12183);
#12183 = AXIS2_PLACEMENT_3D('',#12184,#12185,#12186);
#12184 = CARTESIAN_POINT('',(105.,-24.,5.5));
#12185 = DIRECTION('',(-1.,0.,0.));
#12186 = DIRECTION('',(0.,1.,0.));
#12187 = ADVANCED_FACE('',(#12188),#12194,.F.);
#12188 = FACE_BOUND('',#12189,.F.);
#12189 = EDGE_LOOP('',(#12190,#12191,#12192,#12193));
#12190 = ORIENTED_EDGE('',*,*,#3041,.T.);
#12191 = ORIENTED_EDGE('',*,*,#12160,.T.);
#12192 = ORIENTED_EDGE('',*,*,#6015,.F.);
#12193 = ORIENTED_EDGE('',*,*,#12175,.F.);
#12194 = PLANE('',#12195);
#12195 = AXIS2_PLACEMENT_3D('',#12196,#12197,#12198);
#12196 = CARTESIAN_POINT('',(119.,-24.,5.5));
#12197 = DIRECTION('',(0.,-1.,0.));
#12198 = DIRECTION('',(-1.,0.,0.));
#12199 = ADVANCED_FACE('',(#12200),#12216,.F.);
#12200 = FACE_BOUND('',#12201,.F.);
#12201 = EDGE_LOOP('',(#12202,#12203,#12209,#12210));
#12202 = ORIENTED_EDGE('',*,*,#3057,.T.);
#12203 = ORIENTED_EDGE('',*,*,#12204,.T.);
#12204 = EDGE_CURVE('',#3060,#6034,#12205,.T.);
#12205 = LINE('',#12206,#12207);
#12206 = CARTESIAN_POINT('',(87.,-5.,5.5));
#12207 = VECTOR('',#12208,1.);
#12208 = DIRECTION('',(0.,0.,1.));
#12209 = ORIENTED_EDGE('',*,*,#6031,.F.);
#12210 = ORIENTED_EDGE('',*,*,#12211,.F.);
#12211 = EDGE_CURVE('',#3058,#6032,#12212,.T.);
#12212 = LINE('',#12213,#12214);
#12213 = CARTESIAN_POINT('',(101.,-5.,5.5));
#12214 = VECTOR('',#12215,1.);
#12215 = DIRECTION('',(0.,0.,1.));
#12216 = PLANE('',#12217);
#12217 = AXIS2_PLACEMENT_3D('',#12218,#12219,#12220);
#12218 = CARTESIAN_POINT('',(87.,-5.,5.5));
#12219 = DIRECTION('',(0.,1.,0.));
#12220 = DIRECTION('',(1.,0.,0.));
#12221 = ADVANCED_FACE('',(#12222),#12233,.F.);
#12222 = FACE_BOUND('',#12223,.F.);
#12223 = EDGE_LOOP('',(#12224,#12225,#12226,#12227));
#12224 = ORIENTED_EDGE('',*,*,#3067,.T.);
#12225 = ORIENTED_EDGE('',*,*,#12211,.T.);
#12226 = ORIENTED_EDGE('',*,*,#6041,.F.);
#12227 = ORIENTED_EDGE('',*,*,#12228,.F.);
#12228 = EDGE_CURVE('',#3068,#6042,#12229,.T.);
#12229 = LINE('',#12230,#12231);
#12230 = CARTESIAN_POINT('',(101.,-19.,5.5));
#12231 = VECTOR('',#12232,1.);
#12232 = DIRECTION('',(0.,0.,1.));
#12233 = PLANE('',#12234);
#12234 = AXIS2_PLACEMENT_3D('',#12235,#12236,#12237);
#12235 = CARTESIAN_POINT('',(101.,-5.,5.5));
#12236 = DIRECTION('',(1.,0.,0.));
#12237 = DIRECTION('',(0.,-1.,0.));
#12238 = ADVANCED_FACE('',(#12239),#12250,.F.);
#12239 = FACE_BOUND('',#12240,.F.);
#12240 = EDGE_LOOP('',(#12241,#12242,#12248,#12249));
#12241 = ORIENTED_EDGE('',*,*,#3083,.T.);
#12242 = ORIENTED_EDGE('',*,*,#12243,.T.);
#12243 = EDGE_CURVE('',#3076,#6050,#12244,.T.);
#12244 = LINE('',#12245,#12246);
#12245 = CARTESIAN_POINT('',(87.,-19.,5.5));
#12246 = VECTOR('',#12247,1.);
#12247 = DIRECTION('',(0.,0.,1.));
#12248 = ORIENTED_EDGE('',*,*,#6057,.F.);
#12249 = ORIENTED_EDGE('',*,*,#12204,.F.);
#12250 = PLANE('',#12251);
#12251 = AXIS2_PLACEMENT_3D('',#12252,#12253,#12254);
#12252 = CARTESIAN_POINT('',(87.,-19.,5.5));
#12253 = DIRECTION('',(-1.,0.,0.));
#12254 = DIRECTION('',(0.,1.,0.));
#12255 = ADVANCED_FACE('',(#12256),#12262,.F.);
#12256 = FACE_BOUND('',#12257,.F.);
#12257 = EDGE_LOOP('',(#12258,#12259,#12260,#12261));
#12258 = ORIENTED_EDGE('',*,*,#3075,.T.);
#12259 = ORIENTED_EDGE('',*,*,#12228,.T.);
#12260 = ORIENTED_EDGE('',*,*,#6049,.F.);
#12261 = ORIENTED_EDGE('',*,*,#12243,.F.);
#12262 = PLANE('',#12263);
#12263 = AXIS2_PLACEMENT_3D('',#12264,#12265,#12266);
#12264 = CARTESIAN_POINT('',(101.,-19.,5.5));
#12265 = DIRECTION('',(0.,-1.,0.));
#12266 = DIRECTION('',(-1.,0.,0.));
#12267 = ( GEOMETRIC_REPRESENTATION_CONTEXT(3) 
GLOBAL_UNCERTAINTY_ASSIGNED_CONTEXT((#12271)) 
GLOBAL_UNIT_ASSIGNED_CONTEXT((#12268,#12269,#12270)) 
REPRESENTATION_CONTEXT('Context #1',
  '3D Context with UNIT and UNCERTAINTY') );
#12268 = ( LENGTH_UNIT() NAMED_UNIT(*) SI_UNIT(.MILLI.,.METRE.) );
#12269 = ( NAMED_UNIT(*) PLANE_ANGLE_UNIT() SI_UNIT($,.RADIAN.) );
#12270 = ( NAMED_UNIT(*) SI_UNIT($,.STERADIAN.) SOLID_ANGLE_UNIT() );
#12271 = UNCERTAINTY_MEASURE_WITH_UNIT(LENGTH_MEASURE(1.E-05),#12268,
  'distance_accuracy_value','confusion accuracy');
#12272 = PRODUCT_RELATED_PRODUCT_CATEGORY('part',$,(#7));
ENDSEC;
END-ISO-10303-21;
