ISO-10303-21;
HEADER;
FILE_DESCRIPTION(('FreeCAD Model'),'2;1');
FILE_NAME('Open CASCADE Shape Model','2026-09-21T19:39:18',('FreeCAD'),(
    'FreeCAD'),'Open CASCADE STEP processor 7.8','FreeCAD','Unknown');
FILE_SCHEMA(('AUTOMOTIVE_DESIGN { 1 0 10303 214 1 1 1 1 }'));
ENDSEC;
DATA;
#1 = APPLICATION_PROTOCOL_DEFINITION('international standard',
  'automotive_design',2000,#2);
#2 = APPLICATION_CONTEXT(
  'core data for automotive mechanical design processes');
#3 = SHAPE_DEFINITION_REPRESENTATION(#4,#10);
#4 = PRODUCT_DEFINITION_SHAPE('','',#5);
#5 = PRODUCT_DEFINITION('design','',#6,#9);
#6 = PRODUCT_DEFINITION_FORMATION('','',#7);
#7 = PRODUCT('Open CASCADE STEP translator 7.8 36',
  'Open CASCADE STEP translator 7.8 36','',(#8));
#8 = PRODUCT_CONTEXT('',#2,'mechanical');
#9 = PRODUCT_DEFINITION_CONTEXT('part definition',#2,'design');
#10 = ADVANCED_BREP_SHAPE_REPRESENTATION('',(#11,#15),#2604);
#11 = AXIS2_PLACEMENT_3D('',#12,#13,#14);
#12 = CARTESIAN_POINT('',(0.,0.,0.));
#13 = DIRECTION('',(0.,0.,1.));
#14 = DIRECTION('',(1.,0.,-0.));
#15 = MANIFOLD_SOLID_BREP('',#16);
#16 = CLOSED_SHELL('',(#17,#57,#249,#284,#496,#515,#537,#554,#571,#583,
    #600,#617,#634,#683,#707,#731,#810,#827,#839,#864,#895,#919,#943,
    #960,#1000,#1056,#1080,#1105,#1161,#1185,#1210,#1235,#1252,#1277,
    #1302,#1319,#1336,#1364,#1397,#1421,#1445,#1469,#1493,#1510,#1785,
    #1802,#1818,#1830,#1850,#1870,#1887,#1918,#1942,#1966,#1983,#2008,
    #2033,#2064,#2088,#2112,#2129,#2160,#2184,#2208,#2225,#2242,#2273,
    #2297,#2321,#2345,#2369,#2393,#2417,#2441,#2465,#2489,#2513,#2530,
    #2542,#2551,#2560,#2572,#2584));
#17 = ADVANCED_FACE('',(#18),#52,.F.);
#18 = FACE_BOUND('',#19,.F.);
#19 = EDGE_LOOP('',(#20,#30,#38,#46));
#20 = ORIENTED_EDGE('',*,*,#21,.T.);
#21 = EDGE_CURVE('',#22,#24,#26,.T.);
#22 = VERTEX_POINT('',#23);
#23 = CARTESIAN_POINT('',(44.418334617361,-65.8,15.4));
#24 = VERTEX_POINT('',#25);
#25 = CARTESIAN_POINT('',(30.481665382639,-65.8,15.4));
#26 = LINE('',#27,#28);
#27 = CARTESIAN_POINT('',(47.770541653469,-65.8,15.4));
#28 = VECTOR('',#29,1.);
#29 = DIRECTION('',(-1.,0.,0.));
#30 = ORIENTED_EDGE('',*,*,#31,.T.);
#31 = EDGE_CURVE('',#24,#32,#34,.T.);
#32 = VERTEX_POINT('',#33);
#33 = CARTESIAN_POINT('',(30.481665382639,-65.8,6.3));
#34 = LINE('',#35,#36);
#35 = CARTESIAN_POINT('',(30.481665382639,-65.8,6.3));
#36 = VECTOR('',#37,1.);
#37 = DIRECTION('',(-0.,-0.,-1.));
#38 = ORIENTED_EDGE('',*,*,#39,.T.);
#39 = EDGE_CURVE('',#32,#40,#42,.T.);
#40 = VERTEX_POINT('',#41);
#41 = CARTESIAN_POINT('',(44.418334617361,-65.8,6.3));
#42 = LINE('',#43,#44);
#43 = CARTESIAN_POINT('',(42.385270826735,-65.8,6.3));
#44 = VECTOR('',#45,1.);
#45 = DIRECTION('',(1.,0.,0.));
#46 = ORIENTED_EDGE('',*,*,#47,.F.);
#47 = EDGE_CURVE('',#22,#40,#48,.T.);
#48 = LINE('',#49,#50);
#49 = CARTESIAN_POINT('',(44.418334617361,-65.8,6.3));
#50 = VECTOR('',#51,1.);
#51 = DIRECTION('',(-0.,-0.,-1.));
#52 = PLANE('',#53);
#53 = AXIS2_PLACEMENT_3D('',#54,#55,#56);
#54 = CARTESIAN_POINT('',(47.770541653469,-65.8,6.2));
#55 = DIRECTION('',(0.,-1.,0.));
#56 = DIRECTION('',(-1.,0.,0.));
#57 = ADVANCED_FACE('',(#58,#199,#210),#244,.F.);
#58 = FACE_BOUND('',#59,.F.);
#59 = EDGE_LOOP('',(#60,#70,#78,#86,#94,#102,#110,#118,#126,#134,#142,
    #151,#158,#159,#168,#177,#185,#193));
#60 = ORIENTED_EDGE('',*,*,#61,.F.);
#61 = EDGE_CURVE('',#62,#64,#66,.T.);
#62 = VERTEX_POINT('',#63);
#63 = CARTESIAN_POINT('',(47.8,-12.22945834653,15.4));
#64 = VERTEX_POINT('',#65);
#65 = CARTESIAN_POINT('',(47.8,-65.77054165346,15.4));
#66 = LINE('',#67,#68);
#67 = CARTESIAN_POINT('',(47.8,-12.22945834653,15.4));
#68 = VECTOR('',#69,1.);
#69 = DIRECTION('',(0.,-1.,0.));
#70 = ORIENTED_EDGE('',*,*,#71,.F.);
#71 = EDGE_CURVE('',#72,#62,#74,.T.);
#72 = VERTEX_POINT('',#73);
#73 = CARTESIAN_POINT('',(47.798620571226,-12.20137942877,15.4));
#74 = LINE('',#75,#76);
#75 = CARTESIAN_POINT('',(47.798620571226,-12.20137942877,15.4));
#76 = VECTOR('',#77,1.);
#77 = DIRECTION('',(4.906767432758E-02,-0.998795456205,0.));
#78 = ORIENTED_EDGE('',*,*,#79,.F.);
#79 = EDGE_CURVE('',#80,#72,#82,.T.);
#80 = VERTEX_POINT('',#81);
#81 = CARTESIAN_POINT('',(47.770541653469,-12.2,15.4));
#82 = LINE('',#83,#84);
#83 = CARTESIAN_POINT('',(47.770541653469,-12.2,15.4));
#84 = VECTOR('',#85,1.);
#85 = DIRECTION('',(0.998795456205,-4.906767432741E-02,0.));
#86 = ORIENTED_EDGE('',*,*,#87,.F.);
#87 = EDGE_CURVE('',#88,#80,#90,.T.);
#88 = VERTEX_POINT('',#89);
#89 = CARTESIAN_POINT('',(26.229458346531,-12.2,15.4));
#90 = LINE('',#91,#92);
#91 = CARTESIAN_POINT('',(26.229458346531,-12.2,15.4));
#92 = VECTOR('',#93,1.);
#93 = DIRECTION('',(1.,0.,0.));
#94 = ORIENTED_EDGE('',*,*,#95,.F.);
#95 = EDGE_CURVE('',#96,#88,#98,.T.);
#96 = VERTEX_POINT('',#97);
#97 = CARTESIAN_POINT('',(26.201379428774,-12.20137942877,15.4));
#98 = LINE('',#99,#100);
#99 = CARTESIAN_POINT('',(26.201379428774,-12.20137942877,15.4));
#100 = VECTOR('',#101,1.);
#101 = DIRECTION('',(0.998795456205,4.906767432739E-02,0.));
#102 = ORIENTED_EDGE('',*,*,#103,.F.);
#103 = EDGE_CURVE('',#104,#96,#106,.T.);
#104 = VERTEX_POINT('',#105);
#105 = CARTESIAN_POINT('',(26.2,-12.22945834653,15.4));
#106 = LINE('',#107,#108);
#107 = CARTESIAN_POINT('',(26.2,-12.22945834653,15.4));
#108 = VECTOR('',#109,1.);
#109 = DIRECTION('',(4.906767432733E-02,0.998795456205,0.));
#110 = ORIENTED_EDGE('',*,*,#111,.F.);
#111 = EDGE_CURVE('',#112,#104,#114,.T.);
#112 = VERTEX_POINT('',#113);
#113 = CARTESIAN_POINT('',(26.2,-65.77054165346,15.4));
#114 = LINE('',#115,#116);
#115 = CARTESIAN_POINT('',(26.2,-65.77054165346,15.4));
#116 = VECTOR('',#117,1.);
#117 = DIRECTION('',(0.,1.,0.));
#118 = ORIENTED_EDGE('',*,*,#119,.F.);
#119 = EDGE_CURVE('',#120,#112,#122,.T.);
#120 = VERTEX_POINT('',#121);
#121 = CARTESIAN_POINT('',(26.201379428774,-65.79862057122,15.4));
#122 = LINE('',#123,#124);
#123 = CARTESIAN_POINT('',(26.201379428774,-65.79862057122,15.4));
#124 = VECTOR('',#125,1.);
#125 = DIRECTION('',(-4.906767432734E-02,0.998795456205,0.));
#126 = ORIENTED_EDGE('',*,*,#127,.F.);
#127 = EDGE_CURVE('',#128,#120,#130,.T.);
#128 = VERTEX_POINT('',#129);
#129 = CARTESIAN_POINT('',(26.229458346531,-65.8,15.4));
#130 = LINE('',#131,#132);
#131 = CARTESIAN_POINT('',(26.229458346531,-65.8,15.4));
#132 = VECTOR('',#133,1.);
#133 = DIRECTION('',(-0.998795456205,4.906767432757E-02,0.));
#134 = ORIENTED_EDGE('',*,*,#135,.F.);
#135 = EDGE_CURVE('',#136,#128,#138,.T.);
#136 = VERTEX_POINT('',#137);
#137 = CARTESIAN_POINT('',(28.318334617361,-65.8,15.4));
#138 = LINE('',#139,#140);
#139 = CARTESIAN_POINT('',(47.770541653469,-65.8,15.4));
#140 = VECTOR('',#141,1.);
#141 = DIRECTION('',(-1.,0.,0.));
#142 = ORIENTED_EDGE('',*,*,#143,.T.);
#143 = EDGE_CURVE('',#136,#144,#146,.T.);
#144 = VERTEX_POINT('',#145);
#145 = CARTESIAN_POINT('',(31.5,-64.,15.4));
#146 = CIRCLE('',#147,2.1);
#147 = AXIS2_PLACEMENT_3D('',#148,#149,#150);
#148 = CARTESIAN_POINT('',(29.4,-64.,15.4));
#149 = DIRECTION('',(0.,0.,-1.));
#150 = DIRECTION('',(1.,0.,0.));
#151 = ORIENTED_EDGE('',*,*,#152,.T.);
#152 = EDGE_CURVE('',#144,#24,#153,.T.);
#153 = CIRCLE('',#154,2.1);
#154 = AXIS2_PLACEMENT_3D('',#155,#156,#157);
#155 = CARTESIAN_POINT('',(29.4,-64.,15.4));
#156 = DIRECTION('',(0.,0.,-1.));
#157 = DIRECTION('',(1.,0.,0.));
#158 = ORIENTED_EDGE('',*,*,#21,.F.);
#159 = ORIENTED_EDGE('',*,*,#160,.T.);
#160 = EDGE_CURVE('',#22,#161,#163,.T.);
#161 = VERTEX_POINT('',#162);
#162 = CARTESIAN_POINT('',(47.6,-64.,15.4));
#163 = CIRCLE('',#164,2.1);
#164 = AXIS2_PLACEMENT_3D('',#165,#166,#167);
#165 = CARTESIAN_POINT('',(45.5,-64.,15.4));
#166 = DIRECTION('',(0.,0.,-1.));
#167 = DIRECTION('',(1.,0.,0.));
#168 = ORIENTED_EDGE('',*,*,#169,.T.);
#169 = EDGE_CURVE('',#161,#170,#172,.T.);
#170 = VERTEX_POINT('',#171);
#171 = CARTESIAN_POINT('',(46.581665382639,-65.8,15.4));
#172 = CIRCLE('',#173,2.1);
#173 = AXIS2_PLACEMENT_3D('',#174,#175,#176);
#174 = CARTESIAN_POINT('',(45.5,-64.,15.4));
#175 = DIRECTION('',(0.,0.,-1.));
#176 = DIRECTION('',(1.,0.,0.));
#177 = ORIENTED_EDGE('',*,*,#178,.F.);
#178 = EDGE_CURVE('',#179,#170,#181,.T.);
#179 = VERTEX_POINT('',#180);
#180 = CARTESIAN_POINT('',(47.770541653469,-65.8,15.4));
#181 = LINE('',#182,#183);
#182 = CARTESIAN_POINT('',(47.770541653469,-65.8,15.4));
#183 = VECTOR('',#184,1.);
#184 = DIRECTION('',(-1.,0.,0.));
#185 = ORIENTED_EDGE('',*,*,#186,.F.);
#186 = EDGE_CURVE('',#187,#179,#189,.T.);
#187 = VERTEX_POINT('',#188);
#188 = CARTESIAN_POINT('',(47.798620571226,-65.79862057122,15.4));
#189 = LINE('',#190,#191);
#190 = CARTESIAN_POINT('',(47.798620571226,-65.79862057122,15.4));
#191 = VECTOR('',#192,1.);
#192 = DIRECTION('',(-0.998795456205,-4.906767432757E-02,0.));
#193 = ORIENTED_EDGE('',*,*,#194,.F.);
#194 = EDGE_CURVE('',#64,#187,#195,.T.);
#195 = LINE('',#196,#197);
#196 = CARTESIAN_POINT('',(47.8,-65.77054165346,15.4));
#197 = VECTOR('',#198,1.);
#198 = DIRECTION('',(-4.906767432757E-02,-0.998795456205,0.));
#199 = FACE_BOUND('',#200,.F.);
#200 = EDGE_LOOP('',(#201));
#201 = ORIENTED_EDGE('',*,*,#202,.T.);
#202 = EDGE_CURVE('',#203,#203,#205,.T.);
#203 = VERTEX_POINT('',#204);
#204 = CARTESIAN_POINT('',(38.4,-59.5,15.4));
#205 = CIRCLE('',#206,1.4);
#206 = AXIS2_PLACEMENT_3D('',#207,#208,#209);
#207 = CARTESIAN_POINT('',(37.,-59.5,15.4));
#208 = DIRECTION('',(0.,0.,-1.));
#209 = DIRECTION('',(1.,0.,0.));
#210 = FACE_BOUND('',#211,.F.);
#211 = EDGE_LOOP('',(#212,#222,#230,#238));
#212 = ORIENTED_EDGE('',*,*,#213,.T.);
#213 = EDGE_CURVE('',#214,#216,#218,.T.);
#214 = VERTEX_POINT('',#215);
#215 = CARTESIAN_POINT('',(44.45,-49.35,15.4));
#216 = VERTEX_POINT('',#217);
#217 = CARTESIAN_POINT('',(29.95,-49.35,15.4));
#218 = LINE('',#219,#220);
#219 = CARTESIAN_POINT('',(33.475,-49.35,15.4));
#220 = VECTOR('',#221,1.);
#221 = DIRECTION('',(-1.,0.,0.));
#222 = ORIENTED_EDGE('',*,*,#223,.T.);
#223 = EDGE_CURVE('',#216,#224,#226,.T.);
#224 = VERTEX_POINT('',#225);
#225 = CARTESIAN_POINT('',(29.95,-18.25,15.4));
#226 = LINE('',#227,#228);
#227 = CARTESIAN_POINT('',(29.95,-44.175,15.4));
#228 = VECTOR('',#229,1.);
#229 = DIRECTION('',(0.,1.,0.));
#230 = ORIENTED_EDGE('',*,*,#231,.F.);
#231 = EDGE_CURVE('',#232,#224,#234,.T.);
#232 = VERTEX_POINT('',#233);
#233 = CARTESIAN_POINT('',(44.45,-18.25,15.4));
#234 = LINE('',#235,#236);
#235 = CARTESIAN_POINT('',(33.475,-18.25,15.4));
#236 = VECTOR('',#237,1.);
#237 = DIRECTION('',(-1.,0.,0.));
#238 = ORIENTED_EDGE('',*,*,#239,.F.);
#239 = EDGE_CURVE('',#214,#232,#240,.T.);
#240 = LINE('',#241,#242);
#241 = CARTESIAN_POINT('',(44.45,-44.175,15.4));
#242 = VECTOR('',#243,1.);
#243 = DIRECTION('',(0.,1.,0.));
#244 = PLANE('',#245);
#245 = AXIS2_PLACEMENT_3D('',#246,#247,#248);
#246 = CARTESIAN_POINT('',(37.,-39.,15.4));
#247 = DIRECTION('',(0.,0.,1.));
#248 = DIRECTION('',(1.,0.,0.));
#249 = ADVANCED_FACE('',(#250),#279,.T.);
#250 = FACE_BOUND('',#251,.F.);
#251 = EDGE_LOOP('',(#252,#260,#261,#262,#263,#272));
#252 = ORIENTED_EDGE('',*,*,#253,.F.);
#253 = EDGE_CURVE('',#170,#254,#256,.T.);
#254 = VERTEX_POINT('',#255);
#255 = CARTESIAN_POINT('',(46.581665382639,-65.8,6.3));
#256 = LINE('',#257,#258);
#257 = CARTESIAN_POINT('',(46.581665382639,-65.8,6.3));
#258 = VECTOR('',#259,1.);
#259 = DIRECTION('',(-0.,-0.,-1.));
#260 = ORIENTED_EDGE('',*,*,#169,.F.);
#261 = ORIENTED_EDGE('',*,*,#160,.F.);
#262 = ORIENTED_EDGE('',*,*,#47,.T.);
#263 = ORIENTED_EDGE('',*,*,#264,.F.);
#264 = EDGE_CURVE('',#265,#40,#267,.T.);
#265 = VERTEX_POINT('',#266);
#266 = CARTESIAN_POINT('',(47.6,-64.,6.3));
#267 = CIRCLE('',#268,2.1);
#268 = AXIS2_PLACEMENT_3D('',#269,#270,#271);
#269 = CARTESIAN_POINT('',(45.5,-64.,6.3));
#270 = DIRECTION('',(0.,0.,1.));
#271 = DIRECTION('',(1.,0.,0.));
#272 = ORIENTED_EDGE('',*,*,#273,.F.);
#273 = EDGE_CURVE('',#254,#265,#274,.T.);
#274 = CIRCLE('',#275,2.1);
#275 = AXIS2_PLACEMENT_3D('',#276,#277,#278);
#276 = CARTESIAN_POINT('',(45.5,-64.,6.3));
#277 = DIRECTION('',(0.,0.,1.));
#278 = DIRECTION('',(1.,0.,0.));
#279 = CYLINDRICAL_SURFACE('',#280,2.1);
#280 = AXIS2_PLACEMENT_3D('',#281,#282,#283);
#281 = CARTESIAN_POINT('',(45.5,-64.,6.3));
#282 = DIRECTION('',(-0.,-0.,-1.));
#283 = DIRECTION('',(1.,0.,0.));
#284 = ADVANCED_FACE('',(#285,#469,#480),#491,.T.);
#285 = FACE_BOUND('',#286,.T.);
#286 = EDGE_LOOP('',(#287,#288,#296,#304,#312,#320,#328,#336,#344,#352,
    #360,#369,#377,#386,#394,#403,#411,#419,#427,#435,#443,#451,#460,
    #467,#468));
#287 = ORIENTED_EDGE('',*,*,#273,.F.);
#288 = ORIENTED_EDGE('',*,*,#289,.T.);
#289 = EDGE_CURVE('',#254,#290,#292,.T.);
#290 = VERTEX_POINT('',#291);
#291 = CARTESIAN_POINT('',(47.770541653469,-65.8,6.3));
#292 = LINE('',#293,#294);
#293 = CARTESIAN_POINT('',(42.385270826735,-65.8,6.3));
#294 = VECTOR('',#295,1.);
#295 = DIRECTION('',(1.,0.,0.));
#296 = ORIENTED_EDGE('',*,*,#297,.T.);
#297 = EDGE_CURVE('',#290,#298,#300,.T.);
#298 = VERTEX_POINT('',#299);
#299 = CARTESIAN_POINT('',(47.798620571226,-65.79862057122,6.3));
#300 = LINE('',#301,#302);
#301 = CARTESIAN_POINT('',(43.068990901311,-66.03097237748,6.3));
#302 = VECTOR('',#303,1.);
#303 = DIRECTION('',(0.998795456205,4.906767432757E-02,0.));
#304 = ORIENTED_EDGE('',*,*,#305,.T.);
#305 = EDGE_CURVE('',#298,#306,#308,.T.);
#306 = VERTEX_POINT('',#307);
#307 = CARTESIAN_POINT('',(47.8,-65.77054165346,6.3));
#308 = LINE('',#309,#310);
#309 = CARTESIAN_POINT('',(48.442991746504,-52.68214397442,6.3));
#310 = VECTOR('',#311,1.);
#311 = DIRECTION('',(4.906767432757E-02,0.998795456205,0.));
#312 = ORIENTED_EDGE('',*,*,#313,.T.);
#313 = EDGE_CURVE('',#306,#314,#316,.T.);
#314 = VERTEX_POINT('',#315);
#315 = CARTESIAN_POINT('',(47.8,-12.22945834653,6.3));
#316 = LINE('',#317,#318);
#317 = CARTESIAN_POINT('',(47.8,-25.61472917326,6.3));
#318 = VECTOR('',#319,1.);
#319 = DIRECTION('',(0.,1.,0.));
#320 = ORIENTED_EDGE('',*,*,#321,.T.);
#321 = EDGE_CURVE('',#314,#322,#324,.T.);
#322 = VERTEX_POINT('',#323);
#323 = CARTESIAN_POINT('',(47.798620571226,-12.20137942877,6.3));
#324 = LINE('',#325,#326);
#325 = CARTESIAN_POINT('',(48.442302032117,-25.30381656669,6.3));
#326 = VECTOR('',#327,1.);
#327 = DIRECTION('',(-4.906767432758E-02,0.998795456205,0.));
#328 = ORIENTED_EDGE('',*,*,#329,.T.);
#329 = EDGE_CURVE('',#322,#330,#332,.T.);
#330 = VERTEX_POINT('',#331);
#331 = CARTESIAN_POINT('',(47.770541653469,-12.2,6.3));
#332 = LINE('',#333,#334);
#333 = CARTESIAN_POINT('',(43.05495144243,-11.96833790812,6.3));
#334 = VECTOR('',#335,1.);
#335 = DIRECTION('',(-0.998795456205,4.906767432741E-02,0.));
#336 = ORIENTED_EDGE('',*,*,#337,.T.);
#337 = EDGE_CURVE('',#330,#338,#340,.T.);
#338 = VERTEX_POINT('',#339);
#339 = CARTESIAN_POINT('',(43.7,-12.2,6.3));
#340 = LINE('',#341,#342);
#341 = CARTESIAN_POINT('',(31.614729173265,-12.2,6.3));
#342 = VECTOR('',#343,1.);
#343 = DIRECTION('',(-1.,0.,0.));
#344 = ORIENTED_EDGE('',*,*,#345,.T.);
#345 = EDGE_CURVE('',#338,#346,#348,.T.);
#346 = VERTEX_POINT('',#347);
#347 = CARTESIAN_POINT('',(43.7,-11.,6.3));
#348 = LINE('',#349,#350);
#349 = CARTESIAN_POINT('',(43.7,-29.5,6.3));
#350 = VECTOR('',#351,1.);
#351 = DIRECTION('',(0.,1.,0.));
#352 = ORIENTED_EDGE('',*,*,#353,.F.);
#353 = EDGE_CURVE('',#354,#346,#356,.T.);
#354 = VERTEX_POINT('',#355);
#355 = CARTESIAN_POINT('',(47.8,-11.,6.3));
#356 = LINE('',#357,#358);
#357 = CARTESIAN_POINT('',(47.8,-11.,6.3));
#358 = VECTOR('',#359,1.);
#359 = DIRECTION('',(-1.,0.,0.));
#360 = ORIENTED_EDGE('',*,*,#361,.F.);
#361 = EDGE_CURVE('',#362,#354,#364,.T.);
#362 = VERTEX_POINT('',#363);
#363 = CARTESIAN_POINT('',(49.,-12.2,6.3));
#364 = CIRCLE('',#365,1.2);
#365 = AXIS2_PLACEMENT_3D('',#366,#367,#368);
#366 = CARTESIAN_POINT('',(47.8,-12.2,6.3));
#367 = DIRECTION('',(0.,-0.,1.));
#368 = DIRECTION('',(1.,7.401486830834E-15,0.));
#369 = ORIENTED_EDGE('',*,*,#370,.F.);
#370 = EDGE_CURVE('',#371,#362,#373,.T.);
#371 = VERTEX_POINT('',#372);
#372 = CARTESIAN_POINT('',(49.,-65.8,6.3));
#373 = LINE('',#374,#375);
#374 = CARTESIAN_POINT('',(49.,-65.8,6.3));
#375 = VECTOR('',#376,1.);
#376 = DIRECTION('',(0.,1.,0.));
#377 = ORIENTED_EDGE('',*,*,#378,.F.);
#378 = EDGE_CURVE('',#379,#371,#381,.T.);
#379 = VERTEX_POINT('',#380);
#380 = CARTESIAN_POINT('',(47.8,-67.,6.3));
#381 = CIRCLE('',#382,1.2);
#382 = AXIS2_PLACEMENT_3D('',#383,#384,#385);
#383 = CARTESIAN_POINT('',(47.8,-65.8,6.3));
#384 = DIRECTION('',(-0.,0.,1.));
#385 = DIRECTION('',(5.921189464667E-15,-1.,0.));
#386 = ORIENTED_EDGE('',*,*,#387,.F.);
#387 = EDGE_CURVE('',#388,#379,#390,.T.);
#388 = VERTEX_POINT('',#389);
#389 = CARTESIAN_POINT('',(26.2,-67.,6.3));
#390 = LINE('',#391,#392);
#391 = CARTESIAN_POINT('',(26.2,-67.,6.3));
#392 = VECTOR('',#393,1.);
#393 = DIRECTION('',(1.,0.,0.));
#394 = ORIENTED_EDGE('',*,*,#395,.F.);
#395 = EDGE_CURVE('',#396,#388,#398,.T.);
#396 = VERTEX_POINT('',#397);
#397 = CARTESIAN_POINT('',(25.,-65.8,6.3));
#398 = CIRCLE('',#399,1.2);
#399 = AXIS2_PLACEMENT_3D('',#400,#401,#402);
#400 = CARTESIAN_POINT('',(26.2,-65.8,6.3));
#401 = DIRECTION('',(0.,0.,1.));
#402 = DIRECTION('',(-1.,3.552713678801E-14,0.));
#403 = ORIENTED_EDGE('',*,*,#404,.F.);
#404 = EDGE_CURVE('',#405,#396,#407,.T.);
#405 = VERTEX_POINT('',#406);
#406 = CARTESIAN_POINT('',(25.,-61.9,6.3));
#407 = LINE('',#408,#409);
#408 = CARTESIAN_POINT('',(25.,-12.2,6.3));
#409 = VECTOR('',#410,1.);
#410 = DIRECTION('',(0.,-1.,0.));
#411 = ORIENTED_EDGE('',*,*,#412,.F.);
#412 = EDGE_CURVE('',#413,#405,#415,.T.);
#413 = VERTEX_POINT('',#414);
#414 = CARTESIAN_POINT('',(26.2,-61.9,6.3));
#415 = LINE('',#416,#417);
#416 = CARTESIAN_POINT('',(28.5,-61.9,6.3));
#417 = VECTOR('',#418,1.);
#418 = DIRECTION('',(-1.,0.,0.));
#419 = ORIENTED_EDGE('',*,*,#420,.T.);
#420 = EDGE_CURVE('',#413,#421,#423,.T.);
#421 = VERTEX_POINT('',#422);
#422 = CARTESIAN_POINT('',(26.2,-65.77054165346,6.3));
#423 = LINE('',#424,#425);
#424 = CARTESIAN_POINT('',(26.2,-52.38527082673,6.3));
#425 = VECTOR('',#426,1.);
#426 = DIRECTION('',(0.,-1.,0.));
#427 = ORIENTED_EDGE('',*,*,#428,.T.);
#428 = EDGE_CURVE('',#421,#429,#431,.T.);
#429 = VERTEX_POINT('',#430);
#430 = CARTESIAN_POINT('',(26.201379428774,-65.79862057122,6.3));
#431 = LINE('',#432,#433);
#432 = CARTESIAN_POINT('',(25.557697967887,-52.6961834333,6.3));
#433 = VECTOR('',#434,1.);
#434 = DIRECTION('',(4.906767432734E-02,-0.998795456205,0.));
#435 = ORIENTED_EDGE('',*,*,#436,.T.);
#436 = EDGE_CURVE('',#429,#437,#439,.T.);
#437 = VERTEX_POINT('',#438);
#438 = CARTESIAN_POINT('',(26.229458346531,-65.8,6.3));
#439 = LINE('',#440,#441);
#440 = CARTESIAN_POINT('',(30.945048557568,-66.03166209187,6.3));
#441 = VECTOR('',#442,1.);
#442 = DIRECTION('',(0.998795456205,-4.906767432757E-02,0.));
#443 = ORIENTED_EDGE('',*,*,#444,.T.);
#444 = EDGE_CURVE('',#437,#445,#447,.T.);
#445 = VERTEX_POINT('',#446);
#446 = CARTESIAN_POINT('',(28.318334617361,-65.8,6.3));
#447 = LINE('',#448,#449);
#448 = CARTESIAN_POINT('',(42.385270826735,-65.8,6.3));
#449 = VECTOR('',#450,1.);
#450 = DIRECTION('',(1.,0.,0.));
#451 = ORIENTED_EDGE('',*,*,#452,.F.);
#452 = EDGE_CURVE('',#453,#445,#455,.T.);
#453 = VERTEX_POINT('',#454);
#454 = CARTESIAN_POINT('',(31.5,-64.,6.3));
#455 = CIRCLE('',#456,2.1);
#456 = AXIS2_PLACEMENT_3D('',#457,#458,#459);
#457 = CARTESIAN_POINT('',(29.4,-64.,6.3));
#458 = DIRECTION('',(0.,0.,1.));
#459 = DIRECTION('',(1.,0.,0.));
#460 = ORIENTED_EDGE('',*,*,#461,.F.);
#461 = EDGE_CURVE('',#32,#453,#462,.T.);
#462 = CIRCLE('',#463,2.1);
#463 = AXIS2_PLACEMENT_3D('',#464,#465,#466);
#464 = CARTESIAN_POINT('',(29.4,-64.,6.3));
#465 = DIRECTION('',(0.,0.,1.));
#466 = DIRECTION('',(1.,0.,0.));
#467 = ORIENTED_EDGE('',*,*,#39,.T.);
#468 = ORIENTED_EDGE('',*,*,#264,.F.);
#469 = FACE_BOUND('',#470,.T.);
#470 = EDGE_LOOP('',(#471));
#471 = ORIENTED_EDGE('',*,*,#472,.F.);
#472 = EDGE_CURVE('',#473,#473,#475,.T.);
#473 = VERTEX_POINT('',#474);
#474 = CARTESIAN_POINT('',(46.65,-64.,6.3));
#475 = CIRCLE('',#476,1.15);
#476 = AXIS2_PLACEMENT_3D('',#477,#478,#479);
#477 = CARTESIAN_POINT('',(45.5,-64.,6.3));
#478 = DIRECTION('',(0.,0.,-1.));
#479 = DIRECTION('',(1.,0.,0.));
#480 = FACE_BOUND('',#481,.T.);
#481 = EDGE_LOOP('',(#482));
#482 = ORIENTED_EDGE('',*,*,#483,.F.);
#483 = EDGE_CURVE('',#484,#484,#486,.T.);
#484 = VERTEX_POINT('',#485);
#485 = CARTESIAN_POINT('',(30.55,-64.,6.3));
#486 = CIRCLE('',#487,1.15);
#487 = AXIS2_PLACEMENT_3D('',#488,#489,#490);
#488 = CARTESIAN_POINT('',(29.4,-64.,6.3));
#489 = DIRECTION('',(0.,0.,-1.));
#490 = DIRECTION('',(1.,0.,0.));
#491 = PLANE('',#492);
#492 = AXIS2_PLACEMENT_3D('',#493,#494,#495);
#493 = CARTESIAN_POINT('',(43.454840299724,-47.3349810374,6.3));
#494 = DIRECTION('',(-0.,-0.,-1.));
#495 = DIRECTION('',(-1.,0.,0.));
#496 = ADVANCED_FACE('',(#497),#510,.T.);
#497 = FACE_BOUND('',#498,.F.);
#498 = EDGE_LOOP('',(#499,#500,#501,#502,#508,#509));
#499 = ORIENTED_EDGE('',*,*,#31,.F.);
#500 = ORIENTED_EDGE('',*,*,#152,.F.);
#501 = ORIENTED_EDGE('',*,*,#143,.F.);
#502 = ORIENTED_EDGE('',*,*,#503,.T.);
#503 = EDGE_CURVE('',#136,#445,#504,.T.);
#504 = LINE('',#505,#506);
#505 = CARTESIAN_POINT('',(28.318334617361,-65.8,6.3));
#506 = VECTOR('',#507,1.);
#507 = DIRECTION('',(-0.,-0.,-1.));
#508 = ORIENTED_EDGE('',*,*,#452,.F.);
#509 = ORIENTED_EDGE('',*,*,#461,.F.);
#510 = CYLINDRICAL_SURFACE('',#511,2.1);
#511 = AXIS2_PLACEMENT_3D('',#512,#513,#514);
#512 = CARTESIAN_POINT('',(29.4,-64.,6.3));
#513 = DIRECTION('',(-0.,-0.,-1.));
#514 = DIRECTION('',(1.,0.,0.));
#515 = ADVANCED_FACE('',(#516),#532,.F.);
#516 = FACE_BOUND('',#517,.F.);
#517 = EDGE_LOOP('',(#518,#519,#525,#526));
#518 = ORIENTED_EDGE('',*,*,#313,.T.);
#519 = ORIENTED_EDGE('',*,*,#520,.T.);
#520 = EDGE_CURVE('',#314,#62,#521,.T.);
#521 = LINE('',#522,#523);
#522 = CARTESIAN_POINT('',(47.8,-12.22945834653,6.2));
#523 = VECTOR('',#524,1.);
#524 = DIRECTION('',(0.,0.,1.));
#525 = ORIENTED_EDGE('',*,*,#61,.T.);
#526 = ORIENTED_EDGE('',*,*,#527,.F.);
#527 = EDGE_CURVE('',#306,#64,#528,.T.);
#528 = LINE('',#529,#530);
#529 = CARTESIAN_POINT('',(47.8,-65.77054165346,6.2));
#530 = VECTOR('',#531,1.);
#531 = DIRECTION('',(0.,0.,1.));
#532 = PLANE('',#533);
#533 = AXIS2_PLACEMENT_3D('',#534,#535,#536);
#534 = CARTESIAN_POINT('',(47.8,-12.22945834653,6.2));
#535 = DIRECTION('',(1.,0.,0.));
#536 = DIRECTION('',(0.,-1.,0.));
#537 = ADVANCED_FACE('',(#538),#549,.F.);
#538 = FACE_BOUND('',#539,.F.);
#539 = EDGE_LOOP('',(#540,#541,#542,#543));
#540 = ORIENTED_EDGE('',*,*,#305,.T.);
#541 = ORIENTED_EDGE('',*,*,#527,.T.);
#542 = ORIENTED_EDGE('',*,*,#194,.T.);
#543 = ORIENTED_EDGE('',*,*,#544,.F.);
#544 = EDGE_CURVE('',#298,#187,#545,.T.);
#545 = LINE('',#546,#547);
#546 = CARTESIAN_POINT('',(47.798620571226,-65.79862057122,6.2));
#547 = VECTOR('',#548,1.);
#548 = DIRECTION('',(0.,0.,1.));
#549 = PLANE('',#550);
#550 = AXIS2_PLACEMENT_3D('',#551,#552,#553);
#551 = CARTESIAN_POINT('',(47.8,-65.77054165346,6.2));
#552 = DIRECTION('',(0.998795456205,-4.906767432757E-02,0.));
#553 = DIRECTION('',(-4.906767432757E-02,-0.998795456205,0.));
#554 = ADVANCED_FACE('',(#555),#566,.F.);
#555 = FACE_BOUND('',#556,.F.);
#556 = EDGE_LOOP('',(#557,#558,#559,#560));
#557 = ORIENTED_EDGE('',*,*,#297,.T.);
#558 = ORIENTED_EDGE('',*,*,#544,.T.);
#559 = ORIENTED_EDGE('',*,*,#186,.T.);
#560 = ORIENTED_EDGE('',*,*,#561,.F.);
#561 = EDGE_CURVE('',#290,#179,#562,.T.);
#562 = LINE('',#563,#564);
#563 = CARTESIAN_POINT('',(47.770541653469,-65.8,6.2));
#564 = VECTOR('',#565,1.);
#565 = DIRECTION('',(0.,0.,1.));
#566 = PLANE('',#567);
#567 = AXIS2_PLACEMENT_3D('',#568,#569,#570);
#568 = CARTESIAN_POINT('',(47.798620571226,-65.79862057122,6.2));
#569 = DIRECTION('',(4.906767432757E-02,-0.998795456205,0.));
#570 = DIRECTION('',(-0.998795456205,-4.906767432757E-02,0.));
#571 = ADVANCED_FACE('',(#572),#578,.F.);
#572 = FACE_BOUND('',#573,.F.);
#573 = EDGE_LOOP('',(#574,#575,#576,#577));
#574 = ORIENTED_EDGE('',*,*,#178,.T.);
#575 = ORIENTED_EDGE('',*,*,#253,.T.);
#576 = ORIENTED_EDGE('',*,*,#289,.T.);
#577 = ORIENTED_EDGE('',*,*,#561,.T.);
#578 = PLANE('',#579);
#579 = AXIS2_PLACEMENT_3D('',#580,#581,#582);
#580 = CARTESIAN_POINT('',(47.770541653469,-65.8,6.2));
#581 = DIRECTION('',(0.,-1.,0.));
#582 = DIRECTION('',(-1.,0.,0.));
#583 = ADVANCED_FACE('',(#584),#595,.F.);
#584 = FACE_BOUND('',#585,.F.);
#585 = EDGE_LOOP('',(#586,#592,#593,#594));
#586 = ORIENTED_EDGE('',*,*,#587,.F.);
#587 = EDGE_CURVE('',#437,#128,#588,.T.);
#588 = LINE('',#589,#590);
#589 = CARTESIAN_POINT('',(26.229458346531,-65.8,6.2));
#590 = VECTOR('',#591,1.);
#591 = DIRECTION('',(0.,0.,1.));
#592 = ORIENTED_EDGE('',*,*,#444,.T.);
#593 = ORIENTED_EDGE('',*,*,#503,.F.);
#594 = ORIENTED_EDGE('',*,*,#135,.T.);
#595 = PLANE('',#596);
#596 = AXIS2_PLACEMENT_3D('',#597,#598,#599);
#597 = CARTESIAN_POINT('',(47.770541653469,-65.8,6.2));
#598 = DIRECTION('',(0.,-1.,0.));
#599 = DIRECTION('',(-1.,0.,0.));
#600 = ADVANCED_FACE('',(#601),#612,.F.);
#601 = FACE_BOUND('',#602,.F.);
#602 = EDGE_LOOP('',(#603,#604,#605,#606));
#603 = ORIENTED_EDGE('',*,*,#436,.T.);
#604 = ORIENTED_EDGE('',*,*,#587,.T.);
#605 = ORIENTED_EDGE('',*,*,#127,.T.);
#606 = ORIENTED_EDGE('',*,*,#607,.F.);
#607 = EDGE_CURVE('',#429,#120,#608,.T.);
#608 = LINE('',#609,#610);
#609 = CARTESIAN_POINT('',(26.201379428774,-65.79862057122,6.2));
#610 = VECTOR('',#611,1.);
#611 = DIRECTION('',(0.,0.,1.));
#612 = PLANE('',#613);
#613 = AXIS2_PLACEMENT_3D('',#614,#615,#616);
#614 = CARTESIAN_POINT('',(26.229458346531,-65.8,6.2));
#615 = DIRECTION('',(-4.906767432757E-02,-0.998795456205,0.));
#616 = DIRECTION('',(-0.998795456205,4.906767432757E-02,0.));
#617 = ADVANCED_FACE('',(#618),#629,.F.);
#618 = FACE_BOUND('',#619,.F.);
#619 = EDGE_LOOP('',(#620,#621,#622,#623));
#620 = ORIENTED_EDGE('',*,*,#428,.T.);
#621 = ORIENTED_EDGE('',*,*,#607,.T.);
#622 = ORIENTED_EDGE('',*,*,#119,.T.);
#623 = ORIENTED_EDGE('',*,*,#624,.F.);
#624 = EDGE_CURVE('',#421,#112,#625,.T.);
#625 = LINE('',#626,#627);
#626 = CARTESIAN_POINT('',(26.2,-65.77054165346,6.2));
#627 = VECTOR('',#628,1.);
#628 = DIRECTION('',(0.,0.,1.));
#629 = PLANE('',#630);
#630 = AXIS2_PLACEMENT_3D('',#631,#632,#633);
#631 = CARTESIAN_POINT('',(26.201379428774,-65.79862057122,6.2));
#632 = DIRECTION('',(-0.998795456205,-4.906767432734E-02,0.));
#633 = DIRECTION('',(-4.906767432734E-02,0.998795456205,0.));
#634 = ADVANCED_FACE('',(#635),#678,.F.);
#635 = FACE_BOUND('',#636,.F.);
#636 = EDGE_LOOP('',(#637,#645,#653,#661,#669,#675,#676,#677));
#637 = ORIENTED_EDGE('',*,*,#638,.F.);
#638 = EDGE_CURVE('',#639,#104,#641,.T.);
#639 = VERTEX_POINT('',#640);
#640 = CARTESIAN_POINT('',(26.2,-12.22945834653,6.3));
#641 = LINE('',#642,#643);
#642 = CARTESIAN_POINT('',(26.2,-12.22945834653,6.2));
#643 = VECTOR('',#644,1.);
#644 = DIRECTION('',(0.,0.,1.));
#645 = ORIENTED_EDGE('',*,*,#646,.T.);
#646 = EDGE_CURVE('',#639,#647,#649,.T.);
#647 = VERTEX_POINT('',#648);
#648 = CARTESIAN_POINT('',(26.2,-53.4,6.3));
#649 = LINE('',#650,#651);
#650 = CARTESIAN_POINT('',(26.2,-52.38527082673,6.3));
#651 = VECTOR('',#652,1.);
#652 = DIRECTION('',(0.,-1.,0.));
#653 = ORIENTED_EDGE('',*,*,#654,.F.);
#654 = EDGE_CURVE('',#655,#647,#657,.T.);
#655 = VERTEX_POINT('',#656);
#656 = CARTESIAN_POINT('',(26.2,-53.4,9.2));
#657 = LINE('',#658,#659);
#658 = CARTESIAN_POINT('',(26.2,-53.4,5.65));
#659 = VECTOR('',#660,1.);
#660 = DIRECTION('',(0.,0.,-1.));
#661 = ORIENTED_EDGE('',*,*,#662,.F.);
#662 = EDGE_CURVE('',#663,#655,#665,.T.);
#663 = VERTEX_POINT('',#664);
#664 = CARTESIAN_POINT('',(26.2,-61.9,9.2));
#665 = LINE('',#666,#667);
#666 = CARTESIAN_POINT('',(26.2,-63.83527082673,9.2));
#667 = VECTOR('',#668,1.);
#668 = DIRECTION('',(0.,1.,0.));
#669 = ORIENTED_EDGE('',*,*,#670,.T.);
#670 = EDGE_CURVE('',#663,#413,#671,.T.);
#671 = LINE('',#672,#673);
#672 = CARTESIAN_POINT('',(26.2,-61.9,5.65));
#673 = VECTOR('',#674,1.);
#674 = DIRECTION('',(0.,0.,-1.));
#675 = ORIENTED_EDGE('',*,*,#420,.T.);
#676 = ORIENTED_EDGE('',*,*,#624,.T.);
#677 = ORIENTED_EDGE('',*,*,#111,.T.);
#678 = PLANE('',#679);
#679 = AXIS2_PLACEMENT_3D('',#680,#681,#682);
#680 = CARTESIAN_POINT('',(26.2,-65.77054165346,6.2));
#681 = DIRECTION('',(-1.,0.,0.));
#682 = DIRECTION('',(0.,1.,0.));
#683 = ADVANCED_FACE('',(#684),#702,.F.);
#684 = FACE_BOUND('',#685,.F.);
#685 = EDGE_LOOP('',(#686,#694,#695,#696));
#686 = ORIENTED_EDGE('',*,*,#687,.T.);
#687 = EDGE_CURVE('',#688,#639,#690,.T.);
#688 = VERTEX_POINT('',#689);
#689 = CARTESIAN_POINT('',(26.201379428774,-12.20137942877,6.3));
#690 = LINE('',#691,#692);
#691 = CARTESIAN_POINT('',(25.5570082535,-25.31785602557,6.3));
#692 = VECTOR('',#693,1.);
#693 = DIRECTION('',(-4.906767432733E-02,-0.998795456205,0.));
#694 = ORIENTED_EDGE('',*,*,#638,.T.);
#695 = ORIENTED_EDGE('',*,*,#103,.T.);
#696 = ORIENTED_EDGE('',*,*,#697,.F.);
#697 = EDGE_CURVE('',#688,#96,#698,.T.);
#698 = LINE('',#699,#700);
#699 = CARTESIAN_POINT('',(26.201379428774,-12.20137942877,6.2));
#700 = VECTOR('',#701,1.);
#701 = DIRECTION('',(0.,0.,1.));
#702 = PLANE('',#703);
#703 = AXIS2_PLACEMENT_3D('',#704,#705,#706);
#704 = CARTESIAN_POINT('',(26.2,-12.22945834653,6.2));
#705 = DIRECTION('',(-0.998795456205,4.906767432733E-02,0.));
#706 = DIRECTION('',(4.906767432733E-02,0.998795456205,0.));
#707 = ADVANCED_FACE('',(#708),#726,.F.);
#708 = FACE_BOUND('',#709,.F.);
#709 = EDGE_LOOP('',(#710,#718,#719,#720));
#710 = ORIENTED_EDGE('',*,*,#711,.T.);
#711 = EDGE_CURVE('',#712,#688,#714,.T.);
#712 = VERTEX_POINT('',#713);
#713 = CARTESIAN_POINT('',(26.229458346531,-12.2,6.3));
#714 = LINE('',#715,#716);
#715 = CARTESIAN_POINT('',(30.931009098692,-11.96902762251,6.3));
#716 = VECTOR('',#717,1.);
#717 = DIRECTION('',(-0.998795456205,-4.906767432739E-02,0.));
#718 = ORIENTED_EDGE('',*,*,#697,.T.);
#719 = ORIENTED_EDGE('',*,*,#95,.T.);
#720 = ORIENTED_EDGE('',*,*,#721,.F.);
#721 = EDGE_CURVE('',#712,#88,#722,.T.);
#722 = LINE('',#723,#724);
#723 = CARTESIAN_POINT('',(26.229458346531,-12.2,6.2));
#724 = VECTOR('',#725,1.);
#725 = DIRECTION('',(0.,0.,1.));
#726 = PLANE('',#727);
#727 = AXIS2_PLACEMENT_3D('',#728,#729,#730);
#728 = CARTESIAN_POINT('',(26.201379428774,-12.20137942877,6.2));
#729 = DIRECTION('',(-4.906767432739E-02,0.998795456205,0.));
#730 = DIRECTION('',(0.998795456205,4.906767432739E-02,0.));
#731 = ADVANCED_FACE('',(#732),#805,.F.);
#732 = FACE_BOUND('',#733,.F.);
#733 = EDGE_LOOP('',(#734,#740,#741,#749,#757,#765,#773,#781,#789,#797,
    #803,#804));
#734 = ORIENTED_EDGE('',*,*,#735,.F.);
#735 = EDGE_CURVE('',#330,#80,#736,.T.);
#736 = LINE('',#737,#738);
#737 = CARTESIAN_POINT('',(47.770541653469,-12.2,6.2));
#738 = VECTOR('',#739,1.);
#739 = DIRECTION('',(0.,0.,1.));
#740 = ORIENTED_EDGE('',*,*,#337,.T.);
#741 = ORIENTED_EDGE('',*,*,#742,.F.);
#742 = EDGE_CURVE('',#743,#338,#745,.T.);
#743 = VERTEX_POINT('',#744);
#744 = CARTESIAN_POINT('',(43.7,-12.2,8.5));
#745 = LINE('',#746,#747);
#746 = CARTESIAN_POINT('',(43.7,-12.2,6.2));
#747 = VECTOR('',#748,1.);
#748 = DIRECTION('',(0.,0.,-1.));
#749 = ORIENTED_EDGE('',*,*,#750,.T.);
#750 = EDGE_CURVE('',#743,#751,#753,.T.);
#751 = VERTEX_POINT('',#752);
#752 = CARTESIAN_POINT('',(47.,-12.2,8.5));
#753 = LINE('',#754,#755);
#754 = CARTESIAN_POINT('',(26.814729173265,-12.2,8.5));
#755 = VECTOR('',#756,1.);
#756 = DIRECTION('',(1.,0.,0.));
#757 = ORIENTED_EDGE('',*,*,#758,.F.);
#758 = EDGE_CURVE('',#759,#751,#761,.T.);
#759 = VERTEX_POINT('',#760);
#760 = CARTESIAN_POINT('',(47.,-12.2,12.7));
#761 = LINE('',#762,#763);
#762 = CARTESIAN_POINT('',(47.,-12.2,7.35));
#763 = VECTOR('',#764,1.);
#764 = DIRECTION('',(0.,0.,-1.));
#765 = ORIENTED_EDGE('',*,*,#766,.F.);
#766 = EDGE_CURVE('',#767,#759,#769,.T.);
#767 = VERTEX_POINT('',#768);
#768 = CARTESIAN_POINT('',(27.4,-12.2,12.7));
#769 = LINE('',#770,#771);
#770 = CARTESIAN_POINT('',(26.814729173265,-12.2,12.7));
#771 = VECTOR('',#772,1.);
#772 = DIRECTION('',(1.,0.,0.));
#773 = ORIENTED_EDGE('',*,*,#774,.T.);
#774 = EDGE_CURVE('',#767,#775,#777,.T.);
#775 = VERTEX_POINT('',#776);
#776 = CARTESIAN_POINT('',(27.4,-12.2,8.5));
#777 = LINE('',#778,#779);
#778 = CARTESIAN_POINT('',(27.4,-12.2,7.35));
#779 = VECTOR('',#780,1.);
#780 = DIRECTION('',(0.,0.,-1.));
#781 = ORIENTED_EDGE('',*,*,#782,.T.);
#782 = EDGE_CURVE('',#775,#783,#785,.T.);
#783 = VERTEX_POINT('',#784);
#784 = CARTESIAN_POINT('',(30.7,-12.2,8.5));
#785 = LINE('',#786,#787);
#786 = CARTESIAN_POINT('',(26.814729173265,-12.2,8.5));
#787 = VECTOR('',#788,1.);
#788 = DIRECTION('',(1.,0.,0.));
#789 = ORIENTED_EDGE('',*,*,#790,.T.);
#790 = EDGE_CURVE('',#783,#791,#793,.T.);
#791 = VERTEX_POINT('',#792);
#792 = CARTESIAN_POINT('',(30.7,-12.2,6.3));
#793 = LINE('',#794,#795);
#794 = CARTESIAN_POINT('',(30.7,-12.2,6.2));
#795 = VECTOR('',#796,1.);
#796 = DIRECTION('',(0.,0.,-1.));
#797 = ORIENTED_EDGE('',*,*,#798,.T.);
#798 = EDGE_CURVE('',#791,#712,#799,.T.);
#799 = LINE('',#800,#801);
#800 = CARTESIAN_POINT('',(31.614729173265,-12.2,6.3));
#801 = VECTOR('',#802,1.);
#802 = DIRECTION('',(-1.,0.,0.));
#803 = ORIENTED_EDGE('',*,*,#721,.T.);
#804 = ORIENTED_EDGE('',*,*,#87,.T.);
#805 = PLANE('',#806);
#806 = AXIS2_PLACEMENT_3D('',#807,#808,#809);
#807 = CARTESIAN_POINT('',(26.229458346531,-12.2,6.2));
#808 = DIRECTION('',(0.,1.,0.));
#809 = DIRECTION('',(1.,0.,0.));
#810 = ADVANCED_FACE('',(#811),#822,.F.);
#811 = FACE_BOUND('',#812,.F.);
#812 = EDGE_LOOP('',(#813,#814,#815,#816));
#813 = ORIENTED_EDGE('',*,*,#329,.T.);
#814 = ORIENTED_EDGE('',*,*,#735,.T.);
#815 = ORIENTED_EDGE('',*,*,#79,.T.);
#816 = ORIENTED_EDGE('',*,*,#817,.F.);
#817 = EDGE_CURVE('',#322,#72,#818,.T.);
#818 = LINE('',#819,#820);
#819 = CARTESIAN_POINT('',(47.798620571226,-12.20137942877,6.2));
#820 = VECTOR('',#821,1.);
#821 = DIRECTION('',(0.,0.,1.));
#822 = PLANE('',#823);
#823 = AXIS2_PLACEMENT_3D('',#824,#825,#826);
#824 = CARTESIAN_POINT('',(47.770541653469,-12.2,6.2));
#825 = DIRECTION('',(4.906767432741E-02,0.998795456205,0.));
#826 = DIRECTION('',(0.998795456205,-4.906767432741E-02,0.));
#827 = ADVANCED_FACE('',(#828),#834,.F.);
#828 = FACE_BOUND('',#829,.F.);
#829 = EDGE_LOOP('',(#830,#831,#832,#833));
#830 = ORIENTED_EDGE('',*,*,#321,.T.);
#831 = ORIENTED_EDGE('',*,*,#817,.T.);
#832 = ORIENTED_EDGE('',*,*,#71,.T.);
#833 = ORIENTED_EDGE('',*,*,#520,.F.);
#834 = PLANE('',#835);
#835 = AXIS2_PLACEMENT_3D('',#836,#837,#838);
#836 = CARTESIAN_POINT('',(47.798620571226,-12.20137942877,6.2));
#837 = DIRECTION('',(0.998795456205,4.906767432758E-02,0.));
#838 = DIRECTION('',(4.906767432758E-02,-0.998795456205,0.));
#839 = ADVANCED_FACE('',(#840),#859,.F.);
#840 = FACE_BOUND('',#841,.T.);
#841 = EDGE_LOOP('',(#842,#850,#851,#852));
#842 = ORIENTED_EDGE('',*,*,#843,.F.);
#843 = EDGE_CURVE('',#203,#844,#846,.T.);
#844 = VERTEX_POINT('',#845);
#845 = CARTESIAN_POINT('',(38.4,-59.5,16.6));
#846 = LINE('',#847,#848);
#847 = CARTESIAN_POINT('',(38.4,-59.5,7.8));
#848 = VECTOR('',#849,1.);
#849 = DIRECTION('',(0.,0.,1.));
#850 = ORIENTED_EDGE('',*,*,#202,.T.);
#851 = ORIENTED_EDGE('',*,*,#843,.T.);
#852 = ORIENTED_EDGE('',*,*,#853,.F.);
#853 = EDGE_CURVE('',#844,#844,#854,.T.);
#854 = CIRCLE('',#855,1.4);
#855 = AXIS2_PLACEMENT_3D('',#856,#857,#858);
#856 = CARTESIAN_POINT('',(37.,-59.5,16.6));
#857 = DIRECTION('',(0.,0.,-1.));
#858 = DIRECTION('',(1.,0.,0.));
#859 = CYLINDRICAL_SURFACE('',#860,1.4);
#860 = AXIS2_PLACEMENT_3D('',#861,#862,#863);
#861 = CARTESIAN_POINT('',(37.,-59.5,7.8));
#862 = DIRECTION('',(-0.,-0.,-1.));
#863 = DIRECTION('',(1.,0.,0.));
#864 = ADVANCED_FACE('',(#865),#890,.T.);
#865 = FACE_BOUND('',#866,.T.);
#866 = EDGE_LOOP('',(#867,#875,#876,#884));
#867 = ORIENTED_EDGE('',*,*,#868,.F.);
#868 = EDGE_CURVE('',#214,#869,#871,.T.);
#869 = VERTEX_POINT('',#870);
#870 = CARTESIAN_POINT('',(44.45,-49.35,16.6));
#871 = LINE('',#872,#873);
#872 = CARTESIAN_POINT('',(44.45,-49.35,15.1));
#873 = VECTOR('',#874,1.);
#874 = DIRECTION('',(0.,0.,1.));
#875 = ORIENTED_EDGE('',*,*,#213,.T.);
#876 = ORIENTED_EDGE('',*,*,#877,.T.);
#877 = EDGE_CURVE('',#216,#878,#880,.T.);
#878 = VERTEX_POINT('',#879);
#879 = CARTESIAN_POINT('',(29.95,-49.35,16.6));
#880 = LINE('',#881,#882);
#881 = CARTESIAN_POINT('',(29.95,-49.35,15.1));
#882 = VECTOR('',#883,1.);
#883 = DIRECTION('',(0.,0.,1.));
#884 = ORIENTED_EDGE('',*,*,#885,.F.);
#885 = EDGE_CURVE('',#869,#878,#886,.T.);
#886 = LINE('',#887,#888);
#887 = CARTESIAN_POINT('',(33.475,-49.35,16.6));
#888 = VECTOR('',#889,1.);
#889 = DIRECTION('',(-1.,0.,0.));
#890 = PLANE('',#891);
#891 = AXIS2_PLACEMENT_3D('',#892,#893,#894);
#892 = CARTESIAN_POINT('',(29.95,-49.35,15.1));
#893 = DIRECTION('',(0.,1.,0.));
#894 = DIRECTION('',(0.,0.,1.));
#895 = ADVANCED_FACE('',(#896),#914,.F.);
#896 = FACE_BOUND('',#897,.F.);
#897 = EDGE_LOOP('',(#898,#899,#900,#908));
#898 = ORIENTED_EDGE('',*,*,#868,.F.);
#899 = ORIENTED_EDGE('',*,*,#239,.T.);
#900 = ORIENTED_EDGE('',*,*,#901,.T.);
#901 = EDGE_CURVE('',#232,#902,#904,.T.);
#902 = VERTEX_POINT('',#903);
#903 = CARTESIAN_POINT('',(44.45,-18.25,16.6));
#904 = LINE('',#905,#906);
#905 = CARTESIAN_POINT('',(44.45,-18.25,15.1));
#906 = VECTOR('',#907,1.);
#907 = DIRECTION('',(0.,0.,1.));
#908 = ORIENTED_EDGE('',*,*,#909,.F.);
#909 = EDGE_CURVE('',#869,#902,#910,.T.);
#910 = LINE('',#911,#912);
#911 = CARTESIAN_POINT('',(44.45,-44.175,16.6));
#912 = VECTOR('',#913,1.);
#913 = DIRECTION('',(0.,1.,0.));
#914 = PLANE('',#915);
#915 = AXIS2_PLACEMENT_3D('',#916,#917,#918);
#916 = CARTESIAN_POINT('',(44.45,-49.35,15.1));
#917 = DIRECTION('',(1.,0.,0.));
#918 = DIRECTION('',(0.,0.,1.));
#919 = ADVANCED_FACE('',(#920),#938,.T.);
#920 = FACE_BOUND('',#921,.T.);
#921 = EDGE_LOOP('',(#922,#923,#924,#932));
#922 = ORIENTED_EDGE('',*,*,#877,.F.);
#923 = ORIENTED_EDGE('',*,*,#223,.T.);
#924 = ORIENTED_EDGE('',*,*,#925,.T.);
#925 = EDGE_CURVE('',#224,#926,#928,.T.);
#926 = VERTEX_POINT('',#927);
#927 = CARTESIAN_POINT('',(29.95,-18.25,16.6));
#928 = LINE('',#929,#930);
#929 = CARTESIAN_POINT('',(29.95,-18.25,15.1));
#930 = VECTOR('',#931,1.);
#931 = DIRECTION('',(0.,0.,1.));
#932 = ORIENTED_EDGE('',*,*,#933,.F.);
#933 = EDGE_CURVE('',#878,#926,#934,.T.);
#934 = LINE('',#935,#936);
#935 = CARTESIAN_POINT('',(29.95,-44.175,16.6));
#936 = VECTOR('',#937,1.);
#937 = DIRECTION('',(0.,1.,0.));
#938 = PLANE('',#939);
#939 = AXIS2_PLACEMENT_3D('',#940,#941,#942);
#940 = CARTESIAN_POINT('',(29.95,-49.35,15.1));
#941 = DIRECTION('',(1.,0.,0.));
#942 = DIRECTION('',(0.,0.,1.));
#943 = ADVANCED_FACE('',(#944),#955,.F.);
#944 = FACE_BOUND('',#945,.F.);
#945 = EDGE_LOOP('',(#946,#947,#948,#949));
#946 = ORIENTED_EDGE('',*,*,#901,.F.);
#947 = ORIENTED_EDGE('',*,*,#231,.T.);
#948 = ORIENTED_EDGE('',*,*,#925,.T.);
#949 = ORIENTED_EDGE('',*,*,#950,.F.);
#950 = EDGE_CURVE('',#902,#926,#951,.T.);
#951 = LINE('',#952,#953);
#952 = CARTESIAN_POINT('',(33.475,-18.25,16.6));
#953 = VECTOR('',#954,1.);
#954 = DIRECTION('',(-1.,0.,0.));
#955 = PLANE('',#956);
#956 = AXIS2_PLACEMENT_3D('',#957,#958,#959);
#957 = CARTESIAN_POINT('',(29.95,-18.25,15.1));
#958 = DIRECTION('',(0.,1.,0.));
#959 = DIRECTION('',(0.,0.,1.));
#960 = ADVANCED_FACE('',(#961),#995,.F.);
#961 = FACE_BOUND('',#962,.F.);
#962 = EDGE_LOOP('',(#963,#973,#981,#987,#988,#989));
#963 = ORIENTED_EDGE('',*,*,#964,.F.);
#964 = EDGE_CURVE('',#965,#967,#969,.T.);
#965 = VERTEX_POINT('',#966);
#966 = CARTESIAN_POINT('',(43.7,-11.4,11.8));
#967 = VERTEX_POINT('',#968);
#968 = CARTESIAN_POINT('',(43.7,-11.,11.8));
#969 = LINE('',#970,#971);
#970 = CARTESIAN_POINT('',(43.7,-20.,11.8));
#971 = VECTOR('',#972,1.);
#972 = DIRECTION('',(0.,1.,0.));
#973 = ORIENTED_EDGE('',*,*,#974,.F.);
#974 = EDGE_CURVE('',#975,#965,#977,.T.);
#975 = VERTEX_POINT('',#976);
#976 = CARTESIAN_POINT('',(43.7,-11.4,8.5));
#977 = LINE('',#978,#979);
#978 = CARTESIAN_POINT('',(43.7,-11.4,7.35));
#979 = VECTOR('',#980,1.);
#980 = DIRECTION('',(0.,0.,1.));
#981 = ORIENTED_EDGE('',*,*,#982,.T.);
#982 = EDGE_CURVE('',#975,#743,#983,.T.);
#983 = LINE('',#984,#985);
#984 = CARTESIAN_POINT('',(43.7,-34.05,8.5));
#985 = VECTOR('',#986,1.);
#986 = DIRECTION('',(0.,-1.,0.));
#987 = ORIENTED_EDGE('',*,*,#742,.T.);
#988 = ORIENTED_EDGE('',*,*,#345,.T.);
#989 = ORIENTED_EDGE('',*,*,#990,.T.);
#990 = EDGE_CURVE('',#346,#967,#991,.T.);
#991 = LINE('',#992,#993);
#992 = CARTESIAN_POINT('',(43.7,-11.,6.25));
#993 = VECTOR('',#994,1.);
#994 = DIRECTION('',(0.,0.,1.));
#995 = PLANE('',#996);
#996 = AXIS2_PLACEMENT_3D('',#997,#998,#999);
#997 = CARTESIAN_POINT('',(43.7,-20.,6.2));
#998 = DIRECTION('',(1.,0.,0.));
#999 = DIRECTION('',(0.,0.,1.));
#1000 = ADVANCED_FACE('',(#1001),#1051,.F.);
#1001 = FACE_BOUND('',#1002,.F.);
#1002 = EDGE_LOOP('',(#1003,#1004,#1012,#1020,#1028,#1036,#1044,#1050));
#1003 = ORIENTED_EDGE('',*,*,#353,.F.);
#1004 = ORIENTED_EDGE('',*,*,#1005,.T.);
#1005 = EDGE_CURVE('',#354,#1006,#1008,.T.);
#1006 = VERTEX_POINT('',#1007);
#1007 = CARTESIAN_POINT('',(47.8,-11.,16.6));
#1008 = LINE('',#1009,#1010);
#1009 = CARTESIAN_POINT('',(47.8,-11.,6.3));
#1010 = VECTOR('',#1011,1.);
#1011 = DIRECTION('',(0.,0.,1.));
#1012 = ORIENTED_EDGE('',*,*,#1013,.T.);
#1013 = EDGE_CURVE('',#1006,#1014,#1016,.T.);
#1014 = VERTEX_POINT('',#1015);
#1015 = CARTESIAN_POINT('',(26.2,-11.,16.6));
#1016 = LINE('',#1017,#1018);
#1017 = CARTESIAN_POINT('',(47.8,-11.,16.6));
#1018 = VECTOR('',#1019,1.);
#1019 = DIRECTION('',(-1.,0.,0.));
#1020 = ORIENTED_EDGE('',*,*,#1021,.F.);
#1021 = EDGE_CURVE('',#1022,#1014,#1024,.T.);
#1022 = VERTEX_POINT('',#1023);
#1023 = CARTESIAN_POINT('',(26.2,-11.,6.3));
#1024 = LINE('',#1025,#1026);
#1025 = CARTESIAN_POINT('',(26.2,-11.,6.3));
#1026 = VECTOR('',#1027,1.);
#1027 = DIRECTION('',(0.,0.,1.));
#1028 = ORIENTED_EDGE('',*,*,#1029,.F.);
#1029 = EDGE_CURVE('',#1030,#1022,#1032,.T.);
#1030 = VERTEX_POINT('',#1031);
#1031 = CARTESIAN_POINT('',(30.7,-11.,6.3));
#1032 = LINE('',#1033,#1034);
#1033 = CARTESIAN_POINT('',(47.8,-11.,6.3));
#1034 = VECTOR('',#1035,1.);
#1035 = DIRECTION('',(-1.,0.,0.));
#1036 = ORIENTED_EDGE('',*,*,#1037,.T.);
#1037 = EDGE_CURVE('',#1030,#1038,#1040,.T.);
#1038 = VERTEX_POINT('',#1039);
#1039 = CARTESIAN_POINT('',(30.7,-11.,11.8));
#1040 = LINE('',#1041,#1042);
#1041 = CARTESIAN_POINT('',(30.7,-11.,6.25));
#1042 = VECTOR('',#1043,1.);
#1043 = DIRECTION('',(0.,0.,1.));
#1044 = ORIENTED_EDGE('',*,*,#1045,.F.);
#1045 = EDGE_CURVE('',#967,#1038,#1046,.T.);
#1046 = LINE('',#1047,#1048);
#1047 = CARTESIAN_POINT('',(39.25,-11.,11.8));
#1048 = VECTOR('',#1049,1.);
#1049 = DIRECTION('',(-1.,0.,0.));
#1050 = ORIENTED_EDGE('',*,*,#990,.F.);
#1051 = PLANE('',#1052);
#1052 = AXIS2_PLACEMENT_3D('',#1053,#1054,#1055);
#1053 = CARTESIAN_POINT('',(47.8,-11.,6.3));
#1054 = DIRECTION('',(0.,-1.,0.));
#1055 = DIRECTION('',(-1.,0.,0.));
#1056 = ADVANCED_FACE('',(#1057),#1075,.T.);
#1057 = FACE_BOUND('',#1058,.T.);
#1058 = EDGE_LOOP('',(#1059,#1067,#1068,#1069));
#1059 = ORIENTED_EDGE('',*,*,#1060,.T.);
#1060 = EDGE_CURVE('',#1061,#663,#1063,.T.);
#1061 = VERTEX_POINT('',#1062);
#1062 = CARTESIAN_POINT('',(25.,-61.9,9.2));
#1063 = LINE('',#1064,#1065);
#1064 = CARTESIAN_POINT('',(20.,-61.9,9.2));
#1065 = VECTOR('',#1066,1.);
#1066 = DIRECTION('',(1.,0.,0.));
#1067 = ORIENTED_EDGE('',*,*,#670,.T.);
#1068 = ORIENTED_EDGE('',*,*,#412,.T.);
#1069 = ORIENTED_EDGE('',*,*,#1070,.T.);
#1070 = EDGE_CURVE('',#405,#1061,#1071,.T.);
#1071 = LINE('',#1072,#1073);
#1072 = CARTESIAN_POINT('',(25.,-61.9,5.7));
#1073 = VECTOR('',#1074,1.);
#1074 = DIRECTION('',(0.,0.,1.));
#1075 = PLANE('',#1076);
#1076 = AXIS2_PLACEMENT_3D('',#1077,#1078,#1079);
#1077 = CARTESIAN_POINT('',(20.,-61.9,5.1));
#1078 = DIRECTION('',(0.,1.,0.));
#1079 = DIRECTION('',(0.,0.,1.));
#1080 = ADVANCED_FACE('',(#1081),#1100,.T.);
#1081 = FACE_BOUND('',#1082,.F.);
#1082 = EDGE_LOOP('',(#1083,#1091,#1098,#1099));
#1083 = ORIENTED_EDGE('',*,*,#1084,.T.);
#1084 = EDGE_CURVE('',#362,#1085,#1087,.T.);
#1085 = VERTEX_POINT('',#1086);
#1086 = CARTESIAN_POINT('',(49.,-12.2,16.6));
#1087 = LINE('',#1088,#1089);
#1088 = CARTESIAN_POINT('',(49.,-12.2,6.3));
#1089 = VECTOR('',#1090,1.);
#1090 = DIRECTION('',(0.,0.,1.));
#1091 = ORIENTED_EDGE('',*,*,#1092,.T.);
#1092 = EDGE_CURVE('',#1085,#1006,#1093,.T.);
#1093 = CIRCLE('',#1094,1.2);
#1094 = AXIS2_PLACEMENT_3D('',#1095,#1096,#1097);
#1095 = CARTESIAN_POINT('',(47.8,-12.2,16.6));
#1096 = DIRECTION('',(0.,-0.,1.));
#1097 = DIRECTION('',(1.,7.401486830834E-15,0.));
#1098 = ORIENTED_EDGE('',*,*,#1005,.F.);
#1099 = ORIENTED_EDGE('',*,*,#361,.F.);
#1100 = CYLINDRICAL_SURFACE('',#1101,1.2);
#1101 = AXIS2_PLACEMENT_3D('',#1102,#1103,#1104);
#1102 = CARTESIAN_POINT('',(47.8,-12.2,6.3));
#1103 = DIRECTION('',(0.,0.,-1.));
#1104 = DIRECTION('',(1.,7.401486830834E-15,0.));
#1105 = ADVANCED_FACE('',(#1106),#1156,.F.);
#1106 = FACE_BOUND('',#1107,.F.);
#1107 = EDGE_LOOP('',(#1108,#1118,#1126,#1134,#1140,#1141,#1142,#1150));
#1108 = ORIENTED_EDGE('',*,*,#1109,.F.);
#1109 = EDGE_CURVE('',#1110,#1112,#1114,.T.);
#1110 = VERTEX_POINT('',#1111);
#1111 = CARTESIAN_POINT('',(25.,-12.2,6.3));
#1112 = VERTEX_POINT('',#1113);
#1113 = CARTESIAN_POINT('',(25.,-53.4,6.3));
#1114 = LINE('',#1115,#1116);
#1115 = CARTESIAN_POINT('',(25.,-12.2,6.3));
#1116 = VECTOR('',#1117,1.);
#1117 = DIRECTION('',(0.,-1.,0.));
#1118 = ORIENTED_EDGE('',*,*,#1119,.T.);
#1119 = EDGE_CURVE('',#1110,#1120,#1122,.T.);
#1120 = VERTEX_POINT('',#1121);
#1121 = CARTESIAN_POINT('',(25.,-12.2,16.6));
#1122 = LINE('',#1123,#1124);
#1123 = CARTESIAN_POINT('',(25.,-12.2,6.3));
#1124 = VECTOR('',#1125,1.);
#1125 = DIRECTION('',(0.,0.,1.));
#1126 = ORIENTED_EDGE('',*,*,#1127,.T.);
#1127 = EDGE_CURVE('',#1120,#1128,#1130,.T.);
#1128 = VERTEX_POINT('',#1129);
#1129 = CARTESIAN_POINT('',(25.,-65.8,16.6));
#1130 = LINE('',#1131,#1132);
#1131 = CARTESIAN_POINT('',(25.,-12.2,16.6));
#1132 = VECTOR('',#1133,1.);
#1133 = DIRECTION('',(0.,-1.,0.));
#1134 = ORIENTED_EDGE('',*,*,#1135,.F.);
#1135 = EDGE_CURVE('',#396,#1128,#1136,.T.);
#1136 = LINE('',#1137,#1138);
#1137 = CARTESIAN_POINT('',(25.,-65.8,6.3));
#1138 = VECTOR('',#1139,1.);
#1139 = DIRECTION('',(0.,0.,1.));
#1140 = ORIENTED_EDGE('',*,*,#404,.F.);
#1141 = ORIENTED_EDGE('',*,*,#1070,.T.);
#1142 = ORIENTED_EDGE('',*,*,#1143,.F.);
#1143 = EDGE_CURVE('',#1144,#1061,#1146,.T.);
#1144 = VERTEX_POINT('',#1145);
#1145 = CARTESIAN_POINT('',(25.,-53.4,9.2));
#1146 = LINE('',#1147,#1148);
#1147 = CARTESIAN_POINT('',(25.,-37.05,9.2));
#1148 = VECTOR('',#1149,1.);
#1149 = DIRECTION('',(0.,-1.,0.));
#1150 = ORIENTED_EDGE('',*,*,#1151,.F.);
#1151 = EDGE_CURVE('',#1112,#1144,#1152,.T.);
#1152 = LINE('',#1153,#1154);
#1153 = CARTESIAN_POINT('',(25.,-53.4,5.7));
#1154 = VECTOR('',#1155,1.);
#1155 = DIRECTION('',(0.,0.,1.));
#1156 = PLANE('',#1157);
#1157 = AXIS2_PLACEMENT_3D('',#1158,#1159,#1160);
#1158 = CARTESIAN_POINT('',(25.,-12.2,6.3));
#1159 = DIRECTION('',(1.,0.,0.));
#1160 = DIRECTION('',(0.,-1.,0.));
#1161 = ADVANCED_FACE('',(#1162),#1180,.F.);
#1162 = FACE_BOUND('',#1163,.F.);
#1163 = EDGE_LOOP('',(#1164,#1172,#1178,#1179));
#1164 = ORIENTED_EDGE('',*,*,#1165,.T.);
#1165 = EDGE_CURVE('',#371,#1166,#1168,.T.);
#1166 = VERTEX_POINT('',#1167);
#1167 = CARTESIAN_POINT('',(49.,-65.8,16.6));
#1168 = LINE('',#1169,#1170);
#1169 = CARTESIAN_POINT('',(49.,-65.8,6.3));
#1170 = VECTOR('',#1171,1.);
#1171 = DIRECTION('',(0.,0.,1.));
#1172 = ORIENTED_EDGE('',*,*,#1173,.T.);
#1173 = EDGE_CURVE('',#1166,#1085,#1174,.T.);
#1174 = LINE('',#1175,#1176);
#1175 = CARTESIAN_POINT('',(49.,-65.8,16.6));
#1176 = VECTOR('',#1177,1.);
#1177 = DIRECTION('',(0.,1.,0.));
#1178 = ORIENTED_EDGE('',*,*,#1084,.F.);
#1179 = ORIENTED_EDGE('',*,*,#370,.F.);
#1180 = PLANE('',#1181);
#1181 = AXIS2_PLACEMENT_3D('',#1182,#1183,#1184);
#1182 = CARTESIAN_POINT('',(49.,-65.8,6.3));
#1183 = DIRECTION('',(-1.,0.,0.));
#1184 = DIRECTION('',(0.,1.,0.));
#1185 = ADVANCED_FACE('',(#1186),#1205,.T.);
#1186 = FACE_BOUND('',#1187,.F.);
#1187 = EDGE_LOOP('',(#1188,#1189,#1198,#1204));
#1188 = ORIENTED_EDGE('',*,*,#1135,.T.);
#1189 = ORIENTED_EDGE('',*,*,#1190,.T.);
#1190 = EDGE_CURVE('',#1128,#1191,#1193,.T.);
#1191 = VERTEX_POINT('',#1192);
#1192 = CARTESIAN_POINT('',(26.2,-67.,16.6));
#1193 = CIRCLE('',#1194,1.2);
#1194 = AXIS2_PLACEMENT_3D('',#1195,#1196,#1197);
#1195 = CARTESIAN_POINT('',(26.2,-65.8,16.6));
#1196 = DIRECTION('',(0.,0.,1.));
#1197 = DIRECTION('',(-1.,3.552713678801E-14,0.));
#1198 = ORIENTED_EDGE('',*,*,#1199,.F.);
#1199 = EDGE_CURVE('',#388,#1191,#1200,.T.);
#1200 = LINE('',#1201,#1202);
#1201 = CARTESIAN_POINT('',(26.2,-67.,6.3));
#1202 = VECTOR('',#1203,1.);
#1203 = DIRECTION('',(0.,0.,1.));
#1204 = ORIENTED_EDGE('',*,*,#395,.F.);
#1205 = CYLINDRICAL_SURFACE('',#1206,1.2);
#1206 = AXIS2_PLACEMENT_3D('',#1207,#1208,#1209);
#1207 = CARTESIAN_POINT('',(26.2,-65.8,6.3));
#1208 = DIRECTION('',(-0.,-0.,-1.));
#1209 = DIRECTION('',(-1.,3.552713678801E-14,0.));
#1210 = ADVANCED_FACE('',(#1211),#1230,.T.);
#1211 = FACE_BOUND('',#1212,.F.);
#1212 = EDGE_LOOP('',(#1213,#1221,#1228,#1229));
#1213 = ORIENTED_EDGE('',*,*,#1214,.T.);
#1214 = EDGE_CURVE('',#379,#1215,#1217,.T.);
#1215 = VERTEX_POINT('',#1216);
#1216 = CARTESIAN_POINT('',(47.8,-67.,16.6));
#1217 = LINE('',#1218,#1219);
#1218 = CARTESIAN_POINT('',(47.8,-67.,6.3));
#1219 = VECTOR('',#1220,1.);
#1220 = DIRECTION('',(0.,0.,1.));
#1221 = ORIENTED_EDGE('',*,*,#1222,.T.);
#1222 = EDGE_CURVE('',#1215,#1166,#1223,.T.);
#1223 = CIRCLE('',#1224,1.2);
#1224 = AXIS2_PLACEMENT_3D('',#1225,#1226,#1227);
#1225 = CARTESIAN_POINT('',(47.8,-65.8,16.6));
#1226 = DIRECTION('',(-0.,0.,1.));
#1227 = DIRECTION('',(5.921189464667E-15,-1.,0.));
#1228 = ORIENTED_EDGE('',*,*,#1165,.F.);
#1229 = ORIENTED_EDGE('',*,*,#378,.F.);
#1230 = CYLINDRICAL_SURFACE('',#1231,1.2);
#1231 = AXIS2_PLACEMENT_3D('',#1232,#1233,#1234);
#1232 = CARTESIAN_POINT('',(47.8,-65.8,6.3));
#1233 = DIRECTION('',(0.,0.,-1.));
#1234 = DIRECTION('',(5.921189464667E-15,-1.,0.));
#1235 = ADVANCED_FACE('',(#1236),#1247,.F.);
#1236 = FACE_BOUND('',#1237,.F.);
#1237 = EDGE_LOOP('',(#1238,#1239,#1245,#1246));
#1238 = ORIENTED_EDGE('',*,*,#1199,.T.);
#1239 = ORIENTED_EDGE('',*,*,#1240,.T.);
#1240 = EDGE_CURVE('',#1191,#1215,#1241,.T.);
#1241 = LINE('',#1242,#1243);
#1242 = CARTESIAN_POINT('',(26.2,-67.,16.6));
#1243 = VECTOR('',#1244,1.);
#1244 = DIRECTION('',(1.,0.,0.));
#1245 = ORIENTED_EDGE('',*,*,#1214,.F.);
#1246 = ORIENTED_EDGE('',*,*,#387,.F.);
#1247 = PLANE('',#1248);
#1248 = AXIS2_PLACEMENT_3D('',#1249,#1250,#1251);
#1249 = CARTESIAN_POINT('',(26.2,-67.,6.3));
#1250 = DIRECTION('',(0.,1.,0.));
#1251 = DIRECTION('',(1.,0.,0.));
#1252 = ADVANCED_FACE('',(#1253),#1272,.F.);
#1253 = FACE_BOUND('',#1254,.T.);
#1254 = EDGE_LOOP('',(#1255,#1263,#1264,#1265));
#1255 = ORIENTED_EDGE('',*,*,#1256,.F.);
#1256 = EDGE_CURVE('',#473,#1257,#1259,.T.);
#1257 = VERTEX_POINT('',#1258);
#1258 = CARTESIAN_POINT('',(46.65,-64.,14.9));
#1259 = LINE('',#1260,#1261);
#1260 = CARTESIAN_POINT('',(46.65,-64.,6.2));
#1261 = VECTOR('',#1262,1.);
#1262 = DIRECTION('',(0.,0.,1.));
#1263 = ORIENTED_EDGE('',*,*,#472,.T.);
#1264 = ORIENTED_EDGE('',*,*,#1256,.T.);
#1265 = ORIENTED_EDGE('',*,*,#1266,.F.);
#1266 = EDGE_CURVE('',#1257,#1257,#1267,.T.);
#1267 = CIRCLE('',#1268,1.15);
#1268 = AXIS2_PLACEMENT_3D('',#1269,#1270,#1271);
#1269 = CARTESIAN_POINT('',(45.5,-64.,14.9));
#1270 = DIRECTION('',(0.,0.,-1.));
#1271 = DIRECTION('',(1.,0.,0.));
#1272 = CYLINDRICAL_SURFACE('',#1273,1.15);
#1273 = AXIS2_PLACEMENT_3D('',#1274,#1275,#1276);
#1274 = CARTESIAN_POINT('',(45.5,-64.,6.2));
#1275 = DIRECTION('',(-0.,-0.,-1.));
#1276 = DIRECTION('',(1.,0.,0.));
#1277 = ADVANCED_FACE('',(#1278),#1297,.F.);
#1278 = FACE_BOUND('',#1279,.T.);
#1279 = EDGE_LOOP('',(#1280,#1288,#1289,#1290));
#1280 = ORIENTED_EDGE('',*,*,#1281,.F.);
#1281 = EDGE_CURVE('',#484,#1282,#1284,.T.);
#1282 = VERTEX_POINT('',#1283);
#1283 = CARTESIAN_POINT('',(30.55,-64.,14.9));
#1284 = LINE('',#1285,#1286);
#1285 = CARTESIAN_POINT('',(30.55,-64.,6.2));
#1286 = VECTOR('',#1287,1.);
#1287 = DIRECTION('',(0.,0.,1.));
#1288 = ORIENTED_EDGE('',*,*,#483,.T.);
#1289 = ORIENTED_EDGE('',*,*,#1281,.T.);
#1290 = ORIENTED_EDGE('',*,*,#1291,.F.);
#1291 = EDGE_CURVE('',#1282,#1282,#1292,.T.);
#1292 = CIRCLE('',#1293,1.15);
#1293 = AXIS2_PLACEMENT_3D('',#1294,#1295,#1296);
#1294 = CARTESIAN_POINT('',(29.4,-64.,14.9));
#1295 = DIRECTION('',(0.,0.,-1.));
#1296 = DIRECTION('',(1.,0.,0.));
#1297 = CYLINDRICAL_SURFACE('',#1298,1.15);
#1298 = AXIS2_PLACEMENT_3D('',#1299,#1300,#1301);
#1299 = CARTESIAN_POINT('',(29.4,-64.,6.2));
#1300 = DIRECTION('',(-0.,-0.,-1.));
#1301 = DIRECTION('',(1.,0.,0.));
#1302 = ADVANCED_FACE('',(#1303),#1314,.F.);
#1303 = FACE_BOUND('',#1304,.F.);
#1304 = EDGE_LOOP('',(#1305,#1311,#1312,#1313));
#1305 = ORIENTED_EDGE('',*,*,#1306,.F.);
#1306 = EDGE_CURVE('',#1144,#655,#1307,.T.);
#1307 = LINE('',#1308,#1309);
#1308 = CARTESIAN_POINT('',(20.,-53.4,9.2));
#1309 = VECTOR('',#1310,1.);
#1310 = DIRECTION('',(1.,0.,0.));
#1311 = ORIENTED_EDGE('',*,*,#1143,.T.);
#1312 = ORIENTED_EDGE('',*,*,#1060,.T.);
#1313 = ORIENTED_EDGE('',*,*,#662,.T.);
#1314 = PLANE('',#1315);
#1315 = AXIS2_PLACEMENT_3D('',#1316,#1317,#1318);
#1316 = CARTESIAN_POINT('',(20.,-61.9,9.2));
#1317 = DIRECTION('',(0.,0.,1.));
#1318 = DIRECTION('',(1.,0.,0.));
#1319 = ADVANCED_FACE('',(#1320),#1331,.F.);
#1320 = FACE_BOUND('',#1321,.F.);
#1321 = EDGE_LOOP('',(#1322,#1323,#1324,#1330));
#1322 = ORIENTED_EDGE('',*,*,#1306,.T.);
#1323 = ORIENTED_EDGE('',*,*,#654,.T.);
#1324 = ORIENTED_EDGE('',*,*,#1325,.T.);
#1325 = EDGE_CURVE('',#647,#1112,#1326,.T.);
#1326 = LINE('',#1327,#1328);
#1327 = CARTESIAN_POINT('',(28.5,-53.4,6.3));
#1328 = VECTOR('',#1329,1.);
#1329 = DIRECTION('',(-1.,0.,0.));
#1330 = ORIENTED_EDGE('',*,*,#1151,.T.);
#1331 = PLANE('',#1332);
#1332 = AXIS2_PLACEMENT_3D('',#1333,#1334,#1335);
#1333 = CARTESIAN_POINT('',(20.,-53.4,5.1));
#1334 = DIRECTION('',(0.,1.,0.));
#1335 = DIRECTION('',(0.,0.,1.));
#1336 = ADVANCED_FACE('',(#1337),#1359,.F.);
#1337 = FACE_BOUND('',#1338,.F.);
#1338 = EDGE_LOOP('',(#1339,#1340,#1341,#1342,#1343,#1344,#1345,#1351,
    #1352));
#1339 = ORIENTED_EDGE('',*,*,#1109,.T.);
#1340 = ORIENTED_EDGE('',*,*,#1325,.F.);
#1341 = ORIENTED_EDGE('',*,*,#646,.F.);
#1342 = ORIENTED_EDGE('',*,*,#687,.F.);
#1343 = ORIENTED_EDGE('',*,*,#711,.F.);
#1344 = ORIENTED_EDGE('',*,*,#798,.F.);
#1345 = ORIENTED_EDGE('',*,*,#1346,.T.);
#1346 = EDGE_CURVE('',#791,#1030,#1347,.T.);
#1347 = LINE('',#1348,#1349);
#1348 = CARTESIAN_POINT('',(30.7,-29.5,6.3));
#1349 = VECTOR('',#1350,1.);
#1350 = DIRECTION('',(0.,1.,0.));
#1351 = ORIENTED_EDGE('',*,*,#1029,.T.);
#1352 = ORIENTED_EDGE('',*,*,#1353,.T.);
#1353 = EDGE_CURVE('',#1022,#1110,#1354,.T.);
#1354 = CIRCLE('',#1355,1.2);
#1355 = AXIS2_PLACEMENT_3D('',#1356,#1357,#1358);
#1356 = CARTESIAN_POINT('',(26.2,-12.2,6.3));
#1357 = DIRECTION('',(0.,-0.,1.));
#1358 = DIRECTION('',(2.368475785867E-14,1.,0.));
#1359 = PLANE('',#1360);
#1360 = AXIS2_PLACEMENT_3D('',#1361,#1362,#1363);
#1361 = CARTESIAN_POINT('',(37.,-39.,6.3));
#1362 = DIRECTION('',(0.,0.,1.));
#1363 = DIRECTION('',(1.,0.,0.));
#1364 = ADVANCED_FACE('',(#1365),#1392,.T.);
#1365 = FACE_BOUND('',#1366,.T.);
#1366 = EDGE_LOOP('',(#1367,#1375,#1383,#1389,#1390,#1391));
#1367 = ORIENTED_EDGE('',*,*,#1368,.F.);
#1368 = EDGE_CURVE('',#1369,#1038,#1371,.T.);
#1369 = VERTEX_POINT('',#1370);
#1370 = CARTESIAN_POINT('',(30.7,-11.4,11.8));
#1371 = LINE('',#1372,#1373);
#1372 = CARTESIAN_POINT('',(30.7,-20.,11.8));
#1373 = VECTOR('',#1374,1.);
#1374 = DIRECTION('',(0.,1.,0.));
#1375 = ORIENTED_EDGE('',*,*,#1376,.F.);
#1376 = EDGE_CURVE('',#1377,#1369,#1379,.T.);
#1377 = VERTEX_POINT('',#1378);
#1378 = CARTESIAN_POINT('',(30.7,-11.4,8.5));
#1379 = LINE('',#1380,#1381);
#1380 = CARTESIAN_POINT('',(30.7,-11.4,7.35));
#1381 = VECTOR('',#1382,1.);
#1382 = DIRECTION('',(0.,0.,1.));
#1383 = ORIENTED_EDGE('',*,*,#1384,.T.);
#1384 = EDGE_CURVE('',#1377,#783,#1385,.T.);
#1385 = LINE('',#1386,#1387);
#1386 = CARTESIAN_POINT('',(30.7,-34.05,8.5));
#1387 = VECTOR('',#1388,1.);
#1388 = DIRECTION('',(0.,-1.,0.));
#1389 = ORIENTED_EDGE('',*,*,#790,.T.);
#1390 = ORIENTED_EDGE('',*,*,#1346,.T.);
#1391 = ORIENTED_EDGE('',*,*,#1037,.T.);
#1392 = PLANE('',#1393);
#1393 = AXIS2_PLACEMENT_3D('',#1394,#1395,#1396);
#1394 = CARTESIAN_POINT('',(30.7,-20.,6.2));
#1395 = DIRECTION('',(1.,0.,0.));
#1396 = DIRECTION('',(0.,0.,1.));
#1397 = ADVANCED_FACE('',(#1398),#1416,.T.);
#1398 = FACE_BOUND('',#1399,.T.);
#1399 = EDGE_LOOP('',(#1400,#1408,#1409,#1410));
#1400 = ORIENTED_EDGE('',*,*,#1401,.F.);
#1401 = EDGE_CURVE('',#775,#1402,#1404,.T.);
#1402 = VERTEX_POINT('',#1403);
#1403 = CARTESIAN_POINT('',(27.4,-11.4,8.5));
#1404 = LINE('',#1405,#1406);
#1405 = CARTESIAN_POINT('',(27.4,-48.1,8.5));
#1406 = VECTOR('',#1407,1.);
#1407 = DIRECTION('',(0.,1.,0.));
#1408 = ORIENTED_EDGE('',*,*,#782,.T.);
#1409 = ORIENTED_EDGE('',*,*,#1384,.F.);
#1410 = ORIENTED_EDGE('',*,*,#1411,.F.);
#1411 = EDGE_CURVE('',#1402,#1377,#1412,.T.);
#1412 = LINE('',#1413,#1414);
#1413 = CARTESIAN_POINT('',(27.4,-11.4,8.5));
#1414 = VECTOR('',#1415,1.);
#1415 = DIRECTION('',(1.,0.,0.));
#1416 = PLANE('',#1417);
#1417 = AXIS2_PLACEMENT_3D('',#1418,#1419,#1420);
#1418 = CARTESIAN_POINT('',(27.4,-48.1,8.5));
#1419 = DIRECTION('',(0.,0.,1.));
#1420 = DIRECTION('',(1.,0.,0.));
#1421 = ADVANCED_FACE('',(#1422),#1440,.T.);
#1422 = FACE_BOUND('',#1423,.T.);
#1423 = EDGE_LOOP('',(#1424,#1432,#1433,#1434));
#1424 = ORIENTED_EDGE('',*,*,#1425,.F.);
#1425 = EDGE_CURVE('',#767,#1426,#1428,.T.);
#1426 = VERTEX_POINT('',#1427);
#1427 = CARTESIAN_POINT('',(27.4,-11.4,12.7));
#1428 = LINE('',#1429,#1430);
#1429 = CARTESIAN_POINT('',(27.4,-48.1,12.7));
#1430 = VECTOR('',#1431,1.);
#1431 = DIRECTION('',(0.,1.,0.));
#1432 = ORIENTED_EDGE('',*,*,#774,.T.);
#1433 = ORIENTED_EDGE('',*,*,#1401,.T.);
#1434 = ORIENTED_EDGE('',*,*,#1435,.T.);
#1435 = EDGE_CURVE('',#1402,#1426,#1436,.T.);
#1436 = LINE('',#1437,#1438);
#1437 = CARTESIAN_POINT('',(27.4,-11.4,8.5));
#1438 = VECTOR('',#1439,1.);
#1439 = DIRECTION('',(0.,0.,1.));
#1440 = PLANE('',#1441);
#1441 = AXIS2_PLACEMENT_3D('',#1442,#1443,#1444);
#1442 = CARTESIAN_POINT('',(27.4,-48.1,8.5));
#1443 = DIRECTION('',(1.,0.,0.));
#1444 = DIRECTION('',(0.,0.,1.));
#1445 = ADVANCED_FACE('',(#1446),#1464,.F.);
#1446 = FACE_BOUND('',#1447,.F.);
#1447 = EDGE_LOOP('',(#1448,#1449,#1450,#1458));
#1448 = ORIENTED_EDGE('',*,*,#1425,.F.);
#1449 = ORIENTED_EDGE('',*,*,#766,.T.);
#1450 = ORIENTED_EDGE('',*,*,#1451,.T.);
#1451 = EDGE_CURVE('',#759,#1452,#1454,.T.);
#1452 = VERTEX_POINT('',#1453);
#1453 = CARTESIAN_POINT('',(47.,-11.4,12.7));
#1454 = LINE('',#1455,#1456);
#1455 = CARTESIAN_POINT('',(47.,-48.1,12.7));
#1456 = VECTOR('',#1457,1.);
#1457 = DIRECTION('',(0.,1.,0.));
#1458 = ORIENTED_EDGE('',*,*,#1459,.F.);
#1459 = EDGE_CURVE('',#1426,#1452,#1460,.T.);
#1460 = LINE('',#1461,#1462);
#1461 = CARTESIAN_POINT('',(27.4,-11.4,12.7));
#1462 = VECTOR('',#1463,1.);
#1463 = DIRECTION('',(1.,0.,0.));
#1464 = PLANE('',#1465);
#1465 = AXIS2_PLACEMENT_3D('',#1466,#1467,#1468);
#1466 = CARTESIAN_POINT('',(27.4,-48.1,12.7));
#1467 = DIRECTION('',(0.,0.,1.));
#1468 = DIRECTION('',(1.,0.,0.));
#1469 = ADVANCED_FACE('',(#1470),#1488,.F.);
#1470 = FACE_BOUND('',#1471,.F.);
#1471 = EDGE_LOOP('',(#1472,#1473,#1474,#1482));
#1472 = ORIENTED_EDGE('',*,*,#1451,.F.);
#1473 = ORIENTED_EDGE('',*,*,#758,.T.);
#1474 = ORIENTED_EDGE('',*,*,#1475,.T.);
#1475 = EDGE_CURVE('',#751,#1476,#1478,.T.);
#1476 = VERTEX_POINT('',#1477);
#1477 = CARTESIAN_POINT('',(47.,-11.4,8.5));
#1478 = LINE('',#1479,#1480);
#1479 = CARTESIAN_POINT('',(47.,-48.1,8.5));
#1480 = VECTOR('',#1481,1.);
#1481 = DIRECTION('',(0.,1.,0.));
#1482 = ORIENTED_EDGE('',*,*,#1483,.T.);
#1483 = EDGE_CURVE('',#1476,#1452,#1484,.T.);
#1484 = LINE('',#1485,#1486);
#1485 = CARTESIAN_POINT('',(47.,-11.4,8.5));
#1486 = VECTOR('',#1487,1.);
#1487 = DIRECTION('',(0.,0.,1.));
#1488 = PLANE('',#1489);
#1489 = AXIS2_PLACEMENT_3D('',#1490,#1491,#1492);
#1490 = CARTESIAN_POINT('',(47.,-48.1,8.5));
#1491 = DIRECTION('',(1.,0.,0.));
#1492 = DIRECTION('',(0.,0.,1.));
#1493 = ADVANCED_FACE('',(#1494),#1505,.T.);
#1494 = FACE_BOUND('',#1495,.T.);
#1495 = EDGE_LOOP('',(#1496,#1497,#1498,#1504));
#1496 = ORIENTED_EDGE('',*,*,#750,.T.);
#1497 = ORIENTED_EDGE('',*,*,#1475,.T.);
#1498 = ORIENTED_EDGE('',*,*,#1499,.F.);
#1499 = EDGE_CURVE('',#975,#1476,#1500,.T.);
#1500 = LINE('',#1501,#1502);
#1501 = CARTESIAN_POINT('',(27.4,-11.4,8.5));
#1502 = VECTOR('',#1503,1.);
#1503 = DIRECTION('',(1.,0.,0.));
#1504 = ORIENTED_EDGE('',*,*,#982,.T.);
#1505 = PLANE('',#1506);
#1506 = AXIS2_PLACEMENT_3D('',#1507,#1508,#1509);
#1507 = CARTESIAN_POINT('',(27.4,-48.1,8.5));
#1508 = DIRECTION('',(0.,0.,1.));
#1509 = DIRECTION('',(1.,0.,0.));
#1510 = ADVANCED_FACE('',(#1511,#1527,#1538,#1572,#1583,#1586,#1597,
    #1631,#1665,#1676,#1774),#1780,.T.);
#1511 = FACE_BOUND('',#1512,.T.);
#1512 = EDGE_LOOP('',(#1513,#1514,#1515,#1522,#1523,#1524,#1525,#1526));
#1513 = ORIENTED_EDGE('',*,*,#1092,.T.);
#1514 = ORIENTED_EDGE('',*,*,#1013,.T.);
#1515 = ORIENTED_EDGE('',*,*,#1516,.T.);
#1516 = EDGE_CURVE('',#1014,#1120,#1517,.T.);
#1517 = CIRCLE('',#1518,1.2);
#1518 = AXIS2_PLACEMENT_3D('',#1519,#1520,#1521);
#1519 = CARTESIAN_POINT('',(26.2,-12.2,16.6));
#1520 = DIRECTION('',(0.,-0.,1.));
#1521 = DIRECTION('',(2.368475785867E-14,1.,0.));
#1522 = ORIENTED_EDGE('',*,*,#1127,.T.);
#1523 = ORIENTED_EDGE('',*,*,#1190,.T.);
#1524 = ORIENTED_EDGE('',*,*,#1240,.T.);
#1525 = ORIENTED_EDGE('',*,*,#1222,.T.);
#1526 = ORIENTED_EDGE('',*,*,#1173,.T.);
#1527 = FACE_BOUND('',#1528,.T.);
#1528 = EDGE_LOOP('',(#1529));
#1529 = ORIENTED_EDGE('',*,*,#1530,.T.);
#1530 = EDGE_CURVE('',#1531,#1531,#1533,.T.);
#1531 = VERTEX_POINT('',#1532);
#1532 = CARTESIAN_POINT('',(31.25,-64.,16.6));
#1533 = CIRCLE('',#1534,1.85);
#1534 = AXIS2_PLACEMENT_3D('',#1535,#1536,#1537);
#1535 = CARTESIAN_POINT('',(29.4,-64.,16.6));
#1536 = DIRECTION('',(0.,0.,-1.));
#1537 = DIRECTION('',(1.,0.,0.));
#1538 = FACE_BOUND('',#1539,.T.);
#1539 = EDGE_LOOP('',(#1540,#1550,#1558,#1566));
#1540 = ORIENTED_EDGE('',*,*,#1541,.T.);
#1541 = EDGE_CURVE('',#1542,#1544,#1546,.T.);
#1542 = VERTEX_POINT('',#1543);
#1543 = CARTESIAN_POINT('',(36.6,-65.3,16.6));
#1544 = VERTEX_POINT('',#1545);
#1545 = CARTESIAN_POINT('',(35.6,-65.3,16.6));
#1546 = LINE('',#1547,#1548);
#1547 = CARTESIAN_POINT('',(36.3,-65.3,16.6));
#1548 = VECTOR('',#1549,1.);
#1549 = DIRECTION('',(-1.,0.,0.));
#1550 = ORIENTED_EDGE('',*,*,#1551,.T.);
#1551 = EDGE_CURVE('',#1544,#1552,#1554,.T.);
#1552 = VERTEX_POINT('',#1553);
#1553 = CARTESIAN_POINT('',(35.6,-63.,16.6));
#1554 = LINE('',#1555,#1556);
#1555 = CARTESIAN_POINT('',(35.6,-52.15,16.6));
#1556 = VECTOR('',#1557,1.);
#1557 = DIRECTION('',(0.,1.,0.));
#1558 = ORIENTED_EDGE('',*,*,#1559,.F.);
#1559 = EDGE_CURVE('',#1560,#1552,#1562,.T.);
#1560 = VERTEX_POINT('',#1561);
#1561 = CARTESIAN_POINT('',(36.6,-63.,16.6));
#1562 = LINE('',#1563,#1564);
#1563 = CARTESIAN_POINT('',(36.3,-63.,16.6));
#1564 = VECTOR('',#1565,1.);
#1565 = DIRECTION('',(-1.,0.,0.));
#1566 = ORIENTED_EDGE('',*,*,#1567,.F.);
#1567 = EDGE_CURVE('',#1542,#1560,#1568,.T.);
#1568 = LINE('',#1569,#1570);
#1569 = CARTESIAN_POINT('',(36.6,-52.15,16.6));
#1570 = VECTOR('',#1571,1.);
#1571 = DIRECTION('',(0.,1.,0.));
#1572 = FACE_BOUND('',#1573,.T.);
#1573 = EDGE_LOOP('',(#1574));
#1574 = ORIENTED_EDGE('',*,*,#1575,.T.);
#1575 = EDGE_CURVE('',#1576,#1576,#1578,.T.);
#1576 = VERTEX_POINT('',#1577);
#1577 = CARTESIAN_POINT('',(35.95,-56.1,16.6));
#1578 = CIRCLE('',#1579,1.65);
#1579 = AXIS2_PLACEMENT_3D('',#1580,#1581,#1582);
#1580 = CARTESIAN_POINT('',(34.3,-56.1,16.6));
#1581 = DIRECTION('',(0.,0.,-1.));
#1582 = DIRECTION('',(1.,0.,0.));
#1583 = FACE_BOUND('',#1584,.T.);
#1584 = EDGE_LOOP('',(#1585));
#1585 = ORIENTED_EDGE('',*,*,#853,.T.);
#1586 = FACE_BOUND('',#1587,.T.);
#1587 = EDGE_LOOP('',(#1588));
#1588 = ORIENTED_EDGE('',*,*,#1589,.T.);
#1589 = EDGE_CURVE('',#1590,#1590,#1592,.T.);
#1590 = VERTEX_POINT('',#1591);
#1591 = CARTESIAN_POINT('',(32.35,-53.5,16.6));
#1592 = CIRCLE('',#1593,1.65);
#1593 = AXIS2_PLACEMENT_3D('',#1594,#1595,#1596);
#1594 = CARTESIAN_POINT('',(30.7,-53.5,16.6));
#1595 = DIRECTION('',(0.,0.,-1.));
#1596 = DIRECTION('',(1.,0.,0.));
#1597 = FACE_BOUND('',#1598,.T.);
#1598 = EDGE_LOOP('',(#1599,#1609,#1617,#1625));
#1599 = ORIENTED_EDGE('',*,*,#1600,.T.);
#1600 = EDGE_CURVE('',#1601,#1603,#1605,.T.);
#1601 = VERTEX_POINT('',#1602);
#1602 = CARTESIAN_POINT('',(38.8,-65.3,16.6));
#1603 = VERTEX_POINT('',#1604);
#1604 = CARTESIAN_POINT('',(37.8,-65.3,16.6));
#1605 = LINE('',#1606,#1607);
#1606 = CARTESIAN_POINT('',(37.4,-65.3,16.6));
#1607 = VECTOR('',#1608,1.);
#1608 = DIRECTION('',(-1.,0.,0.));
#1609 = ORIENTED_EDGE('',*,*,#1610,.T.);
#1610 = EDGE_CURVE('',#1603,#1611,#1613,.T.);
#1611 = VERTEX_POINT('',#1612);
#1612 = CARTESIAN_POINT('',(37.8,-63.,16.6));
#1613 = LINE('',#1614,#1615);
#1614 = CARTESIAN_POINT('',(37.8,-52.15,16.6));
#1615 = VECTOR('',#1616,1.);
#1616 = DIRECTION('',(0.,1.,0.));
#1617 = ORIENTED_EDGE('',*,*,#1618,.F.);
#1618 = EDGE_CURVE('',#1619,#1611,#1621,.T.);
#1619 = VERTEX_POINT('',#1620);
#1620 = CARTESIAN_POINT('',(38.8,-63.,16.6));
#1621 = LINE('',#1622,#1623);
#1622 = CARTESIAN_POINT('',(37.4,-63.,16.6));
#1623 = VECTOR('',#1624,1.);
#1624 = DIRECTION('',(-1.,0.,0.));
#1625 = ORIENTED_EDGE('',*,*,#1626,.F.);
#1626 = EDGE_CURVE('',#1601,#1619,#1627,.T.);
#1627 = LINE('',#1628,#1629);
#1628 = CARTESIAN_POINT('',(38.8,-52.15,16.6));
#1629 = VECTOR('',#1630,1.);
#1630 = DIRECTION('',(0.,1.,0.));
#1631 = FACE_BOUND('',#1632,.T.);
#1632 = EDGE_LOOP('',(#1633,#1643,#1651,#1659));
#1633 = ORIENTED_EDGE('',*,*,#1634,.T.);
#1634 = EDGE_CURVE('',#1635,#1637,#1639,.T.);
#1635 = VERTEX_POINT('',#1636);
#1636 = CARTESIAN_POINT('',(41.,-65.3,16.6));
#1637 = VERTEX_POINT('',#1638);
#1638 = CARTESIAN_POINT('',(40.,-65.3,16.6));
#1639 = LINE('',#1640,#1641);
#1640 = CARTESIAN_POINT('',(38.5,-65.3,16.6));
#1641 = VECTOR('',#1642,1.);
#1642 = DIRECTION('',(-1.,0.,0.));
#1643 = ORIENTED_EDGE('',*,*,#1644,.T.);
#1644 = EDGE_CURVE('',#1637,#1645,#1647,.T.);
#1645 = VERTEX_POINT('',#1646);
#1646 = CARTESIAN_POINT('',(40.,-63.,16.6));
#1647 = LINE('',#1648,#1649);
#1648 = CARTESIAN_POINT('',(40.,-52.15,16.6));
#1649 = VECTOR('',#1650,1.);
#1650 = DIRECTION('',(0.,1.,0.));
#1651 = ORIENTED_EDGE('',*,*,#1652,.F.);
#1652 = EDGE_CURVE('',#1653,#1645,#1655,.T.);
#1653 = VERTEX_POINT('',#1654);
#1654 = CARTESIAN_POINT('',(41.,-63.,16.6));
#1655 = LINE('',#1656,#1657);
#1656 = CARTESIAN_POINT('',(38.5,-63.,16.6));
#1657 = VECTOR('',#1658,1.);
#1658 = DIRECTION('',(-1.,0.,0.));
#1659 = ORIENTED_EDGE('',*,*,#1660,.F.);
#1660 = EDGE_CURVE('',#1635,#1653,#1661,.T.);
#1661 = LINE('',#1662,#1663);
#1662 = CARTESIAN_POINT('',(41.,-52.15,16.6));
#1663 = VECTOR('',#1664,1.);
#1664 = DIRECTION('',(0.,1.,0.));
#1665 = FACE_BOUND('',#1666,.T.);
#1666 = EDGE_LOOP('',(#1667));
#1667 = ORIENTED_EDGE('',*,*,#1668,.T.);
#1668 = EDGE_CURVE('',#1669,#1669,#1671,.T.);
#1669 = VERTEX_POINT('',#1670);
#1670 = CARTESIAN_POINT('',(47.35,-64.,16.6));
#1671 = CIRCLE('',#1672,1.85);
#1672 = AXIS2_PLACEMENT_3D('',#1673,#1674,#1675);
#1673 = CARTESIAN_POINT('',(45.5,-64.,16.6));
#1674 = DIRECTION('',(0.,0.,-1.));
#1675 = DIRECTION('',(1.,0.,0.));
#1676 = FACE_BOUND('',#1677,.T.);
#1677 = EDGE_LOOP('',(#1678,#1688,#1696,#1704,#1712,#1720,#1728,#1736,
    #1744,#1752,#1760,#1768));
#1678 = ORIENTED_EDGE('',*,*,#1679,.T.);
#1679 = EDGE_CURVE('',#1680,#1682,#1684,.T.);
#1680 = VERTEX_POINT('',#1681);
#1681 = CARTESIAN_POINT('',(42.1,-56.,16.6));
#1682 = VERTEX_POINT('',#1683);
#1683 = CARTESIAN_POINT('',(39.9,-56.,16.6));
#1684 = LINE('',#1685,#1686);
#1685 = CARTESIAN_POINT('',(38.45,-56.,16.6));
#1686 = VECTOR('',#1687,1.);
#1687 = DIRECTION('',(-1.,0.,0.));
#1688 = ORIENTED_EDGE('',*,*,#1689,.T.);
#1689 = EDGE_CURVE('',#1682,#1690,#1692,.T.);
#1690 = VERTEX_POINT('',#1691);
#1691 = CARTESIAN_POINT('',(39.9,-54.,16.6));
#1692 = LINE('',#1693,#1694);
#1693 = CARTESIAN_POINT('',(39.9,-47.5,16.6));
#1694 = VECTOR('',#1695,1.);
#1695 = DIRECTION('',(0.,1.,0.));
#1696 = ORIENTED_EDGE('',*,*,#1697,.F.);
#1697 = EDGE_CURVE('',#1698,#1690,#1700,.T.);
#1698 = VERTEX_POINT('',#1699);
#1699 = CARTESIAN_POINT('',(42.1,-54.,16.6));
#1700 = LINE('',#1701,#1702);
#1701 = CARTESIAN_POINT('',(38.45,-54.,16.6));
#1702 = VECTOR('',#1703,1.);
#1703 = DIRECTION('',(-1.,0.,0.));
#1704 = ORIENTED_EDGE('',*,*,#1705,.T.);
#1705 = EDGE_CURVE('',#1698,#1706,#1708,.T.);
#1706 = VERTEX_POINT('',#1707);
#1707 = CARTESIAN_POINT('',(42.1,-51.8,16.6));
#1708 = LINE('',#1709,#1710);
#1709 = CARTESIAN_POINT('',(42.1,-48.6,16.6));
#1710 = VECTOR('',#1711,1.);
#1711 = DIRECTION('',(0.,1.,0.));
#1712 = ORIENTED_EDGE('',*,*,#1713,.F.);
#1713 = EDGE_CURVE('',#1714,#1706,#1716,.T.);
#1714 = VERTEX_POINT('',#1715);
#1715 = CARTESIAN_POINT('',(44.1,-51.8,16.6));
#1716 = LINE('',#1717,#1718);
#1717 = CARTESIAN_POINT('',(39.55,-51.8,16.6));
#1718 = VECTOR('',#1719,1.);
#1719 = DIRECTION('',(-1.,0.,0.));
#1720 = ORIENTED_EDGE('',*,*,#1721,.F.);
#1721 = EDGE_CURVE('',#1722,#1714,#1724,.T.);
#1722 = VERTEX_POINT('',#1723);
#1723 = CARTESIAN_POINT('',(44.1,-54.,16.6));
#1724 = LINE('',#1725,#1726);
#1725 = CARTESIAN_POINT('',(44.1,-48.6,16.6));
#1726 = VECTOR('',#1727,1.);
#1727 = DIRECTION('',(0.,1.,0.));
#1728 = ORIENTED_EDGE('',*,*,#1729,.F.);
#1729 = EDGE_CURVE('',#1730,#1722,#1732,.T.);
#1730 = VERTEX_POINT('',#1731);
#1731 = CARTESIAN_POINT('',(46.3,-54.,16.6));
#1732 = LINE('',#1733,#1734);
#1733 = CARTESIAN_POINT('',(38.45,-54.,16.6));
#1734 = VECTOR('',#1735,1.);
#1735 = DIRECTION('',(-1.,0.,0.));
#1736 = ORIENTED_EDGE('',*,*,#1737,.F.);
#1737 = EDGE_CURVE('',#1738,#1730,#1740,.T.);
#1738 = VERTEX_POINT('',#1739);
#1739 = CARTESIAN_POINT('',(46.3,-56.,16.6));
#1740 = LINE('',#1741,#1742);
#1741 = CARTESIAN_POINT('',(46.3,-47.5,16.6));
#1742 = VECTOR('',#1743,1.);
#1743 = DIRECTION('',(0.,1.,0.));
#1744 = ORIENTED_EDGE('',*,*,#1745,.T.);
#1745 = EDGE_CURVE('',#1738,#1746,#1748,.T.);
#1746 = VERTEX_POINT('',#1747);
#1747 = CARTESIAN_POINT('',(44.1,-56.,16.6));
#1748 = LINE('',#1749,#1750);
#1749 = CARTESIAN_POINT('',(38.45,-56.,16.6));
#1750 = VECTOR('',#1751,1.);
#1751 = DIRECTION('',(-1.,0.,0.));
#1752 = ORIENTED_EDGE('',*,*,#1753,.F.);
#1753 = EDGE_CURVE('',#1754,#1746,#1756,.T.);
#1754 = VERTEX_POINT('',#1755);
#1755 = CARTESIAN_POINT('',(44.1,-58.2,16.6));
#1756 = LINE('',#1757,#1758);
#1757 = CARTESIAN_POINT('',(44.1,-48.6,16.6));
#1758 = VECTOR('',#1759,1.);
#1759 = DIRECTION('',(0.,1.,0.));
#1760 = ORIENTED_EDGE('',*,*,#1761,.T.);
#1761 = EDGE_CURVE('',#1754,#1762,#1764,.T.);
#1762 = VERTEX_POINT('',#1763);
#1763 = CARTESIAN_POINT('',(42.1,-58.2,16.6));
#1764 = LINE('',#1765,#1766);
#1765 = CARTESIAN_POINT('',(39.55,-58.2,16.6));
#1766 = VECTOR('',#1767,1.);
#1767 = DIRECTION('',(-1.,0.,0.));
#1768 = ORIENTED_EDGE('',*,*,#1769,.T.);
#1769 = EDGE_CURVE('',#1762,#1680,#1770,.T.);
#1770 = LINE('',#1771,#1772);
#1771 = CARTESIAN_POINT('',(42.1,-48.6,16.6));
#1772 = VECTOR('',#1773,1.);
#1773 = DIRECTION('',(0.,1.,0.));
#1774 = FACE_BOUND('',#1775,.T.);
#1775 = EDGE_LOOP('',(#1776,#1777,#1778,#1779));
#1776 = ORIENTED_EDGE('',*,*,#885,.T.);
#1777 = ORIENTED_EDGE('',*,*,#933,.T.);
#1778 = ORIENTED_EDGE('',*,*,#950,.F.);
#1779 = ORIENTED_EDGE('',*,*,#909,.F.);
#1780 = PLANE('',#1781);
#1781 = AXIS2_PLACEMENT_3D('',#1782,#1783,#1784);
#1782 = CARTESIAN_POINT('',(37.,-39.,16.6));
#1783 = DIRECTION('',(0.,0.,1.));
#1784 = DIRECTION('',(1.,0.,0.));
#1785 = ADVANCED_FACE('',(#1786),#1797,.F.);
#1786 = FACE_BOUND('',#1787,.F.);
#1787 = EDGE_LOOP('',(#1788,#1789,#1795,#1796));
#1788 = ORIENTED_EDGE('',*,*,#1368,.F.);
#1789 = ORIENTED_EDGE('',*,*,#1790,.F.);
#1790 = EDGE_CURVE('',#965,#1369,#1791,.T.);
#1791 = LINE('',#1792,#1793);
#1792 = CARTESIAN_POINT('',(29.05,-11.4,11.8));
#1793 = VECTOR('',#1794,1.);
#1794 = DIRECTION('',(-1.,0.,0.));
#1795 = ORIENTED_EDGE('',*,*,#964,.T.);
#1796 = ORIENTED_EDGE('',*,*,#1045,.T.);
#1797 = PLANE('',#1798);
#1798 = AXIS2_PLACEMENT_3D('',#1799,#1800,#1801);
#1799 = CARTESIAN_POINT('',(30.7,-20.,11.8));
#1800 = DIRECTION('',(0.,0.,1.));
#1801 = DIRECTION('',(1.,0.,0.));
#1802 = ADVANCED_FACE('',(#1803),#1813,.F.);
#1803 = FACE_BOUND('',#1804,.F.);
#1804 = EDGE_LOOP('',(#1805,#1806,#1807,#1808,#1809,#1810,#1811,#1812));
#1805 = ORIENTED_EDGE('',*,*,#1411,.F.);
#1806 = ORIENTED_EDGE('',*,*,#1435,.T.);
#1807 = ORIENTED_EDGE('',*,*,#1459,.T.);
#1808 = ORIENTED_EDGE('',*,*,#1483,.F.);
#1809 = ORIENTED_EDGE('',*,*,#1499,.F.);
#1810 = ORIENTED_EDGE('',*,*,#974,.T.);
#1811 = ORIENTED_EDGE('',*,*,#1790,.T.);
#1812 = ORIENTED_EDGE('',*,*,#1376,.F.);
#1813 = PLANE('',#1814);
#1814 = AXIS2_PLACEMENT_3D('',#1815,#1816,#1817);
#1815 = CARTESIAN_POINT('',(27.4,-11.4,8.5));
#1816 = DIRECTION('',(0.,1.,0.));
#1817 = DIRECTION('',(0.,0.,1.));
#1818 = ADVANCED_FACE('',(#1819),#1825,.T.);
#1819 = FACE_BOUND('',#1820,.F.);
#1820 = EDGE_LOOP('',(#1821,#1822,#1823,#1824));
#1821 = ORIENTED_EDGE('',*,*,#1021,.T.);
#1822 = ORIENTED_EDGE('',*,*,#1516,.T.);
#1823 = ORIENTED_EDGE('',*,*,#1119,.F.);
#1824 = ORIENTED_EDGE('',*,*,#1353,.F.);
#1825 = CYLINDRICAL_SURFACE('',#1826,1.2);
#1826 = AXIS2_PLACEMENT_3D('',#1827,#1828,#1829);
#1827 = CARTESIAN_POINT('',(26.2,-12.2,6.3));
#1828 = DIRECTION('',(0.,0.,-1.));
#1829 = DIRECTION('',(2.368475785867E-14,1.,0.));
#1830 = ADVANCED_FACE('',(#1831,#1842),#1845,.T.);
#1831 = FACE_BOUND('',#1832,.T.);
#1832 = EDGE_LOOP('',(#1833));
#1833 = ORIENTED_EDGE('',*,*,#1834,.T.);
#1834 = EDGE_CURVE('',#1835,#1835,#1837,.T.);
#1835 = VERTEX_POINT('',#1836);
#1836 = CARTESIAN_POINT('',(47.35,-64.,14.9));
#1837 = CIRCLE('',#1838,1.85);
#1838 = AXIS2_PLACEMENT_3D('',#1839,#1840,#1841);
#1839 = CARTESIAN_POINT('',(45.5,-64.,14.9));
#1840 = DIRECTION('',(0.,0.,1.));
#1841 = DIRECTION('',(1.,0.,0.));
#1842 = FACE_BOUND('',#1843,.T.);
#1843 = EDGE_LOOP('',(#1844));
#1844 = ORIENTED_EDGE('',*,*,#1266,.T.);
#1845 = PLANE('',#1846);
#1846 = AXIS2_PLACEMENT_3D('',#1847,#1848,#1849);
#1847 = CARTESIAN_POINT('',(45.5,-64.,14.9));
#1848 = DIRECTION('',(0.,0.,1.));
#1849 = DIRECTION('',(1.,0.,0.));
#1850 = ADVANCED_FACE('',(#1851,#1862),#1865,.T.);
#1851 = FACE_BOUND('',#1852,.T.);
#1852 = EDGE_LOOP('',(#1853));
#1853 = ORIENTED_EDGE('',*,*,#1854,.T.);
#1854 = EDGE_CURVE('',#1855,#1855,#1857,.T.);
#1855 = VERTEX_POINT('',#1856);
#1856 = CARTESIAN_POINT('',(31.25,-64.,14.9));
#1857 = CIRCLE('',#1858,1.85);
#1858 = AXIS2_PLACEMENT_3D('',#1859,#1860,#1861);
#1859 = CARTESIAN_POINT('',(29.4,-64.,14.9));
#1860 = DIRECTION('',(0.,0.,1.));
#1861 = DIRECTION('',(1.,0.,0.));
#1862 = FACE_BOUND('',#1863,.T.);
#1863 = EDGE_LOOP('',(#1864));
#1864 = ORIENTED_EDGE('',*,*,#1291,.T.);
#1865 = PLANE('',#1866);
#1866 = AXIS2_PLACEMENT_3D('',#1867,#1868,#1869);
#1867 = CARTESIAN_POINT('',(29.4,-64.,14.9));
#1868 = DIRECTION('',(0.,0.,1.));
#1869 = DIRECTION('',(1.,0.,0.));
#1870 = ADVANCED_FACE('',(#1871),#1882,.F.);
#1871 = FACE_BOUND('',#1872,.T.);
#1872 = EDGE_LOOP('',(#1873,#1874,#1880,#1881));
#1873 = ORIENTED_EDGE('',*,*,#1854,.F.);
#1874 = ORIENTED_EDGE('',*,*,#1875,.T.);
#1875 = EDGE_CURVE('',#1855,#1531,#1876,.T.);
#1876 = LINE('',#1877,#1878);
#1877 = CARTESIAN_POINT('',(31.25,-64.,14.9));
#1878 = VECTOR('',#1879,1.);
#1879 = DIRECTION('',(0.,0.,1.));
#1880 = ORIENTED_EDGE('',*,*,#1530,.F.);
#1881 = ORIENTED_EDGE('',*,*,#1875,.F.);
#1882 = CYLINDRICAL_SURFACE('',#1883,1.85);
#1883 = AXIS2_PLACEMENT_3D('',#1884,#1885,#1886);
#1884 = CARTESIAN_POINT('',(29.4,-64.,14.9));
#1885 = DIRECTION('',(-0.,-0.,-1.));
#1886 = DIRECTION('',(1.,0.,0.));
#1887 = ADVANCED_FACE('',(#1888),#1913,.F.);
#1888 = FACE_BOUND('',#1889,.F.);
#1889 = EDGE_LOOP('',(#1890,#1898,#1899,#1907));
#1890 = ORIENTED_EDGE('',*,*,#1891,.F.);
#1891 = EDGE_CURVE('',#1542,#1892,#1894,.T.);
#1892 = VERTEX_POINT('',#1893);
#1893 = CARTESIAN_POINT('',(36.6,-65.3,17.2));
#1894 = LINE('',#1895,#1896);
#1895 = CARTESIAN_POINT('',(36.6,-65.3,16.5));
#1896 = VECTOR('',#1897,1.);
#1897 = DIRECTION('',(0.,0.,1.));
#1898 = ORIENTED_EDGE('',*,*,#1541,.T.);
#1899 = ORIENTED_EDGE('',*,*,#1900,.T.);
#1900 = EDGE_CURVE('',#1544,#1901,#1903,.T.);
#1901 = VERTEX_POINT('',#1902);
#1902 = CARTESIAN_POINT('',(35.6,-65.3,17.2));
#1903 = LINE('',#1904,#1905);
#1904 = CARTESIAN_POINT('',(35.6,-65.3,16.5));
#1905 = VECTOR('',#1906,1.);
#1906 = DIRECTION('',(0.,0.,1.));
#1907 = ORIENTED_EDGE('',*,*,#1908,.T.);
#1908 = EDGE_CURVE('',#1901,#1892,#1909,.T.);
#1909 = LINE('',#1910,#1911);
#1910 = CARTESIAN_POINT('',(35.6,-65.3,17.2));
#1911 = VECTOR('',#1912,1.);
#1912 = DIRECTION('',(1.,0.,0.));
#1913 = PLANE('',#1914);
#1914 = AXIS2_PLACEMENT_3D('',#1915,#1916,#1917);
#1915 = CARTESIAN_POINT('',(35.6,-65.3,16.5));
#1916 = DIRECTION('',(0.,1.,0.));
#1917 = DIRECTION('',(0.,0.,1.));
#1918 = ADVANCED_FACE('',(#1919),#1937,.T.);
#1919 = FACE_BOUND('',#1920,.T.);
#1920 = EDGE_LOOP('',(#1921,#1922,#1923,#1931));
#1921 = ORIENTED_EDGE('',*,*,#1891,.F.);
#1922 = ORIENTED_EDGE('',*,*,#1567,.T.);
#1923 = ORIENTED_EDGE('',*,*,#1924,.T.);
#1924 = EDGE_CURVE('',#1560,#1925,#1927,.T.);
#1925 = VERTEX_POINT('',#1926);
#1926 = CARTESIAN_POINT('',(36.6,-63.,17.2));
#1927 = LINE('',#1928,#1929);
#1928 = CARTESIAN_POINT('',(36.6,-63.,16.5));
#1929 = VECTOR('',#1930,1.);
#1930 = DIRECTION('',(0.,0.,1.));
#1931 = ORIENTED_EDGE('',*,*,#1932,.F.);
#1932 = EDGE_CURVE('',#1892,#1925,#1933,.T.);
#1933 = LINE('',#1934,#1935);
#1934 = CARTESIAN_POINT('',(36.6,-65.3,17.2));
#1935 = VECTOR('',#1936,1.);
#1936 = DIRECTION('',(0.,1.,0.));
#1937 = PLANE('',#1938);
#1938 = AXIS2_PLACEMENT_3D('',#1939,#1940,#1941);
#1939 = CARTESIAN_POINT('',(36.6,-65.3,16.5));
#1940 = DIRECTION('',(1.,0.,0.));
#1941 = DIRECTION('',(0.,0.,1.));
#1942 = ADVANCED_FACE('',(#1943),#1961,.F.);
#1943 = FACE_BOUND('',#1944,.F.);
#1944 = EDGE_LOOP('',(#1945,#1946,#1947,#1955));
#1945 = ORIENTED_EDGE('',*,*,#1900,.F.);
#1946 = ORIENTED_EDGE('',*,*,#1551,.T.);
#1947 = ORIENTED_EDGE('',*,*,#1948,.T.);
#1948 = EDGE_CURVE('',#1552,#1949,#1951,.T.);
#1949 = VERTEX_POINT('',#1950);
#1950 = CARTESIAN_POINT('',(35.6,-63.,17.2));
#1951 = LINE('',#1952,#1953);
#1952 = CARTESIAN_POINT('',(35.6,-63.,16.5));
#1953 = VECTOR('',#1954,1.);
#1954 = DIRECTION('',(0.,0.,1.));
#1955 = ORIENTED_EDGE('',*,*,#1956,.F.);
#1956 = EDGE_CURVE('',#1901,#1949,#1957,.T.);
#1957 = LINE('',#1958,#1959);
#1958 = CARTESIAN_POINT('',(35.6,-65.3,17.2));
#1959 = VECTOR('',#1960,1.);
#1960 = DIRECTION('',(0.,1.,0.));
#1961 = PLANE('',#1962);
#1962 = AXIS2_PLACEMENT_3D('',#1963,#1964,#1965);
#1963 = CARTESIAN_POINT('',(35.6,-65.3,16.5));
#1964 = DIRECTION('',(1.,0.,0.));
#1965 = DIRECTION('',(0.,0.,1.));
#1966 = ADVANCED_FACE('',(#1967),#1978,.T.);
#1967 = FACE_BOUND('',#1968,.T.);
#1968 = EDGE_LOOP('',(#1969,#1970,#1971,#1972));
#1969 = ORIENTED_EDGE('',*,*,#1924,.F.);
#1970 = ORIENTED_EDGE('',*,*,#1559,.T.);
#1971 = ORIENTED_EDGE('',*,*,#1948,.T.);
#1972 = ORIENTED_EDGE('',*,*,#1973,.T.);
#1973 = EDGE_CURVE('',#1949,#1925,#1974,.T.);
#1974 = LINE('',#1975,#1976);
#1975 = CARTESIAN_POINT('',(35.6,-63.,17.2));
#1976 = VECTOR('',#1977,1.);
#1977 = DIRECTION('',(1.,0.,0.));
#1978 = PLANE('',#1979);
#1979 = AXIS2_PLACEMENT_3D('',#1980,#1981,#1982);
#1980 = CARTESIAN_POINT('',(35.6,-63.,16.5));
#1981 = DIRECTION('',(0.,1.,0.));
#1982 = DIRECTION('',(0.,0.,1.));
#1983 = ADVANCED_FACE('',(#1984),#2003,.T.);
#1984 = FACE_BOUND('',#1985,.F.);
#1985 = EDGE_LOOP('',(#1986,#1987,#1995,#2002));
#1986 = ORIENTED_EDGE('',*,*,#1575,.T.);
#1987 = ORIENTED_EDGE('',*,*,#1988,.T.);
#1988 = EDGE_CURVE('',#1576,#1989,#1991,.T.);
#1989 = VERTEX_POINT('',#1990);
#1990 = CARTESIAN_POINT('',(35.95,-56.1,17.2));
#1991 = LINE('',#1992,#1993);
#1992 = CARTESIAN_POINT('',(35.95,-56.1,16.5));
#1993 = VECTOR('',#1994,1.);
#1994 = DIRECTION('',(0.,0.,1.));
#1995 = ORIENTED_EDGE('',*,*,#1996,.T.);
#1996 = EDGE_CURVE('',#1989,#1989,#1997,.T.);
#1997 = CIRCLE('',#1998,1.65);
#1998 = AXIS2_PLACEMENT_3D('',#1999,#2000,#2001);
#1999 = CARTESIAN_POINT('',(34.3,-56.1,17.2));
#2000 = DIRECTION('',(0.,0.,1.));
#2001 = DIRECTION('',(1.,0.,0.));
#2002 = ORIENTED_EDGE('',*,*,#1988,.F.);
#2003 = CYLINDRICAL_SURFACE('',#2004,1.65);
#2004 = AXIS2_PLACEMENT_3D('',#2005,#2006,#2007);
#2005 = CARTESIAN_POINT('',(34.3,-56.1,16.5));
#2006 = DIRECTION('',(-0.,-0.,-1.));
#2007 = DIRECTION('',(1.,0.,0.));
#2008 = ADVANCED_FACE('',(#2009),#2028,.T.);
#2009 = FACE_BOUND('',#2010,.F.);
#2010 = EDGE_LOOP('',(#2011,#2012,#2020,#2027));
#2011 = ORIENTED_EDGE('',*,*,#1589,.T.);
#2012 = ORIENTED_EDGE('',*,*,#2013,.T.);
#2013 = EDGE_CURVE('',#1590,#2014,#2016,.T.);
#2014 = VERTEX_POINT('',#2015);
#2015 = CARTESIAN_POINT('',(32.35,-53.5,17.2));
#2016 = LINE('',#2017,#2018);
#2017 = CARTESIAN_POINT('',(32.35,-53.5,16.5));
#2018 = VECTOR('',#2019,1.);
#2019 = DIRECTION('',(0.,0.,1.));
#2020 = ORIENTED_EDGE('',*,*,#2021,.T.);
#2021 = EDGE_CURVE('',#2014,#2014,#2022,.T.);
#2022 = CIRCLE('',#2023,1.65);
#2023 = AXIS2_PLACEMENT_3D('',#2024,#2025,#2026);
#2024 = CARTESIAN_POINT('',(30.7,-53.5,17.2));
#2025 = DIRECTION('',(0.,0.,1.));
#2026 = DIRECTION('',(1.,0.,0.));
#2027 = ORIENTED_EDGE('',*,*,#2013,.F.);
#2028 = CYLINDRICAL_SURFACE('',#2029,1.65);
#2029 = AXIS2_PLACEMENT_3D('',#2030,#2031,#2032);
#2030 = CARTESIAN_POINT('',(30.7,-53.5,16.5));
#2031 = DIRECTION('',(-0.,-0.,-1.));
#2032 = DIRECTION('',(1.,0.,0.));
#2033 = ADVANCED_FACE('',(#2034),#2059,.F.);
#2034 = FACE_BOUND('',#2035,.F.);
#2035 = EDGE_LOOP('',(#2036,#2044,#2045,#2053));
#2036 = ORIENTED_EDGE('',*,*,#2037,.F.);
#2037 = EDGE_CURVE('',#1601,#2038,#2040,.T.);
#2038 = VERTEX_POINT('',#2039);
#2039 = CARTESIAN_POINT('',(38.8,-65.3,17.2));
#2040 = LINE('',#2041,#2042);
#2041 = CARTESIAN_POINT('',(38.8,-65.3,16.5));
#2042 = VECTOR('',#2043,1.);
#2043 = DIRECTION('',(0.,0.,1.));
#2044 = ORIENTED_EDGE('',*,*,#1600,.T.);
#2045 = ORIENTED_EDGE('',*,*,#2046,.T.);
#2046 = EDGE_CURVE('',#1603,#2047,#2049,.T.);
#2047 = VERTEX_POINT('',#2048);
#2048 = CARTESIAN_POINT('',(37.8,-65.3,17.2));
#2049 = LINE('',#2050,#2051);
#2050 = CARTESIAN_POINT('',(37.8,-65.3,16.5));
#2051 = VECTOR('',#2052,1.);
#2052 = DIRECTION('',(0.,0.,1.));
#2053 = ORIENTED_EDGE('',*,*,#2054,.T.);
#2054 = EDGE_CURVE('',#2047,#2038,#2055,.T.);
#2055 = LINE('',#2056,#2057);
#2056 = CARTESIAN_POINT('',(37.8,-65.3,17.2));
#2057 = VECTOR('',#2058,1.);
#2058 = DIRECTION('',(1.,0.,0.));
#2059 = PLANE('',#2060);
#2060 = AXIS2_PLACEMENT_3D('',#2061,#2062,#2063);
#2061 = CARTESIAN_POINT('',(37.8,-65.3,16.5));
#2062 = DIRECTION('',(0.,1.,0.));
#2063 = DIRECTION('',(0.,0.,1.));
#2064 = ADVANCED_FACE('',(#2065),#2083,.T.);
#2065 = FACE_BOUND('',#2066,.T.);
#2066 = EDGE_LOOP('',(#2067,#2068,#2069,#2077));
#2067 = ORIENTED_EDGE('',*,*,#2037,.F.);
#2068 = ORIENTED_EDGE('',*,*,#1626,.T.);
#2069 = ORIENTED_EDGE('',*,*,#2070,.T.);
#2070 = EDGE_CURVE('',#1619,#2071,#2073,.T.);
#2071 = VERTEX_POINT('',#2072);
#2072 = CARTESIAN_POINT('',(38.8,-63.,17.2));
#2073 = LINE('',#2074,#2075);
#2074 = CARTESIAN_POINT('',(38.8,-63.,16.5));
#2075 = VECTOR('',#2076,1.);
#2076 = DIRECTION('',(0.,0.,1.));
#2077 = ORIENTED_EDGE('',*,*,#2078,.F.);
#2078 = EDGE_CURVE('',#2038,#2071,#2079,.T.);
#2079 = LINE('',#2080,#2081);
#2080 = CARTESIAN_POINT('',(38.8,-65.3,17.2));
#2081 = VECTOR('',#2082,1.);
#2082 = DIRECTION('',(0.,1.,0.));
#2083 = PLANE('',#2084);
#2084 = AXIS2_PLACEMENT_3D('',#2085,#2086,#2087);
#2085 = CARTESIAN_POINT('',(38.8,-65.3,16.5));
#2086 = DIRECTION('',(1.,0.,0.));
#2087 = DIRECTION('',(0.,0.,1.));
#2088 = ADVANCED_FACE('',(#2089),#2107,.F.);
#2089 = FACE_BOUND('',#2090,.F.);
#2090 = EDGE_LOOP('',(#2091,#2092,#2093,#2101));
#2091 = ORIENTED_EDGE('',*,*,#2046,.F.);
#2092 = ORIENTED_EDGE('',*,*,#1610,.T.);
#2093 = ORIENTED_EDGE('',*,*,#2094,.T.);
#2094 = EDGE_CURVE('',#1611,#2095,#2097,.T.);
#2095 = VERTEX_POINT('',#2096);
#2096 = CARTESIAN_POINT('',(37.8,-63.,17.2));
#2097 = LINE('',#2098,#2099);
#2098 = CARTESIAN_POINT('',(37.8,-63.,16.5));
#2099 = VECTOR('',#2100,1.);
#2100 = DIRECTION('',(0.,0.,1.));
#2101 = ORIENTED_EDGE('',*,*,#2102,.F.);
#2102 = EDGE_CURVE('',#2047,#2095,#2103,.T.);
#2103 = LINE('',#2104,#2105);
#2104 = CARTESIAN_POINT('',(37.8,-65.3,17.2));
#2105 = VECTOR('',#2106,1.);
#2106 = DIRECTION('',(0.,1.,0.));
#2107 = PLANE('',#2108);
#2108 = AXIS2_PLACEMENT_3D('',#2109,#2110,#2111);
#2109 = CARTESIAN_POINT('',(37.8,-65.3,16.5));
#2110 = DIRECTION('',(1.,0.,0.));
#2111 = DIRECTION('',(0.,0.,1.));
#2112 = ADVANCED_FACE('',(#2113),#2124,.T.);
#2113 = FACE_BOUND('',#2114,.T.);
#2114 = EDGE_LOOP('',(#2115,#2116,#2117,#2118));
#2115 = ORIENTED_EDGE('',*,*,#2070,.F.);
#2116 = ORIENTED_EDGE('',*,*,#1618,.T.);
#2117 = ORIENTED_EDGE('',*,*,#2094,.T.);
#2118 = ORIENTED_EDGE('',*,*,#2119,.T.);
#2119 = EDGE_CURVE('',#2095,#2071,#2120,.T.);
#2120 = LINE('',#2121,#2122);
#2121 = CARTESIAN_POINT('',(37.8,-63.,17.2));
#2122 = VECTOR('',#2123,1.);
#2123 = DIRECTION('',(1.,0.,0.));
#2124 = PLANE('',#2125);
#2125 = AXIS2_PLACEMENT_3D('',#2126,#2127,#2128);
#2126 = CARTESIAN_POINT('',(37.8,-63.,16.5));
#2127 = DIRECTION('',(0.,1.,0.));
#2128 = DIRECTION('',(0.,0.,1.));
#2129 = ADVANCED_FACE('',(#2130),#2155,.F.);
#2130 = FACE_BOUND('',#2131,.F.);
#2131 = EDGE_LOOP('',(#2132,#2140,#2141,#2149));
#2132 = ORIENTED_EDGE('',*,*,#2133,.F.);
#2133 = EDGE_CURVE('',#1635,#2134,#2136,.T.);
#2134 = VERTEX_POINT('',#2135);
#2135 = CARTESIAN_POINT('',(41.,-65.3,17.2));
#2136 = LINE('',#2137,#2138);
#2137 = CARTESIAN_POINT('',(41.,-65.3,16.5));
#2138 = VECTOR('',#2139,1.);
#2139 = DIRECTION('',(0.,0.,1.));
#2140 = ORIENTED_EDGE('',*,*,#1634,.T.);
#2141 = ORIENTED_EDGE('',*,*,#2142,.T.);
#2142 = EDGE_CURVE('',#1637,#2143,#2145,.T.);
#2143 = VERTEX_POINT('',#2144);
#2144 = CARTESIAN_POINT('',(40.,-65.3,17.2));
#2145 = LINE('',#2146,#2147);
#2146 = CARTESIAN_POINT('',(40.,-65.3,16.5));
#2147 = VECTOR('',#2148,1.);
#2148 = DIRECTION('',(0.,0.,1.));
#2149 = ORIENTED_EDGE('',*,*,#2150,.T.);
#2150 = EDGE_CURVE('',#2143,#2134,#2151,.T.);
#2151 = LINE('',#2152,#2153);
#2152 = CARTESIAN_POINT('',(40.,-65.3,17.2));
#2153 = VECTOR('',#2154,1.);
#2154 = DIRECTION('',(1.,0.,0.));
#2155 = PLANE('',#2156);
#2156 = AXIS2_PLACEMENT_3D('',#2157,#2158,#2159);
#2157 = CARTESIAN_POINT('',(40.,-65.3,16.5));
#2158 = DIRECTION('',(0.,1.,0.));
#2159 = DIRECTION('',(0.,0.,1.));
#2160 = ADVANCED_FACE('',(#2161),#2179,.T.);
#2161 = FACE_BOUND('',#2162,.T.);
#2162 = EDGE_LOOP('',(#2163,#2164,#2165,#2173));
#2163 = ORIENTED_EDGE('',*,*,#2133,.F.);
#2164 = ORIENTED_EDGE('',*,*,#1660,.T.);
#2165 = ORIENTED_EDGE('',*,*,#2166,.T.);
#2166 = EDGE_CURVE('',#1653,#2167,#2169,.T.);
#2167 = VERTEX_POINT('',#2168);
#2168 = CARTESIAN_POINT('',(41.,-63.,17.2));
#2169 = LINE('',#2170,#2171);
#2170 = CARTESIAN_POINT('',(41.,-63.,16.5));
#2171 = VECTOR('',#2172,1.);
#2172 = DIRECTION('',(0.,0.,1.));
#2173 = ORIENTED_EDGE('',*,*,#2174,.F.);
#2174 = EDGE_CURVE('',#2134,#2167,#2175,.T.);
#2175 = LINE('',#2176,#2177);
#2176 = CARTESIAN_POINT('',(41.,-65.3,17.2));
#2177 = VECTOR('',#2178,1.);
#2178 = DIRECTION('',(0.,1.,0.));
#2179 = PLANE('',#2180);
#2180 = AXIS2_PLACEMENT_3D('',#2181,#2182,#2183);
#2181 = CARTESIAN_POINT('',(41.,-65.3,16.5));
#2182 = DIRECTION('',(1.,0.,0.));
#2183 = DIRECTION('',(0.,0.,1.));
#2184 = ADVANCED_FACE('',(#2185),#2203,.F.);
#2185 = FACE_BOUND('',#2186,.F.);
#2186 = EDGE_LOOP('',(#2187,#2188,#2189,#2197));
#2187 = ORIENTED_EDGE('',*,*,#2142,.F.);
#2188 = ORIENTED_EDGE('',*,*,#1644,.T.);
#2189 = ORIENTED_EDGE('',*,*,#2190,.T.);
#2190 = EDGE_CURVE('',#1645,#2191,#2193,.T.);
#2191 = VERTEX_POINT('',#2192);
#2192 = CARTESIAN_POINT('',(40.,-63.,17.2));
#2193 = LINE('',#2194,#2195);
#2194 = CARTESIAN_POINT('',(40.,-63.,16.5));
#2195 = VECTOR('',#2196,1.);
#2196 = DIRECTION('',(0.,0.,1.));
#2197 = ORIENTED_EDGE('',*,*,#2198,.F.);
#2198 = EDGE_CURVE('',#2143,#2191,#2199,.T.);
#2199 = LINE('',#2200,#2201);
#2200 = CARTESIAN_POINT('',(40.,-65.3,17.2));
#2201 = VECTOR('',#2202,1.);
#2202 = DIRECTION('',(0.,1.,0.));
#2203 = PLANE('',#2204);
#2204 = AXIS2_PLACEMENT_3D('',#2205,#2206,#2207);
#2205 = CARTESIAN_POINT('',(40.,-65.3,16.5));
#2206 = DIRECTION('',(1.,0.,0.));
#2207 = DIRECTION('',(0.,0.,1.));
#2208 = ADVANCED_FACE('',(#2209),#2220,.T.);
#2209 = FACE_BOUND('',#2210,.T.);
#2210 = EDGE_LOOP('',(#2211,#2212,#2213,#2214));
#2211 = ORIENTED_EDGE('',*,*,#2166,.F.);
#2212 = ORIENTED_EDGE('',*,*,#1652,.T.);
#2213 = ORIENTED_EDGE('',*,*,#2190,.T.);
#2214 = ORIENTED_EDGE('',*,*,#2215,.T.);
#2215 = EDGE_CURVE('',#2191,#2167,#2216,.T.);
#2216 = LINE('',#2217,#2218);
#2217 = CARTESIAN_POINT('',(40.,-63.,17.2));
#2218 = VECTOR('',#2219,1.);
#2219 = DIRECTION('',(1.,0.,0.));
#2220 = PLANE('',#2221);
#2221 = AXIS2_PLACEMENT_3D('',#2222,#2223,#2224);
#2222 = CARTESIAN_POINT('',(40.,-63.,16.5));
#2223 = DIRECTION('',(0.,1.,0.));
#2224 = DIRECTION('',(0.,0.,1.));
#2225 = ADVANCED_FACE('',(#2226),#2237,.F.);
#2226 = FACE_BOUND('',#2227,.T.);
#2227 = EDGE_LOOP('',(#2228,#2229,#2235,#2236));
#2228 = ORIENTED_EDGE('',*,*,#1834,.F.);
#2229 = ORIENTED_EDGE('',*,*,#2230,.T.);
#2230 = EDGE_CURVE('',#1835,#1669,#2231,.T.);
#2231 = LINE('',#2232,#2233);
#2232 = CARTESIAN_POINT('',(47.35,-64.,14.9));
#2233 = VECTOR('',#2234,1.);
#2234 = DIRECTION('',(0.,0.,1.));
#2235 = ORIENTED_EDGE('',*,*,#1668,.F.);
#2236 = ORIENTED_EDGE('',*,*,#2230,.F.);
#2237 = CYLINDRICAL_SURFACE('',#2238,1.85);
#2238 = AXIS2_PLACEMENT_3D('',#2239,#2240,#2241);
#2239 = CARTESIAN_POINT('',(45.5,-64.,14.9));
#2240 = DIRECTION('',(-0.,-0.,-1.));
#2241 = DIRECTION('',(1.,0.,0.));
#2242 = ADVANCED_FACE('',(#2243),#2268,.F.);
#2243 = FACE_BOUND('',#2244,.F.);
#2244 = EDGE_LOOP('',(#2245,#2246,#2254,#2262));
#2245 = ORIENTED_EDGE('',*,*,#1679,.T.);
#2246 = ORIENTED_EDGE('',*,*,#2247,.T.);
#2247 = EDGE_CURVE('',#1682,#2248,#2250,.T.);
#2248 = VERTEX_POINT('',#2249);
#2249 = CARTESIAN_POINT('',(39.9,-56.,17.2));
#2250 = LINE('',#2251,#2252);
#2251 = CARTESIAN_POINT('',(39.9,-56.,16.5));
#2252 = VECTOR('',#2253,1.);
#2253 = DIRECTION('',(0.,0.,1.));
#2254 = ORIENTED_EDGE('',*,*,#2255,.T.);
#2255 = EDGE_CURVE('',#2248,#2256,#2258,.T.);
#2256 = VERTEX_POINT('',#2257);
#2257 = CARTESIAN_POINT('',(42.1,-56.,17.2));
#2258 = LINE('',#2259,#2260);
#2259 = CARTESIAN_POINT('',(39.9,-56.,17.2));
#2260 = VECTOR('',#2261,1.);
#2261 = DIRECTION('',(1.,0.,0.));
#2262 = ORIENTED_EDGE('',*,*,#2263,.T.);
#2263 = EDGE_CURVE('',#2256,#1680,#2264,.T.);
#2264 = LINE('',#2265,#2266);
#2265 = CARTESIAN_POINT('',(42.1,-56.,16.5));
#2266 = VECTOR('',#2267,1.);
#2267 = DIRECTION('',(0.,0.,-1.));
#2268 = PLANE('',#2269);
#2269 = AXIS2_PLACEMENT_3D('',#2270,#2271,#2272);
#2270 = CARTESIAN_POINT('',(39.9,-56.,16.5));
#2271 = DIRECTION('',(0.,1.,0.));
#2272 = DIRECTION('',(0.,0.,1.));
#2273 = ADVANCED_FACE('',(#2274),#2292,.F.);
#2274 = FACE_BOUND('',#2275,.F.);
#2275 = EDGE_LOOP('',(#2276,#2284,#2285,#2286));
#2276 = ORIENTED_EDGE('',*,*,#2277,.F.);
#2277 = EDGE_CURVE('',#1762,#2278,#2280,.T.);
#2278 = VERTEX_POINT('',#2279);
#2279 = CARTESIAN_POINT('',(42.1,-58.2,17.2));
#2280 = LINE('',#2281,#2282);
#2281 = CARTESIAN_POINT('',(42.1,-58.2,16.5));
#2282 = VECTOR('',#2283,1.);
#2283 = DIRECTION('',(0.,0.,1.));
#2284 = ORIENTED_EDGE('',*,*,#1769,.T.);
#2285 = ORIENTED_EDGE('',*,*,#2263,.F.);
#2286 = ORIENTED_EDGE('',*,*,#2287,.F.);
#2287 = EDGE_CURVE('',#2278,#2256,#2288,.T.);
#2288 = LINE('',#2289,#2290);
#2289 = CARTESIAN_POINT('',(42.1,-58.2,17.2));
#2290 = VECTOR('',#2291,1.);
#2291 = DIRECTION('',(0.,1.,0.));
#2292 = PLANE('',#2293);
#2293 = AXIS2_PLACEMENT_3D('',#2294,#2295,#2296);
#2294 = CARTESIAN_POINT('',(42.1,-58.2,16.5));
#2295 = DIRECTION('',(1.,0.,0.));
#2296 = DIRECTION('',(0.,0.,1.));
#2297 = ADVANCED_FACE('',(#2298),#2316,.F.);
#2298 = FACE_BOUND('',#2299,.F.);
#2299 = EDGE_LOOP('',(#2300,#2301,#2302,#2310));
#2300 = ORIENTED_EDGE('',*,*,#2247,.F.);
#2301 = ORIENTED_EDGE('',*,*,#1689,.T.);
#2302 = ORIENTED_EDGE('',*,*,#2303,.T.);
#2303 = EDGE_CURVE('',#1690,#2304,#2306,.T.);
#2304 = VERTEX_POINT('',#2305);
#2305 = CARTESIAN_POINT('',(39.9,-54.,17.2));
#2306 = LINE('',#2307,#2308);
#2307 = CARTESIAN_POINT('',(39.9,-54.,16.5));
#2308 = VECTOR('',#2309,1.);
#2309 = DIRECTION('',(0.,0.,1.));
#2310 = ORIENTED_EDGE('',*,*,#2311,.F.);
#2311 = EDGE_CURVE('',#2248,#2304,#2312,.T.);
#2312 = LINE('',#2313,#2314);
#2313 = CARTESIAN_POINT('',(39.9,-56.,17.2));
#2314 = VECTOR('',#2315,1.);
#2315 = DIRECTION('',(0.,1.,0.));
#2316 = PLANE('',#2317);
#2317 = AXIS2_PLACEMENT_3D('',#2318,#2319,#2320);
#2318 = CARTESIAN_POINT('',(39.9,-56.,16.5));
#2319 = DIRECTION('',(1.,0.,0.));
#2320 = DIRECTION('',(0.,0.,1.));
#2321 = ADVANCED_FACE('',(#2322),#2340,.F.);
#2322 = FACE_BOUND('',#2323,.F.);
#2323 = EDGE_LOOP('',(#2324,#2332,#2333,#2334));
#2324 = ORIENTED_EDGE('',*,*,#2325,.F.);
#2325 = EDGE_CURVE('',#1754,#2326,#2328,.T.);
#2326 = VERTEX_POINT('',#2327);
#2327 = CARTESIAN_POINT('',(44.1,-58.2,17.2));
#2328 = LINE('',#2329,#2330);
#2329 = CARTESIAN_POINT('',(44.1,-58.2,16.5));
#2330 = VECTOR('',#2331,1.);
#2331 = DIRECTION('',(0.,0.,1.));
#2332 = ORIENTED_EDGE('',*,*,#1761,.T.);
#2333 = ORIENTED_EDGE('',*,*,#2277,.T.);
#2334 = ORIENTED_EDGE('',*,*,#2335,.T.);
#2335 = EDGE_CURVE('',#2278,#2326,#2336,.T.);
#2336 = LINE('',#2337,#2338);
#2337 = CARTESIAN_POINT('',(42.1,-58.2,17.2));
#2338 = VECTOR('',#2339,1.);
#2339 = DIRECTION('',(1.,0.,0.));
#2340 = PLANE('',#2341);
#2341 = AXIS2_PLACEMENT_3D('',#2342,#2343,#2344);
#2342 = CARTESIAN_POINT('',(42.1,-58.2,16.5));
#2343 = DIRECTION('',(0.,1.,0.));
#2344 = DIRECTION('',(0.,0.,1.));
#2345 = ADVANCED_FACE('',(#2346),#2364,.T.);
#2346 = FACE_BOUND('',#2347,.T.);
#2347 = EDGE_LOOP('',(#2348,#2349,#2350,#2358));
#2348 = ORIENTED_EDGE('',*,*,#1697,.T.);
#2349 = ORIENTED_EDGE('',*,*,#2303,.T.);
#2350 = ORIENTED_EDGE('',*,*,#2351,.T.);
#2351 = EDGE_CURVE('',#2304,#2352,#2354,.T.);
#2352 = VERTEX_POINT('',#2353);
#2353 = CARTESIAN_POINT('',(42.1,-54.,17.2));
#2354 = LINE('',#2355,#2356);
#2355 = CARTESIAN_POINT('',(39.9,-54.,17.2));
#2356 = VECTOR('',#2357,1.);
#2357 = DIRECTION('',(1.,0.,0.));
#2358 = ORIENTED_EDGE('',*,*,#2359,.T.);
#2359 = EDGE_CURVE('',#2352,#1698,#2360,.T.);
#2360 = LINE('',#2361,#2362);
#2361 = CARTESIAN_POINT('',(42.1,-54.,16.5));
#2362 = VECTOR('',#2363,1.);
#2363 = DIRECTION('',(0.,0.,-1.));
#2364 = PLANE('',#2365);
#2365 = AXIS2_PLACEMENT_3D('',#2366,#2367,#2368);
#2366 = CARTESIAN_POINT('',(39.9,-54.,16.5));
#2367 = DIRECTION('',(0.,1.,0.));
#2368 = DIRECTION('',(0.,0.,1.));
#2369 = ADVANCED_FACE('',(#2370),#2388,.T.);
#2370 = FACE_BOUND('',#2371,.T.);
#2371 = EDGE_LOOP('',(#2372,#2373,#2374,#2382));
#2372 = ORIENTED_EDGE('',*,*,#2325,.F.);
#2373 = ORIENTED_EDGE('',*,*,#1753,.T.);
#2374 = ORIENTED_EDGE('',*,*,#2375,.F.);
#2375 = EDGE_CURVE('',#2376,#1746,#2378,.T.);
#2376 = VERTEX_POINT('',#2377);
#2377 = CARTESIAN_POINT('',(44.1,-56.,17.2));
#2378 = LINE('',#2379,#2380);
#2379 = CARTESIAN_POINT('',(44.1,-56.,16.5));
#2380 = VECTOR('',#2381,1.);
#2381 = DIRECTION('',(0.,0.,-1.));
#2382 = ORIENTED_EDGE('',*,*,#2383,.F.);
#2383 = EDGE_CURVE('',#2326,#2376,#2384,.T.);
#2384 = LINE('',#2385,#2386);
#2385 = CARTESIAN_POINT('',(44.1,-58.2,17.2));
#2386 = VECTOR('',#2387,1.);
#2387 = DIRECTION('',(0.,1.,0.));
#2388 = PLANE('',#2389);
#2389 = AXIS2_PLACEMENT_3D('',#2390,#2391,#2392);
#2390 = CARTESIAN_POINT('',(44.1,-58.2,16.5));
#2391 = DIRECTION('',(1.,0.,0.));
#2392 = DIRECTION('',(0.,0.,1.));
#2393 = ADVANCED_FACE('',(#2394),#2412,.F.);
#2394 = FACE_BOUND('',#2395,.F.);
#2395 = EDGE_LOOP('',(#2396,#2397,#2398,#2406));
#2396 = ORIENTED_EDGE('',*,*,#2359,.T.);
#2397 = ORIENTED_EDGE('',*,*,#1705,.T.);
#2398 = ORIENTED_EDGE('',*,*,#2399,.T.);
#2399 = EDGE_CURVE('',#1706,#2400,#2402,.T.);
#2400 = VERTEX_POINT('',#2401);
#2401 = CARTESIAN_POINT('',(42.1,-51.8,17.2));
#2402 = LINE('',#2403,#2404);
#2403 = CARTESIAN_POINT('',(42.1,-51.8,16.5));
#2404 = VECTOR('',#2405,1.);
#2405 = DIRECTION('',(0.,0.,1.));
#2406 = ORIENTED_EDGE('',*,*,#2407,.F.);
#2407 = EDGE_CURVE('',#2352,#2400,#2408,.T.);
#2408 = LINE('',#2409,#2410);
#2409 = CARTESIAN_POINT('',(42.1,-58.2,17.2));
#2410 = VECTOR('',#2411,1.);
#2411 = DIRECTION('',(0.,1.,0.));
#2412 = PLANE('',#2413);
#2413 = AXIS2_PLACEMENT_3D('',#2414,#2415,#2416);
#2414 = CARTESIAN_POINT('',(42.1,-58.2,16.5));
#2415 = DIRECTION('',(1.,0.,0.));
#2416 = DIRECTION('',(0.,0.,1.));
#2417 = ADVANCED_FACE('',(#2418),#2436,.F.);
#2418 = FACE_BOUND('',#2419,.F.);
#2419 = EDGE_LOOP('',(#2420,#2421,#2422,#2430));
#2420 = ORIENTED_EDGE('',*,*,#1745,.T.);
#2421 = ORIENTED_EDGE('',*,*,#2375,.F.);
#2422 = ORIENTED_EDGE('',*,*,#2423,.T.);
#2423 = EDGE_CURVE('',#2376,#2424,#2426,.T.);
#2424 = VERTEX_POINT('',#2425);
#2425 = CARTESIAN_POINT('',(46.3,-56.,17.2));
#2426 = LINE('',#2427,#2428);
#2427 = CARTESIAN_POINT('',(39.9,-56.,17.2));
#2428 = VECTOR('',#2429,1.);
#2429 = DIRECTION('',(1.,0.,0.));
#2430 = ORIENTED_EDGE('',*,*,#2431,.F.);
#2431 = EDGE_CURVE('',#1738,#2424,#2432,.T.);
#2432 = LINE('',#2433,#2434);
#2433 = CARTESIAN_POINT('',(46.3,-56.,16.5));
#2434 = VECTOR('',#2435,1.);
#2435 = DIRECTION('',(0.,0.,1.));
#2436 = PLANE('',#2437);
#2437 = AXIS2_PLACEMENT_3D('',#2438,#2439,#2440);
#2438 = CARTESIAN_POINT('',(39.9,-56.,16.5));
#2439 = DIRECTION('',(0.,1.,0.));
#2440 = DIRECTION('',(0.,0.,1.));
#2441 = ADVANCED_FACE('',(#2442),#2460,.T.);
#2442 = FACE_BOUND('',#2443,.T.);
#2443 = EDGE_LOOP('',(#2444,#2452,#2453,#2454));
#2444 = ORIENTED_EDGE('',*,*,#2445,.F.);
#2445 = EDGE_CURVE('',#1714,#2446,#2448,.T.);
#2446 = VERTEX_POINT('',#2447);
#2447 = CARTESIAN_POINT('',(44.1,-51.8,17.2));
#2448 = LINE('',#2449,#2450);
#2449 = CARTESIAN_POINT('',(44.1,-51.8,16.5));
#2450 = VECTOR('',#2451,1.);
#2451 = DIRECTION('',(0.,0.,1.));
#2452 = ORIENTED_EDGE('',*,*,#1713,.T.);
#2453 = ORIENTED_EDGE('',*,*,#2399,.T.);
#2454 = ORIENTED_EDGE('',*,*,#2455,.T.);
#2455 = EDGE_CURVE('',#2400,#2446,#2456,.T.);
#2456 = LINE('',#2457,#2458);
#2457 = CARTESIAN_POINT('',(42.1,-51.8,17.2));
#2458 = VECTOR('',#2459,1.);
#2459 = DIRECTION('',(1.,0.,0.));
#2460 = PLANE('',#2461);
#2461 = AXIS2_PLACEMENT_3D('',#2462,#2463,#2464);
#2462 = CARTESIAN_POINT('',(42.1,-51.8,16.5));
#2463 = DIRECTION('',(0.,1.,0.));
#2464 = DIRECTION('',(0.,0.,1.));
#2465 = ADVANCED_FACE('',(#2466),#2484,.T.);
#2466 = FACE_BOUND('',#2467,.T.);
#2467 = EDGE_LOOP('',(#2468,#2469,#2470,#2478));
#2468 = ORIENTED_EDGE('',*,*,#2431,.F.);
#2469 = ORIENTED_EDGE('',*,*,#1737,.T.);
#2470 = ORIENTED_EDGE('',*,*,#2471,.T.);
#2471 = EDGE_CURVE('',#1730,#2472,#2474,.T.);
#2472 = VERTEX_POINT('',#2473);
#2473 = CARTESIAN_POINT('',(46.3,-54.,17.2));
#2474 = LINE('',#2475,#2476);
#2475 = CARTESIAN_POINT('',(46.3,-54.,16.5));
#2476 = VECTOR('',#2477,1.);
#2477 = DIRECTION('',(0.,0.,1.));
#2478 = ORIENTED_EDGE('',*,*,#2479,.F.);
#2479 = EDGE_CURVE('',#2424,#2472,#2480,.T.);
#2480 = LINE('',#2481,#2482);
#2481 = CARTESIAN_POINT('',(46.3,-56.,17.2));
#2482 = VECTOR('',#2483,1.);
#2483 = DIRECTION('',(0.,1.,0.));
#2484 = PLANE('',#2485);
#2485 = AXIS2_PLACEMENT_3D('',#2486,#2487,#2488);
#2486 = CARTESIAN_POINT('',(46.3,-56.,16.5));
#2487 = DIRECTION('',(1.,0.,0.));
#2488 = DIRECTION('',(0.,0.,1.));
#2489 = ADVANCED_FACE('',(#2490),#2508,.T.);
#2490 = FACE_BOUND('',#2491,.T.);
#2491 = EDGE_LOOP('',(#2492,#2500,#2501,#2502));
#2492 = ORIENTED_EDGE('',*,*,#2493,.T.);
#2493 = EDGE_CURVE('',#2494,#1722,#2496,.T.);
#2494 = VERTEX_POINT('',#2495);
#2495 = CARTESIAN_POINT('',(44.1,-54.,17.2));
#2496 = LINE('',#2497,#2498);
#2497 = CARTESIAN_POINT('',(44.1,-54.,16.5));
#2498 = VECTOR('',#2499,1.);
#2499 = DIRECTION('',(0.,0.,-1.));
#2500 = ORIENTED_EDGE('',*,*,#1721,.T.);
#2501 = ORIENTED_EDGE('',*,*,#2445,.T.);
#2502 = ORIENTED_EDGE('',*,*,#2503,.F.);
#2503 = EDGE_CURVE('',#2494,#2446,#2504,.T.);
#2504 = LINE('',#2505,#2506);
#2505 = CARTESIAN_POINT('',(44.1,-58.2,17.2));
#2506 = VECTOR('',#2507,1.);
#2507 = DIRECTION('',(0.,1.,0.));
#2508 = PLANE('',#2509);
#2509 = AXIS2_PLACEMENT_3D('',#2510,#2511,#2512);
#2510 = CARTESIAN_POINT('',(44.1,-58.2,16.5));
#2511 = DIRECTION('',(1.,0.,0.));
#2512 = DIRECTION('',(0.,0.,1.));
#2513 = ADVANCED_FACE('',(#2514),#2525,.T.);
#2514 = FACE_BOUND('',#2515,.T.);
#2515 = EDGE_LOOP('',(#2516,#2517,#2518,#2524));
#2516 = ORIENTED_EDGE('',*,*,#1729,.T.);
#2517 = ORIENTED_EDGE('',*,*,#2493,.F.);
#2518 = ORIENTED_EDGE('',*,*,#2519,.T.);
#2519 = EDGE_CURVE('',#2494,#2472,#2520,.T.);
#2520 = LINE('',#2521,#2522);
#2521 = CARTESIAN_POINT('',(39.9,-54.,17.2));
#2522 = VECTOR('',#2523,1.);
#2523 = DIRECTION('',(1.,0.,0.));
#2524 = ORIENTED_EDGE('',*,*,#2471,.F.);
#2525 = PLANE('',#2526);
#2526 = AXIS2_PLACEMENT_3D('',#2527,#2528,#2529);
#2527 = CARTESIAN_POINT('',(39.9,-54.,16.5));
#2528 = DIRECTION('',(0.,1.,0.));
#2529 = DIRECTION('',(0.,0.,1.));
#2530 = ADVANCED_FACE('',(#2531),#2537,.T.);
#2531 = FACE_BOUND('',#2532,.T.);
#2532 = EDGE_LOOP('',(#2533,#2534,#2535,#2536));
#2533 = ORIENTED_EDGE('',*,*,#1956,.F.);
#2534 = ORIENTED_EDGE('',*,*,#1908,.T.);
#2535 = ORIENTED_EDGE('',*,*,#1932,.T.);
#2536 = ORIENTED_EDGE('',*,*,#1973,.F.);
#2537 = PLANE('',#2538);
#2538 = AXIS2_PLACEMENT_3D('',#2539,#2540,#2541);
#2539 = CARTESIAN_POINT('',(35.6,-65.3,17.2));
#2540 = DIRECTION('',(0.,0.,1.));
#2541 = DIRECTION('',(1.,0.,0.));
#2542 = ADVANCED_FACE('',(#2543),#2546,.T.);
#2543 = FACE_BOUND('',#2544,.F.);
#2544 = EDGE_LOOP('',(#2545));
#2545 = ORIENTED_EDGE('',*,*,#1996,.F.);
#2546 = PLANE('',#2547);
#2547 = AXIS2_PLACEMENT_3D('',#2548,#2549,#2550);
#2548 = CARTESIAN_POINT('',(34.3,-56.1,17.2));
#2549 = DIRECTION('',(0.,0.,1.));
#2550 = DIRECTION('',(1.,0.,0.));
#2551 = ADVANCED_FACE('',(#2552),#2555,.T.);
#2552 = FACE_BOUND('',#2553,.F.);
#2553 = EDGE_LOOP('',(#2554));
#2554 = ORIENTED_EDGE('',*,*,#2021,.F.);
#2555 = PLANE('',#2556);
#2556 = AXIS2_PLACEMENT_3D('',#2557,#2558,#2559);
#2557 = CARTESIAN_POINT('',(30.7,-53.5,17.2));
#2558 = DIRECTION('',(0.,0.,1.));
#2559 = DIRECTION('',(1.,0.,0.));
#2560 = ADVANCED_FACE('',(#2561),#2567,.T.);
#2561 = FACE_BOUND('',#2562,.T.);
#2562 = EDGE_LOOP('',(#2563,#2564,#2565,#2566));
#2563 = ORIENTED_EDGE('',*,*,#2102,.F.);
#2564 = ORIENTED_EDGE('',*,*,#2054,.T.);
#2565 = ORIENTED_EDGE('',*,*,#2078,.T.);
#2566 = ORIENTED_EDGE('',*,*,#2119,.F.);
#2567 = PLANE('',#2568);
#2568 = AXIS2_PLACEMENT_3D('',#2569,#2570,#2571);
#2569 = CARTESIAN_POINT('',(37.8,-65.3,17.2));
#2570 = DIRECTION('',(0.,0.,1.));
#2571 = DIRECTION('',(1.,0.,0.));
#2572 = ADVANCED_FACE('',(#2573),#2579,.T.);
#2573 = FACE_BOUND('',#2574,.T.);
#2574 = EDGE_LOOP('',(#2575,#2576,#2577,#2578));
#2575 = ORIENTED_EDGE('',*,*,#2198,.F.);
#2576 = ORIENTED_EDGE('',*,*,#2150,.T.);
#2577 = ORIENTED_EDGE('',*,*,#2174,.T.);
#2578 = ORIENTED_EDGE('',*,*,#2215,.F.);
#2579 = PLANE('',#2580);
#2580 = AXIS2_PLACEMENT_3D('',#2581,#2582,#2583);
#2581 = CARTESIAN_POINT('',(40.,-65.3,17.2));
#2582 = DIRECTION('',(0.,0.,1.));
#2583 = DIRECTION('',(1.,0.,0.));
#2584 = ADVANCED_FACE('',(#2585),#2599,.T.);
#2585 = FACE_BOUND('',#2586,.T.);
#2586 = EDGE_LOOP('',(#2587,#2588,#2589,#2590,#2591,#2592,#2593,#2594,
    #2595,#2596,#2597,#2598));
#2587 = ORIENTED_EDGE('',*,*,#2351,.F.);
#2588 = ORIENTED_EDGE('',*,*,#2311,.F.);
#2589 = ORIENTED_EDGE('',*,*,#2255,.T.);
#2590 = ORIENTED_EDGE('',*,*,#2287,.F.);
#2591 = ORIENTED_EDGE('',*,*,#2335,.T.);
#2592 = ORIENTED_EDGE('',*,*,#2383,.T.);
#2593 = ORIENTED_EDGE('',*,*,#2423,.T.);
#2594 = ORIENTED_EDGE('',*,*,#2479,.T.);
#2595 = ORIENTED_EDGE('',*,*,#2519,.F.);
#2596 = ORIENTED_EDGE('',*,*,#2503,.T.);
#2597 = ORIENTED_EDGE('',*,*,#2455,.F.);
#2598 = ORIENTED_EDGE('',*,*,#2407,.F.);
#2599 = PLANE('',#2600);
#2600 = AXIS2_PLACEMENT_3D('',#2601,#2602,#2603);
#2601 = CARTESIAN_POINT('',(43.1,-55.,17.2));
#2602 = DIRECTION('',(0.,0.,1.));
#2603 = DIRECTION('',(1.,0.,0.));
#2604 = ( GEOMETRIC_REPRESENTATION_CONTEXT(3) 
GLOBAL_UNCERTAINTY_ASSIGNED_CONTEXT((#2608)) 
GLOBAL_UNIT_ASSIGNED_CONTEXT((#2605,#2606,#2607)) REPRESENTATION_CONTEXT
('Context #1','3D Context with UNIT and UNCERTAINTY') );
#2605 = ( LENGTH_UNIT() NAMED_UNIT(*) SI_UNIT(.MILLI.,.METRE.) );
#2606 = ( NAMED_UNIT(*) PLANE_ANGLE_UNIT() SI_UNIT($,.RADIAN.) );
#2607 = ( NAMED_UNIT(*) SI_UNIT($,.STERADIAN.) SOLID_ANGLE_UNIT() );
#2608 = UNCERTAINTY_MEASURE_WITH_UNIT(LENGTH_MEASURE(2.E-05),#2605,
  'distance_accuracy_value','confusion accuracy');
#2609 = PRODUCT_RELATED_PRODUCT_CATEGORY('part',$,(#7));
ENDSEC;
END-ISO-10303-21;
