ISO-10303-21;
HEADER;
FILE_DESCRIPTION(('FreeCAD Model'),'2;1');
FILE_NAME('Open CASCADE Shape Model','2026-09-21T18:58:09',('FreeCAD'),(
    'FreeCAD'),'Open CASCADE STEP processor 7.8','FreeCAD','Unknown');
FILE_SCHEMA(('AUTOMOTIVE_DESIGN { 1 0 10303 214 1 1 1 1 }'));
ENDSEC;
DATA;
#1 = APPLICATION_PROTOCOL_DEFINITION('international standard',
  'automotive_design',2000,#2);
#2 = APPLICATION_CONTEXT(
  'core data for automotive mechanical design processes');
#3 = SHAPE_DEFINITION_REPRESENTATION(#4,#10);
#4 = PRODUCT_DEFINITION_SHAPE('','',#5);
#5 = PRODUCT_DEFINITION('design','',#6,#9);
#6 = PRODUCT_DEFINITION_FORMATION('','',#7);
#7 = PRODUCT('Open CASCADE STEP translator 7.8 6',
  'Open CASCADE STEP translator 7.8 6','',(#8));
#8 = PRODUCT_CONTEXT('',#2,'mechanical');
#9 = PRODUCT_DEFINITION_CONTEXT('part definition',#2,'design');
#10 = ADVANCED_BREP_SHAPE_REPRESENTATION('',(#11,#15),#7611);
#11 = AXIS2_PLACEMENT_3D('',#12,#13,#14);
#12 = CARTESIAN_POINT('',(0.,0.,0.));
#13 = DIRECTION('',(0.,0.,1.));
#14 = DIRECTION('',(1.,0.,-0.));
#15 = MANIFOLD_SOLID_BREP('',#16);
#16 = CLOSED_SHELL('',(#17,#50,#926,#946,#988,#1060,#1084,#1108,#1132,
    #1156,#1180,#1204,#1228,#1252,#1276,#1300,#1324,#1348,#1372,#1396,
    #1420,#1444,#1468,#1492,#1516,#1540,#1564,#1588,#1612,#1636,#1660,
    #1684,#1708,#1732,#1756,#1780,#1804,#1828,#1852,#1876,#1900,#1924,
    #1948,#1972,#1996,#2020,#2044,#2068,#2092,#2116,#2140,#2164,#2188,
    #2212,#2236,#2260,#2284,#2308,#2332,#2356,#2380,#2404,#2428,#2452,
    #2476,#2500,#2524,#2548,#2572,#2596,#2620,#2644,#2668,#2692,#2716,
    #2740,#2764,#2788,#2812,#2836,#2860,#2884,#2908,#2932,#2956,#2980,
    #3004,#3028,#3052,#3076,#3100,#3124,#3148,#3172,#3196,#3220,#3244,
    #3268,#3292,#3316,#3340,#3467,#3491,#3509,#3533,#3566,#3591,#3616,
    #3641,#3663,#4594,#4612,#4622,#4640,#4683,#4694,#4726,#4750,#4792,
    #4827,#4853,#4870,#4887,#4907,#4927,#5774,#5791,#5813,#5830,#5847,
    #5864,#5881,#5898,#5915,#5932,#5949,#5966,#5983,#6000,#6017,#6034,
    #6051,#6068,#6085,#6102,#6119,#6136,#6153,#6170,#6187,#6204,#6221,
    #6238,#6255,#6272,#6289,#6306,#6323,#6340,#6357,#6374,#6391,#6408,
    #6425,#6442,#6459,#6476,#6493,#6510,#6527,#6544,#6561,#6578,#6595,
    #6612,#6629,#6650,#6705,#6722,#6739,#6756,#6773,#6790,#6807,#6824,
    #6841,#6858,#6875,#6892,#6909,#6926,#6943,#6960,#6977,#6994,#7011,
    #7028,#7045,#7062,#7079,#7096,#7113,#7130,#7147,#7164,#7181,#7198,
    #7215,#7232,#7249,#7266,#7283,#7300,#7317,#7334,#7351,#7368,#7385,
    #7402,#7419,#7436,#7453,#7470,#7487,#7504,#7521,#7533,#7550,#7567,
    #7583,#7601));
#17 = ADVANCED_FACE('',(#18),#45,.T.);
#18 = FACE_BOUND('',#19,.F.);
#19 = EDGE_LOOP('',(#20,#30,#37,#38));
#20 = ORIENTED_EDGE('',*,*,#21,.T.);
#21 = EDGE_CURVE('',#22,#24,#26,.T.);
#22 = VERTEX_POINT('',#23);
#23 = CARTESIAN_POINT('',(116.6,-64.,1.4));
#24 = VERTEX_POINT('',#25);
#25 = CARTESIAN_POINT('',(116.6,-64.,3.8));
#26 = LINE('',#27,#28);
#27 = CARTESIAN_POINT('',(116.6,-64.,1.4));
#28 = VECTOR('',#29,1.);
#29 = DIRECTION('',(0.,0.,1.));
#30 = ORIENTED_EDGE('',*,*,#31,.T.);
#31 = EDGE_CURVE('',#24,#24,#32,.T.);
#32 = CIRCLE('',#33,2.1);
#33 = AXIS2_PLACEMENT_3D('',#34,#35,#36);
#34 = CARTESIAN_POINT('',(114.5,-64.,3.8));
#35 = DIRECTION('',(0.,0.,1.));
#36 = DIRECTION('',(1.,0.,0.));
#37 = ORIENTED_EDGE('',*,*,#21,.F.);
#38 = ORIENTED_EDGE('',*,*,#39,.F.);
#39 = EDGE_CURVE('',#22,#22,#40,.T.);
#40 = CIRCLE('',#41,2.1);
#41 = AXIS2_PLACEMENT_3D('',#42,#43,#44);
#42 = CARTESIAN_POINT('',(114.5,-64.,1.4));
#43 = DIRECTION('',(0.,0.,1.));
#44 = DIRECTION('',(1.,0.,0.));
#45 = CYLINDRICAL_SURFACE('',#46,2.1);
#46 = AXIS2_PLACEMENT_3D('',#47,#48,#49);
#47 = CARTESIAN_POINT('',(114.5,-64.,1.4));
#48 = DIRECTION('',(-0.,-0.,-1.));
#49 = DIRECTION('',(1.,0.,0.));
#50 = ADVANCED_FACE('',(#51,#896,#907,#910),#921,.T.);
#51 = FACE_BOUND('',#52,.T.);
#52 = EDGE_LOOP('',(#53,#64,#72,#80,#88,#96,#104,#112,#120,#128,#136,
    #144,#152,#160,#168,#176,#184,#192,#200,#208,#216,#224,#232,#240,
    #248,#256,#264,#272,#280,#288,#296,#304,#312,#320,#328,#336,#344,
    #352,#360,#368,#376,#384,#392,#400,#408,#416,#424,#432,#440,#448,
    #456,#464,#473,#481,#489,#497,#505,#513,#521,#529,#537,#545,#553,
    #561,#569,#577,#585,#593,#601,#609,#617,#625,#633,#641,#649,#657,
    #665,#673,#681,#689,#697,#705,#713,#721,#729,#737,#745,#753,#761,
    #769,#777,#785,#793,#801,#809,#817,#825,#833,#841,#849,#857,#865,
    #873,#881,#889));
#53 = ORIENTED_EDGE('',*,*,#54,.F.);
#54 = EDGE_CURVE('',#55,#57,#59,.T.);
#55 = VERTEX_POINT('',#56);
#56 = CARTESIAN_POINT('',(18.7,-38.47979589711,1.4));
#57 = VERTEX_POINT('',#58);
#58 = CARTESIAN_POINT('',(23.5,-37.5,1.4));
#59 = CIRCLE('',#60,2.5);
#60 = AXIS2_PLACEMENT_3D('',#61,#62,#63);
#61 = CARTESIAN_POINT('',(21.,-37.5,1.4));
#62 = DIRECTION('',(0.,0.,1.));
#63 = DIRECTION('',(1.,0.,0.));
#64 = ORIENTED_EDGE('',*,*,#65,.T.);
#65 = EDGE_CURVE('',#55,#66,#68,.T.);
#66 = VERTEX_POINT('',#67);
#67 = CARTESIAN_POINT('',(18.7,-70.49775414642,1.4));
#68 = LINE('',#69,#70);
#69 = CARTESIAN_POINT('',(18.7,-21.47393130082,1.4));
#70 = VECTOR('',#71,1.);
#71 = DIRECTION('',(0.,-1.,0.));
#72 = ORIENTED_EDGE('',*,*,#73,.T.);
#73 = EDGE_CURVE('',#66,#74,#76,.T.);
#74 = VERTEX_POINT('',#75);
#75 = CARTESIAN_POINT('',(18.747410187284,-70.79178751516,1.4));
#76 = LINE('',#77,#78);
#77 = CARTESIAN_POINT('',(18.7,-70.49775414642,1.4));
#78 = VECTOR('',#79,1.);
#79 = DIRECTION('',(0.159184825389,-0.987248799121,0.));
#80 = ORIENTED_EDGE('',*,*,#81,.T.);
#81 = EDGE_CURVE('',#74,#82,#84,.T.);
#82 = VERTEX_POINT('',#83);
#83 = CARTESIAN_POINT('',(18.817445922274,-70.92644681735,1.4));
#84 = LINE('',#85,#86);
#85 = CARTESIAN_POINT('',(18.747410187284,-70.79178751516,1.4));
#86 = VECTOR('',#87,1.);
#87 = DIRECTION('',(0.461419624116,-0.887182016545,0.));
#88 = ORIENTED_EDGE('',*,*,#89,.T.);
#89 = EDGE_CURVE('',#82,#90,#92,.T.);
#90 = VERTEX_POINT('',#91);
#91 = CARTESIAN_POINT('',(19.125350752514,-71.2258929434,1.4));
#92 = LINE('',#93,#94);
#93 = CARTESIAN_POINT('',(18.817445922274,-70.92644681735,1.4));
#94 = VECTOR('',#95,1.);
#95 = DIRECTION('',(0.716885282942,-0.697191143877,0.));
#96 = ORIENTED_EDGE('',*,*,#97,.T.);
#97 = EDGE_CURVE('',#90,#98,#100,.T.);
#98 = VERTEX_POINT('',#99);
#99 = CARTESIAN_POINT('',(19.571611949523,-72.02231122991,1.4));
#100 = LINE('',#101,#102);
#101 = CARTESIAN_POINT('',(19.125350752514,-71.2258929434,1.4));
#102 = VECTOR('',#103,1.);
#103 = DIRECTION('',(0.488825961968,-0.872381326546,0.));
#104 = ORIENTED_EDGE('',*,*,#105,.T.);
#105 = EDGE_CURVE('',#98,#106,#108,.T.);
#106 = VERTEX_POINT('',#107);
#107 = CARTESIAN_POINT('',(19.809974071804,-72.31358108412,1.4));
#108 = LINE('',#109,#110);
#109 = CARTESIAN_POINT('',(19.571611949523,-72.02231122991,1.4));
#110 = VECTOR('',#111,1.);
#111 = DIRECTION('',(0.633318037876,-0.773891635115,0.));
#112 = ORIENTED_EDGE('',*,*,#113,.T.);
#113 = EDGE_CURVE('',#106,#114,#116,.T.);
#114 = VERTEX_POINT('',#115);
#115 = CARTESIAN_POINT('',(20.1558096146,-72.61646796738,1.4));
#116 = LINE('',#117,#118);
#117 = CARTESIAN_POINT('',(19.809974071804,-72.31358108412,1.4));
#118 = VECTOR('',#119,1.);
#119 = DIRECTION('',(0.752273932736,-0.658850461126,0.));
#120 = ORIENTED_EDGE('',*,*,#121,.T.);
#121 = EDGE_CURVE('',#114,#122,#124,.T.);
#122 = VERTEX_POINT('',#123);
#123 = CARTESIAN_POINT('',(20.446811610991,-72.79633390897,1.4));
#124 = LINE('',#125,#126);
#125 = CARTESIAN_POINT('',(20.1558096146,-72.61646796738,1.4));
#126 = VECTOR('',#127,1.);
#127 = DIRECTION('',(0.850628823525,-0.525766682653,0.));
#128 = ORIENTED_EDGE('',*,*,#129,.T.);
#129 = EDGE_CURVE('',#122,#130,#132,.T.);
#130 = VERTEX_POINT('',#131);
#131 = CARTESIAN_POINT('',(20.810892583847,-72.94773016041,1.4));
#132 = LINE('',#133,#134);
#133 = CARTESIAN_POINT('',(20.446811610991,-72.79633390897,1.4));
#134 = VECTOR('',#135,1.);
#135 = DIRECTION('',(0.923350547811,-0.383958026167,0.));
#136 = ORIENTED_EDGE('',*,*,#137,.T.);
#137 = EDGE_CURVE('',#130,#138,#140,.T.);
#138 = VERTEX_POINT('',#139);
#139 = CARTESIAN_POINT('',(21.612778783956,-73.09441520514,1.4));
#140 = LINE('',#141,#142);
#141 = CARTESIAN_POINT('',(20.810892583847,-72.94773016041,1.4));
#142 = VECTOR('',#143,1.);
#143 = DIRECTION('',(0.983677722696,-0.17993926162,0.));
#144 = ORIENTED_EDGE('',*,*,#145,.T.);
#145 = EDGE_CURVE('',#138,#146,#148,.T.);
#146 = VERTEX_POINT('',#147);
#147 = CARTESIAN_POINT('',(44.842689034476,-73.10466341564,1.4));
#148 = LINE('',#149,#150);
#149 = CARTESIAN_POINT('',(21.612778783956,-73.09441520514,1.4));
#150 = VECTOR('',#151,1.);
#151 = DIRECTION('',(0.999999902687,-4.411644035245E-04,0.));
#152 = ORIENTED_EDGE('',*,*,#153,.T.);
#153 = EDGE_CURVE('',#146,#154,#156,.T.);
#154 = VERTEX_POINT('',#155);
#155 = CARTESIAN_POINT('',(47.318358715075,-73.2399125142,1.4));
#156 = LINE('',#157,#158);
#157 = CARTESIAN_POINT('',(44.842689034476,-73.10466341564,1.4));
#158 = VECTOR('',#159,1.);
#159 = DIRECTION('',(0.998511041635,-5.454997463538E-02,0.));
#160 = ORIENTED_EDGE('',*,*,#161,.T.);
#161 = EDGE_CURVE('',#154,#162,#164,.T.);
#162 = VERTEX_POINT('',#163);
#163 = CARTESIAN_POINT('',(49.774318355736,-73.55425782292,1.4));
#164 = LINE('',#165,#166);
#165 = CARTESIAN_POINT('',(47.318358715075,-73.2399125142,1.4));
#166 = VECTOR('',#167,1.);
#167 = DIRECTION('',(0.991908199688,-0.126957171483,0.));
#168 = ORIENTED_EDGE('',*,*,#169,.T.);
#169 = EDGE_CURVE('',#162,#170,#172,.T.);
#170 = VERTEX_POINT('',#171);
#171 = CARTESIAN_POINT('',(51.858768206388,-73.96572869564,1.4));
#172 = LINE('',#173,#174);
#173 = CARTESIAN_POINT('',(49.774318355736,-73.55425782292,1.4));
#174 = VECTOR('',#175,1.);
#175 = DIRECTION('',(0.981068100169,-0.193663065221,0.));
#176 = ORIENTED_EDGE('',*,*,#177,.T.);
#177 = EDGE_CURVE('',#170,#178,#180,.T.);
#178 = VERTEX_POINT('',#179);
#179 = CARTESIAN_POINT('',(53.908990443227,-74.5052046841,1.4));
#180 = LINE('',#181,#182);
#181 = CARTESIAN_POINT('',(51.858768206388,-73.96572869564,1.4));
#182 = VECTOR('',#183,1.);
#183 = DIRECTION('',(0.967081058832,-0.254468516025,0.));
#184 = ORIENTED_EDGE('',*,*,#185,.T.);
#185 = EDGE_CURVE('',#178,#186,#188,.T.);
#186 = VERTEX_POINT('',#187);
#187 = CARTESIAN_POINT('',(56.252407619593,-75.29416857304,1.4));
#188 = LINE('',#189,#190);
#189 = CARTESIAN_POINT('',(53.908990443227,-74.5052046841,1.4));
#190 = VECTOR('',#191,1.);
#191 = DIRECTION('',(0.947729662631,-0.319074421678,0.));
#192 = ORIENTED_EDGE('',*,*,#193,.T.);
#193 = EDGE_CURVE('',#186,#194,#196,.T.);
#194 = VERTEX_POINT('',#195);
#195 = CARTESIAN_POINT('',(58.214513471124,-76.10594559486,1.4));
#196 = LINE('',#197,#198);
#197 = CARTESIAN_POINT('',(56.252407619593,-75.29416857304,1.4));
#198 = VECTOR('',#199,1.);
#199 = DIRECTION('',(0.924038269129,-0.382299983241,0.));
#200 = ORIENTED_EDGE('',*,*,#201,.T.);
#201 = EDGE_CURVE('',#194,#202,#204,.T.);
#202 = VERTEX_POINT('',#203);
#203 = CARTESIAN_POINT('',(60.430351113952,-77.20325940118,1.4));
#204 = LINE('',#205,#206);
#205 = CARTESIAN_POINT('',(58.214513471124,-76.10594559486,1.4));
#206 = VECTOR('',#207,1.);
#207 = DIRECTION('',(0.896136175562,-0.44377917352,0.));
#208 = ORIENTED_EDGE('',*,*,#209,.T.);
#209 = EDGE_CURVE('',#202,#210,#212,.T.);
#210 = VERTEX_POINT('',#211);
#211 = CARTESIAN_POINT('',(62.263589672571,-78.27066661983,1.4));
#212 = LINE('',#213,#214);
#213 = CARTESIAN_POINT('',(60.430351113952,-77.20325940118,1.4));
#214 = VECTOR('',#215,1.);
#215 = DIRECTION('',(0.864185250602,-0.503173779763,0.));
#216 = ORIENTED_EDGE('',*,*,#217,.T.);
#217 = EDGE_CURVE('',#210,#218,#220,.T.);
#218 = VERTEX_POINT('',#219);
#219 = CARTESIAN_POINT('',(63.734047411437,-79.24335572043,1.4));
#220 = LINE('',#221,#222);
#221 = CARTESIAN_POINT('',(62.263589672571,-78.27066661983,1.4));
#222 = VECTOR('',#223,1.);
#223 = DIRECTION('',(0.834038674854,-0.551705980435,0.));
#224 = ORIENTED_EDGE('',*,*,#225,.T.);
#225 = EDGE_CURVE('',#218,#226,#228,.T.);
#226 = VERTEX_POINT('',#227);
#227 = CARTESIAN_POINT('',(65.886369801836,-80.84593278352,1.4));
#228 = LINE('',#229,#230);
#229 = CARTESIAN_POINT('',(63.734047411437,-79.24335572043,1.4));
#230 = VECTOR('',#231,1.);
#231 = DIRECTION('',(0.802081704938,-0.597214315471,0.));
#232 = ORIENTED_EDGE('',*,*,#233,.T.);
#233 = EDGE_CURVE('',#226,#234,#236,.T.);
#234 = VERTEX_POINT('',#235);
#235 = CARTESIAN_POINT('',(66.819963643856,-81.42784733008,1.4));
#236 = LINE('',#237,#238);
#237 = CARTESIAN_POINT('',(65.886369801836,-80.84593278352,1.4));
#238 = VECTOR('',#239,1.);
#239 = DIRECTION('',(0.848643826861,-0.528964701215,0.));
#240 = ORIENTED_EDGE('',*,*,#241,.T.);
#241 = EDGE_CURVE('',#234,#242,#244,.T.);
#242 = VERTEX_POINT('',#243);
#243 = CARTESIAN_POINT('',(68.018267730529,-81.99095455289,1.4));
#244 = LINE('',#245,#246);
#245 = CARTESIAN_POINT('',(66.819963643856,-81.42784733008,1.4));
#246 = VECTOR('',#247,1.);
#247 = DIRECTION('',(0.905051524262,-0.425301937959,0.));
#248 = ORIENTED_EDGE('',*,*,#249,.T.);
#249 = EDGE_CURVE('',#242,#250,#252,.T.);
#250 = VERTEX_POINT('',#251);
#251 = CARTESIAN_POINT('',(69.3793081942,-82.41888581521,1.4));
#252 = LINE('',#253,#254);
#253 = CARTESIAN_POINT('',(68.018267730529,-81.99095455289,1.4));
#254 = VECTOR('',#255,1.);
#255 = DIRECTION('',(0.953958488135,-0.299938665254,0.));
#256 = ORIENTED_EDGE('',*,*,#257,.T.);
#257 = EDGE_CURVE('',#250,#258,#260,.T.);
#258 = VERTEX_POINT('',#259);
#259 = CARTESIAN_POINT('',(70.783113430401,-82.65180784371,1.4));
#260 = LINE('',#261,#262);
#261 = CARTESIAN_POINT('',(69.3793081942,-82.41888581521,1.4));
#262 = VECTOR('',#263,1.);
#263 = DIRECTION('',(0.986512809277,-0.163684077211,0.));
#264 = ORIENTED_EDGE('',*,*,#265,.T.);
#265 = EDGE_CURVE('',#258,#266,#268,.T.);
#266 = VERTEX_POINT('',#267);
#267 = CARTESIAN_POINT('',(72.179515000786,-82.69173505904,1.4));
#268 = LINE('',#269,#270);
#269 = CARTESIAN_POINT('',(70.783113430401,-82.65180784371,1.4));
#270 = VECTOR('',#271,1.);
#271 = DIRECTION('',(0.999591472594,-2.858125113553E-02,0.));
#272 = ORIENTED_EDGE('',*,*,#273,.T.);
#273 = EDGE_CURVE('',#266,#274,#276,.T.);
#274 = VERTEX_POINT('',#275);
#275 = CARTESIAN_POINT('',(82.283670445845,-81.92571530692,1.4));
#276 = LINE('',#277,#278);
#277 = CARTESIAN_POINT('',(72.179515000786,-82.69173505904,1.4));
#278 = VECTOR('',#279,1.);
#279 = DIRECTION('',(0.997138572597,7.559541679232E-02,0.));
#280 = ORIENTED_EDGE('',*,*,#281,.T.);
#281 = EDGE_CURVE('',#274,#282,#284,.T.);
#282 = VERTEX_POINT('',#283);
#283 = CARTESIAN_POINT('',(87.193870807378,-81.83082165833,1.4));
#284 = LINE('',#285,#286);
#285 = CARTESIAN_POINT('',(82.283670445845,-81.92571530692,1.4));
#286 = VECTOR('',#287,1.);
#287 = DIRECTION('',(0.999813308633,1.932221208466E-02,0.));
#288 = ORIENTED_EDGE('',*,*,#289,.T.);
#289 = EDGE_CURVE('',#282,#290,#292,.T.);
#290 = VERTEX_POINT('',#291);
#291 = CARTESIAN_POINT('',(90.248373872677,-81.94144401622,1.4));
#292 = LINE('',#293,#294);
#293 = CARTESIAN_POINT('',(87.193870807378,-81.83082165833,1.4));
#294 = VECTOR('',#295,1.);
#295 = DIRECTION('',(0.999344839458,-3.619242806966E-02,0.));
#296 = ORIENTED_EDGE('',*,*,#297,.T.);
#297 = EDGE_CURVE('',#290,#298,#300,.T.);
#298 = VERTEX_POINT('',#299);
#299 = CARTESIAN_POINT('',(93.303451092769,-82.18293331671,1.4));
#300 = LINE('',#301,#302);
#301 = CARTESIAN_POINT('',(90.248373872677,-81.94144401622,1.4));
#302 = VECTOR('',#303,1.);
#303 = DIRECTION('',(0.996890489269,-7.879944419674E-02,0.));
#304 = ORIENTED_EDGE('',*,*,#305,.T.);
#305 = EDGE_CURVE('',#298,#306,#308,.T.);
#306 = VERTEX_POINT('',#307);
#307 = CARTESIAN_POINT('',(95.739176571367,-82.47007158045,1.4));
#308 = LINE('',#309,#310);
#309 = CARTESIAN_POINT('',(93.303451092769,-82.18293331671,1.4));
#310 = VECTOR('',#311,1.);
#311 = DIRECTION('',(0.993123024814,-0.117075435441,0.));
#312 = ORIENTED_EDGE('',*,*,#313,.T.);
#313 = EDGE_CURVE('',#306,#314,#316,.T.);
#314 = VERTEX_POINT('',#315);
#315 = CARTESIAN_POINT('',(98.766657180609,-82.94564368786,1.4));
#316 = LINE('',#317,#318);
#317 = CARTESIAN_POINT('',(95.739176571367,-82.47007158045,1.4));
#318 = VECTOR('',#319,1.);
#319 = DIRECTION('',(0.987885873276,-0.155182155487,0.));
#320 = ORIENTED_EDGE('',*,*,#321,.T.);
#321 = EDGE_CURVE('',#314,#322,#324,.T.);
#322 = VERTEX_POINT('',#323);
#323 = CARTESIAN_POINT('',(101.76628138013,-83.54899629536,1.4));
#324 = LINE('',#325,#326);
#325 = CARTESIAN_POINT('',(98.766657180609,-82.94564368786,1.4));
#326 = VECTOR('',#327,1.);
#327 = DIRECTION('',(0.980364642786,-0.197193222943,0.));
#328 = ORIENTED_EDGE('',*,*,#329,.T.);
#329 = EDGE_CURVE('',#322,#330,#332,.T.);
#330 = VERTEX_POINT('',#331);
#331 = CARTESIAN_POINT('',(104.74117107682,-84.28071773184,1.4));
#332 = LINE('',#333,#334);
#333 = CARTESIAN_POINT('',(101.76628138013,-83.54899629536,1.4));
#334 = VECTOR('',#335,1.);
#335 = DIRECTION('',(0.971057220682,-0.23884696808,0.));
#336 = ORIENTED_EDGE('',*,*,#337,.T.);
#337 = EDGE_CURVE('',#330,#338,#340,.T.);
#338 = VERTEX_POINT('',#339);
#339 = CARTESIAN_POINT('',(107.6820779766,-85.13877601519,1.4));
#340 = LINE('',#341,#342);
#341 = CARTESIAN_POINT('',(104.74117107682,-84.28071773184,1.4));
#342 = VECTOR('',#343,1.);
#343 = DIRECTION('',(0.959974219883,-0.28008837384,0.));
#344 = ORIENTED_EDGE('',*,*,#345,.T.);
#345 = EDGE_CURVE('',#338,#346,#348,.T.);
#346 = VERTEX_POINT('',#347);
#347 = CARTESIAN_POINT('',(110.58065095038,-86.12059836231,1.4));
#348 = LINE('',#349,#350);
#349 = CARTESIAN_POINT('',(107.6820779766,-85.13877601519,1.4));
#350 = VECTOR('',#351,1.);
#351 = DIRECTION('',(0.947139846492,-0.320820995552,0.));
#352 = ORIENTED_EDGE('',*,*,#353,.T.);
#353 = EDGE_CURVE('',#346,#354,#356,.T.);
#354 = VERTEX_POINT('',#355);
#355 = CARTESIAN_POINT('',(115.13669796806,-87.95154245316,1.4));
#356 = LINE('',#357,#358);
#357 = CARTESIAN_POINT('',(110.58065095038,-86.12059836231,1.4));
#358 = VECTOR('',#359,1.);
#359 = DIRECTION('',(0.927876779349,-0.372886956522,0.));
#360 = ORIENTED_EDGE('',*,*,#361,.T.);
#361 = EDGE_CURVE('',#354,#362,#364,.T.);
#362 = VERTEX_POINT('',#363);
#363 = CARTESIAN_POINT('',(125.24136611448,-92.54697718476,1.4));
#364 = LINE('',#365,#366);
#365 = CARTESIAN_POINT('',(115.13669796806,-87.95154245316,1.4));
#366 = VECTOR('',#367,1.);
#367 = DIRECTION('',(0.910284885074,-0.413982400599,0.));
#368 = ORIENTED_EDGE('',*,*,#369,.T.);
#369 = EDGE_CURVE('',#362,#370,#372,.T.);
#370 = VERTEX_POINT('',#371);
#371 = CARTESIAN_POINT('',(126.14486486657,-92.77650345051,1.4));
#372 = LINE('',#373,#374);
#373 = CARTESIAN_POINT('',(125.24136611448,-92.54697718476,1.4));
#374 = VECTOR('',#375,1.);
#375 = DIRECTION('',(0.969213807491,-0.246220623362,0.));
#376 = ORIENTED_EDGE('',*,*,#377,.T.);
#377 = EDGE_CURVE('',#370,#378,#380,.T.);
#378 = VERTEX_POINT('',#379);
#379 = CARTESIAN_POINT('',(126.48447714542,-92.79254610417,1.4));
#380 = LINE('',#381,#382);
#381 = CARTESIAN_POINT('',(126.14486486657,-92.77650345051,1.4));
#382 = VECTOR('',#383,1.);
#383 = DIRECTION('',(0.99888614267,-4.718552724174E-02,0.));
#384 = ORIENTED_EDGE('',*,*,#385,.T.);
#385 = EDGE_CURVE('',#378,#386,#388,.T.);
#386 = VERTEX_POINT('',#387);
#387 = CARTESIAN_POINT('',(127.02141346756,-92.69961192622,1.4));
#388 = LINE('',#389,#390);
#389 = CARTESIAN_POINT('',(126.48447714542,-92.79254610417,1.4));
#390 = VECTOR('',#391,1.);
#391 = DIRECTION('',(0.985349614179,0.170546585535,0.));
#392 = ORIENTED_EDGE('',*,*,#393,.T.);
#393 = EDGE_CURVE('',#386,#394,#396,.T.);
#394 = VERTEX_POINT('',#395);
#395 = CARTESIAN_POINT('',(127.51775842157,-92.49167217997,1.4));
#396 = LINE('',#397,#398);
#397 = CARTESIAN_POINT('',(127.02141346756,-92.69961192622,1.4));
#398 = VECTOR('',#399,1.);
#399 = DIRECTION('',(0.92233012396,0.386402824053,0.));
#400 = ORIENTED_EDGE('',*,*,#401,.T.);
#401 = EDGE_CURVE('',#394,#402,#404,.T.);
#402 = VERTEX_POINT('',#403);
#403 = CARTESIAN_POINT('',(127.97754032137,-92.16163340011,1.4));
#404 = LINE('',#405,#406);
#405 = CARTESIAN_POINT('',(127.51775842157,-92.49167217997,1.4));
#406 = VECTOR('',#407,1.);
#407 = DIRECTION('',(0.812374829299,0.58313560749,0.));
#408 = ORIENTED_EDGE('',*,*,#409,.T.);
#409 = EDGE_CURVE('',#402,#410,#412,.T.);
#410 = VERTEX_POINT('',#411);
#411 = CARTESIAN_POINT('',(128.31648786764,-91.79782332627,1.4));
#412 = LINE('',#413,#414);
#413 = CARTESIAN_POINT('',(127.97754032137,-92.16163340011,1.4));
#414 = VECTOR('',#415,1.);
#415 = DIRECTION('',(0.681663921209,0.731665427994,0.));
#416 = ORIENTED_EDGE('',*,*,#417,.T.);
#417 = EDGE_CURVE('',#410,#418,#420,.T.);
#418 = VERTEX_POINT('',#419);
#419 = CARTESIAN_POINT('',(140.93708234951,-74.57612578938,1.4));
#420 = LINE('',#421,#422);
#421 = CARTESIAN_POINT('',(128.31648786764,-91.79782332627,1.4));
#422 = VECTOR('',#423,1.);
#423 = DIRECTION('',(0.591100167144,0.806598160426,0.));
#424 = ORIENTED_EDGE('',*,*,#425,.T.);
#425 = EDGE_CURVE('',#418,#426,#428,.T.);
#426 = VERTEX_POINT('',#427);
#427 = CARTESIAN_POINT('',(141.16080781449,-74.07532349617,1.4));
#428 = LINE('',#429,#430);
#429 = CARTESIAN_POINT('',(140.93708234951,-74.57612578938,1.4));
#430 = VECTOR('',#431,1.);
#431 = DIRECTION('',(0.407883433056,0.913034010888,0.));
#432 = ORIENTED_EDGE('',*,*,#433,.T.);
#433 = EDGE_CURVE('',#426,#434,#436,.T.);
#434 = VERTEX_POINT('',#435);
#435 = CARTESIAN_POINT('',(141.29999331557,-73.25032464079,1.4));
#436 = LINE('',#437,#438);
#437 = CARTESIAN_POINT('',(141.16080781449,-74.07532349617,1.4));
#438 = VECTOR('',#439,1.);
#439 = DIRECTION('',(0.166359002053,0.986065252626,0.));
#440 = ORIENTED_EDGE('',*,*,#441,.T.);
#441 = EDGE_CURVE('',#434,#442,#444,.T.);
#442 = VERTEX_POINT('',#443);
#443 = CARTESIAN_POINT('',(141.2999695874,-70.3,1.4));
#444 = LINE('',#445,#446);
#445 = CARTESIAN_POINT('',(141.29999331557,-73.25032464079,1.4));
#446 = VECTOR('',#447,1.);
#447 = DIRECTION('',(-8.042560491297E-06,0.999999999968,0.));
#448 = ORIENTED_EDGE('',*,*,#449,.T.);
#449 = EDGE_CURVE('',#442,#450,#452,.T.);
#450 = VERTEX_POINT('',#451);
#451 = CARTESIAN_POINT('',(124.15441558772,-70.3,1.4));
#452 = LINE('',#453,#454);
#453 = CARTESIAN_POINT('',(141.2999695874,-70.3,1.4));
#454 = VECTOR('',#455,1.);
#455 = DIRECTION('',(-1.,0.,0.));
#456 = ORIENTED_EDGE('',*,*,#457,.T.);
#457 = EDGE_CURVE('',#450,#458,#460,.T.);
#458 = VERTEX_POINT('',#459);
#459 = CARTESIAN_POINT('',(129.04406879339,-65.41034679433,1.4));
#460 = LINE('',#461,#462);
#461 = CARTESIAN_POINT('',(124.15441558772,-70.3,1.4));
#462 = VECTOR('',#463,1.);
#463 = DIRECTION('',(0.707106781187,0.707106781187,0.));
#464 = ORIENTED_EDGE('',*,*,#465,.F.);
#465 = EDGE_CURVE('',#466,#458,#468,.T.);
#466 = VERTEX_POINT('',#467);
#467 = CARTESIAN_POINT('',(132.01034679433,-62.44406879339,1.4));
#468 = CIRCLE('',#469,2.1);
#469 = AXIS2_PLACEMENT_3D('',#470,#471,#472);
#470 = CARTESIAN_POINT('',(130.6,-64.,1.4));
#471 = DIRECTION('',(0.,0.,1.));
#472 = DIRECTION('',(1.,0.,0.));
#473 = ORIENTED_EDGE('',*,*,#474,.T.);
#474 = EDGE_CURVE('',#466,#475,#477,.T.);
#475 = VERTEX_POINT('',#476);
#476 = CARTESIAN_POINT('',(133.2,-61.25441558772,1.4));
#477 = LINE('',#478,#479);
#478 = CARTESIAN_POINT('',(124.15441558772,-70.3,1.4));
#479 = VECTOR('',#480,1.);
#480 = DIRECTION('',(0.707106781187,0.707106781187,0.));
#481 = ORIENTED_EDGE('',*,*,#482,.T.);
#482 = EDGE_CURVE('',#475,#483,#485,.T.);
#483 = VERTEX_POINT('',#484);
#484 = CARTESIAN_POINT('',(133.2,-14.74558441227,1.4));
#485 = LINE('',#486,#487);
#486 = CARTESIAN_POINT('',(133.2,-61.25441558772,1.4));
#487 = VECTOR('',#488,1.);
#488 = DIRECTION('',(0.,1.,0.));
#489 = ORIENTED_EDGE('',*,*,#490,.T.);
#490 = EDGE_CURVE('',#483,#491,#493,.T.);
#491 = VERTEX_POINT('',#492);
#492 = CARTESIAN_POINT('',(131.25441558772,-12.8,1.4));
#493 = LINE('',#494,#495);
#494 = CARTESIAN_POINT('',(133.2,-14.74558441227,1.4));
#495 = VECTOR('',#496,1.);
#496 = DIRECTION('',(-0.707106781187,0.707106781187,0.));
#497 = ORIENTED_EDGE('',*,*,#498,.T.);
#498 = EDGE_CURVE('',#491,#499,#501,.T.);
#499 = VERTEX_POINT('',#500);
#500 = CARTESIAN_POINT('',(109.2,-12.8,1.4));
#501 = LINE('',#502,#503);
#502 = CARTESIAN_POINT('',(131.25441558772,-12.8,1.4));
#503 = VECTOR('',#504,1.);
#504 = DIRECTION('',(-1.,0.,0.));
#505 = ORIENTED_EDGE('',*,*,#506,.T.);
#506 = EDGE_CURVE('',#499,#507,#509,.T.);
#507 = VERTEX_POINT('',#508);
#508 = CARTESIAN_POINT('',(109.2,-8.8951885301,1.4));
#509 = LINE('',#510,#511);
#510 = CARTESIAN_POINT('',(109.2,-12.8,1.4));
#511 = VECTOR('',#512,1.);
#512 = DIRECTION('',(0.,1.,0.));
#513 = ORIENTED_EDGE('',*,*,#514,.T.);
#514 = EDGE_CURVE('',#507,#515,#517,.T.);
#515 = VERTEX_POINT('',#516);
#516 = CARTESIAN_POINT('',(95.026135997655,-8.892899933619,1.4));
#517 = LINE('',#518,#519);
#518 = CARTESIAN_POINT('',(109.2,-8.8951885301,1.4));
#519 = VECTOR('',#520,1.);
#520 = DIRECTION('',(-0.999999986964,1.614659524768E-04,0.));
#521 = ORIENTED_EDGE('',*,*,#522,.T.);
#522 = EDGE_CURVE('',#515,#523,#525,.T.);
#523 = VERTEX_POINT('',#524);
#524 = CARTESIAN_POINT('',(94.104329013032,-7.717566730999,1.4));
#525 = LINE('',#526,#527);
#526 = CARTESIAN_POINT('',(95.026135997655,-8.892899933619,1.4));
#527 = VECTOR('',#528,1.);
#528 = DIRECTION('',(-0.617130410663,0.786860887473,0.));
#529 = ORIENTED_EDGE('',*,*,#530,.T.);
#530 = EDGE_CURVE('',#523,#531,#533,.T.);
#531 = VERTEX_POINT('',#532);
#532 = CARTESIAN_POINT('',(93.609261071331,-7.299709667543,1.4));
#533 = LINE('',#534,#535);
#534 = CARTESIAN_POINT('',(94.104329013032,-7.717566730999,1.4));
#535 = VECTOR('',#536,1.);
#536 = DIRECTION('',(-0.764182308791,0.645000309249,0.));
#537 = ORIENTED_EDGE('',*,*,#538,.T.);
#538 = EDGE_CURVE('',#531,#539,#541,.T.);
#539 = VERTEX_POINT('',#540);
#540 = CARTESIAN_POINT('',(93.384050455258,-7.169740026376,1.4));
#541 = LINE('',#542,#543);
#542 = CARTESIAN_POINT('',(93.609261071331,-7.299709667543,1.4));
#543 = VECTOR('',#544,1.);
#544 = DIRECTION('',(-0.866118259622,0.499839134471,0.));
#545 = ORIENTED_EDGE('',*,*,#546,.T.);
#546 = EDGE_CURVE('',#539,#547,#549,.T.);
#547 = VERTEX_POINT('',#548);
#548 = CARTESIAN_POINT('',(93.08523947954,-7.048193527578,1.4));
#549 = LINE('',#550,#551);
#550 = CARTESIAN_POINT('',(93.384050455258,-7.169740026376,1.4));
#551 = VECTOR('',#552,1.);
#552 = DIRECTION('',(-0.92629943513,0.376788211703,0.));
#553 = ORIENTED_EDGE('',*,*,#554,.T.);
#554 = EDGE_CURVE('',#547,#555,#557,.T.);
#555 = VERTEX_POINT('',#556);
#556 = CARTESIAN_POINT('',(92.358778254361,-6.912788776991,1.4));
#557 = LINE('',#558,#559);
#558 = CARTESIAN_POINT('',(93.08523947954,-7.048193527578,1.4));
#559 = VECTOR('',#560,1.);
#560 = DIRECTION('',(-0.983069361273,0.183233814909,0.));
#561 = ORIENTED_EDGE('',*,*,#562,.T.);
#562 = EDGE_CURVE('',#555,#563,#565,.T.);
#563 = VERTEX_POINT('',#564);
#564 = CARTESIAN_POINT('',(76.541939327113,-6.898666813901,1.4));
#565 = LINE('',#566,#567);
#566 = CARTESIAN_POINT('',(92.358778254361,-6.912788776991,1.4));
#567 = VECTOR('',#568,1.);
#568 = DIRECTION('',(-0.999999601415,8.928432239807E-04,0.));
#569 = ORIENTED_EDGE('',*,*,#570,.T.);
#570 = EDGE_CURVE('',#563,#571,#573,.T.);
#571 = VERTEX_POINT('',#572);
#572 = CARTESIAN_POINT('',(76.474691874104,-4.202515110717,1.4));
#573 = LINE('',#574,#575);
#574 = CARTESIAN_POINT('',(76.541939327113,-6.898666813901,1.4));
#575 = VECTOR('',#576,1.);
#576 = DIRECTION('',(-2.493425916207E-02,0.999689093028,0.));
#577 = ORIENTED_EDGE('',*,*,#578,.T.);
#578 = EDGE_CURVE('',#571,#579,#581,.T.);
#579 = VERTEX_POINT('',#580);
#580 = CARTESIAN_POINT('',(76.382454598481,-3.737593061112,1.4));
#581 = LINE('',#582,#583);
#582 = CARTESIAN_POINT('',(76.474691874104,-4.202515110717,1.4));
#583 = VECTOR('',#584,1.);
#584 = DIRECTION('',(-0.194600239301,0.980882636641,0.));
#585 = ORIENTED_EDGE('',*,*,#586,.T.);
#586 = EDGE_CURVE('',#579,#587,#589,.T.);
#587 = VERTEX_POINT('',#588);
#588 = CARTESIAN_POINT('',(76.223487385624,-3.32377086785,1.4));
#589 = LINE('',#590,#591);
#590 = CARTESIAN_POINT('',(76.382454598481,-3.737593061112,1.4));
#591 = VECTOR('',#592,1.);
#592 = DIRECTION('',(-0.358595524171,0.933493036955,0.));
#593 = ORIENTED_EDGE('',*,*,#594,.T.);
#594 = EDGE_CURVE('',#587,#595,#597,.T.);
#595 = VERTEX_POINT('',#596);
#596 = CARTESIAN_POINT('',(75.921976453976,-2.852602501533,1.4));
#597 = LINE('',#598,#599);
#598 = CARTESIAN_POINT('',(76.223487385624,-3.32377086785,1.4));
#599 = VECTOR('',#600,1.);
#600 = DIRECTION('',(-0.539006996099,0.842301287045,0.));
#601 = ORIENTED_EDGE('',*,*,#602,.T.);
#602 = EDGE_CURVE('',#595,#603,#605,.T.);
#603 = VERTEX_POINT('',#604);
#604 = CARTESIAN_POINT('',(75.603164386462,-2.524968751652,1.4));
#605 = LINE('',#606,#607);
#606 = CARTESIAN_POINT('',(75.921976453976,-2.852602501533,1.4));
#607 = VECTOR('',#608,1.);
#608 = DIRECTION('',(-0.697392359764,0.716689539858,0.));
#609 = ORIENTED_EDGE('',*,*,#610,.T.);
#610 = EDGE_CURVE('',#603,#611,#613,.T.);
#611 = VERTEX_POINT('',#612);
#612 = CARTESIAN_POINT('',(75.12483747796,-2.204405529982,1.4));
#613 = LINE('',#614,#615);
#614 = CARTESIAN_POINT('',(75.603164386462,-2.524968751652,1.4));
#615 = VECTOR('',#616,1.);
#616 = DIRECTION('',(-0.830702358427,0.556716796679,0.));
#617 = ORIENTED_EDGE('',*,*,#618,.T.);
#618 = EDGE_CURVE('',#611,#619,#621,.T.);
#619 = VERTEX_POINT('',#620);
#620 = CARTESIAN_POINT('',(74.690368280245,-2.029959147851,1.4));
#621 = LINE('',#622,#623);
#622 = CARTESIAN_POINT('',(75.12483747796,-2.204405529982,1.4));
#623 = VECTOR('',#624,1.);
#624 = DIRECTION('',(-0.927990748365,0.372603235291,0.));
#625 = ORIENTED_EDGE('',*,*,#626,.T.);
#626 = EDGE_CURVE('',#619,#627,#629,.T.);
#627 = VERTEX_POINT('',#628);
#628 = CARTESIAN_POINT('',(74.173507797714,-1.929737479384,1.4));
#629 = LINE('',#630,#631);
#630 = CARTESIAN_POINT('',(74.690368280245,-2.029959147851,1.4));
#631 = VECTOR('',#632,1.);
#632 = DIRECTION('',(-0.981714537535,0.190359047047,0.));
#633 = ORIENTED_EDGE('',*,*,#634,.T.);
#634 = EDGE_CURVE('',#627,#635,#637,.T.);
#635 = VERTEX_POINT('',#636);
#636 = CARTESIAN_POINT('',(57.901866519384,-1.909510976355,1.4));
#637 = LINE('',#638,#639);
#638 = CARTESIAN_POINT('',(74.173507797714,-1.929737479384,1.4));
#639 = VECTOR('',#640,1.);
#640 = DIRECTION('',(-0.999999227411,1.24305145721E-03,0.));
#641 = ORIENTED_EDGE('',*,*,#642,.T.);
#642 = EDGE_CURVE('',#635,#643,#645,.T.);
#643 = VERTEX_POINT('',#644);
#644 = CARTESIAN_POINT('',(57.610694716693,-1.939810220999,1.4));
#645 = LINE('',#646,#647);
#646 = CARTESIAN_POINT('',(57.901866519384,-1.909510976355,1.4));
#647 = VECTOR('',#648,1.);
#648 = DIRECTION('',(-0.994629368916,-0.103500813956,0.));
#649 = ORIENTED_EDGE('',*,*,#650,.T.);
#650 = EDGE_CURVE('',#643,#651,#653,.T.);
#651 = VERTEX_POINT('',#652);
#652 = CARTESIAN_POINT('',(57.410001988729,-1.982296079162,1.4));
#653 = LINE('',#654,#655);
#654 = CARTESIAN_POINT('',(57.610694716693,-1.939810220999,1.4));
#655 = VECTOR('',#656,1.);
#656 = DIRECTION('',(-0.978318475247,-0.207106158748,0.));
#657 = ORIENTED_EDGE('',*,*,#658,.T.);
#658 = EDGE_CURVE('',#651,#659,#661,.T.);
#659 = VERTEX_POINT('',#660);
#660 = CARTESIAN_POINT('',(56.84828312182,-2.200988727721,1.4));
#661 = LINE('',#662,#663);
#662 = CARTESIAN_POINT('',(57.410001988729,-1.982296079162,1.4));
#663 = VECTOR('',#664,1.);
#664 = DIRECTION('',(-0.93186650925,-0.362801335359,0.));
#665 = ORIENTED_EDGE('',*,*,#666,.T.);
#666 = EDGE_CURVE('',#659,#667,#669,.T.);
#667 = VERTEX_POINT('',#668);
#668 = CARTESIAN_POINT('',(56.394777175741,-2.506426037243,1.4));
#669 = LINE('',#670,#671);
#670 = CARTESIAN_POINT('',(56.84828312182,-2.200988727721,1.4));
#671 = VECTOR('',#672,1.);
#672 = DIRECTION('',(-0.829424269002,-0.558619174384,0.));
#673 = ORIENTED_EDGE('',*,*,#674,.T.);
#674 = EDGE_CURVE('',#667,#675,#677,.T.);
#675 = VERTEX_POINT('',#676);
#676 = CARTESIAN_POINT('',(56.017081413994,-2.906049584304,1.4));
#677 = LINE('',#678,#679);
#678 = CARTESIAN_POINT('',(56.394777175741,-2.506426037243,1.4));
#679 = VECTOR('',#680,1.);
#680 = DIRECTION('',(-0.686886406457,-0.726764793193,0.));
#681 = ORIENTED_EDGE('',*,*,#682,.T.);
#682 = EDGE_CURVE('',#675,#683,#685,.T.);
#683 = VERTEX_POINT('',#684);
#684 = CARTESIAN_POINT('',(55.818114303549,-3.238516189654,1.4));
#685 = LINE('',#686,#687);
#686 = CARTESIAN_POINT('',(56.017081413994,-2.906049584304,1.4));
#687 = VECTOR('',#688,1.);
#688 = DIRECTION('',(-0.513522157722,-0.85807633316,0.));
#689 = ORIENTED_EDGE('',*,*,#690,.T.);
#690 = EDGE_CURVE('',#683,#691,#693,.T.);
#691 = VERTEX_POINT('',#692);
#692 = CARTESIAN_POINT('',(55.625171041971,-3.720967831864,1.4));
#693 = LINE('',#694,#695);
#694 = CARTESIAN_POINT('',(55.818114303549,-3.238516189654,1.4));
#695 = VECTOR('',#696,1.);
#696 = DIRECTION('',(-0.371328633221,-0.928501505734,0.));
#697 = ORIENTED_EDGE('',*,*,#698,.T.);
#698 = EDGE_CURVE('',#691,#699,#701,.T.);
#699 = VERTEX_POINT('',#700);
#700 = CARTESIAN_POINT('',(55.526034289338,-4.202712085893,1.4));
#701 = LINE('',#702,#703);
#702 = CARTESIAN_POINT('',(55.625171041971,-3.720967831864,1.4));
#703 = VECTOR('',#704,1.);
#704 = DIRECTION('',(-0.201563415092,-0.979475466613,0.));
#705 = ORIENTED_EDGE('',*,*,#706,.T.);
#706 = EDGE_CURVE('',#699,#707,#709,.T.);
#707 = VERTEX_POINT('',#708);
#708 = CARTESIAN_POINT('',(55.457326453415,-6.899927016541,1.4));
#709 = LINE('',#710,#711);
#710 = CARTESIAN_POINT('',(55.526034289338,-4.202712085893,1.4));
#711 = VECTOR('',#712,1.);
#712 = DIRECTION('',(-2.546536189635E-02,-0.999675705088,0.));
#713 = ORIENTED_EDGE('',*,*,#714,.T.);
#714 = EDGE_CURVE('',#707,#715,#717,.T.);
#715 = VERTEX_POINT('',#716);
#716 = CARTESIAN_POINT('',(40.089825461618,-6.900695170416,1.4));
#717 = LINE('',#718,#719);
#718 = CARTESIAN_POINT('',(55.457326453415,-6.899927016541,1.4));
#719 = VECTOR('',#720,1.);
#720 = DIRECTION('',(-0.999999998751,-4.99856075818E-05,0.));
#721 = ORIENTED_EDGE('',*,*,#722,.T.);
#722 = EDGE_CURVE('',#715,#723,#725,.T.);
#723 = VERTEX_POINT('',#724);
#724 = CARTESIAN_POINT('',(39.297962058134,-7.026189495461,1.4));
#725 = LINE('',#726,#727);
#726 = CARTESIAN_POINT('',(40.089825461618,-6.900695170416,1.4));
#727 = VECTOR('',#728,1.);
#728 = DIRECTION('',(-0.987673789601,-0.156526308761,0.));
#729 = ORIENTED_EDGE('',*,*,#730,.T.);
#730 = EDGE_CURVE('',#723,#731,#733,.T.);
#731 = VERTEX_POINT('',#732);
#732 = CARTESIAN_POINT('',(38.902953792571,-7.175470930229,1.4));
#733 = LINE('',#734,#735);
#734 = CARTESIAN_POINT('',(39.297962058134,-7.026189495461,1.4));
#735 = VECTOR('',#736,1.);
#736 = DIRECTION('',(-0.935428173983,-0.35351680486,0.));
#737 = ORIENTED_EDGE('',*,*,#738,.T.);
#738 = EDGE_CURVE('',#731,#739,#741,.T.);
#739 = VERTEX_POINT('',#740);
#740 = CARTESIAN_POINT('',(38.621580582549,-7.338940432962,1.4));
#741 = LINE('',#742,#743);
#742 = CARTESIAN_POINT('',(38.902953792571,-7.175470930229,1.4));
#743 = VECTOR('',#744,1.);
#744 = DIRECTION('',(-0.864666807223,-0.502345809665,0.));
#745 = ORIENTED_EDGE('',*,*,#746,.T.);
#746 = EDGE_CURVE('',#739,#747,#749,.T.);
#747 = VERTEX_POINT('',#748);
#748 = CARTESIAN_POINT('',(38.244601928548,-7.65966345925,1.4));
#749 = LINE('',#750,#751);
#750 = CARTESIAN_POINT('',(38.621580582549,-7.338940432962,1.4));
#751 = VECTOR('',#752,1.);
#752 = DIRECTION('',(-0.761648942589,-0.647989882832,0.));
#753 = ORIENTED_EDGE('',*,*,#754,.T.);
#754 = EDGE_CURVE('',#747,#755,#757,.T.);
#755 = VERTEX_POINT('',#756);
#756 = CARTESIAN_POINT('',(37.964392591927,-8.001100955696,1.4));
#757 = LINE('',#758,#759);
#758 = CARTESIAN_POINT('',(38.244601928548,-7.65966345925,1.4));
#759 = VECTOR('',#760,1.);
#760 = DIRECTION('',(-0.634391694436,-0.773011758016,0.));
#761 = ORIENTED_EDGE('',*,*,#762,.T.);
#762 = EDGE_CURVE('',#755,#763,#765,.T.);
#763 = VERTEX_POINT('',#764);
#764 = CARTESIAN_POINT('',(37.703749323338,-8.496008695412,1.4));
#765 = LINE('',#766,#767);
#766 = CARTESIAN_POINT('',(37.964392591927,-8.001100955696,1.4));
#767 = VECTOR('',#768,1.);
#768 = DIRECTION('',(-0.465978130586,-0.884796237456,0.));
#769 = ORIENTED_EDGE('',*,*,#770,.T.);
#770 = EDGE_CURVE('',#763,#771,#773,.T.);
#771 = VERTEX_POINT('',#772);
#772 = CARTESIAN_POINT('',(37.560370428104,-8.990417209847,1.4));
#773 = LINE('',#774,#775);
#774 = CARTESIAN_POINT('',(37.703749323338,-8.496008695412,1.4));
#775 = VECTOR('',#776,1.);
#776 = DIRECTION('',(-0.278525213674,-0.960428917384,0.));
#777 = ORIENTED_EDGE('',*,*,#778,.T.);
#778 = EDGE_CURVE('',#771,#779,#781,.T.);
#779 = VERTEX_POINT('',#780);
#780 = CARTESIAN_POINT('',(37.505155115797,-9.373509516631,1.4));
#781 = LINE('',#782,#783);
#782 = CARTESIAN_POINT('',(37.560370428104,-8.990417209847,1.4));
#783 = VECTOR('',#784,1.);
#784 = DIRECTION('',(-0.142656440375,-0.989772266746,0.));
#785 = ORIENTED_EDGE('',*,*,#786,.T.);
#786 = EDGE_CURVE('',#779,#787,#789,.T.);
#787 = VERTEX_POINT('',#788);
#788 = CARTESIAN_POINT('',(37.46675642172,-18.89845033562,1.4));
#789 = LINE('',#790,#791);
#790 = CARTESIAN_POINT('',(37.505155115797,-9.373509516631,1.4));
#791 = VECTOR('',#792,1.);
#792 = DIRECTION('',(-4.03135124736E-03,-0.999991874071,0.));
#793 = ORIENTED_EDGE('',*,*,#794,.T.);
#794 = EDGE_CURVE('',#787,#795,#797,.T.);
#795 = VERTEX_POINT('',#796);
#796 = CARTESIAN_POINT('',(21.516674977573,-18.90985173047,1.4));
#797 = LINE('',#798,#799);
#798 = CARTESIAN_POINT('',(37.46675642172,-18.89845033562,1.4));
#799 = VECTOR('',#800,1.);
#800 = DIRECTION('',(-0.999999744518,-7.148171610022E-04,0.));
#801 = ORIENTED_EDGE('',*,*,#802,.T.);
#802 = EDGE_CURVE('',#795,#803,#805,.T.);
#803 = VERTEX_POINT('',#804);
#804 = CARTESIAN_POINT('',(21.161808130777,-18.95596194173,1.4));
#805 = LINE('',#806,#807);
#806 = CARTESIAN_POINT('',(21.516674977573,-18.90985173047,1.4));
#807 = VECTOR('',#808,1.);
#808 = DIRECTION('',(-0.991663645828,-0.128853457627,0.));
#809 = ORIENTED_EDGE('',*,*,#810,.T.);
#810 = EDGE_CURVE('',#803,#811,#813,.T.);
#811 = VERTEX_POINT('',#812);
#812 = CARTESIAN_POINT('',(20.803144645959,-19.050495458,1.4));
#813 = LINE('',#814,#815);
#814 = CARTESIAN_POINT('',(21.161808130777,-18.95596194173,1.4));
#815 = VECTOR('',#816,1.);
#816 = DIRECTION('',(-0.966976003575,-0.254867433208,0.));
#817 = ORIENTED_EDGE('',*,*,#818,.T.);
#818 = EDGE_CURVE('',#811,#819,#821,.T.);
#819 = VERTEX_POINT('',#820);
#820 = CARTESIAN_POINT('',(20.399770816538,-19.22896687291,1.4));
#821 = LINE('',#822,#823);
#822 = CARTESIAN_POINT('',(20.803144645959,-19.050495458,1.4));
#823 = VECTOR('',#824,1.);
#824 = DIRECTION('',(-0.914488309112,-0.40461232371,0.));
#825 = ORIENTED_EDGE('',*,*,#826,.T.);
#826 = EDGE_CURVE('',#819,#827,#829,.T.);
#827 = VERTEX_POINT('',#828);
#828 = CARTESIAN_POINT('',(20.107578575135,-19.41848637758,1.4));
#829 = LINE('',#830,#831);
#830 = CARTESIAN_POINT('',(20.399770816538,-19.22896687291,1.4));
#831 = VECTOR('',#832,1.);
#832 = DIRECTION('',(-0.838975179627,-0.544169686743,0.));
#833 = ORIENTED_EDGE('',*,*,#834,.T.);
#834 = EDGE_CURVE('',#827,#835,#837,.T.);
#835 = VERTEX_POINT('',#836);
#836 = CARTESIAN_POINT('',(19.778944267271,-19.71552003226,1.4));
#837 = LINE('',#838,#839);
#838 = CARTESIAN_POINT('',(20.107578575135,-19.41848637758,1.4));
#839 = VECTOR('',#840,1.);
#840 = DIRECTION('',(-0.741875024715,-0.670538177664,0.));
#841 = ORIENTED_EDGE('',*,*,#842,.T.);
#842 = EDGE_CURVE('',#835,#843,#845,.T.);
#843 = VERTEX_POINT('',#844);
#844 = CARTESIAN_POINT('',(19.559948173295,-19.98837657617,1.4));
#845 = LINE('',#846,#847);
#846 = CARTESIAN_POINT('',(19.778944267271,-19.71552003226,1.4));
#847 = VECTOR('',#848,1.);
#848 = DIRECTION('',(-0.625933146653,-0.779876718412,0.));
#849 = ORIENTED_EDGE('',*,*,#850,.T.);
#850 = EDGE_CURVE('',#843,#851,#853,.T.);
#851 = VERTEX_POINT('',#852);
#852 = CARTESIAN_POINT('',(19.175494894638,-20.66100995255,1.4));
#853 = LINE('',#854,#855);
#854 = CARTESIAN_POINT('',(19.559948173295,-19.98837657617,1.4));
#855 = VECTOR('',#856,1.);
#856 = DIRECTION('',(-0.496227820147,-0.868192346495,0.));
#857 = ORIENTED_EDGE('',*,*,#858,.T.);
#858 = EDGE_CURVE('',#851,#859,#861,.T.);
#859 = VERTEX_POINT('',#860);
#860 = CARTESIAN_POINT('',(18.80075537958,-21.07410487553,1.4));
#861 = LINE('',#862,#863);
#862 = CARTESIAN_POINT('',(19.175494894638,-20.66100995255,1.4));
#863 = VECTOR('',#864,1.);
#864 = DIRECTION('',(-0.671885789828,-0.740654768045,0.));
#865 = ORIENTED_EDGE('',*,*,#866,.T.);
#866 = EDGE_CURVE('',#859,#867,#869,.T.);
#867 = VERTEX_POINT('',#868);
#868 = CARTESIAN_POINT('',(18.740424618439,-21.20157623769,1.4));
#869 = LINE('',#870,#871);
#870 = CARTESIAN_POINT('',(18.80075537958,-21.07410487553,1.4));
#871 = VECTOR('',#872,1.);
#872 = DIRECTION('',(-0.427794377159,-0.90387608159,0.));
#873 = ORIENTED_EDGE('',*,*,#874,.T.);
#874 = EDGE_CURVE('',#867,#875,#877,.T.);
#875 = VERTEX_POINT('',#876);
#876 = CARTESIAN_POINT('',(18.7,-21.47393130082,1.4));
#877 = LINE('',#878,#879);
#878 = CARTESIAN_POINT('',(18.740424618439,-21.20157623769,1.4));
#879 = VECTOR('',#880,1.);
#880 = DIRECTION('',(-0.146817756874,-0.989163558905,0.));
#881 = ORIENTED_EDGE('',*,*,#882,.T.);
#882 = EDGE_CURVE('',#875,#883,#885,.T.);
#883 = VERTEX_POINT('',#884);
#884 = CARTESIAN_POINT('',(18.7,-36.52020410288,1.4));
#885 = LINE('',#886,#887);
#886 = CARTESIAN_POINT('',(18.7,-21.47393130082,1.4));
#887 = VECTOR('',#888,1.);
#888 = DIRECTION('',(0.,-1.,0.));
#889 = ORIENTED_EDGE('',*,*,#890,.F.);
#890 = EDGE_CURVE('',#57,#883,#891,.T.);
#891 = CIRCLE('',#892,2.5);
#892 = AXIS2_PLACEMENT_3D('',#893,#894,#895);
#893 = CARTESIAN_POINT('',(21.,-37.5,1.4));
#894 = DIRECTION('',(0.,0.,1.));
#895 = DIRECTION('',(1.,0.,0.));
#896 = FACE_BOUND('',#897,.T.);
#897 = EDGE_LOOP('',(#898));
#898 = ORIENTED_EDGE('',*,*,#899,.F.);
#899 = EDGE_CURVE('',#900,#900,#902,.T.);
#900 = VERTEX_POINT('',#901);
#901 = CARTESIAN_POINT('',(43.5,-66.6,1.4));
#902 = CIRCLE('',#903,2.3);
#903 = AXIS2_PLACEMENT_3D('',#904,#905,#906);
#904 = CARTESIAN_POINT('',(41.2,-66.6,1.4));
#905 = DIRECTION('',(0.,0.,1.));
#906 = DIRECTION('',(1.,0.,0.));
#907 = FACE_BOUND('',#908,.T.);
#908 = EDGE_LOOP('',(#909));
#909 = ORIENTED_EDGE('',*,*,#39,.F.);
#910 = FACE_BOUND('',#911,.T.);
#911 = EDGE_LOOP('',(#912));
#912 = ORIENTED_EDGE('',*,*,#913,.F.);
#913 = EDGE_CURVE('',#914,#914,#916,.T.);
#914 = VERTEX_POINT('',#915);
#915 = CARTESIAN_POINT('',(58.8,-20.5,1.4));
#916 = CIRCLE('',#917,1.8);
#917 = AXIS2_PLACEMENT_3D('',#918,#919,#920);
#918 = CARTESIAN_POINT('',(57.,-20.5,1.4));
#919 = DIRECTION('',(0.,0.,1.));
#920 = DIRECTION('',(1.,0.,0.));
#921 = PLANE('',#922);
#922 = AXIS2_PLACEMENT_3D('',#923,#924,#925);
#923 = CARTESIAN_POINT('',(81.822000701369,-46.20346213171,1.4));
#924 = DIRECTION('',(0.,0.,1.));
#925 = DIRECTION('',(1.,0.,0.));
#926 = ADVANCED_FACE('',(#927,#930),#941,.T.);
#927 = FACE_BOUND('',#928,.T.);
#928 = EDGE_LOOP('',(#929));
#929 = ORIENTED_EDGE('',*,*,#31,.T.);
#930 = FACE_BOUND('',#931,.T.);
#931 = EDGE_LOOP('',(#932));
#932 = ORIENTED_EDGE('',*,*,#933,.T.);
#933 = EDGE_CURVE('',#934,#934,#936,.T.);
#934 = VERTEX_POINT('',#935);
#935 = CARTESIAN_POINT('',(115.35,-64.,3.8));
#936 = CIRCLE('',#937,0.85);
#937 = AXIS2_PLACEMENT_3D('',#938,#939,#940);
#938 = CARTESIAN_POINT('',(114.5,-64.,3.8));
#939 = DIRECTION('',(0.,0.,-1.));
#940 = DIRECTION('',(1.,0.,0.));
#941 = PLANE('',#942);
#942 = AXIS2_PLACEMENT_3D('',#943,#944,#945);
#943 = CARTESIAN_POINT('',(114.5,-64.,3.8));
#944 = DIRECTION('',(0.,0.,1.));
#945 = DIRECTION('',(1.,0.,0.));
#946 = ADVANCED_FACE('',(#947),#983,.T.);
#947 = FACE_BOUND('',#948,.F.);
#948 = EDGE_LOOP('',(#949,#957,#966,#975,#981,#982));
#949 = ORIENTED_EDGE('',*,*,#950,.F.);
#950 = EDGE_CURVE('',#951,#55,#953,.T.);
#951 = VERTEX_POINT('',#952);
#952 = CARTESIAN_POINT('',(18.7,-38.47979589711,3.8));
#953 = LINE('',#954,#955);
#954 = CARTESIAN_POINT('',(18.7,-38.47979589711,1.4));
#955 = VECTOR('',#956,1.);
#956 = DIRECTION('',(-0.,-0.,-1.));
#957 = ORIENTED_EDGE('',*,*,#958,.T.);
#958 = EDGE_CURVE('',#951,#959,#961,.T.);
#959 = VERTEX_POINT('',#960);
#960 = CARTESIAN_POINT('',(23.5,-37.5,3.8));
#961 = CIRCLE('',#962,2.5);
#962 = AXIS2_PLACEMENT_3D('',#963,#964,#965);
#963 = CARTESIAN_POINT('',(21.,-37.5,3.8));
#964 = DIRECTION('',(0.,0.,1.));
#965 = DIRECTION('',(1.,0.,0.));
#966 = ORIENTED_EDGE('',*,*,#967,.T.);
#967 = EDGE_CURVE('',#959,#968,#970,.T.);
#968 = VERTEX_POINT('',#969);
#969 = CARTESIAN_POINT('',(18.7,-36.52020410288,3.8));
#970 = CIRCLE('',#971,2.5);
#971 = AXIS2_PLACEMENT_3D('',#972,#973,#974);
#972 = CARTESIAN_POINT('',(21.,-37.5,3.8));
#973 = DIRECTION('',(0.,0.,1.));
#974 = DIRECTION('',(1.,0.,0.));
#975 = ORIENTED_EDGE('',*,*,#976,.T.);
#976 = EDGE_CURVE('',#968,#883,#977,.T.);
#977 = LINE('',#978,#979);
#978 = CARTESIAN_POINT('',(18.7,-36.52020410288,1.4));
#979 = VECTOR('',#980,1.);
#980 = DIRECTION('',(-0.,-0.,-1.));
#981 = ORIENTED_EDGE('',*,*,#890,.F.);
#982 = ORIENTED_EDGE('',*,*,#54,.F.);
#983 = CYLINDRICAL_SURFACE('',#984,2.5);
#984 = AXIS2_PLACEMENT_3D('',#985,#986,#987);
#985 = CARTESIAN_POINT('',(21.,-37.5,1.4));
#986 = DIRECTION('',(-0.,-0.,-1.));
#987 = DIRECTION('',(1.,0.,0.));
#988 = ADVANCED_FACE('',(#989),#1055,.T.);
#989 = FACE_BOUND('',#990,.T.);
#990 = EDGE_LOOP('',(#991,#992,#1000,#1008,#1016,#1024,#1032,#1040,#1046
    ,#1047,#1048,#1054));
#991 = ORIENTED_EDGE('',*,*,#882,.F.);
#992 = ORIENTED_EDGE('',*,*,#993,.T.);
#993 = EDGE_CURVE('',#875,#994,#996,.T.);
#994 = VERTEX_POINT('',#995);
#995 = CARTESIAN_POINT('',(18.7,-21.47393130082,6.3));
#996 = LINE('',#997,#998);
#997 = CARTESIAN_POINT('',(18.7,-21.47393130082,1.4));
#998 = VECTOR('',#999,1.);
#999 = DIRECTION('',(0.,0.,1.));
#1000 = ORIENTED_EDGE('',*,*,#1001,.F.);
#1001 = EDGE_CURVE('',#1002,#994,#1004,.T.);
#1002 = VERTEX_POINT('',#1003);
#1003 = CARTESIAN_POINT('',(18.7,-36.2875644347,6.3));
#1004 = LINE('',#1005,#1006);
#1005 = CARTESIAN_POINT('',(18.7,-33.77452620237,6.3));
#1006 = VECTOR('',#1007,1.);
#1007 = DIRECTION('',(0.,1.,0.));
#1008 = ORIENTED_EDGE('',*,*,#1009,.T.);
#1009 = EDGE_CURVE('',#1002,#1010,#1012,.T.);
#1010 = VERTEX_POINT('',#1011);
#1011 = CARTESIAN_POINT('',(18.7,-36.2875644347,5.4));
#1012 = LINE('',#1013,#1014);
#1013 = CARTESIAN_POINT('',(18.7,-36.2875644347,5.4));
#1014 = VECTOR('',#1015,1.);
#1015 = DIRECTION('',(-0.,-0.,-1.));
#1016 = ORIENTED_EDGE('',*,*,#1017,.T.);
#1017 = EDGE_CURVE('',#1010,#1018,#1020,.T.);
#1018 = VERTEX_POINT('',#1019);
#1019 = CARTESIAN_POINT('',(18.7,-38.71243556529,5.4));
#1020 = LINE('',#1021,#1022);
#1021 = CARTESIAN_POINT('',(18.7,-29.48696565041,5.4));
#1022 = VECTOR('',#1023,1.);
#1023 = DIRECTION('',(0.,-1.,0.));
#1024 = ORIENTED_EDGE('',*,*,#1025,.F.);
#1025 = EDGE_CURVE('',#1026,#1018,#1028,.T.);
#1026 = VERTEX_POINT('',#1027);
#1027 = CARTESIAN_POINT('',(18.7,-38.71243556529,6.3));
#1028 = LINE('',#1029,#1030);
#1029 = CARTESIAN_POINT('',(18.7,-38.71243556529,5.4));
#1030 = VECTOR('',#1031,1.);
#1031 = DIRECTION('',(-0.,-0.,-1.));
#1032 = ORIENTED_EDGE('',*,*,#1033,.F.);
#1033 = EDGE_CURVE('',#1034,#1026,#1036,.T.);
#1034 = VERTEX_POINT('',#1035);
#1035 = CARTESIAN_POINT('',(18.7,-70.49775414642,6.3));
#1036 = LINE('',#1037,#1038);
#1037 = CARTESIAN_POINT('',(18.7,-33.77452620237,6.3));
#1038 = VECTOR('',#1039,1.);
#1039 = DIRECTION('',(0.,1.,0.));
#1040 = ORIENTED_EDGE('',*,*,#1041,.F.);
#1041 = EDGE_CURVE('',#66,#1034,#1042,.T.);
#1042 = LINE('',#1043,#1044);
#1043 = CARTESIAN_POINT('',(18.7,-70.49775414642,1.4));
#1044 = VECTOR('',#1045,1.);
#1045 = DIRECTION('',(0.,0.,1.));
#1046 = ORIENTED_EDGE('',*,*,#65,.F.);
#1047 = ORIENTED_EDGE('',*,*,#950,.F.);
#1048 = ORIENTED_EDGE('',*,*,#1049,.F.);
#1049 = EDGE_CURVE('',#968,#951,#1050,.T.);
#1050 = LINE('',#1051,#1052);
#1051 = CARTESIAN_POINT('',(18.7,-29.48696565041,3.8));
#1052 = VECTOR('',#1053,1.);
#1053 = DIRECTION('',(0.,-1.,0.));
#1054 = ORIENTED_EDGE('',*,*,#976,.T.);
#1055 = PLANE('',#1056);
#1056 = AXIS2_PLACEMENT_3D('',#1057,#1058,#1059);
#1057 = CARTESIAN_POINT('',(18.7,-21.47393130082,1.4));
#1058 = DIRECTION('',(1.,0.,0.));
#1059 = DIRECTION('',(0.,-1.,0.));
#1060 = ADVANCED_FACE('',(#1061),#1079,.T.);
#1061 = FACE_BOUND('',#1062,.T.);
#1062 = EDGE_LOOP('',(#1063,#1064,#1065,#1073));
#1063 = ORIENTED_EDGE('',*,*,#73,.F.);
#1064 = ORIENTED_EDGE('',*,*,#1041,.T.);
#1065 = ORIENTED_EDGE('',*,*,#1066,.F.);
#1066 = EDGE_CURVE('',#1067,#1034,#1069,.T.);
#1067 = VERTEX_POINT('',#1068);
#1068 = CARTESIAN_POINT('',(18.747410187284,-70.79178751516,6.3));
#1069 = LINE('',#1070,#1071);
#1070 = CARTESIAN_POINT('',(17.578886529049,-63.5447174787,6.3));
#1071 = VECTOR('',#1072,1.);
#1072 = DIRECTION('',(-0.159184825389,0.987248799121,0.));
#1073 = ORIENTED_EDGE('',*,*,#1074,.F.);
#1074 = EDGE_CURVE('',#74,#1067,#1075,.T.);
#1075 = LINE('',#1076,#1077);
#1076 = CARTESIAN_POINT('',(18.747410187284,-70.79178751516,1.4));
#1077 = VECTOR('',#1078,1.);
#1078 = DIRECTION('',(0.,0.,1.));
#1079 = PLANE('',#1080);
#1080 = AXIS2_PLACEMENT_3D('',#1081,#1082,#1083);
#1081 = CARTESIAN_POINT('',(18.7,-70.49775414642,1.4));
#1082 = DIRECTION('',(0.987248799121,0.159184825389,0.));
#1083 = DIRECTION('',(0.159184825389,-0.987248799121,0.));
#1084 = ADVANCED_FACE('',(#1085),#1103,.T.);
#1085 = FACE_BOUND('',#1086,.T.);
#1086 = EDGE_LOOP('',(#1087,#1088,#1089,#1097));
#1087 = ORIENTED_EDGE('',*,*,#81,.F.);
#1088 = ORIENTED_EDGE('',*,*,#1074,.T.);
#1089 = ORIENTED_EDGE('',*,*,#1090,.F.);
#1090 = EDGE_CURVE('',#1091,#1067,#1093,.T.);
#1091 = VERTEX_POINT('',#1092);
#1092 = CARTESIAN_POINT('',(18.817445922274,-70.92644681735,6.3));
#1093 = LINE('',#1094,#1095);
#1094 = CARTESIAN_POINT('',(20.387839794037,-73.94587886814,6.3));
#1095 = VECTOR('',#1096,1.);
#1096 = DIRECTION('',(-0.461419624116,0.887182016545,0.));
#1097 = ORIENTED_EDGE('',*,*,#1098,.F.);
#1098 = EDGE_CURVE('',#82,#1091,#1099,.T.);
#1099 = LINE('',#1100,#1101);
#1100 = CARTESIAN_POINT('',(18.817445922274,-70.92644681735,1.4));
#1101 = VECTOR('',#1102,1.);
#1102 = DIRECTION('',(0.,0.,1.));
#1103 = PLANE('',#1104);
#1104 = AXIS2_PLACEMENT_3D('',#1105,#1106,#1107);
#1105 = CARTESIAN_POINT('',(18.747410187284,-70.79178751516,1.4));
#1106 = DIRECTION('',(0.887182016545,0.461419624116,0.));
#1107 = DIRECTION('',(0.461419624116,-0.887182016545,0.));
#1108 = ADVANCED_FACE('',(#1109),#1127,.T.);
#1109 = FACE_BOUND('',#1110,.T.);
#1110 = EDGE_LOOP('',(#1111,#1112,#1120,#1126));
#1111 = ORIENTED_EDGE('',*,*,#874,.F.);
#1112 = ORIENTED_EDGE('',*,*,#1113,.T.);
#1113 = EDGE_CURVE('',#867,#1114,#1116,.T.);
#1114 = VERTEX_POINT('',#1115);
#1115 = CARTESIAN_POINT('',(18.740424618439,-21.20157623769,6.3));
#1116 = LINE('',#1117,#1118);
#1117 = CARTESIAN_POINT('',(18.740424618439,-21.20157623769,1.4));
#1118 = VECTOR('',#1119,1.);
#1119 = DIRECTION('',(0.,0.,1.));
#1120 = ORIENTED_EDGE('',*,*,#1121,.F.);
#1121 = EDGE_CURVE('',#994,#1114,#1122,.T.);
#1122 = LINE('',#1123,#1124);
#1123 = CARTESIAN_POINT('',(17.6126227043,-28.79997972023,6.3));
#1124 = VECTOR('',#1125,1.);
#1125 = DIRECTION('',(0.146817756874,0.989163558905,0.));
#1126 = ORIENTED_EDGE('',*,*,#993,.F.);
#1127 = PLANE('',#1128);
#1128 = AXIS2_PLACEMENT_3D('',#1129,#1130,#1131);
#1129 = CARTESIAN_POINT('',(18.740424618439,-21.20157623769,1.4));
#1130 = DIRECTION('',(0.989163558905,-0.146817756874,0.));
#1131 = DIRECTION('',(-0.146817756874,-0.989163558905,0.));
#1132 = ADVANCED_FACE('',(#1133),#1151,.T.);
#1133 = FACE_BOUND('',#1134,.T.);
#1134 = EDGE_LOOP('',(#1135,#1136,#1137,#1145));
#1135 = ORIENTED_EDGE('',*,*,#89,.F.);
#1136 = ORIENTED_EDGE('',*,*,#1098,.T.);
#1137 = ORIENTED_EDGE('',*,*,#1138,.F.);
#1138 = EDGE_CURVE('',#1139,#1091,#1141,.T.);
#1139 = VERTEX_POINT('',#1140);
#1140 = CARTESIAN_POINT('',(19.125350752514,-71.2258929434,6.3));
#1141 = LINE('',#1142,#1143);
#1142 = CARTESIAN_POINT('',(28.760444255673,-80.59629295114,6.3));
#1143 = VECTOR('',#1144,1.);
#1144 = DIRECTION('',(-0.716885282942,0.697191143877,0.));
#1145 = ORIENTED_EDGE('',*,*,#1146,.F.);
#1146 = EDGE_CURVE('',#90,#1139,#1147,.T.);
#1147 = LINE('',#1148,#1149);
#1148 = CARTESIAN_POINT('',(19.125350752514,-71.2258929434,1.4));
#1149 = VECTOR('',#1150,1.);
#1150 = DIRECTION('',(0.,0.,1.));
#1151 = PLANE('',#1152);
#1152 = AXIS2_PLACEMENT_3D('',#1153,#1154,#1155);
#1153 = CARTESIAN_POINT('',(18.817445922274,-70.92644681735,1.4));
#1154 = DIRECTION('',(0.697191143877,0.716885282942,0.));
#1155 = DIRECTION('',(0.716885282942,-0.697191143877,0.));
#1156 = ADVANCED_FACE('',(#1157),#1175,.T.);
#1157 = FACE_BOUND('',#1158,.T.);
#1158 = EDGE_LOOP('',(#1159,#1160,#1168,#1174));
#1159 = ORIENTED_EDGE('',*,*,#866,.F.);
#1160 = ORIENTED_EDGE('',*,*,#1161,.T.);
#1161 = EDGE_CURVE('',#859,#1162,#1164,.T.);
#1162 = VERTEX_POINT('',#1163);
#1163 = CARTESIAN_POINT('',(18.80075537958,-21.07410487553,6.3));
#1164 = LINE('',#1165,#1166);
#1165 = CARTESIAN_POINT('',(18.80075537958,-21.07410487553,1.4));
#1166 = VECTOR('',#1167,1.);
#1167 = DIRECTION('',(0.,0.,1.));
#1168 = ORIENTED_EDGE('',*,*,#1169,.F.);
#1169 = EDGE_CURVE('',#1114,#1162,#1170,.T.);
#1170 = LINE('',#1171,#1172);
#1171 = CARTESIAN_POINT('',(19.720889869083,-19.12997563655,6.3));
#1172 = VECTOR('',#1173,1.);
#1173 = DIRECTION('',(0.427794377159,0.90387608159,0.));
#1174 = ORIENTED_EDGE('',*,*,#1113,.F.);
#1175 = PLANE('',#1176);
#1176 = AXIS2_PLACEMENT_3D('',#1177,#1178,#1179);
#1177 = CARTESIAN_POINT('',(18.80075537958,-21.07410487553,1.4));
#1178 = DIRECTION('',(0.90387608159,-0.427794377159,0.));
#1179 = DIRECTION('',(-0.427794377159,-0.90387608159,0.));
#1180 = ADVANCED_FACE('',(#1181),#1199,.T.);
#1181 = FACE_BOUND('',#1182,.T.);
#1182 = EDGE_LOOP('',(#1183,#1184,#1185,#1193));
#1183 = ORIENTED_EDGE('',*,*,#97,.F.);
#1184 = ORIENTED_EDGE('',*,*,#1146,.T.);
#1185 = ORIENTED_EDGE('',*,*,#1186,.F.);
#1186 = EDGE_CURVE('',#1187,#1139,#1189,.T.);
#1187 = VERTEX_POINT('',#1188);
#1188 = CARTESIAN_POINT('',(19.571611949523,-72.02231122991,6.3));
#1189 = LINE('',#1190,#1191);
#1190 = CARTESIAN_POINT('',(21.236466508019,-74.99348735648,6.3));
#1191 = VECTOR('',#1192,1.);
#1192 = DIRECTION('',(-0.488825961968,0.872381326546,0.));
#1193 = ORIENTED_EDGE('',*,*,#1194,.F.);
#1194 = EDGE_CURVE('',#98,#1187,#1195,.T.);
#1195 = LINE('',#1196,#1197);
#1196 = CARTESIAN_POINT('',(19.571611949523,-72.02231122991,1.4));
#1197 = VECTOR('',#1198,1.);
#1198 = DIRECTION('',(0.,0.,1.));
#1199 = PLANE('',#1200);
#1200 = AXIS2_PLACEMENT_3D('',#1201,#1202,#1203);
#1201 = CARTESIAN_POINT('',(19.125350752514,-71.2258929434,1.4));
#1202 = DIRECTION('',(0.872381326546,0.488825961968,0.));
#1203 = DIRECTION('',(0.488825961968,-0.872381326546,0.));
#1204 = ADVANCED_FACE('',(#1205),#1223,.T.);
#1205 = FACE_BOUND('',#1206,.T.);
#1206 = EDGE_LOOP('',(#1207,#1208,#1216,#1222));
#1207 = ORIENTED_EDGE('',*,*,#858,.F.);
#1208 = ORIENTED_EDGE('',*,*,#1209,.T.);
#1209 = EDGE_CURVE('',#851,#1210,#1212,.T.);
#1210 = VERTEX_POINT('',#1211);
#1211 = CARTESIAN_POINT('',(19.175494894638,-20.66100995255,6.3));
#1212 = LINE('',#1213,#1214);
#1213 = CARTESIAN_POINT('',(19.175494894638,-20.66100995255,1.4));
#1214 = VECTOR('',#1215,1.);
#1215 = DIRECTION('',(0.,0.,1.));
#1216 = ORIENTED_EDGE('',*,*,#1217,.F.);
#1217 = EDGE_CURVE('',#1162,#1210,#1218,.T.);
#1218 = LINE('',#1219,#1220);
#1219 = CARTESIAN_POINT('',(26.960336768878,-12.07937250772,6.3));
#1220 = VECTOR('',#1221,1.);
#1221 = DIRECTION('',(0.671885789828,0.740654768045,0.));
#1222 = ORIENTED_EDGE('',*,*,#1161,.F.);
#1223 = PLANE('',#1224);
#1224 = AXIS2_PLACEMENT_3D('',#1225,#1226,#1227);
#1225 = CARTESIAN_POINT('',(19.175494894638,-20.66100995255,1.4));
#1226 = DIRECTION('',(0.740654768045,-0.671885789828,0.));
#1227 = DIRECTION('',(-0.671885789828,-0.740654768045,0.));
#1228 = ADVANCED_FACE('',(#1229),#1247,.T.);
#1229 = FACE_BOUND('',#1230,.T.);
#1230 = EDGE_LOOP('',(#1231,#1232,#1233,#1241));
#1231 = ORIENTED_EDGE('',*,*,#105,.F.);
#1232 = ORIENTED_EDGE('',*,*,#1194,.T.);
#1233 = ORIENTED_EDGE('',*,*,#1234,.F.);
#1234 = EDGE_CURVE('',#1235,#1187,#1237,.T.);
#1235 = VERTEX_POINT('',#1236);
#1236 = CARTESIAN_POINT('',(19.809974071804,-72.31358108412,6.3));
#1237 = LINE('',#1238,#1239);
#1238 = CARTESIAN_POINT('',(25.66867111342,-79.4726960343,6.3));
#1239 = VECTOR('',#1240,1.);
#1240 = DIRECTION('',(-0.633318037876,0.773891635115,0.));
#1241 = ORIENTED_EDGE('',*,*,#1242,.F.);
#1242 = EDGE_CURVE('',#106,#1235,#1243,.T.);
#1243 = LINE('',#1244,#1245);
#1244 = CARTESIAN_POINT('',(19.809974071804,-72.31358108412,1.4));
#1245 = VECTOR('',#1246,1.);
#1246 = DIRECTION('',(0.,0.,1.));
#1247 = PLANE('',#1248);
#1248 = AXIS2_PLACEMENT_3D('',#1249,#1250,#1251);
#1249 = CARTESIAN_POINT('',(19.571611949523,-72.02231122991,1.4));
#1250 = DIRECTION('',(0.773891635115,0.633318037876,0.));
#1251 = DIRECTION('',(0.633318037876,-0.773891635115,0.));
#1252 = ADVANCED_FACE('',(#1253),#1271,.T.);
#1253 = FACE_BOUND('',#1254,.T.);
#1254 = EDGE_LOOP('',(#1255,#1256,#1264,#1270));
#1255 = ORIENTED_EDGE('',*,*,#850,.F.);
#1256 = ORIENTED_EDGE('',*,*,#1257,.T.);
#1257 = EDGE_CURVE('',#843,#1258,#1260,.T.);
#1258 = VERTEX_POINT('',#1259);
#1259 = CARTESIAN_POINT('',(19.559948173295,-19.98837657617,6.3));
#1260 = LINE('',#1261,#1262);
#1261 = CARTESIAN_POINT('',(19.559948173295,-19.98837657617,1.4));
#1262 = VECTOR('',#1263,1.);
#1263 = DIRECTION('',(0.,0.,1.));
#1264 = ORIENTED_EDGE('',*,*,#1265,.F.);
#1265 = EDGE_CURVE('',#1210,#1258,#1266,.T.);
#1266 = LINE('',#1267,#1268);
#1267 = CARTESIAN_POINT('',(21.588927170525,-16.43850701007,6.3));
#1268 = VECTOR('',#1269,1.);
#1269 = DIRECTION('',(0.496227820147,0.868192346495,0.));
#1270 = ORIENTED_EDGE('',*,*,#1209,.F.);
#1271 = PLANE('',#1272);
#1272 = AXIS2_PLACEMENT_3D('',#1273,#1274,#1275);
#1273 = CARTESIAN_POINT('',(19.559948173295,-19.98837657617,1.4));
#1274 = DIRECTION('',(0.868192346495,-0.496227820147,0.));
#1275 = DIRECTION('',(-0.496227820147,-0.868192346495,0.));
#1276 = ADVANCED_FACE('',(#1277),#1295,.T.);
#1277 = FACE_BOUND('',#1278,.T.);
#1278 = EDGE_LOOP('',(#1279,#1280,#1281,#1289));
#1279 = ORIENTED_EDGE('',*,*,#113,.F.);
#1280 = ORIENTED_EDGE('',*,*,#1242,.T.);
#1281 = ORIENTED_EDGE('',*,*,#1282,.F.);
#1282 = EDGE_CURVE('',#1283,#1235,#1285,.T.);
#1283 = VERTEX_POINT('',#1284);
#1284 = CARTESIAN_POINT('',(20.1558096146,-72.61646796738,6.3));
#1285 = LINE('',#1286,#1287);
#1286 = CARTESIAN_POINT('',(30.814360216265,-81.95135340373,6.3));
#1287 = VECTOR('',#1288,1.);
#1288 = DIRECTION('',(-0.752273932736,0.658850461126,0.));
#1289 = ORIENTED_EDGE('',*,*,#1290,.F.);
#1290 = EDGE_CURVE('',#114,#1283,#1291,.T.);
#1291 = LINE('',#1292,#1293);
#1292 = CARTESIAN_POINT('',(20.1558096146,-72.61646796738,1.4));
#1293 = VECTOR('',#1294,1.);
#1294 = DIRECTION('',(0.,0.,1.));
#1295 = PLANE('',#1296);
#1296 = AXIS2_PLACEMENT_3D('',#1297,#1298,#1299);
#1297 = CARTESIAN_POINT('',(19.809974071804,-72.31358108412,1.4));
#1298 = DIRECTION('',(0.658850461126,0.752273932736,0.));
#1299 = DIRECTION('',(0.752273932736,-0.658850461126,0.));
#1300 = ADVANCED_FACE('',(#1301),#1319,.T.);
#1301 = FACE_BOUND('',#1302,.T.);
#1302 = EDGE_LOOP('',(#1303,#1304,#1312,#1318));
#1303 = ORIENTED_EDGE('',*,*,#842,.F.);
#1304 = ORIENTED_EDGE('',*,*,#1305,.T.);
#1305 = EDGE_CURVE('',#835,#1306,#1308,.T.);
#1306 = VERTEX_POINT('',#1307);
#1307 = CARTESIAN_POINT('',(19.778944267271,-19.71552003226,6.3));
#1308 = LINE('',#1309,#1310);
#1309 = CARTESIAN_POINT('',(19.778944267271,-19.71552003226,1.4));
#1310 = VECTOR('',#1311,1.);
#1311 = DIRECTION('',(0.,0.,1.));
#1312 = ORIENTED_EDGE('',*,*,#1313,.F.);
#1313 = EDGE_CURVE('',#1258,#1306,#1314,.T.);
#1314 = LINE('',#1315,#1316);
#1315 = CARTESIAN_POINT('',(25.471482958669,-12.62294406338,6.3));
#1316 = VECTOR('',#1317,1.);
#1317 = DIRECTION('',(0.625933146653,0.779876718412,0.));
#1318 = ORIENTED_EDGE('',*,*,#1257,.F.);
#1319 = PLANE('',#1320);
#1320 = AXIS2_PLACEMENT_3D('',#1321,#1322,#1323);
#1321 = CARTESIAN_POINT('',(19.778944267271,-19.71552003226,1.4));
#1322 = DIRECTION('',(0.779876718412,-0.625933146653,0.));
#1323 = DIRECTION('',(-0.625933146653,-0.779876718412,0.));
#1324 = ADVANCED_FACE('',(#1325),#1343,.T.);
#1325 = FACE_BOUND('',#1326,.T.);
#1326 = EDGE_LOOP('',(#1327,#1328,#1329,#1337));
#1327 = ORIENTED_EDGE('',*,*,#121,.F.);
#1328 = ORIENTED_EDGE('',*,*,#1290,.T.);
#1329 = ORIENTED_EDGE('',*,*,#1330,.F.);
#1330 = EDGE_CURVE('',#1331,#1283,#1333,.T.);
#1331 = VERTEX_POINT('',#1332);
#1332 = CARTESIAN_POINT('',(20.446811610991,-72.79633390897,6.3));
#1333 = LINE('',#1334,#1335);
#1334 = CARTESIAN_POINT('',(36.479410445871,-82.70595144203,6.3));
#1335 = VECTOR('',#1336,1.);
#1336 = DIRECTION('',(-0.850628823525,0.525766682653,0.));
#1337 = ORIENTED_EDGE('',*,*,#1338,.F.);
#1338 = EDGE_CURVE('',#122,#1331,#1339,.T.);
#1339 = LINE('',#1340,#1341);
#1340 = CARTESIAN_POINT('',(20.446811610991,-72.79633390897,1.4));
#1341 = VECTOR('',#1342,1.);
#1342 = DIRECTION('',(0.,0.,1.));
#1343 = PLANE('',#1344);
#1344 = AXIS2_PLACEMENT_3D('',#1345,#1346,#1347);
#1345 = CARTESIAN_POINT('',(20.1558096146,-72.61646796738,1.4));
#1346 = DIRECTION('',(0.525766682653,0.850628823525,0.));
#1347 = DIRECTION('',(0.850628823525,-0.525766682653,0.));
#1348 = ADVANCED_FACE('',(#1349),#1367,.T.);
#1349 = FACE_BOUND('',#1350,.T.);
#1350 = EDGE_LOOP('',(#1351,#1352,#1360,#1366));
#1351 = ORIENTED_EDGE('',*,*,#834,.F.);
#1352 = ORIENTED_EDGE('',*,*,#1353,.T.);
#1353 = EDGE_CURVE('',#827,#1354,#1356,.T.);
#1354 = VERTEX_POINT('',#1355);
#1355 = CARTESIAN_POINT('',(20.107578575135,-19.41848637758,6.3));
#1356 = LINE('',#1357,#1358);
#1357 = CARTESIAN_POINT('',(20.107578575135,-19.41848637758,1.4));
#1358 = VECTOR('',#1359,1.);
#1359 = DIRECTION('',(0.,0.,1.));
#1360 = ORIENTED_EDGE('',*,*,#1361,.F.);
#1361 = EDGE_CURVE('',#1306,#1354,#1362,.T.);
#1362 = LINE('',#1363,#1364);
#1363 = CARTESIAN_POINT('',(30.421528219847,-10.09630033696,6.3));
#1364 = VECTOR('',#1365,1.);
#1365 = DIRECTION('',(0.741875024715,0.670538177664,0.));
#1366 = ORIENTED_EDGE('',*,*,#1305,.F.);
#1367 = PLANE('',#1368);
#1368 = AXIS2_PLACEMENT_3D('',#1369,#1370,#1371);
#1369 = CARTESIAN_POINT('',(20.107578575135,-19.41848637758,1.4));
#1370 = DIRECTION('',(0.670538177664,-0.741875024715,0.));
#1371 = DIRECTION('',(-0.741875024715,-0.670538177664,0.));
#1372 = ADVANCED_FACE('',(#1373),#1391,.T.);
#1373 = FACE_BOUND('',#1374,.T.);
#1374 = EDGE_LOOP('',(#1375,#1376,#1377,#1385));
#1375 = ORIENTED_EDGE('',*,*,#129,.F.);
#1376 = ORIENTED_EDGE('',*,*,#1338,.T.);
#1377 = ORIENTED_EDGE('',*,*,#1378,.F.);
#1378 = EDGE_CURVE('',#1379,#1331,#1381,.T.);
#1379 = VERTEX_POINT('',#1380);
#1380 = CARTESIAN_POINT('',(20.810892583847,-72.94773016041,6.3));
#1381 = LINE('',#1382,#1383);
#1382 = CARTESIAN_POINT('',(41.813278250302,-81.6811787563,6.3));
#1383 = VECTOR('',#1384,1.);
#1384 = DIRECTION('',(-0.923350547811,0.383958026167,0.));
#1385 = ORIENTED_EDGE('',*,*,#1386,.F.);
#1386 = EDGE_CURVE('',#130,#1379,#1387,.T.);
#1387 = LINE('',#1388,#1389);
#1388 = CARTESIAN_POINT('',(20.810892583847,-72.94773016041,1.4));
#1389 = VECTOR('',#1390,1.);
#1390 = DIRECTION('',(0.,0.,1.));
#1391 = PLANE('',#1392);
#1392 = AXIS2_PLACEMENT_3D('',#1393,#1394,#1395);
#1393 = CARTESIAN_POINT('',(20.446811610991,-72.79633390897,1.4));
#1394 = DIRECTION('',(0.383958026167,0.923350547811,0.));
#1395 = DIRECTION('',(0.923350547811,-0.383958026167,0.));
#1396 = ADVANCED_FACE('',(#1397),#1415,.T.);
#1397 = FACE_BOUND('',#1398,.T.);
#1398 = EDGE_LOOP('',(#1399,#1400,#1408,#1414));
#1399 = ORIENTED_EDGE('',*,*,#826,.F.);
#1400 = ORIENTED_EDGE('',*,*,#1401,.T.);
#1401 = EDGE_CURVE('',#819,#1402,#1404,.T.);
#1402 = VERTEX_POINT('',#1403);
#1403 = CARTESIAN_POINT('',(20.399770816538,-19.22896687291,6.3));
#1404 = LINE('',#1405,#1406);
#1405 = CARTESIAN_POINT('',(20.399770816538,-19.22896687291,1.4));
#1406 = VECTOR('',#1407,1.);
#1407 = DIRECTION('',(0.,0.,1.));
#1408 = ORIENTED_EDGE('',*,*,#1409,.F.);
#1409 = EDGE_CURVE('',#1354,#1402,#1410,.T.);
#1410 = LINE('',#1411,#1412);
#1411 = CARTESIAN_POINT('',(35.838637430955,-9.215126877099,6.3));
#1412 = VECTOR('',#1413,1.);
#1413 = DIRECTION('',(0.838975179627,0.544169686743,0.));
#1414 = ORIENTED_EDGE('',*,*,#1353,.F.);
#1415 = PLANE('',#1416);
#1416 = AXIS2_PLACEMENT_3D('',#1417,#1418,#1419);
#1417 = CARTESIAN_POINT('',(20.399770816538,-19.22896687291,1.4));
#1418 = DIRECTION('',(0.544169686743,-0.838975179627,0.));
#1419 = DIRECTION('',(-0.838975179627,-0.544169686743,0.));
#1420 = ADVANCED_FACE('',(#1421),#1439,.T.);
#1421 = FACE_BOUND('',#1422,.T.);
#1422 = EDGE_LOOP('',(#1423,#1424,#1425,#1433));
#1423 = ORIENTED_EDGE('',*,*,#137,.F.);
#1424 = ORIENTED_EDGE('',*,*,#1386,.T.);
#1425 = ORIENTED_EDGE('',*,*,#1426,.F.);
#1426 = EDGE_CURVE('',#1427,#1379,#1429,.T.);
#1427 = VERTEX_POINT('',#1428);
#1428 = CARTESIAN_POINT('',(21.612778783956,-73.09441520514,6.3));
#1429 = LINE('',#1430,#1431);
#1430 = CARTESIAN_POINT('',(47.881995313914,-77.899712018,6.3));
#1431 = VECTOR('',#1432,1.);
#1432 = DIRECTION('',(-0.983677722696,0.17993926162,0.));
#1433 = ORIENTED_EDGE('',*,*,#1434,.F.);
#1434 = EDGE_CURVE('',#138,#1427,#1435,.T.);
#1435 = LINE('',#1436,#1437);
#1436 = CARTESIAN_POINT('',(21.612778783956,-73.09441520514,1.4));
#1437 = VECTOR('',#1438,1.);
#1438 = DIRECTION('',(0.,0.,1.));
#1439 = PLANE('',#1440);
#1440 = AXIS2_PLACEMENT_3D('',#1441,#1442,#1443);
#1441 = CARTESIAN_POINT('',(20.810892583847,-72.94773016041,1.4));
#1442 = DIRECTION('',(0.17993926162,0.983677722696,0.));
#1443 = DIRECTION('',(0.983677722696,-0.17993926162,0.));
#1444 = ADVANCED_FACE('',(#1445),#1463,.T.);
#1445 = FACE_BOUND('',#1446,.T.);
#1446 = EDGE_LOOP('',(#1447,#1448,#1456,#1462));
#1447 = ORIENTED_EDGE('',*,*,#818,.F.);
#1448 = ORIENTED_EDGE('',*,*,#1449,.T.);
#1449 = EDGE_CURVE('',#811,#1450,#1452,.T.);
#1450 = VERTEX_POINT('',#1451);
#1451 = CARTESIAN_POINT('',(20.803144645959,-19.050495458,6.3));
#1452 = LINE('',#1453,#1454);
#1453 = CARTESIAN_POINT('',(20.803144645959,-19.050495458,1.4));
#1454 = VECTOR('',#1455,1.);
#1455 = DIRECTION('',(0.,0.,1.));
#1456 = ORIENTED_EDGE('',*,*,#1457,.F.);
#1457 = EDGE_CURVE('',#1402,#1450,#1458,.T.);
#1458 = LINE('',#1459,#1460);
#1459 = CARTESIAN_POINT('',(41.258917694039,-9.999906419522,6.3));
#1460 = VECTOR('',#1461,1.);
#1461 = DIRECTION('',(0.914488309112,0.40461232371,0.));
#1462 = ORIENTED_EDGE('',*,*,#1401,.F.);
#1463 = PLANE('',#1464);
#1464 = AXIS2_PLACEMENT_3D('',#1465,#1466,#1467);
#1465 = CARTESIAN_POINT('',(20.803144645959,-19.050495458,1.4));
#1466 = DIRECTION('',(0.40461232371,-0.914488309112,0.));
#1467 = DIRECTION('',(-0.914488309112,-0.40461232371,0.));
#1468 = ADVANCED_FACE('',(#1469),#1487,.T.);
#1469 = FACE_BOUND('',#1470,.T.);
#1470 = EDGE_LOOP('',(#1471,#1472,#1473,#1481));
#1471 = ORIENTED_EDGE('',*,*,#145,.F.);
#1472 = ORIENTED_EDGE('',*,*,#1434,.T.);
#1473 = ORIENTED_EDGE('',*,*,#1474,.F.);
#1474 = EDGE_CURVE('',#1475,#1427,#1477,.T.);
#1475 = VERTEX_POINT('',#1476);
#1476 = CARTESIAN_POINT('',(44.842689034476,-73.10466341564,6.3));
#1477 = LINE('',#1478,#1479);
#1478 = CARTESIAN_POINT('',(51.640650146303,-73.10766243439,6.3));
#1479 = VECTOR('',#1480,1.);
#1480 = DIRECTION('',(-0.999999902687,4.411644035245E-04,0.));
#1481 = ORIENTED_EDGE('',*,*,#1482,.F.);
#1482 = EDGE_CURVE('',#146,#1475,#1483,.T.);
#1483 = LINE('',#1484,#1485);
#1484 = CARTESIAN_POINT('',(44.842689034476,-73.10466341564,1.4));
#1485 = VECTOR('',#1486,1.);
#1486 = DIRECTION('',(0.,0.,1.));
#1487 = PLANE('',#1488);
#1488 = AXIS2_PLACEMENT_3D('',#1489,#1490,#1491);
#1489 = CARTESIAN_POINT('',(21.612778783956,-73.09441520514,1.4));
#1490 = DIRECTION('',(4.411644035245E-04,0.999999902687,0.));
#1491 = DIRECTION('',(0.999999902687,-4.411644035245E-04,0.));
#1492 = ADVANCED_FACE('',(#1493),#1511,.T.);
#1493 = FACE_BOUND('',#1494,.T.);
#1494 = EDGE_LOOP('',(#1495,#1496,#1504,#1510));
#1495 = ORIENTED_EDGE('',*,*,#810,.F.);
#1496 = ORIENTED_EDGE('',*,*,#1497,.T.);
#1497 = EDGE_CURVE('',#803,#1498,#1500,.T.);
#1498 = VERTEX_POINT('',#1499);
#1499 = CARTESIAN_POINT('',(21.161808130777,-18.95596194173,6.3));
#1500 = LINE('',#1501,#1502);
#1501 = CARTESIAN_POINT('',(21.161808130777,-18.95596194173,1.4));
#1502 = VECTOR('',#1503,1.);
#1503 = DIRECTION('',(0.,0.,1.));
#1504 = ORIENTED_EDGE('',*,*,#1505,.F.);
#1505 = EDGE_CURVE('',#1450,#1498,#1506,.T.);
#1506 = LINE('',#1507,#1508);
#1507 = CARTESIAN_POINT('',(46.113795695369,-12.37932611984,6.3));
#1508 = VECTOR('',#1509,1.);
#1509 = DIRECTION('',(0.966976003575,0.254867433208,0.));
#1510 = ORIENTED_EDGE('',*,*,#1449,.F.);
#1511 = PLANE('',#1512);
#1512 = AXIS2_PLACEMENT_3D('',#1513,#1514,#1515);
#1513 = CARTESIAN_POINT('',(21.161808130777,-18.95596194173,1.4));
#1514 = DIRECTION('',(0.254867433208,-0.966976003575,0.));
#1515 = DIRECTION('',(-0.966976003575,-0.254867433208,0.));
#1516 = ADVANCED_FACE('',(#1517),#1535,.T.);
#1517 = FACE_BOUND('',#1518,.T.);
#1518 = EDGE_LOOP('',(#1519,#1520,#1521,#1529));
#1519 = ORIENTED_EDGE('',*,*,#153,.F.);
#1520 = ORIENTED_EDGE('',*,*,#1482,.T.);
#1521 = ORIENTED_EDGE('',*,*,#1522,.F.);
#1522 = EDGE_CURVE('',#1523,#1475,#1525,.T.);
#1523 = VERTEX_POINT('',#1524);
#1524 = CARTESIAN_POINT('',(47.318358715075,-73.2399125142,6.3));
#1525 = LINE('',#1526,#1527);
#1526 = CARTESIAN_POINT('',(62.470629310969,-74.06770103351,6.3));
#1527 = VECTOR('',#1528,1.);
#1528 = DIRECTION('',(-0.998511041635,5.454997463538E-02,0.));
#1529 = ORIENTED_EDGE('',*,*,#1530,.F.);
#1530 = EDGE_CURVE('',#154,#1523,#1531,.T.);
#1531 = LINE('',#1532,#1533);
#1532 = CARTESIAN_POINT('',(47.318358715075,-73.2399125142,1.4));
#1533 = VECTOR('',#1534,1.);
#1534 = DIRECTION('',(0.,0.,1.));
#1535 = PLANE('',#1536);
#1536 = AXIS2_PLACEMENT_3D('',#1537,#1538,#1539);
#1537 = CARTESIAN_POINT('',(44.842689034476,-73.10466341564,1.4));
#1538 = DIRECTION('',(5.454997463538E-02,0.998511041635,0.));
#1539 = DIRECTION('',(0.998511041635,-5.454997463538E-02,0.));
#1540 = ADVANCED_FACE('',(#1541),#1559,.T.);
#1541 = FACE_BOUND('',#1542,.T.);
#1542 = EDGE_LOOP('',(#1543,#1544,#1552,#1558));
#1543 = ORIENTED_EDGE('',*,*,#802,.F.);
#1544 = ORIENTED_EDGE('',*,*,#1545,.T.);
#1545 = EDGE_CURVE('',#795,#1546,#1548,.T.);
#1546 = VERTEX_POINT('',#1547);
#1547 = CARTESIAN_POINT('',(21.516674977573,-18.90985173047,6.3));
#1548 = LINE('',#1549,#1550);
#1549 = CARTESIAN_POINT('',(21.516674977573,-18.90985173047,1.4));
#1550 = VECTOR('',#1551,1.);
#1551 = DIRECTION('',(0.,0.,1.));
#1552 = ORIENTED_EDGE('',*,*,#1553,.F.);
#1553 = EDGE_CURVE('',#1498,#1546,#1554,.T.);
#1554 = LINE('',#1555,#1556);
#1555 = CARTESIAN_POINT('',(49.363528624305,-15.29152469842,6.3));
#1556 = VECTOR('',#1557,1.);
#1557 = DIRECTION('',(0.991663645828,0.128853457627,0.));
#1558 = ORIENTED_EDGE('',*,*,#1497,.F.);
#1559 = PLANE('',#1560);
#1560 = AXIS2_PLACEMENT_3D('',#1561,#1562,#1563);
#1561 = CARTESIAN_POINT('',(21.516674977573,-18.90985173047,1.4));
#1562 = DIRECTION('',(0.128853457627,-0.991663645828,0.));
#1563 = DIRECTION('',(-0.991663645828,-0.128853457627,0.));
#1564 = ADVANCED_FACE('',(#1565),#1583,.T.);
#1565 = FACE_BOUND('',#1566,.T.);
#1566 = EDGE_LOOP('',(#1567,#1568,#1569,#1577));
#1567 = ORIENTED_EDGE('',*,*,#161,.F.);
#1568 = ORIENTED_EDGE('',*,*,#1530,.T.);
#1569 = ORIENTED_EDGE('',*,*,#1570,.F.);
#1570 = EDGE_CURVE('',#1571,#1523,#1573,.T.);
#1571 = VERTEX_POINT('',#1572);
#1572 = CARTESIAN_POINT('',(49.774318355736,-73.55425782292,6.3));
#1573 = LINE('',#1574,#1575);
#1574 = CARTESIAN_POINT('',(62.512050511495,-75.18459664471,6.3));
#1575 = VECTOR('',#1576,1.);
#1576 = DIRECTION('',(-0.991908199688,0.126957171483,0.));
#1577 = ORIENTED_EDGE('',*,*,#1578,.F.);
#1578 = EDGE_CURVE('',#162,#1571,#1579,.T.);
#1579 = LINE('',#1580,#1581);
#1580 = CARTESIAN_POINT('',(49.774318355736,-73.55425782292,1.4));
#1581 = VECTOR('',#1582,1.);
#1582 = DIRECTION('',(0.,0.,1.));
#1583 = PLANE('',#1584);
#1584 = AXIS2_PLACEMENT_3D('',#1585,#1586,#1587);
#1585 = CARTESIAN_POINT('',(47.318358715075,-73.2399125142,1.4));
#1586 = DIRECTION('',(0.126957171483,0.991908199688,0.));
#1587 = DIRECTION('',(0.991908199688,-0.126957171483,0.));
#1588 = ADVANCED_FACE('',(#1589),#1607,.T.);
#1589 = FACE_BOUND('',#1590,.T.);
#1590 = EDGE_LOOP('',(#1591,#1592,#1600,#1606));
#1591 = ORIENTED_EDGE('',*,*,#794,.F.);
#1592 = ORIENTED_EDGE('',*,*,#1593,.T.);
#1593 = EDGE_CURVE('',#787,#1594,#1596,.T.);
#1594 = VERTEX_POINT('',#1595);
#1595 = CARTESIAN_POINT('',(37.46675642172,-18.89845033562,6.3));
#1596 = LINE('',#1597,#1598);
#1597 = CARTESIAN_POINT('',(37.46675642172,-18.89845033562,1.4));
#1598 = VECTOR('',#1599,1.);
#1599 = DIRECTION('',(0.,0.,1.));
#1600 = ORIENTED_EDGE('',*,*,#1601,.F.);
#1601 = EDGE_CURVE('',#1546,#1594,#1602,.T.);
#1602 = LINE('',#1603,#1604);
#1603 = CARTESIAN_POINT('',(59.56388031672,-18.88265492822,6.3));
#1604 = VECTOR('',#1605,1.);
#1605 = DIRECTION('',(0.999999744518,7.148171610022E-04,0.));
#1606 = ORIENTED_EDGE('',*,*,#1545,.F.);
#1607 = PLANE('',#1608);
#1608 = AXIS2_PLACEMENT_3D('',#1609,#1610,#1611);
#1609 = CARTESIAN_POINT('',(37.46675642172,-18.89845033562,1.4));
#1610 = DIRECTION('',(7.148171610022E-04,-0.999999744518,0.));
#1611 = DIRECTION('',(-0.999999744518,-7.148171610022E-04,0.));
#1612 = ADVANCED_FACE('',(#1613),#1631,.T.);
#1613 = FACE_BOUND('',#1614,.T.);
#1614 = EDGE_LOOP('',(#1615,#1616,#1617,#1625));
#1615 = ORIENTED_EDGE('',*,*,#169,.F.);
#1616 = ORIENTED_EDGE('',*,*,#1578,.T.);
#1617 = ORIENTED_EDGE('',*,*,#1618,.F.);
#1618 = EDGE_CURVE('',#1619,#1571,#1621,.T.);
#1619 = VERTEX_POINT('',#1620);
#1620 = CARTESIAN_POINT('',(51.858768206388,-73.96572869564,6.3));
#1621 = LINE('',#1622,#1623);
#1622 = CARTESIAN_POINT('',(62.518587816437,-76.0699795015,6.3));
#1623 = VECTOR('',#1624,1.);
#1624 = DIRECTION('',(-0.981068100169,0.193663065221,0.));
#1625 = ORIENTED_EDGE('',*,*,#1626,.F.);
#1626 = EDGE_CURVE('',#170,#1619,#1627,.T.);
#1627 = LINE('',#1628,#1629);
#1628 = CARTESIAN_POINT('',(51.858768206388,-73.96572869564,1.4));
#1629 = VECTOR('',#1630,1.);
#1630 = DIRECTION('',(0.,0.,1.));
#1631 = PLANE('',#1632);
#1632 = AXIS2_PLACEMENT_3D('',#1633,#1634,#1635);
#1633 = CARTESIAN_POINT('',(49.774318355736,-73.55425782292,1.4));
#1634 = DIRECTION('',(0.193663065221,0.981068100169,0.));
#1635 = DIRECTION('',(0.981068100169,-0.193663065221,0.));
#1636 = ADVANCED_FACE('',(#1637),#1655,.T.);
#1637 = FACE_BOUND('',#1638,.T.);
#1638 = EDGE_LOOP('',(#1639,#1640,#1648,#1654));
#1639 = ORIENTED_EDGE('',*,*,#786,.F.);
#1640 = ORIENTED_EDGE('',*,*,#1641,.T.);
#1641 = EDGE_CURVE('',#779,#1642,#1644,.T.);
#1642 = VERTEX_POINT('',#1643);
#1643 = CARTESIAN_POINT('',(37.505155115797,-9.373509516631,6.3));
#1644 = LINE('',#1645,#1646);
#1645 = CARTESIAN_POINT('',(37.505155115797,-9.373509516631,1.4));
#1646 = VECTOR('',#1647,1.);
#1647 = DIRECTION('',(0.,0.,1.));
#1648 = ORIENTED_EDGE('',*,*,#1649,.F.);
#1649 = EDGE_CURVE('',#1594,#1642,#1650,.T.);
#1650 = LINE('',#1651,#1652);
#1651 = CARTESIAN_POINT('',(37.431536137012,-27.63497472892,6.3));
#1652 = VECTOR('',#1653,1.);
#1653 = DIRECTION('',(4.03135124736E-03,0.999991874071,0.));
#1654 = ORIENTED_EDGE('',*,*,#1593,.F.);
#1655 = PLANE('',#1656);
#1656 = AXIS2_PLACEMENT_3D('',#1657,#1658,#1659);
#1657 = CARTESIAN_POINT('',(37.505155115797,-9.373509516631,1.4));
#1658 = DIRECTION('',(0.999991874071,-4.03135124736E-03,0.));
#1659 = DIRECTION('',(-4.03135124736E-03,-0.999991874071,0.));
#1660 = ADVANCED_FACE('',(#1661),#1679,.T.);
#1661 = FACE_BOUND('',#1662,.T.);
#1662 = EDGE_LOOP('',(#1663,#1664,#1665,#1673));
#1663 = ORIENTED_EDGE('',*,*,#177,.F.);
#1664 = ORIENTED_EDGE('',*,*,#1626,.T.);
#1665 = ORIENTED_EDGE('',*,*,#1666,.F.);
#1666 = EDGE_CURVE('',#1667,#1619,#1669,.T.);
#1667 = VERTEX_POINT('',#1668);
#1668 = CARTESIAN_POINT('',(53.908990443227,-74.5052046841,6.3));
#1669 = LINE('',#1670,#1671);
#1670 = CARTESIAN_POINT('',(62.37224735373,-76.73214564948,6.3));
#1671 = VECTOR('',#1672,1.);
#1672 = DIRECTION('',(-0.967081058832,0.254468516025,0.));
#1673 = ORIENTED_EDGE('',*,*,#1674,.F.);
#1674 = EDGE_CURVE('',#178,#1667,#1675,.T.);
#1675 = LINE('',#1676,#1677);
#1676 = CARTESIAN_POINT('',(53.908990443227,-74.5052046841,1.4));
#1677 = VECTOR('',#1678,1.);
#1678 = DIRECTION('',(0.,0.,1.));
#1679 = PLANE('',#1680);
#1680 = AXIS2_PLACEMENT_3D('',#1681,#1682,#1683);
#1681 = CARTESIAN_POINT('',(51.858768206388,-73.96572869564,1.4));
#1682 = DIRECTION('',(0.254468516025,0.967081058832,0.));
#1683 = DIRECTION('',(0.967081058832,-0.254468516025,0.));
#1684 = ADVANCED_FACE('',(#1685),#1703,.T.);
#1685 = FACE_BOUND('',#1686,.T.);
#1686 = EDGE_LOOP('',(#1687,#1688,#1696,#1702));
#1687 = ORIENTED_EDGE('',*,*,#778,.F.);
#1688 = ORIENTED_EDGE('',*,*,#1689,.T.);
#1689 = EDGE_CURVE('',#771,#1690,#1692,.T.);
#1690 = VERTEX_POINT('',#1691);
#1691 = CARTESIAN_POINT('',(37.560370428104,-8.990417209847,6.3));
#1692 = LINE('',#1693,#1694);
#1693 = CARTESIAN_POINT('',(37.560370428104,-8.990417209847,1.4));
#1694 = VECTOR('',#1695,1.);
#1695 = DIRECTION('',(0.,0.,1.));
#1696 = ORIENTED_EDGE('',*,*,#1697,.F.);
#1697 = EDGE_CURVE('',#1642,#1690,#1698,.T.);
#1698 = LINE('',#1699,#1700);
#1699 = CARTESIAN_POINT('',(35.391179572096,-24.04059612158,6.3));
#1700 = VECTOR('',#1701,1.);
#1701 = DIRECTION('',(0.142656440375,0.989772266746,0.));
#1702 = ORIENTED_EDGE('',*,*,#1641,.F.);
#1703 = PLANE('',#1704);
#1704 = AXIS2_PLACEMENT_3D('',#1705,#1706,#1707);
#1705 = CARTESIAN_POINT('',(37.560370428104,-8.990417209847,1.4));
#1706 = DIRECTION('',(0.989772266746,-0.142656440375,0.));
#1707 = DIRECTION('',(-0.142656440375,-0.989772266746,0.));
#1708 = ADVANCED_FACE('',(#1709),#1727,.T.);
#1709 = FACE_BOUND('',#1710,.T.);
#1710 = EDGE_LOOP('',(#1711,#1712,#1713,#1721));
#1711 = ORIENTED_EDGE('',*,*,#185,.F.);
#1712 = ORIENTED_EDGE('',*,*,#1674,.T.);
#1713 = ORIENTED_EDGE('',*,*,#1714,.F.);
#1714 = EDGE_CURVE('',#1715,#1667,#1717,.T.);
#1715 = VERTEX_POINT('',#1716);
#1716 = CARTESIAN_POINT('',(56.252407619593,-75.29416857304,6.3));
#1717 = LINE('',#1718,#1719);
#1718 = CARTESIAN_POINT('',(62.082460545637,-77.25698649367,6.3));
#1719 = VECTOR('',#1720,1.);
#1720 = DIRECTION('',(-0.947729662631,0.319074421678,0.));
#1721 = ORIENTED_EDGE('',*,*,#1722,.F.);
#1722 = EDGE_CURVE('',#186,#1715,#1723,.T.);
#1723 = LINE('',#1724,#1725);
#1724 = CARTESIAN_POINT('',(56.252407619593,-75.29416857304,1.4));
#1725 = VECTOR('',#1726,1.);
#1726 = DIRECTION('',(0.,0.,1.));
#1727 = PLANE('',#1728);
#1728 = AXIS2_PLACEMENT_3D('',#1729,#1730,#1731);
#1729 = CARTESIAN_POINT('',(53.908990443227,-74.5052046841,1.4));
#1730 = DIRECTION('',(0.319074421678,0.947729662631,0.));
#1731 = DIRECTION('',(0.947729662631,-0.319074421678,0.));
#1732 = ADVANCED_FACE('',(#1733),#1751,.T.);
#1733 = FACE_BOUND('',#1734,.T.);
#1734 = EDGE_LOOP('',(#1735,#1736,#1744,#1750));
#1735 = ORIENTED_EDGE('',*,*,#770,.F.);
#1736 = ORIENTED_EDGE('',*,*,#1737,.T.);
#1737 = EDGE_CURVE('',#763,#1738,#1740,.T.);
#1738 = VERTEX_POINT('',#1739);
#1739 = CARTESIAN_POINT('',(37.703749323338,-8.496008695412,6.3));
#1740 = LINE('',#1741,#1742);
#1741 = CARTESIAN_POINT('',(37.703749323338,-8.496008695412,1.4));
#1742 = VECTOR('',#1743,1.);
#1743 = DIRECTION('',(0.,0.,1.));
#1744 = ORIENTED_EDGE('',*,*,#1745,.F.);
#1745 = EDGE_CURVE('',#1690,#1738,#1746,.T.);
#1746 = LINE('',#1747,#1748);
#1747 = CARTESIAN_POINT('',(34.383248958584,-19.94597592972,6.3));
#1748 = VECTOR('',#1749,1.);
#1749 = DIRECTION('',(0.278525213674,0.960428917384,0.));
#1750 = ORIENTED_EDGE('',*,*,#1689,.F.);
#1751 = PLANE('',#1752);
#1752 = AXIS2_PLACEMENT_3D('',#1753,#1754,#1755);
#1753 = CARTESIAN_POINT('',(37.703749323338,-8.496008695412,1.4));
#1754 = DIRECTION('',(0.960428917384,-0.278525213674,0.));
#1755 = DIRECTION('',(-0.278525213674,-0.960428917384,0.));
#1756 = ADVANCED_FACE('',(#1757),#1775,.T.);
#1757 = FACE_BOUND('',#1758,.T.);
#1758 = EDGE_LOOP('',(#1759,#1760,#1761,#1769));
#1759 = ORIENTED_EDGE('',*,*,#193,.F.);
#1760 = ORIENTED_EDGE('',*,*,#1722,.T.);
#1761 = ORIENTED_EDGE('',*,*,#1762,.F.);
#1762 = EDGE_CURVE('',#1763,#1715,#1765,.T.);
#1763 = VERTEX_POINT('',#1764);
#1764 = CARTESIAN_POINT('',(58.214513471124,-76.10594559486,6.3));
#1765 = LINE('',#1766,#1767);
#1766 = CARTESIAN_POINT('',(61.947276642203,-77.65029212835,6.3));
#1767 = VECTOR('',#1768,1.);
#1768 = DIRECTION('',(-0.924038269129,0.382299983241,0.));
#1769 = ORIENTED_EDGE('',*,*,#1770,.F.);
#1770 = EDGE_CURVE('',#194,#1763,#1771,.T.);
#1771 = LINE('',#1772,#1773);
#1772 = CARTESIAN_POINT('',(58.214513471124,-76.10594559486,1.4));
#1773 = VECTOR('',#1774,1.);
#1774 = DIRECTION('',(0.,0.,1.));
#1775 = PLANE('',#1776);
#1776 = AXIS2_PLACEMENT_3D('',#1777,#1778,#1779);
#1777 = CARTESIAN_POINT('',(56.252407619593,-75.29416857304,1.4));
#1778 = DIRECTION('',(0.382299983241,0.924038269129,0.));
#1779 = DIRECTION('',(0.924038269129,-0.382299983241,0.));
#1780 = ADVANCED_FACE('',(#1781),#1799,.T.);
#1781 = FACE_BOUND('',#1782,.T.);
#1782 = EDGE_LOOP('',(#1783,#1784,#1792,#1798));
#1783 = ORIENTED_EDGE('',*,*,#762,.F.);
#1784 = ORIENTED_EDGE('',*,*,#1785,.T.);
#1785 = EDGE_CURVE('',#755,#1786,#1788,.T.);
#1786 = VERTEX_POINT('',#1787);
#1787 = CARTESIAN_POINT('',(37.964392591927,-8.001100955696,6.3));
#1788 = LINE('',#1789,#1790);
#1789 = CARTESIAN_POINT('',(37.964392591927,-8.001100955696,1.4));
#1790 = VECTOR('',#1791,1.);
#1791 = DIRECTION('',(0.,0.,1.));
#1792 = ORIENTED_EDGE('',*,*,#1793,.F.);
#1793 = EDGE_CURVE('',#1738,#1786,#1794,.T.);
#1794 = LINE('',#1795,#1796);
#1795 = CARTESIAN_POINT('',(34.861672177556,-13.89252625726,6.3));
#1796 = VECTOR('',#1797,1.);
#1797 = DIRECTION('',(0.465978130586,0.884796237456,0.));
#1798 = ORIENTED_EDGE('',*,*,#1737,.F.);
#1799 = PLANE('',#1800);
#1800 = AXIS2_PLACEMENT_3D('',#1801,#1802,#1803);
#1801 = CARTESIAN_POINT('',(37.964392591927,-8.001100955696,1.4));
#1802 = DIRECTION('',(0.884796237456,-0.465978130586,0.));
#1803 = DIRECTION('',(-0.465978130586,-0.884796237456,0.));
#1804 = ADVANCED_FACE('',(#1805),#1823,.T.);
#1805 = FACE_BOUND('',#1806,.T.);
#1806 = EDGE_LOOP('',(#1807,#1808,#1809,#1817));
#1807 = ORIENTED_EDGE('',*,*,#201,.F.);
#1808 = ORIENTED_EDGE('',*,*,#1770,.T.);
#1809 = ORIENTED_EDGE('',*,*,#1810,.F.);
#1810 = EDGE_CURVE('',#1811,#1763,#1813,.T.);
#1811 = VERTEX_POINT('',#1812);
#1812 = CARTESIAN_POINT('',(60.430351113952,-77.20325940118,6.3));
#1813 = LINE('',#1814,#1815);
#1814 = CARTESIAN_POINT('',(61.665364946386,-77.8148555322,6.3));
#1815 = VECTOR('',#1816,1.);
#1816 = DIRECTION('',(-0.896136175562,0.44377917352,0.));
#1817 = ORIENTED_EDGE('',*,*,#1818,.F.);
#1818 = EDGE_CURVE('',#202,#1811,#1819,.T.);
#1819 = LINE('',#1820,#1821);
#1820 = CARTESIAN_POINT('',(60.430351113952,-77.20325940118,1.4));
#1821 = VECTOR('',#1822,1.);
#1822 = DIRECTION('',(0.,0.,1.));
#1823 = PLANE('',#1824);
#1824 = AXIS2_PLACEMENT_3D('',#1825,#1826,#1827);
#1825 = CARTESIAN_POINT('',(58.214513471124,-76.10594559486,1.4));
#1826 = DIRECTION('',(0.44377917352,0.896136175562,0.));
#1827 = DIRECTION('',(0.896136175562,-0.44377917352,0.));
#1828 = ADVANCED_FACE('',(#1829),#1847,.T.);
#1829 = FACE_BOUND('',#1830,.T.);
#1830 = EDGE_LOOP('',(#1831,#1832,#1840,#1846));
#1831 = ORIENTED_EDGE('',*,*,#754,.F.);
#1832 = ORIENTED_EDGE('',*,*,#1833,.T.);
#1833 = EDGE_CURVE('',#747,#1834,#1836,.T.);
#1834 = VERTEX_POINT('',#1835);
#1835 = CARTESIAN_POINT('',(38.244601928548,-7.65966345925,6.3));
#1836 = LINE('',#1837,#1838);
#1837 = CARTESIAN_POINT('',(38.244601928548,-7.65966345925,1.4));
#1838 = VECTOR('',#1839,1.);
#1839 = DIRECTION('',(0.,0.,1.));
#1840 = ORIENTED_EDGE('',*,*,#1841,.F.);
#1841 = EDGE_CURVE('',#1786,#1834,#1842,.T.);
#1842 = LINE('',#1843,#1844);
#1843 = CARTESIAN_POINT('',(37.56572123466,-8.486885447286,6.3));
#1844 = VECTOR('',#1845,1.);
#1845 = DIRECTION('',(0.634391694436,0.773011758016,0.));
#1846 = ORIENTED_EDGE('',*,*,#1785,.F.);
#1847 = PLANE('',#1848);
#1848 = AXIS2_PLACEMENT_3D('',#1849,#1850,#1851);
#1849 = CARTESIAN_POINT('',(38.244601928548,-7.65966345925,1.4));
#1850 = DIRECTION('',(0.773011758016,-0.634391694436,0.));
#1851 = DIRECTION('',(-0.634391694436,-0.773011758016,0.));
#1852 = ADVANCED_FACE('',(#1853),#1871,.T.);
#1853 = FACE_BOUND('',#1854,.T.);
#1854 = EDGE_LOOP('',(#1855,#1856,#1857,#1865));
#1855 = ORIENTED_EDGE('',*,*,#209,.F.);
#1856 = ORIENTED_EDGE('',*,*,#1818,.T.);
#1857 = ORIENTED_EDGE('',*,*,#1858,.F.);
#1858 = EDGE_CURVE('',#1859,#1811,#1861,.T.);
#1859 = VERTEX_POINT('',#1860);
#1860 = CARTESIAN_POINT('',(62.263589672571,-78.27066661983,6.3));
#1861 = LINE('',#1862,#1863);
#1862 = CARTESIAN_POINT('',(61.597503185204,-77.88283628454,6.3));
#1863 = VECTOR('',#1864,1.);
#1864 = DIRECTION('',(-0.864185250602,0.503173779763,0.));
#1865 = ORIENTED_EDGE('',*,*,#1866,.F.);
#1866 = EDGE_CURVE('',#210,#1859,#1867,.T.);
#1867 = LINE('',#1868,#1869);
#1868 = CARTESIAN_POINT('',(62.263589672571,-78.27066661983,1.4));
#1869 = VECTOR('',#1870,1.);
#1870 = DIRECTION('',(0.,0.,1.));
#1871 = PLANE('',#1872);
#1872 = AXIS2_PLACEMENT_3D('',#1873,#1874,#1875);
#1873 = CARTESIAN_POINT('',(60.430351113952,-77.20325940118,1.4));
#1874 = DIRECTION('',(0.503173779763,0.864185250602,0.));
#1875 = DIRECTION('',(0.864185250602,-0.503173779763,0.));
#1876 = ADVANCED_FACE('',(#1877),#1895,.T.);
#1877 = FACE_BOUND('',#1878,.T.);
#1878 = EDGE_LOOP('',(#1879,#1880,#1888,#1894));
#1879 = ORIENTED_EDGE('',*,*,#746,.F.);
#1880 = ORIENTED_EDGE('',*,*,#1881,.T.);
#1881 = EDGE_CURVE('',#739,#1882,#1884,.T.);
#1882 = VERTEX_POINT('',#1883);
#1883 = CARTESIAN_POINT('',(38.621580582549,-7.338940432962,6.3));
#1884 = LINE('',#1885,#1886);
#1885 = CARTESIAN_POINT('',(38.621580582549,-7.338940432962,1.4));
#1886 = VECTOR('',#1887,1.);
#1887 = DIRECTION('',(0.,0.,1.));
#1888 = ORIENTED_EDGE('',*,*,#1889,.F.);
#1889 = EDGE_CURVE('',#1834,#1882,#1890,.T.);
#1890 = LINE('',#1891,#1892);
#1891 = CARTESIAN_POINT('',(41.552059766969,-4.845769685692,6.3));
#1892 = VECTOR('',#1893,1.);
#1893 = DIRECTION('',(0.761648942589,0.647989882832,0.));
#1894 = ORIENTED_EDGE('',*,*,#1833,.F.);
#1895 = PLANE('',#1896);
#1896 = AXIS2_PLACEMENT_3D('',#1897,#1898,#1899);
#1897 = CARTESIAN_POINT('',(38.621580582549,-7.338940432962,1.4));
#1898 = DIRECTION('',(0.647989882832,-0.761648942589,0.));
#1899 = DIRECTION('',(-0.761648942589,-0.647989882832,0.));
#1900 = ADVANCED_FACE('',(#1901),#1919,.T.);
#1901 = FACE_BOUND('',#1902,.T.);
#1902 = EDGE_LOOP('',(#1903,#1904,#1905,#1913));
#1903 = ORIENTED_EDGE('',*,*,#217,.F.);
#1904 = ORIENTED_EDGE('',*,*,#1866,.T.);
#1905 = ORIENTED_EDGE('',*,*,#1906,.F.);
#1906 = EDGE_CURVE('',#1907,#1859,#1909,.T.);
#1907 = VERTEX_POINT('',#1908);
#1908 = CARTESIAN_POINT('',(63.734047411437,-79.24335572043,6.3));
#1909 = LINE('',#1910,#1911);
#1910 = CARTESIAN_POINT('',(61.609678363354,-77.83811260184,6.3));
#1911 = VECTOR('',#1912,1.);
#1912 = DIRECTION('',(-0.834038674854,0.551705980435,0.));
#1913 = ORIENTED_EDGE('',*,*,#1914,.F.);
#1914 = EDGE_CURVE('',#218,#1907,#1915,.T.);
#1915 = LINE('',#1916,#1917);
#1916 = CARTESIAN_POINT('',(63.734047411437,-79.24335572043,1.4));
#1917 = VECTOR('',#1918,1.);
#1918 = DIRECTION('',(0.,0.,1.));
#1919 = PLANE('',#1920);
#1920 = AXIS2_PLACEMENT_3D('',#1921,#1922,#1923);
#1921 = CARTESIAN_POINT('',(62.263589672571,-78.27066661983,1.4));
#1922 = DIRECTION('',(0.551705980435,0.834038674854,0.));
#1923 = DIRECTION('',(0.834038674854,-0.551705980435,0.));
#1924 = ADVANCED_FACE('',(#1925),#1943,.T.);
#1925 = FACE_BOUND('',#1926,.T.);
#1926 = EDGE_LOOP('',(#1927,#1928,#1936,#1942));
#1927 = ORIENTED_EDGE('',*,*,#738,.F.);
#1928 = ORIENTED_EDGE('',*,*,#1929,.T.);
#1929 = EDGE_CURVE('',#731,#1930,#1932,.T.);
#1930 = VERTEX_POINT('',#1931);
#1931 = CARTESIAN_POINT('',(38.902953792571,-7.175470930229,6.3));
#1932 = LINE('',#1933,#1934);
#1933 = CARTESIAN_POINT('',(38.902953792571,-7.175470930229,1.4));
#1934 = VECTOR('',#1935,1.);
#1935 = DIRECTION('',(0.,0.,1.));
#1936 = ORIENTED_EDGE('',*,*,#1937,.F.);
#1937 = EDGE_CURVE('',#1882,#1930,#1938,.T.);
#1938 = LINE('',#1939,#1940);
#1939 = CARTESIAN_POINT('',(46.445964406361,-2.793205134384,6.3));
#1940 = VECTOR('',#1941,1.);
#1941 = DIRECTION('',(0.864666807223,0.502345809665,0.));
#1942 = ORIENTED_EDGE('',*,*,#1881,.F.);
#1943 = PLANE('',#1944);
#1944 = AXIS2_PLACEMENT_3D('',#1945,#1946,#1947);
#1945 = CARTESIAN_POINT('',(38.902953792571,-7.175470930229,1.4));
#1946 = DIRECTION('',(0.502345809665,-0.864666807223,0.));
#1947 = DIRECTION('',(-0.864666807223,-0.502345809665,0.));
#1948 = ADVANCED_FACE('',(#1949),#1967,.T.);
#1949 = FACE_BOUND('',#1950,.T.);
#1950 = EDGE_LOOP('',(#1951,#1952,#1953,#1961));
#1951 = ORIENTED_EDGE('',*,*,#225,.F.);
#1952 = ORIENTED_EDGE('',*,*,#1914,.T.);
#1953 = ORIENTED_EDGE('',*,*,#1954,.F.);
#1954 = EDGE_CURVE('',#1955,#1907,#1957,.T.);
#1955 = VERTEX_POINT('',#1956);
#1956 = CARTESIAN_POINT('',(65.886369801836,-80.84593278352,6.3));
#1957 = LINE('',#1958,#1959);
#1958 = CARTESIAN_POINT('',(61.562787844703,-77.62667840704,6.3));
#1959 = VECTOR('',#1960,1.);
#1960 = DIRECTION('',(-0.802081704938,0.597214315471,0.));
#1961 = ORIENTED_EDGE('',*,*,#1962,.F.);
#1962 = EDGE_CURVE('',#226,#1955,#1963,.T.);
#1963 = LINE('',#1964,#1965);
#1964 = CARTESIAN_POINT('',(65.886369801836,-80.84593278352,1.4));
#1965 = VECTOR('',#1966,1.);
#1966 = DIRECTION('',(0.,0.,1.));
#1967 = PLANE('',#1968);
#1968 = AXIS2_PLACEMENT_3D('',#1969,#1970,#1971);
#1969 = CARTESIAN_POINT('',(63.734047411437,-79.24335572043,1.4));
#1970 = DIRECTION('',(0.597214315471,0.802081704938,0.));
#1971 = DIRECTION('',(0.802081704938,-0.597214315471,0.));
#1972 = ADVANCED_FACE('',(#1973),#1991,.T.);
#1973 = FACE_BOUND('',#1974,.T.);
#1974 = EDGE_LOOP('',(#1975,#1976,#1984,#1990));
#1975 = ORIENTED_EDGE('',*,*,#730,.F.);
#1976 = ORIENTED_EDGE('',*,*,#1977,.T.);
#1977 = EDGE_CURVE('',#723,#1978,#1980,.T.);
#1978 = VERTEX_POINT('',#1979);
#1979 = CARTESIAN_POINT('',(39.297962058134,-7.026189495461,6.3));
#1980 = LINE('',#1981,#1982);
#1981 = CARTESIAN_POINT('',(39.297962058134,-7.026189495461,1.4));
#1982 = VECTOR('',#1983,1.);
#1983 = DIRECTION('',(0.,0.,1.));
#1984 = ORIENTED_EDGE('',*,*,#1985,.F.);
#1985 = EDGE_CURVE('',#1930,#1978,#1986,.T.);
#1986 = LINE('',#1987,#1988);
#1987 = CARTESIAN_POINT('',(51.384312718244,-2.458518575759,6.3));
#1988 = VECTOR('',#1989,1.);
#1989 = DIRECTION('',(0.935428173983,0.35351680486,0.));
#1990 = ORIENTED_EDGE('',*,*,#1929,.F.);
#1991 = PLANE('',#1992);
#1992 = AXIS2_PLACEMENT_3D('',#1993,#1994,#1995);
#1993 = CARTESIAN_POINT('',(39.297962058134,-7.026189495461,1.4));
#1994 = DIRECTION('',(0.35351680486,-0.935428173983,0.));
#1995 = DIRECTION('',(-0.935428173983,-0.35351680486,0.));
#1996 = ADVANCED_FACE('',(#1997),#2015,.T.);
#1997 = FACE_BOUND('',#1998,.T.);
#1998 = EDGE_LOOP('',(#1999,#2000,#2001,#2009));
#1999 = ORIENTED_EDGE('',*,*,#233,.F.);
#2000 = ORIENTED_EDGE('',*,*,#1962,.T.);
#2001 = ORIENTED_EDGE('',*,*,#2002,.F.);
#2002 = EDGE_CURVE('',#2003,#1955,#2005,.T.);
#2003 = VERTEX_POINT('',#2004);
#2004 = CARTESIAN_POINT('',(66.819963643856,-81.42784733008,6.3));
#2005 = LINE('',#2006,#2007);
#2006 = CARTESIAN_POINT('',(63.769435974645,-79.52643544677,6.3));
#2007 = VECTOR('',#2008,1.);
#2008 = DIRECTION('',(-0.848643826861,0.528964701215,0.));
#2009 = ORIENTED_EDGE('',*,*,#2010,.F.);
#2010 = EDGE_CURVE('',#234,#2003,#2011,.T.);
#2011 = LINE('',#2012,#2013);
#2012 = CARTESIAN_POINT('',(66.819963643856,-81.42784733008,1.4));
#2013 = VECTOR('',#2014,1.);
#2014 = DIRECTION('',(0.,0.,1.));
#2015 = PLANE('',#2016);
#2016 = AXIS2_PLACEMENT_3D('',#2017,#2018,#2019);
#2017 = CARTESIAN_POINT('',(65.886369801836,-80.84593278352,1.4));
#2018 = DIRECTION('',(0.528964701215,0.848643826861,0.));
#2019 = DIRECTION('',(0.848643826861,-0.528964701215,0.));
#2020 = ADVANCED_FACE('',(#2021),#2039,.T.);
#2021 = FACE_BOUND('',#2022,.T.);
#2022 = EDGE_LOOP('',(#2023,#2024,#2032,#2038));
#2023 = ORIENTED_EDGE('',*,*,#722,.F.);
#2024 = ORIENTED_EDGE('',*,*,#2025,.T.);
#2025 = EDGE_CURVE('',#715,#2026,#2028,.T.);
#2026 = VERTEX_POINT('',#2027);
#2027 = CARTESIAN_POINT('',(40.089825461618,-6.900695170416,6.3));
#2028 = LINE('',#2029,#2030);
#2029 = CARTESIAN_POINT('',(40.089825461618,-6.900695170416,1.4));
#2030 = VECTOR('',#2031,1.);
#2031 = DIRECTION('',(0.,0.,1.));
#2032 = ORIENTED_EDGE('',*,*,#2033,.F.);
#2033 = EDGE_CURVE('',#1978,#2026,#2034,.T.);
#2034 = LINE('',#2035,#2036);
#2035 = CARTESIAN_POINT('',(57.347520981672,-4.165699662883,6.3));
#2036 = VECTOR('',#2037,1.);
#2037 = DIRECTION('',(0.987673789601,0.156526308761,0.));
#2038 = ORIENTED_EDGE('',*,*,#1977,.F.);
#2039 = PLANE('',#2040);
#2040 = AXIS2_PLACEMENT_3D('',#2041,#2042,#2043);
#2041 = CARTESIAN_POINT('',(40.089825461618,-6.900695170416,1.4));
#2042 = DIRECTION('',(0.156526308761,-0.987673789601,0.));
#2043 = DIRECTION('',(-0.987673789601,-0.156526308761,0.));
#2044 = ADVANCED_FACE('',(#2045),#2063,.T.);
#2045 = FACE_BOUND('',#2046,.T.);
#2046 = EDGE_LOOP('',(#2047,#2048,#2049,#2057));
#2047 = ORIENTED_EDGE('',*,*,#241,.F.);
#2048 = ORIENTED_EDGE('',*,*,#2010,.T.);
#2049 = ORIENTED_EDGE('',*,*,#2050,.F.);
#2050 = EDGE_CURVE('',#2051,#2003,#2053,.T.);
#2051 = VERTEX_POINT('',#2052);
#2052 = CARTESIAN_POINT('',(68.018267730529,-81.99095455289,6.3));
#2053 = LINE('',#2054,#2055);
#2054 = CARTESIAN_POINT('',(66.102224163261,-81.09056709369,6.3));
#2055 = VECTOR('',#2056,1.);
#2056 = DIRECTION('',(-0.905051524262,0.425301937959,0.));
#2057 = ORIENTED_EDGE('',*,*,#2058,.F.);
#2058 = EDGE_CURVE('',#242,#2051,#2059,.T.);
#2059 = LINE('',#2060,#2061);
#2060 = CARTESIAN_POINT('',(68.018267730529,-81.99095455289,1.4));
#2061 = VECTOR('',#2062,1.);
#2062 = DIRECTION('',(0.,0.,1.));
#2063 = PLANE('',#2064);
#2064 = AXIS2_PLACEMENT_3D('',#2065,#2066,#2067);
#2065 = CARTESIAN_POINT('',(66.819963643856,-81.42784733008,1.4));
#2066 = DIRECTION('',(0.425301937959,0.905051524262,0.));
#2067 = DIRECTION('',(0.905051524262,-0.425301937959,0.));
#2068 = ADVANCED_FACE('',(#2069),#2087,.T.);
#2069 = FACE_BOUND('',#2070,.T.);
#2070 = EDGE_LOOP('',(#2071,#2072,#2080,#2086));
#2071 = ORIENTED_EDGE('',*,*,#714,.F.);
#2072 = ORIENTED_EDGE('',*,*,#2073,.T.);
#2073 = EDGE_CURVE('',#707,#2074,#2076,.T.);
#2074 = VERTEX_POINT('',#2075);
#2075 = CARTESIAN_POINT('',(55.457326453415,-6.899927016541,6.3));
#2076 = LINE('',#2077,#2078);
#2077 = CARTESIAN_POINT('',(55.457326453415,-6.899927016541,1.4));
#2078 = VECTOR('',#2079,1.);
#2079 = DIRECTION('',(0.,0.,1.));
#2080 = ORIENTED_EDGE('',*,*,#2081,.F.);
#2081 = EDGE_CURVE('',#2026,#2074,#2082,.T.);
#2082 = LINE('',#2083,#2084);
#2083 = CARTESIAN_POINT('',(68.567910670504,-6.899271676023,6.3));
#2084 = VECTOR('',#2085,1.);
#2085 = DIRECTION('',(0.999999998751,4.99856075818E-05,0.));
#2086 = ORIENTED_EDGE('',*,*,#2025,.F.);
#2087 = PLANE('',#2088);
#2088 = AXIS2_PLACEMENT_3D('',#2089,#2090,#2091);
#2089 = CARTESIAN_POINT('',(55.457326453415,-6.899927016541,1.4));
#2090 = DIRECTION('',(4.99856075818E-05,-0.999999998751,0.));
#2091 = DIRECTION('',(-0.999999998751,-4.99856075818E-05,0.));
#2092 = ADVANCED_FACE('',(#2093),#2111,.T.);
#2093 = FACE_BOUND('',#2094,.T.);
#2094 = EDGE_LOOP('',(#2095,#2096,#2097,#2105));
#2095 = ORIENTED_EDGE('',*,*,#249,.F.);
#2096 = ORIENTED_EDGE('',*,*,#2058,.T.);
#2097 = ORIENTED_EDGE('',*,*,#2098,.F.);
#2098 = EDGE_CURVE('',#2099,#2051,#2101,.T.);
#2099 = VERTEX_POINT('',#2100);
#2100 = CARTESIAN_POINT('',(69.3793081942,-82.41888581521,6.3));
#2101 = LINE('',#2102,#2103);
#2102 = CARTESIAN_POINT('',(69.096532065768,-82.32997681594,6.3));
#2103 = VECTOR('',#2104,1.);
#2104 = DIRECTION('',(-0.953958488135,0.299938665254,0.));
#2105 = ORIENTED_EDGE('',*,*,#2106,.F.);
#2106 = EDGE_CURVE('',#250,#2099,#2107,.T.);
#2107 = LINE('',#2108,#2109);
#2108 = CARTESIAN_POINT('',(69.3793081942,-82.41888581521,1.4));
#2109 = VECTOR('',#2110,1.);
#2110 = DIRECTION('',(0.,0.,1.));
#2111 = PLANE('',#2112);
#2112 = AXIS2_PLACEMENT_3D('',#2113,#2114,#2115);
#2113 = CARTESIAN_POINT('',(68.018267730529,-81.99095455289,1.4));
#2114 = DIRECTION('',(0.299938665254,0.953958488135,0.));
#2115 = DIRECTION('',(0.953958488135,-0.299938665254,0.));
#2116 = ADVANCED_FACE('',(#2117),#2135,.T.);
#2117 = FACE_BOUND('',#2118,.T.);
#2118 = EDGE_LOOP('',(#2119,#2120,#2128,#2134));
#2119 = ORIENTED_EDGE('',*,*,#706,.F.);
#2120 = ORIENTED_EDGE('',*,*,#2121,.T.);
#2121 = EDGE_CURVE('',#699,#2122,#2124,.T.);
#2122 = VERTEX_POINT('',#2123);
#2123 = CARTESIAN_POINT('',(55.526034289338,-4.202712085893,6.3));
#2124 = LINE('',#2125,#2126);
#2125 = CARTESIAN_POINT('',(55.526034289338,-4.202712085893,1.4));
#2126 = VECTOR('',#2127,1.);
#2127 = DIRECTION('',(0.,0.,1.));
#2128 = ORIENTED_EDGE('',*,*,#2129,.F.);
#2129 = EDGE_CURVE('',#2074,#2122,#2130,.T.);
#2130 = LINE('',#2131,#2132);
#2131 = CARTESIAN_POINT('',(55.001539531637,-24.79243191214,6.3));
#2132 = VECTOR('',#2133,1.);
#2133 = DIRECTION('',(2.546536189635E-02,0.999675705088,0.));
#2134 = ORIENTED_EDGE('',*,*,#2073,.F.);
#2135 = PLANE('',#2136);
#2136 = AXIS2_PLACEMENT_3D('',#2137,#2138,#2139);
#2137 = CARTESIAN_POINT('',(55.526034289338,-4.202712085893,1.4));
#2138 = DIRECTION('',(0.999675705088,-2.546536189635E-02,0.));
#2139 = DIRECTION('',(-2.546536189635E-02,-0.999675705088,0.));
#2140 = ADVANCED_FACE('',(#2141),#2159,.T.);
#2141 = FACE_BOUND('',#2142,.T.);
#2142 = EDGE_LOOP('',(#2143,#2144,#2145,#2153));
#2143 = ORIENTED_EDGE('',*,*,#257,.F.);
#2144 = ORIENTED_EDGE('',*,*,#2106,.T.);
#2145 = ORIENTED_EDGE('',*,*,#2146,.F.);
#2146 = EDGE_CURVE('',#2147,#2099,#2149,.T.);
#2147 = VERTEX_POINT('',#2148);
#2148 = CARTESIAN_POINT('',(70.783113430401,-82.65180784371,6.3));
#2149 = LINE('',#2150,#2151);
#2150 = CARTESIAN_POINT('',(72.430760749275,-82.92518861324,6.3));
#2151 = VECTOR('',#2152,1.);
#2152 = DIRECTION('',(-0.986512809277,0.163684077211,0.));
#2153 = ORIENTED_EDGE('',*,*,#2154,.F.);
#2154 = EDGE_CURVE('',#258,#2147,#2155,.T.);
#2155 = LINE('',#2156,#2157);
#2156 = CARTESIAN_POINT('',(70.783113430401,-82.65180784371,1.4));
#2157 = VECTOR('',#2158,1.);
#2158 = DIRECTION('',(0.,0.,1.));
#2159 = PLANE('',#2160);
#2160 = AXIS2_PLACEMENT_3D('',#2161,#2162,#2163);
#2161 = CARTESIAN_POINT('',(69.3793081942,-82.41888581521,1.4));
#2162 = DIRECTION('',(0.163684077211,0.986512809277,0.));
#2163 = DIRECTION('',(0.986512809277,-0.163684077211,0.));
#2164 = ADVANCED_FACE('',(#2165),#2183,.T.);
#2165 = FACE_BOUND('',#2166,.T.);
#2166 = EDGE_LOOP('',(#2167,#2168,#2176,#2182));
#2167 = ORIENTED_EDGE('',*,*,#698,.F.);
#2168 = ORIENTED_EDGE('',*,*,#2169,.T.);
#2169 = EDGE_CURVE('',#691,#2170,#2172,.T.);
#2170 = VERTEX_POINT('',#2171);
#2171 = CARTESIAN_POINT('',(55.625171041971,-3.720967831864,6.3));
#2172 = LINE('',#2173,#2174);
#2173 = CARTESIAN_POINT('',(55.625171041971,-3.720967831864,1.4));
#2174 = VECTOR('',#2175,1.);
#2175 = DIRECTION('',(0.,0.,1.));
#2176 = ORIENTED_EDGE('',*,*,#2177,.F.);
#2177 = EDGE_CURVE('',#2122,#2170,#2178,.T.);
#2178 = LINE('',#2179,#2180);
#2179 = CARTESIAN_POINT('',(51.97354114403,-21.46566568065,6.3));
#2180 = VECTOR('',#2181,1.);
#2181 = DIRECTION('',(0.201563415092,0.979475466613,0.));
#2182 = ORIENTED_EDGE('',*,*,#2121,.F.);
#2183 = PLANE('',#2184);
#2184 = AXIS2_PLACEMENT_3D('',#2185,#2186,#2187);
#2185 = CARTESIAN_POINT('',(55.625171041971,-3.720967831864,1.4));
#2186 = DIRECTION('',(0.979475466613,-0.201563415092,0.));
#2187 = DIRECTION('',(-0.201563415092,-0.979475466613,0.));
#2188 = ADVANCED_FACE('',(#2189),#2207,.T.);
#2189 = FACE_BOUND('',#2190,.T.);
#2190 = EDGE_LOOP('',(#2191,#2192,#2193,#2201));
#2191 = ORIENTED_EDGE('',*,*,#265,.F.);
#2192 = ORIENTED_EDGE('',*,*,#2154,.T.);
#2193 = ORIENTED_EDGE('',*,*,#2194,.F.);
#2194 = EDGE_CURVE('',#2195,#2147,#2197,.T.);
#2195 = VERTEX_POINT('',#2196);
#2196 = CARTESIAN_POINT('',(72.179515000786,-82.69173505904,6.3));
#2197 = LINE('',#2198,#2199);
#2198 = CARTESIAN_POINT('',(75.704842141219,-82.79253449871,6.3));
#2199 = VECTOR('',#2200,1.);
#2200 = DIRECTION('',(-0.999591472594,2.858125113553E-02,0.));
#2201 = ORIENTED_EDGE('',*,*,#2202,.F.);
#2202 = EDGE_CURVE('',#266,#2195,#2203,.T.);
#2203 = LINE('',#2204,#2205);
#2204 = CARTESIAN_POINT('',(72.179515000786,-82.69173505904,1.4));
#2205 = VECTOR('',#2206,1.);
#2206 = DIRECTION('',(0.,0.,1.));
#2207 = PLANE('',#2208);
#2208 = AXIS2_PLACEMENT_3D('',#2209,#2210,#2211);
#2209 = CARTESIAN_POINT('',(70.783113430401,-82.65180784371,1.4));
#2210 = DIRECTION('',(2.858125113553E-02,0.999591472594,0.));
#2211 = DIRECTION('',(0.999591472594,-2.858125113553E-02,0.));
#2212 = ADVANCED_FACE('',(#2213),#2231,.T.);
#2213 = FACE_BOUND('',#2214,.T.);
#2214 = EDGE_LOOP('',(#2215,#2216,#2224,#2230));
#2215 = ORIENTED_EDGE('',*,*,#690,.F.);
#2216 = ORIENTED_EDGE('',*,*,#2217,.T.);
#2217 = EDGE_CURVE('',#683,#2218,#2220,.T.);
#2218 = VERTEX_POINT('',#2219);
#2219 = CARTESIAN_POINT('',(55.818114303549,-3.238516189654,6.3));
#2220 = LINE('',#2221,#2222);
#2221 = CARTESIAN_POINT('',(55.818114303549,-3.238516189654,1.4));
#2222 = VECTOR('',#2223,1.);
#2223 = DIRECTION('',(0.,0.,1.));
#2224 = ORIENTED_EDGE('',*,*,#2225,.F.);
#2225 = EDGE_CURVE('',#2170,#2218,#2226,.T.);
#2226 = LINE('',#2227,#2228);
#2227 = CARTESIAN_POINT('',(50.216542921737,-17.2451588161,6.3));
#2228 = VECTOR('',#2229,1.);
#2229 = DIRECTION('',(0.371328633221,0.928501505734,0.));
#2230 = ORIENTED_EDGE('',*,*,#2169,.F.);
#2231 = PLANE('',#2232);
#2232 = AXIS2_PLACEMENT_3D('',#2233,#2234,#2235);
#2233 = CARTESIAN_POINT('',(55.818114303549,-3.238516189654,1.4));
#2234 = DIRECTION('',(0.928501505734,-0.371328633221,0.));
#2235 = DIRECTION('',(-0.371328633221,-0.928501505734,0.));
#2236 = ADVANCED_FACE('',(#2237),#2255,.T.);
#2237 = FACE_BOUND('',#2238,.T.);
#2238 = EDGE_LOOP('',(#2239,#2240,#2241,#2249));
#2239 = ORIENTED_EDGE('',*,*,#273,.F.);
#2240 = ORIENTED_EDGE('',*,*,#2202,.T.);
#2241 = ORIENTED_EDGE('',*,*,#2242,.F.);
#2242 = EDGE_CURVE('',#2243,#2195,#2245,.T.);
#2243 = VERTEX_POINT('',#2244);
#2244 = CARTESIAN_POINT('',(82.283670445845,-81.92571530692,6.3));
#2245 = LINE('',#2246,#2247);
#2246 = CARTESIAN_POINT('',(78.282900538098,-82.22902306873,6.3));
#2247 = VECTOR('',#2248,1.);
#2248 = DIRECTION('',(-0.997138572597,-7.559541679232E-02,0.));
#2249 = ORIENTED_EDGE('',*,*,#2250,.F.);
#2250 = EDGE_CURVE('',#274,#2243,#2251,.T.);
#2251 = LINE('',#2252,#2253);
#2252 = CARTESIAN_POINT('',(82.283670445845,-81.92571530692,1.4));
#2253 = VECTOR('',#2254,1.);
#2254 = DIRECTION('',(0.,0.,1.));
#2255 = PLANE('',#2256);
#2256 = AXIS2_PLACEMENT_3D('',#2257,#2258,#2259);
#2257 = CARTESIAN_POINT('',(72.179515000786,-82.69173505904,1.4));
#2258 = DIRECTION('',(-7.559541679232E-02,0.997138572597,0.));
#2259 = DIRECTION('',(0.997138572597,7.559541679232E-02,0.));
#2260 = ADVANCED_FACE('',(#2261),#2279,.T.);
#2261 = FACE_BOUND('',#2262,.T.);
#2262 = EDGE_LOOP('',(#2263,#2264,#2272,#2278));
#2263 = ORIENTED_EDGE('',*,*,#682,.F.);
#2264 = ORIENTED_EDGE('',*,*,#2265,.T.);
#2265 = EDGE_CURVE('',#675,#2266,#2268,.T.);
#2266 = VERTEX_POINT('',#2267);
#2267 = CARTESIAN_POINT('',(56.017081413994,-2.906049584304,6.3));
#2268 = LINE('',#2269,#2270);
#2269 = CARTESIAN_POINT('',(56.017081413994,-2.906049584304,1.4));
#2270 = VECTOR('',#2271,1.);
#2271 = DIRECTION('',(0.,0.,1.));
#2272 = ORIENTED_EDGE('',*,*,#2273,.F.);
#2273 = EDGE_CURVE('',#2218,#2266,#2274,.T.);
#2274 = LINE('',#2275,#2276);
#2275 = CARTESIAN_POINT('',(49.889825262196,-13.1444656137,6.3));
#2276 = VECTOR('',#2277,1.);
#2277 = DIRECTION('',(0.513522157722,0.85807633316,0.));
#2278 = ORIENTED_EDGE('',*,*,#2217,.F.);
#2279 = PLANE('',#2280);
#2280 = AXIS2_PLACEMENT_3D('',#2281,#2282,#2283);
#2281 = CARTESIAN_POINT('',(56.017081413994,-2.906049584304,1.4));
#2282 = DIRECTION('',(0.85807633316,-0.513522157722,0.));
#2283 = DIRECTION('',(-0.513522157722,-0.85807633316,0.));
#2284 = ADVANCED_FACE('',(#2285),#2303,.T.);
#2285 = FACE_BOUND('',#2286,.T.);
#2286 = EDGE_LOOP('',(#2287,#2288,#2289,#2297));
#2287 = ORIENTED_EDGE('',*,*,#281,.F.);
#2288 = ORIENTED_EDGE('',*,*,#2250,.T.);
#2289 = ORIENTED_EDGE('',*,*,#2290,.F.);
#2290 = EDGE_CURVE('',#2291,#2243,#2293,.T.);
#2291 = VERTEX_POINT('',#2292);
#2292 = CARTESIAN_POINT('',(87.193870807378,-81.83082165833,6.3));
#2293 = LINE('',#2294,#2295);
#2294 = CARTESIAN_POINT('',(82.328466132894,-81.92484959354,6.3));
#2295 = VECTOR('',#2296,1.);
#2296 = DIRECTION('',(-0.999813308633,-1.932221208466E-02,0.));
#2297 = ORIENTED_EDGE('',*,*,#2298,.F.);
#2298 = EDGE_CURVE('',#282,#2291,#2299,.T.);
#2299 = LINE('',#2300,#2301);
#2300 = CARTESIAN_POINT('',(87.193870807378,-81.83082165833,1.4));
#2301 = VECTOR('',#2302,1.);
#2302 = DIRECTION('',(0.,0.,1.));
#2303 = PLANE('',#2304);
#2304 = AXIS2_PLACEMENT_3D('',#2305,#2306,#2307);
#2305 = CARTESIAN_POINT('',(82.283670445845,-81.92571530692,1.4));
#2306 = DIRECTION('',(-1.932221208466E-02,0.999813308633,0.));
#2307 = DIRECTION('',(0.999813308633,1.932221208466E-02,0.));
#2308 = ADVANCED_FACE('',(#2309),#2327,.T.);
#2309 = FACE_BOUND('',#2310,.T.);
#2310 = EDGE_LOOP('',(#2311,#2312,#2320,#2326));
#2311 = ORIENTED_EDGE('',*,*,#674,.F.);
#2312 = ORIENTED_EDGE('',*,*,#2313,.T.);
#2313 = EDGE_CURVE('',#667,#2314,#2316,.T.);
#2314 = VERTEX_POINT('',#2315);
#2315 = CARTESIAN_POINT('',(56.394777175741,-2.506426037243,6.3));
#2316 = LINE('',#2317,#2318);
#2317 = CARTESIAN_POINT('',(56.394777175741,-2.506426037243,1.4));
#2318 = VECTOR('',#2319,1.);
#2319 = DIRECTION('',(0.,0.,1.));
#2320 = ORIENTED_EDGE('',*,*,#2321,.F.);
#2321 = EDGE_CURVE('',#2266,#2314,#2322,.T.);
#2322 = LINE('',#2323,#2324);
#2323 = CARTESIAN_POINT('',(51.484979579514,-7.701270484732,6.3));
#2324 = VECTOR('',#2325,1.);
#2325 = DIRECTION('',(0.686886406457,0.726764793193,0.));
#2326 = ORIENTED_EDGE('',*,*,#2265,.F.);
#2327 = PLANE('',#2328);
#2328 = AXIS2_PLACEMENT_3D('',#2329,#2330,#2331);
#2329 = CARTESIAN_POINT('',(56.394777175741,-2.506426037243,1.4));
#2330 = DIRECTION('',(0.726764793193,-0.686886406457,0.));
#2331 = DIRECTION('',(-0.686886406457,-0.726764793193,0.));
#2332 = ADVANCED_FACE('',(#2333),#2351,.T.);
#2333 = FACE_BOUND('',#2334,.T.);
#2334 = EDGE_LOOP('',(#2335,#2336,#2337,#2345));
#2335 = ORIENTED_EDGE('',*,*,#289,.F.);
#2336 = ORIENTED_EDGE('',*,*,#2298,.T.);
#2337 = ORIENTED_EDGE('',*,*,#2338,.F.);
#2338 = EDGE_CURVE('',#2339,#2291,#2341,.T.);
#2339 = VERTEX_POINT('',#2340);
#2340 = CARTESIAN_POINT('',(90.248373872677,-81.94144401622,6.3));
#2341 = LINE('',#2342,#2343);
#2342 = CARTESIAN_POINT('',(83.794154075331,-81.70769698863,6.3));
#2343 = VECTOR('',#2344,1.);
#2344 = DIRECTION('',(-0.999344839458,3.619242806966E-02,0.));
#2345 = ORIENTED_EDGE('',*,*,#2346,.F.);
#2346 = EDGE_CURVE('',#290,#2339,#2347,.T.);
#2347 = LINE('',#2348,#2349);
#2348 = CARTESIAN_POINT('',(90.248373872677,-81.94144401622,1.4));
#2349 = VECTOR('',#2350,1.);
#2350 = DIRECTION('',(0.,0.,1.));
#2351 = PLANE('',#2352);
#2352 = AXIS2_PLACEMENT_3D('',#2353,#2354,#2355);
#2353 = CARTESIAN_POINT('',(87.193870807378,-81.83082165833,1.4));
#2354 = DIRECTION('',(3.619242806966E-02,0.999344839458,0.));
#2355 = DIRECTION('',(0.999344839458,-3.619242806966E-02,0.));
#2356 = ADVANCED_FACE('',(#2357),#2375,.T.);
#2357 = FACE_BOUND('',#2358,.T.);
#2358 = EDGE_LOOP('',(#2359,#2360,#2368,#2374));
#2359 = ORIENTED_EDGE('',*,*,#666,.F.);
#2360 = ORIENTED_EDGE('',*,*,#2361,.T.);
#2361 = EDGE_CURVE('',#659,#2362,#2364,.T.);
#2362 = VERTEX_POINT('',#2363);
#2363 = CARTESIAN_POINT('',(56.84828312182,-2.200988727721,6.3));
#2364 = LINE('',#2365,#2366);
#2365 = CARTESIAN_POINT('',(56.84828312182,-2.200988727721,1.4));
#2366 = VECTOR('',#2367,1.);
#2367 = DIRECTION('',(0.,0.,1.));
#2368 = ORIENTED_EDGE('',*,*,#2369,.F.);
#2369 = EDGE_CURVE('',#2314,#2362,#2370,.T.);
#2370 = LINE('',#2371,#2372);
#2371 = CARTESIAN_POINT('',(55.225710643493,-3.293795065919,6.3));
#2372 = VECTOR('',#2373,1.);
#2373 = DIRECTION('',(0.829424269002,0.558619174384,0.));
#2374 = ORIENTED_EDGE('',*,*,#2313,.F.);
#2375 = PLANE('',#2376);
#2376 = AXIS2_PLACEMENT_3D('',#2377,#2378,#2379);
#2377 = CARTESIAN_POINT('',(56.84828312182,-2.200988727721,1.4));
#2378 = DIRECTION('',(0.558619174384,-0.829424269002,0.));
#2379 = DIRECTION('',(-0.829424269002,-0.558619174384,0.));
#2380 = ADVANCED_FACE('',(#2381),#2399,.T.);
#2381 = FACE_BOUND('',#2382,.T.);
#2382 = EDGE_LOOP('',(#2383,#2384,#2385,#2393));
#2383 = ORIENTED_EDGE('',*,*,#297,.F.);
#2384 = ORIENTED_EDGE('',*,*,#2346,.T.);
#2385 = ORIENTED_EDGE('',*,*,#2386,.F.);
#2386 = EDGE_CURVE('',#2387,#2339,#2389,.T.);
#2387 = VERTEX_POINT('',#2388);
#2388 = CARTESIAN_POINT('',(93.303451092769,-82.18293331671,6.3));
#2389 = LINE('',#2390,#2391);
#2390 = CARTESIAN_POINT('',(84.582285096593,-81.49356669054,6.3));
#2391 = VECTOR('',#2392,1.);
#2392 = DIRECTION('',(-0.996890489269,7.879944419674E-02,0.));
#2393 = ORIENTED_EDGE('',*,*,#2394,.F.);
#2394 = EDGE_CURVE('',#298,#2387,#2395,.T.);
#2395 = LINE('',#2396,#2397);
#2396 = CARTESIAN_POINT('',(93.303451092769,-82.18293331671,1.4));
#2397 = VECTOR('',#2398,1.);
#2398 = DIRECTION('',(0.,0.,1.));
#2399 = PLANE('',#2400);
#2400 = AXIS2_PLACEMENT_3D('',#2401,#2402,#2403);
#2401 = CARTESIAN_POINT('',(90.248373872677,-81.94144401622,1.4));
#2402 = DIRECTION('',(7.879944419674E-02,0.996890489269,0.));
#2403 = DIRECTION('',(0.996890489269,-7.879944419674E-02,0.));
#2404 = ADVANCED_FACE('',(#2405),#2423,.T.);
#2405 = FACE_BOUND('',#2406,.T.);
#2406 = EDGE_LOOP('',(#2407,#2408,#2416,#2422));
#2407 = ORIENTED_EDGE('',*,*,#658,.F.);
#2408 = ORIENTED_EDGE('',*,*,#2409,.T.);
#2409 = EDGE_CURVE('',#651,#2410,#2412,.T.);
#2410 = VERTEX_POINT('',#2411);
#2411 = CARTESIAN_POINT('',(57.410001988729,-1.982296079162,6.3));
#2412 = LINE('',#2413,#2414);
#2413 = CARTESIAN_POINT('',(57.410001988729,-1.982296079162,1.4));
#2414 = VECTOR('',#2415,1.);
#2415 = DIRECTION('',(0.,0.,1.));
#2416 = ORIENTED_EDGE('',*,*,#2417,.F.);
#2417 = EDGE_CURVE('',#2362,#2410,#2418,.T.);
#2418 = LINE('',#2419,#2420);
#2419 = CARTESIAN_POINT('',(60.494426459709,-0.781444556139,6.3));
#2420 = VECTOR('',#2421,1.);
#2421 = DIRECTION('',(0.93186650925,0.362801335359,0.));
#2422 = ORIENTED_EDGE('',*,*,#2361,.F.);
#2423 = PLANE('',#2424);
#2424 = AXIS2_PLACEMENT_3D('',#2425,#2426,#2427);
#2425 = CARTESIAN_POINT('',(57.410001988729,-1.982296079162,1.4));
#2426 = DIRECTION('',(0.362801335359,-0.93186650925,0.));
#2427 = DIRECTION('',(-0.93186650925,-0.362801335359,0.));
#2428 = ADVANCED_FACE('',(#2429),#2447,.T.);
#2429 = FACE_BOUND('',#2430,.T.);
#2430 = EDGE_LOOP('',(#2431,#2432,#2433,#2441));
#2431 = ORIENTED_EDGE('',*,*,#305,.F.);
#2432 = ORIENTED_EDGE('',*,*,#2394,.T.);
#2433 = ORIENTED_EDGE('',*,*,#2434,.F.);
#2434 = EDGE_CURVE('',#2435,#2387,#2437,.T.);
#2435 = VERTEX_POINT('',#2436);
#2436 = CARTESIAN_POINT('',(95.739176571367,-82.47007158045,6.3));
#2437 = LINE('',#2438,#2439);
#2438 = CARTESIAN_POINT('',(85.472475077231,-81.25976981729,6.3));
#2439 = VECTOR('',#2440,1.);
#2440 = DIRECTION('',(-0.993123024814,0.117075435441,0.));
#2441 = ORIENTED_EDGE('',*,*,#2442,.F.);
#2442 = EDGE_CURVE('',#306,#2435,#2443,.T.);
#2443 = LINE('',#2444,#2445);
#2444 = CARTESIAN_POINT('',(95.739176571367,-82.47007158045,1.4));
#2445 = VECTOR('',#2446,1.);
#2446 = DIRECTION('',(0.,0.,1.));
#2447 = PLANE('',#2448);
#2448 = AXIS2_PLACEMENT_3D('',#2449,#2450,#2451);
#2449 = CARTESIAN_POINT('',(93.303451092769,-82.18293331671,1.4));
#2450 = DIRECTION('',(0.117075435441,0.993123024814,0.));
#2451 = DIRECTION('',(0.993123024814,-0.117075435441,0.));
#2452 = ADVANCED_FACE('',(#2453),#2471,.T.);
#2453 = FACE_BOUND('',#2454,.T.);
#2454 = EDGE_LOOP('',(#2455,#2456,#2464,#2470));
#2455 = ORIENTED_EDGE('',*,*,#650,.F.);
#2456 = ORIENTED_EDGE('',*,*,#2457,.T.);
#2457 = EDGE_CURVE('',#643,#2458,#2460,.T.);
#2458 = VERTEX_POINT('',#2459);
#2459 = CARTESIAN_POINT('',(57.610694716693,-1.939810220999,6.3));
#2460 = LINE('',#2461,#2462);
#2461 = CARTESIAN_POINT('',(57.610694716693,-1.939810220999,1.4));
#2462 = VECTOR('',#2463,1.);
#2463 = DIRECTION('',(0.,0.,1.));
#2464 = ORIENTED_EDGE('',*,*,#2465,.F.);
#2465 = EDGE_CURVE('',#2410,#2458,#2466,.T.);
#2466 = LINE('',#2467,#2468);
#2467 = CARTESIAN_POINT('',(64.658107076257,-0.447900848099,6.3));
#2468 = VECTOR('',#2469,1.);
#2469 = DIRECTION('',(0.978318475247,0.207106158748,0.));
#2470 = ORIENTED_EDGE('',*,*,#2409,.F.);
#2471 = PLANE('',#2472);
#2472 = AXIS2_PLACEMENT_3D('',#2473,#2474,#2475);
#2473 = CARTESIAN_POINT('',(57.610694716693,-1.939810220999,1.4));
#2474 = DIRECTION('',(0.207106158748,-0.978318475247,0.));
#2475 = DIRECTION('',(-0.978318475247,-0.207106158748,0.));
#2476 = ADVANCED_FACE('',(#2477),#2495,.T.);
#2477 = FACE_BOUND('',#2478,.T.);
#2478 = EDGE_LOOP('',(#2479,#2480,#2481,#2489));
#2479 = ORIENTED_EDGE('',*,*,#313,.F.);
#2480 = ORIENTED_EDGE('',*,*,#2442,.T.);
#2481 = ORIENTED_EDGE('',*,*,#2482,.F.);
#2482 = EDGE_CURVE('',#2483,#2435,#2485,.T.);
#2483 = VERTEX_POINT('',#2484);
#2484 = CARTESIAN_POINT('',(98.766657180609,-82.94564368786,6.3));
#2485 = LINE('',#2486,#2487);
#2486 = CARTESIAN_POINT('',(86.08937837835,-80.95423202436,6.3));
#2487 = VECTOR('',#2488,1.);
#2488 = DIRECTION('',(-0.987885873276,0.155182155487,0.));
#2489 = ORIENTED_EDGE('',*,*,#2490,.F.);
#2490 = EDGE_CURVE('',#314,#2483,#2491,.T.);
#2491 = LINE('',#2492,#2493);
#2492 = CARTESIAN_POINT('',(98.766657180609,-82.94564368786,1.4));
#2493 = VECTOR('',#2494,1.);
#2494 = DIRECTION('',(0.,0.,1.));
#2495 = PLANE('',#2496);
#2496 = AXIS2_PLACEMENT_3D('',#2497,#2498,#2499);
#2497 = CARTESIAN_POINT('',(95.739176571367,-82.47007158045,1.4));
#2498 = DIRECTION('',(0.155182155487,0.987885873276,0.));
#2499 = DIRECTION('',(0.987885873276,-0.155182155487,0.));
#2500 = ADVANCED_FACE('',(#2501),#2519,.T.);
#2501 = FACE_BOUND('',#2502,.T.);
#2502 = EDGE_LOOP('',(#2503,#2504,#2512,#2518));
#2503 = ORIENTED_EDGE('',*,*,#642,.F.);
#2504 = ORIENTED_EDGE('',*,*,#2505,.T.);
#2505 = EDGE_CURVE('',#635,#2506,#2508,.T.);
#2506 = VERTEX_POINT('',#2507);
#2507 = CARTESIAN_POINT('',(57.901866519384,-1.909510976355,6.3));
#2508 = LINE('',#2509,#2510);
#2509 = CARTESIAN_POINT('',(57.901866519384,-1.909510976355,1.4));
#2510 = VECTOR('',#2511,1.);
#2511 = DIRECTION('',(0.,0.,1.));
#2512 = ORIENTED_EDGE('',*,*,#2513,.F.);
#2513 = EDGE_CURVE('',#2458,#2506,#2514,.T.);
#2514 = LINE('',#2515,#2516);
#2515 = CARTESIAN_POINT('',(67.390483501692,-0.922128528508,6.3));
#2516 = VECTOR('',#2517,1.);
#2517 = DIRECTION('',(0.994629368916,0.103500813956,0.));
#2518 = ORIENTED_EDGE('',*,*,#2457,.F.);
#2519 = PLANE('',#2520);
#2520 = AXIS2_PLACEMENT_3D('',#2521,#2522,#2523);
#2521 = CARTESIAN_POINT('',(57.901866519384,-1.909510976355,1.4));
#2522 = DIRECTION('',(0.103500813956,-0.994629368916,0.));
#2523 = DIRECTION('',(-0.994629368916,-0.103500813956,0.));
#2524 = ADVANCED_FACE('',(#2525),#2543,.T.);
#2525 = FACE_BOUND('',#2526,.T.);
#2526 = EDGE_LOOP('',(#2527,#2528,#2529,#2537));
#2527 = ORIENTED_EDGE('',*,*,#321,.F.);
#2528 = ORIENTED_EDGE('',*,*,#2490,.T.);
#2529 = ORIENTED_EDGE('',*,*,#2530,.F.);
#2530 = EDGE_CURVE('',#2531,#2483,#2533,.T.);
#2531 = VERTEX_POINT('',#2532);
#2532 = CARTESIAN_POINT('',(101.76628138013,-83.54899629536,6.3));
#2533 = LINE('',#2534,#2535);
#2534 = CARTESIAN_POINT('',(86.991827107662,-80.57722219411,6.3));
#2535 = VECTOR('',#2536,1.);
#2536 = DIRECTION('',(-0.980364642786,0.197193222943,0.));
#2537 = ORIENTED_EDGE('',*,*,#2538,.F.);
#2538 = EDGE_CURVE('',#322,#2531,#2539,.T.);
#2539 = LINE('',#2540,#2541);
#2540 = CARTESIAN_POINT('',(101.76628138013,-83.54899629536,1.4));
#2541 = VECTOR('',#2542,1.);
#2542 = DIRECTION('',(0.,0.,1.));
#2543 = PLANE('',#2544);
#2544 = AXIS2_PLACEMENT_3D('',#2545,#2546,#2547);
#2545 = CARTESIAN_POINT('',(98.766657180609,-82.94564368786,1.4));
#2546 = DIRECTION('',(0.197193222943,0.980364642786,0.));
#2547 = DIRECTION('',(0.980364642786,-0.197193222943,0.));
#2548 = ADVANCED_FACE('',(#2549),#2567,.T.);
#2549 = FACE_BOUND('',#2550,.T.);
#2550 = EDGE_LOOP('',(#2551,#2552,#2560,#2566));
#2551 = ORIENTED_EDGE('',*,*,#634,.F.);
#2552 = ORIENTED_EDGE('',*,*,#2553,.T.);
#2553 = EDGE_CURVE('',#627,#2554,#2556,.T.);
#2554 = VERTEX_POINT('',#2555);
#2555 = CARTESIAN_POINT('',(74.173507797714,-1.929737479384,6.3));
#2556 = LINE('',#2557,#2558);
#2557 = CARTESIAN_POINT('',(74.173507797714,-1.929737479384,1.4));
#2558 = VECTOR('',#2559,1.);
#2559 = DIRECTION('',(0.,0.,1.));
#2560 = ORIENTED_EDGE('',*,*,#2561,.F.);
#2561 = EDGE_CURVE('',#2506,#2554,#2562,.T.);
#2562 = LINE('',#2563,#2564);
#2563 = CARTESIAN_POINT('',(77.954412144096,-1.934437341672,6.3));
#2564 = VECTOR('',#2565,1.);
#2565 = DIRECTION('',(0.999999227411,-1.24305145721E-03,0.));
#2566 = ORIENTED_EDGE('',*,*,#2505,.F.);
#2567 = PLANE('',#2568);
#2568 = AXIS2_PLACEMENT_3D('',#2569,#2570,#2571);
#2569 = CARTESIAN_POINT('',(74.173507797714,-1.929737479384,1.4));
#2570 = DIRECTION('',(-1.24305145721E-03,-0.999999227411,0.));
#2571 = DIRECTION('',(-0.999999227411,1.24305145721E-03,0.));
#2572 = ADVANCED_FACE('',(#2573),#2591,.T.);
#2573 = FACE_BOUND('',#2574,.T.);
#2574 = EDGE_LOOP('',(#2575,#2576,#2577,#2585));
#2575 = ORIENTED_EDGE('',*,*,#329,.F.);
#2576 = ORIENTED_EDGE('',*,*,#2538,.T.);
#2577 = ORIENTED_EDGE('',*,*,#2578,.F.);
#2578 = EDGE_CURVE('',#2579,#2531,#2581,.T.);
#2579 = VERTEX_POINT('',#2580);
#2580 = CARTESIAN_POINT('',(104.74117107682,-84.28071773184,6.3));
#2581 = LINE('',#2582,#2583);
#2582 = CARTESIAN_POINT('',(87.950559913267,-80.1507998617,6.3));
#2583 = VECTOR('',#2584,1.);
#2584 = DIRECTION('',(-0.971057220682,0.23884696808,0.));
#2585 = ORIENTED_EDGE('',*,*,#2586,.F.);
#2586 = EDGE_CURVE('',#330,#2579,#2587,.T.);
#2587 = LINE('',#2588,#2589);
#2588 = CARTESIAN_POINT('',(104.74117107682,-84.28071773184,1.4));
#2589 = VECTOR('',#2590,1.);
#2590 = DIRECTION('',(0.,0.,1.));
#2591 = PLANE('',#2592);
#2592 = AXIS2_PLACEMENT_3D('',#2593,#2594,#2595);
#2593 = CARTESIAN_POINT('',(101.76628138013,-83.54899629536,1.4));
#2594 = DIRECTION('',(0.23884696808,0.971057220682,0.));
#2595 = DIRECTION('',(0.971057220682,-0.23884696808,0.));
#2596 = ADVANCED_FACE('',(#2597),#2615,.T.);
#2597 = FACE_BOUND('',#2598,.T.);
#2598 = EDGE_LOOP('',(#2599,#2600,#2608,#2614));
#2599 = ORIENTED_EDGE('',*,*,#626,.F.);
#2600 = ORIENTED_EDGE('',*,*,#2601,.T.);
#2601 = EDGE_CURVE('',#619,#2602,#2604,.T.);
#2602 = VERTEX_POINT('',#2603);
#2603 = CARTESIAN_POINT('',(74.690368280245,-2.029959147851,6.3));
#2604 = LINE('',#2605,#2606);
#2605 = CARTESIAN_POINT('',(74.690368280245,-2.029959147851,1.4));
#2606 = VECTOR('',#2607,1.);
#2607 = DIRECTION('',(0.,0.,1.));
#2608 = ORIENTED_EDGE('',*,*,#2609,.F.);
#2609 = EDGE_CURVE('',#2554,#2602,#2610,.T.);
#2610 = LINE('',#2611,#2612);
#2611 = CARTESIAN_POINT('',(82.174303633934,-3.481129266676,6.3));
#2612 = VECTOR('',#2613,1.);
#2613 = DIRECTION('',(0.981714537535,-0.190359047047,0.));
#2614 = ORIENTED_EDGE('',*,*,#2553,.F.);
#2615 = PLANE('',#2616);
#2616 = AXIS2_PLACEMENT_3D('',#2617,#2618,#2619);
#2617 = CARTESIAN_POINT('',(74.690368280245,-2.029959147851,1.4));
#2618 = DIRECTION('',(-0.190359047047,-0.981714537535,0.));
#2619 = DIRECTION('',(-0.981714537535,0.190359047047,0.));
#2620 = ADVANCED_FACE('',(#2621),#2639,.T.);
#2621 = FACE_BOUND('',#2622,.T.);
#2622 = EDGE_LOOP('',(#2623,#2624,#2625,#2633));
#2623 = ORIENTED_EDGE('',*,*,#337,.F.);
#2624 = ORIENTED_EDGE('',*,*,#2586,.T.);
#2625 = ORIENTED_EDGE('',*,*,#2626,.F.);
#2626 = EDGE_CURVE('',#2627,#2579,#2629,.T.);
#2627 = VERTEX_POINT('',#2628);
#2628 = CARTESIAN_POINT('',(107.6820779766,-85.13877601519,6.3));
#2629 = LINE('',#2630,#2631);
#2630 = CARTESIAN_POINT('',(88.97904806457,-79.68185735484,6.3));
#2631 = VECTOR('',#2632,1.);
#2632 = DIRECTION('',(-0.959974219883,0.28008837384,0.));
#2633 = ORIENTED_EDGE('',*,*,#2634,.F.);
#2634 = EDGE_CURVE('',#338,#2627,#2635,.T.);
#2635 = LINE('',#2636,#2637);
#2636 = CARTESIAN_POINT('',(107.6820779766,-85.13877601519,1.4));
#2637 = VECTOR('',#2638,1.);
#2638 = DIRECTION('',(0.,0.,1.));
#2639 = PLANE('',#2640);
#2640 = AXIS2_PLACEMENT_3D('',#2641,#2642,#2643);
#2641 = CARTESIAN_POINT('',(104.74117107682,-84.28071773184,1.4));
#2642 = DIRECTION('',(0.28008837384,0.959974219883,0.));
#2643 = DIRECTION('',(0.959974219883,-0.28008837384,0.));
#2644 = ADVANCED_FACE('',(#2645),#2663,.T.);
#2645 = FACE_BOUND('',#2646,.T.);
#2646 = EDGE_LOOP('',(#2647,#2648,#2656,#2662));
#2647 = ORIENTED_EDGE('',*,*,#618,.F.);
#2648 = ORIENTED_EDGE('',*,*,#2649,.T.);
#2649 = EDGE_CURVE('',#611,#2650,#2652,.T.);
#2650 = VERTEX_POINT('',#2651);
#2651 = CARTESIAN_POINT('',(75.12483747796,-2.204405529982,6.3));
#2652 = LINE('',#2653,#2654);
#2653 = CARTESIAN_POINT('',(75.12483747796,-2.204405529982,1.4));
#2654 = VECTOR('',#2655,1.);
#2655 = DIRECTION('',(0.,0.,1.));
#2656 = ORIENTED_EDGE('',*,*,#2657,.F.);
#2657 = EDGE_CURVE('',#2602,#2650,#2658,.T.);
#2658 = LINE('',#2659,#2660);
#2659 = CARTESIAN_POINT('',(85.532217181204,-6.383136142506,6.3));
#2660 = VECTOR('',#2661,1.);
#2661 = DIRECTION('',(0.927990748365,-0.372603235291,0.));
#2662 = ORIENTED_EDGE('',*,*,#2601,.F.);
#2663 = PLANE('',#2664);
#2664 = AXIS2_PLACEMENT_3D('',#2665,#2666,#2667);
#2665 = CARTESIAN_POINT('',(75.12483747796,-2.204405529982,1.4));
#2666 = DIRECTION('',(-0.372603235291,-0.927990748365,0.));
#2667 = DIRECTION('',(-0.927990748365,0.372603235291,0.));
#2668 = ADVANCED_FACE('',(#2669),#2687,.T.);
#2669 = FACE_BOUND('',#2670,.T.);
#2670 = EDGE_LOOP('',(#2671,#2672,#2673,#2681));
#2671 = ORIENTED_EDGE('',*,*,#345,.F.);
#2672 = ORIENTED_EDGE('',*,*,#2634,.T.);
#2673 = ORIENTED_EDGE('',*,*,#2674,.F.);
#2674 = EDGE_CURVE('',#2675,#2627,#2677,.T.);
#2675 = VERTEX_POINT('',#2676);
#2676 = CARTESIAN_POINT('',(110.58065095038,-86.12059836231,6.3));
#2677 = LINE('',#2678,#2679);
#2678 = CARTESIAN_POINT('',(90.084401666069,-79.17798357861,6.3));
#2679 = VECTOR('',#2680,1.);
#2680 = DIRECTION('',(-0.947139846492,0.320820995552,0.));
#2681 = ORIENTED_EDGE('',*,*,#2682,.F.);
#2682 = EDGE_CURVE('',#346,#2675,#2683,.T.);
#2683 = LINE('',#2684,#2685);
#2684 = CARTESIAN_POINT('',(110.58065095038,-86.12059836231,1.4));
#2685 = VECTOR('',#2686,1.);
#2686 = DIRECTION('',(0.,0.,1.));
#2687 = PLANE('',#2688);
#2688 = AXIS2_PLACEMENT_3D('',#2689,#2690,#2691);
#2689 = CARTESIAN_POINT('',(107.6820779766,-85.13877601519,1.4));
#2690 = DIRECTION('',(0.320820995552,0.947139846492,0.));
#2691 = DIRECTION('',(0.947139846492,-0.320820995552,0.));
#2692 = ADVANCED_FACE('',(#2693),#2711,.T.);
#2693 = FACE_BOUND('',#2694,.T.);
#2694 = EDGE_LOOP('',(#2695,#2696,#2704,#2710));
#2695 = ORIENTED_EDGE('',*,*,#610,.F.);
#2696 = ORIENTED_EDGE('',*,*,#2697,.T.);
#2697 = EDGE_CURVE('',#603,#2698,#2700,.T.);
#2698 = VERTEX_POINT('',#2699);
#2699 = CARTESIAN_POINT('',(75.603164386462,-2.524968751652,6.3));
#2700 = LINE('',#2701,#2702);
#2701 = CARTESIAN_POINT('',(75.603164386462,-2.524968751652,1.4));
#2702 = VECTOR('',#2703,1.);
#2703 = DIRECTION('',(0.,0.,1.));
#2704 = ORIENTED_EDGE('',*,*,#2705,.F.);
#2705 = EDGE_CURVE('',#2650,#2698,#2706,.T.);
#2706 = LINE('',#2707,#2708);
#2707 = CARTESIAN_POINT('',(87.770262220994,-10.67906589921,6.3));
#2708 = VECTOR('',#2709,1.);
#2709 = DIRECTION('',(0.830702358427,-0.556716796679,0.));
#2710 = ORIENTED_EDGE('',*,*,#2649,.F.);
#2711 = PLANE('',#2712);
#2712 = AXIS2_PLACEMENT_3D('',#2713,#2714,#2715);
#2713 = CARTESIAN_POINT('',(75.603164386462,-2.524968751652,1.4));
#2714 = DIRECTION('',(-0.556716796679,-0.830702358427,0.));
#2715 = DIRECTION('',(-0.830702358427,0.556716796679,0.));
#2716 = ADVANCED_FACE('',(#2717),#2735,.T.);
#2717 = FACE_BOUND('',#2718,.T.);
#2718 = EDGE_LOOP('',(#2719,#2720,#2721,#2729));
#2719 = ORIENTED_EDGE('',*,*,#353,.F.);
#2720 = ORIENTED_EDGE('',*,*,#2682,.T.);
#2721 = ORIENTED_EDGE('',*,*,#2722,.F.);
#2722 = EDGE_CURVE('',#2723,#2675,#2725,.T.);
#2723 = VERTEX_POINT('',#2724);
#2724 = CARTESIAN_POINT('',(115.13669796806,-87.95154245316,6.3));
#2725 = LINE('',#2726,#2727);
#2726 = CARTESIAN_POINT('',(91.212031085694,-78.33690781834,6.3));
#2727 = VECTOR('',#2728,1.);
#2728 = DIRECTION('',(-0.927876779349,0.372886956522,0.));
#2729 = ORIENTED_EDGE('',*,*,#2730,.F.);
#2730 = EDGE_CURVE('',#354,#2723,#2731,.T.);
#2731 = LINE('',#2732,#2733);
#2732 = CARTESIAN_POINT('',(115.13669796806,-87.95154245316,1.4));
#2733 = VECTOR('',#2734,1.);
#2734 = DIRECTION('',(0.,0.,1.));
#2735 = PLANE('',#2736);
#2736 = AXIS2_PLACEMENT_3D('',#2737,#2738,#2739);
#2737 = CARTESIAN_POINT('',(110.58065095038,-86.12059836231,1.4));
#2738 = DIRECTION('',(0.372886956522,0.927876779349,0.));
#2739 = DIRECTION('',(0.927876779349,-0.372886956522,0.));
#2740 = ADVANCED_FACE('',(#2741),#2759,.T.);
#2741 = FACE_BOUND('',#2742,.T.);
#2742 = EDGE_LOOP('',(#2743,#2744,#2752,#2758));
#2743 = ORIENTED_EDGE('',*,*,#602,.F.);
#2744 = ORIENTED_EDGE('',*,*,#2745,.T.);
#2745 = EDGE_CURVE('',#595,#2746,#2748,.T.);
#2746 = VERTEX_POINT('',#2747);
#2747 = CARTESIAN_POINT('',(75.921976453976,-2.852602501533,6.3));
#2748 = LINE('',#2749,#2750);
#2749 = CARTESIAN_POINT('',(75.921976453976,-2.852602501533,1.4));
#2750 = VECTOR('',#2751,1.);
#2751 = DIRECTION('',(0.,0.,1.));
#2752 = ORIENTED_EDGE('',*,*,#2753,.F.);
#2753 = EDGE_CURVE('',#2698,#2746,#2754,.T.);
#2754 = LINE('',#2755,#2756);
#2755 = CARTESIAN_POINT('',(88.123917435293,-15.39217702488,6.3));
#2756 = VECTOR('',#2757,1.);
#2757 = DIRECTION('',(0.697392359764,-0.716689539858,0.));
#2758 = ORIENTED_EDGE('',*,*,#2697,.F.);
#2759 = PLANE('',#2760);
#2760 = AXIS2_PLACEMENT_3D('',#2761,#2762,#2763);
#2761 = CARTESIAN_POINT('',(75.921976453976,-2.852602501533,1.4));
#2762 = DIRECTION('',(-0.716689539858,-0.697392359764,0.));
#2763 = DIRECTION('',(-0.697392359764,0.716689539858,0.));
#2764 = ADVANCED_FACE('',(#2765),#2783,.T.);
#2765 = FACE_BOUND('',#2766,.T.);
#2766 = EDGE_LOOP('',(#2767,#2768,#2769,#2777));
#2767 = ORIENTED_EDGE('',*,*,#361,.F.);
#2768 = ORIENTED_EDGE('',*,*,#2730,.T.);
#2769 = ORIENTED_EDGE('',*,*,#2770,.F.);
#2770 = EDGE_CURVE('',#2771,#2723,#2773,.T.);
#2771 = VERTEX_POINT('',#2772);
#2772 = CARTESIAN_POINT('',(125.24136611448,-92.54697718476,6.3));
#2773 = LINE('',#2774,#2775);
#2774 = CARTESIAN_POINT('',(93.385069512067,-78.05926420839,6.3));
#2775 = VECTOR('',#2776,1.);
#2776 = DIRECTION('',(-0.910284885074,0.413982400599,0.));
#2777 = ORIENTED_EDGE('',*,*,#2778,.F.);
#2778 = EDGE_CURVE('',#362,#2771,#2779,.T.);
#2779 = LINE('',#2780,#2781);
#2780 = CARTESIAN_POINT('',(125.24136611448,-92.54697718476,1.4));
#2781 = VECTOR('',#2782,1.);
#2782 = DIRECTION('',(0.,0.,1.));
#2783 = PLANE('',#2784);
#2784 = AXIS2_PLACEMENT_3D('',#2785,#2786,#2787);
#2785 = CARTESIAN_POINT('',(115.13669796806,-87.95154245316,1.4));
#2786 = DIRECTION('',(0.413982400599,0.910284885074,0.));
#2787 = DIRECTION('',(0.910284885074,-0.413982400599,0.));
#2788 = ADVANCED_FACE('',(#2789),#2807,.T.);
#2789 = FACE_BOUND('',#2790,.T.);
#2790 = EDGE_LOOP('',(#2791,#2792,#2800,#2806));
#2791 = ORIENTED_EDGE('',*,*,#594,.F.);
#2792 = ORIENTED_EDGE('',*,*,#2793,.T.);
#2793 = EDGE_CURVE('',#587,#2794,#2796,.T.);
#2794 = VERTEX_POINT('',#2795);
#2795 = CARTESIAN_POINT('',(76.223487385624,-3.32377086785,6.3));
#2796 = LINE('',#2797,#2798);
#2797 = CARTESIAN_POINT('',(76.223487385624,-3.32377086785,1.4));
#2798 = VECTOR('',#2799,1.);
#2799 = DIRECTION('',(0.,0.,1.));
#2800 = ORIENTED_EDGE('',*,*,#2801,.F.);
#2801 = EDGE_CURVE('',#2746,#2794,#2802,.T.);
#2802 = LINE('',#2803,#2804);
#2803 = CARTESIAN_POINT('',(86.720880421304,-19.72795064393,6.3));
#2804 = VECTOR('',#2805,1.);
#2805 = DIRECTION('',(0.539006996099,-0.842301287045,0.));
#2806 = ORIENTED_EDGE('',*,*,#2745,.F.);
#2807 = PLANE('',#2808);
#2808 = AXIS2_PLACEMENT_3D('',#2809,#2810,#2811);
#2809 = CARTESIAN_POINT('',(76.223487385624,-3.32377086785,1.4));
#2810 = DIRECTION('',(-0.842301287045,-0.539006996099,0.));
#2811 = DIRECTION('',(-0.539006996099,0.842301287045,0.));
#2812 = ADVANCED_FACE('',(#2813),#2831,.T.);
#2813 = FACE_BOUND('',#2814,.T.);
#2814 = EDGE_LOOP('',(#2815,#2816,#2817,#2825));
#2815 = ORIENTED_EDGE('',*,*,#369,.F.);
#2816 = ORIENTED_EDGE('',*,*,#2778,.T.);
#2817 = ORIENTED_EDGE('',*,*,#2818,.F.);
#2818 = EDGE_CURVE('',#2819,#2771,#2821,.T.);
#2819 = VERTEX_POINT('',#2820);
#2820 = CARTESIAN_POINT('',(126.14486486657,-92.77650345051,6.3));
#2821 = LINE('',#2822,#2823);
#2822 = CARTESIAN_POINT('',(99.236309183859,-85.94061099545,6.3));
#2823 = VECTOR('',#2824,1.);
#2824 = DIRECTION('',(-0.969213807491,0.246220623362,0.));
#2825 = ORIENTED_EDGE('',*,*,#2826,.F.);
#2826 = EDGE_CURVE('',#370,#2819,#2827,.T.);
#2827 = LINE('',#2828,#2829);
#2828 = CARTESIAN_POINT('',(126.14486486657,-92.77650345051,1.4));
#2829 = VECTOR('',#2830,1.);
#2830 = DIRECTION('',(0.,0.,1.));
#2831 = PLANE('',#2832);
#2832 = AXIS2_PLACEMENT_3D('',#2833,#2834,#2835);
#2833 = CARTESIAN_POINT('',(125.24136611448,-92.54697718476,1.4));
#2834 = DIRECTION('',(0.246220623362,0.969213807491,0.));
#2835 = DIRECTION('',(0.969213807491,-0.246220623362,0.));
#2836 = ADVANCED_FACE('',(#2837),#2855,.T.);
#2837 = FACE_BOUND('',#2838,.T.);
#2838 = EDGE_LOOP('',(#2839,#2840,#2848,#2854));
#2839 = ORIENTED_EDGE('',*,*,#586,.F.);
#2840 = ORIENTED_EDGE('',*,*,#2841,.T.);
#2841 = EDGE_CURVE('',#579,#2842,#2844,.T.);
#2842 = VERTEX_POINT('',#2843);
#2843 = CARTESIAN_POINT('',(76.382454598481,-3.737593061112,6.3));
#2844 = LINE('',#2845,#2846);
#2845 = CARTESIAN_POINT('',(76.382454598481,-3.737593061112,1.4));
#2846 = VECTOR('',#2847,1.);
#2847 = DIRECTION('',(0.,0.,1.));
#2848 = ORIENTED_EDGE('',*,*,#2849,.F.);
#2849 = EDGE_CURVE('',#2794,#2842,#2850,.T.);
#2850 = LINE('',#2851,#2852);
#2851 = CARTESIAN_POINT('',(83.809259477582,-23.07099287831,6.3));
#2852 = VECTOR('',#2853,1.);
#2853 = DIRECTION('',(0.358595524171,-0.933493036955,0.));
#2854 = ORIENTED_EDGE('',*,*,#2793,.F.);
#2855 = PLANE('',#2856);
#2856 = AXIS2_PLACEMENT_3D('',#2857,#2858,#2859);
#2857 = CARTESIAN_POINT('',(76.382454598481,-3.737593061112,1.4));
#2858 = DIRECTION('',(-0.933493036955,-0.358595524171,0.));
#2859 = DIRECTION('',(-0.358595524171,0.933493036955,0.));
#2860 = ADVANCED_FACE('',(#2861),#2879,.T.);
#2861 = FACE_BOUND('',#2862,.T.);
#2862 = EDGE_LOOP('',(#2863,#2864,#2865,#2873));
#2863 = ORIENTED_EDGE('',*,*,#377,.F.);
#2864 = ORIENTED_EDGE('',*,*,#2826,.T.);
#2865 = ORIENTED_EDGE('',*,*,#2866,.F.);
#2866 = EDGE_CURVE('',#2867,#2819,#2869,.T.);
#2867 = VERTEX_POINT('',#2868);
#2868 = CARTESIAN_POINT('',(126.48447714542,-92.79254610417,6.3));
#2869 = LINE('',#2870,#2871);
#2870 = CARTESIAN_POINT('',(102.86157102555,-91.67664386804,6.3));
#2871 = VECTOR('',#2872,1.);
#2872 = DIRECTION('',(-0.99888614267,4.718552724174E-02,0.));
#2873 = ORIENTED_EDGE('',*,*,#2874,.F.);
#2874 = EDGE_CURVE('',#378,#2867,#2875,.T.);
#2875 = LINE('',#2876,#2877);
#2876 = CARTESIAN_POINT('',(126.48447714542,-92.79254610417,1.4));
#2877 = VECTOR('',#2878,1.);
#2878 = DIRECTION('',(0.,0.,1.));
#2879 = PLANE('',#2880);
#2880 = AXIS2_PLACEMENT_3D('',#2881,#2882,#2883);
#2881 = CARTESIAN_POINT('',(126.14486486657,-92.77650345051,1.4));
#2882 = DIRECTION('',(4.718552724174E-02,0.99888614267,0.));
#2883 = DIRECTION('',(0.99888614267,-4.718552724174E-02,0.));
#2884 = ADVANCED_FACE('',(#2885),#2903,.T.);
#2885 = FACE_BOUND('',#2886,.T.);
#2886 = EDGE_LOOP('',(#2887,#2888,#2896,#2902));
#2887 = ORIENTED_EDGE('',*,*,#578,.F.);
#2888 = ORIENTED_EDGE('',*,*,#2889,.T.);
#2889 = EDGE_CURVE('',#571,#2890,#2892,.T.);
#2890 = VERTEX_POINT('',#2891);
#2891 = CARTESIAN_POINT('',(76.474691874104,-4.202515110717,6.3));
#2892 = LINE('',#2893,#2894);
#2893 = CARTESIAN_POINT('',(76.474691874104,-4.202515110717,1.4));
#2894 = VECTOR('',#2895,1.);
#2895 = DIRECTION('',(0.,0.,1.));
#2896 = ORIENTED_EDGE('',*,*,#2897,.F.);
#2897 = EDGE_CURVE('',#2842,#2890,#2898,.T.);
#2898 = LINE('',#2899,#2900);
#2899 = CARTESIAN_POINT('',(80.569582448244,-24.84281379459,6.3));
#2900 = VECTOR('',#2901,1.);
#2901 = DIRECTION('',(0.194600239301,-0.980882636641,0.));
#2902 = ORIENTED_EDGE('',*,*,#2841,.F.);
#2903 = PLANE('',#2904);
#2904 = AXIS2_PLACEMENT_3D('',#2905,#2906,#2907);
#2905 = CARTESIAN_POINT('',(76.474691874104,-4.202515110717,1.4));
#2906 = DIRECTION('',(-0.980882636641,-0.194600239301,0.));
#2907 = DIRECTION('',(-0.194600239301,0.980882636641,0.));
#2908 = ADVANCED_FACE('',(#2909),#2927,.T.);
#2909 = FACE_BOUND('',#2910,.T.);
#2910 = EDGE_LOOP('',(#2911,#2912,#2913,#2921));
#2911 = ORIENTED_EDGE('',*,*,#385,.F.);
#2912 = ORIENTED_EDGE('',*,*,#2874,.T.);
#2913 = ORIENTED_EDGE('',*,*,#2914,.F.);
#2914 = EDGE_CURVE('',#2915,#2867,#2917,.T.);
#2915 = VERTEX_POINT('',#2916);
#2916 = CARTESIAN_POINT('',(127.02141346756,-92.69961192622,6.3));
#2917 = LINE('',#2918,#2919);
#2918 = CARTESIAN_POINT('',(108.65943836055,-95.87774495954,6.3));
#2919 = VECTOR('',#2920,1.);
#2920 = DIRECTION('',(-0.985349614179,-0.170546585535,0.));
#2921 = ORIENTED_EDGE('',*,*,#2922,.F.);
#2922 = EDGE_CURVE('',#386,#2915,#2923,.T.);
#2923 = LINE('',#2924,#2925);
#2924 = CARTESIAN_POINT('',(127.02141346756,-92.69961192622,1.4));
#2925 = VECTOR('',#2926,1.);
#2926 = DIRECTION('',(0.,0.,1.));
#2927 = PLANE('',#2928);
#2928 = AXIS2_PLACEMENT_3D('',#2929,#2930,#2931);
#2929 = CARTESIAN_POINT('',(126.48447714542,-92.79254610417,1.4));
#2930 = DIRECTION('',(-0.170546585535,0.985349614179,0.));
#2931 = DIRECTION('',(0.985349614179,0.170546585535,0.));
#2932 = ADVANCED_FACE('',(#2933),#2951,.T.);
#2933 = FACE_BOUND('',#2934,.T.);
#2934 = EDGE_LOOP('',(#2935,#2936,#2944,#2950));
#2935 = ORIENTED_EDGE('',*,*,#570,.F.);
#2936 = ORIENTED_EDGE('',*,*,#2937,.T.);
#2937 = EDGE_CURVE('',#563,#2938,#2940,.T.);
#2938 = VERTEX_POINT('',#2939);
#2939 = CARTESIAN_POINT('',(76.541939327113,-6.898666813901,6.3));
#2940 = LINE('',#2941,#2942);
#2941 = CARTESIAN_POINT('',(76.541939327113,-6.898666813901,1.4));
#2942 = VECTOR('',#2943,1.);
#2943 = DIRECTION('',(0.,0.,1.));
#2944 = ORIENTED_EDGE('',*,*,#2945,.F.);
#2945 = EDGE_CURVE('',#2890,#2938,#2946,.T.);
#2946 = LINE('',#2947,#2948);
#2947 = CARTESIAN_POINT('',(77.03180275815,-26.5387582198,6.3));
#2948 = VECTOR('',#2949,1.);
#2949 = DIRECTION('',(2.493425916207E-02,-0.999689093028,0.));
#2950 = ORIENTED_EDGE('',*,*,#2889,.F.);
#2951 = PLANE('',#2952);
#2952 = AXIS2_PLACEMENT_3D('',#2953,#2954,#2955);
#2953 = CARTESIAN_POINT('',(76.541939327113,-6.898666813901,1.4));
#2954 = DIRECTION('',(-0.999689093028,-2.493425916207E-02,0.));
#2955 = DIRECTION('',(-2.493425916207E-02,0.999689093028,0.));
#2956 = ADVANCED_FACE('',(#2957),#2975,.T.);
#2957 = FACE_BOUND('',#2958,.T.);
#2958 = EDGE_LOOP('',(#2959,#2960,#2961,#2969));
#2959 = ORIENTED_EDGE('',*,*,#393,.F.);
#2960 = ORIENTED_EDGE('',*,*,#2922,.T.);
#2961 = ORIENTED_EDGE('',*,*,#2962,.F.);
#2962 = EDGE_CURVE('',#2963,#2915,#2965,.T.);
#2963 = VERTEX_POINT('',#2964);
#2964 = CARTESIAN_POINT('',(127.51775842157,-92.49167217997,6.3));
#2965 = LINE('',#2966,#2967);
#2966 = CARTESIAN_POINT('',(116.04407154777,-97.29848147219,6.3));
#2967 = VECTOR('',#2968,1.);
#2968 = DIRECTION('',(-0.92233012396,-0.386402824053,0.));
#2969 = ORIENTED_EDGE('',*,*,#2970,.F.);
#2970 = EDGE_CURVE('',#394,#2963,#2971,.T.);
#2971 = LINE('',#2972,#2973);
#2972 = CARTESIAN_POINT('',(127.51775842157,-92.49167217997,1.4));
#2973 = VECTOR('',#2974,1.);
#2974 = DIRECTION('',(0.,0.,1.));
#2975 = PLANE('',#2976);
#2976 = AXIS2_PLACEMENT_3D('',#2977,#2978,#2979);
#2977 = CARTESIAN_POINT('',(127.02141346756,-92.69961192622,1.4));
#2978 = DIRECTION('',(-0.386402824053,0.92233012396,0.));
#2979 = DIRECTION('',(0.92233012396,0.386402824053,0.));
#2980 = ADVANCED_FACE('',(#2981),#2999,.T.);
#2981 = FACE_BOUND('',#2982,.T.);
#2982 = EDGE_LOOP('',(#2983,#2984,#2992,#2998));
#2983 = ORIENTED_EDGE('',*,*,#562,.F.);
#2984 = ORIENTED_EDGE('',*,*,#2985,.T.);
#2985 = EDGE_CURVE('',#555,#2986,#2988,.T.);
#2986 = VERTEX_POINT('',#2987);
#2987 = CARTESIAN_POINT('',(92.358778254361,-6.912788776991,6.3));
#2988 = LINE('',#2989,#2990);
#2989 = CARTESIAN_POINT('',(92.358778254361,-6.912788776991,1.4));
#2990 = VECTOR('',#2991,1.);
#2991 = DIRECTION('',(0.,0.,1.));
#2992 = ORIENTED_EDGE('',*,*,#2993,.F.);
#2993 = EDGE_CURVE('',#2938,#2986,#2994,.T.);
#2994 = LINE('',#2995,#2996);
#2995 = CARTESIAN_POINT('',(87.037102862448,-6.908037353283,6.3));
#2996 = VECTOR('',#2997,1.);
#2997 = DIRECTION('',(0.999999601415,-8.928432239807E-04,0.));
#2998 = ORIENTED_EDGE('',*,*,#2937,.F.);
#2999 = PLANE('',#3000);
#3000 = AXIS2_PLACEMENT_3D('',#3001,#3002,#3003);
#3001 = CARTESIAN_POINT('',(92.358778254361,-6.912788776991,1.4));
#3002 = DIRECTION('',(-8.928432239807E-04,-0.999999601415,0.));
#3003 = DIRECTION('',(-0.999999601415,8.928432239807E-04,0.));
#3004 = ADVANCED_FACE('',(#3005),#3023,.T.);
#3005 = FACE_BOUND('',#3006,.T.);
#3006 = EDGE_LOOP('',(#3007,#3008,#3009,#3017));
#3007 = ORIENTED_EDGE('',*,*,#401,.F.);
#3008 = ORIENTED_EDGE('',*,*,#2970,.T.);
#3009 = ORIENTED_EDGE('',*,*,#3010,.F.);
#3010 = EDGE_CURVE('',#3011,#2963,#3013,.T.);
#3011 = VERTEX_POINT('',#3012);
#3012 = CARTESIAN_POINT('',(127.97754032137,-92.16163340011,6.3));
#3013 = LINE('',#3014,#3015);
#3014 = CARTESIAN_POINT('',(123.386861117,-95.45689614101,6.3));
#3015 = VECTOR('',#3016,1.);
#3016 = DIRECTION('',(-0.812374829299,-0.58313560749,0.));
#3017 = ORIENTED_EDGE('',*,*,#3018,.F.);
#3018 = EDGE_CURVE('',#402,#3011,#3019,.T.);
#3019 = LINE('',#3020,#3021);
#3020 = CARTESIAN_POINT('',(127.97754032137,-92.16163340011,1.4));
#3021 = VECTOR('',#3022,1.);
#3022 = DIRECTION('',(0.,0.,1.));
#3023 = PLANE('',#3024);
#3024 = AXIS2_PLACEMENT_3D('',#3025,#3026,#3027);
#3025 = CARTESIAN_POINT('',(127.51775842157,-92.49167217997,1.4));
#3026 = DIRECTION('',(-0.58313560749,0.812374829299,0.));
#3027 = DIRECTION('',(0.812374829299,0.58313560749,0.));
#3028 = ADVANCED_FACE('',(#3029),#3047,.T.);
#3029 = FACE_BOUND('',#3030,.T.);
#3030 = EDGE_LOOP('',(#3031,#3032,#3040,#3046));
#3031 = ORIENTED_EDGE('',*,*,#554,.F.);
#3032 = ORIENTED_EDGE('',*,*,#3033,.T.);
#3033 = EDGE_CURVE('',#547,#3034,#3036,.T.);
#3034 = VERTEX_POINT('',#3035);
#3035 = CARTESIAN_POINT('',(93.08523947954,-7.048193527578,6.3));
#3036 = LINE('',#3037,#3038);
#3037 = CARTESIAN_POINT('',(93.08523947954,-7.048193527578,1.4));
#3038 = VECTOR('',#3039,1.);
#3039 = DIRECTION('',(0.,0.,1.));
#3040 = ORIENTED_EDGE('',*,*,#3041,.F.);
#3041 = EDGE_CURVE('',#2986,#3034,#3042,.T.);
#3042 = LINE('',#3043,#3044);
#3043 = CARTESIAN_POINT('',(91.089292526238,-6.676169956285,6.3));
#3044 = VECTOR('',#3045,1.);
#3045 = DIRECTION('',(0.983069361273,-0.183233814909,0.));
#3046 = ORIENTED_EDGE('',*,*,#2985,.F.);
#3047 = PLANE('',#3048);
#3048 = AXIS2_PLACEMENT_3D('',#3049,#3050,#3051);
#3049 = CARTESIAN_POINT('',(93.08523947954,-7.048193527578,1.4));
#3050 = DIRECTION('',(-0.183233814909,-0.983069361273,0.));
#3051 = DIRECTION('',(-0.983069361273,0.183233814909,0.));
#3052 = ADVANCED_FACE('',(#3053),#3071,.T.);
#3053 = FACE_BOUND('',#3054,.T.);
#3054 = EDGE_LOOP('',(#3055,#3056,#3057,#3065));
#3055 = ORIENTED_EDGE('',*,*,#409,.F.);
#3056 = ORIENTED_EDGE('',*,*,#3018,.T.);
#3057 = ORIENTED_EDGE('',*,*,#3058,.F.);
#3058 = EDGE_CURVE('',#3059,#3011,#3061,.T.);
#3059 = VERTEX_POINT('',#3060);
#3060 = CARTESIAN_POINT('',(128.31648786764,-91.79782332627,6.3));
#3061 = LINE('',#3062,#3063);
#3062 = CARTESIAN_POINT('',(128.71402834547,-91.371122404,6.3));
#3063 = VECTOR('',#3064,1.);
#3064 = DIRECTION('',(-0.681663921209,-0.731665427994,0.));
#3065 = ORIENTED_EDGE('',*,*,#3066,.F.);
#3066 = EDGE_CURVE('',#410,#3059,#3067,.T.);
#3067 = LINE('',#3068,#3069);
#3068 = CARTESIAN_POINT('',(128.31648786764,-91.79782332627,1.4));
#3069 = VECTOR('',#3070,1.);
#3070 = DIRECTION('',(0.,0.,1.));
#3071 = PLANE('',#3072);
#3072 = AXIS2_PLACEMENT_3D('',#3073,#3074,#3075);
#3073 = CARTESIAN_POINT('',(127.97754032137,-92.16163340011,1.4));
#3074 = DIRECTION('',(-0.731665427994,0.681663921209,0.));
#3075 = DIRECTION('',(0.681663921209,0.731665427994,0.));
#3076 = ADVANCED_FACE('',(#3077),#3095,.T.);
#3077 = FACE_BOUND('',#3078,.T.);
#3078 = EDGE_LOOP('',(#3079,#3080,#3088,#3094));
#3079 = ORIENTED_EDGE('',*,*,#546,.F.);
#3080 = ORIENTED_EDGE('',*,*,#3081,.T.);
#3081 = EDGE_CURVE('',#539,#3082,#3084,.T.);
#3082 = VERTEX_POINT('',#3083);
#3083 = CARTESIAN_POINT('',(93.384050455258,-7.169740026376,6.3));
#3084 = LINE('',#3085,#3086);
#3085 = CARTESIAN_POINT('',(93.384050455258,-7.169740026376,1.4));
#3086 = VECTOR('',#3087,1.);
#3087 = DIRECTION('',(0.,0.,1.));
#3088 = ORIENTED_EDGE('',*,*,#3089,.F.);
#3089 = EDGE_CURVE('',#3034,#3082,#3090,.T.);
#3090 = LINE('',#3091,#3092);
#3091 = CARTESIAN_POINT('',(95.152380803579,-7.889038780509,6.3));
#3092 = VECTOR('',#3093,1.);
#3093 = DIRECTION('',(0.92629943513,-0.376788211703,0.));
#3094 = ORIENTED_EDGE('',*,*,#3033,.F.);
#3095 = PLANE('',#3096);
#3096 = AXIS2_PLACEMENT_3D('',#3097,#3098,#3099);
#3097 = CARTESIAN_POINT('',(93.384050455258,-7.169740026376,1.4));
#3098 = DIRECTION('',(-0.376788211703,-0.92629943513,0.));
#3099 = DIRECTION('',(-0.92629943513,0.376788211703,0.));
#3100 = ADVANCED_FACE('',(#3101),#3119,.T.);
#3101 = FACE_BOUND('',#3102,.T.);
#3102 = EDGE_LOOP('',(#3103,#3104,#3105,#3113));
#3103 = ORIENTED_EDGE('',*,*,#417,.F.);
#3104 = ORIENTED_EDGE('',*,*,#3066,.T.);
#3105 = ORIENTED_EDGE('',*,*,#3106,.F.);
#3106 = EDGE_CURVE('',#3107,#3059,#3109,.T.);
#3107 = VERTEX_POINT('',#3108);
#3108 = CARTESIAN_POINT('',(140.93708234951,-74.57612578938,6.3));
#3109 = LINE('',#3110,#3111);
#3110 = CARTESIAN_POINT('',(131.06902842735,-88.04178623582,6.3));
#3111 = VECTOR('',#3112,1.);
#3112 = DIRECTION('',(-0.591100167144,-0.806598160426,0.));
#3113 = ORIENTED_EDGE('',*,*,#3114,.F.);
#3114 = EDGE_CURVE('',#418,#3107,#3115,.T.);
#3115 = LINE('',#3116,#3117);
#3116 = CARTESIAN_POINT('',(140.93708234951,-74.57612578938,1.4));
#3117 = VECTOR('',#3118,1.);
#3118 = DIRECTION('',(0.,0.,1.));
#3119 = PLANE('',#3120);
#3120 = AXIS2_PLACEMENT_3D('',#3121,#3122,#3123);
#3121 = CARTESIAN_POINT('',(128.31648786764,-91.79782332627,1.4));
#3122 = DIRECTION('',(-0.806598160426,0.591100167144,0.));
#3123 = DIRECTION('',(0.591100167144,0.806598160426,0.));
#3124 = ADVANCED_FACE('',(#3125),#3143,.T.);
#3125 = FACE_BOUND('',#3126,.T.);
#3126 = EDGE_LOOP('',(#3127,#3128,#3136,#3142));
#3127 = ORIENTED_EDGE('',*,*,#538,.F.);
#3128 = ORIENTED_EDGE('',*,*,#3129,.T.);
#3129 = EDGE_CURVE('',#531,#3130,#3132,.T.);
#3130 = VERTEX_POINT('',#3131);
#3131 = CARTESIAN_POINT('',(93.609261071331,-7.299709667543,6.3));
#3132 = LINE('',#3133,#3134);
#3133 = CARTESIAN_POINT('',(93.609261071331,-7.299709667543,1.4));
#3134 = VECTOR('',#3135,1.);
#3135 = DIRECTION('',(0.,0.,1.));
#3136 = ORIENTED_EDGE('',*,*,#3137,.F.);
#3137 = EDGE_CURVE('',#3082,#3130,#3138,.T.);
#3138 = LINE('',#3139,#3140);
#3139 = CARTESIAN_POINT('',(97.528320493808,-9.561409207889,6.3));
#3140 = VECTOR('',#3141,1.);
#3141 = DIRECTION('',(0.866118259622,-0.499839134471,0.));
#3142 = ORIENTED_EDGE('',*,*,#3081,.F.);
#3143 = PLANE('',#3144);
#3144 = AXIS2_PLACEMENT_3D('',#3145,#3146,#3147);
#3145 = CARTESIAN_POINT('',(93.609261071331,-7.299709667543,1.4));
#3146 = DIRECTION('',(-0.499839134471,-0.866118259622,0.));
#3147 = DIRECTION('',(-0.866118259622,0.499839134471,0.));
#3148 = ADVANCED_FACE('',(#3149),#3167,.T.);
#3149 = FACE_BOUND('',#3150,.T.);
#3150 = EDGE_LOOP('',(#3151,#3152,#3153,#3161));
#3151 = ORIENTED_EDGE('',*,*,#425,.F.);
#3152 = ORIENTED_EDGE('',*,*,#3114,.T.);
#3153 = ORIENTED_EDGE('',*,*,#3154,.F.);
#3154 = EDGE_CURVE('',#3155,#3107,#3157,.T.);
#3155 = VERTEX_POINT('',#3156);
#3156 = CARTESIAN_POINT('',(141.16080781449,-74.07532349617,6.3));
#3157 = LINE('',#3158,#3159);
#3158 = CARTESIAN_POINT('',(141.31490258579,-73.73038728231,6.3));
#3159 = VECTOR('',#3160,1.);
#3160 = DIRECTION('',(-0.407883433056,-0.913034010888,0.));
#3161 = ORIENTED_EDGE('',*,*,#3162,.F.);
#3162 = EDGE_CURVE('',#426,#3155,#3163,.T.);
#3163 = LINE('',#3164,#3165);
#3164 = CARTESIAN_POINT('',(141.16080781449,-74.07532349617,1.4));
#3165 = VECTOR('',#3166,1.);
#3166 = DIRECTION('',(0.,0.,1.));
#3167 = PLANE('',#3168);
#3168 = AXIS2_PLACEMENT_3D('',#3169,#3170,#3171);
#3169 = CARTESIAN_POINT('',(140.93708234951,-74.57612578938,1.4));
#3170 = DIRECTION('',(-0.913034010888,0.407883433056,0.));
#3171 = DIRECTION('',(0.407883433056,0.913034010888,0.));
#3172 = ADVANCED_FACE('',(#3173),#3191,.T.);
#3173 = FACE_BOUND('',#3174,.T.);
#3174 = EDGE_LOOP('',(#3175,#3176,#3184,#3190));
#3175 = ORIENTED_EDGE('',*,*,#530,.F.);
#3176 = ORIENTED_EDGE('',*,*,#3177,.T.);
#3177 = EDGE_CURVE('',#523,#3178,#3180,.T.);
#3178 = VERTEX_POINT('',#3179);
#3179 = CARTESIAN_POINT('',(94.104329013032,-7.717566730999,6.3));
#3180 = LINE('',#3181,#3182);
#3181 = CARTESIAN_POINT('',(94.104329013032,-7.717566730999,1.4));
#3182 = VECTOR('',#3183,1.);
#3183 = DIRECTION('',(0.,0.,1.));
#3184 = ORIENTED_EDGE('',*,*,#3185,.F.);
#3185 = EDGE_CURVE('',#3130,#3178,#3186,.T.);
#3186 = LINE('',#3187,#3188);
#3187 = CARTESIAN_POINT('',(99.929892608132,-12.63457446222,6.3));
#3188 = VECTOR('',#3189,1.);
#3189 = DIRECTION('',(0.764182308791,-0.645000309249,0.));
#3190 = ORIENTED_EDGE('',*,*,#3129,.F.);
#3191 = PLANE('',#3192);
#3192 = AXIS2_PLACEMENT_3D('',#3193,#3194,#3195);
#3193 = CARTESIAN_POINT('',(94.104329013032,-7.717566730999,1.4));
#3194 = DIRECTION('',(-0.645000309249,-0.764182308791,0.));
#3195 = DIRECTION('',(-0.764182308791,0.645000309249,0.));
#3196 = ADVANCED_FACE('',(#3197),#3215,.T.);
#3197 = FACE_BOUND('',#3198,.T.);
#3198 = EDGE_LOOP('',(#3199,#3200,#3201,#3209));
#3199 = ORIENTED_EDGE('',*,*,#433,.F.);
#3200 = ORIENTED_EDGE('',*,*,#3162,.T.);
#3201 = ORIENTED_EDGE('',*,*,#3202,.F.);
#3202 = EDGE_CURVE('',#3203,#3155,#3205,.T.);
#3203 = VERTEX_POINT('',#3204);
#3204 = CARTESIAN_POINT('',(141.29999331557,-73.25032464079,6.3));
#3205 = LINE('',#3206,#3207);
#3206 = CARTESIAN_POINT('',(142.6343272021,-65.34128296182,6.3));
#3207 = VECTOR('',#3208,1.);
#3208 = DIRECTION('',(-0.166359002053,-0.986065252626,0.));
#3209 = ORIENTED_EDGE('',*,*,#3210,.F.);
#3210 = EDGE_CURVE('',#434,#3203,#3211,.T.);
#3211 = LINE('',#3212,#3213);
#3212 = CARTESIAN_POINT('',(141.29999331557,-73.25032464079,1.4));
#3213 = VECTOR('',#3214,1.);
#3214 = DIRECTION('',(0.,0.,1.));
#3215 = PLANE('',#3216);
#3216 = AXIS2_PLACEMENT_3D('',#3217,#3218,#3219);
#3217 = CARTESIAN_POINT('',(141.16080781449,-74.07532349617,1.4));
#3218 = DIRECTION('',(-0.986065252626,0.166359002053,0.));
#3219 = DIRECTION('',(0.166359002053,0.986065252626,0.));
#3220 = ADVANCED_FACE('',(#3221),#3239,.T.);
#3221 = FACE_BOUND('',#3222,.T.);
#3222 = EDGE_LOOP('',(#3223,#3224,#3232,#3238));
#3223 = ORIENTED_EDGE('',*,*,#522,.F.);
#3224 = ORIENTED_EDGE('',*,*,#3225,.T.);
#3225 = EDGE_CURVE('',#515,#3226,#3228,.T.);
#3226 = VERTEX_POINT('',#3227);
#3227 = CARTESIAN_POINT('',(95.026135997655,-8.892899933619,6.3));
#3228 = LINE('',#3229,#3230);
#3229 = CARTESIAN_POINT('',(95.026135997655,-8.892899933619,1.4));
#3230 = VECTOR('',#3231,1.);
#3231 = DIRECTION('',(0.,0.,1.));
#3232 = ORIENTED_EDGE('',*,*,#3233,.F.);
#3233 = EDGE_CURVE('',#3178,#3226,#3234,.T.);
#3234 = LINE('',#3235,#3236);
#3235 = CARTESIAN_POINT('',(101.51254961083,-17.16328344412,6.3));
#3236 = VECTOR('',#3237,1.);
#3237 = DIRECTION('',(0.617130410663,-0.786860887473,0.));
#3238 = ORIENTED_EDGE('',*,*,#3177,.F.);
#3239 = PLANE('',#3240);
#3240 = AXIS2_PLACEMENT_3D('',#3241,#3242,#3243);
#3241 = CARTESIAN_POINT('',(95.026135997655,-8.892899933619,1.4));
#3242 = DIRECTION('',(-0.786860887473,-0.617130410663,0.));
#3243 = DIRECTION('',(-0.617130410663,0.786860887473,0.));
#3244 = ADVANCED_FACE('',(#3245),#3263,.T.);
#3245 = FACE_BOUND('',#3246,.T.);
#3246 = EDGE_LOOP('',(#3247,#3248,#3249,#3257));
#3247 = ORIENTED_EDGE('',*,*,#441,.F.);
#3248 = ORIENTED_EDGE('',*,*,#3210,.T.);
#3249 = ORIENTED_EDGE('',*,*,#3250,.F.);
#3250 = EDGE_CURVE('',#3251,#3203,#3253,.T.);
#3251 = VERTEX_POINT('',#3252);
#3252 = CARTESIAN_POINT('',(141.2999695874,-70.3,6.3));
#3253 = LINE('',#3254,#3255);
#3254 = CARTESIAN_POINT('',(141.29988403453,-59.66248312636,6.3));
#3255 = VECTOR('',#3256,1.);
#3256 = DIRECTION('',(8.042560491297E-06,-0.999999999968,0.));
#3257 = ORIENTED_EDGE('',*,*,#3258,.F.);
#3258 = EDGE_CURVE('',#442,#3251,#3259,.T.);
#3259 = LINE('',#3260,#3261);
#3260 = CARTESIAN_POINT('',(141.2999695874,-70.3,1.4));
#3261 = VECTOR('',#3262,1.);
#3262 = DIRECTION('',(0.,0.,1.));
#3263 = PLANE('',#3264);
#3264 = AXIS2_PLACEMENT_3D('',#3265,#3266,#3267);
#3265 = CARTESIAN_POINT('',(141.29999331557,-73.25032464079,1.4));
#3266 = DIRECTION('',(-0.999999999968,-8.042560491297E-06,0.));
#3267 = DIRECTION('',(-8.042560491297E-06,0.999999999968,0.));
#3268 = ADVANCED_FACE('',(#3269),#3287,.T.);
#3269 = FACE_BOUND('',#3270,.T.);
#3270 = EDGE_LOOP('',(#3271,#3272,#3280,#3286));
#3271 = ORIENTED_EDGE('',*,*,#514,.F.);
#3272 = ORIENTED_EDGE('',*,*,#3273,.T.);
#3273 = EDGE_CURVE('',#507,#3274,#3276,.T.);
#3274 = VERTEX_POINT('',#3275);
#3275 = CARTESIAN_POINT('',(109.2,-8.8951885301,6.3));
#3276 = LINE('',#3277,#3278);
#3277 = CARTESIAN_POINT('',(109.2,-8.8951885301,1.4));
#3278 = VECTOR('',#3279,1.);
#3279 = DIRECTION('',(0.,0.,1.));
#3280 = ORIENTED_EDGE('',*,*,#3281,.F.);
#3281 = EDGE_CURVE('',#3226,#3274,#3282,.T.);
#3282 = LINE('',#3283,#3284);
#3283 = CARTESIAN_POINT('',(95.443228579803,-8.892967279871,6.3));
#3284 = VECTOR('',#3285,1.);
#3285 = DIRECTION('',(0.999999986964,-1.614659524768E-04,0.));
#3286 = ORIENTED_EDGE('',*,*,#3225,.F.);
#3287 = PLANE('',#3288);
#3288 = AXIS2_PLACEMENT_3D('',#3289,#3290,#3291);
#3289 = CARTESIAN_POINT('',(109.2,-8.8951885301,1.4));
#3290 = DIRECTION('',(-1.614659524768E-04,-0.999999986964,0.));
#3291 = DIRECTION('',(-0.999999986964,1.614659524768E-04,0.));
#3292 = ADVANCED_FACE('',(#3293),#3311,.T.);
#3293 = FACE_BOUND('',#3294,.T.);
#3294 = EDGE_LOOP('',(#3295,#3296,#3297,#3305));
#3295 = ORIENTED_EDGE('',*,*,#449,.F.);
#3296 = ORIENTED_EDGE('',*,*,#3258,.T.);
#3297 = ORIENTED_EDGE('',*,*,#3298,.F.);
#3298 = EDGE_CURVE('',#3299,#3251,#3301,.T.);
#3299 = VERTEX_POINT('',#3300);
#3300 = CARTESIAN_POINT('',(124.15441558772,-70.3,6.3));
#3301 = LINE('',#3302,#3303);
#3302 = CARTESIAN_POINT('',(111.49021136819,-70.3,6.3));
#3303 = VECTOR('',#3304,1.);
#3304 = DIRECTION('',(1.,0.,0.));
#3305 = ORIENTED_EDGE('',*,*,#3306,.F.);
#3306 = EDGE_CURVE('',#450,#3299,#3307,.T.);
#3307 = LINE('',#3308,#3309);
#3308 = CARTESIAN_POINT('',(124.15441558772,-70.3,1.4));
#3309 = VECTOR('',#3310,1.);
#3310 = DIRECTION('',(0.,0.,1.));
#3311 = PLANE('',#3312);
#3312 = AXIS2_PLACEMENT_3D('',#3313,#3314,#3315);
#3313 = CARTESIAN_POINT('',(141.2999695874,-70.3,1.4));
#3314 = DIRECTION('',(0.,-1.,0.));
#3315 = DIRECTION('',(-1.,0.,0.));
#3316 = ADVANCED_FACE('',(#3317),#3335,.T.);
#3317 = FACE_BOUND('',#3318,.T.);
#3318 = EDGE_LOOP('',(#3319,#3320,#3328,#3334));
#3319 = ORIENTED_EDGE('',*,*,#506,.F.);
#3320 = ORIENTED_EDGE('',*,*,#3321,.T.);
#3321 = EDGE_CURVE('',#499,#3322,#3324,.T.);
#3322 = VERTEX_POINT('',#3323);
#3323 = CARTESIAN_POINT('',(109.2,-12.8,6.3));
#3324 = LINE('',#3325,#3326);
#3325 = CARTESIAN_POINT('',(109.2,-12.8,1.4));
#3326 = VECTOR('',#3327,1.);
#3327 = DIRECTION('',(0.,0.,1.));
#3328 = ORIENTED_EDGE('',*,*,#3329,.F.);
#3329 = EDGE_CURVE('',#3274,#3322,#3330,.T.);
#3330 = LINE('',#3331,#3332);
#3331 = CARTESIAN_POINT('',(109.2,-29.43756055196,6.3));
#3332 = VECTOR('',#3333,1.);
#3333 = DIRECTION('',(0.,-1.,0.));
#3334 = ORIENTED_EDGE('',*,*,#3273,.F.);
#3335 = PLANE('',#3336);
#3336 = AXIS2_PLACEMENT_3D('',#3337,#3338,#3339);
#3337 = CARTESIAN_POINT('',(109.2,-12.8,1.4));
#3338 = DIRECTION('',(-1.,0.,0.));
#3339 = DIRECTION('',(0.,1.,0.));
#3340 = ADVANCED_FACE('',(#3341),#3462,.T.);
#3341 = FACE_BOUND('',#3342,.T.);
#3342 = EDGE_LOOP('',(#3343,#3344,#3345,#3353,#3361,#3369,#3377,#3385,
    #3393,#3401,#3407,#3408,#3416,#3424,#3432,#3440,#3448,#3456));
#3343 = ORIENTED_EDGE('',*,*,#457,.F.);
#3344 = ORIENTED_EDGE('',*,*,#3306,.T.);
#3345 = ORIENTED_EDGE('',*,*,#3346,.F.);
#3346 = EDGE_CURVE('',#3347,#3299,#3349,.T.);
#3347 = VERTEX_POINT('',#3348);
#3348 = CARTESIAN_POINT('',(128.97327687689,-65.48113871083,6.3));
#3349 = LINE('',#3350,#3351);
#3350 = CARTESIAN_POINT('',(119.59214470206,-74.86227088566,6.3));
#3351 = VECTOR('',#3352,1.);
#3352 = DIRECTION('',(-0.707106781187,-0.707106781187,0.));
#3353 = ORIENTED_EDGE('',*,*,#3354,.T.);
#3354 = EDGE_CURVE('',#3347,#3355,#3357,.T.);
#3355 = VERTEX_POINT('',#3356);
#3356 = CARTESIAN_POINT('',(128.97327687689,-65.48113871083,5.4));
#3357 = LINE('',#3358,#3359);
#3358 = CARTESIAN_POINT('',(128.97327687689,-65.48113871083,5.4));
#3359 = VECTOR('',#3360,1.);
#3360 = DIRECTION('',(-0.,-0.,-1.));
#3361 = ORIENTED_EDGE('',*,*,#3362,.T.);
#3362 = EDGE_CURVE('',#3355,#3363,#3365,.T.);
#3363 = VERTEX_POINT('',#3364);
#3364 = CARTESIAN_POINT('',(132.08113871083,-62.37327687689,5.4));
#3365 = LINE('',#3366,#3367);
#3366 = CARTESIAN_POINT('',(127.34081169079,-67.11360389693,5.4));
#3367 = VECTOR('',#3368,1.);
#3368 = DIRECTION('',(0.707106781187,0.707106781187,0.));
#3369 = ORIENTED_EDGE('',*,*,#3370,.F.);
#3370 = EDGE_CURVE('',#3371,#3363,#3373,.T.);
#3371 = VERTEX_POINT('',#3372);
#3372 = CARTESIAN_POINT('',(132.08113871083,-62.37327687689,6.3));
#3373 = LINE('',#3374,#3375);
#3374 = CARTESIAN_POINT('',(132.08113871083,-62.37327687689,5.4));
#3375 = VECTOR('',#3376,1.);
#3376 = DIRECTION('',(-0.,-0.,-1.));
#3377 = ORIENTED_EDGE('',*,*,#3378,.F.);
#3378 = EDGE_CURVE('',#3379,#3371,#3381,.T.);
#3379 = VERTEX_POINT('',#3380);
#3380 = CARTESIAN_POINT('',(132.55441558772,-61.9,6.3));
#3381 = LINE('',#3382,#3383);
#3382 = CARTESIAN_POINT('',(119.59214470206,-74.86227088566,6.3));
#3383 = VECTOR('',#3384,1.);
#3384 = DIRECTION('',(-0.707106781187,-0.707106781187,0.));
#3385 = ORIENTED_EDGE('',*,*,#3386,.T.);
#3386 = EDGE_CURVE('',#3379,#3387,#3389,.T.);
#3387 = VERTEX_POINT('',#3388);
#3388 = CARTESIAN_POINT('',(132.55441558772,-61.9,5.1));
#3389 = LINE('',#3390,#3391);
#3390 = CARTESIAN_POINT('',(132.55441558772,-61.9,3.25));
#3391 = VECTOR('',#3392,1.);
#3392 = DIRECTION('',(0.,0.,-1.));
#3393 = ORIENTED_EDGE('',*,*,#3394,.T.);
#3394 = EDGE_CURVE('',#3387,#3395,#3397,.T.);
#3395 = VERTEX_POINT('',#3396);
#3396 = CARTESIAN_POINT('',(133.2,-61.25441558772,5.1));
#3397 = LINE('',#3398,#3399);
#3398 = CARTESIAN_POINT('',(127.29081169079,-67.16360389693,5.1));
#3399 = VECTOR('',#3400,1.);
#3400 = DIRECTION('',(0.707106781187,0.707106781187,0.));
#3401 = ORIENTED_EDGE('',*,*,#3402,.F.);
#3402 = EDGE_CURVE('',#475,#3395,#3403,.T.);
#3403 = LINE('',#3404,#3405);
#3404 = CARTESIAN_POINT('',(133.2,-61.25441558772,1.4));
#3405 = VECTOR('',#3406,1.);
#3406 = DIRECTION('',(0.,0.,1.));
#3407 = ORIENTED_EDGE('',*,*,#474,.F.);
#3408 = ORIENTED_EDGE('',*,*,#3409,.F.);
#3409 = EDGE_CURVE('',#3410,#466,#3412,.T.);
#3410 = VERTEX_POINT('',#3411);
#3411 = CARTESIAN_POINT('',(132.01034679433,-62.44406879339,3.8));
#3412 = LINE('',#3413,#3414);
#3413 = CARTESIAN_POINT('',(132.01034679433,-62.44406879339,1.4));
#3414 = VECTOR('',#3415,1.);
#3415 = DIRECTION('',(-0.,-0.,-1.));
#3416 = ORIENTED_EDGE('',*,*,#3417,.F.);
#3417 = EDGE_CURVE('',#3418,#3410,#3420,.T.);
#3418 = VERTEX_POINT('',#3419);
#3419 = CARTESIAN_POINT('',(131.12382433296,-63.33059125476,3.8));
#3420 = LINE('',#3421,#3422);
#3421 = CARTESIAN_POINT('',(127.34081169079,-67.11360389693,3.8));
#3422 = VECTOR('',#3423,1.);
#3423 = DIRECTION('',(0.707106781187,0.707106781187,0.));
#3424 = ORIENTED_EDGE('',*,*,#3425,.F.);
#3425 = EDGE_CURVE('',#3426,#3418,#3428,.T.);
#3426 = VERTEX_POINT('',#3427);
#3427 = CARTESIAN_POINT('',(131.12382433296,-63.33059125476,4.1));
#3428 = LINE('',#3429,#3430);
#3429 = CARTESIAN_POINT('',(131.12382433296,-63.33059125476,-0.1));
#3430 = VECTOR('',#3431,1.);
#3431 = DIRECTION('',(-0.,-0.,-1.));
#3432 = ORIENTED_EDGE('',*,*,#3433,.F.);
#3433 = EDGE_CURVE('',#3434,#3426,#3436,.T.);
#3434 = VERTEX_POINT('',#3435);
#3435 = CARTESIAN_POINT('',(129.93059125476,-64.52382433296,4.1));
#3436 = LINE('',#3437,#3438);
#3437 = CARTESIAN_POINT('',(127.34081169079,-67.11360389693,4.1));
#3438 = VECTOR('',#3439,1.);
#3439 = DIRECTION('',(0.707106781187,0.707106781187,0.));
#3440 = ORIENTED_EDGE('',*,*,#3441,.T.);
#3441 = EDGE_CURVE('',#3434,#3442,#3444,.T.);
#3442 = VERTEX_POINT('',#3443);
#3443 = CARTESIAN_POINT('',(129.93059125476,-64.52382433296,3.8));
#3444 = LINE('',#3445,#3446);
#3445 = CARTESIAN_POINT('',(129.93059125476,-64.52382433296,-0.1));
#3446 = VECTOR('',#3447,1.);
#3447 = DIRECTION('',(-0.,-0.,-1.));
#3448 = ORIENTED_EDGE('',*,*,#3449,.F.);
#3449 = EDGE_CURVE('',#3450,#3442,#3452,.T.);
#3450 = VERTEX_POINT('',#3451);
#3451 = CARTESIAN_POINT('',(129.04406879339,-65.41034679433,3.8));
#3452 = LINE('',#3453,#3454);
#3453 = CARTESIAN_POINT('',(127.34081169079,-67.11360389693,3.8));
#3454 = VECTOR('',#3455,1.);
#3455 = DIRECTION('',(0.707106781187,0.707106781187,0.));
#3456 = ORIENTED_EDGE('',*,*,#3457,.T.);
#3457 = EDGE_CURVE('',#3450,#458,#3458,.T.);
#3458 = LINE('',#3459,#3460);
#3459 = CARTESIAN_POINT('',(129.04406879339,-65.41034679433,1.4));
#3460 = VECTOR('',#3461,1.);
#3461 = DIRECTION('',(-0.,-0.,-1.));
#3462 = PLANE('',#3463);
#3463 = AXIS2_PLACEMENT_3D('',#3464,#3465,#3466);
#3464 = CARTESIAN_POINT('',(124.15441558772,-70.3,1.4));
#3465 = DIRECTION('',(-0.707106781187,0.707106781187,0.));
#3466 = DIRECTION('',(0.707106781187,0.707106781187,0.));
#3467 = ADVANCED_FACE('',(#3468),#3486,.T.);
#3468 = FACE_BOUND('',#3469,.T.);
#3469 = EDGE_LOOP('',(#3470,#3471,#3479,#3485));
#3470 = ORIENTED_EDGE('',*,*,#498,.F.);
#3471 = ORIENTED_EDGE('',*,*,#3472,.T.);
#3472 = EDGE_CURVE('',#491,#3473,#3475,.T.);
#3473 = VERTEX_POINT('',#3474);
#3474 = CARTESIAN_POINT('',(131.25441558772,-12.8,6.3));
#3475 = LINE('',#3476,#3477);
#3476 = CARTESIAN_POINT('',(131.25441558772,-12.8,1.4));
#3477 = VECTOR('',#3478,1.);
#3478 = DIRECTION('',(0.,0.,1.));
#3479 = ORIENTED_EDGE('',*,*,#3480,.F.);
#3480 = EDGE_CURVE('',#3322,#3473,#3481,.T.);
#3481 = LINE('',#3482,#3483);
#3482 = CARTESIAN_POINT('',(106.46743436835,-12.8,6.3));
#3483 = VECTOR('',#3484,1.);
#3484 = DIRECTION('',(1.,0.,0.));
#3485 = ORIENTED_EDGE('',*,*,#3321,.F.);
#3486 = PLANE('',#3487);
#3487 = AXIS2_PLACEMENT_3D('',#3488,#3489,#3490);
#3488 = CARTESIAN_POINT('',(131.25441558772,-12.8,1.4));
#3489 = DIRECTION('',(0.,-1.,0.));
#3490 = DIRECTION('',(-1.,0.,0.));
#3491 = ADVANCED_FACE('',(#3492),#3504,.T.);
#3492 = FACE_BOUND('',#3493,.F.);
#3493 = EDGE_LOOP('',(#3494,#3495,#3496,#3503));
#3494 = ORIENTED_EDGE('',*,*,#465,.F.);
#3495 = ORIENTED_EDGE('',*,*,#3409,.F.);
#3496 = ORIENTED_EDGE('',*,*,#3497,.T.);
#3497 = EDGE_CURVE('',#3410,#3450,#3498,.T.);
#3498 = CIRCLE('',#3499,2.1);
#3499 = AXIS2_PLACEMENT_3D('',#3500,#3501,#3502);
#3500 = CARTESIAN_POINT('',(130.6,-64.,3.8));
#3501 = DIRECTION('',(0.,0.,1.));
#3502 = DIRECTION('',(1.,0.,0.));
#3503 = ORIENTED_EDGE('',*,*,#3457,.T.);
#3504 = CYLINDRICAL_SURFACE('',#3505,2.1);
#3505 = AXIS2_PLACEMENT_3D('',#3506,#3507,#3508);
#3506 = CARTESIAN_POINT('',(130.6,-64.,1.4));
#3507 = DIRECTION('',(-0.,-0.,-1.));
#3508 = DIRECTION('',(1.,0.,0.));
#3509 = ADVANCED_FACE('',(#3510),#3528,.T.);
#3510 = FACE_BOUND('',#3511,.T.);
#3511 = EDGE_LOOP('',(#3512,#3513,#3521,#3527));
#3512 = ORIENTED_EDGE('',*,*,#490,.F.);
#3513 = ORIENTED_EDGE('',*,*,#3514,.T.);
#3514 = EDGE_CURVE('',#483,#3515,#3517,.T.);
#3515 = VERTEX_POINT('',#3516);
#3516 = CARTESIAN_POINT('',(133.2,-14.74558441227,6.3));
#3517 = LINE('',#3518,#3519);
#3518 = CARTESIAN_POINT('',(133.2,-14.74558441227,1.4));
#3519 = VECTOR('',#3520,1.);
#3520 = DIRECTION('',(0.,0.,1.));
#3521 = ORIENTED_EDGE('',*,*,#3522,.F.);
#3522 = EDGE_CURVE('',#3473,#3515,#3523,.T.);
#3523 = LINE('',#3524,#3525);
#3524 = CARTESIAN_POINT('',(128.15249746016,-9.698081872432,6.3));
#3525 = VECTOR('',#3526,1.);
#3526 = DIRECTION('',(0.707106781187,-0.707106781187,0.));
#3527 = ORIENTED_EDGE('',*,*,#3472,.F.);
#3528 = PLANE('',#3529);
#3529 = AXIS2_PLACEMENT_3D('',#3530,#3531,#3532);
#3530 = CARTESIAN_POINT('',(133.2,-14.74558441227,1.4));
#3531 = DIRECTION('',(-0.707106781187,-0.707106781187,0.));
#3532 = DIRECTION('',(-0.707106781187,0.707106781187,0.));
#3533 = ADVANCED_FACE('',(#3534),#3561,.T.);
#3534 = FACE_BOUND('',#3535,.T.);
#3535 = EDGE_LOOP('',(#3536,#3537,#3538,#3546,#3554,#3560));
#3536 = ORIENTED_EDGE('',*,*,#482,.F.);
#3537 = ORIENTED_EDGE('',*,*,#3402,.T.);
#3538 = ORIENTED_EDGE('',*,*,#3539,.T.);
#3539 = EDGE_CURVE('',#3395,#3540,#3542,.T.);
#3540 = VERTEX_POINT('',#3541);
#3541 = CARTESIAN_POINT('',(133.2,-53.4,5.1));
#3542 = LINE('',#3543,#3544);
#3543 = CARTESIAN_POINT('',(133.2,-61.57720779386,5.1));
#3544 = VECTOR('',#3545,1.);
#3545 = DIRECTION('',(0.,1.,0.));
#3546 = ORIENTED_EDGE('',*,*,#3547,.F.);
#3547 = EDGE_CURVE('',#3548,#3540,#3550,.T.);
#3548 = VERTEX_POINT('',#3549);
#3549 = CARTESIAN_POINT('',(133.2,-53.4,6.3));
#3550 = LINE('',#3551,#3552);
#3551 = CARTESIAN_POINT('',(133.2,-53.4,3.25));
#3552 = VECTOR('',#3553,1.);
#3553 = DIRECTION('',(0.,0.,-1.));
#3554 = ORIENTED_EDGE('',*,*,#3555,.F.);
#3555 = EDGE_CURVE('',#3515,#3548,#3556,.T.);
#3556 = LINE('',#3557,#3558);
#3557 = CARTESIAN_POINT('',(133.2,-53.66476834582,6.3));
#3558 = VECTOR('',#3559,1.);
#3559 = DIRECTION('',(0.,-1.,0.));
#3560 = ORIENTED_EDGE('',*,*,#3514,.F.);
#3561 = PLANE('',#3562);
#3562 = AXIS2_PLACEMENT_3D('',#3563,#3564,#3565);
#3563 = CARTESIAN_POINT('',(133.2,-61.25441558772,1.4));
#3564 = DIRECTION('',(-1.,0.,0.));
#3565 = DIRECTION('',(0.,1.,0.));
#3566 = ADVANCED_FACE('',(#3567),#3586,.T.);
#3567 = FACE_BOUND('',#3568,.F.);
#3568 = EDGE_LOOP('',(#3569,#3577,#3584,#3585));
#3569 = ORIENTED_EDGE('',*,*,#3570,.T.);
#3570 = EDGE_CURVE('',#900,#3571,#3573,.T.);
#3571 = VERTEX_POINT('',#3572);
#3572 = CARTESIAN_POINT('',(43.5,-66.6,3.8));
#3573 = LINE('',#3574,#3575);
#3574 = CARTESIAN_POINT('',(43.5,-66.6,1.4));
#3575 = VECTOR('',#3576,1.);
#3576 = DIRECTION('',(0.,0.,1.));
#3577 = ORIENTED_EDGE('',*,*,#3578,.T.);
#3578 = EDGE_CURVE('',#3571,#3571,#3579,.T.);
#3579 = CIRCLE('',#3580,2.3);
#3580 = AXIS2_PLACEMENT_3D('',#3581,#3582,#3583);
#3581 = CARTESIAN_POINT('',(41.2,-66.6,3.8));
#3582 = DIRECTION('',(0.,0.,1.));
#3583 = DIRECTION('',(1.,0.,0.));
#3584 = ORIENTED_EDGE('',*,*,#3570,.F.);
#3585 = ORIENTED_EDGE('',*,*,#899,.F.);
#3586 = CYLINDRICAL_SURFACE('',#3587,2.3);
#3587 = AXIS2_PLACEMENT_3D('',#3588,#3589,#3590);
#3588 = CARTESIAN_POINT('',(41.2,-66.6,1.4));
#3589 = DIRECTION('',(-0.,-0.,-1.));
#3590 = DIRECTION('',(1.,0.,0.));
#3591 = ADVANCED_FACE('',(#3592),#3611,.T.);
#3592 = FACE_BOUND('',#3593,.F.);
#3593 = EDGE_LOOP('',(#3594,#3602,#3609,#3610));
#3594 = ORIENTED_EDGE('',*,*,#3595,.T.);
#3595 = EDGE_CURVE('',#914,#3596,#3598,.T.);
#3596 = VERTEX_POINT('',#3597);
#3597 = CARTESIAN_POINT('',(58.8,-20.5,3.8));
#3598 = LINE('',#3599,#3600);
#3599 = CARTESIAN_POINT('',(58.8,-20.5,1.4));
#3600 = VECTOR('',#3601,1.);
#3601 = DIRECTION('',(0.,0.,1.));
#3602 = ORIENTED_EDGE('',*,*,#3603,.T.);
#3603 = EDGE_CURVE('',#3596,#3596,#3604,.T.);
#3604 = CIRCLE('',#3605,1.8);
#3605 = AXIS2_PLACEMENT_3D('',#3606,#3607,#3608);
#3606 = CARTESIAN_POINT('',(57.,-20.5,3.8));
#3607 = DIRECTION('',(0.,0.,1.));
#3608 = DIRECTION('',(1.,0.,0.));
#3609 = ORIENTED_EDGE('',*,*,#3595,.F.);
#3610 = ORIENTED_EDGE('',*,*,#913,.F.);
#3611 = CYLINDRICAL_SURFACE('',#3612,1.8);
#3612 = AXIS2_PLACEMENT_3D('',#3613,#3614,#3615);
#3613 = CARTESIAN_POINT('',(57.,-20.5,1.4));
#3614 = DIRECTION('',(-0.,-0.,-1.));
#3615 = DIRECTION('',(1.,0.,0.));
#3616 = ADVANCED_FACE('',(#3617),#3636,.F.);
#3617 = FACE_BOUND('',#3618,.T.);
#3618 = EDGE_LOOP('',(#3619,#3628,#3634,#3635));
#3619 = ORIENTED_EDGE('',*,*,#3620,.T.);
#3620 = EDGE_CURVE('',#3621,#3621,#3623,.T.);
#3621 = VERTEX_POINT('',#3622);
#3622 = CARTESIAN_POINT('',(115.35,-64.,0.));
#3623 = CIRCLE('',#3624,0.85);
#3624 = AXIS2_PLACEMENT_3D('',#3625,#3626,#3627);
#3625 = CARTESIAN_POINT('',(114.5,-64.,0.));
#3626 = DIRECTION('',(0.,0.,-1.));
#3627 = DIRECTION('',(1.,0.,0.));
#3628 = ORIENTED_EDGE('',*,*,#3629,.T.);
#3629 = EDGE_CURVE('',#3621,#934,#3630,.T.);
#3630 = LINE('',#3631,#3632);
#3631 = CARTESIAN_POINT('',(115.35,-64.,-0.1));
#3632 = VECTOR('',#3633,1.);
#3633 = DIRECTION('',(0.,0.,1.));
#3634 = ORIENTED_EDGE('',*,*,#933,.F.);
#3635 = ORIENTED_EDGE('',*,*,#3629,.F.);
#3636 = CYLINDRICAL_SURFACE('',#3637,0.85);
#3637 = AXIS2_PLACEMENT_3D('',#3638,#3639,#3640);
#3638 = CARTESIAN_POINT('',(114.5,-64.,-0.1));
#3639 = DIRECTION('',(-0.,-0.,-1.));
#3640 = DIRECTION('',(1.,0.,0.));
#3641 = ADVANCED_FACE('',(#3642,#3647),#3658,.T.);
#3642 = FACE_BOUND('',#3643,.T.);
#3643 = EDGE_LOOP('',(#3644,#3645,#3646));
#3644 = ORIENTED_EDGE('',*,*,#958,.T.);
#3645 = ORIENTED_EDGE('',*,*,#967,.T.);
#3646 = ORIENTED_EDGE('',*,*,#1049,.T.);
#3647 = FACE_BOUND('',#3648,.T.);
#3648 = EDGE_LOOP('',(#3649));
#3649 = ORIENTED_EDGE('',*,*,#3650,.T.);
#3650 = EDGE_CURVE('',#3651,#3651,#3653,.T.);
#3651 = VERTEX_POINT('',#3652);
#3652 = CARTESIAN_POINT('',(21.85,-37.5,3.8));
#3653 = CIRCLE('',#3654,0.85);
#3654 = AXIS2_PLACEMENT_3D('',#3655,#3656,#3657);
#3655 = CARTESIAN_POINT('',(21.,-37.5,3.8));
#3656 = DIRECTION('',(0.,0.,-1.));
#3657 = DIRECTION('',(1.,0.,0.));
#3658 = PLANE('',#3659);
#3659 = AXIS2_PLACEMENT_3D('',#3660,#3661,#3662);
#3660 = CARTESIAN_POINT('',(21.,-37.5,3.8));
#3661 = DIRECTION('',(0.,0.,1.));
#3662 = DIRECTION('',(1.,0.,0.));
#3663 = ADVANCED_FACE('',(#3664),#4589,.T.);
#3664 = FACE_BOUND('',#3665,.T.);
#3665 = EDGE_LOOP('',(#3666,#3676,#3684,#3692,#3700,#3708,#3716,#3724,
    #3732,#3740,#3748,#3756,#3764,#3772,#3780,#3788,#3796,#3804,#3812,
    #3820,#3828,#3836,#3844,#3852,#3860,#3868,#3876,#3884,#3892,#3900,
    #3908,#3916,#3924,#3932,#3940,#3948,#3956,#3964,#3972,#3980,#3988,
    #3996,#4004,#4012,#4020,#4028,#4036,#4044,#4052,#4060,#4068,#4076,
    #4083,#4084,#4085,#4086,#4087,#4088,#4089,#4090,#4091,#4092,#4093,
    #4094,#4095,#4096,#4097,#4098,#4099,#4100,#4101,#4102,#4103,#4104,
    #4105,#4106,#4107,#4108,#4109,#4110,#4111,#4112,#4113,#4114,#4115,
    #4116,#4117,#4118,#4119,#4120,#4121,#4122,#4123,#4124,#4125,#4126,
    #4127,#4128,#4129,#4130,#4131,#4132,#4133,#4140,#4141,#4142,#4143,
    #4144,#4145,#4146,#4147,#4148,#4149,#4150,#4151,#4152,#4153,#4154,
    #4155,#4156,#4157,#4158,#4159,#4160,#4161,#4162,#4163,#4164,#4165,
    #4166,#4167,#4168,#4169,#4170,#4171,#4172,#4173,#4174,#4175,#4176,
    #4177,#4178,#4179,#4180,#4181,#4182,#4183,#4184,#4185,#4186,#4187,
    #4188,#4189,#4190,#4191,#4199,#4207,#4215,#4223,#4231,#4239,#4247,
    #4255,#4263,#4271,#4279,#4287,#4295,#4303,#4311,#4319,#4327,#4335,
    #4343,#4351,#4359,#4367,#4375,#4383,#4391,#4399,#4407,#4415,#4423,
    #4431,#4439,#4447,#4455,#4463,#4471,#4479,#4487,#4495,#4503,#4511,
    #4519,#4527,#4535,#4543,#4551,#4559,#4567,#4575,#4583));
#3666 = ORIENTED_EDGE('',*,*,#3667,.T.);
#3667 = EDGE_CURVE('',#3668,#3670,#3672,.T.);
#3668 = VERTEX_POINT('',#3669);
#3669 = CARTESIAN_POINT('',(16.999155087174,-20.67303231294,6.3));
#3670 = VERTEX_POINT('',#3671);
#3671 = CARTESIAN_POINT('',(16.9,-21.34107547748,6.3));
#3672 = LINE('',#3673,#3674);
#3673 = CARTESIAN_POINT('',(16.999155087174,-20.67303231294,6.3));
#3674 = VECTOR('',#3675,1.);
#3675 = DIRECTION('',(-0.146817756874,-0.989163558905,0.));
#3676 = ORIENTED_EDGE('',*,*,#3677,.T.);
#3677 = EDGE_CURVE('',#3670,#3678,#3680,.T.);
#3678 = VERTEX_POINT('',#3679);
#3679 = CARTESIAN_POINT('',(16.9,-70.64193975912,6.3));
#3680 = LINE('',#3681,#3682);
#3681 = CARTESIAN_POINT('',(16.9,-21.34107547748,6.3));
#3682 = VECTOR('',#3683,1.);
#3683 = DIRECTION('',(0.,-1.,0.));
#3684 = ORIENTED_EDGE('',*,*,#3685,.T.);
#3685 = EDGE_CURVE('',#3678,#3686,#3688,.T.);
#3686 = VERTEX_POINT('',#3687);
#3687 = CARTESIAN_POINT('',(17.016563119717,-71.36485288656,6.3));
#3688 = LINE('',#3689,#3690);
#3689 = CARTESIAN_POINT('',(16.9,-70.64193975912,6.3));
#3690 = VECTOR('',#3691,1.);
#3691 = DIRECTION('',(0.159184825389,-0.987248799121,0.));
#3692 = ORIENTED_EDGE('',*,*,#3693,.T.);
#3693 = EDGE_CURVE('',#3686,#3694,#3696,.T.);
#3694 = VERTEX_POINT('',#3695);
#3695 = CARTESIAN_POINT('',(17.354437730279,-72.01449209277,6.3));
#3696 = LINE('',#3697,#3698);
#3697 = CARTESIAN_POINT('',(17.016563119717,-71.36485288656,6.3));
#3698 = VECTOR('',#3699,1.);
#3699 = DIRECTION('',(0.461419624116,-0.887182016545,0.));
#3700 = ORIENTED_EDGE('',*,*,#3701,.T.);
#3701 = EDGE_CURVE('',#3694,#3702,#3704,.T.);
#3702 = VERTEX_POINT('',#3703);
#3703 = CARTESIAN_POINT('',(17.682912154057,-72.33394272831,6.3));
#3704 = LINE('',#3705,#3706);
#3705 = CARTESIAN_POINT('',(17.354437730279,-72.01449209277,6.3));
#3706 = VECTOR('',#3707,1.);
#3707 = DIRECTION('',(0.716885282942,-0.697191143877,0.));
#3708 = ORIENTED_EDGE('',*,*,#3709,.T.);
#3709 = EDGE_CURVE('',#3702,#3710,#3712,.T.);
#3710 = VERTEX_POINT('',#3711);
#3711 = CARTESIAN_POINT('',(18.078552524319,-73.04002075587,6.3));
#3712 = LINE('',#3713,#3714);
#3713 = CARTESIAN_POINT('',(17.682912154057,-72.33394272831,6.3));
#3714 = VECTOR('',#3715,1.);
#3715 = DIRECTION('',(0.488825961968,-0.872381326546,0.));
#3716 = ORIENTED_EDGE('',*,*,#3717,.T.);
#3717 = EDGE_CURVE('',#3710,#3718,#3720,.T.);
#3718 = VERTEX_POINT('',#3719);
#3719 = CARTESIAN_POINT('',(18.511617317845,-73.56921020118,6.3));
#3720 = LINE('',#3721,#3722);
#3721 = CARTESIAN_POINT('',(18.078552524319,-73.04002075587,6.3));
#3722 = VECTOR('',#3723,1.);
#3723 = DIRECTION('',(0.633318037876,-0.773891635115,0.));
#3724 = ORIENTED_EDGE('',*,*,#3725,.T.);
#3725 = EDGE_CURVE('',#3718,#3726,#3728,.T.);
#3726 = VERTEX_POINT('',#3727);
#3727 = CARTESIAN_POINT('',(19.082304708506,-74.06902500817,6.3));
#3728 = LINE('',#3729,#3730);
#3729 = CARTESIAN_POINT('',(18.511617317845,-73.56921020118,6.3));
#3730 = VECTOR('',#3731,1.);
#3731 = DIRECTION('',(0.752273932736,-0.658850461126,0.));
#3732 = ORIENTED_EDGE('',*,*,#3733,.T.);
#3733 = EDGE_CURVE('',#3726,#3734,#3736,.T.);
#3734 = VERTEX_POINT('',#3735);
#3735 = CARTESIAN_POINT('',(19.622827455948,-74.40311767464,6.3));
#3736 = LINE('',#3737,#3738);
#3737 = CARTESIAN_POINT('',(19.082304708506,-74.06902500817,6.3));
#3738 = VECTOR('',#3739,1.);
#3739 = DIRECTION('',(0.850628823525,-0.525766682653,0.));
#3740 = ORIENTED_EDGE('',*,*,#3741,.T.);
#3741 = EDGE_CURVE('',#3734,#3742,#3744,.T.);
#3742 = VERTEX_POINT('',#3743);
#3743 = CARTESIAN_POINT('',(20.297576464844,-74.68369940844,6.3));
#3744 = LINE('',#3745,#3746);
#3745 = CARTESIAN_POINT('',(19.622827455948,-74.40311767464,6.3));
#3746 = VECTOR('',#3747,1.);
#3747 = DIRECTION('',(0.92335054781,-0.383958026167,0.));
#3748 = ORIENTED_EDGE('',*,*,#3749,.T.);
#3749 = EDGE_CURVE('',#3742,#3750,#3752,.T.);
#3750 = VERTEX_POINT('',#3751);
#3751 = CARTESIAN_POINT('',(21.449107142095,-74.89434317419,6.3));
#3752 = LINE('',#3753,#3754);
#3753 = CARTESIAN_POINT('',(20.297576464844,-74.68369940844,6.3));
#3754 = VECTOR('',#3755,1.);
#3755 = DIRECTION('',(0.983677722696,-0.17993926162,0.));
#3756 = ORIENTED_EDGE('',*,*,#3757,.T.);
#3757 = EDGE_CURVE('',#3750,#3758,#3760,.T.);
#3758 = VERTEX_POINT('',#3759);
#3759 = CARTESIAN_POINT('',(44.793160730105,-74.90464174067,6.3));
#3760 = LINE('',#3761,#3762);
#3761 = CARTESIAN_POINT('',(21.449107142095,-74.89434317419,6.3));
#3762 = VECTOR('',#3763,1.);
#3763 = DIRECTION('',(0.999999902687,-4.411644035243E-04,0.));
#3764 = ORIENTED_EDGE('',*,*,#3765,.T.);
#3765 = EDGE_CURVE('',#3758,#3766,#3768,.T.);
#3766 = VERTEX_POINT('',#3767);
#3767 = CARTESIAN_POINT('',(47.154786106022,-75.03366044851,6.3));
#3768 = LINE('',#3769,#3770);
#3769 = CARTESIAN_POINT('',(44.793160730105,-74.90464174067,6.3));
#3770 = VECTOR('',#3771,1.);
#3771 = DIRECTION('',(0.998511041635,-5.454997463538E-02,0.));
#3772 = ORIENTED_EDGE('',*,*,#3773,.T.);
#3773 = EDGE_CURVE('',#3766,#3774,#3776,.T.);
#3774 = VERTEX_POINT('',#3775);
#3775 = CARTESIAN_POINT('',(49.485430291465,-75.3319662732,6.3));
#3776 = LINE('',#3777,#3778);
#3777 = CARTESIAN_POINT('',(47.154786106022,-75.03366044851,6.3));
#3778 = VECTOR('',#3779,1.);
#3779 = DIRECTION('',(0.991908199688,-0.126957171483,0.));
#3780 = ORIENTED_EDGE('',*,*,#3781,.T.);
#3781 = EDGE_CURVE('',#3774,#3782,#3784,.T.);
#3782 = VERTEX_POINT('',#3783);
#3783 = CARTESIAN_POINT('',(51.455056877253,-75.72077100742,6.3));
#3784 = LINE('',#3785,#3786);
#3785 = CARTESIAN_POINT('',(49.485430291465,-75.3319662732,6.3));
#3786 = VECTOR('',#3787,1.);
#3787 = DIRECTION('',(0.981068100169,-0.193663065221,0.));
#3788 = ORIENTED_EDGE('',*,*,#3789,.T.);
#3789 = EDGE_CURVE('',#3782,#3790,#3792,.T.);
#3790 = VERTEX_POINT('',#3791);
#3791 = CARTESIAN_POINT('',(53.392214173052,-76.23049616217,6.3));
#3792 = LINE('',#3793,#3794);
#3793 = CARTESIAN_POINT('',(51.455056877253,-75.72077100742,6.3));
#3794 = VECTOR('',#3795,1.);
#3795 = DIRECTION('',(0.967081058832,-0.254468516025,0.));
#3796 = ORIENTED_EDGE('',*,*,#3797,.T.);
#3797 = EDGE_CURVE('',#3790,#3798,#3800,.T.);
#3798 = VERTEX_POINT('',#3799);
#3799 = CARTESIAN_POINT('',(55.620450420852,-76.98068181127,6.3));
#3800 = LINE('',#3801,#3802);
#3801 = CARTESIAN_POINT('',(53.392214173052,-76.23049616217,6.3));
#3802 = VECTOR('',#3803,1.);
#3803 = DIRECTION('',(0.947729662631,-0.319074421678,0.));
#3804 = ORIENTED_EDGE('',*,*,#3805,.T.);
#3805 = EDGE_CURVE('',#3798,#3806,#3808,.T.);
#3806 = VERTEX_POINT('',#3807);
#3807 = CARTESIAN_POINT('',(57.470194037542,-77.74597149383,6.3));
#3808 = LINE('',#3809,#3810);
#3809 = CARTESIAN_POINT('',(55.620450420852,-76.98068181127,6.3));
#3810 = VECTOR('',#3811,1.);
#3811 = DIRECTION('',(0.924038269129,-0.382299983241,0.));
#3812 = ORIENTED_EDGE('',*,*,#3813,.T.);
#3813 = EDGE_CURVE('',#3806,#3814,#3816,.T.);
#3814 = VERTEX_POINT('',#3815);
#3815 = CARTESIAN_POINT('',(59.577123211972,-78.78935230268,6.3));
#3816 = LINE('',#3817,#3818);
#3817 = CARTESIAN_POINT('',(57.470194037542,-77.74597149383,6.3));
#3818 = VECTOR('',#3819,1.);
#3819 = DIRECTION('',(0.896136175562,-0.44377917352,0.));
#3820 = ORIENTED_EDGE('',*,*,#3821,.T.);
#3821 = EDGE_CURVE('',#3814,#3822,#3824,.T.);
#3822 = VERTEX_POINT('',#3823);
#3823 = CARTESIAN_POINT('',(61.313422506726,-79.80031641984,6.3));
#3824 = LINE('',#3825,#3826);
#3825 = CARTESIAN_POINT('',(59.577123211972,-78.78935230268,6.3));
#3826 = VECTOR('',#3827,1.);
#3827 = DIRECTION('',(0.864185250602,-0.503173779763,0.));
#3828 = ORIENTED_EDGE('',*,*,#3829,.T.);
#3829 = EDGE_CURVE('',#3822,#3830,#3832,.T.);
#3830 = VERTEX_POINT('',#3831);
#3831 = CARTESIAN_POINT('',(62.699219156527,-80.71700328631,6.3));
#3832 = LINE('',#3833,#3834);
#3833 = CARTESIAN_POINT('',(61.313422506726,-79.80031641984,6.3));
#3834 = VECTOR('',#3835,1.);
#3835 = DIRECTION('',(0.834038674854,-0.551705980435,0.));
#3836 = ORIENTED_EDGE('',*,*,#3837,.T.);
#3837 = EDGE_CURVE('',#3830,#3838,#3840,.T.);
#3838 = VERTEX_POINT('',#3839);
#3839 = CARTESIAN_POINT('',(64.87107607766,-82.33412537807,6.3));
#3840 = LINE('',#3841,#3842);
#3841 = CARTESIAN_POINT('',(62.699219156527,-80.71700328631,6.3));
#3842 = VECTOR('',#3843,1.);
#3843 = DIRECTION('',(0.802081704938,-0.597214315471,0.));
#3844 = ORIENTED_EDGE('',*,*,#3845,.T.);
#3845 = EDGE_CURVE('',#3838,#3846,#3848,.T.);
#3846 = VERTEX_POINT('',#3847);
#3847 = CARTESIAN_POINT('',(65.9581227825,-83.01168799885,6.3));
#3848 = LINE('',#3849,#3850);
#3849 = CARTESIAN_POINT('',(64.87107607766,-82.33412537807,6.3));
#3850 = VECTOR('',#3851,1.);
#3851 = DIRECTION('',(0.848643826861,-0.528964701215,0.));
#3852 = ORIENTED_EDGE('',*,*,#3853,.T.);
#3853 = EDGE_CURVE('',#3846,#3854,#3856,.T.);
#3854 = VERTEX_POINT('',#3855);
#3855 = CARTESIAN_POINT('',(67.36258292856,-83.67167210571,6.3));
#3856 = LINE('',#3857,#3858);
#3857 = CARTESIAN_POINT('',(65.9581227825,-83.01168799885,6.3));
#3858 = VECTOR('',#3859,1.);
#3859 = DIRECTION('',(0.905051524262,-0.425301937959,0.));
#3860 = ORIENTED_EDGE('',*,*,#3861,.T.);
#3861 = EDGE_CURVE('',#3854,#3862,#3864,.T.);
#3862 = VERTEX_POINT('',#3863);
#3863 = CARTESIAN_POINT('',(68.959990438116,-84.17392066499,6.3));
#3864 = LINE('',#3865,#3866);
#3865 = CARTESIAN_POINT('',(67.36258292856,-83.67167210571,6.3));
#3866 = VECTOR('',#3867,1.);
#3867 = DIRECTION('',(0.953958488135,-0.299938665254,0.));
#3868 = ORIENTED_EDGE('',*,*,#3869,.T.);
#3869 = EDGE_CURVE('',#3862,#3870,#3872,.T.);
#3870 = VERTEX_POINT('',#3871);
#3871 = CARTESIAN_POINT('',(70.60927393779,-84.44757291275,6.3));
#3872 = LINE('',#3873,#3874);
#3873 = CARTESIAN_POINT('',(68.959990438116,-84.17392066499,6.3));
#3874 = VECTOR('',#3875,1.);
#3875 = DIRECTION('',(0.986512809277,-0.163684077211,0.));
#3876 = ORIENTED_EDGE('',*,*,#3877,.T.);
#3877 = EDGE_CURVE('',#3870,#3878,#3880,.T.);
#3878 = VERTEX_POINT('',#3879);
#3879 = CARTESIAN_POINT('',(72.22194292892,-84.49368384777,6.3));
#3880 = LINE('',#3881,#3882);
#3881 = CARTESIAN_POINT('',(70.60927393779,-84.44757291275,6.3));
#3882 = VECTOR('',#3883,1.);
#3883 = DIRECTION('',(0.999591472594,-2.858125113553E-02,0.));
#3884 = ORIENTED_EDGE('',*,*,#3885,.T.);
#3885 = EDGE_CURVE('',#3878,#3886,#3888,.T.);
#3886 = VERTEX_POINT('',#3887);
#3887 = CARTESIAN_POINT('',(82.369164147406,-83.72439917824,6.3));
#3888 = LINE('',#3889,#3890);
#3889 = CARTESIAN_POINT('',(72.22194292892,-84.49368384777,6.3));
#3890 = VECTOR('',#3891,1.);
#3891 = DIRECTION('',(0.997138572597,7.559541679232E-02,0.));
#3892 = ORIENTED_EDGE('',*,*,#3893,.T.);
#3893 = EDGE_CURVE('',#3886,#3894,#3896,.T.);
#3894 = VERTEX_POINT('',#3895);
#3895 = CARTESIAN_POINT('',(87.17867590496,-83.63145141949,6.3));
#3896 = LINE('',#3897,#3898);
#3897 = CARTESIAN_POINT('',(82.369164147406,-83.72439917824,6.3));
#3898 = VECTOR('',#3899,1.);
#3899 = DIRECTION('',(0.999813308633,1.932221208466E-02,0.));
#3900 = ORIENTED_EDGE('',*,*,#3901,.T.);
#3901 = EDGE_CURVE('',#3894,#3902,#3904,.T.);
#3902 = VERTEX_POINT('',#3903);
#3903 = CARTESIAN_POINT('',(90.14483404125,-83.73887426369,6.3));
#3904 = LINE('',#3905,#3906);
#3905 = CARTESIAN_POINT('',(87.17867590496,-83.63145141949,6.3));
#3906 = VECTOR('',#3907,1.);
#3907 = DIRECTION('',(0.999344839458,-3.619242806965E-02,0.));
#3908 = ORIENTED_EDGE('',*,*,#3909,.T.);
#3909 = EDGE_CURVE('',#3902,#3910,#3912,.T.);
#3910 = VERTEX_POINT('',#3911);
#3911 = CARTESIAN_POINT('',(93.127098483904,-83.97460806099,6.3));
#3912 = LINE('',#3913,#3914);
#3913 = CARTESIAN_POINT('',(90.14483404125,-83.73887426369,6.3));
#3914 = VECTOR('',#3915,1.);
#3915 = DIRECTION('',(0.996890489269,-7.879944419675E-02,0.));
#3916 = ORIENTED_EDGE('',*,*,#3917,.T.);
#3917 = EDGE_CURVE('',#3910,#3918,#3920,.T.);
#3918 = VERTEX_POINT('',#3919);
#3919 = CARTESIAN_POINT('',(95.494054071791,-84.25363930808,6.3));
#3920 = LINE('',#3921,#3922);
#3921 = CARTESIAN_POINT('',(93.127098483904,-83.97460806099,6.3));
#3922 = VECTOR('',#3923,1.);
#3923 = DIRECTION('',(0.993123024814,-0.117075435441,0.));
#3924 = ORIENTED_EDGE('',*,*,#3925,.T.);
#3925 = EDGE_CURVE('',#3918,#3926,#3928,.T.);
#3926 = VERTEX_POINT('',#3927);
#3927 = CARTESIAN_POINT('',(98.449374857687,-84.71787618211,6.3));
#3928 = LINE('',#3929,#3930);
#3929 = CARTESIAN_POINT('',(95.494054071791,-84.25363930808,6.3));
#3930 = VECTOR('',#3931,1.);
#3931 = DIRECTION('',(0.987885873276,-0.155182155487,0.));
#3932 = ORIENTED_EDGE('',*,*,#3933,.T.);
#3933 = EDGE_CURVE('',#3926,#3934,#3936,.T.);
#3934 = VERTEX_POINT('',#3935);
#3935 = CARTESIAN_POINT('',(101.37366640521,-85.30607617415,6.3));
#3936 = LINE('',#3937,#3938);
#3937 = CARTESIAN_POINT('',(98.449374857687,-84.71787618211,6.3));
#3938 = VECTOR('',#3939,1.);
#3939 = DIRECTION('',(0.980364642786,-0.197193222943,0.));
#3940 = ORIENTED_EDGE('',*,*,#3941,.T.);
#3941 = EDGE_CURVE('',#3934,#3942,#3944,.T.);
#3942 = VERTEX_POINT('',#3943);
#3943 = CARTESIAN_POINT('',(104.27391623752,-86.01943874884,6.3));
#3944 = LINE('',#3945,#3946);
#3945 = CARTESIAN_POINT('',(101.37366640521,-85.30607617415,6.3));
#3946 = VECTOR('',#3947,1.);
#3947 = DIRECTION('',(0.971057220682,-0.23884696808,0.));
#3948 = ORIENTED_EDGE('',*,*,#3949,.T.);
#3949 = EDGE_CURVE('',#3942,#3950,#3952,.T.);
#3950 = VERTEX_POINT('',#3951);
#3951 = CARTESIAN_POINT('',(107.14101283635,-86.85596165474,6.3));
#3952 = LINE('',#3953,#3954);
#3953 = CARTESIAN_POINT('',(104.27391623752,-86.01943874884,6.3));
#3954 = VECTOR('',#3955,1.);
#3955 = DIRECTION('',(0.959974219883,-0.28008837384,0.));
#3956 = ORIENTED_EDGE('',*,*,#3957,.T.);
#3957 = EDGE_CURVE('',#3950,#3958,#3960,.T.);
#3958 = VERTEX_POINT('',#3959);
#3959 = CARTESIAN_POINT('',(109.95583238173,-87.80941452888,6.3));
#3960 = LINE('',#3961,#3962);
#3961 = CARTESIAN_POINT('',(107.14101283635,-86.85596165474,6.3));
#3962 = VECTOR('',#3963,1.);
#3963 = DIRECTION('',(0.947139846492,-0.320820995552,0.));
#3964 = ORIENTED_EDGE('',*,*,#3965,.T.);
#3965 = EDGE_CURVE('',#3958,#3966,#3968,.T.);
#3966 = VERTEX_POINT('',#3967);
#3967 = CARTESIAN_POINT('',(114.42816157776,-89.60671483814,6.3));
#3968 = LINE('',#3969,#3970);
#3969 = CARTESIAN_POINT('',(109.95583238173,-87.80941452888,6.3));
#3970 = VECTOR('',#3971,1.);
#3971 = DIRECTION('',(0.927876779349,-0.372886956522,0.));
#3972 = ORIENTED_EDGE('',*,*,#3973,.T.);
#3973 = EDGE_CURVE('',#3966,#3974,#3976,.T.);
#3974 = VERTEX_POINT('',#3975);
#3975 = CARTESIAN_POINT('',(124.64244946109,-94.25200279984,6.3));
#3976 = LINE('',#3977,#3978);
#3977 = CARTESIAN_POINT('',(114.42816157776,-89.60671483814,6.3));
#3978 = VECTOR('',#3979,1.);
#3979 = DIRECTION('',(0.910284885074,-0.413982400599,0.));
#3980 = ORIENTED_EDGE('',*,*,#3981,.T.);
#3981 = EDGE_CURVE('',#3974,#3982,#3984,.T.);
#3982 = VERTEX_POINT('',#3983);
#3983 = CARTESIAN_POINT('',(125.87809862852,-94.5659090875,6.3));
#3984 = LINE('',#3985,#3986);
#3985 = CARTESIAN_POINT('',(124.64244946109,-94.25200279984,6.3));
#3986 = VECTOR('',#3987,1.);
#3987 = DIRECTION('',(0.969213807491,-0.246220623362,0.));
#3988 = ORIENTED_EDGE('',*,*,#3989,.T.);
#3989 = EDGE_CURVE('',#3982,#3990,#3992,.T.);
#3990 = VERTEX_POINT('',#3991);
#3991 = CARTESIAN_POINT('',(126.59683893663,-94.59986104553,6.3));
#3992 = LINE('',#3993,#3994);
#3993 = CARTESIAN_POINT('',(125.87809862852,-94.5659090875,6.3));
#3994 = VECTOR('',#3995,1.);
#3995 = DIRECTION('',(0.99888614267,-4.718552724176E-02,0.));
#3996 = ORIENTED_EDGE('',*,*,#3997,.T.);
#3997 = EDGE_CURVE('',#3990,#3998,#4000,.T.);
#3998 = VERTEX_POINT('',#3999);
#3999 = CARTESIAN_POINT('',(127.52908559365,-94.43850564239,6.3));
#4000 = LINE('',#4001,#4002);
#4001 = CARTESIAN_POINT('',(126.59683893663,-94.59986104553,6.3));
#4002 = VECTOR('',#4003,1.);
#4003 = DIRECTION('',(0.985349614179,0.170546585535,0.));
#4004 = ORIENTED_EDGE('',*,*,#4005,.T.);
#4005 = EDGE_CURVE('',#3998,#4006,#4008,.T.);
#4006 = VERTEX_POINT('',#4007);
#4007 = CARTESIAN_POINT('',(128.40156603092,-94.07298694563,6.3));
#4008 = LINE('',#4009,#4010);
#4009 = CARTESIAN_POINT('',(127.52908559365,-94.43850564239,6.3));
#4010 = VECTOR('',#4011,1.);
#4011 = DIRECTION('',(0.92233012396,0.386402824053,0.));
#4012 = ORIENTED_EDGE('',*,*,#4013,.T.);
#4013 = EDGE_CURVE('',#4006,#4014,#4016,.T.);
#4014 = VERTEX_POINT('',#4015);
#4015 = CARTESIAN_POINT('',(129.17255641244,-93.51955775472,6.3));
#4016 = LINE('',#4017,#4018);
#4017 = CARTESIAN_POINT('',(128.40156603092,-94.07298694563,6.3));
#4018 = VECTOR('',#4019,1.);
#4019 = DIRECTION('',(0.812374829299,0.583135607489,0.));
#4020 = ORIENTED_EDGE('',*,*,#4021,.T.);
#4021 = EDGE_CURVE('',#4014,#4022,#4024,.T.);
#4022 = VERTEX_POINT('',#4023);
#4023 = CARTESIAN_POINT('',(129.70572376387,-92.94728143754,6.3));
#4024 = LINE('',#4025,#4026);
#4025 = CARTESIAN_POINT('',(129.17255641244,-93.51955775472,6.3));
#4026 = VECTOR('',#4027,1.);
#4027 = DIRECTION('',(0.681663921209,0.731665427994,0.));
#4028 = ORIENTED_EDGE('',*,*,#4029,.T.);
#4029 = EDGE_CURVE('',#4022,#4030,#4032,.T.);
#4030 = VERTEX_POINT('',#4031);
#4031 = CARTESIAN_POINT('',(142.50231990643,-75.48541713428,6.3));
#4032 = LINE('',#4033,#4034);
#4033 = CARTESIAN_POINT('',(129.70572376387,-92.94728143754,6.3));
#4034 = VECTOR('',#4035,1.);
#4035 = DIRECTION('',(0.591100167144,0.806598160426,0.));
#4036 = ORIENTED_EDGE('',*,*,#4037,.T.);
#4037 = EDGE_CURVE('',#4030,#4038,#4040,.T.);
#4038 = VERTEX_POINT('',#4039);
#4039 = CARTESIAN_POINT('',(142.89764217617,-74.60050088547,6.3));
#4040 = LINE('',#4041,#4042);
#4041 = CARTESIAN_POINT('',(142.50231990643,-75.48541713428,6.3));
#4042 = VECTOR('',#4043,1.);
#4043 = DIRECTION('',(0.407883433056,0.913034010888,0.));
#4044 = ORIENTED_EDGE('',*,*,#4045,.T.);
#4045 = EDGE_CURVE('',#4038,#4046,#4048,.T.);
#4046 = VERTEX_POINT('',#4047);
#4047 = CARTESIAN_POINT('',(143.09999452817,-73.40109105112,6.3));
#4048 = LINE('',#4049,#4050);
#4049 = CARTESIAN_POINT('',(142.89764217617,-74.60050088547,6.3));
#4050 = VECTOR('',#4051,1.);
#4051 = DIRECTION('',(0.166359002053,0.986065252626,0.));
#4052 = ORIENTED_EDGE('',*,*,#4053,.T.);
#4053 = EDGE_CURVE('',#4046,#4054,#4056,.T.);
#4054 = VERTEX_POINT('',#4055);
#4055 = CARTESIAN_POINT('',(143.09995511085,-68.5,6.3));
#4056 = LINE('',#4057,#4058);
#4057 = CARTESIAN_POINT('',(143.09999452817,-73.40109105112,6.3));
#4058 = VECTOR('',#4059,1.);
#4059 = DIRECTION('',(-8.04256049292E-06,0.999999999968,0.));
#4060 = ORIENTED_EDGE('',*,*,#4061,.T.);
#4061 = EDGE_CURVE('',#4054,#4062,#4064,.T.);
#4062 = VERTEX_POINT('',#4063);
#4063 = CARTESIAN_POINT('',(128.5,-68.5,6.3));
#4064 = LINE('',#4065,#4066);
#4065 = CARTESIAN_POINT('',(143.09995511085,-68.5,6.3));
#4066 = VECTOR('',#4067,1.);
#4067 = DIRECTION('',(-1.,0.,0.));
#4068 = ORIENTED_EDGE('',*,*,#4069,.T.);
#4069 = EDGE_CURVE('',#4062,#4070,#4072,.T.);
#4070 = VERTEX_POINT('',#4071);
#4071 = CARTESIAN_POINT('',(130.81005050633,-66.18994949366,6.3));
#4072 = LINE('',#4073,#4074);
#4073 = CARTESIAN_POINT('',(128.5,-68.5,6.3));
#4074 = VECTOR('',#4075,1.);
#4075 = DIRECTION('',(0.707106781187,0.707106781187,0.));
#4076 = ORIENTED_EDGE('',*,*,#4077,.T.);
#4077 = EDGE_CURVE('',#4070,#3347,#4078,.T.);
#4078 = CIRCLE('',#4079,2.2);
#4079 = AXIS2_PLACEMENT_3D('',#4080,#4081,#4082);
#4080 = CARTESIAN_POINT('',(130.6,-64.,6.3));
#4081 = DIRECTION('',(0.,0.,-1.));
#4082 = DIRECTION('',(1.,0.,0.));
#4083 = ORIENTED_EDGE('',*,*,#3346,.T.);
#4084 = ORIENTED_EDGE('',*,*,#3298,.T.);
#4085 = ORIENTED_EDGE('',*,*,#3250,.T.);
#4086 = ORIENTED_EDGE('',*,*,#3202,.T.);
#4087 = ORIENTED_EDGE('',*,*,#3154,.T.);
#4088 = ORIENTED_EDGE('',*,*,#3106,.T.);
#4089 = ORIENTED_EDGE('',*,*,#3058,.T.);
#4090 = ORIENTED_EDGE('',*,*,#3010,.T.);
#4091 = ORIENTED_EDGE('',*,*,#2962,.T.);
#4092 = ORIENTED_EDGE('',*,*,#2914,.T.);
#4093 = ORIENTED_EDGE('',*,*,#2866,.T.);
#4094 = ORIENTED_EDGE('',*,*,#2818,.T.);
#4095 = ORIENTED_EDGE('',*,*,#2770,.T.);
#4096 = ORIENTED_EDGE('',*,*,#2722,.T.);
#4097 = ORIENTED_EDGE('',*,*,#2674,.T.);
#4098 = ORIENTED_EDGE('',*,*,#2626,.T.);
#4099 = ORIENTED_EDGE('',*,*,#2578,.T.);
#4100 = ORIENTED_EDGE('',*,*,#2530,.T.);
#4101 = ORIENTED_EDGE('',*,*,#2482,.T.);
#4102 = ORIENTED_EDGE('',*,*,#2434,.T.);
#4103 = ORIENTED_EDGE('',*,*,#2386,.T.);
#4104 = ORIENTED_EDGE('',*,*,#2338,.T.);
#4105 = ORIENTED_EDGE('',*,*,#2290,.T.);
#4106 = ORIENTED_EDGE('',*,*,#2242,.T.);
#4107 = ORIENTED_EDGE('',*,*,#2194,.T.);
#4108 = ORIENTED_EDGE('',*,*,#2146,.T.);
#4109 = ORIENTED_EDGE('',*,*,#2098,.T.);
#4110 = ORIENTED_EDGE('',*,*,#2050,.T.);
#4111 = ORIENTED_EDGE('',*,*,#2002,.T.);
#4112 = ORIENTED_EDGE('',*,*,#1954,.T.);
#4113 = ORIENTED_EDGE('',*,*,#1906,.T.);
#4114 = ORIENTED_EDGE('',*,*,#1858,.T.);
#4115 = ORIENTED_EDGE('',*,*,#1810,.T.);
#4116 = ORIENTED_EDGE('',*,*,#1762,.T.);
#4117 = ORIENTED_EDGE('',*,*,#1714,.T.);
#4118 = ORIENTED_EDGE('',*,*,#1666,.T.);
#4119 = ORIENTED_EDGE('',*,*,#1618,.T.);
#4120 = ORIENTED_EDGE('',*,*,#1570,.T.);
#4121 = ORIENTED_EDGE('',*,*,#1522,.T.);
#4122 = ORIENTED_EDGE('',*,*,#1474,.T.);
#4123 = ORIENTED_EDGE('',*,*,#1426,.T.);
#4124 = ORIENTED_EDGE('',*,*,#1378,.T.);
#4125 = ORIENTED_EDGE('',*,*,#1330,.T.);
#4126 = ORIENTED_EDGE('',*,*,#1282,.T.);
#4127 = ORIENTED_EDGE('',*,*,#1234,.T.);
#4128 = ORIENTED_EDGE('',*,*,#1186,.T.);
#4129 = ORIENTED_EDGE('',*,*,#1138,.T.);
#4130 = ORIENTED_EDGE('',*,*,#1090,.T.);
#4131 = ORIENTED_EDGE('',*,*,#1066,.T.);
#4132 = ORIENTED_EDGE('',*,*,#1033,.T.);
#4133 = ORIENTED_EDGE('',*,*,#4134,.T.);
#4134 = EDGE_CURVE('',#1026,#1002,#4135,.T.);
#4135 = CIRCLE('',#4136,2.6);
#4136 = AXIS2_PLACEMENT_3D('',#4137,#4138,#4139);
#4137 = CARTESIAN_POINT('',(21.,-37.5,6.3));
#4138 = DIRECTION('',(0.,0.,-1.));
#4139 = DIRECTION('',(1.,0.,0.));
#4140 = ORIENTED_EDGE('',*,*,#1001,.T.);
#4141 = ORIENTED_EDGE('',*,*,#1121,.T.);
#4142 = ORIENTED_EDGE('',*,*,#1169,.T.);
#4143 = ORIENTED_EDGE('',*,*,#1217,.T.);
#4144 = ORIENTED_EDGE('',*,*,#1265,.T.);
#4145 = ORIENTED_EDGE('',*,*,#1313,.T.);
#4146 = ORIENTED_EDGE('',*,*,#1361,.T.);
#4147 = ORIENTED_EDGE('',*,*,#1409,.T.);
#4148 = ORIENTED_EDGE('',*,*,#1457,.T.);
#4149 = ORIENTED_EDGE('',*,*,#1505,.T.);
#4150 = ORIENTED_EDGE('',*,*,#1553,.T.);
#4151 = ORIENTED_EDGE('',*,*,#1601,.T.);
#4152 = ORIENTED_EDGE('',*,*,#1649,.T.);
#4153 = ORIENTED_EDGE('',*,*,#1697,.T.);
#4154 = ORIENTED_EDGE('',*,*,#1745,.T.);
#4155 = ORIENTED_EDGE('',*,*,#1793,.T.);
#4156 = ORIENTED_EDGE('',*,*,#1841,.T.);
#4157 = ORIENTED_EDGE('',*,*,#1889,.T.);
#4158 = ORIENTED_EDGE('',*,*,#1937,.T.);
#4159 = ORIENTED_EDGE('',*,*,#1985,.T.);
#4160 = ORIENTED_EDGE('',*,*,#2033,.T.);
#4161 = ORIENTED_EDGE('',*,*,#2081,.T.);
#4162 = ORIENTED_EDGE('',*,*,#2129,.T.);
#4163 = ORIENTED_EDGE('',*,*,#2177,.T.);
#4164 = ORIENTED_EDGE('',*,*,#2225,.T.);
#4165 = ORIENTED_EDGE('',*,*,#2273,.T.);
#4166 = ORIENTED_EDGE('',*,*,#2321,.T.);
#4167 = ORIENTED_EDGE('',*,*,#2369,.T.);
#4168 = ORIENTED_EDGE('',*,*,#2417,.T.);
#4169 = ORIENTED_EDGE('',*,*,#2465,.T.);
#4170 = ORIENTED_EDGE('',*,*,#2513,.T.);
#4171 = ORIENTED_EDGE('',*,*,#2561,.T.);
#4172 = ORIENTED_EDGE('',*,*,#2609,.T.);
#4173 = ORIENTED_EDGE('',*,*,#2657,.T.);
#4174 = ORIENTED_EDGE('',*,*,#2705,.T.);
#4175 = ORIENTED_EDGE('',*,*,#2753,.T.);
#4176 = ORIENTED_EDGE('',*,*,#2801,.T.);
#4177 = ORIENTED_EDGE('',*,*,#2849,.T.);
#4178 = ORIENTED_EDGE('',*,*,#2897,.T.);
#4179 = ORIENTED_EDGE('',*,*,#2945,.T.);
#4180 = ORIENTED_EDGE('',*,*,#2993,.T.);
#4181 = ORIENTED_EDGE('',*,*,#3041,.T.);
#4182 = ORIENTED_EDGE('',*,*,#3089,.T.);
#4183 = ORIENTED_EDGE('',*,*,#3137,.T.);
#4184 = ORIENTED_EDGE('',*,*,#3185,.T.);
#4185 = ORIENTED_EDGE('',*,*,#3233,.T.);
#4186 = ORIENTED_EDGE('',*,*,#3281,.T.);
#4187 = ORIENTED_EDGE('',*,*,#3329,.T.);
#4188 = ORIENTED_EDGE('',*,*,#3480,.T.);
#4189 = ORIENTED_EDGE('',*,*,#3522,.T.);
#4190 = ORIENTED_EDGE('',*,*,#3555,.T.);
#4191 = ORIENTED_EDGE('',*,*,#4192,.F.);
#4192 = EDGE_CURVE('',#4193,#3548,#4195,.T.);
#4193 = VERTEX_POINT('',#4194);
#4194 = CARTESIAN_POINT('',(135.,-53.4,6.3));
#4195 = LINE('',#4196,#4197);
#4196 = CARTESIAN_POINT('',(104.99022657449,-53.4,6.3));
#4197 = VECTOR('',#4198,1.);
#4198 = DIRECTION('',(-1.,0.,0.));
#4199 = ORIENTED_EDGE('',*,*,#4200,.T.);
#4200 = EDGE_CURVE('',#4193,#4201,#4203,.T.);
#4201 = VERTEX_POINT('',#4202);
#4202 = CARTESIAN_POINT('',(135.,-14.,6.3));
#4203 = LINE('',#4204,#4205);
#4204 = CARTESIAN_POINT('',(135.,-62.,6.3));
#4205 = VECTOR('',#4206,1.);
#4206 = DIRECTION('',(0.,1.,0.));
#4207 = ORIENTED_EDGE('',*,*,#4208,.T.);
#4208 = EDGE_CURVE('',#4201,#4209,#4211,.T.);
#4209 = VERTEX_POINT('',#4210);
#4210 = CARTESIAN_POINT('',(132.,-11.,6.3));
#4211 = LINE('',#4212,#4213);
#4212 = CARTESIAN_POINT('',(135.,-14.,6.3));
#4213 = VECTOR('',#4214,1.);
#4214 = DIRECTION('',(-0.707106781187,0.707106781187,0.));
#4215 = ORIENTED_EDGE('',*,*,#4216,.T.);
#4216 = EDGE_CURVE('',#4209,#4217,#4219,.T.);
#4217 = VERTEX_POINT('',#4218);
#4218 = CARTESIAN_POINT('',(111.,-11.,6.3));
#4219 = LINE('',#4220,#4221);
#4220 = CARTESIAN_POINT('',(132.,-11.,6.3));
#4221 = VECTOR('',#4222,1.);
#4222 = DIRECTION('',(-1.,0.,0.));
#4223 = ORIENTED_EDGE('',*,*,#4224,.T.);
#4224 = EDGE_CURVE('',#4217,#4225,#4227,.T.);
#4225 = VERTEX_POINT('',#4226);
#4226 = CARTESIAN_POINT('',(111.,-7.095479145354,6.3));
#4227 = LINE('',#4228,#4229);
#4228 = CARTESIAN_POINT('',(111.,-11.,6.3));
#4229 = VECTOR('',#4230,1.);
#4230 = DIRECTION('',(0.,1.,0.));
#4231 = ORIENTED_EDGE('',*,*,#4232,.T.);
#4232 = EDGE_CURVE('',#4225,#4233,#4235,.T.);
#4233 = VERTEX_POINT('',#4234);
#4234 = CARTESIAN_POINT('',(95.902088204759,-7.093041346614,6.3));
#4235 = LINE('',#4236,#4237);
#4236 = CARTESIAN_POINT('',(111.,-7.095479145354,6.3));
#4237 = VECTOR('',#4238,1.);
#4238 = DIRECTION('',(-0.999999986964,1.614659524768E-04,0.));
#4239 = ORIENTED_EDGE('',*,*,#4240,.T.);
#4240 = EDGE_CURVE('',#4233,#4241,#4243,.T.);
#4241 = VERTEX_POINT('',#4242);
#4242 = CARTESIAN_POINT('',(95.406596074216,-6.461273132249,6.3));
#4243 = LINE('',#4244,#4245);
#4244 = CARTESIAN_POINT('',(95.902088204759,-7.093041346614,6.3));
#4245 = VECTOR('',#4246,1.);
#4246 = DIRECTION('',(-0.617130410663,0.786860887473,0.));
#4247 = ORIENTED_EDGE('',*,*,#4248,.T.);
#4248 = EDGE_CURVE('',#4241,#4249,#4251,.T.);
#4249 = VERTEX_POINT('',#4250);
#4250 = CARTESIAN_POINT('',(94.647785265701,-5.820806583203,6.3));
#4251 = LINE('',#4252,#4253);
#4252 = CARTESIAN_POINT('',(95.406596074216,-6.461273132249,6.3));
#4253 = VECTOR('',#4254,1.);
#4254 = DIRECTION('',(-0.764182308791,0.645000309249,0.));
#4255 = ORIENTED_EDGE('',*,*,#4256,.T.);
#4256 = EDGE_CURVE('',#4249,#4257,#4259,.T.);
#4257 = VERTEX_POINT('',#4258);
#4258 = CARTESIAN_POINT('',(94.1767334045,-5.548961310368,6.3));
#4259 = LINE('',#4260,#4261);
#4260 = CARTESIAN_POINT('',(94.647785265701,-5.820806583203,6.3));
#4261 = VECTOR('',#4262,1.);
#4262 = DIRECTION('',(-0.866118259622,0.499839134471,0.));
#4263 = ORIENTED_EDGE('',*,*,#4264,.T.);
#4264 = EDGE_CURVE('',#4257,#4265,#4267,.T.);
#4265 = VERTEX_POINT('',#4266);
#4266 = CARTESIAN_POINT('',(93.594438639169,-5.312102909086,6.3));
#4267 = LINE('',#4268,#4269);
#4268 = CARTESIAN_POINT('',(94.1767334045,-5.548961310368,6.3));
#4269 = VECTOR('',#4270,1.);
#4270 = DIRECTION('',(-0.92629943513,0.376788211703,0.));
#4271 = ORIENTED_EDGE('',*,*,#4272,.T.);
#4272 = EDGE_CURVE('',#4265,#4273,#4275,.T.);
#4273 = VERTEX_POINT('',#4274);
#4274 = CARTESIAN_POINT('',(92.525893291651,-5.112937267127,6.3));
#4275 = LINE('',#4276,#4277);
#4276 = CARTESIAN_POINT('',(93.594438639169,-5.312102909086,6.3));
#4277 = VECTOR('',#4278,1.);
#4278 = DIRECTION('',(-0.983069361273,0.183233814909,0.));
#4279 = ORIENTED_EDGE('',*,*,#4280,.T.);
#4280 = EDGE_CURVE('',#4273,#4281,#4283,.T.);
#4281 = VERTEX_POINT('',#4282);
#4282 = CARTESIAN_POINT('',(78.297642589273,-5.100233664835,6.3));
#4283 = LINE('',#4284,#4285);
#4284 = CARTESIAN_POINT('',(92.525893291651,-5.112937267127,6.3));
#4285 = VECTOR('',#4286,1.);
#4286 = DIRECTION('',(-0.999999601415,8.928432239807E-04,0.));
#4287 = ORIENTED_EDGE('',*,*,#4288,.T.);
#4288 = EDGE_CURVE('',#4281,#4289,#4291,.T.);
#4289 = VERTEX_POINT('',#4290);
#4290 = CARTESIAN_POINT('',(78.27028744673,-4.003484109934,6.3));
#4291 = LINE('',#4292,#4293);
#4292 = CARTESIAN_POINT('',(78.297642589273,-5.100233664835,6.3));
#4293 = VECTOR('',#4294,1.);
#4294 = DIRECTION('',(-2.493425916207E-02,0.999689093028,0.));
#4295 = ORIENTED_EDGE('',*,*,#4296,.T.);
#4296 = EDGE_CURVE('',#4289,#4297,#4299,.T.);
#4297 = VERTEX_POINT('',#4298);
#4298 = CARTESIAN_POINT('',(78.118036517762,-3.236063200412,6.3));
#4299 = LINE('',#4300,#4301);
#4300 = CARTESIAN_POINT('',(78.27028744673,-4.003484109934,6.3));
#4301 = VECTOR('',#4302,1.);
#4302 = DIRECTION('',(-0.194600239301,0.980882636641,0.));
#4303 = ORIENTED_EDGE('',*,*,#4304,.T.);
#4304 = EDGE_CURVE('',#4297,#4305,#4307,.T.);
#4305 = VERTEX_POINT('',#4306);
#4306 = CARTESIAN_POINT('',(77.838198258141,-2.507590452646,6.3));
#4307 = LINE('',#4308,#4309);
#4308 = CARTESIAN_POINT('',(78.118036517762,-3.236063200412,6.3));
#4309 = VECTOR('',#4310,1.);
#4310 = DIRECTION('',(-0.358595524171,0.933493036955,0.));
#4311 = ORIENTED_EDGE('',*,*,#4312,.T.);
#4312 = EDGE_CURVE('',#4305,#4313,#4315,.T.);
#4313 = VERTEX_POINT('',#4314);
#4314 = CARTESIAN_POINT('',(77.339550214818,-1.728357730783,6.3));
#4315 = LINE('',#4316,#4317);
#4316 = CARTESIAN_POINT('',(77.838198258141,-2.507590452646,6.3));
#4317 = VECTOR('',#4318,1.);
#4318 = DIRECTION('',(-0.539006996099,0.842301287045,0.));
#4319 = ORIENTED_EDGE('',*,*,#4320,.T.);
#4320 = EDGE_CURVE('',#4313,#4321,#4323,.T.);
#4321 = VERTEX_POINT('',#4322);
#4322 = CARTESIAN_POINT('',(76.761790416485,-1.13461104254,6.3));
#4323 = LINE('',#4324,#4325);
#4324 = CARTESIAN_POINT('',(77.339550214818,-1.728357730783,6.3));
#4325 = VECTOR('',#4326,1.);
#4326 = DIRECTION('',(-0.697392359764,0.716689539858,0.));
#4327 = ORIENTED_EDGE('',*,*,#4328,.T.);
#4328 = EDGE_CURVE('',#4321,#4329,#4331,.T.);
#4329 = VERTEX_POINT('',#4330);
#4330 = CARTESIAN_POINT('',(75.97039191598,-0.604234748759,6.3));
#4331 = LINE('',#4332,#4333);
#4332 = CARTESIAN_POINT('',(76.761790416485,-1.13461104254,6.3));
#4333 = VECTOR('',#4334,1.);
#4334 = DIRECTION('',(-0.830702358427,0.556716796679,0.));
#4335 = ORIENTED_EDGE('',*,*,#4336,.T.);
#4336 = EDGE_CURVE('',#4329,#4337,#4339,.T.);
#4337 = VERTEX_POINT('',#4338);
#4338 = CARTESIAN_POINT('',(75.201648535072,-0.295571896958,6.3));
#4339 = LINE('',#4340,#4341);
#4340 = CARTESIAN_POINT('',(75.97039191598,-0.604234748759,6.3));
#4341 = VECTOR('',#4342,1.);
#4342 = DIRECTION('',(-0.927990748365,0.372603235291,0.));
#4343 = ORIENTED_EDGE('',*,*,#4344,.T.);
#4344 = EDGE_CURVE('',#4337,#4345,#4347,.T.);
#4345 = VERTEX_POINT('',#4346);
#4346 = CARTESIAN_POINT('',(74.347520112255,-0.129952395151,6.3));
#4347 = LINE('',#4348,#4349);
#4348 = CARTESIAN_POINT('',(75.201648535072,-0.295571896958,6.3));
#4349 = VECTOR('',#4350,1.);
#4350 = DIRECTION('',(-0.981714537535,0.190359047047,0.));
#4351 = ORIENTED_EDGE('',*,*,#4352,.T.);
#4352 = EDGE_CURVE('',#4345,#4353,#4355,.T.);
#4353 = VERTEX_POINT('',#4354);
#4354 = CARTESIAN_POINT('',(57.809580744654,-0.109394869639,6.3));
#4355 = LINE('',#4356,#4357);
#4356 = CARTESIAN_POINT('',(74.347520112255,-0.129952395151,6.3));
#4357 = VECTOR('',#4358,1.);
#4358 = DIRECTION('',(-0.999999227411,1.24305145721E-03,0.));
#4359 = ORIENTED_EDGE('',*,*,#4360,.T.);
#4360 = EDGE_CURVE('',#4353,#4361,#4363,.T.);
#4361 = VERTEX_POINT('',#4362);
#4362 = CARTESIAN_POINT('',(57.330377561183,-0.159260599617,6.3));
#4363 = LINE('',#4364,#4365);
#4364 = CARTESIAN_POINT('',(57.809580744654,-0.109394869639,6.3));
#4365 = VECTOR('',#4366,1.);
#4366 = DIRECTION('',(-0.994629368916,-0.103500813956,0.));
#4367 = ORIENTED_EDGE('',*,*,#4368,.T.);
#4368 = EDGE_CURVE('',#4361,#4369,#4371,.T.);
#4369 = VERTEX_POINT('',#4370);
#4370 = CARTESIAN_POINT('',(56.893677661836,-0.251708244191,6.3));
#4371 = LINE('',#4372,#4373);
#4372 = CARTESIAN_POINT('',(57.330377561183,-0.159260599617,6.3));
#4373 = VECTOR('',#4374,1.);
#4374 = DIRECTION('',(-0.978318475247,-0.207106158748,0.));
#4375 = ORIENTED_EDGE('',*,*,#4376,.T.);
#4376 = EDGE_CURVE('',#4369,#4377,#4379,.T.);
#4377 = VERTEX_POINT('',#4378);
#4378 = CARTESIAN_POINT('',(56.008754216888,-0.596233349806,6.3));
#4379 = LINE('',#4380,#4381);
#4380 = CARTESIAN_POINT('',(56.893677661836,-0.251708244191,6.3));
#4381 = VECTOR('',#4382,1.);
#4382 = DIRECTION('',(-0.93186650925,-0.362801335359,0.));
#4383 = ORIENTED_EDGE('',*,*,#4384,.T.);
#4384 = EDGE_CURVE('',#4377,#4385,#4387,.T.);
#4385 = VERTEX_POINT('',#4386);
#4386 = CARTESIAN_POINT('',(55.223706020588,-1.124965136008,6.3));
#4387 = LINE('',#4388,#4389);
#4388 = CARTESIAN_POINT('',(56.008754216888,-0.596233349806,6.3));
#4389 = VECTOR('',#4390,1.);
#4390 = DIRECTION('',(-0.829424269002,-0.558619174384,0.));
#4391 = ORIENTED_EDGE('',*,*,#4392,.T.);
#4392 = EDGE_CURVE('',#4385,#4393,#4395,.T.);
#4393 = VERTEX_POINT('',#4394);
#4394 = CARTESIAN_POINT('',(54.573656666473,-1.812754237622,6.3));
#4395 = LINE('',#4396,#4397);
#4396 = CARTESIAN_POINT('',(55.223706020588,-1.124965136008,6.3));
#4397 = VECTOR('',#4398,1.);
#4398 = DIRECTION('',(-0.686886406457,-0.726764793193,0.));
#4399 = ORIENTED_EDGE('',*,*,#4400,.T.);
#4400 = EDGE_CURVE('',#4393,#4401,#4403,.T.);
#4401 = VERTEX_POINT('',#4402);
#4402 = CARTESIAN_POINT('',(54.200008798925,-2.437105859567,6.3));
#4403 = LINE('',#4404,#4405);
#4404 = CARTESIAN_POINT('',(54.573656666473,-1.812754237622,6.3));
#4405 = VECTOR('',#4406,1.);
#4406 = DIRECTION('',(-0.513522157722,-0.85807633316,0.));
#4407 = ORIENTED_EDGE('',*,*,#4408,.T.);
#4408 = EDGE_CURVE('',#4401,#4409,#4411,.T.);
#4409 = VERTEX_POINT('',#4410);
#4410 = CARTESIAN_POINT('',(53.894397155009,-3.20128304969,6.3));
#4411 = LINE('',#4412,#4413);
#4412 = CARTESIAN_POINT('',(54.200008798925,-2.437105859567,6.3));
#4413 = VECTOR('',#4414,1.);
#4414 = DIRECTION('',(-0.371328633221,-0.928501505734,0.));
#4415 = ORIENTED_EDGE('',*,*,#4416,.T.);
#4416 = EDGE_CURVE('',#4409,#4417,#4419,.T.);
#4417 = VERTEX_POINT('',#4418);
#4418 = CARTESIAN_POINT('',(53.730696496494,-3.996768573735,6.3));
#4419 = LINE('',#4420,#4421);
#4420 = CARTESIAN_POINT('',(53.894397155009,-3.20128304969,6.3));
#4421 = VECTOR('',#4422,1.);
#4422 = DIRECTION('',(-0.201563415092,-0.979475466613,0.));
#4423 = ORIENTED_EDGE('',*,*,#4424,.T.);
#4424 = EDGE_CURVE('',#4417,#4425,#4427,.T.);
#4425 = VERTEX_POINT('',#4426);
#4426 = CARTESIAN_POINT('',(53.702592820094,-5.100014725719,6.3));
#4427 = LINE('',#4428,#4429);
#4428 = CARTESIAN_POINT('',(53.730696496494,-3.996768573735,6.3));
#4429 = VECTOR('',#4430,1.);
#4430 = DIRECTION('',(-2.546536189635E-02,-0.999675705088,0.));
#4431 = ORIENTED_EDGE('',*,*,#4432,.T.);
#4432 = EDGE_CURVE('',#4425,#4433,#4435,.T.);
#4433 = VERTEX_POINT('',#4434);
#4434 = CARTESIAN_POINT('',(39.948033472348,-5.100702255726,6.3));
#4435 = LINE('',#4436,#4437);
#4436 = CARTESIAN_POINT('',(53.702592820094,-5.100014725719,6.3));
#4437 = VECTOR('',#4438,1.);
#4438 = DIRECTION('',(-0.999999998751,-4.998560758179E-05,0.));
#4439 = ORIENTED_EDGE('',*,*,#4440,.T.);
#4440 = EDGE_CURVE('',#4433,#4441,#4443,.T.);
#4441 = VERTEX_POINT('',#4442);
#4442 = CARTESIAN_POINT('',(38.834106714194,-5.277237105106,6.3));
#4443 = LINE('',#4444,#4445);
#4444 = CARTESIAN_POINT('',(39.948033472348,-5.100702255726,6.3));
#4445 = VECTOR('',#4446,1.);
#4446 = DIRECTION('',(-0.987673789601,-0.156526308761,0.));
#4447 = ORIENTED_EDGE('',*,*,#4448,.T.);
#4448 = EDGE_CURVE('',#4441,#4449,#4451,.T.);
#4449 = VERTEX_POINT('',#4450);
#4450 = CARTESIAN_POINT('',(38.127412045443,-5.544310995177,6.3));
#4451 = LINE('',#4452,#4453);
#4452 = CARTESIAN_POINT('',(38.834106714194,-5.277237105106,6.3));
#4453 = VECTOR('',#4454,1.);
#4454 = DIRECTION('',(-0.935428173983,-0.35351680486,0.));
#4455 = ORIENTED_EDGE('',*,*,#4456,.T.);
#4456 = EDGE_CURVE('',#4449,#4457,#4459,.T.);
#4457 = VERTEX_POINT('',#4458);
#4458 = CARTESIAN_POINT('',(37.577975307055,-5.86351746974,6.3));
#4459 = LINE('',#4460,#4461);
#4460 = CARTESIAN_POINT('',(38.127412045443,-5.544310995177,6.3));
#4461 = VECTOR('',#4462,1.);
#4462 = DIRECTION('',(-0.864666807223,-0.502345809665,0.));
#4463 = ORIENTED_EDGE('',*,*,#4464,.T.);
#4464 = EDGE_CURVE('',#4457,#4465,#4467,.T.);
#4465 = VERTEX_POINT('',#4466);
#4466 = CARTESIAN_POINT('',(36.955443625847,-6.39315022915,6.3));
#4467 = LINE('',#4468,#4469);
#4468 = CARTESIAN_POINT('',(37.577975307055,-5.86351746974,6.3));
#4469 = VECTOR('',#4470,1.);
#4470 = DIRECTION('',(-0.761648942589,-0.647989882832,0.));
#4471 = ORIENTED_EDGE('',*,*,#4472,.T.);
#4472 = EDGE_CURVE('',#4465,#4473,#4475,.T.);
#4473 = VERTEX_POINT('',#4474);
#4474 = CARTESIAN_POINT('',(36.456967463486,-7.000547737623,6.3));
#4475 = LINE('',#4476,#4477);
#4476 = CARTESIAN_POINT('',(36.955443625847,-6.39315022915,6.3));
#4477 = VECTOR('',#4478,1.);
#4478 = DIRECTION('',(-0.634391694436,-0.773011758016,0.));
#4479 = ORIENTED_EDGE('',*,*,#4480,.T.);
#4480 = EDGE_CURVE('',#4473,#4481,#4483,.T.);
#4481 = VERTEX_POINT('',#4482);
#4482 = CARTESIAN_POINT('',(36.025907996939,-7.819040643375,6.3));
#4483 = LINE('',#4484,#4485);
#4484 = CARTESIAN_POINT('',(36.456967463486,-7.000547737623,6.3));
#4485 = VECTOR('',#4486,1.);
#4486 = DIRECTION('',(-0.465978130586,-0.884796237456,0.));
#4487 = ORIENTED_EDGE('',*,*,#4488,.T.);
#4488 = EDGE_CURVE('',#4481,#4489,#4491,.T.);
#4489 = VERTEX_POINT('',#4490);
#4490 = CARTESIAN_POINT('',(35.796670091997,-8.609513828774,6.3));
#4491 = LINE('',#4492,#4493);
#4492 = CARTESIAN_POINT('',(36.025907996939,-7.819040643375,6.3));
#4493 = VECTOR('',#4494,1.);
#4494 = DIRECTION('',(-0.278525213674,-0.960428917384,0.));
#4495 = ORIENTED_EDGE('',*,*,#4496,.T.);
#4496 = EDGE_CURVE('',#4489,#4497,#4499,.T.);
#4497 = VERTEX_POINT('',#4498);
#4498 = CARTESIAN_POINT('',(35.705675291619,-9.240849712354,6.3));
#4499 = LINE('',#4500,#4501);
#4500 = CARTESIAN_POINT('',(35.796670091997,-8.609513828774,6.3));
#4501 = VECTOR('',#4502,1.);
#4502 = DIRECTION('',(-0.142656440375,-0.989772266746,0.));
#4503 = ORIENTED_EDGE('',*,*,#4504,.T.);
#4504 = EDGE_CURVE('',#4497,#4505,#4507,.T.);
#4505 = VERTEX_POINT('',#4506);
#4506 = CARTESIAN_POINT('',(35.673993121782,-17.09973137406,6.3));
#4507 = LINE('',#4508,#4509);
#4508 = CARTESIAN_POINT('',(35.705675291619,-9.240849712354,6.3));
#4509 = VECTOR('',#4510,1.);
#4510 = DIRECTION('',(-4.03135124736E-03,-0.999991874071,0.));
#4511 = ORIENTED_EDGE('',*,*,#4512,.T.);
#4512 = EDGE_CURVE('',#4505,#4513,#4515,.T.);
#4513 = VERTEX_POINT('',#4514);
#4514 = CARTESIAN_POINT('',(21.399580838901,-17.10993497153,6.3));
#4515 = LINE('',#4516,#4517);
#4516 = CARTESIAN_POINT('',(35.673993121782,-17.09973137406,6.3));
#4517 = VECTOR('',#4518,1.);
#4518 = DIRECTION('',(-0.999999744518,-7.148171610022E-04,0.));
#4519 = ORIENTED_EDGE('',*,*,#4520,.T.);
#4520 = EDGE_CURVE('',#4513,#4521,#4523,.T.);
#4521 = VERTEX_POINT('',#4522);
#4522 = CARTESIAN_POINT('',(20.815029821993,-17.1858895757,6.3));
#4523 = LINE('',#4524,#4525);
#4524 = CARTESIAN_POINT('',(21.399580838901,-17.10993497153,6.3));
#4525 = VECTOR('',#4526,1.);
#4526 = DIRECTION('',(-0.991663645828,-0.128853457627,0.));
#4527 = ORIENTED_EDGE('',*,*,#4528,.T.);
#4528 = EDGE_CURVE('',#4521,#4529,#4531,.T.);
#4529 = VERTEX_POINT('',#4530);
#4530 = CARTESIAN_POINT('',(20.205853140137,-17.34645126151,6.3));
#4531 = LINE('',#4532,#4533);
#4532 = CARTESIAN_POINT('',(20.815029821993,-17.1858895757,6.3));
#4533 = VECTOR('',#4534,1.);
#4534 = DIRECTION('',(-0.966976003575,-0.254867433208,0.));
#4535 = ORIENTED_EDGE('',*,*,#4536,.T.);
#4536 = EDGE_CURVE('',#4529,#4537,#4539,.T.);
#4537 = VERTEX_POINT('',#4538);
#4538 = CARTESIAN_POINT('',(19.540457957005,-17.64085315659,6.3));
#4539 = LINE('',#4540,#4541);
#4540 = CARTESIAN_POINT('',(20.205853140137,-17.34645126151,6.3));
#4541 = VECTOR('',#4542,1.);
#4542 = DIRECTION('',(-0.914488309112,-0.40461232371,0.));
#4543 = ORIENTED_EDGE('',*,*,#4544,.T.);
#4544 = EDGE_CURVE('',#4537,#4545,#4547,.T.);
#4545 = VERTEX_POINT('',#4546);
#4546 = CARTESIAN_POINT('',(19.007355787828,-17.98662982251,6.3));
#4547 = LINE('',#4548,#4549);
#4548 = CARTESIAN_POINT('',(19.540457957005,-17.64085315659,6.3));
#4549 = VECTOR('',#4550,1.);
#4550 = DIRECTION('',(-0.838975179627,-0.544169686743,0.));
#4551 = ORIENTED_EDGE('',*,*,#4552,.T.);
#4552 = EDGE_CURVE('',#4545,#4553,#4555,.T.);
#4553 = VERTEX_POINT('',#4554);
#4554 = CARTESIAN_POINT('',(18.46522961499,-18.47662649835,6.3));
#4555 = LINE('',#4556,#4557);
#4556 = CARTESIAN_POINT('',(19.007355787828,-17.98662982251,6.3));
#4557 = VECTOR('',#4558,1.);
#4558 = DIRECTION('',(-0.741875024715,-0.670538177664,0.));
#4559 = ORIENTED_EDGE('',*,*,#4560,.T.);
#4560 = EDGE_CURVE('',#4553,#4561,#4563,.T.);
#4561 = VERTEX_POINT('',#4562);
#4562 = CARTESIAN_POINT('',(18.067498824321,-18.97217619962,6.3));
#4563 = LINE('',#4564,#4565);
#4564 = CARTESIAN_POINT('',(18.46522961499,-18.47662649835,6.3));
#4565 = VECTOR('',#4566,1.);
#4566 = DIRECTION('',(-0.625933146653,-0.779876718412,0.));
#4567 = ORIENTED_EDGE('',*,*,#4568,.T.);
#4568 = EDGE_CURVE('',#4561,#4569,#4571,.T.);
#4569 = VERTEX_POINT('',#4570);
#4570 = CARTESIAN_POINT('',(17.710271590979,-19.59717531768,6.3));
#4571 = LINE('',#4572,#4573);
#4572 = CARTESIAN_POINT('',(18.067498824321,-18.97217619962,6.3));
#4573 = VECTOR('',#4574,1.);
#4574 = DIRECTION('',(-0.496227820147,-0.868192346495,0.));
#4575 = ORIENTED_EDGE('',*,*,#4576,.T.);
#4576 = EDGE_CURVE('',#4569,#4577,#4579,.T.);
#4577 = VERTEX_POINT('',#4578);
#4578 = CARTESIAN_POINT('',(17.28807101712,-20.0625890425,6.3));
#4579 = LINE('',#4580,#4581);
#4580 = CARTESIAN_POINT('',(17.710271590979,-19.59717531768,6.3));
#4581 = VECTOR('',#4582,1.);
#4582 = DIRECTION('',(-0.671885789828,-0.740654768045,0.));
#4583 = ORIENTED_EDGE('',*,*,#4584,.T.);
#4584 = EDGE_CURVE('',#4577,#3668,#4585,.T.);
#4585 = LINE('',#4586,#4587);
#4586 = CARTESIAN_POINT('',(17.28807101712,-20.0625890425,6.3));
#4587 = VECTOR('',#4588,1.);
#4588 = DIRECTION('',(-0.427794377159,-0.90387608159,0.));
#4589 = PLANE('',#4590);
#4590 = AXIS2_PLACEMENT_3D('',#4591,#4592,#4593);
#4591 = CARTESIAN_POINT('',(81.680453148989,-46.07512110392,6.3));
#4592 = DIRECTION('',(0.,0.,1.));
#4593 = DIRECTION('',(1.,0.,0.));
#4594 = ADVANCED_FACE('',(#4595),#4607,.F.);
#4595 = FACE_BOUND('',#4596,.T.);
#4596 = EDGE_LOOP('',(#4597,#4604,#4605,#4606));
#4597 = ORIENTED_EDGE('',*,*,#4598,.F.);
#4598 = EDGE_CURVE('',#1010,#1018,#4599,.T.);
#4599 = CIRCLE('',#4600,2.6);
#4600 = AXIS2_PLACEMENT_3D('',#4601,#4602,#4603);
#4601 = CARTESIAN_POINT('',(21.,-37.5,5.4));
#4602 = DIRECTION('',(0.,0.,1.));
#4603 = DIRECTION('',(1.,0.,0.));
#4604 = ORIENTED_EDGE('',*,*,#1009,.F.);
#4605 = ORIENTED_EDGE('',*,*,#4134,.F.);
#4606 = ORIENTED_EDGE('',*,*,#1025,.T.);
#4607 = CYLINDRICAL_SURFACE('',#4608,2.6);
#4608 = AXIS2_PLACEMENT_3D('',#4609,#4610,#4611);
#4609 = CARTESIAN_POINT('',(21.,-37.5,5.4));
#4610 = DIRECTION('',(-0.,-0.,-1.));
#4611 = DIRECTION('',(1.,0.,0.));
#4612 = ADVANCED_FACE('',(#4613),#4617,.T.);
#4613 = FACE_BOUND('',#4614,.T.);
#4614 = EDGE_LOOP('',(#4615,#4616));
#4615 = ORIENTED_EDGE('',*,*,#1017,.F.);
#4616 = ORIENTED_EDGE('',*,*,#4598,.T.);
#4617 = PLANE('',#4618);
#4618 = AXIS2_PLACEMENT_3D('',#4619,#4620,#4621);
#4619 = CARTESIAN_POINT('',(21.,-37.5,5.4));
#4620 = DIRECTION('',(0.,0.,1.));
#4621 = DIRECTION('',(1.,0.,0.));
#4622 = ADVANCED_FACE('',(#4623),#4635,.T.);
#4623 = FACE_BOUND('',#4624,.T.);
#4624 = EDGE_LOOP('',(#4625,#4626,#4627,#4634));
#4625 = ORIENTED_EDGE('',*,*,#3497,.T.);
#4626 = ORIENTED_EDGE('',*,*,#3449,.T.);
#4627 = ORIENTED_EDGE('',*,*,#4628,.T.);
#4628 = EDGE_CURVE('',#3442,#3418,#4629,.T.);
#4629 = CIRCLE('',#4630,0.85);
#4630 = AXIS2_PLACEMENT_3D('',#4631,#4632,#4633);
#4631 = CARTESIAN_POINT('',(130.6,-64.,3.8));
#4632 = DIRECTION('',(0.,0.,-1.));
#4633 = DIRECTION('',(1.,0.,0.));
#4634 = ORIENTED_EDGE('',*,*,#3417,.T.);
#4635 = PLANE('',#4636);
#4636 = AXIS2_PLACEMENT_3D('',#4637,#4638,#4639);
#4637 = CARTESIAN_POINT('',(130.6,-64.,3.8));
#4638 = DIRECTION('',(0.,0.,1.));
#4639 = DIRECTION('',(1.,0.,0.));
#4640 = ADVANCED_FACE('',(#4641),#4678,.F.);
#4641 = FACE_BOUND('',#4642,.T.);
#4642 = EDGE_LOOP('',(#4643,#4652,#4660,#4667,#4668,#4669,#4670,#4677));
#4643 = ORIENTED_EDGE('',*,*,#4644,.T.);
#4644 = EDGE_CURVE('',#4645,#4645,#4647,.T.);
#4645 = VERTEX_POINT('',#4646);
#4646 = CARTESIAN_POINT('',(131.45,-64.,0.));
#4647 = CIRCLE('',#4648,0.85);
#4648 = AXIS2_PLACEMENT_3D('',#4649,#4650,#4651);
#4649 = CARTESIAN_POINT('',(130.6,-64.,0.));
#4650 = DIRECTION('',(0.,0.,-1.));
#4651 = DIRECTION('',(1.,0.,0.));
#4652 = ORIENTED_EDGE('',*,*,#4653,.T.);
#4653 = EDGE_CURVE('',#4645,#4654,#4656,.T.);
#4654 = VERTEX_POINT('',#4655);
#4655 = CARTESIAN_POINT('',(131.45,-64.,4.1));
#4656 = LINE('',#4657,#4658);
#4657 = CARTESIAN_POINT('',(131.45,-64.,-0.1));
#4658 = VECTOR('',#4659,1.);
#4659 = DIRECTION('',(0.,0.,1.));
#4660 = ORIENTED_EDGE('',*,*,#4661,.T.);
#4661 = EDGE_CURVE('',#4654,#3426,#4662,.T.);
#4662 = CIRCLE('',#4663,0.85);
#4663 = AXIS2_PLACEMENT_3D('',#4664,#4665,#4666);
#4664 = CARTESIAN_POINT('',(130.6,-64.,4.1));
#4665 = DIRECTION('',(0.,0.,1.));
#4666 = DIRECTION('',(1.,0.,0.));
#4667 = ORIENTED_EDGE('',*,*,#3425,.T.);
#4668 = ORIENTED_EDGE('',*,*,#4628,.F.);
#4669 = ORIENTED_EDGE('',*,*,#3441,.F.);
#4670 = ORIENTED_EDGE('',*,*,#4671,.T.);
#4671 = EDGE_CURVE('',#3434,#4654,#4672,.T.);
#4672 = CIRCLE('',#4673,0.85);
#4673 = AXIS2_PLACEMENT_3D('',#4674,#4675,#4676);
#4674 = CARTESIAN_POINT('',(130.6,-64.,4.1));
#4675 = DIRECTION('',(0.,0.,1.));
#4676 = DIRECTION('',(1.,0.,0.));
#4677 = ORIENTED_EDGE('',*,*,#4653,.F.);
#4678 = CYLINDRICAL_SURFACE('',#4679,0.85);
#4679 = AXIS2_PLACEMENT_3D('',#4680,#4681,#4682);
#4680 = CARTESIAN_POINT('',(130.6,-64.,-0.1));
#4681 = DIRECTION('',(-0.,-0.,-1.));
#4682 = DIRECTION('',(1.,0.,0.));
#4683 = ADVANCED_FACE('',(#4684),#4689,.F.);
#4684 = FACE_BOUND('',#4685,.F.);
#4685 = EDGE_LOOP('',(#4686,#4687,#4688));
#4686 = ORIENTED_EDGE('',*,*,#4671,.T.);
#4687 = ORIENTED_EDGE('',*,*,#4661,.T.);
#4688 = ORIENTED_EDGE('',*,*,#3433,.F.);
#4689 = PLANE('',#4690);
#4690 = AXIS2_PLACEMENT_3D('',#4691,#4692,#4693);
#4691 = CARTESIAN_POINT('',(130.6,-64.,4.1));
#4692 = DIRECTION('',(0.,0.,1.));
#4693 = DIRECTION('',(1.,0.,0.));
#4694 = ADVANCED_FACE('',(#4695),#4721,.T.);
#4695 = FACE_BOUND('',#4696,.T.);
#4696 = EDGE_LOOP('',(#4697,#4705,#4706,#4707,#4715));
#4697 = ORIENTED_EDGE('',*,*,#4698,.F.);
#4698 = EDGE_CURVE('',#3540,#4699,#4701,.T.);
#4699 = VERTEX_POINT('',#4700);
#4700 = CARTESIAN_POINT('',(135.,-53.4,5.1));
#4701 = LINE('',#4702,#4703);
#4702 = CARTESIAN_POINT('',(128.3,-53.4,5.1));
#4703 = VECTOR('',#4704,1.);
#4704 = DIRECTION('',(1.,0.,0.));
#4705 = ORIENTED_EDGE('',*,*,#3539,.F.);
#4706 = ORIENTED_EDGE('',*,*,#3394,.F.);
#4707 = ORIENTED_EDGE('',*,*,#4708,.T.);
#4708 = EDGE_CURVE('',#3387,#4709,#4711,.T.);
#4709 = VERTEX_POINT('',#4710);
#4710 = CARTESIAN_POINT('',(135.,-61.9,5.1));
#4711 = LINE('',#4712,#4713);
#4712 = CARTESIAN_POINT('',(128.3,-61.9,5.1));
#4713 = VECTOR('',#4714,1.);
#4714 = DIRECTION('',(1.,0.,0.));
#4715 = ORIENTED_EDGE('',*,*,#4716,.T.);
#4716 = EDGE_CURVE('',#4709,#4699,#4717,.T.);
#4717 = LINE('',#4718,#4719);
#4718 = CARTESIAN_POINT('',(135.,-61.95,5.1));
#4719 = VECTOR('',#4720,1.);
#4720 = DIRECTION('',(0.,1.,0.));
#4721 = PLANE('',#4722);
#4722 = AXIS2_PLACEMENT_3D('',#4723,#4724,#4725);
#4723 = CARTESIAN_POINT('',(128.3,-61.9,5.1));
#4724 = DIRECTION('',(0.,0.,1.));
#4725 = DIRECTION('',(1.,0.,0.));
#4726 = ADVANCED_FACE('',(#4727),#4745,.T.);
#4727 = FACE_BOUND('',#4728,.T.);
#4728 = EDGE_LOOP('',(#4729,#4730,#4731,#4739));
#4729 = ORIENTED_EDGE('',*,*,#4708,.F.);
#4730 = ORIENTED_EDGE('',*,*,#3386,.F.);
#4731 = ORIENTED_EDGE('',*,*,#4732,.F.);
#4732 = EDGE_CURVE('',#4733,#3379,#4735,.T.);
#4733 = VERTEX_POINT('',#4734);
#4734 = CARTESIAN_POINT('',(135.,-61.9,6.3));
#4735 = LINE('',#4736,#4737);
#4736 = CARTESIAN_POINT('',(104.99022657449,-61.9,6.3));
#4737 = VECTOR('',#4738,1.);
#4738 = DIRECTION('',(-1.,0.,0.));
#4739 = ORIENTED_EDGE('',*,*,#4740,.T.);
#4740 = EDGE_CURVE('',#4733,#4709,#4741,.T.);
#4741 = LINE('',#4742,#4743);
#4742 = CARTESIAN_POINT('',(135.,-61.9,2.55));
#4743 = VECTOR('',#4744,1.);
#4744 = DIRECTION('',(0.,0.,-1.));
#4745 = PLANE('',#4746);
#4746 = AXIS2_PLACEMENT_3D('',#4747,#4748,#4749);
#4747 = CARTESIAN_POINT('',(128.3,-61.9,5.1));
#4748 = DIRECTION('',(0.,1.,0.));
#4749 = DIRECTION('',(0.,0.,1.));
#4750 = ADVANCED_FACE('',(#4751),#4787,.T.);
#4751 = FACE_BOUND('',#4752,.T.);
#4752 = EDGE_LOOP('',(#4753,#4761,#4762,#4763,#4772,#4781));
#4753 = ORIENTED_EDGE('',*,*,#4754,.T.);
#4754 = EDGE_CURVE('',#4755,#4733,#4757,.T.);
#4755 = VERTEX_POINT('',#4756);
#4756 = CARTESIAN_POINT('',(135.,-62.,6.3));
#4757 = LINE('',#4758,#4759);
#4758 = CARTESIAN_POINT('',(135.,-62.,6.3));
#4759 = VECTOR('',#4760,1.);
#4760 = DIRECTION('',(0.,1.,0.));
#4761 = ORIENTED_EDGE('',*,*,#4732,.T.);
#4762 = ORIENTED_EDGE('',*,*,#3378,.T.);
#4763 = ORIENTED_EDGE('',*,*,#4764,.T.);
#4764 = EDGE_CURVE('',#3371,#4765,#4767,.T.);
#4765 = VERTEX_POINT('',#4766);
#4766 = CARTESIAN_POINT('',(132.8,-64.,6.3));
#4767 = CIRCLE('',#4768,2.2);
#4768 = AXIS2_PLACEMENT_3D('',#4769,#4770,#4771);
#4769 = CARTESIAN_POINT('',(130.6,-64.,6.3));
#4770 = DIRECTION('',(0.,0.,-1.));
#4771 = DIRECTION('',(1.,0.,0.));
#4772 = ORIENTED_EDGE('',*,*,#4773,.T.);
#4773 = EDGE_CURVE('',#4765,#4774,#4776,.T.);
#4774 = VERTEX_POINT('',#4775);
#4775 = CARTESIAN_POINT('',(132.78994949366,-64.21005050633,6.3));
#4776 = CIRCLE('',#4777,2.2);
#4777 = AXIS2_PLACEMENT_3D('',#4778,#4779,#4780);
#4778 = CARTESIAN_POINT('',(130.6,-64.,6.3));
#4779 = DIRECTION('',(0.,0.,-1.));
#4780 = DIRECTION('',(1.,0.,0.));
#4781 = ORIENTED_EDGE('',*,*,#4782,.T.);
#4782 = EDGE_CURVE('',#4774,#4755,#4783,.T.);
#4783 = LINE('',#4784,#4785);
#4784 = CARTESIAN_POINT('',(128.5,-68.5,6.3));
#4785 = VECTOR('',#4786,1.);
#4786 = DIRECTION('',(0.707106781187,0.707106781187,0.));
#4787 = PLANE('',#4788);
#4788 = AXIS2_PLACEMENT_3D('',#4789,#4790,#4791);
#4789 = CARTESIAN_POINT('',(81.680453148989,-46.07512110392,6.3));
#4790 = DIRECTION('',(0.,0.,1.));
#4791 = DIRECTION('',(1.,0.,0.));
#4792 = ADVANCED_FACE('',(#4793),#4822,.F.);
#4793 = FACE_BOUND('',#4794,.T.);
#4794 = EDGE_LOOP('',(#4795,#4806,#4812,#4813,#4814,#4815));
#4795 = ORIENTED_EDGE('',*,*,#4796,.F.);
#4796 = EDGE_CURVE('',#4797,#4799,#4801,.T.);
#4797 = VERTEX_POINT('',#4798);
#4798 = CARTESIAN_POINT('',(132.78994949366,-64.21005050633,5.4));
#4799 = VERTEX_POINT('',#4800);
#4800 = CARTESIAN_POINT('',(132.8,-64.,5.4));
#4801 = CIRCLE('',#4802,2.2);
#4802 = AXIS2_PLACEMENT_3D('',#4803,#4804,#4805);
#4803 = CARTESIAN_POINT('',(130.6,-64.,5.4));
#4804 = DIRECTION('',(0.,0.,1.));
#4805 = DIRECTION('',(1.,0.,0.));
#4806 = ORIENTED_EDGE('',*,*,#4807,.F.);
#4807 = EDGE_CURVE('',#4774,#4797,#4808,.T.);
#4808 = LINE('',#4809,#4810);
#4809 = CARTESIAN_POINT('',(132.78994949366,-64.21005050633,5.4));
#4810 = VECTOR('',#4811,1.);
#4811 = DIRECTION('',(-0.,-0.,-1.));
#4812 = ORIENTED_EDGE('',*,*,#4773,.F.);
#4813 = ORIENTED_EDGE('',*,*,#4764,.F.);
#4814 = ORIENTED_EDGE('',*,*,#3370,.T.);
#4815 = ORIENTED_EDGE('',*,*,#4816,.F.);
#4816 = EDGE_CURVE('',#4799,#3363,#4817,.T.);
#4817 = CIRCLE('',#4818,2.2);
#4818 = AXIS2_PLACEMENT_3D('',#4819,#4820,#4821);
#4819 = CARTESIAN_POINT('',(130.6,-64.,5.4));
#4820 = DIRECTION('',(0.,0.,1.));
#4821 = DIRECTION('',(1.,0.,0.));
#4822 = CYLINDRICAL_SURFACE('',#4823,2.2);
#4823 = AXIS2_PLACEMENT_3D('',#4824,#4825,#4826);
#4824 = CARTESIAN_POINT('',(130.6,-64.,5.4));
#4825 = DIRECTION('',(-0.,-0.,-1.));
#4826 = DIRECTION('',(1.,0.,0.));
#4827 = ADVANCED_FACE('',(#4828),#4848,.T.);
#4828 = FACE_BOUND('',#4829,.T.);
#4829 = EDGE_LOOP('',(#4830,#4831,#4832,#4833,#4842));
#4830 = ORIENTED_EDGE('',*,*,#4796,.T.);
#4831 = ORIENTED_EDGE('',*,*,#4816,.T.);
#4832 = ORIENTED_EDGE('',*,*,#3362,.F.);
#4833 = ORIENTED_EDGE('',*,*,#4834,.T.);
#4834 = EDGE_CURVE('',#3355,#4835,#4837,.T.);
#4835 = VERTEX_POINT('',#4836);
#4836 = CARTESIAN_POINT('',(130.81005050633,-66.18994949366,5.4));
#4837 = CIRCLE('',#4838,2.2);
#4838 = AXIS2_PLACEMENT_3D('',#4839,#4840,#4841);
#4839 = CARTESIAN_POINT('',(130.6,-64.,5.4));
#4840 = DIRECTION('',(0.,0.,1.));
#4841 = DIRECTION('',(1.,0.,0.));
#4842 = ORIENTED_EDGE('',*,*,#4843,.T.);
#4843 = EDGE_CURVE('',#4835,#4797,#4844,.T.);
#4844 = LINE('',#4845,#4846);
#4845 = CARTESIAN_POINT('',(130.15,-66.85,5.4));
#4846 = VECTOR('',#4847,1.);
#4847 = DIRECTION('',(0.707106781187,0.707106781187,0.));
#4848 = PLANE('',#4849);
#4849 = AXIS2_PLACEMENT_3D('',#4850,#4851,#4852);
#4850 = CARTESIAN_POINT('',(130.6,-64.,5.4));
#4851 = DIRECTION('',(0.,0.,1.));
#4852 = DIRECTION('',(1.,0.,0.));
#4853 = ADVANCED_FACE('',(#4854),#4865,.F.);
#4854 = FACE_BOUND('',#4855,.T.);
#4855 = EDGE_LOOP('',(#4856,#4857,#4858,#4859));
#4856 = ORIENTED_EDGE('',*,*,#4834,.F.);
#4857 = ORIENTED_EDGE('',*,*,#3354,.F.);
#4858 = ORIENTED_EDGE('',*,*,#4077,.F.);
#4859 = ORIENTED_EDGE('',*,*,#4860,.T.);
#4860 = EDGE_CURVE('',#4070,#4835,#4861,.T.);
#4861 = LINE('',#4862,#4863);
#4862 = CARTESIAN_POINT('',(130.81005050633,-66.18994949366,5.4));
#4863 = VECTOR('',#4864,1.);
#4864 = DIRECTION('',(-0.,-0.,-1.));
#4865 = CYLINDRICAL_SURFACE('',#4866,2.2);
#4866 = AXIS2_PLACEMENT_3D('',#4867,#4868,#4869);
#4867 = CARTESIAN_POINT('',(130.6,-64.,5.4));
#4868 = DIRECTION('',(-0.,-0.,-1.));
#4869 = DIRECTION('',(1.,0.,0.));
#4870 = ADVANCED_FACE('',(#4871),#4882,.F.);
#4871 = FACE_BOUND('',#4872,.F.);
#4872 = EDGE_LOOP('',(#4873,#4874,#4875,#4876));
#4873 = ORIENTED_EDGE('',*,*,#4698,.F.);
#4874 = ORIENTED_EDGE('',*,*,#3547,.F.);
#4875 = ORIENTED_EDGE('',*,*,#4192,.F.);
#4876 = ORIENTED_EDGE('',*,*,#4877,.T.);
#4877 = EDGE_CURVE('',#4193,#4699,#4878,.T.);
#4878 = LINE('',#4879,#4880);
#4879 = CARTESIAN_POINT('',(135.,-53.4,2.55));
#4880 = VECTOR('',#4881,1.);
#4881 = DIRECTION('',(0.,0.,-1.));
#4882 = PLANE('',#4883);
#4883 = AXIS2_PLACEMENT_3D('',#4884,#4885,#4886);
#4884 = CARTESIAN_POINT('',(128.3,-53.4,5.1));
#4885 = DIRECTION('',(0.,1.,0.));
#4886 = DIRECTION('',(0.,0.,1.));
#4887 = ADVANCED_FACE('',(#4888,#4891),#4902,.T.);
#4888 = FACE_BOUND('',#4889,.T.);
#4889 = EDGE_LOOP('',(#4890));
#4890 = ORIENTED_EDGE('',*,*,#3578,.T.);
#4891 = FACE_BOUND('',#4892,.T.);
#4892 = EDGE_LOOP('',(#4893));
#4893 = ORIENTED_EDGE('',*,*,#4894,.T.);
#4894 = EDGE_CURVE('',#4895,#4895,#4897,.T.);
#4895 = VERTEX_POINT('',#4896);
#4896 = CARTESIAN_POINT('',(42.05,-66.6,3.8));
#4897 = CIRCLE('',#4898,0.85);
#4898 = AXIS2_PLACEMENT_3D('',#4899,#4900,#4901);
#4899 = CARTESIAN_POINT('',(41.2,-66.6,3.8));
#4900 = DIRECTION('',(0.,0.,-1.));
#4901 = DIRECTION('',(1.,0.,0.));
#4902 = PLANE('',#4903);
#4903 = AXIS2_PLACEMENT_3D('',#4904,#4905,#4906);
#4904 = CARTESIAN_POINT('',(41.2,-66.6,3.8));
#4905 = DIRECTION('',(0.,0.,1.));
#4906 = DIRECTION('',(1.,0.,0.));
#4907 = ADVANCED_FACE('',(#4908,#4911),#4922,.T.);
#4908 = FACE_BOUND('',#4909,.T.);
#4909 = EDGE_LOOP('',(#4910));
#4910 = ORIENTED_EDGE('',*,*,#3603,.T.);
#4911 = FACE_BOUND('',#4912,.T.);
#4912 = EDGE_LOOP('',(#4913));
#4913 = ORIENTED_EDGE('',*,*,#4914,.T.);
#4914 = EDGE_CURVE('',#4915,#4915,#4917,.T.);
#4915 = VERTEX_POINT('',#4916);
#4916 = CARTESIAN_POINT('',(57.85,-20.5,3.8));
#4917 = CIRCLE('',#4918,0.85);
#4918 = AXIS2_PLACEMENT_3D('',#4919,#4920,#4921);
#4919 = CARTESIAN_POINT('',(57.,-20.5,3.8));
#4920 = DIRECTION('',(0.,0.,-1.));
#4921 = DIRECTION('',(1.,0.,0.));
#4922 = PLANE('',#4923);
#4923 = AXIS2_PLACEMENT_3D('',#4924,#4925,#4926);
#4924 = CARTESIAN_POINT('',(57.,-20.5,3.8));
#4925 = DIRECTION('',(0.,0.,1.));
#4926 = DIRECTION('',(1.,0.,0.));
#4927 = ADVANCED_FACE('',(#4928,#5730,#5741,#5744,#5747,#5758),#5769,.F.
  );
#4928 = FACE_BOUND('',#4929,.F.);
#4929 = EDGE_LOOP('',(#4930,#4940,#4948,#4956,#4964,#4972,#4980,#4988,
    #4996,#5004,#5012,#5020,#5028,#5036,#5044,#5052,#5060,#5068,#5076,
    #5084,#5092,#5100,#5108,#5116,#5124,#5132,#5140,#5148,#5156,#5164,
    #5172,#5180,#5188,#5196,#5204,#5212,#5220,#5228,#5236,#5244,#5252,
    #5260,#5268,#5276,#5284,#5292,#5300,#5308,#5316,#5324,#5332,#5340,
    #5348,#5356,#5364,#5372,#5380,#5388,#5396,#5404,#5412,#5420,#5428,
    #5436,#5444,#5452,#5460,#5468,#5476,#5484,#5492,#5500,#5508,#5516,
    #5524,#5532,#5540,#5548,#5556,#5564,#5572,#5580,#5588,#5596,#5604,
    #5612,#5620,#5628,#5636,#5644,#5652,#5660,#5668,#5676,#5684,#5692,
    #5700,#5708,#5716,#5724));
#4930 = ORIENTED_EDGE('',*,*,#4931,.T.);
#4931 = EDGE_CURVE('',#4932,#4934,#4936,.T.);
#4932 = VERTEX_POINT('',#4933);
#4933 = CARTESIAN_POINT('',(16.9,-70.64193975912,0.));
#4934 = VERTEX_POINT('',#4935);
#4935 = CARTESIAN_POINT('',(17.016563119717,-71.36485288656,0.));
#4936 = LINE('',#4937,#4938);
#4937 = CARTESIAN_POINT('',(16.9,-70.64193975912,0.));
#4938 = VECTOR('',#4939,1.);
#4939 = DIRECTION('',(0.159184825389,-0.987248799121,0.));
#4940 = ORIENTED_EDGE('',*,*,#4941,.T.);
#4941 = EDGE_CURVE('',#4934,#4942,#4944,.T.);
#4942 = VERTEX_POINT('',#4943);
#4943 = CARTESIAN_POINT('',(17.354437730279,-72.01449209277,0.));
#4944 = LINE('',#4945,#4946);
#4945 = CARTESIAN_POINT('',(17.016563119717,-71.36485288656,0.));
#4946 = VECTOR('',#4947,1.);
#4947 = DIRECTION('',(0.461419624116,-0.887182016545,0.));
#4948 = ORIENTED_EDGE('',*,*,#4949,.T.);
#4949 = EDGE_CURVE('',#4942,#4950,#4952,.T.);
#4950 = VERTEX_POINT('',#4951);
#4951 = CARTESIAN_POINT('',(17.682912154057,-72.33394272831,0.));
#4952 = LINE('',#4953,#4954);
#4953 = CARTESIAN_POINT('',(17.354437730279,-72.01449209277,0.));
#4954 = VECTOR('',#4955,1.);
#4955 = DIRECTION('',(0.716885282942,-0.697191143877,0.));
#4956 = ORIENTED_EDGE('',*,*,#4957,.T.);
#4957 = EDGE_CURVE('',#4950,#4958,#4960,.T.);
#4958 = VERTEX_POINT('',#4959);
#4959 = CARTESIAN_POINT('',(18.078552524319,-73.04002075587,0.));
#4960 = LINE('',#4961,#4962);
#4961 = CARTESIAN_POINT('',(17.682912154057,-72.33394272831,0.));
#4962 = VECTOR('',#4963,1.);
#4963 = DIRECTION('',(0.488825961968,-0.872381326546,0.));
#4964 = ORIENTED_EDGE('',*,*,#4965,.T.);
#4965 = EDGE_CURVE('',#4958,#4966,#4968,.T.);
#4966 = VERTEX_POINT('',#4967);
#4967 = CARTESIAN_POINT('',(18.511617317845,-73.56921020118,0.));
#4968 = LINE('',#4969,#4970);
#4969 = CARTESIAN_POINT('',(18.078552524319,-73.04002075587,0.));
#4970 = VECTOR('',#4971,1.);
#4971 = DIRECTION('',(0.633318037876,-0.773891635115,0.));
#4972 = ORIENTED_EDGE('',*,*,#4973,.T.);
#4973 = EDGE_CURVE('',#4966,#4974,#4976,.T.);
#4974 = VERTEX_POINT('',#4975);
#4975 = CARTESIAN_POINT('',(19.082304708506,-74.06902500817,0.));
#4976 = LINE('',#4977,#4978);
#4977 = CARTESIAN_POINT('',(18.511617317845,-73.56921020118,0.));
#4978 = VECTOR('',#4979,1.);
#4979 = DIRECTION('',(0.752273932736,-0.658850461126,0.));
#4980 = ORIENTED_EDGE('',*,*,#4981,.T.);
#4981 = EDGE_CURVE('',#4974,#4982,#4984,.T.);
#4982 = VERTEX_POINT('',#4983);
#4983 = CARTESIAN_POINT('',(19.622827455948,-74.40311767464,0.));
#4984 = LINE('',#4985,#4986);
#4985 = CARTESIAN_POINT('',(19.082304708506,-74.06902500817,0.));
#4986 = VECTOR('',#4987,1.);
#4987 = DIRECTION('',(0.850628823525,-0.525766682653,0.));
#4988 = ORIENTED_EDGE('',*,*,#4989,.T.);
#4989 = EDGE_CURVE('',#4982,#4990,#4992,.T.);
#4990 = VERTEX_POINT('',#4991);
#4991 = CARTESIAN_POINT('',(20.297576464844,-74.68369940844,0.));
#4992 = LINE('',#4993,#4994);
#4993 = CARTESIAN_POINT('',(19.622827455948,-74.40311767464,0.));
#4994 = VECTOR('',#4995,1.);
#4995 = DIRECTION('',(0.92335054781,-0.383958026167,0.));
#4996 = ORIENTED_EDGE('',*,*,#4997,.T.);
#4997 = EDGE_CURVE('',#4990,#4998,#5000,.T.);
#4998 = VERTEX_POINT('',#4999);
#4999 = CARTESIAN_POINT('',(21.449107142095,-74.89434317419,0.));
#5000 = LINE('',#5001,#5002);
#5001 = CARTESIAN_POINT('',(20.297576464844,-74.68369940844,0.));
#5002 = VECTOR('',#5003,1.);
#5003 = DIRECTION('',(0.983677722696,-0.17993926162,0.));
#5004 = ORIENTED_EDGE('',*,*,#5005,.T.);
#5005 = EDGE_CURVE('',#4998,#5006,#5008,.T.);
#5006 = VERTEX_POINT('',#5007);
#5007 = CARTESIAN_POINT('',(44.793160730105,-74.90464174067,0.));
#5008 = LINE('',#5009,#5010);
#5009 = CARTESIAN_POINT('',(21.449107142095,-74.89434317419,0.));
#5010 = VECTOR('',#5011,1.);
#5011 = DIRECTION('',(0.999999902687,-4.411644035243E-04,0.));
#5012 = ORIENTED_EDGE('',*,*,#5013,.T.);
#5013 = EDGE_CURVE('',#5006,#5014,#5016,.T.);
#5014 = VERTEX_POINT('',#5015);
#5015 = CARTESIAN_POINT('',(47.154786106022,-75.03366044851,0.));
#5016 = LINE('',#5017,#5018);
#5017 = CARTESIAN_POINT('',(44.793160730105,-74.90464174067,0.));
#5018 = VECTOR('',#5019,1.);
#5019 = DIRECTION('',(0.998511041635,-5.454997463538E-02,0.));
#5020 = ORIENTED_EDGE('',*,*,#5021,.T.);
#5021 = EDGE_CURVE('',#5014,#5022,#5024,.T.);
#5022 = VERTEX_POINT('',#5023);
#5023 = CARTESIAN_POINT('',(49.485430291465,-75.3319662732,0.));
#5024 = LINE('',#5025,#5026);
#5025 = CARTESIAN_POINT('',(47.154786106022,-75.03366044851,0.));
#5026 = VECTOR('',#5027,1.);
#5027 = DIRECTION('',(0.991908199688,-0.126957171483,0.));
#5028 = ORIENTED_EDGE('',*,*,#5029,.T.);
#5029 = EDGE_CURVE('',#5022,#5030,#5032,.T.);
#5030 = VERTEX_POINT('',#5031);
#5031 = CARTESIAN_POINT('',(51.455056877253,-75.72077100742,0.));
#5032 = LINE('',#5033,#5034);
#5033 = CARTESIAN_POINT('',(49.485430291465,-75.3319662732,0.));
#5034 = VECTOR('',#5035,1.);
#5035 = DIRECTION('',(0.981068100169,-0.193663065221,0.));
#5036 = ORIENTED_EDGE('',*,*,#5037,.T.);
#5037 = EDGE_CURVE('',#5030,#5038,#5040,.T.);
#5038 = VERTEX_POINT('',#5039);
#5039 = CARTESIAN_POINT('',(53.392214173052,-76.23049616217,0.));
#5040 = LINE('',#5041,#5042);
#5041 = CARTESIAN_POINT('',(51.455056877253,-75.72077100742,0.));
#5042 = VECTOR('',#5043,1.);
#5043 = DIRECTION('',(0.967081058832,-0.254468516025,0.));
#5044 = ORIENTED_EDGE('',*,*,#5045,.T.);
#5045 = EDGE_CURVE('',#5038,#5046,#5048,.T.);
#5046 = VERTEX_POINT('',#5047);
#5047 = CARTESIAN_POINT('',(55.620450420852,-76.98068181127,0.));
#5048 = LINE('',#5049,#5050);
#5049 = CARTESIAN_POINT('',(53.392214173052,-76.23049616217,0.));
#5050 = VECTOR('',#5051,1.);
#5051 = DIRECTION('',(0.947729662631,-0.319074421678,0.));
#5052 = ORIENTED_EDGE('',*,*,#5053,.T.);
#5053 = EDGE_CURVE('',#5046,#5054,#5056,.T.);
#5054 = VERTEX_POINT('',#5055);
#5055 = CARTESIAN_POINT('',(57.470194037542,-77.74597149383,0.));
#5056 = LINE('',#5057,#5058);
#5057 = CARTESIAN_POINT('',(55.620450420852,-76.98068181127,0.));
#5058 = VECTOR('',#5059,1.);
#5059 = DIRECTION('',(0.924038269129,-0.382299983241,0.));
#5060 = ORIENTED_EDGE('',*,*,#5061,.T.);
#5061 = EDGE_CURVE('',#5054,#5062,#5064,.T.);
#5062 = VERTEX_POINT('',#5063);
#5063 = CARTESIAN_POINT('',(59.577123211972,-78.78935230268,0.));
#5064 = LINE('',#5065,#5066);
#5065 = CARTESIAN_POINT('',(57.470194037542,-77.74597149383,0.));
#5066 = VECTOR('',#5067,1.);
#5067 = DIRECTION('',(0.896136175562,-0.44377917352,0.));
#5068 = ORIENTED_EDGE('',*,*,#5069,.T.);
#5069 = EDGE_CURVE('',#5062,#5070,#5072,.T.);
#5070 = VERTEX_POINT('',#5071);
#5071 = CARTESIAN_POINT('',(61.313422506726,-79.80031641984,0.));
#5072 = LINE('',#5073,#5074);
#5073 = CARTESIAN_POINT('',(59.577123211972,-78.78935230268,0.));
#5074 = VECTOR('',#5075,1.);
#5075 = DIRECTION('',(0.864185250602,-0.503173779763,0.));
#5076 = ORIENTED_EDGE('',*,*,#5077,.T.);
#5077 = EDGE_CURVE('',#5070,#5078,#5080,.T.);
#5078 = VERTEX_POINT('',#5079);
#5079 = CARTESIAN_POINT('',(62.699219156527,-80.71700328631,0.));
#5080 = LINE('',#5081,#5082);
#5081 = CARTESIAN_POINT('',(61.313422506726,-79.80031641984,0.));
#5082 = VECTOR('',#5083,1.);
#5083 = DIRECTION('',(0.834038674854,-0.551705980435,0.));
#5084 = ORIENTED_EDGE('',*,*,#5085,.T.);
#5085 = EDGE_CURVE('',#5078,#5086,#5088,.T.);
#5086 = VERTEX_POINT('',#5087);
#5087 = CARTESIAN_POINT('',(64.87107607766,-82.33412537807,0.));
#5088 = LINE('',#5089,#5090);
#5089 = CARTESIAN_POINT('',(62.699219156527,-80.71700328631,0.));
#5090 = VECTOR('',#5091,1.);
#5091 = DIRECTION('',(0.802081704938,-0.597214315471,0.));
#5092 = ORIENTED_EDGE('',*,*,#5093,.T.);
#5093 = EDGE_CURVE('',#5086,#5094,#5096,.T.);
#5094 = VERTEX_POINT('',#5095);
#5095 = CARTESIAN_POINT('',(65.9581227825,-83.01168799885,0.));
#5096 = LINE('',#5097,#5098);
#5097 = CARTESIAN_POINT('',(64.87107607766,-82.33412537807,0.));
#5098 = VECTOR('',#5099,1.);
#5099 = DIRECTION('',(0.848643826861,-0.528964701215,0.));
#5100 = ORIENTED_EDGE('',*,*,#5101,.T.);
#5101 = EDGE_CURVE('',#5094,#5102,#5104,.T.);
#5102 = VERTEX_POINT('',#5103);
#5103 = CARTESIAN_POINT('',(67.36258292856,-83.67167210571,0.));
#5104 = LINE('',#5105,#5106);
#5105 = CARTESIAN_POINT('',(65.9581227825,-83.01168799885,0.));
#5106 = VECTOR('',#5107,1.);
#5107 = DIRECTION('',(0.905051524262,-0.425301937959,0.));
#5108 = ORIENTED_EDGE('',*,*,#5109,.T.);
#5109 = EDGE_CURVE('',#5102,#5110,#5112,.T.);
#5110 = VERTEX_POINT('',#5111);
#5111 = CARTESIAN_POINT('',(68.959990438116,-84.17392066499,0.));
#5112 = LINE('',#5113,#5114);
#5113 = CARTESIAN_POINT('',(67.36258292856,-83.67167210571,0.));
#5114 = VECTOR('',#5115,1.);
#5115 = DIRECTION('',(0.953958488135,-0.299938665254,0.));
#5116 = ORIENTED_EDGE('',*,*,#5117,.T.);
#5117 = EDGE_CURVE('',#5110,#5118,#5120,.T.);
#5118 = VERTEX_POINT('',#5119);
#5119 = CARTESIAN_POINT('',(70.60927393779,-84.44757291275,0.));
#5120 = LINE('',#5121,#5122);
#5121 = CARTESIAN_POINT('',(68.959990438116,-84.17392066499,0.));
#5122 = VECTOR('',#5123,1.);
#5123 = DIRECTION('',(0.986512809277,-0.163684077211,0.));
#5124 = ORIENTED_EDGE('',*,*,#5125,.T.);
#5125 = EDGE_CURVE('',#5118,#5126,#5128,.T.);
#5126 = VERTEX_POINT('',#5127);
#5127 = CARTESIAN_POINT('',(72.22194292892,-84.49368384777,0.));
#5128 = LINE('',#5129,#5130);
#5129 = CARTESIAN_POINT('',(70.60927393779,-84.44757291275,0.));
#5130 = VECTOR('',#5131,1.);
#5131 = DIRECTION('',(0.999591472594,-2.858125113553E-02,0.));
#5132 = ORIENTED_EDGE('',*,*,#5133,.T.);
#5133 = EDGE_CURVE('',#5126,#5134,#5136,.T.);
#5134 = VERTEX_POINT('',#5135);
#5135 = CARTESIAN_POINT('',(82.369164147406,-83.72439917824,0.));
#5136 = LINE('',#5137,#5138);
#5137 = CARTESIAN_POINT('',(72.22194292892,-84.49368384777,0.));
#5138 = VECTOR('',#5139,1.);
#5139 = DIRECTION('',(0.997138572597,7.559541679232E-02,0.));
#5140 = ORIENTED_EDGE('',*,*,#5141,.T.);
#5141 = EDGE_CURVE('',#5134,#5142,#5144,.T.);
#5142 = VERTEX_POINT('',#5143);
#5143 = CARTESIAN_POINT('',(87.17867590496,-83.63145141949,0.));
#5144 = LINE('',#5145,#5146);
#5145 = CARTESIAN_POINT('',(82.369164147406,-83.72439917824,0.));
#5146 = VECTOR('',#5147,1.);
#5147 = DIRECTION('',(0.999813308633,1.932221208466E-02,0.));
#5148 = ORIENTED_EDGE('',*,*,#5149,.T.);
#5149 = EDGE_CURVE('',#5142,#5150,#5152,.T.);
#5150 = VERTEX_POINT('',#5151);
#5151 = CARTESIAN_POINT('',(90.14483404125,-83.73887426369,0.));
#5152 = LINE('',#5153,#5154);
#5153 = CARTESIAN_POINT('',(87.17867590496,-83.63145141949,0.));
#5154 = VECTOR('',#5155,1.);
#5155 = DIRECTION('',(0.999344839458,-3.619242806965E-02,0.));
#5156 = ORIENTED_EDGE('',*,*,#5157,.T.);
#5157 = EDGE_CURVE('',#5150,#5158,#5160,.T.);
#5158 = VERTEX_POINT('',#5159);
#5159 = CARTESIAN_POINT('',(93.127098483904,-83.97460806099,0.));
#5160 = LINE('',#5161,#5162);
#5161 = CARTESIAN_POINT('',(90.14483404125,-83.73887426369,0.));
#5162 = VECTOR('',#5163,1.);
#5163 = DIRECTION('',(0.996890489269,-7.879944419675E-02,0.));
#5164 = ORIENTED_EDGE('',*,*,#5165,.T.);
#5165 = EDGE_CURVE('',#5158,#5166,#5168,.T.);
#5166 = VERTEX_POINT('',#5167);
#5167 = CARTESIAN_POINT('',(95.494054071791,-84.25363930808,0.));
#5168 = LINE('',#5169,#5170);
#5169 = CARTESIAN_POINT('',(93.127098483904,-83.97460806099,0.));
#5170 = VECTOR('',#5171,1.);
#5171 = DIRECTION('',(0.993123024814,-0.117075435441,0.));
#5172 = ORIENTED_EDGE('',*,*,#5173,.T.);
#5173 = EDGE_CURVE('',#5166,#5174,#5176,.T.);
#5174 = VERTEX_POINT('',#5175);
#5175 = CARTESIAN_POINT('',(98.449374857687,-84.71787618211,0.));
#5176 = LINE('',#5177,#5178);
#5177 = CARTESIAN_POINT('',(95.494054071791,-84.25363930808,0.));
#5178 = VECTOR('',#5179,1.);
#5179 = DIRECTION('',(0.987885873276,-0.155182155487,0.));
#5180 = ORIENTED_EDGE('',*,*,#5181,.T.);
#5181 = EDGE_CURVE('',#5174,#5182,#5184,.T.);
#5182 = VERTEX_POINT('',#5183);
#5183 = CARTESIAN_POINT('',(101.37366640521,-85.30607617415,0.));
#5184 = LINE('',#5185,#5186);
#5185 = CARTESIAN_POINT('',(98.449374857687,-84.71787618211,0.));
#5186 = VECTOR('',#5187,1.);
#5187 = DIRECTION('',(0.980364642786,-0.197193222943,0.));
#5188 = ORIENTED_EDGE('',*,*,#5189,.T.);
#5189 = EDGE_CURVE('',#5182,#5190,#5192,.T.);
#5190 = VERTEX_POINT('',#5191);
#5191 = CARTESIAN_POINT('',(104.27391623752,-86.01943874884,0.));
#5192 = LINE('',#5193,#5194);
#5193 = CARTESIAN_POINT('',(101.37366640521,-85.30607617415,0.));
#5194 = VECTOR('',#5195,1.);
#5195 = DIRECTION('',(0.971057220682,-0.23884696808,0.));
#5196 = ORIENTED_EDGE('',*,*,#5197,.T.);
#5197 = EDGE_CURVE('',#5190,#5198,#5200,.T.);
#5198 = VERTEX_POINT('',#5199);
#5199 = CARTESIAN_POINT('',(107.14101283635,-86.85596165474,0.));
#5200 = LINE('',#5201,#5202);
#5201 = CARTESIAN_POINT('',(104.27391623752,-86.01943874884,0.));
#5202 = VECTOR('',#5203,1.);
#5203 = DIRECTION('',(0.959974219883,-0.28008837384,0.));
#5204 = ORIENTED_EDGE('',*,*,#5205,.T.);
#5205 = EDGE_CURVE('',#5198,#5206,#5208,.T.);
#5206 = VERTEX_POINT('',#5207);
#5207 = CARTESIAN_POINT('',(109.95583238173,-87.80941452888,0.));
#5208 = LINE('',#5209,#5210);
#5209 = CARTESIAN_POINT('',(107.14101283635,-86.85596165474,0.));
#5210 = VECTOR('',#5211,1.);
#5211 = DIRECTION('',(0.947139846492,-0.320820995552,0.));
#5212 = ORIENTED_EDGE('',*,*,#5213,.T.);
#5213 = EDGE_CURVE('',#5206,#5214,#5216,.T.);
#5214 = VERTEX_POINT('',#5215);
#5215 = CARTESIAN_POINT('',(114.42816157776,-89.60671483814,0.));
#5216 = LINE('',#5217,#5218);
#5217 = CARTESIAN_POINT('',(109.95583238173,-87.80941452888,0.));
#5218 = VECTOR('',#5219,1.);
#5219 = DIRECTION('',(0.927876779349,-0.372886956522,0.));
#5220 = ORIENTED_EDGE('',*,*,#5221,.T.);
#5221 = EDGE_CURVE('',#5214,#5222,#5224,.T.);
#5222 = VERTEX_POINT('',#5223);
#5223 = CARTESIAN_POINT('',(124.64244946109,-94.25200279984,0.));
#5224 = LINE('',#5225,#5226);
#5225 = CARTESIAN_POINT('',(114.42816157776,-89.60671483814,0.));
#5226 = VECTOR('',#5227,1.);
#5227 = DIRECTION('',(0.910284885074,-0.413982400599,0.));
#5228 = ORIENTED_EDGE('',*,*,#5229,.T.);
#5229 = EDGE_CURVE('',#5222,#5230,#5232,.T.);
#5230 = VERTEX_POINT('',#5231);
#5231 = CARTESIAN_POINT('',(125.87809862852,-94.5659090875,0.));
#5232 = LINE('',#5233,#5234);
#5233 = CARTESIAN_POINT('',(124.64244946109,-94.25200279984,0.));
#5234 = VECTOR('',#5235,1.);
#5235 = DIRECTION('',(0.969213807491,-0.246220623362,0.));
#5236 = ORIENTED_EDGE('',*,*,#5237,.T.);
#5237 = EDGE_CURVE('',#5230,#5238,#5240,.T.);
#5238 = VERTEX_POINT('',#5239);
#5239 = CARTESIAN_POINT('',(126.59683893663,-94.59986104553,0.));
#5240 = LINE('',#5241,#5242);
#5241 = CARTESIAN_POINT('',(125.87809862852,-94.5659090875,0.));
#5242 = VECTOR('',#5243,1.);
#5243 = DIRECTION('',(0.99888614267,-4.718552724176E-02,0.));
#5244 = ORIENTED_EDGE('',*,*,#5245,.T.);
#5245 = EDGE_CURVE('',#5238,#5246,#5248,.T.);
#5246 = VERTEX_POINT('',#5247);
#5247 = CARTESIAN_POINT('',(127.52908559365,-94.43850564239,0.));
#5248 = LINE('',#5249,#5250);
#5249 = CARTESIAN_POINT('',(126.59683893663,-94.59986104553,0.));
#5250 = VECTOR('',#5251,1.);
#5251 = DIRECTION('',(0.985349614179,0.170546585535,0.));
#5252 = ORIENTED_EDGE('',*,*,#5253,.T.);
#5253 = EDGE_CURVE('',#5246,#5254,#5256,.T.);
#5254 = VERTEX_POINT('',#5255);
#5255 = CARTESIAN_POINT('',(128.40156603092,-94.07298694563,0.));
#5256 = LINE('',#5257,#5258);
#5257 = CARTESIAN_POINT('',(127.52908559365,-94.43850564239,0.));
#5258 = VECTOR('',#5259,1.);
#5259 = DIRECTION('',(0.92233012396,0.386402824053,0.));
#5260 = ORIENTED_EDGE('',*,*,#5261,.T.);
#5261 = EDGE_CURVE('',#5254,#5262,#5264,.T.);
#5262 = VERTEX_POINT('',#5263);
#5263 = CARTESIAN_POINT('',(129.17255641244,-93.51955775472,0.));
#5264 = LINE('',#5265,#5266);
#5265 = CARTESIAN_POINT('',(128.40156603092,-94.07298694563,0.));
#5266 = VECTOR('',#5267,1.);
#5267 = DIRECTION('',(0.812374829299,0.583135607489,0.));
#5268 = ORIENTED_EDGE('',*,*,#5269,.T.);
#5269 = EDGE_CURVE('',#5262,#5270,#5272,.T.);
#5270 = VERTEX_POINT('',#5271);
#5271 = CARTESIAN_POINT('',(129.70572376387,-92.94728143754,0.));
#5272 = LINE('',#5273,#5274);
#5273 = CARTESIAN_POINT('',(129.17255641244,-93.51955775472,0.));
#5274 = VECTOR('',#5275,1.);
#5275 = DIRECTION('',(0.681663921209,0.731665427994,0.));
#5276 = ORIENTED_EDGE('',*,*,#5277,.T.);
#5277 = EDGE_CURVE('',#5270,#5278,#5280,.T.);
#5278 = VERTEX_POINT('',#5279);
#5279 = CARTESIAN_POINT('',(142.50231990643,-75.48541713428,0.));
#5280 = LINE('',#5281,#5282);
#5281 = CARTESIAN_POINT('',(129.70572376387,-92.94728143754,0.));
#5282 = VECTOR('',#5283,1.);
#5283 = DIRECTION('',(0.591100167144,0.806598160426,0.));
#5284 = ORIENTED_EDGE('',*,*,#5285,.T.);
#5285 = EDGE_CURVE('',#5278,#5286,#5288,.T.);
#5286 = VERTEX_POINT('',#5287);
#5287 = CARTESIAN_POINT('',(142.89764217617,-74.60050088547,0.));
#5288 = LINE('',#5289,#5290);
#5289 = CARTESIAN_POINT('',(142.50231990643,-75.48541713428,0.));
#5290 = VECTOR('',#5291,1.);
#5291 = DIRECTION('',(0.407883433056,0.913034010888,0.));
#5292 = ORIENTED_EDGE('',*,*,#5293,.T.);
#5293 = EDGE_CURVE('',#5286,#5294,#5296,.T.);
#5294 = VERTEX_POINT('',#5295);
#5295 = CARTESIAN_POINT('',(143.09999452817,-73.40109105112,0.));
#5296 = LINE('',#5297,#5298);
#5297 = CARTESIAN_POINT('',(142.89764217617,-74.60050088547,0.));
#5298 = VECTOR('',#5299,1.);
#5299 = DIRECTION('',(0.166359002053,0.986065252626,0.));
#5300 = ORIENTED_EDGE('',*,*,#5301,.T.);
#5301 = EDGE_CURVE('',#5294,#5302,#5304,.T.);
#5302 = VERTEX_POINT('',#5303);
#5303 = CARTESIAN_POINT('',(143.09995511085,-68.5,0.));
#5304 = LINE('',#5305,#5306);
#5305 = CARTESIAN_POINT('',(143.09999452817,-73.40109105112,0.));
#5306 = VECTOR('',#5307,1.);
#5307 = DIRECTION('',(-8.04256049292E-06,0.999999999968,0.));
#5308 = ORIENTED_EDGE('',*,*,#5309,.T.);
#5309 = EDGE_CURVE('',#5302,#5310,#5312,.T.);
#5310 = VERTEX_POINT('',#5311);
#5311 = CARTESIAN_POINT('',(128.5,-68.5,0.));
#5312 = LINE('',#5313,#5314);
#5313 = CARTESIAN_POINT('',(143.09995511085,-68.5,0.));
#5314 = VECTOR('',#5315,1.);
#5315 = DIRECTION('',(-1.,0.,0.));
#5316 = ORIENTED_EDGE('',*,*,#5317,.T.);
#5317 = EDGE_CURVE('',#5310,#5318,#5320,.T.);
#5318 = VERTEX_POINT('',#5319);
#5319 = CARTESIAN_POINT('',(135.,-62.,0.));
#5320 = LINE('',#5321,#5322);
#5321 = CARTESIAN_POINT('',(128.5,-68.5,0.));
#5322 = VECTOR('',#5323,1.);
#5323 = DIRECTION('',(0.707106781187,0.707106781187,0.));
#5324 = ORIENTED_EDGE('',*,*,#5325,.T.);
#5325 = EDGE_CURVE('',#5318,#5326,#5328,.T.);
#5326 = VERTEX_POINT('',#5327);
#5327 = CARTESIAN_POINT('',(135.,-14.,0.));
#5328 = LINE('',#5329,#5330);
#5329 = CARTESIAN_POINT('',(135.,-62.,0.));
#5330 = VECTOR('',#5331,1.);
#5331 = DIRECTION('',(0.,1.,0.));
#5332 = ORIENTED_EDGE('',*,*,#5333,.T.);
#5333 = EDGE_CURVE('',#5326,#5334,#5336,.T.);
#5334 = VERTEX_POINT('',#5335);
#5335 = CARTESIAN_POINT('',(132.,-11.,0.));
#5336 = LINE('',#5337,#5338);
#5337 = CARTESIAN_POINT('',(135.,-14.,0.));
#5338 = VECTOR('',#5339,1.);
#5339 = DIRECTION('',(-0.707106781187,0.707106781187,0.));
#5340 = ORIENTED_EDGE('',*,*,#5341,.T.);
#5341 = EDGE_CURVE('',#5334,#5342,#5344,.T.);
#5342 = VERTEX_POINT('',#5343);
#5343 = CARTESIAN_POINT('',(111.,-11.,0.));
#5344 = LINE('',#5345,#5346);
#5345 = CARTESIAN_POINT('',(132.,-11.,0.));
#5346 = VECTOR('',#5347,1.);
#5347 = DIRECTION('',(-1.,0.,0.));
#5348 = ORIENTED_EDGE('',*,*,#5349,.T.);
#5349 = EDGE_CURVE('',#5342,#5350,#5352,.T.);
#5350 = VERTEX_POINT('',#5351);
#5351 = CARTESIAN_POINT('',(111.,-7.095479145354,0.));
#5352 = LINE('',#5353,#5354);
#5353 = CARTESIAN_POINT('',(111.,-11.,0.));
#5354 = VECTOR('',#5355,1.);
#5355 = DIRECTION('',(0.,1.,0.));
#5356 = ORIENTED_EDGE('',*,*,#5357,.T.);
#5357 = EDGE_CURVE('',#5350,#5358,#5360,.T.);
#5358 = VERTEX_POINT('',#5359);
#5359 = CARTESIAN_POINT('',(95.902088204759,-7.093041346614,0.));
#5360 = LINE('',#5361,#5362);
#5361 = CARTESIAN_POINT('',(111.,-7.095479145354,0.));
#5362 = VECTOR('',#5363,1.);
#5363 = DIRECTION('',(-0.999999986964,1.614659524768E-04,0.));
#5364 = ORIENTED_EDGE('',*,*,#5365,.T.);
#5365 = EDGE_CURVE('',#5358,#5366,#5368,.T.);
#5366 = VERTEX_POINT('',#5367);
#5367 = CARTESIAN_POINT('',(95.406596074216,-6.461273132249,0.));
#5368 = LINE('',#5369,#5370);
#5369 = CARTESIAN_POINT('',(95.902088204759,-7.093041346614,0.));
#5370 = VECTOR('',#5371,1.);
#5371 = DIRECTION('',(-0.617130410663,0.786860887473,0.));
#5372 = ORIENTED_EDGE('',*,*,#5373,.T.);
#5373 = EDGE_CURVE('',#5366,#5374,#5376,.T.);
#5374 = VERTEX_POINT('',#5375);
#5375 = CARTESIAN_POINT('',(94.647785265701,-5.820806583203,0.));
#5376 = LINE('',#5377,#5378);
#5377 = CARTESIAN_POINT('',(95.406596074216,-6.461273132249,0.));
#5378 = VECTOR('',#5379,1.);
#5379 = DIRECTION('',(-0.764182308791,0.645000309249,0.));
#5380 = ORIENTED_EDGE('',*,*,#5381,.T.);
#5381 = EDGE_CURVE('',#5374,#5382,#5384,.T.);
#5382 = VERTEX_POINT('',#5383);
#5383 = CARTESIAN_POINT('',(94.1767334045,-5.548961310368,0.));
#5384 = LINE('',#5385,#5386);
#5385 = CARTESIAN_POINT('',(94.647785265701,-5.820806583203,0.));
#5386 = VECTOR('',#5387,1.);
#5387 = DIRECTION('',(-0.866118259622,0.499839134471,0.));
#5388 = ORIENTED_EDGE('',*,*,#5389,.T.);
#5389 = EDGE_CURVE('',#5382,#5390,#5392,.T.);
#5390 = VERTEX_POINT('',#5391);
#5391 = CARTESIAN_POINT('',(93.594438639169,-5.312102909086,0.));
#5392 = LINE('',#5393,#5394);
#5393 = CARTESIAN_POINT('',(94.1767334045,-5.548961310368,0.));
#5394 = VECTOR('',#5395,1.);
#5395 = DIRECTION('',(-0.92629943513,0.376788211703,0.));
#5396 = ORIENTED_EDGE('',*,*,#5397,.T.);
#5397 = EDGE_CURVE('',#5390,#5398,#5400,.T.);
#5398 = VERTEX_POINT('',#5399);
#5399 = CARTESIAN_POINT('',(92.525893291651,-5.112937267127,0.));
#5400 = LINE('',#5401,#5402);
#5401 = CARTESIAN_POINT('',(93.594438639169,-5.312102909086,0.));
#5402 = VECTOR('',#5403,1.);
#5403 = DIRECTION('',(-0.983069361273,0.183233814909,0.));
#5404 = ORIENTED_EDGE('',*,*,#5405,.T.);
#5405 = EDGE_CURVE('',#5398,#5406,#5408,.T.);
#5406 = VERTEX_POINT('',#5407);
#5407 = CARTESIAN_POINT('',(78.297642589273,-5.100233664835,0.));
#5408 = LINE('',#5409,#5410);
#5409 = CARTESIAN_POINT('',(92.525893291651,-5.112937267127,0.));
#5410 = VECTOR('',#5411,1.);
#5411 = DIRECTION('',(-0.999999601415,8.928432239807E-04,0.));
#5412 = ORIENTED_EDGE('',*,*,#5413,.T.);
#5413 = EDGE_CURVE('',#5406,#5414,#5416,.T.);
#5414 = VERTEX_POINT('',#5415);
#5415 = CARTESIAN_POINT('',(78.27028744673,-4.003484109934,0.));
#5416 = LINE('',#5417,#5418);
#5417 = CARTESIAN_POINT('',(78.297642589273,-5.100233664835,0.));
#5418 = VECTOR('',#5419,1.);
#5419 = DIRECTION('',(-2.493425916207E-02,0.999689093028,0.));
#5420 = ORIENTED_EDGE('',*,*,#5421,.T.);
#5421 = EDGE_CURVE('',#5414,#5422,#5424,.T.);
#5422 = VERTEX_POINT('',#5423);
#5423 = CARTESIAN_POINT('',(78.118036517762,-3.236063200412,0.));
#5424 = LINE('',#5425,#5426);
#5425 = CARTESIAN_POINT('',(78.27028744673,-4.003484109934,0.));
#5426 = VECTOR('',#5427,1.);
#5427 = DIRECTION('',(-0.194600239301,0.980882636641,0.));
#5428 = ORIENTED_EDGE('',*,*,#5429,.T.);
#5429 = EDGE_CURVE('',#5422,#5430,#5432,.T.);
#5430 = VERTEX_POINT('',#5431);
#5431 = CARTESIAN_POINT('',(77.838198258141,-2.507590452646,0.));
#5432 = LINE('',#5433,#5434);
#5433 = CARTESIAN_POINT('',(78.118036517762,-3.236063200412,0.));
#5434 = VECTOR('',#5435,1.);
#5435 = DIRECTION('',(-0.358595524171,0.933493036955,0.));
#5436 = ORIENTED_EDGE('',*,*,#5437,.T.);
#5437 = EDGE_CURVE('',#5430,#5438,#5440,.T.);
#5438 = VERTEX_POINT('',#5439);
#5439 = CARTESIAN_POINT('',(77.339550214818,-1.728357730783,0.));
#5440 = LINE('',#5441,#5442);
#5441 = CARTESIAN_POINT('',(77.838198258141,-2.507590452646,0.));
#5442 = VECTOR('',#5443,1.);
#5443 = DIRECTION('',(-0.539006996099,0.842301287045,0.));
#5444 = ORIENTED_EDGE('',*,*,#5445,.T.);
#5445 = EDGE_CURVE('',#5438,#5446,#5448,.T.);
#5446 = VERTEX_POINT('',#5447);
#5447 = CARTESIAN_POINT('',(76.761790416485,-1.13461104254,0.));
#5448 = LINE('',#5449,#5450);
#5449 = CARTESIAN_POINT('',(77.339550214818,-1.728357730783,0.));
#5450 = VECTOR('',#5451,1.);
#5451 = DIRECTION('',(-0.697392359764,0.716689539858,0.));
#5452 = ORIENTED_EDGE('',*,*,#5453,.T.);
#5453 = EDGE_CURVE('',#5446,#5454,#5456,.T.);
#5454 = VERTEX_POINT('',#5455);
#5455 = CARTESIAN_POINT('',(75.97039191598,-0.604234748759,0.));
#5456 = LINE('',#5457,#5458);
#5457 = CARTESIAN_POINT('',(76.761790416485,-1.13461104254,0.));
#5458 = VECTOR('',#5459,1.);
#5459 = DIRECTION('',(-0.830702358427,0.556716796679,0.));
#5460 = ORIENTED_EDGE('',*,*,#5461,.T.);
#5461 = EDGE_CURVE('',#5454,#5462,#5464,.T.);
#5462 = VERTEX_POINT('',#5463);
#5463 = CARTESIAN_POINT('',(75.201648535072,-0.295571896958,0.));
#5464 = LINE('',#5465,#5466);
#5465 = CARTESIAN_POINT('',(75.97039191598,-0.604234748759,0.));
#5466 = VECTOR('',#5467,1.);
#5467 = DIRECTION('',(-0.927990748365,0.372603235291,0.));
#5468 = ORIENTED_EDGE('',*,*,#5469,.T.);
#5469 = EDGE_CURVE('',#5462,#5470,#5472,.T.);
#5470 = VERTEX_POINT('',#5471);
#5471 = CARTESIAN_POINT('',(74.347520112255,-0.129952395151,0.));
#5472 = LINE('',#5473,#5474);
#5473 = CARTESIAN_POINT('',(75.201648535072,-0.295571896958,0.));
#5474 = VECTOR('',#5475,1.);
#5475 = DIRECTION('',(-0.981714537535,0.190359047047,0.));
#5476 = ORIENTED_EDGE('',*,*,#5477,.T.);
#5477 = EDGE_CURVE('',#5470,#5478,#5480,.T.);
#5478 = VERTEX_POINT('',#5479);
#5479 = CARTESIAN_POINT('',(57.809580744654,-0.109394869639,0.));
#5480 = LINE('',#5481,#5482);
#5481 = CARTESIAN_POINT('',(74.347520112255,-0.129952395151,0.));
#5482 = VECTOR('',#5483,1.);
#5483 = DIRECTION('',(-0.999999227411,1.24305145721E-03,0.));
#5484 = ORIENTED_EDGE('',*,*,#5485,.T.);
#5485 = EDGE_CURVE('',#5478,#5486,#5488,.T.);
#5486 = VERTEX_POINT('',#5487);
#5487 = CARTESIAN_POINT('',(57.330377561183,-0.159260599617,0.));
#5488 = LINE('',#5489,#5490);
#5489 = CARTESIAN_POINT('',(57.809580744654,-0.109394869639,0.));
#5490 = VECTOR('',#5491,1.);
#5491 = DIRECTION('',(-0.994629368916,-0.103500813956,0.));
#5492 = ORIENTED_EDGE('',*,*,#5493,.T.);
#5493 = EDGE_CURVE('',#5486,#5494,#5496,.T.);
#5494 = VERTEX_POINT('',#5495);
#5495 = CARTESIAN_POINT('',(56.893677661836,-0.251708244191,0.));
#5496 = LINE('',#5497,#5498);
#5497 = CARTESIAN_POINT('',(57.330377561183,-0.159260599617,0.));
#5498 = VECTOR('',#5499,1.);
#5499 = DIRECTION('',(-0.978318475247,-0.207106158748,0.));
#5500 = ORIENTED_EDGE('',*,*,#5501,.T.);
#5501 = EDGE_CURVE('',#5494,#5502,#5504,.T.);
#5502 = VERTEX_POINT('',#5503);
#5503 = CARTESIAN_POINT('',(56.008754216888,-0.596233349806,0.));
#5504 = LINE('',#5505,#5506);
#5505 = CARTESIAN_POINT('',(56.893677661836,-0.251708244191,0.));
#5506 = VECTOR('',#5507,1.);
#5507 = DIRECTION('',(-0.93186650925,-0.362801335359,0.));
#5508 = ORIENTED_EDGE('',*,*,#5509,.T.);
#5509 = EDGE_CURVE('',#5502,#5510,#5512,.T.);
#5510 = VERTEX_POINT('',#5511);
#5511 = CARTESIAN_POINT('',(55.223706020588,-1.124965136008,0.));
#5512 = LINE('',#5513,#5514);
#5513 = CARTESIAN_POINT('',(56.008754216888,-0.596233349806,0.));
#5514 = VECTOR('',#5515,1.);
#5515 = DIRECTION('',(-0.829424269002,-0.558619174384,0.));
#5516 = ORIENTED_EDGE('',*,*,#5517,.T.);
#5517 = EDGE_CURVE('',#5510,#5518,#5520,.T.);
#5518 = VERTEX_POINT('',#5519);
#5519 = CARTESIAN_POINT('',(54.573656666473,-1.812754237622,0.));
#5520 = LINE('',#5521,#5522);
#5521 = CARTESIAN_POINT('',(55.223706020588,-1.124965136008,0.));
#5522 = VECTOR('',#5523,1.);
#5523 = DIRECTION('',(-0.686886406457,-0.726764793193,0.));
#5524 = ORIENTED_EDGE('',*,*,#5525,.T.);
#5525 = EDGE_CURVE('',#5518,#5526,#5528,.T.);
#5526 = VERTEX_POINT('',#5527);
#5527 = CARTESIAN_POINT('',(54.200008798925,-2.437105859567,0.));
#5528 = LINE('',#5529,#5530);
#5529 = CARTESIAN_POINT('',(54.573656666473,-1.812754237622,0.));
#5530 = VECTOR('',#5531,1.);
#5531 = DIRECTION('',(-0.513522157722,-0.85807633316,0.));
#5532 = ORIENTED_EDGE('',*,*,#5533,.T.);
#5533 = EDGE_CURVE('',#5526,#5534,#5536,.T.);
#5534 = VERTEX_POINT('',#5535);
#5535 = CARTESIAN_POINT('',(53.894397155009,-3.20128304969,0.));
#5536 = LINE('',#5537,#5538);
#5537 = CARTESIAN_POINT('',(54.200008798925,-2.437105859567,0.));
#5538 = VECTOR('',#5539,1.);
#5539 = DIRECTION('',(-0.371328633221,-0.928501505734,0.));
#5540 = ORIENTED_EDGE('',*,*,#5541,.T.);
#5541 = EDGE_CURVE('',#5534,#5542,#5544,.T.);
#5542 = VERTEX_POINT('',#5543);
#5543 = CARTESIAN_POINT('',(53.730696496494,-3.996768573735,0.));
#5544 = LINE('',#5545,#5546);
#5545 = CARTESIAN_POINT('',(53.894397155009,-3.20128304969,0.));
#5546 = VECTOR('',#5547,1.);
#5547 = DIRECTION('',(-0.201563415092,-0.979475466613,0.));
#5548 = ORIENTED_EDGE('',*,*,#5549,.T.);
#5549 = EDGE_CURVE('',#5542,#5550,#5552,.T.);
#5550 = VERTEX_POINT('',#5551);
#5551 = CARTESIAN_POINT('',(53.702592820094,-5.100014725719,0.));
#5552 = LINE('',#5553,#5554);
#5553 = CARTESIAN_POINT('',(53.730696496494,-3.996768573735,0.));
#5554 = VECTOR('',#5555,1.);
#5555 = DIRECTION('',(-2.546536189635E-02,-0.999675705088,0.));
#5556 = ORIENTED_EDGE('',*,*,#5557,.T.);
#5557 = EDGE_CURVE('',#5550,#5558,#5560,.T.);
#5558 = VERTEX_POINT('',#5559);
#5559 = CARTESIAN_POINT('',(39.948033472348,-5.100702255726,0.));
#5560 = LINE('',#5561,#5562);
#5561 = CARTESIAN_POINT('',(53.702592820094,-5.100014725719,0.));
#5562 = VECTOR('',#5563,1.);
#5563 = DIRECTION('',(-0.999999998751,-4.998560758179E-05,0.));
#5564 = ORIENTED_EDGE('',*,*,#5565,.T.);
#5565 = EDGE_CURVE('',#5558,#5566,#5568,.T.);
#5566 = VERTEX_POINT('',#5567);
#5567 = CARTESIAN_POINT('',(38.834106714194,-5.277237105106,0.));
#5568 = LINE('',#5569,#5570);
#5569 = CARTESIAN_POINT('',(39.948033472348,-5.100702255726,0.));
#5570 = VECTOR('',#5571,1.);
#5571 = DIRECTION('',(-0.987673789601,-0.156526308761,0.));
#5572 = ORIENTED_EDGE('',*,*,#5573,.T.);
#5573 = EDGE_CURVE('',#5566,#5574,#5576,.T.);
#5574 = VERTEX_POINT('',#5575);
#5575 = CARTESIAN_POINT('',(38.127412045443,-5.544310995177,0.));
#5576 = LINE('',#5577,#5578);
#5577 = CARTESIAN_POINT('',(38.834106714194,-5.277237105106,0.));
#5578 = VECTOR('',#5579,1.);
#5579 = DIRECTION('',(-0.935428173983,-0.35351680486,0.));
#5580 = ORIENTED_EDGE('',*,*,#5581,.T.);
#5581 = EDGE_CURVE('',#5574,#5582,#5584,.T.);
#5582 = VERTEX_POINT('',#5583);
#5583 = CARTESIAN_POINT('',(37.577975307055,-5.86351746974,0.));
#5584 = LINE('',#5585,#5586);
#5585 = CARTESIAN_POINT('',(38.127412045443,-5.544310995177,0.));
#5586 = VECTOR('',#5587,1.);
#5587 = DIRECTION('',(-0.864666807223,-0.502345809665,0.));
#5588 = ORIENTED_EDGE('',*,*,#5589,.T.);
#5589 = EDGE_CURVE('',#5582,#5590,#5592,.T.);
#5590 = VERTEX_POINT('',#5591);
#5591 = CARTESIAN_POINT('',(36.955443625847,-6.39315022915,0.));
#5592 = LINE('',#5593,#5594);
#5593 = CARTESIAN_POINT('',(37.577975307055,-5.86351746974,0.));
#5594 = VECTOR('',#5595,1.);
#5595 = DIRECTION('',(-0.761648942589,-0.647989882832,0.));
#5596 = ORIENTED_EDGE('',*,*,#5597,.T.);
#5597 = EDGE_CURVE('',#5590,#5598,#5600,.T.);
#5598 = VERTEX_POINT('',#5599);
#5599 = CARTESIAN_POINT('',(36.456967463486,-7.000547737623,0.));
#5600 = LINE('',#5601,#5602);
#5601 = CARTESIAN_POINT('',(36.955443625847,-6.39315022915,0.));
#5602 = VECTOR('',#5603,1.);
#5603 = DIRECTION('',(-0.634391694436,-0.773011758016,0.));
#5604 = ORIENTED_EDGE('',*,*,#5605,.T.);
#5605 = EDGE_CURVE('',#5598,#5606,#5608,.T.);
#5606 = VERTEX_POINT('',#5607);
#5607 = CARTESIAN_POINT('',(36.025907996939,-7.819040643375,0.));
#5608 = LINE('',#5609,#5610);
#5609 = CARTESIAN_POINT('',(36.456967463486,-7.000547737623,0.));
#5610 = VECTOR('',#5611,1.);
#5611 = DIRECTION('',(-0.465978130586,-0.884796237456,0.));
#5612 = ORIENTED_EDGE('',*,*,#5613,.T.);
#5613 = EDGE_CURVE('',#5606,#5614,#5616,.T.);
#5614 = VERTEX_POINT('',#5615);
#5615 = CARTESIAN_POINT('',(35.796670091997,-8.609513828774,0.));
#5616 = LINE('',#5617,#5618);
#5617 = CARTESIAN_POINT('',(36.025907996939,-7.819040643375,0.));
#5618 = VECTOR('',#5619,1.);
#5619 = DIRECTION('',(-0.278525213674,-0.960428917384,0.));
#5620 = ORIENTED_EDGE('',*,*,#5621,.T.);
#5621 = EDGE_CURVE('',#5614,#5622,#5624,.T.);
#5622 = VERTEX_POINT('',#5623);
#5623 = CARTESIAN_POINT('',(35.705675291619,-9.240849712354,0.));
#5624 = LINE('',#5625,#5626);
#5625 = CARTESIAN_POINT('',(35.796670091997,-8.609513828774,0.));
#5626 = VECTOR('',#5627,1.);
#5627 = DIRECTION('',(-0.142656440375,-0.989772266746,0.));
#5628 = ORIENTED_EDGE('',*,*,#5629,.T.);
#5629 = EDGE_CURVE('',#5622,#5630,#5632,.T.);
#5630 = VERTEX_POINT('',#5631);
#5631 = CARTESIAN_POINT('',(35.673993121782,-17.09973137406,0.));
#5632 = LINE('',#5633,#5634);
#5633 = CARTESIAN_POINT('',(35.705675291619,-9.240849712354,0.));
#5634 = VECTOR('',#5635,1.);
#5635 = DIRECTION('',(-4.03135124736E-03,-0.999991874071,0.));
#5636 = ORIENTED_EDGE('',*,*,#5637,.T.);
#5637 = EDGE_CURVE('',#5630,#5638,#5640,.T.);
#5638 = VERTEX_POINT('',#5639);
#5639 = CARTESIAN_POINT('',(21.399580838901,-17.10993497153,0.));
#5640 = LINE('',#5641,#5642);
#5641 = CARTESIAN_POINT('',(35.673993121782,-17.09973137406,0.));
#5642 = VECTOR('',#5643,1.);
#5643 = DIRECTION('',(-0.999999744518,-7.148171610022E-04,0.));
#5644 = ORIENTED_EDGE('',*,*,#5645,.T.);
#5645 = EDGE_CURVE('',#5638,#5646,#5648,.T.);
#5646 = VERTEX_POINT('',#5647);
#5647 = CARTESIAN_POINT('',(20.815029821993,-17.1858895757,0.));
#5648 = LINE('',#5649,#5650);
#5649 = CARTESIAN_POINT('',(21.399580838901,-17.10993497153,0.));
#5650 = VECTOR('',#5651,1.);
#5651 = DIRECTION('',(-0.991663645828,-0.128853457627,0.));
#5652 = ORIENTED_EDGE('',*,*,#5653,.T.);
#5653 = EDGE_CURVE('',#5646,#5654,#5656,.T.);
#5654 = VERTEX_POINT('',#5655);
#5655 = CARTESIAN_POINT('',(20.205853140137,-17.34645126151,0.));
#5656 = LINE('',#5657,#5658);
#5657 = CARTESIAN_POINT('',(20.815029821993,-17.1858895757,0.));
#5658 = VECTOR('',#5659,1.);
#5659 = DIRECTION('',(-0.966976003575,-0.254867433208,0.));
#5660 = ORIENTED_EDGE('',*,*,#5661,.T.);
#5661 = EDGE_CURVE('',#5654,#5662,#5664,.T.);
#5662 = VERTEX_POINT('',#5663);
#5663 = CARTESIAN_POINT('',(19.540457957005,-17.64085315659,0.));
#5664 = LINE('',#5665,#5666);
#5665 = CARTESIAN_POINT('',(20.205853140137,-17.34645126151,0.));
#5666 = VECTOR('',#5667,1.);
#5667 = DIRECTION('',(-0.914488309112,-0.40461232371,0.));
#5668 = ORIENTED_EDGE('',*,*,#5669,.T.);
#5669 = EDGE_CURVE('',#5662,#5670,#5672,.T.);
#5670 = VERTEX_POINT('',#5671);
#5671 = CARTESIAN_POINT('',(19.007355787828,-17.98662982251,0.));
#5672 = LINE('',#5673,#5674);
#5673 = CARTESIAN_POINT('',(19.540457957005,-17.64085315659,0.));
#5674 = VECTOR('',#5675,1.);
#5675 = DIRECTION('',(-0.838975179627,-0.544169686743,0.));
#5676 = ORIENTED_EDGE('',*,*,#5677,.T.);
#5677 = EDGE_CURVE('',#5670,#5678,#5680,.T.);
#5678 = VERTEX_POINT('',#5679);
#5679 = CARTESIAN_POINT('',(18.46522961499,-18.47662649835,0.));
#5680 = LINE('',#5681,#5682);
#5681 = CARTESIAN_POINT('',(19.007355787828,-17.98662982251,0.));
#5682 = VECTOR('',#5683,1.);
#5683 = DIRECTION('',(-0.741875024715,-0.670538177664,0.));
#5684 = ORIENTED_EDGE('',*,*,#5685,.T.);
#5685 = EDGE_CURVE('',#5678,#5686,#5688,.T.);
#5686 = VERTEX_POINT('',#5687);
#5687 = CARTESIAN_POINT('',(18.067498824321,-18.97217619962,0.));
#5688 = LINE('',#5689,#5690);
#5689 = CARTESIAN_POINT('',(18.46522961499,-18.47662649835,0.));
#5690 = VECTOR('',#5691,1.);
#5691 = DIRECTION('',(-0.625933146653,-0.779876718412,0.));
#5692 = ORIENTED_EDGE('',*,*,#5693,.T.);
#5693 = EDGE_CURVE('',#5686,#5694,#5696,.T.);
#5694 = VERTEX_POINT('',#5695);
#5695 = CARTESIAN_POINT('',(17.710271590979,-19.59717531768,0.));
#5696 = LINE('',#5697,#5698);
#5697 = CARTESIAN_POINT('',(18.067498824321,-18.97217619962,0.));
#5698 = VECTOR('',#5699,1.);
#5699 = DIRECTION('',(-0.496227820147,-0.868192346495,0.));
#5700 = ORIENTED_EDGE('',*,*,#5701,.T.);
#5701 = EDGE_CURVE('',#5694,#5702,#5704,.T.);
#5702 = VERTEX_POINT('',#5703);
#5703 = CARTESIAN_POINT('',(17.28807101712,-20.0625890425,0.));
#5704 = LINE('',#5705,#5706);
#5705 = CARTESIAN_POINT('',(17.710271590979,-19.59717531768,0.));
#5706 = VECTOR('',#5707,1.);
#5707 = DIRECTION('',(-0.671885789828,-0.740654768045,0.));
#5708 = ORIENTED_EDGE('',*,*,#5709,.T.);
#5709 = EDGE_CURVE('',#5702,#5710,#5712,.T.);
#5710 = VERTEX_POINT('',#5711);
#5711 = CARTESIAN_POINT('',(16.999155087174,-20.67303231294,0.));
#5712 = LINE('',#5713,#5714);
#5713 = CARTESIAN_POINT('',(17.28807101712,-20.0625890425,0.));
#5714 = VECTOR('',#5715,1.);
#5715 = DIRECTION('',(-0.427794377159,-0.90387608159,0.));
#5716 = ORIENTED_EDGE('',*,*,#5717,.T.);
#5717 = EDGE_CURVE('',#5710,#5718,#5720,.T.);
#5718 = VERTEX_POINT('',#5719);
#5719 = CARTESIAN_POINT('',(16.9,-21.34107547748,0.));
#5720 = LINE('',#5721,#5722);
#5721 = CARTESIAN_POINT('',(16.999155087174,-20.67303231294,0.));
#5722 = VECTOR('',#5723,1.);
#5723 = DIRECTION('',(-0.146817756874,-0.989163558905,0.));
#5724 = ORIENTED_EDGE('',*,*,#5725,.T.);
#5725 = EDGE_CURVE('',#5718,#4932,#5726,.T.);
#5726 = LINE('',#5727,#5728);
#5727 = CARTESIAN_POINT('',(16.9,-21.34107547748,0.));
#5728 = VECTOR('',#5729,1.);
#5729 = DIRECTION('',(0.,-1.,0.));
#5730 = FACE_BOUND('',#5731,.F.);
#5731 = EDGE_LOOP('',(#5732));
#5732 = ORIENTED_EDGE('',*,*,#5733,.T.);
#5733 = EDGE_CURVE('',#5734,#5734,#5736,.T.);
#5734 = VERTEX_POINT('',#5735);
#5735 = CARTESIAN_POINT('',(42.05,-66.6,0.));
#5736 = CIRCLE('',#5737,0.85);
#5737 = AXIS2_PLACEMENT_3D('',#5738,#5739,#5740);
#5738 = CARTESIAN_POINT('',(41.2,-66.6,0.));
#5739 = DIRECTION('',(0.,0.,-1.));
#5740 = DIRECTION('',(1.,0.,0.));
#5741 = FACE_BOUND('',#5742,.F.);
#5742 = EDGE_LOOP('',(#5743));
#5743 = ORIENTED_EDGE('',*,*,#3620,.T.);
#5744 = FACE_BOUND('',#5745,.F.);
#5745 = EDGE_LOOP('',(#5746));
#5746 = ORIENTED_EDGE('',*,*,#4644,.T.);
#5747 = FACE_BOUND('',#5748,.F.);
#5748 = EDGE_LOOP('',(#5749));
#5749 = ORIENTED_EDGE('',*,*,#5750,.T.);
#5750 = EDGE_CURVE('',#5751,#5751,#5753,.T.);
#5751 = VERTEX_POINT('',#5752);
#5752 = CARTESIAN_POINT('',(21.85,-37.5,0.));
#5753 = CIRCLE('',#5754,0.85);
#5754 = AXIS2_PLACEMENT_3D('',#5755,#5756,#5757);
#5755 = CARTESIAN_POINT('',(21.,-37.5,0.));
#5756 = DIRECTION('',(0.,0.,-1.));
#5757 = DIRECTION('',(1.,0.,0.));
#5758 = FACE_BOUND('',#5759,.F.);
#5759 = EDGE_LOOP('',(#5760));
#5760 = ORIENTED_EDGE('',*,*,#5761,.T.);
#5761 = EDGE_CURVE('',#5762,#5762,#5764,.T.);
#5762 = VERTEX_POINT('',#5763);
#5763 = CARTESIAN_POINT('',(57.85,-20.5,0.));
#5764 = CIRCLE('',#5765,0.85);
#5765 = AXIS2_PLACEMENT_3D('',#5766,#5767,#5768);
#5766 = CARTESIAN_POINT('',(57.,-20.5,0.));
#5767 = DIRECTION('',(0.,0.,-1.));
#5768 = DIRECTION('',(1.,0.,0.));
#5769 = PLANE('',#5770);
#5770 = AXIS2_PLACEMENT_3D('',#5771,#5772,#5773);
#5771 = CARTESIAN_POINT('',(81.680453148989,-46.07512110392,0.));
#5772 = DIRECTION('',(0.,0.,1.));
#5773 = DIRECTION('',(1.,0.,0.));
#5774 = ADVANCED_FACE('',(#5775),#5786,.F.);
#5775 = FACE_BOUND('',#5776,.T.);
#5776 = EDGE_LOOP('',(#5777,#5778,#5784,#5785));
#5777 = ORIENTED_EDGE('',*,*,#5750,.T.);
#5778 = ORIENTED_EDGE('',*,*,#5779,.T.);
#5779 = EDGE_CURVE('',#5751,#3651,#5780,.T.);
#5780 = LINE('',#5781,#5782);
#5781 = CARTESIAN_POINT('',(21.85,-37.5,-0.1));
#5782 = VECTOR('',#5783,1.);
#5783 = DIRECTION('',(0.,0.,1.));
#5784 = ORIENTED_EDGE('',*,*,#3650,.F.);
#5785 = ORIENTED_EDGE('',*,*,#5779,.F.);
#5786 = CYLINDRICAL_SURFACE('',#5787,0.85);
#5787 = AXIS2_PLACEMENT_3D('',#5788,#5789,#5790);
#5788 = CARTESIAN_POINT('',(21.,-37.5,-0.1));
#5789 = DIRECTION('',(-0.,-0.,-1.));
#5790 = DIRECTION('',(1.,0.,0.));
#5791 = ADVANCED_FACE('',(#5792),#5808,.F.);
#5792 = FACE_BOUND('',#5793,.F.);
#5793 = EDGE_LOOP('',(#5794,#5800,#5801,#5807));
#5794 = ORIENTED_EDGE('',*,*,#5795,.T.);
#5795 = EDGE_CURVE('',#5710,#3668,#5796,.T.);
#5796 = LINE('',#5797,#5798);
#5797 = CARTESIAN_POINT('',(16.999155087174,-20.67303231294,0.));
#5798 = VECTOR('',#5799,1.);
#5799 = DIRECTION('',(0.,0.,1.));
#5800 = ORIENTED_EDGE('',*,*,#3667,.T.);
#5801 = ORIENTED_EDGE('',*,*,#5802,.F.);
#5802 = EDGE_CURVE('',#5718,#3670,#5803,.T.);
#5803 = LINE('',#5804,#5805);
#5804 = CARTESIAN_POINT('',(16.9,-21.34107547748,0.));
#5805 = VECTOR('',#5806,1.);
#5806 = DIRECTION('',(0.,0.,1.));
#5807 = ORIENTED_EDGE('',*,*,#5717,.F.);
#5808 = PLANE('',#5809);
#5809 = AXIS2_PLACEMENT_3D('',#5810,#5811,#5812);
#5810 = CARTESIAN_POINT('',(16.999155087174,-20.67303231294,0.));
#5811 = DIRECTION('',(0.989163558905,-0.146817756874,0.));
#5812 = DIRECTION('',(-0.146817756874,-0.989163558905,0.));
#5813 = ADVANCED_FACE('',(#5814),#5825,.F.);
#5814 = FACE_BOUND('',#5815,.F.);
#5815 = EDGE_LOOP('',(#5816,#5822,#5823,#5824));
#5816 = ORIENTED_EDGE('',*,*,#5817,.T.);
#5817 = EDGE_CURVE('',#5702,#4577,#5818,.T.);
#5818 = LINE('',#5819,#5820);
#5819 = CARTESIAN_POINT('',(17.28807101712,-20.0625890425,0.));
#5820 = VECTOR('',#5821,1.);
#5821 = DIRECTION('',(0.,0.,1.));
#5822 = ORIENTED_EDGE('',*,*,#4584,.T.);
#5823 = ORIENTED_EDGE('',*,*,#5795,.F.);
#5824 = ORIENTED_EDGE('',*,*,#5709,.F.);
#5825 = PLANE('',#5826);
#5826 = AXIS2_PLACEMENT_3D('',#5827,#5828,#5829);
#5827 = CARTESIAN_POINT('',(17.28807101712,-20.0625890425,0.));
#5828 = DIRECTION('',(0.90387608159,-0.427794377159,0.));
#5829 = DIRECTION('',(-0.427794377159,-0.90387608159,0.));
#5830 = ADVANCED_FACE('',(#5831),#5842,.F.);
#5831 = FACE_BOUND('',#5832,.F.);
#5832 = EDGE_LOOP('',(#5833,#5839,#5840,#5841));
#5833 = ORIENTED_EDGE('',*,*,#5834,.T.);
#5834 = EDGE_CURVE('',#5694,#4569,#5835,.T.);
#5835 = LINE('',#5836,#5837);
#5836 = CARTESIAN_POINT('',(17.710271590979,-19.59717531768,0.));
#5837 = VECTOR('',#5838,1.);
#5838 = DIRECTION('',(0.,0.,1.));
#5839 = ORIENTED_EDGE('',*,*,#4576,.T.);
#5840 = ORIENTED_EDGE('',*,*,#5817,.F.);
#5841 = ORIENTED_EDGE('',*,*,#5701,.F.);
#5842 = PLANE('',#5843);
#5843 = AXIS2_PLACEMENT_3D('',#5844,#5845,#5846);
#5844 = CARTESIAN_POINT('',(17.710271590979,-19.59717531768,0.));
#5845 = DIRECTION('',(0.740654768045,-0.671885789828,0.));
#5846 = DIRECTION('',(-0.671885789828,-0.740654768045,0.));
#5847 = ADVANCED_FACE('',(#5848),#5859,.F.);
#5848 = FACE_BOUND('',#5849,.F.);
#5849 = EDGE_LOOP('',(#5850,#5856,#5857,#5858));
#5850 = ORIENTED_EDGE('',*,*,#5851,.T.);
#5851 = EDGE_CURVE('',#5686,#4561,#5852,.T.);
#5852 = LINE('',#5853,#5854);
#5853 = CARTESIAN_POINT('',(18.067498824321,-18.97217619962,0.));
#5854 = VECTOR('',#5855,1.);
#5855 = DIRECTION('',(0.,0.,1.));
#5856 = ORIENTED_EDGE('',*,*,#4568,.T.);
#5857 = ORIENTED_EDGE('',*,*,#5834,.F.);
#5858 = ORIENTED_EDGE('',*,*,#5693,.F.);
#5859 = PLANE('',#5860);
#5860 = AXIS2_PLACEMENT_3D('',#5861,#5862,#5863);
#5861 = CARTESIAN_POINT('',(18.067498824321,-18.97217619962,0.));
#5862 = DIRECTION('',(0.868192346495,-0.496227820147,0.));
#5863 = DIRECTION('',(-0.496227820147,-0.868192346495,0.));
#5864 = ADVANCED_FACE('',(#5865),#5876,.F.);
#5865 = FACE_BOUND('',#5866,.F.);
#5866 = EDGE_LOOP('',(#5867,#5873,#5874,#5875));
#5867 = ORIENTED_EDGE('',*,*,#5868,.T.);
#5868 = EDGE_CURVE('',#5678,#4553,#5869,.T.);
#5869 = LINE('',#5870,#5871);
#5870 = CARTESIAN_POINT('',(18.46522961499,-18.47662649835,0.));
#5871 = VECTOR('',#5872,1.);
#5872 = DIRECTION('',(0.,0.,1.));
#5873 = ORIENTED_EDGE('',*,*,#4560,.T.);
#5874 = ORIENTED_EDGE('',*,*,#5851,.F.);
#5875 = ORIENTED_EDGE('',*,*,#5685,.F.);
#5876 = PLANE('',#5877);
#5877 = AXIS2_PLACEMENT_3D('',#5878,#5879,#5880);
#5878 = CARTESIAN_POINT('',(18.46522961499,-18.47662649835,0.));
#5879 = DIRECTION('',(0.779876718412,-0.625933146653,0.));
#5880 = DIRECTION('',(-0.625933146653,-0.779876718412,0.));
#5881 = ADVANCED_FACE('',(#5882),#5893,.F.);
#5882 = FACE_BOUND('',#5883,.F.);
#5883 = EDGE_LOOP('',(#5884,#5890,#5891,#5892));
#5884 = ORIENTED_EDGE('',*,*,#5885,.T.);
#5885 = EDGE_CURVE('',#5670,#4545,#5886,.T.);
#5886 = LINE('',#5887,#5888);
#5887 = CARTESIAN_POINT('',(19.007355787828,-17.98662982251,0.));
#5888 = VECTOR('',#5889,1.);
#5889 = DIRECTION('',(0.,0.,1.));
#5890 = ORIENTED_EDGE('',*,*,#4552,.T.);
#5891 = ORIENTED_EDGE('',*,*,#5868,.F.);
#5892 = ORIENTED_EDGE('',*,*,#5677,.F.);
#5893 = PLANE('',#5894);
#5894 = AXIS2_PLACEMENT_3D('',#5895,#5896,#5897);
#5895 = CARTESIAN_POINT('',(19.007355787828,-17.98662982251,0.));
#5896 = DIRECTION('',(0.670538177664,-0.741875024715,0.));
#5897 = DIRECTION('',(-0.741875024715,-0.670538177664,0.));
#5898 = ADVANCED_FACE('',(#5899),#5910,.F.);
#5899 = FACE_BOUND('',#5900,.F.);
#5900 = EDGE_LOOP('',(#5901,#5907,#5908,#5909));
#5901 = ORIENTED_EDGE('',*,*,#5902,.T.);
#5902 = EDGE_CURVE('',#5662,#4537,#5903,.T.);
#5903 = LINE('',#5904,#5905);
#5904 = CARTESIAN_POINT('',(19.540457957005,-17.64085315659,0.));
#5905 = VECTOR('',#5906,1.);
#5906 = DIRECTION('',(0.,0.,1.));
#5907 = ORIENTED_EDGE('',*,*,#4544,.T.);
#5908 = ORIENTED_EDGE('',*,*,#5885,.F.);
#5909 = ORIENTED_EDGE('',*,*,#5669,.F.);
#5910 = PLANE('',#5911);
#5911 = AXIS2_PLACEMENT_3D('',#5912,#5913,#5914);
#5912 = CARTESIAN_POINT('',(19.540457957005,-17.64085315659,0.));
#5913 = DIRECTION('',(0.544169686743,-0.838975179627,0.));
#5914 = DIRECTION('',(-0.838975179627,-0.544169686743,0.));
#5915 = ADVANCED_FACE('',(#5916),#5927,.F.);
#5916 = FACE_BOUND('',#5917,.F.);
#5917 = EDGE_LOOP('',(#5918,#5924,#5925,#5926));
#5918 = ORIENTED_EDGE('',*,*,#5919,.T.);
#5919 = EDGE_CURVE('',#5654,#4529,#5920,.T.);
#5920 = LINE('',#5921,#5922);
#5921 = CARTESIAN_POINT('',(20.205853140137,-17.34645126151,0.));
#5922 = VECTOR('',#5923,1.);
#5923 = DIRECTION('',(0.,0.,1.));
#5924 = ORIENTED_EDGE('',*,*,#4536,.T.);
#5925 = ORIENTED_EDGE('',*,*,#5902,.F.);
#5926 = ORIENTED_EDGE('',*,*,#5661,.F.);
#5927 = PLANE('',#5928);
#5928 = AXIS2_PLACEMENT_3D('',#5929,#5930,#5931);
#5929 = CARTESIAN_POINT('',(20.205853140137,-17.34645126151,0.));
#5930 = DIRECTION('',(0.40461232371,-0.914488309112,0.));
#5931 = DIRECTION('',(-0.914488309112,-0.40461232371,0.));
#5932 = ADVANCED_FACE('',(#5933),#5944,.F.);
#5933 = FACE_BOUND('',#5934,.F.);
#5934 = EDGE_LOOP('',(#5935,#5941,#5942,#5943));
#5935 = ORIENTED_EDGE('',*,*,#5936,.T.);
#5936 = EDGE_CURVE('',#5646,#4521,#5937,.T.);
#5937 = LINE('',#5938,#5939);
#5938 = CARTESIAN_POINT('',(20.815029821993,-17.1858895757,0.));
#5939 = VECTOR('',#5940,1.);
#5940 = DIRECTION('',(0.,0.,1.));
#5941 = ORIENTED_EDGE('',*,*,#4528,.T.);
#5942 = ORIENTED_EDGE('',*,*,#5919,.F.);
#5943 = ORIENTED_EDGE('',*,*,#5653,.F.);
#5944 = PLANE('',#5945);
#5945 = AXIS2_PLACEMENT_3D('',#5946,#5947,#5948);
#5946 = CARTESIAN_POINT('',(20.815029821993,-17.1858895757,0.));
#5947 = DIRECTION('',(0.254867433208,-0.966976003575,0.));
#5948 = DIRECTION('',(-0.966976003575,-0.254867433208,0.));
#5949 = ADVANCED_FACE('',(#5950),#5961,.F.);
#5950 = FACE_BOUND('',#5951,.F.);
#5951 = EDGE_LOOP('',(#5952,#5958,#5959,#5960));
#5952 = ORIENTED_EDGE('',*,*,#5953,.T.);
#5953 = EDGE_CURVE('',#5638,#4513,#5954,.T.);
#5954 = LINE('',#5955,#5956);
#5955 = CARTESIAN_POINT('',(21.399580838901,-17.10993497153,0.));
#5956 = VECTOR('',#5957,1.);
#5957 = DIRECTION('',(0.,0.,1.));
#5958 = ORIENTED_EDGE('',*,*,#4520,.T.);
#5959 = ORIENTED_EDGE('',*,*,#5936,.F.);
#5960 = ORIENTED_EDGE('',*,*,#5645,.F.);
#5961 = PLANE('',#5962);
#5962 = AXIS2_PLACEMENT_3D('',#5963,#5964,#5965);
#5963 = CARTESIAN_POINT('',(21.399580838901,-17.10993497153,0.));
#5964 = DIRECTION('',(0.128853457627,-0.991663645828,0.));
#5965 = DIRECTION('',(-0.991663645828,-0.128853457627,0.));
#5966 = ADVANCED_FACE('',(#5967),#5978,.F.);
#5967 = FACE_BOUND('',#5968,.F.);
#5968 = EDGE_LOOP('',(#5969,#5975,#5976,#5977));
#5969 = ORIENTED_EDGE('',*,*,#5970,.T.);
#5970 = EDGE_CURVE('',#5630,#4505,#5971,.T.);
#5971 = LINE('',#5972,#5973);
#5972 = CARTESIAN_POINT('',(35.673993121782,-17.09973137406,0.));
#5973 = VECTOR('',#5974,1.);
#5974 = DIRECTION('',(0.,0.,1.));
#5975 = ORIENTED_EDGE('',*,*,#4512,.T.);
#5976 = ORIENTED_EDGE('',*,*,#5953,.F.);
#5977 = ORIENTED_EDGE('',*,*,#5637,.F.);
#5978 = PLANE('',#5979);
#5979 = AXIS2_PLACEMENT_3D('',#5980,#5981,#5982);
#5980 = CARTESIAN_POINT('',(35.673993121782,-17.09973137406,0.));
#5981 = DIRECTION('',(7.148171610022E-04,-0.999999744518,0.));
#5982 = DIRECTION('',(-0.999999744518,-7.148171610022E-04,0.));
#5983 = ADVANCED_FACE('',(#5984),#5995,.F.);
#5984 = FACE_BOUND('',#5985,.F.);
#5985 = EDGE_LOOP('',(#5986,#5992,#5993,#5994));
#5986 = ORIENTED_EDGE('',*,*,#5987,.T.);
#5987 = EDGE_CURVE('',#5622,#4497,#5988,.T.);
#5988 = LINE('',#5989,#5990);
#5989 = CARTESIAN_POINT('',(35.705675291619,-9.240849712354,0.));
#5990 = VECTOR('',#5991,1.);
#5991 = DIRECTION('',(0.,0.,1.));
#5992 = ORIENTED_EDGE('',*,*,#4504,.T.);
#5993 = ORIENTED_EDGE('',*,*,#5970,.F.);
#5994 = ORIENTED_EDGE('',*,*,#5629,.F.);
#5995 = PLANE('',#5996);
#5996 = AXIS2_PLACEMENT_3D('',#5997,#5998,#5999);
#5997 = CARTESIAN_POINT('',(35.705675291619,-9.240849712354,0.));
#5998 = DIRECTION('',(0.999991874071,-4.03135124736E-03,0.));
#5999 = DIRECTION('',(-4.03135124736E-03,-0.999991874071,0.));
#6000 = ADVANCED_FACE('',(#6001),#6012,.F.);
#6001 = FACE_BOUND('',#6002,.F.);
#6002 = EDGE_LOOP('',(#6003,#6009,#6010,#6011));
#6003 = ORIENTED_EDGE('',*,*,#6004,.T.);
#6004 = EDGE_CURVE('',#5614,#4489,#6005,.T.);
#6005 = LINE('',#6006,#6007);
#6006 = CARTESIAN_POINT('',(35.796670091997,-8.609513828774,0.));
#6007 = VECTOR('',#6008,1.);
#6008 = DIRECTION('',(0.,0.,1.));
#6009 = ORIENTED_EDGE('',*,*,#4496,.T.);
#6010 = ORIENTED_EDGE('',*,*,#5987,.F.);
#6011 = ORIENTED_EDGE('',*,*,#5621,.F.);
#6012 = PLANE('',#6013);
#6013 = AXIS2_PLACEMENT_3D('',#6014,#6015,#6016);
#6014 = CARTESIAN_POINT('',(35.796670091997,-8.609513828774,0.));
#6015 = DIRECTION('',(0.989772266746,-0.142656440375,0.));
#6016 = DIRECTION('',(-0.142656440375,-0.989772266746,0.));
#6017 = ADVANCED_FACE('',(#6018),#6029,.F.);
#6018 = FACE_BOUND('',#6019,.F.);
#6019 = EDGE_LOOP('',(#6020,#6026,#6027,#6028));
#6020 = ORIENTED_EDGE('',*,*,#6021,.T.);
#6021 = EDGE_CURVE('',#5606,#4481,#6022,.T.);
#6022 = LINE('',#6023,#6024);
#6023 = CARTESIAN_POINT('',(36.025907996939,-7.819040643375,0.));
#6024 = VECTOR('',#6025,1.);
#6025 = DIRECTION('',(0.,0.,1.));
#6026 = ORIENTED_EDGE('',*,*,#4488,.T.);
#6027 = ORIENTED_EDGE('',*,*,#6004,.F.);
#6028 = ORIENTED_EDGE('',*,*,#5613,.F.);
#6029 = PLANE('',#6030);
#6030 = AXIS2_PLACEMENT_3D('',#6031,#6032,#6033);
#6031 = CARTESIAN_POINT('',(36.025907996939,-7.819040643375,0.));
#6032 = DIRECTION('',(0.960428917384,-0.278525213674,0.));
#6033 = DIRECTION('',(-0.278525213674,-0.960428917384,0.));
#6034 = ADVANCED_FACE('',(#6035),#6046,.F.);
#6035 = FACE_BOUND('',#6036,.F.);
#6036 = EDGE_LOOP('',(#6037,#6043,#6044,#6045));
#6037 = ORIENTED_EDGE('',*,*,#6038,.T.);
#6038 = EDGE_CURVE('',#5598,#4473,#6039,.T.);
#6039 = LINE('',#6040,#6041);
#6040 = CARTESIAN_POINT('',(36.456967463486,-7.000547737623,0.));
#6041 = VECTOR('',#6042,1.);
#6042 = DIRECTION('',(0.,0.,1.));
#6043 = ORIENTED_EDGE('',*,*,#4480,.T.);
#6044 = ORIENTED_EDGE('',*,*,#6021,.F.);
#6045 = ORIENTED_EDGE('',*,*,#5605,.F.);
#6046 = PLANE('',#6047);
#6047 = AXIS2_PLACEMENT_3D('',#6048,#6049,#6050);
#6048 = CARTESIAN_POINT('',(36.456967463486,-7.000547737623,0.));
#6049 = DIRECTION('',(0.884796237456,-0.465978130586,0.));
#6050 = DIRECTION('',(-0.465978130586,-0.884796237456,0.));
#6051 = ADVANCED_FACE('',(#6052),#6063,.F.);
#6052 = FACE_BOUND('',#6053,.F.);
#6053 = EDGE_LOOP('',(#6054,#6060,#6061,#6062));
#6054 = ORIENTED_EDGE('',*,*,#6055,.T.);
#6055 = EDGE_CURVE('',#5590,#4465,#6056,.T.);
#6056 = LINE('',#6057,#6058);
#6057 = CARTESIAN_POINT('',(36.955443625847,-6.39315022915,0.));
#6058 = VECTOR('',#6059,1.);
#6059 = DIRECTION('',(0.,0.,1.));
#6060 = ORIENTED_EDGE('',*,*,#4472,.T.);
#6061 = ORIENTED_EDGE('',*,*,#6038,.F.);
#6062 = ORIENTED_EDGE('',*,*,#5597,.F.);
#6063 = PLANE('',#6064);
#6064 = AXIS2_PLACEMENT_3D('',#6065,#6066,#6067);
#6065 = CARTESIAN_POINT('',(36.955443625847,-6.39315022915,0.));
#6066 = DIRECTION('',(0.773011758016,-0.634391694436,0.));
#6067 = DIRECTION('',(-0.634391694436,-0.773011758016,0.));
#6068 = ADVANCED_FACE('',(#6069),#6080,.F.);
#6069 = FACE_BOUND('',#6070,.F.);
#6070 = EDGE_LOOP('',(#6071,#6077,#6078,#6079));
#6071 = ORIENTED_EDGE('',*,*,#6072,.T.);
#6072 = EDGE_CURVE('',#5582,#4457,#6073,.T.);
#6073 = LINE('',#6074,#6075);
#6074 = CARTESIAN_POINT('',(37.577975307055,-5.86351746974,0.));
#6075 = VECTOR('',#6076,1.);
#6076 = DIRECTION('',(0.,0.,1.));
#6077 = ORIENTED_EDGE('',*,*,#4464,.T.);
#6078 = ORIENTED_EDGE('',*,*,#6055,.F.);
#6079 = ORIENTED_EDGE('',*,*,#5589,.F.);
#6080 = PLANE('',#6081);
#6081 = AXIS2_PLACEMENT_3D('',#6082,#6083,#6084);
#6082 = CARTESIAN_POINT('',(37.577975307055,-5.86351746974,0.));
#6083 = DIRECTION('',(0.647989882832,-0.761648942589,0.));
#6084 = DIRECTION('',(-0.761648942589,-0.647989882832,0.));
#6085 = ADVANCED_FACE('',(#6086),#6097,.F.);
#6086 = FACE_BOUND('',#6087,.F.);
#6087 = EDGE_LOOP('',(#6088,#6094,#6095,#6096));
#6088 = ORIENTED_EDGE('',*,*,#6089,.T.);
#6089 = EDGE_CURVE('',#5574,#4449,#6090,.T.);
#6090 = LINE('',#6091,#6092);
#6091 = CARTESIAN_POINT('',(38.127412045443,-5.544310995177,0.));
#6092 = VECTOR('',#6093,1.);
#6093 = DIRECTION('',(0.,0.,1.));
#6094 = ORIENTED_EDGE('',*,*,#4456,.T.);
#6095 = ORIENTED_EDGE('',*,*,#6072,.F.);
#6096 = ORIENTED_EDGE('',*,*,#5581,.F.);
#6097 = PLANE('',#6098);
#6098 = AXIS2_PLACEMENT_3D('',#6099,#6100,#6101);
#6099 = CARTESIAN_POINT('',(38.127412045443,-5.544310995177,0.));
#6100 = DIRECTION('',(0.502345809665,-0.864666807223,0.));
#6101 = DIRECTION('',(-0.864666807223,-0.502345809665,0.));
#6102 = ADVANCED_FACE('',(#6103),#6114,.F.);
#6103 = FACE_BOUND('',#6104,.F.);
#6104 = EDGE_LOOP('',(#6105,#6111,#6112,#6113));
#6105 = ORIENTED_EDGE('',*,*,#6106,.T.);
#6106 = EDGE_CURVE('',#5566,#4441,#6107,.T.);
#6107 = LINE('',#6108,#6109);
#6108 = CARTESIAN_POINT('',(38.834106714194,-5.277237105106,0.));
#6109 = VECTOR('',#6110,1.);
#6110 = DIRECTION('',(0.,0.,1.));
#6111 = ORIENTED_EDGE('',*,*,#4448,.T.);
#6112 = ORIENTED_EDGE('',*,*,#6089,.F.);
#6113 = ORIENTED_EDGE('',*,*,#5573,.F.);
#6114 = PLANE('',#6115);
#6115 = AXIS2_PLACEMENT_3D('',#6116,#6117,#6118);
#6116 = CARTESIAN_POINT('',(38.834106714194,-5.277237105106,0.));
#6117 = DIRECTION('',(0.35351680486,-0.935428173983,0.));
#6118 = DIRECTION('',(-0.935428173983,-0.35351680486,0.));
#6119 = ADVANCED_FACE('',(#6120),#6131,.F.);
#6120 = FACE_BOUND('',#6121,.F.);
#6121 = EDGE_LOOP('',(#6122,#6128,#6129,#6130));
#6122 = ORIENTED_EDGE('',*,*,#6123,.T.);
#6123 = EDGE_CURVE('',#5558,#4433,#6124,.T.);
#6124 = LINE('',#6125,#6126);
#6125 = CARTESIAN_POINT('',(39.948033472348,-5.100702255726,0.));
#6126 = VECTOR('',#6127,1.);
#6127 = DIRECTION('',(0.,0.,1.));
#6128 = ORIENTED_EDGE('',*,*,#4440,.T.);
#6129 = ORIENTED_EDGE('',*,*,#6106,.F.);
#6130 = ORIENTED_EDGE('',*,*,#5565,.F.);
#6131 = PLANE('',#6132);
#6132 = AXIS2_PLACEMENT_3D('',#6133,#6134,#6135);
#6133 = CARTESIAN_POINT('',(39.948033472348,-5.100702255726,0.));
#6134 = DIRECTION('',(0.156526308761,-0.987673789601,0.));
#6135 = DIRECTION('',(-0.987673789601,-0.156526308761,0.));
#6136 = ADVANCED_FACE('',(#6137),#6148,.F.);
#6137 = FACE_BOUND('',#6138,.F.);
#6138 = EDGE_LOOP('',(#6139,#6145,#6146,#6147));
#6139 = ORIENTED_EDGE('',*,*,#6140,.T.);
#6140 = EDGE_CURVE('',#5550,#4425,#6141,.T.);
#6141 = LINE('',#6142,#6143);
#6142 = CARTESIAN_POINT('',(53.702592820094,-5.100014725719,0.));
#6143 = VECTOR('',#6144,1.);
#6144 = DIRECTION('',(0.,0.,1.));
#6145 = ORIENTED_EDGE('',*,*,#4432,.T.);
#6146 = ORIENTED_EDGE('',*,*,#6123,.F.);
#6147 = ORIENTED_EDGE('',*,*,#5557,.F.);
#6148 = PLANE('',#6149);
#6149 = AXIS2_PLACEMENT_3D('',#6150,#6151,#6152);
#6150 = CARTESIAN_POINT('',(53.702592820094,-5.100014725719,0.));
#6151 = DIRECTION('',(4.998560758179E-05,-0.999999998751,0.));
#6152 = DIRECTION('',(-0.999999998751,-4.998560758179E-05,0.));
#6153 = ADVANCED_FACE('',(#6154),#6165,.F.);
#6154 = FACE_BOUND('',#6155,.F.);
#6155 = EDGE_LOOP('',(#6156,#6162,#6163,#6164));
#6156 = ORIENTED_EDGE('',*,*,#6157,.T.);
#6157 = EDGE_CURVE('',#5542,#4417,#6158,.T.);
#6158 = LINE('',#6159,#6160);
#6159 = CARTESIAN_POINT('',(53.730696496494,-3.996768573735,0.));
#6160 = VECTOR('',#6161,1.);
#6161 = DIRECTION('',(0.,0.,1.));
#6162 = ORIENTED_EDGE('',*,*,#4424,.T.);
#6163 = ORIENTED_EDGE('',*,*,#6140,.F.);
#6164 = ORIENTED_EDGE('',*,*,#5549,.F.);
#6165 = PLANE('',#6166);
#6166 = AXIS2_PLACEMENT_3D('',#6167,#6168,#6169);
#6167 = CARTESIAN_POINT('',(53.730696496494,-3.996768573735,0.));
#6168 = DIRECTION('',(0.999675705088,-2.546536189635E-02,0.));
#6169 = DIRECTION('',(-2.546536189635E-02,-0.999675705088,0.));
#6170 = ADVANCED_FACE('',(#6171),#6182,.F.);
#6171 = FACE_BOUND('',#6172,.F.);
#6172 = EDGE_LOOP('',(#6173,#6179,#6180,#6181));
#6173 = ORIENTED_EDGE('',*,*,#6174,.T.);
#6174 = EDGE_CURVE('',#5534,#4409,#6175,.T.);
#6175 = LINE('',#6176,#6177);
#6176 = CARTESIAN_POINT('',(53.894397155009,-3.20128304969,0.));
#6177 = VECTOR('',#6178,1.);
#6178 = DIRECTION('',(0.,0.,1.));
#6179 = ORIENTED_EDGE('',*,*,#4416,.T.);
#6180 = ORIENTED_EDGE('',*,*,#6157,.F.);
#6181 = ORIENTED_EDGE('',*,*,#5541,.F.);
#6182 = PLANE('',#6183);
#6183 = AXIS2_PLACEMENT_3D('',#6184,#6185,#6186);
#6184 = CARTESIAN_POINT('',(53.894397155009,-3.20128304969,0.));
#6185 = DIRECTION('',(0.979475466613,-0.201563415092,0.));
#6186 = DIRECTION('',(-0.201563415092,-0.979475466613,0.));
#6187 = ADVANCED_FACE('',(#6188),#6199,.F.);
#6188 = FACE_BOUND('',#6189,.F.);
#6189 = EDGE_LOOP('',(#6190,#6196,#6197,#6198));
#6190 = ORIENTED_EDGE('',*,*,#6191,.T.);
#6191 = EDGE_CURVE('',#5526,#4401,#6192,.T.);
#6192 = LINE('',#6193,#6194);
#6193 = CARTESIAN_POINT('',(54.200008798925,-2.437105859567,0.));
#6194 = VECTOR('',#6195,1.);
#6195 = DIRECTION('',(0.,0.,1.));
#6196 = ORIENTED_EDGE('',*,*,#4408,.T.);
#6197 = ORIENTED_EDGE('',*,*,#6174,.F.);
#6198 = ORIENTED_EDGE('',*,*,#5533,.F.);
#6199 = PLANE('',#6200);
#6200 = AXIS2_PLACEMENT_3D('',#6201,#6202,#6203);
#6201 = CARTESIAN_POINT('',(54.200008798925,-2.437105859567,0.));
#6202 = DIRECTION('',(0.928501505734,-0.371328633221,0.));
#6203 = DIRECTION('',(-0.371328633221,-0.928501505734,0.));
#6204 = ADVANCED_FACE('',(#6205),#6216,.F.);
#6205 = FACE_BOUND('',#6206,.F.);
#6206 = EDGE_LOOP('',(#6207,#6213,#6214,#6215));
#6207 = ORIENTED_EDGE('',*,*,#6208,.T.);
#6208 = EDGE_CURVE('',#5518,#4393,#6209,.T.);
#6209 = LINE('',#6210,#6211);
#6210 = CARTESIAN_POINT('',(54.573656666473,-1.812754237622,0.));
#6211 = VECTOR('',#6212,1.);
#6212 = DIRECTION('',(0.,0.,1.));
#6213 = ORIENTED_EDGE('',*,*,#4400,.T.);
#6214 = ORIENTED_EDGE('',*,*,#6191,.F.);
#6215 = ORIENTED_EDGE('',*,*,#5525,.F.);
#6216 = PLANE('',#6217);
#6217 = AXIS2_PLACEMENT_3D('',#6218,#6219,#6220);
#6218 = CARTESIAN_POINT('',(54.573656666473,-1.812754237622,0.));
#6219 = DIRECTION('',(0.85807633316,-0.513522157722,0.));
#6220 = DIRECTION('',(-0.513522157722,-0.85807633316,0.));
#6221 = ADVANCED_FACE('',(#6222),#6233,.F.);
#6222 = FACE_BOUND('',#6223,.F.);
#6223 = EDGE_LOOP('',(#6224,#6230,#6231,#6232));
#6224 = ORIENTED_EDGE('',*,*,#6225,.T.);
#6225 = EDGE_CURVE('',#5510,#4385,#6226,.T.);
#6226 = LINE('',#6227,#6228);
#6227 = CARTESIAN_POINT('',(55.223706020588,-1.124965136008,0.));
#6228 = VECTOR('',#6229,1.);
#6229 = DIRECTION('',(0.,0.,1.));
#6230 = ORIENTED_EDGE('',*,*,#4392,.T.);
#6231 = ORIENTED_EDGE('',*,*,#6208,.F.);
#6232 = ORIENTED_EDGE('',*,*,#5517,.F.);
#6233 = PLANE('',#6234);
#6234 = AXIS2_PLACEMENT_3D('',#6235,#6236,#6237);
#6235 = CARTESIAN_POINT('',(55.223706020588,-1.124965136008,0.));
#6236 = DIRECTION('',(0.726764793193,-0.686886406457,0.));
#6237 = DIRECTION('',(-0.686886406457,-0.726764793193,0.));
#6238 = ADVANCED_FACE('',(#6239),#6250,.F.);
#6239 = FACE_BOUND('',#6240,.F.);
#6240 = EDGE_LOOP('',(#6241,#6247,#6248,#6249));
#6241 = ORIENTED_EDGE('',*,*,#6242,.T.);
#6242 = EDGE_CURVE('',#5502,#4377,#6243,.T.);
#6243 = LINE('',#6244,#6245);
#6244 = CARTESIAN_POINT('',(56.008754216888,-0.596233349806,0.));
#6245 = VECTOR('',#6246,1.);
#6246 = DIRECTION('',(0.,0.,1.));
#6247 = ORIENTED_EDGE('',*,*,#4384,.T.);
#6248 = ORIENTED_EDGE('',*,*,#6225,.F.);
#6249 = ORIENTED_EDGE('',*,*,#5509,.F.);
#6250 = PLANE('',#6251);
#6251 = AXIS2_PLACEMENT_3D('',#6252,#6253,#6254);
#6252 = CARTESIAN_POINT('',(56.008754216888,-0.596233349806,0.));
#6253 = DIRECTION('',(0.558619174384,-0.829424269002,0.));
#6254 = DIRECTION('',(-0.829424269002,-0.558619174384,0.));
#6255 = ADVANCED_FACE('',(#6256),#6267,.F.);
#6256 = FACE_BOUND('',#6257,.F.);
#6257 = EDGE_LOOP('',(#6258,#6264,#6265,#6266));
#6258 = ORIENTED_EDGE('',*,*,#6259,.T.);
#6259 = EDGE_CURVE('',#5494,#4369,#6260,.T.);
#6260 = LINE('',#6261,#6262);
#6261 = CARTESIAN_POINT('',(56.893677661836,-0.251708244191,0.));
#6262 = VECTOR('',#6263,1.);
#6263 = DIRECTION('',(0.,0.,1.));
#6264 = ORIENTED_EDGE('',*,*,#4376,.T.);
#6265 = ORIENTED_EDGE('',*,*,#6242,.F.);
#6266 = ORIENTED_EDGE('',*,*,#5501,.F.);
#6267 = PLANE('',#6268);
#6268 = AXIS2_PLACEMENT_3D('',#6269,#6270,#6271);
#6269 = CARTESIAN_POINT('',(56.893677661836,-0.251708244191,0.));
#6270 = DIRECTION('',(0.362801335359,-0.93186650925,0.));
#6271 = DIRECTION('',(-0.93186650925,-0.362801335359,0.));
#6272 = ADVANCED_FACE('',(#6273),#6284,.F.);
#6273 = FACE_BOUND('',#6274,.F.);
#6274 = EDGE_LOOP('',(#6275,#6281,#6282,#6283));
#6275 = ORIENTED_EDGE('',*,*,#6276,.T.);
#6276 = EDGE_CURVE('',#5486,#4361,#6277,.T.);
#6277 = LINE('',#6278,#6279);
#6278 = CARTESIAN_POINT('',(57.330377561183,-0.159260599617,0.));
#6279 = VECTOR('',#6280,1.);
#6280 = DIRECTION('',(0.,0.,1.));
#6281 = ORIENTED_EDGE('',*,*,#4368,.T.);
#6282 = ORIENTED_EDGE('',*,*,#6259,.F.);
#6283 = ORIENTED_EDGE('',*,*,#5493,.F.);
#6284 = PLANE('',#6285);
#6285 = AXIS2_PLACEMENT_3D('',#6286,#6287,#6288);
#6286 = CARTESIAN_POINT('',(57.330377561183,-0.159260599617,0.));
#6287 = DIRECTION('',(0.207106158748,-0.978318475247,0.));
#6288 = DIRECTION('',(-0.978318475247,-0.207106158748,0.));
#6289 = ADVANCED_FACE('',(#6290),#6301,.F.);
#6290 = FACE_BOUND('',#6291,.F.);
#6291 = EDGE_LOOP('',(#6292,#6298,#6299,#6300));
#6292 = ORIENTED_EDGE('',*,*,#6293,.T.);
#6293 = EDGE_CURVE('',#5478,#4353,#6294,.T.);
#6294 = LINE('',#6295,#6296);
#6295 = CARTESIAN_POINT('',(57.809580744654,-0.109394869639,0.));
#6296 = VECTOR('',#6297,1.);
#6297 = DIRECTION('',(0.,0.,1.));
#6298 = ORIENTED_EDGE('',*,*,#4360,.T.);
#6299 = ORIENTED_EDGE('',*,*,#6276,.F.);
#6300 = ORIENTED_EDGE('',*,*,#5485,.F.);
#6301 = PLANE('',#6302);
#6302 = AXIS2_PLACEMENT_3D('',#6303,#6304,#6305);
#6303 = CARTESIAN_POINT('',(57.809580744654,-0.109394869639,0.));
#6304 = DIRECTION('',(0.103500813956,-0.994629368916,0.));
#6305 = DIRECTION('',(-0.994629368916,-0.103500813956,0.));
#6306 = ADVANCED_FACE('',(#6307),#6318,.F.);
#6307 = FACE_BOUND('',#6308,.F.);
#6308 = EDGE_LOOP('',(#6309,#6315,#6316,#6317));
#6309 = ORIENTED_EDGE('',*,*,#6310,.T.);
#6310 = EDGE_CURVE('',#5470,#4345,#6311,.T.);
#6311 = LINE('',#6312,#6313);
#6312 = CARTESIAN_POINT('',(74.347520112255,-0.129952395151,0.));
#6313 = VECTOR('',#6314,1.);
#6314 = DIRECTION('',(0.,0.,1.));
#6315 = ORIENTED_EDGE('',*,*,#4352,.T.);
#6316 = ORIENTED_EDGE('',*,*,#6293,.F.);
#6317 = ORIENTED_EDGE('',*,*,#5477,.F.);
#6318 = PLANE('',#6319);
#6319 = AXIS2_PLACEMENT_3D('',#6320,#6321,#6322);
#6320 = CARTESIAN_POINT('',(74.347520112255,-0.129952395151,0.));
#6321 = DIRECTION('',(-1.24305145721E-03,-0.999999227411,0.));
#6322 = DIRECTION('',(-0.999999227411,1.24305145721E-03,0.));
#6323 = ADVANCED_FACE('',(#6324),#6335,.F.);
#6324 = FACE_BOUND('',#6325,.F.);
#6325 = EDGE_LOOP('',(#6326,#6332,#6333,#6334));
#6326 = ORIENTED_EDGE('',*,*,#6327,.T.);
#6327 = EDGE_CURVE('',#5462,#4337,#6328,.T.);
#6328 = LINE('',#6329,#6330);
#6329 = CARTESIAN_POINT('',(75.201648535072,-0.295571896958,0.));
#6330 = VECTOR('',#6331,1.);
#6331 = DIRECTION('',(0.,0.,1.));
#6332 = ORIENTED_EDGE('',*,*,#4344,.T.);
#6333 = ORIENTED_EDGE('',*,*,#6310,.F.);
#6334 = ORIENTED_EDGE('',*,*,#5469,.F.);
#6335 = PLANE('',#6336);
#6336 = AXIS2_PLACEMENT_3D('',#6337,#6338,#6339);
#6337 = CARTESIAN_POINT('',(75.201648535072,-0.295571896958,0.));
#6338 = DIRECTION('',(-0.190359047047,-0.981714537535,0.));
#6339 = DIRECTION('',(-0.981714537535,0.190359047047,0.));
#6340 = ADVANCED_FACE('',(#6341),#6352,.F.);
#6341 = FACE_BOUND('',#6342,.F.);
#6342 = EDGE_LOOP('',(#6343,#6349,#6350,#6351));
#6343 = ORIENTED_EDGE('',*,*,#6344,.T.);
#6344 = EDGE_CURVE('',#5454,#4329,#6345,.T.);
#6345 = LINE('',#6346,#6347);
#6346 = CARTESIAN_POINT('',(75.97039191598,-0.604234748759,0.));
#6347 = VECTOR('',#6348,1.);
#6348 = DIRECTION('',(0.,0.,1.));
#6349 = ORIENTED_EDGE('',*,*,#4336,.T.);
#6350 = ORIENTED_EDGE('',*,*,#6327,.F.);
#6351 = ORIENTED_EDGE('',*,*,#5461,.F.);
#6352 = PLANE('',#6353);
#6353 = AXIS2_PLACEMENT_3D('',#6354,#6355,#6356);
#6354 = CARTESIAN_POINT('',(75.97039191598,-0.604234748759,0.));
#6355 = DIRECTION('',(-0.372603235291,-0.927990748365,0.));
#6356 = DIRECTION('',(-0.927990748365,0.372603235291,0.));
#6357 = ADVANCED_FACE('',(#6358),#6369,.F.);
#6358 = FACE_BOUND('',#6359,.F.);
#6359 = EDGE_LOOP('',(#6360,#6366,#6367,#6368));
#6360 = ORIENTED_EDGE('',*,*,#6361,.T.);
#6361 = EDGE_CURVE('',#5446,#4321,#6362,.T.);
#6362 = LINE('',#6363,#6364);
#6363 = CARTESIAN_POINT('',(76.761790416485,-1.13461104254,0.));
#6364 = VECTOR('',#6365,1.);
#6365 = DIRECTION('',(0.,0.,1.));
#6366 = ORIENTED_EDGE('',*,*,#4328,.T.);
#6367 = ORIENTED_EDGE('',*,*,#6344,.F.);
#6368 = ORIENTED_EDGE('',*,*,#5453,.F.);
#6369 = PLANE('',#6370);
#6370 = AXIS2_PLACEMENT_3D('',#6371,#6372,#6373);
#6371 = CARTESIAN_POINT('',(76.761790416485,-1.13461104254,0.));
#6372 = DIRECTION('',(-0.556716796679,-0.830702358427,0.));
#6373 = DIRECTION('',(-0.830702358427,0.556716796679,0.));
#6374 = ADVANCED_FACE('',(#6375),#6386,.F.);
#6375 = FACE_BOUND('',#6376,.F.);
#6376 = EDGE_LOOP('',(#6377,#6383,#6384,#6385));
#6377 = ORIENTED_EDGE('',*,*,#6378,.T.);
#6378 = EDGE_CURVE('',#5438,#4313,#6379,.T.);
#6379 = LINE('',#6380,#6381);
#6380 = CARTESIAN_POINT('',(77.339550214818,-1.728357730783,0.));
#6381 = VECTOR('',#6382,1.);
#6382 = DIRECTION('',(0.,0.,1.));
#6383 = ORIENTED_EDGE('',*,*,#4320,.T.);
#6384 = ORIENTED_EDGE('',*,*,#6361,.F.);
#6385 = ORIENTED_EDGE('',*,*,#5445,.F.);
#6386 = PLANE('',#6387);
#6387 = AXIS2_PLACEMENT_3D('',#6388,#6389,#6390);
#6388 = CARTESIAN_POINT('',(77.339550214818,-1.728357730783,0.));
#6389 = DIRECTION('',(-0.716689539858,-0.697392359764,0.));
#6390 = DIRECTION('',(-0.697392359764,0.716689539858,0.));
#6391 = ADVANCED_FACE('',(#6392),#6403,.F.);
#6392 = FACE_BOUND('',#6393,.F.);
#6393 = EDGE_LOOP('',(#6394,#6400,#6401,#6402));
#6394 = ORIENTED_EDGE('',*,*,#6395,.T.);
#6395 = EDGE_CURVE('',#5430,#4305,#6396,.T.);
#6396 = LINE('',#6397,#6398);
#6397 = CARTESIAN_POINT('',(77.838198258141,-2.507590452646,0.));
#6398 = VECTOR('',#6399,1.);
#6399 = DIRECTION('',(0.,0.,1.));
#6400 = ORIENTED_EDGE('',*,*,#4312,.T.);
#6401 = ORIENTED_EDGE('',*,*,#6378,.F.);
#6402 = ORIENTED_EDGE('',*,*,#5437,.F.);
#6403 = PLANE('',#6404);
#6404 = AXIS2_PLACEMENT_3D('',#6405,#6406,#6407);
#6405 = CARTESIAN_POINT('',(77.838198258141,-2.507590452646,0.));
#6406 = DIRECTION('',(-0.842301287045,-0.539006996099,0.));
#6407 = DIRECTION('',(-0.539006996099,0.842301287045,0.));
#6408 = ADVANCED_FACE('',(#6409),#6420,.F.);
#6409 = FACE_BOUND('',#6410,.F.);
#6410 = EDGE_LOOP('',(#6411,#6417,#6418,#6419));
#6411 = ORIENTED_EDGE('',*,*,#6412,.T.);
#6412 = EDGE_CURVE('',#5422,#4297,#6413,.T.);
#6413 = LINE('',#6414,#6415);
#6414 = CARTESIAN_POINT('',(78.118036517762,-3.236063200412,0.));
#6415 = VECTOR('',#6416,1.);
#6416 = DIRECTION('',(0.,0.,1.));
#6417 = ORIENTED_EDGE('',*,*,#4304,.T.);
#6418 = ORIENTED_EDGE('',*,*,#6395,.F.);
#6419 = ORIENTED_EDGE('',*,*,#5429,.F.);
#6420 = PLANE('',#6421);
#6421 = AXIS2_PLACEMENT_3D('',#6422,#6423,#6424);
#6422 = CARTESIAN_POINT('',(78.118036517762,-3.236063200412,0.));
#6423 = DIRECTION('',(-0.933493036955,-0.358595524171,0.));
#6424 = DIRECTION('',(-0.358595524171,0.933493036955,0.));
#6425 = ADVANCED_FACE('',(#6426),#6437,.F.);
#6426 = FACE_BOUND('',#6427,.F.);
#6427 = EDGE_LOOP('',(#6428,#6434,#6435,#6436));
#6428 = ORIENTED_EDGE('',*,*,#6429,.T.);
#6429 = EDGE_CURVE('',#5414,#4289,#6430,.T.);
#6430 = LINE('',#6431,#6432);
#6431 = CARTESIAN_POINT('',(78.27028744673,-4.003484109934,0.));
#6432 = VECTOR('',#6433,1.);
#6433 = DIRECTION('',(0.,0.,1.));
#6434 = ORIENTED_EDGE('',*,*,#4296,.T.);
#6435 = ORIENTED_EDGE('',*,*,#6412,.F.);
#6436 = ORIENTED_EDGE('',*,*,#5421,.F.);
#6437 = PLANE('',#6438);
#6438 = AXIS2_PLACEMENT_3D('',#6439,#6440,#6441);
#6439 = CARTESIAN_POINT('',(78.27028744673,-4.003484109934,0.));
#6440 = DIRECTION('',(-0.980882636641,-0.194600239301,0.));
#6441 = DIRECTION('',(-0.194600239301,0.980882636641,0.));
#6442 = ADVANCED_FACE('',(#6443),#6454,.F.);
#6443 = FACE_BOUND('',#6444,.F.);
#6444 = EDGE_LOOP('',(#6445,#6451,#6452,#6453));
#6445 = ORIENTED_EDGE('',*,*,#6446,.T.);
#6446 = EDGE_CURVE('',#5406,#4281,#6447,.T.);
#6447 = LINE('',#6448,#6449);
#6448 = CARTESIAN_POINT('',(78.297642589273,-5.100233664835,0.));
#6449 = VECTOR('',#6450,1.);
#6450 = DIRECTION('',(0.,0.,1.));
#6451 = ORIENTED_EDGE('',*,*,#4288,.T.);
#6452 = ORIENTED_EDGE('',*,*,#6429,.F.);
#6453 = ORIENTED_EDGE('',*,*,#5413,.F.);
#6454 = PLANE('',#6455);
#6455 = AXIS2_PLACEMENT_3D('',#6456,#6457,#6458);
#6456 = CARTESIAN_POINT('',(78.297642589273,-5.100233664835,0.));
#6457 = DIRECTION('',(-0.999689093028,-2.493425916207E-02,0.));
#6458 = DIRECTION('',(-2.493425916207E-02,0.999689093028,0.));
#6459 = ADVANCED_FACE('',(#6460),#6471,.F.);
#6460 = FACE_BOUND('',#6461,.F.);
#6461 = EDGE_LOOP('',(#6462,#6468,#6469,#6470));
#6462 = ORIENTED_EDGE('',*,*,#6463,.T.);
#6463 = EDGE_CURVE('',#5398,#4273,#6464,.T.);
#6464 = LINE('',#6465,#6466);
#6465 = CARTESIAN_POINT('',(92.525893291651,-5.112937267127,0.));
#6466 = VECTOR('',#6467,1.);
#6467 = DIRECTION('',(0.,0.,1.));
#6468 = ORIENTED_EDGE('',*,*,#4280,.T.);
#6469 = ORIENTED_EDGE('',*,*,#6446,.F.);
#6470 = ORIENTED_EDGE('',*,*,#5405,.F.);
#6471 = PLANE('',#6472);
#6472 = AXIS2_PLACEMENT_3D('',#6473,#6474,#6475);
#6473 = CARTESIAN_POINT('',(92.525893291651,-5.112937267127,0.));
#6474 = DIRECTION('',(-8.928432239807E-04,-0.999999601415,0.));
#6475 = DIRECTION('',(-0.999999601415,8.928432239807E-04,0.));
#6476 = ADVANCED_FACE('',(#6477),#6488,.F.);
#6477 = FACE_BOUND('',#6478,.F.);
#6478 = EDGE_LOOP('',(#6479,#6485,#6486,#6487));
#6479 = ORIENTED_EDGE('',*,*,#6480,.T.);
#6480 = EDGE_CURVE('',#5390,#4265,#6481,.T.);
#6481 = LINE('',#6482,#6483);
#6482 = CARTESIAN_POINT('',(93.594438639169,-5.312102909086,0.));
#6483 = VECTOR('',#6484,1.);
#6484 = DIRECTION('',(0.,0.,1.));
#6485 = ORIENTED_EDGE('',*,*,#4272,.T.);
#6486 = ORIENTED_EDGE('',*,*,#6463,.F.);
#6487 = ORIENTED_EDGE('',*,*,#5397,.F.);
#6488 = PLANE('',#6489);
#6489 = AXIS2_PLACEMENT_3D('',#6490,#6491,#6492);
#6490 = CARTESIAN_POINT('',(93.594438639169,-5.312102909086,0.));
#6491 = DIRECTION('',(-0.183233814909,-0.983069361273,0.));
#6492 = DIRECTION('',(-0.983069361273,0.183233814909,0.));
#6493 = ADVANCED_FACE('',(#6494),#6505,.F.);
#6494 = FACE_BOUND('',#6495,.F.);
#6495 = EDGE_LOOP('',(#6496,#6502,#6503,#6504));
#6496 = ORIENTED_EDGE('',*,*,#6497,.T.);
#6497 = EDGE_CURVE('',#5382,#4257,#6498,.T.);
#6498 = LINE('',#6499,#6500);
#6499 = CARTESIAN_POINT('',(94.1767334045,-5.548961310368,0.));
#6500 = VECTOR('',#6501,1.);
#6501 = DIRECTION('',(0.,0.,1.));
#6502 = ORIENTED_EDGE('',*,*,#4264,.T.);
#6503 = ORIENTED_EDGE('',*,*,#6480,.F.);
#6504 = ORIENTED_EDGE('',*,*,#5389,.F.);
#6505 = PLANE('',#6506);
#6506 = AXIS2_PLACEMENT_3D('',#6507,#6508,#6509);
#6507 = CARTESIAN_POINT('',(94.1767334045,-5.548961310368,0.));
#6508 = DIRECTION('',(-0.376788211703,-0.92629943513,0.));
#6509 = DIRECTION('',(-0.92629943513,0.376788211703,0.));
#6510 = ADVANCED_FACE('',(#6511),#6522,.F.);
#6511 = FACE_BOUND('',#6512,.F.);
#6512 = EDGE_LOOP('',(#6513,#6519,#6520,#6521));
#6513 = ORIENTED_EDGE('',*,*,#6514,.T.);
#6514 = EDGE_CURVE('',#5374,#4249,#6515,.T.);
#6515 = LINE('',#6516,#6517);
#6516 = CARTESIAN_POINT('',(94.647785265701,-5.820806583203,0.));
#6517 = VECTOR('',#6518,1.);
#6518 = DIRECTION('',(0.,0.,1.));
#6519 = ORIENTED_EDGE('',*,*,#4256,.T.);
#6520 = ORIENTED_EDGE('',*,*,#6497,.F.);
#6521 = ORIENTED_EDGE('',*,*,#5381,.F.);
#6522 = PLANE('',#6523);
#6523 = AXIS2_PLACEMENT_3D('',#6524,#6525,#6526);
#6524 = CARTESIAN_POINT('',(94.647785265701,-5.820806583203,0.));
#6525 = DIRECTION('',(-0.499839134471,-0.866118259622,0.));
#6526 = DIRECTION('',(-0.866118259622,0.499839134471,0.));
#6527 = ADVANCED_FACE('',(#6528),#6539,.F.);
#6528 = FACE_BOUND('',#6529,.F.);
#6529 = EDGE_LOOP('',(#6530,#6536,#6537,#6538));
#6530 = ORIENTED_EDGE('',*,*,#6531,.T.);
#6531 = EDGE_CURVE('',#5366,#4241,#6532,.T.);
#6532 = LINE('',#6533,#6534);
#6533 = CARTESIAN_POINT('',(95.406596074216,-6.461273132249,0.));
#6534 = VECTOR('',#6535,1.);
#6535 = DIRECTION('',(0.,0.,1.));
#6536 = ORIENTED_EDGE('',*,*,#4248,.T.);
#6537 = ORIENTED_EDGE('',*,*,#6514,.F.);
#6538 = ORIENTED_EDGE('',*,*,#5373,.F.);
#6539 = PLANE('',#6540);
#6540 = AXIS2_PLACEMENT_3D('',#6541,#6542,#6543);
#6541 = CARTESIAN_POINT('',(95.406596074216,-6.461273132249,0.));
#6542 = DIRECTION('',(-0.645000309249,-0.764182308791,0.));
#6543 = DIRECTION('',(-0.764182308791,0.645000309249,0.));
#6544 = ADVANCED_FACE('',(#6545),#6556,.F.);
#6545 = FACE_BOUND('',#6546,.F.);
#6546 = EDGE_LOOP('',(#6547,#6553,#6554,#6555));
#6547 = ORIENTED_EDGE('',*,*,#6548,.T.);
#6548 = EDGE_CURVE('',#5358,#4233,#6549,.T.);
#6549 = LINE('',#6550,#6551);
#6550 = CARTESIAN_POINT('',(95.902088204759,-7.093041346614,0.));
#6551 = VECTOR('',#6552,1.);
#6552 = DIRECTION('',(0.,0.,1.));
#6553 = ORIENTED_EDGE('',*,*,#4240,.T.);
#6554 = ORIENTED_EDGE('',*,*,#6531,.F.);
#6555 = ORIENTED_EDGE('',*,*,#5365,.F.);
#6556 = PLANE('',#6557);
#6557 = AXIS2_PLACEMENT_3D('',#6558,#6559,#6560);
#6558 = CARTESIAN_POINT('',(95.902088204759,-7.093041346614,0.));
#6559 = DIRECTION('',(-0.786860887473,-0.617130410663,0.));
#6560 = DIRECTION('',(-0.617130410663,0.786860887473,0.));
#6561 = ADVANCED_FACE('',(#6562),#6573,.F.);
#6562 = FACE_BOUND('',#6563,.F.);
#6563 = EDGE_LOOP('',(#6564,#6570,#6571,#6572));
#6564 = ORIENTED_EDGE('',*,*,#6565,.T.);
#6565 = EDGE_CURVE('',#5350,#4225,#6566,.T.);
#6566 = LINE('',#6567,#6568);
#6567 = CARTESIAN_POINT('',(111.,-7.095479145354,0.));
#6568 = VECTOR('',#6569,1.);
#6569 = DIRECTION('',(0.,0.,1.));
#6570 = ORIENTED_EDGE('',*,*,#4232,.T.);
#6571 = ORIENTED_EDGE('',*,*,#6548,.F.);
#6572 = ORIENTED_EDGE('',*,*,#5357,.F.);
#6573 = PLANE('',#6574);
#6574 = AXIS2_PLACEMENT_3D('',#6575,#6576,#6577);
#6575 = CARTESIAN_POINT('',(111.,-7.095479145354,0.));
#6576 = DIRECTION('',(-1.614659524768E-04,-0.999999986964,0.));
#6577 = DIRECTION('',(-0.999999986964,1.614659524768E-04,0.));
#6578 = ADVANCED_FACE('',(#6579),#6590,.F.);
#6579 = FACE_BOUND('',#6580,.F.);
#6580 = EDGE_LOOP('',(#6581,#6587,#6588,#6589));
#6581 = ORIENTED_EDGE('',*,*,#6582,.T.);
#6582 = EDGE_CURVE('',#5342,#4217,#6583,.T.);
#6583 = LINE('',#6584,#6585);
#6584 = CARTESIAN_POINT('',(111.,-11.,0.));
#6585 = VECTOR('',#6586,1.);
#6586 = DIRECTION('',(0.,0.,1.));
#6587 = ORIENTED_EDGE('',*,*,#4224,.T.);
#6588 = ORIENTED_EDGE('',*,*,#6565,.F.);
#6589 = ORIENTED_EDGE('',*,*,#5349,.F.);
#6590 = PLANE('',#6591);
#6591 = AXIS2_PLACEMENT_3D('',#6592,#6593,#6594);
#6592 = CARTESIAN_POINT('',(111.,-11.,0.));
#6593 = DIRECTION('',(-1.,0.,0.));
#6594 = DIRECTION('',(0.,1.,0.));
#6595 = ADVANCED_FACE('',(#6596),#6607,.F.);
#6596 = FACE_BOUND('',#6597,.F.);
#6597 = EDGE_LOOP('',(#6598,#6604,#6605,#6606));
#6598 = ORIENTED_EDGE('',*,*,#6599,.T.);
#6599 = EDGE_CURVE('',#5334,#4209,#6600,.T.);
#6600 = LINE('',#6601,#6602);
#6601 = CARTESIAN_POINT('',(132.,-11.,0.));
#6602 = VECTOR('',#6603,1.);
#6603 = DIRECTION('',(0.,0.,1.));
#6604 = ORIENTED_EDGE('',*,*,#4216,.T.);
#6605 = ORIENTED_EDGE('',*,*,#6582,.F.);
#6606 = ORIENTED_EDGE('',*,*,#5341,.F.);
#6607 = PLANE('',#6608);
#6608 = AXIS2_PLACEMENT_3D('',#6609,#6610,#6611);
#6609 = CARTESIAN_POINT('',(132.,-11.,0.));
#6610 = DIRECTION('',(0.,-1.,0.));
#6611 = DIRECTION('',(-1.,0.,0.));
#6612 = ADVANCED_FACE('',(#6613),#6624,.F.);
#6613 = FACE_BOUND('',#6614,.F.);
#6614 = EDGE_LOOP('',(#6615,#6621,#6622,#6623));
#6615 = ORIENTED_EDGE('',*,*,#6616,.T.);
#6616 = EDGE_CURVE('',#5326,#4201,#6617,.T.);
#6617 = LINE('',#6618,#6619);
#6618 = CARTESIAN_POINT('',(135.,-14.,0.));
#6619 = VECTOR('',#6620,1.);
#6620 = DIRECTION('',(0.,0.,1.));
#6621 = ORIENTED_EDGE('',*,*,#4208,.T.);
#6622 = ORIENTED_EDGE('',*,*,#6599,.F.);
#6623 = ORIENTED_EDGE('',*,*,#5333,.F.);
#6624 = PLANE('',#6625);
#6625 = AXIS2_PLACEMENT_3D('',#6626,#6627,#6628);
#6626 = CARTESIAN_POINT('',(135.,-14.,0.));
#6627 = DIRECTION('',(-0.707106781187,-0.707106781187,0.));
#6628 = DIRECTION('',(-0.707106781187,0.707106781187,0.));
#6629 = ADVANCED_FACE('',(#6630),#6645,.F.);
#6630 = FACE_BOUND('',#6631,.F.);
#6631 = EDGE_LOOP('',(#6632,#6633,#6639,#6640,#6641,#6642,#6643,#6644));
#6632 = ORIENTED_EDGE('',*,*,#5325,.F.);
#6633 = ORIENTED_EDGE('',*,*,#6634,.T.);
#6634 = EDGE_CURVE('',#5318,#4755,#6635,.T.);
#6635 = LINE('',#6636,#6637);
#6636 = CARTESIAN_POINT('',(135.,-62.,0.));
#6637 = VECTOR('',#6638,1.);
#6638 = DIRECTION('',(0.,0.,1.));
#6639 = ORIENTED_EDGE('',*,*,#4754,.T.);
#6640 = ORIENTED_EDGE('',*,*,#4740,.T.);
#6641 = ORIENTED_EDGE('',*,*,#4716,.T.);
#6642 = ORIENTED_EDGE('',*,*,#4877,.F.);
#6643 = ORIENTED_EDGE('',*,*,#4200,.T.);
#6644 = ORIENTED_EDGE('',*,*,#6616,.F.);
#6645 = PLANE('',#6646);
#6646 = AXIS2_PLACEMENT_3D('',#6647,#6648,#6649);
#6647 = CARTESIAN_POINT('',(135.,-62.,0.));
#6648 = DIRECTION('',(-1.,0.,0.));
#6649 = DIRECTION('',(0.,1.,0.));
#6650 = ADVANCED_FACE('',(#6651,#6666),#6700,.F.);
#6651 = FACE_BOUND('',#6652,.F.);
#6652 = EDGE_LOOP('',(#6653,#6654,#6660,#6661,#6662,#6663,#6664,#6665));
#6653 = ORIENTED_EDGE('',*,*,#5317,.F.);
#6654 = ORIENTED_EDGE('',*,*,#6655,.T.);
#6655 = EDGE_CURVE('',#5310,#4062,#6656,.T.);
#6656 = LINE('',#6657,#6658);
#6657 = CARTESIAN_POINT('',(128.5,-68.5,0.));
#6658 = VECTOR('',#6659,1.);
#6659 = DIRECTION('',(0.,0.,1.));
#6660 = ORIENTED_EDGE('',*,*,#4069,.T.);
#6661 = ORIENTED_EDGE('',*,*,#4860,.T.);
#6662 = ORIENTED_EDGE('',*,*,#4843,.T.);
#6663 = ORIENTED_EDGE('',*,*,#4807,.F.);
#6664 = ORIENTED_EDGE('',*,*,#4782,.T.);
#6665 = ORIENTED_EDGE('',*,*,#6634,.F.);
#6666 = FACE_BOUND('',#6667,.F.);
#6667 = EDGE_LOOP('',(#6668,#6678,#6686,#6694));
#6668 = ORIENTED_EDGE('',*,*,#6669,.F.);
#6669 = EDGE_CURVE('',#6670,#6672,#6674,.T.);
#6670 = VERTEX_POINT('',#6671);
#6671 = CARTESIAN_POINT('',(130.92535721577,-66.07464278422,3.8));
#6672 = VERTEX_POINT('',#6673);
#6673 = CARTESIAN_POINT('',(132.67464278422,-64.32535721577,3.8));
#6674 = LINE('',#6675,#6676);
#6675 = CARTESIAN_POINT('',(130.15,-66.85,3.8));
#6676 = VECTOR('',#6677,1.);
#6677 = DIRECTION('',(0.707106781187,0.707106781187,0.));
#6678 = ORIENTED_EDGE('',*,*,#6679,.T.);
#6679 = EDGE_CURVE('',#6670,#6680,#6682,.T.);
#6680 = VERTEX_POINT('',#6681);
#6681 = CARTESIAN_POINT('',(130.92535721577,-66.07464278422,1.4));
#6682 = LINE('',#6683,#6684);
#6683 = CARTESIAN_POINT('',(130.92535721577,-66.07464278422,1.4));
#6684 = VECTOR('',#6685,1.);
#6685 = DIRECTION('',(-0.,-0.,-1.));
#6686 = ORIENTED_EDGE('',*,*,#6687,.T.);
#6687 = EDGE_CURVE('',#6680,#6688,#6690,.T.);
#6688 = VERTEX_POINT('',#6689);
#6689 = CARTESIAN_POINT('',(132.67464278422,-64.32535721577,1.4));
#6690 = LINE('',#6691,#6692);
#6691 = CARTESIAN_POINT('',(130.15,-66.85,1.4));
#6692 = VECTOR('',#6693,1.);
#6693 = DIRECTION('',(0.707106781187,0.707106781187,0.));
#6694 = ORIENTED_EDGE('',*,*,#6695,.F.);
#6695 = EDGE_CURVE('',#6672,#6688,#6696,.T.);
#6696 = LINE('',#6697,#6698);
#6697 = CARTESIAN_POINT('',(132.67464278422,-64.32535721577,1.4));
#6698 = VECTOR('',#6699,1.);
#6699 = DIRECTION('',(-0.,-0.,-1.));
#6700 = PLANE('',#6701);
#6701 = AXIS2_PLACEMENT_3D('',#6702,#6703,#6704);
#6702 = CARTESIAN_POINT('',(128.5,-68.5,0.));
#6703 = DIRECTION('',(-0.707106781187,0.707106781187,0.));
#6704 = DIRECTION('',(0.707106781187,0.707106781187,0.));
#6705 = ADVANCED_FACE('',(#6706),#6717,.F.);
#6706 = FACE_BOUND('',#6707,.F.);
#6707 = EDGE_LOOP('',(#6708,#6714,#6715,#6716));
#6708 = ORIENTED_EDGE('',*,*,#6709,.T.);
#6709 = EDGE_CURVE('',#5302,#4054,#6710,.T.);
#6710 = LINE('',#6711,#6712);
#6711 = CARTESIAN_POINT('',(143.09995511085,-68.5,0.));
#6712 = VECTOR('',#6713,1.);
#6713 = DIRECTION('',(0.,0.,1.));
#6714 = ORIENTED_EDGE('',*,*,#4061,.T.);
#6715 = ORIENTED_EDGE('',*,*,#6655,.F.);
#6716 = ORIENTED_EDGE('',*,*,#5309,.F.);
#6717 = PLANE('',#6718);
#6718 = AXIS2_PLACEMENT_3D('',#6719,#6720,#6721);
#6719 = CARTESIAN_POINT('',(143.09995511085,-68.5,0.));
#6720 = DIRECTION('',(0.,-1.,0.));
#6721 = DIRECTION('',(-1.,0.,0.));
#6722 = ADVANCED_FACE('',(#6723),#6734,.F.);
#6723 = FACE_BOUND('',#6724,.F.);
#6724 = EDGE_LOOP('',(#6725,#6731,#6732,#6733));
#6725 = ORIENTED_EDGE('',*,*,#6726,.T.);
#6726 = EDGE_CURVE('',#5294,#4046,#6727,.T.);
#6727 = LINE('',#6728,#6729);
#6728 = CARTESIAN_POINT('',(143.09999452817,-73.40109105112,0.));
#6729 = VECTOR('',#6730,1.);
#6730 = DIRECTION('',(0.,0.,1.));
#6731 = ORIENTED_EDGE('',*,*,#4053,.T.);
#6732 = ORIENTED_EDGE('',*,*,#6709,.F.);
#6733 = ORIENTED_EDGE('',*,*,#5301,.F.);
#6734 = PLANE('',#6735);
#6735 = AXIS2_PLACEMENT_3D('',#6736,#6737,#6738);
#6736 = CARTESIAN_POINT('',(143.09999452817,-73.40109105112,0.));
#6737 = DIRECTION('',(-0.999999999968,-8.04256049292E-06,0.));
#6738 = DIRECTION('',(-8.04256049292E-06,0.999999999968,0.));
#6739 = ADVANCED_FACE('',(#6740),#6751,.F.);
#6740 = FACE_BOUND('',#6741,.F.);
#6741 = EDGE_LOOP('',(#6742,#6748,#6749,#6750));
#6742 = ORIENTED_EDGE('',*,*,#6743,.T.);
#6743 = EDGE_CURVE('',#5286,#4038,#6744,.T.);
#6744 = LINE('',#6745,#6746);
#6745 = CARTESIAN_POINT('',(142.89764217617,-74.60050088547,0.));
#6746 = VECTOR('',#6747,1.);
#6747 = DIRECTION('',(0.,0.,1.));
#6748 = ORIENTED_EDGE('',*,*,#4045,.T.);
#6749 = ORIENTED_EDGE('',*,*,#6726,.F.);
#6750 = ORIENTED_EDGE('',*,*,#5293,.F.);
#6751 = PLANE('',#6752);
#6752 = AXIS2_PLACEMENT_3D('',#6753,#6754,#6755);
#6753 = CARTESIAN_POINT('',(142.89764217617,-74.60050088547,0.));
#6754 = DIRECTION('',(-0.986065252626,0.166359002053,0.));
#6755 = DIRECTION('',(0.166359002053,0.986065252626,0.));
#6756 = ADVANCED_FACE('',(#6757),#6768,.F.);
#6757 = FACE_BOUND('',#6758,.F.);
#6758 = EDGE_LOOP('',(#6759,#6765,#6766,#6767));
#6759 = ORIENTED_EDGE('',*,*,#6760,.T.);
#6760 = EDGE_CURVE('',#5278,#4030,#6761,.T.);
#6761 = LINE('',#6762,#6763);
#6762 = CARTESIAN_POINT('',(142.50231990643,-75.48541713428,0.));
#6763 = VECTOR('',#6764,1.);
#6764 = DIRECTION('',(0.,0.,1.));
#6765 = ORIENTED_EDGE('',*,*,#4037,.T.);
#6766 = ORIENTED_EDGE('',*,*,#6743,.F.);
#6767 = ORIENTED_EDGE('',*,*,#5285,.F.);
#6768 = PLANE('',#6769);
#6769 = AXIS2_PLACEMENT_3D('',#6770,#6771,#6772);
#6770 = CARTESIAN_POINT('',(142.50231990643,-75.48541713428,0.));
#6771 = DIRECTION('',(-0.913034010888,0.407883433056,0.));
#6772 = DIRECTION('',(0.407883433056,0.913034010888,0.));
#6773 = ADVANCED_FACE('',(#6774),#6785,.F.);
#6774 = FACE_BOUND('',#6775,.F.);
#6775 = EDGE_LOOP('',(#6776,#6782,#6783,#6784));
#6776 = ORIENTED_EDGE('',*,*,#6777,.T.);
#6777 = EDGE_CURVE('',#5270,#4022,#6778,.T.);
#6778 = LINE('',#6779,#6780);
#6779 = CARTESIAN_POINT('',(129.70572376387,-92.94728143754,0.));
#6780 = VECTOR('',#6781,1.);
#6781 = DIRECTION('',(0.,0.,1.));
#6782 = ORIENTED_EDGE('',*,*,#4029,.T.);
#6783 = ORIENTED_EDGE('',*,*,#6760,.F.);
#6784 = ORIENTED_EDGE('',*,*,#5277,.F.);
#6785 = PLANE('',#6786);
#6786 = AXIS2_PLACEMENT_3D('',#6787,#6788,#6789);
#6787 = CARTESIAN_POINT('',(129.70572376387,-92.94728143754,0.));
#6788 = DIRECTION('',(-0.806598160426,0.591100167144,0.));
#6789 = DIRECTION('',(0.591100167144,0.806598160426,0.));
#6790 = ADVANCED_FACE('',(#6791),#6802,.F.);
#6791 = FACE_BOUND('',#6792,.F.);
#6792 = EDGE_LOOP('',(#6793,#6799,#6800,#6801));
#6793 = ORIENTED_EDGE('',*,*,#6794,.T.);
#6794 = EDGE_CURVE('',#5262,#4014,#6795,.T.);
#6795 = LINE('',#6796,#6797);
#6796 = CARTESIAN_POINT('',(129.17255641244,-93.51955775472,0.));
#6797 = VECTOR('',#6798,1.);
#6798 = DIRECTION('',(0.,0.,1.));
#6799 = ORIENTED_EDGE('',*,*,#4021,.T.);
#6800 = ORIENTED_EDGE('',*,*,#6777,.F.);
#6801 = ORIENTED_EDGE('',*,*,#5269,.F.);
#6802 = PLANE('',#6803);
#6803 = AXIS2_PLACEMENT_3D('',#6804,#6805,#6806);
#6804 = CARTESIAN_POINT('',(129.17255641244,-93.51955775472,0.));
#6805 = DIRECTION('',(-0.731665427994,0.681663921209,0.));
#6806 = DIRECTION('',(0.681663921209,0.731665427994,0.));
#6807 = ADVANCED_FACE('',(#6808),#6819,.F.);
#6808 = FACE_BOUND('',#6809,.F.);
#6809 = EDGE_LOOP('',(#6810,#6816,#6817,#6818));
#6810 = ORIENTED_EDGE('',*,*,#6811,.T.);
#6811 = EDGE_CURVE('',#5254,#4006,#6812,.T.);
#6812 = LINE('',#6813,#6814);
#6813 = CARTESIAN_POINT('',(128.40156603092,-94.07298694563,0.));
#6814 = VECTOR('',#6815,1.);
#6815 = DIRECTION('',(0.,0.,1.));
#6816 = ORIENTED_EDGE('',*,*,#4013,.T.);
#6817 = ORIENTED_EDGE('',*,*,#6794,.F.);
#6818 = ORIENTED_EDGE('',*,*,#5261,.F.);
#6819 = PLANE('',#6820);
#6820 = AXIS2_PLACEMENT_3D('',#6821,#6822,#6823);
#6821 = CARTESIAN_POINT('',(128.40156603092,-94.07298694563,0.));
#6822 = DIRECTION('',(-0.583135607489,0.812374829299,0.));
#6823 = DIRECTION('',(0.812374829299,0.583135607489,0.));
#6824 = ADVANCED_FACE('',(#6825),#6836,.F.);
#6825 = FACE_BOUND('',#6826,.F.);
#6826 = EDGE_LOOP('',(#6827,#6833,#6834,#6835));
#6827 = ORIENTED_EDGE('',*,*,#6828,.T.);
#6828 = EDGE_CURVE('',#5246,#3998,#6829,.T.);
#6829 = LINE('',#6830,#6831);
#6830 = CARTESIAN_POINT('',(127.52908559365,-94.43850564239,0.));
#6831 = VECTOR('',#6832,1.);
#6832 = DIRECTION('',(0.,0.,1.));
#6833 = ORIENTED_EDGE('',*,*,#4005,.T.);
#6834 = ORIENTED_EDGE('',*,*,#6811,.F.);
#6835 = ORIENTED_EDGE('',*,*,#5253,.F.);
#6836 = PLANE('',#6837);
#6837 = AXIS2_PLACEMENT_3D('',#6838,#6839,#6840);
#6838 = CARTESIAN_POINT('',(127.52908559365,-94.43850564239,0.));
#6839 = DIRECTION('',(-0.386402824053,0.92233012396,0.));
#6840 = DIRECTION('',(0.92233012396,0.386402824053,0.));
#6841 = ADVANCED_FACE('',(#6842),#6853,.F.);
#6842 = FACE_BOUND('',#6843,.F.);
#6843 = EDGE_LOOP('',(#6844,#6850,#6851,#6852));
#6844 = ORIENTED_EDGE('',*,*,#6845,.T.);
#6845 = EDGE_CURVE('',#5238,#3990,#6846,.T.);
#6846 = LINE('',#6847,#6848);
#6847 = CARTESIAN_POINT('',(126.59683893663,-94.59986104553,0.));
#6848 = VECTOR('',#6849,1.);
#6849 = DIRECTION('',(0.,0.,1.));
#6850 = ORIENTED_EDGE('',*,*,#3997,.T.);
#6851 = ORIENTED_EDGE('',*,*,#6828,.F.);
#6852 = ORIENTED_EDGE('',*,*,#5245,.F.);
#6853 = PLANE('',#6854);
#6854 = AXIS2_PLACEMENT_3D('',#6855,#6856,#6857);
#6855 = CARTESIAN_POINT('',(126.59683893663,-94.59986104553,0.));
#6856 = DIRECTION('',(-0.170546585535,0.985349614179,0.));
#6857 = DIRECTION('',(0.985349614179,0.170546585535,0.));
#6858 = ADVANCED_FACE('',(#6859),#6870,.F.);
#6859 = FACE_BOUND('',#6860,.F.);
#6860 = EDGE_LOOP('',(#6861,#6867,#6868,#6869));
#6861 = ORIENTED_EDGE('',*,*,#6862,.T.);
#6862 = EDGE_CURVE('',#5230,#3982,#6863,.T.);
#6863 = LINE('',#6864,#6865);
#6864 = CARTESIAN_POINT('',(125.87809862852,-94.5659090875,0.));
#6865 = VECTOR('',#6866,1.);
#6866 = DIRECTION('',(0.,0.,1.));
#6867 = ORIENTED_EDGE('',*,*,#3989,.T.);
#6868 = ORIENTED_EDGE('',*,*,#6845,.F.);
#6869 = ORIENTED_EDGE('',*,*,#5237,.F.);
#6870 = PLANE('',#6871);
#6871 = AXIS2_PLACEMENT_3D('',#6872,#6873,#6874);
#6872 = CARTESIAN_POINT('',(125.87809862852,-94.5659090875,0.));
#6873 = DIRECTION('',(4.718552724176E-02,0.99888614267,0.));
#6874 = DIRECTION('',(0.99888614267,-4.718552724176E-02,0.));
#6875 = ADVANCED_FACE('',(#6876),#6887,.F.);
#6876 = FACE_BOUND('',#6877,.F.);
#6877 = EDGE_LOOP('',(#6878,#6884,#6885,#6886));
#6878 = ORIENTED_EDGE('',*,*,#6879,.T.);
#6879 = EDGE_CURVE('',#5222,#3974,#6880,.T.);
#6880 = LINE('',#6881,#6882);
#6881 = CARTESIAN_POINT('',(124.64244946109,-94.25200279984,0.));
#6882 = VECTOR('',#6883,1.);
#6883 = DIRECTION('',(0.,0.,1.));
#6884 = ORIENTED_EDGE('',*,*,#3981,.T.);
#6885 = ORIENTED_EDGE('',*,*,#6862,.F.);
#6886 = ORIENTED_EDGE('',*,*,#5229,.F.);
#6887 = PLANE('',#6888);
#6888 = AXIS2_PLACEMENT_3D('',#6889,#6890,#6891);
#6889 = CARTESIAN_POINT('',(124.64244946109,-94.25200279984,0.));
#6890 = DIRECTION('',(0.246220623362,0.969213807491,0.));
#6891 = DIRECTION('',(0.969213807491,-0.246220623362,0.));
#6892 = ADVANCED_FACE('',(#6893),#6904,.F.);
#6893 = FACE_BOUND('',#6894,.F.);
#6894 = EDGE_LOOP('',(#6895,#6901,#6902,#6903));
#6895 = ORIENTED_EDGE('',*,*,#6896,.T.);
#6896 = EDGE_CURVE('',#5214,#3966,#6897,.T.);
#6897 = LINE('',#6898,#6899);
#6898 = CARTESIAN_POINT('',(114.42816157776,-89.60671483814,0.));
#6899 = VECTOR('',#6900,1.);
#6900 = DIRECTION('',(0.,0.,1.));
#6901 = ORIENTED_EDGE('',*,*,#3973,.T.);
#6902 = ORIENTED_EDGE('',*,*,#6879,.F.);
#6903 = ORIENTED_EDGE('',*,*,#5221,.F.);
#6904 = PLANE('',#6905);
#6905 = AXIS2_PLACEMENT_3D('',#6906,#6907,#6908);
#6906 = CARTESIAN_POINT('',(114.42816157776,-89.60671483814,0.));
#6907 = DIRECTION('',(0.413982400599,0.910284885074,0.));
#6908 = DIRECTION('',(0.910284885074,-0.413982400599,0.));
#6909 = ADVANCED_FACE('',(#6910),#6921,.F.);
#6910 = FACE_BOUND('',#6911,.F.);
#6911 = EDGE_LOOP('',(#6912,#6918,#6919,#6920));
#6912 = ORIENTED_EDGE('',*,*,#6913,.T.);
#6913 = EDGE_CURVE('',#5206,#3958,#6914,.T.);
#6914 = LINE('',#6915,#6916);
#6915 = CARTESIAN_POINT('',(109.95583238173,-87.80941452888,0.));
#6916 = VECTOR('',#6917,1.);
#6917 = DIRECTION('',(0.,0.,1.));
#6918 = ORIENTED_EDGE('',*,*,#3965,.T.);
#6919 = ORIENTED_EDGE('',*,*,#6896,.F.);
#6920 = ORIENTED_EDGE('',*,*,#5213,.F.);
#6921 = PLANE('',#6922);
#6922 = AXIS2_PLACEMENT_3D('',#6923,#6924,#6925);
#6923 = CARTESIAN_POINT('',(109.95583238173,-87.80941452888,0.));
#6924 = DIRECTION('',(0.372886956522,0.927876779349,0.));
#6925 = DIRECTION('',(0.927876779349,-0.372886956522,0.));
#6926 = ADVANCED_FACE('',(#6927),#6938,.F.);
#6927 = FACE_BOUND('',#6928,.F.);
#6928 = EDGE_LOOP('',(#6929,#6935,#6936,#6937));
#6929 = ORIENTED_EDGE('',*,*,#6930,.T.);
#6930 = EDGE_CURVE('',#5198,#3950,#6931,.T.);
#6931 = LINE('',#6932,#6933);
#6932 = CARTESIAN_POINT('',(107.14101283635,-86.85596165474,0.));
#6933 = VECTOR('',#6934,1.);
#6934 = DIRECTION('',(0.,0.,1.));
#6935 = ORIENTED_EDGE('',*,*,#3957,.T.);
#6936 = ORIENTED_EDGE('',*,*,#6913,.F.);
#6937 = ORIENTED_EDGE('',*,*,#5205,.F.);
#6938 = PLANE('',#6939);
#6939 = AXIS2_PLACEMENT_3D('',#6940,#6941,#6942);
#6940 = CARTESIAN_POINT('',(107.14101283635,-86.85596165474,0.));
#6941 = DIRECTION('',(0.320820995552,0.947139846492,0.));
#6942 = DIRECTION('',(0.947139846492,-0.320820995552,0.));
#6943 = ADVANCED_FACE('',(#6944),#6955,.F.);
#6944 = FACE_BOUND('',#6945,.F.);
#6945 = EDGE_LOOP('',(#6946,#6952,#6953,#6954));
#6946 = ORIENTED_EDGE('',*,*,#6947,.T.);
#6947 = EDGE_CURVE('',#5190,#3942,#6948,.T.);
#6948 = LINE('',#6949,#6950);
#6949 = CARTESIAN_POINT('',(104.27391623752,-86.01943874884,0.));
#6950 = VECTOR('',#6951,1.);
#6951 = DIRECTION('',(0.,0.,1.));
#6952 = ORIENTED_EDGE('',*,*,#3949,.T.);
#6953 = ORIENTED_EDGE('',*,*,#6930,.F.);
#6954 = ORIENTED_EDGE('',*,*,#5197,.F.);
#6955 = PLANE('',#6956);
#6956 = AXIS2_PLACEMENT_3D('',#6957,#6958,#6959);
#6957 = CARTESIAN_POINT('',(104.27391623752,-86.01943874884,0.));
#6958 = DIRECTION('',(0.28008837384,0.959974219883,0.));
#6959 = DIRECTION('',(0.959974219883,-0.28008837384,0.));
#6960 = ADVANCED_FACE('',(#6961),#6972,.F.);
#6961 = FACE_BOUND('',#6962,.F.);
#6962 = EDGE_LOOP('',(#6963,#6969,#6970,#6971));
#6963 = ORIENTED_EDGE('',*,*,#6964,.T.);
#6964 = EDGE_CURVE('',#5182,#3934,#6965,.T.);
#6965 = LINE('',#6966,#6967);
#6966 = CARTESIAN_POINT('',(101.37366640521,-85.30607617415,0.));
#6967 = VECTOR('',#6968,1.);
#6968 = DIRECTION('',(0.,0.,1.));
#6969 = ORIENTED_EDGE('',*,*,#3941,.T.);
#6970 = ORIENTED_EDGE('',*,*,#6947,.F.);
#6971 = ORIENTED_EDGE('',*,*,#5189,.F.);
#6972 = PLANE('',#6973);
#6973 = AXIS2_PLACEMENT_3D('',#6974,#6975,#6976);
#6974 = CARTESIAN_POINT('',(101.37366640521,-85.30607617415,0.));
#6975 = DIRECTION('',(0.23884696808,0.971057220682,0.));
#6976 = DIRECTION('',(0.971057220682,-0.23884696808,0.));
#6977 = ADVANCED_FACE('',(#6978),#6989,.F.);
#6978 = FACE_BOUND('',#6979,.F.);
#6979 = EDGE_LOOP('',(#6980,#6986,#6987,#6988));
#6980 = ORIENTED_EDGE('',*,*,#6981,.T.);
#6981 = EDGE_CURVE('',#5174,#3926,#6982,.T.);
#6982 = LINE('',#6983,#6984);
#6983 = CARTESIAN_POINT('',(98.449374857687,-84.71787618211,0.));
#6984 = VECTOR('',#6985,1.);
#6985 = DIRECTION('',(0.,0.,1.));
#6986 = ORIENTED_EDGE('',*,*,#3933,.T.);
#6987 = ORIENTED_EDGE('',*,*,#6964,.F.);
#6988 = ORIENTED_EDGE('',*,*,#5181,.F.);
#6989 = PLANE('',#6990);
#6990 = AXIS2_PLACEMENT_3D('',#6991,#6992,#6993);
#6991 = CARTESIAN_POINT('',(98.449374857687,-84.71787618211,0.));
#6992 = DIRECTION('',(0.197193222943,0.980364642786,0.));
#6993 = DIRECTION('',(0.980364642786,-0.197193222943,0.));
#6994 = ADVANCED_FACE('',(#6995),#7006,.F.);
#6995 = FACE_BOUND('',#6996,.F.);
#6996 = EDGE_LOOP('',(#6997,#7003,#7004,#7005));
#6997 = ORIENTED_EDGE('',*,*,#6998,.T.);
#6998 = EDGE_CURVE('',#5166,#3918,#6999,.T.);
#6999 = LINE('',#7000,#7001);
#7000 = CARTESIAN_POINT('',(95.494054071791,-84.25363930808,0.));
#7001 = VECTOR('',#7002,1.);
#7002 = DIRECTION('',(0.,0.,1.));
#7003 = ORIENTED_EDGE('',*,*,#3925,.T.);
#7004 = ORIENTED_EDGE('',*,*,#6981,.F.);
#7005 = ORIENTED_EDGE('',*,*,#5173,.F.);
#7006 = PLANE('',#7007);
#7007 = AXIS2_PLACEMENT_3D('',#7008,#7009,#7010);
#7008 = CARTESIAN_POINT('',(95.494054071791,-84.25363930808,0.));
#7009 = DIRECTION('',(0.155182155487,0.987885873276,0.));
#7010 = DIRECTION('',(0.987885873276,-0.155182155487,0.));
#7011 = ADVANCED_FACE('',(#7012),#7023,.F.);
#7012 = FACE_BOUND('',#7013,.F.);
#7013 = EDGE_LOOP('',(#7014,#7020,#7021,#7022));
#7014 = ORIENTED_EDGE('',*,*,#7015,.T.);
#7015 = EDGE_CURVE('',#5158,#3910,#7016,.T.);
#7016 = LINE('',#7017,#7018);
#7017 = CARTESIAN_POINT('',(93.127098483904,-83.97460806099,0.));
#7018 = VECTOR('',#7019,1.);
#7019 = DIRECTION('',(0.,0.,1.));
#7020 = ORIENTED_EDGE('',*,*,#3917,.T.);
#7021 = ORIENTED_EDGE('',*,*,#6998,.F.);
#7022 = ORIENTED_EDGE('',*,*,#5165,.F.);
#7023 = PLANE('',#7024);
#7024 = AXIS2_PLACEMENT_3D('',#7025,#7026,#7027);
#7025 = CARTESIAN_POINT('',(93.127098483904,-83.97460806099,0.));
#7026 = DIRECTION('',(0.117075435441,0.993123024814,0.));
#7027 = DIRECTION('',(0.993123024814,-0.117075435441,0.));
#7028 = ADVANCED_FACE('',(#7029),#7040,.F.);
#7029 = FACE_BOUND('',#7030,.F.);
#7030 = EDGE_LOOP('',(#7031,#7037,#7038,#7039));
#7031 = ORIENTED_EDGE('',*,*,#7032,.T.);
#7032 = EDGE_CURVE('',#5150,#3902,#7033,.T.);
#7033 = LINE('',#7034,#7035);
#7034 = CARTESIAN_POINT('',(90.14483404125,-83.73887426369,0.));
#7035 = VECTOR('',#7036,1.);
#7036 = DIRECTION('',(0.,0.,1.));
#7037 = ORIENTED_EDGE('',*,*,#3909,.T.);
#7038 = ORIENTED_EDGE('',*,*,#7015,.F.);
#7039 = ORIENTED_EDGE('',*,*,#5157,.F.);
#7040 = PLANE('',#7041);
#7041 = AXIS2_PLACEMENT_3D('',#7042,#7043,#7044);
#7042 = CARTESIAN_POINT('',(90.14483404125,-83.73887426369,0.));
#7043 = DIRECTION('',(7.879944419675E-02,0.996890489269,0.));
#7044 = DIRECTION('',(0.996890489269,-7.879944419675E-02,0.));
#7045 = ADVANCED_FACE('',(#7046),#7057,.F.);
#7046 = FACE_BOUND('',#7047,.F.);
#7047 = EDGE_LOOP('',(#7048,#7054,#7055,#7056));
#7048 = ORIENTED_EDGE('',*,*,#7049,.T.);
#7049 = EDGE_CURVE('',#5142,#3894,#7050,.T.);
#7050 = LINE('',#7051,#7052);
#7051 = CARTESIAN_POINT('',(87.17867590496,-83.63145141949,0.));
#7052 = VECTOR('',#7053,1.);
#7053 = DIRECTION('',(0.,0.,1.));
#7054 = ORIENTED_EDGE('',*,*,#3901,.T.);
#7055 = ORIENTED_EDGE('',*,*,#7032,.F.);
#7056 = ORIENTED_EDGE('',*,*,#5149,.F.);
#7057 = PLANE('',#7058);
#7058 = AXIS2_PLACEMENT_3D('',#7059,#7060,#7061);
#7059 = CARTESIAN_POINT('',(87.17867590496,-83.63145141949,0.));
#7060 = DIRECTION('',(3.619242806965E-02,0.999344839458,0.));
#7061 = DIRECTION('',(0.999344839458,-3.619242806965E-02,0.));
#7062 = ADVANCED_FACE('',(#7063),#7074,.F.);
#7063 = FACE_BOUND('',#7064,.F.);
#7064 = EDGE_LOOP('',(#7065,#7071,#7072,#7073));
#7065 = ORIENTED_EDGE('',*,*,#7066,.T.);
#7066 = EDGE_CURVE('',#5134,#3886,#7067,.T.);
#7067 = LINE('',#7068,#7069);
#7068 = CARTESIAN_POINT('',(82.369164147406,-83.72439917824,0.));
#7069 = VECTOR('',#7070,1.);
#7070 = DIRECTION('',(0.,0.,1.));
#7071 = ORIENTED_EDGE('',*,*,#3893,.T.);
#7072 = ORIENTED_EDGE('',*,*,#7049,.F.);
#7073 = ORIENTED_EDGE('',*,*,#5141,.F.);
#7074 = PLANE('',#7075);
#7075 = AXIS2_PLACEMENT_3D('',#7076,#7077,#7078);
#7076 = CARTESIAN_POINT('',(82.369164147406,-83.72439917824,0.));
#7077 = DIRECTION('',(-1.932221208466E-02,0.999813308633,0.));
#7078 = DIRECTION('',(0.999813308633,1.932221208466E-02,0.));
#7079 = ADVANCED_FACE('',(#7080),#7091,.F.);
#7080 = FACE_BOUND('',#7081,.F.);
#7081 = EDGE_LOOP('',(#7082,#7088,#7089,#7090));
#7082 = ORIENTED_EDGE('',*,*,#7083,.T.);
#7083 = EDGE_CURVE('',#5126,#3878,#7084,.T.);
#7084 = LINE('',#7085,#7086);
#7085 = CARTESIAN_POINT('',(72.22194292892,-84.49368384777,0.));
#7086 = VECTOR('',#7087,1.);
#7087 = DIRECTION('',(0.,0.,1.));
#7088 = ORIENTED_EDGE('',*,*,#3885,.T.);
#7089 = ORIENTED_EDGE('',*,*,#7066,.F.);
#7090 = ORIENTED_EDGE('',*,*,#5133,.F.);
#7091 = PLANE('',#7092);
#7092 = AXIS2_PLACEMENT_3D('',#7093,#7094,#7095);
#7093 = CARTESIAN_POINT('',(72.22194292892,-84.49368384777,0.));
#7094 = DIRECTION('',(-7.559541679232E-02,0.997138572597,0.));
#7095 = DIRECTION('',(0.997138572597,7.559541679232E-02,0.));
#7096 = ADVANCED_FACE('',(#7097),#7108,.F.);
#7097 = FACE_BOUND('',#7098,.F.);
#7098 = EDGE_LOOP('',(#7099,#7105,#7106,#7107));
#7099 = ORIENTED_EDGE('',*,*,#7100,.T.);
#7100 = EDGE_CURVE('',#5118,#3870,#7101,.T.);
#7101 = LINE('',#7102,#7103);
#7102 = CARTESIAN_POINT('',(70.60927393779,-84.44757291275,0.));
#7103 = VECTOR('',#7104,1.);
#7104 = DIRECTION('',(0.,0.,1.));
#7105 = ORIENTED_EDGE('',*,*,#3877,.T.);
#7106 = ORIENTED_EDGE('',*,*,#7083,.F.);
#7107 = ORIENTED_EDGE('',*,*,#5125,.F.);
#7108 = PLANE('',#7109);
#7109 = AXIS2_PLACEMENT_3D('',#7110,#7111,#7112);
#7110 = CARTESIAN_POINT('',(70.60927393779,-84.44757291275,0.));
#7111 = DIRECTION('',(2.858125113553E-02,0.999591472594,0.));
#7112 = DIRECTION('',(0.999591472594,-2.858125113553E-02,0.));
#7113 = ADVANCED_FACE('',(#7114),#7125,.F.);
#7114 = FACE_BOUND('',#7115,.F.);
#7115 = EDGE_LOOP('',(#7116,#7122,#7123,#7124));
#7116 = ORIENTED_EDGE('',*,*,#7117,.T.);
#7117 = EDGE_CURVE('',#5110,#3862,#7118,.T.);
#7118 = LINE('',#7119,#7120);
#7119 = CARTESIAN_POINT('',(68.959990438116,-84.17392066499,0.));
#7120 = VECTOR('',#7121,1.);
#7121 = DIRECTION('',(0.,0.,1.));
#7122 = ORIENTED_EDGE('',*,*,#3869,.T.);
#7123 = ORIENTED_EDGE('',*,*,#7100,.F.);
#7124 = ORIENTED_EDGE('',*,*,#5117,.F.);
#7125 = PLANE('',#7126);
#7126 = AXIS2_PLACEMENT_3D('',#7127,#7128,#7129);
#7127 = CARTESIAN_POINT('',(68.959990438116,-84.17392066499,0.));
#7128 = DIRECTION('',(0.163684077211,0.986512809277,0.));
#7129 = DIRECTION('',(0.986512809277,-0.163684077211,0.));
#7130 = ADVANCED_FACE('',(#7131),#7142,.F.);
#7131 = FACE_BOUND('',#7132,.F.);
#7132 = EDGE_LOOP('',(#7133,#7139,#7140,#7141));
#7133 = ORIENTED_EDGE('',*,*,#7134,.T.);
#7134 = EDGE_CURVE('',#5102,#3854,#7135,.T.);
#7135 = LINE('',#7136,#7137);
#7136 = CARTESIAN_POINT('',(67.36258292856,-83.67167210571,0.));
#7137 = VECTOR('',#7138,1.);
#7138 = DIRECTION('',(0.,0.,1.));
#7139 = ORIENTED_EDGE('',*,*,#3861,.T.);
#7140 = ORIENTED_EDGE('',*,*,#7117,.F.);
#7141 = ORIENTED_EDGE('',*,*,#5109,.F.);
#7142 = PLANE('',#7143);
#7143 = AXIS2_PLACEMENT_3D('',#7144,#7145,#7146);
#7144 = CARTESIAN_POINT('',(67.36258292856,-83.67167210571,0.));
#7145 = DIRECTION('',(0.299938665254,0.953958488135,0.));
#7146 = DIRECTION('',(0.953958488135,-0.299938665254,0.));
#7147 = ADVANCED_FACE('',(#7148),#7159,.F.);
#7148 = FACE_BOUND('',#7149,.F.);
#7149 = EDGE_LOOP('',(#7150,#7156,#7157,#7158));
#7150 = ORIENTED_EDGE('',*,*,#7151,.T.);
#7151 = EDGE_CURVE('',#5094,#3846,#7152,.T.);
#7152 = LINE('',#7153,#7154);
#7153 = CARTESIAN_POINT('',(65.9581227825,-83.01168799885,0.));
#7154 = VECTOR('',#7155,1.);
#7155 = DIRECTION('',(0.,0.,1.));
#7156 = ORIENTED_EDGE('',*,*,#3853,.T.);
#7157 = ORIENTED_EDGE('',*,*,#7134,.F.);
#7158 = ORIENTED_EDGE('',*,*,#5101,.F.);
#7159 = PLANE('',#7160);
#7160 = AXIS2_PLACEMENT_3D('',#7161,#7162,#7163);
#7161 = CARTESIAN_POINT('',(65.9581227825,-83.01168799885,0.));
#7162 = DIRECTION('',(0.425301937959,0.905051524262,0.));
#7163 = DIRECTION('',(0.905051524262,-0.425301937959,0.));
#7164 = ADVANCED_FACE('',(#7165),#7176,.F.);
#7165 = FACE_BOUND('',#7166,.F.);
#7166 = EDGE_LOOP('',(#7167,#7173,#7174,#7175));
#7167 = ORIENTED_EDGE('',*,*,#7168,.T.);
#7168 = EDGE_CURVE('',#5086,#3838,#7169,.T.);
#7169 = LINE('',#7170,#7171);
#7170 = CARTESIAN_POINT('',(64.87107607766,-82.33412537807,0.));
#7171 = VECTOR('',#7172,1.);
#7172 = DIRECTION('',(0.,0.,1.));
#7173 = ORIENTED_EDGE('',*,*,#3845,.T.);
#7174 = ORIENTED_EDGE('',*,*,#7151,.F.);
#7175 = ORIENTED_EDGE('',*,*,#5093,.F.);
#7176 = PLANE('',#7177);
#7177 = AXIS2_PLACEMENT_3D('',#7178,#7179,#7180);
#7178 = CARTESIAN_POINT('',(64.87107607766,-82.33412537807,0.));
#7179 = DIRECTION('',(0.528964701215,0.848643826861,0.));
#7180 = DIRECTION('',(0.848643826861,-0.528964701215,0.));
#7181 = ADVANCED_FACE('',(#7182),#7193,.F.);
#7182 = FACE_BOUND('',#7183,.F.);
#7183 = EDGE_LOOP('',(#7184,#7190,#7191,#7192));
#7184 = ORIENTED_EDGE('',*,*,#7185,.T.);
#7185 = EDGE_CURVE('',#5078,#3830,#7186,.T.);
#7186 = LINE('',#7187,#7188);
#7187 = CARTESIAN_POINT('',(62.699219156527,-80.71700328631,0.));
#7188 = VECTOR('',#7189,1.);
#7189 = DIRECTION('',(0.,0.,1.));
#7190 = ORIENTED_EDGE('',*,*,#3837,.T.);
#7191 = ORIENTED_EDGE('',*,*,#7168,.F.);
#7192 = ORIENTED_EDGE('',*,*,#5085,.F.);
#7193 = PLANE('',#7194);
#7194 = AXIS2_PLACEMENT_3D('',#7195,#7196,#7197);
#7195 = CARTESIAN_POINT('',(62.699219156527,-80.71700328631,0.));
#7196 = DIRECTION('',(0.597214315471,0.802081704938,0.));
#7197 = DIRECTION('',(0.802081704938,-0.597214315471,0.));
#7198 = ADVANCED_FACE('',(#7199),#7210,.F.);
#7199 = FACE_BOUND('',#7200,.F.);
#7200 = EDGE_LOOP('',(#7201,#7207,#7208,#7209));
#7201 = ORIENTED_EDGE('',*,*,#7202,.T.);
#7202 = EDGE_CURVE('',#5070,#3822,#7203,.T.);
#7203 = LINE('',#7204,#7205);
#7204 = CARTESIAN_POINT('',(61.313422506726,-79.80031641984,0.));
#7205 = VECTOR('',#7206,1.);
#7206 = DIRECTION('',(0.,0.,1.));
#7207 = ORIENTED_EDGE('',*,*,#3829,.T.);
#7208 = ORIENTED_EDGE('',*,*,#7185,.F.);
#7209 = ORIENTED_EDGE('',*,*,#5077,.F.);
#7210 = PLANE('',#7211);
#7211 = AXIS2_PLACEMENT_3D('',#7212,#7213,#7214);
#7212 = CARTESIAN_POINT('',(61.313422506726,-79.80031641984,0.));
#7213 = DIRECTION('',(0.551705980435,0.834038674854,0.));
#7214 = DIRECTION('',(0.834038674854,-0.551705980435,0.));
#7215 = ADVANCED_FACE('',(#7216),#7227,.F.);
#7216 = FACE_BOUND('',#7217,.F.);
#7217 = EDGE_LOOP('',(#7218,#7224,#7225,#7226));
#7218 = ORIENTED_EDGE('',*,*,#7219,.T.);
#7219 = EDGE_CURVE('',#5062,#3814,#7220,.T.);
#7220 = LINE('',#7221,#7222);
#7221 = CARTESIAN_POINT('',(59.577123211972,-78.78935230268,0.));
#7222 = VECTOR('',#7223,1.);
#7223 = DIRECTION('',(0.,0.,1.));
#7224 = ORIENTED_EDGE('',*,*,#3821,.T.);
#7225 = ORIENTED_EDGE('',*,*,#7202,.F.);
#7226 = ORIENTED_EDGE('',*,*,#5069,.F.);
#7227 = PLANE('',#7228);
#7228 = AXIS2_PLACEMENT_3D('',#7229,#7230,#7231);
#7229 = CARTESIAN_POINT('',(59.577123211972,-78.78935230268,0.));
#7230 = DIRECTION('',(0.503173779763,0.864185250602,0.));
#7231 = DIRECTION('',(0.864185250602,-0.503173779763,0.));
#7232 = ADVANCED_FACE('',(#7233),#7244,.F.);
#7233 = FACE_BOUND('',#7234,.F.);
#7234 = EDGE_LOOP('',(#7235,#7241,#7242,#7243));
#7235 = ORIENTED_EDGE('',*,*,#7236,.T.);
#7236 = EDGE_CURVE('',#5054,#3806,#7237,.T.);
#7237 = LINE('',#7238,#7239);
#7238 = CARTESIAN_POINT('',(57.470194037542,-77.74597149383,0.));
#7239 = VECTOR('',#7240,1.);
#7240 = DIRECTION('',(0.,0.,1.));
#7241 = ORIENTED_EDGE('',*,*,#3813,.T.);
#7242 = ORIENTED_EDGE('',*,*,#7219,.F.);
#7243 = ORIENTED_EDGE('',*,*,#5061,.F.);
#7244 = PLANE('',#7245);
#7245 = AXIS2_PLACEMENT_3D('',#7246,#7247,#7248);
#7246 = CARTESIAN_POINT('',(57.470194037542,-77.74597149383,0.));
#7247 = DIRECTION('',(0.44377917352,0.896136175562,0.));
#7248 = DIRECTION('',(0.896136175562,-0.44377917352,0.));
#7249 = ADVANCED_FACE('',(#7250),#7261,.F.);
#7250 = FACE_BOUND('',#7251,.F.);
#7251 = EDGE_LOOP('',(#7252,#7258,#7259,#7260));
#7252 = ORIENTED_EDGE('',*,*,#7253,.T.);
#7253 = EDGE_CURVE('',#5046,#3798,#7254,.T.);
#7254 = LINE('',#7255,#7256);
#7255 = CARTESIAN_POINT('',(55.620450420852,-76.98068181127,0.));
#7256 = VECTOR('',#7257,1.);
#7257 = DIRECTION('',(0.,0.,1.));
#7258 = ORIENTED_EDGE('',*,*,#3805,.T.);
#7259 = ORIENTED_EDGE('',*,*,#7236,.F.);
#7260 = ORIENTED_EDGE('',*,*,#5053,.F.);
#7261 = PLANE('',#7262);
#7262 = AXIS2_PLACEMENT_3D('',#7263,#7264,#7265);
#7263 = CARTESIAN_POINT('',(55.620450420852,-76.98068181127,0.));
#7264 = DIRECTION('',(0.382299983241,0.924038269129,0.));
#7265 = DIRECTION('',(0.924038269129,-0.382299983241,0.));
#7266 = ADVANCED_FACE('',(#7267),#7278,.F.);
#7267 = FACE_BOUND('',#7268,.F.);
#7268 = EDGE_LOOP('',(#7269,#7275,#7276,#7277));
#7269 = ORIENTED_EDGE('',*,*,#7270,.T.);
#7270 = EDGE_CURVE('',#5038,#3790,#7271,.T.);
#7271 = LINE('',#7272,#7273);
#7272 = CARTESIAN_POINT('',(53.392214173052,-76.23049616217,0.));
#7273 = VECTOR('',#7274,1.);
#7274 = DIRECTION('',(0.,0.,1.));
#7275 = ORIENTED_EDGE('',*,*,#3797,.T.);
#7276 = ORIENTED_EDGE('',*,*,#7253,.F.);
#7277 = ORIENTED_EDGE('',*,*,#5045,.F.);
#7278 = PLANE('',#7279);
#7279 = AXIS2_PLACEMENT_3D('',#7280,#7281,#7282);
#7280 = CARTESIAN_POINT('',(53.392214173052,-76.23049616217,0.));
#7281 = DIRECTION('',(0.319074421678,0.947729662631,0.));
#7282 = DIRECTION('',(0.947729662631,-0.319074421678,0.));
#7283 = ADVANCED_FACE('',(#7284),#7295,.F.);
#7284 = FACE_BOUND('',#7285,.F.);
#7285 = EDGE_LOOP('',(#7286,#7292,#7293,#7294));
#7286 = ORIENTED_EDGE('',*,*,#7287,.T.);
#7287 = EDGE_CURVE('',#5030,#3782,#7288,.T.);
#7288 = LINE('',#7289,#7290);
#7289 = CARTESIAN_POINT('',(51.455056877253,-75.72077100742,0.));
#7290 = VECTOR('',#7291,1.);
#7291 = DIRECTION('',(0.,0.,1.));
#7292 = ORIENTED_EDGE('',*,*,#3789,.T.);
#7293 = ORIENTED_EDGE('',*,*,#7270,.F.);
#7294 = ORIENTED_EDGE('',*,*,#5037,.F.);
#7295 = PLANE('',#7296);
#7296 = AXIS2_PLACEMENT_3D('',#7297,#7298,#7299);
#7297 = CARTESIAN_POINT('',(51.455056877253,-75.72077100742,0.));
#7298 = DIRECTION('',(0.254468516025,0.967081058832,0.));
#7299 = DIRECTION('',(0.967081058832,-0.254468516025,0.));
#7300 = ADVANCED_FACE('',(#7301),#7312,.F.);
#7301 = FACE_BOUND('',#7302,.F.);
#7302 = EDGE_LOOP('',(#7303,#7309,#7310,#7311));
#7303 = ORIENTED_EDGE('',*,*,#7304,.T.);
#7304 = EDGE_CURVE('',#5022,#3774,#7305,.T.);
#7305 = LINE('',#7306,#7307);
#7306 = CARTESIAN_POINT('',(49.485430291465,-75.3319662732,0.));
#7307 = VECTOR('',#7308,1.);
#7308 = DIRECTION('',(0.,0.,1.));
#7309 = ORIENTED_EDGE('',*,*,#3781,.T.);
#7310 = ORIENTED_EDGE('',*,*,#7287,.F.);
#7311 = ORIENTED_EDGE('',*,*,#5029,.F.);
#7312 = PLANE('',#7313);
#7313 = AXIS2_PLACEMENT_3D('',#7314,#7315,#7316);
#7314 = CARTESIAN_POINT('',(49.485430291465,-75.3319662732,0.));
#7315 = DIRECTION('',(0.193663065221,0.981068100169,0.));
#7316 = DIRECTION('',(0.981068100169,-0.193663065221,0.));
#7317 = ADVANCED_FACE('',(#7318),#7329,.F.);
#7318 = FACE_BOUND('',#7319,.F.);
#7319 = EDGE_LOOP('',(#7320,#7326,#7327,#7328));
#7320 = ORIENTED_EDGE('',*,*,#7321,.T.);
#7321 = EDGE_CURVE('',#5014,#3766,#7322,.T.);
#7322 = LINE('',#7323,#7324);
#7323 = CARTESIAN_POINT('',(47.154786106022,-75.03366044851,0.));
#7324 = VECTOR('',#7325,1.);
#7325 = DIRECTION('',(0.,0.,1.));
#7326 = ORIENTED_EDGE('',*,*,#3773,.T.);
#7327 = ORIENTED_EDGE('',*,*,#7304,.F.);
#7328 = ORIENTED_EDGE('',*,*,#5021,.F.);
#7329 = PLANE('',#7330);
#7330 = AXIS2_PLACEMENT_3D('',#7331,#7332,#7333);
#7331 = CARTESIAN_POINT('',(47.154786106022,-75.03366044851,0.));
#7332 = DIRECTION('',(0.126957171483,0.991908199688,0.));
#7333 = DIRECTION('',(0.991908199688,-0.126957171483,0.));
#7334 = ADVANCED_FACE('',(#7335),#7346,.F.);
#7335 = FACE_BOUND('',#7336,.F.);
#7336 = EDGE_LOOP('',(#7337,#7343,#7344,#7345));
#7337 = ORIENTED_EDGE('',*,*,#7338,.T.);
#7338 = EDGE_CURVE('',#5006,#3758,#7339,.T.);
#7339 = LINE('',#7340,#7341);
#7340 = CARTESIAN_POINT('',(44.793160730105,-74.90464174067,0.));
#7341 = VECTOR('',#7342,1.);
#7342 = DIRECTION('',(0.,0.,1.));
#7343 = ORIENTED_EDGE('',*,*,#3765,.T.);
#7344 = ORIENTED_EDGE('',*,*,#7321,.F.);
#7345 = ORIENTED_EDGE('',*,*,#5013,.F.);
#7346 = PLANE('',#7347);
#7347 = AXIS2_PLACEMENT_3D('',#7348,#7349,#7350);
#7348 = CARTESIAN_POINT('',(44.793160730105,-74.90464174067,0.));
#7349 = DIRECTION('',(5.454997463538E-02,0.998511041635,0.));
#7350 = DIRECTION('',(0.998511041635,-5.454997463538E-02,0.));
#7351 = ADVANCED_FACE('',(#7352),#7363,.F.);
#7352 = FACE_BOUND('',#7353,.F.);
#7353 = EDGE_LOOP('',(#7354,#7360,#7361,#7362));
#7354 = ORIENTED_EDGE('',*,*,#7355,.T.);
#7355 = EDGE_CURVE('',#4998,#3750,#7356,.T.);
#7356 = LINE('',#7357,#7358);
#7357 = CARTESIAN_POINT('',(21.449107142095,-74.89434317419,0.));
#7358 = VECTOR('',#7359,1.);
#7359 = DIRECTION('',(0.,0.,1.));
#7360 = ORIENTED_EDGE('',*,*,#3757,.T.);
#7361 = ORIENTED_EDGE('',*,*,#7338,.F.);
#7362 = ORIENTED_EDGE('',*,*,#5005,.F.);
#7363 = PLANE('',#7364);
#7364 = AXIS2_PLACEMENT_3D('',#7365,#7366,#7367);
#7365 = CARTESIAN_POINT('',(21.449107142095,-74.89434317419,0.));
#7366 = DIRECTION('',(4.411644035243E-04,0.999999902687,0.));
#7367 = DIRECTION('',(0.999999902687,-4.411644035243E-04,0.));
#7368 = ADVANCED_FACE('',(#7369),#7380,.F.);
#7369 = FACE_BOUND('',#7370,.F.);
#7370 = EDGE_LOOP('',(#7371,#7377,#7378,#7379));
#7371 = ORIENTED_EDGE('',*,*,#7372,.T.);
#7372 = EDGE_CURVE('',#4990,#3742,#7373,.T.);
#7373 = LINE('',#7374,#7375);
#7374 = CARTESIAN_POINT('',(20.297576464844,-74.68369940844,0.));
#7375 = VECTOR('',#7376,1.);
#7376 = DIRECTION('',(0.,0.,1.));
#7377 = ORIENTED_EDGE('',*,*,#3749,.T.);
#7378 = ORIENTED_EDGE('',*,*,#7355,.F.);
#7379 = ORIENTED_EDGE('',*,*,#4997,.F.);
#7380 = PLANE('',#7381);
#7381 = AXIS2_PLACEMENT_3D('',#7382,#7383,#7384);
#7382 = CARTESIAN_POINT('',(20.297576464844,-74.68369940844,0.));
#7383 = DIRECTION('',(0.17993926162,0.983677722696,0.));
#7384 = DIRECTION('',(0.983677722696,-0.17993926162,0.));
#7385 = ADVANCED_FACE('',(#7386),#7397,.F.);
#7386 = FACE_BOUND('',#7387,.F.);
#7387 = EDGE_LOOP('',(#7388,#7394,#7395,#7396));
#7388 = ORIENTED_EDGE('',*,*,#7389,.T.);
#7389 = EDGE_CURVE('',#4982,#3734,#7390,.T.);
#7390 = LINE('',#7391,#7392);
#7391 = CARTESIAN_POINT('',(19.622827455948,-74.40311767464,0.));
#7392 = VECTOR('',#7393,1.);
#7393 = DIRECTION('',(0.,0.,1.));
#7394 = ORIENTED_EDGE('',*,*,#3741,.T.);
#7395 = ORIENTED_EDGE('',*,*,#7372,.F.);
#7396 = ORIENTED_EDGE('',*,*,#4989,.F.);
#7397 = PLANE('',#7398);
#7398 = AXIS2_PLACEMENT_3D('',#7399,#7400,#7401);
#7399 = CARTESIAN_POINT('',(19.622827455948,-74.40311767464,0.));
#7400 = DIRECTION('',(0.383958026167,0.92335054781,0.));
#7401 = DIRECTION('',(0.92335054781,-0.383958026167,0.));
#7402 = ADVANCED_FACE('',(#7403),#7414,.F.);
#7403 = FACE_BOUND('',#7404,.F.);
#7404 = EDGE_LOOP('',(#7405,#7411,#7412,#7413));
#7405 = ORIENTED_EDGE('',*,*,#7406,.T.);
#7406 = EDGE_CURVE('',#4974,#3726,#7407,.T.);
#7407 = LINE('',#7408,#7409);
#7408 = CARTESIAN_POINT('',(19.082304708506,-74.06902500817,0.));
#7409 = VECTOR('',#7410,1.);
#7410 = DIRECTION('',(0.,0.,1.));
#7411 = ORIENTED_EDGE('',*,*,#3733,.T.);
#7412 = ORIENTED_EDGE('',*,*,#7389,.F.);
#7413 = ORIENTED_EDGE('',*,*,#4981,.F.);
#7414 = PLANE('',#7415);
#7415 = AXIS2_PLACEMENT_3D('',#7416,#7417,#7418);
#7416 = CARTESIAN_POINT('',(19.082304708506,-74.06902500817,0.));
#7417 = DIRECTION('',(0.525766682653,0.850628823525,0.));
#7418 = DIRECTION('',(0.850628823525,-0.525766682653,0.));
#7419 = ADVANCED_FACE('',(#7420),#7431,.F.);
#7420 = FACE_BOUND('',#7421,.F.);
#7421 = EDGE_LOOP('',(#7422,#7428,#7429,#7430));
#7422 = ORIENTED_EDGE('',*,*,#7423,.T.);
#7423 = EDGE_CURVE('',#4966,#3718,#7424,.T.);
#7424 = LINE('',#7425,#7426);
#7425 = CARTESIAN_POINT('',(18.511617317845,-73.56921020118,0.));
#7426 = VECTOR('',#7427,1.);
#7427 = DIRECTION('',(0.,0.,1.));
#7428 = ORIENTED_EDGE('',*,*,#3725,.T.);
#7429 = ORIENTED_EDGE('',*,*,#7406,.F.);
#7430 = ORIENTED_EDGE('',*,*,#4973,.F.);
#7431 = PLANE('',#7432);
#7432 = AXIS2_PLACEMENT_3D('',#7433,#7434,#7435);
#7433 = CARTESIAN_POINT('',(18.511617317845,-73.56921020118,0.));
#7434 = DIRECTION('',(0.658850461126,0.752273932736,0.));
#7435 = DIRECTION('',(0.752273932736,-0.658850461126,0.));
#7436 = ADVANCED_FACE('',(#7437),#7448,.F.);
#7437 = FACE_BOUND('',#7438,.F.);
#7438 = EDGE_LOOP('',(#7439,#7445,#7446,#7447));
#7439 = ORIENTED_EDGE('',*,*,#7440,.T.);
#7440 = EDGE_CURVE('',#4958,#3710,#7441,.T.);
#7441 = LINE('',#7442,#7443);
#7442 = CARTESIAN_POINT('',(18.078552524319,-73.04002075587,0.));
#7443 = VECTOR('',#7444,1.);
#7444 = DIRECTION('',(0.,0.,1.));
#7445 = ORIENTED_EDGE('',*,*,#3717,.T.);
#7446 = ORIENTED_EDGE('',*,*,#7423,.F.);
#7447 = ORIENTED_EDGE('',*,*,#4965,.F.);
#7448 = PLANE('',#7449);
#7449 = AXIS2_PLACEMENT_3D('',#7450,#7451,#7452);
#7450 = CARTESIAN_POINT('',(18.078552524319,-73.04002075587,0.));
#7451 = DIRECTION('',(0.773891635115,0.633318037876,0.));
#7452 = DIRECTION('',(0.633318037876,-0.773891635115,0.));
#7453 = ADVANCED_FACE('',(#7454),#7465,.F.);
#7454 = FACE_BOUND('',#7455,.F.);
#7455 = EDGE_LOOP('',(#7456,#7462,#7463,#7464));
#7456 = ORIENTED_EDGE('',*,*,#7457,.T.);
#7457 = EDGE_CURVE('',#4950,#3702,#7458,.T.);
#7458 = LINE('',#7459,#7460);
#7459 = CARTESIAN_POINT('',(17.682912154057,-72.33394272831,0.));
#7460 = VECTOR('',#7461,1.);
#7461 = DIRECTION('',(0.,0.,1.));
#7462 = ORIENTED_EDGE('',*,*,#3709,.T.);
#7463 = ORIENTED_EDGE('',*,*,#7440,.F.);
#7464 = ORIENTED_EDGE('',*,*,#4957,.F.);
#7465 = PLANE('',#7466);
#7466 = AXIS2_PLACEMENT_3D('',#7467,#7468,#7469);
#7467 = CARTESIAN_POINT('',(17.682912154057,-72.33394272831,0.));
#7468 = DIRECTION('',(0.872381326546,0.488825961968,0.));
#7469 = DIRECTION('',(0.488825961968,-0.872381326546,0.));
#7470 = ADVANCED_FACE('',(#7471),#7482,.F.);
#7471 = FACE_BOUND('',#7472,.F.);
#7472 = EDGE_LOOP('',(#7473,#7479,#7480,#7481));
#7473 = ORIENTED_EDGE('',*,*,#7474,.T.);
#7474 = EDGE_CURVE('',#4942,#3694,#7475,.T.);
#7475 = LINE('',#7476,#7477);
#7476 = CARTESIAN_POINT('',(17.354437730279,-72.01449209277,0.));
#7477 = VECTOR('',#7478,1.);
#7478 = DIRECTION('',(0.,0.,1.));
#7479 = ORIENTED_EDGE('',*,*,#3701,.T.);
#7480 = ORIENTED_EDGE('',*,*,#7457,.F.);
#7481 = ORIENTED_EDGE('',*,*,#4949,.F.);
#7482 = PLANE('',#7483);
#7483 = AXIS2_PLACEMENT_3D('',#7484,#7485,#7486);
#7484 = CARTESIAN_POINT('',(17.354437730279,-72.01449209277,0.));
#7485 = DIRECTION('',(0.697191143877,0.716885282942,0.));
#7486 = DIRECTION('',(0.716885282942,-0.697191143877,0.));
#7487 = ADVANCED_FACE('',(#7488),#7499,.F.);
#7488 = FACE_BOUND('',#7489,.F.);
#7489 = EDGE_LOOP('',(#7490,#7496,#7497,#7498));
#7490 = ORIENTED_EDGE('',*,*,#7491,.T.);
#7491 = EDGE_CURVE('',#4934,#3686,#7492,.T.);
#7492 = LINE('',#7493,#7494);
#7493 = CARTESIAN_POINT('',(17.016563119717,-71.36485288656,0.));
#7494 = VECTOR('',#7495,1.);
#7495 = DIRECTION('',(0.,0.,1.));
#7496 = ORIENTED_EDGE('',*,*,#3693,.T.);
#7497 = ORIENTED_EDGE('',*,*,#7474,.F.);
#7498 = ORIENTED_EDGE('',*,*,#4941,.F.);
#7499 = PLANE('',#7500);
#7500 = AXIS2_PLACEMENT_3D('',#7501,#7502,#7503);
#7501 = CARTESIAN_POINT('',(17.016563119717,-71.36485288656,0.));
#7502 = DIRECTION('',(0.887182016545,0.461419624116,0.));
#7503 = DIRECTION('',(0.461419624116,-0.887182016545,0.));
#7504 = ADVANCED_FACE('',(#7505),#7516,.F.);
#7505 = FACE_BOUND('',#7506,.F.);
#7506 = EDGE_LOOP('',(#7507,#7513,#7514,#7515));
#7507 = ORIENTED_EDGE('',*,*,#7508,.T.);
#7508 = EDGE_CURVE('',#4932,#3678,#7509,.T.);
#7509 = LINE('',#7510,#7511);
#7510 = CARTESIAN_POINT('',(16.9,-70.64193975912,0.));
#7511 = VECTOR('',#7512,1.);
#7512 = DIRECTION('',(0.,0.,1.));
#7513 = ORIENTED_EDGE('',*,*,#3685,.T.);
#7514 = ORIENTED_EDGE('',*,*,#7491,.F.);
#7515 = ORIENTED_EDGE('',*,*,#4931,.F.);
#7516 = PLANE('',#7517);
#7517 = AXIS2_PLACEMENT_3D('',#7518,#7519,#7520);
#7518 = CARTESIAN_POINT('',(16.9,-70.64193975912,0.));
#7519 = DIRECTION('',(0.987248799121,0.159184825389,0.));
#7520 = DIRECTION('',(0.159184825389,-0.987248799121,0.));
#7521 = ADVANCED_FACE('',(#7522),#7528,.F.);
#7522 = FACE_BOUND('',#7523,.F.);
#7523 = EDGE_LOOP('',(#7524,#7525,#7526,#7527));
#7524 = ORIENTED_EDGE('',*,*,#5802,.T.);
#7525 = ORIENTED_EDGE('',*,*,#3677,.T.);
#7526 = ORIENTED_EDGE('',*,*,#7508,.F.);
#7527 = ORIENTED_EDGE('',*,*,#5725,.F.);
#7528 = PLANE('',#7529);
#7529 = AXIS2_PLACEMENT_3D('',#7530,#7531,#7532);
#7530 = CARTESIAN_POINT('',(16.9,-21.34107547748,0.));
#7531 = DIRECTION('',(1.,0.,0.));
#7532 = DIRECTION('',(0.,-1.,0.));
#7533 = ADVANCED_FACE('',(#7534),#7545,.F.);
#7534 = FACE_BOUND('',#7535,.T.);
#7535 = EDGE_LOOP('',(#7536,#7537,#7543,#7544));
#7536 = ORIENTED_EDGE('',*,*,#5733,.T.);
#7537 = ORIENTED_EDGE('',*,*,#7538,.T.);
#7538 = EDGE_CURVE('',#5734,#4895,#7539,.T.);
#7539 = LINE('',#7540,#7541);
#7540 = CARTESIAN_POINT('',(42.05,-66.6,-0.1));
#7541 = VECTOR('',#7542,1.);
#7542 = DIRECTION('',(0.,0.,1.));
#7543 = ORIENTED_EDGE('',*,*,#4894,.F.);
#7544 = ORIENTED_EDGE('',*,*,#7538,.F.);
#7545 = CYLINDRICAL_SURFACE('',#7546,0.85);
#7546 = AXIS2_PLACEMENT_3D('',#7547,#7548,#7549);
#7547 = CARTESIAN_POINT('',(41.2,-66.6,-0.1));
#7548 = DIRECTION('',(-0.,-0.,-1.));
#7549 = DIRECTION('',(1.,0.,0.));
#7550 = ADVANCED_FACE('',(#7551),#7562,.F.);
#7551 = FACE_BOUND('',#7552,.T.);
#7552 = EDGE_LOOP('',(#7553,#7554,#7560,#7561));
#7553 = ORIENTED_EDGE('',*,*,#5761,.T.);
#7554 = ORIENTED_EDGE('',*,*,#7555,.T.);
#7555 = EDGE_CURVE('',#5762,#4915,#7556,.T.);
#7556 = LINE('',#7557,#7558);
#7557 = CARTESIAN_POINT('',(57.85,-20.5,-0.1));
#7558 = VECTOR('',#7559,1.);
#7559 = DIRECTION('',(0.,0.,1.));
#7560 = ORIENTED_EDGE('',*,*,#4914,.F.);
#7561 = ORIENTED_EDGE('',*,*,#7555,.F.);
#7562 = CYLINDRICAL_SURFACE('',#7563,0.85);
#7563 = AXIS2_PLACEMENT_3D('',#7564,#7565,#7566);
#7564 = CARTESIAN_POINT('',(57.,-20.5,-0.1));
#7565 = DIRECTION('',(-0.,-0.,-1.));
#7566 = DIRECTION('',(1.,0.,0.));
#7567 = ADVANCED_FACE('',(#7568),#7578,.T.);
#7568 = FACE_BOUND('',#7569,.T.);
#7569 = EDGE_LOOP('',(#7570,#7577));
#7570 = ORIENTED_EDGE('',*,*,#7571,.T.);
#7571 = EDGE_CURVE('',#6670,#6672,#7572,.T.);
#7572 = CIRCLE('',#7573,2.1);
#7573 = AXIS2_PLACEMENT_3D('',#7574,#7575,#7576);
#7574 = CARTESIAN_POINT('',(130.6,-64.,3.8));
#7575 = DIRECTION('',(0.,0.,1.));
#7576 = DIRECTION('',(1.,0.,0.));
#7577 = ORIENTED_EDGE('',*,*,#6669,.F.);
#7578 = PLANE('',#7579);
#7579 = AXIS2_PLACEMENT_3D('',#7580,#7581,#7582);
#7580 = CARTESIAN_POINT('',(130.6,-64.,3.8));
#7581 = DIRECTION('',(0.,0.,1.));
#7582 = DIRECTION('',(1.,0.,0.));
#7583 = ADVANCED_FACE('',(#7584),#7596,.T.);
#7584 = FACE_BOUND('',#7585,.F.);
#7585 = EDGE_LOOP('',(#7586,#7587,#7594,#7595));
#7586 = ORIENTED_EDGE('',*,*,#6695,.T.);
#7587 = ORIENTED_EDGE('',*,*,#7588,.F.);
#7588 = EDGE_CURVE('',#6680,#6688,#7589,.T.);
#7589 = CIRCLE('',#7590,2.1);
#7590 = AXIS2_PLACEMENT_3D('',#7591,#7592,#7593);
#7591 = CARTESIAN_POINT('',(130.6,-64.,1.4));
#7592 = DIRECTION('',(0.,0.,1.));
#7593 = DIRECTION('',(1.,0.,0.));
#7594 = ORIENTED_EDGE('',*,*,#6679,.F.);
#7595 = ORIENTED_EDGE('',*,*,#7571,.T.);
#7596 = CYLINDRICAL_SURFACE('',#7597,2.1);
#7597 = AXIS2_PLACEMENT_3D('',#7598,#7599,#7600);
#7598 = CARTESIAN_POINT('',(130.6,-64.,1.4));
#7599 = DIRECTION('',(-0.,-0.,-1.));
#7600 = DIRECTION('',(1.,0.,0.));
#7601 = ADVANCED_FACE('',(#7602),#7606,.F.);
#7602 = FACE_BOUND('',#7603,.F.);
#7603 = EDGE_LOOP('',(#7604,#7605));
#7604 = ORIENTED_EDGE('',*,*,#7588,.T.);
#7605 = ORIENTED_EDGE('',*,*,#6687,.F.);
#7606 = PLANE('',#7607);
#7607 = AXIS2_PLACEMENT_3D('',#7608,#7609,#7610);
#7608 = CARTESIAN_POINT('',(130.6,-64.,1.4));
#7609 = DIRECTION('',(0.,0.,1.));
#7610 = DIRECTION('',(1.,0.,0.));
#7611 = ( GEOMETRIC_REPRESENTATION_CONTEXT(3) 
GLOBAL_UNCERTAINTY_ASSIGNED_CONTEXT((#7615)) 
GLOBAL_UNIT_ASSIGNED_CONTEXT((#7612,#7613,#7614)) REPRESENTATION_CONTEXT
('Context #1','3D Context with UNIT and UNCERTAINTY') );
#7612 = ( LENGTH_UNIT() NAMED_UNIT(*) SI_UNIT(.MILLI.,.METRE.) );
#7613 = ( NAMED_UNIT(*) PLANE_ANGLE_UNIT() SI_UNIT($,.RADIAN.) );
#7614 = ( NAMED_UNIT(*) SI_UNIT($,.STERADIAN.) SOLID_ANGLE_UNIT() );
#7615 = UNCERTAINTY_MEASURE_WITH_UNIT(LENGTH_MEASURE(2.E-05),#7612,
  'distance_accuracy_value','confusion accuracy');
#7616 = PRODUCT_RELATED_PRODUCT_CATEGORY('part',$,(#7));
ENDSEC;
END-ISO-10303-21;
