ISO-10303-21;
HEADER;
FILE_DESCRIPTION(('FreeCAD Model'),'2;1');
FILE_NAME('Open CASCADE Shape Model','2026-09-23T13:51:11',('FreeCAD'),(
    'FreeCAD'),'Open CASCADE STEP processor 7.8','FreeCAD','Unknown');
FILE_SCHEMA(('AUTOMOTIVE_DESIGN { 1 0 10303 214 1 1 1 1 }'));
ENDSEC;
DATA;
#1 = APPLICATION_PROTOCOL_DEFINITION('international standard',
  'automotive_design',2000,#2);
#2 = APPLICATION_CONTEXT(
  'core data for automotive mechanical design processes');
#3 = SHAPE_DEFINITION_REPRESENTATION(#4,#10);
#4 = PRODUCT_DEFINITION_SHAPE('','',#5);
#5 = PRODUCT_DEFINITION('design','',#6,#9);
#6 = PRODUCT_DEFINITION_FORMATION('','',#7);
#7 = PRODUCT('Open CASCADE STEP translator 7.8 14',
  'Open CASCADE STEP translator 7.8 14','',(#8));
#8 = PRODUCT_CONTEXT('',#2,'mechanical');
#9 = PRODUCT_DEFINITION_CONTEXT('part definition',#2,'design');
#10 = ADVANCED_BREP_SHAPE_REPRESENTATION('',(#11,#15),#3486);
#11 = AXIS2_PLACEMENT_3D('',#12,#13,#14);
#12 = CARTESIAN_POINT('',(0.,0.,0.));
#13 = DIRECTION('',(0.,0.,1.));
#14 = DIRECTION('',(1.,0.,-0.));
#15 = BREP_WITH_VOIDS('',#16,(#3327,#3380,#3433));
#16 = CLOSED_SHELL('',(#17,#153,#184,#429,#453,#613,#638,#663,#688,#741,
    #769,#780,#805,#839,#874,#933,#950,#995,#1012,#1024,#1041,#1074,
    #1114,#1138,#1162,#1243,#1267,#1291,#1315,#1339,#1363,#1387,#1411,
    #1435,#1459,#1483,#1507,#1531,#1548,#1573,#1604,#1628,#1652,#1669,
    #1697,#1721,#1777,#1801,#1857,#1882,#1906,#1931,#1963,#1988,#2013,
    #2038,#2094,#2111,#2122,#2140,#2157,#2224,#2241,#2253,#2271,#2281,
    #2534,#2551,#2563,#2575,#2584,#2593,#2618,#2649,#2673,#2697,#2721,
    #2745,#2769,#2793,#2817,#2841,#2865,#2889,#2906,#2937,#2961,#2985,
    #3002,#3033,#3057,#3081,#3098,#3129,#3153,#3177,#3194,#3219,#3244,
    #3253,#3273,#3285,#3297,#3309,#3318));
#17 = ADVANCED_FACE('',(#18),#148,.T.);
#18 = FACE_BOUND('',#19,.T.);
#19 = EDGE_LOOP('',(#20,#30,#38,#46,#54,#62,#70,#78,#86,#94,#102,#110,
    #118,#126,#134,#142));
#20 = ORIENTED_EDGE('',*,*,#21,.F.);
#21 = EDGE_CURVE('',#22,#24,#26,.T.);
#22 = VERTEX_POINT('',#23);
#23 = CARTESIAN_POINT('',(133.77054165346,-65.8,6.3));
#24 = VERTEX_POINT('',#25);
#25 = CARTESIAN_POINT('',(133.77054165346,-65.8,15.4));
#26 = LINE('',#27,#28);
#27 = CARTESIAN_POINT('',(133.77054165346,-65.8,6.2));
#28 = VECTOR('',#29,1.);
#29 = DIRECTION('',(0.,0.,1.));
#30 = ORIENTED_EDGE('',*,*,#31,.T.);
#31 = EDGE_CURVE('',#22,#32,#34,.T.);
#32 = VERTEX_POINT('',#33);
#33 = CARTESIAN_POINT('',(132.63285513502,-65.8,6.3));
#34 = LINE('',#35,#36);
#35 = CARTESIAN_POINT('',(117.59307288834,-65.8,6.3));
#36 = VECTOR('',#37,1.);
#37 = DIRECTION('',(-1.,0.,0.));
#38 = ORIENTED_EDGE('',*,*,#39,.F.);
#39 = EDGE_CURVE('',#40,#32,#42,.T.);
#40 = VERTEX_POINT('',#41);
#41 = CARTESIAN_POINT('',(132.63285513502,-65.8,6.75));
#42 = LINE('',#43,#44);
#43 = CARTESIAN_POINT('',(132.63285513502,-65.8,5.3));
#44 = VECTOR('',#45,1.);
#45 = DIRECTION('',(-0.,-0.,-1.));
#46 = ORIENTED_EDGE('',*,*,#47,.F.);
#47 = EDGE_CURVE('',#48,#40,#50,.T.);
#48 = VERTEX_POINT('',#49);
#49 = CARTESIAN_POINT('',(128.56714486497,-65.8,6.75));
#50 = LINE('',#51,#52);
#51 = CARTESIAN_POINT('',(121.41472917326,-65.8,6.75));
#52 = VECTOR('',#53,1.);
#53 = DIRECTION('',(1.,0.,0.));
#54 = ORIENTED_EDGE('',*,*,#55,.T.);
#55 = EDGE_CURVE('',#48,#56,#58,.T.);
#56 = VERTEX_POINT('',#57);
#57 = CARTESIAN_POINT('',(128.56714486497,-65.8,6.3));
#58 = LINE('',#59,#60);
#59 = CARTESIAN_POINT('',(128.56714486497,-65.8,5.3));
#60 = VECTOR('',#61,1.);
#61 = DIRECTION('',(-0.,-0.,-1.));
#62 = ORIENTED_EDGE('',*,*,#63,.T.);
#63 = EDGE_CURVE('',#56,#64,#66,.T.);
#64 = VERTEX_POINT('',#65);
#65 = CARTESIAN_POINT('',(124.28744747806,-65.8,6.3));
#66 = LINE('',#67,#68);
#67 = CARTESIAN_POINT('',(117.59307288834,-65.8,6.3));
#68 = VECTOR('',#69,1.);
#69 = DIRECTION('',(-1.,0.,0.));
#70 = ORIENTED_EDGE('',*,*,#71,.F.);
#71 = EDGE_CURVE('',#72,#64,#74,.T.);
#72 = VERTEX_POINT('',#73);
#73 = CARTESIAN_POINT('',(124.28744747806,-65.8,11.6));
#74 = LINE('',#75,#76);
#75 = CARTESIAN_POINT('',(124.28744747806,-65.8,6.3));
#76 = VECTOR('',#77,1.);
#77 = DIRECTION('',(-0.,-0.,-1.));
#78 = ORIENTED_EDGE('',*,*,#79,.F.);
#79 = EDGE_CURVE('',#80,#72,#82,.T.);
#80 = VERTEX_POINT('',#81);
#81 = CARTESIAN_POINT('',(121.31255252193,-65.8,11.6));
#82 = LINE('',#83,#84);
#83 = CARTESIAN_POINT('',(117.51472917326,-65.8,11.6));
#84 = VECTOR('',#85,1.);
#85 = DIRECTION('',(1.,0.,0.));
#86 = ORIENTED_EDGE('',*,*,#87,.T.);
#87 = EDGE_CURVE('',#80,#88,#90,.T.);
#88 = VERTEX_POINT('',#89);
#89 = CARTESIAN_POINT('',(121.31255252193,-65.8,6.3));
#90 = LINE('',#91,#92);
#91 = CARTESIAN_POINT('',(121.31255252193,-65.8,6.3));
#92 = VECTOR('',#93,1.);
#93 = DIRECTION('',(-0.,-0.,-1.));
#94 = ORIENTED_EDGE('',*,*,#95,.T.);
#95 = EDGE_CURVE('',#88,#96,#98,.T.);
#96 = VERTEX_POINT('',#97);
#97 = CARTESIAN_POINT('',(116.6289668856,-65.8,6.3));
#98 = LINE('',#99,#100);
#99 = CARTESIAN_POINT('',(117.59307288834,-65.8,6.3));
#100 = VECTOR('',#101,1.);
#101 = DIRECTION('',(-1.,0.,0.));
#102 = ORIENTED_EDGE('',*,*,#103,.F.);
#103 = EDGE_CURVE('',#104,#96,#106,.T.);
#104 = VERTEX_POINT('',#105);
#105 = CARTESIAN_POINT('',(116.6289668856,-65.8,6.75));
#106 = LINE('',#107,#108);
#107 = CARTESIAN_POINT('',(116.6289668856,-65.8,5.3));
#108 = VECTOR('',#109,1.);
#109 = DIRECTION('',(-0.,-0.,-1.));
#110 = ORIENTED_EDGE('',*,*,#111,.F.);
#111 = EDGE_CURVE('',#112,#104,#114,.T.);
#112 = VERTEX_POINT('',#113);
#113 = CARTESIAN_POINT('',(112.37103311439,-65.8,6.75));
#114 = LINE('',#115,#116);
#115 = CARTESIAN_POINT('',(113.36472917326,-65.8,6.75));
#116 = VECTOR('',#117,1.);
#117 = DIRECTION('',(1.,0.,0.));
#118 = ORIENTED_EDGE('',*,*,#119,.T.);
#119 = EDGE_CURVE('',#112,#120,#122,.T.);
#120 = VERTEX_POINT('',#121);
#121 = CARTESIAN_POINT('',(112.37103311439,-65.8,6.3));
#122 = LINE('',#123,#124);
#123 = CARTESIAN_POINT('',(112.37103311439,-65.8,5.3));
#124 = VECTOR('',#125,1.);
#125 = DIRECTION('',(-0.,-0.,-1.));
#126 = ORIENTED_EDGE('',*,*,#127,.T.);
#127 = EDGE_CURVE('',#120,#128,#130,.T.);
#128 = VERTEX_POINT('',#129);
#129 = CARTESIAN_POINT('',(112.22945834653,-65.8,6.3));
#130 = LINE('',#131,#132);
#131 = CARTESIAN_POINT('',(117.59307288834,-65.8,6.3));
#132 = VECTOR('',#133,1.);
#133 = DIRECTION('',(-1.,0.,0.));
#134 = ORIENTED_EDGE('',*,*,#135,.T.);
#135 = EDGE_CURVE('',#128,#136,#138,.T.);
#136 = VERTEX_POINT('',#137);
#137 = CARTESIAN_POINT('',(112.22945834653,-65.8,15.4));
#138 = LINE('',#139,#140);
#139 = CARTESIAN_POINT('',(112.22945834653,-65.8,6.2));
#140 = VECTOR('',#141,1.);
#141 = DIRECTION('',(0.,0.,1.));
#142 = ORIENTED_EDGE('',*,*,#143,.T.);
#143 = EDGE_CURVE('',#136,#24,#144,.T.);
#144 = LINE('',#145,#146);
#145 = CARTESIAN_POINT('',(112.22945834653,-65.8,15.4));
#146 = VECTOR('',#147,1.);
#147 = DIRECTION('',(1.,0.,0.));
#148 = PLANE('',#149);
#149 = AXIS2_PLACEMENT_3D('',#150,#151,#152);
#150 = CARTESIAN_POINT('',(112.22945834653,-65.8,6.2));
#151 = DIRECTION('',(0.,1.,0.));
#152 = DIRECTION('',(1.,0.,0.));
#153 = ADVANCED_FACE('',(#154),#179,.T.);
#154 = FACE_BOUND('',#155,.T.);
#155 = EDGE_LOOP('',(#156,#164,#165,#173));
#156 = ORIENTED_EDGE('',*,*,#157,.T.);
#157 = EDGE_CURVE('',#158,#22,#160,.T.);
#158 = VERTEX_POINT('',#159);
#159 = CARTESIAN_POINT('',(133.79862057122,-65.79862057122,6.3));
#160 = LINE('',#161,#162);
#161 = CARTESIAN_POINT('',(129.03094887539,-66.03284126237,6.3));
#162 = VECTOR('',#163,1.);
#163 = DIRECTION('',(-0.998795456205,-4.906767432757E-02,0.));
#164 = ORIENTED_EDGE('',*,*,#21,.T.);
#165 = ORIENTED_EDGE('',*,*,#166,.T.);
#166 = EDGE_CURVE('',#24,#167,#169,.T.);
#167 = VERTEX_POINT('',#168);
#168 = CARTESIAN_POINT('',(133.79862057122,-65.79862057122,15.4));
#169 = LINE('',#170,#171);
#170 = CARTESIAN_POINT('',(133.77054165346,-65.8,15.4));
#171 = VECTOR('',#172,1.);
#172 = DIRECTION('',(0.998795456205,4.906767432757E-02,0.));
#173 = ORIENTED_EDGE('',*,*,#174,.F.);
#174 = EDGE_CURVE('',#158,#167,#175,.T.);
#175 = LINE('',#176,#177);
#176 = CARTESIAN_POINT('',(133.79862057122,-65.79862057122,6.2));
#177 = VECTOR('',#178,1.);
#178 = DIRECTION('',(0.,0.,1.));
#179 = PLANE('',#180);
#180 = AXIS2_PLACEMENT_3D('',#181,#182,#183);
#181 = CARTESIAN_POINT('',(133.77054165346,-65.8,6.2));
#182 = DIRECTION('',(-4.906767432757E-02,0.998795456205,0.));
#183 = DIRECTION('',(0.998795456205,4.906767432757E-02,0.));
#184 = ADVANCED_FACE('',(#185,#379,#390),#424,.F.);
#185 = FACE_BOUND('',#186,.F.);
#186 = EDGE_LOOP('',(#187,#197,#205,#211,#212,#213,#221,#229,#237,#245,
    #253,#261,#269,#277,#285,#293,#301,#309,#317,#325,#333,#341,#349,
    #357,#365,#373));
#187 = ORIENTED_EDGE('',*,*,#188,.T.);
#188 = EDGE_CURVE('',#189,#191,#193,.T.);
#189 = VERTEX_POINT('',#190);
#190 = CARTESIAN_POINT('',(112.2,-12.22945834653,15.4));
#191 = VERTEX_POINT('',#192);
#192 = CARTESIAN_POINT('',(112.2,-65.77054165346,15.4));
#193 = LINE('',#194,#195);
#194 = CARTESIAN_POINT('',(112.2,-12.22945834653,15.4));
#195 = VECTOR('',#196,1.);
#196 = DIRECTION('',(0.,-1.,0.));
#197 = ORIENTED_EDGE('',*,*,#198,.T.);
#198 = EDGE_CURVE('',#191,#199,#201,.T.);
#199 = VERTEX_POINT('',#200);
#200 = CARTESIAN_POINT('',(112.20137942877,-65.79862057122,15.4));
#201 = LINE('',#202,#203);
#202 = CARTESIAN_POINT('',(112.2,-65.77054165346,15.4));
#203 = VECTOR('',#204,1.);
#204 = DIRECTION('',(4.906767432757E-02,-0.998795456205,0.));
#205 = ORIENTED_EDGE('',*,*,#206,.T.);
#206 = EDGE_CURVE('',#199,#136,#207,.T.);
#207 = LINE('',#208,#209);
#208 = CARTESIAN_POINT('',(112.20137942877,-65.79862057122,15.4));
#209 = VECTOR('',#210,1.);
#210 = DIRECTION('',(0.998795456205,-4.906767432757E-02,0.));
#211 = ORIENTED_EDGE('',*,*,#143,.T.);
#212 = ORIENTED_EDGE('',*,*,#166,.T.);
#213 = ORIENTED_EDGE('',*,*,#214,.T.);
#214 = EDGE_CURVE('',#167,#215,#217,.T.);
#215 = VERTEX_POINT('',#216);
#216 = CARTESIAN_POINT('',(133.8,-65.77054165346,15.4));
#217 = LINE('',#218,#219);
#218 = CARTESIAN_POINT('',(133.79862057122,-65.79862057122,15.4));
#219 = VECTOR('',#220,1.);
#220 = DIRECTION('',(4.906767432734E-02,0.998795456205,0.));
#221 = ORIENTED_EDGE('',*,*,#222,.T.);
#222 = EDGE_CURVE('',#215,#223,#225,.T.);
#223 = VERTEX_POINT('',#224);
#224 = CARTESIAN_POINT('',(133.8,-13.42945834653,15.4));
#225 = LINE('',#226,#227);
#226 = CARTESIAN_POINT('',(133.8,-65.77054165346,15.4));
#227 = VECTOR('',#228,1.);
#228 = DIRECTION('',(0.,1.,0.));
#229 = ORIENTED_EDGE('',*,*,#230,.T.);
#230 = EDGE_CURVE('',#223,#231,#233,.T.);
#231 = VERTEX_POINT('',#232);
#232 = CARTESIAN_POINT('',(133.79278144488,-13.28252128159,15.4));
#233 = LINE('',#234,#235);
#234 = CARTESIAN_POINT('',(133.8,-13.42945834653,15.4));
#235 = VECTOR('',#236,1.);
#236 = DIRECTION('',(-4.906767432747E-02,0.998795456205,0.));
#237 = ORIENTED_EDGE('',*,*,#238,.T.);
#238 = EDGE_CURVE('',#231,#239,#241,.T.);
#239 = VERTEX_POINT('',#240);
#240 = CARTESIAN_POINT('',(133.77552294818,-13.16617394746,15.4));
#241 = LINE('',#242,#243);
#242 = CARTESIAN_POINT('',(133.79278144488,-13.28252128159,15.4));
#243 = VECTOR('',#244,1.);
#244 = DIRECTION('',(-0.146730474455,0.989176509965,0.));
#245 = ORIENTED_EDGE('',*,*,#246,.T.);
#246 = EDGE_CURVE('',#239,#247,#249,.T.);
#247 = VERTEX_POINT('',#248);
#248 = CARTESIAN_POINT('',(133.74694352287,-13.05207848605,15.4));
#249 = LINE('',#250,#251);
#250 = CARTESIAN_POINT('',(133.77552294818,-13.16617394746,15.4));
#251 = VECTOR('',#252,1.);
#252 = DIRECTION('',(-0.242980179903,0.970031253195,0.));
#253 = ORIENTED_EDGE('',*,*,#254,.T.);
#254 = EDGE_CURVE('',#247,#255,#257,.T.);
#255 = VERTEX_POINT('',#256);
#256 = CARTESIAN_POINT('',(133.70731840446,-12.941333699,15.4));
#257 = LINE('',#258,#259);
#258 = CARTESIAN_POINT('',(133.74694352287,-13.05207848605,15.4));
#259 = VECTOR('',#260,1.);
#260 = DIRECTION('',(-0.336889853392,0.941544065183,0.));
#261 = ORIENTED_EDGE('',*,*,#262,.T.);
#262 = EDGE_CURVE('',#255,#263,#265,.T.);
#263 = VERTEX_POINT('',#264);
#264 = CARTESIAN_POINT('',(133.6570292045,-12.83500611917,15.4));
#265 = LINE('',#266,#267);
#266 = CARTESIAN_POINT('',(133.70731840446,-12.941333699,15.4));
#267 = VECTOR('',#268,1.);
#268 = DIRECTION('',(-0.42755509343,0.903989293123,0.));
#269 = ORIENTED_EDGE('',*,*,#270,.T.);
#270 = EDGE_CURVE('',#263,#271,#273,.T.);
#271 = VERTEX_POINT('',#272);
#272 = CARTESIAN_POINT('',(133.59656023546,-12.73411973926,15.4));
#273 = LINE('',#274,#275);
#274 = CARTESIAN_POINT('',(133.6570292045,-12.83500611917,15.4));
#275 = VECTOR('',#276,1.);
#276 = DIRECTION('',(-0.514102744193,0.85772861,0.));
#277 = ORIENTED_EDGE('',*,*,#278,.T.);
#278 = EDGE_CURVE('',#271,#279,#281,.T.);
#279 = VERTEX_POINT('',#280);
#280 = CARTESIAN_POINT('',(133.52649384658,-12.63964615027,15.4));
#281 = LINE('',#282,#283);
#282 = CARTESIAN_POINT('',(133.59656023546,-12.73411973926,15.4));
#283 = VECTOR('',#284,1.);
#284 = DIRECTION('',(-0.595699304492,0.803207531481,0.));
#285 = ORIENTED_EDGE('',*,*,#286,.T.);
#286 = EDGE_CURVE('',#279,#287,#289,.T.);
#287 = VERTEX_POINT('',#288);
#288 = CARTESIAN_POINT('',(133.44750481548,-12.55249518451,15.4));
#289 = LINE('',#290,#291);
#290 = CARTESIAN_POINT('',(133.52649384658,-12.63964615027,15.4));
#291 = VECTOR('',#292,1.);
#292 = DIRECTION('',(-0.671558954847,0.740951125355,0.));
#293 = ORIENTED_EDGE('',*,*,#294,.T.);
#294 = EDGE_CURVE('',#287,#295,#297,.T.);
#295 = VERTEX_POINT('',#296);
#296 = CARTESIAN_POINT('',(133.36035384972,-12.47350615341,15.4));
#297 = LINE('',#298,#299);
#298 = CARTESIAN_POINT('',(133.44750481548,-12.55249518451,15.4));
#299 = VECTOR('',#300,1.);
#300 = DIRECTION('',(-0.740951125355,0.671558954847,0.));
#301 = ORIENTED_EDGE('',*,*,#302,.T.);
#302 = EDGE_CURVE('',#295,#303,#305,.T.);
#303 = VERTEX_POINT('',#304);
#304 = CARTESIAN_POINT('',(133.26588026073,-12.40343976453,15.4));
#305 = LINE('',#306,#307);
#306 = CARTESIAN_POINT('',(133.36035384972,-12.47350615341,15.4));
#307 = VECTOR('',#308,1.);
#308 = DIRECTION('',(-0.803207531481,0.595699304492,0.));
#309 = ORIENTED_EDGE('',*,*,#310,.T.);
#310 = EDGE_CURVE('',#303,#311,#313,.T.);
#311 = VERTEX_POINT('',#312);
#312 = CARTESIAN_POINT('',(133.16499388083,-12.3429707955,15.4));
#313 = LINE('',#314,#315);
#314 = CARTESIAN_POINT('',(133.26588026073,-12.40343976453,15.4));
#315 = VECTOR('',#316,1.);
#316 = DIRECTION('',(-0.85772861,0.514102744193,0.));
#317 = ORIENTED_EDGE('',*,*,#318,.T.);
#318 = EDGE_CURVE('',#311,#319,#321,.T.);
#319 = VERTEX_POINT('',#320);
#320 = CARTESIAN_POINT('',(133.05866630099,-12.29268159553,15.4));
#321 = LINE('',#322,#323);
#322 = CARTESIAN_POINT('',(133.16499388083,-12.3429707955,15.4));
#323 = VECTOR('',#324,1.);
#324 = DIRECTION('',(-0.903989293123,0.42755509343,0.));
#325 = ORIENTED_EDGE('',*,*,#326,.T.);
#326 = EDGE_CURVE('',#319,#327,#329,.T.);
#327 = VERTEX_POINT('',#328);
#328 = CARTESIAN_POINT('',(132.94792151395,-12.25305647712,15.4));
#329 = LINE('',#330,#331);
#330 = CARTESIAN_POINT('',(133.05866630099,-12.29268159553,15.4));
#331 = VECTOR('',#332,1.);
#332 = DIRECTION('',(-0.941544065183,0.336889853392,0.));
#333 = ORIENTED_EDGE('',*,*,#334,.T.);
#334 = EDGE_CURVE('',#327,#335,#337,.T.);
#335 = VERTEX_POINT('',#336);
#336 = CARTESIAN_POINT('',(132.83382605253,-12.22447705182,15.4));
#337 = LINE('',#338,#339);
#338 = CARTESIAN_POINT('',(132.94792151395,-12.25305647712,15.4));
#339 = VECTOR('',#340,1.);
#340 = DIRECTION('',(-0.970031253195,0.242980179903,0.));
#341 = ORIENTED_EDGE('',*,*,#342,.T.);
#342 = EDGE_CURVE('',#335,#343,#345,.T.);
#343 = VERTEX_POINT('',#344);
#344 = CARTESIAN_POINT('',(132.7174787184,-12.20721855511,15.4));
#345 = LINE('',#346,#347);
#346 = CARTESIAN_POINT('',(132.83382605253,-12.22447705182,15.4));
#347 = VECTOR('',#348,1.);
#348 = DIRECTION('',(-0.989176509965,0.146730474455,0.));
#349 = ORIENTED_EDGE('',*,*,#350,.T.);
#350 = EDGE_CURVE('',#343,#351,#353,.T.);
#351 = VERTEX_POINT('',#352);
#352 = CARTESIAN_POINT('',(132.57054165346,-12.2,15.4));
#353 = LINE('',#354,#355);
#354 = CARTESIAN_POINT('',(132.7174787184,-12.20721855511,15.4));
#355 = VECTOR('',#356,1.);
#356 = DIRECTION('',(-0.998795456205,4.906767432741E-02,0.));
#357 = ORIENTED_EDGE('',*,*,#358,.T.);
#358 = EDGE_CURVE('',#351,#359,#361,.T.);
#359 = VERTEX_POINT('',#360);
#360 = CARTESIAN_POINT('',(112.22945834653,-12.2,15.4));
#361 = LINE('',#362,#363);
#362 = CARTESIAN_POINT('',(132.57054165346,-12.2,15.4));
#363 = VECTOR('',#364,1.);
#364 = DIRECTION('',(-1.,0.,0.));
#365 = ORIENTED_EDGE('',*,*,#366,.T.);
#366 = EDGE_CURVE('',#359,#367,#369,.T.);
#367 = VERTEX_POINT('',#368);
#368 = CARTESIAN_POINT('',(112.20137942877,-12.20137942877,15.4));
#369 = LINE('',#370,#371);
#370 = CARTESIAN_POINT('',(112.22945834653,-12.2,15.4));
#371 = VECTOR('',#372,1.);
#372 = DIRECTION('',(-0.998795456205,-4.906767432741E-02,0.));
#373 = ORIENTED_EDGE('',*,*,#374,.T.);
#374 = EDGE_CURVE('',#367,#189,#375,.T.);
#375 = LINE('',#376,#377);
#376 = CARTESIAN_POINT('',(112.20137942877,-12.20137942877,15.4));
#377 = VECTOR('',#378,1.);
#378 = DIRECTION('',(-4.906767432758E-02,-0.998795456205,0.));
#379 = FACE_BOUND('',#380,.F.);
#380 = EDGE_LOOP('',(#381));
#381 = ORIENTED_EDGE('',*,*,#382,.T.);
#382 = EDGE_CURVE('',#383,#383,#385,.T.);
#383 = VERTEX_POINT('',#384);
#384 = CARTESIAN_POINT('',(124.4,-59.5,15.4));
#385 = CIRCLE('',#386,1.4);
#386 = AXIS2_PLACEMENT_3D('',#387,#388,#389);
#387 = CARTESIAN_POINT('',(123.,-59.5,15.4));
#388 = DIRECTION('',(0.,0.,-1.));
#389 = DIRECTION('',(1.,0.,0.));
#390 = FACE_BOUND('',#391,.F.);
#391 = EDGE_LOOP('',(#392,#402,#410,#418));
#392 = ORIENTED_EDGE('',*,*,#393,.T.);
#393 = EDGE_CURVE('',#394,#396,#398,.T.);
#394 = VERTEX_POINT('',#395);
#395 = CARTESIAN_POINT('',(130.05,-49.35,15.4));
#396 = VERTEX_POINT('',#397);
#397 = CARTESIAN_POINT('',(115.55,-49.35,15.4));
#398 = LINE('',#399,#400);
#399 = CARTESIAN_POINT('',(119.25608769591,-49.35,15.4));
#400 = VECTOR('',#401,1.);
#401 = DIRECTION('',(-1.,0.,0.));
#402 = ORIENTED_EDGE('',*,*,#403,.T.);
#403 = EDGE_CURVE('',#396,#404,#406,.T.);
#404 = VERTEX_POINT('',#405);
#405 = CARTESIAN_POINT('',(115.55,-18.25,15.4));
#406 = LINE('',#407,#408);
#407 = CARTESIAN_POINT('',(115.55,-44.22141870115,15.4));
#408 = VECTOR('',#409,1.);
#409 = DIRECTION('',(0.,1.,0.));
#410 = ORIENTED_EDGE('',*,*,#411,.F.);
#411 = EDGE_CURVE('',#412,#404,#414,.T.);
#412 = VERTEX_POINT('',#413);
#413 = CARTESIAN_POINT('',(130.05,-18.25,15.4));
#414 = LINE('',#415,#416);
#415 = CARTESIAN_POINT('',(119.25608769591,-18.25,15.4));
#416 = VECTOR('',#417,1.);
#417 = DIRECTION('',(-1.,0.,0.));
#418 = ORIENTED_EDGE('',*,*,#419,.F.);
#419 = EDGE_CURVE('',#394,#412,#420,.T.);
#420 = LINE('',#421,#422);
#421 = CARTESIAN_POINT('',(130.05,-44.22141870115,15.4));
#422 = VECTOR('',#423,1.);
#423 = DIRECTION('',(0.,1.,0.));
#424 = PLANE('',#425);
#425 = AXIS2_PLACEMENT_3D('',#426,#427,#428);
#426 = CARTESIAN_POINT('',(122.96217539183,-39.0928374023,15.4));
#427 = DIRECTION('',(0.,0.,1.));
#428 = DIRECTION('',(1.,0.,0.));
#429 = ADVANCED_FACE('',(#430),#448,.T.);
#430 = FACE_BOUND('',#431,.T.);
#431 = EDGE_LOOP('',(#432,#440,#446,#447));
#432 = ORIENTED_EDGE('',*,*,#433,.T.);
#433 = EDGE_CURVE('',#128,#434,#436,.T.);
#434 = VERTEX_POINT('',#435);
#435 = CARTESIAN_POINT('',(112.20137942877,-65.79862057122,6.3));
#436 = LINE('',#437,#438);
#437 = CARTESIAN_POINT('',(116.91180337682,-66.03002886087,6.3));
#438 = VECTOR('',#439,1.);
#439 = DIRECTION('',(-0.998795456205,4.906767432757E-02,0.));
#440 = ORIENTED_EDGE('',*,*,#441,.T.);
#441 = EDGE_CURVE('',#434,#199,#442,.T.);
#442 = LINE('',#443,#444);
#443 = CARTESIAN_POINT('',(112.20137942877,-65.79862057122,6.2));
#444 = VECTOR('',#445,1.);
#445 = DIRECTION('',(0.,0.,1.));
#446 = ORIENTED_EDGE('',*,*,#206,.T.);
#447 = ORIENTED_EDGE('',*,*,#135,.F.);
#448 = PLANE('',#449);
#449 = AXIS2_PLACEMENT_3D('',#450,#451,#452);
#450 = CARTESIAN_POINT('',(112.20137942877,-65.79862057122,6.2));
#451 = DIRECTION('',(4.906767432757E-02,0.998795456205,0.));
#452 = DIRECTION('',(0.998795456205,-4.906767432757E-02,0.));
#453 = ADVANCED_FACE('',(#454,#597),#608,.T.);
#454 = FACE_BOUND('',#455,.T.);
#455 = EDGE_LOOP('',(#456,#457,#466,#474,#483,#491,#500,#508,#516,#524,
    #532,#540,#548,#556,#564,#573,#582,#590,#596));
#456 = ORIENTED_EDGE('',*,*,#127,.F.);
#457 = ORIENTED_EDGE('',*,*,#458,.F.);
#458 = EDGE_CURVE('',#459,#120,#461,.T.);
#459 = VERTEX_POINT('',#460);
#460 = CARTESIAN_POINT('',(112.95970781992,-67.,6.3));
#461 = CIRCLE('',#462,2.15);
#462 = AXIS2_PLACEMENT_3D('',#463,#464,#465);
#463 = CARTESIAN_POINT('',(114.5,-65.5,6.3));
#464 = DIRECTION('',(0.,0.,-1.));
#465 = DIRECTION('',(1.,0.,0.));
#466 = ORIENTED_EDGE('',*,*,#467,.T.);
#467 = EDGE_CURVE('',#459,#468,#470,.T.);
#468 = VERTEX_POINT('',#469);
#469 = CARTESIAN_POINT('',(112.2,-67.,6.3));
#470 = LINE('',#471,#472);
#471 = CARTESIAN_POINT('',(133.8,-67.,6.3));
#472 = VECTOR('',#473,1.);
#473 = DIRECTION('',(-1.,0.,0.));
#474 = ORIENTED_EDGE('',*,*,#475,.T.);
#475 = EDGE_CURVE('',#468,#476,#478,.T.);
#476 = VERTEX_POINT('',#477);
#477 = CARTESIAN_POINT('',(111.,-65.8,6.3));
#478 = CIRCLE('',#479,1.2);
#479 = AXIS2_PLACEMENT_3D('',#480,#481,#482);
#480 = CARTESIAN_POINT('',(112.2,-65.8,6.3));
#481 = DIRECTION('',(0.,0.,-1.));
#482 = DIRECTION('',(0.,-1.,0.));
#483 = ORIENTED_EDGE('',*,*,#484,.T.);
#484 = EDGE_CURVE('',#476,#485,#487,.T.);
#485 = VERTEX_POINT('',#486);
#486 = CARTESIAN_POINT('',(111.,-12.2,6.3));
#487 = LINE('',#488,#489);
#488 = CARTESIAN_POINT('',(111.,-65.8,6.3));
#489 = VECTOR('',#490,1.);
#490 = DIRECTION('',(0.,1.,0.));
#491 = ORIENTED_EDGE('',*,*,#492,.T.);
#492 = EDGE_CURVE('',#485,#493,#495,.T.);
#493 = VERTEX_POINT('',#494);
#494 = CARTESIAN_POINT('',(112.2,-11.,6.3));
#495 = CIRCLE('',#496,1.2);
#496 = AXIS2_PLACEMENT_3D('',#497,#498,#499);
#497 = CARTESIAN_POINT('',(112.2,-12.2,6.3));
#498 = DIRECTION('',(0.,0.,-1.));
#499 = DIRECTION('',(-1.,4.44E-15,0.));
#500 = ORIENTED_EDGE('',*,*,#501,.T.);
#501 = EDGE_CURVE('',#493,#502,#504,.T.);
#502 = VERTEX_POINT('',#503);
#503 = CARTESIAN_POINT('',(116.3,-11.,6.3));
#504 = LINE('',#505,#506);
#505 = CARTESIAN_POINT('',(112.2,-11.,6.3));
#506 = VECTOR('',#507,1.);
#507 = DIRECTION('',(1.,0.,0.));
#508 = ORIENTED_EDGE('',*,*,#509,.F.);
#509 = EDGE_CURVE('',#510,#502,#512,.T.);
#510 = VERTEX_POINT('',#511);
#511 = CARTESIAN_POINT('',(116.3,-11.4,6.3));
#512 = LINE('',#513,#514);
#513 = CARTESIAN_POINT('',(116.3,-29.54893884022,6.3));
#514 = VECTOR('',#515,1.);
#515 = DIRECTION('',(0.,1.,0.));
#516 = ORIENTED_EDGE('',*,*,#517,.T.);
#517 = EDGE_CURVE('',#510,#518,#520,.T.);
#518 = VERTEX_POINT('',#519);
#519 = CARTESIAN_POINT('',(113.,-11.4,6.3));
#520 = LINE('',#521,#522);
#521 = CARTESIAN_POINT('',(117.97834371508,-11.4,6.3));
#522 = VECTOR('',#523,1.);
#523 = DIRECTION('',(-1.,0.,0.));
#524 = ORIENTED_EDGE('',*,*,#525,.F.);
#525 = EDGE_CURVE('',#526,#518,#528,.T.);
#526 = VERTEX_POINT('',#527);
#527 = CARTESIAN_POINT('',(113.,-12.2,6.3));
#528 = LINE('',#529,#530);
#529 = CARTESIAN_POINT('',(113.,-43.59893884022,6.3));
#530 = VECTOR('',#531,1.);
#531 = DIRECTION('',(0.,1.,0.));
#532 = ORIENTED_EDGE('',*,*,#533,.F.);
#533 = EDGE_CURVE('',#534,#526,#536,.T.);
#534 = VERTEX_POINT('',#535);
#535 = CARTESIAN_POINT('',(112.22945834653,-12.2,6.3));
#536 = LINE('',#537,#538);
#537 = CARTESIAN_POINT('',(127.76361454181,-12.2,6.3));
#538 = VECTOR('',#539,1.);
#539 = DIRECTION('',(1.,0.,0.));
#540 = ORIENTED_EDGE('',*,*,#541,.F.);
#541 = EDGE_CURVE('',#542,#534,#544,.T.);
#542 = VERTEX_POINT('',#543);
#543 = CARTESIAN_POINT('',(112.20137942877,-12.20137942877,6.3));
#544 = LINE('',#545,#546);
#545 = CARTESIAN_POINT('',(116.92104599053,-11.96951707863,6.3));
#546 = VECTOR('',#547,1.);
#547 = DIRECTION('',(0.998795456205,4.906767432741E-02,0.));
#548 = ORIENTED_EDGE('',*,*,#549,.F.);
#549 = EDGE_CURVE('',#550,#542,#552,.T.);
#550 = VERTEX_POINT('',#551);
#551 = CARTESIAN_POINT('',(112.2,-12.22945834653,6.3));
#552 = LINE('',#553,#554);
#553 = CARTESIAN_POINT('',(111.55524740483,-25.35369892353,6.3));
#554 = VECTOR('',#555,1.);
#555 = DIRECTION('',(4.906767432758E-02,0.998795456205,0.));
#556 = ORIENTED_EDGE('',*,*,#557,.F.);
#557 = EDGE_CURVE('',#558,#550,#560,.T.);
#558 = VERTEX_POINT('',#559);
#559 = CARTESIAN_POINT('',(112.2,-51.13191726823,6.3));
#560 = LINE('',#561,#562);
#561 = CARTESIAN_POINT('',(112.2,-25.66366801349,6.3));
#562 = VECTOR('',#563,1.);
#563 = DIRECTION('',(0.,1.,0.));
#564 = ORIENTED_EDGE('',*,*,#565,.F.);
#565 = EDGE_CURVE('',#566,#558,#568,.T.);
#566 = VERTEX_POINT('',#567);
#567 = CARTESIAN_POINT('',(114.85,-52.8,6.3));
#568 = CIRCLE('',#569,1.85);
#569 = AXIS2_PLACEMENT_3D('',#570,#571,#572);
#570 = CARTESIAN_POINT('',(113.,-52.8,6.3));
#571 = DIRECTION('',(0.,0.,1.));
#572 = DIRECTION('',(1.,0.,0.));
#573 = ORIENTED_EDGE('',*,*,#574,.F.);
#574 = EDGE_CURVE('',#575,#566,#577,.T.);
#575 = VERTEX_POINT('',#576);
#576 = CARTESIAN_POINT('',(112.2,-54.46808273176,6.3));
#577 = CIRCLE('',#578,1.85);
#578 = AXIS2_PLACEMENT_3D('',#579,#580,#581);
#579 = CARTESIAN_POINT('',(113.,-52.8,6.3));
#580 = DIRECTION('',(0.,0.,1.));
#581 = DIRECTION('',(1.,0.,0.));
#582 = ORIENTED_EDGE('',*,*,#583,.F.);
#583 = EDGE_CURVE('',#584,#575,#586,.T.);
#584 = VERTEX_POINT('',#585);
#585 = CARTESIAN_POINT('',(112.2,-65.77054165346,6.3));
#586 = LINE('',#587,#588);
#587 = CARTESIAN_POINT('',(112.2,-25.66366801349,6.3));
#588 = VECTOR('',#589,1.);
#589 = DIRECTION('',(0.,1.,0.));
#590 = ORIENTED_EDGE('',*,*,#591,.F.);
#591 = EDGE_CURVE('',#434,#584,#592,.T.);
#592 = LINE('',#593,#594);
#593 = CARTESIAN_POINT('',(111.55935453561,-52.72990364414,6.3));
#594 = VECTOR('',#595,1.);
#595 = DIRECTION('',(-4.906767432757E-02,0.998795456205,0.));
#596 = ORIENTED_EDGE('',*,*,#433,.F.);
#597 = FACE_BOUND('',#598,.T.);
#598 = EDGE_LOOP('',(#599));
#599 = ORIENTED_EDGE('',*,*,#600,.F.);
#600 = EDGE_CURVE('',#601,#601,#603,.T.);
#601 = VERTEX_POINT('',#602);
#602 = CARTESIAN_POINT('',(114.6,-52.8,6.3));
#603 = CIRCLE('',#604,1.6);
#604 = AXIS2_PLACEMENT_3D('',#605,#606,#607);
#605 = CARTESIAN_POINT('',(113.,-52.8,6.3));
#606 = DIRECTION('',(0.,0.,-1.));
#607 = DIRECTION('',(1.,0.,0.));
#608 = PLANE('',#609);
#609 = AXIS2_PLACEMENT_3D('',#610,#611,#612);
#610 = CARTESIAN_POINT('',(115.73647631947,-46.10224167393,6.3));
#611 = DIRECTION('',(-0.,-0.,-1.));
#612 = DIRECTION('',(-1.,0.,0.));
#613 = ADVANCED_FACE('',(#614),#633,.F.);
#614 = FACE_BOUND('',#615,.T.);
#615 = EDGE_LOOP('',(#616,#617,#626,#632));
#616 = ORIENTED_EDGE('',*,*,#119,.F.);
#617 = ORIENTED_EDGE('',*,*,#618,.T.);
#618 = EDGE_CURVE('',#112,#619,#621,.T.);
#619 = VERTEX_POINT('',#620);
#620 = CARTESIAN_POINT('',(112.95970781992,-67.,6.75));
#621 = CIRCLE('',#622,2.15);
#622 = AXIS2_PLACEMENT_3D('',#623,#624,#625);
#623 = CARTESIAN_POINT('',(114.5,-65.5,6.75));
#624 = DIRECTION('',(0.,0.,1.));
#625 = DIRECTION('',(1.,0.,0.));
#626 = ORIENTED_EDGE('',*,*,#627,.T.);
#627 = EDGE_CURVE('',#619,#459,#628,.T.);
#628 = LINE('',#629,#630);
#629 = CARTESIAN_POINT('',(112.95970781992,-67.,5.3));
#630 = VECTOR('',#631,1.);
#631 = DIRECTION('',(-0.,-0.,-1.));
#632 = ORIENTED_EDGE('',*,*,#458,.T.);
#633 = CYLINDRICAL_SURFACE('',#634,2.15);
#634 = AXIS2_PLACEMENT_3D('',#635,#636,#637);
#635 = CARTESIAN_POINT('',(114.5,-65.5,5.3));
#636 = DIRECTION('',(-0.,-0.,-1.));
#637 = DIRECTION('',(1.,0.,0.));
#638 = ADVANCED_FACE('',(#639),#658,.F.);
#639 = FACE_BOUND('',#640,.F.);
#640 = EDGE_LOOP('',(#641,#642,#643,#651));
#641 = ORIENTED_EDGE('',*,*,#111,.F.);
#642 = ORIENTED_EDGE('',*,*,#618,.T.);
#643 = ORIENTED_EDGE('',*,*,#644,.F.);
#644 = EDGE_CURVE('',#645,#619,#647,.T.);
#645 = VERTEX_POINT('',#646);
#646 = CARTESIAN_POINT('',(116.04029218007,-67.,6.75));
#647 = LINE('',#648,#649);
#648 = CARTESIAN_POINT('',(124.15,-67.,6.75));
#649 = VECTOR('',#650,1.);
#650 = DIRECTION('',(-1.,0.,0.));
#651 = ORIENTED_EDGE('',*,*,#652,.T.);
#652 = EDGE_CURVE('',#645,#104,#653,.T.);
#653 = CIRCLE('',#654,2.15);
#654 = AXIS2_PLACEMENT_3D('',#655,#656,#657);
#655 = CARTESIAN_POINT('',(114.5,-65.5,6.75));
#656 = DIRECTION('',(0.,0.,1.));
#657 = DIRECTION('',(1.,0.,0.));
#658 = PLANE('',#659);
#659 = AXIS2_PLACEMENT_3D('',#660,#661,#662);
#660 = CARTESIAN_POINT('',(114.5,-65.5,6.75));
#661 = DIRECTION('',(0.,0.,1.));
#662 = DIRECTION('',(1.,0.,0.));
#663 = ADVANCED_FACE('',(#664),#683,.F.);
#664 = FACE_BOUND('',#665,.T.);
#665 = EDGE_LOOP('',(#666,#667,#668,#677));
#666 = ORIENTED_EDGE('',*,*,#652,.T.);
#667 = ORIENTED_EDGE('',*,*,#103,.T.);
#668 = ORIENTED_EDGE('',*,*,#669,.T.);
#669 = EDGE_CURVE('',#96,#670,#672,.T.);
#670 = VERTEX_POINT('',#671);
#671 = CARTESIAN_POINT('',(116.04029218007,-67.,6.3));
#672 = CIRCLE('',#673,2.15);
#673 = AXIS2_PLACEMENT_3D('',#674,#675,#676);
#674 = CARTESIAN_POINT('',(114.5,-65.5,6.3));
#675 = DIRECTION('',(0.,0.,-1.));
#676 = DIRECTION('',(1.,0.,0.));
#677 = ORIENTED_EDGE('',*,*,#678,.F.);
#678 = EDGE_CURVE('',#645,#670,#679,.T.);
#679 = LINE('',#680,#681);
#680 = CARTESIAN_POINT('',(116.04029218007,-67.,5.3));
#681 = VECTOR('',#682,1.);
#682 = DIRECTION('',(-0.,-0.,-1.));
#683 = CYLINDRICAL_SURFACE('',#684,2.15);
#684 = AXIS2_PLACEMENT_3D('',#685,#686,#687);
#685 = CARTESIAN_POINT('',(114.5,-65.5,5.3));
#686 = DIRECTION('',(-0.,-0.,-1.));
#687 = DIRECTION('',(1.,0.,0.));
#688 = ADVANCED_FACE('',(#689,#725),#736,.T.);
#689 = FACE_BOUND('',#690,.T.);
#690 = EDGE_LOOP('',(#691,#700,#701,#710,#716,#717,#718));
#691 = ORIENTED_EDGE('',*,*,#692,.F.);
#692 = EDGE_CURVE('',#64,#693,#695,.T.);
#693 = VERTEX_POINT('',#694);
#694 = CARTESIAN_POINT('',(124.65,-64.7,6.3));
#695 = CIRCLE('',#696,1.85);
#696 = AXIS2_PLACEMENT_3D('',#697,#698,#699);
#697 = CARTESIAN_POINT('',(122.8,-64.7,6.3));
#698 = DIRECTION('',(0.,0.,1.));
#699 = DIRECTION('',(1.,0.,0.));
#700 = ORIENTED_EDGE('',*,*,#63,.F.);
#701 = ORIENTED_EDGE('',*,*,#702,.F.);
#702 = EDGE_CURVE('',#703,#56,#705,.T.);
#703 = VERTEX_POINT('',#704);
#704 = CARTESIAN_POINT('',(128.50894763336,-67.,6.3));
#705 = CIRCLE('',#706,2.15);
#706 = AXIS2_PLACEMENT_3D('',#707,#708,#709);
#707 = CARTESIAN_POINT('',(130.6,-66.5,6.3));
#708 = DIRECTION('',(0.,0.,-1.));
#709 = DIRECTION('',(1.,0.,0.));
#710 = ORIENTED_EDGE('',*,*,#711,.T.);
#711 = EDGE_CURVE('',#703,#670,#712,.T.);
#712 = LINE('',#713,#714);
#713 = CARTESIAN_POINT('',(133.8,-67.,6.3));
#714 = VECTOR('',#715,1.);
#715 = DIRECTION('',(-1.,0.,0.));
#716 = ORIENTED_EDGE('',*,*,#669,.F.);
#717 = ORIENTED_EDGE('',*,*,#95,.F.);
#718 = ORIENTED_EDGE('',*,*,#719,.F.);
#719 = EDGE_CURVE('',#693,#88,#720,.T.);
#720 = CIRCLE('',#721,1.85);
#721 = AXIS2_PLACEMENT_3D('',#722,#723,#724);
#722 = CARTESIAN_POINT('',(122.8,-64.7,6.3));
#723 = DIRECTION('',(0.,0.,1.));
#724 = DIRECTION('',(1.,0.,0.));
#725 = FACE_BOUND('',#726,.T.);
#726 = EDGE_LOOP('',(#727));
#727 = ORIENTED_EDGE('',*,*,#728,.F.);
#728 = EDGE_CURVE('',#729,#729,#731,.T.);
#729 = VERTEX_POINT('',#730);
#730 = CARTESIAN_POINT('',(124.4,-64.7,6.3));
#731 = CIRCLE('',#732,1.6);
#732 = AXIS2_PLACEMENT_3D('',#733,#734,#735);
#733 = CARTESIAN_POINT('',(122.8,-64.7,6.3));
#734 = DIRECTION('',(0.,0.,-1.));
#735 = DIRECTION('',(1.,0.,0.));
#736 = PLANE('',#737);
#737 = AXIS2_PLACEMENT_3D('',#738,#739,#740);
#738 = CARTESIAN_POINT('',(115.73647631947,-46.10224167393,6.3));
#739 = DIRECTION('',(-0.,-0.,-1.));
#740 = DIRECTION('',(-1.,0.,0.));
#741 = ADVANCED_FACE('',(#742),#764,.T.);
#742 = FACE_BOUND('',#743,.F.);
#743 = EDGE_LOOP('',(#744,#745,#754,#761,#762,#763));
#744 = ORIENTED_EDGE('',*,*,#71,.F.);
#745 = ORIENTED_EDGE('',*,*,#746,.T.);
#746 = EDGE_CURVE('',#72,#747,#749,.T.);
#747 = VERTEX_POINT('',#748);
#748 = CARTESIAN_POINT('',(124.65,-64.7,11.6));
#749 = CIRCLE('',#750,1.85);
#750 = AXIS2_PLACEMENT_3D('',#751,#752,#753);
#751 = CARTESIAN_POINT('',(122.8,-64.7,11.6));
#752 = DIRECTION('',(0.,0.,1.));
#753 = DIRECTION('',(1.,0.,0.));
#754 = ORIENTED_EDGE('',*,*,#755,.T.);
#755 = EDGE_CURVE('',#747,#80,#756,.T.);
#756 = CIRCLE('',#757,1.85);
#757 = AXIS2_PLACEMENT_3D('',#758,#759,#760);
#758 = CARTESIAN_POINT('',(122.8,-64.7,11.6));
#759 = DIRECTION('',(0.,0.,1.));
#760 = DIRECTION('',(1.,0.,0.));
#761 = ORIENTED_EDGE('',*,*,#87,.T.);
#762 = ORIENTED_EDGE('',*,*,#719,.F.);
#763 = ORIENTED_EDGE('',*,*,#692,.F.);
#764 = CYLINDRICAL_SURFACE('',#765,1.85);
#765 = AXIS2_PLACEMENT_3D('',#766,#767,#768);
#766 = CARTESIAN_POINT('',(122.8,-64.7,6.3));
#767 = DIRECTION('',(-0.,-0.,-1.));
#768 = DIRECTION('',(1.,0.,0.));
#769 = ADVANCED_FACE('',(#770),#775,.T.);
#770 = FACE_BOUND('',#771,.T.);
#771 = EDGE_LOOP('',(#772,#773,#774));
#772 = ORIENTED_EDGE('',*,*,#746,.T.);
#773 = ORIENTED_EDGE('',*,*,#755,.T.);
#774 = ORIENTED_EDGE('',*,*,#79,.T.);
#775 = PLANE('',#776);
#776 = AXIS2_PLACEMENT_3D('',#777,#778,#779);
#777 = CARTESIAN_POINT('',(122.8,-64.7,11.6));
#778 = DIRECTION('',(0.,0.,1.));
#779 = DIRECTION('',(1.,0.,0.));
#780 = ADVANCED_FACE('',(#781),#800,.F.);
#781 = FACE_BOUND('',#782,.T.);
#782 = EDGE_LOOP('',(#783,#784,#793,#799));
#783 = ORIENTED_EDGE('',*,*,#55,.F.);
#784 = ORIENTED_EDGE('',*,*,#785,.T.);
#785 = EDGE_CURVE('',#48,#786,#788,.T.);
#786 = VERTEX_POINT('',#787);
#787 = CARTESIAN_POINT('',(128.50894763336,-67.,6.75));
#788 = CIRCLE('',#789,2.15);
#789 = AXIS2_PLACEMENT_3D('',#790,#791,#792);
#790 = CARTESIAN_POINT('',(130.6,-66.5,6.75));
#791 = DIRECTION('',(0.,0.,1.));
#792 = DIRECTION('',(1.,0.,0.));
#793 = ORIENTED_EDGE('',*,*,#794,.T.);
#794 = EDGE_CURVE('',#786,#703,#795,.T.);
#795 = LINE('',#796,#797);
#796 = CARTESIAN_POINT('',(128.50894763336,-67.,5.3));
#797 = VECTOR('',#798,1.);
#798 = DIRECTION('',(-0.,-0.,-1.));
#799 = ORIENTED_EDGE('',*,*,#702,.T.);
#800 = CYLINDRICAL_SURFACE('',#801,2.15);
#801 = AXIS2_PLACEMENT_3D('',#802,#803,#804);
#802 = CARTESIAN_POINT('',(130.6,-66.5,5.3));
#803 = DIRECTION('',(-0.,-0.,-1.));
#804 = DIRECTION('',(1.,0.,0.));
#805 = ADVANCED_FACE('',(#806),#834,.F.);
#806 = FACE_BOUND('',#807,.F.);
#807 = EDGE_LOOP('',(#808,#819,#826,#827,#828));
#808 = ORIENTED_EDGE('',*,*,#809,.T.);
#809 = EDGE_CURVE('',#810,#812,#814,.T.);
#810 = VERTEX_POINT('',#811);
#811 = CARTESIAN_POINT('',(132.69105236663,-67.,6.75));
#812 = VERTEX_POINT('',#813);
#813 = CARTESIAN_POINT('',(132.75,-66.5,6.75));
#814 = CIRCLE('',#815,2.15);
#815 = AXIS2_PLACEMENT_3D('',#816,#817,#818);
#816 = CARTESIAN_POINT('',(130.6,-66.5,6.75));
#817 = DIRECTION('',(0.,0.,1.));
#818 = DIRECTION('',(1.,0.,0.));
#819 = ORIENTED_EDGE('',*,*,#820,.T.);
#820 = EDGE_CURVE('',#812,#40,#821,.T.);
#821 = CIRCLE('',#822,2.15);
#822 = AXIS2_PLACEMENT_3D('',#823,#824,#825);
#823 = CARTESIAN_POINT('',(130.6,-66.5,6.75));
#824 = DIRECTION('',(0.,0.,1.));
#825 = DIRECTION('',(1.,0.,0.));
#826 = ORIENTED_EDGE('',*,*,#47,.F.);
#827 = ORIENTED_EDGE('',*,*,#785,.T.);
#828 = ORIENTED_EDGE('',*,*,#829,.F.);
#829 = EDGE_CURVE('',#810,#786,#830,.T.);
#830 = LINE('',#831,#832);
#831 = CARTESIAN_POINT('',(132.2,-67.,6.75));
#832 = VECTOR('',#833,1.);
#833 = DIRECTION('',(-1.,0.,0.));
#834 = PLANE('',#835);
#835 = AXIS2_PLACEMENT_3D('',#836,#837,#838);
#836 = CARTESIAN_POINT('',(130.6,-66.5,6.75));
#837 = DIRECTION('',(0.,0.,1.));
#838 = DIRECTION('',(1.,0.,0.));
#839 = ADVANCED_FACE('',(#840),#869,.F.);
#840 = FACE_BOUND('',#841,.T.);
#841 = EDGE_LOOP('',(#842,#853,#859,#860,#861,#862));
#842 = ORIENTED_EDGE('',*,*,#843,.T.);
#843 = EDGE_CURVE('',#844,#846,#848,.T.);
#844 = VERTEX_POINT('',#845);
#845 = CARTESIAN_POINT('',(132.75,-66.5,6.3));
#846 = VERTEX_POINT('',#847);
#847 = CARTESIAN_POINT('',(132.69105236663,-67.,6.3));
#848 = CIRCLE('',#849,2.15);
#849 = AXIS2_PLACEMENT_3D('',#850,#851,#852);
#850 = CARTESIAN_POINT('',(130.6,-66.5,6.3));
#851 = DIRECTION('',(0.,0.,-1.));
#852 = DIRECTION('',(1.,0.,0.));
#853 = ORIENTED_EDGE('',*,*,#854,.F.);
#854 = EDGE_CURVE('',#810,#846,#855,.T.);
#855 = LINE('',#856,#857);
#856 = CARTESIAN_POINT('',(132.69105236663,-67.,5.3));
#857 = VECTOR('',#858,1.);
#858 = DIRECTION('',(-0.,-0.,-1.));
#859 = ORIENTED_EDGE('',*,*,#809,.T.);
#860 = ORIENTED_EDGE('',*,*,#820,.T.);
#861 = ORIENTED_EDGE('',*,*,#39,.T.);
#862 = ORIENTED_EDGE('',*,*,#863,.T.);
#863 = EDGE_CURVE('',#32,#844,#864,.T.);
#864 = CIRCLE('',#865,2.15);
#865 = AXIS2_PLACEMENT_3D('',#866,#867,#868);
#866 = CARTESIAN_POINT('',(130.6,-66.5,6.3));
#867 = DIRECTION('',(0.,0.,-1.));
#868 = DIRECTION('',(1.,0.,0.));
#869 = CYLINDRICAL_SURFACE('',#870,2.15);
#870 = AXIS2_PLACEMENT_3D('',#871,#872,#873);
#871 = CARTESIAN_POINT('',(130.6,-66.5,5.3));
#872 = DIRECTION('',(-0.,-0.,-1.));
#873 = DIRECTION('',(1.,0.,0.));
#874 = ADVANCED_FACE('',(#875),#928,.T.);
#875 = FACE_BOUND('',#876,.T.);
#876 = EDGE_LOOP('',(#877,#878,#879,#880,#888,#896,#904,#912,#921,#927)
  );
#877 = ORIENTED_EDGE('',*,*,#863,.F.);
#878 = ORIENTED_EDGE('',*,*,#31,.F.);
#879 = ORIENTED_EDGE('',*,*,#157,.F.);
#880 = ORIENTED_EDGE('',*,*,#881,.F.);
#881 = EDGE_CURVE('',#882,#158,#884,.T.);
#882 = VERTEX_POINT('',#883);
#883 = CARTESIAN_POINT('',(133.8,-65.77054165346,6.3));
#884 = LINE('',#885,#886);
#885 = CARTESIAN_POINT('',(134.43985146906,-52.74606579013,6.3));
#886 = VECTOR('',#887,1.);
#887 = DIRECTION('',(-4.906767432734E-02,-0.998795456205,0.));
#888 = ORIENTED_EDGE('',*,*,#889,.F.);
#889 = EDGE_CURVE('',#890,#882,#892,.T.);
#890 = VERTEX_POINT('',#891);
#891 = CARTESIAN_POINT('',(133.8,-63.9,6.3));
#892 = LINE('',#893,#894);
#893 = CARTESIAN_POINT('',(133.8,-52.43420966695,6.3));
#894 = VECTOR('',#895,1.);
#895 = DIRECTION('',(0.,-1.,0.));
#896 = ORIENTED_EDGE('',*,*,#897,.F.);
#897 = EDGE_CURVE('',#898,#890,#900,.T.);
#898 = VERTEX_POINT('',#899);
#899 = CARTESIAN_POINT('',(135.,-63.9,6.3));
#900 = LINE('',#901,#902);
#901 = CARTESIAN_POINT('',(125.62834371508,-63.9,6.3));
#902 = VECTOR('',#903,1.);
#903 = DIRECTION('',(-1.,0.,0.));
#904 = ORIENTED_EDGE('',*,*,#905,.T.);
#905 = EDGE_CURVE('',#898,#906,#908,.T.);
#906 = VERTEX_POINT('',#907);
#907 = CARTESIAN_POINT('',(135.,-65.8,6.3));
#908 = LINE('',#909,#910);
#909 = CARTESIAN_POINT('',(135.,-13.4,6.3));
#910 = VECTOR('',#911,1.);
#911 = DIRECTION('',(0.,-1.,0.));
#912 = ORIENTED_EDGE('',*,*,#913,.T.);
#913 = EDGE_CURVE('',#906,#914,#916,.T.);
#914 = VERTEX_POINT('',#915);
#915 = CARTESIAN_POINT('',(133.8,-67.,6.3));
#916 = CIRCLE('',#917,1.2);
#917 = AXIS2_PLACEMENT_3D('',#918,#919,#920);
#918 = CARTESIAN_POINT('',(133.8,-65.8,6.3));
#919 = DIRECTION('',(0.,0.,-1.));
#920 = DIRECTION('',(1.,2.368E-14,0.));
#921 = ORIENTED_EDGE('',*,*,#922,.T.);
#922 = EDGE_CURVE('',#914,#846,#923,.T.);
#923 = LINE('',#924,#925);
#924 = CARTESIAN_POINT('',(133.8,-67.,6.3));
#925 = VECTOR('',#926,1.);
#926 = DIRECTION('',(-1.,0.,0.));
#927 = ORIENTED_EDGE('',*,*,#843,.F.);
#928 = PLANE('',#929);
#929 = AXIS2_PLACEMENT_3D('',#930,#931,#932);
#930 = CARTESIAN_POINT('',(115.73647631947,-46.10224167393,6.3));
#931 = DIRECTION('',(-0.,-0.,-1.));
#932 = DIRECTION('',(-1.,0.,0.));
#933 = ADVANCED_FACE('',(#934),#945,.T.);
#934 = FACE_BOUND('',#935,.T.);
#935 = EDGE_LOOP('',(#936,#937,#938,#939));
#936 = ORIENTED_EDGE('',*,*,#881,.T.);
#937 = ORIENTED_EDGE('',*,*,#174,.T.);
#938 = ORIENTED_EDGE('',*,*,#214,.T.);
#939 = ORIENTED_EDGE('',*,*,#940,.F.);
#940 = EDGE_CURVE('',#882,#215,#941,.T.);
#941 = LINE('',#942,#943);
#942 = CARTESIAN_POINT('',(133.8,-65.77054165346,6.2));
#943 = VECTOR('',#944,1.);
#944 = DIRECTION('',(0.,0.,1.));
#945 = PLANE('',#946);
#946 = AXIS2_PLACEMENT_3D('',#947,#948,#949);
#947 = CARTESIAN_POINT('',(133.79862057122,-65.79862057122,6.2));
#948 = DIRECTION('',(-0.998795456205,4.906767432734E-02,0.));
#949 = DIRECTION('',(4.906767432734E-02,0.998795456205,0.));
#950 = ADVANCED_FACE('',(#951),#990,.T.);
#951 = FACE_BOUND('',#952,.T.);
#952 = EDGE_LOOP('',(#953,#959,#960,#968,#976,#982,#983,#989));
#953 = ORIENTED_EDGE('',*,*,#954,.F.);
#954 = EDGE_CURVE('',#584,#191,#955,.T.);
#955 = LINE('',#956,#957);
#956 = CARTESIAN_POINT('',(112.2,-65.77054165346,6.2));
#957 = VECTOR('',#958,1.);
#958 = DIRECTION('',(0.,0.,1.));
#959 = ORIENTED_EDGE('',*,*,#583,.T.);
#960 = ORIENTED_EDGE('',*,*,#961,.F.);
#961 = EDGE_CURVE('',#962,#575,#964,.T.);
#962 = VERTEX_POINT('',#963);
#963 = CARTESIAN_POINT('',(112.2,-54.46808273176,11.6));
#964 = LINE('',#965,#966);
#965 = CARTESIAN_POINT('',(112.2,-54.46808273176,6.3));
#966 = VECTOR('',#967,1.);
#967 = DIRECTION('',(-0.,-0.,-1.));
#968 = ORIENTED_EDGE('',*,*,#969,.F.);
#969 = EDGE_CURVE('',#970,#962,#972,.T.);
#970 = VERTEX_POINT('',#971);
#971 = CARTESIAN_POINT('',(112.2,-51.13191726823,11.6));
#972 = LINE('',#973,#974);
#973 = CARTESIAN_POINT('',(112.2,-32.51472917326,11.6));
#974 = VECTOR('',#975,1.);
#975 = DIRECTION('',(0.,-1.,0.));
#976 = ORIENTED_EDGE('',*,*,#977,.T.);
#977 = EDGE_CURVE('',#970,#558,#978,.T.);
#978 = LINE('',#979,#980);
#979 = CARTESIAN_POINT('',(112.2,-51.13191726823,6.3));
#980 = VECTOR('',#981,1.);
#981 = DIRECTION('',(-0.,-0.,-1.));
#982 = ORIENTED_EDGE('',*,*,#557,.T.);
#983 = ORIENTED_EDGE('',*,*,#984,.T.);
#984 = EDGE_CURVE('',#550,#189,#985,.T.);
#985 = LINE('',#986,#987);
#986 = CARTESIAN_POINT('',(112.2,-12.22945834653,6.2));
#987 = VECTOR('',#988,1.);
#988 = DIRECTION('',(0.,0.,1.));
#989 = ORIENTED_EDGE('',*,*,#188,.T.);
#990 = PLANE('',#991);
#991 = AXIS2_PLACEMENT_3D('',#992,#993,#994);
#992 = CARTESIAN_POINT('',(112.2,-12.22945834653,6.2));
#993 = DIRECTION('',(1.,0.,0.));
#994 = DIRECTION('',(0.,-1.,0.));
#995 = ADVANCED_FACE('',(#996),#1007,.T.);
#996 = FACE_BOUND('',#997,.T.);
#997 = EDGE_LOOP('',(#998,#999,#1005,#1006));
#998 = ORIENTED_EDGE('',*,*,#549,.T.);
#999 = ORIENTED_EDGE('',*,*,#1000,.T.);
#1000 = EDGE_CURVE('',#542,#367,#1001,.T.);
#1001 = LINE('',#1002,#1003);
#1002 = CARTESIAN_POINT('',(112.20137942877,-12.20137942877,6.2));
#1003 = VECTOR('',#1004,1.);
#1004 = DIRECTION('',(0.,0.,1.));
#1005 = ORIENTED_EDGE('',*,*,#374,.T.);
#1006 = ORIENTED_EDGE('',*,*,#984,.F.);
#1007 = PLANE('',#1008);
#1008 = AXIS2_PLACEMENT_3D('',#1009,#1010,#1011);
#1009 = CARTESIAN_POINT('',(112.20137942877,-12.20137942877,6.2));
#1010 = DIRECTION('',(0.998795456205,-4.906767432758E-02,0.));
#1011 = DIRECTION('',(-4.906767432758E-02,-0.998795456205,0.));
#1012 = ADVANCED_FACE('',(#1013),#1019,.T.);
#1013 = FACE_BOUND('',#1014,.T.);
#1014 = EDGE_LOOP('',(#1015,#1016,#1017,#1018));
#1015 = ORIENTED_EDGE('',*,*,#591,.T.);
#1016 = ORIENTED_EDGE('',*,*,#954,.T.);
#1017 = ORIENTED_EDGE('',*,*,#198,.T.);
#1018 = ORIENTED_EDGE('',*,*,#441,.F.);
#1019 = PLANE('',#1020);
#1020 = AXIS2_PLACEMENT_3D('',#1021,#1022,#1023);
#1021 = CARTESIAN_POINT('',(112.2,-65.77054165346,6.2));
#1022 = DIRECTION('',(0.998795456205,4.906767432757E-02,0.));
#1023 = DIRECTION('',(4.906767432757E-02,-0.998795456205,0.));
#1024 = ADVANCED_FACE('',(#1025),#1036,.T.);
#1025 = FACE_BOUND('',#1026,.T.);
#1026 = EDGE_LOOP('',(#1027,#1028,#1034,#1035));
#1027 = ORIENTED_EDGE('',*,*,#541,.T.);
#1028 = ORIENTED_EDGE('',*,*,#1029,.T.);
#1029 = EDGE_CURVE('',#534,#359,#1030,.T.);
#1030 = LINE('',#1031,#1032);
#1031 = CARTESIAN_POINT('',(112.22945834653,-12.2,6.2));
#1032 = VECTOR('',#1033,1.);
#1033 = DIRECTION('',(0.,0.,1.));
#1034 = ORIENTED_EDGE('',*,*,#366,.T.);
#1035 = ORIENTED_EDGE('',*,*,#1000,.F.);
#1036 = PLANE('',#1037);
#1037 = AXIS2_PLACEMENT_3D('',#1038,#1039,#1040);
#1038 = CARTESIAN_POINT('',(112.22945834653,-12.2,6.2));
#1039 = DIRECTION('',(4.906767432741E-02,-0.998795456205,0.));
#1040 = DIRECTION('',(-0.998795456205,-4.906767432741E-02,0.));
#1041 = ADVANCED_FACE('',(#1042),#1069,.T.);
#1042 = FACE_BOUND('',#1043,.T.);
#1043 = EDGE_LOOP('',(#1044,#1045,#1046,#1054,#1062,#1068));
#1044 = ORIENTED_EDGE('',*,*,#1029,.F.);
#1045 = ORIENTED_EDGE('',*,*,#533,.T.);
#1046 = ORIENTED_EDGE('',*,*,#1047,.T.);
#1047 = EDGE_CURVE('',#526,#1048,#1050,.T.);
#1048 = VERTEX_POINT('',#1049);
#1049 = CARTESIAN_POINT('',(113.,-12.2,12.7));
#1050 = LINE('',#1051,#1052);
#1051 = CARTESIAN_POINT('',(113.,-12.2,6.2));
#1052 = VECTOR('',#1053,1.);
#1053 = DIRECTION('',(0.,0.,1.));
#1054 = ORIENTED_EDGE('',*,*,#1055,.F.);
#1055 = EDGE_CURVE('',#1056,#1048,#1058,.T.);
#1056 = VERTEX_POINT('',#1057);
#1057 = CARTESIAN_POINT('',(132.57054165346,-12.2,12.7));
#1058 = LINE('',#1059,#1060);
#1059 = CARTESIAN_POINT('',(122.78527082673,-12.2,12.7));
#1060 = VECTOR('',#1061,1.);
#1061 = DIRECTION('',(-1.,0.,0.));
#1062 = ORIENTED_EDGE('',*,*,#1063,.T.);
#1063 = EDGE_CURVE('',#1056,#351,#1064,.T.);
#1064 = LINE('',#1065,#1066);
#1065 = CARTESIAN_POINT('',(132.57054165346,-12.2,6.2));
#1066 = VECTOR('',#1067,1.);
#1067 = DIRECTION('',(0.,0.,1.));
#1068 = ORIENTED_EDGE('',*,*,#358,.T.);
#1069 = PLANE('',#1070);
#1070 = AXIS2_PLACEMENT_3D('',#1071,#1072,#1073);
#1071 = CARTESIAN_POINT('',(132.57054165346,-12.2,6.2));
#1072 = DIRECTION('',(0.,-1.,0.));
#1073 = DIRECTION('',(-1.,0.,0.));
#1074 = ADVANCED_FACE('',(#1075),#1109,.T.);
#1075 = FACE_BOUND('',#1076,.T.);
#1076 = EDGE_LOOP('',(#1077,#1087,#1095,#1101,#1102,#1103));
#1077 = ORIENTED_EDGE('',*,*,#1078,.F.);
#1078 = EDGE_CURVE('',#1079,#1081,#1083,.T.);
#1079 = VERTEX_POINT('',#1080);
#1080 = CARTESIAN_POINT('',(132.6,-12.20144719576,6.3));
#1081 = VERTEX_POINT('',#1082);
#1082 = CARTESIAN_POINT('',(132.6,-12.20144719576,12.7));
#1083 = LINE('',#1084,#1085);
#1084 = CARTESIAN_POINT('',(132.6,-12.20144719576,6.2));
#1085 = VECTOR('',#1086,1.);
#1086 = DIRECTION('',(0.,0.,1.));
#1087 = ORIENTED_EDGE('',*,*,#1088,.T.);
#1088 = EDGE_CURVE('',#1079,#1089,#1091,.T.);
#1089 = VERTEX_POINT('',#1090);
#1090 = CARTESIAN_POINT('',(132.7174787184,-12.20721855511,6.3));
#1091 = LINE('',#1092,#1093);
#1092 = CARTESIAN_POINT('',(128.50776967103,-12.00040881117,6.3));
#1093 = VECTOR('',#1094,1.);
#1094 = DIRECTION('',(0.998795456205,-4.906767432741E-02,0.));
#1095 = ORIENTED_EDGE('',*,*,#1096,.T.);
#1096 = EDGE_CURVE('',#1089,#343,#1097,.T.);
#1097 = LINE('',#1098,#1099);
#1098 = CARTESIAN_POINT('',(132.7174787184,-12.20721855511,6.2));
#1099 = VECTOR('',#1100,1.);
#1100 = DIRECTION('',(0.,0.,1.));
#1101 = ORIENTED_EDGE('',*,*,#350,.T.);
#1102 = ORIENTED_EDGE('',*,*,#1063,.F.);
#1103 = ORIENTED_EDGE('',*,*,#1104,.F.);
#1104 = EDGE_CURVE('',#1081,#1056,#1105,.T.);
#1105 = LINE('',#1106,#1107);
#1106 = CARTESIAN_POINT('',(123.76200257046,-11.76726422378,12.7));
#1107 = VECTOR('',#1108,1.);
#1108 = DIRECTION('',(-0.998795456205,4.906767432741E-02,0.));
#1109 = PLANE('',#1110);
#1110 = AXIS2_PLACEMENT_3D('',#1111,#1112,#1113);
#1111 = CARTESIAN_POINT('',(132.7174787184,-12.20721855511,6.2));
#1112 = DIRECTION('',(-4.906767432741E-02,-0.998795456205,0.));
#1113 = DIRECTION('',(-0.998795456205,4.906767432741E-02,0.));
#1114 = ADVANCED_FACE('',(#1115),#1133,.T.);
#1115 = FACE_BOUND('',#1116,.T.);
#1116 = EDGE_LOOP('',(#1117,#1125,#1131,#1132));
#1117 = ORIENTED_EDGE('',*,*,#1118,.T.);
#1118 = EDGE_CURVE('',#1089,#1119,#1121,.T.);
#1119 = VERTEX_POINT('',#1120);
#1120 = CARTESIAN_POINT('',(132.83382605253,-12.22447705182,6.3));
#1121 = LINE('',#1122,#1123);
#1122 = CARTESIAN_POINT('',(129.95181741665,-11.79697145472,6.3));
#1123 = VECTOR('',#1124,1.);
#1124 = DIRECTION('',(0.989176509965,-0.146730474455,0.));
#1125 = ORIENTED_EDGE('',*,*,#1126,.T.);
#1126 = EDGE_CURVE('',#1119,#335,#1127,.T.);
#1127 = LINE('',#1128,#1129);
#1128 = CARTESIAN_POINT('',(132.83382605253,-12.22447705182,6.2));
#1129 = VECTOR('',#1130,1.);
#1130 = DIRECTION('',(0.,0.,1.));
#1131 = ORIENTED_EDGE('',*,*,#342,.T.);
#1132 = ORIENTED_EDGE('',*,*,#1096,.F.);
#1133 = PLANE('',#1134);
#1134 = AXIS2_PLACEMENT_3D('',#1135,#1136,#1137);
#1135 = CARTESIAN_POINT('',(132.83382605253,-12.22447705182,6.2));
#1136 = DIRECTION('',(-0.146730474455,-0.989176509965,0.));
#1137 = DIRECTION('',(-0.989176509965,0.146730474455,0.));
#1138 = ADVANCED_FACE('',(#1139),#1157,.T.);
#1139 = FACE_BOUND('',#1140,.T.);
#1140 = EDGE_LOOP('',(#1141,#1149,#1155,#1156));
#1141 = ORIENTED_EDGE('',*,*,#1142,.T.);
#1142 = EDGE_CURVE('',#1119,#1143,#1145,.T.);
#1143 = VERTEX_POINT('',#1144);
#1144 = CARTESIAN_POINT('',(132.94792151395,-12.25305647712,6.3));
#1145 = LINE('',#1146,#1147);
#1146 = CARTESIAN_POINT('',(131.41088282309,-11.86804832775,6.3));
#1147 = VECTOR('',#1148,1.);
#1148 = DIRECTION('',(0.970031253195,-0.242980179903,0.));
#1149 = ORIENTED_EDGE('',*,*,#1150,.T.);
#1150 = EDGE_CURVE('',#1143,#327,#1151,.T.);
#1151 = LINE('',#1152,#1153);
#1152 = CARTESIAN_POINT('',(132.94792151395,-12.25305647712,6.2));
#1153 = VECTOR('',#1154,1.);
#1154 = DIRECTION('',(0.,0.,1.));
#1155 = ORIENTED_EDGE('',*,*,#334,.T.);
#1156 = ORIENTED_EDGE('',*,*,#1126,.F.);
#1157 = PLANE('',#1158);
#1158 = AXIS2_PLACEMENT_3D('',#1159,#1160,#1161);
#1159 = CARTESIAN_POINT('',(132.94792151395,-12.25305647712,6.2));
#1160 = DIRECTION('',(-0.242980179903,-0.970031253195,0.));
#1161 = DIRECTION('',(-0.970031253195,0.242980179903,0.));
#1162 = ADVANCED_FACE('',(#1163),#1238,.T.);
#1163 = FACE_BOUND('',#1164,.T.);
#1164 = EDGE_LOOP('',(#1165,#1173,#1181,#1189,#1197,#1205,#1213,#1221,
    #1229,#1235,#1236,#1237));
#1165 = ORIENTED_EDGE('',*,*,#1166,.F.);
#1166 = EDGE_CURVE('',#1167,#223,#1169,.T.);
#1167 = VERTEX_POINT('',#1168);
#1168 = CARTESIAN_POINT('',(133.8,-13.42945834653,6.3));
#1169 = LINE('',#1170,#1171);
#1170 = CARTESIAN_POINT('',(133.8,-13.42945834653,6.2));
#1171 = VECTOR('',#1172,1.);
#1172 = DIRECTION('',(0.,0.,1.));
#1173 = ORIENTED_EDGE('',*,*,#1174,.T.);
#1174 = EDGE_CURVE('',#1167,#1175,#1177,.T.);
#1175 = VERTEX_POINT('',#1176);
#1176 = CARTESIAN_POINT('',(133.8,-51.13191726823,6.3));
#1177 = LINE('',#1178,#1179);
#1178 = CARTESIAN_POINT('',(133.8,-52.43420966695,6.3));
#1179 = VECTOR('',#1180,1.);
#1180 = DIRECTION('',(0.,-1.,0.));
#1181 = ORIENTED_EDGE('',*,*,#1182,.F.);
#1182 = EDGE_CURVE('',#1183,#1175,#1185,.T.);
#1183 = VERTEX_POINT('',#1184);
#1184 = CARTESIAN_POINT('',(133.8,-51.13191726823,11.6));
#1185 = LINE('',#1186,#1187);
#1186 = CARTESIAN_POINT('',(133.8,-51.13191726823,6.3));
#1187 = VECTOR('',#1188,1.);
#1188 = DIRECTION('',(-0.,-0.,-1.));
#1189 = ORIENTED_EDGE('',*,*,#1190,.F.);
#1190 = EDGE_CURVE('',#1191,#1183,#1193,.T.);
#1191 = VERTEX_POINT('',#1192);
#1192 = CARTESIAN_POINT('',(133.8,-54.46808273176,11.6));
#1193 = LINE('',#1194,#1195);
#1194 = CARTESIAN_POINT('',(133.8,-59.28527082673,11.6));
#1195 = VECTOR('',#1196,1.);
#1196 = DIRECTION('',(0.,1.,0.));
#1197 = ORIENTED_EDGE('',*,*,#1198,.T.);
#1198 = EDGE_CURVE('',#1191,#1199,#1201,.T.);
#1199 = VERTEX_POINT('',#1200);
#1200 = CARTESIAN_POINT('',(133.8,-54.46808273176,6.3));
#1201 = LINE('',#1202,#1203);
#1202 = CARTESIAN_POINT('',(133.8,-54.46808273176,6.3));
#1203 = VECTOR('',#1204,1.);
#1204 = DIRECTION('',(-0.,-0.,-1.));
#1205 = ORIENTED_EDGE('',*,*,#1206,.T.);
#1206 = EDGE_CURVE('',#1199,#1207,#1209,.T.);
#1207 = VERTEX_POINT('',#1208);
#1208 = CARTESIAN_POINT('',(133.8,-55.4,6.3));
#1209 = LINE('',#1210,#1211);
#1210 = CARTESIAN_POINT('',(133.8,-52.43420966695,6.3));
#1211 = VECTOR('',#1212,1.);
#1212 = DIRECTION('',(0.,-1.,0.));
#1213 = ORIENTED_EDGE('',*,*,#1214,.F.);
#1214 = EDGE_CURVE('',#1215,#1207,#1217,.T.);
#1215 = VERTEX_POINT('',#1216);
#1216 = CARTESIAN_POINT('',(133.8,-55.4,9.2));
#1217 = LINE('',#1218,#1219);
#1218 = CARTESIAN_POINT('',(133.8,-55.4,5.65));
#1219 = VECTOR('',#1220,1.);
#1220 = DIRECTION('',(0.,0.,-1.));
#1221 = ORIENTED_EDGE('',*,*,#1222,.F.);
#1222 = EDGE_CURVE('',#1223,#1215,#1225,.T.);
#1223 = VERTEX_POINT('',#1224);
#1224 = CARTESIAN_POINT('',(133.8,-63.9,9.2));
#1225 = LINE('',#1226,#1227);
#1226 = CARTESIAN_POINT('',(133.8,-64.83527082673,9.2));
#1227 = VECTOR('',#1228,1.);
#1228 = DIRECTION('',(0.,1.,0.));
#1229 = ORIENTED_EDGE('',*,*,#1230,.T.);
#1230 = EDGE_CURVE('',#1223,#890,#1231,.T.);
#1231 = LINE('',#1232,#1233);
#1232 = CARTESIAN_POINT('',(133.8,-63.9,5.65));
#1233 = VECTOR('',#1234,1.);
#1234 = DIRECTION('',(0.,0.,-1.));
#1235 = ORIENTED_EDGE('',*,*,#889,.T.);
#1236 = ORIENTED_EDGE('',*,*,#940,.T.);
#1237 = ORIENTED_EDGE('',*,*,#222,.T.);
#1238 = PLANE('',#1239);
#1239 = AXIS2_PLACEMENT_3D('',#1240,#1241,#1242);
#1240 = CARTESIAN_POINT('',(133.8,-65.77054165346,6.2));
#1241 = DIRECTION('',(-1.,0.,0.));
#1242 = DIRECTION('',(0.,1.,0.));
#1243 = ADVANCED_FACE('',(#1244),#1262,.T.);
#1244 = FACE_BOUND('',#1245,.T.);
#1245 = EDGE_LOOP('',(#1246,#1254,#1260,#1261));
#1246 = ORIENTED_EDGE('',*,*,#1247,.T.);
#1247 = EDGE_CURVE('',#1143,#1248,#1250,.T.);
#1248 = VERTEX_POINT('',#1249);
#1249 = CARTESIAN_POINT('',(133.05866630099,-12.29268159553,6.3));
#1250 = LINE('',#1251,#1252);
#1251 = CARTESIAN_POINT('',(132.83219686082,-12.21164953413,6.3));
#1252 = VECTOR('',#1253,1.);
#1253 = DIRECTION('',(0.941544065183,-0.336889853392,0.));
#1254 = ORIENTED_EDGE('',*,*,#1255,.T.);
#1255 = EDGE_CURVE('',#1248,#319,#1256,.T.);
#1256 = LINE('',#1257,#1258);
#1257 = CARTESIAN_POINT('',(133.05866630099,-12.29268159553,6.2));
#1258 = VECTOR('',#1259,1.);
#1259 = DIRECTION('',(0.,0.,1.));
#1260 = ORIENTED_EDGE('',*,*,#326,.T.);
#1261 = ORIENTED_EDGE('',*,*,#1150,.F.);
#1262 = PLANE('',#1263);
#1263 = AXIS2_PLACEMENT_3D('',#1264,#1265,#1266);
#1264 = CARTESIAN_POINT('',(133.05866630099,-12.29268159553,6.2));
#1265 = DIRECTION('',(-0.336889853392,-0.941544065183,0.));
#1266 = DIRECTION('',(-0.941544065183,0.336889853392,0.));
#1267 = ADVANCED_FACE('',(#1268),#1286,.T.);
#1268 = FACE_BOUND('',#1269,.T.);
#1269 = EDGE_LOOP('',(#1270,#1278,#1279,#1280));
#1270 = ORIENTED_EDGE('',*,*,#1271,.T.);
#1271 = EDGE_CURVE('',#1272,#1167,#1274,.T.);
#1272 = VERTEX_POINT('',#1273);
#1273 = CARTESIAN_POINT('',(133.79278144488,-13.28252128159,6.3));
#1274 = LINE('',#1275,#1276);
#1275 = CARTESIAN_POINT('',(134.41593288652,-25.96706027729,6.3));
#1276 = VECTOR('',#1277,1.);
#1277 = DIRECTION('',(4.906767432747E-02,-0.998795456205,0.));
#1278 = ORIENTED_EDGE('',*,*,#1166,.T.);
#1279 = ORIENTED_EDGE('',*,*,#230,.T.);
#1280 = ORIENTED_EDGE('',*,*,#1281,.F.);
#1281 = EDGE_CURVE('',#1272,#231,#1282,.T.);
#1282 = LINE('',#1283,#1284);
#1283 = CARTESIAN_POINT('',(133.79278144488,-13.28252128159,6.2));
#1284 = VECTOR('',#1285,1.);
#1285 = DIRECTION('',(0.,0.,1.));
#1286 = PLANE('',#1287);
#1287 = AXIS2_PLACEMENT_3D('',#1288,#1289,#1290);
#1288 = CARTESIAN_POINT('',(133.8,-13.42945834653,6.2));
#1289 = DIRECTION('',(-0.998795456205,-4.906767432747E-02,0.));
#1290 = DIRECTION('',(-4.906767432747E-02,0.998795456205,0.));
#1291 = ADVANCED_FACE('',(#1292),#1310,.T.);
#1292 = FACE_BOUND('',#1293,.T.);
#1293 = EDGE_LOOP('',(#1294,#1302,#1308,#1309));
#1294 = ORIENTED_EDGE('',*,*,#1295,.T.);
#1295 = EDGE_CURVE('',#1248,#1296,#1298,.T.);
#1296 = VERTEX_POINT('',#1297);
#1297 = CARTESIAN_POINT('',(133.16499388083,-12.3429707955,6.3));
#1298 = LINE('',#1299,#1300);
#1299 = CARTESIAN_POINT('',(134.16435267962,-12.8156323058,6.3));
#1300 = VECTOR('',#1301,1.);
#1301 = DIRECTION('',(0.903989293123,-0.42755509343,0.));
#1302 = ORIENTED_EDGE('',*,*,#1303,.T.);
#1303 = EDGE_CURVE('',#1296,#311,#1304,.T.);
#1304 = LINE('',#1305,#1306);
#1305 = CARTESIAN_POINT('',(133.16499388083,-12.3429707955,6.2));
#1306 = VECTOR('',#1307,1.);
#1307 = DIRECTION('',(0.,0.,1.));
#1308 = ORIENTED_EDGE('',*,*,#318,.T.);
#1309 = ORIENTED_EDGE('',*,*,#1255,.F.);
#1310 = PLANE('',#1311);
#1311 = AXIS2_PLACEMENT_3D('',#1312,#1313,#1314);
#1312 = CARTESIAN_POINT('',(133.16499388083,-12.3429707955,6.2));
#1313 = DIRECTION('',(-0.42755509343,-0.903989293123,0.));
#1314 = DIRECTION('',(-0.903989293123,0.42755509343,0.));
#1315 = ADVANCED_FACE('',(#1316),#1334,.T.);
#1316 = FACE_BOUND('',#1317,.T.);
#1317 = EDGE_LOOP('',(#1318,#1326,#1327,#1328));
#1318 = ORIENTED_EDGE('',*,*,#1319,.T.);
#1319 = EDGE_CURVE('',#1320,#1272,#1322,.T.);
#1320 = VERTEX_POINT('',#1321);
#1321 = CARTESIAN_POINT('',(133.77552294818,-13.16617394746,6.3));
#1322 = LINE('',#1323,#1324);
#1323 = CARTESIAN_POINT('',(135.54958240243,-25.12591132271,6.3));
#1324 = VECTOR('',#1325,1.);
#1325 = DIRECTION('',(0.146730474455,-0.989176509965,0.));
#1326 = ORIENTED_EDGE('',*,*,#1281,.T.);
#1327 = ORIENTED_EDGE('',*,*,#238,.T.);
#1328 = ORIENTED_EDGE('',*,*,#1329,.F.);
#1329 = EDGE_CURVE('',#1320,#239,#1330,.T.);
#1330 = LINE('',#1331,#1332);
#1331 = CARTESIAN_POINT('',(133.77552294818,-13.16617394746,6.2));
#1332 = VECTOR('',#1333,1.);
#1333 = DIRECTION('',(0.,0.,1.));
#1334 = PLANE('',#1335);
#1335 = AXIS2_PLACEMENT_3D('',#1336,#1337,#1338);
#1336 = CARTESIAN_POINT('',(133.79278144488,-13.28252128159,6.2));
#1337 = DIRECTION('',(-0.989176509965,-0.146730474455,0.));
#1338 = DIRECTION('',(-0.146730474455,0.989176509965,0.));
#1339 = ADVANCED_FACE('',(#1340),#1358,.T.);
#1340 = FACE_BOUND('',#1341,.T.);
#1341 = EDGE_LOOP('',(#1342,#1350,#1356,#1357));
#1342 = ORIENTED_EDGE('',*,*,#1343,.T.);
#1343 = EDGE_CURVE('',#1296,#1344,#1346,.T.);
#1344 = VERTEX_POINT('',#1345);
#1345 = CARTESIAN_POINT('',(133.26588026073,-12.40343976453,6.3));
#1346 = LINE('',#1347,#1348);
#1347 = CARTESIAN_POINT('',(135.35925019764,-13.65815741838,6.3));
#1348 = VECTOR('',#1349,1.);
#1349 = DIRECTION('',(0.85772861,-0.514102744193,0.));
#1350 = ORIENTED_EDGE('',*,*,#1351,.T.);
#1351 = EDGE_CURVE('',#1344,#303,#1352,.T.);
#1352 = LINE('',#1353,#1354);
#1353 = CARTESIAN_POINT('',(133.26588026073,-12.40343976453,6.2));
#1354 = VECTOR('',#1355,1.);
#1355 = DIRECTION('',(0.,0.,1.));
#1356 = ORIENTED_EDGE('',*,*,#310,.T.);
#1357 = ORIENTED_EDGE('',*,*,#1303,.F.);
#1358 = PLANE('',#1359);
#1359 = AXIS2_PLACEMENT_3D('',#1360,#1361,#1362);
#1360 = CARTESIAN_POINT('',(133.26588026073,-12.40343976453,6.2));
#1361 = DIRECTION('',(-0.514102744193,-0.85772861,0.));
#1362 = DIRECTION('',(-0.85772861,0.514102744193,0.));
#1363 = ADVANCED_FACE('',(#1364),#1382,.T.);
#1364 = FACE_BOUND('',#1365,.T.);
#1365 = EDGE_LOOP('',(#1366,#1374,#1375,#1376));
#1366 = ORIENTED_EDGE('',*,*,#1367,.T.);
#1367 = EDGE_CURVE('',#1368,#1320,#1370,.T.);
#1368 = VERTEX_POINT('',#1369);
#1369 = CARTESIAN_POINT('',(133.74694352287,-13.05207848605,6.3));
#1370 = LINE('',#1371,#1372);
#1371 = CARTESIAN_POINT('',(136.51218447339,-24.09153917657,6.3));
#1372 = VECTOR('',#1373,1.);
#1373 = DIRECTION('',(0.242980179903,-0.970031253195,0.));
#1374 = ORIENTED_EDGE('',*,*,#1329,.T.);
#1375 = ORIENTED_EDGE('',*,*,#246,.T.);
#1376 = ORIENTED_EDGE('',*,*,#1377,.F.);
#1377 = EDGE_CURVE('',#1368,#247,#1378,.T.);
#1378 = LINE('',#1379,#1380);
#1379 = CARTESIAN_POINT('',(133.74694352287,-13.05207848605,6.2));
#1380 = VECTOR('',#1381,1.);
#1381 = DIRECTION('',(0.,0.,1.));
#1382 = PLANE('',#1383);
#1383 = AXIS2_PLACEMENT_3D('',#1384,#1385,#1386);
#1384 = CARTESIAN_POINT('',(133.77552294818,-13.16617394746,6.2));
#1385 = DIRECTION('',(-0.970031253195,-0.242980179903,0.));
#1386 = DIRECTION('',(-0.242980179903,0.970031253195,0.));
#1387 = ADVANCED_FACE('',(#1388),#1406,.T.);
#1388 = FACE_BOUND('',#1389,.T.);
#1389 = EDGE_LOOP('',(#1390,#1398,#1404,#1405));
#1390 = ORIENTED_EDGE('',*,*,#1391,.T.);
#1391 = EDGE_CURVE('',#1344,#1392,#1394,.T.);
#1392 = VERTEX_POINT('',#1393);
#1393 = CARTESIAN_POINT('',(133.36035384972,-12.47350615341,6.3));
#1394 = LINE('',#1395,#1396);
#1395 = CARTESIAN_POINT('',(136.37391476455,-14.70851525212,6.3));
#1396 = VECTOR('',#1397,1.);
#1397 = DIRECTION('',(0.803207531481,-0.595699304492,0.));
#1398 = ORIENTED_EDGE('',*,*,#1399,.T.);
#1399 = EDGE_CURVE('',#1392,#295,#1400,.T.);
#1400 = LINE('',#1401,#1402);
#1401 = CARTESIAN_POINT('',(133.36035384972,-12.47350615341,6.2));
#1402 = VECTOR('',#1403,1.);
#1403 = DIRECTION('',(0.,0.,1.));
#1404 = ORIENTED_EDGE('',*,*,#302,.T.);
#1405 = ORIENTED_EDGE('',*,*,#1351,.F.);
#1406 = PLANE('',#1407);
#1407 = AXIS2_PLACEMENT_3D('',#1408,#1409,#1410);
#1408 = CARTESIAN_POINT('',(133.36035384972,-12.47350615341,6.2));
#1409 = DIRECTION('',(-0.595699304492,-0.803207531481,0.));
#1410 = DIRECTION('',(-0.803207531481,0.595699304492,0.));
#1411 = ADVANCED_FACE('',(#1412),#1430,.T.);
#1412 = FACE_BOUND('',#1413,.T.);
#1413 = EDGE_LOOP('',(#1414,#1422,#1423,#1424));
#1414 = ORIENTED_EDGE('',*,*,#1415,.T.);
#1415 = EDGE_CURVE('',#1416,#1368,#1418,.T.);
#1416 = VERTEX_POINT('',#1417);
#1417 = CARTESIAN_POINT('',(133.70731840446,-12.941333699,6.3));
#1418 = LINE('',#1419,#1420);
#1419 = CARTESIAN_POINT('',(137.26544471063,-22.8856305456,6.3));
#1420 = VECTOR('',#1421,1.);
#1421 = DIRECTION('',(0.336889853392,-0.941544065183,0.));
#1422 = ORIENTED_EDGE('',*,*,#1377,.T.);
#1423 = ORIENTED_EDGE('',*,*,#254,.T.);
#1424 = ORIENTED_EDGE('',*,*,#1425,.F.);
#1425 = EDGE_CURVE('',#1416,#255,#1426,.T.);
#1426 = LINE('',#1427,#1428);
#1427 = CARTESIAN_POINT('',(133.70731840446,-12.941333699,6.2));
#1428 = VECTOR('',#1429,1.);
#1429 = DIRECTION('',(0.,0.,1.));
#1430 = PLANE('',#1431);
#1431 = AXIS2_PLACEMENT_3D('',#1432,#1433,#1434);
#1432 = CARTESIAN_POINT('',(133.74694352287,-13.05207848605,6.2));
#1433 = DIRECTION('',(-0.941544065183,-0.336889853392,0.));
#1434 = DIRECTION('',(-0.336889853392,0.941544065183,0.));
#1435 = ADVANCED_FACE('',(#1436),#1454,.T.);
#1436 = FACE_BOUND('',#1437,.T.);
#1437 = EDGE_LOOP('',(#1438,#1446,#1452,#1453));
#1438 = ORIENTED_EDGE('',*,*,#1439,.T.);
#1439 = EDGE_CURVE('',#1392,#1440,#1442,.T.);
#1440 = VERTEX_POINT('',#1441);
#1441 = CARTESIAN_POINT('',(133.44750481548,-12.55249518451,6.3));
#1442 = LINE('',#1443,#1444);
#1443 = CARTESIAN_POINT('',(137.1721202951,-15.92828988015,6.3));
#1444 = VECTOR('',#1445,1.);
#1445 = DIRECTION('',(0.740951125355,-0.671558954847,0.));
#1446 = ORIENTED_EDGE('',*,*,#1447,.T.);
#1447 = EDGE_CURVE('',#1440,#287,#1448,.T.);
#1448 = LINE('',#1449,#1450);
#1449 = CARTESIAN_POINT('',(133.44750481548,-12.55249518451,6.2));
#1450 = VECTOR('',#1451,1.);
#1451 = DIRECTION('',(0.,0.,1.));
#1452 = ORIENTED_EDGE('',*,*,#294,.T.);
#1453 = ORIENTED_EDGE('',*,*,#1399,.F.);
#1454 = PLANE('',#1455);
#1455 = AXIS2_PLACEMENT_3D('',#1456,#1457,#1458);
#1456 = CARTESIAN_POINT('',(133.44750481548,-12.55249518451,6.2));
#1457 = DIRECTION('',(-0.671558954847,-0.740951125355,0.));
#1458 = DIRECTION('',(-0.740951125355,0.671558954847,0.));
#1459 = ADVANCED_FACE('',(#1460),#1478,.T.);
#1460 = FACE_BOUND('',#1461,.T.);
#1461 = EDGE_LOOP('',(#1462,#1470,#1471,#1472));
#1462 = ORIENTED_EDGE('',*,*,#1463,.T.);
#1463 = EDGE_CURVE('',#1464,#1416,#1466,.T.);
#1464 = VERTEX_POINT('',#1465);
#1465 = CARTESIAN_POINT('',(133.6570292045,-12.83500611917,6.3));
#1466 = LINE('',#1467,#1468);
#1467 = CARTESIAN_POINT('',(137.77951316392,-21.5512661232,6.3));
#1468 = VECTOR('',#1469,1.);
#1469 = DIRECTION('',(0.42755509343,-0.903989293123,0.));
#1470 = ORIENTED_EDGE('',*,*,#1425,.T.);
#1471 = ORIENTED_EDGE('',*,*,#262,.T.);
#1472 = ORIENTED_EDGE('',*,*,#1473,.F.);
#1473 = EDGE_CURVE('',#1464,#263,#1474,.T.);
#1474 = LINE('',#1475,#1476);
#1475 = CARTESIAN_POINT('',(133.6570292045,-12.83500611917,6.2));
#1476 = VECTOR('',#1477,1.);
#1477 = DIRECTION('',(0.,0.,1.));
#1478 = PLANE('',#1479);
#1479 = AXIS2_PLACEMENT_3D('',#1480,#1481,#1482);
#1480 = CARTESIAN_POINT('',(133.70731840446,-12.941333699,6.2));
#1481 = DIRECTION('',(-0.903989293123,-0.42755509343,0.));
#1482 = DIRECTION('',(-0.42755509343,0.903989293123,0.));
#1483 = ADVANCED_FACE('',(#1484),#1502,.T.);
#1484 = FACE_BOUND('',#1485,.T.);
#1485 = EDGE_LOOP('',(#1486,#1494,#1500,#1501));
#1486 = ORIENTED_EDGE('',*,*,#1487,.T.);
#1487 = EDGE_CURVE('',#1440,#1488,#1490,.T.);
#1488 = VERTEX_POINT('',#1489);
#1489 = CARTESIAN_POINT('',(133.52649384658,-12.63964615027,6.3));
#1490 = LINE('',#1491,#1492);
#1491 = CARTESIAN_POINT('',(137.72575477056,-17.27281660363,6.3));
#1492 = VECTOR('',#1493,1.);
#1493 = DIRECTION('',(0.671558954847,-0.740951125355,0.));
#1494 = ORIENTED_EDGE('',*,*,#1495,.T.);
#1495 = EDGE_CURVE('',#1488,#279,#1496,.T.);
#1496 = LINE('',#1497,#1498);
#1497 = CARTESIAN_POINT('',(133.52649384658,-12.63964615027,6.2));
#1498 = VECTOR('',#1499,1.);
#1499 = DIRECTION('',(0.,0.,1.));
#1500 = ORIENTED_EDGE('',*,*,#286,.T.);
#1501 = ORIENTED_EDGE('',*,*,#1447,.F.);
#1502 = PLANE('',#1503);
#1503 = AXIS2_PLACEMENT_3D('',#1504,#1505,#1506);
#1504 = CARTESIAN_POINT('',(133.52649384658,-12.63964615027,6.2));
#1505 = DIRECTION('',(-0.740951125355,-0.671558954847,0.));
#1506 = DIRECTION('',(-0.671558954847,0.740951125355,0.));
#1507 = ADVANCED_FACE('',(#1508),#1526,.T.);
#1508 = FACE_BOUND('',#1509,.T.);
#1509 = EDGE_LOOP('',(#1510,#1518,#1519,#1520));
#1510 = ORIENTED_EDGE('',*,*,#1511,.T.);
#1511 = EDGE_CURVE('',#1512,#1464,#1514,.T.);
#1512 = VERTEX_POINT('',#1513);
#1513 = CARTESIAN_POINT('',(133.59656023546,-12.73411973926,6.3));
#1514 = LINE('',#1515,#1516);
#1515 = CARTESIAN_POINT('',(138.03341653293,-20.13656726126,6.3));
#1516 = VECTOR('',#1517,1.);
#1517 = DIRECTION('',(0.514102744193,-0.85772861,0.));
#1518 = ORIENTED_EDGE('',*,*,#1473,.T.);
#1519 = ORIENTED_EDGE('',*,*,#270,.T.);
#1520 = ORIENTED_EDGE('',*,*,#1521,.F.);
#1521 = EDGE_CURVE('',#1512,#271,#1522,.T.);
#1522 = LINE('',#1523,#1524);
#1523 = CARTESIAN_POINT('',(133.59656023546,-12.73411973926,6.2));
#1524 = VECTOR('',#1525,1.);
#1525 = DIRECTION('',(0.,0.,1.));
#1526 = PLANE('',#1527);
#1527 = AXIS2_PLACEMENT_3D('',#1528,#1529,#1530);
#1528 = CARTESIAN_POINT('',(133.6570292045,-12.83500611917,6.2));
#1529 = DIRECTION('',(-0.85772861,-0.514102744193,0.));
#1530 = DIRECTION('',(-0.514102744193,0.85772861,0.));
#1531 = ADVANCED_FACE('',(#1532),#1543,.T.);
#1532 = FACE_BOUND('',#1533,.T.);
#1533 = EDGE_LOOP('',(#1534,#1540,#1541,#1542));
#1534 = ORIENTED_EDGE('',*,*,#1535,.T.);
#1535 = EDGE_CURVE('',#1488,#1512,#1536,.T.);
#1536 = LINE('',#1537,#1538);
#1537 = CARTESIAN_POINT('',(138.01587588881,-18.69287710224,6.3));
#1538 = VECTOR('',#1539,1.);
#1539 = DIRECTION('',(0.595699304492,-0.803207531481,0.));
#1540 = ORIENTED_EDGE('',*,*,#1521,.T.);
#1541 = ORIENTED_EDGE('',*,*,#278,.T.);
#1542 = ORIENTED_EDGE('',*,*,#1495,.F.);
#1543 = PLANE('',#1544);
#1544 = AXIS2_PLACEMENT_3D('',#1545,#1546,#1547);
#1545 = CARTESIAN_POINT('',(133.59656023546,-12.73411973926,6.2));
#1546 = DIRECTION('',(-0.803207531481,-0.595699304492,0.));
#1547 = DIRECTION('',(-0.595699304492,0.803207531481,0.));
#1548 = ADVANCED_FACE('',(#1549),#1568,.F.);
#1549 = FACE_BOUND('',#1550,.T.);
#1550 = EDGE_LOOP('',(#1551,#1559,#1560,#1561));
#1551 = ORIENTED_EDGE('',*,*,#1552,.F.);
#1552 = EDGE_CURVE('',#383,#1553,#1555,.T.);
#1553 = VERTEX_POINT('',#1554);
#1554 = CARTESIAN_POINT('',(124.4,-59.5,16.6));
#1555 = LINE('',#1556,#1557);
#1556 = CARTESIAN_POINT('',(124.4,-59.5,7.8));
#1557 = VECTOR('',#1558,1.);
#1558 = DIRECTION('',(0.,0.,1.));
#1559 = ORIENTED_EDGE('',*,*,#382,.T.);
#1560 = ORIENTED_EDGE('',*,*,#1552,.T.);
#1561 = ORIENTED_EDGE('',*,*,#1562,.F.);
#1562 = EDGE_CURVE('',#1553,#1553,#1563,.T.);
#1563 = CIRCLE('',#1564,1.4);
#1564 = AXIS2_PLACEMENT_3D('',#1565,#1566,#1567);
#1565 = CARTESIAN_POINT('',(123.,-59.5,16.6));
#1566 = DIRECTION('',(0.,0.,-1.));
#1567 = DIRECTION('',(1.,0.,0.));
#1568 = CYLINDRICAL_SURFACE('',#1569,1.4);
#1569 = AXIS2_PLACEMENT_3D('',#1570,#1571,#1572);
#1570 = CARTESIAN_POINT('',(123.,-59.5,7.8));
#1571 = DIRECTION('',(-0.,-0.,-1.));
#1572 = DIRECTION('',(1.,0.,0.));
#1573 = ADVANCED_FACE('',(#1574),#1599,.T.);
#1574 = FACE_BOUND('',#1575,.T.);
#1575 = EDGE_LOOP('',(#1576,#1584,#1585,#1593));
#1576 = ORIENTED_EDGE('',*,*,#1577,.F.);
#1577 = EDGE_CURVE('',#394,#1578,#1580,.T.);
#1578 = VERTEX_POINT('',#1579);
#1579 = CARTESIAN_POINT('',(130.05,-49.35,16.6));
#1580 = LINE('',#1581,#1582);
#1581 = CARTESIAN_POINT('',(130.05,-49.35,15.1));
#1582 = VECTOR('',#1583,1.);
#1583 = DIRECTION('',(0.,0.,1.));
#1584 = ORIENTED_EDGE('',*,*,#393,.T.);
#1585 = ORIENTED_EDGE('',*,*,#1586,.T.);
#1586 = EDGE_CURVE('',#396,#1587,#1589,.T.);
#1587 = VERTEX_POINT('',#1588);
#1588 = CARTESIAN_POINT('',(115.55,-49.35,16.6));
#1589 = LINE('',#1590,#1591);
#1590 = CARTESIAN_POINT('',(115.55,-49.35,15.1));
#1591 = VECTOR('',#1592,1.);
#1592 = DIRECTION('',(0.,0.,1.));
#1593 = ORIENTED_EDGE('',*,*,#1594,.F.);
#1594 = EDGE_CURVE('',#1578,#1587,#1595,.T.);
#1595 = LINE('',#1596,#1597);
#1596 = CARTESIAN_POINT('',(119.25334371508,-49.35,16.6));
#1597 = VECTOR('',#1598,1.);
#1598 = DIRECTION('',(-1.,0.,0.));
#1599 = PLANE('',#1600);
#1600 = AXIS2_PLACEMENT_3D('',#1601,#1602,#1603);
#1601 = CARTESIAN_POINT('',(115.55,-49.35,15.1));
#1602 = DIRECTION('',(0.,1.,0.));
#1603 = DIRECTION('',(0.,0.,1.));
#1604 = ADVANCED_FACE('',(#1605),#1623,.F.);
#1605 = FACE_BOUND('',#1606,.F.);
#1606 = EDGE_LOOP('',(#1607,#1608,#1609,#1617));
#1607 = ORIENTED_EDGE('',*,*,#1577,.F.);
#1608 = ORIENTED_EDGE('',*,*,#419,.T.);
#1609 = ORIENTED_EDGE('',*,*,#1610,.T.);
#1610 = EDGE_CURVE('',#412,#1611,#1613,.T.);
#1611 = VERTEX_POINT('',#1612);
#1612 = CARTESIAN_POINT('',(130.05,-18.25,16.6));
#1613 = LINE('',#1614,#1615);
#1614 = CARTESIAN_POINT('',(130.05,-18.25,15.1));
#1615 = VECTOR('',#1616,1.);
#1616 = DIRECTION('',(0.,0.,1.));
#1617 = ORIENTED_EDGE('',*,*,#1618,.F.);
#1618 = EDGE_CURVE('',#1578,#1611,#1619,.T.);
#1619 = LINE('',#1620,#1621);
#1620 = CARTESIAN_POINT('',(130.05,-44.22393884022,16.6));
#1621 = VECTOR('',#1622,1.);
#1622 = DIRECTION('',(0.,1.,0.));
#1623 = PLANE('',#1624);
#1624 = AXIS2_PLACEMENT_3D('',#1625,#1626,#1627);
#1625 = CARTESIAN_POINT('',(130.05,-49.35,15.1));
#1626 = DIRECTION('',(1.,0.,0.));
#1627 = DIRECTION('',(0.,0.,1.));
#1628 = ADVANCED_FACE('',(#1629),#1647,.T.);
#1629 = FACE_BOUND('',#1630,.T.);
#1630 = EDGE_LOOP('',(#1631,#1632,#1633,#1641));
#1631 = ORIENTED_EDGE('',*,*,#1586,.F.);
#1632 = ORIENTED_EDGE('',*,*,#403,.T.);
#1633 = ORIENTED_EDGE('',*,*,#1634,.T.);
#1634 = EDGE_CURVE('',#404,#1635,#1637,.T.);
#1635 = VERTEX_POINT('',#1636);
#1636 = CARTESIAN_POINT('',(115.55,-18.25,16.6));
#1637 = LINE('',#1638,#1639);
#1638 = CARTESIAN_POINT('',(115.55,-18.25,15.1));
#1639 = VECTOR('',#1640,1.);
#1640 = DIRECTION('',(0.,0.,1.));
#1641 = ORIENTED_EDGE('',*,*,#1642,.F.);
#1642 = EDGE_CURVE('',#1587,#1635,#1643,.T.);
#1643 = LINE('',#1644,#1645);
#1644 = CARTESIAN_POINT('',(115.55,-44.22393884022,16.6));
#1645 = VECTOR('',#1646,1.);
#1646 = DIRECTION('',(0.,1.,0.));
#1647 = PLANE('',#1648);
#1648 = AXIS2_PLACEMENT_3D('',#1649,#1650,#1651);
#1649 = CARTESIAN_POINT('',(115.55,-49.35,15.1));
#1650 = DIRECTION('',(1.,0.,0.));
#1651 = DIRECTION('',(0.,0.,1.));
#1652 = ADVANCED_FACE('',(#1653),#1664,.F.);
#1653 = FACE_BOUND('',#1654,.F.);
#1654 = EDGE_LOOP('',(#1655,#1656,#1657,#1658));
#1655 = ORIENTED_EDGE('',*,*,#1610,.F.);
#1656 = ORIENTED_EDGE('',*,*,#411,.T.);
#1657 = ORIENTED_EDGE('',*,*,#1634,.T.);
#1658 = ORIENTED_EDGE('',*,*,#1659,.F.);
#1659 = EDGE_CURVE('',#1611,#1635,#1660,.T.);
#1660 = LINE('',#1661,#1662);
#1661 = CARTESIAN_POINT('',(119.25334371508,-18.25,16.6));
#1662 = VECTOR('',#1663,1.);
#1663 = DIRECTION('',(-1.,0.,0.));
#1664 = PLANE('',#1665);
#1665 = AXIS2_PLACEMENT_3D('',#1666,#1667,#1668);
#1666 = CARTESIAN_POINT('',(115.55,-18.25,15.1));
#1667 = DIRECTION('',(0.,1.,0.));
#1668 = DIRECTION('',(0.,0.,1.));
#1669 = ADVANCED_FACE('',(#1670),#1692,.T.);
#1670 = FACE_BOUND('',#1671,.F.);
#1671 = EDGE_LOOP('',(#1672,#1673,#1682,#1689,#1690,#1691));
#1672 = ORIENTED_EDGE('',*,*,#961,.F.);
#1673 = ORIENTED_EDGE('',*,*,#1674,.T.);
#1674 = EDGE_CURVE('',#962,#1675,#1677,.T.);
#1675 = VERTEX_POINT('',#1676);
#1676 = CARTESIAN_POINT('',(114.85,-52.8,11.6));
#1677 = CIRCLE('',#1678,1.85);
#1678 = AXIS2_PLACEMENT_3D('',#1679,#1680,#1681);
#1679 = CARTESIAN_POINT('',(113.,-52.8,11.6));
#1680 = DIRECTION('',(0.,0.,1.));
#1681 = DIRECTION('',(1.,0.,0.));
#1682 = ORIENTED_EDGE('',*,*,#1683,.T.);
#1683 = EDGE_CURVE('',#1675,#970,#1684,.T.);
#1684 = CIRCLE('',#1685,1.85);
#1685 = AXIS2_PLACEMENT_3D('',#1686,#1687,#1688);
#1686 = CARTESIAN_POINT('',(113.,-52.8,11.6));
#1687 = DIRECTION('',(0.,0.,1.));
#1688 = DIRECTION('',(1.,0.,0.));
#1689 = ORIENTED_EDGE('',*,*,#977,.T.);
#1690 = ORIENTED_EDGE('',*,*,#565,.F.);
#1691 = ORIENTED_EDGE('',*,*,#574,.F.);
#1692 = CYLINDRICAL_SURFACE('',#1693,1.85);
#1693 = AXIS2_PLACEMENT_3D('',#1694,#1695,#1696);
#1694 = CARTESIAN_POINT('',(113.,-52.8,6.3));
#1695 = DIRECTION('',(-0.,-0.,-1.));
#1696 = DIRECTION('',(1.,0.,0.));
#1697 = ADVANCED_FACE('',(#1698),#1716,.T.);
#1698 = FACE_BOUND('',#1699,.T.);
#1699 = EDGE_LOOP('',(#1700,#1708,#1709,#1710));
#1700 = ORIENTED_EDGE('',*,*,#1701,.F.);
#1701 = EDGE_CURVE('',#1048,#1702,#1704,.T.);
#1702 = VERTEX_POINT('',#1703);
#1703 = CARTESIAN_POINT('',(113.,-11.4,12.7));
#1704 = LINE('',#1705,#1706);
#1705 = CARTESIAN_POINT('',(113.,-48.1,12.7));
#1706 = VECTOR('',#1707,1.);
#1707 = DIRECTION('',(0.,1.,0.));
#1708 = ORIENTED_EDGE('',*,*,#1047,.F.);
#1709 = ORIENTED_EDGE('',*,*,#525,.T.);
#1710 = ORIENTED_EDGE('',*,*,#1711,.T.);
#1711 = EDGE_CURVE('',#518,#1702,#1712,.T.);
#1712 = LINE('',#1713,#1714);
#1713 = CARTESIAN_POINT('',(113.,-11.4,6.2));
#1714 = VECTOR('',#1715,1.);
#1715 = DIRECTION('',(0.,0.,1.));
#1716 = PLANE('',#1717);
#1717 = AXIS2_PLACEMENT_3D('',#1718,#1719,#1720);
#1718 = CARTESIAN_POINT('',(113.,-48.1,6.2));
#1719 = DIRECTION('',(1.,0.,0.));
#1720 = DIRECTION('',(0.,0.,1.));
#1721 = ADVANCED_FACE('',(#1722),#1772,.F.);
#1722 = FACE_BOUND('',#1723,.F.);
#1723 = EDGE_LOOP('',(#1724,#1734,#1742,#1750,#1758,#1764,#1765,#1766));
#1724 = ORIENTED_EDGE('',*,*,#1725,.F.);
#1725 = EDGE_CURVE('',#1726,#1728,#1730,.T.);
#1726 = VERTEX_POINT('',#1727);
#1727 = CARTESIAN_POINT('',(132.6,-11.4,6.3));
#1728 = VERTEX_POINT('',#1729);
#1729 = CARTESIAN_POINT('',(132.6,-11.4,12.7));
#1730 = LINE('',#1731,#1732);
#1731 = CARTESIAN_POINT('',(132.6,-11.4,6.2));
#1732 = VECTOR('',#1733,1.);
#1733 = DIRECTION('',(0.,0.,1.));
#1734 = ORIENTED_EDGE('',*,*,#1735,.T.);
#1735 = EDGE_CURVE('',#1726,#1736,#1738,.T.);
#1736 = VERTEX_POINT('',#1737);
#1737 = CARTESIAN_POINT('',(129.3,-11.4,6.3));
#1738 = LINE('',#1739,#1740);
#1739 = CARTESIAN_POINT('',(117.97834371508,-11.4,6.3));
#1740 = VECTOR('',#1741,1.);
#1741 = DIRECTION('',(-1.,0.,0.));
#1742 = ORIENTED_EDGE('',*,*,#1743,.T.);
#1743 = EDGE_CURVE('',#1736,#1744,#1746,.T.);
#1744 = VERTEX_POINT('',#1745);
#1745 = CARTESIAN_POINT('',(129.3,-11.4,11.8));
#1746 = LINE('',#1747,#1748);
#1747 = CARTESIAN_POINT('',(129.3,-11.4,6.2));
#1748 = VECTOR('',#1749,1.);
#1749 = DIRECTION('',(0.,0.,1.));
#1750 = ORIENTED_EDGE('',*,*,#1751,.T.);
#1751 = EDGE_CURVE('',#1744,#1752,#1754,.T.);
#1752 = VERTEX_POINT('',#1753);
#1753 = CARTESIAN_POINT('',(116.3,-11.4,11.8));
#1754 = LINE('',#1755,#1756);
#1755 = CARTESIAN_POINT('',(114.65,-11.4,11.8));
#1756 = VECTOR('',#1757,1.);
#1757 = DIRECTION('',(-1.,0.,0.));
#1758 = ORIENTED_EDGE('',*,*,#1759,.F.);
#1759 = EDGE_CURVE('',#510,#1752,#1760,.T.);
#1760 = LINE('',#1761,#1762);
#1761 = CARTESIAN_POINT('',(116.3,-11.4,6.2));
#1762 = VECTOR('',#1763,1.);
#1763 = DIRECTION('',(0.,0.,1.));
#1764 = ORIENTED_EDGE('',*,*,#517,.T.);
#1765 = ORIENTED_EDGE('',*,*,#1711,.T.);
#1766 = ORIENTED_EDGE('',*,*,#1767,.T.);
#1767 = EDGE_CURVE('',#1702,#1728,#1768,.T.);
#1768 = LINE('',#1769,#1770);
#1769 = CARTESIAN_POINT('',(113.,-11.4,12.7));
#1770 = VECTOR('',#1771,1.);
#1771 = DIRECTION('',(1.,0.,0.));
#1772 = PLANE('',#1773);
#1773 = AXIS2_PLACEMENT_3D('',#1774,#1775,#1776);
#1774 = CARTESIAN_POINT('',(113.,-11.4,6.2));
#1775 = DIRECTION('',(0.,1.,0.));
#1776 = DIRECTION('',(0.,0.,1.));
#1777 = ADVANCED_FACE('',(#1778),#1796,.T.);
#1778 = FACE_BOUND('',#1779,.T.);
#1779 = EDGE_LOOP('',(#1780,#1788,#1789,#1790));
#1780 = ORIENTED_EDGE('',*,*,#1781,.F.);
#1781 = EDGE_CURVE('',#1752,#1782,#1784,.T.);
#1782 = VERTEX_POINT('',#1783);
#1783 = CARTESIAN_POINT('',(116.3,-11.,11.8));
#1784 = LINE('',#1785,#1786);
#1785 = CARTESIAN_POINT('',(116.3,-20.,11.8));
#1786 = VECTOR('',#1787,1.);
#1787 = DIRECTION('',(0.,1.,0.));
#1788 = ORIENTED_EDGE('',*,*,#1759,.F.);
#1789 = ORIENTED_EDGE('',*,*,#509,.T.);
#1790 = ORIENTED_EDGE('',*,*,#1791,.F.);
#1791 = EDGE_CURVE('',#1782,#502,#1792,.T.);
#1792 = LINE('',#1793,#1794);
#1793 = CARTESIAN_POINT('',(116.3,-11.,6.25));
#1794 = VECTOR('',#1795,1.);
#1795 = DIRECTION('',(0.,0.,-1.));
#1796 = PLANE('',#1797);
#1797 = AXIS2_PLACEMENT_3D('',#1798,#1799,#1800);
#1798 = CARTESIAN_POINT('',(116.3,-20.,6.2));
#1799 = DIRECTION('',(1.,0.,0.));
#1800 = DIRECTION('',(0.,0.,1.));
#1801 = ADVANCED_FACE('',(#1802),#1852,.T.);
#1802 = FACE_BOUND('',#1803,.T.);
#1803 = EDGE_LOOP('',(#1804,#1805,#1813,#1821,#1829,#1837,#1845,#1851));
#1804 = ORIENTED_EDGE('',*,*,#501,.F.);
#1805 = ORIENTED_EDGE('',*,*,#1806,.T.);
#1806 = EDGE_CURVE('',#493,#1807,#1809,.T.);
#1807 = VERTEX_POINT('',#1808);
#1808 = CARTESIAN_POINT('',(112.2,-11.,16.6));
#1809 = LINE('',#1810,#1811);
#1810 = CARTESIAN_POINT('',(112.2,-11.,6.3));
#1811 = VECTOR('',#1812,1.);
#1812 = DIRECTION('',(0.,0.,1.));
#1813 = ORIENTED_EDGE('',*,*,#1814,.T.);
#1814 = EDGE_CURVE('',#1807,#1815,#1817,.T.);
#1815 = VERTEX_POINT('',#1816);
#1816 = CARTESIAN_POINT('',(132.6,-11.,16.6));
#1817 = LINE('',#1818,#1819);
#1818 = CARTESIAN_POINT('',(112.2,-11.,16.6));
#1819 = VECTOR('',#1820,1.);
#1820 = DIRECTION('',(1.,0.,0.));
#1821 = ORIENTED_EDGE('',*,*,#1822,.F.);
#1822 = EDGE_CURVE('',#1823,#1815,#1825,.T.);
#1823 = VERTEX_POINT('',#1824);
#1824 = CARTESIAN_POINT('',(132.6,-11.,6.3));
#1825 = LINE('',#1826,#1827);
#1826 = CARTESIAN_POINT('',(132.6,-11.,6.3));
#1827 = VECTOR('',#1828,1.);
#1828 = DIRECTION('',(0.,0.,1.));
#1829 = ORIENTED_EDGE('',*,*,#1830,.F.);
#1830 = EDGE_CURVE('',#1831,#1823,#1833,.T.);
#1831 = VERTEX_POINT('',#1832);
#1832 = CARTESIAN_POINT('',(129.3,-11.,6.3));
#1833 = LINE('',#1834,#1835);
#1834 = CARTESIAN_POINT('',(112.2,-11.,6.3));
#1835 = VECTOR('',#1836,1.);
#1836 = DIRECTION('',(1.,0.,0.));
#1837 = ORIENTED_EDGE('',*,*,#1838,.F.);
#1838 = EDGE_CURVE('',#1839,#1831,#1841,.T.);
#1839 = VERTEX_POINT('',#1840);
#1840 = CARTESIAN_POINT('',(129.3,-11.,11.8));
#1841 = LINE('',#1842,#1843);
#1842 = CARTESIAN_POINT('',(129.3,-11.,6.25));
#1843 = VECTOR('',#1844,1.);
#1844 = DIRECTION('',(0.,0.,-1.));
#1845 = ORIENTED_EDGE('',*,*,#1846,.F.);
#1846 = EDGE_CURVE('',#1782,#1839,#1847,.T.);
#1847 = LINE('',#1848,#1849);
#1848 = CARTESIAN_POINT('',(114.25,-11.,11.8));
#1849 = VECTOR('',#1850,1.);
#1850 = DIRECTION('',(1.,0.,0.));
#1851 = ORIENTED_EDGE('',*,*,#1791,.T.);
#1852 = PLANE('',#1853);
#1853 = AXIS2_PLACEMENT_3D('',#1854,#1855,#1856);
#1854 = CARTESIAN_POINT('',(112.2,-11.,6.3));
#1855 = DIRECTION('',(0.,1.,0.));
#1856 = DIRECTION('',(1.,0.,0.));
#1857 = ADVANCED_FACE('',(#1858),#1877,.T.);
#1858 = FACE_BOUND('',#1859,.T.);
#1859 = EDGE_LOOP('',(#1860,#1868,#1875,#1876));
#1860 = ORIENTED_EDGE('',*,*,#1861,.T.);
#1861 = EDGE_CURVE('',#485,#1862,#1864,.T.);
#1862 = VERTEX_POINT('',#1863);
#1863 = CARTESIAN_POINT('',(111.,-12.2,16.6));
#1864 = LINE('',#1865,#1866);
#1865 = CARTESIAN_POINT('',(111.,-12.2,6.3));
#1866 = VECTOR('',#1867,1.);
#1867 = DIRECTION('',(0.,0.,1.));
#1868 = ORIENTED_EDGE('',*,*,#1869,.T.);
#1869 = EDGE_CURVE('',#1862,#1807,#1870,.T.);
#1870 = CIRCLE('',#1871,1.2);
#1871 = AXIS2_PLACEMENT_3D('',#1872,#1873,#1874);
#1872 = CARTESIAN_POINT('',(112.2,-12.2,16.6));
#1873 = DIRECTION('',(0.,0.,-1.));
#1874 = DIRECTION('',(-1.,4.44E-15,0.));
#1875 = ORIENTED_EDGE('',*,*,#1806,.F.);
#1876 = ORIENTED_EDGE('',*,*,#492,.F.);
#1877 = CYLINDRICAL_SURFACE('',#1878,1.2);
#1878 = AXIS2_PLACEMENT_3D('',#1879,#1880,#1881);
#1879 = CARTESIAN_POINT('',(112.2,-12.2,6.3));
#1880 = DIRECTION('',(0.,0.,-1.));
#1881 = DIRECTION('',(-1.,4.44E-15,0.));
#1882 = ADVANCED_FACE('',(#1883),#1901,.T.);
#1883 = FACE_BOUND('',#1884,.T.);
#1884 = EDGE_LOOP('',(#1885,#1893,#1899,#1900));
#1885 = ORIENTED_EDGE('',*,*,#1886,.T.);
#1886 = EDGE_CURVE('',#476,#1887,#1889,.T.);
#1887 = VERTEX_POINT('',#1888);
#1888 = CARTESIAN_POINT('',(111.,-65.8,16.6));
#1889 = LINE('',#1890,#1891);
#1890 = CARTESIAN_POINT('',(111.,-65.8,6.3));
#1891 = VECTOR('',#1892,1.);
#1892 = DIRECTION('',(0.,0.,1.));
#1893 = ORIENTED_EDGE('',*,*,#1894,.T.);
#1894 = EDGE_CURVE('',#1887,#1862,#1895,.T.);
#1895 = LINE('',#1896,#1897);
#1896 = CARTESIAN_POINT('',(111.,-65.8,16.6));
#1897 = VECTOR('',#1898,1.);
#1898 = DIRECTION('',(0.,1.,0.));
#1899 = ORIENTED_EDGE('',*,*,#1861,.F.);
#1900 = ORIENTED_EDGE('',*,*,#484,.F.);
#1901 = PLANE('',#1902);
#1902 = AXIS2_PLACEMENT_3D('',#1903,#1904,#1905);
#1903 = CARTESIAN_POINT('',(111.,-65.8,6.3));
#1904 = DIRECTION('',(-1.,0.,0.));
#1905 = DIRECTION('',(0.,1.,0.));
#1906 = ADVANCED_FACE('',(#1907),#1926,.T.);
#1907 = FACE_BOUND('',#1908,.T.);
#1908 = EDGE_LOOP('',(#1909,#1917,#1924,#1925));
#1909 = ORIENTED_EDGE('',*,*,#1910,.T.);
#1910 = EDGE_CURVE('',#468,#1911,#1913,.T.);
#1911 = VERTEX_POINT('',#1912);
#1912 = CARTESIAN_POINT('',(112.2,-67.,16.6));
#1913 = LINE('',#1914,#1915);
#1914 = CARTESIAN_POINT('',(112.2,-67.,6.3));
#1915 = VECTOR('',#1916,1.);
#1916 = DIRECTION('',(0.,0.,1.));
#1917 = ORIENTED_EDGE('',*,*,#1918,.T.);
#1918 = EDGE_CURVE('',#1911,#1887,#1919,.T.);
#1919 = CIRCLE('',#1920,1.2);
#1920 = AXIS2_PLACEMENT_3D('',#1921,#1922,#1923);
#1921 = CARTESIAN_POINT('',(112.2,-65.8,16.6));
#1922 = DIRECTION('',(0.,0.,-1.));
#1923 = DIRECTION('',(0.,-1.,0.));
#1924 = ORIENTED_EDGE('',*,*,#1886,.F.);
#1925 = ORIENTED_EDGE('',*,*,#475,.F.);
#1926 = CYLINDRICAL_SURFACE('',#1927,1.2);
#1927 = AXIS2_PLACEMENT_3D('',#1928,#1929,#1930);
#1928 = CARTESIAN_POINT('',(112.2,-65.8,6.3));
#1929 = DIRECTION('',(0.,0.,-1.));
#1930 = DIRECTION('',(0.,-1.,0.));
#1931 = ADVANCED_FACE('',(#1932),#1958,.T.);
#1932 = FACE_BOUND('',#1933,.T.);
#1933 = EDGE_LOOP('',(#1934,#1935,#1943,#1949,#1950,#1951,#1952,#1953,
    #1954,#1955,#1956,#1957));
#1934 = ORIENTED_EDGE('',*,*,#922,.F.);
#1935 = ORIENTED_EDGE('',*,*,#1936,.T.);
#1936 = EDGE_CURVE('',#914,#1937,#1939,.T.);
#1937 = VERTEX_POINT('',#1938);
#1938 = CARTESIAN_POINT('',(133.8,-67.,16.6));
#1939 = LINE('',#1940,#1941);
#1940 = CARTESIAN_POINT('',(133.8,-67.,6.3));
#1941 = VECTOR('',#1942,1.);
#1942 = DIRECTION('',(0.,0.,1.));
#1943 = ORIENTED_EDGE('',*,*,#1944,.T.);
#1944 = EDGE_CURVE('',#1937,#1911,#1945,.T.);
#1945 = LINE('',#1946,#1947);
#1946 = CARTESIAN_POINT('',(133.8,-67.,16.6));
#1947 = VECTOR('',#1948,1.);
#1948 = DIRECTION('',(-1.,0.,0.));
#1949 = ORIENTED_EDGE('',*,*,#1910,.F.);
#1950 = ORIENTED_EDGE('',*,*,#467,.F.);
#1951 = ORIENTED_EDGE('',*,*,#627,.F.);
#1952 = ORIENTED_EDGE('',*,*,#644,.F.);
#1953 = ORIENTED_EDGE('',*,*,#678,.T.);
#1954 = ORIENTED_EDGE('',*,*,#711,.F.);
#1955 = ORIENTED_EDGE('',*,*,#794,.F.);
#1956 = ORIENTED_EDGE('',*,*,#829,.F.);
#1957 = ORIENTED_EDGE('',*,*,#854,.T.);
#1958 = PLANE('',#1959);
#1959 = AXIS2_PLACEMENT_3D('',#1960,#1961,#1962);
#1960 = CARTESIAN_POINT('',(133.8,-67.,6.3));
#1961 = DIRECTION('',(0.,-1.,0.));
#1962 = DIRECTION('',(-1.,0.,0.));
#1963 = ADVANCED_FACE('',(#1964),#1983,.F.);
#1964 = FACE_BOUND('',#1965,.T.);
#1965 = EDGE_LOOP('',(#1966,#1967,#1975,#1982));
#1966 = ORIENTED_EDGE('',*,*,#600,.T.);
#1967 = ORIENTED_EDGE('',*,*,#1968,.T.);
#1968 = EDGE_CURVE('',#601,#1969,#1971,.T.);
#1969 = VERTEX_POINT('',#1970);
#1970 = CARTESIAN_POINT('',(114.6,-52.8,6.8));
#1971 = LINE('',#1972,#1973);
#1972 = CARTESIAN_POINT('',(114.6,-52.8,6.2));
#1973 = VECTOR('',#1974,1.);
#1974 = DIRECTION('',(0.,0.,1.));
#1975 = ORIENTED_EDGE('',*,*,#1976,.T.);
#1976 = EDGE_CURVE('',#1969,#1969,#1977,.T.);
#1977 = CIRCLE('',#1978,1.6);
#1978 = AXIS2_PLACEMENT_3D('',#1979,#1980,#1981);
#1979 = CARTESIAN_POINT('',(113.,-52.8,6.8));
#1980 = DIRECTION('',(0.,0.,1.));
#1981 = DIRECTION('',(1.,0.,0.));
#1982 = ORIENTED_EDGE('',*,*,#1968,.F.);
#1983 = CYLINDRICAL_SURFACE('',#1984,1.6);
#1984 = AXIS2_PLACEMENT_3D('',#1985,#1986,#1987);
#1985 = CARTESIAN_POINT('',(113.,-52.8,6.2));
#1986 = DIRECTION('',(-0.,-0.,-1.));
#1987 = DIRECTION('',(1.,0.,0.));
#1988 = ADVANCED_FACE('',(#1989),#2008,.F.);
#1989 = FACE_BOUND('',#1990,.T.);
#1990 = EDGE_LOOP('',(#1991,#1992,#2000,#2007));
#1991 = ORIENTED_EDGE('',*,*,#728,.T.);
#1992 = ORIENTED_EDGE('',*,*,#1993,.T.);
#1993 = EDGE_CURVE('',#729,#1994,#1996,.T.);
#1994 = VERTEX_POINT('',#1995);
#1995 = CARTESIAN_POINT('',(124.4,-64.7,6.8));
#1996 = LINE('',#1997,#1998);
#1997 = CARTESIAN_POINT('',(124.4,-64.7,6.2));
#1998 = VECTOR('',#1999,1.);
#1999 = DIRECTION('',(0.,0.,1.));
#2000 = ORIENTED_EDGE('',*,*,#2001,.T.);
#2001 = EDGE_CURVE('',#1994,#1994,#2002,.T.);
#2002 = CIRCLE('',#2003,1.6);
#2003 = AXIS2_PLACEMENT_3D('',#2004,#2005,#2006);
#2004 = CARTESIAN_POINT('',(122.8,-64.7,6.8));
#2005 = DIRECTION('',(0.,0.,1.));
#2006 = DIRECTION('',(1.,0.,0.));
#2007 = ORIENTED_EDGE('',*,*,#1993,.F.);
#2008 = CYLINDRICAL_SURFACE('',#2009,1.6);
#2009 = AXIS2_PLACEMENT_3D('',#2010,#2011,#2012);
#2010 = CARTESIAN_POINT('',(122.8,-64.7,6.2));
#2011 = DIRECTION('',(-0.,-0.,-1.));
#2012 = DIRECTION('',(1.,0.,0.));
#2013 = ADVANCED_FACE('',(#2014),#2033,.T.);
#2014 = FACE_BOUND('',#2015,.T.);
#2015 = EDGE_LOOP('',(#2016,#2024,#2031,#2032));
#2016 = ORIENTED_EDGE('',*,*,#2017,.T.);
#2017 = EDGE_CURVE('',#906,#2018,#2020,.T.);
#2018 = VERTEX_POINT('',#2019);
#2019 = CARTESIAN_POINT('',(135.,-65.8,16.6));
#2020 = LINE('',#2021,#2022);
#2021 = CARTESIAN_POINT('',(135.,-65.8,6.3));
#2022 = VECTOR('',#2023,1.);
#2023 = DIRECTION('',(0.,0.,1.));
#2024 = ORIENTED_EDGE('',*,*,#2025,.T.);
#2025 = EDGE_CURVE('',#2018,#1937,#2026,.T.);
#2026 = CIRCLE('',#2027,1.2);
#2027 = AXIS2_PLACEMENT_3D('',#2028,#2029,#2030);
#2028 = CARTESIAN_POINT('',(133.8,-65.8,16.6));
#2029 = DIRECTION('',(0.,0.,-1.));
#2030 = DIRECTION('',(1.,2.368E-14,0.));
#2031 = ORIENTED_EDGE('',*,*,#1936,.F.);
#2032 = ORIENTED_EDGE('',*,*,#913,.F.);
#2033 = CYLINDRICAL_SURFACE('',#2034,1.2);
#2034 = AXIS2_PLACEMENT_3D('',#2035,#2036,#2037);
#2035 = CARTESIAN_POINT('',(133.8,-65.8,6.3));
#2036 = DIRECTION('',(0.,0.,-1.));
#2037 = DIRECTION('',(1.,2.368E-14,0.));
#2038 = ADVANCED_FACE('',(#2039),#2089,.T.);
#2039 = FACE_BOUND('',#2040,.T.);
#2040 = EDGE_LOOP('',(#2041,#2051,#2059,#2065,#2066,#2067,#2075,#2083));
#2041 = ORIENTED_EDGE('',*,*,#2042,.F.);
#2042 = EDGE_CURVE('',#2043,#2045,#2047,.T.);
#2043 = VERTEX_POINT('',#2044);
#2044 = CARTESIAN_POINT('',(135.,-13.4,6.3));
#2045 = VERTEX_POINT('',#2046);
#2046 = CARTESIAN_POINT('',(135.,-55.4,6.3));
#2047 = LINE('',#2048,#2049);
#2048 = CARTESIAN_POINT('',(135.,-13.4,6.3));
#2049 = VECTOR('',#2050,1.);
#2050 = DIRECTION('',(0.,-1.,0.));
#2051 = ORIENTED_EDGE('',*,*,#2052,.T.);
#2052 = EDGE_CURVE('',#2043,#2053,#2055,.T.);
#2053 = VERTEX_POINT('',#2054);
#2054 = CARTESIAN_POINT('',(135.,-13.4,16.6));
#2055 = LINE('',#2056,#2057);
#2056 = CARTESIAN_POINT('',(135.,-13.4,6.3));
#2057 = VECTOR('',#2058,1.);
#2058 = DIRECTION('',(0.,0.,1.));
#2059 = ORIENTED_EDGE('',*,*,#2060,.T.);
#2060 = EDGE_CURVE('',#2053,#2018,#2061,.T.);
#2061 = LINE('',#2062,#2063);
#2062 = CARTESIAN_POINT('',(135.,-13.4,16.6));
#2063 = VECTOR('',#2064,1.);
#2064 = DIRECTION('',(0.,-1.,0.));
#2065 = ORIENTED_EDGE('',*,*,#2017,.F.);
#2066 = ORIENTED_EDGE('',*,*,#905,.F.);
#2067 = ORIENTED_EDGE('',*,*,#2068,.T.);
#2068 = EDGE_CURVE('',#898,#2069,#2071,.T.);
#2069 = VERTEX_POINT('',#2070);
#2070 = CARTESIAN_POINT('',(135.,-63.9,9.2));
#2071 = LINE('',#2072,#2073);
#2072 = CARTESIAN_POINT('',(135.,-63.9,5.7));
#2073 = VECTOR('',#2074,1.);
#2074 = DIRECTION('',(0.,0.,1.));
#2075 = ORIENTED_EDGE('',*,*,#2076,.F.);
#2076 = EDGE_CURVE('',#2077,#2069,#2079,.T.);
#2077 = VERTEX_POINT('',#2078);
#2078 = CARTESIAN_POINT('',(135.,-55.4,9.2));
#2079 = LINE('',#2080,#2081);
#2080 = CARTESIAN_POINT('',(135.,-38.65,9.2));
#2081 = VECTOR('',#2082,1.);
#2082 = DIRECTION('',(0.,-1.,0.));
#2083 = ORIENTED_EDGE('',*,*,#2084,.F.);
#2084 = EDGE_CURVE('',#2045,#2077,#2085,.T.);
#2085 = LINE('',#2086,#2087);
#2086 = CARTESIAN_POINT('',(135.,-55.4,5.7));
#2087 = VECTOR('',#2088,1.);
#2088 = DIRECTION('',(0.,0.,1.));
#2089 = PLANE('',#2090);
#2090 = AXIS2_PLACEMENT_3D('',#2091,#2092,#2093);
#2091 = CARTESIAN_POINT('',(135.,-13.4,6.3));
#2092 = DIRECTION('',(1.,0.,0.));
#2093 = DIRECTION('',(0.,-1.,0.));
#2094 = ADVANCED_FACE('',(#2095),#2106,.T.);
#2095 = FACE_BOUND('',#2096,.T.);
#2096 = EDGE_LOOP('',(#2097,#2103,#2104,#2105));
#2097 = ORIENTED_EDGE('',*,*,#2098,.T.);
#2098 = EDGE_CURVE('',#1223,#2069,#2099,.T.);
#2099 = LINE('',#2100,#2101);
#2100 = CARTESIAN_POINT('',(128.3,-63.9,9.2));
#2101 = VECTOR('',#2102,1.);
#2102 = DIRECTION('',(1.,0.,0.));
#2103 = ORIENTED_EDGE('',*,*,#2068,.F.);
#2104 = ORIENTED_EDGE('',*,*,#897,.T.);
#2105 = ORIENTED_EDGE('',*,*,#1230,.F.);
#2106 = PLANE('',#2107);
#2107 = AXIS2_PLACEMENT_3D('',#2108,#2109,#2110);
#2108 = CARTESIAN_POINT('',(128.3,-63.9,5.1));
#2109 = DIRECTION('',(0.,1.,0.));
#2110 = DIRECTION('',(0.,0.,1.));
#2111 = ADVANCED_FACE('',(#2112),#2117,.T.);
#2112 = FACE_BOUND('',#2113,.T.);
#2113 = EDGE_LOOP('',(#2114,#2115,#2116));
#2114 = ORIENTED_EDGE('',*,*,#1674,.T.);
#2115 = ORIENTED_EDGE('',*,*,#1683,.T.);
#2116 = ORIENTED_EDGE('',*,*,#969,.T.);
#2117 = PLANE('',#2118);
#2118 = AXIS2_PLACEMENT_3D('',#2119,#2120,#2121);
#2119 = CARTESIAN_POINT('',(113.,-52.8,11.6));
#2120 = DIRECTION('',(0.,0.,1.));
#2121 = DIRECTION('',(1.,0.,0.));
#2122 = ADVANCED_FACE('',(#2123),#2135,.F.);
#2123 = FACE_BOUND('',#2124,.F.);
#2124 = EDGE_LOOP('',(#2125,#2126,#2127,#2128,#2134));
#2125 = ORIENTED_EDGE('',*,*,#1701,.F.);
#2126 = ORIENTED_EDGE('',*,*,#1055,.F.);
#2127 = ORIENTED_EDGE('',*,*,#1104,.F.);
#2128 = ORIENTED_EDGE('',*,*,#2129,.T.);
#2129 = EDGE_CURVE('',#1081,#1728,#2130,.T.);
#2130 = LINE('',#2131,#2132);
#2131 = CARTESIAN_POINT('',(132.6,-48.1,12.7));
#2132 = VECTOR('',#2133,1.);
#2133 = DIRECTION('',(0.,1.,0.));
#2134 = ORIENTED_EDGE('',*,*,#1767,.F.);
#2135 = PLANE('',#2136);
#2136 = AXIS2_PLACEMENT_3D('',#2137,#2138,#2139);
#2137 = CARTESIAN_POINT('',(113.,-48.1,12.7));
#2138 = DIRECTION('',(0.,0.,1.));
#2139 = DIRECTION('',(1.,0.,0.));
#2140 = ADVANCED_FACE('',(#2141),#2152,.F.);
#2141 = FACE_BOUND('',#2142,.F.);
#2142 = EDGE_LOOP('',(#2143,#2144,#2145,#2151));
#2143 = ORIENTED_EDGE('',*,*,#2129,.F.);
#2144 = ORIENTED_EDGE('',*,*,#1078,.F.);
#2145 = ORIENTED_EDGE('',*,*,#2146,.T.);
#2146 = EDGE_CURVE('',#1079,#1726,#2147,.T.);
#2147 = LINE('',#2148,#2149);
#2148 = CARTESIAN_POINT('',(132.6,-43.59893884022,6.3));
#2149 = VECTOR('',#2150,1.);
#2150 = DIRECTION('',(0.,1.,0.));
#2151 = ORIENTED_EDGE('',*,*,#1725,.T.);
#2152 = PLANE('',#2153);
#2153 = AXIS2_PLACEMENT_3D('',#2154,#2155,#2156);
#2154 = CARTESIAN_POINT('',(132.6,-48.1,6.2));
#2155 = DIRECTION('',(1.,0.,0.));
#2156 = DIRECTION('',(0.,0.,1.));
#2157 = ADVANCED_FACE('',(#2158,#2208),#2219,.T.);
#2158 = FACE_BOUND('',#2159,.T.);
#2159 = EDGE_LOOP('',(#2160,#2167,#2168,#2169,#2170,#2171,#2172,#2173,
    #2174,#2175,#2176,#2177,#2178,#2179,#2180,#2181,#2182,#2183,#2184,
    #2185,#2186,#2192,#2193,#2200,#2201,#2207));
#2160 = ORIENTED_EDGE('',*,*,#2161,.F.);
#2161 = EDGE_CURVE('',#1175,#1199,#2162,.T.);
#2162 = CIRCLE('',#2163,1.85);
#2163 = AXIS2_PLACEMENT_3D('',#2164,#2165,#2166);
#2164 = CARTESIAN_POINT('',(133.,-52.8,6.3));
#2165 = DIRECTION('',(0.,0.,1.));
#2166 = DIRECTION('',(1.,0.,0.));
#2167 = ORIENTED_EDGE('',*,*,#1174,.F.);
#2168 = ORIENTED_EDGE('',*,*,#1271,.F.);
#2169 = ORIENTED_EDGE('',*,*,#1319,.F.);
#2170 = ORIENTED_EDGE('',*,*,#1367,.F.);
#2171 = ORIENTED_EDGE('',*,*,#1415,.F.);
#2172 = ORIENTED_EDGE('',*,*,#1463,.F.);
#2173 = ORIENTED_EDGE('',*,*,#1511,.F.);
#2174 = ORIENTED_EDGE('',*,*,#1535,.F.);
#2175 = ORIENTED_EDGE('',*,*,#1487,.F.);
#2176 = ORIENTED_EDGE('',*,*,#1439,.F.);
#2177 = ORIENTED_EDGE('',*,*,#1391,.F.);
#2178 = ORIENTED_EDGE('',*,*,#1343,.F.);
#2179 = ORIENTED_EDGE('',*,*,#1295,.F.);
#2180 = ORIENTED_EDGE('',*,*,#1247,.F.);
#2181 = ORIENTED_EDGE('',*,*,#1142,.F.);
#2182 = ORIENTED_EDGE('',*,*,#1118,.F.);
#2183 = ORIENTED_EDGE('',*,*,#1088,.F.);
#2184 = ORIENTED_EDGE('',*,*,#2146,.T.);
#2185 = ORIENTED_EDGE('',*,*,#1735,.T.);
#2186 = ORIENTED_EDGE('',*,*,#2187,.T.);
#2187 = EDGE_CURVE('',#1736,#1831,#2188,.T.);
#2188 = LINE('',#2189,#2190);
#2189 = CARTESIAN_POINT('',(129.3,-29.54893884022,6.3));
#2190 = VECTOR('',#2191,1.);
#2191 = DIRECTION('',(0.,1.,0.));
#2192 = ORIENTED_EDGE('',*,*,#1830,.T.);
#2193 = ORIENTED_EDGE('',*,*,#2194,.T.);
#2194 = EDGE_CURVE('',#1823,#2043,#2195,.T.);
#2195 = CIRCLE('',#2196,2.4);
#2196 = AXIS2_PLACEMENT_3D('',#2197,#2198,#2199);
#2197 = CARTESIAN_POINT('',(132.6,-13.4,6.3));
#2198 = DIRECTION('',(0.,0.,-1.));
#2199 = DIRECTION('',(0.,1.,0.));
#2200 = ORIENTED_EDGE('',*,*,#2042,.T.);
#2201 = ORIENTED_EDGE('',*,*,#2202,.T.);
#2202 = EDGE_CURVE('',#2045,#1207,#2203,.T.);
#2203 = LINE('',#2204,#2205);
#2204 = CARTESIAN_POINT('',(125.62834371508,-55.4,6.3));
#2205 = VECTOR('',#2206,1.);
#2206 = DIRECTION('',(-1.,0.,0.));
#2207 = ORIENTED_EDGE('',*,*,#1206,.F.);
#2208 = FACE_BOUND('',#2209,.T.);
#2209 = EDGE_LOOP('',(#2210));
#2210 = ORIENTED_EDGE('',*,*,#2211,.F.);
#2211 = EDGE_CURVE('',#2212,#2212,#2214,.T.);
#2212 = VERTEX_POINT('',#2213);
#2213 = CARTESIAN_POINT('',(134.6,-52.8,6.3));
#2214 = CIRCLE('',#2215,1.6);
#2215 = AXIS2_PLACEMENT_3D('',#2216,#2217,#2218);
#2216 = CARTESIAN_POINT('',(133.,-52.8,6.3));
#2217 = DIRECTION('',(0.,0.,-1.));
#2218 = DIRECTION('',(1.,0.,0.));
#2219 = PLANE('',#2220);
#2220 = AXIS2_PLACEMENT_3D('',#2221,#2222,#2223);
#2221 = CARTESIAN_POINT('',(133.99038742451,-32.3036335587,6.3));
#2222 = DIRECTION('',(-0.,-0.,-1.));
#2223 = DIRECTION('',(-1.,0.,0.));
#2224 = ADVANCED_FACE('',(#2225),#2236,.F.);
#2225 = FACE_BOUND('',#2226,.F.);
#2226 = EDGE_LOOP('',(#2227,#2233,#2234,#2235));
#2227 = ORIENTED_EDGE('',*,*,#2228,.F.);
#2228 = EDGE_CURVE('',#1215,#2077,#2229,.T.);
#2229 = LINE('',#2230,#2231);
#2230 = CARTESIAN_POINT('',(128.3,-55.4,9.2));
#2231 = VECTOR('',#2232,1.);
#2232 = DIRECTION('',(1.,0.,0.));
#2233 = ORIENTED_EDGE('',*,*,#1222,.F.);
#2234 = ORIENTED_EDGE('',*,*,#2098,.T.);
#2235 = ORIENTED_EDGE('',*,*,#2076,.F.);
#2236 = PLANE('',#2237);
#2237 = AXIS2_PLACEMENT_3D('',#2238,#2239,#2240);
#2238 = CARTESIAN_POINT('',(128.3,-63.9,9.2));
#2239 = DIRECTION('',(0.,0.,1.));
#2240 = DIRECTION('',(1.,0.,0.));
#2241 = ADVANCED_FACE('',(#2242),#2248,.F.);
#2242 = FACE_BOUND('',#2243,.F.);
#2243 = EDGE_LOOP('',(#2244,#2245,#2246,#2247));
#2244 = ORIENTED_EDGE('',*,*,#2228,.T.);
#2245 = ORIENTED_EDGE('',*,*,#2084,.F.);
#2246 = ORIENTED_EDGE('',*,*,#2202,.T.);
#2247 = ORIENTED_EDGE('',*,*,#1214,.F.);
#2248 = PLANE('',#2249);
#2249 = AXIS2_PLACEMENT_3D('',#2250,#2251,#2252);
#2250 = CARTESIAN_POINT('',(128.3,-55.4,5.1));
#2251 = DIRECTION('',(0.,1.,0.));
#2252 = DIRECTION('',(0.,0.,1.));
#2253 = ADVANCED_FACE('',(#2254),#2266,.T.);
#2254 = FACE_BOUND('',#2255,.F.);
#2255 = EDGE_LOOP('',(#2256,#2257,#2258,#2265));
#2256 = ORIENTED_EDGE('',*,*,#2161,.F.);
#2257 = ORIENTED_EDGE('',*,*,#1182,.F.);
#2258 = ORIENTED_EDGE('',*,*,#2259,.T.);
#2259 = EDGE_CURVE('',#1183,#1191,#2260,.T.);
#2260 = CIRCLE('',#2261,1.85);
#2261 = AXIS2_PLACEMENT_3D('',#2262,#2263,#2264);
#2262 = CARTESIAN_POINT('',(133.,-52.8,11.6));
#2263 = DIRECTION('',(0.,0.,1.));
#2264 = DIRECTION('',(1.,0.,0.));
#2265 = ORIENTED_EDGE('',*,*,#1198,.T.);
#2266 = CYLINDRICAL_SURFACE('',#2267,1.85);
#2267 = AXIS2_PLACEMENT_3D('',#2268,#2269,#2270);
#2268 = CARTESIAN_POINT('',(133.,-52.8,6.3));
#2269 = DIRECTION('',(-0.,-0.,-1.));
#2270 = DIRECTION('',(1.,0.,0.));
#2271 = ADVANCED_FACE('',(#2272),#2276,.T.);
#2272 = FACE_BOUND('',#2273,.T.);
#2273 = EDGE_LOOP('',(#2274,#2275));
#2274 = ORIENTED_EDGE('',*,*,#1190,.T.);
#2275 = ORIENTED_EDGE('',*,*,#2259,.T.);
#2276 = PLANE('',#2277);
#2277 = AXIS2_PLACEMENT_3D('',#2278,#2279,#2280);
#2278 = CARTESIAN_POINT('',(133.,-52.8,11.6));
#2279 = DIRECTION('',(0.,0.,1.));
#2280 = DIRECTION('',(1.,0.,0.));
#2281 = ADVANCED_FACE('',(#2282,#2298,#2396,#2430,#2464,#2498,#2501,
    #2512,#2523),#2529,.T.);
#2282 = FACE_BOUND('',#2283,.T.);
#2283 = EDGE_LOOP('',(#2284,#2285,#2286,#2287,#2288,#2289,#2290,#2297));
#2284 = ORIENTED_EDGE('',*,*,#1869,.F.);
#2285 = ORIENTED_EDGE('',*,*,#1894,.F.);
#2286 = ORIENTED_EDGE('',*,*,#1918,.F.);
#2287 = ORIENTED_EDGE('',*,*,#1944,.F.);
#2288 = ORIENTED_EDGE('',*,*,#2025,.F.);
#2289 = ORIENTED_EDGE('',*,*,#2060,.F.);
#2290 = ORIENTED_EDGE('',*,*,#2291,.F.);
#2291 = EDGE_CURVE('',#1815,#2053,#2292,.T.);
#2292 = CIRCLE('',#2293,2.4);
#2293 = AXIS2_PLACEMENT_3D('',#2294,#2295,#2296);
#2294 = CARTESIAN_POINT('',(132.6,-13.4,16.6));
#2295 = DIRECTION('',(0.,0.,-1.));
#2296 = DIRECTION('',(0.,1.,0.));
#2297 = ORIENTED_EDGE('',*,*,#1814,.F.);
#2298 = FACE_BOUND('',#2299,.T.);
#2299 = EDGE_LOOP('',(#2300,#2310,#2318,#2326,#2334,#2342,#2350,#2358,
    #2366,#2374,#2382,#2390));
#2300 = ORIENTED_EDGE('',*,*,#2301,.T.);
#2301 = EDGE_CURVE('',#2302,#2304,#2306,.T.);
#2302 = VERTEX_POINT('',#2303);
#2303 = CARTESIAN_POINT('',(115.9,-56.,16.6));
#2304 = VERTEX_POINT('',#2305);
#2305 = CARTESIAN_POINT('',(113.7,-56.,16.6));
#2306 = LINE('',#2307,#2308);
#2307 = CARTESIAN_POINT('',(118.32834371508,-56.,16.6));
#2308 = VECTOR('',#2309,1.);
#2309 = DIRECTION('',(-1.,0.,0.));
#2310 = ORIENTED_EDGE('',*,*,#2311,.T.);
#2311 = EDGE_CURVE('',#2304,#2312,#2314,.T.);
#2312 = VERTEX_POINT('',#2313);
#2313 = CARTESIAN_POINT('',(113.7,-54.,16.6));
#2314 = LINE('',#2315,#2316);
#2315 = CARTESIAN_POINT('',(113.7,-47.54893884022,16.6));
#2316 = VECTOR('',#2317,1.);
#2317 = DIRECTION('',(0.,1.,0.));
#2318 = ORIENTED_EDGE('',*,*,#2319,.F.);
#2319 = EDGE_CURVE('',#2320,#2312,#2322,.T.);
#2320 = VERTEX_POINT('',#2321);
#2321 = CARTESIAN_POINT('',(115.9,-54.,16.6));
#2322 = LINE('',#2323,#2324);
#2323 = CARTESIAN_POINT('',(118.32834371508,-54.,16.6));
#2324 = VECTOR('',#2325,1.);
#2325 = DIRECTION('',(-1.,0.,0.));
#2326 = ORIENTED_EDGE('',*,*,#2327,.T.);
#2327 = EDGE_CURVE('',#2320,#2328,#2330,.T.);
#2328 = VERTEX_POINT('',#2329);
#2329 = CARTESIAN_POINT('',(115.9,-51.8,16.6));
#2330 = LINE('',#2331,#2332);
#2331 = CARTESIAN_POINT('',(115.9,-48.64893884022,16.6));
#2332 = VECTOR('',#2333,1.);
#2333 = DIRECTION('',(0.,1.,0.));
#2334 = ORIENTED_EDGE('',*,*,#2335,.F.);
#2335 = EDGE_CURVE('',#2336,#2328,#2338,.T.);
#2336 = VERTEX_POINT('',#2337);
#2337 = CARTESIAN_POINT('',(117.9,-51.8,16.6));
#2338 = LINE('',#2339,#2340);
#2339 = CARTESIAN_POINT('',(119.42834371508,-51.8,16.6));
#2340 = VECTOR('',#2341,1.);
#2341 = DIRECTION('',(-1.,0.,0.));
#2342 = ORIENTED_EDGE('',*,*,#2343,.F.);
#2343 = EDGE_CURVE('',#2344,#2336,#2346,.T.);
#2344 = VERTEX_POINT('',#2345);
#2345 = CARTESIAN_POINT('',(117.9,-54.,16.6));
#2346 = LINE('',#2347,#2348);
#2347 = CARTESIAN_POINT('',(117.9,-48.64893884022,16.6));
#2348 = VECTOR('',#2349,1.);
#2349 = DIRECTION('',(0.,1.,0.));
#2350 = ORIENTED_EDGE('',*,*,#2351,.F.);
#2351 = EDGE_CURVE('',#2352,#2344,#2354,.T.);
#2352 = VERTEX_POINT('',#2353);
#2353 = CARTESIAN_POINT('',(120.1,-54.,16.6));
#2354 = LINE('',#2355,#2356);
#2355 = CARTESIAN_POINT('',(118.32834371508,-54.,16.6));
#2356 = VECTOR('',#2357,1.);
#2357 = DIRECTION('',(-1.,0.,0.));
#2358 = ORIENTED_EDGE('',*,*,#2359,.F.);
#2359 = EDGE_CURVE('',#2360,#2352,#2362,.T.);
#2360 = VERTEX_POINT('',#2361);
#2361 = CARTESIAN_POINT('',(120.1,-56.,16.6));
#2362 = LINE('',#2363,#2364);
#2363 = CARTESIAN_POINT('',(120.1,-47.54893884022,16.6));
#2364 = VECTOR('',#2365,1.);
#2365 = DIRECTION('',(0.,1.,0.));
#2366 = ORIENTED_EDGE('',*,*,#2367,.T.);
#2367 = EDGE_CURVE('',#2360,#2368,#2370,.T.);
#2368 = VERTEX_POINT('',#2369);
#2369 = CARTESIAN_POINT('',(117.9,-56.,16.6));
#2370 = LINE('',#2371,#2372);
#2371 = CARTESIAN_POINT('',(118.32834371508,-56.,16.6));
#2372 = VECTOR('',#2373,1.);
#2373 = DIRECTION('',(-1.,0.,0.));
#2374 = ORIENTED_EDGE('',*,*,#2375,.F.);
#2375 = EDGE_CURVE('',#2376,#2368,#2378,.T.);
#2376 = VERTEX_POINT('',#2377);
#2377 = CARTESIAN_POINT('',(117.9,-58.2,16.6));
#2378 = LINE('',#2379,#2380);
#2379 = CARTESIAN_POINT('',(117.9,-48.64893884022,16.6));
#2380 = VECTOR('',#2381,1.);
#2381 = DIRECTION('',(0.,1.,0.));
#2382 = ORIENTED_EDGE('',*,*,#2383,.T.);
#2383 = EDGE_CURVE('',#2376,#2384,#2386,.T.);
#2384 = VERTEX_POINT('',#2385);
#2385 = CARTESIAN_POINT('',(115.9,-58.2,16.6));
#2386 = LINE('',#2387,#2388);
#2387 = CARTESIAN_POINT('',(119.42834371508,-58.2,16.6));
#2388 = VECTOR('',#2389,1.);
#2389 = DIRECTION('',(-1.,0.,0.));
#2390 = ORIENTED_EDGE('',*,*,#2391,.T.);
#2391 = EDGE_CURVE('',#2384,#2302,#2392,.T.);
#2392 = LINE('',#2393,#2394);
#2393 = CARTESIAN_POINT('',(115.9,-48.64893884022,16.6));
#2394 = VECTOR('',#2395,1.);
#2395 = DIRECTION('',(0.,1.,0.));
#2396 = FACE_BOUND('',#2397,.T.);
#2397 = EDGE_LOOP('',(#2398,#2408,#2416,#2424));
#2398 = ORIENTED_EDGE('',*,*,#2399,.T.);
#2399 = EDGE_CURVE('',#2400,#2402,#2404,.T.);
#2400 = VERTEX_POINT('',#2401);
#2401 = CARTESIAN_POINT('',(120.,-65.3,16.6));
#2402 = VERTEX_POINT('',#2403);
#2403 = CARTESIAN_POINT('',(119.,-65.3,16.6));
#2404 = LINE('',#2405,#2406);
#2405 = CARTESIAN_POINT('',(120.97834371508,-65.3,16.6));
#2406 = VECTOR('',#2407,1.);
#2407 = DIRECTION('',(-1.,0.,0.));
#2408 = ORIENTED_EDGE('',*,*,#2409,.T.);
#2409 = EDGE_CURVE('',#2402,#2410,#2412,.T.);
#2410 = VERTEX_POINT('',#2411);
#2411 = CARTESIAN_POINT('',(119.,-63.,16.6));
#2412 = LINE('',#2413,#2414);
#2413 = CARTESIAN_POINT('',(119.,-52.19893884022,16.6));
#2414 = VECTOR('',#2415,1.);
#2415 = DIRECTION('',(0.,1.,0.));
#2416 = ORIENTED_EDGE('',*,*,#2417,.F.);
#2417 = EDGE_CURVE('',#2418,#2410,#2420,.T.);
#2418 = VERTEX_POINT('',#2419);
#2419 = CARTESIAN_POINT('',(120.,-63.,16.6));
#2420 = LINE('',#2421,#2422);
#2421 = CARTESIAN_POINT('',(120.97834371508,-63.,16.6));
#2422 = VECTOR('',#2423,1.);
#2423 = DIRECTION('',(-1.,0.,0.));
#2424 = ORIENTED_EDGE('',*,*,#2425,.F.);
#2425 = EDGE_CURVE('',#2400,#2418,#2426,.T.);
#2426 = LINE('',#2427,#2428);
#2427 = CARTESIAN_POINT('',(120.,-52.19893884022,16.6));
#2428 = VECTOR('',#2429,1.);
#2429 = DIRECTION('',(0.,1.,0.));
#2430 = FACE_BOUND('',#2431,.T.);
#2431 = EDGE_LOOP('',(#2432,#2442,#2450,#2458));
#2432 = ORIENTED_EDGE('',*,*,#2433,.T.);
#2433 = EDGE_CURVE('',#2434,#2436,#2438,.T.);
#2434 = VERTEX_POINT('',#2435);
#2435 = CARTESIAN_POINT('',(122.2,-65.3,16.6));
#2436 = VERTEX_POINT('',#2437);
#2437 = CARTESIAN_POINT('',(121.2,-65.3,16.6));
#2438 = LINE('',#2439,#2440);
#2439 = CARTESIAN_POINT('',(122.07834371508,-65.3,16.6));
#2440 = VECTOR('',#2441,1.);
#2441 = DIRECTION('',(-1.,0.,0.));
#2442 = ORIENTED_EDGE('',*,*,#2443,.T.);
#2443 = EDGE_CURVE('',#2436,#2444,#2446,.T.);
#2444 = VERTEX_POINT('',#2445);
#2445 = CARTESIAN_POINT('',(121.2,-63.,16.6));
#2446 = LINE('',#2447,#2448);
#2447 = CARTESIAN_POINT('',(121.2,-52.19893884022,16.6));
#2448 = VECTOR('',#2449,1.);
#2449 = DIRECTION('',(0.,1.,0.));
#2450 = ORIENTED_EDGE('',*,*,#2451,.F.);
#2451 = EDGE_CURVE('',#2452,#2444,#2454,.T.);
#2452 = VERTEX_POINT('',#2453);
#2453 = CARTESIAN_POINT('',(122.2,-63.,16.6));
#2454 = LINE('',#2455,#2456);
#2455 = CARTESIAN_POINT('',(122.07834371508,-63.,16.6));
#2456 = VECTOR('',#2457,1.);
#2457 = DIRECTION('',(-1.,0.,0.));
#2458 = ORIENTED_EDGE('',*,*,#2459,.F.);
#2459 = EDGE_CURVE('',#2434,#2452,#2460,.T.);
#2460 = LINE('',#2461,#2462);
#2461 = CARTESIAN_POINT('',(122.2,-52.19893884022,16.6));
#2462 = VECTOR('',#2463,1.);
#2463 = DIRECTION('',(0.,1.,0.));
#2464 = FACE_BOUND('',#2465,.T.);
#2465 = EDGE_LOOP('',(#2466,#2476,#2484,#2492));
#2466 = ORIENTED_EDGE('',*,*,#2467,.T.);
#2467 = EDGE_CURVE('',#2468,#2470,#2472,.T.);
#2468 = VERTEX_POINT('',#2469);
#2469 = CARTESIAN_POINT('',(124.4,-65.3,16.6));
#2470 = VERTEX_POINT('',#2471);
#2471 = CARTESIAN_POINT('',(123.4,-65.3,16.6));
#2472 = LINE('',#2473,#2474);
#2473 = CARTESIAN_POINT('',(123.17834371508,-65.3,16.6));
#2474 = VECTOR('',#2475,1.);
#2475 = DIRECTION('',(-1.,0.,0.));
#2476 = ORIENTED_EDGE('',*,*,#2477,.T.);
#2477 = EDGE_CURVE('',#2470,#2478,#2480,.T.);
#2478 = VERTEX_POINT('',#2479);
#2479 = CARTESIAN_POINT('',(123.4,-63.,16.6));
#2480 = LINE('',#2481,#2482);
#2481 = CARTESIAN_POINT('',(123.4,-52.19893884022,16.6));
#2482 = VECTOR('',#2483,1.);
#2483 = DIRECTION('',(0.,1.,0.));
#2484 = ORIENTED_EDGE('',*,*,#2485,.F.);
#2485 = EDGE_CURVE('',#2486,#2478,#2488,.T.);
#2486 = VERTEX_POINT('',#2487);
#2487 = CARTESIAN_POINT('',(124.4,-63.,16.6));
#2488 = LINE('',#2489,#2490);
#2489 = CARTESIAN_POINT('',(123.17834371508,-63.,16.6));
#2490 = VECTOR('',#2491,1.);
#2491 = DIRECTION('',(-1.,0.,0.));
#2492 = ORIENTED_EDGE('',*,*,#2493,.F.);
#2493 = EDGE_CURVE('',#2468,#2486,#2494,.T.);
#2494 = LINE('',#2495,#2496);
#2495 = CARTESIAN_POINT('',(124.4,-52.19893884022,16.6));
#2496 = VECTOR('',#2497,1.);
#2497 = DIRECTION('',(0.,1.,0.));
#2498 = FACE_BOUND('',#2499,.T.);
#2499 = EDGE_LOOP('',(#2500));
#2500 = ORIENTED_EDGE('',*,*,#1562,.T.);
#2501 = FACE_BOUND('',#2502,.T.);
#2502 = EDGE_LOOP('',(#2503));
#2503 = ORIENTED_EDGE('',*,*,#2504,.T.);
#2504 = EDGE_CURVE('',#2505,#2505,#2507,.T.);
#2505 = VERTEX_POINT('',#2506);
#2506 = CARTESIAN_POINT('',(127.35,-56.1,16.6));
#2507 = CIRCLE('',#2508,1.65);
#2508 = AXIS2_PLACEMENT_3D('',#2509,#2510,#2511);
#2509 = CARTESIAN_POINT('',(125.7,-56.1,16.6));
#2510 = DIRECTION('',(0.,0.,-1.));
#2511 = DIRECTION('',(1.,0.,0.));
#2512 = FACE_BOUND('',#2513,.T.);
#2513 = EDGE_LOOP('',(#2514));
#2514 = ORIENTED_EDGE('',*,*,#2515,.T.);
#2515 = EDGE_CURVE('',#2516,#2516,#2518,.T.);
#2516 = VERTEX_POINT('',#2517);
#2517 = CARTESIAN_POINT('',(130.95,-53.5,16.6));
#2518 = CIRCLE('',#2519,1.65);
#2519 = AXIS2_PLACEMENT_3D('',#2520,#2521,#2522);
#2520 = CARTESIAN_POINT('',(129.3,-53.5,16.6));
#2521 = DIRECTION('',(0.,0.,-1.));
#2522 = DIRECTION('',(1.,0.,0.));
#2523 = FACE_BOUND('',#2524,.T.);
#2524 = EDGE_LOOP('',(#2525,#2526,#2527,#2528));
#2525 = ORIENTED_EDGE('',*,*,#1594,.T.);
#2526 = ORIENTED_EDGE('',*,*,#1642,.T.);
#2527 = ORIENTED_EDGE('',*,*,#1659,.F.);
#2528 = ORIENTED_EDGE('',*,*,#1618,.F.);
#2529 = PLANE('',#2530);
#2530 = AXIS2_PLACEMENT_3D('',#2531,#2532,#2533);
#2531 = CARTESIAN_POINT('',(122.95668743016,-39.09787768044,16.6));
#2532 = DIRECTION('',(0.,0.,1.));
#2533 = DIRECTION('',(1.,0.,0.));
#2534 = ADVANCED_FACE('',(#2535),#2546,.F.);
#2535 = FACE_BOUND('',#2536,.F.);
#2536 = EDGE_LOOP('',(#2537,#2538,#2539,#2545));
#2537 = ORIENTED_EDGE('',*,*,#1781,.F.);
#2538 = ORIENTED_EDGE('',*,*,#1751,.F.);
#2539 = ORIENTED_EDGE('',*,*,#2540,.T.);
#2540 = EDGE_CURVE('',#1744,#1839,#2541,.T.);
#2541 = LINE('',#2542,#2543);
#2542 = CARTESIAN_POINT('',(129.3,-20.,11.8));
#2543 = VECTOR('',#2544,1.);
#2544 = DIRECTION('',(0.,1.,0.));
#2545 = ORIENTED_EDGE('',*,*,#1846,.F.);
#2546 = PLANE('',#2547);
#2547 = AXIS2_PLACEMENT_3D('',#2548,#2549,#2550);
#2548 = CARTESIAN_POINT('',(116.3,-20.,11.8));
#2549 = DIRECTION('',(0.,0.,1.));
#2550 = DIRECTION('',(1.,0.,0.));
#2551 = ADVANCED_FACE('',(#2552),#2558,.F.);
#2552 = FACE_BOUND('',#2553,.F.);
#2553 = EDGE_LOOP('',(#2554,#2555,#2556,#2557));
#2554 = ORIENTED_EDGE('',*,*,#2540,.F.);
#2555 = ORIENTED_EDGE('',*,*,#1743,.F.);
#2556 = ORIENTED_EDGE('',*,*,#2187,.T.);
#2557 = ORIENTED_EDGE('',*,*,#1838,.F.);
#2558 = PLANE('',#2559);
#2559 = AXIS2_PLACEMENT_3D('',#2560,#2561,#2562);
#2560 = CARTESIAN_POINT('',(129.3,-20.,6.2));
#2561 = DIRECTION('',(1.,0.,0.));
#2562 = DIRECTION('',(0.,0.,1.));
#2563 = ADVANCED_FACE('',(#2564),#2570,.T.);
#2564 = FACE_BOUND('',#2565,.T.);
#2565 = EDGE_LOOP('',(#2566,#2567,#2568,#2569));
#2566 = ORIENTED_EDGE('',*,*,#1822,.T.);
#2567 = ORIENTED_EDGE('',*,*,#2291,.T.);
#2568 = ORIENTED_EDGE('',*,*,#2052,.F.);
#2569 = ORIENTED_EDGE('',*,*,#2194,.F.);
#2570 = CYLINDRICAL_SURFACE('',#2571,2.4);
#2571 = AXIS2_PLACEMENT_3D('',#2572,#2573,#2574);
#2572 = CARTESIAN_POINT('',(132.6,-13.4,6.3));
#2573 = DIRECTION('',(0.,0.,-1.));
#2574 = DIRECTION('',(0.,1.,0.));
#2575 = ADVANCED_FACE('',(#2576),#2579,.F.);
#2576 = FACE_BOUND('',#2577,.T.);
#2577 = EDGE_LOOP('',(#2578));
#2578 = ORIENTED_EDGE('',*,*,#1976,.F.);
#2579 = PLANE('',#2580);
#2580 = AXIS2_PLACEMENT_3D('',#2581,#2582,#2583);
#2581 = CARTESIAN_POINT('',(113.,-52.8,6.8));
#2582 = DIRECTION('',(0.,0.,1.));
#2583 = DIRECTION('',(1.,0.,0.));
#2584 = ADVANCED_FACE('',(#2585),#2588,.F.);
#2585 = FACE_BOUND('',#2586,.T.);
#2586 = EDGE_LOOP('',(#2587));
#2587 = ORIENTED_EDGE('',*,*,#2001,.F.);
#2588 = PLANE('',#2589);
#2589 = AXIS2_PLACEMENT_3D('',#2590,#2591,#2592);
#2590 = CARTESIAN_POINT('',(122.8,-64.7,6.8));
#2591 = DIRECTION('',(0.,0.,1.));
#2592 = DIRECTION('',(1.,0.,0.));
#2593 = ADVANCED_FACE('',(#2594),#2613,.F.);
#2594 = FACE_BOUND('',#2595,.T.);
#2595 = EDGE_LOOP('',(#2596,#2597,#2605,#2612));
#2596 = ORIENTED_EDGE('',*,*,#2211,.T.);
#2597 = ORIENTED_EDGE('',*,*,#2598,.T.);
#2598 = EDGE_CURVE('',#2212,#2599,#2601,.T.);
#2599 = VERTEX_POINT('',#2600);
#2600 = CARTESIAN_POINT('',(134.6,-52.8,6.8));
#2601 = LINE('',#2602,#2603);
#2602 = CARTESIAN_POINT('',(134.6,-52.8,6.2));
#2603 = VECTOR('',#2604,1.);
#2604 = DIRECTION('',(0.,0.,1.));
#2605 = ORIENTED_EDGE('',*,*,#2606,.T.);
#2606 = EDGE_CURVE('',#2599,#2599,#2607,.T.);
#2607 = CIRCLE('',#2608,1.6);
#2608 = AXIS2_PLACEMENT_3D('',#2609,#2610,#2611);
#2609 = CARTESIAN_POINT('',(133.,-52.8,6.8));
#2610 = DIRECTION('',(0.,0.,1.));
#2611 = DIRECTION('',(1.,0.,0.));
#2612 = ORIENTED_EDGE('',*,*,#2598,.F.);
#2613 = CYLINDRICAL_SURFACE('',#2614,1.6);
#2614 = AXIS2_PLACEMENT_3D('',#2615,#2616,#2617);
#2615 = CARTESIAN_POINT('',(133.,-52.8,6.2));
#2616 = DIRECTION('',(-0.,-0.,-1.));
#2617 = DIRECTION('',(1.,0.,0.));
#2618 = ADVANCED_FACE('',(#2619),#2644,.F.);
#2619 = FACE_BOUND('',#2620,.F.);
#2620 = EDGE_LOOP('',(#2621,#2622,#2630,#2638));
#2621 = ORIENTED_EDGE('',*,*,#2301,.T.);
#2622 = ORIENTED_EDGE('',*,*,#2623,.T.);
#2623 = EDGE_CURVE('',#2304,#2624,#2626,.T.);
#2624 = VERTEX_POINT('',#2625);
#2625 = CARTESIAN_POINT('',(113.7,-56.,17.2));
#2626 = LINE('',#2627,#2628);
#2627 = CARTESIAN_POINT('',(113.7,-56.,16.5));
#2628 = VECTOR('',#2629,1.);
#2629 = DIRECTION('',(0.,0.,1.));
#2630 = ORIENTED_EDGE('',*,*,#2631,.T.);
#2631 = EDGE_CURVE('',#2624,#2632,#2634,.T.);
#2632 = VERTEX_POINT('',#2633);
#2633 = CARTESIAN_POINT('',(115.9,-56.,17.2));
#2634 = LINE('',#2635,#2636);
#2635 = CARTESIAN_POINT('',(113.7,-56.,17.2));
#2636 = VECTOR('',#2637,1.);
#2637 = DIRECTION('',(1.,0.,0.));
#2638 = ORIENTED_EDGE('',*,*,#2639,.T.);
#2639 = EDGE_CURVE('',#2632,#2302,#2640,.T.);
#2640 = LINE('',#2641,#2642);
#2641 = CARTESIAN_POINT('',(115.9,-56.,16.5));
#2642 = VECTOR('',#2643,1.);
#2643 = DIRECTION('',(0.,0.,-1.));
#2644 = PLANE('',#2645);
#2645 = AXIS2_PLACEMENT_3D('',#2646,#2647,#2648);
#2646 = CARTESIAN_POINT('',(113.7,-56.,16.5));
#2647 = DIRECTION('',(0.,1.,0.));
#2648 = DIRECTION('',(0.,0.,1.));
#2649 = ADVANCED_FACE('',(#2650),#2668,.F.);
#2650 = FACE_BOUND('',#2651,.F.);
#2651 = EDGE_LOOP('',(#2652,#2660,#2661,#2662));
#2652 = ORIENTED_EDGE('',*,*,#2653,.F.);
#2653 = EDGE_CURVE('',#2384,#2654,#2656,.T.);
#2654 = VERTEX_POINT('',#2655);
#2655 = CARTESIAN_POINT('',(115.9,-58.2,17.2));
#2656 = LINE('',#2657,#2658);
#2657 = CARTESIAN_POINT('',(115.9,-58.2,16.5));
#2658 = VECTOR('',#2659,1.);
#2659 = DIRECTION('',(0.,0.,1.));
#2660 = ORIENTED_EDGE('',*,*,#2391,.T.);
#2661 = ORIENTED_EDGE('',*,*,#2639,.F.);
#2662 = ORIENTED_EDGE('',*,*,#2663,.F.);
#2663 = EDGE_CURVE('',#2654,#2632,#2664,.T.);
#2664 = LINE('',#2665,#2666);
#2665 = CARTESIAN_POINT('',(115.9,-58.2,17.2));
#2666 = VECTOR('',#2667,1.);
#2667 = DIRECTION('',(0.,1.,0.));
#2668 = PLANE('',#2669);
#2669 = AXIS2_PLACEMENT_3D('',#2670,#2671,#2672);
#2670 = CARTESIAN_POINT('',(115.9,-58.2,16.5));
#2671 = DIRECTION('',(1.,0.,0.));
#2672 = DIRECTION('',(0.,0.,1.));
#2673 = ADVANCED_FACE('',(#2674),#2692,.F.);
#2674 = FACE_BOUND('',#2675,.F.);
#2675 = EDGE_LOOP('',(#2676,#2684,#2685,#2686));
#2676 = ORIENTED_EDGE('',*,*,#2677,.F.);
#2677 = EDGE_CURVE('',#2376,#2678,#2680,.T.);
#2678 = VERTEX_POINT('',#2679);
#2679 = CARTESIAN_POINT('',(117.9,-58.2,17.2));
#2680 = LINE('',#2681,#2682);
#2681 = CARTESIAN_POINT('',(117.9,-58.2,16.5));
#2682 = VECTOR('',#2683,1.);
#2683 = DIRECTION('',(0.,0.,1.));
#2684 = ORIENTED_EDGE('',*,*,#2383,.T.);
#2685 = ORIENTED_EDGE('',*,*,#2653,.T.);
#2686 = ORIENTED_EDGE('',*,*,#2687,.T.);
#2687 = EDGE_CURVE('',#2654,#2678,#2688,.T.);
#2688 = LINE('',#2689,#2690);
#2689 = CARTESIAN_POINT('',(115.9,-58.2,17.2));
#2690 = VECTOR('',#2691,1.);
#2691 = DIRECTION('',(1.,0.,0.));
#2692 = PLANE('',#2693);
#2693 = AXIS2_PLACEMENT_3D('',#2694,#2695,#2696);
#2694 = CARTESIAN_POINT('',(115.9,-58.2,16.5));
#2695 = DIRECTION('',(0.,1.,0.));
#2696 = DIRECTION('',(0.,0.,1.));
#2697 = ADVANCED_FACE('',(#2698),#2716,.T.);
#2698 = FACE_BOUND('',#2699,.T.);
#2699 = EDGE_LOOP('',(#2700,#2701,#2702,#2710));
#2700 = ORIENTED_EDGE('',*,*,#2677,.F.);
#2701 = ORIENTED_EDGE('',*,*,#2375,.T.);
#2702 = ORIENTED_EDGE('',*,*,#2703,.F.);
#2703 = EDGE_CURVE('',#2704,#2368,#2706,.T.);
#2704 = VERTEX_POINT('',#2705);
#2705 = CARTESIAN_POINT('',(117.9,-56.,17.2));
#2706 = LINE('',#2707,#2708);
#2707 = CARTESIAN_POINT('',(117.9,-56.,16.5));
#2708 = VECTOR('',#2709,1.);
#2709 = DIRECTION('',(0.,0.,-1.));
#2710 = ORIENTED_EDGE('',*,*,#2711,.F.);
#2711 = EDGE_CURVE('',#2678,#2704,#2712,.T.);
#2712 = LINE('',#2713,#2714);
#2713 = CARTESIAN_POINT('',(117.9,-58.2,17.2));
#2714 = VECTOR('',#2715,1.);
#2715 = DIRECTION('',(0.,1.,0.));
#2716 = PLANE('',#2717);
#2717 = AXIS2_PLACEMENT_3D('',#2718,#2719,#2720);
#2718 = CARTESIAN_POINT('',(117.9,-58.2,16.5));
#2719 = DIRECTION('',(1.,0.,0.));
#2720 = DIRECTION('',(0.,0.,1.));
#2721 = ADVANCED_FACE('',(#2722),#2740,.F.);
#2722 = FACE_BOUND('',#2723,.F.);
#2723 = EDGE_LOOP('',(#2724,#2725,#2726,#2734));
#2724 = ORIENTED_EDGE('',*,*,#2367,.T.);
#2725 = ORIENTED_EDGE('',*,*,#2703,.F.);
#2726 = ORIENTED_EDGE('',*,*,#2727,.T.);
#2727 = EDGE_CURVE('',#2704,#2728,#2730,.T.);
#2728 = VERTEX_POINT('',#2729);
#2729 = CARTESIAN_POINT('',(120.1,-56.,17.2));
#2730 = LINE('',#2731,#2732);
#2731 = CARTESIAN_POINT('',(113.7,-56.,17.2));
#2732 = VECTOR('',#2733,1.);
#2733 = DIRECTION('',(1.,0.,0.));
#2734 = ORIENTED_EDGE('',*,*,#2735,.F.);
#2735 = EDGE_CURVE('',#2360,#2728,#2736,.T.);
#2736 = LINE('',#2737,#2738);
#2737 = CARTESIAN_POINT('',(120.1,-56.,16.5));
#2738 = VECTOR('',#2739,1.);
#2739 = DIRECTION('',(0.,0.,1.));
#2740 = PLANE('',#2741);
#2741 = AXIS2_PLACEMENT_3D('',#2742,#2743,#2744);
#2742 = CARTESIAN_POINT('',(113.7,-56.,16.5));
#2743 = DIRECTION('',(0.,1.,0.));
#2744 = DIRECTION('',(0.,0.,1.));
#2745 = ADVANCED_FACE('',(#2746),#2764,.T.);
#2746 = FACE_BOUND('',#2747,.T.);
#2747 = EDGE_LOOP('',(#2748,#2749,#2750,#2758));
#2748 = ORIENTED_EDGE('',*,*,#2735,.F.);
#2749 = ORIENTED_EDGE('',*,*,#2359,.T.);
#2750 = ORIENTED_EDGE('',*,*,#2751,.T.);
#2751 = EDGE_CURVE('',#2352,#2752,#2754,.T.);
#2752 = VERTEX_POINT('',#2753);
#2753 = CARTESIAN_POINT('',(120.1,-54.,17.2));
#2754 = LINE('',#2755,#2756);
#2755 = CARTESIAN_POINT('',(120.1,-54.,16.5));
#2756 = VECTOR('',#2757,1.);
#2757 = DIRECTION('',(0.,0.,1.));
#2758 = ORIENTED_EDGE('',*,*,#2759,.F.);
#2759 = EDGE_CURVE('',#2728,#2752,#2760,.T.);
#2760 = LINE('',#2761,#2762);
#2761 = CARTESIAN_POINT('',(120.1,-56.,17.2));
#2762 = VECTOR('',#2763,1.);
#2763 = DIRECTION('',(0.,1.,0.));
#2764 = PLANE('',#2765);
#2765 = AXIS2_PLACEMENT_3D('',#2766,#2767,#2768);
#2766 = CARTESIAN_POINT('',(120.1,-56.,16.5));
#2767 = DIRECTION('',(1.,0.,0.));
#2768 = DIRECTION('',(0.,0.,1.));
#2769 = ADVANCED_FACE('',(#2770),#2788,.T.);
#2770 = FACE_BOUND('',#2771,.T.);
#2771 = EDGE_LOOP('',(#2772,#2773,#2781,#2787));
#2772 = ORIENTED_EDGE('',*,*,#2351,.T.);
#2773 = ORIENTED_EDGE('',*,*,#2774,.F.);
#2774 = EDGE_CURVE('',#2775,#2344,#2777,.T.);
#2775 = VERTEX_POINT('',#2776);
#2776 = CARTESIAN_POINT('',(117.9,-54.,17.2));
#2777 = LINE('',#2778,#2779);
#2778 = CARTESIAN_POINT('',(117.9,-54.,16.5));
#2779 = VECTOR('',#2780,1.);
#2780 = DIRECTION('',(0.,0.,-1.));
#2781 = ORIENTED_EDGE('',*,*,#2782,.T.);
#2782 = EDGE_CURVE('',#2775,#2752,#2783,.T.);
#2783 = LINE('',#2784,#2785);
#2784 = CARTESIAN_POINT('',(113.7,-54.,17.2));
#2785 = VECTOR('',#2786,1.);
#2786 = DIRECTION('',(1.,0.,0.));
#2787 = ORIENTED_EDGE('',*,*,#2751,.F.);
#2788 = PLANE('',#2789);
#2789 = AXIS2_PLACEMENT_3D('',#2790,#2791,#2792);
#2790 = CARTESIAN_POINT('',(113.7,-54.,16.5));
#2791 = DIRECTION('',(0.,1.,0.));
#2792 = DIRECTION('',(0.,0.,1.));
#2793 = ADVANCED_FACE('',(#2794),#2812,.T.);
#2794 = FACE_BOUND('',#2795,.T.);
#2795 = EDGE_LOOP('',(#2796,#2797,#2798,#2806));
#2796 = ORIENTED_EDGE('',*,*,#2774,.T.);
#2797 = ORIENTED_EDGE('',*,*,#2343,.T.);
#2798 = ORIENTED_EDGE('',*,*,#2799,.T.);
#2799 = EDGE_CURVE('',#2336,#2800,#2802,.T.);
#2800 = VERTEX_POINT('',#2801);
#2801 = CARTESIAN_POINT('',(117.9,-51.8,17.2));
#2802 = LINE('',#2803,#2804);
#2803 = CARTESIAN_POINT('',(117.9,-51.8,16.5));
#2804 = VECTOR('',#2805,1.);
#2805 = DIRECTION('',(0.,0.,1.));
#2806 = ORIENTED_EDGE('',*,*,#2807,.F.);
#2807 = EDGE_CURVE('',#2775,#2800,#2808,.T.);
#2808 = LINE('',#2809,#2810);
#2809 = CARTESIAN_POINT('',(117.9,-58.2,17.2));
#2810 = VECTOR('',#2811,1.);
#2811 = DIRECTION('',(0.,1.,0.));
#2812 = PLANE('',#2813);
#2813 = AXIS2_PLACEMENT_3D('',#2814,#2815,#2816);
#2814 = CARTESIAN_POINT('',(117.9,-58.2,16.5));
#2815 = DIRECTION('',(1.,0.,0.));
#2816 = DIRECTION('',(0.,0.,1.));
#2817 = ADVANCED_FACE('',(#2818),#2836,.T.);
#2818 = FACE_BOUND('',#2819,.T.);
#2819 = EDGE_LOOP('',(#2820,#2821,#2822,#2830));
#2820 = ORIENTED_EDGE('',*,*,#2799,.F.);
#2821 = ORIENTED_EDGE('',*,*,#2335,.T.);
#2822 = ORIENTED_EDGE('',*,*,#2823,.T.);
#2823 = EDGE_CURVE('',#2328,#2824,#2826,.T.);
#2824 = VERTEX_POINT('',#2825);
#2825 = CARTESIAN_POINT('',(115.9,-51.8,17.2));
#2826 = LINE('',#2827,#2828);
#2827 = CARTESIAN_POINT('',(115.9,-51.8,16.5));
#2828 = VECTOR('',#2829,1.);
#2829 = DIRECTION('',(0.,0.,1.));
#2830 = ORIENTED_EDGE('',*,*,#2831,.T.);
#2831 = EDGE_CURVE('',#2824,#2800,#2832,.T.);
#2832 = LINE('',#2833,#2834);
#2833 = CARTESIAN_POINT('',(115.9,-51.8,17.2));
#2834 = VECTOR('',#2835,1.);
#2835 = DIRECTION('',(1.,0.,0.));
#2836 = PLANE('',#2837);
#2837 = AXIS2_PLACEMENT_3D('',#2838,#2839,#2840);
#2838 = CARTESIAN_POINT('',(115.9,-51.8,16.5));
#2839 = DIRECTION('',(0.,1.,0.));
#2840 = DIRECTION('',(0.,0.,1.));
#2841 = ADVANCED_FACE('',(#2842),#2860,.F.);
#2842 = FACE_BOUND('',#2843,.F.);
#2843 = EDGE_LOOP('',(#2844,#2852,#2853,#2854));
#2844 = ORIENTED_EDGE('',*,*,#2845,.T.);
#2845 = EDGE_CURVE('',#2846,#2320,#2848,.T.);
#2846 = VERTEX_POINT('',#2847);
#2847 = CARTESIAN_POINT('',(115.9,-54.,17.2));
#2848 = LINE('',#2849,#2850);
#2849 = CARTESIAN_POINT('',(115.9,-54.,16.5));
#2850 = VECTOR('',#2851,1.);
#2851 = DIRECTION('',(0.,0.,-1.));
#2852 = ORIENTED_EDGE('',*,*,#2327,.T.);
#2853 = ORIENTED_EDGE('',*,*,#2823,.T.);
#2854 = ORIENTED_EDGE('',*,*,#2855,.F.);
#2855 = EDGE_CURVE('',#2846,#2824,#2856,.T.);
#2856 = LINE('',#2857,#2858);
#2857 = CARTESIAN_POINT('',(115.9,-58.2,17.2));
#2858 = VECTOR('',#2859,1.);
#2859 = DIRECTION('',(0.,1.,0.));
#2860 = PLANE('',#2861);
#2861 = AXIS2_PLACEMENT_3D('',#2862,#2863,#2864);
#2862 = CARTESIAN_POINT('',(115.9,-58.2,16.5));
#2863 = DIRECTION('',(1.,0.,0.));
#2864 = DIRECTION('',(0.,0.,1.));
#2865 = ADVANCED_FACE('',(#2866),#2884,.T.);
#2866 = FACE_BOUND('',#2867,.T.);
#2867 = EDGE_LOOP('',(#2868,#2869,#2877,#2883));
#2868 = ORIENTED_EDGE('',*,*,#2319,.T.);
#2869 = ORIENTED_EDGE('',*,*,#2870,.T.);
#2870 = EDGE_CURVE('',#2312,#2871,#2873,.T.);
#2871 = VERTEX_POINT('',#2872);
#2872 = CARTESIAN_POINT('',(113.7,-54.,17.2));
#2873 = LINE('',#2874,#2875);
#2874 = CARTESIAN_POINT('',(113.7,-54.,16.5));
#2875 = VECTOR('',#2876,1.);
#2876 = DIRECTION('',(0.,0.,1.));
#2877 = ORIENTED_EDGE('',*,*,#2878,.T.);
#2878 = EDGE_CURVE('',#2871,#2846,#2879,.T.);
#2879 = LINE('',#2880,#2881);
#2880 = CARTESIAN_POINT('',(113.7,-54.,17.2));
#2881 = VECTOR('',#2882,1.);
#2882 = DIRECTION('',(1.,0.,0.));
#2883 = ORIENTED_EDGE('',*,*,#2845,.T.);
#2884 = PLANE('',#2885);
#2885 = AXIS2_PLACEMENT_3D('',#2886,#2887,#2888);
#2886 = CARTESIAN_POINT('',(113.7,-54.,16.5));
#2887 = DIRECTION('',(0.,1.,0.));
#2888 = DIRECTION('',(0.,0.,1.));
#2889 = ADVANCED_FACE('',(#2890),#2901,.F.);
#2890 = FACE_BOUND('',#2891,.F.);
#2891 = EDGE_LOOP('',(#2892,#2893,#2894,#2895));
#2892 = ORIENTED_EDGE('',*,*,#2623,.F.);
#2893 = ORIENTED_EDGE('',*,*,#2311,.T.);
#2894 = ORIENTED_EDGE('',*,*,#2870,.T.);
#2895 = ORIENTED_EDGE('',*,*,#2896,.F.);
#2896 = EDGE_CURVE('',#2624,#2871,#2897,.T.);
#2897 = LINE('',#2898,#2899);
#2898 = CARTESIAN_POINT('',(113.7,-56.,17.2));
#2899 = VECTOR('',#2900,1.);
#2900 = DIRECTION('',(0.,1.,0.));
#2901 = PLANE('',#2902);
#2902 = AXIS2_PLACEMENT_3D('',#2903,#2904,#2905);
#2903 = CARTESIAN_POINT('',(113.7,-56.,16.5));
#2904 = DIRECTION('',(1.,0.,0.));
#2905 = DIRECTION('',(0.,0.,1.));
#2906 = ADVANCED_FACE('',(#2907),#2932,.F.);
#2907 = FACE_BOUND('',#2908,.F.);
#2908 = EDGE_LOOP('',(#2909,#2917,#2918,#2926));
#2909 = ORIENTED_EDGE('',*,*,#2910,.F.);
#2910 = EDGE_CURVE('',#2400,#2911,#2913,.T.);
#2911 = VERTEX_POINT('',#2912);
#2912 = CARTESIAN_POINT('',(120.,-65.3,17.2));
#2913 = LINE('',#2914,#2915);
#2914 = CARTESIAN_POINT('',(120.,-65.3,16.5));
#2915 = VECTOR('',#2916,1.);
#2916 = DIRECTION('',(0.,0.,1.));
#2917 = ORIENTED_EDGE('',*,*,#2399,.T.);
#2918 = ORIENTED_EDGE('',*,*,#2919,.T.);
#2919 = EDGE_CURVE('',#2402,#2920,#2922,.T.);
#2920 = VERTEX_POINT('',#2921);
#2921 = CARTESIAN_POINT('',(119.,-65.3,17.2));
#2922 = LINE('',#2923,#2924);
#2923 = CARTESIAN_POINT('',(119.,-65.3,16.5));
#2924 = VECTOR('',#2925,1.);
#2925 = DIRECTION('',(0.,0.,1.));
#2926 = ORIENTED_EDGE('',*,*,#2927,.T.);
#2927 = EDGE_CURVE('',#2920,#2911,#2928,.T.);
#2928 = LINE('',#2929,#2930);
#2929 = CARTESIAN_POINT('',(119.,-65.3,17.2));
#2930 = VECTOR('',#2931,1.);
#2931 = DIRECTION('',(1.,0.,0.));
#2932 = PLANE('',#2933);
#2933 = AXIS2_PLACEMENT_3D('',#2934,#2935,#2936);
#2934 = CARTESIAN_POINT('',(119.,-65.3,16.5));
#2935 = DIRECTION('',(0.,1.,0.));
#2936 = DIRECTION('',(0.,0.,1.));
#2937 = ADVANCED_FACE('',(#2938),#2956,.T.);
#2938 = FACE_BOUND('',#2939,.T.);
#2939 = EDGE_LOOP('',(#2940,#2941,#2942,#2950));
#2940 = ORIENTED_EDGE('',*,*,#2910,.F.);
#2941 = ORIENTED_EDGE('',*,*,#2425,.T.);
#2942 = ORIENTED_EDGE('',*,*,#2943,.T.);
#2943 = EDGE_CURVE('',#2418,#2944,#2946,.T.);
#2944 = VERTEX_POINT('',#2945);
#2945 = CARTESIAN_POINT('',(120.,-63.,17.2));
#2946 = LINE('',#2947,#2948);
#2947 = CARTESIAN_POINT('',(120.,-63.,16.5));
#2948 = VECTOR('',#2949,1.);
#2949 = DIRECTION('',(0.,0.,1.));
#2950 = ORIENTED_EDGE('',*,*,#2951,.F.);
#2951 = EDGE_CURVE('',#2911,#2944,#2952,.T.);
#2952 = LINE('',#2953,#2954);
#2953 = CARTESIAN_POINT('',(120.,-65.3,17.2));
#2954 = VECTOR('',#2955,1.);
#2955 = DIRECTION('',(0.,1.,0.));
#2956 = PLANE('',#2957);
#2957 = AXIS2_PLACEMENT_3D('',#2958,#2959,#2960);
#2958 = CARTESIAN_POINT('',(120.,-65.3,16.5));
#2959 = DIRECTION('',(1.,0.,0.));
#2960 = DIRECTION('',(0.,0.,1.));
#2961 = ADVANCED_FACE('',(#2962),#2980,.T.);
#2962 = FACE_BOUND('',#2963,.T.);
#2963 = EDGE_LOOP('',(#2964,#2965,#2966,#2974));
#2964 = ORIENTED_EDGE('',*,*,#2943,.F.);
#2965 = ORIENTED_EDGE('',*,*,#2417,.T.);
#2966 = ORIENTED_EDGE('',*,*,#2967,.T.);
#2967 = EDGE_CURVE('',#2410,#2968,#2970,.T.);
#2968 = VERTEX_POINT('',#2969);
#2969 = CARTESIAN_POINT('',(119.,-63.,17.2));
#2970 = LINE('',#2971,#2972);
#2971 = CARTESIAN_POINT('',(119.,-63.,16.5));
#2972 = VECTOR('',#2973,1.);
#2973 = DIRECTION('',(0.,0.,1.));
#2974 = ORIENTED_EDGE('',*,*,#2975,.T.);
#2975 = EDGE_CURVE('',#2968,#2944,#2976,.T.);
#2976 = LINE('',#2977,#2978);
#2977 = CARTESIAN_POINT('',(119.,-63.,17.2));
#2978 = VECTOR('',#2979,1.);
#2979 = DIRECTION('',(1.,0.,0.));
#2980 = PLANE('',#2981);
#2981 = AXIS2_PLACEMENT_3D('',#2982,#2983,#2984);
#2982 = CARTESIAN_POINT('',(119.,-63.,16.5));
#2983 = DIRECTION('',(0.,1.,0.));
#2984 = DIRECTION('',(0.,0.,1.));
#2985 = ADVANCED_FACE('',(#2986),#2997,.F.);
#2986 = FACE_BOUND('',#2987,.F.);
#2987 = EDGE_LOOP('',(#2988,#2989,#2990,#2991));
#2988 = ORIENTED_EDGE('',*,*,#2919,.F.);
#2989 = ORIENTED_EDGE('',*,*,#2409,.T.);
#2990 = ORIENTED_EDGE('',*,*,#2967,.T.);
#2991 = ORIENTED_EDGE('',*,*,#2992,.F.);
#2992 = EDGE_CURVE('',#2920,#2968,#2993,.T.);
#2993 = LINE('',#2994,#2995);
#2994 = CARTESIAN_POINT('',(119.,-65.3,17.2));
#2995 = VECTOR('',#2996,1.);
#2996 = DIRECTION('',(0.,1.,0.));
#2997 = PLANE('',#2998);
#2998 = AXIS2_PLACEMENT_3D('',#2999,#3000,#3001);
#2999 = CARTESIAN_POINT('',(119.,-65.3,16.5));
#3000 = DIRECTION('',(1.,0.,0.));
#3001 = DIRECTION('',(0.,0.,1.));
#3002 = ADVANCED_FACE('',(#3003),#3028,.F.);
#3003 = FACE_BOUND('',#3004,.F.);
#3004 = EDGE_LOOP('',(#3005,#3013,#3014,#3022));
#3005 = ORIENTED_EDGE('',*,*,#3006,.F.);
#3006 = EDGE_CURVE('',#2434,#3007,#3009,.T.);
#3007 = VERTEX_POINT('',#3008);
#3008 = CARTESIAN_POINT('',(122.2,-65.3,17.2));
#3009 = LINE('',#3010,#3011);
#3010 = CARTESIAN_POINT('',(122.2,-65.3,16.5));
#3011 = VECTOR('',#3012,1.);
#3012 = DIRECTION('',(0.,0.,1.));
#3013 = ORIENTED_EDGE('',*,*,#2433,.T.);
#3014 = ORIENTED_EDGE('',*,*,#3015,.T.);
#3015 = EDGE_CURVE('',#2436,#3016,#3018,.T.);
#3016 = VERTEX_POINT('',#3017);
#3017 = CARTESIAN_POINT('',(121.2,-65.3,17.2));
#3018 = LINE('',#3019,#3020);
#3019 = CARTESIAN_POINT('',(121.2,-65.3,16.5));
#3020 = VECTOR('',#3021,1.);
#3021 = DIRECTION('',(0.,0.,1.));
#3022 = ORIENTED_EDGE('',*,*,#3023,.T.);
#3023 = EDGE_CURVE('',#3016,#3007,#3024,.T.);
#3024 = LINE('',#3025,#3026);
#3025 = CARTESIAN_POINT('',(121.2,-65.3,17.2));
#3026 = VECTOR('',#3027,1.);
#3027 = DIRECTION('',(1.,0.,0.));
#3028 = PLANE('',#3029);
#3029 = AXIS2_PLACEMENT_3D('',#3030,#3031,#3032);
#3030 = CARTESIAN_POINT('',(121.2,-65.3,16.5));
#3031 = DIRECTION('',(0.,1.,0.));
#3032 = DIRECTION('',(0.,0.,1.));
#3033 = ADVANCED_FACE('',(#3034),#3052,.T.);
#3034 = FACE_BOUND('',#3035,.T.);
#3035 = EDGE_LOOP('',(#3036,#3037,#3038,#3046));
#3036 = ORIENTED_EDGE('',*,*,#3006,.F.);
#3037 = ORIENTED_EDGE('',*,*,#2459,.T.);
#3038 = ORIENTED_EDGE('',*,*,#3039,.T.);
#3039 = EDGE_CURVE('',#2452,#3040,#3042,.T.);
#3040 = VERTEX_POINT('',#3041);
#3041 = CARTESIAN_POINT('',(122.2,-63.,17.2));
#3042 = LINE('',#3043,#3044);
#3043 = CARTESIAN_POINT('',(122.2,-63.,16.5));
#3044 = VECTOR('',#3045,1.);
#3045 = DIRECTION('',(0.,0.,1.));
#3046 = ORIENTED_EDGE('',*,*,#3047,.F.);
#3047 = EDGE_CURVE('',#3007,#3040,#3048,.T.);
#3048 = LINE('',#3049,#3050);
#3049 = CARTESIAN_POINT('',(122.2,-65.3,17.2));
#3050 = VECTOR('',#3051,1.);
#3051 = DIRECTION('',(0.,1.,0.));
#3052 = PLANE('',#3053);
#3053 = AXIS2_PLACEMENT_3D('',#3054,#3055,#3056);
#3054 = CARTESIAN_POINT('',(122.2,-65.3,16.5));
#3055 = DIRECTION('',(1.,0.,0.));
#3056 = DIRECTION('',(0.,0.,1.));
#3057 = ADVANCED_FACE('',(#3058),#3076,.T.);
#3058 = FACE_BOUND('',#3059,.T.);
#3059 = EDGE_LOOP('',(#3060,#3061,#3062,#3070));
#3060 = ORIENTED_EDGE('',*,*,#3039,.F.);
#3061 = ORIENTED_EDGE('',*,*,#2451,.T.);
#3062 = ORIENTED_EDGE('',*,*,#3063,.T.);
#3063 = EDGE_CURVE('',#2444,#3064,#3066,.T.);
#3064 = VERTEX_POINT('',#3065);
#3065 = CARTESIAN_POINT('',(121.2,-63.,17.2));
#3066 = LINE('',#3067,#3068);
#3067 = CARTESIAN_POINT('',(121.2,-63.,16.5));
#3068 = VECTOR('',#3069,1.);
#3069 = DIRECTION('',(0.,0.,1.));
#3070 = ORIENTED_EDGE('',*,*,#3071,.T.);
#3071 = EDGE_CURVE('',#3064,#3040,#3072,.T.);
#3072 = LINE('',#3073,#3074);
#3073 = CARTESIAN_POINT('',(121.2,-63.,17.2));
#3074 = VECTOR('',#3075,1.);
#3075 = DIRECTION('',(1.,0.,0.));
#3076 = PLANE('',#3077);
#3077 = AXIS2_PLACEMENT_3D('',#3078,#3079,#3080);
#3078 = CARTESIAN_POINT('',(121.2,-63.,16.5));
#3079 = DIRECTION('',(0.,1.,0.));
#3080 = DIRECTION('',(0.,0.,1.));
#3081 = ADVANCED_FACE('',(#3082),#3093,.F.);
#3082 = FACE_BOUND('',#3083,.F.);
#3083 = EDGE_LOOP('',(#3084,#3085,#3086,#3087));
#3084 = ORIENTED_EDGE('',*,*,#3015,.F.);
#3085 = ORIENTED_EDGE('',*,*,#2443,.T.);
#3086 = ORIENTED_EDGE('',*,*,#3063,.T.);
#3087 = ORIENTED_EDGE('',*,*,#3088,.F.);
#3088 = EDGE_CURVE('',#3016,#3064,#3089,.T.);
#3089 = LINE('',#3090,#3091);
#3090 = CARTESIAN_POINT('',(121.2,-65.3,17.2));
#3091 = VECTOR('',#3092,1.);
#3092 = DIRECTION('',(0.,1.,0.));
#3093 = PLANE('',#3094);
#3094 = AXIS2_PLACEMENT_3D('',#3095,#3096,#3097);
#3095 = CARTESIAN_POINT('',(121.2,-65.3,16.5));
#3096 = DIRECTION('',(1.,0.,0.));
#3097 = DIRECTION('',(0.,0.,1.));
#3098 = ADVANCED_FACE('',(#3099),#3124,.F.);
#3099 = FACE_BOUND('',#3100,.F.);
#3100 = EDGE_LOOP('',(#3101,#3109,#3110,#3118));
#3101 = ORIENTED_EDGE('',*,*,#3102,.F.);
#3102 = EDGE_CURVE('',#2468,#3103,#3105,.T.);
#3103 = VERTEX_POINT('',#3104);
#3104 = CARTESIAN_POINT('',(124.4,-65.3,17.2));
#3105 = LINE('',#3106,#3107);
#3106 = CARTESIAN_POINT('',(124.4,-65.3,16.5));
#3107 = VECTOR('',#3108,1.);
#3108 = DIRECTION('',(0.,0.,1.));
#3109 = ORIENTED_EDGE('',*,*,#2467,.T.);
#3110 = ORIENTED_EDGE('',*,*,#3111,.T.);
#3111 = EDGE_CURVE('',#2470,#3112,#3114,.T.);
#3112 = VERTEX_POINT('',#3113);
#3113 = CARTESIAN_POINT('',(123.4,-65.3,17.2));
#3114 = LINE('',#3115,#3116);
#3115 = CARTESIAN_POINT('',(123.4,-65.3,16.5));
#3116 = VECTOR('',#3117,1.);
#3117 = DIRECTION('',(0.,0.,1.));
#3118 = ORIENTED_EDGE('',*,*,#3119,.T.);
#3119 = EDGE_CURVE('',#3112,#3103,#3120,.T.);
#3120 = LINE('',#3121,#3122);
#3121 = CARTESIAN_POINT('',(123.4,-65.3,17.2));
#3122 = VECTOR('',#3123,1.);
#3123 = DIRECTION('',(1.,0.,0.));
#3124 = PLANE('',#3125);
#3125 = AXIS2_PLACEMENT_3D('',#3126,#3127,#3128);
#3126 = CARTESIAN_POINT('',(123.4,-65.3,16.5));
#3127 = DIRECTION('',(0.,1.,0.));
#3128 = DIRECTION('',(0.,0.,1.));
#3129 = ADVANCED_FACE('',(#3130),#3148,.T.);
#3130 = FACE_BOUND('',#3131,.T.);
#3131 = EDGE_LOOP('',(#3132,#3133,#3134,#3142));
#3132 = ORIENTED_EDGE('',*,*,#3102,.F.);
#3133 = ORIENTED_EDGE('',*,*,#2493,.T.);
#3134 = ORIENTED_EDGE('',*,*,#3135,.T.);
#3135 = EDGE_CURVE('',#2486,#3136,#3138,.T.);
#3136 = VERTEX_POINT('',#3137);
#3137 = CARTESIAN_POINT('',(124.4,-63.,17.2));
#3138 = LINE('',#3139,#3140);
#3139 = CARTESIAN_POINT('',(124.4,-63.,16.5));
#3140 = VECTOR('',#3141,1.);
#3141 = DIRECTION('',(0.,0.,1.));
#3142 = ORIENTED_EDGE('',*,*,#3143,.F.);
#3143 = EDGE_CURVE('',#3103,#3136,#3144,.T.);
#3144 = LINE('',#3145,#3146);
#3145 = CARTESIAN_POINT('',(124.4,-65.3,17.2));
#3146 = VECTOR('',#3147,1.);
#3147 = DIRECTION('',(0.,1.,0.));
#3148 = PLANE('',#3149);
#3149 = AXIS2_PLACEMENT_3D('',#3150,#3151,#3152);
#3150 = CARTESIAN_POINT('',(124.4,-65.3,16.5));
#3151 = DIRECTION('',(1.,0.,0.));
#3152 = DIRECTION('',(0.,0.,1.));
#3153 = ADVANCED_FACE('',(#3154),#3172,.T.);
#3154 = FACE_BOUND('',#3155,.T.);
#3155 = EDGE_LOOP('',(#3156,#3157,#3158,#3166));
#3156 = ORIENTED_EDGE('',*,*,#3135,.F.);
#3157 = ORIENTED_EDGE('',*,*,#2485,.T.);
#3158 = ORIENTED_EDGE('',*,*,#3159,.T.);
#3159 = EDGE_CURVE('',#2478,#3160,#3162,.T.);
#3160 = VERTEX_POINT('',#3161);
#3161 = CARTESIAN_POINT('',(123.4,-63.,17.2));
#3162 = LINE('',#3163,#3164);
#3163 = CARTESIAN_POINT('',(123.4,-63.,16.5));
#3164 = VECTOR('',#3165,1.);
#3165 = DIRECTION('',(0.,0.,1.));
#3166 = ORIENTED_EDGE('',*,*,#3167,.T.);
#3167 = EDGE_CURVE('',#3160,#3136,#3168,.T.);
#3168 = LINE('',#3169,#3170);
#3169 = CARTESIAN_POINT('',(123.4,-63.,17.2));
#3170 = VECTOR('',#3171,1.);
#3171 = DIRECTION('',(1.,0.,0.));
#3172 = PLANE('',#3173);
#3173 = AXIS2_PLACEMENT_3D('',#3174,#3175,#3176);
#3174 = CARTESIAN_POINT('',(123.4,-63.,16.5));
#3175 = DIRECTION('',(0.,1.,0.));
#3176 = DIRECTION('',(0.,0.,1.));
#3177 = ADVANCED_FACE('',(#3178),#3189,.F.);
#3178 = FACE_BOUND('',#3179,.F.);
#3179 = EDGE_LOOP('',(#3180,#3181,#3182,#3183));
#3180 = ORIENTED_EDGE('',*,*,#3111,.F.);
#3181 = ORIENTED_EDGE('',*,*,#2477,.T.);
#3182 = ORIENTED_EDGE('',*,*,#3159,.T.);
#3183 = ORIENTED_EDGE('',*,*,#3184,.F.);
#3184 = EDGE_CURVE('',#3112,#3160,#3185,.T.);
#3185 = LINE('',#3186,#3187);
#3186 = CARTESIAN_POINT('',(123.4,-65.3,17.2));
#3187 = VECTOR('',#3188,1.);
#3188 = DIRECTION('',(0.,1.,0.));
#3189 = PLANE('',#3190);
#3190 = AXIS2_PLACEMENT_3D('',#3191,#3192,#3193);
#3191 = CARTESIAN_POINT('',(123.4,-65.3,16.5));
#3192 = DIRECTION('',(1.,0.,0.));
#3193 = DIRECTION('',(0.,0.,1.));
#3194 = ADVANCED_FACE('',(#3195),#3214,.T.);
#3195 = FACE_BOUND('',#3196,.F.);
#3196 = EDGE_LOOP('',(#3197,#3198,#3206,#3213));
#3197 = ORIENTED_EDGE('',*,*,#2504,.T.);
#3198 = ORIENTED_EDGE('',*,*,#3199,.T.);
#3199 = EDGE_CURVE('',#2505,#3200,#3202,.T.);
#3200 = VERTEX_POINT('',#3201);
#3201 = CARTESIAN_POINT('',(127.35,-56.1,17.2));
#3202 = LINE('',#3203,#3204);
#3203 = CARTESIAN_POINT('',(127.35,-56.1,16.5));
#3204 = VECTOR('',#3205,1.);
#3205 = DIRECTION('',(0.,0.,1.));
#3206 = ORIENTED_EDGE('',*,*,#3207,.T.);
#3207 = EDGE_CURVE('',#3200,#3200,#3208,.T.);
#3208 = CIRCLE('',#3209,1.65);
#3209 = AXIS2_PLACEMENT_3D('',#3210,#3211,#3212);
#3210 = CARTESIAN_POINT('',(125.7,-56.1,17.2));
#3211 = DIRECTION('',(0.,0.,1.));
#3212 = DIRECTION('',(1.,0.,0.));
#3213 = ORIENTED_EDGE('',*,*,#3199,.F.);
#3214 = CYLINDRICAL_SURFACE('',#3215,1.65);
#3215 = AXIS2_PLACEMENT_3D('',#3216,#3217,#3218);
#3216 = CARTESIAN_POINT('',(125.7,-56.1,16.5));
#3217 = DIRECTION('',(-0.,-0.,-1.));
#3218 = DIRECTION('',(1.,0.,0.));
#3219 = ADVANCED_FACE('',(#3220),#3239,.T.);
#3220 = FACE_BOUND('',#3221,.F.);
#3221 = EDGE_LOOP('',(#3222,#3223,#3231,#3238));
#3222 = ORIENTED_EDGE('',*,*,#2515,.T.);
#3223 = ORIENTED_EDGE('',*,*,#3224,.T.);
#3224 = EDGE_CURVE('',#2516,#3225,#3227,.T.);
#3225 = VERTEX_POINT('',#3226);
#3226 = CARTESIAN_POINT('',(130.95,-53.5,17.2));
#3227 = LINE('',#3228,#3229);
#3228 = CARTESIAN_POINT('',(130.95,-53.5,16.5));
#3229 = VECTOR('',#3230,1.);
#3230 = DIRECTION('',(0.,0.,1.));
#3231 = ORIENTED_EDGE('',*,*,#3232,.T.);
#3232 = EDGE_CURVE('',#3225,#3225,#3233,.T.);
#3233 = CIRCLE('',#3234,1.65);
#3234 = AXIS2_PLACEMENT_3D('',#3235,#3236,#3237);
#3235 = CARTESIAN_POINT('',(129.3,-53.5,17.2));
#3236 = DIRECTION('',(0.,0.,1.));
#3237 = DIRECTION('',(1.,0.,0.));
#3238 = ORIENTED_EDGE('',*,*,#3224,.F.);
#3239 = CYLINDRICAL_SURFACE('',#3240,1.65);
#3240 = AXIS2_PLACEMENT_3D('',#3241,#3242,#3243);
#3241 = CARTESIAN_POINT('',(129.3,-53.5,16.5));
#3242 = DIRECTION('',(-0.,-0.,-1.));
#3243 = DIRECTION('',(1.,0.,0.));
#3244 = ADVANCED_FACE('',(#3245),#3248,.F.);
#3245 = FACE_BOUND('',#3246,.T.);
#3246 = EDGE_LOOP('',(#3247));
#3247 = ORIENTED_EDGE('',*,*,#2606,.F.);
#3248 = PLANE('',#3249);
#3249 = AXIS2_PLACEMENT_3D('',#3250,#3251,#3252);
#3250 = CARTESIAN_POINT('',(133.,-52.8,6.8));
#3251 = DIRECTION('',(0.,0.,1.));
#3252 = DIRECTION('',(1.,0.,0.));
#3253 = ADVANCED_FACE('',(#3254),#3268,.T.);
#3254 = FACE_BOUND('',#3255,.T.);
#3255 = EDGE_LOOP('',(#3256,#3257,#3258,#3259,#3260,#3261,#3262,#3263,
    #3264,#3265,#3266,#3267));
#3256 = ORIENTED_EDGE('',*,*,#2878,.F.);
#3257 = ORIENTED_EDGE('',*,*,#2896,.F.);
#3258 = ORIENTED_EDGE('',*,*,#2631,.T.);
#3259 = ORIENTED_EDGE('',*,*,#2663,.F.);
#3260 = ORIENTED_EDGE('',*,*,#2687,.T.);
#3261 = ORIENTED_EDGE('',*,*,#2711,.T.);
#3262 = ORIENTED_EDGE('',*,*,#2727,.T.);
#3263 = ORIENTED_EDGE('',*,*,#2759,.T.);
#3264 = ORIENTED_EDGE('',*,*,#2782,.F.);
#3265 = ORIENTED_EDGE('',*,*,#2807,.T.);
#3266 = ORIENTED_EDGE('',*,*,#2831,.F.);
#3267 = ORIENTED_EDGE('',*,*,#2855,.F.);
#3268 = PLANE('',#3269);
#3269 = AXIS2_PLACEMENT_3D('',#3270,#3271,#3272);
#3270 = CARTESIAN_POINT('',(116.9,-55.,17.2));
#3271 = DIRECTION('',(0.,0.,1.));
#3272 = DIRECTION('',(1.,0.,0.));
#3273 = ADVANCED_FACE('',(#3274),#3280,.T.);
#3274 = FACE_BOUND('',#3275,.T.);
#3275 = EDGE_LOOP('',(#3276,#3277,#3278,#3279));
#3276 = ORIENTED_EDGE('',*,*,#2992,.F.);
#3277 = ORIENTED_EDGE('',*,*,#2927,.T.);
#3278 = ORIENTED_EDGE('',*,*,#2951,.T.);
#3279 = ORIENTED_EDGE('',*,*,#2975,.F.);
#3280 = PLANE('',#3281);
#3281 = AXIS2_PLACEMENT_3D('',#3282,#3283,#3284);
#3282 = CARTESIAN_POINT('',(119.,-65.3,17.2));
#3283 = DIRECTION('',(0.,0.,1.));
#3284 = DIRECTION('',(1.,0.,0.));
#3285 = ADVANCED_FACE('',(#3286),#3292,.T.);
#3286 = FACE_BOUND('',#3287,.T.);
#3287 = EDGE_LOOP('',(#3288,#3289,#3290,#3291));
#3288 = ORIENTED_EDGE('',*,*,#3088,.F.);
#3289 = ORIENTED_EDGE('',*,*,#3023,.T.);
#3290 = ORIENTED_EDGE('',*,*,#3047,.T.);
#3291 = ORIENTED_EDGE('',*,*,#3071,.F.);
#3292 = PLANE('',#3293);
#3293 = AXIS2_PLACEMENT_3D('',#3294,#3295,#3296);
#3294 = CARTESIAN_POINT('',(121.2,-65.3,17.2));
#3295 = DIRECTION('',(0.,0.,1.));
#3296 = DIRECTION('',(1.,0.,0.));
#3297 = ADVANCED_FACE('',(#3298),#3304,.T.);
#3298 = FACE_BOUND('',#3299,.T.);
#3299 = EDGE_LOOP('',(#3300,#3301,#3302,#3303));
#3300 = ORIENTED_EDGE('',*,*,#3184,.F.);
#3301 = ORIENTED_EDGE('',*,*,#3119,.T.);
#3302 = ORIENTED_EDGE('',*,*,#3143,.T.);
#3303 = ORIENTED_EDGE('',*,*,#3167,.F.);
#3304 = PLANE('',#3305);
#3305 = AXIS2_PLACEMENT_3D('',#3306,#3307,#3308);
#3306 = CARTESIAN_POINT('',(123.4,-65.3,17.2));
#3307 = DIRECTION('',(0.,0.,1.));
#3308 = DIRECTION('',(1.,0.,0.));
#3309 = ADVANCED_FACE('',(#3310),#3313,.T.);
#3310 = FACE_BOUND('',#3311,.F.);
#3311 = EDGE_LOOP('',(#3312));
#3312 = ORIENTED_EDGE('',*,*,#3207,.F.);
#3313 = PLANE('',#3314);
#3314 = AXIS2_PLACEMENT_3D('',#3315,#3316,#3317);
#3315 = CARTESIAN_POINT('',(125.7,-56.1,17.2));
#3316 = DIRECTION('',(0.,0.,1.));
#3317 = DIRECTION('',(1.,0.,0.));
#3318 = ADVANCED_FACE('',(#3319),#3322,.T.);
#3319 = FACE_BOUND('',#3320,.F.);
#3320 = EDGE_LOOP('',(#3321));
#3321 = ORIENTED_EDGE('',*,*,#3232,.F.);
#3322 = PLANE('',#3323);
#3323 = AXIS2_PLACEMENT_3D('',#3324,#3325,#3326);
#3324 = CARTESIAN_POINT('',(129.3,-53.5,17.2));
#3325 = DIRECTION('',(0.,0.,1.));
#3326 = DIRECTION('',(1.,0.,0.));
#3327 = ORIENTED_CLOSED_SHELL('',*,#3328,.F.);
#3328 = CLOSED_SHELL('',(#3329,#3362,#3371));
#3329 = ADVANCED_FACE('',(#3330),#3357,.T.);
#3330 = FACE_BOUND('',#3331,.F.);
#3331 = EDGE_LOOP('',(#3332,#3342,#3349,#3350));
#3332 = ORIENTED_EDGE('',*,*,#3333,.T.);
#3333 = EDGE_CURVE('',#3334,#3336,#3338,.T.);
#3334 = VERTEX_POINT('',#3335);
#3335 = CARTESIAN_POINT('',(123.9,-64.7,7.));
#3336 = VERTEX_POINT('',#3337);
#3337 = CARTESIAN_POINT('',(123.9,-64.7,11.2));
#3338 = LINE('',#3339,#3340);
#3339 = CARTESIAN_POINT('',(123.9,-64.7,7.));
#3340 = VECTOR('',#3341,1.);
#3341 = DIRECTION('',(0.,0.,1.));
#3342 = ORIENTED_EDGE('',*,*,#3343,.T.);
#3343 = EDGE_CURVE('',#3336,#3336,#3344,.T.);
#3344 = CIRCLE('',#3345,1.1);
#3345 = AXIS2_PLACEMENT_3D('',#3346,#3347,#3348);
#3346 = CARTESIAN_POINT('',(122.8,-64.7,11.2));
#3347 = DIRECTION('',(0.,0.,1.));
#3348 = DIRECTION('',(1.,0.,0.));
#3349 = ORIENTED_EDGE('',*,*,#3333,.F.);
#3350 = ORIENTED_EDGE('',*,*,#3351,.F.);
#3351 = EDGE_CURVE('',#3334,#3334,#3352,.T.);
#3352 = CIRCLE('',#3353,1.1);
#3353 = AXIS2_PLACEMENT_3D('',#3354,#3355,#3356);
#3354 = CARTESIAN_POINT('',(122.8,-64.7,7.));
#3355 = DIRECTION('',(0.,0.,1.));
#3356 = DIRECTION('',(1.,0.,0.));
#3357 = CYLINDRICAL_SURFACE('',#3358,1.1);
#3358 = AXIS2_PLACEMENT_3D('',#3359,#3360,#3361);
#3359 = CARTESIAN_POINT('',(122.8,-64.7,7.));
#3360 = DIRECTION('',(-0.,-0.,-1.));
#3361 = DIRECTION('',(1.,0.,0.));
#3362 = ADVANCED_FACE('',(#3363),#3366,.F.);
#3363 = FACE_BOUND('',#3364,.T.);
#3364 = EDGE_LOOP('',(#3365));
#3365 = ORIENTED_EDGE('',*,*,#3351,.F.);
#3366 = PLANE('',#3367);
#3367 = AXIS2_PLACEMENT_3D('',#3368,#3369,#3370);
#3368 = CARTESIAN_POINT('',(122.8,-64.7,7.));
#3369 = DIRECTION('',(0.,0.,1.));
#3370 = DIRECTION('',(1.,0.,0.));
#3371 = ADVANCED_FACE('',(#3372),#3375,.T.);
#3372 = FACE_BOUND('',#3373,.F.);
#3373 = EDGE_LOOP('',(#3374));
#3374 = ORIENTED_EDGE('',*,*,#3343,.F.);
#3375 = PLANE('',#3376);
#3376 = AXIS2_PLACEMENT_3D('',#3377,#3378,#3379);
#3377 = CARTESIAN_POINT('',(122.8,-64.7,11.2));
#3378 = DIRECTION('',(0.,0.,1.));
#3379 = DIRECTION('',(1.,0.,0.));
#3380 = ORIENTED_CLOSED_SHELL('',*,#3381,.F.);
#3381 = CLOSED_SHELL('',(#3382,#3415,#3424));
#3382 = ADVANCED_FACE('',(#3383),#3410,.T.);
#3383 = FACE_BOUND('',#3384,.F.);
#3384 = EDGE_LOOP('',(#3385,#3395,#3402,#3403));
#3385 = ORIENTED_EDGE('',*,*,#3386,.T.);
#3386 = EDGE_CURVE('',#3387,#3389,#3391,.T.);
#3387 = VERTEX_POINT('',#3388);
#3388 = CARTESIAN_POINT('',(114.1,-52.8,7.));
#3389 = VERTEX_POINT('',#3390);
#3390 = CARTESIAN_POINT('',(114.1,-52.8,11.2));
#3391 = LINE('',#3392,#3393);
#3392 = CARTESIAN_POINT('',(114.1,-52.8,7.));
#3393 = VECTOR('',#3394,1.);
#3394 = DIRECTION('',(0.,0.,1.));
#3395 = ORIENTED_EDGE('',*,*,#3396,.T.);
#3396 = EDGE_CURVE('',#3389,#3389,#3397,.T.);
#3397 = CIRCLE('',#3398,1.1);
#3398 = AXIS2_PLACEMENT_3D('',#3399,#3400,#3401);
#3399 = CARTESIAN_POINT('',(113.,-52.8,11.2));
#3400 = DIRECTION('',(0.,0.,1.));
#3401 = DIRECTION('',(1.,0.,0.));
#3402 = ORIENTED_EDGE('',*,*,#3386,.F.);
#3403 = ORIENTED_EDGE('',*,*,#3404,.F.);
#3404 = EDGE_CURVE('',#3387,#3387,#3405,.T.);
#3405 = CIRCLE('',#3406,1.1);
#3406 = AXIS2_PLACEMENT_3D('',#3407,#3408,#3409);
#3407 = CARTESIAN_POINT('',(113.,-52.8,7.));
#3408 = DIRECTION('',(0.,0.,1.));
#3409 = DIRECTION('',(1.,0.,0.));
#3410 = CYLINDRICAL_SURFACE('',#3411,1.1);
#3411 = AXIS2_PLACEMENT_3D('',#3412,#3413,#3414);
#3412 = CARTESIAN_POINT('',(113.,-52.8,7.));
#3413 = DIRECTION('',(-0.,-0.,-1.));
#3414 = DIRECTION('',(1.,0.,0.));
#3415 = ADVANCED_FACE('',(#3416),#3419,.F.);
#3416 = FACE_BOUND('',#3417,.T.);
#3417 = EDGE_LOOP('',(#3418));
#3418 = ORIENTED_EDGE('',*,*,#3404,.F.);
#3419 = PLANE('',#3420);
#3420 = AXIS2_PLACEMENT_3D('',#3421,#3422,#3423);
#3421 = CARTESIAN_POINT('',(113.,-52.8,7.));
#3422 = DIRECTION('',(0.,0.,1.));
#3423 = DIRECTION('',(1.,0.,0.));
#3424 = ADVANCED_FACE('',(#3425),#3428,.T.);
#3425 = FACE_BOUND('',#3426,.F.);
#3426 = EDGE_LOOP('',(#3427));
#3427 = ORIENTED_EDGE('',*,*,#3396,.F.);
#3428 = PLANE('',#3429);
#3429 = AXIS2_PLACEMENT_3D('',#3430,#3431,#3432);
#3430 = CARTESIAN_POINT('',(113.,-52.8,11.2));
#3431 = DIRECTION('',(0.,0.,1.));
#3432 = DIRECTION('',(1.,0.,0.));
#3433 = ORIENTED_CLOSED_SHELL('',*,#3434,.F.);
#3434 = CLOSED_SHELL('',(#3435,#3468,#3477));
#3435 = ADVANCED_FACE('',(#3436),#3463,.T.);
#3436 = FACE_BOUND('',#3437,.F.);
#3437 = EDGE_LOOP('',(#3438,#3448,#3455,#3456));
#3438 = ORIENTED_EDGE('',*,*,#3439,.T.);
#3439 = EDGE_CURVE('',#3440,#3442,#3444,.T.);
#3440 = VERTEX_POINT('',#3441);
#3441 = CARTESIAN_POINT('',(134.1,-52.8,7.));
#3442 = VERTEX_POINT('',#3443);
#3443 = CARTESIAN_POINT('',(134.1,-52.8,11.2));
#3444 = LINE('',#3445,#3446);
#3445 = CARTESIAN_POINT('',(134.1,-52.8,7.));
#3446 = VECTOR('',#3447,1.);
#3447 = DIRECTION('',(0.,0.,1.));
#3448 = ORIENTED_EDGE('',*,*,#3449,.T.);
#3449 = EDGE_CURVE('',#3442,#3442,#3450,.T.);
#3450 = CIRCLE('',#3451,1.1);
#3451 = AXIS2_PLACEMENT_3D('',#3452,#3453,#3454);
#3452 = CARTESIAN_POINT('',(133.,-52.8,11.2));
#3453 = DIRECTION('',(0.,0.,1.));
#3454 = DIRECTION('',(1.,0.,0.));
#3455 = ORIENTED_EDGE('',*,*,#3439,.F.);
#3456 = ORIENTED_EDGE('',*,*,#3457,.F.);
#3457 = EDGE_CURVE('',#3440,#3440,#3458,.T.);
#3458 = CIRCLE('',#3459,1.1);
#3459 = AXIS2_PLACEMENT_3D('',#3460,#3461,#3462);
#3460 = CARTESIAN_POINT('',(133.,-52.8,7.));
#3461 = DIRECTION('',(0.,0.,1.));
#3462 = DIRECTION('',(1.,0.,0.));
#3463 = CYLINDRICAL_SURFACE('',#3464,1.1);
#3464 = AXIS2_PLACEMENT_3D('',#3465,#3466,#3467);
#3465 = CARTESIAN_POINT('',(133.,-52.8,7.));
#3466 = DIRECTION('',(-0.,-0.,-1.));
#3467 = DIRECTION('',(1.,0.,0.));
#3468 = ADVANCED_FACE('',(#3469),#3472,.F.);
#3469 = FACE_BOUND('',#3470,.T.);
#3470 = EDGE_LOOP('',(#3471));
#3471 = ORIENTED_EDGE('',*,*,#3457,.F.);
#3472 = PLANE('',#3473);
#3473 = AXIS2_PLACEMENT_3D('',#3474,#3475,#3476);
#3474 = CARTESIAN_POINT('',(133.,-52.8,7.));
#3475 = DIRECTION('',(0.,0.,1.));
#3476 = DIRECTION('',(1.,0.,0.));
#3477 = ADVANCED_FACE('',(#3478),#3481,.T.);
#3478 = FACE_BOUND('',#3479,.F.);
#3479 = EDGE_LOOP('',(#3480));
#3480 = ORIENTED_EDGE('',*,*,#3449,.F.);
#3481 = PLANE('',#3482);
#3482 = AXIS2_PLACEMENT_3D('',#3483,#3484,#3485);
#3483 = CARTESIAN_POINT('',(133.,-52.8,11.2));
#3484 = DIRECTION('',(0.,0.,1.));
#3485 = DIRECTION('',(1.,0.,0.));
#3486 = ( GEOMETRIC_REPRESENTATION_CONTEXT(3) 
GLOBAL_UNCERTAINTY_ASSIGNED_CONTEXT((#3490)) 
GLOBAL_UNIT_ASSIGNED_CONTEXT((#3487,#3488,#3489)) REPRESENTATION_CONTEXT
('Context #1','3D Context with UNIT and UNCERTAINTY') );
#3487 = ( LENGTH_UNIT() NAMED_UNIT(*) SI_UNIT(.MILLI.,.METRE.) );
#3488 = ( NAMED_UNIT(*) PLANE_ANGLE_UNIT() SI_UNIT($,.RADIAN.) );
#3489 = ( NAMED_UNIT(*) SI_UNIT($,.STERADIAN.) SOLID_ANGLE_UNIT() );
#3490 = UNCERTAINTY_MEASURE_WITH_UNIT(LENGTH_MEASURE(2.E-05),#3487,
  'distance_accuracy_value','confusion accuracy');
#3491 = PRODUCT_RELATED_PRODUCT_CATEGORY('part',$,(#7));
ENDSEC;
END-ISO-10303-21;
