ISO-10303-21;
HEADER;
FILE_DESCRIPTION(('FreeCAD Model'),'2;1');
FILE_NAME('Open CASCADE Shape Model','2026-09-22T18:48:00',('FreeCAD'),(
    'FreeCAD'),'Open CASCADE STEP processor 7.8','FreeCAD','Unknown');
FILE_SCHEMA(('AUTOMOTIVE_DESIGN { 1 0 10303 214 1 1 1 1 }'));
ENDSEC;
DATA;
#1 = APPLICATION_PROTOCOL_DEFINITION('international standard',
  'automotive_design',2000,#2);
#2 = APPLICATION_CONTEXT(
  'core data for automotive mechanical design processes');
#3 = SHAPE_DEFINITION_REPRESENTATION(#4,#10);
#4 = PRODUCT_DEFINITION_SHAPE('','',#5);
#5 = PRODUCT_DEFINITION('design','',#6,#9);
#6 = PRODUCT_DEFINITION_FORMATION('','',#7);
#7 = PRODUCT('Open CASCADE STEP translator 7.8 17',
  'Open CASCADE STEP translator 7.8 17','',(#8));
#8 = PRODUCT_CONTEXT('',#2,'mechanical');
#9 = PRODUCT_DEFINITION_CONTEXT('part definition',#2,'design');
#10 = ADVANCED_BREP_SHAPE_REPRESENTATION('',(#11,#15),#2744);
#11 = AXIS2_PLACEMENT_3D('',#12,#13,#14);
#12 = CARTESIAN_POINT('',(0.,0.,0.));
#13 = DIRECTION('',(0.,0.,1.));
#14 = DIRECTION('',(1.,0.,-0.));
#15 = BREP_WITH_VOIDS('',#16,(#2585,#2638,#2691));
#16 = CLOSED_SHELL('',(#17,#77,#131,#142,#286,#310,#555,#572,#690,#702,
    #719,#752,#776,#832,#856,#910,#934,#957,#981,#1068,#1086,#1111,#1151
    ,#1175,#1199,#1223,#1247,#1335,#1359,#1383,#1407,#1431,#1455,#1479,
    #1503,#1527,#1551,#1575,#1599,#1623,#1640,#1665,#1696,#1720,#1744,
    #1761,#1779,#1797,#1843,#1871,#1882,#1900,#1927,#1955,#1993,#2011,
    #2028,#2045,#2062,#2133,#2162,#2186,#2210,#2233,#2257,#2281,#2304,
    #2313,#2337,#2361,#2378,#2396,#2406,#2452,#2477,#2498,#2523,#2539,
    #2555,#2567,#2576));
#17 = ADVANCED_FACE('',(#18),#72,.T.);
#18 = FACE_BOUND('',#19,.F.);
#19 = EDGE_LOOP('',(#20,#30,#39,#48,#56,#65));
#20 = ORIENTED_EDGE('',*,*,#21,.F.);
#21 = EDGE_CURVE('',#22,#24,#26,.T.);
#22 = VERTEX_POINT('',#23);
#23 = CARTESIAN_POINT('',(112.2,-54.46808273176,11.6));
#24 = VERTEX_POINT('',#25);
#25 = CARTESIAN_POINT('',(112.2,-54.46808273176,6.3));
#26 = LINE('',#27,#28);
#27 = CARTESIAN_POINT('',(112.2,-54.46808273176,6.3));
#28 = VECTOR('',#29,1.);
#29 = DIRECTION('',(-0.,-0.,-1.));
#30 = ORIENTED_EDGE('',*,*,#31,.T.);
#31 = EDGE_CURVE('',#22,#32,#34,.T.);
#32 = VERTEX_POINT('',#33);
#33 = CARTESIAN_POINT('',(114.85,-52.8,11.6));
#34 = CIRCLE('',#35,1.85);
#35 = AXIS2_PLACEMENT_3D('',#36,#37,#38);
#36 = CARTESIAN_POINT('',(113.,-52.8,11.6));
#37 = DIRECTION('',(0.,0.,1.));
#38 = DIRECTION('',(1.,0.,0.));
#39 = ORIENTED_EDGE('',*,*,#40,.T.);
#40 = EDGE_CURVE('',#32,#41,#43,.T.);
#41 = VERTEX_POINT('',#42);
#42 = CARTESIAN_POINT('',(112.2,-51.13191726823,11.6));
#43 = CIRCLE('',#44,1.85);
#44 = AXIS2_PLACEMENT_3D('',#45,#46,#47);
#45 = CARTESIAN_POINT('',(113.,-52.8,11.6));
#46 = DIRECTION('',(0.,0.,1.));
#47 = DIRECTION('',(1.,0.,0.));
#48 = ORIENTED_EDGE('',*,*,#49,.T.);
#49 = EDGE_CURVE('',#41,#50,#52,.T.);
#50 = VERTEX_POINT('',#51);
#51 = CARTESIAN_POINT('',(112.2,-51.13191726823,6.3));
#52 = LINE('',#53,#54);
#53 = CARTESIAN_POINT('',(112.2,-51.13191726823,6.3));
#54 = VECTOR('',#55,1.);
#55 = DIRECTION('',(-0.,-0.,-1.));
#56 = ORIENTED_EDGE('',*,*,#57,.F.);
#57 = EDGE_CURVE('',#58,#50,#60,.T.);
#58 = VERTEX_POINT('',#59);
#59 = CARTESIAN_POINT('',(114.85,-52.8,6.3));
#60 = CIRCLE('',#61,1.85);
#61 = AXIS2_PLACEMENT_3D('',#62,#63,#64);
#62 = CARTESIAN_POINT('',(113.,-52.8,6.3));
#63 = DIRECTION('',(0.,0.,1.));
#64 = DIRECTION('',(1.,0.,0.));
#65 = ORIENTED_EDGE('',*,*,#66,.F.);
#66 = EDGE_CURVE('',#24,#58,#67,.T.);
#67 = CIRCLE('',#68,1.85);
#68 = AXIS2_PLACEMENT_3D('',#69,#70,#71);
#69 = CARTESIAN_POINT('',(113.,-52.8,6.3));
#70 = DIRECTION('',(0.,0.,1.));
#71 = DIRECTION('',(1.,0.,0.));
#72 = CYLINDRICAL_SURFACE('',#73,1.85);
#73 = AXIS2_PLACEMENT_3D('',#74,#75,#76);
#74 = CARTESIAN_POINT('',(113.,-52.8,6.3));
#75 = DIRECTION('',(-0.,-0.,-1.));
#76 = DIRECTION('',(1.,0.,0.));
#77 = ADVANCED_FACE('',(#78),#126,.T.);
#78 = FACE_BOUND('',#79,.T.);
#79 = EDGE_LOOP('',(#80,#88,#96,#104,#112,#118,#119,#125));
#80 = ORIENTED_EDGE('',*,*,#81,.F.);
#81 = EDGE_CURVE('',#82,#50,#84,.T.);
#82 = VERTEX_POINT('',#83);
#83 = CARTESIAN_POINT('',(112.2,-12.22945834653,6.3));
#84 = LINE('',#85,#86);
#85 = CARTESIAN_POINT('',(112.2,-12.21472917326,6.3));
#86 = VECTOR('',#87,1.);
#87 = DIRECTION('',(0.,-1.,0.));
#88 = ORIENTED_EDGE('',*,*,#89,.T.);
#89 = EDGE_CURVE('',#82,#90,#92,.T.);
#90 = VERTEX_POINT('',#91);
#91 = CARTESIAN_POINT('',(112.2,-12.22945834653,15.4));
#92 = LINE('',#93,#94);
#93 = CARTESIAN_POINT('',(112.2,-12.22945834653,6.2));
#94 = VECTOR('',#95,1.);
#95 = DIRECTION('',(0.,0.,1.));
#96 = ORIENTED_EDGE('',*,*,#97,.T.);
#97 = EDGE_CURVE('',#90,#98,#100,.T.);
#98 = VERTEX_POINT('',#99);
#99 = CARTESIAN_POINT('',(112.2,-65.77054165346,15.4));
#100 = LINE('',#101,#102);
#101 = CARTESIAN_POINT('',(112.2,-12.22945834653,15.4));
#102 = VECTOR('',#103,1.);
#103 = DIRECTION('',(0.,-1.,0.));
#104 = ORIENTED_EDGE('',*,*,#105,.F.);
#105 = EDGE_CURVE('',#106,#98,#108,.T.);
#106 = VERTEX_POINT('',#107);
#107 = CARTESIAN_POINT('',(112.2,-65.77054165346,6.3));
#108 = LINE('',#109,#110);
#109 = CARTESIAN_POINT('',(112.2,-65.77054165346,6.2));
#110 = VECTOR('',#111,1.);
#111 = DIRECTION('',(0.,0.,1.));
#112 = ORIENTED_EDGE('',*,*,#113,.F.);
#113 = EDGE_CURVE('',#24,#106,#114,.T.);
#114 = LINE('',#115,#116);
#115 = CARTESIAN_POINT('',(112.2,-12.21472917326,6.3));
#116 = VECTOR('',#117,1.);
#117 = DIRECTION('',(0.,-1.,0.));
#118 = ORIENTED_EDGE('',*,*,#21,.F.);
#119 = ORIENTED_EDGE('',*,*,#120,.F.);
#120 = EDGE_CURVE('',#41,#22,#121,.T.);
#121 = LINE('',#122,#123);
#122 = CARTESIAN_POINT('',(112.2,-32.51472917326,11.6));
#123 = VECTOR('',#124,1.);
#124 = DIRECTION('',(0.,-1.,0.));
#125 = ORIENTED_EDGE('',*,*,#49,.T.);
#126 = PLANE('',#127);
#127 = AXIS2_PLACEMENT_3D('',#128,#129,#130);
#128 = CARTESIAN_POINT('',(112.2,-12.22945834653,6.2));
#129 = DIRECTION('',(1.,0.,0.));
#130 = DIRECTION('',(0.,-1.,0.));
#131 = ADVANCED_FACE('',(#132),#137,.T.);
#132 = FACE_BOUND('',#133,.T.);
#133 = EDGE_LOOP('',(#134,#135,#136));
#134 = ORIENTED_EDGE('',*,*,#31,.T.);
#135 = ORIENTED_EDGE('',*,*,#40,.T.);
#136 = ORIENTED_EDGE('',*,*,#120,.T.);
#137 = PLANE('',#138);
#138 = AXIS2_PLACEMENT_3D('',#139,#140,#141);
#139 = CARTESIAN_POINT('',(113.,-52.8,11.6));
#140 = DIRECTION('',(0.,0.,1.));
#141 = DIRECTION('',(1.,0.,0.));
#142 = ADVANCED_FACE('',(#143,#270),#281,.T.);
#143 = FACE_BOUND('',#144,.T.);
#144 = EDGE_LOOP('',(#145,#155,#164,#172,#181,#189,#198,#206,#214,#222,
    #230,#238,#246,#252,#253,#254,#255,#256,#264));
#145 = ORIENTED_EDGE('',*,*,#146,.T.);
#146 = EDGE_CURVE('',#147,#149,#151,.T.);
#147 = VERTEX_POINT('',#148);
#148 = CARTESIAN_POINT('',(112.22945834653,-65.8,6.3));
#149 = VERTEX_POINT('',#150);
#150 = CARTESIAN_POINT('',(112.37103311439,-65.8,6.3));
#151 = LINE('',#152,#153);
#152 = CARTESIAN_POINT('',(112.21472917326,-65.8,6.3));
#153 = VECTOR('',#154,1.);
#154 = DIRECTION('',(1.,0.,0.));
#155 = ORIENTED_EDGE('',*,*,#156,.F.);
#156 = EDGE_CURVE('',#157,#149,#159,.T.);
#157 = VERTEX_POINT('',#158);
#158 = CARTESIAN_POINT('',(112.95970781992,-67.,6.3));
#159 = CIRCLE('',#160,2.15);
#160 = AXIS2_PLACEMENT_3D('',#161,#162,#163);
#161 = CARTESIAN_POINT('',(114.5,-65.5,6.3));
#162 = DIRECTION('',(0.,0.,-1.));
#163 = DIRECTION('',(1.,0.,0.));
#164 = ORIENTED_EDGE('',*,*,#165,.T.);
#165 = EDGE_CURVE('',#157,#166,#168,.T.);
#166 = VERTEX_POINT('',#167);
#167 = CARTESIAN_POINT('',(112.2,-67.,6.3));
#168 = LINE('',#169,#170);
#169 = CARTESIAN_POINT('',(133.8,-67.,6.3));
#170 = VECTOR('',#171,1.);
#171 = DIRECTION('',(-1.,0.,0.));
#172 = ORIENTED_EDGE('',*,*,#173,.T.);
#173 = EDGE_CURVE('',#166,#174,#176,.T.);
#174 = VERTEX_POINT('',#175);
#175 = CARTESIAN_POINT('',(111.,-65.8,6.3));
#176 = CIRCLE('',#177,1.2);
#177 = AXIS2_PLACEMENT_3D('',#178,#179,#180);
#178 = CARTESIAN_POINT('',(112.2,-65.8,6.3));
#179 = DIRECTION('',(0.,0.,-1.));
#180 = DIRECTION('',(0.,-1.,0.));
#181 = ORIENTED_EDGE('',*,*,#182,.T.);
#182 = EDGE_CURVE('',#174,#183,#185,.T.);
#183 = VERTEX_POINT('',#184);
#184 = CARTESIAN_POINT('',(111.,-12.2,6.3));
#185 = LINE('',#186,#187);
#186 = CARTESIAN_POINT('',(111.,-65.8,6.3));
#187 = VECTOR('',#188,1.);
#188 = DIRECTION('',(0.,1.,0.));
#189 = ORIENTED_EDGE('',*,*,#190,.T.);
#190 = EDGE_CURVE('',#183,#191,#193,.T.);
#191 = VERTEX_POINT('',#192);
#192 = CARTESIAN_POINT('',(112.2,-11.,6.3));
#193 = CIRCLE('',#194,1.2);
#194 = AXIS2_PLACEMENT_3D('',#195,#196,#197);
#195 = CARTESIAN_POINT('',(112.2,-12.2,6.3));
#196 = DIRECTION('',(0.,0.,-1.));
#197 = DIRECTION('',(-1.,4.440892098501E-15,0.));
#198 = ORIENTED_EDGE('',*,*,#199,.T.);
#199 = EDGE_CURVE('',#191,#200,#202,.T.);
#200 = VERTEX_POINT('',#201);
#201 = CARTESIAN_POINT('',(116.3,-11.,6.3));
#202 = LINE('',#203,#204);
#203 = CARTESIAN_POINT('',(112.2,-11.,6.3));
#204 = VECTOR('',#205,1.);
#205 = DIRECTION('',(1.,0.,0.));
#206 = ORIENTED_EDGE('',*,*,#207,.T.);
#207 = EDGE_CURVE('',#200,#208,#210,.T.);
#208 = VERTEX_POINT('',#209);
#209 = CARTESIAN_POINT('',(116.3,-11.4,6.3));
#210 = LINE('',#211,#212);
#211 = CARTESIAN_POINT('',(116.3,-16.1,6.3));
#212 = VECTOR('',#213,1.);
#213 = DIRECTION('',(0.,-1.,0.));
#214 = ORIENTED_EDGE('',*,*,#215,.F.);
#215 = EDGE_CURVE('',#216,#208,#218,.T.);
#216 = VERTEX_POINT('',#217);
#217 = CARTESIAN_POINT('',(113.,-11.4,6.3));
#218 = LINE('',#219,#220);
#219 = CARTESIAN_POINT('',(112.6,-11.4,6.3));
#220 = VECTOR('',#221,1.);
#221 = DIRECTION('',(1.,0.,0.));
#222 = ORIENTED_EDGE('',*,*,#223,.T.);
#223 = EDGE_CURVE('',#216,#224,#226,.T.);
#224 = VERTEX_POINT('',#225);
#225 = CARTESIAN_POINT('',(113.,-12.2,6.3));
#226 = LINE('',#227,#228);
#227 = CARTESIAN_POINT('',(113.,-30.15,6.3));
#228 = VECTOR('',#229,1.);
#229 = DIRECTION('',(0.,-1.,0.));
#230 = ORIENTED_EDGE('',*,*,#231,.T.);
#231 = EDGE_CURVE('',#224,#232,#234,.T.);
#232 = VERTEX_POINT('',#233);
#233 = CARTESIAN_POINT('',(112.22945834653,-12.2,6.3));
#234 = LINE('',#235,#236);
#235 = CARTESIAN_POINT('',(122.38527082673,-12.2,6.3));
#236 = VECTOR('',#237,1.);
#237 = DIRECTION('',(-1.,-0.,-0.));
#238 = ORIENTED_EDGE('',*,*,#239,.T.);
#239 = EDGE_CURVE('',#232,#240,#242,.T.);
#240 = VERTEX_POINT('',#241);
#241 = CARTESIAN_POINT('',(112.20137942877,-12.20137942877,6.3));
#242 = LINE('',#243,#244);
#243 = CARTESIAN_POINT('',(112.21476463576,-12.20072185572,6.3));
#244 = VECTOR('',#245,1.);
#245 = DIRECTION('',(-0.998795456205,-4.906767432741E-02,-0.));
#246 = ORIENTED_EDGE('',*,*,#247,.T.);
#247 = EDGE_CURVE('',#240,#82,#248,.T.);
#248 = LINE('',#249,#250);
#249 = CARTESIAN_POINT('',(112.2014115701,-12.20072517688,6.3));
#250 = VECTOR('',#251,1.);
#251 = DIRECTION('',(-4.906767432758E-02,-0.998795456205,-0.));
#252 = ORIENTED_EDGE('',*,*,#81,.T.);
#253 = ORIENTED_EDGE('',*,*,#57,.F.);
#254 = ORIENTED_EDGE('',*,*,#66,.F.);
#255 = ORIENTED_EDGE('',*,*,#113,.T.);
#256 = ORIENTED_EDGE('',*,*,#257,.T.);
#257 = EDGE_CURVE('',#106,#258,#260,.T.);
#258 = VERTEX_POINT('',#259);
#259 = CARTESIAN_POINT('',(112.20137942877,-65.79862057122,6.3));
#260 = LINE('',#261,#262);
#261 = CARTESIAN_POINT('',(110.8872921753,-39.04976002683,6.3));
#262 = VECTOR('',#263,1.);
#263 = DIRECTION('',(4.906767432757E-02,-0.998795456205,0.));
#264 = ORIENTED_EDGE('',*,*,#265,.T.);
#265 = EDGE_CURVE('',#258,#147,#266,.T.);
#266 = LINE('',#267,#268);
#267 = CARTESIAN_POINT('',(110.88729549646,-65.73406376729,6.3));
#268 = VECTOR('',#269,1.);
#269 = DIRECTION('',(0.998795456205,-4.906767432757E-02,0.));
#270 = FACE_BOUND('',#271,.T.);
#271 = EDGE_LOOP('',(#272));
#272 = ORIENTED_EDGE('',*,*,#273,.F.);
#273 = EDGE_CURVE('',#274,#274,#276,.T.);
#274 = VERTEX_POINT('',#275);
#275 = CARTESIAN_POINT('',(114.6,-52.8,6.3));
#276 = CIRCLE('',#277,1.6);
#277 = AXIS2_PLACEMENT_3D('',#278,#279,#280);
#278 = CARTESIAN_POINT('',(113.,-52.8,6.3));
#279 = DIRECTION('',(0.,0.,-1.));
#280 = DIRECTION('',(1.,0.,0.));
#281 = PLANE('',#282);
#282 = AXIS2_PLACEMENT_3D('',#283,#284,#285);
#283 = CARTESIAN_POINT('',(115.73647631947,-46.10224167393,6.3));
#284 = DIRECTION('',(-0.,-0.,-1.));
#285 = DIRECTION('',(-1.,0.,0.));
#286 = ADVANCED_FACE('',(#287),#305,.T.);
#287 = FACE_BOUND('',#288,.T.);
#288 = EDGE_LOOP('',(#289,#290,#291,#299));
#289 = ORIENTED_EDGE('',*,*,#257,.F.);
#290 = ORIENTED_EDGE('',*,*,#105,.T.);
#291 = ORIENTED_EDGE('',*,*,#292,.T.);
#292 = EDGE_CURVE('',#98,#293,#295,.T.);
#293 = VERTEX_POINT('',#294);
#294 = CARTESIAN_POINT('',(112.20137942877,-65.79862057122,15.4));
#295 = LINE('',#296,#297);
#296 = CARTESIAN_POINT('',(112.2,-65.77054165346,15.4));
#297 = VECTOR('',#298,1.);
#298 = DIRECTION('',(4.906767432757E-02,-0.998795456205,0.));
#299 = ORIENTED_EDGE('',*,*,#300,.F.);
#300 = EDGE_CURVE('',#258,#293,#301,.T.);
#301 = LINE('',#302,#303);
#302 = CARTESIAN_POINT('',(112.20137942877,-65.79862057122,6.2));
#303 = VECTOR('',#304,1.);
#304 = DIRECTION('',(0.,0.,1.));
#305 = PLANE('',#306);
#306 = AXIS2_PLACEMENT_3D('',#307,#308,#309);
#307 = CARTESIAN_POINT('',(112.2,-65.77054165346,6.2));
#308 = DIRECTION('',(0.998795456205,4.906767432757E-02,0.));
#309 = DIRECTION('',(4.906767432757E-02,-0.998795456205,0.));
#310 = ADVANCED_FACE('',(#311,#505,#516),#550,.F.);
#311 = FACE_BOUND('',#312,.F.);
#312 = EDGE_LOOP('',(#313,#314,#315,#323,#331,#339,#347,#355,#363,#371,
    #379,#387,#395,#403,#411,#419,#427,#435,#443,#451,#459,#467,#475,
    #483,#491,#499));
#313 = ORIENTED_EDGE('',*,*,#97,.T.);
#314 = ORIENTED_EDGE('',*,*,#292,.T.);
#315 = ORIENTED_EDGE('',*,*,#316,.T.);
#316 = EDGE_CURVE('',#293,#317,#319,.T.);
#317 = VERTEX_POINT('',#318);
#318 = CARTESIAN_POINT('',(112.22945834653,-65.8,15.4));
#319 = LINE('',#320,#321);
#320 = CARTESIAN_POINT('',(112.20137942877,-65.79862057122,15.4));
#321 = VECTOR('',#322,1.);
#322 = DIRECTION('',(0.998795456205,-4.906767432757E-02,0.));
#323 = ORIENTED_EDGE('',*,*,#324,.T.);
#324 = EDGE_CURVE('',#317,#325,#327,.T.);
#325 = VERTEX_POINT('',#326);
#326 = CARTESIAN_POINT('',(133.77054165346,-65.8,15.4));
#327 = LINE('',#328,#329);
#328 = CARTESIAN_POINT('',(112.22945834653,-65.8,15.4));
#329 = VECTOR('',#330,1.);
#330 = DIRECTION('',(1.,0.,0.));
#331 = ORIENTED_EDGE('',*,*,#332,.T.);
#332 = EDGE_CURVE('',#325,#333,#335,.T.);
#333 = VERTEX_POINT('',#334);
#334 = CARTESIAN_POINT('',(133.79862057122,-65.79862057122,15.4));
#335 = LINE('',#336,#337);
#336 = CARTESIAN_POINT('',(133.77054165346,-65.8,15.4));
#337 = VECTOR('',#338,1.);
#338 = DIRECTION('',(0.998795456205,4.906767432757E-02,0.));
#339 = ORIENTED_EDGE('',*,*,#340,.T.);
#340 = EDGE_CURVE('',#333,#341,#343,.T.);
#341 = VERTEX_POINT('',#342);
#342 = CARTESIAN_POINT('',(133.8,-65.77054165346,15.4));
#343 = LINE('',#344,#345);
#344 = CARTESIAN_POINT('',(133.79862057122,-65.79862057122,15.4));
#345 = VECTOR('',#346,1.);
#346 = DIRECTION('',(4.906767432734E-02,0.998795456205,0.));
#347 = ORIENTED_EDGE('',*,*,#348,.T.);
#348 = EDGE_CURVE('',#341,#349,#351,.T.);
#349 = VERTEX_POINT('',#350);
#350 = CARTESIAN_POINT('',(133.8,-13.42945834653,15.4));
#351 = LINE('',#352,#353);
#352 = CARTESIAN_POINT('',(133.8,-65.77054165346,15.4));
#353 = VECTOR('',#354,1.);
#354 = DIRECTION('',(0.,1.,0.));
#355 = ORIENTED_EDGE('',*,*,#356,.T.);
#356 = EDGE_CURVE('',#349,#357,#359,.T.);
#357 = VERTEX_POINT('',#358);
#358 = CARTESIAN_POINT('',(133.79278144488,-13.28252128159,15.4));
#359 = LINE('',#360,#361);
#360 = CARTESIAN_POINT('',(133.8,-13.42945834653,15.4));
#361 = VECTOR('',#362,1.);
#362 = DIRECTION('',(-4.906767432747E-02,0.998795456205,0.));
#363 = ORIENTED_EDGE('',*,*,#364,.T.);
#364 = EDGE_CURVE('',#357,#365,#367,.T.);
#365 = VERTEX_POINT('',#366);
#366 = CARTESIAN_POINT('',(133.77552294818,-13.16617394746,15.4));
#367 = LINE('',#368,#369);
#368 = CARTESIAN_POINT('',(133.79278144488,-13.28252128159,15.4));
#369 = VECTOR('',#370,1.);
#370 = DIRECTION('',(-0.146730474455,0.989176509965,0.));
#371 = ORIENTED_EDGE('',*,*,#372,.T.);
#372 = EDGE_CURVE('',#365,#373,#375,.T.);
#373 = VERTEX_POINT('',#374);
#374 = CARTESIAN_POINT('',(133.74694352287,-13.05207848605,15.4));
#375 = LINE('',#376,#377);
#376 = CARTESIAN_POINT('',(133.77552294818,-13.16617394746,15.4));
#377 = VECTOR('',#378,1.);
#378 = DIRECTION('',(-0.242980179903,0.970031253195,0.));
#379 = ORIENTED_EDGE('',*,*,#380,.T.);
#380 = EDGE_CURVE('',#373,#381,#383,.T.);
#381 = VERTEX_POINT('',#382);
#382 = CARTESIAN_POINT('',(133.70731840446,-12.941333699,15.4));
#383 = LINE('',#384,#385);
#384 = CARTESIAN_POINT('',(133.74694352287,-13.05207848605,15.4));
#385 = VECTOR('',#386,1.);
#386 = DIRECTION('',(-0.336889853392,0.941544065183,0.));
#387 = ORIENTED_EDGE('',*,*,#388,.T.);
#388 = EDGE_CURVE('',#381,#389,#391,.T.);
#389 = VERTEX_POINT('',#390);
#390 = CARTESIAN_POINT('',(133.6570292045,-12.83500611917,15.4));
#391 = LINE('',#392,#393);
#392 = CARTESIAN_POINT('',(133.70731840446,-12.941333699,15.4));
#393 = VECTOR('',#394,1.);
#394 = DIRECTION('',(-0.42755509343,0.903989293123,0.));
#395 = ORIENTED_EDGE('',*,*,#396,.T.);
#396 = EDGE_CURVE('',#389,#397,#399,.T.);
#397 = VERTEX_POINT('',#398);
#398 = CARTESIAN_POINT('',(133.59656023546,-12.73411973926,15.4));
#399 = LINE('',#400,#401);
#400 = CARTESIAN_POINT('',(133.6570292045,-12.83500611917,15.4));
#401 = VECTOR('',#402,1.);
#402 = DIRECTION('',(-0.514102744193,0.85772861,0.));
#403 = ORIENTED_EDGE('',*,*,#404,.T.);
#404 = EDGE_CURVE('',#397,#405,#407,.T.);
#405 = VERTEX_POINT('',#406);
#406 = CARTESIAN_POINT('',(133.52649384658,-12.63964615027,15.4));
#407 = LINE('',#408,#409);
#408 = CARTESIAN_POINT('',(133.59656023546,-12.73411973926,15.4));
#409 = VECTOR('',#410,1.);
#410 = DIRECTION('',(-0.595699304492,0.803207531481,0.));
#411 = ORIENTED_EDGE('',*,*,#412,.T.);
#412 = EDGE_CURVE('',#405,#413,#415,.T.);
#413 = VERTEX_POINT('',#414);
#414 = CARTESIAN_POINT('',(133.44750481548,-12.55249518451,15.4));
#415 = LINE('',#416,#417);
#416 = CARTESIAN_POINT('',(133.52649384658,-12.63964615027,15.4));
#417 = VECTOR('',#418,1.);
#418 = DIRECTION('',(-0.671558954847,0.740951125355,0.));
#419 = ORIENTED_EDGE('',*,*,#420,.T.);
#420 = EDGE_CURVE('',#413,#421,#423,.T.);
#421 = VERTEX_POINT('',#422);
#422 = CARTESIAN_POINT('',(133.36035384972,-12.47350615341,15.4));
#423 = LINE('',#424,#425);
#424 = CARTESIAN_POINT('',(133.44750481548,-12.55249518451,15.4));
#425 = VECTOR('',#426,1.);
#426 = DIRECTION('',(-0.740951125355,0.671558954847,0.));
#427 = ORIENTED_EDGE('',*,*,#428,.T.);
#428 = EDGE_CURVE('',#421,#429,#431,.T.);
#429 = VERTEX_POINT('',#430);
#430 = CARTESIAN_POINT('',(133.26588026073,-12.40343976453,15.4));
#431 = LINE('',#432,#433);
#432 = CARTESIAN_POINT('',(133.36035384972,-12.47350615341,15.4));
#433 = VECTOR('',#434,1.);
#434 = DIRECTION('',(-0.803207531481,0.595699304492,0.));
#435 = ORIENTED_EDGE('',*,*,#436,.T.);
#436 = EDGE_CURVE('',#429,#437,#439,.T.);
#437 = VERTEX_POINT('',#438);
#438 = CARTESIAN_POINT('',(133.16499388083,-12.3429707955,15.4));
#439 = LINE('',#440,#441);
#440 = CARTESIAN_POINT('',(133.26588026073,-12.40343976453,15.4));
#441 = VECTOR('',#442,1.);
#442 = DIRECTION('',(-0.85772861,0.514102744193,0.));
#443 = ORIENTED_EDGE('',*,*,#444,.T.);
#444 = EDGE_CURVE('',#437,#445,#447,.T.);
#445 = VERTEX_POINT('',#446);
#446 = CARTESIAN_POINT('',(133.05866630099,-12.29268159553,15.4));
#447 = LINE('',#448,#449);
#448 = CARTESIAN_POINT('',(133.16499388083,-12.3429707955,15.4));
#449 = VECTOR('',#450,1.);
#450 = DIRECTION('',(-0.903989293123,0.42755509343,0.));
#451 = ORIENTED_EDGE('',*,*,#452,.T.);
#452 = EDGE_CURVE('',#445,#453,#455,.T.);
#453 = VERTEX_POINT('',#454);
#454 = CARTESIAN_POINT('',(132.94792151395,-12.25305647712,15.4));
#455 = LINE('',#456,#457);
#456 = CARTESIAN_POINT('',(133.05866630099,-12.29268159553,15.4));
#457 = VECTOR('',#458,1.);
#458 = DIRECTION('',(-0.941544065183,0.336889853392,0.));
#459 = ORIENTED_EDGE('',*,*,#460,.T.);
#460 = EDGE_CURVE('',#453,#461,#463,.T.);
#461 = VERTEX_POINT('',#462);
#462 = CARTESIAN_POINT('',(132.83382605253,-12.22447705182,15.4));
#463 = LINE('',#464,#465);
#464 = CARTESIAN_POINT('',(132.94792151395,-12.25305647712,15.4));
#465 = VECTOR('',#466,1.);
#466 = DIRECTION('',(-0.970031253195,0.242980179903,0.));
#467 = ORIENTED_EDGE('',*,*,#468,.T.);
#468 = EDGE_CURVE('',#461,#469,#471,.T.);
#469 = VERTEX_POINT('',#470);
#470 = CARTESIAN_POINT('',(132.7174787184,-12.20721855511,15.4));
#471 = LINE('',#472,#473);
#472 = CARTESIAN_POINT('',(132.83382605253,-12.22447705182,15.4));
#473 = VECTOR('',#474,1.);
#474 = DIRECTION('',(-0.989176509965,0.146730474455,0.));
#475 = ORIENTED_EDGE('',*,*,#476,.T.);
#476 = EDGE_CURVE('',#469,#477,#479,.T.);
#477 = VERTEX_POINT('',#478);
#478 = CARTESIAN_POINT('',(132.57054165346,-12.2,15.4));
#479 = LINE('',#480,#481);
#480 = CARTESIAN_POINT('',(132.7174787184,-12.20721855511,15.4));
#481 = VECTOR('',#482,1.);
#482 = DIRECTION('',(-0.998795456205,4.906767432741E-02,0.));
#483 = ORIENTED_EDGE('',*,*,#484,.T.);
#484 = EDGE_CURVE('',#477,#485,#487,.T.);
#485 = VERTEX_POINT('',#486);
#486 = CARTESIAN_POINT('',(112.22945834653,-12.2,15.4));
#487 = LINE('',#488,#489);
#488 = CARTESIAN_POINT('',(132.57054165346,-12.2,15.4));
#489 = VECTOR('',#490,1.);
#490 = DIRECTION('',(-1.,0.,0.));
#491 = ORIENTED_EDGE('',*,*,#492,.T.);
#492 = EDGE_CURVE('',#485,#493,#495,.T.);
#493 = VERTEX_POINT('',#494);
#494 = CARTESIAN_POINT('',(112.20137942877,-12.20137942877,15.4));
#495 = LINE('',#496,#497);
#496 = CARTESIAN_POINT('',(112.22945834653,-12.2,15.4));
#497 = VECTOR('',#498,1.);
#498 = DIRECTION('',(-0.998795456205,-4.906767432741E-02,0.));
#499 = ORIENTED_EDGE('',*,*,#500,.T.);
#500 = EDGE_CURVE('',#493,#90,#501,.T.);
#501 = LINE('',#502,#503);
#502 = CARTESIAN_POINT('',(112.20137942877,-12.20137942877,15.4));
#503 = VECTOR('',#504,1.);
#504 = DIRECTION('',(-4.906767432758E-02,-0.998795456205,0.));
#505 = FACE_BOUND('',#506,.F.);
#506 = EDGE_LOOP('',(#507));
#507 = ORIENTED_EDGE('',*,*,#508,.T.);
#508 = EDGE_CURVE('',#509,#509,#511,.T.);
#509 = VERTEX_POINT('',#510);
#510 = CARTESIAN_POINT('',(124.4,-59.5,15.4));
#511 = CIRCLE('',#512,1.4);
#512 = AXIS2_PLACEMENT_3D('',#513,#514,#515);
#513 = CARTESIAN_POINT('',(123.,-59.5,15.4));
#514 = DIRECTION('',(0.,0.,-1.));
#515 = DIRECTION('',(1.,0.,0.));
#516 = FACE_BOUND('',#517,.F.);
#517 = EDGE_LOOP('',(#518,#528,#536,#544));
#518 = ORIENTED_EDGE('',*,*,#519,.T.);
#519 = EDGE_CURVE('',#520,#522,#524,.T.);
#520 = VERTEX_POINT('',#521);
#521 = CARTESIAN_POINT('',(130.05,-49.35,15.4));
#522 = VERTEX_POINT('',#523);
#523 = CARTESIAN_POINT('',(115.55,-49.35,15.4));
#524 = LINE('',#525,#526);
#525 = CARTESIAN_POINT('',(119.25608769591,-49.35,15.4));
#526 = VECTOR('',#527,1.);
#527 = DIRECTION('',(-1.,0.,0.));
#528 = ORIENTED_EDGE('',*,*,#529,.T.);
#529 = EDGE_CURVE('',#522,#530,#532,.T.);
#530 = VERTEX_POINT('',#531);
#531 = CARTESIAN_POINT('',(115.55,-18.25,15.4));
#532 = LINE('',#533,#534);
#533 = CARTESIAN_POINT('',(115.55,-44.22141870115,15.4));
#534 = VECTOR('',#535,1.);
#535 = DIRECTION('',(0.,1.,0.));
#536 = ORIENTED_EDGE('',*,*,#537,.F.);
#537 = EDGE_CURVE('',#538,#530,#540,.T.);
#538 = VERTEX_POINT('',#539);
#539 = CARTESIAN_POINT('',(130.05,-18.25,15.4));
#540 = LINE('',#541,#542);
#541 = CARTESIAN_POINT('',(119.25608769591,-18.25,15.4));
#542 = VECTOR('',#543,1.);
#543 = DIRECTION('',(-1.,0.,0.));
#544 = ORIENTED_EDGE('',*,*,#545,.F.);
#545 = EDGE_CURVE('',#520,#538,#546,.T.);
#546 = LINE('',#547,#548);
#547 = CARTESIAN_POINT('',(130.05,-44.22141870115,15.4));
#548 = VECTOR('',#549,1.);
#549 = DIRECTION('',(0.,1.,0.));
#550 = PLANE('',#551);
#551 = AXIS2_PLACEMENT_3D('',#552,#553,#554);
#552 = CARTESIAN_POINT('',(122.96217539183,-39.0928374023,15.4));
#553 = DIRECTION('',(0.,0.,1.));
#554 = DIRECTION('',(1.,0.,0.));
#555 = ADVANCED_FACE('',(#556),#567,.T.);
#556 = FACE_BOUND('',#557,.T.);
#557 = EDGE_LOOP('',(#558,#559,#565,#566));
#558 = ORIENTED_EDGE('',*,*,#247,.F.);
#559 = ORIENTED_EDGE('',*,*,#560,.T.);
#560 = EDGE_CURVE('',#240,#493,#561,.T.);
#561 = LINE('',#562,#563);
#562 = CARTESIAN_POINT('',(112.20137942877,-12.20137942877,6.2));
#563 = VECTOR('',#564,1.);
#564 = DIRECTION('',(0.,0.,1.));
#565 = ORIENTED_EDGE('',*,*,#500,.T.);
#566 = ORIENTED_EDGE('',*,*,#89,.F.);
#567 = PLANE('',#568);
#568 = AXIS2_PLACEMENT_3D('',#569,#570,#571);
#569 = CARTESIAN_POINT('',(112.20137942877,-12.20137942877,6.2));
#570 = DIRECTION('',(0.998795456205,-4.906767432758E-02,0.));
#571 = DIRECTION('',(-4.906767432758E-02,-0.998795456205,0.));
#572 = ADVANCED_FACE('',(#573),#685,.T.);
#573 = FACE_BOUND('',#574,.T.);
#574 = EDGE_LOOP('',(#575,#576,#582,#583,#591,#599,#607,#615,#623,#631,
    #639,#647,#655,#663,#671,#679));
#575 = ORIENTED_EDGE('',*,*,#146,.F.);
#576 = ORIENTED_EDGE('',*,*,#577,.T.);
#577 = EDGE_CURVE('',#147,#317,#578,.T.);
#578 = LINE('',#579,#580);
#579 = CARTESIAN_POINT('',(112.22945834653,-65.8,6.2));
#580 = VECTOR('',#581,1.);
#581 = DIRECTION('',(0.,0.,1.));
#582 = ORIENTED_EDGE('',*,*,#324,.T.);
#583 = ORIENTED_EDGE('',*,*,#584,.F.);
#584 = EDGE_CURVE('',#585,#325,#587,.T.);
#585 = VERTEX_POINT('',#586);
#586 = CARTESIAN_POINT('',(133.77054165346,-65.8,6.3));
#587 = LINE('',#588,#589);
#588 = CARTESIAN_POINT('',(133.77054165346,-65.8,6.2));
#589 = VECTOR('',#590,1.);
#590 = DIRECTION('',(0.,0.,1.));
#591 = ORIENTED_EDGE('',*,*,#592,.F.);
#592 = EDGE_CURVE('',#593,#585,#595,.T.);
#593 = VERTEX_POINT('',#594);
#594 = CARTESIAN_POINT('',(132.63285513502,-65.8,6.3));
#595 = LINE('',#596,#597);
#596 = CARTESIAN_POINT('',(112.21472917326,-65.8,6.3));
#597 = VECTOR('',#598,1.);
#598 = DIRECTION('',(1.,0.,0.));
#599 = ORIENTED_EDGE('',*,*,#600,.F.);
#600 = EDGE_CURVE('',#601,#593,#603,.T.);
#601 = VERTEX_POINT('',#602);
#602 = CARTESIAN_POINT('',(132.63285513502,-65.8,6.75));
#603 = LINE('',#604,#605);
#604 = CARTESIAN_POINT('',(132.63285513502,-65.8,5.3));
#605 = VECTOR('',#606,1.);
#606 = DIRECTION('',(-0.,-0.,-1.));
#607 = ORIENTED_EDGE('',*,*,#608,.F.);
#608 = EDGE_CURVE('',#609,#601,#611,.T.);
#609 = VERTEX_POINT('',#610);
#610 = CARTESIAN_POINT('',(128.56714486497,-65.8,6.75));
#611 = LINE('',#612,#613);
#612 = CARTESIAN_POINT('',(121.41472917326,-65.8,6.75));
#613 = VECTOR('',#614,1.);
#614 = DIRECTION('',(1.,0.,0.));
#615 = ORIENTED_EDGE('',*,*,#616,.T.);
#616 = EDGE_CURVE('',#609,#617,#619,.T.);
#617 = VERTEX_POINT('',#618);
#618 = CARTESIAN_POINT('',(128.56714486497,-65.8,6.3));
#619 = LINE('',#620,#621);
#620 = CARTESIAN_POINT('',(128.56714486497,-65.8,5.3));
#621 = VECTOR('',#622,1.);
#622 = DIRECTION('',(-0.,-0.,-1.));
#623 = ORIENTED_EDGE('',*,*,#624,.F.);
#624 = EDGE_CURVE('',#625,#617,#627,.T.);
#625 = VERTEX_POINT('',#626);
#626 = CARTESIAN_POINT('',(124.28744747806,-65.8,6.3));
#627 = LINE('',#628,#629);
#628 = CARTESIAN_POINT('',(112.21472917326,-65.8,6.3));
#629 = VECTOR('',#630,1.);
#630 = DIRECTION('',(1.,0.,0.));
#631 = ORIENTED_EDGE('',*,*,#632,.F.);
#632 = EDGE_CURVE('',#633,#625,#635,.T.);
#633 = VERTEX_POINT('',#634);
#634 = CARTESIAN_POINT('',(124.28744747806,-65.8,11.6));
#635 = LINE('',#636,#637);
#636 = CARTESIAN_POINT('',(124.28744747806,-65.8,6.3));
#637 = VECTOR('',#638,1.);
#638 = DIRECTION('',(-0.,-0.,-1.));
#639 = ORIENTED_EDGE('',*,*,#640,.F.);
#640 = EDGE_CURVE('',#641,#633,#643,.T.);
#641 = VERTEX_POINT('',#642);
#642 = CARTESIAN_POINT('',(121.31255252193,-65.8,11.6));
#643 = LINE('',#644,#645);
#644 = CARTESIAN_POINT('',(117.51472917326,-65.8,11.6));
#645 = VECTOR('',#646,1.);
#646 = DIRECTION('',(1.,0.,0.));
#647 = ORIENTED_EDGE('',*,*,#648,.T.);
#648 = EDGE_CURVE('',#641,#649,#651,.T.);
#649 = VERTEX_POINT('',#650);
#650 = CARTESIAN_POINT('',(121.31255252193,-65.8,6.3));
#651 = LINE('',#652,#653);
#652 = CARTESIAN_POINT('',(121.31255252193,-65.8,6.3));
#653 = VECTOR('',#654,1.);
#654 = DIRECTION('',(-0.,-0.,-1.));
#655 = ORIENTED_EDGE('',*,*,#656,.F.);
#656 = EDGE_CURVE('',#657,#649,#659,.T.);
#657 = VERTEX_POINT('',#658);
#658 = CARTESIAN_POINT('',(116.6289668856,-65.8,6.3));
#659 = LINE('',#660,#661);
#660 = CARTESIAN_POINT('',(112.21472917326,-65.8,6.3));
#661 = VECTOR('',#662,1.);
#662 = DIRECTION('',(1.,0.,0.));
#663 = ORIENTED_EDGE('',*,*,#664,.F.);
#664 = EDGE_CURVE('',#665,#657,#667,.T.);
#665 = VERTEX_POINT('',#666);
#666 = CARTESIAN_POINT('',(116.6289668856,-65.8,6.75));
#667 = LINE('',#668,#669);
#668 = CARTESIAN_POINT('',(116.6289668856,-65.8,5.3));
#669 = VECTOR('',#670,1.);
#670 = DIRECTION('',(-0.,-0.,-1.));
#671 = ORIENTED_EDGE('',*,*,#672,.F.);
#672 = EDGE_CURVE('',#673,#665,#675,.T.);
#673 = VERTEX_POINT('',#674);
#674 = CARTESIAN_POINT('',(112.37103311439,-65.8,6.75));
#675 = LINE('',#676,#677);
#676 = CARTESIAN_POINT('',(113.36472917326,-65.8,6.75));
#677 = VECTOR('',#678,1.);
#678 = DIRECTION('',(1.,0.,0.));
#679 = ORIENTED_EDGE('',*,*,#680,.T.);
#680 = EDGE_CURVE('',#673,#149,#681,.T.);
#681 = LINE('',#682,#683);
#682 = CARTESIAN_POINT('',(112.37103311439,-65.8,5.3));
#683 = VECTOR('',#684,1.);
#684 = DIRECTION('',(-0.,-0.,-1.));
#685 = PLANE('',#686);
#686 = AXIS2_PLACEMENT_3D('',#687,#688,#689);
#687 = CARTESIAN_POINT('',(112.22945834653,-65.8,6.2));
#688 = DIRECTION('',(0.,1.,0.));
#689 = DIRECTION('',(1.,0.,0.));
#690 = ADVANCED_FACE('',(#691),#697,.T.);
#691 = FACE_BOUND('',#692,.T.);
#692 = EDGE_LOOP('',(#693,#694,#695,#696));
#693 = ORIENTED_EDGE('',*,*,#265,.F.);
#694 = ORIENTED_EDGE('',*,*,#300,.T.);
#695 = ORIENTED_EDGE('',*,*,#316,.T.);
#696 = ORIENTED_EDGE('',*,*,#577,.F.);
#697 = PLANE('',#698);
#698 = AXIS2_PLACEMENT_3D('',#699,#700,#701);
#699 = CARTESIAN_POINT('',(112.20137942877,-65.79862057122,6.2));
#700 = DIRECTION('',(4.906767432757E-02,0.998795456205,0.));
#701 = DIRECTION('',(0.998795456205,-4.906767432757E-02,0.));
#702 = ADVANCED_FACE('',(#703),#714,.T.);
#703 = FACE_BOUND('',#704,.T.);
#704 = EDGE_LOOP('',(#705,#706,#712,#713));
#705 = ORIENTED_EDGE('',*,*,#239,.F.);
#706 = ORIENTED_EDGE('',*,*,#707,.T.);
#707 = EDGE_CURVE('',#232,#485,#708,.T.);
#708 = LINE('',#709,#710);
#709 = CARTESIAN_POINT('',(112.22945834653,-12.2,6.2));
#710 = VECTOR('',#711,1.);
#711 = DIRECTION('',(0.,0.,1.));
#712 = ORIENTED_EDGE('',*,*,#492,.T.);
#713 = ORIENTED_EDGE('',*,*,#560,.F.);
#714 = PLANE('',#715);
#715 = AXIS2_PLACEMENT_3D('',#716,#717,#718);
#716 = CARTESIAN_POINT('',(112.22945834653,-12.2,6.2));
#717 = DIRECTION('',(4.906767432741E-02,-0.998795456205,0.));
#718 = DIRECTION('',(-0.998795456205,-4.906767432741E-02,0.));
#719 = ADVANCED_FACE('',(#720),#747,.T.);
#720 = FACE_BOUND('',#721,.T.);
#721 = EDGE_LOOP('',(#722,#732,#738,#739,#740,#741));
#722 = ORIENTED_EDGE('',*,*,#723,.F.);
#723 = EDGE_CURVE('',#724,#726,#728,.T.);
#724 = VERTEX_POINT('',#725);
#725 = CARTESIAN_POINT('',(132.57054165346,-12.2,12.7));
#726 = VERTEX_POINT('',#727);
#727 = CARTESIAN_POINT('',(113.,-12.2,12.7));
#728 = LINE('',#729,#730);
#729 = CARTESIAN_POINT('',(122.78527082673,-12.2,12.7));
#730 = VECTOR('',#731,1.);
#731 = DIRECTION('',(-1.,0.,0.));
#732 = ORIENTED_EDGE('',*,*,#733,.T.);
#733 = EDGE_CURVE('',#724,#477,#734,.T.);
#734 = LINE('',#735,#736);
#735 = CARTESIAN_POINT('',(132.57054165346,-12.2,6.2));
#736 = VECTOR('',#737,1.);
#737 = DIRECTION('',(0.,0.,1.));
#738 = ORIENTED_EDGE('',*,*,#484,.T.);
#739 = ORIENTED_EDGE('',*,*,#707,.F.);
#740 = ORIENTED_EDGE('',*,*,#231,.F.);
#741 = ORIENTED_EDGE('',*,*,#742,.T.);
#742 = EDGE_CURVE('',#224,#726,#743,.T.);
#743 = LINE('',#744,#745);
#744 = CARTESIAN_POINT('',(113.,-12.2,6.2));
#745 = VECTOR('',#746,1.);
#746 = DIRECTION('',(0.,0.,1.));
#747 = PLANE('',#748);
#748 = AXIS2_PLACEMENT_3D('',#749,#750,#751);
#749 = CARTESIAN_POINT('',(132.57054165346,-12.2,6.2));
#750 = DIRECTION('',(0.,-1.,0.));
#751 = DIRECTION('',(-1.,0.,0.));
#752 = ADVANCED_FACE('',(#753),#771,.T.);
#753 = FACE_BOUND('',#754,.T.);
#754 = EDGE_LOOP('',(#755,#763,#764,#765));
#755 = ORIENTED_EDGE('',*,*,#756,.F.);
#756 = EDGE_CURVE('',#726,#757,#759,.T.);
#757 = VERTEX_POINT('',#758);
#758 = CARTESIAN_POINT('',(113.,-11.4,12.7));
#759 = LINE('',#760,#761);
#760 = CARTESIAN_POINT('',(113.,-48.1,12.7));
#761 = VECTOR('',#762,1.);
#762 = DIRECTION('',(0.,1.,0.));
#763 = ORIENTED_EDGE('',*,*,#742,.F.);
#764 = ORIENTED_EDGE('',*,*,#223,.F.);
#765 = ORIENTED_EDGE('',*,*,#766,.T.);
#766 = EDGE_CURVE('',#216,#757,#767,.T.);
#767 = LINE('',#768,#769);
#768 = CARTESIAN_POINT('',(113.,-11.4,6.2));
#769 = VECTOR('',#770,1.);
#770 = DIRECTION('',(0.,0.,1.));
#771 = PLANE('',#772);
#772 = AXIS2_PLACEMENT_3D('',#773,#774,#775);
#773 = CARTESIAN_POINT('',(113.,-48.1,6.2));
#774 = DIRECTION('',(1.,0.,0.));
#775 = DIRECTION('',(0.,0.,1.));
#776 = ADVANCED_FACE('',(#777),#827,.F.);
#777 = FACE_BOUND('',#778,.F.);
#778 = EDGE_LOOP('',(#779,#789,#797,#805,#813,#819,#820,#821));
#779 = ORIENTED_EDGE('',*,*,#780,.F.);
#780 = EDGE_CURVE('',#781,#783,#785,.T.);
#781 = VERTEX_POINT('',#782);
#782 = CARTESIAN_POINT('',(132.6,-11.4,6.3));
#783 = VERTEX_POINT('',#784);
#784 = CARTESIAN_POINT('',(132.6,-11.4,12.7));
#785 = LINE('',#786,#787);
#786 = CARTESIAN_POINT('',(132.6,-11.4,6.2));
#787 = VECTOR('',#788,1.);
#788 = DIRECTION('',(0.,0.,1.));
#789 = ORIENTED_EDGE('',*,*,#790,.F.);
#790 = EDGE_CURVE('',#791,#781,#793,.T.);
#791 = VERTEX_POINT('',#792);
#792 = CARTESIAN_POINT('',(129.3,-11.4,6.3));
#793 = LINE('',#794,#795);
#794 = CARTESIAN_POINT('',(112.6,-11.4,6.3));
#795 = VECTOR('',#796,1.);
#796 = DIRECTION('',(1.,0.,0.));
#797 = ORIENTED_EDGE('',*,*,#798,.T.);
#798 = EDGE_CURVE('',#791,#799,#801,.T.);
#799 = VERTEX_POINT('',#800);
#800 = CARTESIAN_POINT('',(129.3,-11.4,11.8));
#801 = LINE('',#802,#803);
#802 = CARTESIAN_POINT('',(129.3,-11.4,6.2));
#803 = VECTOR('',#804,1.);
#804 = DIRECTION('',(0.,0.,1.));
#805 = ORIENTED_EDGE('',*,*,#806,.T.);
#806 = EDGE_CURVE('',#799,#807,#809,.T.);
#807 = VERTEX_POINT('',#808);
#808 = CARTESIAN_POINT('',(116.3,-11.4,11.8));
#809 = LINE('',#810,#811);
#810 = CARTESIAN_POINT('',(114.65,-11.4,11.8));
#811 = VECTOR('',#812,1.);
#812 = DIRECTION('',(-1.,0.,0.));
#813 = ORIENTED_EDGE('',*,*,#814,.F.);
#814 = EDGE_CURVE('',#208,#807,#815,.T.);
#815 = LINE('',#816,#817);
#816 = CARTESIAN_POINT('',(116.3,-11.4,6.2));
#817 = VECTOR('',#818,1.);
#818 = DIRECTION('',(0.,0.,1.));
#819 = ORIENTED_EDGE('',*,*,#215,.F.);
#820 = ORIENTED_EDGE('',*,*,#766,.T.);
#821 = ORIENTED_EDGE('',*,*,#822,.T.);
#822 = EDGE_CURVE('',#757,#783,#823,.T.);
#823 = LINE('',#824,#825);
#824 = CARTESIAN_POINT('',(113.,-11.4,12.7));
#825 = VECTOR('',#826,1.);
#826 = DIRECTION('',(1.,0.,0.));
#827 = PLANE('',#828);
#828 = AXIS2_PLACEMENT_3D('',#829,#830,#831);
#829 = CARTESIAN_POINT('',(113.,-11.4,6.2));
#830 = DIRECTION('',(0.,1.,0.));
#831 = DIRECTION('',(0.,0.,1.));
#832 = ADVANCED_FACE('',(#833),#851,.T.);
#833 = FACE_BOUND('',#834,.T.);
#834 = EDGE_LOOP('',(#835,#843,#844,#845));
#835 = ORIENTED_EDGE('',*,*,#836,.F.);
#836 = EDGE_CURVE('',#807,#837,#839,.T.);
#837 = VERTEX_POINT('',#838);
#838 = CARTESIAN_POINT('',(116.3,-11.,11.8));
#839 = LINE('',#840,#841);
#840 = CARTESIAN_POINT('',(116.3,-20.,11.8));
#841 = VECTOR('',#842,1.);
#842 = DIRECTION('',(0.,1.,0.));
#843 = ORIENTED_EDGE('',*,*,#814,.F.);
#844 = ORIENTED_EDGE('',*,*,#207,.F.);
#845 = ORIENTED_EDGE('',*,*,#846,.T.);
#846 = EDGE_CURVE('',#200,#837,#847,.T.);
#847 = LINE('',#848,#849);
#848 = CARTESIAN_POINT('',(116.3,-11.,10.8));
#849 = VECTOR('',#850,1.);
#850 = DIRECTION('',(0.,0.,1.));
#851 = PLANE('',#852);
#852 = AXIS2_PLACEMENT_3D('',#853,#854,#855);
#853 = CARTESIAN_POINT('',(116.3,-20.,6.2));
#854 = DIRECTION('',(1.,0.,0.));
#855 = DIRECTION('',(0.,0.,1.));
#856 = ADVANCED_FACE('',(#857),#905,.F.);
#857 = FACE_BOUND('',#858,.F.);
#858 = EDGE_LOOP('',(#859,#866,#867,#868,#876,#884,#892,#899));
#859 = ORIENTED_EDGE('',*,*,#860,.F.);
#860 = EDGE_CURVE('',#191,#861,#863,.T.);
#861 = VERTEX_POINT('',#862);
#862 = CARTESIAN_POINT('',(112.2,-11.,15.4));
#863 = B_SPLINE_CURVE_WITH_KNOTS('',1,(#864,#865),.UNSPECIFIED.,.F.,.F.,
  (2,2),(0.,1.),.PIECEWISE_BEZIER_KNOTS.);
#864 = CARTESIAN_POINT('',(112.2,-11.,6.3));
#865 = CARTESIAN_POINT('',(112.2,-11.,15.4));
#866 = ORIENTED_EDGE('',*,*,#199,.T.);
#867 = ORIENTED_EDGE('',*,*,#846,.T.);
#868 = ORIENTED_EDGE('',*,*,#869,.F.);
#869 = EDGE_CURVE('',#870,#837,#872,.T.);
#870 = VERTEX_POINT('',#871);
#871 = CARTESIAN_POINT('',(129.3,-11.,11.8));
#872 = LINE('',#873,#874);
#873 = CARTESIAN_POINT('',(114.25,-11.,11.8));
#874 = VECTOR('',#875,1.);
#875 = DIRECTION('',(-1.,0.,0.));
#876 = ORIENTED_EDGE('',*,*,#877,.F.);
#877 = EDGE_CURVE('',#878,#870,#880,.T.);
#878 = VERTEX_POINT('',#879);
#879 = CARTESIAN_POINT('',(129.3,-11.,6.3));
#880 = LINE('',#881,#882);
#881 = CARTESIAN_POINT('',(129.3,-11.,10.8));
#882 = VECTOR('',#883,1.);
#883 = DIRECTION('',(0.,0.,1.));
#884 = ORIENTED_EDGE('',*,*,#885,.T.);
#885 = EDGE_CURVE('',#878,#886,#888,.T.);
#886 = VERTEX_POINT('',#887);
#887 = CARTESIAN_POINT('',(132.6,-11.,6.3));
#888 = LINE('',#889,#890);
#889 = CARTESIAN_POINT('',(112.2,-11.,6.3));
#890 = VECTOR('',#891,1.);
#891 = DIRECTION('',(1.,0.,0.));
#892 = ORIENTED_EDGE('',*,*,#893,.T.);
#893 = EDGE_CURVE('',#886,#894,#896,.T.);
#894 = VERTEX_POINT('',#895);
#895 = CARTESIAN_POINT('',(132.6,-11.,15.4));
#896 = B_SPLINE_CURVE_WITH_KNOTS('',1,(#897,#898),.UNSPECIFIED.,.F.,.F.,
  (2,2),(0.,1.),.PIECEWISE_BEZIER_KNOTS.);
#897 = CARTESIAN_POINT('',(132.6,-11.,6.3));
#898 = CARTESIAN_POINT('',(132.6,-11.,15.4));
#899 = ORIENTED_EDGE('',*,*,#900,.F.);
#900 = EDGE_CURVE('',#861,#894,#901,.T.);
#901 = LINE('',#902,#903);
#902 = CARTESIAN_POINT('',(112.2,-11.,15.4));
#903 = VECTOR('',#904,1.);
#904 = DIRECTION('',(1.,0.,0.));
#905 = PLANE('',#906);
#906 = AXIS2_PLACEMENT_3D('',#907,#908,#909);
#907 = CARTESIAN_POINT('',(112.2,-11.,15.4));
#908 = DIRECTION('',(0.,-1.,0.));
#909 = DIRECTION('',(1.,0.,0.));
#910 = ADVANCED_FACE('',(#911),#929,.T.);
#911 = FACE_BOUND('',#912,.F.);
#912 = EDGE_LOOP('',(#913,#914,#915,#924));
#913 = ORIENTED_EDGE('',*,*,#190,.T.);
#914 = ORIENTED_EDGE('',*,*,#860,.T.);
#915 = ORIENTED_EDGE('',*,*,#916,.F.);
#916 = EDGE_CURVE('',#917,#861,#919,.T.);
#917 = VERTEX_POINT('',#918);
#918 = CARTESIAN_POINT('',(111.,-12.2,15.4));
#919 = CIRCLE('',#920,1.2);
#920 = AXIS2_PLACEMENT_3D('',#921,#922,#923);
#921 = CARTESIAN_POINT('',(112.2,-12.2,15.4));
#922 = DIRECTION('',(0.,0.,-1.));
#923 = DIRECTION('',(-1.,4.440892098501E-15,0.));
#924 = ORIENTED_EDGE('',*,*,#925,.F.);
#925 = EDGE_CURVE('',#183,#917,#926,.T.);
#926 = B_SPLINE_CURVE_WITH_KNOTS('',1,(#927,#928),.UNSPECIFIED.,.F.,.F.,
  (2,2),(0.,1.),.PIECEWISE_BEZIER_KNOTS.);
#927 = CARTESIAN_POINT('',(111.,-12.2,6.3));
#928 = CARTESIAN_POINT('',(111.,-12.2,15.4));
#929 = CYLINDRICAL_SURFACE('',#930,1.2);
#930 = AXIS2_PLACEMENT_3D('',#931,#932,#933);
#931 = CARTESIAN_POINT('',(112.2,-12.2,6.3));
#932 = DIRECTION('',(0.,0.,1.));
#933 = DIRECTION('',(-1.,4.440892098501E-15,0.));
#934 = ADVANCED_FACE('',(#935),#952,.F.);
#935 = FACE_BOUND('',#936,.F.);
#936 = EDGE_LOOP('',(#937,#938,#939,#947));
#937 = ORIENTED_EDGE('',*,*,#182,.T.);
#938 = ORIENTED_EDGE('',*,*,#925,.T.);
#939 = ORIENTED_EDGE('',*,*,#940,.F.);
#940 = EDGE_CURVE('',#941,#917,#943,.T.);
#941 = VERTEX_POINT('',#942);
#942 = CARTESIAN_POINT('',(111.,-65.8,15.4));
#943 = LINE('',#944,#945);
#944 = CARTESIAN_POINT('',(111.,-65.8,15.4));
#945 = VECTOR('',#946,1.);
#946 = DIRECTION('',(0.,1.,0.));
#947 = ORIENTED_EDGE('',*,*,#948,.F.);
#948 = EDGE_CURVE('',#174,#941,#949,.T.);
#949 = B_SPLINE_CURVE_WITH_KNOTS('',1,(#950,#951),.UNSPECIFIED.,.F.,.F.,
  (2,2),(0.,1.),.PIECEWISE_BEZIER_KNOTS.);
#950 = CARTESIAN_POINT('',(111.,-65.8,6.3));
#951 = CARTESIAN_POINT('',(111.,-65.8,15.4));
#952 = PLANE('',#953);
#953 = AXIS2_PLACEMENT_3D('',#954,#955,#956);
#954 = CARTESIAN_POINT('',(111.,-65.8,15.4));
#955 = DIRECTION('',(1.,0.,0.));
#956 = DIRECTION('',(0.,1.,0.));
#957 = ADVANCED_FACE('',(#958),#976,.T.);
#958 = FACE_BOUND('',#959,.F.);
#959 = EDGE_LOOP('',(#960,#961,#962,#971));
#960 = ORIENTED_EDGE('',*,*,#173,.T.);
#961 = ORIENTED_EDGE('',*,*,#948,.T.);
#962 = ORIENTED_EDGE('',*,*,#963,.F.);
#963 = EDGE_CURVE('',#964,#941,#966,.T.);
#964 = VERTEX_POINT('',#965);
#965 = CARTESIAN_POINT('',(112.2,-67.,15.4));
#966 = CIRCLE('',#967,1.2);
#967 = AXIS2_PLACEMENT_3D('',#968,#969,#970);
#968 = CARTESIAN_POINT('',(112.2,-65.8,15.4));
#969 = DIRECTION('',(0.,0.,-1.));
#970 = DIRECTION('',(0.,-1.,0.));
#971 = ORIENTED_EDGE('',*,*,#972,.F.);
#972 = EDGE_CURVE('',#166,#964,#973,.T.);
#973 = B_SPLINE_CURVE_WITH_KNOTS('',1,(#974,#975),.UNSPECIFIED.,.F.,.F.,
  (2,2),(0.,1.),.PIECEWISE_BEZIER_KNOTS.);
#974 = CARTESIAN_POINT('',(112.2,-67.,6.3));
#975 = CARTESIAN_POINT('',(112.2,-67.,15.4));
#976 = CYLINDRICAL_SURFACE('',#977,1.2);
#977 = AXIS2_PLACEMENT_3D('',#978,#979,#980);
#978 = CARTESIAN_POINT('',(112.2,-65.8,6.3));
#979 = DIRECTION('',(0.,0.,1.));
#980 = DIRECTION('',(0.,-1.,0.));
#981 = ADVANCED_FACE('',(#982),#1063,.F.);
#982 = FACE_BOUND('',#983,.F.);
#983 = EDGE_LOOP('',(#984,#993,#1001,#1009,#1017,#1025,#1033,#1041,#1049
    ,#1055,#1056,#1057));
#984 = ORIENTED_EDGE('',*,*,#985,.F.);
#985 = EDGE_CURVE('',#986,#988,#990,.T.);
#986 = VERTEX_POINT('',#987);
#987 = CARTESIAN_POINT('',(133.8,-67.,6.3));
#988 = VERTEX_POINT('',#989);
#989 = CARTESIAN_POINT('',(133.8,-67.,15.4));
#990 = B_SPLINE_CURVE_WITH_KNOTS('',1,(#991,#992),.UNSPECIFIED.,.F.,.F.,
  (2,2),(0.,1.),.PIECEWISE_BEZIER_KNOTS.);
#991 = CARTESIAN_POINT('',(133.8,-67.,6.3));
#992 = CARTESIAN_POINT('',(133.8,-67.,15.4));
#993 = ORIENTED_EDGE('',*,*,#994,.T.);
#994 = EDGE_CURVE('',#986,#995,#997,.T.);
#995 = VERTEX_POINT('',#996);
#996 = CARTESIAN_POINT('',(132.69105236663,-67.,6.3));
#997 = LINE('',#998,#999);
#998 = CARTESIAN_POINT('',(133.8,-67.,6.3));
#999 = VECTOR('',#1000,1.);
#1000 = DIRECTION('',(-1.,0.,0.));
#1001 = ORIENTED_EDGE('',*,*,#1002,.F.);
#1002 = EDGE_CURVE('',#1003,#995,#1005,.T.);
#1003 = VERTEX_POINT('',#1004);
#1004 = CARTESIAN_POINT('',(132.69105236663,-67.,6.75));
#1005 = LINE('',#1006,#1007);
#1006 = CARTESIAN_POINT('',(132.69105236663,-67.,5.3));
#1007 = VECTOR('',#1008,1.);
#1008 = DIRECTION('',(-0.,-0.,-1.));
#1009 = ORIENTED_EDGE('',*,*,#1010,.F.);
#1010 = EDGE_CURVE('',#1011,#1003,#1013,.T.);
#1011 = VERTEX_POINT('',#1012);
#1012 = CARTESIAN_POINT('',(128.50894763336,-67.,6.75));
#1013 = LINE('',#1014,#1015);
#1014 = CARTESIAN_POINT('',(132.2,-67.,6.75));
#1015 = VECTOR('',#1016,1.);
#1016 = DIRECTION('',(1.,0.,0.));
#1017 = ORIENTED_EDGE('',*,*,#1018,.T.);
#1018 = EDGE_CURVE('',#1011,#1019,#1021,.T.);
#1019 = VERTEX_POINT('',#1020);
#1020 = CARTESIAN_POINT('',(128.50894763336,-67.,6.3));
#1021 = LINE('',#1022,#1023);
#1022 = CARTESIAN_POINT('',(128.50894763336,-67.,5.3));
#1023 = VECTOR('',#1024,1.);
#1024 = DIRECTION('',(-0.,-0.,-1.));
#1025 = ORIENTED_EDGE('',*,*,#1026,.T.);
#1026 = EDGE_CURVE('',#1019,#1027,#1029,.T.);
#1027 = VERTEX_POINT('',#1028);
#1028 = CARTESIAN_POINT('',(116.04029218007,-67.,6.3));
#1029 = LINE('',#1030,#1031);
#1030 = CARTESIAN_POINT('',(133.8,-67.,6.3));
#1031 = VECTOR('',#1032,1.);
#1032 = DIRECTION('',(-1.,0.,0.));
#1033 = ORIENTED_EDGE('',*,*,#1034,.F.);
#1034 = EDGE_CURVE('',#1035,#1027,#1037,.T.);
#1035 = VERTEX_POINT('',#1036);
#1036 = CARTESIAN_POINT('',(116.04029218007,-67.,6.75));
#1037 = LINE('',#1038,#1039);
#1038 = CARTESIAN_POINT('',(116.04029218007,-67.,5.3));
#1039 = VECTOR('',#1040,1.);
#1040 = DIRECTION('',(-0.,-0.,-1.));
#1041 = ORIENTED_EDGE('',*,*,#1042,.F.);
#1042 = EDGE_CURVE('',#1043,#1035,#1045,.T.);
#1043 = VERTEX_POINT('',#1044);
#1044 = CARTESIAN_POINT('',(112.95970781992,-67.,6.75));
#1045 = LINE('',#1046,#1047);
#1046 = CARTESIAN_POINT('',(124.15,-67.,6.75));
#1047 = VECTOR('',#1048,1.);
#1048 = DIRECTION('',(1.,0.,0.));
#1049 = ORIENTED_EDGE('',*,*,#1050,.T.);
#1050 = EDGE_CURVE('',#1043,#157,#1051,.T.);
#1051 = LINE('',#1052,#1053);
#1052 = CARTESIAN_POINT('',(112.95970781992,-67.,5.3));
#1053 = VECTOR('',#1054,1.);
#1054 = DIRECTION('',(-0.,-0.,-1.));
#1055 = ORIENTED_EDGE('',*,*,#165,.T.);
#1056 = ORIENTED_EDGE('',*,*,#972,.T.);
#1057 = ORIENTED_EDGE('',*,*,#1058,.F.);
#1058 = EDGE_CURVE('',#988,#964,#1059,.T.);
#1059 = LINE('',#1060,#1061);
#1060 = CARTESIAN_POINT('',(133.8,-67.,15.4));
#1061 = VECTOR('',#1062,1.);
#1062 = DIRECTION('',(-1.,0.,0.));
#1063 = PLANE('',#1064);
#1064 = AXIS2_PLACEMENT_3D('',#1065,#1066,#1067);
#1065 = CARTESIAN_POINT('',(133.8,-67.,15.4));
#1066 = DIRECTION('',(0.,1.,0.));
#1067 = DIRECTION('',(-1.,0.,0.));
#1068 = ADVANCED_FACE('',(#1069),#1081,.F.);
#1069 = FACE_BOUND('',#1070,.T.);
#1070 = EDGE_LOOP('',(#1071,#1072,#1079,#1080));
#1071 = ORIENTED_EDGE('',*,*,#680,.F.);
#1072 = ORIENTED_EDGE('',*,*,#1073,.T.);
#1073 = EDGE_CURVE('',#673,#1043,#1074,.T.);
#1074 = CIRCLE('',#1075,2.15);
#1075 = AXIS2_PLACEMENT_3D('',#1076,#1077,#1078);
#1076 = CARTESIAN_POINT('',(114.5,-65.5,6.75));
#1077 = DIRECTION('',(0.,0.,1.));
#1078 = DIRECTION('',(1.,0.,0.));
#1079 = ORIENTED_EDGE('',*,*,#1050,.T.);
#1080 = ORIENTED_EDGE('',*,*,#156,.T.);
#1081 = CYLINDRICAL_SURFACE('',#1082,2.15);
#1082 = AXIS2_PLACEMENT_3D('',#1083,#1084,#1085);
#1083 = CARTESIAN_POINT('',(114.5,-65.5,5.3));
#1084 = DIRECTION('',(-0.,-0.,-1.));
#1085 = DIRECTION('',(1.,0.,0.));
#1086 = ADVANCED_FACE('',(#1087),#1106,.F.);
#1087 = FACE_BOUND('',#1088,.T.);
#1088 = EDGE_LOOP('',(#1089,#1090,#1098,#1105));
#1089 = ORIENTED_EDGE('',*,*,#273,.T.);
#1090 = ORIENTED_EDGE('',*,*,#1091,.T.);
#1091 = EDGE_CURVE('',#274,#1092,#1094,.T.);
#1092 = VERTEX_POINT('',#1093);
#1093 = CARTESIAN_POINT('',(114.6,-52.8,6.8));
#1094 = LINE('',#1095,#1096);
#1095 = CARTESIAN_POINT('',(114.6,-52.8,6.2));
#1096 = VECTOR('',#1097,1.);
#1097 = DIRECTION('',(0.,0.,1.));
#1098 = ORIENTED_EDGE('',*,*,#1099,.T.);
#1099 = EDGE_CURVE('',#1092,#1092,#1100,.T.);
#1100 = CIRCLE('',#1101,1.6);
#1101 = AXIS2_PLACEMENT_3D('',#1102,#1103,#1104);
#1102 = CARTESIAN_POINT('',(113.,-52.8,6.8));
#1103 = DIRECTION('',(0.,0.,1.));
#1104 = DIRECTION('',(1.,0.,0.));
#1105 = ORIENTED_EDGE('',*,*,#1091,.F.);
#1106 = CYLINDRICAL_SURFACE('',#1107,1.6);
#1107 = AXIS2_PLACEMENT_3D('',#1108,#1109,#1110);
#1108 = CARTESIAN_POINT('',(113.,-52.8,6.2));
#1109 = DIRECTION('',(-0.,-0.,-1.));
#1110 = DIRECTION('',(1.,0.,0.));
#1111 = ADVANCED_FACE('',(#1112),#1146,.T.);
#1112 = FACE_BOUND('',#1113,.T.);
#1113 = EDGE_LOOP('',(#1114,#1124,#1130,#1131,#1132,#1140));
#1114 = ORIENTED_EDGE('',*,*,#1115,.F.);
#1115 = EDGE_CURVE('',#1116,#1118,#1120,.T.);
#1116 = VERTEX_POINT('',#1117);
#1117 = CARTESIAN_POINT('',(132.7174787184,-12.20721855511,6.3));
#1118 = VERTEX_POINT('',#1119);
#1119 = CARTESIAN_POINT('',(132.6,-12.20144719576,6.3));
#1120 = LINE('',#1121,#1122);
#1121 = CARTESIAN_POINT('',(122.48326179067,-11.70444371759,6.3));
#1122 = VECTOR('',#1123,1.);
#1123 = DIRECTION('',(-0.998795456205,4.906767432741E-02,0.));
#1124 = ORIENTED_EDGE('',*,*,#1125,.T.);
#1125 = EDGE_CURVE('',#1116,#469,#1126,.T.);
#1126 = LINE('',#1127,#1128);
#1127 = CARTESIAN_POINT('',(132.7174787184,-12.20721855511,6.2));
#1128 = VECTOR('',#1129,1.);
#1129 = DIRECTION('',(0.,0.,1.));
#1130 = ORIENTED_EDGE('',*,*,#476,.T.);
#1131 = ORIENTED_EDGE('',*,*,#733,.F.);
#1132 = ORIENTED_EDGE('',*,*,#1133,.F.);
#1133 = EDGE_CURVE('',#1134,#724,#1136,.T.);
#1134 = VERTEX_POINT('',#1135);
#1135 = CARTESIAN_POINT('',(132.6,-12.20144719576,12.7));
#1136 = LINE('',#1137,#1138);
#1137 = CARTESIAN_POINT('',(123.76200257046,-11.76726422378,12.7));
#1138 = VECTOR('',#1139,1.);
#1139 = DIRECTION('',(-0.998795456205,4.906767432741E-02,0.));
#1140 = ORIENTED_EDGE('',*,*,#1141,.F.);
#1141 = EDGE_CURVE('',#1118,#1134,#1142,.T.);
#1142 = LINE('',#1143,#1144);
#1143 = CARTESIAN_POINT('',(132.6,-12.20144719576,6.2));
#1144 = VECTOR('',#1145,1.);
#1145 = DIRECTION('',(0.,0.,1.));
#1146 = PLANE('',#1147);
#1147 = AXIS2_PLACEMENT_3D('',#1148,#1149,#1150);
#1148 = CARTESIAN_POINT('',(132.7174787184,-12.20721855511,6.2));
#1149 = DIRECTION('',(-4.906767432741E-02,-0.998795456205,0.));
#1150 = DIRECTION('',(-0.998795456205,4.906767432741E-02,0.));
#1151 = ADVANCED_FACE('',(#1152),#1170,.T.);
#1152 = FACE_BOUND('',#1153,.T.);
#1153 = EDGE_LOOP('',(#1154,#1162,#1163,#1164));
#1154 = ORIENTED_EDGE('',*,*,#1155,.F.);
#1155 = EDGE_CURVE('',#585,#1156,#1158,.T.);
#1156 = VERTEX_POINT('',#1157);
#1157 = CARTESIAN_POINT('',(133.79862057122,-65.79862057122,6.3));
#1158 = LINE('',#1159,#1160);
#1159 = CARTESIAN_POINT('',(124.32466752062,-66.26404603946,6.3));
#1160 = VECTOR('',#1161,1.);
#1161 = DIRECTION('',(0.998795456205,4.906767432757E-02,0.));
#1162 = ORIENTED_EDGE('',*,*,#584,.T.);
#1163 = ORIENTED_EDGE('',*,*,#332,.T.);
#1164 = ORIENTED_EDGE('',*,*,#1165,.F.);
#1165 = EDGE_CURVE('',#1156,#333,#1166,.T.);
#1166 = LINE('',#1167,#1168);
#1167 = CARTESIAN_POINT('',(133.79862057122,-65.79862057122,6.2));
#1168 = VECTOR('',#1169,1.);
#1169 = DIRECTION('',(0.,0.,1.));
#1170 = PLANE('',#1171);
#1171 = AXIS2_PLACEMENT_3D('',#1172,#1173,#1174);
#1172 = CARTESIAN_POINT('',(133.77054165346,-65.8,6.2));
#1173 = DIRECTION('',(-4.906767432757E-02,0.998795456205,0.));
#1174 = DIRECTION('',(0.998795456205,4.906767432757E-02,0.));
#1175 = ADVANCED_FACE('',(#1176),#1194,.T.);
#1176 = FACE_BOUND('',#1177,.T.);
#1177 = EDGE_LOOP('',(#1178,#1186,#1192,#1193));
#1178 = ORIENTED_EDGE('',*,*,#1179,.F.);
#1179 = EDGE_CURVE('',#1180,#1116,#1182,.T.);
#1180 = VERTEX_POINT('',#1181);
#1181 = CARTESIAN_POINT('',(132.83382605253,-12.22447705182,6.3));
#1182 = LINE('',#1183,#1184);
#1183 = CARTESIAN_POINT('',(122.73725810358,-10.72679267436,6.3));
#1184 = VECTOR('',#1185,1.);
#1185 = DIRECTION('',(-0.989176509965,0.146730474455,0.));
#1186 = ORIENTED_EDGE('',*,*,#1187,.T.);
#1187 = EDGE_CURVE('',#1180,#461,#1188,.T.);
#1188 = LINE('',#1189,#1190);
#1189 = CARTESIAN_POINT('',(132.83382605253,-12.22447705182,6.2));
#1190 = VECTOR('',#1191,1.);
#1191 = DIRECTION('',(0.,0.,1.));
#1192 = ORIENTED_EDGE('',*,*,#468,.T.);
#1193 = ORIENTED_EDGE('',*,*,#1125,.F.);
#1194 = PLANE('',#1195);
#1195 = AXIS2_PLACEMENT_3D('',#1196,#1197,#1198);
#1196 = CARTESIAN_POINT('',(132.83382605253,-12.22447705182,6.2));
#1197 = DIRECTION('',(-0.146730474455,-0.989176509965,0.));
#1198 = DIRECTION('',(-0.989176509965,0.146730474455,0.));
#1199 = ADVANCED_FACE('',(#1200),#1218,.T.);
#1200 = FACE_BOUND('',#1201,.T.);
#1201 = EDGE_LOOP('',(#1202,#1210,#1211,#1212));
#1202 = ORIENTED_EDGE('',*,*,#1203,.F.);
#1203 = EDGE_CURVE('',#1156,#1204,#1206,.T.);
#1204 = VERTEX_POINT('',#1205);
#1205 = CARTESIAN_POINT('',(133.8,-65.77054165346,6.3));
#1206 = LINE('',#1207,#1208);
#1207 = CARTESIAN_POINT('',(135.08601563433,-39.59309204348,6.3));
#1208 = VECTOR('',#1209,1.);
#1209 = DIRECTION('',(4.906767432734E-02,0.998795456205,0.));
#1210 = ORIENTED_EDGE('',*,*,#1165,.T.);
#1211 = ORIENTED_EDGE('',*,*,#340,.T.);
#1212 = ORIENTED_EDGE('',*,*,#1213,.F.);
#1213 = EDGE_CURVE('',#1204,#341,#1214,.T.);
#1214 = LINE('',#1215,#1216);
#1215 = CARTESIAN_POINT('',(133.8,-65.77054165346,6.2));
#1216 = VECTOR('',#1217,1.);
#1217 = DIRECTION('',(0.,0.,1.));
#1218 = PLANE('',#1219);
#1219 = AXIS2_PLACEMENT_3D('',#1220,#1221,#1222);
#1220 = CARTESIAN_POINT('',(133.79862057122,-65.79862057122,6.2));
#1221 = DIRECTION('',(-0.998795456205,4.906767432734E-02,0.));
#1222 = DIRECTION('',(4.906767432734E-02,0.998795456205,0.));
#1223 = ADVANCED_FACE('',(#1224),#1242,.T.);
#1224 = FACE_BOUND('',#1225,.T.);
#1225 = EDGE_LOOP('',(#1226,#1234,#1240,#1241));
#1226 = ORIENTED_EDGE('',*,*,#1227,.F.);
#1227 = EDGE_CURVE('',#1228,#1180,#1230,.T.);
#1228 = VERTEX_POINT('',#1229);
#1229 = CARTESIAN_POINT('',(132.94792151395,-12.25305647712,6.3));
#1230 = LINE('',#1231,#1232);
#1231 = CARTESIAN_POINT('',(123.18018017937,-9.806364642288,6.3));
#1232 = VECTOR('',#1233,1.);
#1233 = DIRECTION('',(-0.970031253195,0.242980179903,0.));
#1234 = ORIENTED_EDGE('',*,*,#1235,.T.);
#1235 = EDGE_CURVE('',#1228,#453,#1236,.T.);
#1236 = LINE('',#1237,#1238);
#1237 = CARTESIAN_POINT('',(132.94792151395,-12.25305647712,6.2));
#1238 = VECTOR('',#1239,1.);
#1239 = DIRECTION('',(0.,0.,1.));
#1240 = ORIENTED_EDGE('',*,*,#460,.T.);
#1241 = ORIENTED_EDGE('',*,*,#1187,.F.);
#1242 = PLANE('',#1243);
#1243 = AXIS2_PLACEMENT_3D('',#1244,#1245,#1246);
#1244 = CARTESIAN_POINT('',(132.94792151395,-12.25305647712,6.2));
#1245 = DIRECTION('',(-0.242980179903,-0.970031253195,0.));
#1246 = DIRECTION('',(-0.970031253195,0.242980179903,0.));
#1247 = ADVANCED_FACE('',(#1248),#1330,.T.);
#1248 = FACE_BOUND('',#1249,.T.);
#1249 = EDGE_LOOP('',(#1250,#1258,#1259,#1260,#1268,#1276,#1284,#1292,
    #1300,#1308,#1316,#1324));
#1250 = ORIENTED_EDGE('',*,*,#1251,.F.);
#1251 = EDGE_CURVE('',#1204,#1252,#1254,.T.);
#1252 = VERTEX_POINT('',#1253);
#1253 = CARTESIAN_POINT('',(133.8,-63.9,6.3));
#1254 = LINE('',#1255,#1256);
#1255 = CARTESIAN_POINT('',(133.8,-38.98527082673,6.3));
#1256 = VECTOR('',#1257,1.);
#1257 = DIRECTION('',(0.,1.,0.));
#1258 = ORIENTED_EDGE('',*,*,#1213,.T.);
#1259 = ORIENTED_EDGE('',*,*,#348,.T.);
#1260 = ORIENTED_EDGE('',*,*,#1261,.F.);
#1261 = EDGE_CURVE('',#1262,#349,#1264,.T.);
#1262 = VERTEX_POINT('',#1263);
#1263 = CARTESIAN_POINT('',(133.8,-13.42945834653,6.3));
#1264 = LINE('',#1265,#1266);
#1265 = CARTESIAN_POINT('',(133.8,-13.42945834653,6.2));
#1266 = VECTOR('',#1267,1.);
#1267 = DIRECTION('',(0.,0.,1.));
#1268 = ORIENTED_EDGE('',*,*,#1269,.F.);
#1269 = EDGE_CURVE('',#1270,#1262,#1272,.T.);
#1270 = VERTEX_POINT('',#1271);
#1271 = CARTESIAN_POINT('',(133.8,-51.13191726823,6.3));
#1272 = LINE('',#1273,#1274);
#1273 = CARTESIAN_POINT('',(133.8,-38.98527082673,6.3));
#1274 = VECTOR('',#1275,1.);
#1275 = DIRECTION('',(0.,1.,0.));
#1276 = ORIENTED_EDGE('',*,*,#1277,.F.);
#1277 = EDGE_CURVE('',#1278,#1270,#1280,.T.);
#1278 = VERTEX_POINT('',#1279);
#1279 = CARTESIAN_POINT('',(133.8,-51.13191726823,11.6));
#1280 = LINE('',#1281,#1282);
#1281 = CARTESIAN_POINT('',(133.8,-51.13191726823,6.3));
#1282 = VECTOR('',#1283,1.);
#1283 = DIRECTION('',(-0.,-0.,-1.));
#1284 = ORIENTED_EDGE('',*,*,#1285,.F.);
#1285 = EDGE_CURVE('',#1286,#1278,#1288,.T.);
#1286 = VERTEX_POINT('',#1287);
#1287 = CARTESIAN_POINT('',(133.8,-54.46808273176,11.6));
#1288 = LINE('',#1289,#1290);
#1289 = CARTESIAN_POINT('',(133.8,-59.28527082673,11.6));
#1290 = VECTOR('',#1291,1.);
#1291 = DIRECTION('',(0.,1.,0.));
#1292 = ORIENTED_EDGE('',*,*,#1293,.T.);
#1293 = EDGE_CURVE('',#1286,#1294,#1296,.T.);
#1294 = VERTEX_POINT('',#1295);
#1295 = CARTESIAN_POINT('',(133.8,-54.46808273176,6.3));
#1296 = LINE('',#1297,#1298);
#1297 = CARTESIAN_POINT('',(133.8,-54.46808273176,6.3));
#1298 = VECTOR('',#1299,1.);
#1299 = DIRECTION('',(-0.,-0.,-1.));
#1300 = ORIENTED_EDGE('',*,*,#1301,.F.);
#1301 = EDGE_CURVE('',#1302,#1294,#1304,.T.);
#1302 = VERTEX_POINT('',#1303);
#1303 = CARTESIAN_POINT('',(133.8,-55.4,6.3));
#1304 = LINE('',#1305,#1306);
#1305 = CARTESIAN_POINT('',(133.8,-38.98527082673,6.3));
#1306 = VECTOR('',#1307,1.);
#1307 = DIRECTION('',(0.,1.,0.));
#1308 = ORIENTED_EDGE('',*,*,#1309,.F.);
#1309 = EDGE_CURVE('',#1310,#1302,#1312,.T.);
#1310 = VERTEX_POINT('',#1311);
#1311 = CARTESIAN_POINT('',(133.8,-55.4,9.2));
#1312 = LINE('',#1313,#1314);
#1313 = CARTESIAN_POINT('',(133.8,-55.4,5.65));
#1314 = VECTOR('',#1315,1.);
#1315 = DIRECTION('',(0.,0.,-1.));
#1316 = ORIENTED_EDGE('',*,*,#1317,.F.);
#1317 = EDGE_CURVE('',#1318,#1310,#1320,.T.);
#1318 = VERTEX_POINT('',#1319);
#1319 = CARTESIAN_POINT('',(133.8,-63.9,9.2));
#1320 = LINE('',#1321,#1322);
#1321 = CARTESIAN_POINT('',(133.8,-64.83527082673,9.2));
#1322 = VECTOR('',#1323,1.);
#1323 = DIRECTION('',(0.,1.,0.));
#1324 = ORIENTED_EDGE('',*,*,#1325,.T.);
#1325 = EDGE_CURVE('',#1318,#1252,#1326,.T.);
#1326 = LINE('',#1327,#1328);
#1327 = CARTESIAN_POINT('',(133.8,-63.9,5.65));
#1328 = VECTOR('',#1329,1.);
#1329 = DIRECTION('',(0.,0.,-1.));
#1330 = PLANE('',#1331);
#1331 = AXIS2_PLACEMENT_3D('',#1332,#1333,#1334);
#1332 = CARTESIAN_POINT('',(133.8,-65.77054165346,6.2));
#1333 = DIRECTION('',(-1.,0.,0.));
#1334 = DIRECTION('',(0.,1.,0.));
#1335 = ADVANCED_FACE('',(#1336),#1354,.T.);
#1336 = FACE_BOUND('',#1337,.T.);
#1337 = EDGE_LOOP('',(#1338,#1346,#1352,#1353));
#1338 = ORIENTED_EDGE('',*,*,#1339,.F.);
#1339 = EDGE_CURVE('',#1340,#1228,#1342,.T.);
#1340 = VERTEX_POINT('',#1341);
#1341 = CARTESIAN_POINT('',(133.05866630099,-12.29268159553,6.3));
#1342 = LINE('',#1343,#1344);
#1343 = CARTESIAN_POINT('',(123.79830880683,-8.979272702705,6.3));
#1344 = VECTOR('',#1345,1.);
#1345 = DIRECTION('',(-0.941544065183,0.336889853392,0.));
#1346 = ORIENTED_EDGE('',*,*,#1347,.T.);
#1347 = EDGE_CURVE('',#1340,#445,#1348,.T.);
#1348 = LINE('',#1349,#1350);
#1349 = CARTESIAN_POINT('',(133.05866630099,-12.29268159553,6.2));
#1350 = VECTOR('',#1351,1.);
#1351 = DIRECTION('',(0.,0.,1.));
#1352 = ORIENTED_EDGE('',*,*,#452,.T.);
#1353 = ORIENTED_EDGE('',*,*,#1235,.F.);
#1354 = PLANE('',#1355);
#1355 = AXIS2_PLACEMENT_3D('',#1356,#1357,#1358);
#1356 = CARTESIAN_POINT('',(133.05866630099,-12.29268159553,6.2));
#1357 = DIRECTION('',(-0.336889853392,-0.941544065183,0.));
#1358 = DIRECTION('',(-0.941544065183,0.336889853392,0.));
#1359 = ADVANCED_FACE('',(#1360),#1378,.T.);
#1360 = FACE_BOUND('',#1361,.T.);
#1361 = EDGE_LOOP('',(#1362,#1370,#1371,#1372));
#1362 = ORIENTED_EDGE('',*,*,#1363,.F.);
#1363 = EDGE_CURVE('',#1262,#1364,#1366,.T.);
#1364 = VERTEX_POINT('',#1365);
#1365 = CARTESIAN_POINT('',(133.79278144488,-13.28252128159,6.3));
#1366 = LINE('',#1367,#1368);
#1367 = CARTESIAN_POINT('',(133.7438705262,-12.28691665998,6.3));
#1368 = VECTOR('',#1369,1.);
#1369 = DIRECTION('',(-4.906767432747E-02,0.998795456205,0.));
#1370 = ORIENTED_EDGE('',*,*,#1261,.T.);
#1371 = ORIENTED_EDGE('',*,*,#356,.T.);
#1372 = ORIENTED_EDGE('',*,*,#1373,.F.);
#1373 = EDGE_CURVE('',#1364,#357,#1374,.T.);
#1374 = LINE('',#1375,#1376);
#1375 = CARTESIAN_POINT('',(133.79278144488,-13.28252128159,6.2));
#1376 = VECTOR('',#1377,1.);
#1377 = DIRECTION('',(0.,0.,1.));
#1378 = PLANE('',#1379);
#1379 = AXIS2_PLACEMENT_3D('',#1380,#1381,#1382);
#1380 = CARTESIAN_POINT('',(133.8,-13.42945834653,6.2));
#1381 = DIRECTION('',(-0.998795456205,-4.906767432747E-02,0.));
#1382 = DIRECTION('',(-4.906767432747E-02,0.998795456205,0.));
#1383 = ADVANCED_FACE('',(#1384),#1402,.T.);
#1384 = FACE_BOUND('',#1385,.T.);
#1385 = EDGE_LOOP('',(#1386,#1394,#1400,#1401));
#1386 = ORIENTED_EDGE('',*,*,#1387,.F.);
#1387 = EDGE_CURVE('',#1388,#1340,#1390,.T.);
#1388 = VERTEX_POINT('',#1389);
#1389 = CARTESIAN_POINT('',(133.16499388083,-12.3429707955,6.3));
#1390 = LINE('',#1391,#1392);
#1391 = CARTESIAN_POINT('',(124.57110310062,-8.278363168607,6.3));
#1392 = VECTOR('',#1393,1.);
#1393 = DIRECTION('',(-0.903989293123,0.42755509343,0.));
#1394 = ORIENTED_EDGE('',*,*,#1395,.T.);
#1395 = EDGE_CURVE('',#1388,#437,#1396,.T.);
#1396 = LINE('',#1397,#1398);
#1397 = CARTESIAN_POINT('',(133.16499388083,-12.3429707955,6.2));
#1398 = VECTOR('',#1399,1.);
#1399 = DIRECTION('',(0.,0.,1.));
#1400 = ORIENTED_EDGE('',*,*,#444,.T.);
#1401 = ORIENTED_EDGE('',*,*,#1347,.F.);
#1402 = PLANE('',#1403);
#1403 = AXIS2_PLACEMENT_3D('',#1404,#1405,#1406);
#1404 = CARTESIAN_POINT('',(133.16499388083,-12.3429707955,6.2));
#1405 = DIRECTION('',(-0.42755509343,-0.903989293123,0.));
#1406 = DIRECTION('',(-0.903989293123,0.42755509343,0.));
#1407 = ADVANCED_FACE('',(#1408),#1426,.T.);
#1408 = FACE_BOUND('',#1409,.T.);
#1409 = EDGE_LOOP('',(#1410,#1418,#1419,#1420));
#1410 = ORIENTED_EDGE('',*,*,#1411,.F.);
#1411 = EDGE_CURVE('',#1364,#1412,#1414,.T.);
#1412 = VERTEX_POINT('',#1413);
#1413 = CARTESIAN_POINT('',(133.77552294818,-13.16617394746,6.3));
#1414 = LINE('',#1415,#1416);
#1415 = CARTESIAN_POINT('',(133.48177712976,-11.18590049334,6.3));
#1416 = VECTOR('',#1417,1.);
#1417 = DIRECTION('',(-0.146730474455,0.989176509965,0.));
#1418 = ORIENTED_EDGE('',*,*,#1373,.T.);
#1419 = ORIENTED_EDGE('',*,*,#364,.T.);
#1420 = ORIENTED_EDGE('',*,*,#1421,.F.);
#1421 = EDGE_CURVE('',#1412,#365,#1422,.T.);
#1422 = LINE('',#1423,#1424);
#1423 = CARTESIAN_POINT('',(133.77552294818,-13.16617394746,6.2));
#1424 = VECTOR('',#1425,1.);
#1425 = DIRECTION('',(0.,0.,1.));
#1426 = PLANE('',#1427);
#1427 = AXIS2_PLACEMENT_3D('',#1428,#1429,#1430);
#1428 = CARTESIAN_POINT('',(133.79278144488,-13.28252128159,6.2));
#1429 = DIRECTION('',(-0.989176509965,-0.146730474455,0.));
#1430 = DIRECTION('',(-0.146730474455,0.989176509965,0.));
#1431 = ADVANCED_FACE('',(#1432),#1450,.T.);
#1432 = FACE_BOUND('',#1433,.T.);
#1433 = EDGE_LOOP('',(#1434,#1442,#1448,#1449));
#1434 = ORIENTED_EDGE('',*,*,#1435,.F.);
#1435 = EDGE_CURVE('',#1436,#1388,#1438,.T.);
#1436 = VERTEX_POINT('',#1437);
#1437 = CARTESIAN_POINT('',(133.26588026073,-12.40343976453,6.3));
#1438 = LINE('',#1439,#1440);
#1439 = CARTESIAN_POINT('',(125.47195892864,-7.73194309515,6.3));
#1440 = VECTOR('',#1441,1.);
#1441 = DIRECTION('',(-0.85772861,0.514102744193,0.));
#1442 = ORIENTED_EDGE('',*,*,#1443,.T.);
#1443 = EDGE_CURVE('',#1436,#429,#1444,.T.);
#1444 = LINE('',#1445,#1446);
#1445 = CARTESIAN_POINT('',(133.26588026073,-12.40343976453,6.2));
#1446 = VECTOR('',#1447,1.);
#1447 = DIRECTION('',(0.,0.,1.));
#1448 = ORIENTED_EDGE('',*,*,#436,.T.);
#1449 = ORIENTED_EDGE('',*,*,#1395,.F.);
#1450 = PLANE('',#1451);
#1451 = AXIS2_PLACEMENT_3D('',#1452,#1453,#1454);
#1452 = CARTESIAN_POINT('',(133.26588026073,-12.40343976453,6.2));
#1453 = DIRECTION('',(-0.514102744193,-0.85772861,0.));
#1454 = DIRECTION('',(-0.85772861,0.514102744193,0.));
#1455 = ADVANCED_FACE('',(#1456),#1474,.T.);
#1456 = FACE_BOUND('',#1457,.T.);
#1457 = EDGE_LOOP('',(#1458,#1466,#1467,#1468));
#1458 = ORIENTED_EDGE('',*,*,#1459,.F.);
#1459 = EDGE_CURVE('',#1412,#1460,#1462,.T.);
#1460 = VERTEX_POINT('',#1461);
#1461 = CARTESIAN_POINT('',(133.74694352287,-13.05207848605,6.3));
#1462 = LINE('',#1463,#1464);
#1463 = CARTESIAN_POINT('',(133.02475751898,-10.16895034499,6.3));
#1464 = VECTOR('',#1465,1.);
#1465 = DIRECTION('',(-0.242980179903,0.970031253195,0.));
#1466 = ORIENTED_EDGE('',*,*,#1421,.T.);
#1467 = ORIENTED_EDGE('',*,*,#372,.T.);
#1468 = ORIENTED_EDGE('',*,*,#1469,.F.);
#1469 = EDGE_CURVE('',#1460,#373,#1470,.T.);
#1470 = LINE('',#1471,#1472);
#1471 = CARTESIAN_POINT('',(133.74694352287,-13.05207848605,6.2));
#1472 = VECTOR('',#1473,1.);
#1473 = DIRECTION('',(0.,0.,1.));
#1474 = PLANE('',#1475);
#1475 = AXIS2_PLACEMENT_3D('',#1476,#1477,#1478);
#1476 = CARTESIAN_POINT('',(133.77552294818,-13.16617394746,6.2));
#1477 = DIRECTION('',(-0.970031253195,-0.242980179903,0.));
#1478 = DIRECTION('',(-0.242980179903,0.970031253195,0.));
#1479 = ADVANCED_FACE('',(#1480),#1498,.T.);
#1480 = FACE_BOUND('',#1481,.T.);
#1481 = EDGE_LOOP('',(#1482,#1490,#1496,#1497));
#1482 = ORIENTED_EDGE('',*,*,#1483,.F.);
#1483 = EDGE_CURVE('',#1484,#1436,#1486,.T.);
#1484 = VERTEX_POINT('',#1485);
#1485 = CARTESIAN_POINT('',(133.36035384972,-12.47350615341,6.3));
#1486 = LINE('',#1487,#1488);
#1487 = CARTESIAN_POINT('',(126.46920149775,-7.362679247141,6.3));
#1488 = VECTOR('',#1489,1.);
#1489 = DIRECTION('',(-0.803207531481,0.595699304492,0.));
#1490 = ORIENTED_EDGE('',*,*,#1491,.T.);
#1491 = EDGE_CURVE('',#1484,#421,#1492,.T.);
#1492 = LINE('',#1493,#1494);
#1493 = CARTESIAN_POINT('',(133.36035384972,-12.47350615341,6.2));
#1494 = VECTOR('',#1495,1.);
#1495 = DIRECTION('',(0.,0.,1.));
#1496 = ORIENTED_EDGE('',*,*,#428,.T.);
#1497 = ORIENTED_EDGE('',*,*,#1443,.F.);
#1498 = PLANE('',#1499);
#1499 = AXIS2_PLACEMENT_3D('',#1500,#1501,#1502);
#1500 = CARTESIAN_POINT('',(133.36035384972,-12.47350615341,6.2));
#1501 = DIRECTION('',(-0.595699304492,-0.803207531481,0.));
#1502 = DIRECTION('',(-0.803207531481,0.595699304492,0.));
#1503 = ADVANCED_FACE('',(#1504),#1522,.T.);
#1504 = FACE_BOUND('',#1505,.T.);
#1505 = EDGE_LOOP('',(#1506,#1514,#1515,#1516));
#1506 = ORIENTED_EDGE('',*,*,#1507,.F.);
#1507 = EDGE_CURVE('',#1460,#1508,#1510,.T.);
#1508 = VERTEX_POINT('',#1509);
#1509 = CARTESIAN_POINT('',(133.70731840446,-12.941333699,6.3));
#1510 = LINE('',#1511,#1512);
#1511 = CARTESIAN_POINT('',(132.38907257017,-9.257083404046,6.3));
#1512 = VECTOR('',#1513,1.);
#1513 = DIRECTION('',(-0.336889853392,0.941544065183,0.));
#1514 = ORIENTED_EDGE('',*,*,#1469,.T.);
#1515 = ORIENTED_EDGE('',*,*,#380,.T.);
#1516 = ORIENTED_EDGE('',*,*,#1517,.F.);
#1517 = EDGE_CURVE('',#1508,#381,#1518,.T.);
#1518 = LINE('',#1519,#1520);
#1519 = CARTESIAN_POINT('',(133.70731840446,-12.941333699,6.2));
#1520 = VECTOR('',#1521,1.);
#1521 = DIRECTION('',(0.,0.,1.));
#1522 = PLANE('',#1523);
#1523 = AXIS2_PLACEMENT_3D('',#1524,#1525,#1526);
#1524 = CARTESIAN_POINT('',(133.74694352287,-13.05207848605,6.2));
#1525 = DIRECTION('',(-0.941544065183,-0.336889853392,0.));
#1526 = DIRECTION('',(-0.336889853392,0.941544065183,0.));
#1527 = ADVANCED_FACE('',(#1528),#1546,.T.);
#1528 = FACE_BOUND('',#1529,.T.);
#1529 = EDGE_LOOP('',(#1530,#1538,#1544,#1545));
#1530 = ORIENTED_EDGE('',*,*,#1531,.F.);
#1531 = EDGE_CURVE('',#1532,#1484,#1534,.T.);
#1532 = VERTEX_POINT('',#1533);
#1533 = CARTESIAN_POINT('',(133.44750481548,-12.55249518451,6.3));
#1534 = LINE('',#1535,#1536);
#1535 = CARTESIAN_POINT('',(127.52727424036,-7.186710962811,6.3));
#1536 = VECTOR('',#1537,1.);
#1537 = DIRECTION('',(-0.740951125355,0.671558954847,0.));
#1538 = ORIENTED_EDGE('',*,*,#1539,.T.);
#1539 = EDGE_CURVE('',#1532,#413,#1540,.T.);
#1540 = LINE('',#1541,#1542);
#1541 = CARTESIAN_POINT('',(133.44750481548,-12.55249518451,6.2));
#1542 = VECTOR('',#1543,1.);
#1543 = DIRECTION('',(0.,0.,1.));
#1544 = ORIENTED_EDGE('',*,*,#420,.T.);
#1545 = ORIENTED_EDGE('',*,*,#1491,.F.);
#1546 = PLANE('',#1547);
#1547 = AXIS2_PLACEMENT_3D('',#1548,#1549,#1550);
#1548 = CARTESIAN_POINT('',(133.44750481548,-12.55249518451,6.2));
#1549 = DIRECTION('',(-0.671558954847,-0.740951125355,0.));
#1550 = DIRECTION('',(-0.740951125355,0.671558954847,0.));
#1551 = ADVANCED_FACE('',(#1552),#1570,.T.);
#1552 = FACE_BOUND('',#1553,.T.);
#1553 = EDGE_LOOP('',(#1554,#1562,#1563,#1564));
#1554 = ORIENTED_EDGE('',*,*,#1555,.F.);
#1555 = EDGE_CURVE('',#1508,#1556,#1558,.T.);
#1556 = VERTEX_POINT('',#1557);
#1557 = CARTESIAN_POINT('',(133.6570292045,-12.83500611917,6.3));
#1558 = LINE('',#1559,#1560);
#1559 = CARTESIAN_POINT('',(131.5982487177,-8.482080506646,6.3));
#1560 = VECTOR('',#1561,1.);
#1561 = DIRECTION('',(-0.42755509343,0.903989293123,0.));
#1562 = ORIENTED_EDGE('',*,*,#1517,.T.);
#1563 = ORIENTED_EDGE('',*,*,#388,.T.);
#1564 = ORIENTED_EDGE('',*,*,#1565,.F.);
#1565 = EDGE_CURVE('',#1556,#389,#1566,.T.);
#1566 = LINE('',#1567,#1568);
#1567 = CARTESIAN_POINT('',(133.6570292045,-12.83500611917,6.2));
#1568 = VECTOR('',#1569,1.);
#1569 = DIRECTION('',(0.,0.,1.));
#1570 = PLANE('',#1571);
#1571 = AXIS2_PLACEMENT_3D('',#1572,#1573,#1574);
#1572 = CARTESIAN_POINT('',(133.70731840446,-12.941333699,6.2));
#1573 = DIRECTION('',(-0.903989293123,-0.42755509343,0.));
#1574 = DIRECTION('',(-0.42755509343,0.903989293123,0.));
#1575 = ADVANCED_FACE('',(#1576),#1594,.T.);
#1576 = FACE_BOUND('',#1577,.T.);
#1577 = EDGE_LOOP('',(#1578,#1586,#1592,#1593));
#1578 = ORIENTED_EDGE('',*,*,#1579,.F.);
#1579 = EDGE_CURVE('',#1580,#1532,#1582,.T.);
#1580 = VERTEX_POINT('',#1581);
#1581 = CARTESIAN_POINT('',(133.52649384658,-12.63964615027,6.3));
#1582 = LINE('',#1583,#1584);
#1583 = CARTESIAN_POINT('',(128.60807858648,-7.21301116071,6.3));
#1584 = VECTOR('',#1585,1.);
#1585 = DIRECTION('',(-0.671558954847,0.740951125355,0.));
#1586 = ORIENTED_EDGE('',*,*,#1587,.T.);
#1587 = EDGE_CURVE('',#1580,#405,#1588,.T.);
#1588 = LINE('',#1589,#1590);
#1589 = CARTESIAN_POINT('',(133.52649384658,-12.63964615027,6.2));
#1590 = VECTOR('',#1591,1.);
#1591 = DIRECTION('',(0.,0.,1.));
#1592 = ORIENTED_EDGE('',*,*,#412,.T.);
#1593 = ORIENTED_EDGE('',*,*,#1539,.F.);
#1594 = PLANE('',#1595);
#1595 = AXIS2_PLACEMENT_3D('',#1596,#1597,#1598);
#1596 = CARTESIAN_POINT('',(133.52649384658,-12.63964615027,6.2));
#1597 = DIRECTION('',(-0.740951125355,-0.671558954847,0.));
#1598 = DIRECTION('',(-0.671558954847,0.740951125355,0.));
#1599 = ADVANCED_FACE('',(#1600),#1618,.T.);
#1600 = FACE_BOUND('',#1601,.T.);
#1601 = EDGE_LOOP('',(#1602,#1610,#1611,#1612));
#1602 = ORIENTED_EDGE('',*,*,#1603,.F.);
#1603 = EDGE_CURVE('',#1556,#1604,#1606,.T.);
#1604 = VERTEX_POINT('',#1605);
#1605 = CARTESIAN_POINT('',(133.59656023546,-12.73411973926,6.3));
#1606 = LINE('',#1607,#1608);
#1607 = CARTESIAN_POINT('',(130.68145894074,-7.870567054969,6.3));
#1608 = VECTOR('',#1609,1.);
#1609 = DIRECTION('',(-0.514102744193,0.85772861,0.));
#1610 = ORIENTED_EDGE('',*,*,#1565,.T.);
#1611 = ORIENTED_EDGE('',*,*,#396,.T.);
#1612 = ORIENTED_EDGE('',*,*,#1613,.F.);
#1613 = EDGE_CURVE('',#1604,#397,#1614,.T.);
#1614 = LINE('',#1615,#1616);
#1615 = CARTESIAN_POINT('',(133.59656023546,-12.73411973926,6.2));
#1616 = VECTOR('',#1617,1.);
#1617 = DIRECTION('',(0.,0.,1.));
#1618 = PLANE('',#1619);
#1619 = AXIS2_PLACEMENT_3D('',#1620,#1621,#1622);
#1620 = CARTESIAN_POINT('',(133.6570292045,-12.83500611917,6.2));
#1621 = DIRECTION('',(-0.85772861,-0.514102744193,0.));
#1622 = DIRECTION('',(-0.514102744193,0.85772861,0.));
#1623 = ADVANCED_FACE('',(#1624),#1635,.T.);
#1624 = FACE_BOUND('',#1625,.T.);
#1625 = EDGE_LOOP('',(#1626,#1632,#1633,#1634));
#1626 = ORIENTED_EDGE('',*,*,#1627,.F.);
#1627 = EDGE_CURVE('',#1604,#1580,#1628,.T.);
#1628 = LINE('',#1629,#1630);
#1629 = CARTESIAN_POINT('',(129.67241339152,-7.443020226608,6.3));
#1630 = VECTOR('',#1631,1.);
#1631 = DIRECTION('',(-0.595699304492,0.803207531481,0.));
#1632 = ORIENTED_EDGE('',*,*,#1613,.T.);
#1633 = ORIENTED_EDGE('',*,*,#404,.T.);
#1634 = ORIENTED_EDGE('',*,*,#1587,.F.);
#1635 = PLANE('',#1636);
#1636 = AXIS2_PLACEMENT_3D('',#1637,#1638,#1639);
#1637 = CARTESIAN_POINT('',(133.59656023546,-12.73411973926,6.2));
#1638 = DIRECTION('',(-0.803207531481,-0.595699304492,0.));
#1639 = DIRECTION('',(-0.595699304492,0.803207531481,0.));
#1640 = ADVANCED_FACE('',(#1641),#1660,.F.);
#1641 = FACE_BOUND('',#1642,.T.);
#1642 = EDGE_LOOP('',(#1643,#1644,#1652,#1659));
#1643 = ORIENTED_EDGE('',*,*,#508,.T.);
#1644 = ORIENTED_EDGE('',*,*,#1645,.T.);
#1645 = EDGE_CURVE('',#509,#1646,#1648,.T.);
#1646 = VERTEX_POINT('',#1647);
#1647 = CARTESIAN_POINT('',(124.4,-59.5,16.6));
#1648 = LINE('',#1649,#1650);
#1649 = CARTESIAN_POINT('',(124.4,-59.5,7.8));
#1650 = VECTOR('',#1651,1.);
#1651 = DIRECTION('',(0.,0.,1.));
#1652 = ORIENTED_EDGE('',*,*,#1653,.F.);
#1653 = EDGE_CURVE('',#1646,#1646,#1654,.T.);
#1654 = CIRCLE('',#1655,1.4);
#1655 = AXIS2_PLACEMENT_3D('',#1656,#1657,#1658);
#1656 = CARTESIAN_POINT('',(123.,-59.5,16.6));
#1657 = DIRECTION('',(0.,0.,-1.));
#1658 = DIRECTION('',(1.,0.,0.));
#1659 = ORIENTED_EDGE('',*,*,#1645,.F.);
#1660 = CYLINDRICAL_SURFACE('',#1661,1.4);
#1661 = AXIS2_PLACEMENT_3D('',#1662,#1663,#1664);
#1662 = CARTESIAN_POINT('',(123.,-59.5,7.8));
#1663 = DIRECTION('',(-0.,-0.,-1.));
#1664 = DIRECTION('',(1.,0.,0.));
#1665 = ADVANCED_FACE('',(#1666),#1691,.T.);
#1666 = FACE_BOUND('',#1667,.T.);
#1667 = EDGE_LOOP('',(#1668,#1676,#1677,#1685));
#1668 = ORIENTED_EDGE('',*,*,#1669,.F.);
#1669 = EDGE_CURVE('',#520,#1670,#1672,.T.);
#1670 = VERTEX_POINT('',#1671);
#1671 = CARTESIAN_POINT('',(130.05,-49.35,16.6));
#1672 = LINE('',#1673,#1674);
#1673 = CARTESIAN_POINT('',(130.05,-49.35,15.1));
#1674 = VECTOR('',#1675,1.);
#1675 = DIRECTION('',(0.,0.,1.));
#1676 = ORIENTED_EDGE('',*,*,#519,.T.);
#1677 = ORIENTED_EDGE('',*,*,#1678,.T.);
#1678 = EDGE_CURVE('',#522,#1679,#1681,.T.);
#1679 = VERTEX_POINT('',#1680);
#1680 = CARTESIAN_POINT('',(115.55,-49.35,16.6));
#1681 = LINE('',#1682,#1683);
#1682 = CARTESIAN_POINT('',(115.55,-49.35,15.1));
#1683 = VECTOR('',#1684,1.);
#1684 = DIRECTION('',(0.,0.,1.));
#1685 = ORIENTED_EDGE('',*,*,#1686,.T.);
#1686 = EDGE_CURVE('',#1679,#1670,#1687,.T.);
#1687 = LINE('',#1688,#1689);
#1688 = CARTESIAN_POINT('',(113.875,-49.35,16.6));
#1689 = VECTOR('',#1690,1.);
#1690 = DIRECTION('',(1.,0.,0.));
#1691 = PLANE('',#1692);
#1692 = AXIS2_PLACEMENT_3D('',#1693,#1694,#1695);
#1693 = CARTESIAN_POINT('',(115.55,-49.35,15.1));
#1694 = DIRECTION('',(0.,1.,0.));
#1695 = DIRECTION('',(0.,0.,1.));
#1696 = ADVANCED_FACE('',(#1697),#1715,.F.);
#1697 = FACE_BOUND('',#1698,.F.);
#1698 = EDGE_LOOP('',(#1699,#1700,#1701,#1709));
#1699 = ORIENTED_EDGE('',*,*,#1669,.F.);
#1700 = ORIENTED_EDGE('',*,*,#545,.T.);
#1701 = ORIENTED_EDGE('',*,*,#1702,.T.);
#1702 = EDGE_CURVE('',#538,#1703,#1705,.T.);
#1703 = VERTEX_POINT('',#1704);
#1704 = CARTESIAN_POINT('',(130.05,-18.25,16.6));
#1705 = LINE('',#1706,#1707);
#1706 = CARTESIAN_POINT('',(130.05,-18.25,15.1));
#1707 = VECTOR('',#1708,1.);
#1708 = DIRECTION('',(0.,0.,1.));
#1709 = ORIENTED_EDGE('',*,*,#1710,.T.);
#1710 = EDGE_CURVE('',#1703,#1670,#1711,.T.);
#1711 = LINE('',#1712,#1713);
#1712 = CARTESIAN_POINT('',(130.05,-30.775,16.6));
#1713 = VECTOR('',#1714,1.);
#1714 = DIRECTION('',(0.,-1.,0.));
#1715 = PLANE('',#1716);
#1716 = AXIS2_PLACEMENT_3D('',#1717,#1718,#1719);
#1717 = CARTESIAN_POINT('',(130.05,-49.35,15.1));
#1718 = DIRECTION('',(1.,0.,0.));
#1719 = DIRECTION('',(0.,0.,1.));
#1720 = ADVANCED_FACE('',(#1721),#1739,.T.);
#1721 = FACE_BOUND('',#1722,.T.);
#1722 = EDGE_LOOP('',(#1723,#1724,#1725,#1733));
#1723 = ORIENTED_EDGE('',*,*,#1678,.F.);
#1724 = ORIENTED_EDGE('',*,*,#529,.T.);
#1725 = ORIENTED_EDGE('',*,*,#1726,.T.);
#1726 = EDGE_CURVE('',#530,#1727,#1729,.T.);
#1727 = VERTEX_POINT('',#1728);
#1728 = CARTESIAN_POINT('',(115.55,-18.25,16.6));
#1729 = LINE('',#1730,#1731);
#1730 = CARTESIAN_POINT('',(115.55,-18.25,15.1));
#1731 = VECTOR('',#1732,1.);
#1732 = DIRECTION('',(0.,0.,1.));
#1733 = ORIENTED_EDGE('',*,*,#1734,.T.);
#1734 = EDGE_CURVE('',#1727,#1679,#1735,.T.);
#1735 = LINE('',#1736,#1737);
#1736 = CARTESIAN_POINT('',(115.55,-30.775,16.6));
#1737 = VECTOR('',#1738,1.);
#1738 = DIRECTION('',(0.,-1.,0.));
#1739 = PLANE('',#1740);
#1740 = AXIS2_PLACEMENT_3D('',#1741,#1742,#1743);
#1741 = CARTESIAN_POINT('',(115.55,-49.35,15.1));
#1742 = DIRECTION('',(1.,0.,0.));
#1743 = DIRECTION('',(0.,0.,1.));
#1744 = ADVANCED_FACE('',(#1745),#1756,.F.);
#1745 = FACE_BOUND('',#1746,.F.);
#1746 = EDGE_LOOP('',(#1747,#1748,#1749,#1750));
#1747 = ORIENTED_EDGE('',*,*,#1702,.F.);
#1748 = ORIENTED_EDGE('',*,*,#537,.T.);
#1749 = ORIENTED_EDGE('',*,*,#1726,.T.);
#1750 = ORIENTED_EDGE('',*,*,#1751,.T.);
#1751 = EDGE_CURVE('',#1727,#1703,#1752,.T.);
#1752 = LINE('',#1753,#1754);
#1753 = CARTESIAN_POINT('',(113.875,-18.25,16.6));
#1754 = VECTOR('',#1755,1.);
#1755 = DIRECTION('',(1.,0.,0.));
#1756 = PLANE('',#1757);
#1757 = AXIS2_PLACEMENT_3D('',#1758,#1759,#1760);
#1758 = CARTESIAN_POINT('',(115.55,-18.25,15.1));
#1759 = DIRECTION('',(0.,1.,0.));
#1760 = DIRECTION('',(0.,0.,1.));
#1761 = ADVANCED_FACE('',(#1762),#1774,.F.);
#1762 = FACE_BOUND('',#1763,.F.);
#1763 = EDGE_LOOP('',(#1764,#1765,#1766,#1767));
#1764 = ORIENTED_EDGE('',*,*,#672,.F.);
#1765 = ORIENTED_EDGE('',*,*,#1073,.T.);
#1766 = ORIENTED_EDGE('',*,*,#1042,.T.);
#1767 = ORIENTED_EDGE('',*,*,#1768,.T.);
#1768 = EDGE_CURVE('',#1035,#665,#1769,.T.);
#1769 = CIRCLE('',#1770,2.15);
#1770 = AXIS2_PLACEMENT_3D('',#1771,#1772,#1773);
#1771 = CARTESIAN_POINT('',(114.5,-65.5,6.75));
#1772 = DIRECTION('',(0.,0.,1.));
#1773 = DIRECTION('',(1.,0.,0.));
#1774 = PLANE('',#1775);
#1775 = AXIS2_PLACEMENT_3D('',#1776,#1777,#1778);
#1776 = CARTESIAN_POINT('',(114.5,-65.5,6.75));
#1777 = DIRECTION('',(0.,0.,1.));
#1778 = DIRECTION('',(1.,0.,0.));
#1779 = ADVANCED_FACE('',(#1780),#1792,.F.);
#1780 = FACE_BOUND('',#1781,.T.);
#1781 = EDGE_LOOP('',(#1782,#1783,#1784,#1791));
#1782 = ORIENTED_EDGE('',*,*,#1768,.T.);
#1783 = ORIENTED_EDGE('',*,*,#664,.T.);
#1784 = ORIENTED_EDGE('',*,*,#1785,.T.);
#1785 = EDGE_CURVE('',#657,#1027,#1786,.T.);
#1786 = CIRCLE('',#1787,2.15);
#1787 = AXIS2_PLACEMENT_3D('',#1788,#1789,#1790);
#1788 = CARTESIAN_POINT('',(114.5,-65.5,6.3));
#1789 = DIRECTION('',(0.,0.,-1.));
#1790 = DIRECTION('',(1.,0.,0.));
#1791 = ORIENTED_EDGE('',*,*,#1034,.F.);
#1792 = CYLINDRICAL_SURFACE('',#1793,2.15);
#1793 = AXIS2_PLACEMENT_3D('',#1794,#1795,#1796);
#1794 = CARTESIAN_POINT('',(114.5,-65.5,5.3));
#1795 = DIRECTION('',(-0.,-0.,-1.));
#1796 = DIRECTION('',(1.,0.,0.));
#1797 = ADVANCED_FACE('',(#1798,#1827),#1838,.T.);
#1798 = FACE_BOUND('',#1799,.T.);
#1799 = EDGE_LOOP('',(#1800,#1809,#1810,#1817,#1818,#1819,#1820));
#1800 = ORIENTED_EDGE('',*,*,#1801,.F.);
#1801 = EDGE_CURVE('',#625,#1802,#1804,.T.);
#1802 = VERTEX_POINT('',#1803);
#1803 = CARTESIAN_POINT('',(124.65,-64.7,6.3));
#1804 = CIRCLE('',#1805,1.85);
#1805 = AXIS2_PLACEMENT_3D('',#1806,#1807,#1808);
#1806 = CARTESIAN_POINT('',(122.8,-64.7,6.3));
#1807 = DIRECTION('',(0.,0.,1.));
#1808 = DIRECTION('',(1.,0.,0.));
#1809 = ORIENTED_EDGE('',*,*,#624,.T.);
#1810 = ORIENTED_EDGE('',*,*,#1811,.F.);
#1811 = EDGE_CURVE('',#1019,#617,#1812,.T.);
#1812 = CIRCLE('',#1813,2.15);
#1813 = AXIS2_PLACEMENT_3D('',#1814,#1815,#1816);
#1814 = CARTESIAN_POINT('',(130.6,-66.5,6.3));
#1815 = DIRECTION('',(0.,0.,-1.));
#1816 = DIRECTION('',(1.,0.,0.));
#1817 = ORIENTED_EDGE('',*,*,#1026,.T.);
#1818 = ORIENTED_EDGE('',*,*,#1785,.F.);
#1819 = ORIENTED_EDGE('',*,*,#656,.T.);
#1820 = ORIENTED_EDGE('',*,*,#1821,.F.);
#1821 = EDGE_CURVE('',#1802,#649,#1822,.T.);
#1822 = CIRCLE('',#1823,1.85);
#1823 = AXIS2_PLACEMENT_3D('',#1824,#1825,#1826);
#1824 = CARTESIAN_POINT('',(122.8,-64.7,6.3));
#1825 = DIRECTION('',(0.,0.,1.));
#1826 = DIRECTION('',(1.,0.,0.));
#1827 = FACE_BOUND('',#1828,.T.);
#1828 = EDGE_LOOP('',(#1829));
#1829 = ORIENTED_EDGE('',*,*,#1830,.F.);
#1830 = EDGE_CURVE('',#1831,#1831,#1833,.T.);
#1831 = VERTEX_POINT('',#1832);
#1832 = CARTESIAN_POINT('',(124.4,-64.7,6.3));
#1833 = CIRCLE('',#1834,1.6);
#1834 = AXIS2_PLACEMENT_3D('',#1835,#1836,#1837);
#1835 = CARTESIAN_POINT('',(122.8,-64.7,6.3));
#1836 = DIRECTION('',(0.,0.,-1.));
#1837 = DIRECTION('',(1.,0.,0.));
#1838 = PLANE('',#1839);
#1839 = AXIS2_PLACEMENT_3D('',#1840,#1841,#1842);
#1840 = CARTESIAN_POINT('',(115.73647631947,-46.10224167393,6.3));
#1841 = DIRECTION('',(-0.,-0.,-1.));
#1842 = DIRECTION('',(-1.,0.,0.));
#1843 = ADVANCED_FACE('',(#1844),#1866,.T.);
#1844 = FACE_BOUND('',#1845,.F.);
#1845 = EDGE_LOOP('',(#1846,#1847,#1856,#1863,#1864,#1865));
#1846 = ORIENTED_EDGE('',*,*,#632,.F.);
#1847 = ORIENTED_EDGE('',*,*,#1848,.T.);
#1848 = EDGE_CURVE('',#633,#1849,#1851,.T.);
#1849 = VERTEX_POINT('',#1850);
#1850 = CARTESIAN_POINT('',(124.65,-64.7,11.6));
#1851 = CIRCLE('',#1852,1.85);
#1852 = AXIS2_PLACEMENT_3D('',#1853,#1854,#1855);
#1853 = CARTESIAN_POINT('',(122.8,-64.7,11.6));
#1854 = DIRECTION('',(0.,0.,1.));
#1855 = DIRECTION('',(1.,0.,0.));
#1856 = ORIENTED_EDGE('',*,*,#1857,.T.);
#1857 = EDGE_CURVE('',#1849,#641,#1858,.T.);
#1858 = CIRCLE('',#1859,1.85);
#1859 = AXIS2_PLACEMENT_3D('',#1860,#1861,#1862);
#1860 = CARTESIAN_POINT('',(122.8,-64.7,11.6));
#1861 = DIRECTION('',(0.,0.,1.));
#1862 = DIRECTION('',(1.,0.,0.));
#1863 = ORIENTED_EDGE('',*,*,#648,.T.);
#1864 = ORIENTED_EDGE('',*,*,#1821,.F.);
#1865 = ORIENTED_EDGE('',*,*,#1801,.F.);
#1866 = CYLINDRICAL_SURFACE('',#1867,1.85);
#1867 = AXIS2_PLACEMENT_3D('',#1868,#1869,#1870);
#1868 = CARTESIAN_POINT('',(122.8,-64.7,6.3));
#1869 = DIRECTION('',(-0.,-0.,-1.));
#1870 = DIRECTION('',(1.,0.,0.));
#1871 = ADVANCED_FACE('',(#1872),#1877,.T.);
#1872 = FACE_BOUND('',#1873,.T.);
#1873 = EDGE_LOOP('',(#1874,#1875,#1876));
#1874 = ORIENTED_EDGE('',*,*,#1848,.T.);
#1875 = ORIENTED_EDGE('',*,*,#1857,.T.);
#1876 = ORIENTED_EDGE('',*,*,#640,.T.);
#1877 = PLANE('',#1878);
#1878 = AXIS2_PLACEMENT_3D('',#1879,#1880,#1881);
#1879 = CARTESIAN_POINT('',(122.8,-64.7,11.6));
#1880 = DIRECTION('',(0.,0.,1.));
#1881 = DIRECTION('',(1.,0.,0.));
#1882 = ADVANCED_FACE('',(#1883),#1895,.F.);
#1883 = FACE_BOUND('',#1884,.T.);
#1884 = EDGE_LOOP('',(#1885,#1886,#1893,#1894));
#1885 = ORIENTED_EDGE('',*,*,#616,.F.);
#1886 = ORIENTED_EDGE('',*,*,#1887,.T.);
#1887 = EDGE_CURVE('',#609,#1011,#1888,.T.);
#1888 = CIRCLE('',#1889,2.15);
#1889 = AXIS2_PLACEMENT_3D('',#1890,#1891,#1892);
#1890 = CARTESIAN_POINT('',(130.6,-66.5,6.75));
#1891 = DIRECTION('',(0.,0.,1.));
#1892 = DIRECTION('',(1.,0.,0.));
#1893 = ORIENTED_EDGE('',*,*,#1018,.T.);
#1894 = ORIENTED_EDGE('',*,*,#1811,.T.);
#1895 = CYLINDRICAL_SURFACE('',#1896,2.15);
#1896 = AXIS2_PLACEMENT_3D('',#1897,#1898,#1899);
#1897 = CARTESIAN_POINT('',(130.6,-66.5,5.3));
#1898 = DIRECTION('',(-0.,-0.,-1.));
#1899 = DIRECTION('',(1.,0.,0.));
#1900 = ADVANCED_FACE('',(#1901),#1922,.F.);
#1901 = FACE_BOUND('',#1902,.F.);
#1902 = EDGE_LOOP('',(#1903,#1912,#1919,#1920,#1921));
#1903 = ORIENTED_EDGE('',*,*,#1904,.T.);
#1904 = EDGE_CURVE('',#1003,#1905,#1907,.T.);
#1905 = VERTEX_POINT('',#1906);
#1906 = CARTESIAN_POINT('',(132.75,-66.5,6.75));
#1907 = CIRCLE('',#1908,2.15);
#1908 = AXIS2_PLACEMENT_3D('',#1909,#1910,#1911);
#1909 = CARTESIAN_POINT('',(130.6,-66.5,6.75));
#1910 = DIRECTION('',(0.,0.,1.));
#1911 = DIRECTION('',(1.,0.,0.));
#1912 = ORIENTED_EDGE('',*,*,#1913,.T.);
#1913 = EDGE_CURVE('',#1905,#601,#1914,.T.);
#1914 = CIRCLE('',#1915,2.15);
#1915 = AXIS2_PLACEMENT_3D('',#1916,#1917,#1918);
#1916 = CARTESIAN_POINT('',(130.6,-66.5,6.75));
#1917 = DIRECTION('',(0.,0.,1.));
#1918 = DIRECTION('',(1.,0.,0.));
#1919 = ORIENTED_EDGE('',*,*,#608,.F.);
#1920 = ORIENTED_EDGE('',*,*,#1887,.T.);
#1921 = ORIENTED_EDGE('',*,*,#1010,.T.);
#1922 = PLANE('',#1923);
#1923 = AXIS2_PLACEMENT_3D('',#1924,#1925,#1926);
#1924 = CARTESIAN_POINT('',(130.6,-66.5,6.75));
#1925 = DIRECTION('',(0.,0.,1.));
#1926 = DIRECTION('',(1.,0.,0.));
#1927 = ADVANCED_FACE('',(#1928),#1950,.F.);
#1928 = FACE_BOUND('',#1929,.T.);
#1929 = EDGE_LOOP('',(#1930,#1939,#1940,#1941,#1942,#1943));
#1930 = ORIENTED_EDGE('',*,*,#1931,.T.);
#1931 = EDGE_CURVE('',#1932,#995,#1934,.T.);
#1932 = VERTEX_POINT('',#1933);
#1933 = CARTESIAN_POINT('',(132.75,-66.5,6.3));
#1934 = CIRCLE('',#1935,2.15);
#1935 = AXIS2_PLACEMENT_3D('',#1936,#1937,#1938);
#1936 = CARTESIAN_POINT('',(130.6,-66.5,6.3));
#1937 = DIRECTION('',(0.,0.,-1.));
#1938 = DIRECTION('',(1.,0.,0.));
#1939 = ORIENTED_EDGE('',*,*,#1002,.F.);
#1940 = ORIENTED_EDGE('',*,*,#1904,.T.);
#1941 = ORIENTED_EDGE('',*,*,#1913,.T.);
#1942 = ORIENTED_EDGE('',*,*,#600,.T.);
#1943 = ORIENTED_EDGE('',*,*,#1944,.T.);
#1944 = EDGE_CURVE('',#593,#1932,#1945,.T.);
#1945 = CIRCLE('',#1946,2.15);
#1946 = AXIS2_PLACEMENT_3D('',#1947,#1948,#1949);
#1947 = CARTESIAN_POINT('',(130.6,-66.5,6.3));
#1948 = DIRECTION('',(0.,0.,-1.));
#1949 = DIRECTION('',(1.,0.,0.));
#1950 = CYLINDRICAL_SURFACE('',#1951,2.15);
#1951 = AXIS2_PLACEMENT_3D('',#1952,#1953,#1954);
#1952 = CARTESIAN_POINT('',(130.6,-66.5,5.3));
#1953 = DIRECTION('',(-0.,-0.,-1.));
#1954 = DIRECTION('',(1.,0.,0.));
#1955 = ADVANCED_FACE('',(#1956),#1988,.T.);
#1956 = FACE_BOUND('',#1957,.T.);
#1957 = EDGE_LOOP('',(#1958,#1959,#1960,#1961,#1962,#1963,#1971,#1979,
    #1986,#1987));
#1958 = ORIENTED_EDGE('',*,*,#1944,.F.);
#1959 = ORIENTED_EDGE('',*,*,#592,.T.);
#1960 = ORIENTED_EDGE('',*,*,#1155,.T.);
#1961 = ORIENTED_EDGE('',*,*,#1203,.T.);
#1962 = ORIENTED_EDGE('',*,*,#1251,.T.);
#1963 = ORIENTED_EDGE('',*,*,#1964,.T.);
#1964 = EDGE_CURVE('',#1252,#1965,#1967,.T.);
#1965 = VERTEX_POINT('',#1966);
#1966 = CARTESIAN_POINT('',(135.,-63.9,6.3));
#1967 = LINE('',#1968,#1969);
#1968 = CARTESIAN_POINT('',(120.25,-63.9,6.3));
#1969 = VECTOR('',#1970,1.);
#1970 = DIRECTION('',(1.,0.,0.));
#1971 = ORIENTED_EDGE('',*,*,#1972,.T.);
#1972 = EDGE_CURVE('',#1965,#1973,#1975,.T.);
#1973 = VERTEX_POINT('',#1974);
#1974 = CARTESIAN_POINT('',(135.,-65.8,6.3));
#1975 = LINE('',#1976,#1977);
#1976 = CARTESIAN_POINT('',(135.,-13.4,6.3));
#1977 = VECTOR('',#1978,1.);
#1978 = DIRECTION('',(0.,-1.,0.));
#1979 = ORIENTED_EDGE('',*,*,#1980,.T.);
#1980 = EDGE_CURVE('',#1973,#986,#1981,.T.);
#1981 = CIRCLE('',#1982,1.2);
#1982 = AXIS2_PLACEMENT_3D('',#1983,#1984,#1985);
#1983 = CARTESIAN_POINT('',(133.8,-65.8,6.3));
#1984 = DIRECTION('',(0.,0.,-1.));
#1985 = DIRECTION('',(1.,2.368475785867E-14,0.));
#1986 = ORIENTED_EDGE('',*,*,#994,.T.);
#1987 = ORIENTED_EDGE('',*,*,#1931,.F.);
#1988 = PLANE('',#1989);
#1989 = AXIS2_PLACEMENT_3D('',#1990,#1991,#1992);
#1990 = CARTESIAN_POINT('',(115.73647631947,-46.10224167393,6.3));
#1991 = DIRECTION('',(-0.,-0.,-1.));
#1992 = DIRECTION('',(-1.,0.,0.));
#1993 = ADVANCED_FACE('',(#1994),#2006,.F.);
#1994 = FACE_BOUND('',#1995,.F.);
#1995 = EDGE_LOOP('',(#1996,#1997,#1998,#1999,#2005));
#1996 = ORIENTED_EDGE('',*,*,#756,.F.);
#1997 = ORIENTED_EDGE('',*,*,#723,.F.);
#1998 = ORIENTED_EDGE('',*,*,#1133,.F.);
#1999 = ORIENTED_EDGE('',*,*,#2000,.T.);
#2000 = EDGE_CURVE('',#1134,#783,#2001,.T.);
#2001 = LINE('',#2002,#2003);
#2002 = CARTESIAN_POINT('',(132.6,-48.1,12.7));
#2003 = VECTOR('',#2004,1.);
#2004 = DIRECTION('',(0.,1.,0.));
#2005 = ORIENTED_EDGE('',*,*,#822,.F.);
#2006 = PLANE('',#2007);
#2007 = AXIS2_PLACEMENT_3D('',#2008,#2009,#2010);
#2008 = CARTESIAN_POINT('',(113.,-48.1,12.7));
#2009 = DIRECTION('',(0.,0.,1.));
#2010 = DIRECTION('',(1.,0.,0.));
#2011 = ADVANCED_FACE('',(#2012),#2023,.F.);
#2012 = FACE_BOUND('',#2013,.F.);
#2013 = EDGE_LOOP('',(#2014,#2015,#2016,#2022));
#2014 = ORIENTED_EDGE('',*,*,#2000,.F.);
#2015 = ORIENTED_EDGE('',*,*,#1141,.F.);
#2016 = ORIENTED_EDGE('',*,*,#2017,.F.);
#2017 = EDGE_CURVE('',#781,#1118,#2018,.T.);
#2018 = LINE('',#2019,#2020);
#2019 = CARTESIAN_POINT('',(132.6,-30.15,6.3));
#2020 = VECTOR('',#2021,1.);
#2021 = DIRECTION('',(0.,-1.,0.));
#2022 = ORIENTED_EDGE('',*,*,#780,.T.);
#2023 = PLANE('',#2024);
#2024 = AXIS2_PLACEMENT_3D('',#2025,#2026,#2027);
#2025 = CARTESIAN_POINT('',(132.6,-48.1,6.2));
#2026 = DIRECTION('',(1.,0.,0.));
#2027 = DIRECTION('',(0.,0.,1.));
#2028 = ADVANCED_FACE('',(#2029),#2040,.F.);
#2029 = FACE_BOUND('',#2030,.F.);
#2030 = EDGE_LOOP('',(#2031,#2032,#2033,#2039));
#2031 = ORIENTED_EDGE('',*,*,#836,.F.);
#2032 = ORIENTED_EDGE('',*,*,#806,.F.);
#2033 = ORIENTED_EDGE('',*,*,#2034,.T.);
#2034 = EDGE_CURVE('',#799,#870,#2035,.T.);
#2035 = LINE('',#2036,#2037);
#2036 = CARTESIAN_POINT('',(129.3,-20.,11.8));
#2037 = VECTOR('',#2038,1.);
#2038 = DIRECTION('',(0.,1.,0.));
#2039 = ORIENTED_EDGE('',*,*,#869,.T.);
#2040 = PLANE('',#2041);
#2041 = AXIS2_PLACEMENT_3D('',#2042,#2043,#2044);
#2042 = CARTESIAN_POINT('',(116.3,-20.,11.8));
#2043 = DIRECTION('',(0.,0.,1.));
#2044 = DIRECTION('',(1.,0.,0.));
#2045 = ADVANCED_FACE('',(#2046),#2057,.F.);
#2046 = FACE_BOUND('',#2047,.F.);
#2047 = EDGE_LOOP('',(#2048,#2049,#2050,#2056));
#2048 = ORIENTED_EDGE('',*,*,#2034,.F.);
#2049 = ORIENTED_EDGE('',*,*,#798,.F.);
#2050 = ORIENTED_EDGE('',*,*,#2051,.F.);
#2051 = EDGE_CURVE('',#878,#791,#2052,.T.);
#2052 = LINE('',#2053,#2054);
#2053 = CARTESIAN_POINT('',(129.3,-16.1,6.3));
#2054 = VECTOR('',#2055,1.);
#2055 = DIRECTION('',(0.,-1.,0.));
#2056 = ORIENTED_EDGE('',*,*,#877,.T.);
#2057 = PLANE('',#2058);
#2058 = AXIS2_PLACEMENT_3D('',#2059,#2060,#2061);
#2059 = CARTESIAN_POINT('',(129.3,-20.,6.2));
#2060 = DIRECTION('',(1.,0.,0.));
#2061 = DIRECTION('',(0.,0.,1.));
#2062 = ADVANCED_FACE('',(#2063,#2117),#2128,.T.);
#2063 = FACE_BOUND('',#2064,.T.);
#2064 = EDGE_LOOP('',(#2065,#2074,#2082,#2088,#2089,#2096,#2097,#2098,
    #2099,#2100,#2101,#2102,#2103,#2104,#2105,#2106,#2107,#2108,#2109,
    #2110,#2111,#2112,#2113,#2114,#2115,#2116));
#2065 = ORIENTED_EDGE('',*,*,#2066,.T.);
#2066 = EDGE_CURVE('',#886,#2067,#2069,.T.);
#2067 = VERTEX_POINT('',#2068);
#2068 = CARTESIAN_POINT('',(135.,-13.4,6.3));
#2069 = CIRCLE('',#2070,2.4);
#2070 = AXIS2_PLACEMENT_3D('',#2071,#2072,#2073);
#2071 = CARTESIAN_POINT('',(132.6,-13.4,6.3));
#2072 = DIRECTION('',(0.,0.,-1.));
#2073 = DIRECTION('',(0.,1.,0.));
#2074 = ORIENTED_EDGE('',*,*,#2075,.T.);
#2075 = EDGE_CURVE('',#2067,#2076,#2078,.T.);
#2076 = VERTEX_POINT('',#2077);
#2077 = CARTESIAN_POINT('',(135.,-55.4,6.3));
#2078 = LINE('',#2079,#2080);
#2079 = CARTESIAN_POINT('',(135.,-13.4,6.3));
#2080 = VECTOR('',#2081,1.);
#2081 = DIRECTION('',(0.,-1.,0.));
#2082 = ORIENTED_EDGE('',*,*,#2083,.F.);
#2083 = EDGE_CURVE('',#1302,#2076,#2084,.T.);
#2084 = LINE('',#2085,#2086);
#2085 = CARTESIAN_POINT('',(120.25,-55.4,6.3));
#2086 = VECTOR('',#2087,1.);
#2087 = DIRECTION('',(1.,0.,0.));
#2088 = ORIENTED_EDGE('',*,*,#1301,.T.);
#2089 = ORIENTED_EDGE('',*,*,#2090,.F.);
#2090 = EDGE_CURVE('',#1270,#1294,#2091,.T.);
#2091 = CIRCLE('',#2092,1.85);
#2092 = AXIS2_PLACEMENT_3D('',#2093,#2094,#2095);
#2093 = CARTESIAN_POINT('',(133.,-52.8,6.3));
#2094 = DIRECTION('',(0.,0.,1.));
#2095 = DIRECTION('',(1.,0.,0.));
#2096 = ORIENTED_EDGE('',*,*,#1269,.T.);
#2097 = ORIENTED_EDGE('',*,*,#1363,.T.);
#2098 = ORIENTED_EDGE('',*,*,#1411,.T.);
#2099 = ORIENTED_EDGE('',*,*,#1459,.T.);
#2100 = ORIENTED_EDGE('',*,*,#1507,.T.);
#2101 = ORIENTED_EDGE('',*,*,#1555,.T.);
#2102 = ORIENTED_EDGE('',*,*,#1603,.T.);
#2103 = ORIENTED_EDGE('',*,*,#1627,.T.);
#2104 = ORIENTED_EDGE('',*,*,#1579,.T.);
#2105 = ORIENTED_EDGE('',*,*,#1531,.T.);
#2106 = ORIENTED_EDGE('',*,*,#1483,.T.);
#2107 = ORIENTED_EDGE('',*,*,#1435,.T.);
#2108 = ORIENTED_EDGE('',*,*,#1387,.T.);
#2109 = ORIENTED_EDGE('',*,*,#1339,.T.);
#2110 = ORIENTED_EDGE('',*,*,#1227,.T.);
#2111 = ORIENTED_EDGE('',*,*,#1179,.T.);
#2112 = ORIENTED_EDGE('',*,*,#1115,.T.);
#2113 = ORIENTED_EDGE('',*,*,#2017,.F.);
#2114 = ORIENTED_EDGE('',*,*,#790,.F.);
#2115 = ORIENTED_EDGE('',*,*,#2051,.F.);
#2116 = ORIENTED_EDGE('',*,*,#885,.T.);
#2117 = FACE_BOUND('',#2118,.T.);
#2118 = EDGE_LOOP('',(#2119));
#2119 = ORIENTED_EDGE('',*,*,#2120,.F.);
#2120 = EDGE_CURVE('',#2121,#2121,#2123,.T.);
#2121 = VERTEX_POINT('',#2122);
#2122 = CARTESIAN_POINT('',(134.6,-52.8,6.3));
#2123 = CIRCLE('',#2124,1.6);
#2124 = AXIS2_PLACEMENT_3D('',#2125,#2126,#2127);
#2125 = CARTESIAN_POINT('',(133.,-52.8,6.3));
#2126 = DIRECTION('',(0.,0.,-1.));
#2127 = DIRECTION('',(1.,0.,0.));
#2128 = PLANE('',#2129);
#2129 = AXIS2_PLACEMENT_3D('',#2130,#2131,#2132);
#2130 = CARTESIAN_POINT('',(133.99038742451,-32.3036335587,6.3));
#2131 = DIRECTION('',(-0.,-0.,-1.));
#2132 = DIRECTION('',(-1.,0.,0.));
#2133 = ADVANCED_FACE('',(#2134),#2157,.F.);
#2134 = FACE_BOUND('',#2135,.F.);
#2135 = EDGE_LOOP('',(#2136,#2137,#2144,#2152));
#2136 = ORIENTED_EDGE('',*,*,#900,.T.);
#2137 = ORIENTED_EDGE('',*,*,#2138,.T.);
#2138 = EDGE_CURVE('',#894,#2139,#2141,.T.);
#2139 = VERTEX_POINT('',#2140);
#2140 = CARTESIAN_POINT('',(132.6,-11.4,16.6));
#2141 = B_SPLINE_CURVE_WITH_KNOTS('',1,(#2142,#2143),.UNSPECIFIED.,.F.,
  .F.,(2,2),(0.,1.),.PIECEWISE_BEZIER_KNOTS.);
#2142 = CARTESIAN_POINT('',(132.6,-11.,15.4));
#2143 = CARTESIAN_POINT('',(132.6,-11.4,16.6));
#2144 = ORIENTED_EDGE('',*,*,#2145,.F.);
#2145 = EDGE_CURVE('',#2146,#2139,#2148,.T.);
#2146 = VERTEX_POINT('',#2147);
#2147 = CARTESIAN_POINT('',(112.2,-11.4,16.6));
#2148 = LINE('',#2149,#2150);
#2149 = CARTESIAN_POINT('',(112.2,-11.4,16.6));
#2150 = VECTOR('',#2151,1.);
#2151 = DIRECTION('',(1.,0.,0.));
#2152 = ORIENTED_EDGE('',*,*,#2153,.F.);
#2153 = EDGE_CURVE('',#861,#2146,#2154,.T.);
#2154 = B_SPLINE_CURVE_WITH_KNOTS('',1,(#2155,#2156),.UNSPECIFIED.,.F.,
  .F.,(2,2),(0.,1.),.PIECEWISE_BEZIER_KNOTS.);
#2155 = CARTESIAN_POINT('',(112.2,-11.,15.4));
#2156 = CARTESIAN_POINT('',(112.2,-11.4,16.6));
#2157 = PLANE('',#2158);
#2158 = AXIS2_PLACEMENT_3D('',#2159,#2160,#2161);
#2159 = CARTESIAN_POINT('',(112.2,-11.4,16.6));
#2160 = DIRECTION('',(0.,-0.948683298051,-0.316227766017));
#2161 = DIRECTION('',(1.,0.,0.));
#2162 = ADVANCED_FACE('',(#2163),#2181,.T.);
#2163 = FACE_BOUND('',#2164,.F.);
#2164 = EDGE_LOOP('',(#2165,#2166,#2173,#2180));
#2165 = ORIENTED_EDGE('',*,*,#2066,.T.);
#2166 = ORIENTED_EDGE('',*,*,#2167,.T.);
#2167 = EDGE_CURVE('',#2067,#2168,#2170,.T.);
#2168 = VERTEX_POINT('',#2169);
#2169 = CARTESIAN_POINT('',(135.,-13.4,15.4));
#2170 = B_SPLINE_CURVE_WITH_KNOTS('',1,(#2171,#2172),.UNSPECIFIED.,.F.,
  .F.,(2,2),(0.,1.),.PIECEWISE_BEZIER_KNOTS.);
#2171 = CARTESIAN_POINT('',(135.,-13.4,6.3));
#2172 = CARTESIAN_POINT('',(135.,-13.4,15.4));
#2173 = ORIENTED_EDGE('',*,*,#2174,.F.);
#2174 = EDGE_CURVE('',#894,#2168,#2175,.T.);
#2175 = CIRCLE('',#2176,2.4);
#2176 = AXIS2_PLACEMENT_3D('',#2177,#2178,#2179);
#2177 = CARTESIAN_POINT('',(132.6,-13.4,15.4));
#2178 = DIRECTION('',(0.,0.,-1.));
#2179 = DIRECTION('',(0.,1.,0.));
#2180 = ORIENTED_EDGE('',*,*,#893,.F.);
#2181 = CYLINDRICAL_SURFACE('',#2182,2.4);
#2182 = AXIS2_PLACEMENT_3D('',#2183,#2184,#2185);
#2183 = CARTESIAN_POINT('',(132.6,-13.4,6.3));
#2184 = DIRECTION('',(0.,0.,1.));
#2185 = DIRECTION('',(0.,1.,0.));
#2186 = ADVANCED_FACE('',(#2187),#2205,.T.);
#2187 = FACE_BOUND('',#2188,.F.);
#2188 = EDGE_LOOP('',(#2189,#2190,#2191,#2200));
#2189 = ORIENTED_EDGE('',*,*,#916,.T.);
#2190 = ORIENTED_EDGE('',*,*,#2153,.T.);
#2191 = ORIENTED_EDGE('',*,*,#2192,.F.);
#2192 = EDGE_CURVE('',#2193,#2146,#2195,.T.);
#2193 = VERTEX_POINT('',#2194);
#2194 = CARTESIAN_POINT('',(111.4,-12.2,16.6));
#2195 = CIRCLE('',#2196,0.8);
#2196 = AXIS2_PLACEMENT_3D('',#2197,#2198,#2199);
#2197 = CARTESIAN_POINT('',(112.2,-12.2,16.6));
#2198 = DIRECTION('',(0.,0.,-1.));
#2199 = DIRECTION('',(-1.,0.,0.));
#2200 = ORIENTED_EDGE('',*,*,#2201,.F.);
#2201 = EDGE_CURVE('',#917,#2193,#2202,.T.);
#2202 = B_SPLINE_CURVE_WITH_KNOTS('',1,(#2203,#2204),.UNSPECIFIED.,.F.,
  .F.,(2,2),(0.,1.),.PIECEWISE_BEZIER_KNOTS.);
#2203 = CARTESIAN_POINT('',(111.,-12.2,15.4));
#2204 = CARTESIAN_POINT('',(111.4,-12.2,16.6));
#2205 = CONICAL_SURFACE('',#2206,1.2,0.321750554397);
#2206 = AXIS2_PLACEMENT_3D('',#2207,#2208,#2209);
#2207 = CARTESIAN_POINT('',(112.2,-12.2,15.4));
#2208 = DIRECTION('',(0.,0.,-1.));
#2209 = DIRECTION('',(-1.,4.440892098501E-15,0.));
#2210 = ADVANCED_FACE('',(#2211),#2228,.F.);
#2211 = FACE_BOUND('',#2212,.F.);
#2212 = EDGE_LOOP('',(#2213,#2214,#2215,#2223));
#2213 = ORIENTED_EDGE('',*,*,#940,.T.);
#2214 = ORIENTED_EDGE('',*,*,#2201,.T.);
#2215 = ORIENTED_EDGE('',*,*,#2216,.F.);
#2216 = EDGE_CURVE('',#2217,#2193,#2219,.T.);
#2217 = VERTEX_POINT('',#2218);
#2218 = CARTESIAN_POINT('',(111.4,-65.8,16.6));
#2219 = LINE('',#2220,#2221);
#2220 = CARTESIAN_POINT('',(111.4,-65.8,16.6));
#2221 = VECTOR('',#2222,1.);
#2222 = DIRECTION('',(0.,1.,0.));
#2223 = ORIENTED_EDGE('',*,*,#2224,.F.);
#2224 = EDGE_CURVE('',#941,#2217,#2225,.T.);
#2225 = B_SPLINE_CURVE_WITH_KNOTS('',1,(#2226,#2227),.UNSPECIFIED.,.F.,
  .F.,(2,2),(0.,1.),.PIECEWISE_BEZIER_KNOTS.);
#2226 = CARTESIAN_POINT('',(111.,-65.8,15.4));
#2227 = CARTESIAN_POINT('',(111.4,-65.8,16.6));
#2228 = PLANE('',#2229);
#2229 = AXIS2_PLACEMENT_3D('',#2230,#2231,#2232);
#2230 = CARTESIAN_POINT('',(111.4,-65.8,16.6));
#2231 = DIRECTION('',(0.948683298051,0.,-0.316227766017));
#2232 = DIRECTION('',(0.,1.,0.));
#2233 = ADVANCED_FACE('',(#2234),#2252,.T.);
#2234 = FACE_BOUND('',#2235,.F.);
#2235 = EDGE_LOOP('',(#2236,#2237,#2238,#2247));
#2236 = ORIENTED_EDGE('',*,*,#963,.T.);
#2237 = ORIENTED_EDGE('',*,*,#2224,.T.);
#2238 = ORIENTED_EDGE('',*,*,#2239,.F.);
#2239 = EDGE_CURVE('',#2240,#2217,#2242,.T.);
#2240 = VERTEX_POINT('',#2241);
#2241 = CARTESIAN_POINT('',(112.2,-66.6,16.6));
#2242 = CIRCLE('',#2243,0.8);
#2243 = AXIS2_PLACEMENT_3D('',#2244,#2245,#2246);
#2244 = CARTESIAN_POINT('',(112.2,-65.8,16.6));
#2245 = DIRECTION('',(0.,0.,-1.));
#2246 = DIRECTION('',(0.,-1.,0.));
#2247 = ORIENTED_EDGE('',*,*,#2248,.F.);
#2248 = EDGE_CURVE('',#964,#2240,#2249,.T.);
#2249 = B_SPLINE_CURVE_WITH_KNOTS('',1,(#2250,#2251),.UNSPECIFIED.,.F.,
  .F.,(2,2),(0.,1.),.PIECEWISE_BEZIER_KNOTS.);
#2250 = CARTESIAN_POINT('',(112.2,-67.,15.4));
#2251 = CARTESIAN_POINT('',(112.2,-66.6,16.6));
#2252 = CONICAL_SURFACE('',#2253,1.2,0.321750554397);
#2253 = AXIS2_PLACEMENT_3D('',#2254,#2255,#2256);
#2254 = CARTESIAN_POINT('',(112.2,-65.8,15.4));
#2255 = DIRECTION('',(0.,0.,-1.));
#2256 = DIRECTION('',(0.,-1.,0.));
#2257 = ADVANCED_FACE('',(#2258),#2276,.T.);
#2258 = FACE_BOUND('',#2259,.F.);
#2259 = EDGE_LOOP('',(#2260,#2261,#2262,#2271));
#2260 = ORIENTED_EDGE('',*,*,#1980,.T.);
#2261 = ORIENTED_EDGE('',*,*,#985,.T.);
#2262 = ORIENTED_EDGE('',*,*,#2263,.F.);
#2263 = EDGE_CURVE('',#2264,#988,#2266,.T.);
#2264 = VERTEX_POINT('',#2265);
#2265 = CARTESIAN_POINT('',(135.,-65.8,15.4));
#2266 = CIRCLE('',#2267,1.2);
#2267 = AXIS2_PLACEMENT_3D('',#2268,#2269,#2270);
#2268 = CARTESIAN_POINT('',(133.8,-65.8,15.4));
#2269 = DIRECTION('',(0.,0.,-1.));
#2270 = DIRECTION('',(1.,2.368475785867E-14,0.));
#2271 = ORIENTED_EDGE('',*,*,#2272,.F.);
#2272 = EDGE_CURVE('',#1973,#2264,#2273,.T.);
#2273 = B_SPLINE_CURVE_WITH_KNOTS('',1,(#2274,#2275),.UNSPECIFIED.,.F.,
  .F.,(2,2),(0.,1.),.PIECEWISE_BEZIER_KNOTS.);
#2274 = CARTESIAN_POINT('',(135.,-65.8,6.3));
#2275 = CARTESIAN_POINT('',(135.,-65.8,15.4));
#2276 = CYLINDRICAL_SURFACE('',#2277,1.2);
#2277 = AXIS2_PLACEMENT_3D('',#2278,#2279,#2280);
#2278 = CARTESIAN_POINT('',(133.8,-65.8,6.3));
#2279 = DIRECTION('',(0.,0.,1.));
#2280 = DIRECTION('',(1.,2.368475785867E-14,0.));
#2281 = ADVANCED_FACE('',(#2282),#2299,.F.);
#2282 = FACE_BOUND('',#2283,.F.);
#2283 = EDGE_LOOP('',(#2284,#2285,#2286,#2294));
#2284 = ORIENTED_EDGE('',*,*,#1058,.T.);
#2285 = ORIENTED_EDGE('',*,*,#2248,.T.);
#2286 = ORIENTED_EDGE('',*,*,#2287,.F.);
#2287 = EDGE_CURVE('',#2288,#2240,#2290,.T.);
#2288 = VERTEX_POINT('',#2289);
#2289 = CARTESIAN_POINT('',(133.8,-66.6,16.6));
#2290 = LINE('',#2291,#2292);
#2291 = CARTESIAN_POINT('',(133.8,-66.6,16.6));
#2292 = VECTOR('',#2293,1.);
#2293 = DIRECTION('',(-1.,0.,0.));
#2294 = ORIENTED_EDGE('',*,*,#2295,.F.);
#2295 = EDGE_CURVE('',#988,#2288,#2296,.T.);
#2296 = B_SPLINE_CURVE_WITH_KNOTS('',1,(#2297,#2298),.UNSPECIFIED.,.F.,
  .F.,(2,2),(0.,1.),.PIECEWISE_BEZIER_KNOTS.);
#2297 = CARTESIAN_POINT('',(133.8,-67.,15.4));
#2298 = CARTESIAN_POINT('',(133.8,-66.6,16.6));
#2299 = PLANE('',#2300);
#2300 = AXIS2_PLACEMENT_3D('',#2301,#2302,#2303);
#2301 = CARTESIAN_POINT('',(133.8,-66.6,16.6));
#2302 = DIRECTION('',(0.,0.948683298051,-0.316227766017));
#2303 = DIRECTION('',(-1.,0.,0.));
#2304 = ADVANCED_FACE('',(#2305),#2308,.F.);
#2305 = FACE_BOUND('',#2306,.T.);
#2306 = EDGE_LOOP('',(#2307));
#2307 = ORIENTED_EDGE('',*,*,#1099,.F.);
#2308 = PLANE('',#2309);
#2309 = AXIS2_PLACEMENT_3D('',#2310,#2311,#2312);
#2310 = CARTESIAN_POINT('',(113.,-52.8,6.8));
#2311 = DIRECTION('',(0.,0.,1.));
#2312 = DIRECTION('',(1.,0.,0.));
#2313 = ADVANCED_FACE('',(#2314),#2332,.T.);
#2314 = FACE_BOUND('',#2315,.T.);
#2315 = EDGE_LOOP('',(#2316,#2324,#2330,#2331));
#2316 = ORIENTED_EDGE('',*,*,#2317,.T.);
#2317 = EDGE_CURVE('',#1318,#2318,#2320,.T.);
#2318 = VERTEX_POINT('',#2319);
#2319 = CARTESIAN_POINT('',(135.,-63.9,9.2));
#2320 = LINE('',#2321,#2322);
#2321 = CARTESIAN_POINT('',(128.3,-63.9,9.2));
#2322 = VECTOR('',#2323,1.);
#2323 = DIRECTION('',(1.,0.,0.));
#2324 = ORIENTED_EDGE('',*,*,#2325,.T.);
#2325 = EDGE_CURVE('',#2318,#1965,#2326,.T.);
#2326 = LINE('',#2327,#2328);
#2327 = CARTESIAN_POINT('',(135.,-63.9,10.25));
#2328 = VECTOR('',#2329,1.);
#2329 = DIRECTION('',(0.,0.,-1.));
#2330 = ORIENTED_EDGE('',*,*,#1964,.F.);
#2331 = ORIENTED_EDGE('',*,*,#1325,.F.);
#2332 = PLANE('',#2333);
#2333 = AXIS2_PLACEMENT_3D('',#2334,#2335,#2336);
#2334 = CARTESIAN_POINT('',(128.3,-63.9,5.1));
#2335 = DIRECTION('',(0.,1.,0.));
#2336 = DIRECTION('',(0.,0.,1.));
#2337 = ADVANCED_FACE('',(#2338),#2356,.F.);
#2338 = FACE_BOUND('',#2339,.F.);
#2339 = EDGE_LOOP('',(#2340,#2348,#2349,#2350));
#2340 = ORIENTED_EDGE('',*,*,#2341,.F.);
#2341 = EDGE_CURVE('',#1310,#2342,#2344,.T.);
#2342 = VERTEX_POINT('',#2343);
#2343 = CARTESIAN_POINT('',(135.,-55.4,9.2));
#2344 = LINE('',#2345,#2346);
#2345 = CARTESIAN_POINT('',(128.3,-55.4,9.2));
#2346 = VECTOR('',#2347,1.);
#2347 = DIRECTION('',(1.,0.,0.));
#2348 = ORIENTED_EDGE('',*,*,#1317,.F.);
#2349 = ORIENTED_EDGE('',*,*,#2317,.T.);
#2350 = ORIENTED_EDGE('',*,*,#2351,.T.);
#2351 = EDGE_CURVE('',#2318,#2342,#2352,.T.);
#2352 = LINE('',#2353,#2354);
#2353 = CARTESIAN_POINT('',(135.,-38.65,9.2));
#2354 = VECTOR('',#2355,1.);
#2355 = DIRECTION('',(0.,1.,0.));
#2356 = PLANE('',#2357);
#2357 = AXIS2_PLACEMENT_3D('',#2358,#2359,#2360);
#2358 = CARTESIAN_POINT('',(128.3,-63.9,9.2));
#2359 = DIRECTION('',(0.,0.,1.));
#2360 = DIRECTION('',(1.,0.,0.));
#2361 = ADVANCED_FACE('',(#2362),#2373,.F.);
#2362 = FACE_BOUND('',#2363,.F.);
#2363 = EDGE_LOOP('',(#2364,#2365,#2371,#2372));
#2364 = ORIENTED_EDGE('',*,*,#2341,.T.);
#2365 = ORIENTED_EDGE('',*,*,#2366,.T.);
#2366 = EDGE_CURVE('',#2342,#2076,#2367,.T.);
#2367 = LINE('',#2368,#2369);
#2368 = CARTESIAN_POINT('',(135.,-55.4,10.25));
#2369 = VECTOR('',#2370,1.);
#2370 = DIRECTION('',(0.,0.,-1.));
#2371 = ORIENTED_EDGE('',*,*,#2083,.F.);
#2372 = ORIENTED_EDGE('',*,*,#1309,.F.);
#2373 = PLANE('',#2374);
#2374 = AXIS2_PLACEMENT_3D('',#2375,#2376,#2377);
#2375 = CARTESIAN_POINT('',(128.3,-55.4,5.1));
#2376 = DIRECTION('',(0.,1.,0.));
#2377 = DIRECTION('',(0.,0.,1.));
#2378 = ADVANCED_FACE('',(#2379),#2391,.T.);
#2379 = FACE_BOUND('',#2380,.F.);
#2380 = EDGE_LOOP('',(#2381,#2382,#2383,#2390));
#2381 = ORIENTED_EDGE('',*,*,#2090,.F.);
#2382 = ORIENTED_EDGE('',*,*,#1277,.F.);
#2383 = ORIENTED_EDGE('',*,*,#2384,.T.);
#2384 = EDGE_CURVE('',#1278,#1286,#2385,.T.);
#2385 = CIRCLE('',#2386,1.85);
#2386 = AXIS2_PLACEMENT_3D('',#2387,#2388,#2389);
#2387 = CARTESIAN_POINT('',(133.,-52.8,11.6));
#2388 = DIRECTION('',(0.,0.,1.));
#2389 = DIRECTION('',(1.,0.,0.));
#2390 = ORIENTED_EDGE('',*,*,#1293,.T.);
#2391 = CYLINDRICAL_SURFACE('',#2392,1.85);
#2392 = AXIS2_PLACEMENT_3D('',#2393,#2394,#2395);
#2393 = CARTESIAN_POINT('',(133.,-52.8,6.3));
#2394 = DIRECTION('',(-0.,-0.,-1.));
#2395 = DIRECTION('',(1.,0.,0.));
#2396 = ADVANCED_FACE('',(#2397),#2401,.T.);
#2397 = FACE_BOUND('',#2398,.T.);
#2398 = EDGE_LOOP('',(#2399,#2400));
#2399 = ORIENTED_EDGE('',*,*,#1285,.T.);
#2400 = ORIENTED_EDGE('',*,*,#2384,.T.);
#2401 = PLANE('',#2402);
#2402 = AXIS2_PLACEMENT_3D('',#2403,#2404,#2405);
#2403 = CARTESIAN_POINT('',(133.,-52.8,11.6));
#2404 = DIRECTION('',(0.,0.,1.));
#2405 = DIRECTION('',(1.,0.,0.));
#2406 = ADVANCED_FACE('',(#2407,#2438,#2441),#2447,.F.);
#2407 = FACE_BOUND('',#2408,.F.);
#2408 = EDGE_LOOP('',(#2409,#2410,#2411,#2420,#2428,#2435,#2436,#2437));
#2409 = ORIENTED_EDGE('',*,*,#2192,.T.);
#2410 = ORIENTED_EDGE('',*,*,#2145,.T.);
#2411 = ORIENTED_EDGE('',*,*,#2412,.T.);
#2412 = EDGE_CURVE('',#2139,#2413,#2415,.T.);
#2413 = VERTEX_POINT('',#2414);
#2414 = CARTESIAN_POINT('',(134.6,-13.4,16.6));
#2415 = CIRCLE('',#2416,2.);
#2416 = AXIS2_PLACEMENT_3D('',#2417,#2418,#2419);
#2417 = CARTESIAN_POINT('',(132.6,-13.4,16.6));
#2418 = DIRECTION('',(0.,0.,-1.));
#2419 = DIRECTION('',(-1.42108547152E-14,1.,0.));
#2420 = ORIENTED_EDGE('',*,*,#2421,.T.);
#2421 = EDGE_CURVE('',#2413,#2422,#2424,.T.);
#2422 = VERTEX_POINT('',#2423);
#2423 = CARTESIAN_POINT('',(134.6,-65.8,16.6));
#2424 = LINE('',#2425,#2426);
#2425 = CARTESIAN_POINT('',(134.6,-13.4,16.6));
#2426 = VECTOR('',#2427,1.);
#2427 = DIRECTION('',(0.,-1.,0.));
#2428 = ORIENTED_EDGE('',*,*,#2429,.T.);
#2429 = EDGE_CURVE('',#2422,#2288,#2430,.T.);
#2430 = CIRCLE('',#2431,0.8);
#2431 = AXIS2_PLACEMENT_3D('',#2432,#2433,#2434);
#2432 = CARTESIAN_POINT('',(133.8,-65.8,16.6));
#2433 = DIRECTION('',(0.,0.,-1.));
#2434 = DIRECTION('',(1.,-5.3290705182E-14,0.));
#2435 = ORIENTED_EDGE('',*,*,#2287,.T.);
#2436 = ORIENTED_EDGE('',*,*,#2239,.T.);
#2437 = ORIENTED_EDGE('',*,*,#2216,.T.);
#2438 = FACE_BOUND('',#2439,.F.);
#2439 = EDGE_LOOP('',(#2440));
#2440 = ORIENTED_EDGE('',*,*,#1653,.F.);
#2441 = FACE_BOUND('',#2442,.F.);
#2442 = EDGE_LOOP('',(#2443,#2444,#2445,#2446));
#2443 = ORIENTED_EDGE('',*,*,#1751,.F.);
#2444 = ORIENTED_EDGE('',*,*,#1734,.T.);
#2445 = ORIENTED_EDGE('',*,*,#1686,.T.);
#2446 = ORIENTED_EDGE('',*,*,#1710,.F.);
#2447 = PLANE('',#2448);
#2448 = AXIS2_PLACEMENT_3D('',#2449,#2450,#2451);
#2449 = CARTESIAN_POINT('',(112.2,-12.2,16.6));
#2450 = DIRECTION('',(0.,0.,-1.));
#2451 = DIRECTION('',(-1.,0.,0.));
#2452 = ADVANCED_FACE('',(#2453),#2472,.F.);
#2453 = FACE_BOUND('',#2454,.T.);
#2454 = EDGE_LOOP('',(#2455,#2456,#2464,#2471));
#2455 = ORIENTED_EDGE('',*,*,#1830,.T.);
#2456 = ORIENTED_EDGE('',*,*,#2457,.T.);
#2457 = EDGE_CURVE('',#1831,#2458,#2460,.T.);
#2458 = VERTEX_POINT('',#2459);
#2459 = CARTESIAN_POINT('',(124.4,-64.7,6.8));
#2460 = LINE('',#2461,#2462);
#2461 = CARTESIAN_POINT('',(124.4,-64.7,6.2));
#2462 = VECTOR('',#2463,1.);
#2463 = DIRECTION('',(0.,0.,1.));
#2464 = ORIENTED_EDGE('',*,*,#2465,.T.);
#2465 = EDGE_CURVE('',#2458,#2458,#2466,.T.);
#2466 = CIRCLE('',#2467,1.6);
#2467 = AXIS2_PLACEMENT_3D('',#2468,#2469,#2470);
#2468 = CARTESIAN_POINT('',(122.8,-64.7,6.8));
#2469 = DIRECTION('',(0.,0.,1.));
#2470 = DIRECTION('',(1.,0.,0.));
#2471 = ORIENTED_EDGE('',*,*,#2457,.F.);
#2472 = CYLINDRICAL_SURFACE('',#2473,1.6);
#2473 = AXIS2_PLACEMENT_3D('',#2474,#2475,#2476);
#2474 = CARTESIAN_POINT('',(122.8,-64.7,6.2));
#2475 = DIRECTION('',(-0.,-0.,-1.));
#2476 = DIRECTION('',(1.,0.,0.));
#2477 = ADVANCED_FACE('',(#2478),#2493,.F.);
#2478 = FACE_BOUND('',#2479,.F.);
#2479 = EDGE_LOOP('',(#2480,#2481,#2482,#2483,#2484,#2485,#2486,#2487));
#2480 = ORIENTED_EDGE('',*,*,#2167,.F.);
#2481 = ORIENTED_EDGE('',*,*,#2075,.T.);
#2482 = ORIENTED_EDGE('',*,*,#2366,.F.);
#2483 = ORIENTED_EDGE('',*,*,#2351,.F.);
#2484 = ORIENTED_EDGE('',*,*,#2325,.T.);
#2485 = ORIENTED_EDGE('',*,*,#1972,.T.);
#2486 = ORIENTED_EDGE('',*,*,#2272,.T.);
#2487 = ORIENTED_EDGE('',*,*,#2488,.F.);
#2488 = EDGE_CURVE('',#2168,#2264,#2489,.T.);
#2489 = LINE('',#2490,#2491);
#2490 = CARTESIAN_POINT('',(135.,-13.4,15.4));
#2491 = VECTOR('',#2492,1.);
#2492 = DIRECTION('',(0.,-1.,0.));
#2493 = PLANE('',#2494);
#2494 = AXIS2_PLACEMENT_3D('',#2495,#2496,#2497);
#2495 = CARTESIAN_POINT('',(135.,-13.4,15.4));
#2496 = DIRECTION('',(-1.,0.,0.));
#2497 = DIRECTION('',(0.,-1.,0.));
#2498 = ADVANCED_FACE('',(#2499),#2518,.F.);
#2499 = FACE_BOUND('',#2500,.T.);
#2500 = EDGE_LOOP('',(#2501,#2502,#2510,#2517));
#2501 = ORIENTED_EDGE('',*,*,#2120,.T.);
#2502 = ORIENTED_EDGE('',*,*,#2503,.T.);
#2503 = EDGE_CURVE('',#2121,#2504,#2506,.T.);
#2504 = VERTEX_POINT('',#2505);
#2505 = CARTESIAN_POINT('',(134.6,-52.8,6.8));
#2506 = LINE('',#2507,#2508);
#2507 = CARTESIAN_POINT('',(134.6,-52.8,6.2));
#2508 = VECTOR('',#2509,1.);
#2509 = DIRECTION('',(0.,0.,1.));
#2510 = ORIENTED_EDGE('',*,*,#2511,.T.);
#2511 = EDGE_CURVE('',#2504,#2504,#2512,.T.);
#2512 = CIRCLE('',#2513,1.6);
#2513 = AXIS2_PLACEMENT_3D('',#2514,#2515,#2516);
#2514 = CARTESIAN_POINT('',(133.,-52.8,6.8));
#2515 = DIRECTION('',(0.,0.,1.));
#2516 = DIRECTION('',(1.,0.,0.));
#2517 = ORIENTED_EDGE('',*,*,#2503,.F.);
#2518 = CYLINDRICAL_SURFACE('',#2519,1.6);
#2519 = AXIS2_PLACEMENT_3D('',#2520,#2521,#2522);
#2520 = CARTESIAN_POINT('',(133.,-52.8,6.2));
#2521 = DIRECTION('',(-0.,-0.,-1.));
#2522 = DIRECTION('',(1.,0.,0.));
#2523 = ADVANCED_FACE('',(#2524),#2534,.T.);
#2524 = FACE_BOUND('',#2525,.F.);
#2525 = EDGE_LOOP('',(#2526,#2527,#2532,#2533));
#2526 = ORIENTED_EDGE('',*,*,#2174,.T.);
#2527 = ORIENTED_EDGE('',*,*,#2528,.T.);
#2528 = EDGE_CURVE('',#2168,#2413,#2529,.T.);
#2529 = B_SPLINE_CURVE_WITH_KNOTS('',1,(#2530,#2531),.UNSPECIFIED.,.F.,
  .F.,(2,2),(0.,1.),.PIECEWISE_BEZIER_KNOTS.);
#2530 = CARTESIAN_POINT('',(135.,-13.4,15.4));
#2531 = CARTESIAN_POINT('',(134.6,-13.4,16.6));
#2532 = ORIENTED_EDGE('',*,*,#2412,.F.);
#2533 = ORIENTED_EDGE('',*,*,#2138,.F.);
#2534 = CONICAL_SURFACE('',#2535,2.4,0.321750554397);
#2535 = AXIS2_PLACEMENT_3D('',#2536,#2537,#2538);
#2536 = CARTESIAN_POINT('',(132.6,-13.4,15.4));
#2537 = DIRECTION('',(0.,0.,-1.));
#2538 = DIRECTION('',(0.,1.,0.));
#2539 = ADVANCED_FACE('',(#2540),#2550,.T.);
#2540 = FACE_BOUND('',#2541,.F.);
#2541 = EDGE_LOOP('',(#2542,#2543,#2544,#2545));
#2542 = ORIENTED_EDGE('',*,*,#2263,.T.);
#2543 = ORIENTED_EDGE('',*,*,#2295,.T.);
#2544 = ORIENTED_EDGE('',*,*,#2429,.F.);
#2545 = ORIENTED_EDGE('',*,*,#2546,.F.);
#2546 = EDGE_CURVE('',#2264,#2422,#2547,.T.);
#2547 = B_SPLINE_CURVE_WITH_KNOTS('',1,(#2548,#2549),.UNSPECIFIED.,.F.,
  .F.,(2,2),(0.,1.),.PIECEWISE_BEZIER_KNOTS.);
#2548 = CARTESIAN_POINT('',(135.,-65.8,15.4));
#2549 = CARTESIAN_POINT('',(134.6,-65.8,16.6));
#2550 = CONICAL_SURFACE('',#2551,1.2,0.321750554397);
#2551 = AXIS2_PLACEMENT_3D('',#2552,#2553,#2554);
#2552 = CARTESIAN_POINT('',(133.8,-65.8,15.4));
#2553 = DIRECTION('',(0.,0.,-1.));
#2554 = DIRECTION('',(1.,2.368475785867E-14,0.));
#2555 = ADVANCED_FACE('',(#2556),#2562,.F.);
#2556 = FACE_BOUND('',#2557,.F.);
#2557 = EDGE_LOOP('',(#2558,#2559,#2560,#2561));
#2558 = ORIENTED_EDGE('',*,*,#2488,.T.);
#2559 = ORIENTED_EDGE('',*,*,#2546,.T.);
#2560 = ORIENTED_EDGE('',*,*,#2421,.F.);
#2561 = ORIENTED_EDGE('',*,*,#2528,.F.);
#2562 = PLANE('',#2563);
#2563 = AXIS2_PLACEMENT_3D('',#2564,#2565,#2566);
#2564 = CARTESIAN_POINT('',(134.6,-13.4,16.6));
#2565 = DIRECTION('',(-0.948683298051,-0.,-0.316227766017));
#2566 = DIRECTION('',(0.,-1.,0.));
#2567 = ADVANCED_FACE('',(#2568),#2571,.F.);
#2568 = FACE_BOUND('',#2569,.T.);
#2569 = EDGE_LOOP('',(#2570));
#2570 = ORIENTED_EDGE('',*,*,#2465,.F.);
#2571 = PLANE('',#2572);
#2572 = AXIS2_PLACEMENT_3D('',#2573,#2574,#2575);
#2573 = CARTESIAN_POINT('',(122.8,-64.7,6.8));
#2574 = DIRECTION('',(0.,0.,1.));
#2575 = DIRECTION('',(1.,0.,0.));
#2576 = ADVANCED_FACE('',(#2577),#2580,.F.);
#2577 = FACE_BOUND('',#2578,.T.);
#2578 = EDGE_LOOP('',(#2579));
#2579 = ORIENTED_EDGE('',*,*,#2511,.F.);
#2580 = PLANE('',#2581);
#2581 = AXIS2_PLACEMENT_3D('',#2582,#2583,#2584);
#2582 = CARTESIAN_POINT('',(133.,-52.8,6.8));
#2583 = DIRECTION('',(0.,0.,1.));
#2584 = DIRECTION('',(1.,0.,0.));
#2585 = ORIENTED_CLOSED_SHELL('',*,#2586,.F.);
#2586 = CLOSED_SHELL('',(#2587,#2620,#2629));
#2587 = ADVANCED_FACE('',(#2588),#2615,.T.);
#2588 = FACE_BOUND('',#2589,.F.);
#2589 = EDGE_LOOP('',(#2590,#2600,#2607,#2608));
#2590 = ORIENTED_EDGE('',*,*,#2591,.T.);
#2591 = EDGE_CURVE('',#2592,#2594,#2596,.T.);
#2592 = VERTEX_POINT('',#2593);
#2593 = CARTESIAN_POINT('',(123.9,-64.7,7.));
#2594 = VERTEX_POINT('',#2595);
#2595 = CARTESIAN_POINT('',(123.9,-64.7,11.2));
#2596 = LINE('',#2597,#2598);
#2597 = CARTESIAN_POINT('',(123.9,-64.7,7.));
#2598 = VECTOR('',#2599,1.);
#2599 = DIRECTION('',(0.,0.,1.));
#2600 = ORIENTED_EDGE('',*,*,#2601,.T.);
#2601 = EDGE_CURVE('',#2594,#2594,#2602,.T.);
#2602 = CIRCLE('',#2603,1.1);
#2603 = AXIS2_PLACEMENT_3D('',#2604,#2605,#2606);
#2604 = CARTESIAN_POINT('',(122.8,-64.7,11.2));
#2605 = DIRECTION('',(0.,0.,1.));
#2606 = DIRECTION('',(1.,0.,0.));
#2607 = ORIENTED_EDGE('',*,*,#2591,.F.);
#2608 = ORIENTED_EDGE('',*,*,#2609,.F.);
#2609 = EDGE_CURVE('',#2592,#2592,#2610,.T.);
#2610 = CIRCLE('',#2611,1.1);
#2611 = AXIS2_PLACEMENT_3D('',#2612,#2613,#2614);
#2612 = CARTESIAN_POINT('',(122.8,-64.7,7.));
#2613 = DIRECTION('',(0.,0.,1.));
#2614 = DIRECTION('',(1.,0.,0.));
#2615 = CYLINDRICAL_SURFACE('',#2616,1.1);
#2616 = AXIS2_PLACEMENT_3D('',#2617,#2618,#2619);
#2617 = CARTESIAN_POINT('',(122.8,-64.7,7.));
#2618 = DIRECTION('',(-0.,-0.,-1.));
#2619 = DIRECTION('',(1.,0.,0.));
#2620 = ADVANCED_FACE('',(#2621),#2624,.F.);
#2621 = FACE_BOUND('',#2622,.T.);
#2622 = EDGE_LOOP('',(#2623));
#2623 = ORIENTED_EDGE('',*,*,#2609,.F.);
#2624 = PLANE('',#2625);
#2625 = AXIS2_PLACEMENT_3D('',#2626,#2627,#2628);
#2626 = CARTESIAN_POINT('',(122.8,-64.7,7.));
#2627 = DIRECTION('',(0.,0.,1.));
#2628 = DIRECTION('',(1.,0.,0.));
#2629 = ADVANCED_FACE('',(#2630),#2633,.T.);
#2630 = FACE_BOUND('',#2631,.F.);
#2631 = EDGE_LOOP('',(#2632));
#2632 = ORIENTED_EDGE('',*,*,#2601,.F.);
#2633 = PLANE('',#2634);
#2634 = AXIS2_PLACEMENT_3D('',#2635,#2636,#2637);
#2635 = CARTESIAN_POINT('',(122.8,-64.7,11.2));
#2636 = DIRECTION('',(0.,0.,1.));
#2637 = DIRECTION('',(1.,0.,0.));
#2638 = ORIENTED_CLOSED_SHELL('',*,#2639,.F.);
#2639 = CLOSED_SHELL('',(#2640,#2673,#2682));
#2640 = ADVANCED_FACE('',(#2641),#2668,.T.);
#2641 = FACE_BOUND('',#2642,.F.);
#2642 = EDGE_LOOP('',(#2643,#2653,#2660,#2661));
#2643 = ORIENTED_EDGE('',*,*,#2644,.T.);
#2644 = EDGE_CURVE('',#2645,#2647,#2649,.T.);
#2645 = VERTEX_POINT('',#2646);
#2646 = CARTESIAN_POINT('',(114.1,-52.8,7.));
#2647 = VERTEX_POINT('',#2648);
#2648 = CARTESIAN_POINT('',(114.1,-52.8,11.2));
#2649 = LINE('',#2650,#2651);
#2650 = CARTESIAN_POINT('',(114.1,-52.8,7.));
#2651 = VECTOR('',#2652,1.);
#2652 = DIRECTION('',(0.,0.,1.));
#2653 = ORIENTED_EDGE('',*,*,#2654,.T.);
#2654 = EDGE_CURVE('',#2647,#2647,#2655,.T.);
#2655 = CIRCLE('',#2656,1.1);
#2656 = AXIS2_PLACEMENT_3D('',#2657,#2658,#2659);
#2657 = CARTESIAN_POINT('',(113.,-52.8,11.2));
#2658 = DIRECTION('',(0.,0.,1.));
#2659 = DIRECTION('',(1.,0.,0.));
#2660 = ORIENTED_EDGE('',*,*,#2644,.F.);
#2661 = ORIENTED_EDGE('',*,*,#2662,.F.);
#2662 = EDGE_CURVE('',#2645,#2645,#2663,.T.);
#2663 = CIRCLE('',#2664,1.1);
#2664 = AXIS2_PLACEMENT_3D('',#2665,#2666,#2667);
#2665 = CARTESIAN_POINT('',(113.,-52.8,7.));
#2666 = DIRECTION('',(0.,0.,1.));
#2667 = DIRECTION('',(1.,0.,0.));
#2668 = CYLINDRICAL_SURFACE('',#2669,1.1);
#2669 = AXIS2_PLACEMENT_3D('',#2670,#2671,#2672);
#2670 = CARTESIAN_POINT('',(113.,-52.8,7.));
#2671 = DIRECTION('',(-0.,-0.,-1.));
#2672 = DIRECTION('',(1.,0.,0.));
#2673 = ADVANCED_FACE('',(#2674),#2677,.F.);
#2674 = FACE_BOUND('',#2675,.T.);
#2675 = EDGE_LOOP('',(#2676));
#2676 = ORIENTED_EDGE('',*,*,#2662,.F.);
#2677 = PLANE('',#2678);
#2678 = AXIS2_PLACEMENT_3D('',#2679,#2680,#2681);
#2679 = CARTESIAN_POINT('',(113.,-52.8,7.));
#2680 = DIRECTION('',(0.,0.,1.));
#2681 = DIRECTION('',(1.,0.,0.));
#2682 = ADVANCED_FACE('',(#2683),#2686,.T.);
#2683 = FACE_BOUND('',#2684,.F.);
#2684 = EDGE_LOOP('',(#2685));
#2685 = ORIENTED_EDGE('',*,*,#2654,.F.);
#2686 = PLANE('',#2687);
#2687 = AXIS2_PLACEMENT_3D('',#2688,#2689,#2690);
#2688 = CARTESIAN_POINT('',(113.,-52.8,11.2));
#2689 = DIRECTION('',(0.,0.,1.));
#2690 = DIRECTION('',(1.,0.,0.));
#2691 = ORIENTED_CLOSED_SHELL('',*,#2692,.F.);
#2692 = CLOSED_SHELL('',(#2693,#2726,#2735));
#2693 = ADVANCED_FACE('',(#2694),#2721,.T.);
#2694 = FACE_BOUND('',#2695,.F.);
#2695 = EDGE_LOOP('',(#2696,#2706,#2713,#2714));
#2696 = ORIENTED_EDGE('',*,*,#2697,.T.);
#2697 = EDGE_CURVE('',#2698,#2700,#2702,.T.);
#2698 = VERTEX_POINT('',#2699);
#2699 = CARTESIAN_POINT('',(134.1,-52.8,7.));
#2700 = VERTEX_POINT('',#2701);
#2701 = CARTESIAN_POINT('',(134.1,-52.8,11.2));
#2702 = LINE('',#2703,#2704);
#2703 = CARTESIAN_POINT('',(134.1,-52.8,7.));
#2704 = VECTOR('',#2705,1.);
#2705 = DIRECTION('',(0.,0.,1.));
#2706 = ORIENTED_EDGE('',*,*,#2707,.T.);
#2707 = EDGE_CURVE('',#2700,#2700,#2708,.T.);
#2708 = CIRCLE('',#2709,1.1);
#2709 = AXIS2_PLACEMENT_3D('',#2710,#2711,#2712);
#2710 = CARTESIAN_POINT('',(133.,-52.8,11.2));
#2711 = DIRECTION('',(0.,0.,1.));
#2712 = DIRECTION('',(1.,0.,0.));
#2713 = ORIENTED_EDGE('',*,*,#2697,.F.);
#2714 = ORIENTED_EDGE('',*,*,#2715,.F.);
#2715 = EDGE_CURVE('',#2698,#2698,#2716,.T.);
#2716 = CIRCLE('',#2717,1.1);
#2717 = AXIS2_PLACEMENT_3D('',#2718,#2719,#2720);
#2718 = CARTESIAN_POINT('',(133.,-52.8,7.));
#2719 = DIRECTION('',(0.,0.,1.));
#2720 = DIRECTION('',(1.,0.,0.));
#2721 = CYLINDRICAL_SURFACE('',#2722,1.1);
#2722 = AXIS2_PLACEMENT_3D('',#2723,#2724,#2725);
#2723 = CARTESIAN_POINT('',(133.,-52.8,7.));
#2724 = DIRECTION('',(-0.,-0.,-1.));
#2725 = DIRECTION('',(1.,0.,0.));
#2726 = ADVANCED_FACE('',(#2727),#2730,.F.);
#2727 = FACE_BOUND('',#2728,.T.);
#2728 = EDGE_LOOP('',(#2729));
#2729 = ORIENTED_EDGE('',*,*,#2715,.F.);
#2730 = PLANE('',#2731);
#2731 = AXIS2_PLACEMENT_3D('',#2732,#2733,#2734);
#2732 = CARTESIAN_POINT('',(133.,-52.8,7.));
#2733 = DIRECTION('',(0.,0.,1.));
#2734 = DIRECTION('',(1.,0.,0.));
#2735 = ADVANCED_FACE('',(#2736),#2739,.T.);
#2736 = FACE_BOUND('',#2737,.F.);
#2737 = EDGE_LOOP('',(#2738));
#2738 = ORIENTED_EDGE('',*,*,#2707,.F.);
#2739 = PLANE('',#2740);
#2740 = AXIS2_PLACEMENT_3D('',#2741,#2742,#2743);
#2741 = CARTESIAN_POINT('',(133.,-52.8,11.2));
#2742 = DIRECTION('',(0.,0.,1.));
#2743 = DIRECTION('',(1.,0.,0.));
#2744 = ( GEOMETRIC_REPRESENTATION_CONTEXT(3) 
GLOBAL_UNCERTAINTY_ASSIGNED_CONTEXT((#2748)) 
GLOBAL_UNIT_ASSIGNED_CONTEXT((#2745,#2746,#2747)) REPRESENTATION_CONTEXT
('Context #1','3D Context with UNIT and UNCERTAINTY') );
#2745 = ( LENGTH_UNIT() NAMED_UNIT(*) SI_UNIT(.MILLI.,.METRE.) );
#2746 = ( NAMED_UNIT(*) PLANE_ANGLE_UNIT() SI_UNIT($,.RADIAN.) );
#2747 = ( NAMED_UNIT(*) SI_UNIT($,.STERADIAN.) SOLID_ANGLE_UNIT() );
#2748 = UNCERTAINTY_MEASURE_WITH_UNIT(LENGTH_MEASURE(2.E-05),#2745,
  'distance_accuracy_value','confusion accuracy');
#2749 = PRODUCT_RELATED_PRODUCT_CATEGORY('part',$,(#7));
ENDSEC;
END-ISO-10303-21;
