ISO-10303-21;
HEADER;
FILE_DESCRIPTION(('FreeCAD Model'),'2;1');
FILE_NAME('Open CASCADE Shape Model','2026-09-23T13:59:36',('FreeCAD'),(
    'FreeCAD'),'Open CASCADE STEP processor 7.8','FreeCAD','Unknown');
FILE_SCHEMA(('AUTOMOTIVE_DESIGN { 1 0 10303 214 1 1 1 1 }'));
ENDSEC;
DATA;
#1 = APPLICATION_PROTOCOL_DEFINITION('international standard',
  'automotive_design',2000,#2);
#2 = APPLICATION_CONTEXT(
  'core data for automotive mechanical design processes');
#3 = SHAPE_DEFINITION_REPRESENTATION(#4,#10);
#4 = PRODUCT_DEFINITION_SHAPE('','',#5);
#5 = PRODUCT_DEFINITION('design','',#6,#9);
#6 = PRODUCT_DEFINITION_FORMATION('','',#7);
#7 = PRODUCT('Open CASCADE STEP translator 7.8 46',
  'Open CASCADE STEP translator 7.8 46','',(#8));
#8 = PRODUCT_CONTEXT('',#2,'mechanical');
#9 = PRODUCT_DEFINITION_CONTEXT('part definition',#2,'design');
#10 = ADVANCED_BREP_SHAPE_REPRESENTATION('',(#11,#15),#5512);
#11 = AXIS2_PLACEMENT_3D('',#12,#13,#14);
#12 = CARTESIAN_POINT('',(0.,0.,0.));
#13 = DIRECTION('',(0.,0.,1.));
#14 = DIRECTION('',(1.,0.,-0.));
#15 = BREP_WITH_VOIDS('',#16,(#5353,#5406,#5459));
#16 = CLOSED_SHELL('',(#17,#153,#184,#429,#453,#604,#629,#654,#679,#741,
    #769,#780,#815,#841,#866,#924,#941,#986,#1003,#1015,#1032,#1065,
    #1105,#1129,#1153,#1234,#1258,#1282,#1306,#1330,#1354,#1378,#1402,
    #1426,#1450,#1474,#1498,#1522,#1539,#1564,#1595,#1619,#1643,#1660,
    #1699,#1724,#1748,#1773,#1829,#1853,#1909,#1926,#1944,#1969,#1994,
    #2018,#2074,#2092,#2102,#2120,#2137,#2213,#2230,#2242,#2270,#2281,
    #3022,#3039,#3051,#3063,#3072,#3081,#3106,#3137,#3161,#3185,#3202,
    #3233,#3257,#3281,#3298,#3329,#3353,#3377,#3394,#3425,#3449,#3473,
    #3490,#3521,#3545,#3569,#3586,#3617,#3641,#3665,#3682,#3713,#3737,
    #3761,#3778,#3809,#3833,#3857,#3874,#3905,#4044,#4068,#4092,#4109,
    #4133,#4157,#4174,#4198,#4222,#4239,#4263,#4287,#4304,#4328,#4352,
    #4369,#4393,#4410,#4441,#4465,#4489,#4621,#4645,#4669,#4686,#4710,
    #4734,#4751,#4775,#4799,#4816,#4840,#4864,#4881,#4905,#4929,#4946,
    #4977,#5001,#5025,#5049,#5073,#5090,#5099,#5111,#5123,#5135,#5147,
    #5159,#5171,#5183,#5195,#5207,#5219,#5231,#5243,#5255,#5267,#5279,
    #5291,#5303,#5315,#5327,#5339));
#17 = ADVANCED_FACE('',(#18),#148,.F.);
#18 = FACE_BOUND('',#19,.F.);
#19 = EDGE_LOOP('',(#20,#30,#38,#46,#54,#62,#70,#78,#86,#94,#102,#110,
    #118,#126,#134,#142));
#20 = ORIENTED_EDGE('',*,*,#21,.F.);
#21 = EDGE_CURVE('',#22,#24,#26,.T.);
#22 = VERTEX_POINT('',#23);
#23 = CARTESIAN_POINT('',(26.229458346531,-65.8,6.3));
#24 = VERTEX_POINT('',#25);
#25 = CARTESIAN_POINT('',(26.229458346531,-65.8,15.4));
#26 = LINE('',#27,#28);
#27 = CARTESIAN_POINT('',(26.229458346531,-65.8,6.2));
#28 = VECTOR('',#29,1.);
#29 = DIRECTION('',(0.,0.,1.));
#30 = ORIENTED_EDGE('',*,*,#31,.T.);
#31 = EDGE_CURVE('',#22,#32,#34,.T.);
#32 = VERTEX_POINT('',#33);
#33 = CARTESIAN_POINT('',(27.367144864974,-65.8,6.3));
#34 = LINE('',#35,#36);
#35 = CARTESIAN_POINT('',(42.406927111653,-65.8,6.3));
#36 = VECTOR('',#37,1.);
#37 = DIRECTION('',(1.,0.,0.));
#38 = ORIENTED_EDGE('',*,*,#39,.F.);
#39 = EDGE_CURVE('',#40,#32,#42,.T.);
#40 = VERTEX_POINT('',#41);
#41 = CARTESIAN_POINT('',(27.367144864974,-65.8,6.75));
#42 = LINE('',#43,#44);
#43 = CARTESIAN_POINT('',(27.367144864974,-65.8,5.3));
#44 = VECTOR('',#45,1.);
#45 = DIRECTION('',(-0.,-0.,-1.));
#46 = ORIENTED_EDGE('',*,*,#47,.F.);
#47 = EDGE_CURVE('',#48,#40,#50,.T.);
#48 = VERTEX_POINT('',#49);
#49 = CARTESIAN_POINT('',(31.432855135026,-65.8,6.75));
#50 = LINE('',#51,#52);
#51 = CARTESIAN_POINT('',(38.585270826735,-65.8,6.75));
#52 = VECTOR('',#53,1.);
#53 = DIRECTION('',(-1.,0.,0.));
#54 = ORIENTED_EDGE('',*,*,#55,.T.);
#55 = EDGE_CURVE('',#48,#56,#58,.T.);
#56 = VERTEX_POINT('',#57);
#57 = CARTESIAN_POINT('',(31.432855135026,-65.8,6.3));
#58 = LINE('',#59,#60);
#59 = CARTESIAN_POINT('',(31.432855135026,-65.8,5.3));
#60 = VECTOR('',#61,1.);
#61 = DIRECTION('',(-0.,-0.,-1.));
#62 = ORIENTED_EDGE('',*,*,#63,.T.);
#63 = EDGE_CURVE('',#56,#64,#66,.T.);
#64 = VERTEX_POINT('',#65);
#65 = CARTESIAN_POINT('',(35.712552521936,-65.8,6.3));
#66 = LINE('',#67,#68);
#67 = CARTESIAN_POINT('',(42.406927111653,-65.8,6.3));
#68 = VECTOR('',#69,1.);
#69 = DIRECTION('',(1.,0.,0.));
#70 = ORIENTED_EDGE('',*,*,#71,.F.);
#71 = EDGE_CURVE('',#72,#64,#74,.T.);
#72 = VERTEX_POINT('',#73);
#73 = CARTESIAN_POINT('',(35.712552521936,-65.8,11.6));
#74 = LINE('',#75,#76);
#75 = CARTESIAN_POINT('',(35.712552521936,-65.8,6.3));
#76 = VECTOR('',#77,1.);
#77 = DIRECTION('',(-0.,-0.,-1.));
#78 = ORIENTED_EDGE('',*,*,#79,.F.);
#79 = EDGE_CURVE('',#80,#72,#82,.T.);
#80 = VERTEX_POINT('',#81);
#81 = CARTESIAN_POINT('',(38.687447478064,-65.8,11.6));
#82 = LINE('',#83,#84);
#83 = CARTESIAN_POINT('',(42.485270826735,-65.8,11.6));
#84 = VECTOR('',#85,1.);
#85 = DIRECTION('',(-1.,0.,0.));
#86 = ORIENTED_EDGE('',*,*,#87,.T.);
#87 = EDGE_CURVE('',#80,#88,#90,.T.);
#88 = VERTEX_POINT('',#89);
#89 = CARTESIAN_POINT('',(38.687447478064,-65.8,6.3));
#90 = LINE('',#91,#92);
#91 = CARTESIAN_POINT('',(38.687447478064,-65.8,6.3));
#92 = VECTOR('',#93,1.);
#93 = DIRECTION('',(-0.,-0.,-1.));
#94 = ORIENTED_EDGE('',*,*,#95,.T.);
#95 = EDGE_CURVE('',#88,#96,#98,.T.);
#96 = VERTEX_POINT('',#97);
#97 = CARTESIAN_POINT('',(43.371033114396,-65.8,6.3));
#98 = LINE('',#99,#100);
#99 = CARTESIAN_POINT('',(42.406927111653,-65.8,6.3));
#100 = VECTOR('',#101,1.);
#101 = DIRECTION('',(1.,0.,0.));
#102 = ORIENTED_EDGE('',*,*,#103,.F.);
#103 = EDGE_CURVE('',#104,#96,#106,.T.);
#104 = VERTEX_POINT('',#105);
#105 = CARTESIAN_POINT('',(43.371033114396,-65.8,6.75));
#106 = LINE('',#107,#108);
#107 = CARTESIAN_POINT('',(43.371033114396,-65.8,5.3));
#108 = VECTOR('',#109,1.);
#109 = DIRECTION('',(-0.,-0.,-1.));
#110 = ORIENTED_EDGE('',*,*,#111,.F.);
#111 = EDGE_CURVE('',#112,#104,#114,.T.);
#112 = VERTEX_POINT('',#113);
#113 = CARTESIAN_POINT('',(47.628966885604,-65.8,6.75));
#114 = LINE('',#115,#116);
#115 = CARTESIAN_POINT('',(46.635270826735,-65.8,6.75));
#116 = VECTOR('',#117,1.);
#117 = DIRECTION('',(-1.,0.,0.));
#118 = ORIENTED_EDGE('',*,*,#119,.T.);
#119 = EDGE_CURVE('',#112,#120,#122,.T.);
#120 = VERTEX_POINT('',#121);
#121 = CARTESIAN_POINT('',(47.628966885604,-65.8,6.3));
#122 = LINE('',#123,#124);
#123 = CARTESIAN_POINT('',(47.628966885604,-65.8,5.3));
#124 = VECTOR('',#125,1.);
#125 = DIRECTION('',(-0.,-0.,-1.));
#126 = ORIENTED_EDGE('',*,*,#127,.T.);
#127 = EDGE_CURVE('',#120,#128,#130,.T.);
#128 = VERTEX_POINT('',#129);
#129 = CARTESIAN_POINT('',(47.770541653469,-65.8,6.3));
#130 = LINE('',#131,#132);
#131 = CARTESIAN_POINT('',(42.406927111653,-65.8,6.3));
#132 = VECTOR('',#133,1.);
#133 = DIRECTION('',(1.,0.,0.));
#134 = ORIENTED_EDGE('',*,*,#135,.T.);
#135 = EDGE_CURVE('',#128,#136,#138,.T.);
#136 = VERTEX_POINT('',#137);
#137 = CARTESIAN_POINT('',(47.770541653469,-65.8,15.4));
#138 = LINE('',#139,#140);
#139 = CARTESIAN_POINT('',(47.770541653469,-65.8,6.2));
#140 = VECTOR('',#141,1.);
#141 = DIRECTION('',(0.,0.,1.));
#142 = ORIENTED_EDGE('',*,*,#143,.T.);
#143 = EDGE_CURVE('',#136,#24,#144,.T.);
#144 = LINE('',#145,#146);
#145 = CARTESIAN_POINT('',(47.770541653469,-65.8,15.4));
#146 = VECTOR('',#147,1.);
#147 = DIRECTION('',(-1.,0.,0.));
#148 = PLANE('',#149);
#149 = AXIS2_PLACEMENT_3D('',#150,#151,#152);
#150 = CARTESIAN_POINT('',(47.770541653469,-65.8,6.2));
#151 = DIRECTION('',(0.,-1.,0.));
#152 = DIRECTION('',(-1.,0.,0.));
#153 = ADVANCED_FACE('',(#154),#179,.F.);
#154 = FACE_BOUND('',#155,.F.);
#155 = EDGE_LOOP('',(#156,#164,#165,#173));
#156 = ORIENTED_EDGE('',*,*,#157,.T.);
#157 = EDGE_CURVE('',#158,#22,#160,.T.);
#158 = VERTEX_POINT('',#159);
#159 = CARTESIAN_POINT('',(26.201379428774,-65.79862057122,6.3));
#160 = LINE('',#161,#162);
#161 = CARTESIAN_POINT('',(30.969051124605,-66.03284126237,6.3));
#162 = VECTOR('',#163,1.);
#163 = DIRECTION('',(0.998795456205,-4.906767432757E-02,0.));
#164 = ORIENTED_EDGE('',*,*,#21,.T.);
#165 = ORIENTED_EDGE('',*,*,#166,.T.);
#166 = EDGE_CURVE('',#24,#167,#169,.T.);
#167 = VERTEX_POINT('',#168);
#168 = CARTESIAN_POINT('',(26.201379428774,-65.79862057122,15.4));
#169 = LINE('',#170,#171);
#170 = CARTESIAN_POINT('',(26.229458346531,-65.8,15.4));
#171 = VECTOR('',#172,1.);
#172 = DIRECTION('',(-0.998795456205,4.906767432757E-02,0.));
#173 = ORIENTED_EDGE('',*,*,#174,.F.);
#174 = EDGE_CURVE('',#158,#167,#175,.T.);
#175 = LINE('',#176,#177);
#176 = CARTESIAN_POINT('',(26.201379428774,-65.79862057122,6.2));
#177 = VECTOR('',#178,1.);
#178 = DIRECTION('',(0.,0.,1.));
#179 = PLANE('',#180);
#180 = AXIS2_PLACEMENT_3D('',#181,#182,#183);
#181 = CARTESIAN_POINT('',(26.229458346531,-65.8,6.2));
#182 = DIRECTION('',(-4.906767432757E-02,-0.998795456205,0.));
#183 = DIRECTION('',(-0.998795456205,4.906767432757E-02,0.));
#184 = ADVANCED_FACE('',(#185,#379,#390),#424,.F.);
#185 = FACE_BOUND('',#186,.F.);
#186 = EDGE_LOOP('',(#187,#197,#205,#213,#221,#229,#237,#245,#253,#261,
    #269,#277,#285,#293,#301,#309,#317,#325,#333,#341,#349,#357,#363,
    #364,#365,#373));
#187 = ORIENTED_EDGE('',*,*,#188,.F.);
#188 = EDGE_CURVE('',#189,#191,#193,.T.);
#189 = VERTEX_POINT('',#190);
#190 = CARTESIAN_POINT('',(47.8,-12.22945834653,15.4));
#191 = VERTEX_POINT('',#192);
#192 = CARTESIAN_POINT('',(47.8,-65.77054165346,15.4));
#193 = LINE('',#194,#195);
#194 = CARTESIAN_POINT('',(47.8,-12.22945834653,15.4));
#195 = VECTOR('',#196,1.);
#196 = DIRECTION('',(0.,-1.,0.));
#197 = ORIENTED_EDGE('',*,*,#198,.F.);
#198 = EDGE_CURVE('',#199,#189,#201,.T.);
#199 = VERTEX_POINT('',#200);
#200 = CARTESIAN_POINT('',(47.798620571226,-12.20137942877,15.4));
#201 = LINE('',#202,#203);
#202 = CARTESIAN_POINT('',(47.798620571226,-12.20137942877,15.4));
#203 = VECTOR('',#204,1.);
#204 = DIRECTION('',(4.906767432758E-02,-0.998795456205,0.));
#205 = ORIENTED_EDGE('',*,*,#206,.F.);
#206 = EDGE_CURVE('',#207,#199,#209,.T.);
#207 = VERTEX_POINT('',#208);
#208 = CARTESIAN_POINT('',(47.770541653469,-12.2,15.4));
#209 = LINE('',#210,#211);
#210 = CARTESIAN_POINT('',(47.770541653469,-12.2,15.4));
#211 = VECTOR('',#212,1.);
#212 = DIRECTION('',(0.998795456205,-4.906767432741E-02,0.));
#213 = ORIENTED_EDGE('',*,*,#214,.F.);
#214 = EDGE_CURVE('',#215,#207,#217,.T.);
#215 = VERTEX_POINT('',#216);
#216 = CARTESIAN_POINT('',(27.429458346531,-12.2,15.4));
#217 = LINE('',#218,#219);
#218 = CARTESIAN_POINT('',(27.429458346531,-12.2,15.4));
#219 = VECTOR('',#220,1.);
#220 = DIRECTION('',(1.,0.,0.));
#221 = ORIENTED_EDGE('',*,*,#222,.F.);
#222 = EDGE_CURVE('',#223,#215,#225,.T.);
#223 = VERTEX_POINT('',#224);
#224 = CARTESIAN_POINT('',(27.282521281595,-12.20721855511,15.4));
#225 = LINE('',#226,#227);
#226 = CARTESIAN_POINT('',(27.282521281595,-12.20721855511,15.4));
#227 = VECTOR('',#228,1.);
#228 = DIRECTION('',(0.998795456205,4.906767432741E-02,0.));
#229 = ORIENTED_EDGE('',*,*,#230,.F.);
#230 = EDGE_CURVE('',#231,#223,#233,.T.);
#231 = VERTEX_POINT('',#232);
#232 = CARTESIAN_POINT('',(27.166173947468,-12.22447705182,15.4));
#233 = LINE('',#234,#235);
#234 = CARTESIAN_POINT('',(27.166173947468,-12.22447705182,15.4));
#235 = VECTOR('',#236,1.);
#236 = DIRECTION('',(0.989176509965,0.146730474455,0.));
#237 = ORIENTED_EDGE('',*,*,#238,.F.);
#238 = EDGE_CURVE('',#239,#231,#241,.T.);
#239 = VERTEX_POINT('',#240);
#240 = CARTESIAN_POINT('',(27.05207848605,-12.25305647712,15.4));
#241 = LINE('',#242,#243);
#242 = CARTESIAN_POINT('',(27.05207848605,-12.25305647712,15.4));
#243 = VECTOR('',#244,1.);
#244 = DIRECTION('',(0.970031253195,0.242980179903,0.));
#245 = ORIENTED_EDGE('',*,*,#246,.F.);
#246 = EDGE_CURVE('',#247,#239,#249,.T.);
#247 = VERTEX_POINT('',#248);
#248 = CARTESIAN_POINT('',(26.941333699004,-12.29268159553,15.4));
#249 = LINE('',#250,#251);
#250 = CARTESIAN_POINT('',(26.941333699004,-12.29268159553,15.4));
#251 = VECTOR('',#252,1.);
#252 = DIRECTION('',(0.941544065183,0.336889853392,0.));
#253 = ORIENTED_EDGE('',*,*,#254,.F.);
#254 = EDGE_CURVE('',#255,#247,#257,.T.);
#255 = VERTEX_POINT('',#256);
#256 = CARTESIAN_POINT('',(26.83500611917,-12.3429707955,15.4));
#257 = LINE('',#258,#259);
#258 = CARTESIAN_POINT('',(26.83500611917,-12.3429707955,15.4));
#259 = VECTOR('',#260,1.);
#260 = DIRECTION('',(0.903989293123,0.42755509343,0.));
#261 = ORIENTED_EDGE('',*,*,#262,.F.);
#262 = EDGE_CURVE('',#263,#255,#265,.T.);
#263 = VERTEX_POINT('',#264);
#264 = CARTESIAN_POINT('',(26.734119739265,-12.40343976453,15.4));
#265 = LINE('',#266,#267);
#266 = CARTESIAN_POINT('',(26.734119739265,-12.40343976453,15.4));
#267 = VECTOR('',#268,1.);
#268 = DIRECTION('',(0.85772861,0.514102744193,0.));
#269 = ORIENTED_EDGE('',*,*,#270,.F.);
#270 = EDGE_CURVE('',#271,#263,#273,.T.);
#271 = VERTEX_POINT('',#272);
#272 = CARTESIAN_POINT('',(26.639646150277,-12.47350615341,15.4));
#273 = LINE('',#274,#275);
#274 = CARTESIAN_POINT('',(26.639646150277,-12.47350615341,15.4));
#275 = VECTOR('',#276,1.);
#276 = DIRECTION('',(0.803207531481,0.595699304492,0.));
#277 = ORIENTED_EDGE('',*,*,#278,.F.);
#278 = EDGE_CURVE('',#279,#271,#281,.T.);
#279 = VERTEX_POINT('',#280);
#280 = CARTESIAN_POINT('',(26.552495184515,-12.55249518451,15.4));
#281 = LINE('',#282,#283);
#282 = CARTESIAN_POINT('',(26.552495184515,-12.55249518451,15.4));
#283 = VECTOR('',#284,1.);
#284 = DIRECTION('',(0.740951125355,0.671558954847,0.));
#285 = ORIENTED_EDGE('',*,*,#286,.F.);
#286 = EDGE_CURVE('',#287,#279,#289,.T.);
#287 = VERTEX_POINT('',#288);
#288 = CARTESIAN_POINT('',(26.473506153419,-12.63964615027,15.4));
#289 = LINE('',#290,#291);
#290 = CARTESIAN_POINT('',(26.473506153419,-12.63964615027,15.4));
#291 = VECTOR('',#292,1.);
#292 = DIRECTION('',(0.671558954847,0.740951125355,0.));
#293 = ORIENTED_EDGE('',*,*,#294,.F.);
#294 = EDGE_CURVE('',#295,#287,#297,.T.);
#295 = VERTEX_POINT('',#296);
#296 = CARTESIAN_POINT('',(26.403439764538,-12.73411973926,15.4));
#297 = LINE('',#298,#299);
#298 = CARTESIAN_POINT('',(26.403439764538,-12.73411973926,15.4));
#299 = VECTOR('',#300,1.);
#300 = DIRECTION('',(0.595699304492,0.803207531481,0.));
#301 = ORIENTED_EDGE('',*,*,#302,.F.);
#302 = EDGE_CURVE('',#303,#295,#305,.T.);
#303 = VERTEX_POINT('',#304);
#304 = CARTESIAN_POINT('',(26.3429707955,-12.83500611917,15.4));
#305 = LINE('',#306,#307);
#306 = CARTESIAN_POINT('',(26.3429707955,-12.83500611917,15.4));
#307 = VECTOR('',#308,1.);
#308 = DIRECTION('',(0.514102744193,0.85772861,0.));
#309 = ORIENTED_EDGE('',*,*,#310,.F.);
#310 = EDGE_CURVE('',#311,#303,#313,.T.);
#311 = VERTEX_POINT('',#312);
#312 = CARTESIAN_POINT('',(26.292681595533,-12.941333699,15.4));
#313 = LINE('',#314,#315);
#314 = CARTESIAN_POINT('',(26.292681595533,-12.941333699,15.4));
#315 = VECTOR('',#316,1.);
#316 = DIRECTION('',(0.42755509343,0.903989293123,0.));
#317 = ORIENTED_EDGE('',*,*,#318,.F.);
#318 = EDGE_CURVE('',#319,#311,#321,.T.);
#319 = VERTEX_POINT('',#320);
#320 = CARTESIAN_POINT('',(26.253056477122,-13.05207848605,15.4));
#321 = LINE('',#322,#323);
#322 = CARTESIAN_POINT('',(26.253056477122,-13.05207848605,15.4));
#323 = VECTOR('',#324,1.);
#324 = DIRECTION('',(0.336889853392,0.941544065183,0.));
#325 = ORIENTED_EDGE('',*,*,#326,.F.);
#326 = EDGE_CURVE('',#327,#319,#329,.T.);
#327 = VERTEX_POINT('',#328);
#328 = CARTESIAN_POINT('',(26.22447705182,-13.16617394746,15.4));
#329 = LINE('',#330,#331);
#330 = CARTESIAN_POINT('',(26.22447705182,-13.16617394746,15.4));
#331 = VECTOR('',#332,1.);
#332 = DIRECTION('',(0.242980179903,0.970031253195,0.));
#333 = ORIENTED_EDGE('',*,*,#334,.F.);
#334 = EDGE_CURVE('',#335,#327,#337,.T.);
#335 = VERTEX_POINT('',#336);
#336 = CARTESIAN_POINT('',(26.207218555115,-13.28252128159,15.4));
#337 = LINE('',#338,#339);
#338 = CARTESIAN_POINT('',(26.207218555115,-13.28252128159,15.4));
#339 = VECTOR('',#340,1.);
#340 = DIRECTION('',(0.146730474455,0.989176509965,0.));
#341 = ORIENTED_EDGE('',*,*,#342,.F.);
#342 = EDGE_CURVE('',#343,#335,#345,.T.);
#343 = VERTEX_POINT('',#344);
#344 = CARTESIAN_POINT('',(26.2,-13.42945834653,15.4));
#345 = LINE('',#346,#347);
#346 = CARTESIAN_POINT('',(26.2,-13.42945834653,15.4));
#347 = VECTOR('',#348,1.);
#348 = DIRECTION('',(4.906767432747E-02,0.998795456205,0.));
#349 = ORIENTED_EDGE('',*,*,#350,.F.);
#350 = EDGE_CURVE('',#351,#343,#353,.T.);
#351 = VERTEX_POINT('',#352);
#352 = CARTESIAN_POINT('',(26.2,-65.77054165346,15.4));
#353 = LINE('',#354,#355);
#354 = CARTESIAN_POINT('',(26.2,-65.77054165346,15.4));
#355 = VECTOR('',#356,1.);
#356 = DIRECTION('',(0.,1.,0.));
#357 = ORIENTED_EDGE('',*,*,#358,.F.);
#358 = EDGE_CURVE('',#167,#351,#359,.T.);
#359 = LINE('',#360,#361);
#360 = CARTESIAN_POINT('',(26.201379428774,-65.79862057122,15.4));
#361 = VECTOR('',#362,1.);
#362 = DIRECTION('',(-4.906767432734E-02,0.998795456205,0.));
#363 = ORIENTED_EDGE('',*,*,#166,.F.);
#364 = ORIENTED_EDGE('',*,*,#143,.F.);
#365 = ORIENTED_EDGE('',*,*,#366,.F.);
#366 = EDGE_CURVE('',#367,#136,#369,.T.);
#367 = VERTEX_POINT('',#368);
#368 = CARTESIAN_POINT('',(47.798620571226,-65.79862057122,15.4));
#369 = LINE('',#370,#371);
#370 = CARTESIAN_POINT('',(47.798620571226,-65.79862057122,15.4));
#371 = VECTOR('',#372,1.);
#372 = DIRECTION('',(-0.998795456205,-4.906767432757E-02,0.));
#373 = ORIENTED_EDGE('',*,*,#374,.F.);
#374 = EDGE_CURVE('',#191,#367,#375,.T.);
#375 = LINE('',#376,#377);
#376 = CARTESIAN_POINT('',(47.8,-65.77054165346,15.4));
#377 = VECTOR('',#378,1.);
#378 = DIRECTION('',(-4.906767432757E-02,-0.998795456205,0.));
#379 = FACE_BOUND('',#380,.F.);
#380 = EDGE_LOOP('',(#381));
#381 = ORIENTED_EDGE('',*,*,#382,.T.);
#382 = EDGE_CURVE('',#383,#383,#385,.T.);
#383 = VERTEX_POINT('',#384);
#384 = CARTESIAN_POINT('',(38.4,-59.5,15.4));
#385 = CIRCLE('',#386,1.4);
#386 = AXIS2_PLACEMENT_3D('',#387,#388,#389);
#387 = CARTESIAN_POINT('',(37.,-59.5,15.4));
#388 = DIRECTION('',(0.,0.,-1.));
#389 = DIRECTION('',(1.,0.,0.));
#390 = FACE_BOUND('',#391,.F.);
#391 = EDGE_LOOP('',(#392,#402,#410,#418));
#392 = ORIENTED_EDGE('',*,*,#393,.T.);
#393 = EDGE_CURVE('',#394,#396,#398,.T.);
#394 = VERTEX_POINT('',#395);
#395 = CARTESIAN_POINT('',(44.45,-49.35,15.4));
#396 = VERTEX_POINT('',#397);
#397 = CARTESIAN_POINT('',(29.95,-49.35,15.4));
#398 = LINE('',#399,#400);
#399 = CARTESIAN_POINT('',(33.493912304081,-49.35,15.4));
#400 = VECTOR('',#401,1.);
#401 = DIRECTION('',(-1.,0.,0.));
#402 = ORIENTED_EDGE('',*,*,#403,.T.);
#403 = EDGE_CURVE('',#396,#404,#406,.T.);
#404 = VERTEX_POINT('',#405);
#405 = CARTESIAN_POINT('',(29.95,-18.25,15.4));
#406 = LINE('',#407,#408);
#407 = CARTESIAN_POINT('',(29.95,-44.22141870115,15.4));
#408 = VECTOR('',#409,1.);
#409 = DIRECTION('',(0.,1.,0.));
#410 = ORIENTED_EDGE('',*,*,#411,.F.);
#411 = EDGE_CURVE('',#412,#404,#414,.T.);
#412 = VERTEX_POINT('',#413);
#413 = CARTESIAN_POINT('',(44.45,-18.25,15.4));
#414 = LINE('',#415,#416);
#415 = CARTESIAN_POINT('',(33.493912304081,-18.25,15.4));
#416 = VECTOR('',#417,1.);
#417 = DIRECTION('',(-1.,0.,0.));
#418 = ORIENTED_EDGE('',*,*,#419,.F.);
#419 = EDGE_CURVE('',#394,#412,#420,.T.);
#420 = LINE('',#421,#422);
#421 = CARTESIAN_POINT('',(44.45,-44.22141870115,15.4));
#422 = VECTOR('',#423,1.);
#423 = DIRECTION('',(0.,1.,0.));
#424 = PLANE('',#425);
#425 = AXIS2_PLACEMENT_3D('',#426,#427,#428);
#426 = CARTESIAN_POINT('',(37.037824608163,-39.0928374023,15.4));
#427 = DIRECTION('',(0.,0.,1.));
#428 = DIRECTION('',(1.,0.,0.));
#429 = ADVANCED_FACE('',(#430),#448,.F.);
#430 = FACE_BOUND('',#431,.F.);
#431 = EDGE_LOOP('',(#432,#440,#446,#447));
#432 = ORIENTED_EDGE('',*,*,#433,.T.);
#433 = EDGE_CURVE('',#128,#434,#436,.T.);
#434 = VERTEX_POINT('',#435);
#435 = CARTESIAN_POINT('',(47.798620571226,-65.79862057122,6.3));
#436 = LINE('',#437,#438);
#437 = CARTESIAN_POINT('',(43.088196623178,-66.03002886087,6.3));
#438 = VECTOR('',#439,1.);
#439 = DIRECTION('',(0.998795456205,4.906767432757E-02,0.));
#440 = ORIENTED_EDGE('',*,*,#441,.T.);
#441 = EDGE_CURVE('',#434,#367,#442,.T.);
#442 = LINE('',#443,#444);
#443 = CARTESIAN_POINT('',(47.798620571226,-65.79862057122,6.2));
#444 = VECTOR('',#445,1.);
#445 = DIRECTION('',(0.,0.,1.));
#446 = ORIENTED_EDGE('',*,*,#366,.T.);
#447 = ORIENTED_EDGE('',*,*,#135,.F.);
#448 = PLANE('',#449);
#449 = AXIS2_PLACEMENT_3D('',#450,#451,#452);
#450 = CARTESIAN_POINT('',(47.798620571226,-65.79862057122,6.2));
#451 = DIRECTION('',(4.906767432757E-02,-0.998795456205,0.));
#452 = DIRECTION('',(-0.998795456205,-4.906767432757E-02,0.));
#453 = ADVANCED_FACE('',(#454,#588),#599,.T.);
#454 = FACE_BOUND('',#455,.T.);
#455 = EDGE_LOOP('',(#456,#465,#466,#467,#475,#483,#492,#500,#508,#516,
    #524,#532,#540,#548,#556,#565,#573,#582));
#456 = ORIENTED_EDGE('',*,*,#457,.F.);
#457 = EDGE_CURVE('',#120,#458,#460,.T.);
#458 = VERTEX_POINT('',#459);
#459 = CARTESIAN_POINT('',(47.040292180075,-67.,6.3));
#460 = CIRCLE('',#461,2.15);
#461 = AXIS2_PLACEMENT_3D('',#462,#463,#464);
#462 = CARTESIAN_POINT('',(45.5,-65.5,6.3));
#463 = DIRECTION('',(0.,0.,-1.));
#464 = DIRECTION('',(1.,0.,0.));
#465 = ORIENTED_EDGE('',*,*,#127,.T.);
#466 = ORIENTED_EDGE('',*,*,#433,.T.);
#467 = ORIENTED_EDGE('',*,*,#468,.T.);
#468 = EDGE_CURVE('',#434,#469,#471,.T.);
#469 = VERTEX_POINT('',#470);
#470 = CARTESIAN_POINT('',(47.8,-65.77054165346,6.3));
#471 = LINE('',#472,#473);
#472 = CARTESIAN_POINT('',(48.440645464384,-52.72990364414,6.3));
#473 = VECTOR('',#474,1.);
#474 = DIRECTION('',(4.906767432757E-02,0.998795456205,0.));
#475 = ORIENTED_EDGE('',*,*,#476,.T.);
#476 = EDGE_CURVE('',#469,#477,#479,.T.);
#477 = VERTEX_POINT('',#478);
#478 = CARTESIAN_POINT('',(47.8,-54.46808273176,6.3));
#479 = LINE('',#480,#481);
#480 = CARTESIAN_POINT('',(47.8,-25.66366801349,6.3));
#481 = VECTOR('',#482,1.);
#482 = DIRECTION('',(0.,1.,0.));
#483 = ORIENTED_EDGE('',*,*,#484,.F.);
#484 = EDGE_CURVE('',#485,#477,#487,.T.);
#485 = VERTEX_POINT('',#486);
#486 = CARTESIAN_POINT('',(47.8,-51.13191726823,6.3));
#487 = CIRCLE('',#488,1.85);
#488 = AXIS2_PLACEMENT_3D('',#489,#490,#491);
#489 = CARTESIAN_POINT('',(47.,-52.8,6.3));
#490 = DIRECTION('',(0.,0.,1.));
#491 = DIRECTION('',(1.,0.,0.));
#492 = ORIENTED_EDGE('',*,*,#493,.T.);
#493 = EDGE_CURVE('',#485,#494,#496,.T.);
#494 = VERTEX_POINT('',#495);
#495 = CARTESIAN_POINT('',(47.8,-12.22945834653,6.3));
#496 = LINE('',#497,#498);
#497 = CARTESIAN_POINT('',(47.8,-25.66366801349,6.3));
#498 = VECTOR('',#499,1.);
#499 = DIRECTION('',(0.,1.,0.));
#500 = ORIENTED_EDGE('',*,*,#501,.T.);
#501 = EDGE_CURVE('',#494,#502,#504,.T.);
#502 = VERTEX_POINT('',#503);
#503 = CARTESIAN_POINT('',(47.798620571226,-12.20137942877,6.3));
#504 = LINE('',#505,#506);
#505 = CARTESIAN_POINT('',(48.444752595167,-25.35369892353,6.3));
#506 = VECTOR('',#507,1.);
#507 = DIRECTION('',(-4.906767432758E-02,0.998795456205,0.));
#508 = ORIENTED_EDGE('',*,*,#509,.T.);
#509 = EDGE_CURVE('',#502,#510,#512,.T.);
#510 = VERTEX_POINT('',#511);
#511 = CARTESIAN_POINT('',(47.770541653469,-12.2,6.3));
#512 = LINE('',#513,#514);
#513 = CARTESIAN_POINT('',(43.078954009468,-11.96951707863,6.3));
#514 = VECTOR('',#515,1.);
#515 = DIRECTION('',(-0.998795456205,4.906767432741E-02,0.));
#516 = ORIENTED_EDGE('',*,*,#517,.T.);
#517 = EDGE_CURVE('',#510,#518,#520,.T.);
#518 = VERTEX_POINT('',#519);
#519 = CARTESIAN_POINT('',(47.,-12.2,6.3));
#520 = LINE('',#521,#522);
#521 = CARTESIAN_POINT('',(32.236385458184,-12.2,6.3));
#522 = VECTOR('',#523,1.);
#523 = DIRECTION('',(-1.,0.,0.));
#524 = ORIENTED_EDGE('',*,*,#525,.T.);
#525 = EDGE_CURVE('',#518,#526,#528,.T.);
#526 = VERTEX_POINT('',#527);
#527 = CARTESIAN_POINT('',(47.,-11.4,6.3));
#528 = LINE('',#529,#530);
#529 = CARTESIAN_POINT('',(47.,-43.59893884022,6.3));
#530 = VECTOR('',#531,1.);
#531 = DIRECTION('',(0.,1.,0.));
#532 = ORIENTED_EDGE('',*,*,#533,.T.);
#533 = EDGE_CURVE('',#526,#534,#536,.T.);
#534 = VERTEX_POINT('',#535);
#535 = CARTESIAN_POINT('',(43.7,-11.4,6.3));
#536 = LINE('',#537,#538);
#537 = CARTESIAN_POINT('',(32.221656284918,-11.4,6.3));
#538 = VECTOR('',#539,1.);
#539 = DIRECTION('',(-1.,0.,0.));
#540 = ORIENTED_EDGE('',*,*,#541,.T.);
#541 = EDGE_CURVE('',#534,#542,#544,.T.);
#542 = VERTEX_POINT('',#543);
#543 = CARTESIAN_POINT('',(43.7,-11.,6.3));
#544 = LINE('',#545,#546);
#545 = CARTESIAN_POINT('',(43.7,-29.54893884022,6.3));
#546 = VECTOR('',#547,1.);
#547 = DIRECTION('',(0.,1.,0.));
#548 = ORIENTED_EDGE('',*,*,#549,.F.);
#549 = EDGE_CURVE('',#550,#542,#552,.T.);
#550 = VERTEX_POINT('',#551);
#551 = CARTESIAN_POINT('',(47.8,-11.,6.3));
#552 = LINE('',#553,#554);
#553 = CARTESIAN_POINT('',(47.8,-11.,6.3));
#554 = VECTOR('',#555,1.);
#555 = DIRECTION('',(-1.,0.,0.));
#556 = ORIENTED_EDGE('',*,*,#557,.F.);
#557 = EDGE_CURVE('',#558,#550,#560,.T.);
#558 = VERTEX_POINT('',#559);
#559 = CARTESIAN_POINT('',(49.,-12.2,6.3));
#560 = CIRCLE('',#561,1.2);
#561 = AXIS2_PLACEMENT_3D('',#562,#563,#564);
#562 = CARTESIAN_POINT('',(47.8,-12.2,6.3));
#563 = DIRECTION('',(0.,-0.,1.));
#564 = DIRECTION('',(1.,7.4E-15,0.));
#565 = ORIENTED_EDGE('',*,*,#566,.F.);
#566 = EDGE_CURVE('',#567,#558,#569,.T.);
#567 = VERTEX_POINT('',#568);
#568 = CARTESIAN_POINT('',(49.,-65.8,6.3));
#569 = LINE('',#570,#571);
#570 = CARTESIAN_POINT('',(49.,-65.8,6.3));
#571 = VECTOR('',#572,1.);
#572 = DIRECTION('',(0.,1.,0.));
#573 = ORIENTED_EDGE('',*,*,#574,.F.);
#574 = EDGE_CURVE('',#575,#567,#577,.T.);
#575 = VERTEX_POINT('',#576);
#576 = CARTESIAN_POINT('',(47.8,-67.,6.3));
#577 = CIRCLE('',#578,1.2);
#578 = AXIS2_PLACEMENT_3D('',#579,#580,#581);
#579 = CARTESIAN_POINT('',(47.8,-65.8,6.3));
#580 = DIRECTION('',(-0.,0.,1.));
#581 = DIRECTION('',(5.92E-15,-1.,0.));
#582 = ORIENTED_EDGE('',*,*,#583,.F.);
#583 = EDGE_CURVE('',#458,#575,#584,.T.);
#584 = LINE('',#585,#586);
#585 = CARTESIAN_POINT('',(26.2,-67.,6.3));
#586 = VECTOR('',#587,1.);
#587 = DIRECTION('',(1.,0.,0.));
#588 = FACE_BOUND('',#589,.T.);
#589 = EDGE_LOOP('',(#590));
#590 = ORIENTED_EDGE('',*,*,#591,.F.);
#591 = EDGE_CURVE('',#592,#592,#594,.T.);
#592 = VERTEX_POINT('',#593);
#593 = CARTESIAN_POINT('',(48.6,-52.8,6.3));
#594 = CIRCLE('',#595,1.6);
#595 = AXIS2_PLACEMENT_3D('',#596,#597,#598);
#596 = CARTESIAN_POINT('',(47.,-52.8,6.3));
#597 = DIRECTION('',(0.,0.,-1.));
#598 = DIRECTION('',(1.,0.,0.));
#599 = PLANE('',#600);
#600 = AXIS2_PLACEMENT_3D('',#601,#602,#603);
#601 = CARTESIAN_POINT('',(44.267066577077,-46.08685620723,6.3));
#602 = DIRECTION('',(-0.,-0.,-1.));
#603 = DIRECTION('',(-1.,0.,0.));
#604 = ADVANCED_FACE('',(#605),#624,.F.);
#605 = FACE_BOUND('',#606,.T.);
#606 = EDGE_LOOP('',(#607,#616,#617,#618));
#607 = ORIENTED_EDGE('',*,*,#608,.T.);
#608 = EDGE_CURVE('',#609,#112,#611,.T.);
#609 = VERTEX_POINT('',#610);
#610 = CARTESIAN_POINT('',(47.040292180075,-67.,6.75));
#611 = CIRCLE('',#612,2.15);
#612 = AXIS2_PLACEMENT_3D('',#613,#614,#615);
#613 = CARTESIAN_POINT('',(45.5,-65.5,6.75));
#614 = DIRECTION('',(0.,0.,1.));
#615 = DIRECTION('',(1.,0.,0.));
#616 = ORIENTED_EDGE('',*,*,#119,.T.);
#617 = ORIENTED_EDGE('',*,*,#457,.T.);
#618 = ORIENTED_EDGE('',*,*,#619,.F.);
#619 = EDGE_CURVE('',#609,#458,#620,.T.);
#620 = LINE('',#621,#622);
#621 = CARTESIAN_POINT('',(47.040292180075,-67.,5.3));
#622 = VECTOR('',#623,1.);
#623 = DIRECTION('',(-0.,-0.,-1.));
#624 = CYLINDRICAL_SURFACE('',#625,2.15);
#625 = AXIS2_PLACEMENT_3D('',#626,#627,#628);
#626 = CARTESIAN_POINT('',(45.5,-65.5,5.3));
#627 = DIRECTION('',(-0.,-0.,-1.));
#628 = DIRECTION('',(1.,0.,0.));
#629 = ADVANCED_FACE('',(#630),#649,.F.);
#630 = FACE_BOUND('',#631,.F.);
#631 = EDGE_LOOP('',(#632,#633,#642,#648));
#632 = ORIENTED_EDGE('',*,*,#111,.T.);
#633 = ORIENTED_EDGE('',*,*,#634,.T.);
#634 = EDGE_CURVE('',#104,#635,#637,.T.);
#635 = VERTEX_POINT('',#636);
#636 = CARTESIAN_POINT('',(43.959707819925,-67.,6.75));
#637 = CIRCLE('',#638,2.15);
#638 = AXIS2_PLACEMENT_3D('',#639,#640,#641);
#639 = CARTESIAN_POINT('',(45.5,-65.5,6.75));
#640 = DIRECTION('',(0.,0.,1.));
#641 = DIRECTION('',(1.,0.,0.));
#642 = ORIENTED_EDGE('',*,*,#643,.T.);
#643 = EDGE_CURVE('',#635,#609,#644,.T.);
#644 = LINE('',#645,#646);
#645 = CARTESIAN_POINT('',(35.85,-67.,6.75));
#646 = VECTOR('',#647,1.);
#647 = DIRECTION('',(1.,0.,0.));
#648 = ORIENTED_EDGE('',*,*,#608,.T.);
#649 = PLANE('',#650);
#650 = AXIS2_PLACEMENT_3D('',#651,#652,#653);
#651 = CARTESIAN_POINT('',(45.5,-65.5,6.75));
#652 = DIRECTION('',(0.,0.,1.));
#653 = DIRECTION('',(1.,0.,0.));
#654 = ADVANCED_FACE('',(#655),#674,.F.);
#655 = FACE_BOUND('',#656,.T.);
#656 = EDGE_LOOP('',(#657,#658,#659,#667));
#657 = ORIENTED_EDGE('',*,*,#103,.F.);
#658 = ORIENTED_EDGE('',*,*,#634,.T.);
#659 = ORIENTED_EDGE('',*,*,#660,.T.);
#660 = EDGE_CURVE('',#635,#661,#663,.T.);
#661 = VERTEX_POINT('',#662);
#662 = CARTESIAN_POINT('',(43.959707819925,-67.,6.3));
#663 = LINE('',#664,#665);
#664 = CARTESIAN_POINT('',(43.959707819925,-67.,5.3));
#665 = VECTOR('',#666,1.);
#666 = DIRECTION('',(-0.,-0.,-1.));
#667 = ORIENTED_EDGE('',*,*,#668,.T.);
#668 = EDGE_CURVE('',#661,#96,#669,.T.);
#669 = CIRCLE('',#670,2.15);
#670 = AXIS2_PLACEMENT_3D('',#671,#672,#673);
#671 = CARTESIAN_POINT('',(45.5,-65.5,6.3));
#672 = DIRECTION('',(0.,0.,-1.));
#673 = DIRECTION('',(1.,0.,0.));
#674 = CYLINDRICAL_SURFACE('',#675,2.15);
#675 = AXIS2_PLACEMENT_3D('',#676,#677,#678);
#676 = CARTESIAN_POINT('',(45.5,-65.5,5.3));
#677 = DIRECTION('',(-0.,-0.,-1.));
#678 = DIRECTION('',(1.,0.,0.));
#679 = ADVANCED_FACE('',(#680,#725),#736,.T.);
#680 = FACE_BOUND('',#681,.T.);
#681 = EDGE_LOOP('',(#682,#691,#692,#693,#701,#710,#717,#718));
#682 = ORIENTED_EDGE('',*,*,#683,.F.);
#683 = EDGE_CURVE('',#88,#684,#686,.T.);
#684 = VERTEX_POINT('',#685);
#685 = CARTESIAN_POINT('',(39.05,-64.7,6.3));
#686 = CIRCLE('',#687,1.85);
#687 = AXIS2_PLACEMENT_3D('',#688,#689,#690);
#688 = CARTESIAN_POINT('',(37.2,-64.7,6.3));
#689 = DIRECTION('',(0.,0.,1.));
#690 = DIRECTION('',(1.,0.,0.));
#691 = ORIENTED_EDGE('',*,*,#95,.T.);
#692 = ORIENTED_EDGE('',*,*,#668,.F.);
#693 = ORIENTED_EDGE('',*,*,#694,.F.);
#694 = EDGE_CURVE('',#695,#661,#697,.T.);
#695 = VERTEX_POINT('',#696);
#696 = CARTESIAN_POINT('',(31.491052366633,-67.,6.3));
#697 = LINE('',#698,#699);
#698 = CARTESIAN_POINT('',(26.2,-67.,6.3));
#699 = VECTOR('',#700,1.);
#700 = DIRECTION('',(1.,0.,0.));
#701 = ORIENTED_EDGE('',*,*,#702,.F.);
#702 = EDGE_CURVE('',#703,#695,#705,.T.);
#703 = VERTEX_POINT('',#704);
#704 = CARTESIAN_POINT('',(31.55,-66.5,6.3));
#705 = CIRCLE('',#706,2.15);
#706 = AXIS2_PLACEMENT_3D('',#707,#708,#709);
#707 = CARTESIAN_POINT('',(29.4,-66.5,6.3));
#708 = DIRECTION('',(0.,0.,-1.));
#709 = DIRECTION('',(1.,0.,0.));
#710 = ORIENTED_EDGE('',*,*,#711,.F.);
#711 = EDGE_CURVE('',#56,#703,#712,.T.);
#712 = CIRCLE('',#713,2.15);
#713 = AXIS2_PLACEMENT_3D('',#714,#715,#716);
#714 = CARTESIAN_POINT('',(29.4,-66.5,6.3));
#715 = DIRECTION('',(0.,0.,-1.));
#716 = DIRECTION('',(1.,0.,0.));
#717 = ORIENTED_EDGE('',*,*,#63,.T.);
#718 = ORIENTED_EDGE('',*,*,#719,.F.);
#719 = EDGE_CURVE('',#684,#64,#720,.T.);
#720 = CIRCLE('',#721,1.85);
#721 = AXIS2_PLACEMENT_3D('',#722,#723,#724);
#722 = CARTESIAN_POINT('',(37.2,-64.7,6.3));
#723 = DIRECTION('',(0.,0.,1.));
#724 = DIRECTION('',(1.,0.,0.));
#725 = FACE_BOUND('',#726,.T.);
#726 = EDGE_LOOP('',(#727));
#727 = ORIENTED_EDGE('',*,*,#728,.F.);
#728 = EDGE_CURVE('',#729,#729,#731,.T.);
#729 = VERTEX_POINT('',#730);
#730 = CARTESIAN_POINT('',(38.8,-64.7,6.3));
#731 = CIRCLE('',#732,1.6);
#732 = AXIS2_PLACEMENT_3D('',#733,#734,#735);
#733 = CARTESIAN_POINT('',(37.2,-64.7,6.3));
#734 = DIRECTION('',(0.,0.,-1.));
#735 = DIRECTION('',(1.,0.,0.));
#736 = PLANE('',#737);
#737 = AXIS2_PLACEMENT_3D('',#738,#739,#740);
#738 = CARTESIAN_POINT('',(44.267066577077,-46.08685620723,6.3));
#739 = DIRECTION('',(-0.,-0.,-1.));
#740 = DIRECTION('',(-1.,0.,0.));
#741 = ADVANCED_FACE('',(#742),#764,.T.);
#742 = FACE_BOUND('',#743,.F.);
#743 = EDGE_LOOP('',(#744,#745,#754,#761,#762,#763));
#744 = ORIENTED_EDGE('',*,*,#87,.F.);
#745 = ORIENTED_EDGE('',*,*,#746,.T.);
#746 = EDGE_CURVE('',#80,#747,#749,.T.);
#747 = VERTEX_POINT('',#748);
#748 = CARTESIAN_POINT('',(39.05,-64.7,11.6));
#749 = CIRCLE('',#750,1.85);
#750 = AXIS2_PLACEMENT_3D('',#751,#752,#753);
#751 = CARTESIAN_POINT('',(37.2,-64.7,11.6));
#752 = DIRECTION('',(0.,0.,1.));
#753 = DIRECTION('',(1.,0.,0.));
#754 = ORIENTED_EDGE('',*,*,#755,.T.);
#755 = EDGE_CURVE('',#747,#72,#756,.T.);
#756 = CIRCLE('',#757,1.85);
#757 = AXIS2_PLACEMENT_3D('',#758,#759,#760);
#758 = CARTESIAN_POINT('',(37.2,-64.7,11.6));
#759 = DIRECTION('',(0.,0.,1.));
#760 = DIRECTION('',(1.,0.,0.));
#761 = ORIENTED_EDGE('',*,*,#71,.T.);
#762 = ORIENTED_EDGE('',*,*,#719,.F.);
#763 = ORIENTED_EDGE('',*,*,#683,.F.);
#764 = CYLINDRICAL_SURFACE('',#765,1.85);
#765 = AXIS2_PLACEMENT_3D('',#766,#767,#768);
#766 = CARTESIAN_POINT('',(37.2,-64.7,6.3));
#767 = DIRECTION('',(-0.,-0.,-1.));
#768 = DIRECTION('',(1.,0.,0.));
#769 = ADVANCED_FACE('',(#770),#775,.T.);
#770 = FACE_BOUND('',#771,.T.);
#771 = EDGE_LOOP('',(#772,#773,#774));
#772 = ORIENTED_EDGE('',*,*,#746,.T.);
#773 = ORIENTED_EDGE('',*,*,#755,.T.);
#774 = ORIENTED_EDGE('',*,*,#79,.F.);
#775 = PLANE('',#776);
#776 = AXIS2_PLACEMENT_3D('',#777,#778,#779);
#777 = CARTESIAN_POINT('',(37.2,-64.7,11.6));
#778 = DIRECTION('',(0.,0.,1.));
#779 = DIRECTION('',(1.,0.,0.));
#780 = ADVANCED_FACE('',(#781),#810,.F.);
#781 = FACE_BOUND('',#782,.T.);
#782 = EDGE_LOOP('',(#783,#784,#792,#801,#808,#809));
#783 = ORIENTED_EDGE('',*,*,#702,.T.);
#784 = ORIENTED_EDGE('',*,*,#785,.F.);
#785 = EDGE_CURVE('',#786,#695,#788,.T.);
#786 = VERTEX_POINT('',#787);
#787 = CARTESIAN_POINT('',(31.491052366633,-67.,6.75));
#788 = LINE('',#789,#790);
#789 = CARTESIAN_POINT('',(31.491052366633,-67.,5.3));
#790 = VECTOR('',#791,1.);
#791 = DIRECTION('',(-0.,-0.,-1.));
#792 = ORIENTED_EDGE('',*,*,#793,.T.);
#793 = EDGE_CURVE('',#786,#794,#796,.T.);
#794 = VERTEX_POINT('',#795);
#795 = CARTESIAN_POINT('',(31.55,-66.5,6.75));
#796 = CIRCLE('',#797,2.15);
#797 = AXIS2_PLACEMENT_3D('',#798,#799,#800);
#798 = CARTESIAN_POINT('',(29.4,-66.5,6.75));
#799 = DIRECTION('',(0.,0.,1.));
#800 = DIRECTION('',(1.,0.,0.));
#801 = ORIENTED_EDGE('',*,*,#802,.T.);
#802 = EDGE_CURVE('',#794,#48,#803,.T.);
#803 = CIRCLE('',#804,2.15);
#804 = AXIS2_PLACEMENT_3D('',#805,#806,#807);
#805 = CARTESIAN_POINT('',(29.4,-66.5,6.75));
#806 = DIRECTION('',(0.,0.,1.));
#807 = DIRECTION('',(1.,0.,0.));
#808 = ORIENTED_EDGE('',*,*,#55,.T.);
#809 = ORIENTED_EDGE('',*,*,#711,.T.);
#810 = CYLINDRICAL_SURFACE('',#811,2.15);
#811 = AXIS2_PLACEMENT_3D('',#812,#813,#814);
#812 = CARTESIAN_POINT('',(29.4,-66.5,5.3));
#813 = DIRECTION('',(-0.,-0.,-1.));
#814 = DIRECTION('',(1.,0.,0.));
#815 = ADVANCED_FACE('',(#816),#836,.F.);
#816 = FACE_BOUND('',#817,.F.);
#817 = EDGE_LOOP('',(#818,#819,#820,#821,#830));
#818 = ORIENTED_EDGE('',*,*,#793,.T.);
#819 = ORIENTED_EDGE('',*,*,#802,.T.);
#820 = ORIENTED_EDGE('',*,*,#47,.T.);
#821 = ORIENTED_EDGE('',*,*,#822,.T.);
#822 = EDGE_CURVE('',#40,#823,#825,.T.);
#823 = VERTEX_POINT('',#824);
#824 = CARTESIAN_POINT('',(27.308947633367,-67.,6.75));
#825 = CIRCLE('',#826,2.15);
#826 = AXIS2_PLACEMENT_3D('',#827,#828,#829);
#827 = CARTESIAN_POINT('',(29.4,-66.5,6.75));
#828 = DIRECTION('',(0.,0.,1.));
#829 = DIRECTION('',(1.,0.,0.));
#830 = ORIENTED_EDGE('',*,*,#831,.T.);
#831 = EDGE_CURVE('',#823,#786,#832,.T.);
#832 = LINE('',#833,#834);
#833 = CARTESIAN_POINT('',(27.8,-67.,6.75));
#834 = VECTOR('',#835,1.);
#835 = DIRECTION('',(1.,0.,0.));
#836 = PLANE('',#837);
#837 = AXIS2_PLACEMENT_3D('',#838,#839,#840);
#838 = CARTESIAN_POINT('',(29.4,-66.5,6.75));
#839 = DIRECTION('',(0.,0.,1.));
#840 = DIRECTION('',(1.,0.,0.));
#841 = ADVANCED_FACE('',(#842),#861,.F.);
#842 = FACE_BOUND('',#843,.T.);
#843 = EDGE_LOOP('',(#844,#845,#846,#854));
#844 = ORIENTED_EDGE('',*,*,#39,.F.);
#845 = ORIENTED_EDGE('',*,*,#822,.T.);
#846 = ORIENTED_EDGE('',*,*,#847,.T.);
#847 = EDGE_CURVE('',#823,#848,#850,.T.);
#848 = VERTEX_POINT('',#849);
#849 = CARTESIAN_POINT('',(27.308947633367,-67.,6.3));
#850 = LINE('',#851,#852);
#851 = CARTESIAN_POINT('',(27.308947633367,-67.,5.3));
#852 = VECTOR('',#853,1.);
#853 = DIRECTION('',(-0.,-0.,-1.));
#854 = ORIENTED_EDGE('',*,*,#855,.T.);
#855 = EDGE_CURVE('',#848,#32,#856,.T.);
#856 = CIRCLE('',#857,2.15);
#857 = AXIS2_PLACEMENT_3D('',#858,#859,#860);
#858 = CARTESIAN_POINT('',(29.4,-66.5,6.3));
#859 = DIRECTION('',(0.,0.,-1.));
#860 = DIRECTION('',(1.,0.,0.));
#861 = CYLINDRICAL_SURFACE('',#862,2.15);
#862 = AXIS2_PLACEMENT_3D('',#863,#864,#865);
#863 = CARTESIAN_POINT('',(29.4,-66.5,5.3));
#864 = DIRECTION('',(-0.,-0.,-1.));
#865 = DIRECTION('',(1.,0.,0.));
#866 = ADVANCED_FACE('',(#867),#919,.T.);
#867 = FACE_BOUND('',#868,.T.);
#868 = EDGE_LOOP('',(#869,#870,#871,#879,#888,#896,#904,#912,#918));
#869 = ORIENTED_EDGE('',*,*,#31,.T.);
#870 = ORIENTED_EDGE('',*,*,#855,.F.);
#871 = ORIENTED_EDGE('',*,*,#872,.F.);
#872 = EDGE_CURVE('',#873,#848,#875,.T.);
#873 = VERTEX_POINT('',#874);
#874 = CARTESIAN_POINT('',(26.2,-67.,6.3));
#875 = LINE('',#876,#877);
#876 = CARTESIAN_POINT('',(26.2,-67.,6.3));
#877 = VECTOR('',#878,1.);
#878 = DIRECTION('',(1.,0.,0.));
#879 = ORIENTED_EDGE('',*,*,#880,.F.);
#880 = EDGE_CURVE('',#881,#873,#883,.T.);
#881 = VERTEX_POINT('',#882);
#882 = CARTESIAN_POINT('',(25.,-65.8,6.3));
#883 = CIRCLE('',#884,1.2);
#884 = AXIS2_PLACEMENT_3D('',#885,#886,#887);
#885 = CARTESIAN_POINT('',(26.2,-65.8,6.3));
#886 = DIRECTION('',(0.,0.,1.));
#887 = DIRECTION('',(-1.,3.553E-14,0.));
#888 = ORIENTED_EDGE('',*,*,#889,.F.);
#889 = EDGE_CURVE('',#890,#881,#892,.T.);
#890 = VERTEX_POINT('',#891);
#891 = CARTESIAN_POINT('',(25.,-63.9,6.3));
#892 = LINE('',#893,#894);
#893 = CARTESIAN_POINT('',(25.,-13.4,6.3));
#894 = VECTOR('',#895,1.);
#895 = DIRECTION('',(0.,-1.,0.));
#896 = ORIENTED_EDGE('',*,*,#897,.F.);
#897 = EDGE_CURVE('',#898,#890,#900,.T.);
#898 = VERTEX_POINT('',#899);
#899 = CARTESIAN_POINT('',(26.2,-63.9,6.3));
#900 = LINE('',#901,#902);
#901 = CARTESIAN_POINT('',(28.521656284918,-63.9,6.3));
#902 = VECTOR('',#903,1.);
#903 = DIRECTION('',(-1.,0.,0.));
#904 = ORIENTED_EDGE('',*,*,#905,.T.);
#905 = EDGE_CURVE('',#898,#906,#908,.T.);
#906 = VERTEX_POINT('',#907);
#907 = CARTESIAN_POINT('',(26.2,-65.77054165346,6.3));
#908 = LINE('',#909,#910);
#909 = CARTESIAN_POINT('',(26.2,-52.43420966695,6.3));
#910 = VECTOR('',#911,1.);
#911 = DIRECTION('',(0.,-1.,0.));
#912 = ORIENTED_EDGE('',*,*,#913,.T.);
#913 = EDGE_CURVE('',#906,#158,#914,.T.);
#914 = LINE('',#915,#916);
#915 = CARTESIAN_POINT('',(25.560148530937,-52.74606579013,6.3));
#916 = VECTOR('',#917,1.);
#917 = DIRECTION('',(4.906767432734E-02,-0.998795456205,0.));
#918 = ORIENTED_EDGE('',*,*,#157,.T.);
#919 = PLANE('',#920);
#920 = AXIS2_PLACEMENT_3D('',#921,#922,#923);
#921 = CARTESIAN_POINT('',(44.267066577077,-46.08685620723,6.3));
#922 = DIRECTION('',(-0.,-0.,-1.));
#923 = DIRECTION('',(-1.,0.,0.));
#924 = ADVANCED_FACE('',(#925),#936,.F.);
#925 = FACE_BOUND('',#926,.F.);
#926 = EDGE_LOOP('',(#927,#928,#929,#930));
#927 = ORIENTED_EDGE('',*,*,#913,.T.);
#928 = ORIENTED_EDGE('',*,*,#174,.T.);
#929 = ORIENTED_EDGE('',*,*,#358,.T.);
#930 = ORIENTED_EDGE('',*,*,#931,.F.);
#931 = EDGE_CURVE('',#906,#351,#932,.T.);
#932 = LINE('',#933,#934);
#933 = CARTESIAN_POINT('',(26.2,-65.77054165346,6.2));
#934 = VECTOR('',#935,1.);
#935 = DIRECTION('',(0.,0.,1.));
#936 = PLANE('',#937);
#937 = AXIS2_PLACEMENT_3D('',#938,#939,#940);
#938 = CARTESIAN_POINT('',(26.201379428774,-65.79862057122,6.2));
#939 = DIRECTION('',(-0.998795456205,-4.906767432734E-02,0.));
#940 = DIRECTION('',(-4.906767432734E-02,0.998795456205,0.));
#941 = ADVANCED_FACE('',(#942),#981,.F.);
#942 = FACE_BOUND('',#943,.F.);
#943 = EDGE_LOOP('',(#944,#950,#951,#959,#967,#973,#974,#980));
#944 = ORIENTED_EDGE('',*,*,#945,.F.);
#945 = EDGE_CURVE('',#469,#191,#946,.T.);
#946 = LINE('',#947,#948);
#947 = CARTESIAN_POINT('',(47.8,-65.77054165346,6.2));
#948 = VECTOR('',#949,1.);
#949 = DIRECTION('',(0.,0.,1.));
#950 = ORIENTED_EDGE('',*,*,#476,.T.);
#951 = ORIENTED_EDGE('',*,*,#952,.F.);
#952 = EDGE_CURVE('',#953,#477,#955,.T.);
#953 = VERTEX_POINT('',#954);
#954 = CARTESIAN_POINT('',(47.8,-54.46808273176,11.6));
#955 = LINE('',#956,#957);
#956 = CARTESIAN_POINT('',(47.8,-54.46808273176,6.3));
#957 = VECTOR('',#958,1.);
#958 = DIRECTION('',(-0.,-0.,-1.));
#959 = ORIENTED_EDGE('',*,*,#960,.F.);
#960 = EDGE_CURVE('',#961,#953,#963,.T.);
#961 = VERTEX_POINT('',#962);
#962 = CARTESIAN_POINT('',(47.8,-51.13191726823,11.6));
#963 = LINE('',#964,#965);
#964 = CARTESIAN_POINT('',(47.8,-32.51472917326,11.6));
#965 = VECTOR('',#966,1.);
#966 = DIRECTION('',(0.,-1.,0.));
#967 = ORIENTED_EDGE('',*,*,#968,.T.);
#968 = EDGE_CURVE('',#961,#485,#969,.T.);
#969 = LINE('',#970,#971);
#970 = CARTESIAN_POINT('',(47.8,-51.13191726823,6.3));
#971 = VECTOR('',#972,1.);
#972 = DIRECTION('',(-0.,-0.,-1.));
#973 = ORIENTED_EDGE('',*,*,#493,.T.);
#974 = ORIENTED_EDGE('',*,*,#975,.T.);
#975 = EDGE_CURVE('',#494,#189,#976,.T.);
#976 = LINE('',#977,#978);
#977 = CARTESIAN_POINT('',(47.8,-12.22945834653,6.2));
#978 = VECTOR('',#979,1.);
#979 = DIRECTION('',(0.,0.,1.));
#980 = ORIENTED_EDGE('',*,*,#188,.T.);
#981 = PLANE('',#982);
#982 = AXIS2_PLACEMENT_3D('',#983,#984,#985);
#983 = CARTESIAN_POINT('',(47.8,-12.22945834653,6.2));
#984 = DIRECTION('',(1.,0.,0.));
#985 = DIRECTION('',(0.,-1.,0.));
#986 = ADVANCED_FACE('',(#987),#998,.F.);
#987 = FACE_BOUND('',#988,.F.);
#988 = EDGE_LOOP('',(#989,#990,#996,#997));
#989 = ORIENTED_EDGE('',*,*,#501,.T.);
#990 = ORIENTED_EDGE('',*,*,#991,.T.);
#991 = EDGE_CURVE('',#502,#199,#992,.T.);
#992 = LINE('',#993,#994);
#993 = CARTESIAN_POINT('',(47.798620571226,-12.20137942877,6.2));
#994 = VECTOR('',#995,1.);
#995 = DIRECTION('',(0.,0.,1.));
#996 = ORIENTED_EDGE('',*,*,#198,.T.);
#997 = ORIENTED_EDGE('',*,*,#975,.F.);
#998 = PLANE('',#999);
#999 = AXIS2_PLACEMENT_3D('',#1000,#1001,#1002);
#1000 = CARTESIAN_POINT('',(47.798620571226,-12.20137942877,6.2));
#1001 = DIRECTION('',(0.998795456205,4.906767432758E-02,0.));
#1002 = DIRECTION('',(4.906767432758E-02,-0.998795456205,0.));
#1003 = ADVANCED_FACE('',(#1004),#1010,.F.);
#1004 = FACE_BOUND('',#1005,.F.);
#1005 = EDGE_LOOP('',(#1006,#1007,#1008,#1009));
#1006 = ORIENTED_EDGE('',*,*,#468,.T.);
#1007 = ORIENTED_EDGE('',*,*,#945,.T.);
#1008 = ORIENTED_EDGE('',*,*,#374,.T.);
#1009 = ORIENTED_EDGE('',*,*,#441,.F.);
#1010 = PLANE('',#1011);
#1011 = AXIS2_PLACEMENT_3D('',#1012,#1013,#1014);
#1012 = CARTESIAN_POINT('',(47.8,-65.77054165346,6.2));
#1013 = DIRECTION('',(0.998795456205,-4.906767432757E-02,0.));
#1014 = DIRECTION('',(-4.906767432757E-02,-0.998795456205,0.));
#1015 = ADVANCED_FACE('',(#1016),#1027,.F.);
#1016 = FACE_BOUND('',#1017,.F.);
#1017 = EDGE_LOOP('',(#1018,#1019,#1025,#1026));
#1018 = ORIENTED_EDGE('',*,*,#509,.T.);
#1019 = ORIENTED_EDGE('',*,*,#1020,.T.);
#1020 = EDGE_CURVE('',#510,#207,#1021,.T.);
#1021 = LINE('',#1022,#1023);
#1022 = CARTESIAN_POINT('',(47.770541653469,-12.2,6.2));
#1023 = VECTOR('',#1024,1.);
#1024 = DIRECTION('',(0.,0.,1.));
#1025 = ORIENTED_EDGE('',*,*,#206,.T.);
#1026 = ORIENTED_EDGE('',*,*,#991,.F.);
#1027 = PLANE('',#1028);
#1028 = AXIS2_PLACEMENT_3D('',#1029,#1030,#1031);
#1029 = CARTESIAN_POINT('',(47.770541653469,-12.2,6.2));
#1030 = DIRECTION('',(4.906767432741E-02,0.998795456205,0.));
#1031 = DIRECTION('',(0.998795456205,-4.906767432741E-02,0.));
#1032 = ADVANCED_FACE('',(#1033),#1060,.F.);
#1033 = FACE_BOUND('',#1034,.F.);
#1034 = EDGE_LOOP('',(#1035,#1036,#1037,#1045,#1053,#1059));
#1035 = ORIENTED_EDGE('',*,*,#1020,.F.);
#1036 = ORIENTED_EDGE('',*,*,#517,.T.);
#1037 = ORIENTED_EDGE('',*,*,#1038,.F.);
#1038 = EDGE_CURVE('',#1039,#518,#1041,.T.);
#1039 = VERTEX_POINT('',#1040);
#1040 = CARTESIAN_POINT('',(47.,-12.2,12.7));
#1041 = LINE('',#1042,#1043);
#1042 = CARTESIAN_POINT('',(47.,-12.2,6.2));
#1043 = VECTOR('',#1044,1.);
#1044 = DIRECTION('',(0.,0.,-1.));
#1045 = ORIENTED_EDGE('',*,*,#1046,.F.);
#1046 = EDGE_CURVE('',#1047,#1039,#1049,.T.);
#1047 = VERTEX_POINT('',#1048);
#1048 = CARTESIAN_POINT('',(27.429458346531,-12.2,12.7));
#1049 = LINE('',#1050,#1051);
#1050 = CARTESIAN_POINT('',(27.414729173265,-12.2,12.7));
#1051 = VECTOR('',#1052,1.);
#1052 = DIRECTION('',(1.,0.,0.));
#1053 = ORIENTED_EDGE('',*,*,#1054,.T.);
#1054 = EDGE_CURVE('',#1047,#215,#1055,.T.);
#1055 = LINE('',#1056,#1057);
#1056 = CARTESIAN_POINT('',(27.429458346531,-12.2,6.2));
#1057 = VECTOR('',#1058,1.);
#1058 = DIRECTION('',(0.,0.,1.));
#1059 = ORIENTED_EDGE('',*,*,#214,.T.);
#1060 = PLANE('',#1061);
#1061 = AXIS2_PLACEMENT_3D('',#1062,#1063,#1064);
#1062 = CARTESIAN_POINT('',(27.429458346531,-12.2,6.2));
#1063 = DIRECTION('',(0.,1.,0.));
#1064 = DIRECTION('',(1.,0.,0.));
#1065 = ADVANCED_FACE('',(#1066),#1100,.F.);
#1066 = FACE_BOUND('',#1067,.F.);
#1067 = EDGE_LOOP('',(#1068,#1078,#1086,#1092,#1093,#1094));
#1068 = ORIENTED_EDGE('',*,*,#1069,.T.);
#1069 = EDGE_CURVE('',#1070,#1072,#1074,.T.);
#1070 = VERTEX_POINT('',#1071);
#1071 = CARTESIAN_POINT('',(27.4,-12.20144719576,12.7));
#1072 = VERTEX_POINT('',#1073);
#1073 = CARTESIAN_POINT('',(27.4,-12.20144719576,6.3));
#1074 = LINE('',#1075,#1076);
#1075 = CARTESIAN_POINT('',(27.4,-12.20144719576,6.2));
#1076 = VECTOR('',#1077,1.);
#1077 = DIRECTION('',(0.,0.,-1.));
#1078 = ORIENTED_EDGE('',*,*,#1079,.T.);
#1079 = EDGE_CURVE('',#1072,#1080,#1082,.T.);
#1080 = VERTEX_POINT('',#1081);
#1081 = CARTESIAN_POINT('',(27.282521281595,-12.20721855511,6.3));
#1082 = LINE('',#1083,#1084);
#1083 = CARTESIAN_POINT('',(31.492230328968,-12.00040881117,6.3));
#1084 = VECTOR('',#1085,1.);
#1085 = DIRECTION('',(-0.998795456205,-4.906767432741E-02,0.));
#1086 = ORIENTED_EDGE('',*,*,#1087,.T.);
#1087 = EDGE_CURVE('',#1080,#223,#1088,.T.);
#1088 = LINE('',#1089,#1090);
#1089 = CARTESIAN_POINT('',(27.282521281595,-12.20721855511,6.2));
#1090 = VECTOR('',#1091,1.);
#1091 = DIRECTION('',(0.,0.,1.));
#1092 = ORIENTED_EDGE('',*,*,#222,.T.);
#1093 = ORIENTED_EDGE('',*,*,#1054,.F.);
#1094 = ORIENTED_EDGE('',*,*,#1095,.F.);
#1095 = EDGE_CURVE('',#1070,#1047,#1096,.T.);
#1096 = LINE('',#1097,#1098);
#1097 = CARTESIAN_POINT('',(26.461592268837,-12.24754821139,12.7));
#1098 = VECTOR('',#1099,1.);
#1099 = DIRECTION('',(0.998795456205,4.906767432741E-02,0.));
#1100 = PLANE('',#1101);
#1101 = AXIS2_PLACEMENT_3D('',#1102,#1103,#1104);
#1102 = CARTESIAN_POINT('',(27.282521281595,-12.20721855511,6.2));
#1103 = DIRECTION('',(-4.906767432741E-02,0.998795456205,0.));
#1104 = DIRECTION('',(0.998795456205,4.906767432741E-02,0.));
#1105 = ADVANCED_FACE('',(#1106),#1124,.F.);
#1106 = FACE_BOUND('',#1107,.F.);
#1107 = EDGE_LOOP('',(#1108,#1116,#1122,#1123));
#1108 = ORIENTED_EDGE('',*,*,#1109,.T.);
#1109 = EDGE_CURVE('',#1080,#1110,#1112,.T.);
#1110 = VERTEX_POINT('',#1111);
#1111 = CARTESIAN_POINT('',(27.166173947468,-12.22447705182,6.3));
#1112 = LINE('',#1113,#1114);
#1113 = CARTESIAN_POINT('',(30.048182583348,-11.79697145472,6.3));
#1114 = VECTOR('',#1115,1.);
#1115 = DIRECTION('',(-0.989176509965,-0.146730474455,0.));
#1116 = ORIENTED_EDGE('',*,*,#1117,.T.);
#1117 = EDGE_CURVE('',#1110,#231,#1118,.T.);
#1118 = LINE('',#1119,#1120);
#1119 = CARTESIAN_POINT('',(27.166173947468,-12.22447705182,6.2));
#1120 = VECTOR('',#1121,1.);
#1121 = DIRECTION('',(0.,0.,1.));
#1122 = ORIENTED_EDGE('',*,*,#230,.T.);
#1123 = ORIENTED_EDGE('',*,*,#1087,.F.);
#1124 = PLANE('',#1125);
#1125 = AXIS2_PLACEMENT_3D('',#1126,#1127,#1128);
#1126 = CARTESIAN_POINT('',(27.166173947468,-12.22447705182,6.2));
#1127 = DIRECTION('',(-0.146730474455,0.989176509965,0.));
#1128 = DIRECTION('',(0.989176509965,0.146730474455,0.));
#1129 = ADVANCED_FACE('',(#1130),#1148,.F.);
#1130 = FACE_BOUND('',#1131,.F.);
#1131 = EDGE_LOOP('',(#1132,#1140,#1146,#1147));
#1132 = ORIENTED_EDGE('',*,*,#1133,.T.);
#1133 = EDGE_CURVE('',#1110,#1134,#1136,.T.);
#1134 = VERTEX_POINT('',#1135);
#1135 = CARTESIAN_POINT('',(27.05207848605,-12.25305647712,6.3));
#1136 = LINE('',#1137,#1138);
#1137 = CARTESIAN_POINT('',(28.589117176909,-11.86804832775,6.3));
#1138 = VECTOR('',#1139,1.);
#1139 = DIRECTION('',(-0.970031253195,-0.242980179903,0.));
#1140 = ORIENTED_EDGE('',*,*,#1141,.T.);
#1141 = EDGE_CURVE('',#1134,#239,#1142,.T.);
#1142 = LINE('',#1143,#1144);
#1143 = CARTESIAN_POINT('',(27.05207848605,-12.25305647712,6.2));
#1144 = VECTOR('',#1145,1.);
#1145 = DIRECTION('',(0.,0.,1.));
#1146 = ORIENTED_EDGE('',*,*,#238,.T.);
#1147 = ORIENTED_EDGE('',*,*,#1117,.F.);
#1148 = PLANE('',#1149);
#1149 = AXIS2_PLACEMENT_3D('',#1150,#1151,#1152);
#1150 = CARTESIAN_POINT('',(27.05207848605,-12.25305647712,6.2));
#1151 = DIRECTION('',(-0.242980179903,0.970031253195,0.));
#1152 = DIRECTION('',(0.970031253195,0.242980179903,0.));
#1153 = ADVANCED_FACE('',(#1154),#1229,.F.);
#1154 = FACE_BOUND('',#1155,.F.);
#1155 = EDGE_LOOP('',(#1156,#1164,#1172,#1180,#1188,#1196,#1204,#1212,
    #1220,#1226,#1227,#1228));
#1156 = ORIENTED_EDGE('',*,*,#1157,.F.);
#1157 = EDGE_CURVE('',#1158,#343,#1160,.T.);
#1158 = VERTEX_POINT('',#1159);
#1159 = CARTESIAN_POINT('',(26.2,-13.42945834653,6.3));
#1160 = LINE('',#1161,#1162);
#1161 = CARTESIAN_POINT('',(26.2,-13.42945834653,6.2));
#1162 = VECTOR('',#1163,1.);
#1163 = DIRECTION('',(0.,0.,1.));
#1164 = ORIENTED_EDGE('',*,*,#1165,.T.);
#1165 = EDGE_CURVE('',#1158,#1166,#1168,.T.);
#1166 = VERTEX_POINT('',#1167);
#1167 = CARTESIAN_POINT('',(26.2,-51.13191726823,6.3));
#1168 = LINE('',#1169,#1170);
#1169 = CARTESIAN_POINT('',(26.2,-52.43420966695,6.3));
#1170 = VECTOR('',#1171,1.);
#1171 = DIRECTION('',(0.,-1.,0.));
#1172 = ORIENTED_EDGE('',*,*,#1173,.F.);
#1173 = EDGE_CURVE('',#1174,#1166,#1176,.T.);
#1174 = VERTEX_POINT('',#1175);
#1175 = CARTESIAN_POINT('',(26.2,-51.13191726823,11.6));
#1176 = LINE('',#1177,#1178);
#1177 = CARTESIAN_POINT('',(26.2,-51.13191726823,6.3));
#1178 = VECTOR('',#1179,1.);
#1179 = DIRECTION('',(-0.,-0.,-1.));
#1180 = ORIENTED_EDGE('',*,*,#1181,.F.);
#1181 = EDGE_CURVE('',#1182,#1174,#1184,.T.);
#1182 = VERTEX_POINT('',#1183);
#1183 = CARTESIAN_POINT('',(26.2,-54.46808273176,11.6));
#1184 = LINE('',#1185,#1186);
#1185 = CARTESIAN_POINT('',(26.2,-59.28527082673,11.6));
#1186 = VECTOR('',#1187,1.);
#1187 = DIRECTION('',(0.,1.,0.));
#1188 = ORIENTED_EDGE('',*,*,#1189,.T.);
#1189 = EDGE_CURVE('',#1182,#1190,#1192,.T.);
#1190 = VERTEX_POINT('',#1191);
#1191 = CARTESIAN_POINT('',(26.2,-54.46808273176,6.3));
#1192 = LINE('',#1193,#1194);
#1193 = CARTESIAN_POINT('',(26.2,-54.46808273176,6.3));
#1194 = VECTOR('',#1195,1.);
#1195 = DIRECTION('',(-0.,-0.,-1.));
#1196 = ORIENTED_EDGE('',*,*,#1197,.T.);
#1197 = EDGE_CURVE('',#1190,#1198,#1200,.T.);
#1198 = VERTEX_POINT('',#1199);
#1199 = CARTESIAN_POINT('',(26.2,-55.4,6.3));
#1200 = LINE('',#1201,#1202);
#1201 = CARTESIAN_POINT('',(26.2,-52.43420966695,6.3));
#1202 = VECTOR('',#1203,1.);
#1203 = DIRECTION('',(0.,-1.,0.));
#1204 = ORIENTED_EDGE('',*,*,#1205,.F.);
#1205 = EDGE_CURVE('',#1206,#1198,#1208,.T.);
#1206 = VERTEX_POINT('',#1207);
#1207 = CARTESIAN_POINT('',(26.2,-55.4,9.2));
#1208 = LINE('',#1209,#1210);
#1209 = CARTESIAN_POINT('',(26.2,-55.4,5.65));
#1210 = VECTOR('',#1211,1.);
#1211 = DIRECTION('',(0.,0.,-1.));
#1212 = ORIENTED_EDGE('',*,*,#1213,.F.);
#1213 = EDGE_CURVE('',#1214,#1206,#1216,.T.);
#1214 = VERTEX_POINT('',#1215);
#1215 = CARTESIAN_POINT('',(26.2,-63.9,9.2));
#1216 = LINE('',#1217,#1218);
#1217 = CARTESIAN_POINT('',(26.2,-64.83527082673,9.2));
#1218 = VECTOR('',#1219,1.);
#1219 = DIRECTION('',(0.,1.,0.));
#1220 = ORIENTED_EDGE('',*,*,#1221,.T.);
#1221 = EDGE_CURVE('',#1214,#898,#1222,.T.);
#1222 = LINE('',#1223,#1224);
#1223 = CARTESIAN_POINT('',(26.2,-63.9,5.65));
#1224 = VECTOR('',#1225,1.);
#1225 = DIRECTION('',(0.,0.,-1.));
#1226 = ORIENTED_EDGE('',*,*,#905,.T.);
#1227 = ORIENTED_EDGE('',*,*,#931,.T.);
#1228 = ORIENTED_EDGE('',*,*,#350,.T.);
#1229 = PLANE('',#1230);
#1230 = AXIS2_PLACEMENT_3D('',#1231,#1232,#1233);
#1231 = CARTESIAN_POINT('',(26.2,-65.77054165346,6.2));
#1232 = DIRECTION('',(-1.,0.,0.));
#1233 = DIRECTION('',(0.,1.,0.));
#1234 = ADVANCED_FACE('',(#1235),#1253,.F.);
#1235 = FACE_BOUND('',#1236,.F.);
#1236 = EDGE_LOOP('',(#1237,#1245,#1251,#1252));
#1237 = ORIENTED_EDGE('',*,*,#1238,.T.);
#1238 = EDGE_CURVE('',#1134,#1239,#1241,.T.);
#1239 = VERTEX_POINT('',#1240);
#1240 = CARTESIAN_POINT('',(26.941333699004,-12.29268159553,6.3));
#1241 = LINE('',#1242,#1243);
#1242 = CARTESIAN_POINT('',(27.167803139174,-12.21164953413,6.3));
#1243 = VECTOR('',#1244,1.);
#1244 = DIRECTION('',(-0.941544065183,-0.336889853392,0.));
#1245 = ORIENTED_EDGE('',*,*,#1246,.T.);
#1246 = EDGE_CURVE('',#1239,#247,#1247,.T.);
#1247 = LINE('',#1248,#1249);
#1248 = CARTESIAN_POINT('',(26.941333699004,-12.29268159553,6.2));
#1249 = VECTOR('',#1250,1.);
#1250 = DIRECTION('',(0.,0.,1.));
#1251 = ORIENTED_EDGE('',*,*,#246,.T.);
#1252 = ORIENTED_EDGE('',*,*,#1141,.F.);
#1253 = PLANE('',#1254);
#1254 = AXIS2_PLACEMENT_3D('',#1255,#1256,#1257);
#1255 = CARTESIAN_POINT('',(26.941333699004,-12.29268159553,6.2));
#1256 = DIRECTION('',(-0.336889853392,0.941544065183,0.));
#1257 = DIRECTION('',(0.941544065183,0.336889853392,0.));
#1258 = ADVANCED_FACE('',(#1259),#1277,.F.);
#1259 = FACE_BOUND('',#1260,.F.);
#1260 = EDGE_LOOP('',(#1261,#1269,#1270,#1271));
#1261 = ORIENTED_EDGE('',*,*,#1262,.T.);
#1262 = EDGE_CURVE('',#1263,#1158,#1265,.T.);
#1263 = VERTEX_POINT('',#1264);
#1264 = CARTESIAN_POINT('',(26.207218555115,-13.28252128159,6.3));
#1265 = LINE('',#1266,#1267);
#1266 = CARTESIAN_POINT('',(25.584067113477,-25.96706027729,6.3));
#1267 = VECTOR('',#1268,1.);
#1268 = DIRECTION('',(-4.906767432747E-02,-0.998795456205,0.));
#1269 = ORIENTED_EDGE('',*,*,#1157,.T.);
#1270 = ORIENTED_EDGE('',*,*,#342,.T.);
#1271 = ORIENTED_EDGE('',*,*,#1272,.F.);
#1272 = EDGE_CURVE('',#1263,#335,#1273,.T.);
#1273 = LINE('',#1274,#1275);
#1274 = CARTESIAN_POINT('',(26.207218555115,-13.28252128159,6.2));
#1275 = VECTOR('',#1276,1.);
#1276 = DIRECTION('',(0.,0.,1.));
#1277 = PLANE('',#1278);
#1278 = AXIS2_PLACEMENT_3D('',#1279,#1280,#1281);
#1279 = CARTESIAN_POINT('',(26.2,-13.42945834653,6.2));
#1280 = DIRECTION('',(-0.998795456205,4.906767432747E-02,0.));
#1281 = DIRECTION('',(4.906767432747E-02,0.998795456205,0.));
#1282 = ADVANCED_FACE('',(#1283),#1301,.F.);
#1283 = FACE_BOUND('',#1284,.F.);
#1284 = EDGE_LOOP('',(#1285,#1293,#1299,#1300));
#1285 = ORIENTED_EDGE('',*,*,#1286,.T.);
#1286 = EDGE_CURVE('',#1239,#1287,#1289,.T.);
#1287 = VERTEX_POINT('',#1288);
#1288 = CARTESIAN_POINT('',(26.83500611917,-12.3429707955,6.3));
#1289 = LINE('',#1290,#1291);
#1290 = CARTESIAN_POINT('',(25.83564732038,-12.8156323058,6.3));
#1291 = VECTOR('',#1292,1.);
#1292 = DIRECTION('',(-0.903989293123,-0.42755509343,0.));
#1293 = ORIENTED_EDGE('',*,*,#1294,.T.);
#1294 = EDGE_CURVE('',#1287,#255,#1295,.T.);
#1295 = LINE('',#1296,#1297);
#1296 = CARTESIAN_POINT('',(26.83500611917,-12.3429707955,6.2));
#1297 = VECTOR('',#1298,1.);
#1298 = DIRECTION('',(0.,0.,1.));
#1299 = ORIENTED_EDGE('',*,*,#254,.T.);
#1300 = ORIENTED_EDGE('',*,*,#1246,.F.);
#1301 = PLANE('',#1302);
#1302 = AXIS2_PLACEMENT_3D('',#1303,#1304,#1305);
#1303 = CARTESIAN_POINT('',(26.83500611917,-12.3429707955,6.2));
#1304 = DIRECTION('',(-0.42755509343,0.903989293123,0.));
#1305 = DIRECTION('',(0.903989293123,0.42755509343,0.));
#1306 = ADVANCED_FACE('',(#1307),#1325,.F.);
#1307 = FACE_BOUND('',#1308,.F.);
#1308 = EDGE_LOOP('',(#1309,#1317,#1318,#1319));
#1309 = ORIENTED_EDGE('',*,*,#1310,.T.);
#1310 = EDGE_CURVE('',#1311,#1263,#1313,.T.);
#1311 = VERTEX_POINT('',#1312);
#1312 = CARTESIAN_POINT('',(26.22447705182,-13.16617394746,6.3));
#1313 = LINE('',#1314,#1315);
#1314 = CARTESIAN_POINT('',(24.450417597565,-25.12591132271,6.3));
#1315 = VECTOR('',#1316,1.);
#1316 = DIRECTION('',(-0.146730474455,-0.989176509965,0.));
#1317 = ORIENTED_EDGE('',*,*,#1272,.T.);
#1318 = ORIENTED_EDGE('',*,*,#334,.T.);
#1319 = ORIENTED_EDGE('',*,*,#1320,.F.);
#1320 = EDGE_CURVE('',#1311,#327,#1321,.T.);
#1321 = LINE('',#1322,#1323);
#1322 = CARTESIAN_POINT('',(26.22447705182,-13.16617394746,6.2));
#1323 = VECTOR('',#1324,1.);
#1324 = DIRECTION('',(0.,0.,1.));
#1325 = PLANE('',#1326);
#1326 = AXIS2_PLACEMENT_3D('',#1327,#1328,#1329);
#1327 = CARTESIAN_POINT('',(26.207218555115,-13.28252128159,6.2));
#1328 = DIRECTION('',(-0.989176509965,0.146730474455,0.));
#1329 = DIRECTION('',(0.146730474455,0.989176509965,0.));
#1330 = ADVANCED_FACE('',(#1331),#1349,.F.);
#1331 = FACE_BOUND('',#1332,.F.);
#1332 = EDGE_LOOP('',(#1333,#1341,#1347,#1348));
#1333 = ORIENTED_EDGE('',*,*,#1334,.T.);
#1334 = EDGE_CURVE('',#1287,#1335,#1337,.T.);
#1335 = VERTEX_POINT('',#1336);
#1336 = CARTESIAN_POINT('',(26.734119739265,-12.40343976453,6.3));
#1337 = LINE('',#1338,#1339);
#1338 = CARTESIAN_POINT('',(24.640749802352,-13.65815741838,6.3));
#1339 = VECTOR('',#1340,1.);
#1340 = DIRECTION('',(-0.85772861,-0.514102744193,0.));
#1341 = ORIENTED_EDGE('',*,*,#1342,.T.);
#1342 = EDGE_CURVE('',#1335,#263,#1343,.T.);
#1343 = LINE('',#1344,#1345);
#1344 = CARTESIAN_POINT('',(26.734119739265,-12.40343976453,6.2));
#1345 = VECTOR('',#1346,1.);
#1346 = DIRECTION('',(0.,0.,1.));
#1347 = ORIENTED_EDGE('',*,*,#262,.T.);
#1348 = ORIENTED_EDGE('',*,*,#1294,.F.);
#1349 = PLANE('',#1350);
#1350 = AXIS2_PLACEMENT_3D('',#1351,#1352,#1353);
#1351 = CARTESIAN_POINT('',(26.734119739265,-12.40343976453,6.2));
#1352 = DIRECTION('',(-0.514102744193,0.85772861,0.));
#1353 = DIRECTION('',(0.85772861,0.514102744193,0.));
#1354 = ADVANCED_FACE('',(#1355),#1373,.F.);
#1355 = FACE_BOUND('',#1356,.F.);
#1356 = EDGE_LOOP('',(#1357,#1365,#1366,#1367));
#1357 = ORIENTED_EDGE('',*,*,#1358,.T.);
#1358 = EDGE_CURVE('',#1359,#1311,#1361,.T.);
#1359 = VERTEX_POINT('',#1360);
#1360 = CARTESIAN_POINT('',(26.253056477122,-13.05207848605,6.3));
#1361 = LINE('',#1362,#1363);
#1362 = CARTESIAN_POINT('',(23.487815526601,-24.09153917657,6.3));
#1363 = VECTOR('',#1364,1.);
#1364 = DIRECTION('',(-0.242980179903,-0.970031253195,0.));
#1365 = ORIENTED_EDGE('',*,*,#1320,.T.);
#1366 = ORIENTED_EDGE('',*,*,#326,.T.);
#1367 = ORIENTED_EDGE('',*,*,#1368,.F.);
#1368 = EDGE_CURVE('',#1359,#319,#1369,.T.);
#1369 = LINE('',#1370,#1371);
#1370 = CARTESIAN_POINT('',(26.253056477122,-13.05207848605,6.2));
#1371 = VECTOR('',#1372,1.);
#1372 = DIRECTION('',(0.,0.,1.));
#1373 = PLANE('',#1374);
#1374 = AXIS2_PLACEMENT_3D('',#1375,#1376,#1377);
#1375 = CARTESIAN_POINT('',(26.22447705182,-13.16617394746,6.2));
#1376 = DIRECTION('',(-0.970031253195,0.242980179903,0.));
#1377 = DIRECTION('',(0.242980179903,0.970031253195,0.));
#1378 = ADVANCED_FACE('',(#1379),#1397,.F.);
#1379 = FACE_BOUND('',#1380,.F.);
#1380 = EDGE_LOOP('',(#1381,#1389,#1395,#1396));
#1381 = ORIENTED_EDGE('',*,*,#1382,.T.);
#1382 = EDGE_CURVE('',#1335,#1383,#1385,.T.);
#1383 = VERTEX_POINT('',#1384);
#1384 = CARTESIAN_POINT('',(26.639646150277,-12.47350615341,6.3));
#1385 = LINE('',#1386,#1387);
#1386 = CARTESIAN_POINT('',(23.62608523545,-14.70851525212,6.3));
#1387 = VECTOR('',#1388,1.);
#1388 = DIRECTION('',(-0.803207531481,-0.595699304492,0.));
#1389 = ORIENTED_EDGE('',*,*,#1390,.T.);
#1390 = EDGE_CURVE('',#1383,#271,#1391,.T.);
#1391 = LINE('',#1392,#1393);
#1392 = CARTESIAN_POINT('',(26.639646150277,-12.47350615341,6.2));
#1393 = VECTOR('',#1394,1.);
#1394 = DIRECTION('',(0.,0.,1.));
#1395 = ORIENTED_EDGE('',*,*,#270,.T.);
#1396 = ORIENTED_EDGE('',*,*,#1342,.F.);
#1397 = PLANE('',#1398);
#1398 = AXIS2_PLACEMENT_3D('',#1399,#1400,#1401);
#1399 = CARTESIAN_POINT('',(26.639646150277,-12.47350615341,6.2));
#1400 = DIRECTION('',(-0.595699304492,0.803207531481,0.));
#1401 = DIRECTION('',(0.803207531481,0.595699304492,0.));
#1402 = ADVANCED_FACE('',(#1403),#1421,.F.);
#1403 = FACE_BOUND('',#1404,.F.);
#1404 = EDGE_LOOP('',(#1405,#1413,#1414,#1415));
#1405 = ORIENTED_EDGE('',*,*,#1406,.T.);
#1406 = EDGE_CURVE('',#1407,#1359,#1409,.T.);
#1407 = VERTEX_POINT('',#1408);
#1408 = CARTESIAN_POINT('',(26.292681595533,-12.941333699,6.3));
#1409 = LINE('',#1410,#1411);
#1410 = CARTESIAN_POINT('',(22.734555289369,-22.8856305456,6.3));
#1411 = VECTOR('',#1412,1.);
#1412 = DIRECTION('',(-0.336889853392,-0.941544065183,0.));
#1413 = ORIENTED_EDGE('',*,*,#1368,.T.);
#1414 = ORIENTED_EDGE('',*,*,#318,.T.);
#1415 = ORIENTED_EDGE('',*,*,#1416,.F.);
#1416 = EDGE_CURVE('',#1407,#311,#1417,.T.);
#1417 = LINE('',#1418,#1419);
#1418 = CARTESIAN_POINT('',(26.292681595533,-12.941333699,6.2));
#1419 = VECTOR('',#1420,1.);
#1420 = DIRECTION('',(0.,0.,1.));
#1421 = PLANE('',#1422);
#1422 = AXIS2_PLACEMENT_3D('',#1423,#1424,#1425);
#1423 = CARTESIAN_POINT('',(26.253056477122,-13.05207848605,6.2));
#1424 = DIRECTION('',(-0.941544065183,0.336889853392,0.));
#1425 = DIRECTION('',(0.336889853392,0.941544065183,0.));
#1426 = ADVANCED_FACE('',(#1427),#1445,.F.);
#1427 = FACE_BOUND('',#1428,.F.);
#1428 = EDGE_LOOP('',(#1429,#1437,#1443,#1444));
#1429 = ORIENTED_EDGE('',*,*,#1430,.T.);
#1430 = EDGE_CURVE('',#1383,#1431,#1433,.T.);
#1431 = VERTEX_POINT('',#1432);
#1432 = CARTESIAN_POINT('',(26.552495184515,-12.55249518451,6.3));
#1433 = LINE('',#1434,#1435);
#1434 = CARTESIAN_POINT('',(22.827879704896,-15.92828988015,6.3));
#1435 = VECTOR('',#1436,1.);
#1436 = DIRECTION('',(-0.740951125355,-0.671558954847,0.));
#1437 = ORIENTED_EDGE('',*,*,#1438,.T.);
#1438 = EDGE_CURVE('',#1431,#279,#1439,.T.);
#1439 = LINE('',#1440,#1441);
#1440 = CARTESIAN_POINT('',(26.552495184515,-12.55249518451,6.2));
#1441 = VECTOR('',#1442,1.);
#1442 = DIRECTION('',(0.,0.,1.));
#1443 = ORIENTED_EDGE('',*,*,#278,.T.);
#1444 = ORIENTED_EDGE('',*,*,#1390,.F.);
#1445 = PLANE('',#1446);
#1446 = AXIS2_PLACEMENT_3D('',#1447,#1448,#1449);
#1447 = CARTESIAN_POINT('',(26.552495184515,-12.55249518451,6.2));
#1448 = DIRECTION('',(-0.671558954847,0.740951125355,0.));
#1449 = DIRECTION('',(0.740951125355,0.671558954847,0.));
#1450 = ADVANCED_FACE('',(#1451),#1469,.F.);
#1451 = FACE_BOUND('',#1452,.F.);
#1452 = EDGE_LOOP('',(#1453,#1461,#1462,#1463));
#1453 = ORIENTED_EDGE('',*,*,#1454,.T.);
#1454 = EDGE_CURVE('',#1455,#1407,#1457,.T.);
#1455 = VERTEX_POINT('',#1456);
#1456 = CARTESIAN_POINT('',(26.3429707955,-12.83500611917,6.3));
#1457 = LINE('',#1458,#1459);
#1458 = CARTESIAN_POINT('',(22.220486836079,-21.5512661232,6.3));
#1459 = VECTOR('',#1460,1.);
#1460 = DIRECTION('',(-0.42755509343,-0.903989293123,0.));
#1461 = ORIENTED_EDGE('',*,*,#1416,.T.);
#1462 = ORIENTED_EDGE('',*,*,#310,.T.);
#1463 = ORIENTED_EDGE('',*,*,#1464,.F.);
#1464 = EDGE_CURVE('',#1455,#303,#1465,.T.);
#1465 = LINE('',#1466,#1467);
#1466 = CARTESIAN_POINT('',(26.3429707955,-12.83500611917,6.2));
#1467 = VECTOR('',#1468,1.);
#1468 = DIRECTION('',(0.,0.,1.));
#1469 = PLANE('',#1470);
#1470 = AXIS2_PLACEMENT_3D('',#1471,#1472,#1473);
#1471 = CARTESIAN_POINT('',(26.292681595533,-12.941333699,6.2));
#1472 = DIRECTION('',(-0.903989293123,0.42755509343,0.));
#1473 = DIRECTION('',(0.42755509343,0.903989293123,0.));
#1474 = ADVANCED_FACE('',(#1475),#1493,.F.);
#1475 = FACE_BOUND('',#1476,.F.);
#1476 = EDGE_LOOP('',(#1477,#1485,#1491,#1492));
#1477 = ORIENTED_EDGE('',*,*,#1478,.T.);
#1478 = EDGE_CURVE('',#1431,#1479,#1481,.T.);
#1479 = VERTEX_POINT('',#1480);
#1480 = CARTESIAN_POINT('',(26.473506153419,-12.63964615027,6.3));
#1481 = LINE('',#1482,#1483);
#1482 = CARTESIAN_POINT('',(22.274245229434,-17.27281660363,6.3));
#1483 = VECTOR('',#1484,1.);
#1484 = DIRECTION('',(-0.671558954847,-0.740951125355,0.));
#1485 = ORIENTED_EDGE('',*,*,#1486,.T.);
#1486 = EDGE_CURVE('',#1479,#287,#1487,.T.);
#1487 = LINE('',#1488,#1489);
#1488 = CARTESIAN_POINT('',(26.473506153419,-12.63964615027,6.2));
#1489 = VECTOR('',#1490,1.);
#1490 = DIRECTION('',(0.,0.,1.));
#1491 = ORIENTED_EDGE('',*,*,#286,.T.);
#1492 = ORIENTED_EDGE('',*,*,#1438,.F.);
#1493 = PLANE('',#1494);
#1494 = AXIS2_PLACEMENT_3D('',#1495,#1496,#1497);
#1495 = CARTESIAN_POINT('',(26.473506153419,-12.63964615027,6.2));
#1496 = DIRECTION('',(-0.740951125355,0.671558954847,0.));
#1497 = DIRECTION('',(0.671558954847,0.740951125355,0.));
#1498 = ADVANCED_FACE('',(#1499),#1517,.F.);
#1499 = FACE_BOUND('',#1500,.F.);
#1500 = EDGE_LOOP('',(#1501,#1509,#1510,#1511));
#1501 = ORIENTED_EDGE('',*,*,#1502,.T.);
#1502 = EDGE_CURVE('',#1503,#1455,#1505,.T.);
#1503 = VERTEX_POINT('',#1504);
#1504 = CARTESIAN_POINT('',(26.403439764538,-12.73411973926,6.3));
#1505 = LINE('',#1506,#1507);
#1506 = CARTESIAN_POINT('',(21.966583467063,-20.13656726126,6.3));
#1507 = VECTOR('',#1508,1.);
#1508 = DIRECTION('',(-0.514102744193,-0.85772861,0.));
#1509 = ORIENTED_EDGE('',*,*,#1464,.T.);
#1510 = ORIENTED_EDGE('',*,*,#302,.T.);
#1511 = ORIENTED_EDGE('',*,*,#1512,.F.);
#1512 = EDGE_CURVE('',#1503,#295,#1513,.T.);
#1513 = LINE('',#1514,#1515);
#1514 = CARTESIAN_POINT('',(26.403439764538,-12.73411973926,6.2));
#1515 = VECTOR('',#1516,1.);
#1516 = DIRECTION('',(0.,0.,1.));
#1517 = PLANE('',#1518);
#1518 = AXIS2_PLACEMENT_3D('',#1519,#1520,#1521);
#1519 = CARTESIAN_POINT('',(26.3429707955,-12.83500611917,6.2));
#1520 = DIRECTION('',(-0.85772861,0.514102744193,0.));
#1521 = DIRECTION('',(0.514102744193,0.85772861,0.));
#1522 = ADVANCED_FACE('',(#1523),#1534,.F.);
#1523 = FACE_BOUND('',#1524,.F.);
#1524 = EDGE_LOOP('',(#1525,#1531,#1532,#1533));
#1525 = ORIENTED_EDGE('',*,*,#1526,.T.);
#1526 = EDGE_CURVE('',#1479,#1503,#1527,.T.);
#1527 = LINE('',#1528,#1529);
#1528 = CARTESIAN_POINT('',(21.984124111184,-18.69287710224,6.3));
#1529 = VECTOR('',#1530,1.);
#1530 = DIRECTION('',(-0.595699304492,-0.803207531481,0.));
#1531 = ORIENTED_EDGE('',*,*,#1512,.T.);
#1532 = ORIENTED_EDGE('',*,*,#294,.T.);
#1533 = ORIENTED_EDGE('',*,*,#1486,.F.);
#1534 = PLANE('',#1535);
#1535 = AXIS2_PLACEMENT_3D('',#1536,#1537,#1538);
#1536 = CARTESIAN_POINT('',(26.403439764538,-12.73411973926,6.2));
#1537 = DIRECTION('',(-0.803207531481,0.595699304492,0.));
#1538 = DIRECTION('',(0.595699304492,0.803207531481,0.));
#1539 = ADVANCED_FACE('',(#1540),#1559,.F.);
#1540 = FACE_BOUND('',#1541,.T.);
#1541 = EDGE_LOOP('',(#1542,#1543,#1551,#1558));
#1542 = ORIENTED_EDGE('',*,*,#382,.T.);
#1543 = ORIENTED_EDGE('',*,*,#1544,.T.);
#1544 = EDGE_CURVE('',#383,#1545,#1547,.T.);
#1545 = VERTEX_POINT('',#1546);
#1546 = CARTESIAN_POINT('',(38.4,-59.5,16.6));
#1547 = LINE('',#1548,#1549);
#1548 = CARTESIAN_POINT('',(38.4,-59.5,7.8));
#1549 = VECTOR('',#1550,1.);
#1550 = DIRECTION('',(0.,0.,1.));
#1551 = ORIENTED_EDGE('',*,*,#1552,.F.);
#1552 = EDGE_CURVE('',#1545,#1545,#1553,.T.);
#1553 = CIRCLE('',#1554,1.4);
#1554 = AXIS2_PLACEMENT_3D('',#1555,#1556,#1557);
#1555 = CARTESIAN_POINT('',(37.,-59.5,16.6));
#1556 = DIRECTION('',(0.,0.,-1.));
#1557 = DIRECTION('',(1.,0.,0.));
#1558 = ORIENTED_EDGE('',*,*,#1544,.F.);
#1559 = CYLINDRICAL_SURFACE('',#1560,1.4);
#1560 = AXIS2_PLACEMENT_3D('',#1561,#1562,#1563);
#1561 = CARTESIAN_POINT('',(37.,-59.5,7.8));
#1562 = DIRECTION('',(-0.,-0.,-1.));
#1563 = DIRECTION('',(1.,0.,0.));
#1564 = ADVANCED_FACE('',(#1565),#1590,.T.);
#1565 = FACE_BOUND('',#1566,.T.);
#1566 = EDGE_LOOP('',(#1567,#1575,#1576,#1584));
#1567 = ORIENTED_EDGE('',*,*,#1568,.F.);
#1568 = EDGE_CURVE('',#394,#1569,#1571,.T.);
#1569 = VERTEX_POINT('',#1570);
#1570 = CARTESIAN_POINT('',(44.45,-49.35,16.6));
#1571 = LINE('',#1572,#1573);
#1572 = CARTESIAN_POINT('',(44.45,-49.35,15.1));
#1573 = VECTOR('',#1574,1.);
#1574 = DIRECTION('',(0.,0.,1.));
#1575 = ORIENTED_EDGE('',*,*,#393,.T.);
#1576 = ORIENTED_EDGE('',*,*,#1577,.T.);
#1577 = EDGE_CURVE('',#396,#1578,#1580,.T.);
#1578 = VERTEX_POINT('',#1579);
#1579 = CARTESIAN_POINT('',(29.95,-49.35,16.6));
#1580 = LINE('',#1581,#1582);
#1581 = CARTESIAN_POINT('',(29.95,-49.35,15.1));
#1582 = VECTOR('',#1583,1.);
#1583 = DIRECTION('',(0.,0.,1.));
#1584 = ORIENTED_EDGE('',*,*,#1585,.F.);
#1585 = EDGE_CURVE('',#1569,#1578,#1586,.T.);
#1586 = LINE('',#1587,#1588);
#1587 = CARTESIAN_POINT('',(33.496656284918,-49.35,16.6));
#1588 = VECTOR('',#1589,1.);
#1589 = DIRECTION('',(-1.,0.,0.));
#1590 = PLANE('',#1591);
#1591 = AXIS2_PLACEMENT_3D('',#1592,#1593,#1594);
#1592 = CARTESIAN_POINT('',(29.95,-49.35,15.1));
#1593 = DIRECTION('',(0.,1.,0.));
#1594 = DIRECTION('',(0.,0.,1.));
#1595 = ADVANCED_FACE('',(#1596),#1614,.F.);
#1596 = FACE_BOUND('',#1597,.F.);
#1597 = EDGE_LOOP('',(#1598,#1599,#1600,#1608));
#1598 = ORIENTED_EDGE('',*,*,#1568,.F.);
#1599 = ORIENTED_EDGE('',*,*,#419,.T.);
#1600 = ORIENTED_EDGE('',*,*,#1601,.T.);
#1601 = EDGE_CURVE('',#412,#1602,#1604,.T.);
#1602 = VERTEX_POINT('',#1603);
#1603 = CARTESIAN_POINT('',(44.45,-18.25,16.6));
#1604 = LINE('',#1605,#1606);
#1605 = CARTESIAN_POINT('',(44.45,-18.25,15.1));
#1606 = VECTOR('',#1607,1.);
#1607 = DIRECTION('',(0.,0.,1.));
#1608 = ORIENTED_EDGE('',*,*,#1609,.F.);
#1609 = EDGE_CURVE('',#1569,#1602,#1610,.T.);
#1610 = LINE('',#1611,#1612);
#1611 = CARTESIAN_POINT('',(44.45,-44.22393884022,16.6));
#1612 = VECTOR('',#1613,1.);
#1613 = DIRECTION('',(0.,1.,0.));
#1614 = PLANE('',#1615);
#1615 = AXIS2_PLACEMENT_3D('',#1616,#1617,#1618);
#1616 = CARTESIAN_POINT('',(44.45,-49.35,15.1));
#1617 = DIRECTION('',(1.,0.,0.));
#1618 = DIRECTION('',(0.,0.,1.));
#1619 = ADVANCED_FACE('',(#1620),#1638,.T.);
#1620 = FACE_BOUND('',#1621,.T.);
#1621 = EDGE_LOOP('',(#1622,#1623,#1624,#1632));
#1622 = ORIENTED_EDGE('',*,*,#1577,.F.);
#1623 = ORIENTED_EDGE('',*,*,#403,.T.);
#1624 = ORIENTED_EDGE('',*,*,#1625,.T.);
#1625 = EDGE_CURVE('',#404,#1626,#1628,.T.);
#1626 = VERTEX_POINT('',#1627);
#1627 = CARTESIAN_POINT('',(29.95,-18.25,16.6));
#1628 = LINE('',#1629,#1630);
#1629 = CARTESIAN_POINT('',(29.95,-18.25,15.1));
#1630 = VECTOR('',#1631,1.);
#1631 = DIRECTION('',(0.,0.,1.));
#1632 = ORIENTED_EDGE('',*,*,#1633,.F.);
#1633 = EDGE_CURVE('',#1578,#1626,#1634,.T.);
#1634 = LINE('',#1635,#1636);
#1635 = CARTESIAN_POINT('',(29.95,-44.22393884022,16.6));
#1636 = VECTOR('',#1637,1.);
#1637 = DIRECTION('',(0.,1.,0.));
#1638 = PLANE('',#1639);
#1639 = AXIS2_PLACEMENT_3D('',#1640,#1641,#1642);
#1640 = CARTESIAN_POINT('',(29.95,-49.35,15.1));
#1641 = DIRECTION('',(1.,0.,0.));
#1642 = DIRECTION('',(0.,0.,1.));
#1643 = ADVANCED_FACE('',(#1644),#1655,.F.);
#1644 = FACE_BOUND('',#1645,.F.);
#1645 = EDGE_LOOP('',(#1646,#1647,#1648,#1649));
#1646 = ORIENTED_EDGE('',*,*,#1601,.F.);
#1647 = ORIENTED_EDGE('',*,*,#411,.T.);
#1648 = ORIENTED_EDGE('',*,*,#1625,.T.);
#1649 = ORIENTED_EDGE('',*,*,#1650,.F.);
#1650 = EDGE_CURVE('',#1602,#1626,#1651,.T.);
#1651 = LINE('',#1652,#1653);
#1652 = CARTESIAN_POINT('',(33.496656284918,-18.25,16.6));
#1653 = VECTOR('',#1654,1.);
#1654 = DIRECTION('',(-1.,0.,0.));
#1655 = PLANE('',#1656);
#1656 = AXIS2_PLACEMENT_3D('',#1657,#1658,#1659);
#1657 = CARTESIAN_POINT('',(29.95,-18.25,15.1));
#1658 = DIRECTION('',(0.,1.,0.));
#1659 = DIRECTION('',(0.,0.,1.));
#1660 = ADVANCED_FACE('',(#1661),#1694,.F.);
#1661 = FACE_BOUND('',#1662,.F.);
#1662 = EDGE_LOOP('',(#1663,#1664,#1672,#1680,#1686,#1687,#1688,#1689,
    #1690,#1691,#1692,#1693));
#1663 = ORIENTED_EDGE('',*,*,#872,.F.);
#1664 = ORIENTED_EDGE('',*,*,#1665,.T.);
#1665 = EDGE_CURVE('',#873,#1666,#1668,.T.);
#1666 = VERTEX_POINT('',#1667);
#1667 = CARTESIAN_POINT('',(26.2,-67.,16.6));
#1668 = LINE('',#1669,#1670);
#1669 = CARTESIAN_POINT('',(26.2,-67.,6.3));
#1670 = VECTOR('',#1671,1.);
#1671 = DIRECTION('',(0.,0.,1.));
#1672 = ORIENTED_EDGE('',*,*,#1673,.T.);
#1673 = EDGE_CURVE('',#1666,#1674,#1676,.T.);
#1674 = VERTEX_POINT('',#1675);
#1675 = CARTESIAN_POINT('',(47.8,-67.,16.6));
#1676 = LINE('',#1677,#1678);
#1677 = CARTESIAN_POINT('',(26.2,-67.,16.6));
#1678 = VECTOR('',#1679,1.);
#1679 = DIRECTION('',(1.,0.,0.));
#1680 = ORIENTED_EDGE('',*,*,#1681,.F.);
#1681 = EDGE_CURVE('',#575,#1674,#1682,.T.);
#1682 = LINE('',#1683,#1684);
#1683 = CARTESIAN_POINT('',(47.8,-67.,6.3));
#1684 = VECTOR('',#1685,1.);
#1685 = DIRECTION('',(0.,0.,1.));
#1686 = ORIENTED_EDGE('',*,*,#583,.F.);
#1687 = ORIENTED_EDGE('',*,*,#619,.F.);
#1688 = ORIENTED_EDGE('',*,*,#643,.F.);
#1689 = ORIENTED_EDGE('',*,*,#660,.T.);
#1690 = ORIENTED_EDGE('',*,*,#694,.F.);
#1691 = ORIENTED_EDGE('',*,*,#785,.F.);
#1692 = ORIENTED_EDGE('',*,*,#831,.F.);
#1693 = ORIENTED_EDGE('',*,*,#847,.T.);
#1694 = PLANE('',#1695);
#1695 = AXIS2_PLACEMENT_3D('',#1696,#1697,#1698);
#1696 = CARTESIAN_POINT('',(26.2,-67.,6.3));
#1697 = DIRECTION('',(0.,1.,0.));
#1698 = DIRECTION('',(1.,0.,0.));
#1699 = ADVANCED_FACE('',(#1700),#1719,.T.);
#1700 = FACE_BOUND('',#1701,.F.);
#1701 = EDGE_LOOP('',(#1702,#1703,#1712,#1718));
#1702 = ORIENTED_EDGE('',*,*,#1681,.T.);
#1703 = ORIENTED_EDGE('',*,*,#1704,.T.);
#1704 = EDGE_CURVE('',#1674,#1705,#1707,.T.);
#1705 = VERTEX_POINT('',#1706);
#1706 = CARTESIAN_POINT('',(49.,-65.8,16.6));
#1707 = CIRCLE('',#1708,1.2);
#1708 = AXIS2_PLACEMENT_3D('',#1709,#1710,#1711);
#1709 = CARTESIAN_POINT('',(47.8,-65.8,16.6));
#1710 = DIRECTION('',(-0.,0.,1.));
#1711 = DIRECTION('',(5.92E-15,-1.,0.));
#1712 = ORIENTED_EDGE('',*,*,#1713,.F.);
#1713 = EDGE_CURVE('',#567,#1705,#1714,.T.);
#1714 = LINE('',#1715,#1716);
#1715 = CARTESIAN_POINT('',(49.,-65.8,6.3));
#1716 = VECTOR('',#1717,1.);
#1717 = DIRECTION('',(0.,0.,1.));
#1718 = ORIENTED_EDGE('',*,*,#574,.F.);
#1719 = CYLINDRICAL_SURFACE('',#1720,1.2);
#1720 = AXIS2_PLACEMENT_3D('',#1721,#1722,#1723);
#1721 = CARTESIAN_POINT('',(47.8,-65.8,6.3));
#1722 = DIRECTION('',(0.,0.,-1.));
#1723 = DIRECTION('',(5.92E-15,-1.,0.));
#1724 = ADVANCED_FACE('',(#1725),#1743,.F.);
#1725 = FACE_BOUND('',#1726,.F.);
#1726 = EDGE_LOOP('',(#1727,#1728,#1736,#1742));
#1727 = ORIENTED_EDGE('',*,*,#1713,.T.);
#1728 = ORIENTED_EDGE('',*,*,#1729,.T.);
#1729 = EDGE_CURVE('',#1705,#1730,#1732,.T.);
#1730 = VERTEX_POINT('',#1731);
#1731 = CARTESIAN_POINT('',(49.,-12.2,16.6));
#1732 = LINE('',#1733,#1734);
#1733 = CARTESIAN_POINT('',(49.,-65.8,16.6));
#1734 = VECTOR('',#1735,1.);
#1735 = DIRECTION('',(0.,1.,0.));
#1736 = ORIENTED_EDGE('',*,*,#1737,.F.);
#1737 = EDGE_CURVE('',#558,#1730,#1738,.T.);
#1738 = LINE('',#1739,#1740);
#1739 = CARTESIAN_POINT('',(49.,-12.2,6.3));
#1740 = VECTOR('',#1741,1.);
#1741 = DIRECTION('',(0.,0.,1.));
#1742 = ORIENTED_EDGE('',*,*,#566,.F.);
#1743 = PLANE('',#1744);
#1744 = AXIS2_PLACEMENT_3D('',#1745,#1746,#1747);
#1745 = CARTESIAN_POINT('',(49.,-65.8,6.3));
#1746 = DIRECTION('',(-1.,0.,0.));
#1747 = DIRECTION('',(0.,1.,0.));
#1748 = ADVANCED_FACE('',(#1749),#1768,.T.);
#1749 = FACE_BOUND('',#1750,.F.);
#1750 = EDGE_LOOP('',(#1751,#1752,#1761,#1767));
#1751 = ORIENTED_EDGE('',*,*,#1737,.T.);
#1752 = ORIENTED_EDGE('',*,*,#1753,.T.);
#1753 = EDGE_CURVE('',#1730,#1754,#1756,.T.);
#1754 = VERTEX_POINT('',#1755);
#1755 = CARTESIAN_POINT('',(47.8,-11.,16.6));
#1756 = CIRCLE('',#1757,1.2);
#1757 = AXIS2_PLACEMENT_3D('',#1758,#1759,#1760);
#1758 = CARTESIAN_POINT('',(47.8,-12.2,16.6));
#1759 = DIRECTION('',(0.,-0.,1.));
#1760 = DIRECTION('',(1.,7.4E-15,0.));
#1761 = ORIENTED_EDGE('',*,*,#1762,.F.);
#1762 = EDGE_CURVE('',#550,#1754,#1763,.T.);
#1763 = LINE('',#1764,#1765);
#1764 = CARTESIAN_POINT('',(47.8,-11.,6.3));
#1765 = VECTOR('',#1766,1.);
#1766 = DIRECTION('',(0.,0.,1.));
#1767 = ORIENTED_EDGE('',*,*,#557,.F.);
#1768 = CYLINDRICAL_SURFACE('',#1769,1.2);
#1769 = AXIS2_PLACEMENT_3D('',#1770,#1771,#1772);
#1770 = CARTESIAN_POINT('',(47.8,-12.2,6.3));
#1771 = DIRECTION('',(0.,0.,-1.));
#1772 = DIRECTION('',(1.,7.4E-15,0.));
#1773 = ADVANCED_FACE('',(#1774),#1824,.F.);
#1774 = FACE_BOUND('',#1775,.F.);
#1775 = EDGE_LOOP('',(#1776,#1777,#1778,#1786,#1794,#1802,#1810,#1818));
#1776 = ORIENTED_EDGE('',*,*,#549,.F.);
#1777 = ORIENTED_EDGE('',*,*,#1762,.T.);
#1778 = ORIENTED_EDGE('',*,*,#1779,.T.);
#1779 = EDGE_CURVE('',#1754,#1780,#1782,.T.);
#1780 = VERTEX_POINT('',#1781);
#1781 = CARTESIAN_POINT('',(27.4,-11.,16.6));
#1782 = LINE('',#1783,#1784);
#1783 = CARTESIAN_POINT('',(47.8,-11.,16.6));
#1784 = VECTOR('',#1785,1.);
#1785 = DIRECTION('',(-1.,0.,0.));
#1786 = ORIENTED_EDGE('',*,*,#1787,.F.);
#1787 = EDGE_CURVE('',#1788,#1780,#1790,.T.);
#1788 = VERTEX_POINT('',#1789);
#1789 = CARTESIAN_POINT('',(27.4,-11.,6.3));
#1790 = LINE('',#1791,#1792);
#1791 = CARTESIAN_POINT('',(27.4,-11.,6.3));
#1792 = VECTOR('',#1793,1.);
#1793 = DIRECTION('',(0.,0.,1.));
#1794 = ORIENTED_EDGE('',*,*,#1795,.F.);
#1795 = EDGE_CURVE('',#1796,#1788,#1798,.T.);
#1796 = VERTEX_POINT('',#1797);
#1797 = CARTESIAN_POINT('',(30.7,-11.,6.3));
#1798 = LINE('',#1799,#1800);
#1799 = CARTESIAN_POINT('',(47.8,-11.,6.3));
#1800 = VECTOR('',#1801,1.);
#1801 = DIRECTION('',(-1.,0.,0.));
#1802 = ORIENTED_EDGE('',*,*,#1803,.T.);
#1803 = EDGE_CURVE('',#1796,#1804,#1806,.T.);
#1804 = VERTEX_POINT('',#1805);
#1805 = CARTESIAN_POINT('',(30.7,-11.,11.8));
#1806 = LINE('',#1807,#1808);
#1807 = CARTESIAN_POINT('',(30.7,-11.,6.25));
#1808 = VECTOR('',#1809,1.);
#1809 = DIRECTION('',(0.,0.,1.));
#1810 = ORIENTED_EDGE('',*,*,#1811,.F.);
#1811 = EDGE_CURVE('',#1812,#1804,#1814,.T.);
#1812 = VERTEX_POINT('',#1813);
#1813 = CARTESIAN_POINT('',(43.7,-11.,11.8));
#1814 = LINE('',#1815,#1816);
#1815 = CARTESIAN_POINT('',(39.25,-11.,11.8));
#1816 = VECTOR('',#1817,1.);
#1817 = DIRECTION('',(-1.,0.,0.));
#1818 = ORIENTED_EDGE('',*,*,#1819,.F.);
#1819 = EDGE_CURVE('',#542,#1812,#1820,.T.);
#1820 = LINE('',#1821,#1822);
#1821 = CARTESIAN_POINT('',(43.7,-11.,6.25));
#1822 = VECTOR('',#1823,1.);
#1823 = DIRECTION('',(0.,0.,1.));
#1824 = PLANE('',#1825);
#1825 = AXIS2_PLACEMENT_3D('',#1826,#1827,#1828);
#1826 = CARTESIAN_POINT('',(47.8,-11.,6.3));
#1827 = DIRECTION('',(0.,-1.,0.));
#1828 = DIRECTION('',(-1.,0.,0.));
#1829 = ADVANCED_FACE('',(#1830),#1848,.F.);
#1830 = FACE_BOUND('',#1831,.F.);
#1831 = EDGE_LOOP('',(#1832,#1840,#1846,#1847));
#1832 = ORIENTED_EDGE('',*,*,#1833,.F.);
#1833 = EDGE_CURVE('',#1834,#1812,#1836,.T.);
#1834 = VERTEX_POINT('',#1835);
#1835 = CARTESIAN_POINT('',(43.7,-11.4,11.8));
#1836 = LINE('',#1837,#1838);
#1837 = CARTESIAN_POINT('',(43.7,-20.,11.8));
#1838 = VECTOR('',#1839,1.);
#1839 = DIRECTION('',(0.,1.,0.));
#1840 = ORIENTED_EDGE('',*,*,#1841,.F.);
#1841 = EDGE_CURVE('',#534,#1834,#1842,.T.);
#1842 = LINE('',#1843,#1844);
#1843 = CARTESIAN_POINT('',(43.7,-11.4,6.2));
#1844 = VECTOR('',#1845,1.);
#1845 = DIRECTION('',(0.,0.,1.));
#1846 = ORIENTED_EDGE('',*,*,#541,.T.);
#1847 = ORIENTED_EDGE('',*,*,#1819,.T.);
#1848 = PLANE('',#1849);
#1849 = AXIS2_PLACEMENT_3D('',#1850,#1851,#1852);
#1850 = CARTESIAN_POINT('',(43.7,-20.,6.2));
#1851 = DIRECTION('',(1.,0.,0.));
#1852 = DIRECTION('',(0.,0.,1.));
#1853 = ADVANCED_FACE('',(#1854),#1904,.F.);
#1854 = FACE_BOUND('',#1855,.F.);
#1855 = EDGE_LOOP('',(#1856,#1864,#1865,#1866,#1874,#1882,#1890,#1898));
#1856 = ORIENTED_EDGE('',*,*,#1857,.F.);
#1857 = EDGE_CURVE('',#526,#1858,#1860,.T.);
#1858 = VERTEX_POINT('',#1859);
#1859 = CARTESIAN_POINT('',(47.,-11.4,12.7));
#1860 = LINE('',#1861,#1862);
#1861 = CARTESIAN_POINT('',(47.,-11.4,6.2));
#1862 = VECTOR('',#1863,1.);
#1863 = DIRECTION('',(0.,0.,1.));
#1864 = ORIENTED_EDGE('',*,*,#533,.T.);
#1865 = ORIENTED_EDGE('',*,*,#1841,.T.);
#1866 = ORIENTED_EDGE('',*,*,#1867,.T.);
#1867 = EDGE_CURVE('',#1834,#1868,#1870,.T.);
#1868 = VERTEX_POINT('',#1869);
#1869 = CARTESIAN_POINT('',(30.7,-11.4,11.8));
#1870 = LINE('',#1871,#1872);
#1871 = CARTESIAN_POINT('',(29.05,-11.4,11.8));
#1872 = VECTOR('',#1873,1.);
#1873 = DIRECTION('',(-1.,0.,0.));
#1874 = ORIENTED_EDGE('',*,*,#1875,.F.);
#1875 = EDGE_CURVE('',#1876,#1868,#1878,.T.);
#1876 = VERTEX_POINT('',#1877);
#1877 = CARTESIAN_POINT('',(30.7,-11.4,6.3));
#1878 = LINE('',#1879,#1880);
#1879 = CARTESIAN_POINT('',(30.7,-11.4,6.2));
#1880 = VECTOR('',#1881,1.);
#1881 = DIRECTION('',(0.,0.,1.));
#1882 = ORIENTED_EDGE('',*,*,#1883,.T.);
#1883 = EDGE_CURVE('',#1876,#1884,#1886,.T.);
#1884 = VERTEX_POINT('',#1885);
#1885 = CARTESIAN_POINT('',(27.4,-11.4,6.3));
#1886 = LINE('',#1887,#1888);
#1887 = CARTESIAN_POINT('',(32.221656284918,-11.4,6.3));
#1888 = VECTOR('',#1889,1.);
#1889 = DIRECTION('',(-1.,0.,0.));
#1890 = ORIENTED_EDGE('',*,*,#1891,.T.);
#1891 = EDGE_CURVE('',#1884,#1892,#1894,.T.);
#1892 = VERTEX_POINT('',#1893);
#1893 = CARTESIAN_POINT('',(27.4,-11.4,12.7));
#1894 = LINE('',#1895,#1896);
#1895 = CARTESIAN_POINT('',(27.4,-11.4,6.2));
#1896 = VECTOR('',#1897,1.);
#1897 = DIRECTION('',(0.,0.,1.));
#1898 = ORIENTED_EDGE('',*,*,#1899,.T.);
#1899 = EDGE_CURVE('',#1892,#1858,#1900,.T.);
#1900 = LINE('',#1901,#1902);
#1901 = CARTESIAN_POINT('',(27.4,-11.4,12.7));
#1902 = VECTOR('',#1903,1.);
#1903 = DIRECTION('',(1.,0.,0.));
#1904 = PLANE('',#1905);
#1905 = AXIS2_PLACEMENT_3D('',#1906,#1907,#1908);
#1906 = CARTESIAN_POINT('',(27.4,-11.4,6.2));
#1907 = DIRECTION('',(0.,1.,0.));
#1908 = DIRECTION('',(0.,0.,1.));
#1909 = ADVANCED_FACE('',(#1910),#1921,.F.);
#1910 = FACE_BOUND('',#1911,.F.);
#1911 = EDGE_LOOP('',(#1912,#1918,#1919,#1920));
#1912 = ORIENTED_EDGE('',*,*,#1913,.F.);
#1913 = EDGE_CURVE('',#1039,#1858,#1914,.T.);
#1914 = LINE('',#1915,#1916);
#1915 = CARTESIAN_POINT('',(47.,-48.1,12.7));
#1916 = VECTOR('',#1917,1.);
#1917 = DIRECTION('',(0.,1.,0.));
#1918 = ORIENTED_EDGE('',*,*,#1038,.T.);
#1919 = ORIENTED_EDGE('',*,*,#525,.T.);
#1920 = ORIENTED_EDGE('',*,*,#1857,.T.);
#1921 = PLANE('',#1922);
#1922 = AXIS2_PLACEMENT_3D('',#1923,#1924,#1925);
#1923 = CARTESIAN_POINT('',(47.,-48.1,6.2));
#1924 = DIRECTION('',(1.,0.,0.));
#1925 = DIRECTION('',(0.,0.,1.));
#1926 = ADVANCED_FACE('',(#1927),#1939,.T.);
#1927 = FACE_BOUND('',#1928,.F.);
#1928 = EDGE_LOOP('',(#1929,#1930,#1931,#1938));
#1929 = ORIENTED_EDGE('',*,*,#484,.F.);
#1930 = ORIENTED_EDGE('',*,*,#968,.F.);
#1931 = ORIENTED_EDGE('',*,*,#1932,.T.);
#1932 = EDGE_CURVE('',#961,#953,#1933,.T.);
#1933 = CIRCLE('',#1934,1.85);
#1934 = AXIS2_PLACEMENT_3D('',#1935,#1936,#1937);
#1935 = CARTESIAN_POINT('',(47.,-52.8,11.6));
#1936 = DIRECTION('',(0.,0.,1.));
#1937 = DIRECTION('',(1.,0.,0.));
#1938 = ORIENTED_EDGE('',*,*,#952,.T.);
#1939 = CYLINDRICAL_SURFACE('',#1940,1.85);
#1940 = AXIS2_PLACEMENT_3D('',#1941,#1942,#1943);
#1941 = CARTESIAN_POINT('',(47.,-52.8,6.3));
#1942 = DIRECTION('',(-0.,-0.,-1.));
#1943 = DIRECTION('',(1.,0.,0.));
#1944 = ADVANCED_FACE('',(#1945),#1964,.F.);
#1945 = FACE_BOUND('',#1946,.T.);
#1946 = EDGE_LOOP('',(#1947,#1948,#1956,#1963));
#1947 = ORIENTED_EDGE('',*,*,#591,.T.);
#1948 = ORIENTED_EDGE('',*,*,#1949,.T.);
#1949 = EDGE_CURVE('',#592,#1950,#1952,.T.);
#1950 = VERTEX_POINT('',#1951);
#1951 = CARTESIAN_POINT('',(48.6,-52.8,6.8));
#1952 = LINE('',#1953,#1954);
#1953 = CARTESIAN_POINT('',(48.6,-52.8,6.2));
#1954 = VECTOR('',#1955,1.);
#1955 = DIRECTION('',(0.,0.,1.));
#1956 = ORIENTED_EDGE('',*,*,#1957,.T.);
#1957 = EDGE_CURVE('',#1950,#1950,#1958,.T.);
#1958 = CIRCLE('',#1959,1.6);
#1959 = AXIS2_PLACEMENT_3D('',#1960,#1961,#1962);
#1960 = CARTESIAN_POINT('',(47.,-52.8,6.8));
#1961 = DIRECTION('',(0.,0.,1.));
#1962 = DIRECTION('',(1.,0.,0.));
#1963 = ORIENTED_EDGE('',*,*,#1949,.F.);
#1964 = CYLINDRICAL_SURFACE('',#1965,1.6);
#1965 = AXIS2_PLACEMENT_3D('',#1966,#1967,#1968);
#1966 = CARTESIAN_POINT('',(47.,-52.8,6.2));
#1967 = DIRECTION('',(-0.,-0.,-1.));
#1968 = DIRECTION('',(1.,0.,0.));
#1969 = ADVANCED_FACE('',(#1970),#1989,.F.);
#1970 = FACE_BOUND('',#1971,.T.);
#1971 = EDGE_LOOP('',(#1972,#1973,#1981,#1988));
#1972 = ORIENTED_EDGE('',*,*,#728,.T.);
#1973 = ORIENTED_EDGE('',*,*,#1974,.T.);
#1974 = EDGE_CURVE('',#729,#1975,#1977,.T.);
#1975 = VERTEX_POINT('',#1976);
#1976 = CARTESIAN_POINT('',(38.8,-64.7,6.8));
#1977 = LINE('',#1978,#1979);
#1978 = CARTESIAN_POINT('',(38.8,-64.7,6.2));
#1979 = VECTOR('',#1980,1.);
#1980 = DIRECTION('',(0.,0.,1.));
#1981 = ORIENTED_EDGE('',*,*,#1982,.T.);
#1982 = EDGE_CURVE('',#1975,#1975,#1983,.T.);
#1983 = CIRCLE('',#1984,1.6);
#1984 = AXIS2_PLACEMENT_3D('',#1985,#1986,#1987);
#1985 = CARTESIAN_POINT('',(37.2,-64.7,6.8));
#1986 = DIRECTION('',(0.,0.,1.));
#1987 = DIRECTION('',(1.,0.,0.));
#1988 = ORIENTED_EDGE('',*,*,#1974,.F.);
#1989 = CYLINDRICAL_SURFACE('',#1990,1.6);
#1990 = AXIS2_PLACEMENT_3D('',#1991,#1992,#1993);
#1991 = CARTESIAN_POINT('',(37.2,-64.7,6.2));
#1992 = DIRECTION('',(-0.,-0.,-1.));
#1993 = DIRECTION('',(1.,0.,0.));
#1994 = ADVANCED_FACE('',(#1995),#2013,.T.);
#1995 = FACE_BOUND('',#1996,.T.);
#1996 = EDGE_LOOP('',(#1997,#2005,#2006,#2007));
#1997 = ORIENTED_EDGE('',*,*,#1998,.T.);
#1998 = EDGE_CURVE('',#1999,#1214,#2001,.T.);
#1999 = VERTEX_POINT('',#2000);
#2000 = CARTESIAN_POINT('',(25.,-63.9,9.2));
#2001 = LINE('',#2002,#2003);
#2002 = CARTESIAN_POINT('',(20.,-63.9,9.2));
#2003 = VECTOR('',#2004,1.);
#2004 = DIRECTION('',(1.,0.,0.));
#2005 = ORIENTED_EDGE('',*,*,#1221,.T.);
#2006 = ORIENTED_EDGE('',*,*,#897,.T.);
#2007 = ORIENTED_EDGE('',*,*,#2008,.T.);
#2008 = EDGE_CURVE('',#890,#1999,#2009,.T.);
#2009 = LINE('',#2010,#2011);
#2010 = CARTESIAN_POINT('',(25.,-63.9,5.7));
#2011 = VECTOR('',#2012,1.);
#2012 = DIRECTION('',(0.,0.,1.));
#2013 = PLANE('',#2014);
#2014 = AXIS2_PLACEMENT_3D('',#2015,#2016,#2017);
#2015 = CARTESIAN_POINT('',(20.,-63.9,5.1));
#2016 = DIRECTION('',(0.,1.,0.));
#2017 = DIRECTION('',(0.,0.,1.));
#2018 = ADVANCED_FACE('',(#2019),#2069,.F.);
#2019 = FACE_BOUND('',#2020,.F.);
#2020 = EDGE_LOOP('',(#2021,#2031,#2039,#2047,#2053,#2054,#2055,#2063));
#2021 = ORIENTED_EDGE('',*,*,#2022,.F.);
#2022 = EDGE_CURVE('',#2023,#2025,#2027,.T.);
#2023 = VERTEX_POINT('',#2024);
#2024 = CARTESIAN_POINT('',(25.,-13.4,6.3));
#2025 = VERTEX_POINT('',#2026);
#2026 = CARTESIAN_POINT('',(25.,-55.4,6.3));
#2027 = LINE('',#2028,#2029);
#2028 = CARTESIAN_POINT('',(25.,-13.4,6.3));
#2029 = VECTOR('',#2030,1.);
#2030 = DIRECTION('',(0.,-1.,0.));
#2031 = ORIENTED_EDGE('',*,*,#2032,.T.);
#2032 = EDGE_CURVE('',#2023,#2033,#2035,.T.);
#2033 = VERTEX_POINT('',#2034);
#2034 = CARTESIAN_POINT('',(25.,-13.4,16.6));
#2035 = LINE('',#2036,#2037);
#2036 = CARTESIAN_POINT('',(25.,-13.4,6.3));
#2037 = VECTOR('',#2038,1.);
#2038 = DIRECTION('',(0.,0.,1.));
#2039 = ORIENTED_EDGE('',*,*,#2040,.T.);
#2040 = EDGE_CURVE('',#2033,#2041,#2043,.T.);
#2041 = VERTEX_POINT('',#2042);
#2042 = CARTESIAN_POINT('',(25.,-65.8,16.6));
#2043 = LINE('',#2044,#2045);
#2044 = CARTESIAN_POINT('',(25.,-13.4,16.6));
#2045 = VECTOR('',#2046,1.);
#2046 = DIRECTION('',(0.,-1.,0.));
#2047 = ORIENTED_EDGE('',*,*,#2048,.F.);
#2048 = EDGE_CURVE('',#881,#2041,#2049,.T.);
#2049 = LINE('',#2050,#2051);
#2050 = CARTESIAN_POINT('',(25.,-65.8,6.3));
#2051 = VECTOR('',#2052,1.);
#2052 = DIRECTION('',(0.,0.,1.));
#2053 = ORIENTED_EDGE('',*,*,#889,.F.);
#2054 = ORIENTED_EDGE('',*,*,#2008,.T.);
#2055 = ORIENTED_EDGE('',*,*,#2056,.F.);
#2056 = EDGE_CURVE('',#2057,#1999,#2059,.T.);
#2057 = VERTEX_POINT('',#2058);
#2058 = CARTESIAN_POINT('',(25.,-55.4,9.2));
#2059 = LINE('',#2060,#2061);
#2060 = CARTESIAN_POINT('',(25.,-38.65,9.2));
#2061 = VECTOR('',#2062,1.);
#2062 = DIRECTION('',(0.,-1.,0.));
#2063 = ORIENTED_EDGE('',*,*,#2064,.F.);
#2064 = EDGE_CURVE('',#2025,#2057,#2065,.T.);
#2065 = LINE('',#2066,#2067);
#2066 = CARTESIAN_POINT('',(25.,-55.4,5.7));
#2067 = VECTOR('',#2068,1.);
#2068 = DIRECTION('',(0.,0.,1.));
#2069 = PLANE('',#2070);
#2070 = AXIS2_PLACEMENT_3D('',#2071,#2072,#2073);
#2071 = CARTESIAN_POINT('',(25.,-13.4,6.3));
#2072 = DIRECTION('',(1.,0.,0.));
#2073 = DIRECTION('',(0.,-1.,0.));
#2074 = ADVANCED_FACE('',(#2075),#2087,.T.);
#2075 = FACE_BOUND('',#2076,.F.);
#2076 = EDGE_LOOP('',(#2077,#2078,#2085,#2086));
#2077 = ORIENTED_EDGE('',*,*,#2048,.T.);
#2078 = ORIENTED_EDGE('',*,*,#2079,.T.);
#2079 = EDGE_CURVE('',#2041,#1666,#2080,.T.);
#2080 = CIRCLE('',#2081,1.2);
#2081 = AXIS2_PLACEMENT_3D('',#2082,#2083,#2084);
#2082 = CARTESIAN_POINT('',(26.2,-65.8,16.6));
#2083 = DIRECTION('',(0.,0.,1.));
#2084 = DIRECTION('',(-1.,3.553E-14,0.));
#2085 = ORIENTED_EDGE('',*,*,#1665,.F.);
#2086 = ORIENTED_EDGE('',*,*,#880,.F.);
#2087 = CYLINDRICAL_SURFACE('',#2088,1.2);
#2088 = AXIS2_PLACEMENT_3D('',#2089,#2090,#2091);
#2089 = CARTESIAN_POINT('',(26.2,-65.8,6.3));
#2090 = DIRECTION('',(-0.,-0.,-1.));
#2091 = DIRECTION('',(-1.,3.553E-14,0.));
#2092 = ADVANCED_FACE('',(#2093),#2097,.T.);
#2093 = FACE_BOUND('',#2094,.T.);
#2094 = EDGE_LOOP('',(#2095,#2096));
#2095 = ORIENTED_EDGE('',*,*,#960,.F.);
#2096 = ORIENTED_EDGE('',*,*,#1932,.T.);
#2097 = PLANE('',#2098);
#2098 = AXIS2_PLACEMENT_3D('',#2099,#2100,#2101);
#2099 = CARTESIAN_POINT('',(47.,-52.8,11.6));
#2100 = DIRECTION('',(0.,0.,1.));
#2101 = DIRECTION('',(1.,0.,0.));
#2102 = ADVANCED_FACE('',(#2103),#2115,.F.);
#2103 = FACE_BOUND('',#2104,.F.);
#2104 = EDGE_LOOP('',(#2105,#2111,#2112,#2113,#2114));
#2105 = ORIENTED_EDGE('',*,*,#2106,.F.);
#2106 = EDGE_CURVE('',#1070,#1892,#2107,.T.);
#2107 = LINE('',#2108,#2109);
#2108 = CARTESIAN_POINT('',(27.4,-48.1,12.7));
#2109 = VECTOR('',#2110,1.);
#2110 = DIRECTION('',(0.,1.,0.));
#2111 = ORIENTED_EDGE('',*,*,#1095,.T.);
#2112 = ORIENTED_EDGE('',*,*,#1046,.T.);
#2113 = ORIENTED_EDGE('',*,*,#1913,.T.);
#2114 = ORIENTED_EDGE('',*,*,#1899,.F.);
#2115 = PLANE('',#2116);
#2116 = AXIS2_PLACEMENT_3D('',#2117,#2118,#2119);
#2117 = CARTESIAN_POINT('',(27.4,-48.1,12.7));
#2118 = DIRECTION('',(0.,0.,1.));
#2119 = DIRECTION('',(1.,0.,0.));
#2120 = ADVANCED_FACE('',(#2121),#2132,.T.);
#2121 = FACE_BOUND('',#2122,.T.);
#2122 = EDGE_LOOP('',(#2123,#2124,#2125,#2131));
#2123 = ORIENTED_EDGE('',*,*,#2106,.F.);
#2124 = ORIENTED_EDGE('',*,*,#1069,.T.);
#2125 = ORIENTED_EDGE('',*,*,#2126,.T.);
#2126 = EDGE_CURVE('',#1072,#1884,#2127,.T.);
#2127 = LINE('',#2128,#2129);
#2128 = CARTESIAN_POINT('',(27.4,-43.59893884022,6.3));
#2129 = VECTOR('',#2130,1.);
#2130 = DIRECTION('',(0.,1.,0.));
#2131 = ORIENTED_EDGE('',*,*,#1891,.T.);
#2132 = PLANE('',#2133);
#2133 = AXIS2_PLACEMENT_3D('',#2134,#2135,#2136);
#2134 = CARTESIAN_POINT('',(27.4,-48.1,6.2));
#2135 = DIRECTION('',(1.,0.,0.));
#2136 = DIRECTION('',(0.,0.,1.));
#2137 = ADVANCED_FACE('',(#2138,#2197),#2208,.T.);
#2138 = FACE_BOUND('',#2139,.T.);
#2139 = EDGE_LOOP('',(#2140,#2149,#2150,#2156,#2157,#2164,#2165,#2171,
    #2172,#2173,#2174,#2175,#2176,#2177,#2178,#2179,#2180,#2181,#2182,
    #2183,#2184,#2185,#2186,#2187,#2188,#2189,#2190));
#2140 = ORIENTED_EDGE('',*,*,#2141,.F.);
#2141 = EDGE_CURVE('',#1190,#2142,#2144,.T.);
#2142 = VERTEX_POINT('',#2143);
#2143 = CARTESIAN_POINT('',(28.85,-52.8,6.3));
#2144 = CIRCLE('',#2145,1.85);
#2145 = AXIS2_PLACEMENT_3D('',#2146,#2147,#2148);
#2146 = CARTESIAN_POINT('',(27.,-52.8,6.3));
#2147 = DIRECTION('',(0.,0.,1.));
#2148 = DIRECTION('',(1.,0.,0.));
#2149 = ORIENTED_EDGE('',*,*,#1197,.T.);
#2150 = ORIENTED_EDGE('',*,*,#2151,.T.);
#2151 = EDGE_CURVE('',#1198,#2025,#2152,.T.);
#2152 = LINE('',#2153,#2154);
#2153 = CARTESIAN_POINT('',(28.521656284918,-55.4,6.3));
#2154 = VECTOR('',#2155,1.);
#2155 = DIRECTION('',(-1.,0.,0.));
#2156 = ORIENTED_EDGE('',*,*,#2022,.F.);
#2157 = ORIENTED_EDGE('',*,*,#2158,.F.);
#2158 = EDGE_CURVE('',#1788,#2023,#2159,.T.);
#2159 = CIRCLE('',#2160,2.4);
#2160 = AXIS2_PLACEMENT_3D('',#2161,#2162,#2163);
#2161 = CARTESIAN_POINT('',(27.4,-13.4,6.3));
#2162 = DIRECTION('',(0.,0.,1.));
#2163 = DIRECTION('',(-5.92E-15,1.,0.));
#2164 = ORIENTED_EDGE('',*,*,#1795,.F.);
#2165 = ORIENTED_EDGE('',*,*,#2166,.F.);
#2166 = EDGE_CURVE('',#1876,#1796,#2167,.T.);
#2167 = LINE('',#2168,#2169);
#2168 = CARTESIAN_POINT('',(30.7,-29.54893884022,6.3));
#2169 = VECTOR('',#2170,1.);
#2170 = DIRECTION('',(0.,1.,0.));
#2171 = ORIENTED_EDGE('',*,*,#1883,.T.);
#2172 = ORIENTED_EDGE('',*,*,#2126,.F.);
#2173 = ORIENTED_EDGE('',*,*,#1079,.T.);
#2174 = ORIENTED_EDGE('',*,*,#1109,.T.);
#2175 = ORIENTED_EDGE('',*,*,#1133,.T.);
#2176 = ORIENTED_EDGE('',*,*,#1238,.T.);
#2177 = ORIENTED_EDGE('',*,*,#1286,.T.);
#2178 = ORIENTED_EDGE('',*,*,#1334,.T.);
#2179 = ORIENTED_EDGE('',*,*,#1382,.T.);
#2180 = ORIENTED_EDGE('',*,*,#1430,.T.);
#2181 = ORIENTED_EDGE('',*,*,#1478,.T.);
#2182 = ORIENTED_EDGE('',*,*,#1526,.T.);
#2183 = ORIENTED_EDGE('',*,*,#1502,.T.);
#2184 = ORIENTED_EDGE('',*,*,#1454,.T.);
#2185 = ORIENTED_EDGE('',*,*,#1406,.T.);
#2186 = ORIENTED_EDGE('',*,*,#1358,.T.);
#2187 = ORIENTED_EDGE('',*,*,#1310,.T.);
#2188 = ORIENTED_EDGE('',*,*,#1262,.T.);
#2189 = ORIENTED_EDGE('',*,*,#1165,.T.);
#2190 = ORIENTED_EDGE('',*,*,#2191,.F.);
#2191 = EDGE_CURVE('',#2142,#1166,#2192,.T.);
#2192 = CIRCLE('',#2193,1.85);
#2193 = AXIS2_PLACEMENT_3D('',#2194,#2195,#2196);
#2194 = CARTESIAN_POINT('',(27.,-52.8,6.3));
#2195 = DIRECTION('',(0.,0.,1.));
#2196 = DIRECTION('',(1.,0.,0.));
#2197 = FACE_BOUND('',#2198,.T.);
#2198 = EDGE_LOOP('',(#2199));
#2199 = ORIENTED_EDGE('',*,*,#2200,.F.);
#2200 = EDGE_CURVE('',#2201,#2201,#2203,.T.);
#2201 = VERTEX_POINT('',#2202);
#2202 = CARTESIAN_POINT('',(28.6,-52.8,6.3));
#2203 = CIRCLE('',#2204,1.6);
#2204 = AXIS2_PLACEMENT_3D('',#2205,#2206,#2207);
#2205 = CARTESIAN_POINT('',(27.,-52.8,6.3));
#2206 = DIRECTION('',(0.,0.,-1.));
#2207 = DIRECTION('',(1.,0.,0.));
#2208 = PLANE('',#2209);
#2209 = AXIS2_PLACEMENT_3D('',#2210,#2211,#2212);
#2210 = CARTESIAN_POINT('',(26.023308360703,-32.38563708432,6.3));
#2211 = DIRECTION('',(-0.,-0.,-1.));
#2212 = DIRECTION('',(-1.,0.,0.));
#2213 = ADVANCED_FACE('',(#2214),#2225,.F.);
#2214 = FACE_BOUND('',#2215,.F.);
#2215 = EDGE_LOOP('',(#2216,#2222,#2223,#2224));
#2216 = ORIENTED_EDGE('',*,*,#2217,.F.);
#2217 = EDGE_CURVE('',#2057,#1206,#2218,.T.);
#2218 = LINE('',#2219,#2220);
#2219 = CARTESIAN_POINT('',(20.,-55.4,9.2));
#2220 = VECTOR('',#2221,1.);
#2221 = DIRECTION('',(1.,0.,0.));
#2222 = ORIENTED_EDGE('',*,*,#2056,.T.);
#2223 = ORIENTED_EDGE('',*,*,#1998,.T.);
#2224 = ORIENTED_EDGE('',*,*,#1213,.T.);
#2225 = PLANE('',#2226);
#2226 = AXIS2_PLACEMENT_3D('',#2227,#2228,#2229);
#2227 = CARTESIAN_POINT('',(20.,-63.9,9.2));
#2228 = DIRECTION('',(0.,0.,1.));
#2229 = DIRECTION('',(1.,0.,0.));
#2230 = ADVANCED_FACE('',(#2231),#2237,.F.);
#2231 = FACE_BOUND('',#2232,.F.);
#2232 = EDGE_LOOP('',(#2233,#2234,#2235,#2236));
#2233 = ORIENTED_EDGE('',*,*,#2217,.T.);
#2234 = ORIENTED_EDGE('',*,*,#1205,.T.);
#2235 = ORIENTED_EDGE('',*,*,#2151,.T.);
#2236 = ORIENTED_EDGE('',*,*,#2064,.T.);
#2237 = PLANE('',#2238);
#2238 = AXIS2_PLACEMENT_3D('',#2239,#2240,#2241);
#2239 = CARTESIAN_POINT('',(20.,-55.4,5.1));
#2240 = DIRECTION('',(0.,1.,0.));
#2241 = DIRECTION('',(0.,0.,1.));
#2242 = ADVANCED_FACE('',(#2243),#2265,.T.);
#2243 = FACE_BOUND('',#2244,.F.);
#2244 = EDGE_LOOP('',(#2245,#2246,#2255,#2262,#2263,#2264));
#2245 = ORIENTED_EDGE('',*,*,#1189,.F.);
#2246 = ORIENTED_EDGE('',*,*,#2247,.T.);
#2247 = EDGE_CURVE('',#1182,#2248,#2250,.T.);
#2248 = VERTEX_POINT('',#2249);
#2249 = CARTESIAN_POINT('',(28.85,-52.8,11.6));
#2250 = CIRCLE('',#2251,1.85);
#2251 = AXIS2_PLACEMENT_3D('',#2252,#2253,#2254);
#2252 = CARTESIAN_POINT('',(27.,-52.8,11.6));
#2253 = DIRECTION('',(0.,0.,1.));
#2254 = DIRECTION('',(1.,0.,0.));
#2255 = ORIENTED_EDGE('',*,*,#2256,.T.);
#2256 = EDGE_CURVE('',#2248,#1174,#2257,.T.);
#2257 = CIRCLE('',#2258,1.85);
#2258 = AXIS2_PLACEMENT_3D('',#2259,#2260,#2261);
#2259 = CARTESIAN_POINT('',(27.,-52.8,11.6));
#2260 = DIRECTION('',(0.,0.,1.));
#2261 = DIRECTION('',(1.,0.,0.));
#2262 = ORIENTED_EDGE('',*,*,#1173,.T.);
#2263 = ORIENTED_EDGE('',*,*,#2191,.F.);
#2264 = ORIENTED_EDGE('',*,*,#2141,.F.);
#2265 = CYLINDRICAL_SURFACE('',#2266,1.85);
#2266 = AXIS2_PLACEMENT_3D('',#2267,#2268,#2269);
#2267 = CARTESIAN_POINT('',(27.,-52.8,6.3));
#2268 = DIRECTION('',(-0.,-0.,-1.));
#2269 = DIRECTION('',(1.,0.,0.));
#2270 = ADVANCED_FACE('',(#2271),#2276,.T.);
#2271 = FACE_BOUND('',#2272,.T.);
#2272 = EDGE_LOOP('',(#2273,#2274,#2275));
#2273 = ORIENTED_EDGE('',*,*,#2247,.T.);
#2274 = ORIENTED_EDGE('',*,*,#2256,.T.);
#2275 = ORIENTED_EDGE('',*,*,#1181,.F.);
#2276 = PLANE('',#2277);
#2277 = AXIS2_PLACEMENT_3D('',#2278,#2279,#2280);
#2278 = CARTESIAN_POINT('',(27.,-52.8,11.6));
#2279 = DIRECTION('',(0.,0.,1.));
#2280 = DIRECTION('',(1.,0.,0.));
#2281 = ADVANCED_FACE('',(#2282,#2298,#2332,#2366,#2400,#2434,#2468,
    #2471,#2505,#2539,#2573,#2767,#2773,#2967),#3017,.T.);
#2282 = FACE_BOUND('',#2283,.T.);
#2283 = EDGE_LOOP('',(#2284,#2285,#2286,#2293,#2294,#2295,#2296,#2297));
#2284 = ORIENTED_EDGE('',*,*,#1753,.T.);
#2285 = ORIENTED_EDGE('',*,*,#1779,.T.);
#2286 = ORIENTED_EDGE('',*,*,#2287,.T.);
#2287 = EDGE_CURVE('',#1780,#2033,#2288,.T.);
#2288 = CIRCLE('',#2289,2.4);
#2289 = AXIS2_PLACEMENT_3D('',#2290,#2291,#2292);
#2290 = CARTESIAN_POINT('',(27.4,-13.4,16.6));
#2291 = DIRECTION('',(0.,0.,1.));
#2292 = DIRECTION('',(-5.92E-15,1.,0.));
#2293 = ORIENTED_EDGE('',*,*,#2040,.T.);
#2294 = ORIENTED_EDGE('',*,*,#2079,.T.);
#2295 = ORIENTED_EDGE('',*,*,#1673,.T.);
#2296 = ORIENTED_EDGE('',*,*,#1704,.T.);
#2297 = ORIENTED_EDGE('',*,*,#1729,.T.);
#2298 = FACE_BOUND('',#2299,.T.);
#2299 = EDGE_LOOP('',(#2300,#2310,#2318,#2326));
#2300 = ORIENTED_EDGE('',*,*,#2301,.T.);
#2301 = EDGE_CURVE('',#2302,#2304,#2306,.T.);
#2302 = VERTEX_POINT('',#2303);
#2303 = CARTESIAN_POINT('',(31.2,-65.8,16.6));
#2304 = VERTEX_POINT('',#2305);
#2305 = CARTESIAN_POINT('',(29.8,-65.8,16.6));
#2306 = LINE('',#2307,#2308);
#2307 = CARTESIAN_POINT('',(33.421656284918,-65.8,16.6));
#2308 = VECTOR('',#2309,1.);
#2309 = DIRECTION('',(-1.,0.,0.));
#2310 = ORIENTED_EDGE('',*,*,#2311,.T.);
#2311 = EDGE_CURVE('',#2304,#2312,#2314,.T.);
#2312 = VERTEX_POINT('',#2313);
#2313 = CARTESIAN_POINT('',(29.8,-62.3,16.6));
#2314 = LINE('',#2315,#2316);
#2315 = CARTESIAN_POINT('',(29.8,-52.44893884022,16.6));
#2316 = VECTOR('',#2317,1.);
#2317 = DIRECTION('',(0.,1.,0.));
#2318 = ORIENTED_EDGE('',*,*,#2319,.F.);
#2319 = EDGE_CURVE('',#2320,#2312,#2322,.T.);
#2320 = VERTEX_POINT('',#2321);
#2321 = CARTESIAN_POINT('',(31.2,-62.3,16.6));
#2322 = LINE('',#2323,#2324);
#2323 = CARTESIAN_POINT('',(33.421656284918,-62.3,16.6));
#2324 = VECTOR('',#2325,1.);
#2325 = DIRECTION('',(-1.,0.,0.));
#2326 = ORIENTED_EDGE('',*,*,#2327,.F.);
#2327 = EDGE_CURVE('',#2302,#2320,#2328,.T.);
#2328 = LINE('',#2329,#2330);
#2329 = CARTESIAN_POINT('',(31.2,-52.44893884022,16.6));
#2330 = VECTOR('',#2331,1.);
#2331 = DIRECTION('',(0.,1.,0.));
#2332 = FACE_BOUND('',#2333,.T.);
#2333 = EDGE_LOOP('',(#2334,#2344,#2352,#2360));
#2334 = ORIENTED_EDGE('',*,*,#2335,.T.);
#2335 = EDGE_CURVE('',#2336,#2338,#2340,.T.);
#2336 = VERTEX_POINT('',#2337);
#2337 = CARTESIAN_POINT('',(33.5,-65.8,16.6));
#2338 = VERTEX_POINT('',#2339);
#2339 = CARTESIAN_POINT('',(32.1,-65.8,16.6));
#2340 = LINE('',#2341,#2342);
#2341 = CARTESIAN_POINT('',(34.571656284918,-65.8,16.6));
#2342 = VECTOR('',#2343,1.);
#2343 = DIRECTION('',(-1.,0.,0.));
#2344 = ORIENTED_EDGE('',*,*,#2345,.T.);
#2345 = EDGE_CURVE('',#2338,#2346,#2348,.T.);
#2346 = VERTEX_POINT('',#2347);
#2347 = CARTESIAN_POINT('',(32.1,-62.3,16.6));
#2348 = LINE('',#2349,#2350);
#2349 = CARTESIAN_POINT('',(32.1,-52.44893884022,16.6));
#2350 = VECTOR('',#2351,1.);
#2351 = DIRECTION('',(0.,1.,0.));
#2352 = ORIENTED_EDGE('',*,*,#2353,.F.);
#2353 = EDGE_CURVE('',#2354,#2346,#2356,.T.);
#2354 = VERTEX_POINT('',#2355);
#2355 = CARTESIAN_POINT('',(33.5,-62.3,16.6));
#2356 = LINE('',#2357,#2358);
#2357 = CARTESIAN_POINT('',(34.571656284918,-62.3,16.6));
#2358 = VECTOR('',#2359,1.);
#2359 = DIRECTION('',(-1.,0.,0.));
#2360 = ORIENTED_EDGE('',*,*,#2361,.F.);
#2361 = EDGE_CURVE('',#2336,#2354,#2362,.T.);
#2362 = LINE('',#2363,#2364);
#2363 = CARTESIAN_POINT('',(33.5,-52.44893884022,16.6));
#2364 = VECTOR('',#2365,1.);
#2365 = DIRECTION('',(0.,1.,0.));
#2366 = FACE_BOUND('',#2367,.T.);
#2367 = EDGE_LOOP('',(#2368,#2378,#2386,#2394));
#2368 = ORIENTED_EDGE('',*,*,#2369,.T.);
#2369 = EDGE_CURVE('',#2370,#2372,#2374,.T.);
#2370 = VERTEX_POINT('',#2371);
#2371 = CARTESIAN_POINT('',(35.8,-65.8,16.6));
#2372 = VERTEX_POINT('',#2373);
#2373 = CARTESIAN_POINT('',(34.4,-65.8,16.6));
#2374 = LINE('',#2375,#2376);
#2375 = CARTESIAN_POINT('',(35.721656284918,-65.8,16.6));
#2376 = VECTOR('',#2377,1.);
#2377 = DIRECTION('',(-1.,0.,0.));
#2378 = ORIENTED_EDGE('',*,*,#2379,.T.);
#2379 = EDGE_CURVE('',#2372,#2380,#2382,.T.);
#2380 = VERTEX_POINT('',#2381);
#2381 = CARTESIAN_POINT('',(34.4,-62.3,16.6));
#2382 = LINE('',#2383,#2384);
#2383 = CARTESIAN_POINT('',(34.4,-52.44893884022,16.6));
#2384 = VECTOR('',#2385,1.);
#2385 = DIRECTION('',(0.,1.,0.));
#2386 = ORIENTED_EDGE('',*,*,#2387,.F.);
#2387 = EDGE_CURVE('',#2388,#2380,#2390,.T.);
#2388 = VERTEX_POINT('',#2389);
#2389 = CARTESIAN_POINT('',(35.8,-62.3,16.6));
#2390 = LINE('',#2391,#2392);
#2391 = CARTESIAN_POINT('',(35.721656284918,-62.3,16.6));
#2392 = VECTOR('',#2393,1.);
#2393 = DIRECTION('',(-1.,0.,0.));
#2394 = ORIENTED_EDGE('',*,*,#2395,.F.);
#2395 = EDGE_CURVE('',#2370,#2388,#2396,.T.);
#2396 = LINE('',#2397,#2398);
#2397 = CARTESIAN_POINT('',(35.8,-52.44893884022,16.6));
#2398 = VECTOR('',#2399,1.);
#2399 = DIRECTION('',(0.,1.,0.));
#2400 = FACE_BOUND('',#2401,.T.);
#2401 = EDGE_LOOP('',(#2402,#2412,#2420,#2428));
#2402 = ORIENTED_EDGE('',*,*,#2403,.T.);
#2403 = EDGE_CURVE('',#2404,#2406,#2408,.T.);
#2404 = VERTEX_POINT('',#2405);
#2405 = CARTESIAN_POINT('',(38.1,-65.8,16.6));
#2406 = VERTEX_POINT('',#2407);
#2407 = CARTESIAN_POINT('',(36.7,-65.8,16.6));
#2408 = LINE('',#2409,#2410);
#2409 = CARTESIAN_POINT('',(36.871656284918,-65.8,16.6));
#2410 = VECTOR('',#2411,1.);
#2411 = DIRECTION('',(-1.,0.,0.));
#2412 = ORIENTED_EDGE('',*,*,#2413,.T.);
#2413 = EDGE_CURVE('',#2406,#2414,#2416,.T.);
#2414 = VERTEX_POINT('',#2415);
#2415 = CARTESIAN_POINT('',(36.7,-62.3,16.6));
#2416 = LINE('',#2417,#2418);
#2417 = CARTESIAN_POINT('',(36.7,-52.44893884022,16.6));
#2418 = VECTOR('',#2419,1.);
#2419 = DIRECTION('',(0.,1.,0.));
#2420 = ORIENTED_EDGE('',*,*,#2421,.F.);
#2421 = EDGE_CURVE('',#2422,#2414,#2424,.T.);
#2422 = VERTEX_POINT('',#2423);
#2423 = CARTESIAN_POINT('',(38.1,-62.3,16.6));
#2424 = LINE('',#2425,#2426);
#2425 = CARTESIAN_POINT('',(36.871656284918,-62.3,16.6));
#2426 = VECTOR('',#2427,1.);
#2427 = DIRECTION('',(-1.,0.,0.));
#2428 = ORIENTED_EDGE('',*,*,#2429,.F.);
#2429 = EDGE_CURVE('',#2404,#2422,#2430,.T.);
#2430 = LINE('',#2431,#2432);
#2431 = CARTESIAN_POINT('',(38.1,-52.44893884022,16.6));
#2432 = VECTOR('',#2433,1.);
#2433 = DIRECTION('',(0.,1.,0.));
#2434 = FACE_BOUND('',#2435,.T.);
#2435 = EDGE_LOOP('',(#2436,#2446,#2454,#2462));
#2436 = ORIENTED_EDGE('',*,*,#2437,.T.);
#2437 = EDGE_CURVE('',#2438,#2440,#2442,.T.);
#2438 = VERTEX_POINT('',#2439);
#2439 = CARTESIAN_POINT('',(40.4,-65.8,16.6));
#2440 = VERTEX_POINT('',#2441);
#2441 = CARTESIAN_POINT('',(39.,-65.8,16.6));
#2442 = LINE('',#2443,#2444);
#2443 = CARTESIAN_POINT('',(38.021656284918,-65.8,16.6));
#2444 = VECTOR('',#2445,1.);
#2445 = DIRECTION('',(-1.,0.,0.));
#2446 = ORIENTED_EDGE('',*,*,#2447,.T.);
#2447 = EDGE_CURVE('',#2440,#2448,#2450,.T.);
#2448 = VERTEX_POINT('',#2449);
#2449 = CARTESIAN_POINT('',(39.,-62.3,16.6));
#2450 = LINE('',#2451,#2452);
#2451 = CARTESIAN_POINT('',(39.,-52.44893884022,16.6));
#2452 = VECTOR('',#2453,1.);
#2453 = DIRECTION('',(0.,1.,0.));
#2454 = ORIENTED_EDGE('',*,*,#2455,.F.);
#2455 = EDGE_CURVE('',#2456,#2448,#2458,.T.);
#2456 = VERTEX_POINT('',#2457);
#2457 = CARTESIAN_POINT('',(40.4,-62.3,16.6));
#2458 = LINE('',#2459,#2460);
#2459 = CARTESIAN_POINT('',(38.021656284918,-62.3,16.6));
#2460 = VECTOR('',#2461,1.);
#2461 = DIRECTION('',(-1.,0.,0.));
#2462 = ORIENTED_EDGE('',*,*,#2463,.F.);
#2463 = EDGE_CURVE('',#2438,#2456,#2464,.T.);
#2464 = LINE('',#2465,#2466);
#2465 = CARTESIAN_POINT('',(40.4,-52.44893884022,16.6));
#2466 = VECTOR('',#2467,1.);
#2467 = DIRECTION('',(0.,1.,0.));
#2468 = FACE_BOUND('',#2469,.T.);
#2469 = EDGE_LOOP('',(#2470));
#2470 = ORIENTED_EDGE('',*,*,#1552,.T.);
#2471 = FACE_BOUND('',#2472,.T.);
#2472 = EDGE_LOOP('',(#2473,#2483,#2491,#2499));
#2473 = ORIENTED_EDGE('',*,*,#2474,.T.);
#2474 = EDGE_CURVE('',#2475,#2477,#2479,.T.);
#2475 = VERTEX_POINT('',#2476);
#2476 = CARTESIAN_POINT('',(42.7,-65.8,16.6));
#2477 = VERTEX_POINT('',#2478);
#2478 = CARTESIAN_POINT('',(41.3,-65.8,16.6));
#2479 = LINE('',#2480,#2481);
#2480 = CARTESIAN_POINT('',(39.171656284918,-65.8,16.6));
#2481 = VECTOR('',#2482,1.);
#2482 = DIRECTION('',(-1.,0.,0.));
#2483 = ORIENTED_EDGE('',*,*,#2484,.T.);
#2484 = EDGE_CURVE('',#2477,#2485,#2487,.T.);
#2485 = VERTEX_POINT('',#2486);
#2486 = CARTESIAN_POINT('',(41.3,-62.3,16.6));
#2487 = LINE('',#2488,#2489);
#2488 = CARTESIAN_POINT('',(41.3,-52.44893884022,16.6));
#2489 = VECTOR('',#2490,1.);
#2490 = DIRECTION('',(0.,1.,0.));
#2491 = ORIENTED_EDGE('',*,*,#2492,.F.);
#2492 = EDGE_CURVE('',#2493,#2485,#2495,.T.);
#2493 = VERTEX_POINT('',#2494);
#2494 = CARTESIAN_POINT('',(42.7,-62.3,16.6));
#2495 = LINE('',#2496,#2497);
#2496 = CARTESIAN_POINT('',(39.171656284918,-62.3,16.6));
#2497 = VECTOR('',#2498,1.);
#2498 = DIRECTION('',(-1.,0.,0.));
#2499 = ORIENTED_EDGE('',*,*,#2500,.F.);
#2500 = EDGE_CURVE('',#2475,#2493,#2501,.T.);
#2501 = LINE('',#2502,#2503);
#2502 = CARTESIAN_POINT('',(42.7,-52.44893884022,16.6));
#2503 = VECTOR('',#2504,1.);
#2504 = DIRECTION('',(0.,1.,0.));
#2505 = FACE_BOUND('',#2506,.T.);
#2506 = EDGE_LOOP('',(#2507,#2517,#2525,#2533));
#2507 = ORIENTED_EDGE('',*,*,#2508,.T.);
#2508 = EDGE_CURVE('',#2509,#2511,#2513,.T.);
#2509 = VERTEX_POINT('',#2510);
#2510 = CARTESIAN_POINT('',(44.4,-56.8,16.6));
#2511 = VERTEX_POINT('',#2512);
#2512 = CARTESIAN_POINT('',(30.,-56.8,16.6));
#2513 = LINE('',#2514,#2515);
#2514 = CARTESIAN_POINT('',(33.521656284918,-56.8,16.6));
#2515 = VECTOR('',#2516,1.);
#2516 = DIRECTION('',(-1.,0.,0.));
#2517 = ORIENTED_EDGE('',*,*,#2518,.T.);
#2518 = EDGE_CURVE('',#2511,#2519,#2521,.T.);
#2519 = VERTEX_POINT('',#2520);
#2520 = CARTESIAN_POINT('',(30.,-51.,16.6));
#2521 = LINE('',#2522,#2523);
#2522 = CARTESIAN_POINT('',(30.,-47.94893884022,16.6));
#2523 = VECTOR('',#2524,1.);
#2524 = DIRECTION('',(0.,1.,0.));
#2525 = ORIENTED_EDGE('',*,*,#2526,.F.);
#2526 = EDGE_CURVE('',#2527,#2519,#2529,.T.);
#2527 = VERTEX_POINT('',#2528);
#2528 = CARTESIAN_POINT('',(44.4,-51.,16.6));
#2529 = LINE('',#2530,#2531);
#2530 = CARTESIAN_POINT('',(33.521656284918,-51.,16.6));
#2531 = VECTOR('',#2532,1.);
#2532 = DIRECTION('',(-1.,0.,0.));
#2533 = ORIENTED_EDGE('',*,*,#2534,.F.);
#2534 = EDGE_CURVE('',#2509,#2527,#2535,.T.);
#2535 = LINE('',#2536,#2537);
#2536 = CARTESIAN_POINT('',(44.4,-47.94893884022,16.6));
#2537 = VECTOR('',#2538,1.);
#2538 = DIRECTION('',(0.,1.,0.));
#2539 = FACE_BOUND('',#2540,.T.);
#2540 = EDGE_LOOP('',(#2541,#2551,#2559,#2567));
#2541 = ORIENTED_EDGE('',*,*,#2542,.T.);
#2542 = EDGE_CURVE('',#2543,#2545,#2547,.T.);
#2543 = VERTEX_POINT('',#2544);
#2544 = CARTESIAN_POINT('',(45.,-65.8,16.6));
#2545 = VERTEX_POINT('',#2546);
#2546 = CARTESIAN_POINT('',(43.6,-65.8,16.6));
#2547 = LINE('',#2548,#2549);
#2548 = CARTESIAN_POINT('',(40.321656284918,-65.8,16.6));
#2549 = VECTOR('',#2550,1.);
#2550 = DIRECTION('',(-1.,0.,0.));
#2551 = ORIENTED_EDGE('',*,*,#2552,.T.);
#2552 = EDGE_CURVE('',#2545,#2553,#2555,.T.);
#2553 = VERTEX_POINT('',#2554);
#2554 = CARTESIAN_POINT('',(43.6,-62.3,16.6));
#2555 = LINE('',#2556,#2557);
#2556 = CARTESIAN_POINT('',(43.6,-52.44893884022,16.6));
#2557 = VECTOR('',#2558,1.);
#2558 = DIRECTION('',(0.,1.,0.));
#2559 = ORIENTED_EDGE('',*,*,#2560,.F.);
#2560 = EDGE_CURVE('',#2561,#2553,#2563,.T.);
#2561 = VERTEX_POINT('',#2562);
#2562 = CARTESIAN_POINT('',(45.,-62.3,16.6));
#2563 = LINE('',#2564,#2565);
#2564 = CARTESIAN_POINT('',(40.321656284918,-62.3,16.6));
#2565 = VECTOR('',#2566,1.);
#2566 = DIRECTION('',(-1.,0.,0.));
#2567 = ORIENTED_EDGE('',*,*,#2568,.F.);
#2568 = EDGE_CURVE('',#2543,#2561,#2569,.T.);
#2569 = LINE('',#2570,#2571);
#2570 = CARTESIAN_POINT('',(45.,-52.44893884022,16.6));
#2571 = VECTOR('',#2572,1.);
#2572 = DIRECTION('',(0.,1.,0.));
#2573 = FACE_BOUND('',#2574,.T.);
#2574 = EDGE_LOOP('',(#2575,#2585,#2593,#2601,#2609,#2617,#2625,#2633,
    #2641,#2649,#2657,#2665,#2673,#2681,#2689,#2697,#2705,#2713,#2721,
    #2729,#2737,#2745,#2753,#2761));
#2575 = ORIENTED_EDGE('',*,*,#2576,.T.);
#2576 = EDGE_CURVE('',#2577,#2579,#2581,.T.);
#2577 = VERTEX_POINT('',#2578);
#2578 = CARTESIAN_POINT('',(27.3,-48.8,16.6));
#2579 = VERTEX_POINT('',#2580);
#2580 = CARTESIAN_POINT('',(26.1,-48.8,16.6));
#2581 = LINE('',#2582,#2583);
#2582 = CARTESIAN_POINT('',(31.571656284918,-48.8,16.6));
#2583 = VECTOR('',#2584,1.);
#2584 = DIRECTION('',(-1.,0.,0.));
#2585 = ORIENTED_EDGE('',*,*,#2586,.T.);
#2586 = EDGE_CURVE('',#2579,#2587,#2589,.T.);
#2587 = VERTEX_POINT('',#2588);
#2588 = CARTESIAN_POINT('',(26.1,-19.5,16.6));
#2589 = LINE('',#2590,#2591);
#2590 = CARTESIAN_POINT('',(26.1,-43.94893884022,16.6));
#2591 = VECTOR('',#2592,1.);
#2592 = DIRECTION('',(0.,1.,0.));
#2593 = ORIENTED_EDGE('',*,*,#2594,.F.);
#2594 = EDGE_CURVE('',#2595,#2587,#2597,.T.);
#2595 = VERTEX_POINT('',#2596);
#2596 = CARTESIAN_POINT('',(27.3,-19.5,16.6));
#2597 = LINE('',#2598,#2599);
#2598 = CARTESIAN_POINT('',(31.571656284918,-19.5,16.6));
#2599 = VECTOR('',#2600,1.);
#2600 = DIRECTION('',(-1.,0.,0.));
#2601 = ORIENTED_EDGE('',*,*,#2602,.F.);
#2602 = EDGE_CURVE('',#2603,#2595,#2605,.T.);
#2603 = VERTEX_POINT('',#2604);
#2604 = CARTESIAN_POINT('',(27.3,-21.,16.6));
#2605 = LINE('',#2606,#2607);
#2606 = CARTESIAN_POINT('',(27.3,-43.94893884022,16.6));
#2607 = VECTOR('',#2608,1.);
#2608 = DIRECTION('',(0.,1.,0.));
#2609 = ORIENTED_EDGE('',*,*,#2610,.F.);
#2610 = EDGE_CURVE('',#2611,#2603,#2613,.T.);
#2611 = VERTEX_POINT('',#2612);
#2612 = CARTESIAN_POINT('',(29.6,-21.,16.6));
#2613 = LINE('',#2614,#2615);
#2614 = CARTESIAN_POINT('',(32.171656284918,-21.,16.6));
#2615 = VECTOR('',#2616,1.);
#2616 = DIRECTION('',(-1.,0.,0.));
#2617 = ORIENTED_EDGE('',*,*,#2618,.F.);
#2618 = EDGE_CURVE('',#2619,#2611,#2621,.T.);
#2619 = VERTEX_POINT('',#2620);
#2620 = CARTESIAN_POINT('',(29.6,-23.4,16.6));
#2621 = LINE('',#2622,#2623);
#2622 = CARTESIAN_POINT('',(29.6,-31.24893884022,16.6));
#2623 = VECTOR('',#2624,1.);
#2624 = DIRECTION('',(0.,1.,0.));
#2625 = ORIENTED_EDGE('',*,*,#2626,.T.);
#2626 = EDGE_CURVE('',#2619,#2627,#2629,.T.);
#2627 = VERTEX_POINT('',#2628);
#2628 = CARTESIAN_POINT('',(27.3,-23.4,16.6));
#2629 = LINE('',#2630,#2631);
#2630 = CARTESIAN_POINT('',(32.171656284918,-23.4,16.6));
#2631 = VECTOR('',#2632,1.);
#2632 = DIRECTION('',(-1.,0.,0.));
#2633 = ORIENTED_EDGE('',*,*,#2634,.F.);
#2634 = EDGE_CURVE('',#2635,#2627,#2637,.T.);
#2635 = VERTEX_POINT('',#2636);
#2636 = CARTESIAN_POINT('',(27.3,-26.2,16.6));
#2637 = LINE('',#2638,#2639);
#2638 = CARTESIAN_POINT('',(27.3,-43.94893884022,16.6));
#2639 = VECTOR('',#2640,1.);
#2640 = DIRECTION('',(0.,1.,0.));
#2641 = ORIENTED_EDGE('',*,*,#2642,.F.);
#2642 = EDGE_CURVE('',#2643,#2635,#2645,.T.);
#2643 = VERTEX_POINT('',#2644);
#2644 = CARTESIAN_POINT('',(29.6,-26.2,16.6));
#2645 = LINE('',#2646,#2647);
#2646 = CARTESIAN_POINT('',(32.171656284918,-26.2,16.6));
#2647 = VECTOR('',#2648,1.);
#2648 = DIRECTION('',(-1.,0.,0.));
#2649 = ORIENTED_EDGE('',*,*,#2650,.F.);
#2650 = EDGE_CURVE('',#2651,#2643,#2653,.T.);
#2651 = VERTEX_POINT('',#2652);
#2652 = CARTESIAN_POINT('',(29.6,-28.6,16.6));
#2653 = LINE('',#2654,#2655);
#2654 = CARTESIAN_POINT('',(29.6,-33.84893884022,16.6));
#2655 = VECTOR('',#2656,1.);
#2656 = DIRECTION('',(0.,1.,0.));
#2657 = ORIENTED_EDGE('',*,*,#2658,.T.);
#2658 = EDGE_CURVE('',#2651,#2659,#2661,.T.);
#2659 = VERTEX_POINT('',#2660);
#2660 = CARTESIAN_POINT('',(27.3,-28.6,16.6));
#2661 = LINE('',#2662,#2663);
#2662 = CARTESIAN_POINT('',(32.171656284918,-28.6,16.6));
#2663 = VECTOR('',#2664,1.);
#2664 = DIRECTION('',(-1.,0.,0.));
#2665 = ORIENTED_EDGE('',*,*,#2666,.F.);
#2666 = EDGE_CURVE('',#2667,#2659,#2669,.T.);
#2667 = VERTEX_POINT('',#2668);
#2668 = CARTESIAN_POINT('',(27.3,-31.4,16.6));
#2669 = LINE('',#2670,#2671);
#2670 = CARTESIAN_POINT('',(27.3,-43.94893884022,16.6));
#2671 = VECTOR('',#2672,1.);
#2672 = DIRECTION('',(0.,1.,0.));
#2673 = ORIENTED_EDGE('',*,*,#2674,.F.);
#2674 = EDGE_CURVE('',#2675,#2667,#2677,.T.);
#2675 = VERTEX_POINT('',#2676);
#2676 = CARTESIAN_POINT('',(29.6,-31.4,16.6));
#2677 = LINE('',#2678,#2679);
#2678 = CARTESIAN_POINT('',(32.171656284918,-31.4,16.6));
#2679 = VECTOR('',#2680,1.);
#2680 = DIRECTION('',(-1.,0.,0.));
#2681 = ORIENTED_EDGE('',*,*,#2682,.F.);
#2682 = EDGE_CURVE('',#2683,#2675,#2685,.T.);
#2683 = VERTEX_POINT('',#2684);
#2684 = CARTESIAN_POINT('',(29.6,-33.8,16.6));
#2685 = LINE('',#2686,#2687);
#2686 = CARTESIAN_POINT('',(29.6,-36.44893884022,16.6));
#2687 = VECTOR('',#2688,1.);
#2688 = DIRECTION('',(0.,1.,0.));
#2689 = ORIENTED_EDGE('',*,*,#2690,.T.);
#2690 = EDGE_CURVE('',#2683,#2691,#2693,.T.);
#2691 = VERTEX_POINT('',#2692);
#2692 = CARTESIAN_POINT('',(27.3,-33.8,16.6));
#2693 = LINE('',#2694,#2695);
#2694 = CARTESIAN_POINT('',(32.171656284918,-33.8,16.6));
#2695 = VECTOR('',#2696,1.);
#2696 = DIRECTION('',(-1.,0.,0.));
#2697 = ORIENTED_EDGE('',*,*,#2698,.F.);
#2698 = EDGE_CURVE('',#2699,#2691,#2701,.T.);
#2699 = VERTEX_POINT('',#2700);
#2700 = CARTESIAN_POINT('',(27.3,-36.6,16.6));
#2701 = LINE('',#2702,#2703);
#2702 = CARTESIAN_POINT('',(27.3,-43.94893884022,16.6));
#2703 = VECTOR('',#2704,1.);
#2704 = DIRECTION('',(0.,1.,0.));
#2705 = ORIENTED_EDGE('',*,*,#2706,.F.);
#2706 = EDGE_CURVE('',#2707,#2699,#2709,.T.);
#2707 = VERTEX_POINT('',#2708);
#2708 = CARTESIAN_POINT('',(29.6,-36.6,16.6));
#2709 = LINE('',#2710,#2711);
#2710 = CARTESIAN_POINT('',(32.171656284918,-36.6,16.6));
#2711 = VECTOR('',#2712,1.);
#2712 = DIRECTION('',(-1.,0.,0.));
#2713 = ORIENTED_EDGE('',*,*,#2714,.F.);
#2714 = EDGE_CURVE('',#2715,#2707,#2717,.T.);
#2715 = VERTEX_POINT('',#2716);
#2716 = CARTESIAN_POINT('',(29.6,-39.,16.6));
#2717 = LINE('',#2718,#2719);
#2718 = CARTESIAN_POINT('',(29.6,-39.04893884022,16.6));
#2719 = VECTOR('',#2720,1.);
#2720 = DIRECTION('',(0.,1.,0.));
#2721 = ORIENTED_EDGE('',*,*,#2722,.T.);
#2722 = EDGE_CURVE('',#2715,#2723,#2725,.T.);
#2723 = VERTEX_POINT('',#2724);
#2724 = CARTESIAN_POINT('',(27.3,-39.,16.6));
#2725 = LINE('',#2726,#2727);
#2726 = CARTESIAN_POINT('',(32.171656284918,-39.,16.6));
#2727 = VECTOR('',#2728,1.);
#2728 = DIRECTION('',(-1.,0.,0.));
#2729 = ORIENTED_EDGE('',*,*,#2730,.F.);
#2730 = EDGE_CURVE('',#2731,#2723,#2733,.T.);
#2731 = VERTEX_POINT('',#2732);
#2732 = CARTESIAN_POINT('',(27.3,-41.8,16.6));
#2733 = LINE('',#2734,#2735);
#2734 = CARTESIAN_POINT('',(27.3,-43.94893884022,16.6));
#2735 = VECTOR('',#2736,1.);
#2736 = DIRECTION('',(0.,1.,0.));
#2737 = ORIENTED_EDGE('',*,*,#2738,.F.);
#2738 = EDGE_CURVE('',#2739,#2731,#2741,.T.);
#2739 = VERTEX_POINT('',#2740);
#2740 = CARTESIAN_POINT('',(29.6,-41.8,16.6));
#2741 = LINE('',#2742,#2743);
#2742 = CARTESIAN_POINT('',(32.171656284918,-41.8,16.6));
#2743 = VECTOR('',#2744,1.);
#2744 = DIRECTION('',(-1.,0.,0.));
#2745 = ORIENTED_EDGE('',*,*,#2746,.F.);
#2746 = EDGE_CURVE('',#2747,#2739,#2749,.T.);
#2747 = VERTEX_POINT('',#2748);
#2748 = CARTESIAN_POINT('',(29.6,-44.2,16.6));
#2749 = LINE('',#2750,#2751);
#2750 = CARTESIAN_POINT('',(29.6,-41.64893884022,16.6));
#2751 = VECTOR('',#2752,1.);
#2752 = DIRECTION('',(0.,1.,0.));
#2753 = ORIENTED_EDGE('',*,*,#2754,.T.);
#2754 = EDGE_CURVE('',#2747,#2755,#2757,.T.);
#2755 = VERTEX_POINT('',#2756);
#2756 = CARTESIAN_POINT('',(27.3,-44.2,16.6));
#2757 = LINE('',#2758,#2759);
#2758 = CARTESIAN_POINT('',(32.171656284918,-44.2,16.6));
#2759 = VECTOR('',#2760,1.);
#2760 = DIRECTION('',(-1.,0.,0.));
#2761 = ORIENTED_EDGE('',*,*,#2762,.F.);
#2762 = EDGE_CURVE('',#2577,#2755,#2763,.T.);
#2763 = LINE('',#2764,#2765);
#2764 = CARTESIAN_POINT('',(27.3,-43.94893884022,16.6));
#2765 = VECTOR('',#2766,1.);
#2766 = DIRECTION('',(0.,1.,0.));
#2767 = FACE_BOUND('',#2768,.T.);
#2768 = EDGE_LOOP('',(#2769,#2770,#2771,#2772));
#2769 = ORIENTED_EDGE('',*,*,#1585,.T.);
#2770 = ORIENTED_EDGE('',*,*,#1633,.T.);
#2771 = ORIENTED_EDGE('',*,*,#1650,.F.);
#2772 = ORIENTED_EDGE('',*,*,#1609,.F.);
#2773 = FACE_BOUND('',#2774,.T.);
#2774 = EDGE_LOOP('',(#2775,#2785,#2793,#2801,#2809,#2817,#2825,#2833,
    #2841,#2849,#2857,#2865,#2873,#2881,#2889,#2897,#2905,#2913,#2921,
    #2929,#2937,#2945,#2953,#2961));
#2775 = ORIENTED_EDGE('',*,*,#2776,.T.);
#2776 = EDGE_CURVE('',#2777,#2779,#2781,.T.);
#2777 = VERTEX_POINT('',#2778);
#2778 = CARTESIAN_POINT('',(47.9,-48.8,16.6));
#2779 = VERTEX_POINT('',#2780);
#2780 = CARTESIAN_POINT('',(46.7,-48.8,16.6));
#2781 = LINE('',#2782,#2783);
#2782 = CARTESIAN_POINT('',(41.871656284918,-48.8,16.6));
#2783 = VECTOR('',#2784,1.);
#2784 = DIRECTION('',(-1.,0.,0.));
#2785 = ORIENTED_EDGE('',*,*,#2786,.T.);
#2786 = EDGE_CURVE('',#2779,#2787,#2789,.T.);
#2787 = VERTEX_POINT('',#2788);
#2788 = CARTESIAN_POINT('',(46.7,-44.2,16.6));
#2789 = LINE('',#2790,#2791);
#2790 = CARTESIAN_POINT('',(46.7,-43.94893884022,16.6));
#2791 = VECTOR('',#2792,1.);
#2792 = DIRECTION('',(0.,1.,0.));
#2793 = ORIENTED_EDGE('',*,*,#2794,.T.);
#2794 = EDGE_CURVE('',#2787,#2795,#2797,.T.);
#2795 = VERTEX_POINT('',#2796);
#2796 = CARTESIAN_POINT('',(44.8,-44.2,16.6));
#2797 = LINE('',#2798,#2799);
#2798 = CARTESIAN_POINT('',(40.921656284918,-44.2,16.6));
#2799 = VECTOR('',#2800,1.);
#2800 = DIRECTION('',(-1.,0.,0.));
#2801 = ORIENTED_EDGE('',*,*,#2802,.T.);
#2802 = EDGE_CURVE('',#2795,#2803,#2805,.T.);
#2803 = VERTEX_POINT('',#2804);
#2804 = CARTESIAN_POINT('',(44.8,-41.8,16.6));
#2805 = LINE('',#2806,#2807);
#2806 = CARTESIAN_POINT('',(44.8,-41.64893884022,16.6));
#2807 = VECTOR('',#2808,1.);
#2808 = DIRECTION('',(0.,1.,0.));
#2809 = ORIENTED_EDGE('',*,*,#2810,.F.);
#2810 = EDGE_CURVE('',#2811,#2803,#2813,.T.);
#2811 = VERTEX_POINT('',#2812);
#2812 = CARTESIAN_POINT('',(46.7,-41.8,16.6));
#2813 = LINE('',#2814,#2815);
#2814 = CARTESIAN_POINT('',(40.921656284918,-41.8,16.6));
#2815 = VECTOR('',#2816,1.);
#2816 = DIRECTION('',(-1.,0.,0.));
#2817 = ORIENTED_EDGE('',*,*,#2818,.T.);
#2818 = EDGE_CURVE('',#2811,#2819,#2821,.T.);
#2819 = VERTEX_POINT('',#2820);
#2820 = CARTESIAN_POINT('',(46.7,-39.,16.6));
#2821 = LINE('',#2822,#2823);
#2822 = CARTESIAN_POINT('',(46.7,-43.94893884022,16.6));
#2823 = VECTOR('',#2824,1.);
#2824 = DIRECTION('',(0.,1.,0.));
#2825 = ORIENTED_EDGE('',*,*,#2826,.T.);
#2826 = EDGE_CURVE('',#2819,#2827,#2829,.T.);
#2827 = VERTEX_POINT('',#2828);
#2828 = CARTESIAN_POINT('',(44.8,-39.,16.6));
#2829 = LINE('',#2830,#2831);
#2830 = CARTESIAN_POINT('',(40.921656284918,-39.,16.6));
#2831 = VECTOR('',#2832,1.);
#2832 = DIRECTION('',(-1.,0.,0.));
#2833 = ORIENTED_EDGE('',*,*,#2834,.T.);
#2834 = EDGE_CURVE('',#2827,#2835,#2837,.T.);
#2835 = VERTEX_POINT('',#2836);
#2836 = CARTESIAN_POINT('',(44.8,-36.6,16.6));
#2837 = LINE('',#2838,#2839);
#2838 = CARTESIAN_POINT('',(44.8,-39.04893884022,16.6));
#2839 = VECTOR('',#2840,1.);
#2840 = DIRECTION('',(0.,1.,0.));
#2841 = ORIENTED_EDGE('',*,*,#2842,.F.);
#2842 = EDGE_CURVE('',#2843,#2835,#2845,.T.);
#2843 = VERTEX_POINT('',#2844);
#2844 = CARTESIAN_POINT('',(46.7,-36.6,16.6));
#2845 = LINE('',#2846,#2847);
#2846 = CARTESIAN_POINT('',(40.921656284918,-36.6,16.6));
#2847 = VECTOR('',#2848,1.);
#2848 = DIRECTION('',(-1.,0.,0.));
#2849 = ORIENTED_EDGE('',*,*,#2850,.T.);
#2850 = EDGE_CURVE('',#2843,#2851,#2853,.T.);
#2851 = VERTEX_POINT('',#2852);
#2852 = CARTESIAN_POINT('',(46.7,-33.8,16.6));
#2853 = LINE('',#2854,#2855);
#2854 = CARTESIAN_POINT('',(46.7,-43.94893884022,16.6));
#2855 = VECTOR('',#2856,1.);
#2856 = DIRECTION('',(0.,1.,0.));
#2857 = ORIENTED_EDGE('',*,*,#2858,.T.);
#2858 = EDGE_CURVE('',#2851,#2859,#2861,.T.);
#2859 = VERTEX_POINT('',#2860);
#2860 = CARTESIAN_POINT('',(44.8,-33.8,16.6));
#2861 = LINE('',#2862,#2863);
#2862 = CARTESIAN_POINT('',(40.921656284918,-33.8,16.6));
#2863 = VECTOR('',#2864,1.);
#2864 = DIRECTION('',(-1.,0.,0.));
#2865 = ORIENTED_EDGE('',*,*,#2866,.T.);
#2866 = EDGE_CURVE('',#2859,#2867,#2869,.T.);
#2867 = VERTEX_POINT('',#2868);
#2868 = CARTESIAN_POINT('',(44.8,-31.4,16.6));
#2869 = LINE('',#2870,#2871);
#2870 = CARTESIAN_POINT('',(44.8,-36.44893884022,16.6));
#2871 = VECTOR('',#2872,1.);
#2872 = DIRECTION('',(0.,1.,0.));
#2873 = ORIENTED_EDGE('',*,*,#2874,.F.);
#2874 = EDGE_CURVE('',#2875,#2867,#2877,.T.);
#2875 = VERTEX_POINT('',#2876);
#2876 = CARTESIAN_POINT('',(46.7,-31.4,16.6));
#2877 = LINE('',#2878,#2879);
#2878 = CARTESIAN_POINT('',(40.921656284918,-31.4,16.6));
#2879 = VECTOR('',#2880,1.);
#2880 = DIRECTION('',(-1.,0.,0.));
#2881 = ORIENTED_EDGE('',*,*,#2882,.T.);
#2882 = EDGE_CURVE('',#2875,#2883,#2885,.T.);
#2883 = VERTEX_POINT('',#2884);
#2884 = CARTESIAN_POINT('',(46.7,-28.6,16.6));
#2885 = LINE('',#2886,#2887);
#2886 = CARTESIAN_POINT('',(46.7,-43.94893884022,16.6));
#2887 = VECTOR('',#2888,1.);
#2888 = DIRECTION('',(0.,1.,0.));
#2889 = ORIENTED_EDGE('',*,*,#2890,.T.);
#2890 = EDGE_CURVE('',#2883,#2891,#2893,.T.);
#2891 = VERTEX_POINT('',#2892);
#2892 = CARTESIAN_POINT('',(44.8,-28.6,16.6));
#2893 = LINE('',#2894,#2895);
#2894 = CARTESIAN_POINT('',(40.921656284918,-28.6,16.6));
#2895 = VECTOR('',#2896,1.);
#2896 = DIRECTION('',(-1.,0.,0.));
#2897 = ORIENTED_EDGE('',*,*,#2898,.T.);
#2898 = EDGE_CURVE('',#2891,#2899,#2901,.T.);
#2899 = VERTEX_POINT('',#2900);
#2900 = CARTESIAN_POINT('',(44.8,-26.2,16.6));
#2901 = LINE('',#2902,#2903);
#2902 = CARTESIAN_POINT('',(44.8,-33.84893884022,16.6));
#2903 = VECTOR('',#2904,1.);
#2904 = DIRECTION('',(0.,1.,0.));
#2905 = ORIENTED_EDGE('',*,*,#2906,.F.);
#2906 = EDGE_CURVE('',#2907,#2899,#2909,.T.);
#2907 = VERTEX_POINT('',#2908);
#2908 = CARTESIAN_POINT('',(46.7,-26.2,16.6));
#2909 = LINE('',#2910,#2911);
#2910 = CARTESIAN_POINT('',(40.921656284918,-26.2,16.6));
#2911 = VECTOR('',#2912,1.);
#2912 = DIRECTION('',(-1.,0.,0.));
#2913 = ORIENTED_EDGE('',*,*,#2914,.T.);
#2914 = EDGE_CURVE('',#2907,#2915,#2917,.T.);
#2915 = VERTEX_POINT('',#2916);
#2916 = CARTESIAN_POINT('',(46.7,-23.4,16.6));
#2917 = LINE('',#2918,#2919);
#2918 = CARTESIAN_POINT('',(46.7,-43.94893884022,16.6));
#2919 = VECTOR('',#2920,1.);
#2920 = DIRECTION('',(0.,1.,0.));
#2921 = ORIENTED_EDGE('',*,*,#2922,.T.);
#2922 = EDGE_CURVE('',#2915,#2923,#2925,.T.);
#2923 = VERTEX_POINT('',#2924);
#2924 = CARTESIAN_POINT('',(44.8,-23.4,16.6));
#2925 = LINE('',#2926,#2927);
#2926 = CARTESIAN_POINT('',(40.921656284918,-23.4,16.6));
#2927 = VECTOR('',#2928,1.);
#2928 = DIRECTION('',(-1.,0.,0.));
#2929 = ORIENTED_EDGE('',*,*,#2930,.T.);
#2930 = EDGE_CURVE('',#2923,#2931,#2933,.T.);
#2931 = VERTEX_POINT('',#2932);
#2932 = CARTESIAN_POINT('',(44.8,-21.,16.6));
#2933 = LINE('',#2934,#2935);
#2934 = CARTESIAN_POINT('',(44.8,-31.24893884022,16.6));
#2935 = VECTOR('',#2936,1.);
#2936 = DIRECTION('',(0.,1.,0.));
#2937 = ORIENTED_EDGE('',*,*,#2938,.F.);
#2938 = EDGE_CURVE('',#2939,#2931,#2941,.T.);
#2939 = VERTEX_POINT('',#2940);
#2940 = CARTESIAN_POINT('',(46.7,-21.,16.6));
#2941 = LINE('',#2942,#2943);
#2942 = CARTESIAN_POINT('',(40.921656284918,-21.,16.6));
#2943 = VECTOR('',#2944,1.);
#2944 = DIRECTION('',(-1.,0.,0.));
#2945 = ORIENTED_EDGE('',*,*,#2946,.T.);
#2946 = EDGE_CURVE('',#2939,#2947,#2949,.T.);
#2947 = VERTEX_POINT('',#2948);
#2948 = CARTESIAN_POINT('',(46.7,-19.5,16.6));
#2949 = LINE('',#2950,#2951);
#2950 = CARTESIAN_POINT('',(46.7,-43.94893884022,16.6));
#2951 = VECTOR('',#2952,1.);
#2952 = DIRECTION('',(0.,1.,0.));
#2953 = ORIENTED_EDGE('',*,*,#2954,.F.);
#2954 = EDGE_CURVE('',#2955,#2947,#2957,.T.);
#2955 = VERTEX_POINT('',#2956);
#2956 = CARTESIAN_POINT('',(47.9,-19.5,16.6));
#2957 = LINE('',#2958,#2959);
#2958 = CARTESIAN_POINT('',(41.871656284918,-19.5,16.6));
#2959 = VECTOR('',#2960,1.);
#2960 = DIRECTION('',(-1.,0.,0.));
#2961 = ORIENTED_EDGE('',*,*,#2962,.F.);
#2962 = EDGE_CURVE('',#2777,#2955,#2963,.T.);
#2963 = LINE('',#2964,#2965);
#2964 = CARTESIAN_POINT('',(47.9,-43.94893884022,16.6));
#2965 = VECTOR('',#2966,1.);
#2966 = DIRECTION('',(0.,1.,0.));
#2967 = FACE_BOUND('',#2968,.T.);
#2968 = EDGE_LOOP('',(#2969,#2979,#2987,#2995,#3003,#3011));
#2969 = ORIENTED_EDGE('',*,*,#2970,.T.);
#2970 = EDGE_CURVE('',#2971,#2973,#2975,.T.);
#2971 = VERTEX_POINT('',#2972);
#2972 = CARTESIAN_POINT('',(27.5,-15.6,16.6));
#2973 = VERTEX_POINT('',#2974);
#2974 = CARTESIAN_POINT('',(27.5,-12.4,16.6));
#2975 = LINE('',#2976,#2977);
#2976 = CARTESIAN_POINT('',(27.5,-25.74893884022,16.6));
#2977 = VECTOR('',#2978,1.);
#2978 = DIRECTION('',(0.,1.,0.));
#2979 = ORIENTED_EDGE('',*,*,#2980,.T.);
#2980 = EDGE_CURVE('',#2973,#2981,#2983,.T.);
#2981 = VERTEX_POINT('',#2982);
#2982 = CARTESIAN_POINT('',(47.5,-12.4,16.6));
#2983 = LINE('',#2984,#2985);
#2984 = CARTESIAN_POINT('',(42.271656284918,-12.4,16.6));
#2985 = VECTOR('',#2986,1.);
#2986 = DIRECTION('',(1.,0.,0.));
#2987 = ORIENTED_EDGE('',*,*,#2988,.T.);
#2988 = EDGE_CURVE('',#2981,#2989,#2991,.T.);
#2989 = VERTEX_POINT('',#2990);
#2990 = CARTESIAN_POINT('',(47.5,-15.6,16.6));
#2991 = LINE('',#2992,#2993);
#2992 = CARTESIAN_POINT('',(47.5,-27.34893884022,16.6));
#2993 = VECTOR('',#2994,1.);
#2994 = DIRECTION('',(0.,-1.,0.));
#2995 = ORIENTED_EDGE('',*,*,#2996,.T.);
#2996 = EDGE_CURVE('',#2989,#2997,#2999,.T.);
#2997 = VERTEX_POINT('',#2998);
#2998 = CARTESIAN_POINT('',(45.5,-17.,16.6));
#2999 = LINE('',#3000,#3001);
#3000 = CARTESIAN_POINT('',(37.471408789773,-22.62001384715,16.6));
#3001 = VECTOR('',#3002,1.);
#3002 = DIRECTION('',(-0.819231920519,-0.573462344363,0.));
#3003 = ORIENTED_EDGE('',*,*,#3004,.T.);
#3004 = EDGE_CURVE('',#2997,#3005,#3007,.T.);
#3005 = VERTEX_POINT('',#3006);
#3006 = CARTESIAN_POINT('',(29.5,-17.,16.6));
#3007 = LINE('',#3008,#3009);
#3008 = CARTESIAN_POINT('',(33.271656284918,-17.,16.6));
#3009 = VECTOR('',#3010,1.);
#3010 = DIRECTION('',(-1.,0.,0.));
#3011 = ORIENTED_EDGE('',*,*,#3012,.T.);
#3012 = EDGE_CURVE('',#3005,#2971,#3013,.T.);
#3013 = LINE('',#3014,#3015);
#3014 = CARTESIAN_POINT('',(36.222089579245,-21.70546270547,16.6));
#3015 = VECTOR('',#3016,1.);
#3016 = DIRECTION('',(-0.819231920519,0.573462344363,0.));
#3017 = PLANE('',#3018);
#3018 = AXIS2_PLACEMENT_3D('',#3019,#3020,#3021);
#3019 = CARTESIAN_POINT('',(37.043312569837,-39.09787768044,16.6));
#3020 = DIRECTION('',(0.,0.,1.));
#3021 = DIRECTION('',(1.,0.,0.));
#3022 = ADVANCED_FACE('',(#3023),#3034,.F.);
#3023 = FACE_BOUND('',#3024,.F.);
#3024 = EDGE_LOOP('',(#3025,#3031,#3032,#3033));
#3025 = ORIENTED_EDGE('',*,*,#3026,.F.);
#3026 = EDGE_CURVE('',#1868,#1804,#3027,.T.);
#3027 = LINE('',#3028,#3029);
#3028 = CARTESIAN_POINT('',(30.7,-20.,11.8));
#3029 = VECTOR('',#3030,1.);
#3030 = DIRECTION('',(0.,1.,0.));
#3031 = ORIENTED_EDGE('',*,*,#1867,.F.);
#3032 = ORIENTED_EDGE('',*,*,#1833,.T.);
#3033 = ORIENTED_EDGE('',*,*,#1811,.T.);
#3034 = PLANE('',#3035);
#3035 = AXIS2_PLACEMENT_3D('',#3036,#3037,#3038);
#3036 = CARTESIAN_POINT('',(30.7,-20.,11.8));
#3037 = DIRECTION('',(0.,0.,1.));
#3038 = DIRECTION('',(1.,0.,0.));
#3039 = ADVANCED_FACE('',(#3040),#3046,.T.);
#3040 = FACE_BOUND('',#3041,.T.);
#3041 = EDGE_LOOP('',(#3042,#3043,#3044,#3045));
#3042 = ORIENTED_EDGE('',*,*,#3026,.F.);
#3043 = ORIENTED_EDGE('',*,*,#1875,.F.);
#3044 = ORIENTED_EDGE('',*,*,#2166,.T.);
#3045 = ORIENTED_EDGE('',*,*,#1803,.T.);
#3046 = PLANE('',#3047);
#3047 = AXIS2_PLACEMENT_3D('',#3048,#3049,#3050);
#3048 = CARTESIAN_POINT('',(30.7,-20.,6.2));
#3049 = DIRECTION('',(1.,0.,0.));
#3050 = DIRECTION('',(0.,0.,1.));
#3051 = ADVANCED_FACE('',(#3052),#3058,.T.);
#3052 = FACE_BOUND('',#3053,.F.);
#3053 = EDGE_LOOP('',(#3054,#3055,#3056,#3057));
#3054 = ORIENTED_EDGE('',*,*,#1787,.T.);
#3055 = ORIENTED_EDGE('',*,*,#2287,.T.);
#3056 = ORIENTED_EDGE('',*,*,#2032,.F.);
#3057 = ORIENTED_EDGE('',*,*,#2158,.F.);
#3058 = CYLINDRICAL_SURFACE('',#3059,2.4);
#3059 = AXIS2_PLACEMENT_3D('',#3060,#3061,#3062);
#3060 = CARTESIAN_POINT('',(27.4,-13.4,6.3));
#3061 = DIRECTION('',(-0.,-0.,-1.));
#3062 = DIRECTION('',(-5.92E-15,1.,0.));
#3063 = ADVANCED_FACE('',(#3064),#3067,.F.);
#3064 = FACE_BOUND('',#3065,.T.);
#3065 = EDGE_LOOP('',(#3066));
#3066 = ORIENTED_EDGE('',*,*,#1957,.F.);
#3067 = PLANE('',#3068);
#3068 = AXIS2_PLACEMENT_3D('',#3069,#3070,#3071);
#3069 = CARTESIAN_POINT('',(47.,-52.8,6.8));
#3070 = DIRECTION('',(0.,0.,1.));
#3071 = DIRECTION('',(1.,0.,0.));
#3072 = ADVANCED_FACE('',(#3073),#3076,.F.);
#3073 = FACE_BOUND('',#3074,.T.);
#3074 = EDGE_LOOP('',(#3075));
#3075 = ORIENTED_EDGE('',*,*,#1982,.F.);
#3076 = PLANE('',#3077);
#3077 = AXIS2_PLACEMENT_3D('',#3078,#3079,#3080);
#3078 = CARTESIAN_POINT('',(37.2,-64.7,6.8));
#3079 = DIRECTION('',(0.,0.,1.));
#3080 = DIRECTION('',(1.,0.,0.));
#3081 = ADVANCED_FACE('',(#3082),#3101,.F.);
#3082 = FACE_BOUND('',#3083,.T.);
#3083 = EDGE_LOOP('',(#3084,#3085,#3093,#3100));
#3084 = ORIENTED_EDGE('',*,*,#2200,.T.);
#3085 = ORIENTED_EDGE('',*,*,#3086,.T.);
#3086 = EDGE_CURVE('',#2201,#3087,#3089,.T.);
#3087 = VERTEX_POINT('',#3088);
#3088 = CARTESIAN_POINT('',(28.6,-52.8,6.8));
#3089 = LINE('',#3090,#3091);
#3090 = CARTESIAN_POINT('',(28.6,-52.8,6.2));
#3091 = VECTOR('',#3092,1.);
#3092 = DIRECTION('',(0.,0.,1.));
#3093 = ORIENTED_EDGE('',*,*,#3094,.T.);
#3094 = EDGE_CURVE('',#3087,#3087,#3095,.T.);
#3095 = CIRCLE('',#3096,1.6);
#3096 = AXIS2_PLACEMENT_3D('',#3097,#3098,#3099);
#3097 = CARTESIAN_POINT('',(27.,-52.8,6.8));
#3098 = DIRECTION('',(0.,0.,1.));
#3099 = DIRECTION('',(1.,0.,0.));
#3100 = ORIENTED_EDGE('',*,*,#3086,.F.);
#3101 = CYLINDRICAL_SURFACE('',#3102,1.6);
#3102 = AXIS2_PLACEMENT_3D('',#3103,#3104,#3105);
#3103 = CARTESIAN_POINT('',(27.,-52.8,6.2));
#3104 = DIRECTION('',(-0.,-0.,-1.));
#3105 = DIRECTION('',(1.,0.,0.));
#3106 = ADVANCED_FACE('',(#3107),#3132,.F.);
#3107 = FACE_BOUND('',#3108,.F.);
#3108 = EDGE_LOOP('',(#3109,#3117,#3118,#3126));
#3109 = ORIENTED_EDGE('',*,*,#3110,.F.);
#3110 = EDGE_CURVE('',#2302,#3111,#3113,.T.);
#3111 = VERTEX_POINT('',#3112);
#3112 = CARTESIAN_POINT('',(31.2,-65.8,17.2));
#3113 = LINE('',#3114,#3115);
#3114 = CARTESIAN_POINT('',(31.2,-65.8,16.5));
#3115 = VECTOR('',#3116,1.);
#3116 = DIRECTION('',(0.,0.,1.));
#3117 = ORIENTED_EDGE('',*,*,#2301,.T.);
#3118 = ORIENTED_EDGE('',*,*,#3119,.T.);
#3119 = EDGE_CURVE('',#2304,#3120,#3122,.T.);
#3120 = VERTEX_POINT('',#3121);
#3121 = CARTESIAN_POINT('',(29.8,-65.8,17.2));
#3122 = LINE('',#3123,#3124);
#3123 = CARTESIAN_POINT('',(29.8,-65.8,16.5));
#3124 = VECTOR('',#3125,1.);
#3125 = DIRECTION('',(0.,0.,1.));
#3126 = ORIENTED_EDGE('',*,*,#3127,.T.);
#3127 = EDGE_CURVE('',#3120,#3111,#3128,.T.);
#3128 = LINE('',#3129,#3130);
#3129 = CARTESIAN_POINT('',(29.8,-65.8,17.2));
#3130 = VECTOR('',#3131,1.);
#3131 = DIRECTION('',(1.,0.,0.));
#3132 = PLANE('',#3133);
#3133 = AXIS2_PLACEMENT_3D('',#3134,#3135,#3136);
#3134 = CARTESIAN_POINT('',(29.8,-65.8,16.5));
#3135 = DIRECTION('',(0.,1.,0.));
#3136 = DIRECTION('',(0.,0.,1.));
#3137 = ADVANCED_FACE('',(#3138),#3156,.T.);
#3138 = FACE_BOUND('',#3139,.T.);
#3139 = EDGE_LOOP('',(#3140,#3141,#3142,#3150));
#3140 = ORIENTED_EDGE('',*,*,#3110,.F.);
#3141 = ORIENTED_EDGE('',*,*,#2327,.T.);
#3142 = ORIENTED_EDGE('',*,*,#3143,.T.);
#3143 = EDGE_CURVE('',#2320,#3144,#3146,.T.);
#3144 = VERTEX_POINT('',#3145);
#3145 = CARTESIAN_POINT('',(31.2,-62.3,17.2));
#3146 = LINE('',#3147,#3148);
#3147 = CARTESIAN_POINT('',(31.2,-62.3,16.5));
#3148 = VECTOR('',#3149,1.);
#3149 = DIRECTION('',(0.,0.,1.));
#3150 = ORIENTED_EDGE('',*,*,#3151,.F.);
#3151 = EDGE_CURVE('',#3111,#3144,#3152,.T.);
#3152 = LINE('',#3153,#3154);
#3153 = CARTESIAN_POINT('',(31.2,-65.8,17.2));
#3154 = VECTOR('',#3155,1.);
#3155 = DIRECTION('',(0.,1.,0.));
#3156 = PLANE('',#3157);
#3157 = AXIS2_PLACEMENT_3D('',#3158,#3159,#3160);
#3158 = CARTESIAN_POINT('',(31.2,-65.8,16.5));
#3159 = DIRECTION('',(1.,0.,0.));
#3160 = DIRECTION('',(0.,0.,1.));
#3161 = ADVANCED_FACE('',(#3162),#3180,.T.);
#3162 = FACE_BOUND('',#3163,.T.);
#3163 = EDGE_LOOP('',(#3164,#3165,#3166,#3174));
#3164 = ORIENTED_EDGE('',*,*,#3143,.F.);
#3165 = ORIENTED_EDGE('',*,*,#2319,.T.);
#3166 = ORIENTED_EDGE('',*,*,#3167,.T.);
#3167 = EDGE_CURVE('',#2312,#3168,#3170,.T.);
#3168 = VERTEX_POINT('',#3169);
#3169 = CARTESIAN_POINT('',(29.8,-62.3,17.2));
#3170 = LINE('',#3171,#3172);
#3171 = CARTESIAN_POINT('',(29.8,-62.3,16.5));
#3172 = VECTOR('',#3173,1.);
#3173 = DIRECTION('',(0.,0.,1.));
#3174 = ORIENTED_EDGE('',*,*,#3175,.T.);
#3175 = EDGE_CURVE('',#3168,#3144,#3176,.T.);
#3176 = LINE('',#3177,#3178);
#3177 = CARTESIAN_POINT('',(29.8,-62.3,17.2));
#3178 = VECTOR('',#3179,1.);
#3179 = DIRECTION('',(1.,0.,0.));
#3180 = PLANE('',#3181);
#3181 = AXIS2_PLACEMENT_3D('',#3182,#3183,#3184);
#3182 = CARTESIAN_POINT('',(29.8,-62.3,16.5));
#3183 = DIRECTION('',(0.,1.,0.));
#3184 = DIRECTION('',(0.,0.,1.));
#3185 = ADVANCED_FACE('',(#3186),#3197,.F.);
#3186 = FACE_BOUND('',#3187,.F.);
#3187 = EDGE_LOOP('',(#3188,#3189,#3190,#3191));
#3188 = ORIENTED_EDGE('',*,*,#3119,.F.);
#3189 = ORIENTED_EDGE('',*,*,#2311,.T.);
#3190 = ORIENTED_EDGE('',*,*,#3167,.T.);
#3191 = ORIENTED_EDGE('',*,*,#3192,.F.);
#3192 = EDGE_CURVE('',#3120,#3168,#3193,.T.);
#3193 = LINE('',#3194,#3195);
#3194 = CARTESIAN_POINT('',(29.8,-65.8,17.2));
#3195 = VECTOR('',#3196,1.);
#3196 = DIRECTION('',(0.,1.,0.));
#3197 = PLANE('',#3198);
#3198 = AXIS2_PLACEMENT_3D('',#3199,#3200,#3201);
#3199 = CARTESIAN_POINT('',(29.8,-65.8,16.5));
#3200 = DIRECTION('',(1.,0.,0.));
#3201 = DIRECTION('',(0.,0.,1.));
#3202 = ADVANCED_FACE('',(#3203),#3228,.F.);
#3203 = FACE_BOUND('',#3204,.F.);
#3204 = EDGE_LOOP('',(#3205,#3213,#3214,#3222));
#3205 = ORIENTED_EDGE('',*,*,#3206,.F.);
#3206 = EDGE_CURVE('',#2336,#3207,#3209,.T.);
#3207 = VERTEX_POINT('',#3208);
#3208 = CARTESIAN_POINT('',(33.5,-65.8,17.2));
#3209 = LINE('',#3210,#3211);
#3210 = CARTESIAN_POINT('',(33.5,-65.8,16.5));
#3211 = VECTOR('',#3212,1.);
#3212 = DIRECTION('',(0.,0.,1.));
#3213 = ORIENTED_EDGE('',*,*,#2335,.T.);
#3214 = ORIENTED_EDGE('',*,*,#3215,.T.);
#3215 = EDGE_CURVE('',#2338,#3216,#3218,.T.);
#3216 = VERTEX_POINT('',#3217);
#3217 = CARTESIAN_POINT('',(32.1,-65.8,17.2));
#3218 = LINE('',#3219,#3220);
#3219 = CARTESIAN_POINT('',(32.1,-65.8,16.5));
#3220 = VECTOR('',#3221,1.);
#3221 = DIRECTION('',(0.,0.,1.));
#3222 = ORIENTED_EDGE('',*,*,#3223,.T.);
#3223 = EDGE_CURVE('',#3216,#3207,#3224,.T.);
#3224 = LINE('',#3225,#3226);
#3225 = CARTESIAN_POINT('',(32.1,-65.8,17.2));
#3226 = VECTOR('',#3227,1.);
#3227 = DIRECTION('',(1.,0.,0.));
#3228 = PLANE('',#3229);
#3229 = AXIS2_PLACEMENT_3D('',#3230,#3231,#3232);
#3230 = CARTESIAN_POINT('',(32.1,-65.8,16.5));
#3231 = DIRECTION('',(0.,1.,0.));
#3232 = DIRECTION('',(0.,0.,1.));
#3233 = ADVANCED_FACE('',(#3234),#3252,.T.);
#3234 = FACE_BOUND('',#3235,.T.);
#3235 = EDGE_LOOP('',(#3236,#3237,#3238,#3246));
#3236 = ORIENTED_EDGE('',*,*,#3206,.F.);
#3237 = ORIENTED_EDGE('',*,*,#2361,.T.);
#3238 = ORIENTED_EDGE('',*,*,#3239,.T.);
#3239 = EDGE_CURVE('',#2354,#3240,#3242,.T.);
#3240 = VERTEX_POINT('',#3241);
#3241 = CARTESIAN_POINT('',(33.5,-62.3,17.2));
#3242 = LINE('',#3243,#3244);
#3243 = CARTESIAN_POINT('',(33.5,-62.3,16.5));
#3244 = VECTOR('',#3245,1.);
#3245 = DIRECTION('',(0.,0.,1.));
#3246 = ORIENTED_EDGE('',*,*,#3247,.F.);
#3247 = EDGE_CURVE('',#3207,#3240,#3248,.T.);
#3248 = LINE('',#3249,#3250);
#3249 = CARTESIAN_POINT('',(33.5,-65.8,17.2));
#3250 = VECTOR('',#3251,1.);
#3251 = DIRECTION('',(0.,1.,0.));
#3252 = PLANE('',#3253);
#3253 = AXIS2_PLACEMENT_3D('',#3254,#3255,#3256);
#3254 = CARTESIAN_POINT('',(33.5,-65.8,16.5));
#3255 = DIRECTION('',(1.,0.,0.));
#3256 = DIRECTION('',(0.,0.,1.));
#3257 = ADVANCED_FACE('',(#3258),#3276,.T.);
#3258 = FACE_BOUND('',#3259,.T.);
#3259 = EDGE_LOOP('',(#3260,#3261,#3262,#3270));
#3260 = ORIENTED_EDGE('',*,*,#3239,.F.);
#3261 = ORIENTED_EDGE('',*,*,#2353,.T.);
#3262 = ORIENTED_EDGE('',*,*,#3263,.T.);
#3263 = EDGE_CURVE('',#2346,#3264,#3266,.T.);
#3264 = VERTEX_POINT('',#3265);
#3265 = CARTESIAN_POINT('',(32.1,-62.3,17.2));
#3266 = LINE('',#3267,#3268);
#3267 = CARTESIAN_POINT('',(32.1,-62.3,16.5));
#3268 = VECTOR('',#3269,1.);
#3269 = DIRECTION('',(0.,0.,1.));
#3270 = ORIENTED_EDGE('',*,*,#3271,.T.);
#3271 = EDGE_CURVE('',#3264,#3240,#3272,.T.);
#3272 = LINE('',#3273,#3274);
#3273 = CARTESIAN_POINT('',(32.1,-62.3,17.2));
#3274 = VECTOR('',#3275,1.);
#3275 = DIRECTION('',(1.,0.,0.));
#3276 = PLANE('',#3277);
#3277 = AXIS2_PLACEMENT_3D('',#3278,#3279,#3280);
#3278 = CARTESIAN_POINT('',(32.1,-62.3,16.5));
#3279 = DIRECTION('',(0.,1.,0.));
#3280 = DIRECTION('',(0.,0.,1.));
#3281 = ADVANCED_FACE('',(#3282),#3293,.F.);
#3282 = FACE_BOUND('',#3283,.F.);
#3283 = EDGE_LOOP('',(#3284,#3285,#3286,#3287));
#3284 = ORIENTED_EDGE('',*,*,#3215,.F.);
#3285 = ORIENTED_EDGE('',*,*,#2345,.T.);
#3286 = ORIENTED_EDGE('',*,*,#3263,.T.);
#3287 = ORIENTED_EDGE('',*,*,#3288,.F.);
#3288 = EDGE_CURVE('',#3216,#3264,#3289,.T.);
#3289 = LINE('',#3290,#3291);
#3290 = CARTESIAN_POINT('',(32.1,-65.8,17.2));
#3291 = VECTOR('',#3292,1.);
#3292 = DIRECTION('',(0.,1.,0.));
#3293 = PLANE('',#3294);
#3294 = AXIS2_PLACEMENT_3D('',#3295,#3296,#3297);
#3295 = CARTESIAN_POINT('',(32.1,-65.8,16.5));
#3296 = DIRECTION('',(1.,0.,0.));
#3297 = DIRECTION('',(0.,0.,1.));
#3298 = ADVANCED_FACE('',(#3299),#3324,.F.);
#3299 = FACE_BOUND('',#3300,.F.);
#3300 = EDGE_LOOP('',(#3301,#3309,#3310,#3318));
#3301 = ORIENTED_EDGE('',*,*,#3302,.F.);
#3302 = EDGE_CURVE('',#2370,#3303,#3305,.T.);
#3303 = VERTEX_POINT('',#3304);
#3304 = CARTESIAN_POINT('',(35.8,-65.8,17.2));
#3305 = LINE('',#3306,#3307);
#3306 = CARTESIAN_POINT('',(35.8,-65.8,16.5));
#3307 = VECTOR('',#3308,1.);
#3308 = DIRECTION('',(0.,0.,1.));
#3309 = ORIENTED_EDGE('',*,*,#2369,.T.);
#3310 = ORIENTED_EDGE('',*,*,#3311,.T.);
#3311 = EDGE_CURVE('',#2372,#3312,#3314,.T.);
#3312 = VERTEX_POINT('',#3313);
#3313 = CARTESIAN_POINT('',(34.4,-65.8,17.2));
#3314 = LINE('',#3315,#3316);
#3315 = CARTESIAN_POINT('',(34.4,-65.8,16.5));
#3316 = VECTOR('',#3317,1.);
#3317 = DIRECTION('',(0.,0.,1.));
#3318 = ORIENTED_EDGE('',*,*,#3319,.T.);
#3319 = EDGE_CURVE('',#3312,#3303,#3320,.T.);
#3320 = LINE('',#3321,#3322);
#3321 = CARTESIAN_POINT('',(34.4,-65.8,17.2));
#3322 = VECTOR('',#3323,1.);
#3323 = DIRECTION('',(1.,0.,0.));
#3324 = PLANE('',#3325);
#3325 = AXIS2_PLACEMENT_3D('',#3326,#3327,#3328);
#3326 = CARTESIAN_POINT('',(34.4,-65.8,16.5));
#3327 = DIRECTION('',(0.,1.,0.));
#3328 = DIRECTION('',(0.,0.,1.));
#3329 = ADVANCED_FACE('',(#3330),#3348,.T.);
#3330 = FACE_BOUND('',#3331,.T.);
#3331 = EDGE_LOOP('',(#3332,#3333,#3334,#3342));
#3332 = ORIENTED_EDGE('',*,*,#3302,.F.);
#3333 = ORIENTED_EDGE('',*,*,#2395,.T.);
#3334 = ORIENTED_EDGE('',*,*,#3335,.T.);
#3335 = EDGE_CURVE('',#2388,#3336,#3338,.T.);
#3336 = VERTEX_POINT('',#3337);
#3337 = CARTESIAN_POINT('',(35.8,-62.3,17.2));
#3338 = LINE('',#3339,#3340);
#3339 = CARTESIAN_POINT('',(35.8,-62.3,16.5));
#3340 = VECTOR('',#3341,1.);
#3341 = DIRECTION('',(0.,0.,1.));
#3342 = ORIENTED_EDGE('',*,*,#3343,.F.);
#3343 = EDGE_CURVE('',#3303,#3336,#3344,.T.);
#3344 = LINE('',#3345,#3346);
#3345 = CARTESIAN_POINT('',(35.8,-65.8,17.2));
#3346 = VECTOR('',#3347,1.);
#3347 = DIRECTION('',(0.,1.,0.));
#3348 = PLANE('',#3349);
#3349 = AXIS2_PLACEMENT_3D('',#3350,#3351,#3352);
#3350 = CARTESIAN_POINT('',(35.8,-65.8,16.5));
#3351 = DIRECTION('',(1.,0.,0.));
#3352 = DIRECTION('',(0.,0.,1.));
#3353 = ADVANCED_FACE('',(#3354),#3372,.T.);
#3354 = FACE_BOUND('',#3355,.T.);
#3355 = EDGE_LOOP('',(#3356,#3357,#3358,#3366));
#3356 = ORIENTED_EDGE('',*,*,#3335,.F.);
#3357 = ORIENTED_EDGE('',*,*,#2387,.T.);
#3358 = ORIENTED_EDGE('',*,*,#3359,.T.);
#3359 = EDGE_CURVE('',#2380,#3360,#3362,.T.);
#3360 = VERTEX_POINT('',#3361);
#3361 = CARTESIAN_POINT('',(34.4,-62.3,17.2));
#3362 = LINE('',#3363,#3364);
#3363 = CARTESIAN_POINT('',(34.4,-62.3,16.5));
#3364 = VECTOR('',#3365,1.);
#3365 = DIRECTION('',(0.,0.,1.));
#3366 = ORIENTED_EDGE('',*,*,#3367,.T.);
#3367 = EDGE_CURVE('',#3360,#3336,#3368,.T.);
#3368 = LINE('',#3369,#3370);
#3369 = CARTESIAN_POINT('',(34.4,-62.3,17.2));
#3370 = VECTOR('',#3371,1.);
#3371 = DIRECTION('',(1.,0.,0.));
#3372 = PLANE('',#3373);
#3373 = AXIS2_PLACEMENT_3D('',#3374,#3375,#3376);
#3374 = CARTESIAN_POINT('',(34.4,-62.3,16.5));
#3375 = DIRECTION('',(0.,1.,0.));
#3376 = DIRECTION('',(0.,0.,1.));
#3377 = ADVANCED_FACE('',(#3378),#3389,.F.);
#3378 = FACE_BOUND('',#3379,.F.);
#3379 = EDGE_LOOP('',(#3380,#3381,#3382,#3383));
#3380 = ORIENTED_EDGE('',*,*,#3311,.F.);
#3381 = ORIENTED_EDGE('',*,*,#2379,.T.);
#3382 = ORIENTED_EDGE('',*,*,#3359,.T.);
#3383 = ORIENTED_EDGE('',*,*,#3384,.F.);
#3384 = EDGE_CURVE('',#3312,#3360,#3385,.T.);
#3385 = LINE('',#3386,#3387);
#3386 = CARTESIAN_POINT('',(34.4,-65.8,17.2));
#3387 = VECTOR('',#3388,1.);
#3388 = DIRECTION('',(0.,1.,0.));
#3389 = PLANE('',#3390);
#3390 = AXIS2_PLACEMENT_3D('',#3391,#3392,#3393);
#3391 = CARTESIAN_POINT('',(34.4,-65.8,16.5));
#3392 = DIRECTION('',(1.,0.,0.));
#3393 = DIRECTION('',(0.,0.,1.));
#3394 = ADVANCED_FACE('',(#3395),#3420,.F.);
#3395 = FACE_BOUND('',#3396,.F.);
#3396 = EDGE_LOOP('',(#3397,#3405,#3406,#3414));
#3397 = ORIENTED_EDGE('',*,*,#3398,.F.);
#3398 = EDGE_CURVE('',#2404,#3399,#3401,.T.);
#3399 = VERTEX_POINT('',#3400);
#3400 = CARTESIAN_POINT('',(38.1,-65.8,17.2));
#3401 = LINE('',#3402,#3403);
#3402 = CARTESIAN_POINT('',(38.1,-65.8,16.5));
#3403 = VECTOR('',#3404,1.);
#3404 = DIRECTION('',(0.,0.,1.));
#3405 = ORIENTED_EDGE('',*,*,#2403,.T.);
#3406 = ORIENTED_EDGE('',*,*,#3407,.T.);
#3407 = EDGE_CURVE('',#2406,#3408,#3410,.T.);
#3408 = VERTEX_POINT('',#3409);
#3409 = CARTESIAN_POINT('',(36.7,-65.8,17.2));
#3410 = LINE('',#3411,#3412);
#3411 = CARTESIAN_POINT('',(36.7,-65.8,16.5));
#3412 = VECTOR('',#3413,1.);
#3413 = DIRECTION('',(0.,0.,1.));
#3414 = ORIENTED_EDGE('',*,*,#3415,.T.);
#3415 = EDGE_CURVE('',#3408,#3399,#3416,.T.);
#3416 = LINE('',#3417,#3418);
#3417 = CARTESIAN_POINT('',(36.7,-65.8,17.2));
#3418 = VECTOR('',#3419,1.);
#3419 = DIRECTION('',(1.,0.,0.));
#3420 = PLANE('',#3421);
#3421 = AXIS2_PLACEMENT_3D('',#3422,#3423,#3424);
#3422 = CARTESIAN_POINT('',(36.7,-65.8,16.5));
#3423 = DIRECTION('',(0.,1.,0.));
#3424 = DIRECTION('',(0.,0.,1.));
#3425 = ADVANCED_FACE('',(#3426),#3444,.T.);
#3426 = FACE_BOUND('',#3427,.T.);
#3427 = EDGE_LOOP('',(#3428,#3429,#3430,#3438));
#3428 = ORIENTED_EDGE('',*,*,#3398,.F.);
#3429 = ORIENTED_EDGE('',*,*,#2429,.T.);
#3430 = ORIENTED_EDGE('',*,*,#3431,.T.);
#3431 = EDGE_CURVE('',#2422,#3432,#3434,.T.);
#3432 = VERTEX_POINT('',#3433);
#3433 = CARTESIAN_POINT('',(38.1,-62.3,17.2));
#3434 = LINE('',#3435,#3436);
#3435 = CARTESIAN_POINT('',(38.1,-62.3,16.5));
#3436 = VECTOR('',#3437,1.);
#3437 = DIRECTION('',(0.,0.,1.));
#3438 = ORIENTED_EDGE('',*,*,#3439,.F.);
#3439 = EDGE_CURVE('',#3399,#3432,#3440,.T.);
#3440 = LINE('',#3441,#3442);
#3441 = CARTESIAN_POINT('',(38.1,-65.8,17.2));
#3442 = VECTOR('',#3443,1.);
#3443 = DIRECTION('',(0.,1.,0.));
#3444 = PLANE('',#3445);
#3445 = AXIS2_PLACEMENT_3D('',#3446,#3447,#3448);
#3446 = CARTESIAN_POINT('',(38.1,-65.8,16.5));
#3447 = DIRECTION('',(1.,0.,0.));
#3448 = DIRECTION('',(0.,0.,1.));
#3449 = ADVANCED_FACE('',(#3450),#3468,.T.);
#3450 = FACE_BOUND('',#3451,.T.);
#3451 = EDGE_LOOP('',(#3452,#3453,#3454,#3462));
#3452 = ORIENTED_EDGE('',*,*,#3431,.F.);
#3453 = ORIENTED_EDGE('',*,*,#2421,.T.);
#3454 = ORIENTED_EDGE('',*,*,#3455,.T.);
#3455 = EDGE_CURVE('',#2414,#3456,#3458,.T.);
#3456 = VERTEX_POINT('',#3457);
#3457 = CARTESIAN_POINT('',(36.7,-62.3,17.2));
#3458 = LINE('',#3459,#3460);
#3459 = CARTESIAN_POINT('',(36.7,-62.3,16.5));
#3460 = VECTOR('',#3461,1.);
#3461 = DIRECTION('',(0.,0.,1.));
#3462 = ORIENTED_EDGE('',*,*,#3463,.T.);
#3463 = EDGE_CURVE('',#3456,#3432,#3464,.T.);
#3464 = LINE('',#3465,#3466);
#3465 = CARTESIAN_POINT('',(36.7,-62.3,17.2));
#3466 = VECTOR('',#3467,1.);
#3467 = DIRECTION('',(1.,0.,0.));
#3468 = PLANE('',#3469);
#3469 = AXIS2_PLACEMENT_3D('',#3470,#3471,#3472);
#3470 = CARTESIAN_POINT('',(36.7,-62.3,16.5));
#3471 = DIRECTION('',(0.,1.,0.));
#3472 = DIRECTION('',(0.,0.,1.));
#3473 = ADVANCED_FACE('',(#3474),#3485,.F.);
#3474 = FACE_BOUND('',#3475,.F.);
#3475 = EDGE_LOOP('',(#3476,#3477,#3478,#3479));
#3476 = ORIENTED_EDGE('',*,*,#3407,.F.);
#3477 = ORIENTED_EDGE('',*,*,#2413,.T.);
#3478 = ORIENTED_EDGE('',*,*,#3455,.T.);
#3479 = ORIENTED_EDGE('',*,*,#3480,.F.);
#3480 = EDGE_CURVE('',#3408,#3456,#3481,.T.);
#3481 = LINE('',#3482,#3483);
#3482 = CARTESIAN_POINT('',(36.7,-65.8,17.2));
#3483 = VECTOR('',#3484,1.);
#3484 = DIRECTION('',(0.,1.,0.));
#3485 = PLANE('',#3486);
#3486 = AXIS2_PLACEMENT_3D('',#3487,#3488,#3489);
#3487 = CARTESIAN_POINT('',(36.7,-65.8,16.5));
#3488 = DIRECTION('',(1.,0.,0.));
#3489 = DIRECTION('',(0.,0.,1.));
#3490 = ADVANCED_FACE('',(#3491),#3516,.F.);
#3491 = FACE_BOUND('',#3492,.F.);
#3492 = EDGE_LOOP('',(#3493,#3501,#3502,#3510));
#3493 = ORIENTED_EDGE('',*,*,#3494,.F.);
#3494 = EDGE_CURVE('',#2438,#3495,#3497,.T.);
#3495 = VERTEX_POINT('',#3496);
#3496 = CARTESIAN_POINT('',(40.4,-65.8,17.2));
#3497 = LINE('',#3498,#3499);
#3498 = CARTESIAN_POINT('',(40.4,-65.8,16.5));
#3499 = VECTOR('',#3500,1.);
#3500 = DIRECTION('',(0.,0.,1.));
#3501 = ORIENTED_EDGE('',*,*,#2437,.T.);
#3502 = ORIENTED_EDGE('',*,*,#3503,.T.);
#3503 = EDGE_CURVE('',#2440,#3504,#3506,.T.);
#3504 = VERTEX_POINT('',#3505);
#3505 = CARTESIAN_POINT('',(39.,-65.8,17.2));
#3506 = LINE('',#3507,#3508);
#3507 = CARTESIAN_POINT('',(39.,-65.8,16.5));
#3508 = VECTOR('',#3509,1.);
#3509 = DIRECTION('',(0.,0.,1.));
#3510 = ORIENTED_EDGE('',*,*,#3511,.T.);
#3511 = EDGE_CURVE('',#3504,#3495,#3512,.T.);
#3512 = LINE('',#3513,#3514);
#3513 = CARTESIAN_POINT('',(39.,-65.8,17.2));
#3514 = VECTOR('',#3515,1.);
#3515 = DIRECTION('',(1.,0.,0.));
#3516 = PLANE('',#3517);
#3517 = AXIS2_PLACEMENT_3D('',#3518,#3519,#3520);
#3518 = CARTESIAN_POINT('',(39.,-65.8,16.5));
#3519 = DIRECTION('',(0.,1.,0.));
#3520 = DIRECTION('',(0.,0.,1.));
#3521 = ADVANCED_FACE('',(#3522),#3540,.T.);
#3522 = FACE_BOUND('',#3523,.T.);
#3523 = EDGE_LOOP('',(#3524,#3525,#3526,#3534));
#3524 = ORIENTED_EDGE('',*,*,#3494,.F.);
#3525 = ORIENTED_EDGE('',*,*,#2463,.T.);
#3526 = ORIENTED_EDGE('',*,*,#3527,.T.);
#3527 = EDGE_CURVE('',#2456,#3528,#3530,.T.);
#3528 = VERTEX_POINT('',#3529);
#3529 = CARTESIAN_POINT('',(40.4,-62.3,17.2));
#3530 = LINE('',#3531,#3532);
#3531 = CARTESIAN_POINT('',(40.4,-62.3,16.5));
#3532 = VECTOR('',#3533,1.);
#3533 = DIRECTION('',(0.,0.,1.));
#3534 = ORIENTED_EDGE('',*,*,#3535,.F.);
#3535 = EDGE_CURVE('',#3495,#3528,#3536,.T.);
#3536 = LINE('',#3537,#3538);
#3537 = CARTESIAN_POINT('',(40.4,-65.8,17.2));
#3538 = VECTOR('',#3539,1.);
#3539 = DIRECTION('',(0.,1.,0.));
#3540 = PLANE('',#3541);
#3541 = AXIS2_PLACEMENT_3D('',#3542,#3543,#3544);
#3542 = CARTESIAN_POINT('',(40.4,-65.8,16.5));
#3543 = DIRECTION('',(1.,0.,0.));
#3544 = DIRECTION('',(0.,0.,1.));
#3545 = ADVANCED_FACE('',(#3546),#3564,.T.);
#3546 = FACE_BOUND('',#3547,.T.);
#3547 = EDGE_LOOP('',(#3548,#3549,#3550,#3558));
#3548 = ORIENTED_EDGE('',*,*,#3527,.F.);
#3549 = ORIENTED_EDGE('',*,*,#2455,.T.);
#3550 = ORIENTED_EDGE('',*,*,#3551,.T.);
#3551 = EDGE_CURVE('',#2448,#3552,#3554,.T.);
#3552 = VERTEX_POINT('',#3553);
#3553 = CARTESIAN_POINT('',(39.,-62.3,17.2));
#3554 = LINE('',#3555,#3556);
#3555 = CARTESIAN_POINT('',(39.,-62.3,16.5));
#3556 = VECTOR('',#3557,1.);
#3557 = DIRECTION('',(0.,0.,1.));
#3558 = ORIENTED_EDGE('',*,*,#3559,.T.);
#3559 = EDGE_CURVE('',#3552,#3528,#3560,.T.);
#3560 = LINE('',#3561,#3562);
#3561 = CARTESIAN_POINT('',(39.,-62.3,17.2));
#3562 = VECTOR('',#3563,1.);
#3563 = DIRECTION('',(1.,0.,0.));
#3564 = PLANE('',#3565);
#3565 = AXIS2_PLACEMENT_3D('',#3566,#3567,#3568);
#3566 = CARTESIAN_POINT('',(39.,-62.3,16.5));
#3567 = DIRECTION('',(0.,1.,0.));
#3568 = DIRECTION('',(0.,0.,1.));
#3569 = ADVANCED_FACE('',(#3570),#3581,.F.);
#3570 = FACE_BOUND('',#3571,.F.);
#3571 = EDGE_LOOP('',(#3572,#3573,#3574,#3575));
#3572 = ORIENTED_EDGE('',*,*,#3503,.F.);
#3573 = ORIENTED_EDGE('',*,*,#2447,.T.);
#3574 = ORIENTED_EDGE('',*,*,#3551,.T.);
#3575 = ORIENTED_EDGE('',*,*,#3576,.F.);
#3576 = EDGE_CURVE('',#3504,#3552,#3577,.T.);
#3577 = LINE('',#3578,#3579);
#3578 = CARTESIAN_POINT('',(39.,-65.8,17.2));
#3579 = VECTOR('',#3580,1.);
#3580 = DIRECTION('',(0.,1.,0.));
#3581 = PLANE('',#3582);
#3582 = AXIS2_PLACEMENT_3D('',#3583,#3584,#3585);
#3583 = CARTESIAN_POINT('',(39.,-65.8,16.5));
#3584 = DIRECTION('',(1.,0.,0.));
#3585 = DIRECTION('',(0.,0.,1.));
#3586 = ADVANCED_FACE('',(#3587),#3612,.F.);
#3587 = FACE_BOUND('',#3588,.F.);
#3588 = EDGE_LOOP('',(#3589,#3597,#3598,#3606));
#3589 = ORIENTED_EDGE('',*,*,#3590,.F.);
#3590 = EDGE_CURVE('',#2475,#3591,#3593,.T.);
#3591 = VERTEX_POINT('',#3592);
#3592 = CARTESIAN_POINT('',(42.7,-65.8,17.2));
#3593 = LINE('',#3594,#3595);
#3594 = CARTESIAN_POINT('',(42.7,-65.8,16.5));
#3595 = VECTOR('',#3596,1.);
#3596 = DIRECTION('',(0.,0.,1.));
#3597 = ORIENTED_EDGE('',*,*,#2474,.T.);
#3598 = ORIENTED_EDGE('',*,*,#3599,.T.);
#3599 = EDGE_CURVE('',#2477,#3600,#3602,.T.);
#3600 = VERTEX_POINT('',#3601);
#3601 = CARTESIAN_POINT('',(41.3,-65.8,17.2));
#3602 = LINE('',#3603,#3604);
#3603 = CARTESIAN_POINT('',(41.3,-65.8,16.5));
#3604 = VECTOR('',#3605,1.);
#3605 = DIRECTION('',(0.,0.,1.));
#3606 = ORIENTED_EDGE('',*,*,#3607,.T.);
#3607 = EDGE_CURVE('',#3600,#3591,#3608,.T.);
#3608 = LINE('',#3609,#3610);
#3609 = CARTESIAN_POINT('',(41.3,-65.8,17.2));
#3610 = VECTOR('',#3611,1.);
#3611 = DIRECTION('',(1.,0.,0.));
#3612 = PLANE('',#3613);
#3613 = AXIS2_PLACEMENT_3D('',#3614,#3615,#3616);
#3614 = CARTESIAN_POINT('',(41.3,-65.8,16.5));
#3615 = DIRECTION('',(0.,1.,0.));
#3616 = DIRECTION('',(0.,0.,1.));
#3617 = ADVANCED_FACE('',(#3618),#3636,.T.);
#3618 = FACE_BOUND('',#3619,.T.);
#3619 = EDGE_LOOP('',(#3620,#3621,#3622,#3630));
#3620 = ORIENTED_EDGE('',*,*,#3590,.F.);
#3621 = ORIENTED_EDGE('',*,*,#2500,.T.);
#3622 = ORIENTED_EDGE('',*,*,#3623,.T.);
#3623 = EDGE_CURVE('',#2493,#3624,#3626,.T.);
#3624 = VERTEX_POINT('',#3625);
#3625 = CARTESIAN_POINT('',(42.7,-62.3,17.2));
#3626 = LINE('',#3627,#3628);
#3627 = CARTESIAN_POINT('',(42.7,-62.3,16.5));
#3628 = VECTOR('',#3629,1.);
#3629 = DIRECTION('',(0.,0.,1.));
#3630 = ORIENTED_EDGE('',*,*,#3631,.F.);
#3631 = EDGE_CURVE('',#3591,#3624,#3632,.T.);
#3632 = LINE('',#3633,#3634);
#3633 = CARTESIAN_POINT('',(42.7,-65.8,17.2));
#3634 = VECTOR('',#3635,1.);
#3635 = DIRECTION('',(0.,1.,0.));
#3636 = PLANE('',#3637);
#3637 = AXIS2_PLACEMENT_3D('',#3638,#3639,#3640);
#3638 = CARTESIAN_POINT('',(42.7,-65.8,16.5));
#3639 = DIRECTION('',(1.,0.,0.));
#3640 = DIRECTION('',(0.,0.,1.));
#3641 = ADVANCED_FACE('',(#3642),#3660,.T.);
#3642 = FACE_BOUND('',#3643,.T.);
#3643 = EDGE_LOOP('',(#3644,#3645,#3646,#3654));
#3644 = ORIENTED_EDGE('',*,*,#3623,.F.);
#3645 = ORIENTED_EDGE('',*,*,#2492,.T.);
#3646 = ORIENTED_EDGE('',*,*,#3647,.T.);
#3647 = EDGE_CURVE('',#2485,#3648,#3650,.T.);
#3648 = VERTEX_POINT('',#3649);
#3649 = CARTESIAN_POINT('',(41.3,-62.3,17.2));
#3650 = LINE('',#3651,#3652);
#3651 = CARTESIAN_POINT('',(41.3,-62.3,16.5));
#3652 = VECTOR('',#3653,1.);
#3653 = DIRECTION('',(0.,0.,1.));
#3654 = ORIENTED_EDGE('',*,*,#3655,.T.);
#3655 = EDGE_CURVE('',#3648,#3624,#3656,.T.);
#3656 = LINE('',#3657,#3658);
#3657 = CARTESIAN_POINT('',(41.3,-62.3,17.2));
#3658 = VECTOR('',#3659,1.);
#3659 = DIRECTION('',(1.,0.,0.));
#3660 = PLANE('',#3661);
#3661 = AXIS2_PLACEMENT_3D('',#3662,#3663,#3664);
#3662 = CARTESIAN_POINT('',(41.3,-62.3,16.5));
#3663 = DIRECTION('',(0.,1.,0.));
#3664 = DIRECTION('',(0.,0.,1.));
#3665 = ADVANCED_FACE('',(#3666),#3677,.F.);
#3666 = FACE_BOUND('',#3667,.F.);
#3667 = EDGE_LOOP('',(#3668,#3669,#3670,#3671));
#3668 = ORIENTED_EDGE('',*,*,#3599,.F.);
#3669 = ORIENTED_EDGE('',*,*,#2484,.T.);
#3670 = ORIENTED_EDGE('',*,*,#3647,.T.);
#3671 = ORIENTED_EDGE('',*,*,#3672,.F.);
#3672 = EDGE_CURVE('',#3600,#3648,#3673,.T.);
#3673 = LINE('',#3674,#3675);
#3674 = CARTESIAN_POINT('',(41.3,-65.8,17.2));
#3675 = VECTOR('',#3676,1.);
#3676 = DIRECTION('',(0.,1.,0.));
#3677 = PLANE('',#3678);
#3678 = AXIS2_PLACEMENT_3D('',#3679,#3680,#3681);
#3679 = CARTESIAN_POINT('',(41.3,-65.8,16.5));
#3680 = DIRECTION('',(1.,0.,0.));
#3681 = DIRECTION('',(0.,0.,1.));
#3682 = ADVANCED_FACE('',(#3683),#3708,.F.);
#3683 = FACE_BOUND('',#3684,.F.);
#3684 = EDGE_LOOP('',(#3685,#3693,#3694,#3702));
#3685 = ORIENTED_EDGE('',*,*,#3686,.F.);
#3686 = EDGE_CURVE('',#2509,#3687,#3689,.T.);
#3687 = VERTEX_POINT('',#3688);
#3688 = CARTESIAN_POINT('',(44.4,-56.8,17.));
#3689 = LINE('',#3690,#3691);
#3690 = CARTESIAN_POINT('',(44.4,-56.8,16.5));
#3691 = VECTOR('',#3692,1.);
#3692 = DIRECTION('',(0.,0.,1.));
#3693 = ORIENTED_EDGE('',*,*,#2508,.T.);
#3694 = ORIENTED_EDGE('',*,*,#3695,.T.);
#3695 = EDGE_CURVE('',#2511,#3696,#3698,.T.);
#3696 = VERTEX_POINT('',#3697);
#3697 = CARTESIAN_POINT('',(30.,-56.8,17.));
#3698 = LINE('',#3699,#3700);
#3699 = CARTESIAN_POINT('',(30.,-56.8,16.5));
#3700 = VECTOR('',#3701,1.);
#3701 = DIRECTION('',(0.,0.,1.));
#3702 = ORIENTED_EDGE('',*,*,#3703,.T.);
#3703 = EDGE_CURVE('',#3696,#3687,#3704,.T.);
#3704 = LINE('',#3705,#3706);
#3705 = CARTESIAN_POINT('',(30.,-56.8,17.));
#3706 = VECTOR('',#3707,1.);
#3707 = DIRECTION('',(1.,0.,0.));
#3708 = PLANE('',#3709);
#3709 = AXIS2_PLACEMENT_3D('',#3710,#3711,#3712);
#3710 = CARTESIAN_POINT('',(30.,-56.8,16.5));
#3711 = DIRECTION('',(0.,1.,0.));
#3712 = DIRECTION('',(0.,0.,1.));
#3713 = ADVANCED_FACE('',(#3714),#3732,.T.);
#3714 = FACE_BOUND('',#3715,.T.);
#3715 = EDGE_LOOP('',(#3716,#3717,#3718,#3726));
#3716 = ORIENTED_EDGE('',*,*,#3686,.F.);
#3717 = ORIENTED_EDGE('',*,*,#2534,.T.);
#3718 = ORIENTED_EDGE('',*,*,#3719,.T.);
#3719 = EDGE_CURVE('',#2527,#3720,#3722,.T.);
#3720 = VERTEX_POINT('',#3721);
#3721 = CARTESIAN_POINT('',(44.4,-51.,17.));
#3722 = LINE('',#3723,#3724);
#3723 = CARTESIAN_POINT('',(44.4,-51.,16.5));
#3724 = VECTOR('',#3725,1.);
#3725 = DIRECTION('',(0.,0.,1.));
#3726 = ORIENTED_EDGE('',*,*,#3727,.F.);
#3727 = EDGE_CURVE('',#3687,#3720,#3728,.T.);
#3728 = LINE('',#3729,#3730);
#3729 = CARTESIAN_POINT('',(44.4,-56.8,17.));
#3730 = VECTOR('',#3731,1.);
#3731 = DIRECTION('',(0.,1.,0.));
#3732 = PLANE('',#3733);
#3733 = AXIS2_PLACEMENT_3D('',#3734,#3735,#3736);
#3734 = CARTESIAN_POINT('',(44.4,-56.8,16.5));
#3735 = DIRECTION('',(1.,0.,0.));
#3736 = DIRECTION('',(0.,0.,1.));
#3737 = ADVANCED_FACE('',(#3738),#3756,.T.);
#3738 = FACE_BOUND('',#3739,.T.);
#3739 = EDGE_LOOP('',(#3740,#3741,#3742,#3750));
#3740 = ORIENTED_EDGE('',*,*,#3719,.F.);
#3741 = ORIENTED_EDGE('',*,*,#2526,.T.);
#3742 = ORIENTED_EDGE('',*,*,#3743,.T.);
#3743 = EDGE_CURVE('',#2519,#3744,#3746,.T.);
#3744 = VERTEX_POINT('',#3745);
#3745 = CARTESIAN_POINT('',(30.,-51.,17.));
#3746 = LINE('',#3747,#3748);
#3747 = CARTESIAN_POINT('',(30.,-51.,16.5));
#3748 = VECTOR('',#3749,1.);
#3749 = DIRECTION('',(0.,0.,1.));
#3750 = ORIENTED_EDGE('',*,*,#3751,.T.);
#3751 = EDGE_CURVE('',#3744,#3720,#3752,.T.);
#3752 = LINE('',#3753,#3754);
#3753 = CARTESIAN_POINT('',(30.,-51.,17.));
#3754 = VECTOR('',#3755,1.);
#3755 = DIRECTION('',(1.,0.,0.));
#3756 = PLANE('',#3757);
#3757 = AXIS2_PLACEMENT_3D('',#3758,#3759,#3760);
#3758 = CARTESIAN_POINT('',(30.,-51.,16.5));
#3759 = DIRECTION('',(0.,1.,0.));
#3760 = DIRECTION('',(0.,0.,1.));
#3761 = ADVANCED_FACE('',(#3762),#3773,.F.);
#3762 = FACE_BOUND('',#3763,.F.);
#3763 = EDGE_LOOP('',(#3764,#3765,#3766,#3767));
#3764 = ORIENTED_EDGE('',*,*,#3695,.F.);
#3765 = ORIENTED_EDGE('',*,*,#2518,.T.);
#3766 = ORIENTED_EDGE('',*,*,#3743,.T.);
#3767 = ORIENTED_EDGE('',*,*,#3768,.F.);
#3768 = EDGE_CURVE('',#3696,#3744,#3769,.T.);
#3769 = LINE('',#3770,#3771);
#3770 = CARTESIAN_POINT('',(30.,-56.8,17.));
#3771 = VECTOR('',#3772,1.);
#3772 = DIRECTION('',(0.,1.,0.));
#3773 = PLANE('',#3774);
#3774 = AXIS2_PLACEMENT_3D('',#3775,#3776,#3777);
#3775 = CARTESIAN_POINT('',(30.,-56.8,16.5));
#3776 = DIRECTION('',(1.,0.,0.));
#3777 = DIRECTION('',(0.,0.,1.));
#3778 = ADVANCED_FACE('',(#3779),#3804,.F.);
#3779 = FACE_BOUND('',#3780,.F.);
#3780 = EDGE_LOOP('',(#3781,#3789,#3790,#3798));
#3781 = ORIENTED_EDGE('',*,*,#3782,.F.);
#3782 = EDGE_CURVE('',#2543,#3783,#3785,.T.);
#3783 = VERTEX_POINT('',#3784);
#3784 = CARTESIAN_POINT('',(45.,-65.8,17.2));
#3785 = LINE('',#3786,#3787);
#3786 = CARTESIAN_POINT('',(45.,-65.8,16.5));
#3787 = VECTOR('',#3788,1.);
#3788 = DIRECTION('',(0.,0.,1.));
#3789 = ORIENTED_EDGE('',*,*,#2542,.T.);
#3790 = ORIENTED_EDGE('',*,*,#3791,.T.);
#3791 = EDGE_CURVE('',#2545,#3792,#3794,.T.);
#3792 = VERTEX_POINT('',#3793);
#3793 = CARTESIAN_POINT('',(43.6,-65.8,17.2));
#3794 = LINE('',#3795,#3796);
#3795 = CARTESIAN_POINT('',(43.6,-65.8,16.5));
#3796 = VECTOR('',#3797,1.);
#3797 = DIRECTION('',(0.,0.,1.));
#3798 = ORIENTED_EDGE('',*,*,#3799,.T.);
#3799 = EDGE_CURVE('',#3792,#3783,#3800,.T.);
#3800 = LINE('',#3801,#3802);
#3801 = CARTESIAN_POINT('',(43.6,-65.8,17.2));
#3802 = VECTOR('',#3803,1.);
#3803 = DIRECTION('',(1.,0.,0.));
#3804 = PLANE('',#3805);
#3805 = AXIS2_PLACEMENT_3D('',#3806,#3807,#3808);
#3806 = CARTESIAN_POINT('',(43.6,-65.8,16.5));
#3807 = DIRECTION('',(0.,1.,0.));
#3808 = DIRECTION('',(0.,0.,1.));
#3809 = ADVANCED_FACE('',(#3810),#3828,.T.);
#3810 = FACE_BOUND('',#3811,.T.);
#3811 = EDGE_LOOP('',(#3812,#3813,#3814,#3822));
#3812 = ORIENTED_EDGE('',*,*,#3782,.F.);
#3813 = ORIENTED_EDGE('',*,*,#2568,.T.);
#3814 = ORIENTED_EDGE('',*,*,#3815,.T.);
#3815 = EDGE_CURVE('',#2561,#3816,#3818,.T.);
#3816 = VERTEX_POINT('',#3817);
#3817 = CARTESIAN_POINT('',(45.,-62.3,17.2));
#3818 = LINE('',#3819,#3820);
#3819 = CARTESIAN_POINT('',(45.,-62.3,16.5));
#3820 = VECTOR('',#3821,1.);
#3821 = DIRECTION('',(0.,0.,1.));
#3822 = ORIENTED_EDGE('',*,*,#3823,.F.);
#3823 = EDGE_CURVE('',#3783,#3816,#3824,.T.);
#3824 = LINE('',#3825,#3826);
#3825 = CARTESIAN_POINT('',(45.,-65.8,17.2));
#3826 = VECTOR('',#3827,1.);
#3827 = DIRECTION('',(0.,1.,0.));
#3828 = PLANE('',#3829);
#3829 = AXIS2_PLACEMENT_3D('',#3830,#3831,#3832);
#3830 = CARTESIAN_POINT('',(45.,-65.8,16.5));
#3831 = DIRECTION('',(1.,0.,0.));
#3832 = DIRECTION('',(0.,0.,1.));
#3833 = ADVANCED_FACE('',(#3834),#3852,.T.);
#3834 = FACE_BOUND('',#3835,.T.);
#3835 = EDGE_LOOP('',(#3836,#3837,#3838,#3846));
#3836 = ORIENTED_EDGE('',*,*,#3815,.F.);
#3837 = ORIENTED_EDGE('',*,*,#2560,.T.);
#3838 = ORIENTED_EDGE('',*,*,#3839,.T.);
#3839 = EDGE_CURVE('',#2553,#3840,#3842,.T.);
#3840 = VERTEX_POINT('',#3841);
#3841 = CARTESIAN_POINT('',(43.6,-62.3,17.2));
#3842 = LINE('',#3843,#3844);
#3843 = CARTESIAN_POINT('',(43.6,-62.3,16.5));
#3844 = VECTOR('',#3845,1.);
#3845 = DIRECTION('',(0.,0.,1.));
#3846 = ORIENTED_EDGE('',*,*,#3847,.T.);
#3847 = EDGE_CURVE('',#3840,#3816,#3848,.T.);
#3848 = LINE('',#3849,#3850);
#3849 = CARTESIAN_POINT('',(43.6,-62.3,17.2));
#3850 = VECTOR('',#3851,1.);
#3851 = DIRECTION('',(1.,0.,0.));
#3852 = PLANE('',#3853);
#3853 = AXIS2_PLACEMENT_3D('',#3854,#3855,#3856);
#3854 = CARTESIAN_POINT('',(43.6,-62.3,16.5));
#3855 = DIRECTION('',(0.,1.,0.));
#3856 = DIRECTION('',(0.,0.,1.));
#3857 = ADVANCED_FACE('',(#3858),#3869,.F.);
#3858 = FACE_BOUND('',#3859,.F.);
#3859 = EDGE_LOOP('',(#3860,#3861,#3862,#3863));
#3860 = ORIENTED_EDGE('',*,*,#3791,.F.);
#3861 = ORIENTED_EDGE('',*,*,#2552,.T.);
#3862 = ORIENTED_EDGE('',*,*,#3839,.T.);
#3863 = ORIENTED_EDGE('',*,*,#3864,.F.);
#3864 = EDGE_CURVE('',#3792,#3840,#3865,.T.);
#3865 = LINE('',#3866,#3867);
#3866 = CARTESIAN_POINT('',(43.6,-65.8,17.2));
#3867 = VECTOR('',#3868,1.);
#3868 = DIRECTION('',(0.,1.,0.));
#3869 = PLANE('',#3870);
#3870 = AXIS2_PLACEMENT_3D('',#3871,#3872,#3873);
#3871 = CARTESIAN_POINT('',(43.6,-65.8,16.5));
#3872 = DIRECTION('',(1.,0.,0.));
#3873 = DIRECTION('',(0.,0.,1.));
#3874 = ADVANCED_FACE('',(#3875),#3900,.F.);
#3875 = FACE_BOUND('',#3876,.F.);
#3876 = EDGE_LOOP('',(#3877,#3885,#3886,#3894));
#3877 = ORIENTED_EDGE('',*,*,#3878,.F.);
#3878 = EDGE_CURVE('',#2577,#3879,#3881,.T.);
#3879 = VERTEX_POINT('',#3880);
#3880 = CARTESIAN_POINT('',(27.3,-48.8,17.2));
#3881 = LINE('',#3882,#3883);
#3882 = CARTESIAN_POINT('',(27.3,-48.8,16.5));
#3883 = VECTOR('',#3884,1.);
#3884 = DIRECTION('',(0.,0.,1.));
#3885 = ORIENTED_EDGE('',*,*,#2576,.T.);
#3886 = ORIENTED_EDGE('',*,*,#3887,.T.);
#3887 = EDGE_CURVE('',#2579,#3888,#3890,.T.);
#3888 = VERTEX_POINT('',#3889);
#3889 = CARTESIAN_POINT('',(26.1,-48.8,17.2));
#3890 = LINE('',#3891,#3892);
#3891 = CARTESIAN_POINT('',(26.1,-48.8,16.5));
#3892 = VECTOR('',#3893,1.);
#3893 = DIRECTION('',(0.,0.,1.));
#3894 = ORIENTED_EDGE('',*,*,#3895,.T.);
#3895 = EDGE_CURVE('',#3888,#3879,#3896,.T.);
#3896 = LINE('',#3897,#3898);
#3897 = CARTESIAN_POINT('',(26.1,-48.8,17.2));
#3898 = VECTOR('',#3899,1.);
#3899 = DIRECTION('',(1.,0.,0.));
#3900 = PLANE('',#3901);
#3901 = AXIS2_PLACEMENT_3D('',#3902,#3903,#3904);
#3902 = CARTESIAN_POINT('',(26.1,-48.8,16.5));
#3903 = DIRECTION('',(0.,1.,0.));
#3904 = DIRECTION('',(0.,0.,1.));
#3905 = ADVANCED_FACE('',(#3906),#4039,.T.);
#3906 = FACE_BOUND('',#3907,.T.);
#3907 = EDGE_LOOP('',(#3908,#3916,#3917,#3918,#3926,#3934,#3940,#3941,
    #3949,#3957,#3963,#3964,#3972,#3980,#3986,#3987,#3995,#4003,#4009,
    #4010,#4018,#4026,#4032,#4033));
#3908 = ORIENTED_EDGE('',*,*,#3909,.F.);
#3909 = EDGE_CURVE('',#3879,#3910,#3912,.T.);
#3910 = VERTEX_POINT('',#3911);
#3911 = CARTESIAN_POINT('',(27.3,-19.5,17.2));
#3912 = LINE('',#3913,#3914);
#3913 = CARTESIAN_POINT('',(27.3,-48.8,17.2));
#3914 = VECTOR('',#3915,1.);
#3915 = DIRECTION('',(0.,1.,0.));
#3916 = ORIENTED_EDGE('',*,*,#3878,.F.);
#3917 = ORIENTED_EDGE('',*,*,#2762,.T.);
#3918 = ORIENTED_EDGE('',*,*,#3919,.T.);
#3919 = EDGE_CURVE('',#2755,#3920,#3922,.T.);
#3920 = VERTEX_POINT('',#3921);
#3921 = CARTESIAN_POINT('',(27.3,-44.2,17.));
#3922 = LINE('',#3923,#3924);
#3923 = CARTESIAN_POINT('',(27.3,-44.2,16.5));
#3924 = VECTOR('',#3925,1.);
#3925 = DIRECTION('',(0.,0.,1.));
#3926 = ORIENTED_EDGE('',*,*,#3927,.T.);
#3927 = EDGE_CURVE('',#3920,#3928,#3930,.T.);
#3928 = VERTEX_POINT('',#3929);
#3929 = CARTESIAN_POINT('',(27.3,-41.8,17.));
#3930 = LINE('',#3931,#3932);
#3931 = CARTESIAN_POINT('',(27.3,-44.2,17.));
#3932 = VECTOR('',#3933,1.);
#3933 = DIRECTION('',(0.,1.,0.));
#3934 = ORIENTED_EDGE('',*,*,#3935,.F.);
#3935 = EDGE_CURVE('',#2731,#3928,#3936,.T.);
#3936 = LINE('',#3937,#3938);
#3937 = CARTESIAN_POINT('',(27.3,-41.8,16.5));
#3938 = VECTOR('',#3939,1.);
#3939 = DIRECTION('',(0.,0.,1.));
#3940 = ORIENTED_EDGE('',*,*,#2730,.T.);
#3941 = ORIENTED_EDGE('',*,*,#3942,.T.);
#3942 = EDGE_CURVE('',#2723,#3943,#3945,.T.);
#3943 = VERTEX_POINT('',#3944);
#3944 = CARTESIAN_POINT('',(27.3,-39.,17.));
#3945 = LINE('',#3946,#3947);
#3946 = CARTESIAN_POINT('',(27.3,-39.,16.5));
#3947 = VECTOR('',#3948,1.);
#3948 = DIRECTION('',(0.,0.,1.));
#3949 = ORIENTED_EDGE('',*,*,#3950,.T.);
#3950 = EDGE_CURVE('',#3943,#3951,#3953,.T.);
#3951 = VERTEX_POINT('',#3952);
#3952 = CARTESIAN_POINT('',(27.3,-36.6,17.));
#3953 = LINE('',#3954,#3955);
#3954 = CARTESIAN_POINT('',(27.3,-39.,17.));
#3955 = VECTOR('',#3956,1.);
#3956 = DIRECTION('',(0.,1.,0.));
#3957 = ORIENTED_EDGE('',*,*,#3958,.F.);
#3958 = EDGE_CURVE('',#2699,#3951,#3959,.T.);
#3959 = LINE('',#3960,#3961);
#3960 = CARTESIAN_POINT('',(27.3,-36.6,16.5));
#3961 = VECTOR('',#3962,1.);
#3962 = DIRECTION('',(0.,0.,1.));
#3963 = ORIENTED_EDGE('',*,*,#2698,.T.);
#3964 = ORIENTED_EDGE('',*,*,#3965,.T.);
#3965 = EDGE_CURVE('',#2691,#3966,#3968,.T.);
#3966 = VERTEX_POINT('',#3967);
#3967 = CARTESIAN_POINT('',(27.3,-33.8,17.));
#3968 = LINE('',#3969,#3970);
#3969 = CARTESIAN_POINT('',(27.3,-33.8,16.5));
#3970 = VECTOR('',#3971,1.);
#3971 = DIRECTION('',(0.,0.,1.));
#3972 = ORIENTED_EDGE('',*,*,#3973,.T.);
#3973 = EDGE_CURVE('',#3966,#3974,#3976,.T.);
#3974 = VERTEX_POINT('',#3975);
#3975 = CARTESIAN_POINT('',(27.3,-31.4,17.));
#3976 = LINE('',#3977,#3978);
#3977 = CARTESIAN_POINT('',(27.3,-33.8,17.));
#3978 = VECTOR('',#3979,1.);
#3979 = DIRECTION('',(0.,1.,0.));
#3980 = ORIENTED_EDGE('',*,*,#3981,.F.);
#3981 = EDGE_CURVE('',#2667,#3974,#3982,.T.);
#3982 = LINE('',#3983,#3984);
#3983 = CARTESIAN_POINT('',(27.3,-31.4,16.5));
#3984 = VECTOR('',#3985,1.);
#3985 = DIRECTION('',(0.,0.,1.));
#3986 = ORIENTED_EDGE('',*,*,#2666,.T.);
#3987 = ORIENTED_EDGE('',*,*,#3988,.T.);
#3988 = EDGE_CURVE('',#2659,#3989,#3991,.T.);
#3989 = VERTEX_POINT('',#3990);
#3990 = CARTESIAN_POINT('',(27.3,-28.6,17.));
#3991 = LINE('',#3992,#3993);
#3992 = CARTESIAN_POINT('',(27.3,-28.6,16.5));
#3993 = VECTOR('',#3994,1.);
#3994 = DIRECTION('',(0.,0.,1.));
#3995 = ORIENTED_EDGE('',*,*,#3996,.T.);
#3996 = EDGE_CURVE('',#3989,#3997,#3999,.T.);
#3997 = VERTEX_POINT('',#3998);
#3998 = CARTESIAN_POINT('',(27.3,-26.2,17.));
#3999 = LINE('',#4000,#4001);
#4000 = CARTESIAN_POINT('',(27.3,-28.6,17.));
#4001 = VECTOR('',#4002,1.);
#4002 = DIRECTION('',(0.,1.,0.));
#4003 = ORIENTED_EDGE('',*,*,#4004,.F.);
#4004 = EDGE_CURVE('',#2635,#3997,#4005,.T.);
#4005 = LINE('',#4006,#4007);
#4006 = CARTESIAN_POINT('',(27.3,-26.2,16.5));
#4007 = VECTOR('',#4008,1.);
#4008 = DIRECTION('',(0.,0.,1.));
#4009 = ORIENTED_EDGE('',*,*,#2634,.T.);
#4010 = ORIENTED_EDGE('',*,*,#4011,.T.);
#4011 = EDGE_CURVE('',#2627,#4012,#4014,.T.);
#4012 = VERTEX_POINT('',#4013);
#4013 = CARTESIAN_POINT('',(27.3,-23.4,17.));
#4014 = LINE('',#4015,#4016);
#4015 = CARTESIAN_POINT('',(27.3,-23.4,16.5));
#4016 = VECTOR('',#4017,1.);
#4017 = DIRECTION('',(0.,0.,1.));
#4018 = ORIENTED_EDGE('',*,*,#4019,.T.);
#4019 = EDGE_CURVE('',#4012,#4020,#4022,.T.);
#4020 = VERTEX_POINT('',#4021);
#4021 = CARTESIAN_POINT('',(27.3,-21.,17.));
#4022 = LINE('',#4023,#4024);
#4023 = CARTESIAN_POINT('',(27.3,-23.4,17.));
#4024 = VECTOR('',#4025,1.);
#4025 = DIRECTION('',(0.,1.,0.));
#4026 = ORIENTED_EDGE('',*,*,#4027,.F.);
#4027 = EDGE_CURVE('',#2603,#4020,#4028,.T.);
#4028 = LINE('',#4029,#4030);
#4029 = CARTESIAN_POINT('',(27.3,-21.,16.5));
#4030 = VECTOR('',#4031,1.);
#4031 = DIRECTION('',(0.,0.,1.));
#4032 = ORIENTED_EDGE('',*,*,#2602,.T.);
#4033 = ORIENTED_EDGE('',*,*,#4034,.T.);
#4034 = EDGE_CURVE('',#2595,#3910,#4035,.T.);
#4035 = LINE('',#4036,#4037);
#4036 = CARTESIAN_POINT('',(27.3,-19.5,16.5));
#4037 = VECTOR('',#4038,1.);
#4038 = DIRECTION('',(0.,0.,1.));
#4039 = PLANE('',#4040);
#4040 = AXIS2_PLACEMENT_3D('',#4041,#4042,#4043);
#4041 = CARTESIAN_POINT('',(27.3,-48.8,16.5));
#4042 = DIRECTION('',(1.,0.,0.));
#4043 = DIRECTION('',(0.,0.,1.));
#4044 = ADVANCED_FACE('',(#4045),#4063,.F.);
#4045 = FACE_BOUND('',#4046,.F.);
#4046 = EDGE_LOOP('',(#4047,#4048,#4049,#4057));
#4047 = ORIENTED_EDGE('',*,*,#2754,.T.);
#4048 = ORIENTED_EDGE('',*,*,#3919,.T.);
#4049 = ORIENTED_EDGE('',*,*,#4050,.T.);
#4050 = EDGE_CURVE('',#3920,#4051,#4053,.T.);
#4051 = VERTEX_POINT('',#4052);
#4052 = CARTESIAN_POINT('',(29.6,-44.2,17.));
#4053 = LINE('',#4054,#4055);
#4054 = CARTESIAN_POINT('',(27.3,-44.2,17.));
#4055 = VECTOR('',#4056,1.);
#4056 = DIRECTION('',(1.,0.,0.));
#4057 = ORIENTED_EDGE('',*,*,#4058,.F.);
#4058 = EDGE_CURVE('',#2747,#4051,#4059,.T.);
#4059 = LINE('',#4060,#4061);
#4060 = CARTESIAN_POINT('',(29.6,-44.2,16.5));
#4061 = VECTOR('',#4062,1.);
#4062 = DIRECTION('',(0.,0.,1.));
#4063 = PLANE('',#4064);
#4064 = AXIS2_PLACEMENT_3D('',#4065,#4066,#4067);
#4065 = CARTESIAN_POINT('',(27.3,-44.2,16.5));
#4066 = DIRECTION('',(0.,1.,0.));
#4067 = DIRECTION('',(0.,0.,1.));
#4068 = ADVANCED_FACE('',(#4069),#4087,.T.);
#4069 = FACE_BOUND('',#4070,.T.);
#4070 = EDGE_LOOP('',(#4071,#4072,#4073,#4081));
#4071 = ORIENTED_EDGE('',*,*,#4058,.F.);
#4072 = ORIENTED_EDGE('',*,*,#2746,.T.);
#4073 = ORIENTED_EDGE('',*,*,#4074,.T.);
#4074 = EDGE_CURVE('',#2739,#4075,#4077,.T.);
#4075 = VERTEX_POINT('',#4076);
#4076 = CARTESIAN_POINT('',(29.6,-41.8,17.));
#4077 = LINE('',#4078,#4079);
#4078 = CARTESIAN_POINT('',(29.6,-41.8,16.5));
#4079 = VECTOR('',#4080,1.);
#4080 = DIRECTION('',(0.,0.,1.));
#4081 = ORIENTED_EDGE('',*,*,#4082,.F.);
#4082 = EDGE_CURVE('',#4051,#4075,#4083,.T.);
#4083 = LINE('',#4084,#4085);
#4084 = CARTESIAN_POINT('',(29.6,-44.2,17.));
#4085 = VECTOR('',#4086,1.);
#4086 = DIRECTION('',(0.,1.,0.));
#4087 = PLANE('',#4088);
#4088 = AXIS2_PLACEMENT_3D('',#4089,#4090,#4091);
#4089 = CARTESIAN_POINT('',(29.6,-44.2,16.5));
#4090 = DIRECTION('',(1.,0.,0.));
#4091 = DIRECTION('',(0.,0.,1.));
#4092 = ADVANCED_FACE('',(#4093),#4104,.T.);
#4093 = FACE_BOUND('',#4094,.T.);
#4094 = EDGE_LOOP('',(#4095,#4096,#4097,#4103));
#4095 = ORIENTED_EDGE('',*,*,#2738,.T.);
#4096 = ORIENTED_EDGE('',*,*,#3935,.T.);
#4097 = ORIENTED_EDGE('',*,*,#4098,.T.);
#4098 = EDGE_CURVE('',#3928,#4075,#4099,.T.);
#4099 = LINE('',#4100,#4101);
#4100 = CARTESIAN_POINT('',(27.3,-41.8,17.));
#4101 = VECTOR('',#4102,1.);
#4102 = DIRECTION('',(1.,0.,0.));
#4103 = ORIENTED_EDGE('',*,*,#4074,.F.);
#4104 = PLANE('',#4105);
#4105 = AXIS2_PLACEMENT_3D('',#4106,#4107,#4108);
#4106 = CARTESIAN_POINT('',(27.3,-41.8,16.5));
#4107 = DIRECTION('',(0.,1.,0.));
#4108 = DIRECTION('',(0.,0.,1.));
#4109 = ADVANCED_FACE('',(#4110),#4128,.F.);
#4110 = FACE_BOUND('',#4111,.F.);
#4111 = EDGE_LOOP('',(#4112,#4113,#4114,#4122));
#4112 = ORIENTED_EDGE('',*,*,#2722,.T.);
#4113 = ORIENTED_EDGE('',*,*,#3942,.T.);
#4114 = ORIENTED_EDGE('',*,*,#4115,.T.);
#4115 = EDGE_CURVE('',#3943,#4116,#4118,.T.);
#4116 = VERTEX_POINT('',#4117);
#4117 = CARTESIAN_POINT('',(29.6,-39.,17.));
#4118 = LINE('',#4119,#4120);
#4119 = CARTESIAN_POINT('',(27.3,-39.,17.));
#4120 = VECTOR('',#4121,1.);
#4121 = DIRECTION('',(1.,0.,0.));
#4122 = ORIENTED_EDGE('',*,*,#4123,.F.);
#4123 = EDGE_CURVE('',#2715,#4116,#4124,.T.);
#4124 = LINE('',#4125,#4126);
#4125 = CARTESIAN_POINT('',(29.6,-39.,16.5));
#4126 = VECTOR('',#4127,1.);
#4127 = DIRECTION('',(0.,0.,1.));
#4128 = PLANE('',#4129);
#4129 = AXIS2_PLACEMENT_3D('',#4130,#4131,#4132);
#4130 = CARTESIAN_POINT('',(27.3,-39.,16.5));
#4131 = DIRECTION('',(0.,1.,0.));
#4132 = DIRECTION('',(0.,0.,1.));
#4133 = ADVANCED_FACE('',(#4134),#4152,.T.);
#4134 = FACE_BOUND('',#4135,.T.);
#4135 = EDGE_LOOP('',(#4136,#4137,#4138,#4146));
#4136 = ORIENTED_EDGE('',*,*,#4123,.F.);
#4137 = ORIENTED_EDGE('',*,*,#2714,.T.);
#4138 = ORIENTED_EDGE('',*,*,#4139,.T.);
#4139 = EDGE_CURVE('',#2707,#4140,#4142,.T.);
#4140 = VERTEX_POINT('',#4141);
#4141 = CARTESIAN_POINT('',(29.6,-36.6,17.));
#4142 = LINE('',#4143,#4144);
#4143 = CARTESIAN_POINT('',(29.6,-36.6,16.5));
#4144 = VECTOR('',#4145,1.);
#4145 = DIRECTION('',(0.,0.,1.));
#4146 = ORIENTED_EDGE('',*,*,#4147,.F.);
#4147 = EDGE_CURVE('',#4116,#4140,#4148,.T.);
#4148 = LINE('',#4149,#4150);
#4149 = CARTESIAN_POINT('',(29.6,-39.,17.));
#4150 = VECTOR('',#4151,1.);
#4151 = DIRECTION('',(0.,1.,0.));
#4152 = PLANE('',#4153);
#4153 = AXIS2_PLACEMENT_3D('',#4154,#4155,#4156);
#4154 = CARTESIAN_POINT('',(29.6,-39.,16.5));
#4155 = DIRECTION('',(1.,0.,0.));
#4156 = DIRECTION('',(0.,0.,1.));
#4157 = ADVANCED_FACE('',(#4158),#4169,.T.);
#4158 = FACE_BOUND('',#4159,.T.);
#4159 = EDGE_LOOP('',(#4160,#4161,#4162,#4168));
#4160 = ORIENTED_EDGE('',*,*,#2706,.T.);
#4161 = ORIENTED_EDGE('',*,*,#3958,.T.);
#4162 = ORIENTED_EDGE('',*,*,#4163,.T.);
#4163 = EDGE_CURVE('',#3951,#4140,#4164,.T.);
#4164 = LINE('',#4165,#4166);
#4165 = CARTESIAN_POINT('',(27.3,-36.6,17.));
#4166 = VECTOR('',#4167,1.);
#4167 = DIRECTION('',(1.,0.,0.));
#4168 = ORIENTED_EDGE('',*,*,#4139,.F.);
#4169 = PLANE('',#4170);
#4170 = AXIS2_PLACEMENT_3D('',#4171,#4172,#4173);
#4171 = CARTESIAN_POINT('',(27.3,-36.6,16.5));
#4172 = DIRECTION('',(0.,1.,0.));
#4173 = DIRECTION('',(0.,0.,1.));
#4174 = ADVANCED_FACE('',(#4175),#4193,.F.);
#4175 = FACE_BOUND('',#4176,.F.);
#4176 = EDGE_LOOP('',(#4177,#4178,#4179,#4187));
#4177 = ORIENTED_EDGE('',*,*,#2690,.T.);
#4178 = ORIENTED_EDGE('',*,*,#3965,.T.);
#4179 = ORIENTED_EDGE('',*,*,#4180,.T.);
#4180 = EDGE_CURVE('',#3966,#4181,#4183,.T.);
#4181 = VERTEX_POINT('',#4182);
#4182 = CARTESIAN_POINT('',(29.6,-33.8,17.));
#4183 = LINE('',#4184,#4185);
#4184 = CARTESIAN_POINT('',(27.3,-33.8,17.));
#4185 = VECTOR('',#4186,1.);
#4186 = DIRECTION('',(1.,0.,0.));
#4187 = ORIENTED_EDGE('',*,*,#4188,.F.);
#4188 = EDGE_CURVE('',#2683,#4181,#4189,.T.);
#4189 = LINE('',#4190,#4191);
#4190 = CARTESIAN_POINT('',(29.6,-33.8,16.5));
#4191 = VECTOR('',#4192,1.);
#4192 = DIRECTION('',(0.,0.,1.));
#4193 = PLANE('',#4194);
#4194 = AXIS2_PLACEMENT_3D('',#4195,#4196,#4197);
#4195 = CARTESIAN_POINT('',(27.3,-33.8,16.5));
#4196 = DIRECTION('',(0.,1.,0.));
#4197 = DIRECTION('',(0.,0.,1.));
#4198 = ADVANCED_FACE('',(#4199),#4217,.T.);
#4199 = FACE_BOUND('',#4200,.T.);
#4200 = EDGE_LOOP('',(#4201,#4202,#4203,#4211));
#4201 = ORIENTED_EDGE('',*,*,#4188,.F.);
#4202 = ORIENTED_EDGE('',*,*,#2682,.T.);
#4203 = ORIENTED_EDGE('',*,*,#4204,.T.);
#4204 = EDGE_CURVE('',#2675,#4205,#4207,.T.);
#4205 = VERTEX_POINT('',#4206);
#4206 = CARTESIAN_POINT('',(29.6,-31.4,17.));
#4207 = LINE('',#4208,#4209);
#4208 = CARTESIAN_POINT('',(29.6,-31.4,16.5));
#4209 = VECTOR('',#4210,1.);
#4210 = DIRECTION('',(0.,0.,1.));
#4211 = ORIENTED_EDGE('',*,*,#4212,.F.);
#4212 = EDGE_CURVE('',#4181,#4205,#4213,.T.);
#4213 = LINE('',#4214,#4215);
#4214 = CARTESIAN_POINT('',(29.6,-33.8,17.));
#4215 = VECTOR('',#4216,1.);
#4216 = DIRECTION('',(0.,1.,0.));
#4217 = PLANE('',#4218);
#4218 = AXIS2_PLACEMENT_3D('',#4219,#4220,#4221);
#4219 = CARTESIAN_POINT('',(29.6,-33.8,16.5));
#4220 = DIRECTION('',(1.,0.,0.));
#4221 = DIRECTION('',(0.,0.,1.));
#4222 = ADVANCED_FACE('',(#4223),#4234,.T.);
#4223 = FACE_BOUND('',#4224,.T.);
#4224 = EDGE_LOOP('',(#4225,#4226,#4227,#4233));
#4225 = ORIENTED_EDGE('',*,*,#2674,.T.);
#4226 = ORIENTED_EDGE('',*,*,#3981,.T.);
#4227 = ORIENTED_EDGE('',*,*,#4228,.T.);
#4228 = EDGE_CURVE('',#3974,#4205,#4229,.T.);
#4229 = LINE('',#4230,#4231);
#4230 = CARTESIAN_POINT('',(27.3,-31.4,17.));
#4231 = VECTOR('',#4232,1.);
#4232 = DIRECTION('',(1.,0.,0.));
#4233 = ORIENTED_EDGE('',*,*,#4204,.F.);
#4234 = PLANE('',#4235);
#4235 = AXIS2_PLACEMENT_3D('',#4236,#4237,#4238);
#4236 = CARTESIAN_POINT('',(27.3,-31.4,16.5));
#4237 = DIRECTION('',(0.,1.,0.));
#4238 = DIRECTION('',(0.,0.,1.));
#4239 = ADVANCED_FACE('',(#4240),#4258,.F.);
#4240 = FACE_BOUND('',#4241,.F.);
#4241 = EDGE_LOOP('',(#4242,#4243,#4244,#4252));
#4242 = ORIENTED_EDGE('',*,*,#2658,.T.);
#4243 = ORIENTED_EDGE('',*,*,#3988,.T.);
#4244 = ORIENTED_EDGE('',*,*,#4245,.T.);
#4245 = EDGE_CURVE('',#3989,#4246,#4248,.T.);
#4246 = VERTEX_POINT('',#4247);
#4247 = CARTESIAN_POINT('',(29.6,-28.6,17.));
#4248 = LINE('',#4249,#4250);
#4249 = CARTESIAN_POINT('',(27.3,-28.6,17.));
#4250 = VECTOR('',#4251,1.);
#4251 = DIRECTION('',(1.,0.,0.));
#4252 = ORIENTED_EDGE('',*,*,#4253,.F.);
#4253 = EDGE_CURVE('',#2651,#4246,#4254,.T.);
#4254 = LINE('',#4255,#4256);
#4255 = CARTESIAN_POINT('',(29.6,-28.6,16.5));
#4256 = VECTOR('',#4257,1.);
#4257 = DIRECTION('',(0.,0.,1.));
#4258 = PLANE('',#4259);
#4259 = AXIS2_PLACEMENT_3D('',#4260,#4261,#4262);
#4260 = CARTESIAN_POINT('',(27.3,-28.6,16.5));
#4261 = DIRECTION('',(0.,1.,0.));
#4262 = DIRECTION('',(0.,0.,1.));
#4263 = ADVANCED_FACE('',(#4264),#4282,.T.);
#4264 = FACE_BOUND('',#4265,.T.);
#4265 = EDGE_LOOP('',(#4266,#4267,#4268,#4276));
#4266 = ORIENTED_EDGE('',*,*,#4253,.F.);
#4267 = ORIENTED_EDGE('',*,*,#2650,.T.);
#4268 = ORIENTED_EDGE('',*,*,#4269,.T.);
#4269 = EDGE_CURVE('',#2643,#4270,#4272,.T.);
#4270 = VERTEX_POINT('',#4271);
#4271 = CARTESIAN_POINT('',(29.6,-26.2,17.));
#4272 = LINE('',#4273,#4274);
#4273 = CARTESIAN_POINT('',(29.6,-26.2,16.5));
#4274 = VECTOR('',#4275,1.);
#4275 = DIRECTION('',(0.,0.,1.));
#4276 = ORIENTED_EDGE('',*,*,#4277,.F.);
#4277 = EDGE_CURVE('',#4246,#4270,#4278,.T.);
#4278 = LINE('',#4279,#4280);
#4279 = CARTESIAN_POINT('',(29.6,-28.6,17.));
#4280 = VECTOR('',#4281,1.);
#4281 = DIRECTION('',(0.,1.,0.));
#4282 = PLANE('',#4283);
#4283 = AXIS2_PLACEMENT_3D('',#4284,#4285,#4286);
#4284 = CARTESIAN_POINT('',(29.6,-28.6,16.5));
#4285 = DIRECTION('',(1.,0.,0.));
#4286 = DIRECTION('',(0.,0.,1.));
#4287 = ADVANCED_FACE('',(#4288),#4299,.T.);
#4288 = FACE_BOUND('',#4289,.T.);
#4289 = EDGE_LOOP('',(#4290,#4291,#4292,#4298));
#4290 = ORIENTED_EDGE('',*,*,#2642,.T.);
#4291 = ORIENTED_EDGE('',*,*,#4004,.T.);
#4292 = ORIENTED_EDGE('',*,*,#4293,.T.);
#4293 = EDGE_CURVE('',#3997,#4270,#4294,.T.);
#4294 = LINE('',#4295,#4296);
#4295 = CARTESIAN_POINT('',(27.3,-26.2,17.));
#4296 = VECTOR('',#4297,1.);
#4297 = DIRECTION('',(1.,0.,0.));
#4298 = ORIENTED_EDGE('',*,*,#4269,.F.);
#4299 = PLANE('',#4300);
#4300 = AXIS2_PLACEMENT_3D('',#4301,#4302,#4303);
#4301 = CARTESIAN_POINT('',(27.3,-26.2,16.5));
#4302 = DIRECTION('',(0.,1.,0.));
#4303 = DIRECTION('',(0.,0.,1.));
#4304 = ADVANCED_FACE('',(#4305),#4323,.F.);
#4305 = FACE_BOUND('',#4306,.F.);
#4306 = EDGE_LOOP('',(#4307,#4308,#4309,#4317));
#4307 = ORIENTED_EDGE('',*,*,#2626,.T.);
#4308 = ORIENTED_EDGE('',*,*,#4011,.T.);
#4309 = ORIENTED_EDGE('',*,*,#4310,.T.);
#4310 = EDGE_CURVE('',#4012,#4311,#4313,.T.);
#4311 = VERTEX_POINT('',#4312);
#4312 = CARTESIAN_POINT('',(29.6,-23.4,17.));
#4313 = LINE('',#4314,#4315);
#4314 = CARTESIAN_POINT('',(27.3,-23.4,17.));
#4315 = VECTOR('',#4316,1.);
#4316 = DIRECTION('',(1.,0.,0.));
#4317 = ORIENTED_EDGE('',*,*,#4318,.F.);
#4318 = EDGE_CURVE('',#2619,#4311,#4319,.T.);
#4319 = LINE('',#4320,#4321);
#4320 = CARTESIAN_POINT('',(29.6,-23.4,16.5));
#4321 = VECTOR('',#4322,1.);
#4322 = DIRECTION('',(0.,0.,1.));
#4323 = PLANE('',#4324);
#4324 = AXIS2_PLACEMENT_3D('',#4325,#4326,#4327);
#4325 = CARTESIAN_POINT('',(27.3,-23.4,16.5));
#4326 = DIRECTION('',(0.,1.,0.));
#4327 = DIRECTION('',(0.,0.,1.));
#4328 = ADVANCED_FACE('',(#4329),#4347,.T.);
#4329 = FACE_BOUND('',#4330,.T.);
#4330 = EDGE_LOOP('',(#4331,#4332,#4333,#4341));
#4331 = ORIENTED_EDGE('',*,*,#4318,.F.);
#4332 = ORIENTED_EDGE('',*,*,#2618,.T.);
#4333 = ORIENTED_EDGE('',*,*,#4334,.T.);
#4334 = EDGE_CURVE('',#2611,#4335,#4337,.T.);
#4335 = VERTEX_POINT('',#4336);
#4336 = CARTESIAN_POINT('',(29.6,-21.,17.));
#4337 = LINE('',#4338,#4339);
#4338 = CARTESIAN_POINT('',(29.6,-21.,16.5));
#4339 = VECTOR('',#4340,1.);
#4340 = DIRECTION('',(0.,0.,1.));
#4341 = ORIENTED_EDGE('',*,*,#4342,.F.);
#4342 = EDGE_CURVE('',#4311,#4335,#4343,.T.);
#4343 = LINE('',#4344,#4345);
#4344 = CARTESIAN_POINT('',(29.6,-23.4,17.));
#4345 = VECTOR('',#4346,1.);
#4346 = DIRECTION('',(0.,1.,0.));
#4347 = PLANE('',#4348);
#4348 = AXIS2_PLACEMENT_3D('',#4349,#4350,#4351);
#4349 = CARTESIAN_POINT('',(29.6,-23.4,16.5));
#4350 = DIRECTION('',(1.,0.,0.));
#4351 = DIRECTION('',(0.,0.,1.));
#4352 = ADVANCED_FACE('',(#4353),#4364,.T.);
#4353 = FACE_BOUND('',#4354,.T.);
#4354 = EDGE_LOOP('',(#4355,#4356,#4357,#4363));
#4355 = ORIENTED_EDGE('',*,*,#2610,.T.);
#4356 = ORIENTED_EDGE('',*,*,#4027,.T.);
#4357 = ORIENTED_EDGE('',*,*,#4358,.T.);
#4358 = EDGE_CURVE('',#4020,#4335,#4359,.T.);
#4359 = LINE('',#4360,#4361);
#4360 = CARTESIAN_POINT('',(27.3,-21.,17.));
#4361 = VECTOR('',#4362,1.);
#4362 = DIRECTION('',(1.,0.,0.));
#4363 = ORIENTED_EDGE('',*,*,#4334,.F.);
#4364 = PLANE('',#4365);
#4365 = AXIS2_PLACEMENT_3D('',#4366,#4367,#4368);
#4366 = CARTESIAN_POINT('',(27.3,-21.,16.5));
#4367 = DIRECTION('',(0.,1.,0.));
#4368 = DIRECTION('',(0.,0.,1.));
#4369 = ADVANCED_FACE('',(#4370),#4388,.T.);
#4370 = FACE_BOUND('',#4371,.T.);
#4371 = EDGE_LOOP('',(#4372,#4373,#4374,#4382));
#4372 = ORIENTED_EDGE('',*,*,#4034,.F.);
#4373 = ORIENTED_EDGE('',*,*,#2594,.T.);
#4374 = ORIENTED_EDGE('',*,*,#4375,.T.);
#4375 = EDGE_CURVE('',#2587,#4376,#4378,.T.);
#4376 = VERTEX_POINT('',#4377);
#4377 = CARTESIAN_POINT('',(26.1,-19.5,17.2));
#4378 = LINE('',#4379,#4380);
#4379 = CARTESIAN_POINT('',(26.1,-19.5,16.5));
#4380 = VECTOR('',#4381,1.);
#4381 = DIRECTION('',(0.,0.,1.));
#4382 = ORIENTED_EDGE('',*,*,#4383,.T.);
#4383 = EDGE_CURVE('',#4376,#3910,#4384,.T.);
#4384 = LINE('',#4385,#4386);
#4385 = CARTESIAN_POINT('',(26.1,-19.5,17.2));
#4386 = VECTOR('',#4387,1.);
#4387 = DIRECTION('',(1.,0.,0.));
#4388 = PLANE('',#4389);
#4389 = AXIS2_PLACEMENT_3D('',#4390,#4391,#4392);
#4390 = CARTESIAN_POINT('',(26.1,-19.5,16.5));
#4391 = DIRECTION('',(0.,1.,0.));
#4392 = DIRECTION('',(0.,0.,1.));
#4393 = ADVANCED_FACE('',(#4394),#4405,.F.);
#4394 = FACE_BOUND('',#4395,.F.);
#4395 = EDGE_LOOP('',(#4396,#4397,#4398,#4399));
#4396 = ORIENTED_EDGE('',*,*,#3887,.F.);
#4397 = ORIENTED_EDGE('',*,*,#2586,.T.);
#4398 = ORIENTED_EDGE('',*,*,#4375,.T.);
#4399 = ORIENTED_EDGE('',*,*,#4400,.F.);
#4400 = EDGE_CURVE('',#3888,#4376,#4401,.T.);
#4401 = LINE('',#4402,#4403);
#4402 = CARTESIAN_POINT('',(26.1,-48.8,17.2));
#4403 = VECTOR('',#4404,1.);
#4404 = DIRECTION('',(0.,1.,0.));
#4405 = PLANE('',#4406);
#4406 = AXIS2_PLACEMENT_3D('',#4407,#4408,#4409);
#4407 = CARTESIAN_POINT('',(26.1,-48.8,16.5));
#4408 = DIRECTION('',(1.,0.,0.));
#4409 = DIRECTION('',(0.,0.,1.));
#4410 = ADVANCED_FACE('',(#4411),#4436,.F.);
#4411 = FACE_BOUND('',#4412,.F.);
#4412 = EDGE_LOOP('',(#4413,#4421,#4422,#4430));
#4413 = ORIENTED_EDGE('',*,*,#4414,.F.);
#4414 = EDGE_CURVE('',#2777,#4415,#4417,.T.);
#4415 = VERTEX_POINT('',#4416);
#4416 = CARTESIAN_POINT('',(47.9,-48.8,17.2));
#4417 = LINE('',#4418,#4419);
#4418 = CARTESIAN_POINT('',(47.9,-48.8,16.5));
#4419 = VECTOR('',#4420,1.);
#4420 = DIRECTION('',(0.,0.,1.));
#4421 = ORIENTED_EDGE('',*,*,#2776,.T.);
#4422 = ORIENTED_EDGE('',*,*,#4423,.T.);
#4423 = EDGE_CURVE('',#2779,#4424,#4426,.T.);
#4424 = VERTEX_POINT('',#4425);
#4425 = CARTESIAN_POINT('',(46.7,-48.8,17.2));
#4426 = LINE('',#4427,#4428);
#4427 = CARTESIAN_POINT('',(46.7,-48.8,16.5));
#4428 = VECTOR('',#4429,1.);
#4429 = DIRECTION('',(0.,0.,1.));
#4430 = ORIENTED_EDGE('',*,*,#4431,.T.);
#4431 = EDGE_CURVE('',#4424,#4415,#4432,.T.);
#4432 = LINE('',#4433,#4434);
#4433 = CARTESIAN_POINT('',(46.7,-48.8,17.2));
#4434 = VECTOR('',#4435,1.);
#4435 = DIRECTION('',(1.,0.,0.));
#4436 = PLANE('',#4437);
#4437 = AXIS2_PLACEMENT_3D('',#4438,#4439,#4440);
#4438 = CARTESIAN_POINT('',(46.7,-48.8,16.5));
#4439 = DIRECTION('',(0.,1.,0.));
#4440 = DIRECTION('',(0.,0.,1.));
#4441 = ADVANCED_FACE('',(#4442),#4460,.T.);
#4442 = FACE_BOUND('',#4443,.T.);
#4443 = EDGE_LOOP('',(#4444,#4445,#4446,#4454));
#4444 = ORIENTED_EDGE('',*,*,#4414,.F.);
#4445 = ORIENTED_EDGE('',*,*,#2962,.T.);
#4446 = ORIENTED_EDGE('',*,*,#4447,.T.);
#4447 = EDGE_CURVE('',#2955,#4448,#4450,.T.);
#4448 = VERTEX_POINT('',#4449);
#4449 = CARTESIAN_POINT('',(47.9,-19.5,17.2));
#4450 = LINE('',#4451,#4452);
#4451 = CARTESIAN_POINT('',(47.9,-19.5,16.5));
#4452 = VECTOR('',#4453,1.);
#4453 = DIRECTION('',(0.,0.,1.));
#4454 = ORIENTED_EDGE('',*,*,#4455,.F.);
#4455 = EDGE_CURVE('',#4415,#4448,#4456,.T.);
#4456 = LINE('',#4457,#4458);
#4457 = CARTESIAN_POINT('',(47.9,-48.8,17.2));
#4458 = VECTOR('',#4459,1.);
#4459 = DIRECTION('',(0.,1.,0.));
#4460 = PLANE('',#4461);
#4461 = AXIS2_PLACEMENT_3D('',#4462,#4463,#4464);
#4462 = CARTESIAN_POINT('',(47.9,-48.8,16.5));
#4463 = DIRECTION('',(1.,0.,0.));
#4464 = DIRECTION('',(0.,0.,1.));
#4465 = ADVANCED_FACE('',(#4466),#4484,.T.);
#4466 = FACE_BOUND('',#4467,.T.);
#4467 = EDGE_LOOP('',(#4468,#4469,#4470,#4478));
#4468 = ORIENTED_EDGE('',*,*,#4447,.F.);
#4469 = ORIENTED_EDGE('',*,*,#2954,.T.);
#4470 = ORIENTED_EDGE('',*,*,#4471,.T.);
#4471 = EDGE_CURVE('',#2947,#4472,#4474,.T.);
#4472 = VERTEX_POINT('',#4473);
#4473 = CARTESIAN_POINT('',(46.7,-19.5,17.2));
#4474 = LINE('',#4475,#4476);
#4475 = CARTESIAN_POINT('',(46.7,-19.5,16.5));
#4476 = VECTOR('',#4477,1.);
#4477 = DIRECTION('',(0.,0.,1.));
#4478 = ORIENTED_EDGE('',*,*,#4479,.T.);
#4479 = EDGE_CURVE('',#4472,#4448,#4480,.T.);
#4480 = LINE('',#4481,#4482);
#4481 = CARTESIAN_POINT('',(46.7,-19.5,17.2));
#4482 = VECTOR('',#4483,1.);
#4483 = DIRECTION('',(1.,0.,0.));
#4484 = PLANE('',#4485);
#4485 = AXIS2_PLACEMENT_3D('',#4486,#4487,#4488);
#4486 = CARTESIAN_POINT('',(46.7,-19.5,16.5));
#4487 = DIRECTION('',(0.,1.,0.));
#4488 = DIRECTION('',(0.,0.,1.));
#4489 = ADVANCED_FACE('',(#4490),#4616,.F.);
#4490 = FACE_BOUND('',#4491,.F.);
#4491 = EDGE_LOOP('',(#4492,#4498,#4499,#4500,#4508,#4516,#4522,#4523,
    #4531,#4539,#4545,#4546,#4554,#4562,#4568,#4569,#4577,#4585,#4591,
    #4592,#4600,#4608,#4614,#4615));
#4492 = ORIENTED_EDGE('',*,*,#4493,.F.);
#4493 = EDGE_CURVE('',#4424,#4472,#4494,.T.);
#4494 = LINE('',#4495,#4496);
#4495 = CARTESIAN_POINT('',(46.7,-48.8,17.2));
#4496 = VECTOR('',#4497,1.);
#4497 = DIRECTION('',(0.,1.,0.));
#4498 = ORIENTED_EDGE('',*,*,#4423,.F.);
#4499 = ORIENTED_EDGE('',*,*,#2786,.T.);
#4500 = ORIENTED_EDGE('',*,*,#4501,.T.);
#4501 = EDGE_CURVE('',#2787,#4502,#4504,.T.);
#4502 = VERTEX_POINT('',#4503);
#4503 = CARTESIAN_POINT('',(46.7,-44.2,17.));
#4504 = LINE('',#4505,#4506);
#4505 = CARTESIAN_POINT('',(46.7,-44.2,16.5));
#4506 = VECTOR('',#4507,1.);
#4507 = DIRECTION('',(0.,0.,1.));
#4508 = ORIENTED_EDGE('',*,*,#4509,.T.);
#4509 = EDGE_CURVE('',#4502,#4510,#4512,.T.);
#4510 = VERTEX_POINT('',#4511);
#4511 = CARTESIAN_POINT('',(46.7,-41.8,17.));
#4512 = LINE('',#4513,#4514);
#4513 = CARTESIAN_POINT('',(46.7,-44.2,17.));
#4514 = VECTOR('',#4515,1.);
#4515 = DIRECTION('',(0.,1.,0.));
#4516 = ORIENTED_EDGE('',*,*,#4517,.F.);
#4517 = EDGE_CURVE('',#2811,#4510,#4518,.T.);
#4518 = LINE('',#4519,#4520);
#4519 = CARTESIAN_POINT('',(46.7,-41.8,16.5));
#4520 = VECTOR('',#4521,1.);
#4521 = DIRECTION('',(0.,0.,1.));
#4522 = ORIENTED_EDGE('',*,*,#2818,.T.);
#4523 = ORIENTED_EDGE('',*,*,#4524,.T.);
#4524 = EDGE_CURVE('',#2819,#4525,#4527,.T.);
#4525 = VERTEX_POINT('',#4526);
#4526 = CARTESIAN_POINT('',(46.7,-39.,17.));
#4527 = LINE('',#4528,#4529);
#4528 = CARTESIAN_POINT('',(46.7,-39.,16.5));
#4529 = VECTOR('',#4530,1.);
#4530 = DIRECTION('',(0.,0.,1.));
#4531 = ORIENTED_EDGE('',*,*,#4532,.T.);
#4532 = EDGE_CURVE('',#4525,#4533,#4535,.T.);
#4533 = VERTEX_POINT('',#4534);
#4534 = CARTESIAN_POINT('',(46.7,-36.6,17.));
#4535 = LINE('',#4536,#4537);
#4536 = CARTESIAN_POINT('',(46.7,-39.,17.));
#4537 = VECTOR('',#4538,1.);
#4538 = DIRECTION('',(0.,1.,0.));
#4539 = ORIENTED_EDGE('',*,*,#4540,.F.);
#4540 = EDGE_CURVE('',#2843,#4533,#4541,.T.);
#4541 = LINE('',#4542,#4543);
#4542 = CARTESIAN_POINT('',(46.7,-36.6,16.5));
#4543 = VECTOR('',#4544,1.);
#4544 = DIRECTION('',(0.,0.,1.));
#4545 = ORIENTED_EDGE('',*,*,#2850,.T.);
#4546 = ORIENTED_EDGE('',*,*,#4547,.T.);
#4547 = EDGE_CURVE('',#2851,#4548,#4550,.T.);
#4548 = VERTEX_POINT('',#4549);
#4549 = CARTESIAN_POINT('',(46.7,-33.8,17.));
#4550 = LINE('',#4551,#4552);
#4551 = CARTESIAN_POINT('',(46.7,-33.8,16.5));
#4552 = VECTOR('',#4553,1.);
#4553 = DIRECTION('',(0.,0.,1.));
#4554 = ORIENTED_EDGE('',*,*,#4555,.T.);
#4555 = EDGE_CURVE('',#4548,#4556,#4558,.T.);
#4556 = VERTEX_POINT('',#4557);
#4557 = CARTESIAN_POINT('',(46.7,-31.4,17.));
#4558 = LINE('',#4559,#4560);
#4559 = CARTESIAN_POINT('',(46.7,-33.8,17.));
#4560 = VECTOR('',#4561,1.);
#4561 = DIRECTION('',(0.,1.,0.));
#4562 = ORIENTED_EDGE('',*,*,#4563,.F.);
#4563 = EDGE_CURVE('',#2875,#4556,#4564,.T.);
#4564 = LINE('',#4565,#4566);
#4565 = CARTESIAN_POINT('',(46.7,-31.4,16.5));
#4566 = VECTOR('',#4567,1.);
#4567 = DIRECTION('',(0.,0.,1.));
#4568 = ORIENTED_EDGE('',*,*,#2882,.T.);
#4569 = ORIENTED_EDGE('',*,*,#4570,.T.);
#4570 = EDGE_CURVE('',#2883,#4571,#4573,.T.);
#4571 = VERTEX_POINT('',#4572);
#4572 = CARTESIAN_POINT('',(46.7,-28.6,17.));
#4573 = LINE('',#4574,#4575);
#4574 = CARTESIAN_POINT('',(46.7,-28.6,16.5));
#4575 = VECTOR('',#4576,1.);
#4576 = DIRECTION('',(0.,0.,1.));
#4577 = ORIENTED_EDGE('',*,*,#4578,.T.);
#4578 = EDGE_CURVE('',#4571,#4579,#4581,.T.);
#4579 = VERTEX_POINT('',#4580);
#4580 = CARTESIAN_POINT('',(46.7,-26.2,17.));
#4581 = LINE('',#4582,#4583);
#4582 = CARTESIAN_POINT('',(46.7,-28.6,17.));
#4583 = VECTOR('',#4584,1.);
#4584 = DIRECTION('',(0.,1.,0.));
#4585 = ORIENTED_EDGE('',*,*,#4586,.F.);
#4586 = EDGE_CURVE('',#2907,#4579,#4587,.T.);
#4587 = LINE('',#4588,#4589);
#4588 = CARTESIAN_POINT('',(46.7,-26.2,16.5));
#4589 = VECTOR('',#4590,1.);
#4590 = DIRECTION('',(0.,0.,1.));
#4591 = ORIENTED_EDGE('',*,*,#2914,.T.);
#4592 = ORIENTED_EDGE('',*,*,#4593,.T.);
#4593 = EDGE_CURVE('',#2915,#4594,#4596,.T.);
#4594 = VERTEX_POINT('',#4595);
#4595 = CARTESIAN_POINT('',(46.7,-23.4,17.));
#4596 = LINE('',#4597,#4598);
#4597 = CARTESIAN_POINT('',(46.7,-23.4,16.5));
#4598 = VECTOR('',#4599,1.);
#4599 = DIRECTION('',(0.,0.,1.));
#4600 = ORIENTED_EDGE('',*,*,#4601,.T.);
#4601 = EDGE_CURVE('',#4594,#4602,#4604,.T.);
#4602 = VERTEX_POINT('',#4603);
#4603 = CARTESIAN_POINT('',(46.7,-21.,17.));
#4604 = LINE('',#4605,#4606);
#4605 = CARTESIAN_POINT('',(46.7,-23.4,17.));
#4606 = VECTOR('',#4607,1.);
#4607 = DIRECTION('',(0.,1.,0.));
#4608 = ORIENTED_EDGE('',*,*,#4609,.F.);
#4609 = EDGE_CURVE('',#2939,#4602,#4610,.T.);
#4610 = LINE('',#4611,#4612);
#4611 = CARTESIAN_POINT('',(46.7,-21.,16.5));
#4612 = VECTOR('',#4613,1.);
#4613 = DIRECTION('',(0.,0.,1.));
#4614 = ORIENTED_EDGE('',*,*,#2946,.T.);
#4615 = ORIENTED_EDGE('',*,*,#4471,.T.);
#4616 = PLANE('',#4617);
#4617 = AXIS2_PLACEMENT_3D('',#4618,#4619,#4620);
#4618 = CARTESIAN_POINT('',(46.7,-48.8,16.5));
#4619 = DIRECTION('',(1.,0.,0.));
#4620 = DIRECTION('',(0.,0.,1.));
#4621 = ADVANCED_FACE('',(#4622),#4640,.T.);
#4622 = FACE_BOUND('',#4623,.T.);
#4623 = EDGE_LOOP('',(#4624,#4625,#4633,#4639));
#4624 = ORIENTED_EDGE('',*,*,#2938,.T.);
#4625 = ORIENTED_EDGE('',*,*,#4626,.T.);
#4626 = EDGE_CURVE('',#2931,#4627,#4629,.T.);
#4627 = VERTEX_POINT('',#4628);
#4628 = CARTESIAN_POINT('',(44.8,-21.,17.));
#4629 = LINE('',#4630,#4631);
#4630 = CARTESIAN_POINT('',(44.8,-21.,16.5));
#4631 = VECTOR('',#4632,1.);
#4632 = DIRECTION('',(0.,0.,1.));
#4633 = ORIENTED_EDGE('',*,*,#4634,.T.);
#4634 = EDGE_CURVE('',#4627,#4602,#4635,.T.);
#4635 = LINE('',#4636,#4637);
#4636 = CARTESIAN_POINT('',(44.8,-21.,17.));
#4637 = VECTOR('',#4638,1.);
#4638 = DIRECTION('',(1.,0.,0.));
#4639 = ORIENTED_EDGE('',*,*,#4609,.F.);
#4640 = PLANE('',#4641);
#4641 = AXIS2_PLACEMENT_3D('',#4642,#4643,#4644);
#4642 = CARTESIAN_POINT('',(44.8,-21.,16.5));
#4643 = DIRECTION('',(0.,1.,0.));
#4644 = DIRECTION('',(0.,0.,1.));
#4645 = ADVANCED_FACE('',(#4646),#4664,.F.);
#4646 = FACE_BOUND('',#4647,.F.);
#4647 = EDGE_LOOP('',(#4648,#4656,#4657,#4658));
#4648 = ORIENTED_EDGE('',*,*,#4649,.F.);
#4649 = EDGE_CURVE('',#2923,#4650,#4652,.T.);
#4650 = VERTEX_POINT('',#4651);
#4651 = CARTESIAN_POINT('',(44.8,-23.4,17.));
#4652 = LINE('',#4653,#4654);
#4653 = CARTESIAN_POINT('',(44.8,-23.4,16.5));
#4654 = VECTOR('',#4655,1.);
#4655 = DIRECTION('',(0.,0.,1.));
#4656 = ORIENTED_EDGE('',*,*,#2930,.T.);
#4657 = ORIENTED_EDGE('',*,*,#4626,.T.);
#4658 = ORIENTED_EDGE('',*,*,#4659,.F.);
#4659 = EDGE_CURVE('',#4650,#4627,#4660,.T.);
#4660 = LINE('',#4661,#4662);
#4661 = CARTESIAN_POINT('',(44.8,-23.4,17.));
#4662 = VECTOR('',#4663,1.);
#4663 = DIRECTION('',(0.,1.,0.));
#4664 = PLANE('',#4665);
#4665 = AXIS2_PLACEMENT_3D('',#4666,#4667,#4668);
#4666 = CARTESIAN_POINT('',(44.8,-23.4,16.5));
#4667 = DIRECTION('',(1.,0.,0.));
#4668 = DIRECTION('',(0.,0.,1.));
#4669 = ADVANCED_FACE('',(#4670),#4681,.F.);
#4670 = FACE_BOUND('',#4671,.F.);
#4671 = EDGE_LOOP('',(#4672,#4673,#4674,#4680));
#4672 = ORIENTED_EDGE('',*,*,#2922,.T.);
#4673 = ORIENTED_EDGE('',*,*,#4649,.T.);
#4674 = ORIENTED_EDGE('',*,*,#4675,.T.);
#4675 = EDGE_CURVE('',#4650,#4594,#4676,.T.);
#4676 = LINE('',#4677,#4678);
#4677 = CARTESIAN_POINT('',(44.8,-23.4,17.));
#4678 = VECTOR('',#4679,1.);
#4679 = DIRECTION('',(1.,0.,0.));
#4680 = ORIENTED_EDGE('',*,*,#4593,.F.);
#4681 = PLANE('',#4682);
#4682 = AXIS2_PLACEMENT_3D('',#4683,#4684,#4685);
#4683 = CARTESIAN_POINT('',(44.8,-23.4,16.5));
#4684 = DIRECTION('',(0.,1.,0.));
#4685 = DIRECTION('',(0.,0.,1.));
#4686 = ADVANCED_FACE('',(#4687),#4705,.T.);
#4687 = FACE_BOUND('',#4688,.T.);
#4688 = EDGE_LOOP('',(#4689,#4690,#4698,#4704));
#4689 = ORIENTED_EDGE('',*,*,#2906,.T.);
#4690 = ORIENTED_EDGE('',*,*,#4691,.T.);
#4691 = EDGE_CURVE('',#2899,#4692,#4694,.T.);
#4692 = VERTEX_POINT('',#4693);
#4693 = CARTESIAN_POINT('',(44.8,-26.2,17.));
#4694 = LINE('',#4695,#4696);
#4695 = CARTESIAN_POINT('',(44.8,-26.2,16.5));
#4696 = VECTOR('',#4697,1.);
#4697 = DIRECTION('',(0.,0.,1.));
#4698 = ORIENTED_EDGE('',*,*,#4699,.T.);
#4699 = EDGE_CURVE('',#4692,#4579,#4700,.T.);
#4700 = LINE('',#4701,#4702);
#4701 = CARTESIAN_POINT('',(44.8,-26.2,17.));
#4702 = VECTOR('',#4703,1.);
#4703 = DIRECTION('',(1.,0.,0.));
#4704 = ORIENTED_EDGE('',*,*,#4586,.F.);
#4705 = PLANE('',#4706);
#4706 = AXIS2_PLACEMENT_3D('',#4707,#4708,#4709);
#4707 = CARTESIAN_POINT('',(44.8,-26.2,16.5));
#4708 = DIRECTION('',(0.,1.,0.));
#4709 = DIRECTION('',(0.,0.,1.));
#4710 = ADVANCED_FACE('',(#4711),#4729,.F.);
#4711 = FACE_BOUND('',#4712,.F.);
#4712 = EDGE_LOOP('',(#4713,#4721,#4722,#4723));
#4713 = ORIENTED_EDGE('',*,*,#4714,.F.);
#4714 = EDGE_CURVE('',#2891,#4715,#4717,.T.);
#4715 = VERTEX_POINT('',#4716);
#4716 = CARTESIAN_POINT('',(44.8,-28.6,17.));
#4717 = LINE('',#4718,#4719);
#4718 = CARTESIAN_POINT('',(44.8,-28.6,16.5));
#4719 = VECTOR('',#4720,1.);
#4720 = DIRECTION('',(0.,0.,1.));
#4721 = ORIENTED_EDGE('',*,*,#2898,.T.);
#4722 = ORIENTED_EDGE('',*,*,#4691,.T.);
#4723 = ORIENTED_EDGE('',*,*,#4724,.F.);
#4724 = EDGE_CURVE('',#4715,#4692,#4725,.T.);
#4725 = LINE('',#4726,#4727);
#4726 = CARTESIAN_POINT('',(44.8,-28.6,17.));
#4727 = VECTOR('',#4728,1.);
#4728 = DIRECTION('',(0.,1.,0.));
#4729 = PLANE('',#4730);
#4730 = AXIS2_PLACEMENT_3D('',#4731,#4732,#4733);
#4731 = CARTESIAN_POINT('',(44.8,-28.6,16.5));
#4732 = DIRECTION('',(1.,0.,0.));
#4733 = DIRECTION('',(0.,0.,1.));
#4734 = ADVANCED_FACE('',(#4735),#4746,.F.);
#4735 = FACE_BOUND('',#4736,.F.);
#4736 = EDGE_LOOP('',(#4737,#4738,#4739,#4745));
#4737 = ORIENTED_EDGE('',*,*,#2890,.T.);
#4738 = ORIENTED_EDGE('',*,*,#4714,.T.);
#4739 = ORIENTED_EDGE('',*,*,#4740,.T.);
#4740 = EDGE_CURVE('',#4715,#4571,#4741,.T.);
#4741 = LINE('',#4742,#4743);
#4742 = CARTESIAN_POINT('',(44.8,-28.6,17.));
#4743 = VECTOR('',#4744,1.);
#4744 = DIRECTION('',(1.,0.,0.));
#4745 = ORIENTED_EDGE('',*,*,#4570,.F.);
#4746 = PLANE('',#4747);
#4747 = AXIS2_PLACEMENT_3D('',#4748,#4749,#4750);
#4748 = CARTESIAN_POINT('',(44.8,-28.6,16.5));
#4749 = DIRECTION('',(0.,1.,0.));
#4750 = DIRECTION('',(0.,0.,1.));
#4751 = ADVANCED_FACE('',(#4752),#4770,.T.);
#4752 = FACE_BOUND('',#4753,.T.);
#4753 = EDGE_LOOP('',(#4754,#4755,#4763,#4769));
#4754 = ORIENTED_EDGE('',*,*,#2874,.T.);
#4755 = ORIENTED_EDGE('',*,*,#4756,.T.);
#4756 = EDGE_CURVE('',#2867,#4757,#4759,.T.);
#4757 = VERTEX_POINT('',#4758);
#4758 = CARTESIAN_POINT('',(44.8,-31.4,17.));
#4759 = LINE('',#4760,#4761);
#4760 = CARTESIAN_POINT('',(44.8,-31.4,16.5));
#4761 = VECTOR('',#4762,1.);
#4762 = DIRECTION('',(0.,0.,1.));
#4763 = ORIENTED_EDGE('',*,*,#4764,.T.);
#4764 = EDGE_CURVE('',#4757,#4556,#4765,.T.);
#4765 = LINE('',#4766,#4767);
#4766 = CARTESIAN_POINT('',(44.8,-31.4,17.));
#4767 = VECTOR('',#4768,1.);
#4768 = DIRECTION('',(1.,0.,0.));
#4769 = ORIENTED_EDGE('',*,*,#4563,.F.);
#4770 = PLANE('',#4771);
#4771 = AXIS2_PLACEMENT_3D('',#4772,#4773,#4774);
#4772 = CARTESIAN_POINT('',(44.8,-31.4,16.5));
#4773 = DIRECTION('',(0.,1.,0.));
#4774 = DIRECTION('',(0.,0.,1.));
#4775 = ADVANCED_FACE('',(#4776),#4794,.F.);
#4776 = FACE_BOUND('',#4777,.F.);
#4777 = EDGE_LOOP('',(#4778,#4786,#4787,#4788));
#4778 = ORIENTED_EDGE('',*,*,#4779,.F.);
#4779 = EDGE_CURVE('',#2859,#4780,#4782,.T.);
#4780 = VERTEX_POINT('',#4781);
#4781 = CARTESIAN_POINT('',(44.8,-33.8,17.));
#4782 = LINE('',#4783,#4784);
#4783 = CARTESIAN_POINT('',(44.8,-33.8,16.5));
#4784 = VECTOR('',#4785,1.);
#4785 = DIRECTION('',(0.,0.,1.));
#4786 = ORIENTED_EDGE('',*,*,#2866,.T.);
#4787 = ORIENTED_EDGE('',*,*,#4756,.T.);
#4788 = ORIENTED_EDGE('',*,*,#4789,.F.);
#4789 = EDGE_CURVE('',#4780,#4757,#4790,.T.);
#4790 = LINE('',#4791,#4792);
#4791 = CARTESIAN_POINT('',(44.8,-33.8,17.));
#4792 = VECTOR('',#4793,1.);
#4793 = DIRECTION('',(0.,1.,0.));
#4794 = PLANE('',#4795);
#4795 = AXIS2_PLACEMENT_3D('',#4796,#4797,#4798);
#4796 = CARTESIAN_POINT('',(44.8,-33.8,16.5));
#4797 = DIRECTION('',(1.,0.,0.));
#4798 = DIRECTION('',(0.,0.,1.));
#4799 = ADVANCED_FACE('',(#4800),#4811,.F.);
#4800 = FACE_BOUND('',#4801,.F.);
#4801 = EDGE_LOOP('',(#4802,#4803,#4804,#4810));
#4802 = ORIENTED_EDGE('',*,*,#2858,.T.);
#4803 = ORIENTED_EDGE('',*,*,#4779,.T.);
#4804 = ORIENTED_EDGE('',*,*,#4805,.T.);
#4805 = EDGE_CURVE('',#4780,#4548,#4806,.T.);
#4806 = LINE('',#4807,#4808);
#4807 = CARTESIAN_POINT('',(44.8,-33.8,17.));
#4808 = VECTOR('',#4809,1.);
#4809 = DIRECTION('',(1.,0.,0.));
#4810 = ORIENTED_EDGE('',*,*,#4547,.F.);
#4811 = PLANE('',#4812);
#4812 = AXIS2_PLACEMENT_3D('',#4813,#4814,#4815);
#4813 = CARTESIAN_POINT('',(44.8,-33.8,16.5));
#4814 = DIRECTION('',(0.,1.,0.));
#4815 = DIRECTION('',(0.,0.,1.));
#4816 = ADVANCED_FACE('',(#4817),#4835,.T.);
#4817 = FACE_BOUND('',#4818,.T.);
#4818 = EDGE_LOOP('',(#4819,#4820,#4828,#4834));
#4819 = ORIENTED_EDGE('',*,*,#2842,.T.);
#4820 = ORIENTED_EDGE('',*,*,#4821,.T.);
#4821 = EDGE_CURVE('',#2835,#4822,#4824,.T.);
#4822 = VERTEX_POINT('',#4823);
#4823 = CARTESIAN_POINT('',(44.8,-36.6,17.));
#4824 = LINE('',#4825,#4826);
#4825 = CARTESIAN_POINT('',(44.8,-36.6,16.5));
#4826 = VECTOR('',#4827,1.);
#4827 = DIRECTION('',(0.,0.,1.));
#4828 = ORIENTED_EDGE('',*,*,#4829,.T.);
#4829 = EDGE_CURVE('',#4822,#4533,#4830,.T.);
#4830 = LINE('',#4831,#4832);
#4831 = CARTESIAN_POINT('',(44.8,-36.6,17.));
#4832 = VECTOR('',#4833,1.);
#4833 = DIRECTION('',(1.,0.,0.));
#4834 = ORIENTED_EDGE('',*,*,#4540,.F.);
#4835 = PLANE('',#4836);
#4836 = AXIS2_PLACEMENT_3D('',#4837,#4838,#4839);
#4837 = CARTESIAN_POINT('',(44.8,-36.6,16.5));
#4838 = DIRECTION('',(0.,1.,0.));
#4839 = DIRECTION('',(0.,0.,1.));
#4840 = ADVANCED_FACE('',(#4841),#4859,.F.);
#4841 = FACE_BOUND('',#4842,.F.);
#4842 = EDGE_LOOP('',(#4843,#4851,#4852,#4853));
#4843 = ORIENTED_EDGE('',*,*,#4844,.F.);
#4844 = EDGE_CURVE('',#2827,#4845,#4847,.T.);
#4845 = VERTEX_POINT('',#4846);
#4846 = CARTESIAN_POINT('',(44.8,-39.,17.));
#4847 = LINE('',#4848,#4849);
#4848 = CARTESIAN_POINT('',(44.8,-39.,16.5));
#4849 = VECTOR('',#4850,1.);
#4850 = DIRECTION('',(0.,0.,1.));
#4851 = ORIENTED_EDGE('',*,*,#2834,.T.);
#4852 = ORIENTED_EDGE('',*,*,#4821,.T.);
#4853 = ORIENTED_EDGE('',*,*,#4854,.F.);
#4854 = EDGE_CURVE('',#4845,#4822,#4855,.T.);
#4855 = LINE('',#4856,#4857);
#4856 = CARTESIAN_POINT('',(44.8,-39.,17.));
#4857 = VECTOR('',#4858,1.);
#4858 = DIRECTION('',(0.,1.,0.));
#4859 = PLANE('',#4860);
#4860 = AXIS2_PLACEMENT_3D('',#4861,#4862,#4863);
#4861 = CARTESIAN_POINT('',(44.8,-39.,16.5));
#4862 = DIRECTION('',(1.,0.,0.));
#4863 = DIRECTION('',(0.,0.,1.));
#4864 = ADVANCED_FACE('',(#4865),#4876,.F.);
#4865 = FACE_BOUND('',#4866,.F.);
#4866 = EDGE_LOOP('',(#4867,#4868,#4869,#4875));
#4867 = ORIENTED_EDGE('',*,*,#2826,.T.);
#4868 = ORIENTED_EDGE('',*,*,#4844,.T.);
#4869 = ORIENTED_EDGE('',*,*,#4870,.T.);
#4870 = EDGE_CURVE('',#4845,#4525,#4871,.T.);
#4871 = LINE('',#4872,#4873);
#4872 = CARTESIAN_POINT('',(44.8,-39.,17.));
#4873 = VECTOR('',#4874,1.);
#4874 = DIRECTION('',(1.,0.,0.));
#4875 = ORIENTED_EDGE('',*,*,#4524,.F.);
#4876 = PLANE('',#4877);
#4877 = AXIS2_PLACEMENT_3D('',#4878,#4879,#4880);
#4878 = CARTESIAN_POINT('',(44.8,-39.,16.5));
#4879 = DIRECTION('',(0.,1.,0.));
#4880 = DIRECTION('',(0.,0.,1.));
#4881 = ADVANCED_FACE('',(#4882),#4900,.T.);
#4882 = FACE_BOUND('',#4883,.T.);
#4883 = EDGE_LOOP('',(#4884,#4885,#4893,#4899));
#4884 = ORIENTED_EDGE('',*,*,#2810,.T.);
#4885 = ORIENTED_EDGE('',*,*,#4886,.T.);
#4886 = EDGE_CURVE('',#2803,#4887,#4889,.T.);
#4887 = VERTEX_POINT('',#4888);
#4888 = CARTESIAN_POINT('',(44.8,-41.8,17.));
#4889 = LINE('',#4890,#4891);
#4890 = CARTESIAN_POINT('',(44.8,-41.8,16.5));
#4891 = VECTOR('',#4892,1.);
#4892 = DIRECTION('',(0.,0.,1.));
#4893 = ORIENTED_EDGE('',*,*,#4894,.T.);
#4894 = EDGE_CURVE('',#4887,#4510,#4895,.T.);
#4895 = LINE('',#4896,#4897);
#4896 = CARTESIAN_POINT('',(44.8,-41.8,17.));
#4897 = VECTOR('',#4898,1.);
#4898 = DIRECTION('',(1.,0.,0.));
#4899 = ORIENTED_EDGE('',*,*,#4517,.F.);
#4900 = PLANE('',#4901);
#4901 = AXIS2_PLACEMENT_3D('',#4902,#4903,#4904);
#4902 = CARTESIAN_POINT('',(44.8,-41.8,16.5));
#4903 = DIRECTION('',(0.,1.,0.));
#4904 = DIRECTION('',(0.,0.,1.));
#4905 = ADVANCED_FACE('',(#4906),#4924,.F.);
#4906 = FACE_BOUND('',#4907,.F.);
#4907 = EDGE_LOOP('',(#4908,#4916,#4917,#4918));
#4908 = ORIENTED_EDGE('',*,*,#4909,.F.);
#4909 = EDGE_CURVE('',#2795,#4910,#4912,.T.);
#4910 = VERTEX_POINT('',#4911);
#4911 = CARTESIAN_POINT('',(44.8,-44.2,17.));
#4912 = LINE('',#4913,#4914);
#4913 = CARTESIAN_POINT('',(44.8,-44.2,16.5));
#4914 = VECTOR('',#4915,1.);
#4915 = DIRECTION('',(0.,0.,1.));
#4916 = ORIENTED_EDGE('',*,*,#2802,.T.);
#4917 = ORIENTED_EDGE('',*,*,#4886,.T.);
#4918 = ORIENTED_EDGE('',*,*,#4919,.F.);
#4919 = EDGE_CURVE('',#4910,#4887,#4920,.T.);
#4920 = LINE('',#4921,#4922);
#4921 = CARTESIAN_POINT('',(44.8,-44.2,17.));
#4922 = VECTOR('',#4923,1.);
#4923 = DIRECTION('',(0.,1.,0.));
#4924 = PLANE('',#4925);
#4925 = AXIS2_PLACEMENT_3D('',#4926,#4927,#4928);
#4926 = CARTESIAN_POINT('',(44.8,-44.2,16.5));
#4927 = DIRECTION('',(1.,0.,0.));
#4928 = DIRECTION('',(0.,0.,1.));
#4929 = ADVANCED_FACE('',(#4930),#4941,.F.);
#4930 = FACE_BOUND('',#4931,.F.);
#4931 = EDGE_LOOP('',(#4932,#4933,#4934,#4940));
#4932 = ORIENTED_EDGE('',*,*,#2794,.T.);
#4933 = ORIENTED_EDGE('',*,*,#4909,.T.);
#4934 = ORIENTED_EDGE('',*,*,#4935,.T.);
#4935 = EDGE_CURVE('',#4910,#4502,#4936,.T.);
#4936 = LINE('',#4937,#4938);
#4937 = CARTESIAN_POINT('',(44.8,-44.2,17.));
#4938 = VECTOR('',#4939,1.);
#4939 = DIRECTION('',(1.,0.,0.));
#4940 = ORIENTED_EDGE('',*,*,#4501,.F.);
#4941 = PLANE('',#4942);
#4942 = AXIS2_PLACEMENT_3D('',#4943,#4944,#4945);
#4943 = CARTESIAN_POINT('',(44.8,-44.2,16.5));
#4944 = DIRECTION('',(0.,1.,0.));
#4945 = DIRECTION('',(0.,0.,1.));
#4946 = ADVANCED_FACE('',(#4947),#4972,.F.);
#4947 = FACE_BOUND('',#4948,.F.);
#4948 = EDGE_LOOP('',(#4949,#4950,#4958,#4966));
#4949 = ORIENTED_EDGE('',*,*,#2970,.T.);
#4950 = ORIENTED_EDGE('',*,*,#4951,.T.);
#4951 = EDGE_CURVE('',#2973,#4952,#4954,.T.);
#4952 = VERTEX_POINT('',#4953);
#4953 = CARTESIAN_POINT('',(27.5,-12.4,17.2));
#4954 = LINE('',#4955,#4956);
#4955 = CARTESIAN_POINT('',(27.5,-12.4,16.5));
#4956 = VECTOR('',#4957,1.);
#4957 = DIRECTION('',(0.,0.,1.));
#4958 = ORIENTED_EDGE('',*,*,#4959,.T.);
#4959 = EDGE_CURVE('',#4952,#4960,#4962,.T.);
#4960 = VERTEX_POINT('',#4961);
#4961 = CARTESIAN_POINT('',(27.5,-15.6,17.2));
#4962 = LINE('',#4963,#4964);
#4963 = CARTESIAN_POINT('',(27.5,-12.4,17.2));
#4964 = VECTOR('',#4965,1.);
#4965 = DIRECTION('',(0.,-1.,0.));
#4966 = ORIENTED_EDGE('',*,*,#4967,.F.);
#4967 = EDGE_CURVE('',#2971,#4960,#4968,.T.);
#4968 = LINE('',#4969,#4970);
#4969 = CARTESIAN_POINT('',(27.5,-15.6,16.5));
#4970 = VECTOR('',#4971,1.);
#4971 = DIRECTION('',(0.,0.,1.));
#4972 = PLANE('',#4973);
#4973 = AXIS2_PLACEMENT_3D('',#4974,#4975,#4976);
#4974 = CARTESIAN_POINT('',(27.5,-12.4,16.5));
#4975 = DIRECTION('',(1.,0.,0.));
#4976 = DIRECTION('',(0.,-1.,0.));
#4977 = ADVANCED_FACE('',(#4978),#4996,.F.);
#4978 = FACE_BOUND('',#4979,.F.);
#4979 = EDGE_LOOP('',(#4980,#4981,#4982,#4990));
#4980 = ORIENTED_EDGE('',*,*,#3012,.T.);
#4981 = ORIENTED_EDGE('',*,*,#4967,.T.);
#4982 = ORIENTED_EDGE('',*,*,#4983,.T.);
#4983 = EDGE_CURVE('',#4960,#4984,#4986,.T.);
#4984 = VERTEX_POINT('',#4985);
#4985 = CARTESIAN_POINT('',(29.5,-17.,17.2));
#4986 = LINE('',#4987,#4988);
#4987 = CARTESIAN_POINT('',(27.5,-15.6,17.2));
#4988 = VECTOR('',#4989,1.);
#4989 = DIRECTION('',(0.819231920519,-0.573462344363,0.));
#4990 = ORIENTED_EDGE('',*,*,#4991,.F.);
#4991 = EDGE_CURVE('',#3005,#4984,#4992,.T.);
#4992 = LINE('',#4993,#4994);
#4993 = CARTESIAN_POINT('',(29.5,-17.,16.5));
#4994 = VECTOR('',#4995,1.);
#4995 = DIRECTION('',(0.,0.,1.));
#4996 = PLANE('',#4997);
#4997 = AXIS2_PLACEMENT_3D('',#4998,#4999,#5000);
#4998 = CARTESIAN_POINT('',(27.5,-15.6,16.5));
#4999 = DIRECTION('',(0.573462344363,0.819231920519,0.));
#5000 = DIRECTION('',(0.819231920519,-0.573462344363,0.));
#5001 = ADVANCED_FACE('',(#5002),#5020,.F.);
#5002 = FACE_BOUND('',#5003,.F.);
#5003 = EDGE_LOOP('',(#5004,#5005,#5006,#5014));
#5004 = ORIENTED_EDGE('',*,*,#3004,.T.);
#5005 = ORIENTED_EDGE('',*,*,#4991,.T.);
#5006 = ORIENTED_EDGE('',*,*,#5007,.T.);
#5007 = EDGE_CURVE('',#4984,#5008,#5010,.T.);
#5008 = VERTEX_POINT('',#5009);
#5009 = CARTESIAN_POINT('',(45.5,-17.,17.2));
#5010 = LINE('',#5011,#5012);
#5011 = CARTESIAN_POINT('',(29.5,-17.,17.2));
#5012 = VECTOR('',#5013,1.);
#5013 = DIRECTION('',(1.,0.,0.));
#5014 = ORIENTED_EDGE('',*,*,#5015,.F.);
#5015 = EDGE_CURVE('',#2997,#5008,#5016,.T.);
#5016 = LINE('',#5017,#5018);
#5017 = CARTESIAN_POINT('',(45.5,-17.,16.5));
#5018 = VECTOR('',#5019,1.);
#5019 = DIRECTION('',(0.,0.,1.));
#5020 = PLANE('',#5021);
#5021 = AXIS2_PLACEMENT_3D('',#5022,#5023,#5024);
#5022 = CARTESIAN_POINT('',(29.5,-17.,16.5));
#5023 = DIRECTION('',(0.,1.,0.));
#5024 = DIRECTION('',(1.,0.,0.));
#5025 = ADVANCED_FACE('',(#5026),#5044,.F.);
#5026 = FACE_BOUND('',#5027,.F.);
#5027 = EDGE_LOOP('',(#5028,#5029,#5030,#5038));
#5028 = ORIENTED_EDGE('',*,*,#2996,.T.);
#5029 = ORIENTED_EDGE('',*,*,#5015,.T.);
#5030 = ORIENTED_EDGE('',*,*,#5031,.T.);
#5031 = EDGE_CURVE('',#5008,#5032,#5034,.T.);
#5032 = VERTEX_POINT('',#5033);
#5033 = CARTESIAN_POINT('',(47.5,-15.6,17.2));
#5034 = LINE('',#5035,#5036);
#5035 = CARTESIAN_POINT('',(45.5,-17.,17.2));
#5036 = VECTOR('',#5037,1.);
#5037 = DIRECTION('',(0.819231920519,0.573462344363,0.));
#5038 = ORIENTED_EDGE('',*,*,#5039,.F.);
#5039 = EDGE_CURVE('',#2989,#5032,#5040,.T.);
#5040 = LINE('',#5041,#5042);
#5041 = CARTESIAN_POINT('',(47.5,-15.6,16.5));
#5042 = VECTOR('',#5043,1.);
#5043 = DIRECTION('',(0.,0.,1.));
#5044 = PLANE('',#5045);
#5045 = AXIS2_PLACEMENT_3D('',#5046,#5047,#5048);
#5046 = CARTESIAN_POINT('',(45.5,-17.,16.5));
#5047 = DIRECTION('',(-0.573462344363,0.819231920519,0.));
#5048 = DIRECTION('',(0.819231920519,0.573462344363,0.));
#5049 = ADVANCED_FACE('',(#5050),#5068,.F.);
#5050 = FACE_BOUND('',#5051,.F.);
#5051 = EDGE_LOOP('',(#5052,#5053,#5054,#5062));
#5052 = ORIENTED_EDGE('',*,*,#2988,.T.);
#5053 = ORIENTED_EDGE('',*,*,#5039,.T.);
#5054 = ORIENTED_EDGE('',*,*,#5055,.T.);
#5055 = EDGE_CURVE('',#5032,#5056,#5058,.T.);
#5056 = VERTEX_POINT('',#5057);
#5057 = CARTESIAN_POINT('',(47.5,-12.4,17.2));
#5058 = LINE('',#5059,#5060);
#5059 = CARTESIAN_POINT('',(47.5,-15.6,17.2));
#5060 = VECTOR('',#5061,1.);
#5061 = DIRECTION('',(0.,1.,0.));
#5062 = ORIENTED_EDGE('',*,*,#5063,.F.);
#5063 = EDGE_CURVE('',#2981,#5056,#5064,.T.);
#5064 = LINE('',#5065,#5066);
#5065 = CARTESIAN_POINT('',(47.5,-12.4,16.5));
#5066 = VECTOR('',#5067,1.);
#5067 = DIRECTION('',(0.,0.,1.));
#5068 = PLANE('',#5069);
#5069 = AXIS2_PLACEMENT_3D('',#5070,#5071,#5072);
#5070 = CARTESIAN_POINT('',(47.5,-15.6,16.5));
#5071 = DIRECTION('',(-1.,0.,0.));
#5072 = DIRECTION('',(0.,1.,0.));
#5073 = ADVANCED_FACE('',(#5074),#5085,.F.);
#5074 = FACE_BOUND('',#5075,.F.);
#5075 = EDGE_LOOP('',(#5076,#5077,#5078,#5084));
#5076 = ORIENTED_EDGE('',*,*,#2980,.T.);
#5077 = ORIENTED_EDGE('',*,*,#5063,.T.);
#5078 = ORIENTED_EDGE('',*,*,#5079,.T.);
#5079 = EDGE_CURVE('',#5056,#4952,#5080,.T.);
#5080 = LINE('',#5081,#5082);
#5081 = CARTESIAN_POINT('',(47.5,-12.4,17.2));
#5082 = VECTOR('',#5083,1.);
#5083 = DIRECTION('',(-1.,0.,0.));
#5084 = ORIENTED_EDGE('',*,*,#4951,.F.);
#5085 = PLANE('',#5086);
#5086 = AXIS2_PLACEMENT_3D('',#5087,#5088,#5089);
#5087 = CARTESIAN_POINT('',(47.5,-12.4,16.5));
#5088 = DIRECTION('',(0.,-1.,0.));
#5089 = DIRECTION('',(-1.,0.,0.));
#5090 = ADVANCED_FACE('',(#5091),#5094,.F.);
#5091 = FACE_BOUND('',#5092,.T.);
#5092 = EDGE_LOOP('',(#5093));
#5093 = ORIENTED_EDGE('',*,*,#3094,.F.);
#5094 = PLANE('',#5095);
#5095 = AXIS2_PLACEMENT_3D('',#5096,#5097,#5098);
#5096 = CARTESIAN_POINT('',(27.,-52.8,6.8));
#5097 = DIRECTION('',(0.,0.,1.));
#5098 = DIRECTION('',(1.,0.,0.));
#5099 = ADVANCED_FACE('',(#5100),#5106,.T.);
#5100 = FACE_BOUND('',#5101,.T.);
#5101 = EDGE_LOOP('',(#5102,#5103,#5104,#5105));
#5102 = ORIENTED_EDGE('',*,*,#3192,.F.);
#5103 = ORIENTED_EDGE('',*,*,#3127,.T.);
#5104 = ORIENTED_EDGE('',*,*,#3151,.T.);
#5105 = ORIENTED_EDGE('',*,*,#3175,.F.);
#5106 = PLANE('',#5107);
#5107 = AXIS2_PLACEMENT_3D('',#5108,#5109,#5110);
#5108 = CARTESIAN_POINT('',(29.8,-65.8,17.2));
#5109 = DIRECTION('',(0.,0.,1.));
#5110 = DIRECTION('',(1.,0.,0.));
#5111 = ADVANCED_FACE('',(#5112),#5118,.T.);
#5112 = FACE_BOUND('',#5113,.T.);
#5113 = EDGE_LOOP('',(#5114,#5115,#5116,#5117));
#5114 = ORIENTED_EDGE('',*,*,#3288,.F.);
#5115 = ORIENTED_EDGE('',*,*,#3223,.T.);
#5116 = ORIENTED_EDGE('',*,*,#3247,.T.);
#5117 = ORIENTED_EDGE('',*,*,#3271,.F.);
#5118 = PLANE('',#5119);
#5119 = AXIS2_PLACEMENT_3D('',#5120,#5121,#5122);
#5120 = CARTESIAN_POINT('',(32.1,-65.8,17.2));
#5121 = DIRECTION('',(0.,0.,1.));
#5122 = DIRECTION('',(1.,0.,0.));
#5123 = ADVANCED_FACE('',(#5124),#5130,.T.);
#5124 = FACE_BOUND('',#5125,.T.);
#5125 = EDGE_LOOP('',(#5126,#5127,#5128,#5129));
#5126 = ORIENTED_EDGE('',*,*,#3384,.F.);
#5127 = ORIENTED_EDGE('',*,*,#3319,.T.);
#5128 = ORIENTED_EDGE('',*,*,#3343,.T.);
#5129 = ORIENTED_EDGE('',*,*,#3367,.F.);
#5130 = PLANE('',#5131);
#5131 = AXIS2_PLACEMENT_3D('',#5132,#5133,#5134);
#5132 = CARTESIAN_POINT('',(34.4,-65.8,17.2));
#5133 = DIRECTION('',(0.,0.,1.));
#5134 = DIRECTION('',(1.,0.,0.));
#5135 = ADVANCED_FACE('',(#5136),#5142,.T.);
#5136 = FACE_BOUND('',#5137,.T.);
#5137 = EDGE_LOOP('',(#5138,#5139,#5140,#5141));
#5138 = ORIENTED_EDGE('',*,*,#3480,.F.);
#5139 = ORIENTED_EDGE('',*,*,#3415,.T.);
#5140 = ORIENTED_EDGE('',*,*,#3439,.T.);
#5141 = ORIENTED_EDGE('',*,*,#3463,.F.);
#5142 = PLANE('',#5143);
#5143 = AXIS2_PLACEMENT_3D('',#5144,#5145,#5146);
#5144 = CARTESIAN_POINT('',(36.7,-65.8,17.2));
#5145 = DIRECTION('',(0.,0.,1.));
#5146 = DIRECTION('',(1.,0.,0.));
#5147 = ADVANCED_FACE('',(#5148),#5154,.T.);
#5148 = FACE_BOUND('',#5149,.T.);
#5149 = EDGE_LOOP('',(#5150,#5151,#5152,#5153));
#5150 = ORIENTED_EDGE('',*,*,#3576,.F.);
#5151 = ORIENTED_EDGE('',*,*,#3511,.T.);
#5152 = ORIENTED_EDGE('',*,*,#3535,.T.);
#5153 = ORIENTED_EDGE('',*,*,#3559,.F.);
#5154 = PLANE('',#5155);
#5155 = AXIS2_PLACEMENT_3D('',#5156,#5157,#5158);
#5156 = CARTESIAN_POINT('',(39.,-65.8,17.2));
#5157 = DIRECTION('',(0.,0.,1.));
#5158 = DIRECTION('',(1.,0.,0.));
#5159 = ADVANCED_FACE('',(#5160),#5166,.T.);
#5160 = FACE_BOUND('',#5161,.T.);
#5161 = EDGE_LOOP('',(#5162,#5163,#5164,#5165));
#5162 = ORIENTED_EDGE('',*,*,#3672,.F.);
#5163 = ORIENTED_EDGE('',*,*,#3607,.T.);
#5164 = ORIENTED_EDGE('',*,*,#3631,.T.);
#5165 = ORIENTED_EDGE('',*,*,#3655,.F.);
#5166 = PLANE('',#5167);
#5167 = AXIS2_PLACEMENT_3D('',#5168,#5169,#5170);
#5168 = CARTESIAN_POINT('',(41.3,-65.8,17.2));
#5169 = DIRECTION('',(0.,0.,1.));
#5170 = DIRECTION('',(1.,0.,0.));
#5171 = ADVANCED_FACE('',(#5172),#5178,.T.);
#5172 = FACE_BOUND('',#5173,.T.);
#5173 = EDGE_LOOP('',(#5174,#5175,#5176,#5177));
#5174 = ORIENTED_EDGE('',*,*,#3768,.F.);
#5175 = ORIENTED_EDGE('',*,*,#3703,.T.);
#5176 = ORIENTED_EDGE('',*,*,#3727,.T.);
#5177 = ORIENTED_EDGE('',*,*,#3751,.F.);
#5178 = PLANE('',#5179);
#5179 = AXIS2_PLACEMENT_3D('',#5180,#5181,#5182);
#5180 = CARTESIAN_POINT('',(30.,-56.8,17.));
#5181 = DIRECTION('',(0.,0.,1.));
#5182 = DIRECTION('',(1.,0.,0.));
#5183 = ADVANCED_FACE('',(#5184),#5190,.T.);
#5184 = FACE_BOUND('',#5185,.T.);
#5185 = EDGE_LOOP('',(#5186,#5187,#5188,#5189));
#5186 = ORIENTED_EDGE('',*,*,#3864,.F.);
#5187 = ORIENTED_EDGE('',*,*,#3799,.T.);
#5188 = ORIENTED_EDGE('',*,*,#3823,.T.);
#5189 = ORIENTED_EDGE('',*,*,#3847,.F.);
#5190 = PLANE('',#5191);
#5191 = AXIS2_PLACEMENT_3D('',#5192,#5193,#5194);
#5192 = CARTESIAN_POINT('',(43.6,-65.8,17.2));
#5193 = DIRECTION('',(0.,0.,1.));
#5194 = DIRECTION('',(1.,0.,0.));
#5195 = ADVANCED_FACE('',(#5196),#5202,.T.);
#5196 = FACE_BOUND('',#5197,.T.);
#5197 = EDGE_LOOP('',(#5198,#5199,#5200,#5201));
#5198 = ORIENTED_EDGE('',*,*,#4400,.F.);
#5199 = ORIENTED_EDGE('',*,*,#3895,.T.);
#5200 = ORIENTED_EDGE('',*,*,#3909,.T.);
#5201 = ORIENTED_EDGE('',*,*,#4383,.F.);
#5202 = PLANE('',#5203);
#5203 = AXIS2_PLACEMENT_3D('',#5204,#5205,#5206);
#5204 = CARTESIAN_POINT('',(26.1,-48.8,17.2));
#5205 = DIRECTION('',(0.,0.,1.));
#5206 = DIRECTION('',(1.,0.,0.));
#5207 = ADVANCED_FACE('',(#5208),#5214,.T.);
#5208 = FACE_BOUND('',#5209,.T.);
#5209 = EDGE_LOOP('',(#5210,#5211,#5212,#5213));
#5210 = ORIENTED_EDGE('',*,*,#4019,.F.);
#5211 = ORIENTED_EDGE('',*,*,#4310,.T.);
#5212 = ORIENTED_EDGE('',*,*,#4342,.T.);
#5213 = ORIENTED_EDGE('',*,*,#4358,.F.);
#5214 = PLANE('',#5215);
#5215 = AXIS2_PLACEMENT_3D('',#5216,#5217,#5218);
#5216 = CARTESIAN_POINT('',(27.3,-23.4,17.));
#5217 = DIRECTION('',(0.,0.,1.));
#5218 = DIRECTION('',(1.,0.,0.));
#5219 = ADVANCED_FACE('',(#5220),#5226,.T.);
#5220 = FACE_BOUND('',#5221,.T.);
#5221 = EDGE_LOOP('',(#5222,#5223,#5224,#5225));
#5222 = ORIENTED_EDGE('',*,*,#3996,.F.);
#5223 = ORIENTED_EDGE('',*,*,#4245,.T.);
#5224 = ORIENTED_EDGE('',*,*,#4277,.T.);
#5225 = ORIENTED_EDGE('',*,*,#4293,.F.);
#5226 = PLANE('',#5227);
#5227 = AXIS2_PLACEMENT_3D('',#5228,#5229,#5230);
#5228 = CARTESIAN_POINT('',(27.3,-28.6,17.));
#5229 = DIRECTION('',(0.,0.,1.));
#5230 = DIRECTION('',(1.,0.,0.));
#5231 = ADVANCED_FACE('',(#5232),#5238,.T.);
#5232 = FACE_BOUND('',#5233,.T.);
#5233 = EDGE_LOOP('',(#5234,#5235,#5236,#5237));
#5234 = ORIENTED_EDGE('',*,*,#3973,.F.);
#5235 = ORIENTED_EDGE('',*,*,#4180,.T.);
#5236 = ORIENTED_EDGE('',*,*,#4212,.T.);
#5237 = ORIENTED_EDGE('',*,*,#4228,.F.);
#5238 = PLANE('',#5239);
#5239 = AXIS2_PLACEMENT_3D('',#5240,#5241,#5242);
#5240 = CARTESIAN_POINT('',(27.3,-33.8,17.));
#5241 = DIRECTION('',(0.,0.,1.));
#5242 = DIRECTION('',(1.,0.,0.));
#5243 = ADVANCED_FACE('',(#5244),#5250,.T.);
#5244 = FACE_BOUND('',#5245,.T.);
#5245 = EDGE_LOOP('',(#5246,#5247,#5248,#5249));
#5246 = ORIENTED_EDGE('',*,*,#3950,.F.);
#5247 = ORIENTED_EDGE('',*,*,#4115,.T.);
#5248 = ORIENTED_EDGE('',*,*,#4147,.T.);
#5249 = ORIENTED_EDGE('',*,*,#4163,.F.);
#5250 = PLANE('',#5251);
#5251 = AXIS2_PLACEMENT_3D('',#5252,#5253,#5254);
#5252 = CARTESIAN_POINT('',(27.3,-39.,17.));
#5253 = DIRECTION('',(0.,0.,1.));
#5254 = DIRECTION('',(1.,0.,0.));
#5255 = ADVANCED_FACE('',(#5256),#5262,.T.);
#5256 = FACE_BOUND('',#5257,.T.);
#5257 = EDGE_LOOP('',(#5258,#5259,#5260,#5261));
#5258 = ORIENTED_EDGE('',*,*,#3927,.F.);
#5259 = ORIENTED_EDGE('',*,*,#4050,.T.);
#5260 = ORIENTED_EDGE('',*,*,#4082,.T.);
#5261 = ORIENTED_EDGE('',*,*,#4098,.F.);
#5262 = PLANE('',#5263);
#5263 = AXIS2_PLACEMENT_3D('',#5264,#5265,#5266);
#5264 = CARTESIAN_POINT('',(27.3,-44.2,17.));
#5265 = DIRECTION('',(0.,0.,1.));
#5266 = DIRECTION('',(1.,0.,0.));
#5267 = ADVANCED_FACE('',(#5268),#5274,.T.);
#5268 = FACE_BOUND('',#5269,.T.);
#5269 = EDGE_LOOP('',(#5270,#5271,#5272,#5273));
#5270 = ORIENTED_EDGE('',*,*,#4493,.F.);
#5271 = ORIENTED_EDGE('',*,*,#4431,.T.);
#5272 = ORIENTED_EDGE('',*,*,#4455,.T.);
#5273 = ORIENTED_EDGE('',*,*,#4479,.F.);
#5274 = PLANE('',#5275);
#5275 = AXIS2_PLACEMENT_3D('',#5276,#5277,#5278);
#5276 = CARTESIAN_POINT('',(46.7,-48.8,17.2));
#5277 = DIRECTION('',(0.,0.,1.));
#5278 = DIRECTION('',(1.,0.,0.));
#5279 = ADVANCED_FACE('',(#5280),#5286,.T.);
#5280 = FACE_BOUND('',#5281,.T.);
#5281 = EDGE_LOOP('',(#5282,#5283,#5284,#5285));
#5282 = ORIENTED_EDGE('',*,*,#4659,.F.);
#5283 = ORIENTED_EDGE('',*,*,#4675,.T.);
#5284 = ORIENTED_EDGE('',*,*,#4601,.T.);
#5285 = ORIENTED_EDGE('',*,*,#4634,.F.);
#5286 = PLANE('',#5287);
#5287 = AXIS2_PLACEMENT_3D('',#5288,#5289,#5290);
#5288 = CARTESIAN_POINT('',(44.8,-23.4,17.));
#5289 = DIRECTION('',(0.,0.,1.));
#5290 = DIRECTION('',(1.,0.,0.));
#5291 = ADVANCED_FACE('',(#5292),#5298,.T.);
#5292 = FACE_BOUND('',#5293,.T.);
#5293 = EDGE_LOOP('',(#5294,#5295,#5296,#5297));
#5294 = ORIENTED_EDGE('',*,*,#4724,.F.);
#5295 = ORIENTED_EDGE('',*,*,#4740,.T.);
#5296 = ORIENTED_EDGE('',*,*,#4578,.T.);
#5297 = ORIENTED_EDGE('',*,*,#4699,.F.);
#5298 = PLANE('',#5299);
#5299 = AXIS2_PLACEMENT_3D('',#5300,#5301,#5302);
#5300 = CARTESIAN_POINT('',(44.8,-28.6,17.));
#5301 = DIRECTION('',(0.,0.,1.));
#5302 = DIRECTION('',(1.,0.,0.));
#5303 = ADVANCED_FACE('',(#5304),#5310,.T.);
#5304 = FACE_BOUND('',#5305,.T.);
#5305 = EDGE_LOOP('',(#5306,#5307,#5308,#5309));
#5306 = ORIENTED_EDGE('',*,*,#4789,.F.);
#5307 = ORIENTED_EDGE('',*,*,#4805,.T.);
#5308 = ORIENTED_EDGE('',*,*,#4555,.T.);
#5309 = ORIENTED_EDGE('',*,*,#4764,.F.);
#5310 = PLANE('',#5311);
#5311 = AXIS2_PLACEMENT_3D('',#5312,#5313,#5314);
#5312 = CARTESIAN_POINT('',(44.8,-33.8,17.));
#5313 = DIRECTION('',(0.,0.,1.));
#5314 = DIRECTION('',(1.,0.,0.));
#5315 = ADVANCED_FACE('',(#5316),#5322,.T.);
#5316 = FACE_BOUND('',#5317,.T.);
#5317 = EDGE_LOOP('',(#5318,#5319,#5320,#5321));
#5318 = ORIENTED_EDGE('',*,*,#4854,.F.);
#5319 = ORIENTED_EDGE('',*,*,#4870,.T.);
#5320 = ORIENTED_EDGE('',*,*,#4532,.T.);
#5321 = ORIENTED_EDGE('',*,*,#4829,.F.);
#5322 = PLANE('',#5323);
#5323 = AXIS2_PLACEMENT_3D('',#5324,#5325,#5326);
#5324 = CARTESIAN_POINT('',(44.8,-39.,17.));
#5325 = DIRECTION('',(0.,0.,1.));
#5326 = DIRECTION('',(1.,0.,0.));
#5327 = ADVANCED_FACE('',(#5328),#5334,.T.);
#5328 = FACE_BOUND('',#5329,.T.);
#5329 = EDGE_LOOP('',(#5330,#5331,#5332,#5333));
#5330 = ORIENTED_EDGE('',*,*,#4919,.F.);
#5331 = ORIENTED_EDGE('',*,*,#4935,.T.);
#5332 = ORIENTED_EDGE('',*,*,#4509,.T.);
#5333 = ORIENTED_EDGE('',*,*,#4894,.F.);
#5334 = PLANE('',#5335);
#5335 = AXIS2_PLACEMENT_3D('',#5336,#5337,#5338);
#5336 = CARTESIAN_POINT('',(44.8,-44.2,17.));
#5337 = DIRECTION('',(0.,0.,1.));
#5338 = DIRECTION('',(1.,0.,0.));
#5339 = ADVANCED_FACE('',(#5340),#5348,.T.);
#5340 = FACE_BOUND('',#5341,.T.);
#5341 = EDGE_LOOP('',(#5342,#5343,#5344,#5345,#5346,#5347));
#5342 = ORIENTED_EDGE('',*,*,#5079,.T.);
#5343 = ORIENTED_EDGE('',*,*,#4959,.T.);
#5344 = ORIENTED_EDGE('',*,*,#4983,.T.);
#5345 = ORIENTED_EDGE('',*,*,#5007,.T.);
#5346 = ORIENTED_EDGE('',*,*,#5031,.T.);
#5347 = ORIENTED_EDGE('',*,*,#5055,.T.);
#5348 = PLANE('',#5349);
#5349 = AXIS2_PLACEMENT_3D('',#5350,#5351,#5352);
#5350 = CARTESIAN_POINT('',(37.5,-14.57589934468,17.2));
#5351 = DIRECTION('',(0.,0.,1.));
#5352 = DIRECTION('',(1.,0.,0.));
#5353 = ORIENTED_CLOSED_SHELL('',*,#5354,.F.);
#5354 = CLOSED_SHELL('',(#5355,#5388,#5397));
#5355 = ADVANCED_FACE('',(#5356),#5383,.T.);
#5356 = FACE_BOUND('',#5357,.F.);
#5357 = EDGE_LOOP('',(#5358,#5368,#5375,#5376));
#5358 = ORIENTED_EDGE('',*,*,#5359,.T.);
#5359 = EDGE_CURVE('',#5360,#5362,#5364,.T.);
#5360 = VERTEX_POINT('',#5361);
#5361 = CARTESIAN_POINT('',(38.3,-64.7,7.));
#5362 = VERTEX_POINT('',#5363);
#5363 = CARTESIAN_POINT('',(38.3,-64.7,11.2));
#5364 = LINE('',#5365,#5366);
#5365 = CARTESIAN_POINT('',(38.3,-64.7,7.));
#5366 = VECTOR('',#5367,1.);
#5367 = DIRECTION('',(0.,0.,1.));
#5368 = ORIENTED_EDGE('',*,*,#5369,.T.);
#5369 = EDGE_CURVE('',#5362,#5362,#5370,.T.);
#5370 = CIRCLE('',#5371,1.1);
#5371 = AXIS2_PLACEMENT_3D('',#5372,#5373,#5374);
#5372 = CARTESIAN_POINT('',(37.2,-64.7,11.2));
#5373 = DIRECTION('',(0.,0.,1.));
#5374 = DIRECTION('',(1.,0.,0.));
#5375 = ORIENTED_EDGE('',*,*,#5359,.F.);
#5376 = ORIENTED_EDGE('',*,*,#5377,.F.);
#5377 = EDGE_CURVE('',#5360,#5360,#5378,.T.);
#5378 = CIRCLE('',#5379,1.1);
#5379 = AXIS2_PLACEMENT_3D('',#5380,#5381,#5382);
#5380 = CARTESIAN_POINT('',(37.2,-64.7,7.));
#5381 = DIRECTION('',(0.,0.,1.));
#5382 = DIRECTION('',(1.,0.,0.));
#5383 = CYLINDRICAL_SURFACE('',#5384,1.1);
#5384 = AXIS2_PLACEMENT_3D('',#5385,#5386,#5387);
#5385 = CARTESIAN_POINT('',(37.2,-64.7,7.));
#5386 = DIRECTION('',(-0.,-0.,-1.));
#5387 = DIRECTION('',(1.,0.,0.));
#5388 = ADVANCED_FACE('',(#5389),#5392,.F.);
#5389 = FACE_BOUND('',#5390,.T.);
#5390 = EDGE_LOOP('',(#5391));
#5391 = ORIENTED_EDGE('',*,*,#5377,.F.);
#5392 = PLANE('',#5393);
#5393 = AXIS2_PLACEMENT_3D('',#5394,#5395,#5396);
#5394 = CARTESIAN_POINT('',(37.2,-64.7,7.));
#5395 = DIRECTION('',(0.,0.,1.));
#5396 = DIRECTION('',(1.,0.,0.));
#5397 = ADVANCED_FACE('',(#5398),#5401,.T.);
#5398 = FACE_BOUND('',#5399,.F.);
#5399 = EDGE_LOOP('',(#5400));
#5400 = ORIENTED_EDGE('',*,*,#5369,.F.);
#5401 = PLANE('',#5402);
#5402 = AXIS2_PLACEMENT_3D('',#5403,#5404,#5405);
#5403 = CARTESIAN_POINT('',(37.2,-64.7,11.2));
#5404 = DIRECTION('',(0.,0.,1.));
#5405 = DIRECTION('',(1.,0.,0.));
#5406 = ORIENTED_CLOSED_SHELL('',*,#5407,.F.);
#5407 = CLOSED_SHELL('',(#5408,#5441,#5450));
#5408 = ADVANCED_FACE('',(#5409),#5436,.T.);
#5409 = FACE_BOUND('',#5410,.F.);
#5410 = EDGE_LOOP('',(#5411,#5421,#5428,#5429));
#5411 = ORIENTED_EDGE('',*,*,#5412,.T.);
#5412 = EDGE_CURVE('',#5413,#5415,#5417,.T.);
#5413 = VERTEX_POINT('',#5414);
#5414 = CARTESIAN_POINT('',(28.1,-52.8,7.));
#5415 = VERTEX_POINT('',#5416);
#5416 = CARTESIAN_POINT('',(28.1,-52.8,11.2));
#5417 = LINE('',#5418,#5419);
#5418 = CARTESIAN_POINT('',(28.1,-52.8,7.));
#5419 = VECTOR('',#5420,1.);
#5420 = DIRECTION('',(0.,0.,1.));
#5421 = ORIENTED_EDGE('',*,*,#5422,.T.);
#5422 = EDGE_CURVE('',#5415,#5415,#5423,.T.);
#5423 = CIRCLE('',#5424,1.1);
#5424 = AXIS2_PLACEMENT_3D('',#5425,#5426,#5427);
#5425 = CARTESIAN_POINT('',(27.,-52.8,11.2));
#5426 = DIRECTION('',(0.,0.,1.));
#5427 = DIRECTION('',(1.,0.,0.));
#5428 = ORIENTED_EDGE('',*,*,#5412,.F.);
#5429 = ORIENTED_EDGE('',*,*,#5430,.F.);
#5430 = EDGE_CURVE('',#5413,#5413,#5431,.T.);
#5431 = CIRCLE('',#5432,1.1);
#5432 = AXIS2_PLACEMENT_3D('',#5433,#5434,#5435);
#5433 = CARTESIAN_POINT('',(27.,-52.8,7.));
#5434 = DIRECTION('',(0.,0.,1.));
#5435 = DIRECTION('',(1.,0.,0.));
#5436 = CYLINDRICAL_SURFACE('',#5437,1.1);
#5437 = AXIS2_PLACEMENT_3D('',#5438,#5439,#5440);
#5438 = CARTESIAN_POINT('',(27.,-52.8,7.));
#5439 = DIRECTION('',(-0.,-0.,-1.));
#5440 = DIRECTION('',(1.,0.,0.));
#5441 = ADVANCED_FACE('',(#5442),#5445,.F.);
#5442 = FACE_BOUND('',#5443,.T.);
#5443 = EDGE_LOOP('',(#5444));
#5444 = ORIENTED_EDGE('',*,*,#5430,.F.);
#5445 = PLANE('',#5446);
#5446 = AXIS2_PLACEMENT_3D('',#5447,#5448,#5449);
#5447 = CARTESIAN_POINT('',(27.,-52.8,7.));
#5448 = DIRECTION('',(0.,0.,1.));
#5449 = DIRECTION('',(1.,0.,0.));
#5450 = ADVANCED_FACE('',(#5451),#5454,.T.);
#5451 = FACE_BOUND('',#5452,.F.);
#5452 = EDGE_LOOP('',(#5453));
#5453 = ORIENTED_EDGE('',*,*,#5422,.F.);
#5454 = PLANE('',#5455);
#5455 = AXIS2_PLACEMENT_3D('',#5456,#5457,#5458);
#5456 = CARTESIAN_POINT('',(27.,-52.8,11.2));
#5457 = DIRECTION('',(0.,0.,1.));
#5458 = DIRECTION('',(1.,0.,0.));
#5459 = ORIENTED_CLOSED_SHELL('',*,#5460,.F.);
#5460 = CLOSED_SHELL('',(#5461,#5494,#5503));
#5461 = ADVANCED_FACE('',(#5462),#5489,.T.);
#5462 = FACE_BOUND('',#5463,.F.);
#5463 = EDGE_LOOP('',(#5464,#5474,#5481,#5482));
#5464 = ORIENTED_EDGE('',*,*,#5465,.T.);
#5465 = EDGE_CURVE('',#5466,#5468,#5470,.T.);
#5466 = VERTEX_POINT('',#5467);
#5467 = CARTESIAN_POINT('',(48.1,-52.8,7.));
#5468 = VERTEX_POINT('',#5469);
#5469 = CARTESIAN_POINT('',(48.1,-52.8,11.2));
#5470 = LINE('',#5471,#5472);
#5471 = CARTESIAN_POINT('',(48.1,-52.8,7.));
#5472 = VECTOR('',#5473,1.);
#5473 = DIRECTION('',(0.,0.,1.));
#5474 = ORIENTED_EDGE('',*,*,#5475,.T.);
#5475 = EDGE_CURVE('',#5468,#5468,#5476,.T.);
#5476 = CIRCLE('',#5477,1.1);
#5477 = AXIS2_PLACEMENT_3D('',#5478,#5479,#5480);
#5478 = CARTESIAN_POINT('',(47.,-52.8,11.2));
#5479 = DIRECTION('',(0.,0.,1.));
#5480 = DIRECTION('',(1.,0.,0.));
#5481 = ORIENTED_EDGE('',*,*,#5465,.F.);
#5482 = ORIENTED_EDGE('',*,*,#5483,.F.);
#5483 = EDGE_CURVE('',#5466,#5466,#5484,.T.);
#5484 = CIRCLE('',#5485,1.1);
#5485 = AXIS2_PLACEMENT_3D('',#5486,#5487,#5488);
#5486 = CARTESIAN_POINT('',(47.,-52.8,7.));
#5487 = DIRECTION('',(0.,0.,1.));
#5488 = DIRECTION('',(1.,0.,0.));
#5489 = CYLINDRICAL_SURFACE('',#5490,1.1);
#5490 = AXIS2_PLACEMENT_3D('',#5491,#5492,#5493);
#5491 = CARTESIAN_POINT('',(47.,-52.8,7.));
#5492 = DIRECTION('',(-0.,-0.,-1.));
#5493 = DIRECTION('',(1.,0.,0.));
#5494 = ADVANCED_FACE('',(#5495),#5498,.F.);
#5495 = FACE_BOUND('',#5496,.T.);
#5496 = EDGE_LOOP('',(#5497));
#5497 = ORIENTED_EDGE('',*,*,#5483,.F.);
#5498 = PLANE('',#5499);
#5499 = AXIS2_PLACEMENT_3D('',#5500,#5501,#5502);
#5500 = CARTESIAN_POINT('',(47.,-52.8,7.));
#5501 = DIRECTION('',(0.,0.,1.));
#5502 = DIRECTION('',(1.,0.,0.));
#5503 = ADVANCED_FACE('',(#5504),#5507,.T.);
#5504 = FACE_BOUND('',#5505,.F.);
#5505 = EDGE_LOOP('',(#5506));
#5506 = ORIENTED_EDGE('',*,*,#5475,.F.);
#5507 = PLANE('',#5508);
#5508 = AXIS2_PLACEMENT_3D('',#5509,#5510,#5511);
#5509 = CARTESIAN_POINT('',(47.,-52.8,11.2));
#5510 = DIRECTION('',(0.,0.,1.));
#5511 = DIRECTION('',(1.,0.,0.));
#5512 = ( GEOMETRIC_REPRESENTATION_CONTEXT(3) 
GLOBAL_UNCERTAINTY_ASSIGNED_CONTEXT((#5516)) 
GLOBAL_UNIT_ASSIGNED_CONTEXT((#5513,#5514,#5515)) REPRESENTATION_CONTEXT
('Context #1','3D Context with UNIT and UNCERTAINTY') );
#5513 = ( LENGTH_UNIT() NAMED_UNIT(*) SI_UNIT(.MILLI.,.METRE.) );
#5514 = ( NAMED_UNIT(*) PLANE_ANGLE_UNIT() SI_UNIT($,.RADIAN.) );
#5515 = ( NAMED_UNIT(*) SI_UNIT($,.STERADIAN.) SOLID_ANGLE_UNIT() );
#5516 = UNCERTAINTY_MEASURE_WITH_UNIT(LENGTH_MEASURE(2.E-05),#5513,
  'distance_accuracy_value','confusion accuracy');
#5517 = PRODUCT_RELATED_PRODUCT_CATEGORY('part',$,(#7));
ENDSEC;
END-ISO-10303-21;
