ISO-10303-21;
HEADER;
FILE_DESCRIPTION(('FreeCAD Model'),'2;1');
FILE_NAME('Open CASCADE Shape Model','2026-09-22T18:53:15',('FreeCAD'),(
    'FreeCAD'),'Open CASCADE STEP processor 7.8','FreeCAD','Unknown');
FILE_SCHEMA(('AUTOMOTIVE_DESIGN { 1 0 10303 214 1 1 1 1 }'));
ENDSEC;
DATA;
#1 = APPLICATION_PROTOCOL_DEFINITION('international standard',
  'automotive_design',2000,#2);
#2 = APPLICATION_CONTEXT(
  'core data for automotive mechanical design processes');
#3 = SHAPE_DEFINITION_REPRESENTATION(#4,#10);
#4 = PRODUCT_DEFINITION_SHAPE('','',#5);
#5 = PRODUCT_DEFINITION('design','',#6,#9);
#6 = PRODUCT_DEFINITION_FORMATION('','',#7);
#7 = PRODUCT('Open CASCADE STEP translator 7.8 39',
  'Open CASCADE STEP translator 7.8 39','',(#8));
#8 = PRODUCT_CONTEXT('',#2,'mechanical');
#9 = PRODUCT_DEFINITION_CONTEXT('part definition',#2,'design');
#10 = ADVANCED_BREP_SHAPE_REPRESENTATION('',(#11,#15),#3319);
#11 = AXIS2_PLACEMENT_3D('',#12,#13,#14);
#12 = CARTESIAN_POINT('',(0.,0.,0.));
#13 = DIRECTION('',(0.,0.,1.));
#14 = DIRECTION('',(1.,0.,-0.));
#15 = BREP_WITH_VOIDS('',#16,(#3160,#3213,#3266));
#16 = CLOSED_SHELL('',(#17,#153,#184,#429,#453,#604,#629,#654,#679,#741,
    #769,#780,#815,#841,#866,#924,#941,#986,#1003,#1015,#1032,#1065,
    #1105,#1129,#1153,#1234,#1258,#1282,#1306,#1330,#1354,#1378,#1402,
    #1426,#1450,#1474,#1498,#1522,#1539,#1564,#1595,#1619,#1643,#1660,
    #1699,#1724,#1748,#1773,#1829,#1853,#1909,#1926,#1944,#1969,#1994,
    #2018,#2074,#2092,#2102,#2120,#2137,#2213,#2230,#2242,#2270,#2281,
    #2487,#2533,#2550,#2562,#2574,#2583,#2592,#2617,#2642,#2673,#2697,
    #2721,#2738,#2769,#2793,#2817,#2834,#2865,#2889,#2913,#2930,#2961,
    #2985,#3009,#3026,#3048,#3065,#3082,#3094,#3103,#3112,#3124,#3136,
    #3148));
#17 = ADVANCED_FACE('',(#18),#148,.F.);
#18 = FACE_BOUND('',#19,.F.);
#19 = EDGE_LOOP('',(#20,#30,#38,#46,#54,#62,#70,#78,#86,#94,#102,#110,
    #118,#126,#134,#142));
#20 = ORIENTED_EDGE('',*,*,#21,.F.);
#21 = EDGE_CURVE('',#22,#24,#26,.T.);
#22 = VERTEX_POINT('',#23);
#23 = CARTESIAN_POINT('',(26.229458346531,-65.8,6.3));
#24 = VERTEX_POINT('',#25);
#25 = CARTESIAN_POINT('',(26.229458346531,-65.8,15.4));
#26 = LINE('',#27,#28);
#27 = CARTESIAN_POINT('',(26.229458346531,-65.8,6.2));
#28 = VECTOR('',#29,1.);
#29 = DIRECTION('',(0.,0.,1.));
#30 = ORIENTED_EDGE('',*,*,#31,.T.);
#31 = EDGE_CURVE('',#22,#32,#34,.T.);
#32 = VERTEX_POINT('',#33);
#33 = CARTESIAN_POINT('',(27.367144864974,-65.8,6.3));
#34 = LINE('',#35,#36);
#35 = CARTESIAN_POINT('',(42.406927111653,-65.8,6.3));
#36 = VECTOR('',#37,1.);
#37 = DIRECTION('',(1.,0.,0.));
#38 = ORIENTED_EDGE('',*,*,#39,.F.);
#39 = EDGE_CURVE('',#40,#32,#42,.T.);
#40 = VERTEX_POINT('',#41);
#41 = CARTESIAN_POINT('',(27.367144864974,-65.8,6.75));
#42 = LINE('',#43,#44);
#43 = CARTESIAN_POINT('',(27.367144864974,-65.8,5.3));
#44 = VECTOR('',#45,1.);
#45 = DIRECTION('',(-0.,-0.,-1.));
#46 = ORIENTED_EDGE('',*,*,#47,.F.);
#47 = EDGE_CURVE('',#48,#40,#50,.T.);
#48 = VERTEX_POINT('',#49);
#49 = CARTESIAN_POINT('',(31.432855135026,-65.8,6.75));
#50 = LINE('',#51,#52);
#51 = CARTESIAN_POINT('',(38.585270826735,-65.8,6.75));
#52 = VECTOR('',#53,1.);
#53 = DIRECTION('',(-1.,0.,0.));
#54 = ORIENTED_EDGE('',*,*,#55,.T.);
#55 = EDGE_CURVE('',#48,#56,#58,.T.);
#56 = VERTEX_POINT('',#57);
#57 = CARTESIAN_POINT('',(31.432855135026,-65.8,6.3));
#58 = LINE('',#59,#60);
#59 = CARTESIAN_POINT('',(31.432855135026,-65.8,5.3));
#60 = VECTOR('',#61,1.);
#61 = DIRECTION('',(-0.,-0.,-1.));
#62 = ORIENTED_EDGE('',*,*,#63,.T.);
#63 = EDGE_CURVE('',#56,#64,#66,.T.);
#64 = VERTEX_POINT('',#65);
#65 = CARTESIAN_POINT('',(35.712552521936,-65.8,6.3));
#66 = LINE('',#67,#68);
#67 = CARTESIAN_POINT('',(42.406927111653,-65.8,6.3));
#68 = VECTOR('',#69,1.);
#69 = DIRECTION('',(1.,0.,0.));
#70 = ORIENTED_EDGE('',*,*,#71,.F.);
#71 = EDGE_CURVE('',#72,#64,#74,.T.);
#72 = VERTEX_POINT('',#73);
#73 = CARTESIAN_POINT('',(35.712552521936,-65.8,11.6));
#74 = LINE('',#75,#76);
#75 = CARTESIAN_POINT('',(35.712552521936,-65.8,6.3));
#76 = VECTOR('',#77,1.);
#77 = DIRECTION('',(-0.,-0.,-1.));
#78 = ORIENTED_EDGE('',*,*,#79,.F.);
#79 = EDGE_CURVE('',#80,#72,#82,.T.);
#80 = VERTEX_POINT('',#81);
#81 = CARTESIAN_POINT('',(38.687447478064,-65.8,11.6));
#82 = LINE('',#83,#84);
#83 = CARTESIAN_POINT('',(42.485270826735,-65.8,11.6));
#84 = VECTOR('',#85,1.);
#85 = DIRECTION('',(-1.,0.,0.));
#86 = ORIENTED_EDGE('',*,*,#87,.T.);
#87 = EDGE_CURVE('',#80,#88,#90,.T.);
#88 = VERTEX_POINT('',#89);
#89 = CARTESIAN_POINT('',(38.687447478064,-65.8,6.3));
#90 = LINE('',#91,#92);
#91 = CARTESIAN_POINT('',(38.687447478064,-65.8,6.3));
#92 = VECTOR('',#93,1.);
#93 = DIRECTION('',(-0.,-0.,-1.));
#94 = ORIENTED_EDGE('',*,*,#95,.T.);
#95 = EDGE_CURVE('',#88,#96,#98,.T.);
#96 = VERTEX_POINT('',#97);
#97 = CARTESIAN_POINT('',(43.371033114396,-65.8,6.3));
#98 = LINE('',#99,#100);
#99 = CARTESIAN_POINT('',(42.406927111653,-65.8,6.3));
#100 = VECTOR('',#101,1.);
#101 = DIRECTION('',(1.,0.,0.));
#102 = ORIENTED_EDGE('',*,*,#103,.F.);
#103 = EDGE_CURVE('',#104,#96,#106,.T.);
#104 = VERTEX_POINT('',#105);
#105 = CARTESIAN_POINT('',(43.371033114396,-65.8,6.75));
#106 = LINE('',#107,#108);
#107 = CARTESIAN_POINT('',(43.371033114396,-65.8,5.3));
#108 = VECTOR('',#109,1.);
#109 = DIRECTION('',(-0.,-0.,-1.));
#110 = ORIENTED_EDGE('',*,*,#111,.F.);
#111 = EDGE_CURVE('',#112,#104,#114,.T.);
#112 = VERTEX_POINT('',#113);
#113 = CARTESIAN_POINT('',(47.628966885604,-65.8,6.75));
#114 = LINE('',#115,#116);
#115 = CARTESIAN_POINT('',(46.635270826735,-65.8,6.75));
#116 = VECTOR('',#117,1.);
#117 = DIRECTION('',(-1.,0.,0.));
#118 = ORIENTED_EDGE('',*,*,#119,.T.);
#119 = EDGE_CURVE('',#112,#120,#122,.T.);
#120 = VERTEX_POINT('',#121);
#121 = CARTESIAN_POINT('',(47.628966885604,-65.8,6.3));
#122 = LINE('',#123,#124);
#123 = CARTESIAN_POINT('',(47.628966885604,-65.8,5.3));
#124 = VECTOR('',#125,1.);
#125 = DIRECTION('',(-0.,-0.,-1.));
#126 = ORIENTED_EDGE('',*,*,#127,.T.);
#127 = EDGE_CURVE('',#120,#128,#130,.T.);
#128 = VERTEX_POINT('',#129);
#129 = CARTESIAN_POINT('',(47.770541653469,-65.8,6.3));
#130 = LINE('',#131,#132);
#131 = CARTESIAN_POINT('',(42.406927111653,-65.8,6.3));
#132 = VECTOR('',#133,1.);
#133 = DIRECTION('',(1.,0.,0.));
#134 = ORIENTED_EDGE('',*,*,#135,.T.);
#135 = EDGE_CURVE('',#128,#136,#138,.T.);
#136 = VERTEX_POINT('',#137);
#137 = CARTESIAN_POINT('',(47.770541653469,-65.8,15.4));
#138 = LINE('',#139,#140);
#139 = CARTESIAN_POINT('',(47.770541653469,-65.8,6.2));
#140 = VECTOR('',#141,1.);
#141 = DIRECTION('',(0.,0.,1.));
#142 = ORIENTED_EDGE('',*,*,#143,.T.);
#143 = EDGE_CURVE('',#136,#24,#144,.T.);
#144 = LINE('',#145,#146);
#145 = CARTESIAN_POINT('',(47.770541653469,-65.8,15.4));
#146 = VECTOR('',#147,1.);
#147 = DIRECTION('',(-1.,0.,0.));
#148 = PLANE('',#149);
#149 = AXIS2_PLACEMENT_3D('',#150,#151,#152);
#150 = CARTESIAN_POINT('',(47.770541653469,-65.8,6.2));
#151 = DIRECTION('',(0.,-1.,0.));
#152 = DIRECTION('',(-1.,0.,0.));
#153 = ADVANCED_FACE('',(#154),#179,.F.);
#154 = FACE_BOUND('',#155,.F.);
#155 = EDGE_LOOP('',(#156,#164,#165,#173));
#156 = ORIENTED_EDGE('',*,*,#157,.T.);
#157 = EDGE_CURVE('',#158,#22,#160,.T.);
#158 = VERTEX_POINT('',#159);
#159 = CARTESIAN_POINT('',(26.201379428774,-65.79862057122,6.3));
#160 = LINE('',#161,#162);
#161 = CARTESIAN_POINT('',(30.969051124605,-66.03284126237,6.3));
#162 = VECTOR('',#163,1.);
#163 = DIRECTION('',(0.998795456205,-4.906767432757E-02,0.));
#164 = ORIENTED_EDGE('',*,*,#21,.T.);
#165 = ORIENTED_EDGE('',*,*,#166,.T.);
#166 = EDGE_CURVE('',#24,#167,#169,.T.);
#167 = VERTEX_POINT('',#168);
#168 = CARTESIAN_POINT('',(26.201379428774,-65.79862057122,15.4));
#169 = LINE('',#170,#171);
#170 = CARTESIAN_POINT('',(26.229458346531,-65.8,15.4));
#171 = VECTOR('',#172,1.);
#172 = DIRECTION('',(-0.998795456205,4.906767432757E-02,0.));
#173 = ORIENTED_EDGE('',*,*,#174,.F.);
#174 = EDGE_CURVE('',#158,#167,#175,.T.);
#175 = LINE('',#176,#177);
#176 = CARTESIAN_POINT('',(26.201379428774,-65.79862057122,6.2));
#177 = VECTOR('',#178,1.);
#178 = DIRECTION('',(0.,0.,1.));
#179 = PLANE('',#180);
#180 = AXIS2_PLACEMENT_3D('',#181,#182,#183);
#181 = CARTESIAN_POINT('',(26.229458346531,-65.8,6.2));
#182 = DIRECTION('',(-4.906767432757E-02,-0.998795456205,0.));
#183 = DIRECTION('',(-0.998795456205,4.906767432757E-02,0.));
#184 = ADVANCED_FACE('',(#185,#379,#390),#424,.F.);
#185 = FACE_BOUND('',#186,.F.);
#186 = EDGE_LOOP('',(#187,#197,#205,#213,#221,#229,#237,#245,#253,#261,
    #269,#277,#285,#293,#301,#309,#317,#325,#333,#341,#349,#357,#363,
    #364,#365,#373));
#187 = ORIENTED_EDGE('',*,*,#188,.F.);
#188 = EDGE_CURVE('',#189,#191,#193,.T.);
#189 = VERTEX_POINT('',#190);
#190 = CARTESIAN_POINT('',(47.8,-12.22945834653,15.4));
#191 = VERTEX_POINT('',#192);
#192 = CARTESIAN_POINT('',(47.8,-65.77054165346,15.4));
#193 = LINE('',#194,#195);
#194 = CARTESIAN_POINT('',(47.8,-12.22945834653,15.4));
#195 = VECTOR('',#196,1.);
#196 = DIRECTION('',(0.,-1.,0.));
#197 = ORIENTED_EDGE('',*,*,#198,.F.);
#198 = EDGE_CURVE('',#199,#189,#201,.T.);
#199 = VERTEX_POINT('',#200);
#200 = CARTESIAN_POINT('',(47.798620571226,-12.20137942877,15.4));
#201 = LINE('',#202,#203);
#202 = CARTESIAN_POINT('',(47.798620571226,-12.20137942877,15.4));
#203 = VECTOR('',#204,1.);
#204 = DIRECTION('',(4.906767432758E-02,-0.998795456205,0.));
#205 = ORIENTED_EDGE('',*,*,#206,.F.);
#206 = EDGE_CURVE('',#207,#199,#209,.T.);
#207 = VERTEX_POINT('',#208);
#208 = CARTESIAN_POINT('',(47.770541653469,-12.2,15.4));
#209 = LINE('',#210,#211);
#210 = CARTESIAN_POINT('',(47.770541653469,-12.2,15.4));
#211 = VECTOR('',#212,1.);
#212 = DIRECTION('',(0.998795456205,-4.906767432741E-02,0.));
#213 = ORIENTED_EDGE('',*,*,#214,.F.);
#214 = EDGE_CURVE('',#215,#207,#217,.T.);
#215 = VERTEX_POINT('',#216);
#216 = CARTESIAN_POINT('',(27.429458346531,-12.2,15.4));
#217 = LINE('',#218,#219);
#218 = CARTESIAN_POINT('',(27.429458346531,-12.2,15.4));
#219 = VECTOR('',#220,1.);
#220 = DIRECTION('',(1.,0.,0.));
#221 = ORIENTED_EDGE('',*,*,#222,.F.);
#222 = EDGE_CURVE('',#223,#215,#225,.T.);
#223 = VERTEX_POINT('',#224);
#224 = CARTESIAN_POINT('',(27.282521281595,-12.20721855511,15.4));
#225 = LINE('',#226,#227);
#226 = CARTESIAN_POINT('',(27.282521281595,-12.20721855511,15.4));
#227 = VECTOR('',#228,1.);
#228 = DIRECTION('',(0.998795456205,4.906767432741E-02,0.));
#229 = ORIENTED_EDGE('',*,*,#230,.F.);
#230 = EDGE_CURVE('',#231,#223,#233,.T.);
#231 = VERTEX_POINT('',#232);
#232 = CARTESIAN_POINT('',(27.166173947468,-12.22447705182,15.4));
#233 = LINE('',#234,#235);
#234 = CARTESIAN_POINT('',(27.166173947468,-12.22447705182,15.4));
#235 = VECTOR('',#236,1.);
#236 = DIRECTION('',(0.989176509965,0.146730474455,0.));
#237 = ORIENTED_EDGE('',*,*,#238,.F.);
#238 = EDGE_CURVE('',#239,#231,#241,.T.);
#239 = VERTEX_POINT('',#240);
#240 = CARTESIAN_POINT('',(27.05207848605,-12.25305647712,15.4));
#241 = LINE('',#242,#243);
#242 = CARTESIAN_POINT('',(27.05207848605,-12.25305647712,15.4));
#243 = VECTOR('',#244,1.);
#244 = DIRECTION('',(0.970031253195,0.242980179903,0.));
#245 = ORIENTED_EDGE('',*,*,#246,.F.);
#246 = EDGE_CURVE('',#247,#239,#249,.T.);
#247 = VERTEX_POINT('',#248);
#248 = CARTESIAN_POINT('',(26.941333699004,-12.29268159553,15.4));
#249 = LINE('',#250,#251);
#250 = CARTESIAN_POINT('',(26.941333699004,-12.29268159553,15.4));
#251 = VECTOR('',#252,1.);
#252 = DIRECTION('',(0.941544065183,0.336889853392,0.));
#253 = ORIENTED_EDGE('',*,*,#254,.F.);
#254 = EDGE_CURVE('',#255,#247,#257,.T.);
#255 = VERTEX_POINT('',#256);
#256 = CARTESIAN_POINT('',(26.83500611917,-12.3429707955,15.4));
#257 = LINE('',#258,#259);
#258 = CARTESIAN_POINT('',(26.83500611917,-12.3429707955,15.4));
#259 = VECTOR('',#260,1.);
#260 = DIRECTION('',(0.903989293123,0.42755509343,0.));
#261 = ORIENTED_EDGE('',*,*,#262,.F.);
#262 = EDGE_CURVE('',#263,#255,#265,.T.);
#263 = VERTEX_POINT('',#264);
#264 = CARTESIAN_POINT('',(26.734119739265,-12.40343976453,15.4));
#265 = LINE('',#266,#267);
#266 = CARTESIAN_POINT('',(26.734119739265,-12.40343976453,15.4));
#267 = VECTOR('',#268,1.);
#268 = DIRECTION('',(0.85772861,0.514102744193,0.));
#269 = ORIENTED_EDGE('',*,*,#270,.F.);
#270 = EDGE_CURVE('',#271,#263,#273,.T.);
#271 = VERTEX_POINT('',#272);
#272 = CARTESIAN_POINT('',(26.639646150277,-12.47350615341,15.4));
#273 = LINE('',#274,#275);
#274 = CARTESIAN_POINT('',(26.639646150277,-12.47350615341,15.4));
#275 = VECTOR('',#276,1.);
#276 = DIRECTION('',(0.803207531481,0.595699304492,0.));
#277 = ORIENTED_EDGE('',*,*,#278,.F.);
#278 = EDGE_CURVE('',#279,#271,#281,.T.);
#279 = VERTEX_POINT('',#280);
#280 = CARTESIAN_POINT('',(26.552495184515,-12.55249518451,15.4));
#281 = LINE('',#282,#283);
#282 = CARTESIAN_POINT('',(26.552495184515,-12.55249518451,15.4));
#283 = VECTOR('',#284,1.);
#284 = DIRECTION('',(0.740951125355,0.671558954847,0.));
#285 = ORIENTED_EDGE('',*,*,#286,.F.);
#286 = EDGE_CURVE('',#287,#279,#289,.T.);
#287 = VERTEX_POINT('',#288);
#288 = CARTESIAN_POINT('',(26.473506153419,-12.63964615027,15.4));
#289 = LINE('',#290,#291);
#290 = CARTESIAN_POINT('',(26.473506153419,-12.63964615027,15.4));
#291 = VECTOR('',#292,1.);
#292 = DIRECTION('',(0.671558954847,0.740951125355,0.));
#293 = ORIENTED_EDGE('',*,*,#294,.F.);
#294 = EDGE_CURVE('',#295,#287,#297,.T.);
#295 = VERTEX_POINT('',#296);
#296 = CARTESIAN_POINT('',(26.403439764538,-12.73411973926,15.4));
#297 = LINE('',#298,#299);
#298 = CARTESIAN_POINT('',(26.403439764538,-12.73411973926,15.4));
#299 = VECTOR('',#300,1.);
#300 = DIRECTION('',(0.595699304492,0.803207531481,0.));
#301 = ORIENTED_EDGE('',*,*,#302,.F.);
#302 = EDGE_CURVE('',#303,#295,#305,.T.);
#303 = VERTEX_POINT('',#304);
#304 = CARTESIAN_POINT('',(26.3429707955,-12.83500611917,15.4));
#305 = LINE('',#306,#307);
#306 = CARTESIAN_POINT('',(26.3429707955,-12.83500611917,15.4));
#307 = VECTOR('',#308,1.);
#308 = DIRECTION('',(0.514102744193,0.85772861,0.));
#309 = ORIENTED_EDGE('',*,*,#310,.F.);
#310 = EDGE_CURVE('',#311,#303,#313,.T.);
#311 = VERTEX_POINT('',#312);
#312 = CARTESIAN_POINT('',(26.292681595533,-12.941333699,15.4));
#313 = LINE('',#314,#315);
#314 = CARTESIAN_POINT('',(26.292681595533,-12.941333699,15.4));
#315 = VECTOR('',#316,1.);
#316 = DIRECTION('',(0.42755509343,0.903989293123,0.));
#317 = ORIENTED_EDGE('',*,*,#318,.F.);
#318 = EDGE_CURVE('',#319,#311,#321,.T.);
#319 = VERTEX_POINT('',#320);
#320 = CARTESIAN_POINT('',(26.253056477122,-13.05207848605,15.4));
#321 = LINE('',#322,#323);
#322 = CARTESIAN_POINT('',(26.253056477122,-13.05207848605,15.4));
#323 = VECTOR('',#324,1.);
#324 = DIRECTION('',(0.336889853392,0.941544065183,0.));
#325 = ORIENTED_EDGE('',*,*,#326,.F.);
#326 = EDGE_CURVE('',#327,#319,#329,.T.);
#327 = VERTEX_POINT('',#328);
#328 = CARTESIAN_POINT('',(26.22447705182,-13.16617394746,15.4));
#329 = LINE('',#330,#331);
#330 = CARTESIAN_POINT('',(26.22447705182,-13.16617394746,15.4));
#331 = VECTOR('',#332,1.);
#332 = DIRECTION('',(0.242980179903,0.970031253195,0.));
#333 = ORIENTED_EDGE('',*,*,#334,.F.);
#334 = EDGE_CURVE('',#335,#327,#337,.T.);
#335 = VERTEX_POINT('',#336);
#336 = CARTESIAN_POINT('',(26.207218555115,-13.28252128159,15.4));
#337 = LINE('',#338,#339);
#338 = CARTESIAN_POINT('',(26.207218555115,-13.28252128159,15.4));
#339 = VECTOR('',#340,1.);
#340 = DIRECTION('',(0.146730474455,0.989176509965,0.));
#341 = ORIENTED_EDGE('',*,*,#342,.F.);
#342 = EDGE_CURVE('',#343,#335,#345,.T.);
#343 = VERTEX_POINT('',#344);
#344 = CARTESIAN_POINT('',(26.2,-13.42945834653,15.4));
#345 = LINE('',#346,#347);
#346 = CARTESIAN_POINT('',(26.2,-13.42945834653,15.4));
#347 = VECTOR('',#348,1.);
#348 = DIRECTION('',(4.906767432747E-02,0.998795456205,0.));
#349 = ORIENTED_EDGE('',*,*,#350,.F.);
#350 = EDGE_CURVE('',#351,#343,#353,.T.);
#351 = VERTEX_POINT('',#352);
#352 = CARTESIAN_POINT('',(26.2,-65.77054165346,15.4));
#353 = LINE('',#354,#355);
#354 = CARTESIAN_POINT('',(26.2,-65.77054165346,15.4));
#355 = VECTOR('',#356,1.);
#356 = DIRECTION('',(0.,1.,0.));
#357 = ORIENTED_EDGE('',*,*,#358,.F.);
#358 = EDGE_CURVE('',#167,#351,#359,.T.);
#359 = LINE('',#360,#361);
#360 = CARTESIAN_POINT('',(26.201379428774,-65.79862057122,15.4));
#361 = VECTOR('',#362,1.);
#362 = DIRECTION('',(-4.906767432734E-02,0.998795456205,0.));
#363 = ORIENTED_EDGE('',*,*,#166,.F.);
#364 = ORIENTED_EDGE('',*,*,#143,.F.);
#365 = ORIENTED_EDGE('',*,*,#366,.F.);
#366 = EDGE_CURVE('',#367,#136,#369,.T.);
#367 = VERTEX_POINT('',#368);
#368 = CARTESIAN_POINT('',(47.798620571226,-65.79862057122,15.4));
#369 = LINE('',#370,#371);
#370 = CARTESIAN_POINT('',(47.798620571226,-65.79862057122,15.4));
#371 = VECTOR('',#372,1.);
#372 = DIRECTION('',(-0.998795456205,-4.906767432757E-02,0.));
#373 = ORIENTED_EDGE('',*,*,#374,.F.);
#374 = EDGE_CURVE('',#191,#367,#375,.T.);
#375 = LINE('',#376,#377);
#376 = CARTESIAN_POINT('',(47.8,-65.77054165346,15.4));
#377 = VECTOR('',#378,1.);
#378 = DIRECTION('',(-4.906767432757E-02,-0.998795456205,0.));
#379 = FACE_BOUND('',#380,.F.);
#380 = EDGE_LOOP('',(#381));
#381 = ORIENTED_EDGE('',*,*,#382,.T.);
#382 = EDGE_CURVE('',#383,#383,#385,.T.);
#383 = VERTEX_POINT('',#384);
#384 = CARTESIAN_POINT('',(38.4,-59.5,15.4));
#385 = CIRCLE('',#386,1.4);
#386 = AXIS2_PLACEMENT_3D('',#387,#388,#389);
#387 = CARTESIAN_POINT('',(37.,-59.5,15.4));
#388 = DIRECTION('',(0.,0.,-1.));
#389 = DIRECTION('',(1.,0.,0.));
#390 = FACE_BOUND('',#391,.F.);
#391 = EDGE_LOOP('',(#392,#402,#410,#418));
#392 = ORIENTED_EDGE('',*,*,#393,.T.);
#393 = EDGE_CURVE('',#394,#396,#398,.T.);
#394 = VERTEX_POINT('',#395);
#395 = CARTESIAN_POINT('',(44.45,-49.35,15.4));
#396 = VERTEX_POINT('',#397);
#397 = CARTESIAN_POINT('',(29.95,-49.35,15.4));
#398 = LINE('',#399,#400);
#399 = CARTESIAN_POINT('',(33.493912304081,-49.35,15.4));
#400 = VECTOR('',#401,1.);
#401 = DIRECTION('',(-1.,0.,0.));
#402 = ORIENTED_EDGE('',*,*,#403,.T.);
#403 = EDGE_CURVE('',#396,#404,#406,.T.);
#404 = VERTEX_POINT('',#405);
#405 = CARTESIAN_POINT('',(29.95,-18.25,15.4));
#406 = LINE('',#407,#408);
#407 = CARTESIAN_POINT('',(29.95,-44.22141870115,15.4));
#408 = VECTOR('',#409,1.);
#409 = DIRECTION('',(0.,1.,0.));
#410 = ORIENTED_EDGE('',*,*,#411,.F.);
#411 = EDGE_CURVE('',#412,#404,#414,.T.);
#412 = VERTEX_POINT('',#413);
#413 = CARTESIAN_POINT('',(44.45,-18.25,15.4));
#414 = LINE('',#415,#416);
#415 = CARTESIAN_POINT('',(33.493912304081,-18.25,15.4));
#416 = VECTOR('',#417,1.);
#417 = DIRECTION('',(-1.,0.,0.));
#418 = ORIENTED_EDGE('',*,*,#419,.F.);
#419 = EDGE_CURVE('',#394,#412,#420,.T.);
#420 = LINE('',#421,#422);
#421 = CARTESIAN_POINT('',(44.45,-44.22141870115,15.4));
#422 = VECTOR('',#423,1.);
#423 = DIRECTION('',(0.,1.,0.));
#424 = PLANE('',#425);
#425 = AXIS2_PLACEMENT_3D('',#426,#427,#428);
#426 = CARTESIAN_POINT('',(37.037824608163,-39.0928374023,15.4));
#427 = DIRECTION('',(0.,0.,1.));
#428 = DIRECTION('',(1.,0.,0.));
#429 = ADVANCED_FACE('',(#430),#448,.F.);
#430 = FACE_BOUND('',#431,.F.);
#431 = EDGE_LOOP('',(#432,#440,#446,#447));
#432 = ORIENTED_EDGE('',*,*,#433,.T.);
#433 = EDGE_CURVE('',#128,#434,#436,.T.);
#434 = VERTEX_POINT('',#435);
#435 = CARTESIAN_POINT('',(47.798620571226,-65.79862057122,6.3));
#436 = LINE('',#437,#438);
#437 = CARTESIAN_POINT('',(43.088196623178,-66.03002886087,6.3));
#438 = VECTOR('',#439,1.);
#439 = DIRECTION('',(0.998795456205,4.906767432757E-02,0.));
#440 = ORIENTED_EDGE('',*,*,#441,.T.);
#441 = EDGE_CURVE('',#434,#367,#442,.T.);
#442 = LINE('',#443,#444);
#443 = CARTESIAN_POINT('',(47.798620571226,-65.79862057122,6.2));
#444 = VECTOR('',#445,1.);
#445 = DIRECTION('',(0.,0.,1.));
#446 = ORIENTED_EDGE('',*,*,#366,.T.);
#447 = ORIENTED_EDGE('',*,*,#135,.F.);
#448 = PLANE('',#449);
#449 = AXIS2_PLACEMENT_3D('',#450,#451,#452);
#450 = CARTESIAN_POINT('',(47.798620571226,-65.79862057122,6.2));
#451 = DIRECTION('',(4.906767432757E-02,-0.998795456205,0.));
#452 = DIRECTION('',(-0.998795456205,-4.906767432757E-02,0.));
#453 = ADVANCED_FACE('',(#454,#588),#599,.T.);
#454 = FACE_BOUND('',#455,.T.);
#455 = EDGE_LOOP('',(#456,#465,#466,#467,#475,#483,#492,#500,#508,#516,
    #524,#532,#540,#548,#556,#565,#573,#582));
#456 = ORIENTED_EDGE('',*,*,#457,.F.);
#457 = EDGE_CURVE('',#120,#458,#460,.T.);
#458 = VERTEX_POINT('',#459);
#459 = CARTESIAN_POINT('',(47.040292180075,-67.,6.3));
#460 = CIRCLE('',#461,2.15);
#461 = AXIS2_PLACEMENT_3D('',#462,#463,#464);
#462 = CARTESIAN_POINT('',(45.5,-65.5,6.3));
#463 = DIRECTION('',(0.,0.,-1.));
#464 = DIRECTION('',(1.,0.,0.));
#465 = ORIENTED_EDGE('',*,*,#127,.T.);
#466 = ORIENTED_EDGE('',*,*,#433,.T.);
#467 = ORIENTED_EDGE('',*,*,#468,.T.);
#468 = EDGE_CURVE('',#434,#469,#471,.T.);
#469 = VERTEX_POINT('',#470);
#470 = CARTESIAN_POINT('',(47.8,-65.77054165346,6.3));
#471 = LINE('',#472,#473);
#472 = CARTESIAN_POINT('',(48.440645464384,-52.72990364414,6.3));
#473 = VECTOR('',#474,1.);
#474 = DIRECTION('',(4.906767432757E-02,0.998795456205,0.));
#475 = ORIENTED_EDGE('',*,*,#476,.T.);
#476 = EDGE_CURVE('',#469,#477,#479,.T.);
#477 = VERTEX_POINT('',#478);
#478 = CARTESIAN_POINT('',(47.8,-54.46808273176,6.3));
#479 = LINE('',#480,#481);
#480 = CARTESIAN_POINT('',(47.8,-25.66366801349,6.3));
#481 = VECTOR('',#482,1.);
#482 = DIRECTION('',(0.,1.,0.));
#483 = ORIENTED_EDGE('',*,*,#484,.F.);
#484 = EDGE_CURVE('',#485,#477,#487,.T.);
#485 = VERTEX_POINT('',#486);
#486 = CARTESIAN_POINT('',(47.8,-51.13191726823,6.3));
#487 = CIRCLE('',#488,1.85);
#488 = AXIS2_PLACEMENT_3D('',#489,#490,#491);
#489 = CARTESIAN_POINT('',(47.,-52.8,6.3));
#490 = DIRECTION('',(0.,0.,1.));
#491 = DIRECTION('',(1.,0.,0.));
#492 = ORIENTED_EDGE('',*,*,#493,.T.);
#493 = EDGE_CURVE('',#485,#494,#496,.T.);
#494 = VERTEX_POINT('',#495);
#495 = CARTESIAN_POINT('',(47.8,-12.22945834653,6.3));
#496 = LINE('',#497,#498);
#497 = CARTESIAN_POINT('',(47.8,-25.66366801349,6.3));
#498 = VECTOR('',#499,1.);
#499 = DIRECTION('',(0.,1.,0.));
#500 = ORIENTED_EDGE('',*,*,#501,.T.);
#501 = EDGE_CURVE('',#494,#502,#504,.T.);
#502 = VERTEX_POINT('',#503);
#503 = CARTESIAN_POINT('',(47.798620571226,-12.20137942877,6.3));
#504 = LINE('',#505,#506);
#505 = CARTESIAN_POINT('',(48.444752595167,-25.35369892353,6.3));
#506 = VECTOR('',#507,1.);
#507 = DIRECTION('',(-4.906767432758E-02,0.998795456205,0.));
#508 = ORIENTED_EDGE('',*,*,#509,.T.);
#509 = EDGE_CURVE('',#502,#510,#512,.T.);
#510 = VERTEX_POINT('',#511);
#511 = CARTESIAN_POINT('',(47.770541653469,-12.2,6.3));
#512 = LINE('',#513,#514);
#513 = CARTESIAN_POINT('',(43.078954009468,-11.96951707863,6.3));
#514 = VECTOR('',#515,1.);
#515 = DIRECTION('',(-0.998795456205,4.906767432741E-02,0.));
#516 = ORIENTED_EDGE('',*,*,#517,.T.);
#517 = EDGE_CURVE('',#510,#518,#520,.T.);
#518 = VERTEX_POINT('',#519);
#519 = CARTESIAN_POINT('',(47.,-12.2,6.3));
#520 = LINE('',#521,#522);
#521 = CARTESIAN_POINT('',(32.236385458184,-12.2,6.3));
#522 = VECTOR('',#523,1.);
#523 = DIRECTION('',(-1.,0.,0.));
#524 = ORIENTED_EDGE('',*,*,#525,.T.);
#525 = EDGE_CURVE('',#518,#526,#528,.T.);
#526 = VERTEX_POINT('',#527);
#527 = CARTESIAN_POINT('',(47.,-11.4,6.3));
#528 = LINE('',#529,#530);
#529 = CARTESIAN_POINT('',(47.,-43.59893884022,6.3));
#530 = VECTOR('',#531,1.);
#531 = DIRECTION('',(0.,1.,0.));
#532 = ORIENTED_EDGE('',*,*,#533,.T.);
#533 = EDGE_CURVE('',#526,#534,#536,.T.);
#534 = VERTEX_POINT('',#535);
#535 = CARTESIAN_POINT('',(43.7,-11.4,6.3));
#536 = LINE('',#537,#538);
#537 = CARTESIAN_POINT('',(32.221656284918,-11.4,6.3));
#538 = VECTOR('',#539,1.);
#539 = DIRECTION('',(-1.,0.,0.));
#540 = ORIENTED_EDGE('',*,*,#541,.T.);
#541 = EDGE_CURVE('',#534,#542,#544,.T.);
#542 = VERTEX_POINT('',#543);
#543 = CARTESIAN_POINT('',(43.7,-11.,6.3));
#544 = LINE('',#545,#546);
#545 = CARTESIAN_POINT('',(43.7,-29.54893884022,6.3));
#546 = VECTOR('',#547,1.);
#547 = DIRECTION('',(0.,1.,0.));
#548 = ORIENTED_EDGE('',*,*,#549,.F.);
#549 = EDGE_CURVE('',#550,#542,#552,.T.);
#550 = VERTEX_POINT('',#551);
#551 = CARTESIAN_POINT('',(47.8,-11.,6.3));
#552 = LINE('',#553,#554);
#553 = CARTESIAN_POINT('',(47.8,-11.,6.3));
#554 = VECTOR('',#555,1.);
#555 = DIRECTION('',(-1.,0.,0.));
#556 = ORIENTED_EDGE('',*,*,#557,.F.);
#557 = EDGE_CURVE('',#558,#550,#560,.T.);
#558 = VERTEX_POINT('',#559);
#559 = CARTESIAN_POINT('',(49.,-12.2,6.3));
#560 = CIRCLE('',#561,1.2);
#561 = AXIS2_PLACEMENT_3D('',#562,#563,#564);
#562 = CARTESIAN_POINT('',(47.8,-12.2,6.3));
#563 = DIRECTION('',(0.,-0.,1.));
#564 = DIRECTION('',(1.,7.401486830834E-15,0.));
#565 = ORIENTED_EDGE('',*,*,#566,.F.);
#566 = EDGE_CURVE('',#567,#558,#569,.T.);
#567 = VERTEX_POINT('',#568);
#568 = CARTESIAN_POINT('',(49.,-65.8,6.3));
#569 = LINE('',#570,#571);
#570 = CARTESIAN_POINT('',(49.,-65.8,6.3));
#571 = VECTOR('',#572,1.);
#572 = DIRECTION('',(0.,1.,0.));
#573 = ORIENTED_EDGE('',*,*,#574,.F.);
#574 = EDGE_CURVE('',#575,#567,#577,.T.);
#575 = VERTEX_POINT('',#576);
#576 = CARTESIAN_POINT('',(47.8,-67.,6.3));
#577 = CIRCLE('',#578,1.2);
#578 = AXIS2_PLACEMENT_3D('',#579,#580,#581);
#579 = CARTESIAN_POINT('',(47.8,-65.8,6.3));
#580 = DIRECTION('',(-0.,0.,1.));
#581 = DIRECTION('',(5.921189464667E-15,-1.,0.));
#582 = ORIENTED_EDGE('',*,*,#583,.F.);
#583 = EDGE_CURVE('',#458,#575,#584,.T.);
#584 = LINE('',#585,#586);
#585 = CARTESIAN_POINT('',(26.2,-67.,6.3));
#586 = VECTOR('',#587,1.);
#587 = DIRECTION('',(1.,0.,0.));
#588 = FACE_BOUND('',#589,.T.);
#589 = EDGE_LOOP('',(#590));
#590 = ORIENTED_EDGE('',*,*,#591,.F.);
#591 = EDGE_CURVE('',#592,#592,#594,.T.);
#592 = VERTEX_POINT('',#593);
#593 = CARTESIAN_POINT('',(48.6,-52.8,6.3));
#594 = CIRCLE('',#595,1.6);
#595 = AXIS2_PLACEMENT_3D('',#596,#597,#598);
#596 = CARTESIAN_POINT('',(47.,-52.8,6.3));
#597 = DIRECTION('',(0.,0.,-1.));
#598 = DIRECTION('',(1.,0.,0.));
#599 = PLANE('',#600);
#600 = AXIS2_PLACEMENT_3D('',#601,#602,#603);
#601 = CARTESIAN_POINT('',(44.267066577077,-46.08685620723,6.3));
#602 = DIRECTION('',(-0.,-0.,-1.));
#603 = DIRECTION('',(-1.,0.,0.));
#604 = ADVANCED_FACE('',(#605),#624,.F.);
#605 = FACE_BOUND('',#606,.T.);
#606 = EDGE_LOOP('',(#607,#616,#617,#618));
#607 = ORIENTED_EDGE('',*,*,#608,.T.);
#608 = EDGE_CURVE('',#609,#112,#611,.T.);
#609 = VERTEX_POINT('',#610);
#610 = CARTESIAN_POINT('',(47.040292180075,-67.,6.75));
#611 = CIRCLE('',#612,2.15);
#612 = AXIS2_PLACEMENT_3D('',#613,#614,#615);
#613 = CARTESIAN_POINT('',(45.5,-65.5,6.75));
#614 = DIRECTION('',(0.,0.,1.));
#615 = DIRECTION('',(1.,0.,0.));
#616 = ORIENTED_EDGE('',*,*,#119,.T.);
#617 = ORIENTED_EDGE('',*,*,#457,.T.);
#618 = ORIENTED_EDGE('',*,*,#619,.F.);
#619 = EDGE_CURVE('',#609,#458,#620,.T.);
#620 = LINE('',#621,#622);
#621 = CARTESIAN_POINT('',(47.040292180075,-67.,5.3));
#622 = VECTOR('',#623,1.);
#623 = DIRECTION('',(-0.,-0.,-1.));
#624 = CYLINDRICAL_SURFACE('',#625,2.15);
#625 = AXIS2_PLACEMENT_3D('',#626,#627,#628);
#626 = CARTESIAN_POINT('',(45.5,-65.5,5.3));
#627 = DIRECTION('',(-0.,-0.,-1.));
#628 = DIRECTION('',(1.,0.,0.));
#629 = ADVANCED_FACE('',(#630),#649,.F.);
#630 = FACE_BOUND('',#631,.F.);
#631 = EDGE_LOOP('',(#632,#633,#642,#648));
#632 = ORIENTED_EDGE('',*,*,#111,.T.);
#633 = ORIENTED_EDGE('',*,*,#634,.T.);
#634 = EDGE_CURVE('',#104,#635,#637,.T.);
#635 = VERTEX_POINT('',#636);
#636 = CARTESIAN_POINT('',(43.959707819925,-67.,6.75));
#637 = CIRCLE('',#638,2.15);
#638 = AXIS2_PLACEMENT_3D('',#639,#640,#641);
#639 = CARTESIAN_POINT('',(45.5,-65.5,6.75));
#640 = DIRECTION('',(0.,0.,1.));
#641 = DIRECTION('',(1.,0.,0.));
#642 = ORIENTED_EDGE('',*,*,#643,.T.);
#643 = EDGE_CURVE('',#635,#609,#644,.T.);
#644 = LINE('',#645,#646);
#645 = CARTESIAN_POINT('',(35.85,-67.,6.75));
#646 = VECTOR('',#647,1.);
#647 = DIRECTION('',(1.,0.,0.));
#648 = ORIENTED_EDGE('',*,*,#608,.T.);
#649 = PLANE('',#650);
#650 = AXIS2_PLACEMENT_3D('',#651,#652,#653);
#651 = CARTESIAN_POINT('',(45.5,-65.5,6.75));
#652 = DIRECTION('',(0.,0.,1.));
#653 = DIRECTION('',(1.,0.,0.));
#654 = ADVANCED_FACE('',(#655),#674,.F.);
#655 = FACE_BOUND('',#656,.T.);
#656 = EDGE_LOOP('',(#657,#658,#659,#667));
#657 = ORIENTED_EDGE('',*,*,#103,.F.);
#658 = ORIENTED_EDGE('',*,*,#634,.T.);
#659 = ORIENTED_EDGE('',*,*,#660,.T.);
#660 = EDGE_CURVE('',#635,#661,#663,.T.);
#661 = VERTEX_POINT('',#662);
#662 = CARTESIAN_POINT('',(43.959707819925,-67.,6.3));
#663 = LINE('',#664,#665);
#664 = CARTESIAN_POINT('',(43.959707819925,-67.,5.3));
#665 = VECTOR('',#666,1.);
#666 = DIRECTION('',(-0.,-0.,-1.));
#667 = ORIENTED_EDGE('',*,*,#668,.T.);
#668 = EDGE_CURVE('',#661,#96,#669,.T.);
#669 = CIRCLE('',#670,2.15);
#670 = AXIS2_PLACEMENT_3D('',#671,#672,#673);
#671 = CARTESIAN_POINT('',(45.5,-65.5,6.3));
#672 = DIRECTION('',(0.,0.,-1.));
#673 = DIRECTION('',(1.,0.,0.));
#674 = CYLINDRICAL_SURFACE('',#675,2.15);
#675 = AXIS2_PLACEMENT_3D('',#676,#677,#678);
#676 = CARTESIAN_POINT('',(45.5,-65.5,5.3));
#677 = DIRECTION('',(-0.,-0.,-1.));
#678 = DIRECTION('',(1.,0.,0.));
#679 = ADVANCED_FACE('',(#680,#725),#736,.T.);
#680 = FACE_BOUND('',#681,.T.);
#681 = EDGE_LOOP('',(#682,#691,#692,#693,#701,#710,#717,#718));
#682 = ORIENTED_EDGE('',*,*,#683,.F.);
#683 = EDGE_CURVE('',#88,#684,#686,.T.);
#684 = VERTEX_POINT('',#685);
#685 = CARTESIAN_POINT('',(39.05,-64.7,6.3));
#686 = CIRCLE('',#687,1.85);
#687 = AXIS2_PLACEMENT_3D('',#688,#689,#690);
#688 = CARTESIAN_POINT('',(37.2,-64.7,6.3));
#689 = DIRECTION('',(0.,0.,1.));
#690 = DIRECTION('',(1.,0.,0.));
#691 = ORIENTED_EDGE('',*,*,#95,.T.);
#692 = ORIENTED_EDGE('',*,*,#668,.F.);
#693 = ORIENTED_EDGE('',*,*,#694,.F.);
#694 = EDGE_CURVE('',#695,#661,#697,.T.);
#695 = VERTEX_POINT('',#696);
#696 = CARTESIAN_POINT('',(31.491052366633,-67.,6.3));
#697 = LINE('',#698,#699);
#698 = CARTESIAN_POINT('',(26.2,-67.,6.3));
#699 = VECTOR('',#700,1.);
#700 = DIRECTION('',(1.,0.,0.));
#701 = ORIENTED_EDGE('',*,*,#702,.F.);
#702 = EDGE_CURVE('',#703,#695,#705,.T.);
#703 = VERTEX_POINT('',#704);
#704 = CARTESIAN_POINT('',(31.55,-66.5,6.3));
#705 = CIRCLE('',#706,2.15);
#706 = AXIS2_PLACEMENT_3D('',#707,#708,#709);
#707 = CARTESIAN_POINT('',(29.4,-66.5,6.3));
#708 = DIRECTION('',(0.,0.,-1.));
#709 = DIRECTION('',(1.,0.,0.));
#710 = ORIENTED_EDGE('',*,*,#711,.F.);
#711 = EDGE_CURVE('',#56,#703,#712,.T.);
#712 = CIRCLE('',#713,2.15);
#713 = AXIS2_PLACEMENT_3D('',#714,#715,#716);
#714 = CARTESIAN_POINT('',(29.4,-66.5,6.3));
#715 = DIRECTION('',(0.,0.,-1.));
#716 = DIRECTION('',(1.,0.,0.));
#717 = ORIENTED_EDGE('',*,*,#63,.T.);
#718 = ORIENTED_EDGE('',*,*,#719,.F.);
#719 = EDGE_CURVE('',#684,#64,#720,.T.);
#720 = CIRCLE('',#721,1.85);
#721 = AXIS2_PLACEMENT_3D('',#722,#723,#724);
#722 = CARTESIAN_POINT('',(37.2,-64.7,6.3));
#723 = DIRECTION('',(0.,0.,1.));
#724 = DIRECTION('',(1.,0.,0.));
#725 = FACE_BOUND('',#726,.T.);
#726 = EDGE_LOOP('',(#727));
#727 = ORIENTED_EDGE('',*,*,#728,.F.);
#728 = EDGE_CURVE('',#729,#729,#731,.T.);
#729 = VERTEX_POINT('',#730);
#730 = CARTESIAN_POINT('',(38.8,-64.7,6.3));
#731 = CIRCLE('',#732,1.6);
#732 = AXIS2_PLACEMENT_3D('',#733,#734,#735);
#733 = CARTESIAN_POINT('',(37.2,-64.7,6.3));
#734 = DIRECTION('',(0.,0.,-1.));
#735 = DIRECTION('',(1.,0.,0.));
#736 = PLANE('',#737);
#737 = AXIS2_PLACEMENT_3D('',#738,#739,#740);
#738 = CARTESIAN_POINT('',(44.267066577077,-46.08685620723,6.3));
#739 = DIRECTION('',(-0.,-0.,-1.));
#740 = DIRECTION('',(-1.,0.,0.));
#741 = ADVANCED_FACE('',(#742),#764,.T.);
#742 = FACE_BOUND('',#743,.F.);
#743 = EDGE_LOOP('',(#744,#745,#754,#761,#762,#763));
#744 = ORIENTED_EDGE('',*,*,#87,.F.);
#745 = ORIENTED_EDGE('',*,*,#746,.T.);
#746 = EDGE_CURVE('',#80,#747,#749,.T.);
#747 = VERTEX_POINT('',#748);
#748 = CARTESIAN_POINT('',(39.05,-64.7,11.6));
#749 = CIRCLE('',#750,1.85);
#750 = AXIS2_PLACEMENT_3D('',#751,#752,#753);
#751 = CARTESIAN_POINT('',(37.2,-64.7,11.6));
#752 = DIRECTION('',(0.,0.,1.));
#753 = DIRECTION('',(1.,0.,0.));
#754 = ORIENTED_EDGE('',*,*,#755,.T.);
#755 = EDGE_CURVE('',#747,#72,#756,.T.);
#756 = CIRCLE('',#757,1.85);
#757 = AXIS2_PLACEMENT_3D('',#758,#759,#760);
#758 = CARTESIAN_POINT('',(37.2,-64.7,11.6));
#759 = DIRECTION('',(0.,0.,1.));
#760 = DIRECTION('',(1.,0.,0.));
#761 = ORIENTED_EDGE('',*,*,#71,.T.);
#762 = ORIENTED_EDGE('',*,*,#719,.F.);
#763 = ORIENTED_EDGE('',*,*,#683,.F.);
#764 = CYLINDRICAL_SURFACE('',#765,1.85);
#765 = AXIS2_PLACEMENT_3D('',#766,#767,#768);
#766 = CARTESIAN_POINT('',(37.2,-64.7,6.3));
#767 = DIRECTION('',(-0.,-0.,-1.));
#768 = DIRECTION('',(1.,0.,0.));
#769 = ADVANCED_FACE('',(#770),#775,.T.);
#770 = FACE_BOUND('',#771,.T.);
#771 = EDGE_LOOP('',(#772,#773,#774));
#772 = ORIENTED_EDGE('',*,*,#746,.T.);
#773 = ORIENTED_EDGE('',*,*,#755,.T.);
#774 = ORIENTED_EDGE('',*,*,#79,.F.);
#775 = PLANE('',#776);
#776 = AXIS2_PLACEMENT_3D('',#777,#778,#779);
#777 = CARTESIAN_POINT('',(37.2,-64.7,11.6));
#778 = DIRECTION('',(0.,0.,1.));
#779 = DIRECTION('',(1.,0.,0.));
#780 = ADVANCED_FACE('',(#781),#810,.F.);
#781 = FACE_BOUND('',#782,.T.);
#782 = EDGE_LOOP('',(#783,#784,#792,#801,#808,#809));
#783 = ORIENTED_EDGE('',*,*,#702,.T.);
#784 = ORIENTED_EDGE('',*,*,#785,.F.);
#785 = EDGE_CURVE('',#786,#695,#788,.T.);
#786 = VERTEX_POINT('',#787);
#787 = CARTESIAN_POINT('',(31.491052366633,-67.,6.75));
#788 = LINE('',#789,#790);
#789 = CARTESIAN_POINT('',(31.491052366633,-67.,5.3));
#790 = VECTOR('',#791,1.);
#791 = DIRECTION('',(-0.,-0.,-1.));
#792 = ORIENTED_EDGE('',*,*,#793,.T.);
#793 = EDGE_CURVE('',#786,#794,#796,.T.);
#794 = VERTEX_POINT('',#795);
#795 = CARTESIAN_POINT('',(31.55,-66.5,6.75));
#796 = CIRCLE('',#797,2.15);
#797 = AXIS2_PLACEMENT_3D('',#798,#799,#800);
#798 = CARTESIAN_POINT('',(29.4,-66.5,6.75));
#799 = DIRECTION('',(0.,0.,1.));
#800 = DIRECTION('',(1.,0.,0.));
#801 = ORIENTED_EDGE('',*,*,#802,.T.);
#802 = EDGE_CURVE('',#794,#48,#803,.T.);
#803 = CIRCLE('',#804,2.15);
#804 = AXIS2_PLACEMENT_3D('',#805,#806,#807);
#805 = CARTESIAN_POINT('',(29.4,-66.5,6.75));
#806 = DIRECTION('',(0.,0.,1.));
#807 = DIRECTION('',(1.,0.,0.));
#808 = ORIENTED_EDGE('',*,*,#55,.T.);
#809 = ORIENTED_EDGE('',*,*,#711,.T.);
#810 = CYLINDRICAL_SURFACE('',#811,2.15);
#811 = AXIS2_PLACEMENT_3D('',#812,#813,#814);
#812 = CARTESIAN_POINT('',(29.4,-66.5,5.3));
#813 = DIRECTION('',(-0.,-0.,-1.));
#814 = DIRECTION('',(1.,0.,0.));
#815 = ADVANCED_FACE('',(#816),#836,.F.);
#816 = FACE_BOUND('',#817,.F.);
#817 = EDGE_LOOP('',(#818,#819,#820,#821,#830));
#818 = ORIENTED_EDGE('',*,*,#793,.T.);
#819 = ORIENTED_EDGE('',*,*,#802,.T.);
#820 = ORIENTED_EDGE('',*,*,#47,.T.);
#821 = ORIENTED_EDGE('',*,*,#822,.T.);
#822 = EDGE_CURVE('',#40,#823,#825,.T.);
#823 = VERTEX_POINT('',#824);
#824 = CARTESIAN_POINT('',(27.308947633367,-67.,6.75));
#825 = CIRCLE('',#826,2.15);
#826 = AXIS2_PLACEMENT_3D('',#827,#828,#829);
#827 = CARTESIAN_POINT('',(29.4,-66.5,6.75));
#828 = DIRECTION('',(0.,0.,1.));
#829 = DIRECTION('',(1.,0.,0.));
#830 = ORIENTED_EDGE('',*,*,#831,.T.);
#831 = EDGE_CURVE('',#823,#786,#832,.T.);
#832 = LINE('',#833,#834);
#833 = CARTESIAN_POINT('',(27.8,-67.,6.75));
#834 = VECTOR('',#835,1.);
#835 = DIRECTION('',(1.,0.,0.));
#836 = PLANE('',#837);
#837 = AXIS2_PLACEMENT_3D('',#838,#839,#840);
#838 = CARTESIAN_POINT('',(29.4,-66.5,6.75));
#839 = DIRECTION('',(0.,0.,1.));
#840 = DIRECTION('',(1.,0.,0.));
#841 = ADVANCED_FACE('',(#842),#861,.F.);
#842 = FACE_BOUND('',#843,.T.);
#843 = EDGE_LOOP('',(#844,#845,#846,#854));
#844 = ORIENTED_EDGE('',*,*,#39,.F.);
#845 = ORIENTED_EDGE('',*,*,#822,.T.);
#846 = ORIENTED_EDGE('',*,*,#847,.T.);
#847 = EDGE_CURVE('',#823,#848,#850,.T.);
#848 = VERTEX_POINT('',#849);
#849 = CARTESIAN_POINT('',(27.308947633367,-67.,6.3));
#850 = LINE('',#851,#852);
#851 = CARTESIAN_POINT('',(27.308947633367,-67.,5.3));
#852 = VECTOR('',#853,1.);
#853 = DIRECTION('',(-0.,-0.,-1.));
#854 = ORIENTED_EDGE('',*,*,#855,.T.);
#855 = EDGE_CURVE('',#848,#32,#856,.T.);
#856 = CIRCLE('',#857,2.15);
#857 = AXIS2_PLACEMENT_3D('',#858,#859,#860);
#858 = CARTESIAN_POINT('',(29.4,-66.5,6.3));
#859 = DIRECTION('',(0.,0.,-1.));
#860 = DIRECTION('',(1.,0.,0.));
#861 = CYLINDRICAL_SURFACE('',#862,2.15);
#862 = AXIS2_PLACEMENT_3D('',#863,#864,#865);
#863 = CARTESIAN_POINT('',(29.4,-66.5,5.3));
#864 = DIRECTION('',(-0.,-0.,-1.));
#865 = DIRECTION('',(1.,0.,0.));
#866 = ADVANCED_FACE('',(#867),#919,.T.);
#867 = FACE_BOUND('',#868,.T.);
#868 = EDGE_LOOP('',(#869,#870,#871,#879,#888,#896,#904,#912,#918));
#869 = ORIENTED_EDGE('',*,*,#31,.T.);
#870 = ORIENTED_EDGE('',*,*,#855,.F.);
#871 = ORIENTED_EDGE('',*,*,#872,.F.);
#872 = EDGE_CURVE('',#873,#848,#875,.T.);
#873 = VERTEX_POINT('',#874);
#874 = CARTESIAN_POINT('',(26.2,-67.,6.3));
#875 = LINE('',#876,#877);
#876 = CARTESIAN_POINT('',(26.2,-67.,6.3));
#877 = VECTOR('',#878,1.);
#878 = DIRECTION('',(1.,0.,0.));
#879 = ORIENTED_EDGE('',*,*,#880,.F.);
#880 = EDGE_CURVE('',#881,#873,#883,.T.);
#881 = VERTEX_POINT('',#882);
#882 = CARTESIAN_POINT('',(25.,-65.8,6.3));
#883 = CIRCLE('',#884,1.2);
#884 = AXIS2_PLACEMENT_3D('',#885,#886,#887);
#885 = CARTESIAN_POINT('',(26.2,-65.8,6.3));
#886 = DIRECTION('',(0.,0.,1.));
#887 = DIRECTION('',(-1.,3.552713678801E-14,0.));
#888 = ORIENTED_EDGE('',*,*,#889,.F.);
#889 = EDGE_CURVE('',#890,#881,#892,.T.);
#890 = VERTEX_POINT('',#891);
#891 = CARTESIAN_POINT('',(25.,-63.9,6.3));
#892 = LINE('',#893,#894);
#893 = CARTESIAN_POINT('',(25.,-13.4,6.3));
#894 = VECTOR('',#895,1.);
#895 = DIRECTION('',(0.,-1.,0.));
#896 = ORIENTED_EDGE('',*,*,#897,.F.);
#897 = EDGE_CURVE('',#898,#890,#900,.T.);
#898 = VERTEX_POINT('',#899);
#899 = CARTESIAN_POINT('',(26.2,-63.9,6.3));
#900 = LINE('',#901,#902);
#901 = CARTESIAN_POINT('',(28.521656284918,-63.9,6.3));
#902 = VECTOR('',#903,1.);
#903 = DIRECTION('',(-1.,0.,0.));
#904 = ORIENTED_EDGE('',*,*,#905,.T.);
#905 = EDGE_CURVE('',#898,#906,#908,.T.);
#906 = VERTEX_POINT('',#907);
#907 = CARTESIAN_POINT('',(26.2,-65.77054165346,6.3));
#908 = LINE('',#909,#910);
#909 = CARTESIAN_POINT('',(26.2,-52.43420966695,6.3));
#910 = VECTOR('',#911,1.);
#911 = DIRECTION('',(0.,-1.,0.));
#912 = ORIENTED_EDGE('',*,*,#913,.T.);
#913 = EDGE_CURVE('',#906,#158,#914,.T.);
#914 = LINE('',#915,#916);
#915 = CARTESIAN_POINT('',(25.560148530937,-52.74606579013,6.3));
#916 = VECTOR('',#917,1.);
#917 = DIRECTION('',(4.906767432734E-02,-0.998795456205,0.));
#918 = ORIENTED_EDGE('',*,*,#157,.T.);
#919 = PLANE('',#920);
#920 = AXIS2_PLACEMENT_3D('',#921,#922,#923);
#921 = CARTESIAN_POINT('',(44.267066577077,-46.08685620723,6.3));
#922 = DIRECTION('',(-0.,-0.,-1.));
#923 = DIRECTION('',(-1.,0.,0.));
#924 = ADVANCED_FACE('',(#925),#936,.F.);
#925 = FACE_BOUND('',#926,.F.);
#926 = EDGE_LOOP('',(#927,#928,#929,#930));
#927 = ORIENTED_EDGE('',*,*,#913,.T.);
#928 = ORIENTED_EDGE('',*,*,#174,.T.);
#929 = ORIENTED_EDGE('',*,*,#358,.T.);
#930 = ORIENTED_EDGE('',*,*,#931,.F.);
#931 = EDGE_CURVE('',#906,#351,#932,.T.);
#932 = LINE('',#933,#934);
#933 = CARTESIAN_POINT('',(26.2,-65.77054165346,6.2));
#934 = VECTOR('',#935,1.);
#935 = DIRECTION('',(0.,0.,1.));
#936 = PLANE('',#937);
#937 = AXIS2_PLACEMENT_3D('',#938,#939,#940);
#938 = CARTESIAN_POINT('',(26.201379428774,-65.79862057122,6.2));
#939 = DIRECTION('',(-0.998795456205,-4.906767432734E-02,0.));
#940 = DIRECTION('',(-4.906767432734E-02,0.998795456205,0.));
#941 = ADVANCED_FACE('',(#942),#981,.F.);
#942 = FACE_BOUND('',#943,.F.);
#943 = EDGE_LOOP('',(#944,#950,#951,#959,#967,#973,#974,#980));
#944 = ORIENTED_EDGE('',*,*,#945,.F.);
#945 = EDGE_CURVE('',#469,#191,#946,.T.);
#946 = LINE('',#947,#948);
#947 = CARTESIAN_POINT('',(47.8,-65.77054165346,6.2));
#948 = VECTOR('',#949,1.);
#949 = DIRECTION('',(0.,0.,1.));
#950 = ORIENTED_EDGE('',*,*,#476,.T.);
#951 = ORIENTED_EDGE('',*,*,#952,.F.);
#952 = EDGE_CURVE('',#953,#477,#955,.T.);
#953 = VERTEX_POINT('',#954);
#954 = CARTESIAN_POINT('',(47.8,-54.46808273176,11.6));
#955 = LINE('',#956,#957);
#956 = CARTESIAN_POINT('',(47.8,-54.46808273176,6.3));
#957 = VECTOR('',#958,1.);
#958 = DIRECTION('',(-0.,-0.,-1.));
#959 = ORIENTED_EDGE('',*,*,#960,.F.);
#960 = EDGE_CURVE('',#961,#953,#963,.T.);
#961 = VERTEX_POINT('',#962);
#962 = CARTESIAN_POINT('',(47.8,-51.13191726823,11.6));
#963 = LINE('',#964,#965);
#964 = CARTESIAN_POINT('',(47.8,-32.51472917326,11.6));
#965 = VECTOR('',#966,1.);
#966 = DIRECTION('',(0.,-1.,0.));
#967 = ORIENTED_EDGE('',*,*,#968,.T.);
#968 = EDGE_CURVE('',#961,#485,#969,.T.);
#969 = LINE('',#970,#971);
#970 = CARTESIAN_POINT('',(47.8,-51.13191726823,6.3));
#971 = VECTOR('',#972,1.);
#972 = DIRECTION('',(-0.,-0.,-1.));
#973 = ORIENTED_EDGE('',*,*,#493,.T.);
#974 = ORIENTED_EDGE('',*,*,#975,.T.);
#975 = EDGE_CURVE('',#494,#189,#976,.T.);
#976 = LINE('',#977,#978);
#977 = CARTESIAN_POINT('',(47.8,-12.22945834653,6.2));
#978 = VECTOR('',#979,1.);
#979 = DIRECTION('',(0.,0.,1.));
#980 = ORIENTED_EDGE('',*,*,#188,.T.);
#981 = PLANE('',#982);
#982 = AXIS2_PLACEMENT_3D('',#983,#984,#985);
#983 = CARTESIAN_POINT('',(47.8,-12.22945834653,6.2));
#984 = DIRECTION('',(1.,0.,0.));
#985 = DIRECTION('',(0.,-1.,0.));
#986 = ADVANCED_FACE('',(#987),#998,.F.);
#987 = FACE_BOUND('',#988,.F.);
#988 = EDGE_LOOP('',(#989,#990,#996,#997));
#989 = ORIENTED_EDGE('',*,*,#501,.T.);
#990 = ORIENTED_EDGE('',*,*,#991,.T.);
#991 = EDGE_CURVE('',#502,#199,#992,.T.);
#992 = LINE('',#993,#994);
#993 = CARTESIAN_POINT('',(47.798620571226,-12.20137942877,6.2));
#994 = VECTOR('',#995,1.);
#995 = DIRECTION('',(0.,0.,1.));
#996 = ORIENTED_EDGE('',*,*,#198,.T.);
#997 = ORIENTED_EDGE('',*,*,#975,.F.);
#998 = PLANE('',#999);
#999 = AXIS2_PLACEMENT_3D('',#1000,#1001,#1002);
#1000 = CARTESIAN_POINT('',(47.798620571226,-12.20137942877,6.2));
#1001 = DIRECTION('',(0.998795456205,4.906767432758E-02,0.));
#1002 = DIRECTION('',(4.906767432758E-02,-0.998795456205,0.));
#1003 = ADVANCED_FACE('',(#1004),#1010,.F.);
#1004 = FACE_BOUND('',#1005,.F.);
#1005 = EDGE_LOOP('',(#1006,#1007,#1008,#1009));
#1006 = ORIENTED_EDGE('',*,*,#468,.T.);
#1007 = ORIENTED_EDGE('',*,*,#945,.T.);
#1008 = ORIENTED_EDGE('',*,*,#374,.T.);
#1009 = ORIENTED_EDGE('',*,*,#441,.F.);
#1010 = PLANE('',#1011);
#1011 = AXIS2_PLACEMENT_3D('',#1012,#1013,#1014);
#1012 = CARTESIAN_POINT('',(47.8,-65.77054165346,6.2));
#1013 = DIRECTION('',(0.998795456205,-4.906767432757E-02,0.));
#1014 = DIRECTION('',(-4.906767432757E-02,-0.998795456205,0.));
#1015 = ADVANCED_FACE('',(#1016),#1027,.F.);
#1016 = FACE_BOUND('',#1017,.F.);
#1017 = EDGE_LOOP('',(#1018,#1019,#1025,#1026));
#1018 = ORIENTED_EDGE('',*,*,#509,.T.);
#1019 = ORIENTED_EDGE('',*,*,#1020,.T.);
#1020 = EDGE_CURVE('',#510,#207,#1021,.T.);
#1021 = LINE('',#1022,#1023);
#1022 = CARTESIAN_POINT('',(47.770541653469,-12.2,6.2));
#1023 = VECTOR('',#1024,1.);
#1024 = DIRECTION('',(0.,0.,1.));
#1025 = ORIENTED_EDGE('',*,*,#206,.T.);
#1026 = ORIENTED_EDGE('',*,*,#991,.F.);
#1027 = PLANE('',#1028);
#1028 = AXIS2_PLACEMENT_3D('',#1029,#1030,#1031);
#1029 = CARTESIAN_POINT('',(47.770541653469,-12.2,6.2));
#1030 = DIRECTION('',(4.906767432741E-02,0.998795456205,0.));
#1031 = DIRECTION('',(0.998795456205,-4.906767432741E-02,0.));
#1032 = ADVANCED_FACE('',(#1033),#1060,.F.);
#1033 = FACE_BOUND('',#1034,.F.);
#1034 = EDGE_LOOP('',(#1035,#1036,#1037,#1045,#1053,#1059));
#1035 = ORIENTED_EDGE('',*,*,#1020,.F.);
#1036 = ORIENTED_EDGE('',*,*,#517,.T.);
#1037 = ORIENTED_EDGE('',*,*,#1038,.F.);
#1038 = EDGE_CURVE('',#1039,#518,#1041,.T.);
#1039 = VERTEX_POINT('',#1040);
#1040 = CARTESIAN_POINT('',(47.,-12.2,12.7));
#1041 = LINE('',#1042,#1043);
#1042 = CARTESIAN_POINT('',(47.,-12.2,6.2));
#1043 = VECTOR('',#1044,1.);
#1044 = DIRECTION('',(0.,0.,-1.));
#1045 = ORIENTED_EDGE('',*,*,#1046,.F.);
#1046 = EDGE_CURVE('',#1047,#1039,#1049,.T.);
#1047 = VERTEX_POINT('',#1048);
#1048 = CARTESIAN_POINT('',(27.429458346531,-12.2,12.7));
#1049 = LINE('',#1050,#1051);
#1050 = CARTESIAN_POINT('',(27.414729173265,-12.2,12.7));
#1051 = VECTOR('',#1052,1.);
#1052 = DIRECTION('',(1.,0.,0.));
#1053 = ORIENTED_EDGE('',*,*,#1054,.T.);
#1054 = EDGE_CURVE('',#1047,#215,#1055,.T.);
#1055 = LINE('',#1056,#1057);
#1056 = CARTESIAN_POINT('',(27.429458346531,-12.2,6.2));
#1057 = VECTOR('',#1058,1.);
#1058 = DIRECTION('',(0.,0.,1.));
#1059 = ORIENTED_EDGE('',*,*,#214,.T.);
#1060 = PLANE('',#1061);
#1061 = AXIS2_PLACEMENT_3D('',#1062,#1063,#1064);
#1062 = CARTESIAN_POINT('',(27.429458346531,-12.2,6.2));
#1063 = DIRECTION('',(0.,1.,0.));
#1064 = DIRECTION('',(1.,0.,0.));
#1065 = ADVANCED_FACE('',(#1066),#1100,.F.);
#1066 = FACE_BOUND('',#1067,.F.);
#1067 = EDGE_LOOP('',(#1068,#1078,#1086,#1092,#1093,#1094));
#1068 = ORIENTED_EDGE('',*,*,#1069,.T.);
#1069 = EDGE_CURVE('',#1070,#1072,#1074,.T.);
#1070 = VERTEX_POINT('',#1071);
#1071 = CARTESIAN_POINT('',(27.4,-12.20144719576,12.7));
#1072 = VERTEX_POINT('',#1073);
#1073 = CARTESIAN_POINT('',(27.4,-12.20144719576,6.3));
#1074 = LINE('',#1075,#1076);
#1075 = CARTESIAN_POINT('',(27.4,-12.20144719576,6.2));
#1076 = VECTOR('',#1077,1.);
#1077 = DIRECTION('',(0.,0.,-1.));
#1078 = ORIENTED_EDGE('',*,*,#1079,.T.);
#1079 = EDGE_CURVE('',#1072,#1080,#1082,.T.);
#1080 = VERTEX_POINT('',#1081);
#1081 = CARTESIAN_POINT('',(27.282521281595,-12.20721855511,6.3));
#1082 = LINE('',#1083,#1084);
#1083 = CARTESIAN_POINT('',(31.492230328968,-12.00040881117,6.3));
#1084 = VECTOR('',#1085,1.);
#1085 = DIRECTION('',(-0.998795456205,-4.906767432741E-02,0.));
#1086 = ORIENTED_EDGE('',*,*,#1087,.T.);
#1087 = EDGE_CURVE('',#1080,#223,#1088,.T.);
#1088 = LINE('',#1089,#1090);
#1089 = CARTESIAN_POINT('',(27.282521281595,-12.20721855511,6.2));
#1090 = VECTOR('',#1091,1.);
#1091 = DIRECTION('',(0.,0.,1.));
#1092 = ORIENTED_EDGE('',*,*,#222,.T.);
#1093 = ORIENTED_EDGE('',*,*,#1054,.F.);
#1094 = ORIENTED_EDGE('',*,*,#1095,.F.);
#1095 = EDGE_CURVE('',#1070,#1047,#1096,.T.);
#1096 = LINE('',#1097,#1098);
#1097 = CARTESIAN_POINT('',(26.461592268837,-12.24754821139,12.7));
#1098 = VECTOR('',#1099,1.);
#1099 = DIRECTION('',(0.998795456205,4.906767432741E-02,0.));
#1100 = PLANE('',#1101);
#1101 = AXIS2_PLACEMENT_3D('',#1102,#1103,#1104);
#1102 = CARTESIAN_POINT('',(27.282521281595,-12.20721855511,6.2));
#1103 = DIRECTION('',(-4.906767432741E-02,0.998795456205,0.));
#1104 = DIRECTION('',(0.998795456205,4.906767432741E-02,0.));
#1105 = ADVANCED_FACE('',(#1106),#1124,.F.);
#1106 = FACE_BOUND('',#1107,.F.);
#1107 = EDGE_LOOP('',(#1108,#1116,#1122,#1123));
#1108 = ORIENTED_EDGE('',*,*,#1109,.T.);
#1109 = EDGE_CURVE('',#1080,#1110,#1112,.T.);
#1110 = VERTEX_POINT('',#1111);
#1111 = CARTESIAN_POINT('',(27.166173947468,-12.22447705182,6.3));
#1112 = LINE('',#1113,#1114);
#1113 = CARTESIAN_POINT('',(30.048182583348,-11.79697145472,6.3));
#1114 = VECTOR('',#1115,1.);
#1115 = DIRECTION('',(-0.989176509965,-0.146730474455,0.));
#1116 = ORIENTED_EDGE('',*,*,#1117,.T.);
#1117 = EDGE_CURVE('',#1110,#231,#1118,.T.);
#1118 = LINE('',#1119,#1120);
#1119 = CARTESIAN_POINT('',(27.166173947468,-12.22447705182,6.2));
#1120 = VECTOR('',#1121,1.);
#1121 = DIRECTION('',(0.,0.,1.));
#1122 = ORIENTED_EDGE('',*,*,#230,.T.);
#1123 = ORIENTED_EDGE('',*,*,#1087,.F.);
#1124 = PLANE('',#1125);
#1125 = AXIS2_PLACEMENT_3D('',#1126,#1127,#1128);
#1126 = CARTESIAN_POINT('',(27.166173947468,-12.22447705182,6.2));
#1127 = DIRECTION('',(-0.146730474455,0.989176509965,0.));
#1128 = DIRECTION('',(0.989176509965,0.146730474455,0.));
#1129 = ADVANCED_FACE('',(#1130),#1148,.F.);
#1130 = FACE_BOUND('',#1131,.F.);
#1131 = EDGE_LOOP('',(#1132,#1140,#1146,#1147));
#1132 = ORIENTED_EDGE('',*,*,#1133,.T.);
#1133 = EDGE_CURVE('',#1110,#1134,#1136,.T.);
#1134 = VERTEX_POINT('',#1135);
#1135 = CARTESIAN_POINT('',(27.05207848605,-12.25305647712,6.3));
#1136 = LINE('',#1137,#1138);
#1137 = CARTESIAN_POINT('',(28.589117176909,-11.86804832775,6.3));
#1138 = VECTOR('',#1139,1.);
#1139 = DIRECTION('',(-0.970031253195,-0.242980179903,0.));
#1140 = ORIENTED_EDGE('',*,*,#1141,.T.);
#1141 = EDGE_CURVE('',#1134,#239,#1142,.T.);
#1142 = LINE('',#1143,#1144);
#1143 = CARTESIAN_POINT('',(27.05207848605,-12.25305647712,6.2));
#1144 = VECTOR('',#1145,1.);
#1145 = DIRECTION('',(0.,0.,1.));
#1146 = ORIENTED_EDGE('',*,*,#238,.T.);
#1147 = ORIENTED_EDGE('',*,*,#1117,.F.);
#1148 = PLANE('',#1149);
#1149 = AXIS2_PLACEMENT_3D('',#1150,#1151,#1152);
#1150 = CARTESIAN_POINT('',(27.05207848605,-12.25305647712,6.2));
#1151 = DIRECTION('',(-0.242980179903,0.970031253195,0.));
#1152 = DIRECTION('',(0.970031253195,0.242980179903,0.));
#1153 = ADVANCED_FACE('',(#1154),#1229,.F.);
#1154 = FACE_BOUND('',#1155,.F.);
#1155 = EDGE_LOOP('',(#1156,#1164,#1172,#1180,#1188,#1196,#1204,#1212,
    #1220,#1226,#1227,#1228));
#1156 = ORIENTED_EDGE('',*,*,#1157,.F.);
#1157 = EDGE_CURVE('',#1158,#343,#1160,.T.);
#1158 = VERTEX_POINT('',#1159);
#1159 = CARTESIAN_POINT('',(26.2,-13.42945834653,6.3));
#1160 = LINE('',#1161,#1162);
#1161 = CARTESIAN_POINT('',(26.2,-13.42945834653,6.2));
#1162 = VECTOR('',#1163,1.);
#1163 = DIRECTION('',(0.,0.,1.));
#1164 = ORIENTED_EDGE('',*,*,#1165,.T.);
#1165 = EDGE_CURVE('',#1158,#1166,#1168,.T.);
#1166 = VERTEX_POINT('',#1167);
#1167 = CARTESIAN_POINT('',(26.2,-51.13191726823,6.3));
#1168 = LINE('',#1169,#1170);
#1169 = CARTESIAN_POINT('',(26.2,-52.43420966695,6.3));
#1170 = VECTOR('',#1171,1.);
#1171 = DIRECTION('',(0.,-1.,0.));
#1172 = ORIENTED_EDGE('',*,*,#1173,.F.);
#1173 = EDGE_CURVE('',#1174,#1166,#1176,.T.);
#1174 = VERTEX_POINT('',#1175);
#1175 = CARTESIAN_POINT('',(26.2,-51.13191726823,11.6));
#1176 = LINE('',#1177,#1178);
#1177 = CARTESIAN_POINT('',(26.2,-51.13191726823,6.3));
#1178 = VECTOR('',#1179,1.);
#1179 = DIRECTION('',(-0.,-0.,-1.));
#1180 = ORIENTED_EDGE('',*,*,#1181,.F.);
#1181 = EDGE_CURVE('',#1182,#1174,#1184,.T.);
#1182 = VERTEX_POINT('',#1183);
#1183 = CARTESIAN_POINT('',(26.2,-54.46808273176,11.6));
#1184 = LINE('',#1185,#1186);
#1185 = CARTESIAN_POINT('',(26.2,-59.28527082673,11.6));
#1186 = VECTOR('',#1187,1.);
#1187 = DIRECTION('',(0.,1.,0.));
#1188 = ORIENTED_EDGE('',*,*,#1189,.T.);
#1189 = EDGE_CURVE('',#1182,#1190,#1192,.T.);
#1190 = VERTEX_POINT('',#1191);
#1191 = CARTESIAN_POINT('',(26.2,-54.46808273176,6.3));
#1192 = LINE('',#1193,#1194);
#1193 = CARTESIAN_POINT('',(26.2,-54.46808273176,6.3));
#1194 = VECTOR('',#1195,1.);
#1195 = DIRECTION('',(-0.,-0.,-1.));
#1196 = ORIENTED_EDGE('',*,*,#1197,.T.);
#1197 = EDGE_CURVE('',#1190,#1198,#1200,.T.);
#1198 = VERTEX_POINT('',#1199);
#1199 = CARTESIAN_POINT('',(26.2,-55.4,6.3));
#1200 = LINE('',#1201,#1202);
#1201 = CARTESIAN_POINT('',(26.2,-52.43420966695,6.3));
#1202 = VECTOR('',#1203,1.);
#1203 = DIRECTION('',(0.,-1.,0.));
#1204 = ORIENTED_EDGE('',*,*,#1205,.F.);
#1205 = EDGE_CURVE('',#1206,#1198,#1208,.T.);
#1206 = VERTEX_POINT('',#1207);
#1207 = CARTESIAN_POINT('',(26.2,-55.4,9.2));
#1208 = LINE('',#1209,#1210);
#1209 = CARTESIAN_POINT('',(26.2,-55.4,5.65));
#1210 = VECTOR('',#1211,1.);
#1211 = DIRECTION('',(0.,0.,-1.));
#1212 = ORIENTED_EDGE('',*,*,#1213,.F.);
#1213 = EDGE_CURVE('',#1214,#1206,#1216,.T.);
#1214 = VERTEX_POINT('',#1215);
#1215 = CARTESIAN_POINT('',(26.2,-63.9,9.2));
#1216 = LINE('',#1217,#1218);
#1217 = CARTESIAN_POINT('',(26.2,-64.83527082673,9.2));
#1218 = VECTOR('',#1219,1.);
#1219 = DIRECTION('',(0.,1.,0.));
#1220 = ORIENTED_EDGE('',*,*,#1221,.T.);
#1221 = EDGE_CURVE('',#1214,#898,#1222,.T.);
#1222 = LINE('',#1223,#1224);
#1223 = CARTESIAN_POINT('',(26.2,-63.9,5.65));
#1224 = VECTOR('',#1225,1.);
#1225 = DIRECTION('',(0.,0.,-1.));
#1226 = ORIENTED_EDGE('',*,*,#905,.T.);
#1227 = ORIENTED_EDGE('',*,*,#931,.T.);
#1228 = ORIENTED_EDGE('',*,*,#350,.T.);
#1229 = PLANE('',#1230);
#1230 = AXIS2_PLACEMENT_3D('',#1231,#1232,#1233);
#1231 = CARTESIAN_POINT('',(26.2,-65.77054165346,6.2));
#1232 = DIRECTION('',(-1.,0.,0.));
#1233 = DIRECTION('',(0.,1.,0.));
#1234 = ADVANCED_FACE('',(#1235),#1253,.F.);
#1235 = FACE_BOUND('',#1236,.F.);
#1236 = EDGE_LOOP('',(#1237,#1245,#1251,#1252));
#1237 = ORIENTED_EDGE('',*,*,#1238,.T.);
#1238 = EDGE_CURVE('',#1134,#1239,#1241,.T.);
#1239 = VERTEX_POINT('',#1240);
#1240 = CARTESIAN_POINT('',(26.941333699004,-12.29268159553,6.3));
#1241 = LINE('',#1242,#1243);
#1242 = CARTESIAN_POINT('',(27.167803139174,-12.21164953413,6.3));
#1243 = VECTOR('',#1244,1.);
#1244 = DIRECTION('',(-0.941544065183,-0.336889853392,0.));
#1245 = ORIENTED_EDGE('',*,*,#1246,.T.);
#1246 = EDGE_CURVE('',#1239,#247,#1247,.T.);
#1247 = LINE('',#1248,#1249);
#1248 = CARTESIAN_POINT('',(26.941333699004,-12.29268159553,6.2));
#1249 = VECTOR('',#1250,1.);
#1250 = DIRECTION('',(0.,0.,1.));
#1251 = ORIENTED_EDGE('',*,*,#246,.T.);
#1252 = ORIENTED_EDGE('',*,*,#1141,.F.);
#1253 = PLANE('',#1254);
#1254 = AXIS2_PLACEMENT_3D('',#1255,#1256,#1257);
#1255 = CARTESIAN_POINT('',(26.941333699004,-12.29268159553,6.2));
#1256 = DIRECTION('',(-0.336889853392,0.941544065183,0.));
#1257 = DIRECTION('',(0.941544065183,0.336889853392,0.));
#1258 = ADVANCED_FACE('',(#1259),#1277,.F.);
#1259 = FACE_BOUND('',#1260,.F.);
#1260 = EDGE_LOOP('',(#1261,#1269,#1270,#1271));
#1261 = ORIENTED_EDGE('',*,*,#1262,.T.);
#1262 = EDGE_CURVE('',#1263,#1158,#1265,.T.);
#1263 = VERTEX_POINT('',#1264);
#1264 = CARTESIAN_POINT('',(26.207218555115,-13.28252128159,6.3));
#1265 = LINE('',#1266,#1267);
#1266 = CARTESIAN_POINT('',(25.584067113477,-25.96706027729,6.3));
#1267 = VECTOR('',#1268,1.);
#1268 = DIRECTION('',(-4.906767432747E-02,-0.998795456205,0.));
#1269 = ORIENTED_EDGE('',*,*,#1157,.T.);
#1270 = ORIENTED_EDGE('',*,*,#342,.T.);
#1271 = ORIENTED_EDGE('',*,*,#1272,.F.);
#1272 = EDGE_CURVE('',#1263,#335,#1273,.T.);
#1273 = LINE('',#1274,#1275);
#1274 = CARTESIAN_POINT('',(26.207218555115,-13.28252128159,6.2));
#1275 = VECTOR('',#1276,1.);
#1276 = DIRECTION('',(0.,0.,1.));
#1277 = PLANE('',#1278);
#1278 = AXIS2_PLACEMENT_3D('',#1279,#1280,#1281);
#1279 = CARTESIAN_POINT('',(26.2,-13.42945834653,6.2));
#1280 = DIRECTION('',(-0.998795456205,4.906767432747E-02,0.));
#1281 = DIRECTION('',(4.906767432747E-02,0.998795456205,0.));
#1282 = ADVANCED_FACE('',(#1283),#1301,.F.);
#1283 = FACE_BOUND('',#1284,.F.);
#1284 = EDGE_LOOP('',(#1285,#1293,#1299,#1300));
#1285 = ORIENTED_EDGE('',*,*,#1286,.T.);
#1286 = EDGE_CURVE('',#1239,#1287,#1289,.T.);
#1287 = VERTEX_POINT('',#1288);
#1288 = CARTESIAN_POINT('',(26.83500611917,-12.3429707955,6.3));
#1289 = LINE('',#1290,#1291);
#1290 = CARTESIAN_POINT('',(25.83564732038,-12.8156323058,6.3));
#1291 = VECTOR('',#1292,1.);
#1292 = DIRECTION('',(-0.903989293123,-0.42755509343,0.));
#1293 = ORIENTED_EDGE('',*,*,#1294,.T.);
#1294 = EDGE_CURVE('',#1287,#255,#1295,.T.);
#1295 = LINE('',#1296,#1297);
#1296 = CARTESIAN_POINT('',(26.83500611917,-12.3429707955,6.2));
#1297 = VECTOR('',#1298,1.);
#1298 = DIRECTION('',(0.,0.,1.));
#1299 = ORIENTED_EDGE('',*,*,#254,.T.);
#1300 = ORIENTED_EDGE('',*,*,#1246,.F.);
#1301 = PLANE('',#1302);
#1302 = AXIS2_PLACEMENT_3D('',#1303,#1304,#1305);
#1303 = CARTESIAN_POINT('',(26.83500611917,-12.3429707955,6.2));
#1304 = DIRECTION('',(-0.42755509343,0.903989293123,0.));
#1305 = DIRECTION('',(0.903989293123,0.42755509343,0.));
#1306 = ADVANCED_FACE('',(#1307),#1325,.F.);
#1307 = FACE_BOUND('',#1308,.F.);
#1308 = EDGE_LOOP('',(#1309,#1317,#1318,#1319));
#1309 = ORIENTED_EDGE('',*,*,#1310,.T.);
#1310 = EDGE_CURVE('',#1311,#1263,#1313,.T.);
#1311 = VERTEX_POINT('',#1312);
#1312 = CARTESIAN_POINT('',(26.22447705182,-13.16617394746,6.3));
#1313 = LINE('',#1314,#1315);
#1314 = CARTESIAN_POINT('',(24.450417597565,-25.12591132271,6.3));
#1315 = VECTOR('',#1316,1.);
#1316 = DIRECTION('',(-0.146730474455,-0.989176509965,0.));
#1317 = ORIENTED_EDGE('',*,*,#1272,.T.);
#1318 = ORIENTED_EDGE('',*,*,#334,.T.);
#1319 = ORIENTED_EDGE('',*,*,#1320,.F.);
#1320 = EDGE_CURVE('',#1311,#327,#1321,.T.);
#1321 = LINE('',#1322,#1323);
#1322 = CARTESIAN_POINT('',(26.22447705182,-13.16617394746,6.2));
#1323 = VECTOR('',#1324,1.);
#1324 = DIRECTION('',(0.,0.,1.));
#1325 = PLANE('',#1326);
#1326 = AXIS2_PLACEMENT_3D('',#1327,#1328,#1329);
#1327 = CARTESIAN_POINT('',(26.207218555115,-13.28252128159,6.2));
#1328 = DIRECTION('',(-0.989176509965,0.146730474455,0.));
#1329 = DIRECTION('',(0.146730474455,0.989176509965,0.));
#1330 = ADVANCED_FACE('',(#1331),#1349,.F.);
#1331 = FACE_BOUND('',#1332,.F.);
#1332 = EDGE_LOOP('',(#1333,#1341,#1347,#1348));
#1333 = ORIENTED_EDGE('',*,*,#1334,.T.);
#1334 = EDGE_CURVE('',#1287,#1335,#1337,.T.);
#1335 = VERTEX_POINT('',#1336);
#1336 = CARTESIAN_POINT('',(26.734119739265,-12.40343976453,6.3));
#1337 = LINE('',#1338,#1339);
#1338 = CARTESIAN_POINT('',(24.640749802352,-13.65815741838,6.3));
#1339 = VECTOR('',#1340,1.);
#1340 = DIRECTION('',(-0.85772861,-0.514102744193,0.));
#1341 = ORIENTED_EDGE('',*,*,#1342,.T.);
#1342 = EDGE_CURVE('',#1335,#263,#1343,.T.);
#1343 = LINE('',#1344,#1345);
#1344 = CARTESIAN_POINT('',(26.734119739265,-12.40343976453,6.2));
#1345 = VECTOR('',#1346,1.);
#1346 = DIRECTION('',(0.,0.,1.));
#1347 = ORIENTED_EDGE('',*,*,#262,.T.);
#1348 = ORIENTED_EDGE('',*,*,#1294,.F.);
#1349 = PLANE('',#1350);
#1350 = AXIS2_PLACEMENT_3D('',#1351,#1352,#1353);
#1351 = CARTESIAN_POINT('',(26.734119739265,-12.40343976453,6.2));
#1352 = DIRECTION('',(-0.514102744193,0.85772861,0.));
#1353 = DIRECTION('',(0.85772861,0.514102744193,0.));
#1354 = ADVANCED_FACE('',(#1355),#1373,.F.);
#1355 = FACE_BOUND('',#1356,.F.);
#1356 = EDGE_LOOP('',(#1357,#1365,#1366,#1367));
#1357 = ORIENTED_EDGE('',*,*,#1358,.T.);
#1358 = EDGE_CURVE('',#1359,#1311,#1361,.T.);
#1359 = VERTEX_POINT('',#1360);
#1360 = CARTESIAN_POINT('',(26.253056477122,-13.05207848605,6.3));
#1361 = LINE('',#1362,#1363);
#1362 = CARTESIAN_POINT('',(23.487815526601,-24.09153917657,6.3));
#1363 = VECTOR('',#1364,1.);
#1364 = DIRECTION('',(-0.242980179903,-0.970031253195,0.));
#1365 = ORIENTED_EDGE('',*,*,#1320,.T.);
#1366 = ORIENTED_EDGE('',*,*,#326,.T.);
#1367 = ORIENTED_EDGE('',*,*,#1368,.F.);
#1368 = EDGE_CURVE('',#1359,#319,#1369,.T.);
#1369 = LINE('',#1370,#1371);
#1370 = CARTESIAN_POINT('',(26.253056477122,-13.05207848605,6.2));
#1371 = VECTOR('',#1372,1.);
#1372 = DIRECTION('',(0.,0.,1.));
#1373 = PLANE('',#1374);
#1374 = AXIS2_PLACEMENT_3D('',#1375,#1376,#1377);
#1375 = CARTESIAN_POINT('',(26.22447705182,-13.16617394746,6.2));
#1376 = DIRECTION('',(-0.970031253195,0.242980179903,0.));
#1377 = DIRECTION('',(0.242980179903,0.970031253195,0.));
#1378 = ADVANCED_FACE('',(#1379),#1397,.F.);
#1379 = FACE_BOUND('',#1380,.F.);
#1380 = EDGE_LOOP('',(#1381,#1389,#1395,#1396));
#1381 = ORIENTED_EDGE('',*,*,#1382,.T.);
#1382 = EDGE_CURVE('',#1335,#1383,#1385,.T.);
#1383 = VERTEX_POINT('',#1384);
#1384 = CARTESIAN_POINT('',(26.639646150277,-12.47350615341,6.3));
#1385 = LINE('',#1386,#1387);
#1386 = CARTESIAN_POINT('',(23.62608523545,-14.70851525212,6.3));
#1387 = VECTOR('',#1388,1.);
#1388 = DIRECTION('',(-0.803207531481,-0.595699304492,0.));
#1389 = ORIENTED_EDGE('',*,*,#1390,.T.);
#1390 = EDGE_CURVE('',#1383,#271,#1391,.T.);
#1391 = LINE('',#1392,#1393);
#1392 = CARTESIAN_POINT('',(26.639646150277,-12.47350615341,6.2));
#1393 = VECTOR('',#1394,1.);
#1394 = DIRECTION('',(0.,0.,1.));
#1395 = ORIENTED_EDGE('',*,*,#270,.T.);
#1396 = ORIENTED_EDGE('',*,*,#1342,.F.);
#1397 = PLANE('',#1398);
#1398 = AXIS2_PLACEMENT_3D('',#1399,#1400,#1401);
#1399 = CARTESIAN_POINT('',(26.639646150277,-12.47350615341,6.2));
#1400 = DIRECTION('',(-0.595699304492,0.803207531481,0.));
#1401 = DIRECTION('',(0.803207531481,0.595699304492,0.));
#1402 = ADVANCED_FACE('',(#1403),#1421,.F.);
#1403 = FACE_BOUND('',#1404,.F.);
#1404 = EDGE_LOOP('',(#1405,#1413,#1414,#1415));
#1405 = ORIENTED_EDGE('',*,*,#1406,.T.);
#1406 = EDGE_CURVE('',#1407,#1359,#1409,.T.);
#1407 = VERTEX_POINT('',#1408);
#1408 = CARTESIAN_POINT('',(26.292681595533,-12.941333699,6.3));
#1409 = LINE('',#1410,#1411);
#1410 = CARTESIAN_POINT('',(22.734555289369,-22.8856305456,6.3));
#1411 = VECTOR('',#1412,1.);
#1412 = DIRECTION('',(-0.336889853392,-0.941544065183,0.));
#1413 = ORIENTED_EDGE('',*,*,#1368,.T.);
#1414 = ORIENTED_EDGE('',*,*,#318,.T.);
#1415 = ORIENTED_EDGE('',*,*,#1416,.F.);
#1416 = EDGE_CURVE('',#1407,#311,#1417,.T.);
#1417 = LINE('',#1418,#1419);
#1418 = CARTESIAN_POINT('',(26.292681595533,-12.941333699,6.2));
#1419 = VECTOR('',#1420,1.);
#1420 = DIRECTION('',(0.,0.,1.));
#1421 = PLANE('',#1422);
#1422 = AXIS2_PLACEMENT_3D('',#1423,#1424,#1425);
#1423 = CARTESIAN_POINT('',(26.253056477122,-13.05207848605,6.2));
#1424 = DIRECTION('',(-0.941544065183,0.336889853392,0.));
#1425 = DIRECTION('',(0.336889853392,0.941544065183,0.));
#1426 = ADVANCED_FACE('',(#1427),#1445,.F.);
#1427 = FACE_BOUND('',#1428,.F.);
#1428 = EDGE_LOOP('',(#1429,#1437,#1443,#1444));
#1429 = ORIENTED_EDGE('',*,*,#1430,.T.);
#1430 = EDGE_CURVE('',#1383,#1431,#1433,.T.);
#1431 = VERTEX_POINT('',#1432);
#1432 = CARTESIAN_POINT('',(26.552495184515,-12.55249518451,6.3));
#1433 = LINE('',#1434,#1435);
#1434 = CARTESIAN_POINT('',(22.827879704896,-15.92828988015,6.3));
#1435 = VECTOR('',#1436,1.);
#1436 = DIRECTION('',(-0.740951125355,-0.671558954847,0.));
#1437 = ORIENTED_EDGE('',*,*,#1438,.T.);
#1438 = EDGE_CURVE('',#1431,#279,#1439,.T.);
#1439 = LINE('',#1440,#1441);
#1440 = CARTESIAN_POINT('',(26.552495184515,-12.55249518451,6.2));
#1441 = VECTOR('',#1442,1.);
#1442 = DIRECTION('',(0.,0.,1.));
#1443 = ORIENTED_EDGE('',*,*,#278,.T.);
#1444 = ORIENTED_EDGE('',*,*,#1390,.F.);
#1445 = PLANE('',#1446);
#1446 = AXIS2_PLACEMENT_3D('',#1447,#1448,#1449);
#1447 = CARTESIAN_POINT('',(26.552495184515,-12.55249518451,6.2));
#1448 = DIRECTION('',(-0.671558954847,0.740951125355,0.));
#1449 = DIRECTION('',(0.740951125355,0.671558954847,0.));
#1450 = ADVANCED_FACE('',(#1451),#1469,.F.);
#1451 = FACE_BOUND('',#1452,.F.);
#1452 = EDGE_LOOP('',(#1453,#1461,#1462,#1463));
#1453 = ORIENTED_EDGE('',*,*,#1454,.T.);
#1454 = EDGE_CURVE('',#1455,#1407,#1457,.T.);
#1455 = VERTEX_POINT('',#1456);
#1456 = CARTESIAN_POINT('',(26.3429707955,-12.83500611917,6.3));
#1457 = LINE('',#1458,#1459);
#1458 = CARTESIAN_POINT('',(22.220486836079,-21.5512661232,6.3));
#1459 = VECTOR('',#1460,1.);
#1460 = DIRECTION('',(-0.42755509343,-0.903989293123,0.));
#1461 = ORIENTED_EDGE('',*,*,#1416,.T.);
#1462 = ORIENTED_EDGE('',*,*,#310,.T.);
#1463 = ORIENTED_EDGE('',*,*,#1464,.F.);
#1464 = EDGE_CURVE('',#1455,#303,#1465,.T.);
#1465 = LINE('',#1466,#1467);
#1466 = CARTESIAN_POINT('',(26.3429707955,-12.83500611917,6.2));
#1467 = VECTOR('',#1468,1.);
#1468 = DIRECTION('',(0.,0.,1.));
#1469 = PLANE('',#1470);
#1470 = AXIS2_PLACEMENT_3D('',#1471,#1472,#1473);
#1471 = CARTESIAN_POINT('',(26.292681595533,-12.941333699,6.2));
#1472 = DIRECTION('',(-0.903989293123,0.42755509343,0.));
#1473 = DIRECTION('',(0.42755509343,0.903989293123,0.));
#1474 = ADVANCED_FACE('',(#1475),#1493,.F.);
#1475 = FACE_BOUND('',#1476,.F.);
#1476 = EDGE_LOOP('',(#1477,#1485,#1491,#1492));
#1477 = ORIENTED_EDGE('',*,*,#1478,.T.);
#1478 = EDGE_CURVE('',#1431,#1479,#1481,.T.);
#1479 = VERTEX_POINT('',#1480);
#1480 = CARTESIAN_POINT('',(26.473506153419,-12.63964615027,6.3));
#1481 = LINE('',#1482,#1483);
#1482 = CARTESIAN_POINT('',(22.274245229434,-17.27281660363,6.3));
#1483 = VECTOR('',#1484,1.);
#1484 = DIRECTION('',(-0.671558954847,-0.740951125355,0.));
#1485 = ORIENTED_EDGE('',*,*,#1486,.T.);
#1486 = EDGE_CURVE('',#1479,#287,#1487,.T.);
#1487 = LINE('',#1488,#1489);
#1488 = CARTESIAN_POINT('',(26.473506153419,-12.63964615027,6.2));
#1489 = VECTOR('',#1490,1.);
#1490 = DIRECTION('',(0.,0.,1.));
#1491 = ORIENTED_EDGE('',*,*,#286,.T.);
#1492 = ORIENTED_EDGE('',*,*,#1438,.F.);
#1493 = PLANE('',#1494);
#1494 = AXIS2_PLACEMENT_3D('',#1495,#1496,#1497);
#1495 = CARTESIAN_POINT('',(26.473506153419,-12.63964615027,6.2));
#1496 = DIRECTION('',(-0.740951125355,0.671558954847,0.));
#1497 = DIRECTION('',(0.671558954847,0.740951125355,0.));
#1498 = ADVANCED_FACE('',(#1499),#1517,.F.);
#1499 = FACE_BOUND('',#1500,.F.);
#1500 = EDGE_LOOP('',(#1501,#1509,#1510,#1511));
#1501 = ORIENTED_EDGE('',*,*,#1502,.T.);
#1502 = EDGE_CURVE('',#1503,#1455,#1505,.T.);
#1503 = VERTEX_POINT('',#1504);
#1504 = CARTESIAN_POINT('',(26.403439764538,-12.73411973926,6.3));
#1505 = LINE('',#1506,#1507);
#1506 = CARTESIAN_POINT('',(21.966583467063,-20.13656726126,6.3));
#1507 = VECTOR('',#1508,1.);
#1508 = DIRECTION('',(-0.514102744193,-0.85772861,0.));
#1509 = ORIENTED_EDGE('',*,*,#1464,.T.);
#1510 = ORIENTED_EDGE('',*,*,#302,.T.);
#1511 = ORIENTED_EDGE('',*,*,#1512,.F.);
#1512 = EDGE_CURVE('',#1503,#295,#1513,.T.);
#1513 = LINE('',#1514,#1515);
#1514 = CARTESIAN_POINT('',(26.403439764538,-12.73411973926,6.2));
#1515 = VECTOR('',#1516,1.);
#1516 = DIRECTION('',(0.,0.,1.));
#1517 = PLANE('',#1518);
#1518 = AXIS2_PLACEMENT_3D('',#1519,#1520,#1521);
#1519 = CARTESIAN_POINT('',(26.3429707955,-12.83500611917,6.2));
#1520 = DIRECTION('',(-0.85772861,0.514102744193,0.));
#1521 = DIRECTION('',(0.514102744193,0.85772861,0.));
#1522 = ADVANCED_FACE('',(#1523),#1534,.F.);
#1523 = FACE_BOUND('',#1524,.F.);
#1524 = EDGE_LOOP('',(#1525,#1531,#1532,#1533));
#1525 = ORIENTED_EDGE('',*,*,#1526,.T.);
#1526 = EDGE_CURVE('',#1479,#1503,#1527,.T.);
#1527 = LINE('',#1528,#1529);
#1528 = CARTESIAN_POINT('',(21.984124111184,-18.69287710224,6.3));
#1529 = VECTOR('',#1530,1.);
#1530 = DIRECTION('',(-0.595699304492,-0.803207531481,0.));
#1531 = ORIENTED_EDGE('',*,*,#1512,.T.);
#1532 = ORIENTED_EDGE('',*,*,#294,.T.);
#1533 = ORIENTED_EDGE('',*,*,#1486,.F.);
#1534 = PLANE('',#1535);
#1535 = AXIS2_PLACEMENT_3D('',#1536,#1537,#1538);
#1536 = CARTESIAN_POINT('',(26.403439764538,-12.73411973926,6.2));
#1537 = DIRECTION('',(-0.803207531481,0.595699304492,0.));
#1538 = DIRECTION('',(0.595699304492,0.803207531481,0.));
#1539 = ADVANCED_FACE('',(#1540),#1559,.F.);
#1540 = FACE_BOUND('',#1541,.T.);
#1541 = EDGE_LOOP('',(#1542,#1550,#1551,#1552));
#1542 = ORIENTED_EDGE('',*,*,#1543,.F.);
#1543 = EDGE_CURVE('',#383,#1544,#1546,.T.);
#1544 = VERTEX_POINT('',#1545);
#1545 = CARTESIAN_POINT('',(38.4,-59.5,16.6));
#1546 = LINE('',#1547,#1548);
#1547 = CARTESIAN_POINT('',(38.4,-59.5,7.8));
#1548 = VECTOR('',#1549,1.);
#1549 = DIRECTION('',(0.,0.,1.));
#1550 = ORIENTED_EDGE('',*,*,#382,.T.);
#1551 = ORIENTED_EDGE('',*,*,#1543,.T.);
#1552 = ORIENTED_EDGE('',*,*,#1553,.F.);
#1553 = EDGE_CURVE('',#1544,#1544,#1554,.T.);
#1554 = CIRCLE('',#1555,1.4);
#1555 = AXIS2_PLACEMENT_3D('',#1556,#1557,#1558);
#1556 = CARTESIAN_POINT('',(37.,-59.5,16.6));
#1557 = DIRECTION('',(0.,0.,-1.));
#1558 = DIRECTION('',(1.,0.,0.));
#1559 = CYLINDRICAL_SURFACE('',#1560,1.4);
#1560 = AXIS2_PLACEMENT_3D('',#1561,#1562,#1563);
#1561 = CARTESIAN_POINT('',(37.,-59.5,7.8));
#1562 = DIRECTION('',(-0.,-0.,-1.));
#1563 = DIRECTION('',(1.,0.,0.));
#1564 = ADVANCED_FACE('',(#1565),#1590,.T.);
#1565 = FACE_BOUND('',#1566,.T.);
#1566 = EDGE_LOOP('',(#1567,#1575,#1576,#1584));
#1567 = ORIENTED_EDGE('',*,*,#1568,.F.);
#1568 = EDGE_CURVE('',#394,#1569,#1571,.T.);
#1569 = VERTEX_POINT('',#1570);
#1570 = CARTESIAN_POINT('',(44.45,-49.35,17.2));
#1571 = LINE('',#1572,#1573);
#1572 = CARTESIAN_POINT('',(44.45,-49.35,16.5));
#1573 = VECTOR('',#1574,1.);
#1574 = DIRECTION('',(0.,0.,1.));
#1575 = ORIENTED_EDGE('',*,*,#393,.T.);
#1576 = ORIENTED_EDGE('',*,*,#1577,.T.);
#1577 = EDGE_CURVE('',#396,#1578,#1580,.T.);
#1578 = VERTEX_POINT('',#1579);
#1579 = CARTESIAN_POINT('',(29.95,-49.35,17.2));
#1580 = LINE('',#1581,#1582);
#1581 = CARTESIAN_POINT('',(29.95,-49.35,15.1));
#1582 = VECTOR('',#1583,1.);
#1583 = DIRECTION('',(0.,0.,1.));
#1584 = ORIENTED_EDGE('',*,*,#1585,.T.);
#1585 = EDGE_CURVE('',#1578,#1569,#1586,.T.);
#1586 = LINE('',#1587,#1588);
#1587 = CARTESIAN_POINT('',(28.2,-49.35,17.2));
#1588 = VECTOR('',#1589,1.);
#1589 = DIRECTION('',(1.,0.,0.));
#1590 = PLANE('',#1591);
#1591 = AXIS2_PLACEMENT_3D('',#1592,#1593,#1594);
#1592 = CARTESIAN_POINT('',(37.2,-49.35,16.3));
#1593 = DIRECTION('',(0.,1.,3.917116451044E-15));
#1594 = DIRECTION('',(0.,-3.917116451044E-15,1.));
#1595 = ADVANCED_FACE('',(#1596),#1614,.T.);
#1596 = FACE_BOUND('',#1597,.T.);
#1597 = EDGE_LOOP('',(#1598,#1599,#1607,#1613));
#1598 = ORIENTED_EDGE('',*,*,#1568,.T.);
#1599 = ORIENTED_EDGE('',*,*,#1600,.T.);
#1600 = EDGE_CURVE('',#1569,#1601,#1603,.T.);
#1601 = VERTEX_POINT('',#1602);
#1602 = CARTESIAN_POINT('',(44.45,-18.25,17.2));
#1603 = LINE('',#1604,#1605);
#1604 = CARTESIAN_POINT('',(44.45,-50.8,17.2));
#1605 = VECTOR('',#1606,1.);
#1606 = DIRECTION('',(0.,1.,0.));
#1607 = ORIENTED_EDGE('',*,*,#1608,.F.);
#1608 = EDGE_CURVE('',#412,#1601,#1609,.T.);
#1609 = LINE('',#1610,#1611);
#1610 = CARTESIAN_POINT('',(44.45,-18.25,16.5));
#1611 = VECTOR('',#1612,1.);
#1612 = DIRECTION('',(0.,0.,1.));
#1613 = ORIENTED_EDGE('',*,*,#419,.F.);
#1614 = PLANE('',#1615);
#1615 = AXIS2_PLACEMENT_3D('',#1616,#1617,#1618);
#1616 = CARTESIAN_POINT('',(44.45,-33.8,16.3));
#1617 = DIRECTION('',(-1.,-0.,-0.));
#1618 = DIRECTION('',(0.,0.,-1.));
#1619 = ADVANCED_FACE('',(#1620),#1638,.T.);
#1620 = FACE_BOUND('',#1621,.T.);
#1621 = EDGE_LOOP('',(#1622,#1623,#1624,#1632));
#1622 = ORIENTED_EDGE('',*,*,#1577,.F.);
#1623 = ORIENTED_EDGE('',*,*,#403,.T.);
#1624 = ORIENTED_EDGE('',*,*,#1625,.T.);
#1625 = EDGE_CURVE('',#404,#1626,#1628,.T.);
#1626 = VERTEX_POINT('',#1627);
#1627 = CARTESIAN_POINT('',(29.95,-18.25,17.2));
#1628 = LINE('',#1629,#1630);
#1629 = CARTESIAN_POINT('',(29.95,-18.25,15.1));
#1630 = VECTOR('',#1631,1.);
#1631 = DIRECTION('',(0.,0.,1.));
#1632 = ORIENTED_EDGE('',*,*,#1633,.F.);
#1633 = EDGE_CURVE('',#1578,#1626,#1634,.T.);
#1634 = LINE('',#1635,#1636);
#1635 = CARTESIAN_POINT('',(29.95,-50.8,17.2));
#1636 = VECTOR('',#1637,1.);
#1637 = DIRECTION('',(0.,1.,0.));
#1638 = PLANE('',#1639);
#1639 = AXIS2_PLACEMENT_3D('',#1640,#1641,#1642);
#1640 = CARTESIAN_POINT('',(29.95,-33.8,16.3));
#1641 = DIRECTION('',(1.,0.,7.865695756187E-15));
#1642 = DIRECTION('',(-7.865695756187E-15,0.,1.));
#1643 = ADVANCED_FACE('',(#1644),#1655,.T.);
#1644 = FACE_BOUND('',#1645,.T.);
#1645 = EDGE_LOOP('',(#1646,#1647,#1653,#1654));
#1646 = ORIENTED_EDGE('',*,*,#1608,.T.);
#1647 = ORIENTED_EDGE('',*,*,#1648,.F.);
#1648 = EDGE_CURVE('',#1626,#1601,#1649,.T.);
#1649 = LINE('',#1650,#1651);
#1650 = CARTESIAN_POINT('',(28.2,-18.25,17.2));
#1651 = VECTOR('',#1652,1.);
#1652 = DIRECTION('',(1.,0.,0.));
#1653 = ORIENTED_EDGE('',*,*,#1625,.F.);
#1654 = ORIENTED_EDGE('',*,*,#411,.F.);
#1655 = PLANE('',#1656);
#1656 = AXIS2_PLACEMENT_3D('',#1657,#1658,#1659);
#1657 = CARTESIAN_POINT('',(37.2,-18.25,16.3));
#1658 = DIRECTION('',(-0.,-1.,-3.917116451044E-15));
#1659 = DIRECTION('',(0.,3.917116451044E-15,-1.));
#1660 = ADVANCED_FACE('',(#1661),#1694,.F.);
#1661 = FACE_BOUND('',#1662,.F.);
#1662 = EDGE_LOOP('',(#1663,#1664,#1672,#1680,#1686,#1687,#1688,#1689,
    #1690,#1691,#1692,#1693));
#1663 = ORIENTED_EDGE('',*,*,#872,.F.);
#1664 = ORIENTED_EDGE('',*,*,#1665,.T.);
#1665 = EDGE_CURVE('',#873,#1666,#1668,.T.);
#1666 = VERTEX_POINT('',#1667);
#1667 = CARTESIAN_POINT('',(26.2,-67.,16.6));
#1668 = LINE('',#1669,#1670);
#1669 = CARTESIAN_POINT('',(26.2,-67.,6.3));
#1670 = VECTOR('',#1671,1.);
#1671 = DIRECTION('',(0.,0.,1.));
#1672 = ORIENTED_EDGE('',*,*,#1673,.T.);
#1673 = EDGE_CURVE('',#1666,#1674,#1676,.T.);
#1674 = VERTEX_POINT('',#1675);
#1675 = CARTESIAN_POINT('',(47.8,-67.,16.6));
#1676 = LINE('',#1677,#1678);
#1677 = CARTESIAN_POINT('',(26.2,-67.,16.6));
#1678 = VECTOR('',#1679,1.);
#1679 = DIRECTION('',(1.,0.,0.));
#1680 = ORIENTED_EDGE('',*,*,#1681,.F.);
#1681 = EDGE_CURVE('',#575,#1674,#1682,.T.);
#1682 = LINE('',#1683,#1684);
#1683 = CARTESIAN_POINT('',(47.8,-67.,6.3));
#1684 = VECTOR('',#1685,1.);
#1685 = DIRECTION('',(0.,0.,1.));
#1686 = ORIENTED_EDGE('',*,*,#583,.F.);
#1687 = ORIENTED_EDGE('',*,*,#619,.F.);
#1688 = ORIENTED_EDGE('',*,*,#643,.F.);
#1689 = ORIENTED_EDGE('',*,*,#660,.T.);
#1690 = ORIENTED_EDGE('',*,*,#694,.F.);
#1691 = ORIENTED_EDGE('',*,*,#785,.F.);
#1692 = ORIENTED_EDGE('',*,*,#831,.F.);
#1693 = ORIENTED_EDGE('',*,*,#847,.T.);
#1694 = PLANE('',#1695);
#1695 = AXIS2_PLACEMENT_3D('',#1696,#1697,#1698);
#1696 = CARTESIAN_POINT('',(26.2,-67.,6.3));
#1697 = DIRECTION('',(0.,1.,0.));
#1698 = DIRECTION('',(1.,0.,0.));
#1699 = ADVANCED_FACE('',(#1700),#1719,.T.);
#1700 = FACE_BOUND('',#1701,.F.);
#1701 = EDGE_LOOP('',(#1702,#1703,#1712,#1718));
#1702 = ORIENTED_EDGE('',*,*,#1681,.T.);
#1703 = ORIENTED_EDGE('',*,*,#1704,.T.);
#1704 = EDGE_CURVE('',#1674,#1705,#1707,.T.);
#1705 = VERTEX_POINT('',#1706);
#1706 = CARTESIAN_POINT('',(49.,-65.8,16.6));
#1707 = CIRCLE('',#1708,1.2);
#1708 = AXIS2_PLACEMENT_3D('',#1709,#1710,#1711);
#1709 = CARTESIAN_POINT('',(47.8,-65.8,16.6));
#1710 = DIRECTION('',(-0.,0.,1.));
#1711 = DIRECTION('',(5.921189464667E-15,-1.,0.));
#1712 = ORIENTED_EDGE('',*,*,#1713,.F.);
#1713 = EDGE_CURVE('',#567,#1705,#1714,.T.);
#1714 = LINE('',#1715,#1716);
#1715 = CARTESIAN_POINT('',(49.,-65.8,6.3));
#1716 = VECTOR('',#1717,1.);
#1717 = DIRECTION('',(0.,0.,1.));
#1718 = ORIENTED_EDGE('',*,*,#574,.F.);
#1719 = CYLINDRICAL_SURFACE('',#1720,1.2);
#1720 = AXIS2_PLACEMENT_3D('',#1721,#1722,#1723);
#1721 = CARTESIAN_POINT('',(47.8,-65.8,6.3));
#1722 = DIRECTION('',(0.,0.,-1.));
#1723 = DIRECTION('',(5.921189464667E-15,-1.,0.));
#1724 = ADVANCED_FACE('',(#1725),#1743,.F.);
#1725 = FACE_BOUND('',#1726,.F.);
#1726 = EDGE_LOOP('',(#1727,#1728,#1736,#1742));
#1727 = ORIENTED_EDGE('',*,*,#1713,.T.);
#1728 = ORIENTED_EDGE('',*,*,#1729,.T.);
#1729 = EDGE_CURVE('',#1705,#1730,#1732,.T.);
#1730 = VERTEX_POINT('',#1731);
#1731 = CARTESIAN_POINT('',(49.,-12.2,16.6));
#1732 = LINE('',#1733,#1734);
#1733 = CARTESIAN_POINT('',(49.,-65.8,16.6));
#1734 = VECTOR('',#1735,1.);
#1735 = DIRECTION('',(0.,1.,0.));
#1736 = ORIENTED_EDGE('',*,*,#1737,.F.);
#1737 = EDGE_CURVE('',#558,#1730,#1738,.T.);
#1738 = LINE('',#1739,#1740);
#1739 = CARTESIAN_POINT('',(49.,-12.2,6.3));
#1740 = VECTOR('',#1741,1.);
#1741 = DIRECTION('',(0.,0.,1.));
#1742 = ORIENTED_EDGE('',*,*,#566,.F.);
#1743 = PLANE('',#1744);
#1744 = AXIS2_PLACEMENT_3D('',#1745,#1746,#1747);
#1745 = CARTESIAN_POINT('',(49.,-65.8,6.3));
#1746 = DIRECTION('',(-1.,0.,0.));
#1747 = DIRECTION('',(0.,1.,0.));
#1748 = ADVANCED_FACE('',(#1749),#1768,.T.);
#1749 = FACE_BOUND('',#1750,.F.);
#1750 = EDGE_LOOP('',(#1751,#1752,#1761,#1767));
#1751 = ORIENTED_EDGE('',*,*,#1737,.T.);
#1752 = ORIENTED_EDGE('',*,*,#1753,.T.);
#1753 = EDGE_CURVE('',#1730,#1754,#1756,.T.);
#1754 = VERTEX_POINT('',#1755);
#1755 = CARTESIAN_POINT('',(47.8,-11.,16.6));
#1756 = CIRCLE('',#1757,1.2);
#1757 = AXIS2_PLACEMENT_3D('',#1758,#1759,#1760);
#1758 = CARTESIAN_POINT('',(47.8,-12.2,16.6));
#1759 = DIRECTION('',(0.,-0.,1.));
#1760 = DIRECTION('',(1.,7.401486830834E-15,0.));
#1761 = ORIENTED_EDGE('',*,*,#1762,.F.);
#1762 = EDGE_CURVE('',#550,#1754,#1763,.T.);
#1763 = LINE('',#1764,#1765);
#1764 = CARTESIAN_POINT('',(47.8,-11.,6.3));
#1765 = VECTOR('',#1766,1.);
#1766 = DIRECTION('',(0.,0.,1.));
#1767 = ORIENTED_EDGE('',*,*,#557,.F.);
#1768 = CYLINDRICAL_SURFACE('',#1769,1.2);
#1769 = AXIS2_PLACEMENT_3D('',#1770,#1771,#1772);
#1770 = CARTESIAN_POINT('',(47.8,-12.2,6.3));
#1771 = DIRECTION('',(0.,0.,-1.));
#1772 = DIRECTION('',(1.,7.401486830834E-15,0.));
#1773 = ADVANCED_FACE('',(#1774),#1824,.F.);
#1774 = FACE_BOUND('',#1775,.F.);
#1775 = EDGE_LOOP('',(#1776,#1777,#1778,#1786,#1794,#1802,#1810,#1818));
#1776 = ORIENTED_EDGE('',*,*,#549,.F.);
#1777 = ORIENTED_EDGE('',*,*,#1762,.T.);
#1778 = ORIENTED_EDGE('',*,*,#1779,.T.);
#1779 = EDGE_CURVE('',#1754,#1780,#1782,.T.);
#1780 = VERTEX_POINT('',#1781);
#1781 = CARTESIAN_POINT('',(27.4,-11.,16.6));
#1782 = LINE('',#1783,#1784);
#1783 = CARTESIAN_POINT('',(47.8,-11.,16.6));
#1784 = VECTOR('',#1785,1.);
#1785 = DIRECTION('',(-1.,0.,0.));
#1786 = ORIENTED_EDGE('',*,*,#1787,.F.);
#1787 = EDGE_CURVE('',#1788,#1780,#1790,.T.);
#1788 = VERTEX_POINT('',#1789);
#1789 = CARTESIAN_POINT('',(27.4,-11.,6.3));
#1790 = LINE('',#1791,#1792);
#1791 = CARTESIAN_POINT('',(27.4,-11.,6.3));
#1792 = VECTOR('',#1793,1.);
#1793 = DIRECTION('',(0.,0.,1.));
#1794 = ORIENTED_EDGE('',*,*,#1795,.F.);
#1795 = EDGE_CURVE('',#1796,#1788,#1798,.T.);
#1796 = VERTEX_POINT('',#1797);
#1797 = CARTESIAN_POINT('',(30.7,-11.,6.3));
#1798 = LINE('',#1799,#1800);
#1799 = CARTESIAN_POINT('',(47.8,-11.,6.3));
#1800 = VECTOR('',#1801,1.);
#1801 = DIRECTION('',(-1.,0.,0.));
#1802 = ORIENTED_EDGE('',*,*,#1803,.T.);
#1803 = EDGE_CURVE('',#1796,#1804,#1806,.T.);
#1804 = VERTEX_POINT('',#1805);
#1805 = CARTESIAN_POINT('',(30.7,-11.,11.8));
#1806 = LINE('',#1807,#1808);
#1807 = CARTESIAN_POINT('',(30.7,-11.,6.25));
#1808 = VECTOR('',#1809,1.);
#1809 = DIRECTION('',(0.,0.,1.));
#1810 = ORIENTED_EDGE('',*,*,#1811,.F.);
#1811 = EDGE_CURVE('',#1812,#1804,#1814,.T.);
#1812 = VERTEX_POINT('',#1813);
#1813 = CARTESIAN_POINT('',(43.7,-11.,11.8));
#1814 = LINE('',#1815,#1816);
#1815 = CARTESIAN_POINT('',(39.25,-11.,11.8));
#1816 = VECTOR('',#1817,1.);
#1817 = DIRECTION('',(-1.,0.,0.));
#1818 = ORIENTED_EDGE('',*,*,#1819,.F.);
#1819 = EDGE_CURVE('',#542,#1812,#1820,.T.);
#1820 = LINE('',#1821,#1822);
#1821 = CARTESIAN_POINT('',(43.7,-11.,6.25));
#1822 = VECTOR('',#1823,1.);
#1823 = DIRECTION('',(0.,0.,1.));
#1824 = PLANE('',#1825);
#1825 = AXIS2_PLACEMENT_3D('',#1826,#1827,#1828);
#1826 = CARTESIAN_POINT('',(47.8,-11.,6.3));
#1827 = DIRECTION('',(0.,-1.,0.));
#1828 = DIRECTION('',(-1.,0.,0.));
#1829 = ADVANCED_FACE('',(#1830),#1848,.F.);
#1830 = FACE_BOUND('',#1831,.F.);
#1831 = EDGE_LOOP('',(#1832,#1840,#1846,#1847));
#1832 = ORIENTED_EDGE('',*,*,#1833,.F.);
#1833 = EDGE_CURVE('',#1834,#1812,#1836,.T.);
#1834 = VERTEX_POINT('',#1835);
#1835 = CARTESIAN_POINT('',(43.7,-11.4,11.8));
#1836 = LINE('',#1837,#1838);
#1837 = CARTESIAN_POINT('',(43.7,-20.,11.8));
#1838 = VECTOR('',#1839,1.);
#1839 = DIRECTION('',(0.,1.,0.));
#1840 = ORIENTED_EDGE('',*,*,#1841,.F.);
#1841 = EDGE_CURVE('',#534,#1834,#1842,.T.);
#1842 = LINE('',#1843,#1844);
#1843 = CARTESIAN_POINT('',(43.7,-11.4,6.2));
#1844 = VECTOR('',#1845,1.);
#1845 = DIRECTION('',(0.,0.,1.));
#1846 = ORIENTED_EDGE('',*,*,#541,.T.);
#1847 = ORIENTED_EDGE('',*,*,#1819,.T.);
#1848 = PLANE('',#1849);
#1849 = AXIS2_PLACEMENT_3D('',#1850,#1851,#1852);
#1850 = CARTESIAN_POINT('',(43.7,-20.,6.2));
#1851 = DIRECTION('',(1.,0.,0.));
#1852 = DIRECTION('',(0.,0.,1.));
#1853 = ADVANCED_FACE('',(#1854),#1904,.F.);
#1854 = FACE_BOUND('',#1855,.F.);
#1855 = EDGE_LOOP('',(#1856,#1864,#1865,#1866,#1874,#1882,#1890,#1898));
#1856 = ORIENTED_EDGE('',*,*,#1857,.F.);
#1857 = EDGE_CURVE('',#526,#1858,#1860,.T.);
#1858 = VERTEX_POINT('',#1859);
#1859 = CARTESIAN_POINT('',(47.,-11.4,12.7));
#1860 = LINE('',#1861,#1862);
#1861 = CARTESIAN_POINT('',(47.,-11.4,6.2));
#1862 = VECTOR('',#1863,1.);
#1863 = DIRECTION('',(0.,0.,1.));
#1864 = ORIENTED_EDGE('',*,*,#533,.T.);
#1865 = ORIENTED_EDGE('',*,*,#1841,.T.);
#1866 = ORIENTED_EDGE('',*,*,#1867,.T.);
#1867 = EDGE_CURVE('',#1834,#1868,#1870,.T.);
#1868 = VERTEX_POINT('',#1869);
#1869 = CARTESIAN_POINT('',(30.7,-11.4,11.8));
#1870 = LINE('',#1871,#1872);
#1871 = CARTESIAN_POINT('',(29.05,-11.4,11.8));
#1872 = VECTOR('',#1873,1.);
#1873 = DIRECTION('',(-1.,0.,0.));
#1874 = ORIENTED_EDGE('',*,*,#1875,.F.);
#1875 = EDGE_CURVE('',#1876,#1868,#1878,.T.);
#1876 = VERTEX_POINT('',#1877);
#1877 = CARTESIAN_POINT('',(30.7,-11.4,6.3));
#1878 = LINE('',#1879,#1880);
#1879 = CARTESIAN_POINT('',(30.7,-11.4,6.2));
#1880 = VECTOR('',#1881,1.);
#1881 = DIRECTION('',(0.,0.,1.));
#1882 = ORIENTED_EDGE('',*,*,#1883,.T.);
#1883 = EDGE_CURVE('',#1876,#1884,#1886,.T.);
#1884 = VERTEX_POINT('',#1885);
#1885 = CARTESIAN_POINT('',(27.4,-11.4,6.3));
#1886 = LINE('',#1887,#1888);
#1887 = CARTESIAN_POINT('',(32.221656284918,-11.4,6.3));
#1888 = VECTOR('',#1889,1.);
#1889 = DIRECTION('',(-1.,0.,0.));
#1890 = ORIENTED_EDGE('',*,*,#1891,.T.);
#1891 = EDGE_CURVE('',#1884,#1892,#1894,.T.);
#1892 = VERTEX_POINT('',#1893);
#1893 = CARTESIAN_POINT('',(27.4,-11.4,12.7));
#1894 = LINE('',#1895,#1896);
#1895 = CARTESIAN_POINT('',(27.4,-11.4,6.2));
#1896 = VECTOR('',#1897,1.);
#1897 = DIRECTION('',(0.,0.,1.));
#1898 = ORIENTED_EDGE('',*,*,#1899,.T.);
#1899 = EDGE_CURVE('',#1892,#1858,#1900,.T.);
#1900 = LINE('',#1901,#1902);
#1901 = CARTESIAN_POINT('',(27.4,-11.4,12.7));
#1902 = VECTOR('',#1903,1.);
#1903 = DIRECTION('',(1.,0.,0.));
#1904 = PLANE('',#1905);
#1905 = AXIS2_PLACEMENT_3D('',#1906,#1907,#1908);
#1906 = CARTESIAN_POINT('',(27.4,-11.4,6.2));
#1907 = DIRECTION('',(0.,1.,0.));
#1908 = DIRECTION('',(0.,0.,1.));
#1909 = ADVANCED_FACE('',(#1910),#1921,.F.);
#1910 = FACE_BOUND('',#1911,.F.);
#1911 = EDGE_LOOP('',(#1912,#1918,#1919,#1920));
#1912 = ORIENTED_EDGE('',*,*,#1913,.F.);
#1913 = EDGE_CURVE('',#1039,#1858,#1914,.T.);
#1914 = LINE('',#1915,#1916);
#1915 = CARTESIAN_POINT('',(47.,-48.1,12.7));
#1916 = VECTOR('',#1917,1.);
#1917 = DIRECTION('',(0.,1.,0.));
#1918 = ORIENTED_EDGE('',*,*,#1038,.T.);
#1919 = ORIENTED_EDGE('',*,*,#525,.T.);
#1920 = ORIENTED_EDGE('',*,*,#1857,.T.);
#1921 = PLANE('',#1922);
#1922 = AXIS2_PLACEMENT_3D('',#1923,#1924,#1925);
#1923 = CARTESIAN_POINT('',(47.,-48.1,6.2));
#1924 = DIRECTION('',(1.,0.,0.));
#1925 = DIRECTION('',(0.,0.,1.));
#1926 = ADVANCED_FACE('',(#1927),#1939,.T.);
#1927 = FACE_BOUND('',#1928,.F.);
#1928 = EDGE_LOOP('',(#1929,#1930,#1931,#1938));
#1929 = ORIENTED_EDGE('',*,*,#484,.F.);
#1930 = ORIENTED_EDGE('',*,*,#968,.F.);
#1931 = ORIENTED_EDGE('',*,*,#1932,.T.);
#1932 = EDGE_CURVE('',#961,#953,#1933,.T.);
#1933 = CIRCLE('',#1934,1.85);
#1934 = AXIS2_PLACEMENT_3D('',#1935,#1936,#1937);
#1935 = CARTESIAN_POINT('',(47.,-52.8,11.6));
#1936 = DIRECTION('',(0.,0.,1.));
#1937 = DIRECTION('',(1.,0.,0.));
#1938 = ORIENTED_EDGE('',*,*,#952,.T.);
#1939 = CYLINDRICAL_SURFACE('',#1940,1.85);
#1940 = AXIS2_PLACEMENT_3D('',#1941,#1942,#1943);
#1941 = CARTESIAN_POINT('',(47.,-52.8,6.3));
#1942 = DIRECTION('',(-0.,-0.,-1.));
#1943 = DIRECTION('',(1.,0.,0.));
#1944 = ADVANCED_FACE('',(#1945),#1964,.F.);
#1945 = FACE_BOUND('',#1946,.T.);
#1946 = EDGE_LOOP('',(#1947,#1948,#1956,#1963));
#1947 = ORIENTED_EDGE('',*,*,#591,.T.);
#1948 = ORIENTED_EDGE('',*,*,#1949,.T.);
#1949 = EDGE_CURVE('',#592,#1950,#1952,.T.);
#1950 = VERTEX_POINT('',#1951);
#1951 = CARTESIAN_POINT('',(48.6,-52.8,6.8));
#1952 = LINE('',#1953,#1954);
#1953 = CARTESIAN_POINT('',(48.6,-52.8,6.2));
#1954 = VECTOR('',#1955,1.);
#1955 = DIRECTION('',(0.,0.,1.));
#1956 = ORIENTED_EDGE('',*,*,#1957,.T.);
#1957 = EDGE_CURVE('',#1950,#1950,#1958,.T.);
#1958 = CIRCLE('',#1959,1.6);
#1959 = AXIS2_PLACEMENT_3D('',#1960,#1961,#1962);
#1960 = CARTESIAN_POINT('',(47.,-52.8,6.8));
#1961 = DIRECTION('',(0.,0.,1.));
#1962 = DIRECTION('',(1.,0.,0.));
#1963 = ORIENTED_EDGE('',*,*,#1949,.F.);
#1964 = CYLINDRICAL_SURFACE('',#1965,1.6);
#1965 = AXIS2_PLACEMENT_3D('',#1966,#1967,#1968);
#1966 = CARTESIAN_POINT('',(47.,-52.8,6.2));
#1967 = DIRECTION('',(-0.,-0.,-1.));
#1968 = DIRECTION('',(1.,0.,0.));
#1969 = ADVANCED_FACE('',(#1970),#1989,.F.);
#1970 = FACE_BOUND('',#1971,.T.);
#1971 = EDGE_LOOP('',(#1972,#1973,#1981,#1988));
#1972 = ORIENTED_EDGE('',*,*,#728,.T.);
#1973 = ORIENTED_EDGE('',*,*,#1974,.T.);
#1974 = EDGE_CURVE('',#729,#1975,#1977,.T.);
#1975 = VERTEX_POINT('',#1976);
#1976 = CARTESIAN_POINT('',(38.8,-64.7,6.8));
#1977 = LINE('',#1978,#1979);
#1978 = CARTESIAN_POINT('',(38.8,-64.7,6.2));
#1979 = VECTOR('',#1980,1.);
#1980 = DIRECTION('',(0.,0.,1.));
#1981 = ORIENTED_EDGE('',*,*,#1982,.T.);
#1982 = EDGE_CURVE('',#1975,#1975,#1983,.T.);
#1983 = CIRCLE('',#1984,1.6);
#1984 = AXIS2_PLACEMENT_3D('',#1985,#1986,#1987);
#1985 = CARTESIAN_POINT('',(37.2,-64.7,6.8));
#1986 = DIRECTION('',(0.,0.,1.));
#1987 = DIRECTION('',(1.,0.,0.));
#1988 = ORIENTED_EDGE('',*,*,#1974,.F.);
#1989 = CYLINDRICAL_SURFACE('',#1990,1.6);
#1990 = AXIS2_PLACEMENT_3D('',#1991,#1992,#1993);
#1991 = CARTESIAN_POINT('',(37.2,-64.7,6.2));
#1992 = DIRECTION('',(-0.,-0.,-1.));
#1993 = DIRECTION('',(1.,0.,0.));
#1994 = ADVANCED_FACE('',(#1995),#2013,.T.);
#1995 = FACE_BOUND('',#1996,.T.);
#1996 = EDGE_LOOP('',(#1997,#2005,#2006,#2007));
#1997 = ORIENTED_EDGE('',*,*,#1998,.T.);
#1998 = EDGE_CURVE('',#1999,#1214,#2001,.T.);
#1999 = VERTEX_POINT('',#2000);
#2000 = CARTESIAN_POINT('',(25.,-63.9,9.2));
#2001 = LINE('',#2002,#2003);
#2002 = CARTESIAN_POINT('',(20.,-63.9,9.2));
#2003 = VECTOR('',#2004,1.);
#2004 = DIRECTION('',(1.,0.,0.));
#2005 = ORIENTED_EDGE('',*,*,#1221,.T.);
#2006 = ORIENTED_EDGE('',*,*,#897,.T.);
#2007 = ORIENTED_EDGE('',*,*,#2008,.T.);
#2008 = EDGE_CURVE('',#890,#1999,#2009,.T.);
#2009 = LINE('',#2010,#2011);
#2010 = CARTESIAN_POINT('',(25.,-63.9,5.7));
#2011 = VECTOR('',#2012,1.);
#2012 = DIRECTION('',(0.,0.,1.));
#2013 = PLANE('',#2014);
#2014 = AXIS2_PLACEMENT_3D('',#2015,#2016,#2017);
#2015 = CARTESIAN_POINT('',(20.,-63.9,5.1));
#2016 = DIRECTION('',(0.,1.,0.));
#2017 = DIRECTION('',(0.,0.,1.));
#2018 = ADVANCED_FACE('',(#2019),#2069,.F.);
#2019 = FACE_BOUND('',#2020,.F.);
#2020 = EDGE_LOOP('',(#2021,#2031,#2039,#2047,#2053,#2054,#2055,#2063));
#2021 = ORIENTED_EDGE('',*,*,#2022,.F.);
#2022 = EDGE_CURVE('',#2023,#2025,#2027,.T.);
#2023 = VERTEX_POINT('',#2024);
#2024 = CARTESIAN_POINT('',(25.,-13.4,6.3));
#2025 = VERTEX_POINT('',#2026);
#2026 = CARTESIAN_POINT('',(25.,-55.4,6.3));
#2027 = LINE('',#2028,#2029);
#2028 = CARTESIAN_POINT('',(25.,-13.4,6.3));
#2029 = VECTOR('',#2030,1.);
#2030 = DIRECTION('',(0.,-1.,0.));
#2031 = ORIENTED_EDGE('',*,*,#2032,.T.);
#2032 = EDGE_CURVE('',#2023,#2033,#2035,.T.);
#2033 = VERTEX_POINT('',#2034);
#2034 = CARTESIAN_POINT('',(25.,-13.4,16.6));
#2035 = LINE('',#2036,#2037);
#2036 = CARTESIAN_POINT('',(25.,-13.4,6.3));
#2037 = VECTOR('',#2038,1.);
#2038 = DIRECTION('',(0.,0.,1.));
#2039 = ORIENTED_EDGE('',*,*,#2040,.T.);
#2040 = EDGE_CURVE('',#2033,#2041,#2043,.T.);
#2041 = VERTEX_POINT('',#2042);
#2042 = CARTESIAN_POINT('',(25.,-65.8,16.6));
#2043 = LINE('',#2044,#2045);
#2044 = CARTESIAN_POINT('',(25.,-13.4,16.6));
#2045 = VECTOR('',#2046,1.);
#2046 = DIRECTION('',(0.,-1.,0.));
#2047 = ORIENTED_EDGE('',*,*,#2048,.F.);
#2048 = EDGE_CURVE('',#881,#2041,#2049,.T.);
#2049 = LINE('',#2050,#2051);
#2050 = CARTESIAN_POINT('',(25.,-65.8,6.3));
#2051 = VECTOR('',#2052,1.);
#2052 = DIRECTION('',(0.,0.,1.));
#2053 = ORIENTED_EDGE('',*,*,#889,.F.);
#2054 = ORIENTED_EDGE('',*,*,#2008,.T.);
#2055 = ORIENTED_EDGE('',*,*,#2056,.F.);
#2056 = EDGE_CURVE('',#2057,#1999,#2059,.T.);
#2057 = VERTEX_POINT('',#2058);
#2058 = CARTESIAN_POINT('',(25.,-55.4,9.2));
#2059 = LINE('',#2060,#2061);
#2060 = CARTESIAN_POINT('',(25.,-38.65,9.2));
#2061 = VECTOR('',#2062,1.);
#2062 = DIRECTION('',(0.,-1.,0.));
#2063 = ORIENTED_EDGE('',*,*,#2064,.F.);
#2064 = EDGE_CURVE('',#2025,#2057,#2065,.T.);
#2065 = LINE('',#2066,#2067);
#2066 = CARTESIAN_POINT('',(25.,-55.4,5.7));
#2067 = VECTOR('',#2068,1.);
#2068 = DIRECTION('',(0.,0.,1.));
#2069 = PLANE('',#2070);
#2070 = AXIS2_PLACEMENT_3D('',#2071,#2072,#2073);
#2071 = CARTESIAN_POINT('',(25.,-13.4,6.3));
#2072 = DIRECTION('',(1.,0.,0.));
#2073 = DIRECTION('',(0.,-1.,0.));
#2074 = ADVANCED_FACE('',(#2075),#2087,.T.);
#2075 = FACE_BOUND('',#2076,.F.);
#2076 = EDGE_LOOP('',(#2077,#2078,#2085,#2086));
#2077 = ORIENTED_EDGE('',*,*,#2048,.T.);
#2078 = ORIENTED_EDGE('',*,*,#2079,.T.);
#2079 = EDGE_CURVE('',#2041,#1666,#2080,.T.);
#2080 = CIRCLE('',#2081,1.2);
#2081 = AXIS2_PLACEMENT_3D('',#2082,#2083,#2084);
#2082 = CARTESIAN_POINT('',(26.2,-65.8,16.6));
#2083 = DIRECTION('',(0.,0.,1.));
#2084 = DIRECTION('',(-1.,3.552713678801E-14,0.));
#2085 = ORIENTED_EDGE('',*,*,#1665,.F.);
#2086 = ORIENTED_EDGE('',*,*,#880,.F.);
#2087 = CYLINDRICAL_SURFACE('',#2088,1.2);
#2088 = AXIS2_PLACEMENT_3D('',#2089,#2090,#2091);
#2089 = CARTESIAN_POINT('',(26.2,-65.8,6.3));
#2090 = DIRECTION('',(-0.,-0.,-1.));
#2091 = DIRECTION('',(-1.,3.552713678801E-14,0.));
#2092 = ADVANCED_FACE('',(#2093),#2097,.T.);
#2093 = FACE_BOUND('',#2094,.T.);
#2094 = EDGE_LOOP('',(#2095,#2096));
#2095 = ORIENTED_EDGE('',*,*,#960,.F.);
#2096 = ORIENTED_EDGE('',*,*,#1932,.T.);
#2097 = PLANE('',#2098);
#2098 = AXIS2_PLACEMENT_3D('',#2099,#2100,#2101);
#2099 = CARTESIAN_POINT('',(47.,-52.8,11.6));
#2100 = DIRECTION('',(0.,0.,1.));
#2101 = DIRECTION('',(1.,0.,0.));
#2102 = ADVANCED_FACE('',(#2103),#2115,.F.);
#2103 = FACE_BOUND('',#2104,.F.);
#2104 = EDGE_LOOP('',(#2105,#2111,#2112,#2113,#2114));
#2105 = ORIENTED_EDGE('',*,*,#2106,.F.);
#2106 = EDGE_CURVE('',#1070,#1892,#2107,.T.);
#2107 = LINE('',#2108,#2109);
#2108 = CARTESIAN_POINT('',(27.4,-48.1,12.7));
#2109 = VECTOR('',#2110,1.);
#2110 = DIRECTION('',(0.,1.,0.));
#2111 = ORIENTED_EDGE('',*,*,#1095,.T.);
#2112 = ORIENTED_EDGE('',*,*,#1046,.T.);
#2113 = ORIENTED_EDGE('',*,*,#1913,.T.);
#2114 = ORIENTED_EDGE('',*,*,#1899,.F.);
#2115 = PLANE('',#2116);
#2116 = AXIS2_PLACEMENT_3D('',#2117,#2118,#2119);
#2117 = CARTESIAN_POINT('',(27.4,-48.1,12.7));
#2118 = DIRECTION('',(0.,0.,1.));
#2119 = DIRECTION('',(1.,0.,0.));
#2120 = ADVANCED_FACE('',(#2121),#2132,.T.);
#2121 = FACE_BOUND('',#2122,.T.);
#2122 = EDGE_LOOP('',(#2123,#2124,#2125,#2131));
#2123 = ORIENTED_EDGE('',*,*,#2106,.F.);
#2124 = ORIENTED_EDGE('',*,*,#1069,.T.);
#2125 = ORIENTED_EDGE('',*,*,#2126,.T.);
#2126 = EDGE_CURVE('',#1072,#1884,#2127,.T.);
#2127 = LINE('',#2128,#2129);
#2128 = CARTESIAN_POINT('',(27.4,-43.59893884022,6.3));
#2129 = VECTOR('',#2130,1.);
#2130 = DIRECTION('',(0.,1.,0.));
#2131 = ORIENTED_EDGE('',*,*,#1891,.T.);
#2132 = PLANE('',#2133);
#2133 = AXIS2_PLACEMENT_3D('',#2134,#2135,#2136);
#2134 = CARTESIAN_POINT('',(27.4,-48.1,6.2));
#2135 = DIRECTION('',(1.,0.,0.));
#2136 = DIRECTION('',(0.,0.,1.));
#2137 = ADVANCED_FACE('',(#2138,#2197),#2208,.T.);
#2138 = FACE_BOUND('',#2139,.T.);
#2139 = EDGE_LOOP('',(#2140,#2149,#2150,#2156,#2157,#2164,#2165,#2171,
    #2172,#2173,#2174,#2175,#2176,#2177,#2178,#2179,#2180,#2181,#2182,
    #2183,#2184,#2185,#2186,#2187,#2188,#2189,#2190));
#2140 = ORIENTED_EDGE('',*,*,#2141,.F.);
#2141 = EDGE_CURVE('',#1190,#2142,#2144,.T.);
#2142 = VERTEX_POINT('',#2143);
#2143 = CARTESIAN_POINT('',(28.85,-52.8,6.3));
#2144 = CIRCLE('',#2145,1.85);
#2145 = AXIS2_PLACEMENT_3D('',#2146,#2147,#2148);
#2146 = CARTESIAN_POINT('',(27.,-52.8,6.3));
#2147 = DIRECTION('',(0.,0.,1.));
#2148 = DIRECTION('',(1.,0.,0.));
#2149 = ORIENTED_EDGE('',*,*,#1197,.T.);
#2150 = ORIENTED_EDGE('',*,*,#2151,.T.);
#2151 = EDGE_CURVE('',#1198,#2025,#2152,.T.);
#2152 = LINE('',#2153,#2154);
#2153 = CARTESIAN_POINT('',(28.521656284918,-55.4,6.3));
#2154 = VECTOR('',#2155,1.);
#2155 = DIRECTION('',(-1.,0.,0.));
#2156 = ORIENTED_EDGE('',*,*,#2022,.F.);
#2157 = ORIENTED_EDGE('',*,*,#2158,.F.);
#2158 = EDGE_CURVE('',#1788,#2023,#2159,.T.);
#2159 = CIRCLE('',#2160,2.4);
#2160 = AXIS2_PLACEMENT_3D('',#2161,#2162,#2163);
#2161 = CARTESIAN_POINT('',(27.4,-13.4,6.3));
#2162 = DIRECTION('',(0.,0.,1.));
#2163 = DIRECTION('',(-5.921189464667E-15,1.,0.));
#2164 = ORIENTED_EDGE('',*,*,#1795,.F.);
#2165 = ORIENTED_EDGE('',*,*,#2166,.F.);
#2166 = EDGE_CURVE('',#1876,#1796,#2167,.T.);
#2167 = LINE('',#2168,#2169);
#2168 = CARTESIAN_POINT('',(30.7,-29.54893884022,6.3));
#2169 = VECTOR('',#2170,1.);
#2170 = DIRECTION('',(0.,1.,0.));
#2171 = ORIENTED_EDGE('',*,*,#1883,.T.);
#2172 = ORIENTED_EDGE('',*,*,#2126,.F.);
#2173 = ORIENTED_EDGE('',*,*,#1079,.T.);
#2174 = ORIENTED_EDGE('',*,*,#1109,.T.);
#2175 = ORIENTED_EDGE('',*,*,#1133,.T.);
#2176 = ORIENTED_EDGE('',*,*,#1238,.T.);
#2177 = ORIENTED_EDGE('',*,*,#1286,.T.);
#2178 = ORIENTED_EDGE('',*,*,#1334,.T.);
#2179 = ORIENTED_EDGE('',*,*,#1382,.T.);
#2180 = ORIENTED_EDGE('',*,*,#1430,.T.);
#2181 = ORIENTED_EDGE('',*,*,#1478,.T.);
#2182 = ORIENTED_EDGE('',*,*,#1526,.T.);
#2183 = ORIENTED_EDGE('',*,*,#1502,.T.);
#2184 = ORIENTED_EDGE('',*,*,#1454,.T.);
#2185 = ORIENTED_EDGE('',*,*,#1406,.T.);
#2186 = ORIENTED_EDGE('',*,*,#1358,.T.);
#2187 = ORIENTED_EDGE('',*,*,#1310,.T.);
#2188 = ORIENTED_EDGE('',*,*,#1262,.T.);
#2189 = ORIENTED_EDGE('',*,*,#1165,.T.);
#2190 = ORIENTED_EDGE('',*,*,#2191,.F.);
#2191 = EDGE_CURVE('',#2142,#1166,#2192,.T.);
#2192 = CIRCLE('',#2193,1.85);
#2193 = AXIS2_PLACEMENT_3D('',#2194,#2195,#2196);
#2194 = CARTESIAN_POINT('',(27.,-52.8,6.3));
#2195 = DIRECTION('',(0.,0.,1.));
#2196 = DIRECTION('',(1.,0.,0.));
#2197 = FACE_BOUND('',#2198,.T.);
#2198 = EDGE_LOOP('',(#2199));
#2199 = ORIENTED_EDGE('',*,*,#2200,.F.);
#2200 = EDGE_CURVE('',#2201,#2201,#2203,.T.);
#2201 = VERTEX_POINT('',#2202);
#2202 = CARTESIAN_POINT('',(28.6,-52.8,6.3));
#2203 = CIRCLE('',#2204,1.6);
#2204 = AXIS2_PLACEMENT_3D('',#2205,#2206,#2207);
#2205 = CARTESIAN_POINT('',(27.,-52.8,6.3));
#2206 = DIRECTION('',(0.,0.,-1.));
#2207 = DIRECTION('',(1.,0.,0.));
#2208 = PLANE('',#2209);
#2209 = AXIS2_PLACEMENT_3D('',#2210,#2211,#2212);
#2210 = CARTESIAN_POINT('',(26.023308360703,-32.38563708432,6.3));
#2211 = DIRECTION('',(-0.,-0.,-1.));
#2212 = DIRECTION('',(-1.,0.,0.));
#2213 = ADVANCED_FACE('',(#2214),#2225,.F.);
#2214 = FACE_BOUND('',#2215,.F.);
#2215 = EDGE_LOOP('',(#2216,#2222,#2223,#2224));
#2216 = ORIENTED_EDGE('',*,*,#2217,.F.);
#2217 = EDGE_CURVE('',#2057,#1206,#2218,.T.);
#2218 = LINE('',#2219,#2220);
#2219 = CARTESIAN_POINT('',(20.,-55.4,9.2));
#2220 = VECTOR('',#2221,1.);
#2221 = DIRECTION('',(1.,0.,0.));
#2222 = ORIENTED_EDGE('',*,*,#2056,.T.);
#2223 = ORIENTED_EDGE('',*,*,#1998,.T.);
#2224 = ORIENTED_EDGE('',*,*,#1213,.T.);
#2225 = PLANE('',#2226);
#2226 = AXIS2_PLACEMENT_3D('',#2227,#2228,#2229);
#2227 = CARTESIAN_POINT('',(20.,-63.9,9.2));
#2228 = DIRECTION('',(0.,0.,1.));
#2229 = DIRECTION('',(1.,0.,0.));
#2230 = ADVANCED_FACE('',(#2231),#2237,.F.);
#2231 = FACE_BOUND('',#2232,.F.);
#2232 = EDGE_LOOP('',(#2233,#2234,#2235,#2236));
#2233 = ORIENTED_EDGE('',*,*,#2217,.T.);
#2234 = ORIENTED_EDGE('',*,*,#1205,.T.);
#2235 = ORIENTED_EDGE('',*,*,#2151,.T.);
#2236 = ORIENTED_EDGE('',*,*,#2064,.T.);
#2237 = PLANE('',#2238);
#2238 = AXIS2_PLACEMENT_3D('',#2239,#2240,#2241);
#2239 = CARTESIAN_POINT('',(20.,-55.4,5.1));
#2240 = DIRECTION('',(0.,1.,0.));
#2241 = DIRECTION('',(0.,0.,1.));
#2242 = ADVANCED_FACE('',(#2243),#2265,.T.);
#2243 = FACE_BOUND('',#2244,.F.);
#2244 = EDGE_LOOP('',(#2245,#2246,#2255,#2262,#2263,#2264));
#2245 = ORIENTED_EDGE('',*,*,#1189,.F.);
#2246 = ORIENTED_EDGE('',*,*,#2247,.T.);
#2247 = EDGE_CURVE('',#1182,#2248,#2250,.T.);
#2248 = VERTEX_POINT('',#2249);
#2249 = CARTESIAN_POINT('',(28.85,-52.8,11.6));
#2250 = CIRCLE('',#2251,1.85);
#2251 = AXIS2_PLACEMENT_3D('',#2252,#2253,#2254);
#2252 = CARTESIAN_POINT('',(27.,-52.8,11.6));
#2253 = DIRECTION('',(0.,0.,1.));
#2254 = DIRECTION('',(1.,0.,0.));
#2255 = ORIENTED_EDGE('',*,*,#2256,.T.);
#2256 = EDGE_CURVE('',#2248,#1174,#2257,.T.);
#2257 = CIRCLE('',#2258,1.85);
#2258 = AXIS2_PLACEMENT_3D('',#2259,#2260,#2261);
#2259 = CARTESIAN_POINT('',(27.,-52.8,11.6));
#2260 = DIRECTION('',(0.,0.,1.));
#2261 = DIRECTION('',(1.,0.,0.));
#2262 = ORIENTED_EDGE('',*,*,#1173,.T.);
#2263 = ORIENTED_EDGE('',*,*,#2191,.F.);
#2264 = ORIENTED_EDGE('',*,*,#2141,.F.);
#2265 = CYLINDRICAL_SURFACE('',#2266,1.85);
#2266 = AXIS2_PLACEMENT_3D('',#2267,#2268,#2269);
#2267 = CARTESIAN_POINT('',(27.,-52.8,6.3));
#2268 = DIRECTION('',(-0.,-0.,-1.));
#2269 = DIRECTION('',(1.,0.,0.));
#2270 = ADVANCED_FACE('',(#2271),#2276,.T.);
#2271 = FACE_BOUND('',#2272,.T.);
#2272 = EDGE_LOOP('',(#2273,#2274,#2275));
#2273 = ORIENTED_EDGE('',*,*,#2247,.T.);
#2274 = ORIENTED_EDGE('',*,*,#2256,.T.);
#2275 = ORIENTED_EDGE('',*,*,#1181,.F.);
#2276 = PLANE('',#2277);
#2277 = AXIS2_PLACEMENT_3D('',#2278,#2279,#2280);
#2278 = CARTESIAN_POINT('',(27.,-52.8,11.6));
#2279 = DIRECTION('',(0.,0.,1.));
#2280 = DIRECTION('',(1.,0.,0.));
#2281 = ADVANCED_FACE('',(#2282,#2298,#2309,#2312,#2346,#2380,#2414,
    #2448),#2482,.T.);
#2282 = FACE_BOUND('',#2283,.T.);
#2283 = EDGE_LOOP('',(#2284,#2285,#2286,#2293,#2294,#2295,#2296,#2297));
#2284 = ORIENTED_EDGE('',*,*,#1753,.T.);
#2285 = ORIENTED_EDGE('',*,*,#1779,.T.);
#2286 = ORIENTED_EDGE('',*,*,#2287,.T.);
#2287 = EDGE_CURVE('',#1780,#2033,#2288,.T.);
#2288 = CIRCLE('',#2289,2.4);
#2289 = AXIS2_PLACEMENT_3D('',#2290,#2291,#2292);
#2290 = CARTESIAN_POINT('',(27.4,-13.4,16.6));
#2291 = DIRECTION('',(0.,0.,1.));
#2292 = DIRECTION('',(-5.921189464667E-15,1.,0.));
#2293 = ORIENTED_EDGE('',*,*,#2040,.T.);
#2294 = ORIENTED_EDGE('',*,*,#2079,.T.);
#2295 = ORIENTED_EDGE('',*,*,#1673,.T.);
#2296 = ORIENTED_EDGE('',*,*,#1704,.T.);
#2297 = ORIENTED_EDGE('',*,*,#1729,.T.);
#2298 = FACE_BOUND('',#2299,.T.);
#2299 = EDGE_LOOP('',(#2300));
#2300 = ORIENTED_EDGE('',*,*,#2301,.T.);
#2301 = EDGE_CURVE('',#2302,#2302,#2304,.T.);
#2302 = VERTEX_POINT('',#2303);
#2303 = CARTESIAN_POINT('',(33.25,-55.1,16.6));
#2304 = CIRCLE('',#2305,2.15);
#2305 = AXIS2_PLACEMENT_3D('',#2306,#2307,#2308);
#2306 = CARTESIAN_POINT('',(31.1,-55.1,16.6));
#2307 = DIRECTION('',(0.,0.,-1.));
#2308 = DIRECTION('',(1.,0.,0.));
#2309 = FACE_BOUND('',#2310,.T.);
#2310 = EDGE_LOOP('',(#2311));
#2311 = ORIENTED_EDGE('',*,*,#1553,.T.);
#2312 = FACE_BOUND('',#2313,.T.);
#2313 = EDGE_LOOP('',(#2314,#2324,#2332,#2340));
#2314 = ORIENTED_EDGE('',*,*,#2315,.T.);
#2315 = EDGE_CURVE('',#2316,#2318,#2320,.T.);
#2316 = VERTEX_POINT('',#2317);
#2317 = CARTESIAN_POINT('',(45.8,-57.8,16.6));
#2318 = VERTEX_POINT('',#2319);
#2319 = CARTESIAN_POINT('',(40.,-57.8,16.6));
#2320 = LINE('',#2321,#2322);
#2321 = CARTESIAN_POINT('',(38.521656284918,-57.8,16.6));
#2322 = VECTOR('',#2323,1.);
#2323 = DIRECTION('',(-1.,0.,0.));
#2324 = ORIENTED_EDGE('',*,*,#2325,.T.);
#2325 = EDGE_CURVE('',#2318,#2326,#2328,.T.);
#2326 = VERTEX_POINT('',#2327);
#2327 = CARTESIAN_POINT('',(40.,-57.1,16.6));
#2328 = LINE('',#2329,#2330);
#2329 = CARTESIAN_POINT('',(40.,-48.44893884022,16.6));
#2330 = VECTOR('',#2331,1.);
#2331 = DIRECTION('',(0.,1.,0.));
#2332 = ORIENTED_EDGE('',*,*,#2333,.F.);
#2333 = EDGE_CURVE('',#2334,#2326,#2336,.T.);
#2334 = VERTEX_POINT('',#2335);
#2335 = CARTESIAN_POINT('',(45.8,-57.1,16.6));
#2336 = LINE('',#2337,#2338);
#2337 = CARTESIAN_POINT('',(38.521656284918,-57.1,16.6));
#2338 = VECTOR('',#2339,1.);
#2339 = DIRECTION('',(-1.,0.,0.));
#2340 = ORIENTED_EDGE('',*,*,#2341,.F.);
#2341 = EDGE_CURVE('',#2316,#2334,#2342,.T.);
#2342 = LINE('',#2343,#2344);
#2343 = CARTESIAN_POINT('',(45.8,-48.44893884022,16.6));
#2344 = VECTOR('',#2345,1.);
#2345 = DIRECTION('',(0.,1.,0.));
#2346 = FACE_BOUND('',#2347,.T.);
#2347 = EDGE_LOOP('',(#2348,#2358,#2366,#2374));
#2348 = ORIENTED_EDGE('',*,*,#2349,.T.);
#2349 = EDGE_CURVE('',#2350,#2352,#2354,.T.);
#2350 = VERTEX_POINT('',#2351);
#2351 = CARTESIAN_POINT('',(45.8,-56.3,16.6));
#2352 = VERTEX_POINT('',#2353);
#2353 = CARTESIAN_POINT('',(40.,-56.3,16.6));
#2354 = LINE('',#2355,#2356);
#2355 = CARTESIAN_POINT('',(38.521656284918,-56.3,16.6));
#2356 = VECTOR('',#2357,1.);
#2357 = DIRECTION('',(-1.,0.,0.));
#2358 = ORIENTED_EDGE('',*,*,#2359,.T.);
#2359 = EDGE_CURVE('',#2352,#2360,#2362,.T.);
#2360 = VERTEX_POINT('',#2361);
#2361 = CARTESIAN_POINT('',(40.,-55.6,16.6));
#2362 = LINE('',#2363,#2364);
#2363 = CARTESIAN_POINT('',(40.,-47.69893884022,16.6));
#2364 = VECTOR('',#2365,1.);
#2365 = DIRECTION('',(0.,1.,0.));
#2366 = ORIENTED_EDGE('',*,*,#2367,.F.);
#2367 = EDGE_CURVE('',#2368,#2360,#2370,.T.);
#2368 = VERTEX_POINT('',#2369);
#2369 = CARTESIAN_POINT('',(45.8,-55.6,16.6));
#2370 = LINE('',#2371,#2372);
#2371 = CARTESIAN_POINT('',(38.521656284918,-55.6,16.6));
#2372 = VECTOR('',#2373,1.);
#2373 = DIRECTION('',(-1.,0.,0.));
#2374 = ORIENTED_EDGE('',*,*,#2375,.F.);
#2375 = EDGE_CURVE('',#2350,#2368,#2376,.T.);
#2376 = LINE('',#2377,#2378);
#2377 = CARTESIAN_POINT('',(45.8,-47.69893884022,16.6));
#2378 = VECTOR('',#2379,1.);
#2379 = DIRECTION('',(0.,1.,0.));
#2380 = FACE_BOUND('',#2381,.T.);
#2381 = EDGE_LOOP('',(#2382,#2392,#2400,#2408));
#2382 = ORIENTED_EDGE('',*,*,#2383,.T.);
#2383 = EDGE_CURVE('',#2384,#2386,#2388,.T.);
#2384 = VERTEX_POINT('',#2385);
#2385 = CARTESIAN_POINT('',(45.8,-54.8,16.6));
#2386 = VERTEX_POINT('',#2387);
#2387 = CARTESIAN_POINT('',(40.,-54.8,16.6));
#2388 = LINE('',#2389,#2390);
#2389 = CARTESIAN_POINT('',(38.521656284918,-54.8,16.6));
#2390 = VECTOR('',#2391,1.);
#2391 = DIRECTION('',(-1.,0.,0.));
#2392 = ORIENTED_EDGE('',*,*,#2393,.T.);
#2393 = EDGE_CURVE('',#2386,#2394,#2396,.T.);
#2394 = VERTEX_POINT('',#2395);
#2395 = CARTESIAN_POINT('',(40.,-54.1,16.6));
#2396 = LINE('',#2397,#2398);
#2397 = CARTESIAN_POINT('',(40.,-46.94893884022,16.6));
#2398 = VECTOR('',#2399,1.);
#2399 = DIRECTION('',(0.,1.,0.));
#2400 = ORIENTED_EDGE('',*,*,#2401,.F.);
#2401 = EDGE_CURVE('',#2402,#2394,#2404,.T.);
#2402 = VERTEX_POINT('',#2403);
#2403 = CARTESIAN_POINT('',(45.8,-54.1,16.6));
#2404 = LINE('',#2405,#2406);
#2405 = CARTESIAN_POINT('',(38.521656284918,-54.1,16.6));
#2406 = VECTOR('',#2407,1.);
#2407 = DIRECTION('',(-1.,0.,0.));
#2408 = ORIENTED_EDGE('',*,*,#2409,.F.);
#2409 = EDGE_CURVE('',#2384,#2402,#2410,.T.);
#2410 = LINE('',#2411,#2412);
#2411 = CARTESIAN_POINT('',(45.8,-46.94893884022,16.6));
#2412 = VECTOR('',#2413,1.);
#2413 = DIRECTION('',(0.,1.,0.));
#2414 = FACE_BOUND('',#2415,.T.);
#2415 = EDGE_LOOP('',(#2416,#2426,#2434,#2442));
#2416 = ORIENTED_EDGE('',*,*,#2417,.T.);
#2417 = EDGE_CURVE('',#2418,#2420,#2422,.T.);
#2418 = VERTEX_POINT('',#2419);
#2419 = CARTESIAN_POINT('',(45.8,-53.3,16.6));
#2420 = VERTEX_POINT('',#2421);
#2421 = CARTESIAN_POINT('',(40.,-53.3,16.6));
#2422 = LINE('',#2423,#2424);
#2423 = CARTESIAN_POINT('',(38.521656284918,-53.3,16.6));
#2424 = VECTOR('',#2425,1.);
#2425 = DIRECTION('',(-1.,0.,0.));
#2426 = ORIENTED_EDGE('',*,*,#2427,.T.);
#2427 = EDGE_CURVE('',#2420,#2428,#2430,.T.);
#2428 = VERTEX_POINT('',#2429);
#2429 = CARTESIAN_POINT('',(40.,-52.6,16.6));
#2430 = LINE('',#2431,#2432);
#2431 = CARTESIAN_POINT('',(40.,-46.19893884022,16.6));
#2432 = VECTOR('',#2433,1.);
#2433 = DIRECTION('',(0.,1.,0.));
#2434 = ORIENTED_EDGE('',*,*,#2435,.F.);
#2435 = EDGE_CURVE('',#2436,#2428,#2438,.T.);
#2436 = VERTEX_POINT('',#2437);
#2437 = CARTESIAN_POINT('',(45.8,-52.6,16.6));
#2438 = LINE('',#2439,#2440);
#2439 = CARTESIAN_POINT('',(38.521656284918,-52.6,16.6));
#2440 = VECTOR('',#2441,1.);
#2441 = DIRECTION('',(-1.,0.,0.));
#2442 = ORIENTED_EDGE('',*,*,#2443,.F.);
#2443 = EDGE_CURVE('',#2418,#2436,#2444,.T.);
#2444 = LINE('',#2445,#2446);
#2445 = CARTESIAN_POINT('',(45.8,-46.19893884022,16.6));
#2446 = VECTOR('',#2447,1.);
#2447 = DIRECTION('',(0.,1.,0.));
#2448 = FACE_BOUND('',#2449,.T.);
#2449 = EDGE_LOOP('',(#2450,#2460,#2468,#2476));
#2450 = ORIENTED_EDGE('',*,*,#2451,.T.);
#2451 = EDGE_CURVE('',#2452,#2454,#2456,.T.);
#2452 = VERTEX_POINT('',#2453);
#2453 = CARTESIAN_POINT('',(46.2,-50.8,16.6));
#2454 = VERTEX_POINT('',#2455);
#2455 = CARTESIAN_POINT('',(28.2,-50.8,16.6));
#2456 = LINE('',#2457,#2458);
#2457 = CARTESIAN_POINT('',(32.621656284918,-50.8,16.6));
#2458 = VECTOR('',#2459,1.);
#2459 = DIRECTION('',(-1.,0.,0.));
#2460 = ORIENTED_EDGE('',*,*,#2461,.T.);
#2461 = EDGE_CURVE('',#2454,#2462,#2464,.T.);
#2462 = VERTEX_POINT('',#2463);
#2463 = CARTESIAN_POINT('',(28.2,-16.8,16.6));
#2464 = LINE('',#2465,#2466);
#2465 = CARTESIAN_POINT('',(28.2,-44.94893884022,16.6));
#2466 = VECTOR('',#2467,1.);
#2467 = DIRECTION('',(0.,1.,0.));
#2468 = ORIENTED_EDGE('',*,*,#2469,.F.);
#2469 = EDGE_CURVE('',#2470,#2462,#2472,.T.);
#2470 = VERTEX_POINT('',#2471);
#2471 = CARTESIAN_POINT('',(46.2,-16.8,16.6));
#2472 = LINE('',#2473,#2474);
#2473 = CARTESIAN_POINT('',(32.621656284918,-16.8,16.6));
#2474 = VECTOR('',#2475,1.);
#2475 = DIRECTION('',(-1.,0.,0.));
#2476 = ORIENTED_EDGE('',*,*,#2477,.F.);
#2477 = EDGE_CURVE('',#2452,#2470,#2478,.T.);
#2478 = LINE('',#2479,#2480);
#2479 = CARTESIAN_POINT('',(46.2,-28.67393884022,16.6));
#2480 = VECTOR('',#2481,1.);
#2481 = DIRECTION('',(0.,1.,0.));
#2482 = PLANE('',#2483);
#2483 = AXIS2_PLACEMENT_3D('',#2484,#2485,#2486);
#2484 = CARTESIAN_POINT('',(37.043312569837,-39.09787768044,16.6));
#2485 = DIRECTION('',(0.,0.,1.));
#2486 = DIRECTION('',(1.,0.,0.));
#2487 = ADVANCED_FACE('',(#2488,#2522),#2528,.T.);
#2488 = FACE_BOUND('',#2489,.T.);
#2489 = EDGE_LOOP('',(#2490,#2500,#2508,#2516));
#2490 = ORIENTED_EDGE('',*,*,#2491,.T.);
#2491 = EDGE_CURVE('',#2492,#2494,#2496,.T.);
#2492 = VERTEX_POINT('',#2493);
#2493 = CARTESIAN_POINT('',(46.2,-50.8,17.2));
#2494 = VERTEX_POINT('',#2495);
#2495 = CARTESIAN_POINT('',(46.2,-16.8,17.2));
#2496 = LINE('',#2497,#2498);
#2497 = CARTESIAN_POINT('',(46.2,-50.8,17.2));
#2498 = VECTOR('',#2499,1.);
#2499 = DIRECTION('',(0.,1.,0.));
#2500 = ORIENTED_EDGE('',*,*,#2501,.F.);
#2501 = EDGE_CURVE('',#2502,#2494,#2504,.T.);
#2502 = VERTEX_POINT('',#2503);
#2503 = CARTESIAN_POINT('',(28.2,-16.8,17.2));
#2504 = LINE('',#2505,#2506);
#2505 = CARTESIAN_POINT('',(44.45,-16.8,17.2));
#2506 = VECTOR('',#2507,1.);
#2507 = DIRECTION('',(1.,0.,0.));
#2508 = ORIENTED_EDGE('',*,*,#2509,.F.);
#2509 = EDGE_CURVE('',#2510,#2502,#2512,.T.);
#2510 = VERTEX_POINT('',#2511);
#2511 = CARTESIAN_POINT('',(28.2,-50.8,17.2));
#2512 = LINE('',#2513,#2514);
#2513 = CARTESIAN_POINT('',(28.2,-50.8,17.2));
#2514 = VECTOR('',#2515,1.);
#2515 = DIRECTION('',(0.,1.,0.));
#2516 = ORIENTED_EDGE('',*,*,#2517,.T.);
#2517 = EDGE_CURVE('',#2510,#2492,#2518,.T.);
#2518 = LINE('',#2519,#2520);
#2519 = CARTESIAN_POINT('',(44.45,-50.8,17.2));
#2520 = VECTOR('',#2521,1.);
#2521 = DIRECTION('',(1.,0.,0.));
#2522 = FACE_BOUND('',#2523,.T.);
#2523 = EDGE_LOOP('',(#2524,#2525,#2526,#2527));
#2524 = ORIENTED_EDGE('',*,*,#1585,.F.);
#2525 = ORIENTED_EDGE('',*,*,#1633,.T.);
#2526 = ORIENTED_EDGE('',*,*,#1648,.T.);
#2527 = ORIENTED_EDGE('',*,*,#1600,.F.);
#2528 = PLANE('',#2529);
#2529 = AXIS2_PLACEMENT_3D('',#2530,#2531,#2532);
#2530 = CARTESIAN_POINT('',(37.2,-33.8,17.2));
#2531 = DIRECTION('',(0.,0.,1.));
#2532 = DIRECTION('',(1.,0.,0.));
#2533 = ADVANCED_FACE('',(#2534),#2545,.F.);
#2534 = FACE_BOUND('',#2535,.F.);
#2535 = EDGE_LOOP('',(#2536,#2542,#2543,#2544));
#2536 = ORIENTED_EDGE('',*,*,#2537,.F.);
#2537 = EDGE_CURVE('',#1868,#1804,#2538,.T.);
#2538 = LINE('',#2539,#2540);
#2539 = CARTESIAN_POINT('',(30.7,-20.,11.8));
#2540 = VECTOR('',#2541,1.);
#2541 = DIRECTION('',(0.,1.,0.));
#2542 = ORIENTED_EDGE('',*,*,#1867,.F.);
#2543 = ORIENTED_EDGE('',*,*,#1833,.T.);
#2544 = ORIENTED_EDGE('',*,*,#1811,.T.);
#2545 = PLANE('',#2546);
#2546 = AXIS2_PLACEMENT_3D('',#2547,#2548,#2549);
#2547 = CARTESIAN_POINT('',(30.7,-20.,11.8));
#2548 = DIRECTION('',(0.,0.,1.));
#2549 = DIRECTION('',(1.,0.,0.));
#2550 = ADVANCED_FACE('',(#2551),#2557,.T.);
#2551 = FACE_BOUND('',#2552,.T.);
#2552 = EDGE_LOOP('',(#2553,#2554,#2555,#2556));
#2553 = ORIENTED_EDGE('',*,*,#2537,.F.);
#2554 = ORIENTED_EDGE('',*,*,#1875,.F.);
#2555 = ORIENTED_EDGE('',*,*,#2166,.T.);
#2556 = ORIENTED_EDGE('',*,*,#1803,.T.);
#2557 = PLANE('',#2558);
#2558 = AXIS2_PLACEMENT_3D('',#2559,#2560,#2561);
#2559 = CARTESIAN_POINT('',(30.7,-20.,6.2));
#2560 = DIRECTION('',(1.,0.,0.));
#2561 = DIRECTION('',(0.,0.,1.));
#2562 = ADVANCED_FACE('',(#2563),#2569,.T.);
#2563 = FACE_BOUND('',#2564,.F.);
#2564 = EDGE_LOOP('',(#2565,#2566,#2567,#2568));
#2565 = ORIENTED_EDGE('',*,*,#1787,.T.);
#2566 = ORIENTED_EDGE('',*,*,#2287,.T.);
#2567 = ORIENTED_EDGE('',*,*,#2032,.F.);
#2568 = ORIENTED_EDGE('',*,*,#2158,.F.);
#2569 = CYLINDRICAL_SURFACE('',#2570,2.4);
#2570 = AXIS2_PLACEMENT_3D('',#2571,#2572,#2573);
#2571 = CARTESIAN_POINT('',(27.4,-13.4,6.3));
#2572 = DIRECTION('',(-0.,-0.,-1.));
#2573 = DIRECTION('',(-5.921189464667E-15,1.,0.));
#2574 = ADVANCED_FACE('',(#2575),#2578,.F.);
#2575 = FACE_BOUND('',#2576,.T.);
#2576 = EDGE_LOOP('',(#2577));
#2577 = ORIENTED_EDGE('',*,*,#1957,.F.);
#2578 = PLANE('',#2579);
#2579 = AXIS2_PLACEMENT_3D('',#2580,#2581,#2582);
#2580 = CARTESIAN_POINT('',(47.,-52.8,6.8));
#2581 = DIRECTION('',(0.,0.,1.));
#2582 = DIRECTION('',(1.,0.,0.));
#2583 = ADVANCED_FACE('',(#2584),#2587,.F.);
#2584 = FACE_BOUND('',#2585,.T.);
#2585 = EDGE_LOOP('',(#2586));
#2586 = ORIENTED_EDGE('',*,*,#1982,.F.);
#2587 = PLANE('',#2588);
#2588 = AXIS2_PLACEMENT_3D('',#2589,#2590,#2591);
#2589 = CARTESIAN_POINT('',(37.2,-64.7,6.8));
#2590 = DIRECTION('',(0.,0.,1.));
#2591 = DIRECTION('',(1.,0.,0.));
#2592 = ADVANCED_FACE('',(#2593),#2612,.F.);
#2593 = FACE_BOUND('',#2594,.T.);
#2594 = EDGE_LOOP('',(#2595,#2596,#2604,#2611));
#2595 = ORIENTED_EDGE('',*,*,#2200,.T.);
#2596 = ORIENTED_EDGE('',*,*,#2597,.T.);
#2597 = EDGE_CURVE('',#2201,#2598,#2600,.T.);
#2598 = VERTEX_POINT('',#2599);
#2599 = CARTESIAN_POINT('',(28.6,-52.8,6.8));
#2600 = LINE('',#2601,#2602);
#2601 = CARTESIAN_POINT('',(28.6,-52.8,6.2));
#2602 = VECTOR('',#2603,1.);
#2603 = DIRECTION('',(0.,0.,1.));
#2604 = ORIENTED_EDGE('',*,*,#2605,.T.);
#2605 = EDGE_CURVE('',#2598,#2598,#2606,.T.);
#2606 = CIRCLE('',#2607,1.6);
#2607 = AXIS2_PLACEMENT_3D('',#2608,#2609,#2610);
#2608 = CARTESIAN_POINT('',(27.,-52.8,6.8));
#2609 = DIRECTION('',(0.,0.,1.));
#2610 = DIRECTION('',(1.,0.,0.));
#2611 = ORIENTED_EDGE('',*,*,#2597,.F.);
#2612 = CYLINDRICAL_SURFACE('',#2613,1.6);
#2613 = AXIS2_PLACEMENT_3D('',#2614,#2615,#2616);
#2614 = CARTESIAN_POINT('',(27.,-52.8,6.2));
#2615 = DIRECTION('',(-0.,-0.,-1.));
#2616 = DIRECTION('',(1.,0.,0.));
#2617 = ADVANCED_FACE('',(#2618),#2637,.T.);
#2618 = FACE_BOUND('',#2619,.F.);
#2619 = EDGE_LOOP('',(#2620,#2621,#2629,#2636));
#2620 = ORIENTED_EDGE('',*,*,#2301,.T.);
#2621 = ORIENTED_EDGE('',*,*,#2622,.T.);
#2622 = EDGE_CURVE('',#2302,#2623,#2625,.T.);
#2623 = VERTEX_POINT('',#2624);
#2624 = CARTESIAN_POINT('',(33.25,-55.1,17.2));
#2625 = LINE('',#2626,#2627);
#2626 = CARTESIAN_POINT('',(33.25,-55.1,16.5));
#2627 = VECTOR('',#2628,1.);
#2628 = DIRECTION('',(0.,0.,1.));
#2629 = ORIENTED_EDGE('',*,*,#2630,.T.);
#2630 = EDGE_CURVE('',#2623,#2623,#2631,.T.);
#2631 = CIRCLE('',#2632,2.15);
#2632 = AXIS2_PLACEMENT_3D('',#2633,#2634,#2635);
#2633 = CARTESIAN_POINT('',(31.1,-55.1,17.2));
#2634 = DIRECTION('',(0.,0.,1.));
#2635 = DIRECTION('',(1.,0.,0.));
#2636 = ORIENTED_EDGE('',*,*,#2622,.F.);
#2637 = CYLINDRICAL_SURFACE('',#2638,2.15);
#2638 = AXIS2_PLACEMENT_3D('',#2639,#2640,#2641);
#2639 = CARTESIAN_POINT('',(31.1,-55.1,16.5));
#2640 = DIRECTION('',(-0.,-0.,-1.));
#2641 = DIRECTION('',(1.,0.,0.));
#2642 = ADVANCED_FACE('',(#2643),#2668,.F.);
#2643 = FACE_BOUND('',#2644,.F.);
#2644 = EDGE_LOOP('',(#2645,#2653,#2654,#2662));
#2645 = ORIENTED_EDGE('',*,*,#2646,.F.);
#2646 = EDGE_CURVE('',#2316,#2647,#2649,.T.);
#2647 = VERTEX_POINT('',#2648);
#2648 = CARTESIAN_POINT('',(45.8,-57.8,17.2));
#2649 = LINE('',#2650,#2651);
#2650 = CARTESIAN_POINT('',(45.8,-57.8,16.5));
#2651 = VECTOR('',#2652,1.);
#2652 = DIRECTION('',(0.,0.,1.));
#2653 = ORIENTED_EDGE('',*,*,#2315,.T.);
#2654 = ORIENTED_EDGE('',*,*,#2655,.T.);
#2655 = EDGE_CURVE('',#2318,#2656,#2658,.T.);
#2656 = VERTEX_POINT('',#2657);
#2657 = CARTESIAN_POINT('',(40.,-57.8,17.2));
#2658 = LINE('',#2659,#2660);
#2659 = CARTESIAN_POINT('',(40.,-57.8,16.5));
#2660 = VECTOR('',#2661,1.);
#2661 = DIRECTION('',(0.,0.,1.));
#2662 = ORIENTED_EDGE('',*,*,#2663,.T.);
#2663 = EDGE_CURVE('',#2656,#2647,#2664,.T.);
#2664 = LINE('',#2665,#2666);
#2665 = CARTESIAN_POINT('',(40.,-57.8,17.2));
#2666 = VECTOR('',#2667,1.);
#2667 = DIRECTION('',(1.,0.,0.));
#2668 = PLANE('',#2669);
#2669 = AXIS2_PLACEMENT_3D('',#2670,#2671,#2672);
#2670 = CARTESIAN_POINT('',(40.,-57.8,16.5));
#2671 = DIRECTION('',(0.,1.,0.));
#2672 = DIRECTION('',(0.,0.,1.));
#2673 = ADVANCED_FACE('',(#2674),#2692,.T.);
#2674 = FACE_BOUND('',#2675,.T.);
#2675 = EDGE_LOOP('',(#2676,#2677,#2678,#2686));
#2676 = ORIENTED_EDGE('',*,*,#2646,.F.);
#2677 = ORIENTED_EDGE('',*,*,#2341,.T.);
#2678 = ORIENTED_EDGE('',*,*,#2679,.T.);
#2679 = EDGE_CURVE('',#2334,#2680,#2682,.T.);
#2680 = VERTEX_POINT('',#2681);
#2681 = CARTESIAN_POINT('',(45.8,-57.1,17.2));
#2682 = LINE('',#2683,#2684);
#2683 = CARTESIAN_POINT('',(45.8,-57.1,16.5));
#2684 = VECTOR('',#2685,1.);
#2685 = DIRECTION('',(0.,0.,1.));
#2686 = ORIENTED_EDGE('',*,*,#2687,.F.);
#2687 = EDGE_CURVE('',#2647,#2680,#2688,.T.);
#2688 = LINE('',#2689,#2690);
#2689 = CARTESIAN_POINT('',(45.8,-57.8,17.2));
#2690 = VECTOR('',#2691,1.);
#2691 = DIRECTION('',(0.,1.,0.));
#2692 = PLANE('',#2693);
#2693 = AXIS2_PLACEMENT_3D('',#2694,#2695,#2696);
#2694 = CARTESIAN_POINT('',(45.8,-57.8,16.5));
#2695 = DIRECTION('',(1.,0.,0.));
#2696 = DIRECTION('',(0.,0.,1.));
#2697 = ADVANCED_FACE('',(#2698),#2716,.T.);
#2698 = FACE_BOUND('',#2699,.T.);
#2699 = EDGE_LOOP('',(#2700,#2701,#2702,#2710));
#2700 = ORIENTED_EDGE('',*,*,#2679,.F.);
#2701 = ORIENTED_EDGE('',*,*,#2333,.T.);
#2702 = ORIENTED_EDGE('',*,*,#2703,.T.);
#2703 = EDGE_CURVE('',#2326,#2704,#2706,.T.);
#2704 = VERTEX_POINT('',#2705);
#2705 = CARTESIAN_POINT('',(40.,-57.1,17.2));
#2706 = LINE('',#2707,#2708);
#2707 = CARTESIAN_POINT('',(40.,-57.1,16.5));
#2708 = VECTOR('',#2709,1.);
#2709 = DIRECTION('',(0.,0.,1.));
#2710 = ORIENTED_EDGE('',*,*,#2711,.T.);
#2711 = EDGE_CURVE('',#2704,#2680,#2712,.T.);
#2712 = LINE('',#2713,#2714);
#2713 = CARTESIAN_POINT('',(40.,-57.1,17.2));
#2714 = VECTOR('',#2715,1.);
#2715 = DIRECTION('',(1.,0.,0.));
#2716 = PLANE('',#2717);
#2717 = AXIS2_PLACEMENT_3D('',#2718,#2719,#2720);
#2718 = CARTESIAN_POINT('',(40.,-57.1,16.5));
#2719 = DIRECTION('',(0.,1.,0.));
#2720 = DIRECTION('',(0.,0.,1.));
#2721 = ADVANCED_FACE('',(#2722),#2733,.F.);
#2722 = FACE_BOUND('',#2723,.F.);
#2723 = EDGE_LOOP('',(#2724,#2725,#2726,#2727));
#2724 = ORIENTED_EDGE('',*,*,#2655,.F.);
#2725 = ORIENTED_EDGE('',*,*,#2325,.T.);
#2726 = ORIENTED_EDGE('',*,*,#2703,.T.);
#2727 = ORIENTED_EDGE('',*,*,#2728,.F.);
#2728 = EDGE_CURVE('',#2656,#2704,#2729,.T.);
#2729 = LINE('',#2730,#2731);
#2730 = CARTESIAN_POINT('',(40.,-57.8,17.2));
#2731 = VECTOR('',#2732,1.);
#2732 = DIRECTION('',(0.,1.,0.));
#2733 = PLANE('',#2734);
#2734 = AXIS2_PLACEMENT_3D('',#2735,#2736,#2737);
#2735 = CARTESIAN_POINT('',(40.,-57.8,16.5));
#2736 = DIRECTION('',(1.,0.,0.));
#2737 = DIRECTION('',(0.,0.,1.));
#2738 = ADVANCED_FACE('',(#2739),#2764,.F.);
#2739 = FACE_BOUND('',#2740,.F.);
#2740 = EDGE_LOOP('',(#2741,#2749,#2750,#2758));
#2741 = ORIENTED_EDGE('',*,*,#2742,.F.);
#2742 = EDGE_CURVE('',#2350,#2743,#2745,.T.);
#2743 = VERTEX_POINT('',#2744);
#2744 = CARTESIAN_POINT('',(45.8,-56.3,17.2));
#2745 = LINE('',#2746,#2747);
#2746 = CARTESIAN_POINT('',(45.8,-56.3,16.5));
#2747 = VECTOR('',#2748,1.);
#2748 = DIRECTION('',(0.,0.,1.));
#2749 = ORIENTED_EDGE('',*,*,#2349,.T.);
#2750 = ORIENTED_EDGE('',*,*,#2751,.T.);
#2751 = EDGE_CURVE('',#2352,#2752,#2754,.T.);
#2752 = VERTEX_POINT('',#2753);
#2753 = CARTESIAN_POINT('',(40.,-56.3,17.2));
#2754 = LINE('',#2755,#2756);
#2755 = CARTESIAN_POINT('',(40.,-56.3,16.5));
#2756 = VECTOR('',#2757,1.);
#2757 = DIRECTION('',(0.,0.,1.));
#2758 = ORIENTED_EDGE('',*,*,#2759,.T.);
#2759 = EDGE_CURVE('',#2752,#2743,#2760,.T.);
#2760 = LINE('',#2761,#2762);
#2761 = CARTESIAN_POINT('',(40.,-56.3,17.2));
#2762 = VECTOR('',#2763,1.);
#2763 = DIRECTION('',(1.,0.,0.));
#2764 = PLANE('',#2765);
#2765 = AXIS2_PLACEMENT_3D('',#2766,#2767,#2768);
#2766 = CARTESIAN_POINT('',(40.,-56.3,16.5));
#2767 = DIRECTION('',(0.,1.,0.));
#2768 = DIRECTION('',(0.,0.,1.));
#2769 = ADVANCED_FACE('',(#2770),#2788,.T.);
#2770 = FACE_BOUND('',#2771,.T.);
#2771 = EDGE_LOOP('',(#2772,#2773,#2774,#2782));
#2772 = ORIENTED_EDGE('',*,*,#2742,.F.);
#2773 = ORIENTED_EDGE('',*,*,#2375,.T.);
#2774 = ORIENTED_EDGE('',*,*,#2775,.T.);
#2775 = EDGE_CURVE('',#2368,#2776,#2778,.T.);
#2776 = VERTEX_POINT('',#2777);
#2777 = CARTESIAN_POINT('',(45.8,-55.6,17.2));
#2778 = LINE('',#2779,#2780);
#2779 = CARTESIAN_POINT('',(45.8,-55.6,16.5));
#2780 = VECTOR('',#2781,1.);
#2781 = DIRECTION('',(0.,0.,1.));
#2782 = ORIENTED_EDGE('',*,*,#2783,.F.);
#2783 = EDGE_CURVE('',#2743,#2776,#2784,.T.);
#2784 = LINE('',#2785,#2786);
#2785 = CARTESIAN_POINT('',(45.8,-56.3,17.2));
#2786 = VECTOR('',#2787,1.);
#2787 = DIRECTION('',(0.,1.,0.));
#2788 = PLANE('',#2789);
#2789 = AXIS2_PLACEMENT_3D('',#2790,#2791,#2792);
#2790 = CARTESIAN_POINT('',(45.8,-56.3,16.5));
#2791 = DIRECTION('',(1.,0.,0.));
#2792 = DIRECTION('',(0.,0.,1.));
#2793 = ADVANCED_FACE('',(#2794),#2812,.T.);
#2794 = FACE_BOUND('',#2795,.T.);
#2795 = EDGE_LOOP('',(#2796,#2797,#2798,#2806));
#2796 = ORIENTED_EDGE('',*,*,#2775,.F.);
#2797 = ORIENTED_EDGE('',*,*,#2367,.T.);
#2798 = ORIENTED_EDGE('',*,*,#2799,.T.);
#2799 = EDGE_CURVE('',#2360,#2800,#2802,.T.);
#2800 = VERTEX_POINT('',#2801);
#2801 = CARTESIAN_POINT('',(40.,-55.6,17.2));
#2802 = LINE('',#2803,#2804);
#2803 = CARTESIAN_POINT('',(40.,-55.6,16.5));
#2804 = VECTOR('',#2805,1.);
#2805 = DIRECTION('',(0.,0.,1.));
#2806 = ORIENTED_EDGE('',*,*,#2807,.T.);
#2807 = EDGE_CURVE('',#2800,#2776,#2808,.T.);
#2808 = LINE('',#2809,#2810);
#2809 = CARTESIAN_POINT('',(40.,-55.6,17.2));
#2810 = VECTOR('',#2811,1.);
#2811 = DIRECTION('',(1.,0.,0.));
#2812 = PLANE('',#2813);
#2813 = AXIS2_PLACEMENT_3D('',#2814,#2815,#2816);
#2814 = CARTESIAN_POINT('',(40.,-55.6,16.5));
#2815 = DIRECTION('',(0.,1.,0.));
#2816 = DIRECTION('',(0.,0.,1.));
#2817 = ADVANCED_FACE('',(#2818),#2829,.F.);
#2818 = FACE_BOUND('',#2819,.F.);
#2819 = EDGE_LOOP('',(#2820,#2821,#2822,#2823));
#2820 = ORIENTED_EDGE('',*,*,#2751,.F.);
#2821 = ORIENTED_EDGE('',*,*,#2359,.T.);
#2822 = ORIENTED_EDGE('',*,*,#2799,.T.);
#2823 = ORIENTED_EDGE('',*,*,#2824,.F.);
#2824 = EDGE_CURVE('',#2752,#2800,#2825,.T.);
#2825 = LINE('',#2826,#2827);
#2826 = CARTESIAN_POINT('',(40.,-56.3,17.2));
#2827 = VECTOR('',#2828,1.);
#2828 = DIRECTION('',(0.,1.,0.));
#2829 = PLANE('',#2830);
#2830 = AXIS2_PLACEMENT_3D('',#2831,#2832,#2833);
#2831 = CARTESIAN_POINT('',(40.,-56.3,16.5));
#2832 = DIRECTION('',(1.,0.,0.));
#2833 = DIRECTION('',(0.,0.,1.));
#2834 = ADVANCED_FACE('',(#2835),#2860,.F.);
#2835 = FACE_BOUND('',#2836,.F.);
#2836 = EDGE_LOOP('',(#2837,#2845,#2846,#2854));
#2837 = ORIENTED_EDGE('',*,*,#2838,.F.);
#2838 = EDGE_CURVE('',#2384,#2839,#2841,.T.);
#2839 = VERTEX_POINT('',#2840);
#2840 = CARTESIAN_POINT('',(45.8,-54.8,17.2));
#2841 = LINE('',#2842,#2843);
#2842 = CARTESIAN_POINT('',(45.8,-54.8,16.5));
#2843 = VECTOR('',#2844,1.);
#2844 = DIRECTION('',(0.,0.,1.));
#2845 = ORIENTED_EDGE('',*,*,#2383,.T.);
#2846 = ORIENTED_EDGE('',*,*,#2847,.T.);
#2847 = EDGE_CURVE('',#2386,#2848,#2850,.T.);
#2848 = VERTEX_POINT('',#2849);
#2849 = CARTESIAN_POINT('',(40.,-54.8,17.2));
#2850 = LINE('',#2851,#2852);
#2851 = CARTESIAN_POINT('',(40.,-54.8,16.5));
#2852 = VECTOR('',#2853,1.);
#2853 = DIRECTION('',(0.,0.,1.));
#2854 = ORIENTED_EDGE('',*,*,#2855,.T.);
#2855 = EDGE_CURVE('',#2848,#2839,#2856,.T.);
#2856 = LINE('',#2857,#2858);
#2857 = CARTESIAN_POINT('',(40.,-54.8,17.2));
#2858 = VECTOR('',#2859,1.);
#2859 = DIRECTION('',(1.,0.,0.));
#2860 = PLANE('',#2861);
#2861 = AXIS2_PLACEMENT_3D('',#2862,#2863,#2864);
#2862 = CARTESIAN_POINT('',(40.,-54.8,16.5));
#2863 = DIRECTION('',(0.,1.,0.));
#2864 = DIRECTION('',(0.,0.,1.));
#2865 = ADVANCED_FACE('',(#2866),#2884,.T.);
#2866 = FACE_BOUND('',#2867,.T.);
#2867 = EDGE_LOOP('',(#2868,#2869,#2870,#2878));
#2868 = ORIENTED_EDGE('',*,*,#2838,.F.);
#2869 = ORIENTED_EDGE('',*,*,#2409,.T.);
#2870 = ORIENTED_EDGE('',*,*,#2871,.T.);
#2871 = EDGE_CURVE('',#2402,#2872,#2874,.T.);
#2872 = VERTEX_POINT('',#2873);
#2873 = CARTESIAN_POINT('',(45.8,-54.1,17.2));
#2874 = LINE('',#2875,#2876);
#2875 = CARTESIAN_POINT('',(45.8,-54.1,16.5));
#2876 = VECTOR('',#2877,1.);
#2877 = DIRECTION('',(0.,0.,1.));
#2878 = ORIENTED_EDGE('',*,*,#2879,.F.);
#2879 = EDGE_CURVE('',#2839,#2872,#2880,.T.);
#2880 = LINE('',#2881,#2882);
#2881 = CARTESIAN_POINT('',(45.8,-54.8,17.2));
#2882 = VECTOR('',#2883,1.);
#2883 = DIRECTION('',(0.,1.,0.));
#2884 = PLANE('',#2885);
#2885 = AXIS2_PLACEMENT_3D('',#2886,#2887,#2888);
#2886 = CARTESIAN_POINT('',(45.8,-54.8,16.5));
#2887 = DIRECTION('',(1.,0.,0.));
#2888 = DIRECTION('',(0.,0.,1.));
#2889 = ADVANCED_FACE('',(#2890),#2908,.T.);
#2890 = FACE_BOUND('',#2891,.T.);
#2891 = EDGE_LOOP('',(#2892,#2893,#2894,#2902));
#2892 = ORIENTED_EDGE('',*,*,#2871,.F.);
#2893 = ORIENTED_EDGE('',*,*,#2401,.T.);
#2894 = ORIENTED_EDGE('',*,*,#2895,.T.);
#2895 = EDGE_CURVE('',#2394,#2896,#2898,.T.);
#2896 = VERTEX_POINT('',#2897);
#2897 = CARTESIAN_POINT('',(40.,-54.1,17.2));
#2898 = LINE('',#2899,#2900);
#2899 = CARTESIAN_POINT('',(40.,-54.1,16.5));
#2900 = VECTOR('',#2901,1.);
#2901 = DIRECTION('',(0.,0.,1.));
#2902 = ORIENTED_EDGE('',*,*,#2903,.T.);
#2903 = EDGE_CURVE('',#2896,#2872,#2904,.T.);
#2904 = LINE('',#2905,#2906);
#2905 = CARTESIAN_POINT('',(40.,-54.1,17.2));
#2906 = VECTOR('',#2907,1.);
#2907 = DIRECTION('',(1.,0.,0.));
#2908 = PLANE('',#2909);
#2909 = AXIS2_PLACEMENT_3D('',#2910,#2911,#2912);
#2910 = CARTESIAN_POINT('',(40.,-54.1,16.5));
#2911 = DIRECTION('',(0.,1.,0.));
#2912 = DIRECTION('',(0.,0.,1.));
#2913 = ADVANCED_FACE('',(#2914),#2925,.F.);
#2914 = FACE_BOUND('',#2915,.F.);
#2915 = EDGE_LOOP('',(#2916,#2917,#2918,#2919));
#2916 = ORIENTED_EDGE('',*,*,#2847,.F.);
#2917 = ORIENTED_EDGE('',*,*,#2393,.T.);
#2918 = ORIENTED_EDGE('',*,*,#2895,.T.);
#2919 = ORIENTED_EDGE('',*,*,#2920,.F.);
#2920 = EDGE_CURVE('',#2848,#2896,#2921,.T.);
#2921 = LINE('',#2922,#2923);
#2922 = CARTESIAN_POINT('',(40.,-54.8,17.2));
#2923 = VECTOR('',#2924,1.);
#2924 = DIRECTION('',(0.,1.,0.));
#2925 = PLANE('',#2926);
#2926 = AXIS2_PLACEMENT_3D('',#2927,#2928,#2929);
#2927 = CARTESIAN_POINT('',(40.,-54.8,16.5));
#2928 = DIRECTION('',(1.,0.,0.));
#2929 = DIRECTION('',(0.,0.,1.));
#2930 = ADVANCED_FACE('',(#2931),#2956,.F.);
#2931 = FACE_BOUND('',#2932,.F.);
#2932 = EDGE_LOOP('',(#2933,#2941,#2942,#2950));
#2933 = ORIENTED_EDGE('',*,*,#2934,.F.);
#2934 = EDGE_CURVE('',#2418,#2935,#2937,.T.);
#2935 = VERTEX_POINT('',#2936);
#2936 = CARTESIAN_POINT('',(45.8,-53.3,17.2));
#2937 = LINE('',#2938,#2939);
#2938 = CARTESIAN_POINT('',(45.8,-53.3,16.5));
#2939 = VECTOR('',#2940,1.);
#2940 = DIRECTION('',(0.,0.,1.));
#2941 = ORIENTED_EDGE('',*,*,#2417,.T.);
#2942 = ORIENTED_EDGE('',*,*,#2943,.T.);
#2943 = EDGE_CURVE('',#2420,#2944,#2946,.T.);
#2944 = VERTEX_POINT('',#2945);
#2945 = CARTESIAN_POINT('',(40.,-53.3,17.2));
#2946 = LINE('',#2947,#2948);
#2947 = CARTESIAN_POINT('',(40.,-53.3,16.5));
#2948 = VECTOR('',#2949,1.);
#2949 = DIRECTION('',(0.,0.,1.));
#2950 = ORIENTED_EDGE('',*,*,#2951,.T.);
#2951 = EDGE_CURVE('',#2944,#2935,#2952,.T.);
#2952 = LINE('',#2953,#2954);
#2953 = CARTESIAN_POINT('',(40.,-53.3,17.2));
#2954 = VECTOR('',#2955,1.);
#2955 = DIRECTION('',(1.,0.,0.));
#2956 = PLANE('',#2957);
#2957 = AXIS2_PLACEMENT_3D('',#2958,#2959,#2960);
#2958 = CARTESIAN_POINT('',(40.,-53.3,16.5));
#2959 = DIRECTION('',(0.,1.,0.));
#2960 = DIRECTION('',(0.,0.,1.));
#2961 = ADVANCED_FACE('',(#2962),#2980,.T.);
#2962 = FACE_BOUND('',#2963,.T.);
#2963 = EDGE_LOOP('',(#2964,#2965,#2966,#2974));
#2964 = ORIENTED_EDGE('',*,*,#2934,.F.);
#2965 = ORIENTED_EDGE('',*,*,#2443,.T.);
#2966 = ORIENTED_EDGE('',*,*,#2967,.T.);
#2967 = EDGE_CURVE('',#2436,#2968,#2970,.T.);
#2968 = VERTEX_POINT('',#2969);
#2969 = CARTESIAN_POINT('',(45.8,-52.6,17.2));
#2970 = LINE('',#2971,#2972);
#2971 = CARTESIAN_POINT('',(45.8,-52.6,16.5));
#2972 = VECTOR('',#2973,1.);
#2973 = DIRECTION('',(0.,0.,1.));
#2974 = ORIENTED_EDGE('',*,*,#2975,.F.);
#2975 = EDGE_CURVE('',#2935,#2968,#2976,.T.);
#2976 = LINE('',#2977,#2978);
#2977 = CARTESIAN_POINT('',(45.8,-53.3,17.2));
#2978 = VECTOR('',#2979,1.);
#2979 = DIRECTION('',(0.,1.,0.));
#2980 = PLANE('',#2981);
#2981 = AXIS2_PLACEMENT_3D('',#2982,#2983,#2984);
#2982 = CARTESIAN_POINT('',(45.8,-53.3,16.5));
#2983 = DIRECTION('',(1.,0.,0.));
#2984 = DIRECTION('',(0.,0.,1.));
#2985 = ADVANCED_FACE('',(#2986),#3004,.T.);
#2986 = FACE_BOUND('',#2987,.T.);
#2987 = EDGE_LOOP('',(#2988,#2989,#2990,#2998));
#2988 = ORIENTED_EDGE('',*,*,#2967,.F.);
#2989 = ORIENTED_EDGE('',*,*,#2435,.T.);
#2990 = ORIENTED_EDGE('',*,*,#2991,.T.);
#2991 = EDGE_CURVE('',#2428,#2992,#2994,.T.);
#2992 = VERTEX_POINT('',#2993);
#2993 = CARTESIAN_POINT('',(40.,-52.6,17.2));
#2994 = LINE('',#2995,#2996);
#2995 = CARTESIAN_POINT('',(40.,-52.6,16.5));
#2996 = VECTOR('',#2997,1.);
#2997 = DIRECTION('',(0.,0.,1.));
#2998 = ORIENTED_EDGE('',*,*,#2999,.T.);
#2999 = EDGE_CURVE('',#2992,#2968,#3000,.T.);
#3000 = LINE('',#3001,#3002);
#3001 = CARTESIAN_POINT('',(40.,-52.6,17.2));
#3002 = VECTOR('',#3003,1.);
#3003 = DIRECTION('',(1.,0.,0.));
#3004 = PLANE('',#3005);
#3005 = AXIS2_PLACEMENT_3D('',#3006,#3007,#3008);
#3006 = CARTESIAN_POINT('',(40.,-52.6,16.5));
#3007 = DIRECTION('',(0.,1.,0.));
#3008 = DIRECTION('',(0.,0.,1.));
#3009 = ADVANCED_FACE('',(#3010),#3021,.F.);
#3010 = FACE_BOUND('',#3011,.F.);
#3011 = EDGE_LOOP('',(#3012,#3013,#3014,#3015));
#3012 = ORIENTED_EDGE('',*,*,#2943,.F.);
#3013 = ORIENTED_EDGE('',*,*,#2427,.T.);
#3014 = ORIENTED_EDGE('',*,*,#2991,.T.);
#3015 = ORIENTED_EDGE('',*,*,#3016,.F.);
#3016 = EDGE_CURVE('',#2944,#2992,#3017,.T.);
#3017 = LINE('',#3018,#3019);
#3018 = CARTESIAN_POINT('',(40.,-53.3,17.2));
#3019 = VECTOR('',#3020,1.);
#3020 = DIRECTION('',(0.,1.,0.));
#3021 = PLANE('',#3022);
#3022 = AXIS2_PLACEMENT_3D('',#3023,#3024,#3025);
#3023 = CARTESIAN_POINT('',(40.,-53.3,16.5));
#3024 = DIRECTION('',(1.,0.,0.));
#3025 = DIRECTION('',(0.,0.,1.));
#3026 = ADVANCED_FACE('',(#3027),#3043,.T.);
#3027 = FACE_BOUND('',#3028,.T.);
#3028 = EDGE_LOOP('',(#3029,#3030,#3036,#3037));
#3029 = ORIENTED_EDGE('',*,*,#2451,.F.);
#3030 = ORIENTED_EDGE('',*,*,#3031,.T.);
#3031 = EDGE_CURVE('',#2452,#2492,#3032,.T.);
#3032 = LINE('',#3033,#3034);
#3033 = CARTESIAN_POINT('',(46.2,-50.8,16.5));
#3034 = VECTOR('',#3035,1.);
#3035 = DIRECTION('',(0.,0.,1.));
#3036 = ORIENTED_EDGE('',*,*,#2517,.F.);
#3037 = ORIENTED_EDGE('',*,*,#3038,.F.);
#3038 = EDGE_CURVE('',#2454,#2510,#3039,.T.);
#3039 = LINE('',#3040,#3041);
#3040 = CARTESIAN_POINT('',(28.2,-50.8,16.5));
#3041 = VECTOR('',#3042,1.);
#3042 = DIRECTION('',(0.,0.,1.));
#3043 = PLANE('',#3044);
#3044 = AXIS2_PLACEMENT_3D('',#3045,#3046,#3047);
#3045 = CARTESIAN_POINT('',(37.2,-50.8,16.9));
#3046 = DIRECTION('',(-0.,-1.,-0.));
#3047 = DIRECTION('',(0.,0.,-1.));
#3048 = ADVANCED_FACE('',(#3049),#3060,.T.);
#3049 = FACE_BOUND('',#3050,.T.);
#3050 = EDGE_LOOP('',(#3051,#3052,#3053,#3059));
#3051 = ORIENTED_EDGE('',*,*,#3031,.F.);
#3052 = ORIENTED_EDGE('',*,*,#2477,.T.);
#3053 = ORIENTED_EDGE('',*,*,#3054,.T.);
#3054 = EDGE_CURVE('',#2470,#2494,#3055,.T.);
#3055 = LINE('',#3056,#3057);
#3056 = CARTESIAN_POINT('',(46.2,-16.8,16.5));
#3057 = VECTOR('',#3058,1.);
#3058 = DIRECTION('',(0.,0.,1.));
#3059 = ORIENTED_EDGE('',*,*,#2491,.F.);
#3060 = PLANE('',#3061);
#3061 = AXIS2_PLACEMENT_3D('',#3062,#3063,#3064);
#3062 = CARTESIAN_POINT('',(46.2,-33.8,16.9));
#3063 = DIRECTION('',(1.,0.,0.));
#3064 = DIRECTION('',(0.,0.,1.));
#3065 = ADVANCED_FACE('',(#3066),#3077,.T.);
#3066 = FACE_BOUND('',#3067,.T.);
#3067 = EDGE_LOOP('',(#3068,#3069,#3075,#3076));
#3068 = ORIENTED_EDGE('',*,*,#2469,.T.);
#3069 = ORIENTED_EDGE('',*,*,#3070,.T.);
#3070 = EDGE_CURVE('',#2462,#2502,#3071,.T.);
#3071 = LINE('',#3072,#3073);
#3072 = CARTESIAN_POINT('',(28.2,-16.8,16.5));
#3073 = VECTOR('',#3074,1.);
#3074 = DIRECTION('',(0.,0.,1.));
#3075 = ORIENTED_EDGE('',*,*,#2501,.T.);
#3076 = ORIENTED_EDGE('',*,*,#3054,.F.);
#3077 = PLANE('',#3078);
#3078 = AXIS2_PLACEMENT_3D('',#3079,#3080,#3081);
#3079 = CARTESIAN_POINT('',(37.2,-16.8,16.9));
#3080 = DIRECTION('',(0.,1.,-1.11420231862E-15));
#3081 = DIRECTION('',(0.,1.11420231862E-15,1.));
#3082 = ADVANCED_FACE('',(#3083),#3089,.T.);
#3083 = FACE_BOUND('',#3084,.T.);
#3084 = EDGE_LOOP('',(#3085,#3086,#3087,#3088));
#3085 = ORIENTED_EDGE('',*,*,#2509,.T.);
#3086 = ORIENTED_EDGE('',*,*,#3070,.F.);
#3087 = ORIENTED_EDGE('',*,*,#2461,.F.);
#3088 = ORIENTED_EDGE('',*,*,#3038,.T.);
#3089 = PLANE('',#3090);
#3090 = AXIS2_PLACEMENT_3D('',#3091,#3092,#3093);
#3091 = CARTESIAN_POINT('',(28.2,-33.8,16.9));
#3092 = DIRECTION('',(-1.,-0.,-0.));
#3093 = DIRECTION('',(0.,0.,-1.));
#3094 = ADVANCED_FACE('',(#3095),#3098,.F.);
#3095 = FACE_BOUND('',#3096,.T.);
#3096 = EDGE_LOOP('',(#3097));
#3097 = ORIENTED_EDGE('',*,*,#2605,.F.);
#3098 = PLANE('',#3099);
#3099 = AXIS2_PLACEMENT_3D('',#3100,#3101,#3102);
#3100 = CARTESIAN_POINT('',(27.,-52.8,6.8));
#3101 = DIRECTION('',(0.,0.,1.));
#3102 = DIRECTION('',(1.,0.,0.));
#3103 = ADVANCED_FACE('',(#3104),#3107,.T.);
#3104 = FACE_BOUND('',#3105,.F.);
#3105 = EDGE_LOOP('',(#3106));
#3106 = ORIENTED_EDGE('',*,*,#2630,.F.);
#3107 = PLANE('',#3108);
#3108 = AXIS2_PLACEMENT_3D('',#3109,#3110,#3111);
#3109 = CARTESIAN_POINT('',(31.1,-55.1,17.2));
#3110 = DIRECTION('',(0.,0.,1.));
#3111 = DIRECTION('',(1.,0.,0.));
#3112 = ADVANCED_FACE('',(#3113),#3119,.T.);
#3113 = FACE_BOUND('',#3114,.T.);
#3114 = EDGE_LOOP('',(#3115,#3116,#3117,#3118));
#3115 = ORIENTED_EDGE('',*,*,#2728,.F.);
#3116 = ORIENTED_EDGE('',*,*,#2663,.T.);
#3117 = ORIENTED_EDGE('',*,*,#2687,.T.);
#3118 = ORIENTED_EDGE('',*,*,#2711,.F.);
#3119 = PLANE('',#3120);
#3120 = AXIS2_PLACEMENT_3D('',#3121,#3122,#3123);
#3121 = CARTESIAN_POINT('',(40.,-57.8,17.2));
#3122 = DIRECTION('',(0.,0.,1.));
#3123 = DIRECTION('',(1.,0.,0.));
#3124 = ADVANCED_FACE('',(#3125),#3131,.T.);
#3125 = FACE_BOUND('',#3126,.T.);
#3126 = EDGE_LOOP('',(#3127,#3128,#3129,#3130));
#3127 = ORIENTED_EDGE('',*,*,#2824,.F.);
#3128 = ORIENTED_EDGE('',*,*,#2759,.T.);
#3129 = ORIENTED_EDGE('',*,*,#2783,.T.);
#3130 = ORIENTED_EDGE('',*,*,#2807,.F.);
#3131 = PLANE('',#3132);
#3132 = AXIS2_PLACEMENT_3D('',#3133,#3134,#3135);
#3133 = CARTESIAN_POINT('',(40.,-56.3,17.2));
#3134 = DIRECTION('',(0.,0.,1.));
#3135 = DIRECTION('',(1.,0.,0.));
#3136 = ADVANCED_FACE('',(#3137),#3143,.T.);
#3137 = FACE_BOUND('',#3138,.T.);
#3138 = EDGE_LOOP('',(#3139,#3140,#3141,#3142));
#3139 = ORIENTED_EDGE('',*,*,#2920,.F.);
#3140 = ORIENTED_EDGE('',*,*,#2855,.T.);
#3141 = ORIENTED_EDGE('',*,*,#2879,.T.);
#3142 = ORIENTED_EDGE('',*,*,#2903,.F.);
#3143 = PLANE('',#3144);
#3144 = AXIS2_PLACEMENT_3D('',#3145,#3146,#3147);
#3145 = CARTESIAN_POINT('',(40.,-54.8,17.2));
#3146 = DIRECTION('',(0.,0.,1.));
#3147 = DIRECTION('',(1.,0.,0.));
#3148 = ADVANCED_FACE('',(#3149),#3155,.T.);
#3149 = FACE_BOUND('',#3150,.T.);
#3150 = EDGE_LOOP('',(#3151,#3152,#3153,#3154));
#3151 = ORIENTED_EDGE('',*,*,#3016,.F.);
#3152 = ORIENTED_EDGE('',*,*,#2951,.T.);
#3153 = ORIENTED_EDGE('',*,*,#2975,.T.);
#3154 = ORIENTED_EDGE('',*,*,#2999,.F.);
#3155 = PLANE('',#3156);
#3156 = AXIS2_PLACEMENT_3D('',#3157,#3158,#3159);
#3157 = CARTESIAN_POINT('',(40.,-53.3,17.2));
#3158 = DIRECTION('',(0.,0.,1.));
#3159 = DIRECTION('',(1.,0.,0.));
#3160 = ORIENTED_CLOSED_SHELL('',*,#3161,.F.);
#3161 = CLOSED_SHELL('',(#3162,#3195,#3204));
#3162 = ADVANCED_FACE('',(#3163),#3190,.T.);
#3163 = FACE_BOUND('',#3164,.F.);
#3164 = EDGE_LOOP('',(#3165,#3175,#3182,#3183));
#3165 = ORIENTED_EDGE('',*,*,#3166,.T.);
#3166 = EDGE_CURVE('',#3167,#3169,#3171,.T.);
#3167 = VERTEX_POINT('',#3168);
#3168 = CARTESIAN_POINT('',(38.3,-64.7,7.));
#3169 = VERTEX_POINT('',#3170);
#3170 = CARTESIAN_POINT('',(38.3,-64.7,11.2));
#3171 = LINE('',#3172,#3173);
#3172 = CARTESIAN_POINT('',(38.3,-64.7,7.));
#3173 = VECTOR('',#3174,1.);
#3174 = DIRECTION('',(0.,0.,1.));
#3175 = ORIENTED_EDGE('',*,*,#3176,.T.);
#3176 = EDGE_CURVE('',#3169,#3169,#3177,.T.);
#3177 = CIRCLE('',#3178,1.1);
#3178 = AXIS2_PLACEMENT_3D('',#3179,#3180,#3181);
#3179 = CARTESIAN_POINT('',(37.2,-64.7,11.2));
#3180 = DIRECTION('',(0.,0.,1.));
#3181 = DIRECTION('',(1.,0.,0.));
#3182 = ORIENTED_EDGE('',*,*,#3166,.F.);
#3183 = ORIENTED_EDGE('',*,*,#3184,.F.);
#3184 = EDGE_CURVE('',#3167,#3167,#3185,.T.);
#3185 = CIRCLE('',#3186,1.1);
#3186 = AXIS2_PLACEMENT_3D('',#3187,#3188,#3189);
#3187 = CARTESIAN_POINT('',(37.2,-64.7,7.));
#3188 = DIRECTION('',(0.,0.,1.));
#3189 = DIRECTION('',(1.,0.,0.));
#3190 = CYLINDRICAL_SURFACE('',#3191,1.1);
#3191 = AXIS2_PLACEMENT_3D('',#3192,#3193,#3194);
#3192 = CARTESIAN_POINT('',(37.2,-64.7,7.));
#3193 = DIRECTION('',(-0.,-0.,-1.));
#3194 = DIRECTION('',(1.,0.,0.));
#3195 = ADVANCED_FACE('',(#3196),#3199,.F.);
#3196 = FACE_BOUND('',#3197,.T.);
#3197 = EDGE_LOOP('',(#3198));
#3198 = ORIENTED_EDGE('',*,*,#3184,.F.);
#3199 = PLANE('',#3200);
#3200 = AXIS2_PLACEMENT_3D('',#3201,#3202,#3203);
#3201 = CARTESIAN_POINT('',(37.2,-64.7,7.));
#3202 = DIRECTION('',(0.,0.,1.));
#3203 = DIRECTION('',(1.,0.,0.));
#3204 = ADVANCED_FACE('',(#3205),#3208,.T.);
#3205 = FACE_BOUND('',#3206,.F.);
#3206 = EDGE_LOOP('',(#3207));
#3207 = ORIENTED_EDGE('',*,*,#3176,.F.);
#3208 = PLANE('',#3209);
#3209 = AXIS2_PLACEMENT_3D('',#3210,#3211,#3212);
#3210 = CARTESIAN_POINT('',(37.2,-64.7,11.2));
#3211 = DIRECTION('',(0.,0.,1.));
#3212 = DIRECTION('',(1.,0.,0.));
#3213 = ORIENTED_CLOSED_SHELL('',*,#3214,.F.);
#3214 = CLOSED_SHELL('',(#3215,#3248,#3257));
#3215 = ADVANCED_FACE('',(#3216),#3243,.T.);
#3216 = FACE_BOUND('',#3217,.F.);
#3217 = EDGE_LOOP('',(#3218,#3228,#3235,#3236));
#3218 = ORIENTED_EDGE('',*,*,#3219,.T.);
#3219 = EDGE_CURVE('',#3220,#3222,#3224,.T.);
#3220 = VERTEX_POINT('',#3221);
#3221 = CARTESIAN_POINT('',(28.1,-52.8,7.));
#3222 = VERTEX_POINT('',#3223);
#3223 = CARTESIAN_POINT('',(28.1,-52.8,11.2));
#3224 = LINE('',#3225,#3226);
#3225 = CARTESIAN_POINT('',(28.1,-52.8,7.));
#3226 = VECTOR('',#3227,1.);
#3227 = DIRECTION('',(0.,0.,1.));
#3228 = ORIENTED_EDGE('',*,*,#3229,.T.);
#3229 = EDGE_CURVE('',#3222,#3222,#3230,.T.);
#3230 = CIRCLE('',#3231,1.1);
#3231 = AXIS2_PLACEMENT_3D('',#3232,#3233,#3234);
#3232 = CARTESIAN_POINT('',(27.,-52.8,11.2));
#3233 = DIRECTION('',(0.,0.,1.));
#3234 = DIRECTION('',(1.,0.,0.));
#3235 = ORIENTED_EDGE('',*,*,#3219,.F.);
#3236 = ORIENTED_EDGE('',*,*,#3237,.F.);
#3237 = EDGE_CURVE('',#3220,#3220,#3238,.T.);
#3238 = CIRCLE('',#3239,1.1);
#3239 = AXIS2_PLACEMENT_3D('',#3240,#3241,#3242);
#3240 = CARTESIAN_POINT('',(27.,-52.8,7.));
#3241 = DIRECTION('',(0.,0.,1.));
#3242 = DIRECTION('',(1.,0.,0.));
#3243 = CYLINDRICAL_SURFACE('',#3244,1.1);
#3244 = AXIS2_PLACEMENT_3D('',#3245,#3246,#3247);
#3245 = CARTESIAN_POINT('',(27.,-52.8,7.));
#3246 = DIRECTION('',(-0.,-0.,-1.));
#3247 = DIRECTION('',(1.,0.,0.));
#3248 = ADVANCED_FACE('',(#3249),#3252,.F.);
#3249 = FACE_BOUND('',#3250,.T.);
#3250 = EDGE_LOOP('',(#3251));
#3251 = ORIENTED_EDGE('',*,*,#3237,.F.);
#3252 = PLANE('',#3253);
#3253 = AXIS2_PLACEMENT_3D('',#3254,#3255,#3256);
#3254 = CARTESIAN_POINT('',(27.,-52.8,7.));
#3255 = DIRECTION('',(0.,0.,1.));
#3256 = DIRECTION('',(1.,0.,0.));
#3257 = ADVANCED_FACE('',(#3258),#3261,.T.);
#3258 = FACE_BOUND('',#3259,.F.);
#3259 = EDGE_LOOP('',(#3260));
#3260 = ORIENTED_EDGE('',*,*,#3229,.F.);
#3261 = PLANE('',#3262);
#3262 = AXIS2_PLACEMENT_3D('',#3263,#3264,#3265);
#3263 = CARTESIAN_POINT('',(27.,-52.8,11.2));
#3264 = DIRECTION('',(0.,0.,1.));
#3265 = DIRECTION('',(1.,0.,0.));
#3266 = ORIENTED_CLOSED_SHELL('',*,#3267,.F.);
#3267 = CLOSED_SHELL('',(#3268,#3301,#3310));
#3268 = ADVANCED_FACE('',(#3269),#3296,.T.);
#3269 = FACE_BOUND('',#3270,.F.);
#3270 = EDGE_LOOP('',(#3271,#3281,#3288,#3289));
#3271 = ORIENTED_EDGE('',*,*,#3272,.T.);
#3272 = EDGE_CURVE('',#3273,#3275,#3277,.T.);
#3273 = VERTEX_POINT('',#3274);
#3274 = CARTESIAN_POINT('',(48.1,-52.8,7.));
#3275 = VERTEX_POINT('',#3276);
#3276 = CARTESIAN_POINT('',(48.1,-52.8,11.2));
#3277 = LINE('',#3278,#3279);
#3278 = CARTESIAN_POINT('',(48.1,-52.8,7.));
#3279 = VECTOR('',#3280,1.);
#3280 = DIRECTION('',(0.,0.,1.));
#3281 = ORIENTED_EDGE('',*,*,#3282,.T.);
#3282 = EDGE_CURVE('',#3275,#3275,#3283,.T.);
#3283 = CIRCLE('',#3284,1.1);
#3284 = AXIS2_PLACEMENT_3D('',#3285,#3286,#3287);
#3285 = CARTESIAN_POINT('',(47.,-52.8,11.2));
#3286 = DIRECTION('',(0.,0.,1.));
#3287 = DIRECTION('',(1.,0.,0.));
#3288 = ORIENTED_EDGE('',*,*,#3272,.F.);
#3289 = ORIENTED_EDGE('',*,*,#3290,.F.);
#3290 = EDGE_CURVE('',#3273,#3273,#3291,.T.);
#3291 = CIRCLE('',#3292,1.1);
#3292 = AXIS2_PLACEMENT_3D('',#3293,#3294,#3295);
#3293 = CARTESIAN_POINT('',(47.,-52.8,7.));
#3294 = DIRECTION('',(0.,0.,1.));
#3295 = DIRECTION('',(1.,0.,0.));
#3296 = CYLINDRICAL_SURFACE('',#3297,1.1);
#3297 = AXIS2_PLACEMENT_3D('',#3298,#3299,#3300);
#3298 = CARTESIAN_POINT('',(47.,-52.8,7.));
#3299 = DIRECTION('',(-0.,-0.,-1.));
#3300 = DIRECTION('',(1.,0.,0.));
#3301 = ADVANCED_FACE('',(#3302),#3305,.F.);
#3302 = FACE_BOUND('',#3303,.T.);
#3303 = EDGE_LOOP('',(#3304));
#3304 = ORIENTED_EDGE('',*,*,#3290,.F.);
#3305 = PLANE('',#3306);
#3306 = AXIS2_PLACEMENT_3D('',#3307,#3308,#3309);
#3307 = CARTESIAN_POINT('',(47.,-52.8,7.));
#3308 = DIRECTION('',(0.,0.,1.));
#3309 = DIRECTION('',(1.,0.,0.));
#3310 = ADVANCED_FACE('',(#3311),#3314,.T.);
#3311 = FACE_BOUND('',#3312,.F.);
#3312 = EDGE_LOOP('',(#3313));
#3313 = ORIENTED_EDGE('',*,*,#3282,.F.);
#3314 = PLANE('',#3315);
#3315 = AXIS2_PLACEMENT_3D('',#3316,#3317,#3318);
#3316 = CARTESIAN_POINT('',(47.,-52.8,11.2));
#3317 = DIRECTION('',(0.,0.,1.));
#3318 = DIRECTION('',(1.,0.,0.));
#3319 = ( GEOMETRIC_REPRESENTATION_CONTEXT(3) 
GLOBAL_UNCERTAINTY_ASSIGNED_CONTEXT((#3323)) 
GLOBAL_UNIT_ASSIGNED_CONTEXT((#3320,#3321,#3322)) REPRESENTATION_CONTEXT
('Context #1','3D Context with UNIT and UNCERTAINTY') );
#3320 = ( LENGTH_UNIT() NAMED_UNIT(*) SI_UNIT(.MILLI.,.METRE.) );
#3321 = ( NAMED_UNIT(*) PLANE_ANGLE_UNIT() SI_UNIT($,.RADIAN.) );
#3322 = ( NAMED_UNIT(*) SI_UNIT($,.STERADIAN.) SOLID_ANGLE_UNIT() );
#3323 = UNCERTAINTY_MEASURE_WITH_UNIT(LENGTH_MEASURE(2.E-05),#3320,
  'distance_accuracy_value','confusion accuracy');
#3324 = PRODUCT_RELATED_PRODUCT_CATEGORY('part',$,(#7));
ENDSEC;
END-ISO-10303-21;
