ISO-10303-21;
HEADER;
FILE_DESCRIPTION(('FreeCAD Model'),'2;1');
FILE_NAME('Open CASCADE Shape Model','2026-09-22T12:33:10',('FreeCAD'),(
    'FreeCAD'),'Open CASCADE STEP processor 7.8','FreeCAD','Unknown');
FILE_SCHEMA(('AUTOMOTIVE_DESIGN { 1 0 10303 214 1 1 1 1 }'));
ENDSEC;
DATA;
#1 = APPLICATION_PROTOCOL_DEFINITION('international standard',
  'automotive_design',2000,#2);
#2 = APPLICATION_CONTEXT(
  'core data for automotive mechanical design processes');
#3 = SHAPE_DEFINITION_REPRESENTATION(#4,#10);
#4 = PRODUCT_DEFINITION_SHAPE('','',#5);
#5 = PRODUCT_DEFINITION('design','',#6,#9);
#6 = PRODUCT_DEFINITION_FORMATION('','',#7);
#7 = PRODUCT('Open CASCADE STEP translator 7.8 22',
  'Open CASCADE STEP translator 7.8 22','',(#8));
#8 = PRODUCT_CONTEXT('',#2,'mechanical');
#9 = PRODUCT_DEFINITION_CONTEXT('part definition',#2,'design');
#10 = ADVANCED_BREP_SHAPE_REPRESENTATION('',(#11,#15),#14947);
#11 = AXIS2_PLACEMENT_3D('',#12,#13,#14);
#12 = CARTESIAN_POINT('',(0.,0.,0.));
#13 = DIRECTION('',(0.,0.,1.));
#14 = DIRECTION('',(1.,0.,-0.));
#15 = BREP_WITH_VOIDS('',#16,(#14788,#14841,#14894));
#16 = CLOSED_SHELL('',(#17,#50,#3201,#3221,#3252,#3276,#3300,#3324,#3348
    ,#3372,#3396,#3420,#3444,#3468,#3492,#3516,#3540,#3564,#3588,#3612,
    #3636,#3660,#3684,#3708,#3732,#3756,#3780,#3804,#3828,#3852,#3876,
    #3900,#3924,#3948,#3972,#3996,#4020,#4044,#4068,#4092,#4116,#4140,
    #4164,#4188,#4212,#4236,#4260,#4284,#4308,#4332,#4356,#4380,#4404,
    #4428,#4452,#4476,#4500,#4524,#4548,#4572,#4596,#4620,#4644,#4668,
    #4692,#4716,#4740,#4764,#4788,#4812,#4836,#4860,#4884,#4908,#4932,
    #4956,#4980,#5004,#5028,#5052,#5076,#5100,#5124,#5148,#5172,#5196,
    #5220,#5244,#5268,#5292,#5316,#5340,#5364,#5388,#5412,#5436,#5460,
    #5484,#5508,#5532,#5556,#5580,#5604,#5628,#5652,#5676,#5700,#5724,
    #5748,#5772,#5796,#5820,#5844,#5868,#5892,#5916,#5940,#5964,#5988,
    #6012,#6036,#6060,#6084,#6108,#6132,#6156,#6180,#6204,#6228,#6252,
    #6276,#6300,#6324,#6348,#6372,#6396,#6420,#6444,#6468,#6492,#6516,
    #6540,#6564,#6588,#6612,#6636,#6660,#6684,#6708,#6732,#6756,#6780,
    #6804,#6828,#6852,#6876,#6900,#6924,#6948,#6972,#6996,#7020,#7044,
    #7068,#7092,#7116,#7140,#7164,#7188,#7212,#7236,#7260,#7284,#7308,
    #7332,#7356,#7380,#7404,#7428,#7452,#7476,#7500,#7524,#7548,#7572,
    #7596,#7620,#7655,#7679,#7703,#7759,#7783,#7807,#7831,#7855,#7879,
    #7903,#7927,#7951,#7975,#7999,#8023,#8047,#8071,#8095,#8119,#8143,
    #8167,#8191,#8215,#8239,#8263,#8287,#8311,#8335,#8359,#8383,#8407,
    #8431,#8455,#8479,#8503,#8527,#8551,#8575,#8599,#8623,#8647,#8671,
    #8695,#8719,#8743,#8767,#8791,#8815,#8839,#8863,#8887,#8911,#8935,
    #8959,#8983,#9007,#9031,#9055,#9079,#9103,#9127,#9151,#9175,#9199,
    #9223,#9247,#9271,#9295,#9319,#9343,#9367,#9391,#9415,#9439,#9463,
    #9487,#9511,#9535,#9559,#9583,#9607,#9631,#9655,#9679,#9703,#9727,
    #9751,#9775,#9799,#9823,#9847,#9871,#9895,#9919,#9943,#9967,#9991,
    #10015,#10039,#10063,#10087,#10111,#10135,#10159,#10183,#10207,
    #10231,#10255,#10279,#10303,#10327,#10351,#10375,#10399,#10423,
    #10447,#10471,#10495,#10519,#10543,#10567,#10591,#10615,#10639,
    #10663,#10687,#10711,#10735,#10759,#10783,#10807,#10831,#10855,
    #10879,#10903,#10927,#10951,#10975,#10999,#11023,#11047,#11071,
    #11095,#11119,#11143,#11167,#11191,#11215,#11239,#11263,#11287,
    #11311,#11335,#11359,#11383,#11407,#11431,#11455,#11479,#11503,
    #11527,#11551,#11575,#11599,#11623,#11647,#11671,#11695,#11719,
    #11743,#11767,#11791,#11815,#11839,#11863,#11887,#11911,#11935,
    #11959,#11983,#12007,#12031,#12055,#12079,#12103,#12127,#12151,
    #12175,#12199,#12223,#12247,#12271,#12295,#12319,#12343,#12367,
    #12391,#12415,#12439,#12456,#12481,#12506,#12531,#12556,#12581,
    #12606,#12631,#13399,#13423,#13447,#13464,#13484,#13504,#13524,
    #13544,#13564,#13584,#13593,#13624,#13649,#13673,#13698,#13722,
    #13747,#13771,#13796,#13820,#13845,#13873,#13898,#13922,#13947,
    #13975,#14000,#14024,#14049,#14073,#14098,#14122,#14147,#14171,
    #14196,#14220,#14245,#14269,#14294,#14318,#14343,#14367,#14392,
    #14416,#14441,#14465,#14490,#14514,#14532,#14559,#14584,#14609,
    #14634,#14659,#14684,#14709,#14770,#14779));
#17 = ADVANCED_FACE('',(#18),#45,.T.);
#18 = FACE_BOUND('',#19,.F.);
#19 = EDGE_LOOP('',(#20,#30,#37,#38));
#20 = ORIENTED_EDGE('',*,*,#21,.T.);
#21 = EDGE_CURVE('',#22,#24,#26,.T.);
#22 = VERTEX_POINT('',#23);
#23 = CARTESIAN_POINT('',(39.05,-64.7,1.4));
#24 = VERTEX_POINT('',#25);
#25 = CARTESIAN_POINT('',(39.05,-64.7,6.3));
#26 = LINE('',#27,#28);
#27 = CARTESIAN_POINT('',(39.05,-64.7,1.4));
#28 = VECTOR('',#29,1.);
#29 = DIRECTION('',(0.,0.,1.));
#30 = ORIENTED_EDGE('',*,*,#31,.T.);
#31 = EDGE_CURVE('',#24,#24,#32,.T.);
#32 = CIRCLE('',#33,1.85);
#33 = AXIS2_PLACEMENT_3D('',#34,#35,#36);
#34 = CARTESIAN_POINT('',(37.2,-64.7,6.3));
#35 = DIRECTION('',(0.,0.,1.));
#36 = DIRECTION('',(1.,0.,0.));
#37 = ORIENTED_EDGE('',*,*,#21,.F.);
#38 = ORIENTED_EDGE('',*,*,#39,.F.);
#39 = EDGE_CURVE('',#22,#22,#40,.T.);
#40 = CIRCLE('',#41,1.85);
#41 = AXIS2_PLACEMENT_3D('',#42,#43,#44);
#42 = CARTESIAN_POINT('',(37.2,-64.7,1.4));
#43 = DIRECTION('',(0.,0.,1.));
#44 = DIRECTION('',(1.,0.,0.));
#45 = CYLINDRICAL_SURFACE('',#46,1.85);
#46 = AXIS2_PLACEMENT_3D('',#47,#48,#49);
#47 = CARTESIAN_POINT('',(37.2,-64.7,1.4));
#48 = DIRECTION('',(-0.,-0.,-1.));
#49 = DIRECTION('',(1.,0.,0.));
#50 = ADVANCED_FACE('',(#51,#3127,#3138,#3141,#3152,#3163,#3174,#3185),
  #3196,.T.);
#51 = FACE_BOUND('',#52,.T.);
#52 = EDGE_LOOP('',(#53,#63,#71,#79,#87,#95,#103,#111,#119,#127,#135,
    #143,#151,#159,#167,#175,#183,#191,#199,#207,#215,#223,#231,#239,
    #247,#255,#263,#271,#279,#287,#295,#303,#311,#319,#327,#335,#343,
    #351,#359,#367,#375,#383,#391,#399,#407,#415,#423,#431,#439,#447,
    #455,#463,#471,#479,#487,#495,#503,#511,#519,#527,#535,#543,#551,
    #559,#567,#575,#583,#591,#599,#607,#615,#623,#631,#639,#647,#655,
    #663,#671,#679,#687,#695,#703,#711,#719,#727,#735,#743,#751,#759,
    #767,#775,#783,#791,#800,#809,#817,#825,#833,#841,#849,#857,#865,
    #873,#881,#889,#897,#905,#913,#921,#929,#937,#945,#953,#961,#969,
    #977,#985,#993,#1001,#1009,#1017,#1025,#1033,#1041,#1049,#1057,#1065
    ,#1073,#1081,#1089,#1097,#1105,#1113,#1121,#1129,#1137,#1145,#1153,
    #1161,#1169,#1177,#1185,#1193,#1201,#1209,#1217,#1225,#1233,#1241,
    #1249,#1257,#1265,#1273,#1281,#1289,#1297,#1305,#1313,#1321,#1329,
    #1337,#1345,#1353,#1361,#1369,#1377,#1385,#1393,#1401,#1409,#1417,
    #1425,#1433,#1441,#1449,#1457,#1465,#1473,#1481,#1489,#1497,#1505,
    #1513,#1521,#1529,#1537,#1545,#1553,#1561,#1569,#1577,#1585,#1593,
    #1601,#1609,#1617,#1625,#1633,#1641,#1649,#1657,#1665,#1673,#1681,
    #1689,#1697,#1705,#1713,#1721,#1729,#1737,#1745,#1753,#1761,#1769,
    #1777,#1785,#1793,#1801,#1809,#1817,#1825,#1833,#1841,#1849,#1857,
    #1865,#1873,#1881,#1889,#1897,#1905,#1913,#1921,#1929,#1937,#1945,
    #1953,#1961,#1969,#1977,#1985,#1993,#2001,#2009,#2017,#2025,#2033,
    #2041,#2049,#2057,#2065,#2073,#2081,#2089,#2097,#2105,#2113,#2121,
    #2129,#2137,#2145,#2153,#2161,#2169,#2177,#2185,#2193,#2201,#2209,
    #2217,#2225,#2233,#2241,#2249,#2257,#2265,#2273,#2281,#2289,#2297,
    #2305,#2313,#2321,#2329,#2337,#2345,#2353,#2361,#2369,#2377,#2385,
    #2393,#2401,#2409,#2417,#2425,#2433,#2441,#2449,#2457,#2465,#2473,
    #2481,#2489,#2497,#2505,#2513,#2521,#2529,#2537,#2545,#2553,#2561,
    #2569,#2577,#2585,#2593,#2601,#2609,#2617,#2625,#2633,#2641,#2649,
    #2657,#2665,#2673,#2681,#2689,#2697,#2705,#2713,#2721,#2729,#2737,
    #2745,#2753,#2761,#2769,#2777,#2785,#2793,#2801,#2809,#2817,#2825,
    #2833,#2841,#2849,#2857,#2865,#2873,#2881,#2889,#2897,#2905,#2913,
    #2921,#2929,#2937,#2945,#2953,#2961,#2969,#2977,#2985,#2993,#3001,
    #3009,#3017,#3025,#3033,#3041,#3049,#3057,#3065,#3073,#3081,#3089,
    #3097,#3105,#3113,#3121));
#53 = ORIENTED_EDGE('',*,*,#54,.F.);
#54 = EDGE_CURVE('',#55,#57,#59,.T.);
#55 = VERTEX_POINT('',#56);
#56 = CARTESIAN_POINT('',(140.45,-18.55,1.4));
#57 = VERTEX_POINT('',#58);
#58 = CARTESIAN_POINT('',(140.45,-73.45,1.4));
#59 = LINE('',#60,#61);
#60 = CARTESIAN_POINT('',(140.45,-18.55,1.4));
#61 = VECTOR('',#62,1.);
#62 = DIRECTION('',(0.,-1.,0.));
#63 = ORIENTED_EDGE('',*,*,#64,.F.);
#64 = EDGE_CURVE('',#65,#55,#67,.T.);
#65 = VERTEX_POINT('',#66);
#66 = CARTESIAN_POINT('',(124.51808679125,-18.55,1.4));
#67 = LINE('',#68,#69);
#68 = CARTESIAN_POINT('',(124.51808679125,-18.55,1.4));
#69 = VECTOR('',#70,1.);
#70 = DIRECTION('',(1.,0.,0.));
#71 = ORIENTED_EDGE('',*,*,#72,.F.);
#72 = EDGE_CURVE('',#73,#65,#75,.T.);
#73 = VERTEX_POINT('',#74);
#74 = CARTESIAN_POINT('',(124.34401033448,-18.54144817206,1.4));
#75 = LINE('',#76,#77);
#76 = CARTESIAN_POINT('',(124.34401033448,-18.54144817206,1.4));
#77 = VECTOR('',#78,1.);
#78 = DIRECTION('',(0.998795456205,-4.906767432743E-02,0.));
#79 = ORIENTED_EDGE('',*,*,#80,.F.);
#80 = EDGE_CURVE('',#81,#73,#83,.T.);
#81 = VERTEX_POINT('',#82);
#82 = CARTESIAN_POINT('',(124.14000446205,-18.5111867595,1.4));
#83 = LINE('',#84,#85);
#84 = CARTESIAN_POINT('',(124.14000446205,-18.5111867595,1.4));
#85 = VECTOR('',#86,1.);
#86 = DIRECTION('',(0.989176509965,-0.146730474455,0.));
#87 = ORIENTED_EDGE('',*,*,#88,.F.);
#88 = EDGE_CURVE('',#89,#81,#91,.T.);
#89 = VERTEX_POINT('',#90);
#90 = CARTESIAN_POINT('',(123.93994707078,-18.4610749917,1.4));
#91 = LINE('',#92,#93);
#92 = CARTESIAN_POINT('',(123.93994707078,-18.4610749917,1.4));
#93 = VECTOR('',#94,1.);
#94 = DIRECTION('',(0.970031253195,-0.242980179903,0.));
#95 = ORIENTED_EDGE('',*,*,#96,.F.);
#96 = EDGE_CURVE('',#97,#89,#99,.T.);
#97 = VERTEX_POINT('',#98);
#98 = CARTESIAN_POINT('',(123.7457648227,-18.39159547236,1.4));
#99 = LINE('',#100,#101);
#100 = CARTESIAN_POINT('',(123.7457648227,-18.39159547236,1.4));
#101 = VECTOR('',#102,1.);
#102 = DIRECTION('',(0.941544065183,-0.336889853392,0.));
#103 = ORIENTED_EDGE('',*,*,#104,.F.);
#104 = EDGE_CURVE('',#105,#97,#107,.T.);
#105 = VERTEX_POINT('',#106);
#106 = CARTESIAN_POINT('',(123.55932779902,-18.30341732724,1.4));
#107 = LINE('',#108,#109);
#108 = CARTESIAN_POINT('',(123.55932779902,-18.30341732724,1.4));
#109 = VECTOR('',#110,1.);
#110 = DIRECTION('',(0.903989293123,-0.42755509343,0.));
#111 = ORIENTED_EDGE('',*,*,#112,.F.);
#112 = EDGE_CURVE('',#113,#105,#115,.T.);
#113 = VERTEX_POINT('',#114);
#114 = CARTESIAN_POINT('',(123.38243149019,-18.19738976007,1.4));
#115 = LINE('',#116,#117);
#116 = CARTESIAN_POINT('',(123.38243149019,-18.19738976007,1.4));
#117 = VECTOR('',#118,1.);
#118 = DIRECTION('',(0.85772861,-0.514102744193,0.));
#119 = ORIENTED_EDGE('',*,*,#120,.F.);
#120 = EDGE_CURVE('',#121,#113,#123,.T.);
#121 = VERTEX_POINT('',#122);
#122 = CARTESIAN_POINT('',(123.21677950437,-18.0745338743,1.4));
#123 = LINE('',#124,#125);
#124 = CARTESIAN_POINT('',(123.21677950437,-18.0745338743,1.4));
#125 = VECTOR('',#126,1.);
#126 = DIRECTION('',(0.803207531481,-0.595699304492,0.));
#127 = ORIENTED_EDGE('',*,*,#128,.F.);
#128 = EDGE_CURVE('',#129,#121,#131,.T.);
#129 = VERTEX_POINT('',#130);
#130 = CARTESIAN_POINT('',(123.06396716074,-17.93603283925,1.4));
#131 = LINE('',#132,#133);
#132 = CARTESIAN_POINT('',(123.06396716074,-17.93603283925,1.4));
#133 = VECTOR('',#134,1.);
#134 = DIRECTION('',(0.740951125355,-0.671558954847,0.));
#135 = ORIENTED_EDGE('',*,*,#136,.F.);
#136 = EDGE_CURVE('',#137,#129,#139,.T.);
#137 = VERTEX_POINT('',#138);
#138 = CARTESIAN_POINT('',(122.92546612569,-17.78322049562,1.4));
#139 = LINE('',#140,#141);
#140 = CARTESIAN_POINT('',(122.92546612569,-17.78322049562,1.4));
#141 = VECTOR('',#142,1.);
#142 = DIRECTION('',(0.671558954847,-0.740951125355,0.));
#143 = ORIENTED_EDGE('',*,*,#144,.F.);
#144 = EDGE_CURVE('',#145,#137,#147,.T.);
#145 = VERTEX_POINT('',#146);
#146 = CARTESIAN_POINT('',(122.80261023992,-17.6175685098,1.4));
#147 = LINE('',#148,#149);
#148 = CARTESIAN_POINT('',(122.80261023992,-17.6175685098,1.4));
#149 = VECTOR('',#150,1.);
#150 = DIRECTION('',(0.595699304492,-0.803207531481,0.));
#151 = ORIENTED_EDGE('',*,*,#152,.F.);
#152 = EDGE_CURVE('',#153,#145,#155,.T.);
#153 = VERTEX_POINT('',#154);
#154 = CARTESIAN_POINT('',(122.69658267275,-17.44067220097,1.4));
#155 = LINE('',#156,#157);
#156 = CARTESIAN_POINT('',(122.69658267275,-17.44067220097,1.4));
#157 = VECTOR('',#158,1.);
#158 = DIRECTION('',(0.514102744193,-0.85772861,0.));
#159 = ORIENTED_EDGE('',*,*,#160,.F.);
#160 = EDGE_CURVE('',#161,#153,#163,.T.);
#161 = VERTEX_POINT('',#162);
#162 = CARTESIAN_POINT('',(122.60840452763,-17.25423517729,1.4));
#163 = LINE('',#164,#165);
#164 = CARTESIAN_POINT('',(122.60840452763,-17.25423517729,1.4));
#165 = VECTOR('',#166,1.);
#166 = DIRECTION('',(0.42755509343,-0.903989293123,0.));
#167 = ORIENTED_EDGE('',*,*,#168,.F.);
#168 = EDGE_CURVE('',#169,#161,#171,.T.);
#169 = VERTEX_POINT('',#170);
#170 = CARTESIAN_POINT('',(122.53892500829,-17.06005292921,1.4));
#171 = LINE('',#172,#173);
#172 = CARTESIAN_POINT('',(122.53892500829,-17.06005292921,1.4));
#173 = VECTOR('',#174,1.);
#174 = DIRECTION('',(0.336889853392,-0.941544065183,0.));
#175 = ORIENTED_EDGE('',*,*,#176,.F.);
#176 = EDGE_CURVE('',#177,#169,#179,.T.);
#177 = VERTEX_POINT('',#178);
#178 = CARTESIAN_POINT('',(122.48881324049,-16.85999553794,1.4));
#179 = LINE('',#180,#181);
#180 = CARTESIAN_POINT('',(122.48881324049,-16.85999553794,1.4));
#181 = VECTOR('',#182,1.);
#182 = DIRECTION('',(0.242980179903,-0.970031253195,0.));
#183 = ORIENTED_EDGE('',*,*,#184,.F.);
#184 = EDGE_CURVE('',#185,#177,#187,.T.);
#185 = VERTEX_POINT('',#186);
#186 = CARTESIAN_POINT('',(122.45855182794,-16.65598966551,1.4));
#187 = LINE('',#188,#189);
#188 = CARTESIAN_POINT('',(122.45855182794,-16.65598966551,1.4));
#189 = VECTOR('',#190,1.);
#190 = DIRECTION('',(0.146730474455,-0.989176509965,0.));
#191 = ORIENTED_EDGE('',*,*,#192,.F.);
#192 = EDGE_CURVE('',#193,#185,#195,.T.);
#193 = VERTEX_POINT('',#194);
#194 = CARTESIAN_POINT('',(122.45,-16.48191320874,1.4));
#195 = LINE('',#196,#197);
#196 = CARTESIAN_POINT('',(122.45,-16.48191320874,1.4));
#197 = VECTOR('',#198,1.);
#198 = DIRECTION('',(4.906767432742E-02,-0.998795456205,0.));
#199 = ORIENTED_EDGE('',*,*,#200,.F.);
#200 = EDGE_CURVE('',#201,#193,#203,.T.);
#201 = VERTEX_POINT('',#202);
#202 = CARTESIAN_POINT('',(122.45,-6.55,1.4));
#203 = LINE('',#204,#205);
#204 = CARTESIAN_POINT('',(122.45,-6.55,1.4));
#205 = VECTOR('',#206,1.);
#206 = DIRECTION('',(0.,-1.,0.));
#207 = ORIENTED_EDGE('',*,*,#208,.F.);
#208 = EDGE_CURVE('',#209,#201,#211,.T.);
#209 = VERTEX_POINT('',#210);
#210 = CARTESIAN_POINT('',(106.51808679125,-6.55,1.4));
#211 = LINE('',#212,#213);
#212 = CARTESIAN_POINT('',(106.51808679125,-6.55,1.4));
#213 = VECTOR('',#214,1.);
#214 = DIRECTION('',(1.,0.,0.));
#215 = ORIENTED_EDGE('',*,*,#216,.F.);
#216 = EDGE_CURVE('',#217,#209,#219,.T.);
#217 = VERTEX_POINT('',#218);
#218 = CARTESIAN_POINT('',(106.34401033448,-6.54144817206,1.4));
#219 = LINE('',#220,#221);
#220 = CARTESIAN_POINT('',(106.34401033448,-6.54144817206,1.4));
#221 = VECTOR('',#222,1.);
#222 = DIRECTION('',(0.998795456205,-4.906767432742E-02,0.));
#223 = ORIENTED_EDGE('',*,*,#224,.F.);
#224 = EDGE_CURVE('',#225,#217,#227,.T.);
#225 = VERTEX_POINT('',#226);
#226 = CARTESIAN_POINT('',(106.14000446205,-6.511186759509,1.4));
#227 = LINE('',#228,#229);
#228 = CARTESIAN_POINT('',(106.14000446205,-6.511186759509,1.4));
#229 = VECTOR('',#230,1.);
#230 = DIRECTION('',(0.989176509965,-0.146730474455,0.));
#231 = ORIENTED_EDGE('',*,*,#232,.F.);
#232 = EDGE_CURVE('',#233,#225,#235,.T.);
#233 = VERTEX_POINT('',#234);
#234 = CARTESIAN_POINT('',(105.93994707078,-6.461074991705,1.4));
#235 = LINE('',#236,#237);
#236 = CARTESIAN_POINT('',(105.93994707078,-6.461074991705,1.4));
#237 = VECTOR('',#238,1.);
#238 = DIRECTION('',(0.970031253195,-0.242980179903,0.));
#239 = ORIENTED_EDGE('',*,*,#240,.F.);
#240 = EDGE_CURVE('',#241,#233,#243,.T.);
#241 = VERTEX_POINT('',#242);
#242 = CARTESIAN_POINT('',(105.7457648227,-6.391595472366,1.4));
#243 = LINE('',#244,#245);
#244 = CARTESIAN_POINT('',(105.7457648227,-6.391595472366,1.4));
#245 = VECTOR('',#246,1.);
#246 = DIRECTION('',(0.941544065183,-0.336889853392,0.));
#247 = ORIENTED_EDGE('',*,*,#248,.F.);
#248 = EDGE_CURVE('',#249,#241,#251,.T.);
#249 = VERTEX_POINT('',#250);
#250 = CARTESIAN_POINT('',(105.55932779902,-6.303417327243,1.4));
#251 = LINE('',#252,#253);
#252 = CARTESIAN_POINT('',(105.55932779902,-6.303417327243,1.4));
#253 = VECTOR('',#254,1.);
#254 = DIRECTION('',(0.903989293123,-0.42755509343,0.));
#255 = ORIENTED_EDGE('',*,*,#256,.F.);
#256 = EDGE_CURVE('',#257,#249,#259,.T.);
#257 = VERTEX_POINT('',#258);
#258 = CARTESIAN_POINT('',(105.38243149019,-6.197389760078,1.4));
#259 = LINE('',#260,#261);
#260 = CARTESIAN_POINT('',(105.38243149019,-6.197389760078,1.4));
#261 = VECTOR('',#262,1.);
#262 = DIRECTION('',(0.85772861,-0.514102744193,0.));
#263 = ORIENTED_EDGE('',*,*,#264,.F.);
#264 = EDGE_CURVE('',#265,#257,#267,.T.);
#265 = VERTEX_POINT('',#266);
#266 = CARTESIAN_POINT('',(105.21677950437,-6.074533874304,1.4));
#267 = LINE('',#268,#269);
#268 = CARTESIAN_POINT('',(105.21677950437,-6.074533874304,1.4));
#269 = VECTOR('',#270,1.);
#270 = DIRECTION('',(0.803207531481,-0.595699304492,0.));
#271 = ORIENTED_EDGE('',*,*,#272,.F.);
#272 = EDGE_CURVE('',#273,#265,#275,.T.);
#273 = VERTEX_POINT('',#274);
#274 = CARTESIAN_POINT('',(105.06396716074,-5.936032839259,1.4));
#275 = LINE('',#276,#277);
#276 = CARTESIAN_POINT('',(105.06396716074,-5.936032839259,1.4));
#277 = VECTOR('',#278,1.);
#278 = DIRECTION('',(0.740951125355,-0.671558954847,0.));
#279 = ORIENTED_EDGE('',*,*,#280,.F.);
#280 = EDGE_CURVE('',#281,#273,#283,.T.);
#281 = VERTEX_POINT('',#282);
#282 = CARTESIAN_POINT('',(104.92546612569,-5.783220495624,1.4));
#283 = LINE('',#284,#285);
#284 = CARTESIAN_POINT('',(104.92546612569,-5.783220495624,1.4));
#285 = VECTOR('',#286,1.);
#286 = DIRECTION('',(0.671558954847,-0.740951125355,0.));
#287 = ORIENTED_EDGE('',*,*,#288,.F.);
#288 = EDGE_CURVE('',#289,#281,#291,.T.);
#289 = VERTEX_POINT('',#290);
#290 = CARTESIAN_POINT('',(104.80261023992,-5.617568509803,1.4));
#291 = LINE('',#292,#293);
#292 = CARTESIAN_POINT('',(104.80261023992,-5.617568509803,1.4));
#293 = VECTOR('',#294,1.);
#294 = DIRECTION('',(0.595699304492,-0.803207531481,0.));
#295 = ORIENTED_EDGE('',*,*,#296,.F.);
#296 = EDGE_CURVE('',#297,#289,#299,.T.);
#297 = VERTEX_POINT('',#298);
#298 = CARTESIAN_POINT('',(104.69658267275,-5.440672200976,1.4));
#299 = LINE('',#300,#301);
#300 = CARTESIAN_POINT('',(104.69658267275,-5.440672200976,1.4));
#301 = VECTOR('',#302,1.);
#302 = DIRECTION('',(0.514102744193,-0.85772861,0.));
#303 = ORIENTED_EDGE('',*,*,#304,.F.);
#304 = EDGE_CURVE('',#305,#297,#307,.T.);
#305 = VERTEX_POINT('',#306);
#306 = CARTESIAN_POINT('',(104.60840452763,-5.254235177296,1.4));
#307 = LINE('',#308,#309);
#308 = CARTESIAN_POINT('',(104.60840452763,-5.254235177296,1.4));
#309 = VECTOR('',#310,1.);
#310 = DIRECTION('',(0.42755509343,-0.903989293123,0.));
#311 = ORIENTED_EDGE('',*,*,#312,.F.);
#312 = EDGE_CURVE('',#313,#305,#315,.T.);
#313 = VERTEX_POINT('',#314);
#314 = CARTESIAN_POINT('',(104.53892500829,-5.060052929219,1.4));
#315 = LINE('',#316,#317);
#316 = CARTESIAN_POINT('',(104.53892500829,-5.060052929219,1.4));
#317 = VECTOR('',#318,1.);
#318 = DIRECTION('',(0.336889853392,-0.941544065183,0.));
#319 = ORIENTED_EDGE('',*,*,#320,.F.);
#320 = EDGE_CURVE('',#321,#313,#323,.T.);
#321 = VERTEX_POINT('',#322);
#322 = CARTESIAN_POINT('',(104.48881324049,-4.859995537946,1.4));
#323 = LINE('',#324,#325);
#324 = CARTESIAN_POINT('',(104.48881324049,-4.859995537946,1.4));
#325 = VECTOR('',#326,1.);
#326 = DIRECTION('',(0.242980179903,-0.970031253195,0.));
#327 = ORIENTED_EDGE('',*,*,#328,.F.);
#328 = EDGE_CURVE('',#329,#321,#331,.T.);
#329 = VERTEX_POINT('',#330);
#330 = CARTESIAN_POINT('',(104.45855182794,-4.655989665515,1.4));
#331 = LINE('',#332,#333);
#332 = CARTESIAN_POINT('',(104.45855182794,-4.655989665515,1.4));
#333 = VECTOR('',#334,1.);
#334 = DIRECTION('',(0.146730474455,-0.989176509965,0.));
#335 = ORIENTED_EDGE('',*,*,#336,.F.);
#336 = EDGE_CURVE('',#337,#329,#339,.T.);
#337 = VERTEX_POINT('',#338);
#338 = CARTESIAN_POINT('',(104.45,-4.481913208742,1.4));
#339 = LINE('',#340,#341);
#340 = CARTESIAN_POINT('',(104.45,-4.481913208742,1.4));
#341 = VECTOR('',#342,1.);
#342 = DIRECTION('',(4.906767432742E-02,-0.998795456205,0.));
#343 = ORIENTED_EDGE('',*,*,#344,.F.);
#344 = EDGE_CURVE('',#345,#337,#347,.T.);
#345 = VERTEX_POINT('',#346);
#346 = CARTESIAN_POINT('',(104.45,-1.55,1.4));
#347 = LINE('',#348,#349);
#348 = CARTESIAN_POINT('',(104.45,-1.55,1.4));
#349 = VECTOR('',#350,1.);
#350 = DIRECTION('',(0.,-1.,0.));
#351 = ORIENTED_EDGE('',*,*,#352,.F.);
#352 = EDGE_CURVE('',#353,#345,#355,.T.);
#353 = VERTEX_POINT('',#354);
#354 = CARTESIAN_POINT('',(83.55,-1.55,1.4));
#355 = LINE('',#356,#357);
#356 = CARTESIAN_POINT('',(83.55,-1.55,1.4));
#357 = VECTOR('',#358,1.);
#358 = DIRECTION('',(1.,1.062414377632E-17,0.));
#359 = ORIENTED_EDGE('',*,*,#360,.F.);
#360 = EDGE_CURVE('',#361,#353,#363,.T.);
#361 = VERTEX_POINT('',#362);
#362 = CARTESIAN_POINT('',(83.55,-4.481913208742,1.4));
#363 = LINE('',#364,#365);
#364 = CARTESIAN_POINT('',(83.55,-4.481913208742,1.4));
#365 = VECTOR('',#366,1.);
#366 = DIRECTION('',(0.,1.,0.));
#367 = ORIENTED_EDGE('',*,*,#368,.F.);
#368 = EDGE_CURVE('',#369,#361,#371,.T.);
#369 = VERTEX_POINT('',#370);
#370 = CARTESIAN_POINT('',(83.54144817206,-4.655989665515,1.4));
#371 = LINE('',#372,#373);
#372 = CARTESIAN_POINT('',(83.54144817206,-4.655989665515,1.4));
#373 = VECTOR('',#374,1.);
#374 = DIRECTION('',(4.906767432744E-02,0.998795456205,0.));
#375 = ORIENTED_EDGE('',*,*,#376,.F.);
#376 = EDGE_CURVE('',#377,#369,#379,.T.);
#377 = VERTEX_POINT('',#378);
#378 = CARTESIAN_POINT('',(83.511186759509,-4.859995537946,1.4));
#379 = LINE('',#380,#381);
#380 = CARTESIAN_POINT('',(83.511186759509,-4.859995537946,1.4));
#381 = VECTOR('',#382,1.);
#382 = DIRECTION('',(0.146730474455,0.989176509965,0.));
#383 = ORIENTED_EDGE('',*,*,#384,.F.);
#384 = EDGE_CURVE('',#385,#377,#387,.T.);
#385 = VERTEX_POINT('',#386);
#386 = CARTESIAN_POINT('',(83.461074991705,-5.060052929219,1.4));
#387 = LINE('',#388,#389);
#388 = CARTESIAN_POINT('',(83.461074991705,-5.060052929219,1.4));
#389 = VECTOR('',#390,1.);
#390 = DIRECTION('',(0.242980179903,0.970031253195,0.));
#391 = ORIENTED_EDGE('',*,*,#392,.F.);
#392 = EDGE_CURVE('',#393,#385,#395,.T.);
#393 = VERTEX_POINT('',#394);
#394 = CARTESIAN_POINT('',(83.391595472366,-5.254235177296,1.4));
#395 = LINE('',#396,#397);
#396 = CARTESIAN_POINT('',(83.391595472366,-5.254235177296,1.4));
#397 = VECTOR('',#398,1.);
#398 = DIRECTION('',(0.336889853392,0.941544065183,0.));
#399 = ORIENTED_EDGE('',*,*,#400,.F.);
#400 = EDGE_CURVE('',#401,#393,#403,.T.);
#401 = VERTEX_POINT('',#402);
#402 = CARTESIAN_POINT('',(83.303417327243,-5.440672200976,1.4));
#403 = LINE('',#404,#405);
#404 = CARTESIAN_POINT('',(83.303417327243,-5.440672200976,1.4));
#405 = VECTOR('',#406,1.);
#406 = DIRECTION('',(0.42755509343,0.903989293123,0.));
#407 = ORIENTED_EDGE('',*,*,#408,.F.);
#408 = EDGE_CURVE('',#409,#401,#411,.T.);
#409 = VERTEX_POINT('',#410);
#410 = CARTESIAN_POINT('',(83.197389760078,-5.617568509803,1.4));
#411 = LINE('',#412,#413);
#412 = CARTESIAN_POINT('',(83.197389760078,-5.617568509803,1.4));
#413 = VECTOR('',#414,1.);
#414 = DIRECTION('',(0.514102744193,0.85772861,0.));
#415 = ORIENTED_EDGE('',*,*,#416,.F.);
#416 = EDGE_CURVE('',#417,#409,#419,.T.);
#417 = VERTEX_POINT('',#418);
#418 = CARTESIAN_POINT('',(83.074533874304,-5.783220495624,1.4));
#419 = LINE('',#420,#421);
#420 = CARTESIAN_POINT('',(83.074533874304,-5.783220495624,1.4));
#421 = VECTOR('',#422,1.);
#422 = DIRECTION('',(0.595699304492,0.803207531481,0.));
#423 = ORIENTED_EDGE('',*,*,#424,.F.);
#424 = EDGE_CURVE('',#425,#417,#427,.T.);
#425 = VERTEX_POINT('',#426);
#426 = CARTESIAN_POINT('',(82.936032839259,-5.936032839259,1.4));
#427 = LINE('',#428,#429);
#428 = CARTESIAN_POINT('',(82.936032839259,-5.936032839259,1.4));
#429 = VECTOR('',#430,1.);
#430 = DIRECTION('',(0.671558954847,0.740951125355,0.));
#431 = ORIENTED_EDGE('',*,*,#432,.F.);
#432 = EDGE_CURVE('',#433,#425,#435,.T.);
#433 = VERTEX_POINT('',#434);
#434 = CARTESIAN_POINT('',(82.783220495624,-6.074533874304,1.4));
#435 = LINE('',#436,#437);
#436 = CARTESIAN_POINT('',(82.783220495624,-6.074533874304,1.4));
#437 = VECTOR('',#438,1.);
#438 = DIRECTION('',(0.740951125355,0.671558954847,0.));
#439 = ORIENTED_EDGE('',*,*,#440,.F.);
#440 = EDGE_CURVE('',#441,#433,#443,.T.);
#441 = VERTEX_POINT('',#442);
#442 = CARTESIAN_POINT('',(82.617568509803,-6.197389760078,1.4));
#443 = LINE('',#444,#445);
#444 = CARTESIAN_POINT('',(82.617568509803,-6.197389760078,1.4));
#445 = VECTOR('',#446,1.);
#446 = DIRECTION('',(0.803207531481,0.595699304492,0.));
#447 = ORIENTED_EDGE('',*,*,#448,.F.);
#448 = EDGE_CURVE('',#449,#441,#451,.T.);
#449 = VERTEX_POINT('',#450);
#450 = CARTESIAN_POINT('',(82.440672200976,-6.303417327243,1.4));
#451 = LINE('',#452,#453);
#452 = CARTESIAN_POINT('',(82.440672200976,-6.303417327243,1.4));
#453 = VECTOR('',#454,1.);
#454 = DIRECTION('',(0.85772861,0.514102744193,0.));
#455 = ORIENTED_EDGE('',*,*,#456,.F.);
#456 = EDGE_CURVE('',#457,#449,#459,.T.);
#457 = VERTEX_POINT('',#458);
#458 = CARTESIAN_POINT('',(82.254235177296,-6.391595472366,1.4));
#459 = LINE('',#460,#461);
#460 = CARTESIAN_POINT('',(82.254235177296,-6.391595472366,1.4));
#461 = VECTOR('',#462,1.);
#462 = DIRECTION('',(0.903989293123,0.42755509343,0.));
#463 = ORIENTED_EDGE('',*,*,#464,.F.);
#464 = EDGE_CURVE('',#465,#457,#467,.T.);
#465 = VERTEX_POINT('',#466);
#466 = CARTESIAN_POINT('',(82.060052929219,-6.461074991705,1.4));
#467 = LINE('',#468,#469);
#468 = CARTESIAN_POINT('',(82.060052929219,-6.461074991705,1.4));
#469 = VECTOR('',#470,1.);
#470 = DIRECTION('',(0.941544065183,0.336889853392,0.));
#471 = ORIENTED_EDGE('',*,*,#472,.F.);
#472 = EDGE_CURVE('',#473,#465,#475,.T.);
#473 = VERTEX_POINT('',#474);
#474 = CARTESIAN_POINT('',(81.859995537946,-6.511186759509,1.4));
#475 = LINE('',#476,#477);
#476 = CARTESIAN_POINT('',(81.859995537946,-6.511186759509,1.4));
#477 = VECTOR('',#478,1.);
#478 = DIRECTION('',(0.970031253195,0.242980179903,0.));
#479 = ORIENTED_EDGE('',*,*,#480,.F.);
#480 = EDGE_CURVE('',#481,#473,#483,.T.);
#481 = VERTEX_POINT('',#482);
#482 = CARTESIAN_POINT('',(81.655989665515,-6.54144817206,1.4));
#483 = LINE('',#484,#485);
#484 = CARTESIAN_POINT('',(81.655989665515,-6.54144817206,1.4));
#485 = VECTOR('',#486,1.);
#486 = DIRECTION('',(0.989176509965,0.146730474455,0.));
#487 = ORIENTED_EDGE('',*,*,#488,.F.);
#488 = EDGE_CURVE('',#489,#481,#491,.T.);
#489 = VERTEX_POINT('',#490);
#490 = CARTESIAN_POINT('',(81.481913208742,-6.55,1.4));
#491 = LINE('',#492,#493);
#492 = CARTESIAN_POINT('',(81.481913208742,-6.55,1.4));
#493 = VECTOR('',#494,1.);
#494 = DIRECTION('',(0.998795456205,4.906767432741E-02,0.));
#495 = ORIENTED_EDGE('',*,*,#496,.F.);
#496 = EDGE_CURVE('',#497,#489,#499,.T.);
#497 = VERTEX_POINT('',#498);
#498 = CARTESIAN_POINT('',(65.546655110435,-6.55,1.4));
#499 = LINE('',#500,#501);
#500 = CARTESIAN_POINT('',(65.546655110435,-6.55,1.4));
#501 = VECTOR('',#502,1.);
#502 = DIRECTION('',(1.,0.,0.));
#503 = ORIENTED_EDGE('',*,*,#504,.F.);
#504 = EDGE_CURVE('',#505,#497,#507,.T.);
#505 = VERTEX_POINT('',#506);
#506 = CARTESIAN_POINT('',(65.54144817206,-6.655989665515,1.4));
#507 = LINE('',#508,#509);
#508 = CARTESIAN_POINT('',(65.54144817206,-6.655989665515,1.4));
#509 = VECTOR('',#510,1.);
#510 = DIRECTION('',(4.906767432742E-02,0.998795456205,0.));
#511 = ORIENTED_EDGE('',*,*,#512,.F.);
#512 = EDGE_CURVE('',#513,#505,#515,.T.);
#513 = VERTEX_POINT('',#514);
#514 = CARTESIAN_POINT('',(65.511186759509,-6.859995537946,1.4));
#515 = LINE('',#516,#517);
#516 = CARTESIAN_POINT('',(65.511186759509,-6.859995537946,1.4));
#517 = VECTOR('',#518,1.);
#518 = DIRECTION('',(0.146730474455,0.989176509965,0.));
#519 = ORIENTED_EDGE('',*,*,#520,.F.);
#520 = EDGE_CURVE('',#521,#513,#523,.T.);
#521 = VERTEX_POINT('',#522);
#522 = CARTESIAN_POINT('',(65.461074991705,-7.060052929219,1.4));
#523 = LINE('',#524,#525);
#524 = CARTESIAN_POINT('',(65.461074991705,-7.060052929219,1.4));
#525 = VECTOR('',#526,1.);
#526 = DIRECTION('',(0.242980179903,0.970031253195,0.));
#527 = ORIENTED_EDGE('',*,*,#528,.F.);
#528 = EDGE_CURVE('',#529,#521,#531,.T.);
#529 = VERTEX_POINT('',#530);
#530 = CARTESIAN_POINT('',(65.391595472366,-7.254235177296,1.4));
#531 = LINE('',#532,#533);
#532 = CARTESIAN_POINT('',(65.391595472366,-7.254235177296,1.4));
#533 = VECTOR('',#534,1.);
#534 = DIRECTION('',(0.336889853392,0.941544065183,0.));
#535 = ORIENTED_EDGE('',*,*,#536,.F.);
#536 = EDGE_CURVE('',#537,#529,#539,.T.);
#537 = VERTEX_POINT('',#538);
#538 = CARTESIAN_POINT('',(65.303417327243,-7.440672200976,1.4));
#539 = LINE('',#540,#541);
#540 = CARTESIAN_POINT('',(65.303417327243,-7.440672200976,1.4));
#541 = VECTOR('',#542,1.);
#542 = DIRECTION('',(0.42755509343,0.903989293123,0.));
#543 = ORIENTED_EDGE('',*,*,#544,.F.);
#544 = EDGE_CURVE('',#545,#537,#547,.T.);
#545 = VERTEX_POINT('',#546);
#546 = CARTESIAN_POINT('',(65.197389760078,-7.617568509803,1.4));
#547 = LINE('',#548,#549);
#548 = CARTESIAN_POINT('',(65.197389760078,-7.617568509803,1.4));
#549 = VECTOR('',#550,1.);
#550 = DIRECTION('',(0.514102744193,0.85772861,0.));
#551 = ORIENTED_EDGE('',*,*,#552,.F.);
#552 = EDGE_CURVE('',#553,#545,#555,.T.);
#553 = VERTEX_POINT('',#554);
#554 = CARTESIAN_POINT('',(65.074533874304,-7.783220495624,1.4));
#555 = LINE('',#556,#557);
#556 = CARTESIAN_POINT('',(65.074533874304,-7.783220495624,1.4));
#557 = VECTOR('',#558,1.);
#558 = DIRECTION('',(0.595699304492,0.803207531481,0.));
#559 = ORIENTED_EDGE('',*,*,#560,.F.);
#560 = EDGE_CURVE('',#561,#553,#563,.T.);
#561 = VERTEX_POINT('',#562);
#562 = CARTESIAN_POINT('',(64.936032839259,-7.936032839259,1.4));
#563 = LINE('',#564,#565);
#564 = CARTESIAN_POINT('',(64.936032839259,-7.936032839259,1.4));
#565 = VECTOR('',#566,1.);
#566 = DIRECTION('',(0.671558954847,0.740951125355,0.));
#567 = ORIENTED_EDGE('',*,*,#568,.F.);
#568 = EDGE_CURVE('',#569,#561,#571,.T.);
#569 = VERTEX_POINT('',#570);
#570 = CARTESIAN_POINT('',(64.783220495624,-8.074533874304,1.4));
#571 = LINE('',#572,#573);
#572 = CARTESIAN_POINT('',(64.783220495624,-8.074533874304,1.4));
#573 = VECTOR('',#574,1.);
#574 = DIRECTION('',(0.740951125355,0.671558954847,0.));
#575 = ORIENTED_EDGE('',*,*,#576,.F.);
#576 = EDGE_CURVE('',#577,#569,#579,.T.);
#577 = VERTEX_POINT('',#578);
#578 = CARTESIAN_POINT('',(64.617568509803,-8.197389760078,1.4));
#579 = LINE('',#580,#581);
#580 = CARTESIAN_POINT('',(64.617568509803,-8.197389760078,1.4));
#581 = VECTOR('',#582,1.);
#582 = DIRECTION('',(0.803207531481,0.595699304492,0.));
#583 = ORIENTED_EDGE('',*,*,#584,.F.);
#584 = EDGE_CURVE('',#585,#577,#587,.T.);
#585 = VERTEX_POINT('',#586);
#586 = CARTESIAN_POINT('',(64.440672200976,-8.303417327243,1.4));
#587 = LINE('',#588,#589);
#588 = CARTESIAN_POINT('',(64.440672200976,-8.303417327243,1.4));
#589 = VECTOR('',#590,1.);
#590 = DIRECTION('',(0.85772861,0.514102744193,0.));
#591 = ORIENTED_EDGE('',*,*,#592,.F.);
#592 = EDGE_CURVE('',#593,#585,#595,.T.);
#593 = VERTEX_POINT('',#594);
#594 = CARTESIAN_POINT('',(64.254235177296,-8.391595472366,1.4));
#595 = LINE('',#596,#597);
#596 = CARTESIAN_POINT('',(64.254235177296,-8.391595472366,1.4));
#597 = VECTOR('',#598,1.);
#598 = DIRECTION('',(0.903989293123,0.42755509343,0.));
#599 = ORIENTED_EDGE('',*,*,#600,.F.);
#600 = EDGE_CURVE('',#601,#593,#603,.T.);
#601 = VERTEX_POINT('',#602);
#602 = CARTESIAN_POINT('',(64.060052929219,-8.461074991705,1.4));
#603 = LINE('',#604,#605);
#604 = CARTESIAN_POINT('',(64.060052929219,-8.461074991705,1.4));
#605 = VECTOR('',#606,1.);
#606 = DIRECTION('',(0.941544065183,0.336889853392,0.));
#607 = ORIENTED_EDGE('',*,*,#608,.F.);
#608 = EDGE_CURVE('',#609,#601,#611,.T.);
#609 = VERTEX_POINT('',#610);
#610 = CARTESIAN_POINT('',(63.859995537946,-8.511186759509,1.4));
#611 = LINE('',#612,#613);
#612 = CARTESIAN_POINT('',(63.859995537946,-8.511186759509,1.4));
#613 = VECTOR('',#614,1.);
#614 = DIRECTION('',(0.970031253195,0.242980179903,0.));
#615 = ORIENTED_EDGE('',*,*,#616,.F.);
#616 = EDGE_CURVE('',#617,#609,#619,.T.);
#617 = VERTEX_POINT('',#618);
#618 = CARTESIAN_POINT('',(63.655989665515,-8.54144817206,1.4));
#619 = LINE('',#620,#621);
#620 = CARTESIAN_POINT('',(63.655989665515,-8.54144817206,1.4));
#621 = VECTOR('',#622,1.);
#622 = DIRECTION('',(0.989176509965,0.146730474455,0.));
#623 = ORIENTED_EDGE('',*,*,#624,.F.);
#624 = EDGE_CURVE('',#625,#617,#627,.T.);
#625 = VERTEX_POINT('',#626);
#626 = CARTESIAN_POINT('',(63.481913208742,-8.55,1.4));
#627 = LINE('',#628,#629);
#628 = CARTESIAN_POINT('',(63.481913208742,-8.55,1.4));
#629 = VECTOR('',#630,1.);
#630 = DIRECTION('',(0.998795456205,4.906767432741E-02,0.));
#631 = ORIENTED_EDGE('',*,*,#632,.F.);
#632 = EDGE_CURVE('',#633,#625,#635,.T.);
#633 = VERTEX_POINT('',#634);
#634 = CARTESIAN_POINT('',(47.55,-8.55,1.4));
#635 = LINE('',#636,#637);
#636 = CARTESIAN_POINT('',(47.55,-8.55,1.4));
#637 = VECTOR('',#638,1.);
#638 = DIRECTION('',(1.,0.,0.));
#639 = ORIENTED_EDGE('',*,*,#640,.F.);
#640 = EDGE_CURVE('',#641,#633,#643,.T.);
#641 = VERTEX_POINT('',#642);
#642 = CARTESIAN_POINT('',(47.55,-10.23191320874,1.4));
#643 = LINE('',#644,#645);
#644 = CARTESIAN_POINT('',(47.55,-10.23191320874,1.4));
#645 = VECTOR('',#646,1.);
#646 = DIRECTION('',(0.,1.,0.));
#647 = ORIENTED_EDGE('',*,*,#648,.F.);
#648 = EDGE_CURVE('',#649,#641,#651,.T.);
#649 = VERTEX_POINT('',#650);
#650 = CARTESIAN_POINT('',(47.54144817206,-10.40598966551,1.4));
#651 = LINE('',#652,#653);
#652 = CARTESIAN_POINT('',(47.54144817206,-10.40598966551,1.4));
#653 = VECTOR('',#654,1.);
#654 = DIRECTION('',(4.906767432744E-02,0.998795456205,0.));
#655 = ORIENTED_EDGE('',*,*,#656,.F.);
#656 = EDGE_CURVE('',#657,#649,#659,.T.);
#657 = VERTEX_POINT('',#658);
#658 = CARTESIAN_POINT('',(47.511186759509,-10.60999553794,1.4));
#659 = LINE('',#660,#661);
#660 = CARTESIAN_POINT('',(47.511186759509,-10.60999553794,1.4));
#661 = VECTOR('',#662,1.);
#662 = DIRECTION('',(0.146730474455,0.989176509965,0.));
#663 = ORIENTED_EDGE('',*,*,#664,.F.);
#664 = EDGE_CURVE('',#665,#657,#667,.T.);
#665 = VERTEX_POINT('',#666);
#666 = CARTESIAN_POINT('',(47.461074991705,-10.81005292922,1.4));
#667 = LINE('',#668,#669);
#668 = CARTESIAN_POINT('',(47.461074991705,-10.81005292922,1.4));
#669 = VECTOR('',#670,1.);
#670 = DIRECTION('',(0.242980179903,0.970031253195,0.));
#671 = ORIENTED_EDGE('',*,*,#672,.F.);
#672 = EDGE_CURVE('',#673,#665,#675,.T.);
#673 = VERTEX_POINT('',#674);
#674 = CARTESIAN_POINT('',(47.391595472366,-11.00423517729,1.4));
#675 = LINE('',#676,#677);
#676 = CARTESIAN_POINT('',(47.391595472366,-11.00423517729,1.4));
#677 = VECTOR('',#678,1.);
#678 = DIRECTION('',(0.336889853392,0.941544065183,0.));
#679 = ORIENTED_EDGE('',*,*,#680,.F.);
#680 = EDGE_CURVE('',#681,#673,#683,.T.);
#681 = VERTEX_POINT('',#682);
#682 = CARTESIAN_POINT('',(47.303417327243,-11.19067220097,1.4));
#683 = LINE('',#684,#685);
#684 = CARTESIAN_POINT('',(47.303417327243,-11.19067220097,1.4));
#685 = VECTOR('',#686,1.);
#686 = DIRECTION('',(0.42755509343,0.903989293123,0.));
#687 = ORIENTED_EDGE('',*,*,#688,.F.);
#688 = EDGE_CURVE('',#689,#681,#691,.T.);
#689 = VERTEX_POINT('',#690);
#690 = CARTESIAN_POINT('',(47.197389760078,-11.3675685098,1.4));
#691 = LINE('',#692,#693);
#692 = CARTESIAN_POINT('',(47.197389760078,-11.3675685098,1.4));
#693 = VECTOR('',#694,1.);
#694 = DIRECTION('',(0.514102744193,0.85772861,0.));
#695 = ORIENTED_EDGE('',*,*,#696,.F.);
#696 = EDGE_CURVE('',#697,#689,#699,.T.);
#697 = VERTEX_POINT('',#698);
#698 = CARTESIAN_POINT('',(47.074533874304,-11.53322049562,1.4));
#699 = LINE('',#700,#701);
#700 = CARTESIAN_POINT('',(47.074533874304,-11.53322049562,1.4));
#701 = VECTOR('',#702,1.);
#702 = DIRECTION('',(0.595699304492,0.803207531481,0.));
#703 = ORIENTED_EDGE('',*,*,#704,.F.);
#704 = EDGE_CURVE('',#705,#697,#707,.T.);
#705 = VERTEX_POINT('',#706);
#706 = CARTESIAN_POINT('',(46.936032839259,-11.68603283925,1.4));
#707 = LINE('',#708,#709);
#708 = CARTESIAN_POINT('',(46.936032839259,-11.68603283925,1.4));
#709 = VECTOR('',#710,1.);
#710 = DIRECTION('',(0.671558954847,0.740951125355,0.));
#711 = ORIENTED_EDGE('',*,*,#712,.F.);
#712 = EDGE_CURVE('',#713,#705,#715,.T.);
#713 = VERTEX_POINT('',#714);
#714 = CARTESIAN_POINT('',(46.783220495624,-11.8245338743,1.4));
#715 = LINE('',#716,#717);
#716 = CARTESIAN_POINT('',(46.783220495624,-11.8245338743,1.4));
#717 = VECTOR('',#718,1.);
#718 = DIRECTION('',(0.740951125355,0.671558954847,0.));
#719 = ORIENTED_EDGE('',*,*,#720,.F.);
#720 = EDGE_CURVE('',#721,#713,#723,.T.);
#721 = VERTEX_POINT('',#722);
#722 = CARTESIAN_POINT('',(46.617568509803,-11.94738976007,1.4));
#723 = LINE('',#724,#725);
#724 = CARTESIAN_POINT('',(46.617568509803,-11.94738976007,1.4));
#725 = VECTOR('',#726,1.);
#726 = DIRECTION('',(0.803207531481,0.595699304492,0.));
#727 = ORIENTED_EDGE('',*,*,#728,.F.);
#728 = EDGE_CURVE('',#729,#721,#731,.T.);
#729 = VERTEX_POINT('',#730);
#730 = CARTESIAN_POINT('',(46.440672200976,-12.05341732724,1.4));
#731 = LINE('',#732,#733);
#732 = CARTESIAN_POINT('',(46.440672200976,-12.05341732724,1.4));
#733 = VECTOR('',#734,1.);
#734 = DIRECTION('',(0.85772861,0.514102744193,0.));
#735 = ORIENTED_EDGE('',*,*,#736,.F.);
#736 = EDGE_CURVE('',#737,#729,#739,.T.);
#737 = VERTEX_POINT('',#738);
#738 = CARTESIAN_POINT('',(46.254235177296,-12.14159547236,1.4));
#739 = LINE('',#740,#741);
#740 = CARTESIAN_POINT('',(46.254235177296,-12.14159547236,1.4));
#741 = VECTOR('',#742,1.);
#742 = DIRECTION('',(0.903989293123,0.42755509343,0.));
#743 = ORIENTED_EDGE('',*,*,#744,.F.);
#744 = EDGE_CURVE('',#745,#737,#747,.T.);
#745 = VERTEX_POINT('',#746);
#746 = CARTESIAN_POINT('',(46.060052929219,-12.2110749917,1.4));
#747 = LINE('',#748,#749);
#748 = CARTESIAN_POINT('',(46.060052929219,-12.2110749917,1.4));
#749 = VECTOR('',#750,1.);
#750 = DIRECTION('',(0.941544065183,0.336889853392,0.));
#751 = ORIENTED_EDGE('',*,*,#752,.F.);
#752 = EDGE_CURVE('',#753,#745,#755,.T.);
#753 = VERTEX_POINT('',#754);
#754 = CARTESIAN_POINT('',(45.859995537946,-12.2611867595,1.4));
#755 = LINE('',#756,#757);
#756 = CARTESIAN_POINT('',(45.859995537946,-12.2611867595,1.4));
#757 = VECTOR('',#758,1.);
#758 = DIRECTION('',(0.970031253195,0.242980179903,0.));
#759 = ORIENTED_EDGE('',*,*,#760,.F.);
#760 = EDGE_CURVE('',#761,#753,#763,.T.);
#761 = VERTEX_POINT('',#762);
#762 = CARTESIAN_POINT('',(45.655989665515,-12.29144817206,1.4));
#763 = LINE('',#764,#765);
#764 = CARTESIAN_POINT('',(45.655989665515,-12.29144817206,1.4));
#765 = VECTOR('',#766,1.);
#766 = DIRECTION('',(0.989176509965,0.146730474455,0.));
#767 = ORIENTED_EDGE('',*,*,#768,.F.);
#768 = EDGE_CURVE('',#769,#761,#771,.T.);
#769 = VERTEX_POINT('',#770);
#770 = CARTESIAN_POINT('',(45.481913208742,-12.3,1.4));
#771 = LINE('',#772,#773);
#772 = CARTESIAN_POINT('',(45.481913208742,-12.3,1.4));
#773 = VECTOR('',#774,1.);
#774 = DIRECTION('',(0.998795456205,4.906767432741E-02,0.));
#775 = ORIENTED_EDGE('',*,*,#776,.F.);
#776 = EDGE_CURVE('',#777,#769,#779,.T.);
#777 = VERTEX_POINT('',#778);
#778 = CARTESIAN_POINT('',(26.3,-12.3,1.4));
#779 = LINE('',#780,#781);
#780 = CARTESIAN_POINT('',(26.3,-12.3,1.4));
#781 = VECTOR('',#782,1.);
#782 = DIRECTION('',(1.,0.,0.));
#783 = ORIENTED_EDGE('',*,*,#784,.F.);
#784 = EDGE_CURVE('',#785,#777,#787,.T.);
#785 = VERTEX_POINT('',#786);
#786 = CARTESIAN_POINT('',(26.3,-51.08754562104,1.4));
#787 = LINE('',#788,#789);
#788 = CARTESIAN_POINT('',(26.3,-79.63607557398,1.4));
#789 = VECTOR('',#790,1.);
#790 = DIRECTION('',(0.,1.,0.));
#791 = ORIENTED_EDGE('',*,*,#792,.F.);
#792 = EDGE_CURVE('',#793,#785,#795,.T.);
#793 = VERTEX_POINT('',#794);
#794 = CARTESIAN_POINT('',(28.85,-52.8,1.4));
#795 = CIRCLE('',#796,1.85);
#796 = AXIS2_PLACEMENT_3D('',#797,#798,#799);
#797 = CARTESIAN_POINT('',(27.,-52.8,1.4));
#798 = DIRECTION('',(0.,0.,1.));
#799 = DIRECTION('',(1.,0.,0.));
#800 = ORIENTED_EDGE('',*,*,#801,.F.);
#801 = EDGE_CURVE('',#802,#793,#804,.T.);
#802 = VERTEX_POINT('',#803);
#803 = CARTESIAN_POINT('',(26.3,-54.51245437895,1.4));
#804 = CIRCLE('',#805,1.85);
#805 = AXIS2_PLACEMENT_3D('',#806,#807,#808);
#806 = CARTESIAN_POINT('',(27.,-52.8,1.4));
#807 = DIRECTION('',(0.,0.,1.));
#808 = DIRECTION('',(1.,0.,0.));
#809 = ORIENTED_EDGE('',*,*,#810,.F.);
#810 = EDGE_CURVE('',#811,#802,#813,.T.);
#811 = VERTEX_POINT('',#812);
#812 = CARTESIAN_POINT('',(26.3,-79.63607557398,1.4));
#813 = LINE('',#814,#815);
#814 = CARTESIAN_POINT('',(26.3,-79.63607557398,1.4));
#815 = VECTOR('',#816,1.);
#816 = DIRECTION('',(0.,1.,0.));
#817 = ORIENTED_EDGE('',*,*,#818,.F.);
#818 = EDGE_CURVE('',#819,#811,#821,.T.);
#819 = VERTEX_POINT('',#820);
#820 = CARTESIAN_POINT('',(32.945874046639,-93.88819845983,1.4));
#821 = LINE('',#822,#823);
#822 = CARTESIAN_POINT('',(32.945874046639,-93.88819845983,1.4));
#823 = VECTOR('',#824,1.);
#824 = DIRECTION('',(-0.422618261741,0.906307787037,0.));
#825 = ORIENTED_EDGE('',*,*,#826,.F.);
#826 = EDGE_CURVE('',#827,#819,#829,.T.);
#827 = VERTEX_POINT('',#828);
#828 = CARTESIAN_POINT('',(33.136896094807,-93.80021718218,1.4));
#829 = LINE('',#830,#831);
#830 = CARTESIAN_POINT('',(33.136896094807,-93.80021718218,1.4));
#831 = VECTOR('',#832,1.);
#832 = DIRECTION('',(-0.908289719663,-0.418341708601,0.));
#833 = ORIENTED_EDGE('',*,*,#834,.F.);
#834 = EDGE_CURVE('',#835,#827,#837,.T.);
#835 = VERTEX_POINT('',#836);
#836 = CARTESIAN_POINT('',(33.352073770472,-93.70160211589,1.4));
#837 = LINE('',#838,#839);
#838 = CARTESIAN_POINT('',(33.352073770472,-93.70160211589,1.4));
#839 = VECTOR('',#840,1.);
#840 = DIRECTION('',(-0.909077680171,-0.41662665711,0.));
#841 = ORIENTED_EDGE('',*,*,#842,.F.);
#842 = EDGE_CURVE('',#843,#835,#845,.T.);
#843 = VERTEX_POINT('',#844);
#844 = CARTESIAN_POINT('',(33.567405105197,-93.60340828288,1.4));
#845 = LINE('',#846,#847);
#846 = CARTESIAN_POINT('',(33.567405105197,-93.60340828288,1.4));
#847 = VECTOR('',#848,1.);
#848 = DIRECTION('',(-0.909862881706,-0.414909070151,0.));
#849 = ORIENTED_EDGE('',*,*,#850,.F.);
#850 = EDGE_CURVE('',#851,#843,#853,.T.);
#851 = VERTEX_POINT('',#852);
#852 = CARTESIAN_POINT('',(33.782889549318,-93.5056360886,1.4));
#853 = LINE('',#854,#855);
#854 = CARTESIAN_POINT('',(33.782889549318,-93.5056360886,1.4));
#855 = VECTOR('',#856,1.);
#856 = DIRECTION('',(-0.910645316806,-0.413188948278,0.));
#857 = ORIENTED_EDGE('',*,*,#858,.F.);
#858 = EDGE_CURVE('',#859,#851,#861,.T.);
#859 = VERTEX_POINT('',#860);
#860 = CARTESIAN_POINT('',(33.998526553076,-93.40828593854,1.4));
#861 = LINE('',#862,#863);
#862 = CARTESIAN_POINT('',(33.998526553076,-93.40828593854,1.4));
#863 = VECTOR('',#864,1.);
#864 = DIRECTION('',(-0.911424977979,-0.411466292078,0.));
#865 = ORIENTED_EDGE('',*,*,#866,.F.);
#866 = EDGE_CURVE('',#867,#859,#869,.T.);
#867 = VERTEX_POINT('',#868);
#868 = CARTESIAN_POINT('',(34.214315566709,-93.31135823824,1.4));
#869 = LINE('',#870,#871);
#870 = CARTESIAN_POINT('',(34.214315566709,-93.31135823824,1.4));
#871 = VECTOR('',#872,1.);
#872 = DIRECTION('',(-0.912201857701,-0.40974110217,0.));
#873 = ORIENTED_EDGE('',*,*,#874,.F.);
#874 = EDGE_CURVE('',#875,#867,#877,.T.);
#875 = VERTEX_POINT('',#876);
#876 = CARTESIAN_POINT('',(34.430256040396,-93.21485339325,1.4));
#877 = LINE('',#878,#879);
#878 = CARTESIAN_POINT('',(34.430256040396,-93.21485339325,1.4));
#879 = VECTOR('',#880,1.);
#880 = DIRECTION('',(-0.912975948415,-0.408013379213,0.));
#881 = ORIENTED_EDGE('',*,*,#882,.F.);
#882 = EDGE_CURVE('',#883,#875,#885,.T.);
#883 = VERTEX_POINT('',#884);
#884 = CARTESIAN_POINT('',(34.646347424262,-93.1187718092,1.4));
#885 = LINE('',#886,#887);
#886 = CARTESIAN_POINT('',(34.646347424262,-93.1187718092,1.4));
#887 = VECTOR('',#888,1.);
#888 = DIRECTION('',(-0.913747242533,-0.406283123897,0.));
#889 = ORIENTED_EDGE('',*,*,#890,.F.);
#890 = EDGE_CURVE('',#891,#883,#893,.T.);
#891 = VERTEX_POINT('',#892);
#892 = CARTESIAN_POINT('',(34.862589168391,-93.02311389174,1.4));
#893 = LINE('',#894,#895);
#894 = CARTESIAN_POINT('',(34.862589168391,-93.02311389174,1.4));
#895 = VECTOR('',#896,1.);
#896 = DIRECTION('',(-0.914515732437,-0.404550336949,0.));
#897 = ORIENTED_EDGE('',*,*,#898,.F.);
#898 = EDGE_CURVE('',#899,#891,#901,.T.);
#899 = VERTEX_POINT('',#900);
#900 = CARTESIAN_POINT('',(35.078980722831,-92.92788004656,1.4));
#901 = LINE('',#902,#903);
#902 = CARTESIAN_POINT('',(35.078980722831,-92.92788004656,1.4));
#903 = VECTOR('',#904,1.);
#904 = DIRECTION('',(-0.915281410475,-0.402815019134,0.));
#905 = ORIENTED_EDGE('',*,*,#906,.F.);
#906 = EDGE_CURVE('',#907,#899,#909,.T.);
#907 = VERTEX_POINT('',#908);
#908 = CARTESIAN_POINT('',(35.295521537558,-92.8330706794,1.4));
#909 = LINE('',#910,#911);
#910 = CARTESIAN_POINT('',(35.295521537558,-92.8330706794,1.4));
#911 = VECTOR('',#912,1.);
#912 = DIRECTION('',(-0.916044268964,-0.40107717125,0.));
#913 = ORIENTED_EDGE('',*,*,#914,.F.);
#914 = EDGE_CURVE('',#915,#907,#917,.T.);
#915 = VERTEX_POINT('',#916);
#916 = CARTESIAN_POINT('',(35.512211062521,-92.73868619603,1.4));
#917 = LINE('',#918,#919);
#918 = CARTESIAN_POINT('',(35.512211062521,-92.73868619603,1.4));
#919 = VECTOR('',#920,1.);
#920 = DIRECTION('',(-0.916804300192,-0.399336794134,0.));
#921 = ORIENTED_EDGE('',*,*,#922,.F.);
#922 = EDGE_CURVE('',#923,#915,#925,.T.);
#923 = VERTEX_POINT('',#924);
#924 = CARTESIAN_POINT('',(35.729048747608,-92.64472700228,1.4));
#925 = LINE('',#926,#927);
#926 = CARTESIAN_POINT('',(35.729048747608,-92.64472700228,1.4));
#927 = VECTOR('',#928,1.);
#928 = DIRECTION('',(-0.917561496414,-0.397593888659,0.));
#929 = ORIENTED_EDGE('',*,*,#930,.F.);
#930 = EDGE_CURVE('',#931,#923,#933,.T.);
#931 = VERTEX_POINT('',#932);
#932 = CARTESIAN_POINT('',(35.946034042671,-92.55119350399,1.4));
#933 = LINE('',#934,#935);
#934 = CARTESIAN_POINT('',(35.946034042671,-92.55119350399,1.4));
#935 = VECTOR('',#936,1.);
#936 = DIRECTION('',(-0.918315849852,-0.395848455738,0.));
#937 = ORIENTED_EDGE('',*,*,#938,.F.);
#938 = EDGE_CURVE('',#939,#931,#941,.T.);
#939 = VERTEX_POINT('',#940);
#940 = CARTESIAN_POINT('',(36.163166397495,-92.45808610707,1.4));
#941 = LINE('',#942,#943);
#942 = CARTESIAN_POINT('',(36.163166397495,-92.45808610707,1.4));
#943 = VECTOR('',#944,1.);
#944 = DIRECTION('',(-0.919067352701,-0.394100496319,0.));
#945 = ORIENTED_EDGE('',*,*,#946,.F.);
#946 = EDGE_CURVE('',#947,#939,#949,.T.);
#947 = VERTEX_POINT('',#948);
#948 = CARTESIAN_POINT('',(36.38044526184,-92.36540521745,1.4));
#949 = LINE('',#950,#951);
#950 = CARTESIAN_POINT('',(36.38044526184,-92.36540521745,1.4));
#951 = VECTOR('',#952,1.);
#952 = DIRECTION('',(-0.919815997122,-0.39235001139,0.));
#953 = ORIENTED_EDGE('',*,*,#954,.F.);
#954 = EDGE_CURVE('',#955,#947,#957,.T.);
#955 = VERTEX_POINT('',#956);
#956 = CARTESIAN_POINT('',(36.597870085387,-92.27315124111,1.4));
#957 = LINE('',#958,#959);
#958 = CARTESIAN_POINT('',(36.597870085387,-92.27315124111,1.4));
#959 = VECTOR('',#960,1.);
#960 = DIRECTION('',(-0.920561775247,-0.390597001977,0.));
#961 = ORIENTED_EDGE('',*,*,#962,.F.);
#962 = EDGE_CURVE('',#963,#955,#965,.T.);
#963 = VERTEX_POINT('',#964);
#964 = CARTESIAN_POINT('',(36.815440317768,-92.18132458408,1.4));
#965 = LINE('',#966,#967);
#966 = CARTESIAN_POINT('',(36.815440317768,-92.18132458408,1.4));
#967 = VECTOR('',#968,1.);
#968 = DIRECTION('',(-0.921304679177,-0.388841469146,0.));
#969 = ORIENTED_EDGE('',*,*,#970,.F.);
#970 = EDGE_CURVE('',#971,#963,#973,.T.);
#971 = VERTEX_POINT('',#972);
#972 = CARTESIAN_POINT('',(37.0331554086,-92.08992565239,1.4));
#973 = LINE('',#974,#975);
#974 = CARTESIAN_POINT('',(37.0331554086,-92.08992565239,1.4));
#975 = VECTOR('',#976,1.);
#976 = DIRECTION('',(-0.92204470098,-0.387083414001,0.));
#977 = ORIENTED_EDGE('',*,*,#978,.F.);
#978 = EDGE_CURVE('',#979,#971,#981,.T.);
#979 = VERTEX_POINT('',#980);
#980 = CARTESIAN_POINT('',(37.2510148074,-91.99895485215,1.4));
#981 = LINE('',#982,#983);
#982 = CARTESIAN_POINT('',(37.2510148074,-91.99895485215,1.4));
#983 = VECTOR('',#984,1.);
#984 = DIRECTION('',(-0.922781832697,-0.385322837689,0.));
#985 = ORIENTED_EDGE('',*,*,#986,.F.);
#986 = EDGE_CURVE('',#987,#979,#989,.T.);
#987 = VERTEX_POINT('',#988);
#988 = CARTESIAN_POINT('',(37.469017963663,-91.9084125895,1.4));
#989 = LINE('',#990,#991);
#990 = CARTESIAN_POINT('',(37.469017963663,-91.9084125895,1.4));
#991 = VECTOR('',#992,1.);
#992 = DIRECTION('',(-0.923516066337,-0.383559741394,0.));
#993 = ORIENTED_EDGE('',*,*,#994,.F.);
#994 = EDGE_CURVE('',#995,#987,#997,.T.);
#995 = VERTEX_POINT('',#996);
#996 = CARTESIAN_POINT('',(37.687164326827,-91.81829927061,1.4));
#997 = LINE('',#998,#999);
#998 = CARTESIAN_POINT('',(37.687164326827,-91.81829927061,1.4));
#999 = VECTOR('',#1000,1.);
#1000 = DIRECTION('',(-0.924247393878,-0.381794126342,0.));
#1001 = ORIENTED_EDGE('',*,*,#1002,.F.);
#1002 = EDGE_CURVE('',#1003,#995,#1005,.T.);
#1003 = VERTEX_POINT('',#1004);
#1004 = CARTESIAN_POINT('',(37.905453346253,-91.7286153017,1.4));
#1005 = LINE('',#1006,#1007);
#1006 = CARTESIAN_POINT('',(37.905453346253,-91.7286153017,1.4));
#1007 = VECTOR('',#1008,1.);
#1008 = DIRECTION('',(-0.924975807271,-0.3800259938,0.));
#1009 = ORIENTED_EDGE('',*,*,#1010,.F.);
#1010 = EDGE_CURVE('',#1011,#1003,#1013,.T.);
#1011 = VERTEX_POINT('',#1012);
#1012 = CARTESIAN_POINT('',(38.123884471286,-91.63936108901,1.4));
#1013 = LINE('',#1014,#1015);
#1014 = CARTESIAN_POINT('',(38.123884471286,-91.63936108901,1.4));
#1015 = VECTOR('',#1016,1.);
#1016 = DIRECTION('',(-0.925701298433,-0.378255345077,0.));
#1017 = ORIENTED_EDGE('',*,*,#1018,.F.);
#1018 = EDGE_CURVE('',#1019,#1011,#1021,.T.);
#1019 = VERTEX_POINT('',#1020);
#1020 = CARTESIAN_POINT('',(38.342457151192,-91.55053703884,1.4));
#1021 = LINE('',#1022,#1023);
#1022 = CARTESIAN_POINT('',(38.342457151192,-91.55053703884,1.4));
#1023 = VECTOR('',#1024,1.);
#1024 = DIRECTION('',(-0.926423859254,-0.376482181524,0.));
#1025 = ORIENTED_EDGE('',*,*,#1026,.F.);
#1026 = EDGE_CURVE('',#1027,#1019,#1029,.T.);
#1027 = VERTEX_POINT('',#1028);
#1028 = CARTESIAN_POINT('',(38.561170835172,-91.46214355753,1.4));
#1029 = LINE('',#1030,#1031);
#1030 = CARTESIAN_POINT('',(38.561170835172,-91.46214355753,1.4));
#1031 = VECTOR('',#1032,1.);
#1032 = DIRECTION('',(-0.927143481593,-0.374706504534,0.));
#1033 = ORIENTED_EDGE('',*,*,#1034,.F.);
#1034 = EDGE_CURVE('',#1035,#1027,#1037,.T.);
#1035 = VERTEX_POINT('',#1036);
#1036 = CARTESIAN_POINT('',(38.780024972396,-91.37418105143,1.4));
#1037 = LINE('',#1038,#1039);
#1038 = CARTESIAN_POINT('',(38.780024972396,-91.37418105143,1.4));
#1039 = VECTOR('',#1040,1.);
#1040 = DIRECTION('',(-0.92786015728,-0.372928315542,0.));
#1041 = ORIENTED_EDGE('',*,*,#1042,.F.);
#1042 = EDGE_CURVE('',#1043,#1035,#1045,.T.);
#1043 = VERTEX_POINT('',#1044);
#1044 = CARTESIAN_POINT('',(38.999019011966,-91.28664992695,1.4));
#1045 = LINE('',#1046,#1047);
#1046 = CARTESIAN_POINT('',(38.999019011966,-91.28664992695,1.4));
#1047 = VECTOR('',#1048,1.);
#1048 = DIRECTION('',(-0.928573878115,-0.371147616027,0.));
#1049 = ORIENTED_EDGE('',*,*,#1050,.F.);
#1050 = EDGE_CURVE('',#1051,#1043,#1053,.T.);
#1051 = VERTEX_POINT('',#1052);
#1052 = CARTESIAN_POINT('',(39.218152402925,-91.19955059054,1.4));
#1053 = LINE('',#1054,#1055);
#1054 = CARTESIAN_POINT('',(39.218152402925,-91.19955059054,1.4));
#1055 = VECTOR('',#1056,1.);
#1056 = DIRECTION('',(-0.92928463587,-0.369364407511,0.));
#1057 = ORIENTED_EDGE('',*,*,#1058,.F.);
#1058 = EDGE_CURVE('',#1059,#1051,#1061,.T.);
#1059 = VERTEX_POINT('',#1060);
#1060 = CARTESIAN_POINT('',(39.437424594271,-91.11288344869,1.4));
#1061 = LINE('',#1062,#1063);
#1062 = CARTESIAN_POINT('',(39.437424594271,-91.11288344869,1.4));
#1063 = VECTOR('',#1064,1.);
#1064 = DIRECTION('',(-0.929992422287,-0.36757869156,0.));
#1065 = ORIENTED_EDGE('',*,*,#1066,.F.);
#1066 = EDGE_CURVE('',#1067,#1059,#1069,.T.);
#1067 = VERTEX_POINT('',#1068);
#1068 = CARTESIAN_POINT('',(39.656835034921,-91.0266489079,1.4));
#1069 = LINE('',#1070,#1071);
#1070 = CARTESIAN_POINT('',(39.656835034921,-91.0266489079,1.4));
#1071 = VECTOR('',#1072,1.);
#1072 = DIRECTION('',(-0.930697229079,-0.365790469785,0.));
#1073 = ORIENTED_EDGE('',*,*,#1074,.F.);
#1074 = EDGE_CURVE('',#1075,#1067,#1077,.T.);
#1075 = VERTEX_POINT('',#1076);
#1076 = CARTESIAN_POINT('',(39.87638317376,-90.94084737474,1.4));
#1077 = LINE('',#1078,#1079);
#1078 = CARTESIAN_POINT('',(39.87638317376,-90.94084737474,1.4));
#1079 = VECTOR('',#1080,1.);
#1080 = DIRECTION('',(-0.93139904793,-0.36399974384,0.));
#1081 = ORIENTED_EDGE('',*,*,#1082,.F.);
#1082 = EDGE_CURVE('',#1083,#1075,#1085,.T.);
#1083 = VERTEX_POINT('',#1084);
#1084 = CARTESIAN_POINT('',(40.096068459585,-90.8554792558,1.4));
#1085 = LINE('',#1086,#1087);
#1086 = CARTESIAN_POINT('',(40.096068459585,-90.8554792558,1.4));
#1087 = VECTOR('',#1088,1.);
#1088 = DIRECTION('',(-0.932097870496,-0.362206515427,0.));
#1089 = ORIENTED_EDGE('',*,*,#1090,.F.);
#1090 = EDGE_CURVE('',#1091,#1083,#1093,.T.);
#1091 = VERTEX_POINT('',#1092);
#1092 = CARTESIAN_POINT('',(40.315890341173,-90.77054495771,1.4));
#1093 = LINE('',#1094,#1095);
#1094 = CARTESIAN_POINT('',(40.315890341173,-90.77054495771,1.4));
#1095 = VECTOR('',#1096,1.);
#1096 = DIRECTION('',(-0.932793688404,-0.36041078629,0.));
#1097 = ORIENTED_EDGE('',*,*,#1098,.F.);
#1098 = EDGE_CURVE('',#1099,#1091,#1101,.T.);
#1099 = VERTEX_POINT('',#1100);
#1100 = CARTESIAN_POINT('',(40.535848267192,-90.68604488715,1.4));
#1101 = LINE('',#1102,#1103);
#1102 = CARTESIAN_POINT('',(40.535848267192,-90.68604488715,1.4));
#1103 = VECTOR('',#1104,1.);
#1104 = DIRECTION('',(-0.933486493253,-0.358612558222,0.));
#1105 = ORIENTED_EDGE('',*,*,#1106,.F.);
#1106 = EDGE_CURVE('',#1107,#1099,#1109,.T.);
#1107 = VERTEX_POINT('',#1108);
#1108 = CARTESIAN_POINT('',(40.755941686295,-90.6019794508,1.4));
#1109 = LINE('',#1110,#1111);
#1110 = CARTESIAN_POINT('',(40.755941686295,-90.6019794508,1.4));
#1111 = VECTOR('',#1112,1.);
#1112 = DIRECTION('',(-0.934176276614,-0.35681183306,0.));
#1113 = ORIENTED_EDGE('',*,*,#1114,.F.);
#1114 = EDGE_CURVE('',#1115,#1107,#1117,.T.);
#1115 = VERTEX_POINT('',#1116);
#1116 = CARTESIAN_POINT('',(40.976170047055,-90.51834905542,1.4));
#1117 = LINE('',#1118,#1119);
#1118 = CARTESIAN_POINT('',(40.976170047055,-90.51834905542,1.4));
#1119 = VECTOR('',#1120,1.);
#1120 = DIRECTION('',(-0.93486303003,-0.355008612689,0.));
#1121 = ORIENTED_EDGE('',*,*,#1122,.F.);
#1122 = EDGE_CURVE('',#1123,#1115,#1125,.T.);
#1123 = VERTEX_POINT('',#1124);
#1124 = CARTESIAN_POINT('',(41.196532797975,-90.43515410778,1.4));
#1125 = LINE('',#1126,#1127);
#1126 = CARTESIAN_POINT('',(41.196532797975,-90.43515410778,1.4));
#1127 = VECTOR('',#1128,1.);
#1128 = DIRECTION('',(-0.935546745016,-0.353202899041,0.));
#1129 = ORIENTED_EDGE('',*,*,#1130,.F.);
#1130 = EDGE_CURVE('',#1131,#1123,#1133,.T.);
#1131 = VERTEX_POINT('',#1132);
#1132 = CARTESIAN_POINT('',(41.417029387492,-90.3523950147,1.4));
#1133 = LINE('',#1134,#1135);
#1134 = CARTESIAN_POINT('',(41.417029387492,-90.3523950147,1.4));
#1135 = VECTOR('',#1136,1.);
#1136 = DIRECTION('',(-0.936227413058,-0.351394694095,0.));
#1137 = ORIENTED_EDGE('',*,*,#1138,.F.);
#1138 = EDGE_CURVE('',#1139,#1131,#1141,.T.);
#1139 = VERTEX_POINT('',#1140);
#1140 = CARTESIAN_POINT('',(41.637659264022,-90.27007218302,1.4));
#1141 = LINE('',#1142,#1143);
#1142 = CARTESIAN_POINT('',(41.637659264022,-90.27007218302,1.4));
#1143 = VECTOR('',#1144,1.);
#1144 = DIRECTION('',(-0.936905025619,-0.349583999878,0.));
#1145 = ORIENTED_EDGE('',*,*,#1146,.F.);
#1146 = EDGE_CURVE('',#1147,#1139,#1149,.T.);
#1147 = VERTEX_POINT('',#1148);
#1148 = CARTESIAN_POINT('',(41.85842187587,-90.18818601962,1.4));
#1149 = LINE('',#1150,#1151);
#1150 = CARTESIAN_POINT('',(41.85842187587,-90.18818601962,1.4));
#1151 = VECTOR('',#1152,1.);
#1152 = DIRECTION('',(-0.937579574129,-0.347770818465,0.));
#1153 = ORIENTED_EDGE('',*,*,#1154,.F.);
#1154 = EDGE_CURVE('',#1155,#1147,#1157,.T.);
#1155 = VERTEX_POINT('',#1156);
#1156 = CARTESIAN_POINT('',(42.079316671298,-90.10673693142,1.4));
#1157 = LINE('',#1158,#1159);
#1158 = CARTESIAN_POINT('',(42.079316671298,-90.10673693142,1.4));
#1159 = VECTOR('',#1160,1.);
#1160 = DIRECTION('',(-0.938251049995,-0.345955151982,0.));
#1161 = ORIENTED_EDGE('',*,*,#1162,.F.);
#1162 = EDGE_CURVE('',#1163,#1155,#1165,.T.);
#1163 = VERTEX_POINT('',#1164);
#1164 = CARTESIAN_POINT('',(42.3003430985,-90.02572532537,1.4));
#1165 = LINE('',#1166,#1167);
#1166 = CARTESIAN_POINT('',(42.3003430985,-90.02572532537,1.4));
#1167 = VECTOR('',#1168,1.);
#1168 = DIRECTION('',(-0.938919444596,-0.3441370026,0.));
#1169 = ORIENTED_EDGE('',*,*,#1170,.F.);
#1170 = EDGE_CURVE('',#1171,#1163,#1173,.T.);
#1171 = VERTEX_POINT('',#1172);
#1172 = CARTESIAN_POINT('',(42.521500605615,-89.94515160847,1.4));
#1173 = LINE('',#1174,#1175);
#1174 = CARTESIAN_POINT('',(42.521500605615,-89.94515160847,1.4));
#1175 = VECTOR('',#1176,1.);
#1176 = DIRECTION('',(-0.939584749285,-0.342316372544,0.));
#1177 = ORIENTED_EDGE('',*,*,#1178,.F.);
#1178 = EDGE_CURVE('',#1179,#1171,#1181,.T.);
#1179 = VERTEX_POINT('',#1180);
#1180 = CARTESIAN_POINT('',(42.742788640702,-89.86501618773,1.4));
#1181 = LINE('',#1182,#1183);
#1182 = CARTESIAN_POINT('',(42.742788640702,-89.86501618773,1.4));
#1183 = VECTOR('',#1184,1.);
#1184 = DIRECTION('',(-0.940246955386,-0.340493264086,0.));
#1185 = ORIENTED_EDGE('',*,*,#1186,.F.);
#1186 = EDGE_CURVE('',#1187,#1179,#1189,.T.);
#1187 = VERTEX_POINT('',#1188);
#1188 = CARTESIAN_POINT('',(42.964206651767,-89.7853194702,1.4));
#1189 = LINE('',#1190,#1191);
#1190 = CARTESIAN_POINT('',(42.964206651767,-89.7853194702,1.4));
#1191 = VECTOR('',#1192,1.);
#1192 = DIRECTION('',(-0.940906054199,-0.338667679549,0.));
#1193 = ORIENTED_EDGE('',*,*,#1194,.F.);
#1194 = EDGE_CURVE('',#1195,#1187,#1197,.T.);
#1195 = VERTEX_POINT('',#1196);
#1196 = CARTESIAN_POINT('',(43.185754086728,-89.70606186299,1.4));
#1197 = LINE('',#1198,#1199);
#1198 = CARTESIAN_POINT('',(43.185754086728,-89.70606186299,1.4));
#1199 = VECTOR('',#1200,1.);
#1200 = DIRECTION('',(-0.941562036999,-0.336839621307,0.));
#1201 = ORIENTED_EDGE('',*,*,#1202,.F.);
#1202 = EDGE_CURVE('',#1203,#1195,#1205,.T.);
#1203 = VERTEX_POINT('',#1204);
#1204 = CARTESIAN_POINT('',(43.407430393475,-89.62724377321,1.4));
#1205 = LINE('',#1206,#1207);
#1206 = CARTESIAN_POINT('',(43.407430393475,-89.62724377321,1.4));
#1207 = VECTOR('',#1208,1.);
#1208 = DIRECTION('',(-0.942214895033,-0.335009091785,0.));
#1209 = ORIENTED_EDGE('',*,*,#1210,.F.);
#1210 = EDGE_CURVE('',#1211,#1203,#1213,.T.);
#1211 = VERTEX_POINT('',#1212);
#1212 = CARTESIAN_POINT('',(43.6292350198,-89.54886560801,1.4));
#1213 = LINE('',#1214,#1215);
#1214 = CARTESIAN_POINT('',(43.6292350198,-89.54886560801,1.4));
#1215 = VECTOR('',#1216,1.);
#1216 = DIRECTION('',(-0.942864619522,-0.33317609346,0.));
#1217 = ORIENTED_EDGE('',*,*,#1218,.F.);
#1218 = EDGE_CURVE('',#1219,#1211,#1221,.T.);
#1219 = VERTEX_POINT('',#1220);
#1220 = CARTESIAN_POINT('',(43.851167413427,-89.47092777458,1.4));
#1221 = LINE('',#1222,#1223);
#1222 = CARTESIAN_POINT('',(43.851167413427,-89.47092777458,1.4));
#1223 = VECTOR('',#1224,1.);
#1224 = DIRECTION('',(-0.943511201665,-0.33134062886,0.));
#1225 = ORIENTED_EDGE('',*,*,#1226,.F.);
#1226 = EDGE_CURVE('',#1227,#1219,#1229,.T.);
#1227 = VERTEX_POINT('',#1228);
#1228 = CARTESIAN_POINT('',(44.073227022025,-89.39343068015,1.4));
#1229 = LINE('',#1230,#1231);
#1230 = CARTESIAN_POINT('',(44.073227022025,-89.39343068015,1.4));
#1231 = VECTOR('',#1232,1.);
#1232 = DIRECTION('',(-0.944154632632,-0.329502700566,0.));
#1233 = ORIENTED_EDGE('',*,*,#1234,.F.);
#1234 = EDGE_CURVE('',#1235,#1227,#1237,.T.);
#1235 = VERTEX_POINT('',#1236);
#1236 = CARTESIAN_POINT('',(44.295413293198,-89.31637473197,1.4));
#1237 = LINE('',#1238,#1239);
#1238 = CARTESIAN_POINT('',(44.295413293198,-89.31637473197,1.4));
#1239 = VECTOR('',#1240,1.);
#1240 = DIRECTION('',(-0.94479490357,-0.327662311212,0.));
#1241 = ORIENTED_EDGE('',*,*,#1242,.F.);
#1242 = EDGE_CURVE('',#1243,#1235,#1245,.T.);
#1243 = VERTEX_POINT('',#1244);
#1244 = CARTESIAN_POINT('',(44.517725674453,-89.23976033733,1.4));
#1245 = LINE('',#1246,#1247);
#1246 = CARTESIAN_POINT('',(44.517725674453,-89.23976033733,1.4));
#1247 = VECTOR('',#1248,1.);
#1248 = DIRECTION('',(-0.945432005601,-0.325819463485,0.));
#1249 = ORIENTED_EDGE('',*,*,#1250,.F.);
#1250 = EDGE_CURVE('',#1251,#1243,#1253,.T.);
#1251 = VERTEX_POINT('',#1252);
#1252 = CARTESIAN_POINT('',(44.740163613256,-89.16358790353,1.4));
#1253 = LINE('',#1254,#1255);
#1254 = CARTESIAN_POINT('',(44.740163613256,-89.16358790353,1.4));
#1255 = VECTOR('',#1256,1.);
#1256 = DIRECTION('',(-0.946065929823,-0.323974160125,0.));
#1257 = ORIENTED_EDGE('',*,*,#1258,.F.);
#1258 = EDGE_CURVE('',#1259,#1251,#1261,.T.);
#1259 = VERTEX_POINT('',#1260);
#1260 = CARTESIAN_POINT('',(44.962726557,-89.08785783794,1.4));
#1261 = LINE('',#1262,#1263);
#1262 = CARTESIAN_POINT('',(44.962726557,-89.08785783794,1.4));
#1263 = VECTOR('',#1264,1.);
#1264 = DIRECTION('',(-0.946696667309,-0.322126403926,0.));
#1265 = ORIENTED_EDGE('',*,*,#1266,.F.);
#1266 = EDGE_CURVE('',#1267,#1259,#1269,.T.);
#1267 = VERTEX_POINT('',#1268);
#1268 = CARTESIAN_POINT('',(45.185413952986,-89.01257054792,1.4));
#1269 = LINE('',#1270,#1271);
#1270 = CARTESIAN_POINT('',(45.185413952986,-89.01257054792,1.4));
#1271 = VECTOR('',#1272,1.);
#1272 = DIRECTION('',(-0.947324209108,-0.320276197737,0.));
#1273 = ORIENTED_EDGE('',*,*,#1274,.F.);
#1274 = EDGE_CURVE('',#1275,#1267,#1277,.T.);
#1275 = VERTEX_POINT('',#1276);
#1276 = CARTESIAN_POINT('',(45.408225248464,-88.93772644089,1.4));
#1277 = LINE('',#1278,#1279);
#1278 = CARTESIAN_POINT('',(45.408225248464,-88.93772644089,1.4));
#1279 = VECTOR('',#1280,1.);
#1280 = DIRECTION('',(-0.947948546247,-0.318423544463,0.));
#1281 = ORIENTED_EDGE('',*,*,#1282,.F.);
#1282 = EDGE_CURVE('',#1283,#1275,#1285,.T.);
#1283 = VERTEX_POINT('',#1284);
#1284 = CARTESIAN_POINT('',(45.631159890607,-88.86332592429,1.4));
#1285 = LINE('',#1286,#1287);
#1286 = CARTESIAN_POINT('',(45.631159890607,-88.86332592429,1.4));
#1287 = VECTOR('',#1288,1.);
#1288 = DIRECTION('',(-0.948569669727,-0.31656844706,0.));
#1289 = ORIENTED_EDGE('',*,*,#1290,.F.);
#1290 = EDGE_CURVE('',#1291,#1283,#1293,.T.);
#1291 = VERTEX_POINT('',#1292);
#1292 = CARTESIAN_POINT('',(45.854217326505,-88.78936940559,1.4));
#1293 = LINE('',#1294,#1295);
#1294 = CARTESIAN_POINT('',(45.854217326505,-88.78936940559,1.4));
#1295 = VECTOR('',#1296,1.);
#1296 = DIRECTION('',(-0.949187570527,-0.314710908544,0.));
#1297 = ORIENTED_EDGE('',*,*,#1298,.F.);
#1298 = EDGE_CURVE('',#1299,#1291,#1301,.T.);
#1299 = VERTEX_POINT('',#1300);
#1300 = CARTESIAN_POINT('',(46.077397003192,-88.71585729229,1.4));
#1301 = LINE('',#1302,#1303);
#1302 = CARTESIAN_POINT('',(46.077397003192,-88.71585729229,1.4));
#1303 = VECTOR('',#1304,1.);
#1304 = DIRECTION('',(-0.949802239603,-0.312850931986,0.));
#1305 = ORIENTED_EDGE('',*,*,#1306,.F.);
#1306 = EDGE_CURVE('',#1307,#1299,#1309,.T.);
#1307 = VERTEX_POINT('',#1308);
#1308 = CARTESIAN_POINT('',(46.30069836761,-88.64278999192,1.4));
#1309 = LINE('',#1310,#1311);
#1310 = CARTESIAN_POINT('',(46.30069836761,-88.64278999192,1.4));
#1311 = VECTOR('',#1312,1.);
#1312 = DIRECTION('',(-0.950413667889,-0.310988520511,0.));
#1313 = ORIENTED_EDGE('',*,*,#1314,.F.);
#1314 = EDGE_CURVE('',#1315,#1307,#1317,.T.);
#1315 = VERTEX_POINT('',#1316);
#1316 = CARTESIAN_POINT('',(46.524120866654,-88.57016791203,1.4));
#1317 = LINE('',#1318,#1319);
#1318 = CARTESIAN_POINT('',(46.524120866654,-88.57016791203,1.4));
#1319 = VECTOR('',#1320,1.);
#1320 = DIRECTION('',(-0.951021846295,-0.309123677303,0.));
#1321 = ORIENTED_EDGE('',*,*,#1322,.F.);
#1322 = EDGE_CURVE('',#1323,#1315,#1325,.T.);
#1323 = VERTEX_POINT('',#1324);
#1324 = CARTESIAN_POINT('',(46.747663947102,-88.49799146022,1.4));
#1325 = LINE('',#1326,#1327);
#1326 = CARTESIAN_POINT('',(46.747663947102,-88.49799146022,1.4));
#1327 = VECTOR('',#1328,1.);
#1328 = DIRECTION('',(-0.95162676571,-0.307256405603,0.));
#1329 = ORIENTED_EDGE('',*,*,#1330,.F.);
#1330 = EDGE_CURVE('',#1331,#1323,#1333,.T.);
#1331 = VERTEX_POINT('',#1332);
#1332 = CARTESIAN_POINT('',(46.9713270557,-88.4262610441,1.4));
#1333 = LINE('',#1334,#1335);
#1334 = CARTESIAN_POINT('',(46.9713270557,-88.4262610441,1.4));
#1335 = VECTOR('',#1336,1.);
#1336 = DIRECTION('',(-0.952228417001,-0.305386708709,0.));
#1337 = ORIENTED_EDGE('',*,*,#1338,.F.);
#1338 = EDGE_CURVE('',#1339,#1331,#1341,.T.);
#1339 = VERTEX_POINT('',#1340);
#1340 = CARTESIAN_POINT('',(47.195109639103,-88.35497707131,1.4));
#1341 = LINE('',#1342,#1343);
#1342 = CARTESIAN_POINT('',(47.195109639103,-88.35497707131,1.4));
#1343 = VECTOR('',#1344,1.);
#1344 = DIRECTION('',(-0.952826791012,-0.303514589977,0.));
#1345 = ORIENTED_EDGE('',*,*,#1346,.F.);
#1346 = EDGE_CURVE('',#1347,#1339,#1349,.T.);
#1347 = VERTEX_POINT('',#1348);
#1348 = CARTESIAN_POINT('',(47.419011143874,-88.28413994952,1.4));
#1349 = LINE('',#1350,#1351);
#1350 = CARTESIAN_POINT('',(47.419011143874,-88.28413994952,1.4));
#1351 = VECTOR('',#1352,1.);
#1352 = DIRECTION('',(-0.953421878569,-0.301640052822,0.));
#1353 = ORIENTED_EDGE('',*,*,#1354,.F.);
#1354 = EDGE_CURVE('',#1355,#1347,#1357,.T.);
#1355 = VERTEX_POINT('',#1356);
#1356 = CARTESIAN_POINT('',(47.643031016515,-88.21375008644,1.4));
#1357 = LINE('',#1358,#1359);
#1358 = CARTESIAN_POINT('',(47.643031016515,-88.21375008644,1.4));
#1359 = VECTOR('',#1360,1.);
#1360 = DIRECTION('',(-0.954013670473,-0.299763100717,0.));
#1361 = ORIENTED_EDGE('',*,*,#1362,.F.);
#1362 = EDGE_CURVE('',#1363,#1355,#1365,.T.);
#1363 = VERTEX_POINT('',#1364);
#1364 = CARTESIAN_POINT('',(47.867168703465,-88.14380788978,1.4));
#1365 = LINE('',#1366,#1367);
#1366 = CARTESIAN_POINT('',(47.867168703465,-88.14380788978,1.4));
#1367 = VECTOR('',#1368,1.);
#1368 = DIRECTION('',(-0.954602157506,-0.297883737194,0.));
#1369 = ORIENTED_EDGE('',*,*,#1370,.F.);
#1370 = EDGE_CURVE('',#1371,#1363,#1373,.T.);
#1371 = VERTEX_POINT('',#1372);
#1372 = CARTESIAN_POINT('',(48.09142365104,-88.0743137673,1.4));
#1373 = LINE('',#1374,#1375);
#1374 = CARTESIAN_POINT('',(48.09142365104,-88.0743137673,1.4));
#1375 = VECTOR('',#1376,1.);
#1376 = DIRECTION('',(-0.95518733043,-0.296001965847,0.));
#1377 = ORIENTED_EDGE('',*,*,#1378,.F.);
#1378 = EDGE_CURVE('',#1379,#1371,#1381,.T.);
#1379 = VERTEX_POINT('',#1380);
#1380 = CARTESIAN_POINT('',(48.315795305539,-88.00526812676,1.4));
#1381 = LINE('',#1382,#1383);
#1382 = CARTESIAN_POINT('',(48.315795305539,-88.00526812676,1.4));
#1383 = VECTOR('',#1384,1.);
#1384 = DIRECTION('',(-0.955769179987,-0.294117790326,0.));
#1385 = ORIENTED_EDGE('',*,*,#1386,.F.);
#1386 = EDGE_CURVE('',#1387,#1379,#1389,.T.);
#1387 = VERTEX_POINT('',#1388);
#1388 = CARTESIAN_POINT('',(48.540283113115,-87.93667137599,1.4));
#1389 = LINE('',#1390,#1391);
#1390 = CARTESIAN_POINT('',(48.540283113115,-87.93667137599,1.4));
#1391 = VECTOR('',#1392,1.);
#1392 = DIRECTION('',(-0.956347696898,-0.292231214345,0.));
#1393 = ORIENTED_EDGE('',*,*,#1394,.F.);
#1394 = EDGE_CURVE('',#1395,#1387,#1397,.T.);
#1395 = VERTEX_POINT('',#1396);
#1396 = CARTESIAN_POINT('',(48.7648865199,-87.86852392281,1.4));
#1397 = LINE('',#1398,#1399);
#1398 = CARTESIAN_POINT('',(48.7648865199,-87.86852392281,1.4));
#1399 = VECTOR('',#1400,1.);
#1400 = DIRECTION('',(-0.956922871865,-0.290342241676,0.));
#1401 = ORIENTED_EDGE('',*,*,#1402,.F.);
#1402 = EDGE_CURVE('',#1403,#1395,#1405,.T.);
#1403 = VERTEX_POINT('',#1404);
#1404 = CARTESIAN_POINT('',(48.989604971924,-87.80082617506,1.4));
#1405 = LINE('',#1406,#1407);
#1406 = CARTESIAN_POINT('',(48.989604971924,-87.80082617506,1.4));
#1407 = VECTOR('',#1408,1.);
#1408 = DIRECTION('',(-0.957494695571,-0.288450876154,0.));
#1409 = ORIENTED_EDGE('',*,*,#1410,.F.);
#1410 = EDGE_CURVE('',#1411,#1403,#1413,.T.);
#1411 = VERTEX_POINT('',#1412);
#1412 = CARTESIAN_POINT('',(49.214437915126,-87.73357854062,1.4));
#1413 = LINE('',#1414,#1415);
#1414 = CARTESIAN_POINT('',(49.214437915126,-87.73357854062,1.4));
#1415 = VECTOR('',#1416,1.);
#1416 = DIRECTION('',(-0.958063158679,-0.286557121675,0.));
#1417 = ORIENTED_EDGE('',*,*,#1418,.F.);
#1418 = EDGE_CURVE('',#1419,#1411,#1421,.T.);
#1419 = VERTEX_POINT('',#1420);
#1420 = CARTESIAN_POINT('',(49.439384795363,-87.6667814274,1.4));
#1421 = LINE('',#1422,#1423);
#1422 = CARTESIAN_POINT('',(49.439384795363,-87.6667814274,1.4));
#1423 = VECTOR('',#1424,1.);
#1424 = DIRECTION('',(-0.958628251834,-0.284660982196,0.));
#1425 = ORIENTED_EDGE('',*,*,#1426,.F.);
#1426 = EDGE_CURVE('',#1427,#1419,#1429,.T.);
#1427 = VERTEX_POINT('',#1428);
#1428 = CARTESIAN_POINT('',(49.664445058452,-87.60043524332,1.4));
#1429 = LINE('',#1430,#1431);
#1430 = CARTESIAN_POINT('',(49.664445058452,-87.60043524332,1.4));
#1431 = VECTOR('',#1432,1.);
#1432 = DIRECTION('',(-0.959189965665,-0.282762461738,0.));
#1433 = ORIENTED_EDGE('',*,*,#1434,.F.);
#1434 = EDGE_CURVE('',#1435,#1427,#1437,.T.);
#1435 = VERTEX_POINT('',#1436);
#1436 = CARTESIAN_POINT('',(49.889618150067,-87.53454039633,1.4));
#1437 = LINE('',#1438,#1439);
#1438 = CARTESIAN_POINT('',(49.889618150067,-87.53454039633,1.4));
#1439 = VECTOR('',#1440,1.);
#1440 = DIRECTION('',(-0.959748290778,-0.280861564384,0.));
#1441 = ORIENTED_EDGE('',*,*,#1442,.F.);
#1442 = EDGE_CURVE('',#1443,#1435,#1445,.T.);
#1443 = VERTEX_POINT('',#1444);
#1444 = CARTESIAN_POINT('',(50.114903515852,-87.4690972944,1.4));
#1445 = LINE('',#1446,#1447);
#1446 = CARTESIAN_POINT('',(50.114903515852,-87.4690972944,1.4));
#1447 = VECTOR('',#1448,1.);
#1448 = DIRECTION('',(-0.960303217766,-0.27895829428,0.));
#1449 = ORIENTED_EDGE('',*,*,#1450,.F.);
#1450 = EDGE_CURVE('',#1451,#1443,#1453,.T.);
#1451 = VERTEX_POINT('',#1452);
#1452 = CARTESIAN_POINT('',(50.340300601332,-87.40410634552,1.4));
#1453 = LINE('',#1454,#1455);
#1454 = CARTESIAN_POINT('',(50.340300601332,-87.40410634552,1.4));
#1455 = VECTOR('',#1456,1.);
#1456 = DIRECTION('',(-0.960854737203,-0.277052655635,0.));
#1457 = ORIENTED_EDGE('',*,*,#1458,.F.);
#1458 = EDGE_CURVE('',#1459,#1451,#1461,.T.);
#1459 = VERTEX_POINT('',#1460);
#1460 = CARTESIAN_POINT('',(50.565808851971,-87.33956795771,1.4));
#1461 = LINE('',#1462,#1463);
#1462 = CARTESIAN_POINT('',(50.565808851971,-87.33956795771,1.4));
#1463 = VECTOR('',#1464,1.);
#1464 = DIRECTION('',(-0.961402839646,-0.275144652722,0.));
#1465 = ORIENTED_EDGE('',*,*,#1466,.F.);
#1466 = EDGE_CURVE('',#1467,#1459,#1469,.T.);
#1467 = VERTEX_POINT('',#1468);
#1468 = CARTESIAN_POINT('',(50.791427713139,-87.275482539,1.4));
#1469 = LINE('',#1470,#1471);
#1470 = CARTESIAN_POINT('',(50.791427713139,-87.275482539,1.4));
#1471 = VECTOR('',#1472,1.);
#1472 = DIRECTION('',(-0.961947515634,-0.273234289879,0.));
#1473 = ORIENTED_EDGE('',*,*,#1474,.F.);
#1474 = EDGE_CURVE('',#1475,#1467,#1477,.T.);
#1475 = VERTEX_POINT('',#1476);
#1476 = CARTESIAN_POINT('',(51.017156630123,-87.21185049746,1.4));
#1477 = LINE('',#1478,#1479);
#1478 = CARTESIAN_POINT('',(51.017156630123,-87.21185049746,1.4));
#1479 = VECTOR('',#1480,1.);
#1480 = DIRECTION('',(-0.962488755692,-0.271321571509,0.));
#1481 = ORIENTED_EDGE('',*,*,#1482,.F.);
#1482 = EDGE_CURVE('',#1483,#1475,#1485,.T.);
#1483 = VERTEX_POINT('',#1484);
#1484 = CARTESIAN_POINT('',(51.242995048132,-87.14867224115,1.4));
#1485 = LINE('',#1486,#1487);
#1486 = CARTESIAN_POINT('',(51.242995048132,-87.14867224115,1.4));
#1487 = VECTOR('',#1488,1.);
#1488 = DIRECTION('',(-0.963026550329,-0.269406502078,0.));
#1489 = ORIENTED_EDGE('',*,*,#1490,.F.);
#1490 = EDGE_CURVE('',#1491,#1483,#1493,.T.);
#1491 = VERTEX_POINT('',#1492);
#1492 = CARTESIAN_POINT('',(51.468942412269,-87.08594817817,1.4));
#1493 = LINE('',#1494,#1495);
#1494 = CARTESIAN_POINT('',(51.468942412269,-87.08594817817,1.4));
#1495 = VECTOR('',#1496,1.);
#1496 = DIRECTION('',(-0.963560890036,-0.267489086119,0.));
#1497 = ORIENTED_EDGE('',*,*,#1498,.F.);
#1498 = EDGE_CURVE('',#1499,#1491,#1501,.T.);
#1499 = VERTEX_POINT('',#1500);
#1500 = CARTESIAN_POINT('',(51.694998167592,-87.02367871665,1.4));
#1501 = LINE('',#1502,#1503);
#1502 = CARTESIAN_POINT('',(51.694998167592,-87.02367871665,1.4));
#1503 = VECTOR('',#1504,1.);
#1504 = DIRECTION('',(-0.964091765291,-0.265569328231,0.));
#1505 = ORIENTED_EDGE('',*,*,#1506,.F.);
#1506 = EDGE_CURVE('',#1507,#1499,#1509,.T.);
#1507 = VERTEX_POINT('',#1508);
#1508 = CARTESIAN_POINT('',(51.92116175902,-86.96186426472,1.4));
#1509 = LINE('',#1510,#1511);
#1510 = CARTESIAN_POINT('',(51.92116175902,-86.96186426472,1.4));
#1511 = VECTOR('',#1512,1.);
#1512 = DIRECTION('',(-0.964619166557,-0.263647233079,0.));
#1513 = ORIENTED_EDGE('',*,*,#1514,.F.);
#1514 = EDGE_CURVE('',#1515,#1507,#1517,.T.);
#1515 = VERTEX_POINT('',#1516);
#1516 = CARTESIAN_POINT('',(52.147432631429,-86.90050523053,1.4));
#1517 = LINE('',#1518,#1519);
#1518 = CARTESIAN_POINT('',(52.147432631429,-86.90050523053,1.4));
#1519 = VECTOR('',#1520,1.);
#1520 = DIRECTION('',(-0.965143084282,-0.261722805393,0.));
#1521 = ORIENTED_EDGE('',*,*,#1522,.F.);
#1522 = EDGE_CURVE('',#1523,#1515,#1525,.T.);
#1523 = VERTEX_POINT('',#1524);
#1524 = CARTESIAN_POINT('',(52.373810229583,-86.83960202226,1.4));
#1525 = LINE('',#1526,#1527);
#1526 = CARTESIAN_POINT('',(52.373810229583,-86.83960202226,1.4));
#1527 = VECTOR('',#1528,1.);
#1528 = DIRECTION('',(-0.965663508899,-0.259796049972,0.));
#1529 = ORIENTED_EDGE('',*,*,#1530,.F.);
#1530 = EDGE_CURVE('',#1531,#1523,#1533,.T.);
#1531 = VERTEX_POINT('',#1532);
#1532 = CARTESIAN_POINT('',(52.600293998182,-86.77915504809,1.4));
#1533 = LINE('',#1534,#1535);
#1534 = CARTESIAN_POINT('',(52.600293998182,-86.77915504809,1.4));
#1535 = VECTOR('',#1536,1.);
#1536 = DIRECTION('',(-0.966180430829,-0.257866971681,0.));
#1537 = ORIENTED_EDGE('',*,*,#1538,.F.);
#1538 = EDGE_CURVE('',#1539,#1531,#1541,.T.);
#1539 = VERTEX_POINT('',#1540);
#1540 = CARTESIAN_POINT('',(52.826883381794,-86.71916471624,1.4));
#1541 = LINE('',#1542,#1543);
#1542 = CARTESIAN_POINT('',(52.826883381794,-86.71916471624,1.4));
#1543 = VECTOR('',#1544,1.);
#1544 = DIRECTION('',(-0.966693840478,-0.255935575453,0.));
#1545 = ORIENTED_EDGE('',*,*,#1546,.F.);
#1546 = EDGE_CURVE('',#1547,#1539,#1549,.T.);
#1547 = VERTEX_POINT('',#1548);
#1548 = CARTESIAN_POINT('',(53.053577824954,-86.65963143493,1.4));
#1549 = LINE('',#1550,#1551);
#1550 = CARTESIAN_POINT('',(53.053577824954,-86.65963143493,1.4));
#1551 = VECTOR('',#1552,1.);
#1552 = DIRECTION('',(-0.96720372824,-0.254001866289,0.));
#1553 = ORIENTED_EDGE('',*,*,#1554,.F.);
#1554 = EDGE_CURVE('',#1555,#1547,#1557,.T.);
#1555 = VERTEX_POINT('',#1556);
#1556 = CARTESIAN_POINT('',(53.280376772067,-86.6005556124,1.4));
#1557 = LINE('',#1558,#1559);
#1558 = CARTESIAN_POINT('',(53.280376772067,-86.6005556124,1.4));
#1559 = VECTOR('',#1560,1.);
#1560 = DIRECTION('',(-0.967710084497,-0.252065849258,0.));
#1561 = ORIENTED_EDGE('',*,*,#1562,.F.);
#1562 = EDGE_CURVE('',#1563,#1555,#1565,.T.);
#1563 = VERTEX_POINT('',#1564);
#1564 = CARTESIAN_POINT('',(53.507279667463,-86.5419376569,1.4));
#1565 = LINE('',#1566,#1567);
#1566 = CARTESIAN_POINT('',(53.507279667463,-86.5419376569,1.4));
#1567 = VECTOR('',#1568,1.);
#1568 = DIRECTION('',(-0.968212899618,-0.250127529499,0.));
#1569 = ORIENTED_EDGE('',*,*,#1570,.F.);
#1570 = EDGE_CURVE('',#1571,#1563,#1573,.T.);
#1571 = VERTEX_POINT('',#1572);
#1572 = CARTESIAN_POINT('',(53.734285955375,-86.48377797671,1.4));
#1573 = LINE('',#1574,#1575);
#1574 = CARTESIAN_POINT('',(53.734285955375,-86.48377797671,1.4));
#1575 = VECTOR('',#1576,1.);
#1576 = DIRECTION('',(-0.968712163959,-0.24818691222,0.));
#1577 = ORIENTED_EDGE('',*,*,#1578,.F.);
#1578 = EDGE_CURVE('',#1579,#1571,#1581,.T.);
#1579 = VERTEX_POINT('',#1580);
#1580 = CARTESIAN_POINT('',(53.961395079968,-86.42607698011,1.4));
#1581 = LINE('',#1582,#1583);
#1582 = CARTESIAN_POINT('',(53.961395079968,-86.42607698011,1.4));
#1583 = VECTOR('',#1584,1.);
#1584 = DIRECTION('',(-0.969207867867,-0.246244002696,0.));
#1585 = ORIENTED_EDGE('',*,*,#1586,.F.);
#1586 = EDGE_CURVE('',#1587,#1579,#1589,.T.);
#1587 = VERTEX_POINT('',#1588);
#1588 = CARTESIAN_POINT('',(54.188606485284,-86.3688350754,1.4));
#1589 = LINE('',#1590,#1591);
#1590 = CARTESIAN_POINT('',(54.188606485284,-86.3688350754,1.4));
#1591 = VECTOR('',#1592,1.);
#1592 = DIRECTION('',(-0.969700001677,-0.244298806275,0.));
#1593 = ORIENTED_EDGE('',*,*,#1594,.F.);
#1594 = EDGE_CURVE('',#1595,#1587,#1597,.T.);
#1595 = VERTEX_POINT('',#1596);
#1596 = CARTESIAN_POINT('',(54.415919615284,-86.3120526709,1.4));
#1597 = LINE('',#1598,#1599);
#1598 = CARTESIAN_POINT('',(54.415919615284,-86.3120526709,1.4));
#1599 = VECTOR('',#1600,1.);
#1600 = DIRECTION('',(-0.970188555713,-0.242351328374,0.));
#1601 = ORIENTED_EDGE('',*,*,#1602,.F.);
#1602 = EDGE_CURVE('',#1603,#1595,#1605,.T.);
#1603 = VERTEX_POINT('',#1604);
#1604 = CARTESIAN_POINT('',(54.643333913865,-86.25573017493,1.4));
#1605 = LINE('',#1606,#1607);
#1606 = CARTESIAN_POINT('',(54.643333913865,-86.25573017493,1.4));
#1607 = VECTOR('',#1608,1.);
#1608 = DIRECTION('',(-0.970673520288,-0.240401574479,0.));
#1609 = ORIENTED_EDGE('',*,*,#1610,.F.);
#1610 = EDGE_CURVE('',#1611,#1603,#1613,.T.);
#1611 = VERTEX_POINT('',#1612);
#1612 = CARTESIAN_POINT('',(54.870848824786,-86.19986799583,1.4));
#1613 = LINE('',#1614,#1615);
#1614 = CARTESIAN_POINT('',(54.870848824786,-86.19986799583,1.4));
#1615 = VECTOR('',#1616,1.);
#1616 = DIRECTION('',(-0.971154885707,-0.23844955015,0.));
#1617 = ORIENTED_EDGE('',*,*,#1618,.F.);
#1618 = EDGE_CURVE('',#1619,#1611,#1621,.T.);
#1619 = VERTEX_POINT('',#1620);
#1620 = CARTESIAN_POINT('',(55.098463791745,-86.14446654194,1.4));
#1621 = LINE('',#1622,#1623);
#1622 = CARTESIAN_POINT('',(55.098463791745,-86.14446654194,1.4));
#1623 = VECTOR('',#1624,1.);
#1624 = DIRECTION('',(-0.971632642266,-0.236495261016,0.));
#1625 = ORIENTED_EDGE('',*,*,#1626,.F.);
#1626 = EDGE_CURVE('',#1627,#1619,#1629,.T.);
#1627 = VERTEX_POINT('',#1628);
#1628 = CARTESIAN_POINT('',(55.326178258334,-86.08952622164,1.4));
#1629 = LINE('',#1630,#1631);
#1630 = CARTESIAN_POINT('',(55.326178258334,-86.08952622164,1.4));
#1631 = VECTOR('',#1632,1.);
#1632 = DIRECTION('',(-0.97210678025,-0.234538712778,0.));
#1633 = ORIENTED_EDGE('',*,*,#1634,.F.);
#1634 = EDGE_CURVE('',#1635,#1627,#1637,.T.);
#1635 = VERTEX_POINT('',#1636);
#1636 = CARTESIAN_POINT('',(55.553991668054,-86.03504744329,1.4));
#1637 = LINE('',#1638,#1639);
#1638 = CARTESIAN_POINT('',(55.553991668054,-86.03504744329,1.4));
#1639 = VECTOR('',#1640,1.);
#1640 = DIRECTION('',(-0.972577289937,-0.23257991121,0.));
#1641 = ORIENTED_EDGE('',*,*,#1642,.F.);
#1642 = EDGE_CURVE('',#1643,#1635,#1645,.T.);
#1643 = VERTEX_POINT('',#1644);
#1644 = CARTESIAN_POINT('',(55.781903464306,-85.98103061528,1.4));
#1645 = LINE('',#1646,#1647);
#1646 = CARTESIAN_POINT('',(55.781903464306,-85.98103061528,1.4));
#1647 = VECTOR('',#1648,1.);
#1648 = DIRECTION('',(-0.973044161597,-0.230618862156,0.));
#1649 = ORIENTED_EDGE('',*,*,#1650,.F.);
#1650 = EDGE_CURVE('',#1651,#1643,#1653,.T.);
#1651 = VERTEX_POINT('',#1652);
#1652 = CARTESIAN_POINT('',(56.009913090427,-85.927476146,1.4));
#1653 = LINE('',#1654,#1655);
#1654 = CARTESIAN_POINT('',(56.009913090427,-85.927476146,1.4));
#1655 = VECTOR('',#1656,1.);
#1656 = DIRECTION('',(-0.973507385491,-0.228655571536,0.));
#1657 = ORIENTED_EDGE('',*,*,#1658,.F.);
#1658 = EDGE_CURVE('',#1659,#1651,#1661,.T.);
#1659 = VERTEX_POINT('',#1660);
#1660 = CARTESIAN_POINT('',(56.238019989595,-85.87438444385,1.4));
#1661 = LINE('',#1662,#1663);
#1662 = CARTESIAN_POINT('',(56.238019989595,-85.87438444385,1.4));
#1663 = VECTOR('',#1664,1.);
#1664 = DIRECTION('',(-0.973966951874,-0.226690045341,0.));
#1665 = ORIENTED_EDGE('',*,*,#1666,.F.);
#1666 = EDGE_CURVE('',#1667,#1659,#1669,.T.);
#1667 = VERTEX_POINT('',#1668);
#1668 = CARTESIAN_POINT('',(56.466223604965,-85.82175591723,1.4));
#1669 = LINE('',#1670,#1671);
#1670 = CARTESIAN_POINT('',(56.466223604965,-85.82175591723,1.4));
#1671 = VECTOR('',#1672,1.);
#1672 = DIRECTION('',(-0.974422850995,-0.224722289635,0.));
#1673 = ORIENTED_EDGE('',*,*,#1674,.F.);
#1674 = EDGE_CURVE('',#1675,#1667,#1677,.T.);
#1675 = VERTEX_POINT('',#1676);
#1676 = CARTESIAN_POINT('',(56.694523379551,-85.76959097457,1.4));
#1677 = LINE('',#1678,#1679);
#1678 = CARTESIAN_POINT('',(56.694523379551,-85.76959097457,1.4));
#1679 = VECTOR('',#1680,1.);
#1680 = DIRECTION('',(-0.974875073095,-0.222752310557,0.));
#1681 = ORIENTED_EDGE('',*,*,#1682,.F.);
#1682 = EDGE_CURVE('',#1683,#1675,#1685,.T.);
#1683 = VERTEX_POINT('',#1684);
#1684 = CARTESIAN_POINT('',(56.922918756272,-85.71789002429,1.4));
#1685 = LINE('',#1686,#1687);
#1686 = CARTESIAN_POINT('',(56.922918756272,-85.71789002429,1.4));
#1687 = VECTOR('',#1688,1.);
#1688 = DIRECTION('',(-0.97532360841,-0.220780114317,0.));
#1689 = ORIENTED_EDGE('',*,*,#1690,.F.);
#1690 = EDGE_CURVE('',#1691,#1683,#1693,.T.);
#1691 = VERTEX_POINT('',#1692);
#1692 = CARTESIAN_POINT('',(57.151409177975,-85.66665347483,1.4));
#1693 = LINE('',#1694,#1695);
#1694 = CARTESIAN_POINT('',(57.151409177975,-85.66665347483,1.4));
#1695 = VECTOR('',#1696,1.);
#1696 = DIRECTION('',(-0.975768447171,-0.218805707205,0.));
#1697 = ORIENTED_EDGE('',*,*,#1698,.F.);
#1698 = EDGE_CURVE('',#1699,#1691,#1701,.T.);
#1699 = VERTEX_POINT('',#1700);
#1700 = CARTESIAN_POINT('',(57.379994087389,-85.61588173461,1.4));
#1701 = LINE('',#1702,#1703);
#1702 = CARTESIAN_POINT('',(57.379994087389,-85.61588173461,1.4));
#1703 = VECTOR('',#1704,1.);
#1704 = DIRECTION('',(-0.976209579604,-0.216829095579,0.));
#1705 = ORIENTED_EDGE('',*,*,#1706,.F.);
#1706 = EDGE_CURVE('',#1707,#1699,#1709,.T.);
#1707 = VERTEX_POINT('',#1708);
#1708 = CARTESIAN_POINT('',(57.608672927145,-85.56557521209,1.4));
#1709 = LINE('',#1710,#1711);
#1710 = CARTESIAN_POINT('',(57.608672927145,-85.56557521209,1.4));
#1711 = VECTOR('',#1712,1.);
#1712 = DIRECTION('',(-0.976646995929,-0.214850285878,0.));
#1713 = ORIENTED_EDGE('',*,*,#1714,.F.);
#1714 = EDGE_CURVE('',#1715,#1707,#1717,.T.);
#1715 = VERTEX_POINT('',#1716);
#1716 = CARTESIAN_POINT('',(57.837445139799,-85.51573431571,1.4));
#1717 = LINE('',#1718,#1719);
#1718 = CARTESIAN_POINT('',(57.837445139799,-85.51573431571,1.4));
#1719 = VECTOR('',#1720,1.);
#1720 = DIRECTION('',(-0.977080686366,-0.212869284612,0.));
#1721 = ORIENTED_EDGE('',*,*,#1722,.F.);
#1722 = EDGE_CURVE('',#1723,#1715,#1725,.T.);
#1723 = VERTEX_POINT('',#1724);
#1724 = CARTESIAN_POINT('',(58.066310167774,-85.46635945392,1.4));
#1725 = LINE('',#1726,#1727);
#1726 = CARTESIAN_POINT('',(58.066310167774,-85.46635945392,1.4));
#1727 = VECTOR('',#1728,1.);
#1728 = DIRECTION('',(-0.977510641126,-0.210886098369,0.));
#1729 = ORIENTED_EDGE('',*,*,#1730,.F.);
#1730 = EDGE_CURVE('',#1731,#1723,#1733,.T.);
#1731 = VERTEX_POINT('',#1732);
#1732 = CARTESIAN_POINT('',(58.295267453419,-85.41745103518,1.4));
#1733 = LINE('',#1734,#1735);
#1734 = CARTESIAN_POINT('',(58.295267453419,-85.41745103518,1.4));
#1735 = VECTOR('',#1736,1.);
#1736 = DIRECTION('',(-0.977936850422,-0.208900733811,0.));
#1737 = ORIENTED_EDGE('',*,*,#1738,.F.);
#1738 = EDGE_CURVE('',#1739,#1731,#1741,.T.);
#1739 = VERTEX_POINT('',#1740);
#1740 = CARTESIAN_POINT('',(58.52431643898,-85.36900946794,1.4));
#1741 = LINE('',#1742,#1743);
#1742 = CARTESIAN_POINT('',(58.52431643898,-85.36900946794,1.4));
#1743 = VECTOR('',#1744,1.);
#1744 = DIRECTION('',(-0.978359304461,-0.206913197679,0.));
#1745 = ORIENTED_EDGE('',*,*,#1746,.F.);
#1746 = EDGE_CURVE('',#1747,#1739,#1749,.T.);
#1747 = VERTEX_POINT('',#1748);
#1748 = CARTESIAN_POINT('',(58.753456566586,-85.32103516068,1.4));
#1749 = LINE('',#1750,#1751);
#1750 = CARTESIAN_POINT('',(58.753456566586,-85.32103516068,1.4));
#1751 = VECTOR('',#1752,1.);
#1752 = DIRECTION('',(-0.978777993451,-0.204923496788,0.));
#1753 = ORIENTED_EDGE('',*,*,#1754,.F.);
#1754 = EDGE_CURVE('',#1755,#1747,#1757,.T.);
#1755 = VERTEX_POINT('',#1756);
#1756 = CARTESIAN_POINT('',(58.982687278296,-85.27352852184,1.4));
#1757 = LINE('',#1758,#1759);
#1758 = CARTESIAN_POINT('',(58.982687278296,-85.27352852184,1.4));
#1759 = VECTOR('',#1760,1.);
#1760 = DIRECTION('',(-0.979192907596,-0.202931638032,0.));
#1761 = ORIENTED_EDGE('',*,*,#1762,.F.);
#1762 = EDGE_CURVE('',#1763,#1755,#1765,.T.);
#1763 = VERTEX_POINT('',#1764);
#1764 = CARTESIAN_POINT('',(59.21200801604,-85.22648995989,1.4));
#1765 = LINE('',#1766,#1767);
#1766 = CARTESIAN_POINT('',(59.21200801604,-85.22648995989,1.4));
#1767 = VECTOR('',#1768,1.);
#1768 = DIRECTION('',(-0.979604037099,-0.20093762838,0.));
#1769 = ORIENTED_EDGE('',*,*,#1770,.F.);
#1770 = EDGE_CURVE('',#1771,#1763,#1773,.T.);
#1771 = VERTEX_POINT('',#1772);
#1772 = CARTESIAN_POINT('',(59.441418221669,-85.1799198833,1.4));
#1773 = LINE('',#1774,#1775);
#1774 = CARTESIAN_POINT('',(59.441418221669,-85.1799198833,1.4));
#1775 = VECTOR('',#1776,1.);
#1776 = DIRECTION('',(-0.980011372165,-0.19894147488,0.));
#1777 = ORIENTED_EDGE('',*,*,#1778,.F.);
#1778 = EDGE_CURVE('',#1779,#1771,#1781,.T.);
#1779 = VERTEX_POINT('',#1780);
#1780 = CARTESIAN_POINT('',(59.670917336911,-85.13381870053,1.4));
#1781 = LINE('',#1782,#1783);
#1782 = CARTESIAN_POINT('',(59.670917336911,-85.13381870053,1.4));
#1783 = VECTOR('',#1784,1.);
#1784 = DIRECTION('',(-0.980414902996,-0.196943184657,0.));
#1785 = ORIENTED_EDGE('',*,*,#1786,.F.);
#1786 = EDGE_CURVE('',#1787,#1779,#1789,.T.);
#1787 = VERTEX_POINT('',#1788);
#1788 = CARTESIAN_POINT('',(59.900504803407,-85.08818682005,1.4));
#1789 = LINE('',#1790,#1791);
#1790 = CARTESIAN_POINT('',(59.900504803407,-85.08818682005,1.4));
#1791 = VECTOR('',#1792,1.);
#1792 = DIRECTION('',(-0.980814619797,-0.194942764916,0.));
#1793 = ORIENTED_EDGE('',*,*,#1794,.F.);
#1794 = EDGE_CURVE('',#1795,#1787,#1797,.T.);
#1795 = VERTEX_POINT('',#1796);
#1796 = CARTESIAN_POINT('',(60.130180062707,-85.0430246503,1.4));
#1797 = LINE('',#1798,#1799);
#1798 = CARTESIAN_POINT('',(60.130180062707,-85.0430246503,1.4));
#1799 = VECTOR('',#1800,1.);
#1800 = DIRECTION('',(-0.981210512771,-0.192940222937,0.));
#1801 = ORIENTED_EDGE('',*,*,#1802,.F.);
#1802 = EDGE_CURVE('',#1803,#1795,#1805,.T.);
#1803 = VERTEX_POINT('',#1804);
#1804 = CARTESIAN_POINT('',(60.359942556218,-84.99833259977,1.4));
#1805 = LINE('',#1806,#1807);
#1806 = CARTESIAN_POINT('',(60.359942556218,-84.99833259977,1.4));
#1807 = VECTOR('',#1808,1.);
#1808 = DIRECTION('',(-0.981602572126,-0.190935566082,0.));
#1809 = ORIENTED_EDGE('',*,*,#1810,.F.);
#1810 = EDGE_CURVE('',#1811,#1803,#1813,.T.);
#1811 = VERTEX_POINT('',#1812);
#1812 = CARTESIAN_POINT('',(60.589791725293,-84.95411107688,1.4));
#1813 = LINE('',#1814,#1815);
#1814 = CARTESIAN_POINT('',(60.589791725293,-84.95411107688,1.4));
#1815 = VECTOR('',#1816,1.);
#1816 = DIRECTION('',(-0.98199078807,-0.188928801791,0.));
#1817 = ORIENTED_EDGE('',*,*,#1818,.F.);
#1818 = EDGE_CURVE('',#1819,#1811,#1821,.T.);
#1819 = VERTEX_POINT('',#1820);
#1820 = CARTESIAN_POINT('',(60.819727011151,-84.91036049011,1.4));
#1821 = LINE('',#1822,#1823);
#1822 = CARTESIAN_POINT('',(60.819727011151,-84.91036049011,1.4));
#1823 = VECTOR('',#1824,1.);
#1824 = DIRECTION('',(-0.982375150813,-0.186919937581,0.));
#1825 = ORIENTED_EDGE('',*,*,#1826,.F.);
#1826 = EDGE_CURVE('',#1827,#1819,#1829,.T.);
#1827 = VERTEX_POINT('',#1828);
#1828 = CARTESIAN_POINT('',(61.049747854916,-84.86708124789,1.4));
#1829 = LINE('',#1830,#1831);
#1830 = CARTESIAN_POINT('',(61.049747854916,-84.86708124789,1.4));
#1831 = VECTOR('',#1832,1.);
#1832 = DIRECTION('',(-0.98275565057,-0.184908981051,0.));
#1833 = ORIENTED_EDGE('',*,*,#1834,.F.);
#1834 = EDGE_CURVE('',#1835,#1827,#1837,.T.);
#1835 = VERTEX_POINT('',#1836);
#1836 = CARTESIAN_POINT('',(61.279853697599,-84.82427375868,1.4));
#1837 = LINE('',#1838,#1839);
#1838 = CARTESIAN_POINT('',(61.279853697599,-84.82427375868,1.4));
#1839 = VECTOR('',#1840,1.);
#1840 = DIRECTION('',(-0.983132277557,-0.18289593988,0.));
#1841 = ORIENTED_EDGE('',*,*,#1842,.F.);
#1842 = EDGE_CURVE('',#1843,#1835,#1845,.T.);
#1843 = VERTEX_POINT('',#1844);
#1844 = CARTESIAN_POINT('',(61.510043980131,-84.78193843089,1.4));
#1845 = LINE('',#1846,#1847);
#1846 = CARTESIAN_POINT('',(61.510043980131,-84.78193843089,1.4));
#1847 = VECTOR('',#1848,1.);
#1848 = DIRECTION('',(-0.983505021998,-0.180880821825,0.));
#1849 = ORIENTED_EDGE('',*,*,#1850,.F.);
#1850 = EDGE_CURVE('',#1851,#1843,#1853,.T.);
#1851 = VERTEX_POINT('',#1852);
#1852 = CARTESIAN_POINT('',(61.740318143314,-84.74007567298,1.4));
#1853 = LINE('',#1854,#1855);
#1854 = CARTESIAN_POINT('',(61.740318143314,-84.74007567298,1.4));
#1855 = VECTOR('',#1856,1.);
#1856 = DIRECTION('',(-0.983873874118,-0.178863634726,0.));
#1857 = ORIENTED_EDGE('',*,*,#1858,.F.);
#1858 = EDGE_CURVE('',#1859,#1851,#1861,.T.);
#1859 = VERTEX_POINT('',#1860);
#1860 = CARTESIAN_POINT('',(61.970675627859,-84.69868589335,1.4));
#1861 = LINE('',#1862,#1863);
#1862 = CARTESIAN_POINT('',(61.970675627859,-84.69868589335,1.4));
#1863 = VECTOR('',#1864,1.);
#1864 = DIRECTION('',(-0.984238824149,-0.176844386501,0.));
#1865 = ORIENTED_EDGE('',*,*,#1866,.F.);
#1866 = EDGE_CURVE('',#1867,#1859,#1869,.T.);
#1867 = VERTEX_POINT('',#1868);
#1868 = CARTESIAN_POINT('',(62.201115874351,-84.65776950044,1.4));
#1869 = LINE('',#1870,#1871);
#1870 = CARTESIAN_POINT('',(62.201115874351,-84.65776950044,1.4));
#1871 = VECTOR('',#1872,1.);
#1872 = DIRECTION('',(-0.984599862329,-0.17482308515,0.));
#1873 = ORIENTED_EDGE('',*,*,#1874,.F.);
#1874 = EDGE_CURVE('',#1875,#1867,#1877,.T.);
#1875 = VERTEX_POINT('',#1876);
#1876 = CARTESIAN_POINT('',(62.431638323311,-84.61732690263,1.4));
#1877 = LINE('',#1878,#1879);
#1878 = CARTESIAN_POINT('',(62.431638323311,-84.61732690263,1.4));
#1879 = VECTOR('',#1880,1.);
#1880 = DIRECTION('',(-0.984956978901,-0.172799738755,0.));
#1881 = ORIENTED_EDGE('',*,*,#1882,.F.);
#1882 = EDGE_CURVE('',#1883,#1875,#1885,.T.);
#1883 = VERTEX_POINT('',#1884);
#1884 = CARTESIAN_POINT('',(62.662242415099,-84.57735850833,1.4));
#1885 = LINE('',#1886,#1887);
#1886 = CARTESIAN_POINT('',(62.662242415099,-84.57735850833,1.4));
#1887 = VECTOR('',#1888,1.);
#1888 = DIRECTION('',(-0.985310164116,-0.170774355478,0.));
#1889 = ORIENTED_EDGE('',*,*,#1890,.F.);
#1890 = EDGE_CURVE('',#1891,#1883,#1893,.T.);
#1891 = VERTEX_POINT('',#1892);
#1892 = CARTESIAN_POINT('',(62.892927590023,-84.53786472592,1.4));
#1893 = LINE('',#1894,#1895);
#1894 = CARTESIAN_POINT('',(62.892927590023,-84.53786472592,1.4));
#1895 = VECTOR('',#1896,1.);
#1896 = DIRECTION('',(-0.985659408233,-0.168746943562,0.));
#1897 = ORIENTED_EDGE('',*,*,#1898,.F.);
#1898 = EDGE_CURVE('',#1899,#1891,#1901,.T.);
#1899 = VERTEX_POINT('',#1900);
#1900 = CARTESIAN_POINT('',(63.12369328825,-84.49884596379,1.4));
#1901 = LINE('',#1902,#1903);
#1902 = CARTESIAN_POINT('',(63.12369328825,-84.49884596379,1.4));
#1903 = VECTOR('',#1904,1.);
#1904 = DIRECTION('',(-0.986004701517,-0.166717511335,0.));
#1905 = ORIENTED_EDGE('',*,*,#1906,.F.);
#1906 = EDGE_CURVE('',#1907,#1899,#1909,.T.);
#1907 = VERTEX_POINT('',#1908);
#1908 = CARTESIAN_POINT('',(63.35453894984,-84.4603026303,1.4));
#1909 = LINE('',#1910,#1911);
#1910 = CARTESIAN_POINT('',(63.35453894984,-84.4603026303,1.4));
#1911 = VECTOR('',#1912,1.);
#1912 = DIRECTION('',(-0.986346034244,-0.164686067205,0.));
#1913 = ORIENTED_EDGE('',*,*,#1914,.F.);
#1914 = EDGE_CURVE('',#1915,#1907,#1917,.T.);
#1915 = VERTEX_POINT('',#1916);
#1916 = CARTESIAN_POINT('',(63.585464014773,-84.42223513379,1.4));
#1917 = LINE('',#1918,#1919);
#1918 = CARTESIAN_POINT('',(63.585464014773,-84.42223513379,1.4));
#1919 = VECTOR('',#1920,1.);
#1920 = DIRECTION('',(-0.986683396697,-0.16265261966,0.));
#1921 = ORIENTED_EDGE('',*,*,#1922,.F.);
#1922 = EDGE_CURVE('',#1923,#1915,#1925,.T.);
#1923 = VERTEX_POINT('',#1924);
#1924 = CARTESIAN_POINT('',(63.81646792288,-84.38464388262,1.4));
#1925 = LINE('',#1926,#1927);
#1926 = CARTESIAN_POINT('',(63.81646792288,-84.38464388262,1.4));
#1927 = VECTOR('',#1928,1.);
#1928 = DIRECTION('',(-0.98701677917,-0.160617177276,0.));
#1929 = ORIENTED_EDGE('',*,*,#1930,.F.);
#1930 = EDGE_CURVE('',#1931,#1923,#1933,.T.);
#1931 = VERTEX_POINT('',#1932);
#1932 = CARTESIAN_POINT('',(64.047550113927,-84.34752928509,1.4));
#1933 = LINE('',#1934,#1935);
#1934 = CARTESIAN_POINT('',(64.047550113927,-84.34752928509,1.4));
#1935 = VECTOR('',#1936,1.);
#1936 = DIRECTION('',(-0.987346171968,-0.158579748707,0.));
#1937 = ORIENTED_EDGE('',*,*,#1938,.F.);
#1938 = EDGE_CURVE('',#1939,#1931,#1941,.T.);
#1939 = VERTEX_POINT('',#1940);
#1940 = CARTESIAN_POINT('',(64.278710027552,-84.31089174954,1.4));
#1941 = LINE('',#1942,#1943);
#1942 = CARTESIAN_POINT('',(64.278710027552,-84.31089174954,1.4));
#1943 = VECTOR('',#1944,1.);
#1944 = DIRECTION('',(-0.987671565405,-0.156540342693,0.));
#1945 = ORIENTED_EDGE('',*,*,#1946,.F.);
#1946 = EDGE_CURVE('',#1947,#1939,#1949,.T.);
#1947 = VERTEX_POINT('',#1948);
#1948 = CARTESIAN_POINT('',(64.509947103274,-84.27473168424,1.4));
#1949 = LINE('',#1950,#1951);
#1950 = CARTESIAN_POINT('',(64.509947103274,-84.27473168424,1.4));
#1951 = VECTOR('',#1952,1.);
#1952 = DIRECTION('',(-0.987992949808,-0.154498968055,0.));
#1953 = ORIENTED_EDGE('',*,*,#1954,.F.);
#1954 = EDGE_CURVE('',#1955,#1947,#1957,.T.);
#1955 = VERTEX_POINT('',#1956);
#1956 = CARTESIAN_POINT('',(64.741260780526,-84.23904949749,1.4));
#1957 = LINE('',#1958,#1959);
#1958 = CARTESIAN_POINT('',(64.741260780526,-84.23904949749,1.4));
#1959 = VECTOR('',#1960,1.);
#1960 = DIRECTION('',(-0.988310315515,-0.152455633699,0.));
#1961 = ORIENTED_EDGE('',*,*,#1962,.F.);
#1962 = EDGE_CURVE('',#1963,#1955,#1965,.T.);
#1963 = VERTEX_POINT('',#1964);
#1964 = CARTESIAN_POINT('',(64.972650498609,-84.20384559754,1.4));
#1965 = LINE('',#1966,#1967);
#1966 = CARTESIAN_POINT('',(64.972650498609,-84.20384559754,1.4));
#1967 = VECTOR('',#1968,1.);
#1968 = DIRECTION('',(-0.988623652878,-0.150410348615,0.));
#1969 = ORIENTED_EDGE('',*,*,#1970,.F.);
#1970 = EDGE_CURVE('',#1971,#1963,#1973,.T.);
#1971 = VERTEX_POINT('',#1972);
#1972 = CARTESIAN_POINT('',(65.204115696738,-84.16912039264,1.4));
#1973 = LINE('',#1974,#1975);
#1974 = CARTESIAN_POINT('',(65.204115696738,-84.16912039264,1.4));
#1975 = VECTOR('',#1976,1.);
#1976 = DIRECTION('',(-0.988932952261,-0.148363121875,0.));
#1977 = ORIENTED_EDGE('',*,*,#1978,.F.);
#1978 = EDGE_CURVE('',#1979,#1971,#1981,.T.);
#1979 = VERTEX_POINT('',#1980);
#1980 = CARTESIAN_POINT('',(65.435655813998,-84.13487429102,1.4));
#1981 = LINE('',#1982,#1983);
#1982 = CARTESIAN_POINT('',(65.435655813998,-84.13487429102,1.4));
#1983 = VECTOR('',#1984,1.);
#1984 = DIRECTION('',(-0.989238204043,-0.146313962637,0.));
#1985 = ORIENTED_EDGE('',*,*,#1986,.F.);
#1986 = EDGE_CURVE('',#1987,#1979,#1989,.T.);
#1987 = VERTEX_POINT('',#1988);
#1988 = CARTESIAN_POINT('',(65.667270289388,-84.10110770088,1.4));
#1989 = LINE('',#1990,#1991);
#1990 = CARTESIAN_POINT('',(65.667270289388,-84.10110770088,1.4));
#1991 = VECTOR('',#1992,1.);
#1992 = DIRECTION('',(-0.989539398616,-0.144262880142,0.));
#1993 = ORIENTED_EDGE('',*,*,#1994,.F.);
#1994 = EDGE_CURVE('',#1995,#1987,#1997,.T.);
#1995 = VERTEX_POINT('',#1996);
#1996 = CARTESIAN_POINT('',(65.898958561757,-84.06782103041,1.4));
#1997 = LINE('',#1998,#1999);
#1998 = CARTESIAN_POINT('',(65.898958561757,-84.06782103041,1.4));
#1999 = VECTOR('',#2000,1.);
#2000 = DIRECTION('',(-0.989836526389,-0.142209883717,0.));
#2001 = ORIENTED_EDGE('',*,*,#2002,.F.);
#2002 = EDGE_CURVE('',#2003,#1995,#2005,.T.);
#2003 = VERTEX_POINT('',#2004);
#2004 = CARTESIAN_POINT('',(66.130720069897,-84.03501468777,1.4));
#2005 = LINE('',#2006,#2007);
#2006 = CARTESIAN_POINT('',(66.130720069897,-84.03501468777,1.4));
#2007 = VECTOR('',#2008,1.);
#2008 = DIRECTION('',(-0.990129577785,-0.140154982771,0.));
#2009 = ORIENTED_EDGE('',*,*,#2010,.F.);
#2010 = EDGE_CURVE('',#2011,#2003,#2013,.T.);
#2011 = VERTEX_POINT('',#2012);
#2012 = CARTESIAN_POINT('',(66.362554252445,-84.00268908112,1.4));
#2013 = LINE('',#2014,#2015);
#2014 = CARTESIAN_POINT('',(66.362554252445,-84.00268908112,1.4));
#2015 = VECTOR('',#2016,1.);
#2016 = DIRECTION('',(-0.990418543244,-0.138098186801,0.));
#2017 = ORIENTED_EDGE('',*,*,#2018,.F.);
#2018 = EDGE_CURVE('',#2019,#2011,#2021,.T.);
#2019 = VERTEX_POINT('',#2020);
#2020 = CARTESIAN_POINT('',(66.594460547946,-83.97084461858,1.4));
#2021 = LINE('',#2022,#2023);
#2022 = CARTESIAN_POINT('',(66.594460547946,-83.97084461858,1.4));
#2023 = VECTOR('',#2024,1.);
#2024 = DIRECTION('',(-0.990703413224,-0.136039505386,0.));
#2025 = ORIENTED_EDGE('',*,*,#2026,.F.);
#2026 = EDGE_CURVE('',#2027,#2019,#2029,.T.);
#2027 = VERTEX_POINT('',#2028);
#2028 = CARTESIAN_POINT('',(66.826438394837,-83.93948170824,1.4));
#2029 = LINE('',#2030,#2031);
#2030 = CARTESIAN_POINT('',(66.826438394837,-83.93948170824,1.4));
#2031 = VECTOR('',#2032,1.);
#2032 = DIRECTION('',(-0.990984178199,-0.133978948193,0.));
#2033 = ORIENTED_EDGE('',*,*,#2034,.F.);
#2034 = EDGE_CURVE('',#2035,#2027,#2037,.T.);
#2035 = VERTEX_POINT('',#2036);
#2036 = CARTESIAN_POINT('',(67.058487231435,-83.90860075817,1.4));
#2037 = LINE('',#2038,#2039);
#2038 = CARTESIAN_POINT('',(67.058487231435,-83.90860075817,1.4));
#2039 = VECTOR('',#2040,1.);
#2040 = DIRECTION('',(-0.991260828662,-0.131916524972,0.));
#2041 = ORIENTED_EDGE('',*,*,#2042,.F.);
#2042 = EDGE_CURVE('',#2043,#2035,#2045,.T.);
#2043 = VERTEX_POINT('',#2044);
#2044 = CARTESIAN_POINT('',(67.290606495965,-83.87820217644,1.4));
#2045 = LINE('',#2046,#2047);
#2046 = CARTESIAN_POINT('',(67.290606495965,-83.87820217644,1.4));
#2047 = VECTOR('',#2048,1.);
#2048 = DIRECTION('',(-0.991533355124,-0.12985224556,0.));
#2049 = ORIENTED_EDGE('',*,*,#2050,.F.);
#2050 = EDGE_CURVE('',#2051,#2043,#2053,.T.);
#2051 = VERTEX_POINT('',#2052);
#2052 = CARTESIAN_POINT('',(67.5227956265,-83.84828637106,1.4));
#2053 = LINE('',#2054,#2055);
#2054 = CARTESIAN_POINT('',(67.5227956265,-83.84828637106,1.4));
#2055 = VECTOR('',#2056,1.);
#2056 = DIRECTION('',(-0.991801748116,-0.12778611988,0.));
#2057 = ORIENTED_EDGE('',*,*,#2058,.F.);
#2058 = EDGE_CURVE('',#2059,#2051,#2061,.T.);
#2059 = VERTEX_POINT('',#2060);
#2060 = CARTESIAN_POINT('',(67.755054061044,-83.81885375004,1.4));
#2061 = LINE('',#2062,#2063);
#2062 = CARTESIAN_POINT('',(67.755054061044,-83.81885375004,1.4));
#2063 = VECTOR('',#2064,1.);
#2064 = DIRECTION('',(-0.99206599819,-0.125718157939,0.));
#2065 = ORIENTED_EDGE('',*,*,#2066,.F.);
#2066 = EDGE_CURVE('',#2067,#2059,#2069,.T.);
#2067 = VERTEX_POINT('',#2068);
#2068 = CARTESIAN_POINT('',(67.987381237474,-83.78990472134,1.4));
#2069 = LINE('',#2070,#2071);
#2070 = CARTESIAN_POINT('',(67.987381237474,-83.78990472134,1.4));
#2071 = VECTOR('',#2072,1.);
#2072 = DIRECTION('',(-0.992326095917,-0.123648369831,0.));
#2073 = ORIENTED_EDGE('',*,*,#2074,.F.);
#2074 = EDGE_CURVE('',#2075,#2067,#2077,.T.);
#2075 = VERTEX_POINT('',#2076);
#2076 = CARTESIAN_POINT('',(68.219776593538,-83.7614396929,1.4));
#2077 = LINE('',#2078,#2079);
#2078 = CARTESIAN_POINT('',(68.219776593538,-83.7614396929,1.4));
#2079 = VECTOR('',#2080,1.);
#2080 = DIRECTION('',(-0.992582031891,-0.121576765736,0.));
#2081 = ORIENTED_EDGE('',*,*,#2082,.F.);
#2082 = EDGE_CURVE('',#2083,#2075,#2085,.T.);
#2083 = VERTEX_POINT('',#2084);
#2084 = CARTESIAN_POINT('',(68.452239566907,-83.73345907264,1.4));
#2085 = LINE('',#2086,#2087);
#2086 = CARTESIAN_POINT('',(68.452239566907,-83.73345907264,1.4));
#2087 = VECTOR('',#2088,1.);
#2088 = DIRECTION('',(-0.992833796727,-0.119503355921,0.));
#2089 = ORIENTED_EDGE('',*,*,#2090,.F.);
#2090 = EDGE_CURVE('',#2091,#2083,#2093,.T.);
#2091 = VERTEX_POINT('',#2092);
#2092 = CARTESIAN_POINT('',(68.684769595096,-83.70596326845,1.4));
#2093 = LINE('',#2094,#2095);
#2094 = CARTESIAN_POINT('',(68.684769595096,-83.70596326845,1.4));
#2095 = VECTOR('',#2096,1.);
#2096 = DIRECTION('',(-0.993081381063,-0.117428150739,0.));
#2097 = ORIENTED_EDGE('',*,*,#2098,.F.);
#2098 = EDGE_CURVE('',#2099,#2091,#2101,.T.);
#2099 = VERTEX_POINT('',#2100);
#2100 = CARTESIAN_POINT('',(68.917366115558,-83.67895268817,1.4));
#2101 = LINE('',#2102,#2103);
#2102 = CARTESIAN_POINT('',(68.917366115558,-83.67895268817,1.4));
#2103 = VECTOR('',#2104,1.);
#2104 = DIRECTION('',(-0.99332477556,-0.115351160629,0.));
#2105 = ORIENTED_EDGE('',*,*,#2106,.F.);
#2106 = EDGE_CURVE('',#2107,#2099,#2109,.T.);
#2107 = VERTEX_POINT('',#2108);
#2108 = CARTESIAN_POINT('',(69.150028565579,-83.65242773963,1.4));
#2109 = LINE('',#2110,#2111);
#2110 = CARTESIAN_POINT('',(69.150028565579,-83.65242773963,1.4));
#2111 = VECTOR('',#2112,1.);
#2112 = DIRECTION('',(-0.993563970904,-0.113272396117,0.));
#2113 = ORIENTED_EDGE('',*,*,#2114,.F.);
#2114 = EDGE_CURVE('',#2115,#2107,#2117,.T.);
#2115 = VERTEX_POINT('',#2116);
#2116 = CARTESIAN_POINT('',(69.382756382382,-83.62638883061,1.4));
#2117 = LINE('',#2118,#2119);
#2118 = CARTESIAN_POINT('',(69.382756382382,-83.62638883061,1.4));
#2119 = VECTOR('',#2120,1.);
#2120 = DIRECTION('',(-0.993798957804,-0.111191867815,0.));
#2121 = ORIENTED_EDGE('',*,*,#2122,.F.);
#2122 = EDGE_CURVE('',#2123,#2115,#2125,.T.);
#2123 = VERTEX_POINT('',#2124);
#2124 = CARTESIAN_POINT('',(69.615549003037,-83.60083636888,1.4));
#2125 = LINE('',#2126,#2127);
#2126 = CARTESIAN_POINT('',(69.615549003037,-83.60083636888,1.4));
#2127 = VECTOR('',#2128,1.);
#2128 = DIRECTION('',(-0.994029726995,-0.109109586423,0.));
#2129 = ORIENTED_EDGE('',*,*,#2130,.F.);
#2130 = EDGE_CURVE('',#2131,#2123,#2133,.T.);
#2131 = VERTEX_POINT('',#2132);
#2132 = CARTESIAN_POINT('',(69.848405864536,-83.57577076215,1.4));
#2133 = LINE('',#2134,#2135);
#2134 = CARTESIAN_POINT('',(69.848405864536,-83.57577076215,1.4));
#2135 = VECTOR('',#2136,1.);
#2136 = DIRECTION('',(-0.99425626924,-0.107025562727,0.));
#2137 = ORIENTED_EDGE('',*,*,#2138,.F.);
#2138 = EDGE_CURVE('',#2139,#2131,#2141,.T.);
#2139 = VERTEX_POINT('',#2140);
#2140 = CARTESIAN_POINT('',(70.081326403717,-83.5511924181,1.4));
#2141 = LINE('',#2142,#2143);
#2142 = CARTESIAN_POINT('',(70.081326403717,-83.5511924181,1.4));
#2143 = VECTOR('',#2144,1.);
#2144 = DIRECTION('',(-0.994478575325,-0.104939807602,0.));
#2145 = ORIENTED_EDGE('',*,*,#2146,.F.);
#2146 = EDGE_CURVE('',#2147,#2139,#2149,.T.);
#2147 = VERTEX_POINT('',#2148);
#2148 = CARTESIAN_POINT('',(70.314310057354,-83.5271017444,1.4));
#2149 = LINE('',#2150,#2151);
#2150 = CARTESIAN_POINT('',(70.314310057354,-83.5271017444,1.4));
#2151 = VECTOR('',#2152,1.);
#2152 = DIRECTION('',(-0.994696636066,-0.102852332006,0.));
#2153 = ORIENTED_EDGE('',*,*,#2154,.F.);
#2154 = EDGE_CURVE('',#2155,#2147,#2157,.T.);
#2155 = VERTEX_POINT('',#2156);
#2156 = CARTESIAN_POINT('',(70.54735626206,-83.50349914864,1.4));
#2157 = LINE('',#2158,#2159);
#2158 = CARTESIAN_POINT('',(70.54735626206,-83.50349914864,1.4));
#2159 = VECTOR('',#2160,1.);
#2160 = DIRECTION('',(-0.994910442306,-0.10076314699,0.));
#2161 = ORIENTED_EDGE('',*,*,#2162,.F.);
#2162 = EDGE_CURVE('',#2163,#2155,#2165,.T.);
#2163 = VERTEX_POINT('',#2164);
#2164 = CARTESIAN_POINT('',(70.780464454362,-83.48038503842,1.4));
#2165 = LINE('',#2166,#2167);
#2166 = CARTESIAN_POINT('',(70.780464454362,-83.48038503842,1.4));
#2167 = VECTOR('',#2168,1.);
#2168 = DIRECTION('',(-0.995119984916,-9.86722636867E-02,0.));
#2169 = ORIENTED_EDGE('',*,*,#2170,.F.);
#2170 = EDGE_CURVE('',#2171,#2163,#2173,.T.);
#2171 = VERTEX_POINT('',#2172);
#2172 = CARTESIAN_POINT('',(71.013634070675,-83.45775982126,1.4));
#2173 = LINE('',#2174,#2175);
#2174 = CARTESIAN_POINT('',(71.013634070675,-83.45775982126,1.4));
#2175 = VECTOR('',#2176,1.);
#2176 = DIRECTION('',(-0.995325254798,-9.657969331997E-02,0.));
#2177 = ORIENTED_EDGE('',*,*,#2178,.F.);
#2178 = EDGE_CURVE('',#2179,#2171,#2181,.T.);
#2179 = VERTEX_POINT('',#2180);
#2180 = CARTESIAN_POINT('',(71.246864547289,-83.43562390466,1.4));
#2181 = LINE('',#2182,#2183);
#2182 = CARTESIAN_POINT('',(71.246864547289,-83.43562390466,1.4));
#2183 = VECTOR('',#2184,1.);
#2184 = DIRECTION('',(-0.995526242882,-9.448544719932E-02,0.));
#2185 = ORIENTED_EDGE('',*,*,#2186,.F.);
#2186 = EDGE_CURVE('',#2187,#2179,#2189,.T.);
#2187 = VERTEX_POINT('',#2188);
#2188 = CARTESIAN_POINT('',(71.480155320371,-83.41397769608,1.4));
#2189 = LINE('',#2190,#2191);
#2190 = CARTESIAN_POINT('',(71.480155320371,-83.41397769608,1.4));
#2191 = VECTOR('',#2192,1.);
#2192 = DIRECTION('',(-0.995722940132,-9.238953672241E-02,0.));
#2193 = ORIENTED_EDGE('',*,*,#2194,.F.);
#2194 = EDGE_CURVE('',#2195,#2187,#2197,.T.);
#2195 = VERTEX_POINT('',#2196);
#2196 = CARTESIAN_POINT('',(71.713505825999,-83.39282160294,1.4));
#2197 = LINE('',#2198,#2199);
#2198 = CARTESIAN_POINT('',(71.713505825999,-83.39282160294,1.4));
#2199 = VECTOR('',#2200,1.);
#2200 = DIRECTION('',(-0.995915337538,-9.029197337441E-02,0.));
#2201 = ORIENTED_EDGE('',*,*,#2202,.F.);
#2202 = EDGE_CURVE('',#2203,#2195,#2205,.T.);
#2203 = VERTEX_POINT('',#2204);
#2204 = CARTESIAN_POINT('',(71.946915500136,-83.37215603261,1.4));
#2205 = LINE('',#2206,#2207);
#2206 = CARTESIAN_POINT('',(71.946915500136,-83.37215603261,1.4));
#2207 = VECTOR('',#2208,1.);
#2208 = DIRECTION('',(-0.996103426128,-8.819276872788E-02,0.));
#2209 = ORIENTED_EDGE('',*,*,#2210,.F.);
#2210 = EDGE_CURVE('',#2211,#2203,#2213,.T.);
#2211 = VERTEX_POINT('',#2212);
#2212 = CARTESIAN_POINT('',(72.180383778593,-83.35198139242,1.4));
#2213 = LINE('',#2214,#2215);
#2214 = CARTESIAN_POINT('',(72.180383778593,-83.35198139242,1.4));
#2215 = VECTOR('',#2216,1.);
#2216 = DIRECTION('',(-0.996287196959,-8.609193444327E-02,0.));
#2217 = ORIENTED_EDGE('',*,*,#2218,.F.);
#2218 = EDGE_CURVE('',#2219,#2211,#2221,.T.);
#2219 = VERTEX_POINT('',#2220);
#2220 = CARTESIAN_POINT('',(72.41391009711,-83.33229808966,1.4));
#2221 = LINE('',#2222,#2223);
#2222 = CARTESIAN_POINT('',(72.41391009711,-83.33229808966,1.4));
#2223 = VECTOR('',#2224,1.);
#2224 = DIRECTION('',(-0.996466641122,-8.398948226859E-02,0.));
#2225 = ORIENTED_EDGE('',*,*,#2226,.F.);
#2226 = EDGE_CURVE('',#2227,#2219,#2229,.T.);
#2227 = VERTEX_POINT('',#2228);
#2228 = CARTESIAN_POINT('',(72.647493891296,-83.31310653157,1.4));
#2229 = LINE('',#2230,#2231);
#2230 = CARTESIAN_POINT('',(72.647493891296,-83.31310653157,1.4));
#2231 = VECTOR('',#2232,1.);
#2232 = DIRECTION('',(-0.996641749743,-8.188542403963E-02,0.));
#2233 = ORIENTED_EDGE('',*,*,#2234,.F.);
#2234 = EDGE_CURVE('',#2235,#2227,#2237,.T.);
#2235 = VERTEX_POINT('',#2236);
#2236 = CARTESIAN_POINT('',(72.881134596639,-83.29440712535,1.4));
#2237 = LINE('',#2238,#2239);
#2238 = CARTESIAN_POINT('',(72.881134596639,-83.29440712535,1.4));
#2239 = VECTOR('',#2240,1.);
#2240 = DIRECTION('',(-0.996812513982,-7.977977168004E-02,0.));
#2241 = ORIENTED_EDGE('',*,*,#2242,.F.);
#2242 = EDGE_CURVE('',#2243,#2235,#2245,.T.);
#2243 = VERTEX_POINT('',#2244);
#2244 = CARTESIAN_POINT('',(73.114831648528,-83.27620027814,1.4));
#2245 = LINE('',#2246,#2247);
#2246 = CARTESIAN_POINT('',(73.114831648528,-83.27620027814,1.4));
#2247 = VECTOR('',#2248,1.);
#2248 = DIRECTION('',(-0.996978925035,-7.767253720088E-02,0.));
#2249 = ORIENTED_EDGE('',*,*,#2250,.F.);
#2250 = EDGE_CURVE('',#2251,#2243,#2253,.T.);
#2251 = VERTEX_POINT('',#2252);
#2252 = CARTESIAN_POINT('',(73.34858448224,-83.25848639705,1.4));
#2253 = LINE('',#2254,#2255);
#2254 = CARTESIAN_POINT('',(73.34858448224,-83.25848639705,1.4));
#2255 = VECTOR('',#2256,1.);
#2256 = DIRECTION('',(-0.997140974136,-7.556373270142E-02,0.));
#2257 = ORIENTED_EDGE('',*,*,#2258,.F.);
#2258 = EDGE_CURVE('',#2259,#2251,#2261,.T.);
#2259 = VERTEX_POINT('',#2260);
#2260 = CARTESIAN_POINT('',(73.582392532896,-83.24126588914,1.4));
#2261 = LINE('',#2262,#2263);
#2262 = CARTESIAN_POINT('',(73.582392532896,-83.24126588914,1.4));
#2263 = VECTOR('',#2264,1.);
#2264 = DIRECTION('',(-0.997298652552,-7.345337036838E-02,0.));
#2265 = ORIENTED_EDGE('',*,*,#2266,.F.);
#2266 = EDGE_CURVE('',#2267,#2259,#2269,.T.);
#2267 = VERTEX_POINT('',#2268);
#2268 = CARTESIAN_POINT('',(73.816255235578,-83.2245391614,1.4));
#2269 = LINE('',#2270,#2271);
#2270 = CARTESIAN_POINT('',(73.816255235578,-83.2245391614,1.4));
#2271 = VECTOR('',#2272,1.);
#2272 = DIRECTION('',(-0.997451951591,-7.134146247649E-02,0.));
#2273 = ORIENTED_EDGE('',*,*,#2274,.F.);
#2274 = EDGE_CURVE('',#2275,#2267,#2277,.T.);
#2275 = VERTEX_POINT('',#2276);
#2276 = CARTESIAN_POINT('',(74.050172025171,-83.20830662079,1.4));
#2277 = LINE('',#2278,#2279);
#2278 = CARTESIAN_POINT('',(74.050172025171,-83.20830662079,1.4));
#2279 = VECTOR('',#2280,1.);
#2280 = DIRECTION('',(-0.997600862597,-6.92280213881E-02,0.));
#2281 = ORIENTED_EDGE('',*,*,#2282,.F.);
#2282 = EDGE_CURVE('',#2283,#2275,#2285,.T.);
#2283 = VERTEX_POINT('',#2284);
#2284 = CARTESIAN_POINT('',(74.284142336514,-83.19256867421,1.4));
#2285 = LINE('',#2286,#2287);
#2286 = CARTESIAN_POINT('',(74.284142336514,-83.19256867421,1.4));
#2287 = VECTOR('',#2288,1.);
#2288 = DIRECTION('',(-0.997745376956,-6.711305955329E-02,0.));
#2289 = ORIENTED_EDGE('',*,*,#2290,.F.);
#2290 = EDGE_CURVE('',#2291,#2283,#2293,.T.);
#2291 = VERTEX_POINT('',#2292);
#2292 = CARTESIAN_POINT('',(74.518165604289,-83.17732572852,1.4));
#2293 = LINE('',#2294,#2295);
#2294 = CARTESIAN_POINT('',(74.518165604289,-83.17732572852,1.4));
#2295 = VECTOR('',#2296,1.);
#2296 = DIRECTION('',(-0.997885486091,-6.499658951015E-02,0.));
#2297 = ORIENTED_EDGE('',*,*,#2298,.F.);
#2298 = EDGE_CURVE('',#2299,#2291,#2301,.T.);
#2299 = VERTEX_POINT('',#2300);
#2300 = CARTESIAN_POINT('',(74.752241263092,-83.16257819051,1.4));
#2301 = LINE('',#2302,#2303);
#2302 = CARTESIAN_POINT('',(74.752241263092,-83.16257819051,1.4));
#2303 = VECTOR('',#2304,1.);
#2304 = DIRECTION('',(-0.998021181468,-6.287862388401E-02,0.));
#2305 = ORIENTED_EDGE('',*,*,#2306,.F.);
#2306 = EDGE_CURVE('',#2307,#2299,#2309,.T.);
#2307 = VERTEX_POINT('',#2308);
#2308 = CARTESIAN_POINT('',(74.986368747373,-83.14832646692,1.4));
#2309 = LINE('',#2310,#2311);
#2310 = CARTESIAN_POINT('',(74.986368747373,-83.14832646692,1.4));
#2311 = VECTOR('',#2312,1.);
#2312 = DIRECTION('',(-0.998152454591,-6.075917538841E-02,0.));
#2313 = ORIENTED_EDGE('',*,*,#2314,.F.);
#2314 = EDGE_CURVE('',#2315,#2307,#2317,.T.);
#2315 = VERTEX_POINT('',#2316);
#2316 = CARTESIAN_POINT('',(75.220547491509,-83.13457096445,1.4));
#2317 = LINE('',#2318,#2319);
#2318 = CARTESIAN_POINT('',(75.220547491509,-83.13457096445,1.4));
#2319 = VECTOR('',#2320,1.);
#2320 = DIRECTION('',(-0.998279297009,-5.863825682389E-02,0.));
#2321 = ORIENTED_EDGE('',*,*,#2322,.F.);
#2322 = EDGE_CURVE('',#2323,#2315,#2325,.T.);
#2323 = VERTEX_POINT('',#2324);
#2324 = CARTESIAN_POINT('',(75.454776929727,-83.12131208972,1.4));
#2325 = LINE('',#2326,#2327);
#2326 = CARTESIAN_POINT('',(75.454776929727,-83.12131208972,1.4));
#2327 = VECTOR('',#2328,1.);
#2328 = DIRECTION('',(-0.998401700312,-5.651588107928E-02,0.));
#2329 = ORIENTED_EDGE('',*,*,#2330,.F.);
#2330 = EDGE_CURVE('',#2331,#2323,#2333,.T.);
#2331 = VERTEX_POINT('',#2332);
#2332 = CARTESIAN_POINT('',(75.689056496155,-83.1085502493,1.4));
#2333 = LINE('',#2334,#2335);
#2334 = CARTESIAN_POINT('',(75.689056496155,-83.1085502493,1.4));
#2335 = VECTOR('',#2336,1.);
#2336 = DIRECTION('',(-0.998519656134,-5.439206113038E-02,0.));
#2337 = ORIENTED_EDGE('',*,*,#2338,.F.);
#2338 = EDGE_CURVE('',#2339,#2331,#2341,.T.);
#2339 = VERTEX_POINT('',#2340);
#2340 = CARTESIAN_POINT('',(75.923385624814,-83.09628584973,1.4));
#2341 = LINE('',#2342,#2343);
#2342 = CARTESIAN_POINT('',(75.923385624814,-83.09628584973,1.4));
#2343 = VECTOR('',#2344,1.);
#2344 = DIRECTION('',(-0.998633156153,-5.226681004046E-02,0.));
#2345 = ORIENTED_EDGE('',*,*,#2346,.F.);
#2346 = EDGE_CURVE('',#2347,#2339,#2349,.T.);
#2347 = VERTEX_POINT('',#2348);
#2348 = CARTESIAN_POINT('',(76.157763749601,-83.08451929745,1.4));
#2349 = LINE('',#2350,#2351);
#2350 = CARTESIAN_POINT('',(76.157763749601,-83.08451929745,1.4));
#2351 = VECTOR('',#2352,1.);
#2352 = DIRECTION('',(-0.998742192092,-5.014014096051E-02,0.));
#2353 = ORIENTED_EDGE('',*,*,#2354,.F.);
#2354 = EDGE_CURVE('',#2355,#2347,#2357,.T.);
#2355 = VERTEX_POINT('',#2356);
#2356 = CARTESIAN_POINT('',(76.392190304304,-83.07325099887,1.4));
#2357 = LINE('',#2358,#2359);
#2358 = CARTESIAN_POINT('',(76.392190304304,-83.07325099887,1.4));
#2359 = VECTOR('',#2360,1.);
#2360 = DIRECTION('',(-0.998846755719,-4.801206712869E-02,0.));
#2361 = ORIENTED_EDGE('',*,*,#2362,.F.);
#2362 = EDGE_CURVE('',#2363,#2355,#2365,.T.);
#2363 = VERTEX_POINT('',#2364);
#2364 = CARTESIAN_POINT('',(76.626664722595,-83.06248136032,1.4));
#2365 = LINE('',#2366,#2367);
#2366 = CARTESIAN_POINT('',(76.626664722595,-83.06248136032,1.4));
#2367 = VECTOR('',#2368,1.);
#2368 = DIRECTION('',(-0.998946838849,-4.588260187025E-02,0.));
#2369 = ORIENTED_EDGE('',*,*,#2370,.F.);
#2370 = EDGE_CURVE('',#2371,#2363,#2373,.T.);
#2371 = VERTEX_POINT('',#2372);
#2372 = CARTESIAN_POINT('',(76.861186438039,-83.05221078809,1.4));
#2373 = LINE('',#2374,#2375);
#2374 = CARTESIAN_POINT('',(76.861186438039,-83.05221078809,1.4));
#2375 = VECTOR('',#2376,1.);
#2376 = DIRECTION('',(-0.999042433343,-4.375175859771E-02,0.));
#2377 = ORIENTED_EDGE('',*,*,#2378,.F.);
#2378 = EDGE_CURVE('',#2379,#2371,#2381,.T.);
#2379 = VERTEX_POINT('',#2380);
#2380 = CARTESIAN_POINT('',(77.095754884067,-83.04243968837,1.4));
#2381 = LINE('',#2382,#2383);
#2382 = CARTESIAN_POINT('',(77.095754884067,-83.04243968837,1.4));
#2383 = VECTOR('',#2384,1.);
#2384 = DIRECTION('',(-0.999133531111,-4.161955081055E-02,0.));
#2385 = ORIENTED_EDGE('',*,*,#2386,.F.);
#2386 = EDGE_CURVE('',#2387,#2379,#2389,.T.);
#2387 = VERTEX_POINT('',#2388);
#2388 = CARTESIAN_POINT('',(77.330369494042,-83.03316846734,1.4));
#2389 = LINE('',#2390,#2391);
#2390 = CARTESIAN_POINT('',(77.330369494042,-83.03316846734,1.4));
#2391 = VECTOR('',#2392,1.);
#2392 = DIRECTION('',(-0.999220124111,-3.948599209523E-02,0.));
#2393 = ORIENTED_EDGE('',*,*,#2394,.F.);
#2394 = EDGE_CURVE('',#2395,#2387,#2397,.T.);
#2395 = VERTEX_POINT('',#2396);
#2396 = CARTESIAN_POINT('',(77.565029701159,-83.02439753106,1.4));
#2397 = LINE('',#2398,#2399);
#2398 = CARTESIAN_POINT('',(77.565029701159,-83.02439753106,1.4));
#2399 = VECTOR('',#2400,1.);
#2400 = DIRECTION('',(-0.99930220435,-3.735109612478E-02,0.));
#2401 = ORIENTED_EDGE('',*,*,#2402,.F.);
#2402 = EDGE_CURVE('',#2403,#2395,#2405,.T.);
#2403 = VERTEX_POINT('',#2404);
#2404 = CARTESIAN_POINT('',(77.799734938535,-83.01612728557,1.4));
#2405 = LINE('',#2406,#2407);
#2406 = CARTESIAN_POINT('',(77.799734938535,-83.01612728557,1.4));
#2407 = VECTOR('',#2408,1.);
#2408 = DIRECTION('',(-0.999379763885,-3.521487665938E-02,0.));
#2409 = ORIENTED_EDGE('',*,*,#2410,.F.);
#2410 = EDGE_CURVE('',#2411,#2403,#2413,.T.);
#2411 = VERTEX_POINT('',#2412);
#2412 = CARTESIAN_POINT('',(78.034484639184,-83.00835813682,1.4));
#2413 = LINE('',#2414,#2415);
#2414 = CARTESIAN_POINT('',(78.034484639184,-83.00835813682,1.4));
#2415 = VECTOR('',#2416,1.);
#2416 = DIRECTION('',(-0.999452794823,-3.307734754545E-02,0.));
#2417 = ORIENTED_EDGE('',*,*,#2418,.F.);
#2418 = EDGE_CURVE('',#2419,#2411,#2421,.T.);
#2419 = VERTEX_POINT('',#2420);
#2420 = CARTESIAN_POINT('',(78.269278235966,-83.00109049069,1.4));
#2421 = LINE('',#2422,#2423);
#2422 = CARTESIAN_POINT('',(78.269278235966,-83.00109049069,1.4));
#2423 = VECTOR('',#2424,1.);
#2424 = DIRECTION('',(-0.999521289324,-3.093852271573E-02,0.));
#2425 = ORIENTED_EDGE('',*,*,#2426,.F.);
#2426 = EDGE_CURVE('',#2427,#2419,#2429,.T.);
#2427 = VERTEX_POINT('',#2428);
#2428 = CARTESIAN_POINT('',(78.504115161664,-82.99432475301,1.4));
#2429 = LINE('',#2430,#2431);
#2430 = CARTESIAN_POINT('',(78.504115161664,-82.99432475301,1.4));
#2431 = VECTOR('',#2432,1.);
#2432 = DIRECTION('',(-0.999585239599,-2.879841618964E-02,0.));
#2433 = ORIENTED_EDGE('',*,*,#2434,.F.);
#2434 = EDGE_CURVE('',#2435,#2427,#2437,.T.);
#2435 = VERTEX_POINT('',#2436);
#2436 = CARTESIAN_POINT('',(78.738994848938,-82.98806132952,1.4));
#2437 = LINE('',#2438,#2439);
#2438 = CARTESIAN_POINT('',(78.738994848938,-82.98806132952,1.4));
#2439 = VECTOR('',#2440,1.);
#2440 = DIRECTION('',(-0.999644637913,-2.665704207218E-02,0.));
#2441 = ORIENTED_EDGE('',*,*,#2442,.F.);
#2442 = EDGE_CURVE('',#2443,#2435,#2445,.T.);
#2443 = VERTEX_POINT('',#2444);
#2444 = CARTESIAN_POINT('',(78.973916730345,-82.98230062591,1.4));
#2445 = LINE('',#2446,#2447);
#2446 = CARTESIAN_POINT('',(78.973916730345,-82.98230062591,1.4));
#2447 = VECTOR('',#2448,1.);
#2448 = DIRECTION('',(-0.999699476582,-2.451441455501E-02,0.));
#2449 = ORIENTED_EDGE('',*,*,#2450,.F.);
#2450 = EDGE_CURVE('',#2451,#2443,#2453,.T.);
#2451 = VERTEX_POINT('',#2452);
#2452 = CARTESIAN_POINT('',(79.208880238298,-82.97704304777,1.4));
#2453 = LINE('',#2454,#2455);
#2454 = CARTESIAN_POINT('',(79.208880238298,-82.97704304777,1.4));
#2455 = VECTOR('',#2456,1.);
#2456 = DIRECTION('',(-0.99974974798,-2.237054791481E-02,0.));
#2457 = ORIENTED_EDGE('',*,*,#2458,.F.);
#2458 = EDGE_CURVE('',#2459,#2451,#2461,.T.);
#2459 = VERTEX_POINT('',#2460);
#2460 = CARTESIAN_POINT('',(79.44388480515,-82.97228900066,1.4));
#2461 = LINE('',#2462,#2463);
#2462 = CARTESIAN_POINT('',(79.44388480515,-82.97228900066,1.4));
#2463 = VECTOR('',#2464,1.);
#2464 = DIRECTION('',(-0.999795444533,-2.022545651465E-02,0.));
#2465 = ORIENTED_EDGE('',*,*,#2466,.F.);
#2466 = EDGE_CURVE('',#2467,#2459,#2469,.T.);
#2467 = VERTEX_POINT('',#2468);
#2468 = CARTESIAN_POINT('',(79.678929863108,-82.96803889003,1.4));
#2469 = LINE('',#2470,#2471);
#2470 = CARTESIAN_POINT('',(79.678929863108,-82.96803889003,1.4));
#2471 = VECTOR('',#2472,1.);
#2472 = DIRECTION('',(-0.999836558724,-1.807915480235E-02,0.));
#2473 = ORIENTED_EDGE('',*,*,#2474,.F.);
#2474 = EDGE_CURVE('',#2475,#2467,#2477,.T.);
#2475 = VERTEX_POINT('',#2476);
#2476 = CARTESIAN_POINT('',(79.914014844262,-82.96429312127,1.4));
#2477 = LINE('',#2478,#2479);
#2478 = CARTESIAN_POINT('',(79.914014844262,-82.96429312127,1.4));
#2479 = VECTOR('',#2480,1.);
#2480 = DIRECTION('',(-0.999873083094,-1.593165731159E-02,0.));
#2481 = ORIENTED_EDGE('',*,*,#2482,.F.);
#2482 = EDGE_CURVE('',#2483,#2475,#2485,.T.);
#2483 = VERTEX_POINT('',#2484);
#2484 = CARTESIAN_POINT('',(80.149139180634,-82.96105209969,1.4));
#2485 = LINE('',#2486,#2487);
#2486 = CARTESIAN_POINT('',(80.149139180634,-82.96105209969,1.4));
#2487 = VECTOR('',#2488,1.);
#2488 = DIRECTION('',(-0.999905010238,-1.37829786607E-02,0.));
#2489 = ORIENTED_EDGE('',*,*,#2490,.F.);
#2490 = EDGE_CURVE('',#2491,#2483,#2493,.T.);
#2491 = VERTEX_POINT('',#2492);
#2492 = CARTESIAN_POINT('',(80.384302304083,-82.95831623054,1.4));
#2493 = LINE('',#2494,#2495);
#2494 = CARTESIAN_POINT('',(80.384302304083,-82.95831623054,1.4));
#2495 = VECTOR('',#2496,1.);
#2496 = DIRECTION('',(-0.999932332812,-1.163313355294E-02,0.));
#2497 = ORIENTED_EDGE('',*,*,#2498,.F.);
#2498 = EDGE_CURVE('',#2499,#2491,#2501,.T.);
#2499 = VERTEX_POINT('',#2500);
#2500 = CARTESIAN_POINT('',(80.61950364639,-82.95608591898,1.4));
#2501 = LINE('',#2502,#2503);
#2502 = CARTESIAN_POINT('',(80.61950364639,-82.95608591898,1.4));
#2503 = VECTOR('',#2504,1.);
#2504 = DIRECTION('',(-0.999955043531,-9.482136776458E-03,0.));
#2505 = ORIENTED_EDGE('',*,*,#2506,.F.);
#2506 = EDGE_CURVE('',#2507,#2499,#2509,.T.);
#2507 = VERTEX_POINT('',#2508);
#2508 = CARTESIAN_POINT('',(80.854742639229,-82.95436157008,1.4));
#2509 = LINE('',#2510,#2511);
#2510 = CARTESIAN_POINT('',(80.854742639229,-82.95436157008,1.4));
#2511 = VECTOR('',#2512,1.);
#2512 = DIRECTION('',(-0.999973135166,-7.330003203589E-03,0.));
#2513 = ORIENTED_EDGE('',*,*,#2514,.F.);
#2514 = EDGE_CURVE('',#2515,#2507,#2517,.T.);
#2515 = VERTEX_POINT('',#2516);
#2516 = CARTESIAN_POINT('',(81.090018714136,-82.95314358886,1.4));
#2517 = LINE('',#2518,#2519);
#2518 = CARTESIAN_POINT('',(81.090018714136,-82.95314358886,1.4));
#2519 = VECTOR('',#2520,1.);
#2520 = DIRECTION('',(-0.999986600551,-5.17674779089E-03,0.));
#2521 = ORIENTED_EDGE('',*,*,#2522,.F.);
#2522 = EDGE_CURVE('',#2523,#2515,#2525,.T.);
#2523 = VERTEX_POINT('',#2524);
#2524 = CARTESIAN_POINT('',(81.325331302577,-82.95243238024,1.4));
#2525 = LINE('',#2526,#2527);
#2526 = CARTESIAN_POINT('',(81.325331302577,-82.95243238024,1.4));
#2527 = VECTOR('',#2528,1.);
#2528 = DIRECTION('',(-0.999995432582,-3.022385578891E-03,0.));
#2529 = ORIENTED_EDGE('',*,*,#2530,.F.);
#2530 = EDGE_CURVE('',#2531,#2523,#2533,.T.);
#2531 = VERTEX_POINT('',#2532);
#2532 = CARTESIAN_POINT('',(81.560679835883,-82.95222834906,1.4));
#2533 = LINE('',#2534,#2535);
#2534 = CARTESIAN_POINT('',(81.560679835883,-82.95222834906,1.4));
#2535 = VECTOR('',#2536,1.);
#2536 = DIRECTION('',(-0.999999624215,-8.669316917876E-04,0.));
#2537 = ORIENTED_EDGE('',*,*,#2538,.F.);
#2538 = EDGE_CURVE('',#2539,#2531,#2541,.T.);
#2539 = VERTEX_POINT('',#2540);
#2540 = CARTESIAN_POINT('',(81.796063745276,-82.95253190009,1.4));
#2541 = LINE('',#2542,#2543);
#2542 = CARTESIAN_POINT('',(81.796063745276,-82.95253190009,1.4));
#2543 = VECTOR('',#2544,1.);
#2544 = DIRECTION('',(-0.999999168467,1.289598662522E-03,0.));
#2545 = ORIENTED_EDGE('',*,*,#2546,.F.);
#2546 = EDGE_CURVE('',#2547,#2539,#2549,.T.);
#2547 = VERTEX_POINT('',#2548);
#2548 = CARTESIAN_POINT('',(82.031482461884,-82.953343438,1.4));
#2549 = LINE('',#2550,#2551);
#2550 = CARTESIAN_POINT('',(82.031482461884,-82.953343438,1.4));
#2551 = VECTOR('',#2552,1.);
#2552 = DIRECTION('',(-0.999994058422,3.447190193278E-03,0.));
#2553 = ORIENTED_EDGE('',*,*,#2554,.F.);
#2554 = EDGE_CURVE('',#2555,#2547,#2557,.T.);
#2555 = VERTEX_POINT('',#2556);
#2556 = CARTESIAN_POINT('',(82.266935416715,-82.95466336739,1.4));
#2557 = LINE('',#2558,#2559);
#2558 = CARTESIAN_POINT('',(82.266935416715,-82.95466336739,1.4));
#2559 = VECTOR('',#2560,1.);
#2560 = DIRECTION('',(-0.999984287225,5.60582752643E-03,0.));
#2561 = ORIENTED_EDGE('',*,*,#2562,.F.);
#2562 = EDGE_CURVE('',#2563,#2555,#2565,.T.);
#2563 = VERTEX_POINT('',#2564);
#2564 = CARTESIAN_POINT('',(82.502422040691,-82.95649209278,1.4));
#2565 = LINE('',#2566,#2567);
#2566 = CARTESIAN_POINT('',(82.502422040691,-82.95649209278,1.4));
#2567 = VECTOR('',#2568,1.);
#2568 = DIRECTION('',(-0.999969848088,7.765495205717E-03,0.));
#2569 = ORIENTED_EDGE('',*,*,#2570,.F.);
#2570 = EDGE_CURVE('',#2571,#2563,#2573,.T.);
#2571 = VERTEX_POINT('',#2572);
#2572 = CARTESIAN_POINT('',(82.737941764586,-82.95883001859,1.4));
#2573 = LINE('',#2574,#2575);
#2574 = CARTESIAN_POINT('',(82.737941764586,-82.95883001859,1.4));
#2575 = VECTOR('',#2576,1.);
#2576 = DIRECTION('',(-0.999950734285,9.926177692056E-03,0.));
#2577 = ORIENTED_EDGE('',*,*,#2578,.F.);
#2578 = EDGE_CURVE('',#2579,#2571,#2581,.T.);
#2579 = VERTEX_POINT('',#2580);
#2580 = CARTESIAN_POINT('',(82.973494019113,-82.96167754916,1.4));
#2581 = LINE('',#2582,#2583);
#2582 = CARTESIAN_POINT('',(82.973494019113,-82.96167754916,1.4));
#2583 = VECTOR('',#2584,1.);
#2584 = DIRECTION('',(-0.999926939159,1.208785936457E-02,0.));
#2585 = ORIENTED_EDGE('',*,*,#2586,.F.);
#2586 = EDGE_CURVE('',#2587,#2579,#2589,.T.);
#2587 = VERTEX_POINT('',#2588);
#2588 = CARTESIAN_POINT('',(83.209078234851,-82.96503508874,1.4));
#2589 = LINE('',#2590,#2591);
#2590 = CARTESIAN_POINT('',(83.209078234851,-82.96503508874,1.4));
#2591 = VECTOR('',#2592,1.);
#2592 = DIRECTION('',(-0.99989845612,1.425052452037E-02,0.));
#2593 = ORIENTED_EDGE('',*,*,#2594,.F.);
#2594 = EDGE_CURVE('',#2595,#2587,#2597,.T.);
#2595 = VERTEX_POINT('',#2596);
#2596 = CARTESIAN_POINT('',(83.444693842287,-82.9689030415,1.4));
#2597 = LINE('',#2598,#2599);
#2598 = CARTESIAN_POINT('',(83.444693842287,-82.9689030415,1.4));
#2599 = VECTOR('',#2600,1.);
#2600 = DIRECTION('',(-0.999865278644,1.641415737538E-02,0.));
#2601 = ORIENTED_EDGE('',*,*,#2602,.F.);
#2602 = EDGE_CURVE('',#2603,#2595,#2605,.T.);
#2603 = VERTEX_POINT('',#2604);
#2604 = CARTESIAN_POINT('',(83.680340271783,-82.9732818115,1.4));
#2605 = LINE('',#2606,#2607);
#2606 = CARTESIAN_POINT('',(83.680340271783,-82.9732818115,1.4));
#2607 = VECTOR('',#2608,1.);
#2608 = DIRECTION('',(-0.999827400276,1.857874206409E-02,0.));
#2609 = ORIENTED_EDGE('',*,*,#2610,.F.);
#2610 = EDGE_CURVE('',#2611,#2603,#2613,.T.);
#2611 = VERTEX_POINT('',#2612);
#2612 = CARTESIAN_POINT('',(83.916016953623,-82.97817180275,1.4));
#2613 = LINE('',#2614,#2615);
#2614 = CARTESIAN_POINT('',(83.916016953623,-82.97817180275,1.4));
#2615 = VECTOR('',#2616,1.);
#2616 = DIRECTION('',(-0.999784814631,2.07442626404E-02,0.));
#2617 = ORIENTED_EDGE('',*,*,#2618,.F.);
#2618 = EDGE_CURVE('',#2619,#2611,#2621,.T.);
#2619 = VERTEX_POINT('',#2620);
#2620 = CARTESIAN_POINT('',(84.151723317962,-82.98357341911,1.4));
#2621 = LINE('',#2622,#2623);
#2622 = CARTESIAN_POINT('',(84.151723317962,-82.98357341911,1.4));
#2623 = VECTOR('',#2624,1.);
#2624 = DIRECTION('',(-0.999737515393,2.29107030774E-02,0.));
#2625 = ORIENTED_EDGE('',*,*,#2626,.F.);
#2626 = EDGE_CURVE('',#2627,#2619,#2629,.T.);
#2627 = VERTEX_POINT('',#2628);
#2628 = CARTESIAN_POINT('',(84.38745879488,-82.98948706441,1.4));
#2629 = LINE('',#2630,#2631);
#2630 = CARTESIAN_POINT('',(84.38745879488,-82.98948706441,1.4));
#2631 = VECTOR('',#2632,1.);
#2632 = DIRECTION('',(-0.999685496316,2.507804726839E-02,0.));
#2633 = ORIENTED_EDGE('',*,*,#2634,.F.);
#2634 = EDGE_CURVE('',#2635,#2627,#2637,.T.);
#2635 = VERTEX_POINT('',#2636);
#2636 = CARTESIAN_POINT('',(84.623222814324,-82.99591314234,1.4));
#2637 = LINE('',#2638,#2639);
#2638 = CARTESIAN_POINT('',(84.623222814324,-82.99591314234,1.4));
#2639 = VECTOR('',#2640,1.);
#2640 = DIRECTION('',(-0.999628751227,2.724627902653E-02,0.));
#2641 = ORIENTED_EDGE('',*,*,#2642,.F.);
#2642 = EDGE_CURVE('',#2643,#2635,#2645,.T.);
#2643 = VERTEX_POINT('',#2644);
#2644 = CARTESIAN_POINT('',(84.859014806139,-83.00285205652,1.4));
#2645 = LINE('',#2646,#2647);
#2646 = CARTESIAN_POINT('',(84.859014806139,-83.00285205652,1.4));
#2647 = VECTOR('',#2648,1.);
#2648 = DIRECTION('',(-0.999567274022,2.941538208572E-02,0.));
#2649 = ORIENTED_EDGE('',*,*,#2650,.F.);
#2650 = EDGE_CURVE('',#2651,#2643,#2653,.T.);
#2651 = VERTEX_POINT('',#2652);
#2652 = CARTESIAN_POINT('',(85.094834200102,-83.01030421047,1.4));
#2653 = LINE('',#2654,#2655);
#2654 = CARTESIAN_POINT('',(85.094834200102,-83.01030421047,1.4));
#2655 = VECTOR('',#2656,1.);
#2656 = DIRECTION('',(-0.999501058674,3.158534010065E-02,0.));
#2657 = ORIENTED_EDGE('',*,*,#2658,.F.);
#2658 = EDGE_CURVE('',#2659,#2651,#2661,.T.);
#2659 = VERTEX_POINT('',#2660);
#2660 = CARTESIAN_POINT('',(85.330680425851,-83.01827000761,1.4));
#2661 = LINE('',#2662,#2663);
#2662 = CARTESIAN_POINT('',(85.330680425851,-83.01827000761,1.4));
#2663 = VECTOR('',#2664,1.);
#2664 = DIRECTION('',(-0.999430099226,3.375613664756E-02,0.));
#2665 = ORIENTED_EDGE('',*,*,#2666,.F.);
#2666 = EDGE_CURVE('',#2667,#2659,#2669,.T.);
#2667 = VERTEX_POINT('',#2668);
#2668 = CARTESIAN_POINT('',(85.566552912934,-83.02674985126,1.4));
#2669 = LINE('',#2670,#2671);
#2670 = CARTESIAN_POINT('',(85.566552912934,-83.02674985126,1.4));
#2671 = VECTOR('',#2672,1.);
#2672 = DIRECTION('',(-0.999354389796,3.592775522393E-02,0.));
#2673 = ORIENTED_EDGE('',*,*,#2674,.F.);
#2674 = EDGE_CURVE('',#2675,#2667,#2677,.T.);
#2675 = VERTEX_POINT('',#2676);
#2676 = CARTESIAN_POINT('',(85.8024510908,-83.03574414466,1.4));
#2677 = LINE('',#2678,#2679);
#2678 = CARTESIAN_POINT('',(85.8024510908,-83.03574414466,1.4));
#2679 = VECTOR('',#2680,1.);
#2680 = DIRECTION('',(-0.999273924578,3.810017924948E-02,0.));
#2681 = ORIENTED_EDGE('',*,*,#2682,.F.);
#2682 = EDGE_CURVE('',#2683,#2675,#2685,.T.);
#2683 = VERTEX_POINT('',#2684);
#2684 = CARTESIAN_POINT('',(86.038374388799,-83.04525329093,1.4));
#2685 = LINE('',#2686,#2687);
#2686 = CARTESIAN_POINT('',(86.038374388799,-83.04525329093,1.4));
#2687 = VECTOR('',#2688,1.);
#2688 = DIRECTION('',(-0.99918869784,4.027339206661E-02,0.));
#2689 = ORIENTED_EDGE('',*,*,#2690,.F.);
#2690 = EDGE_CURVE('',#2691,#2683,#2693,.T.);
#2691 = VERTEX_POINT('',#2692);
#2692 = CARTESIAN_POINT('',(86.27432223619,-83.0552776931,1.4));
#2693 = LINE('',#2694,#2695);
#2694 = CARTESIAN_POINT('',(86.27432223619,-83.0552776931,1.4));
#2695 = VECTOR('',#2696,1.);
#2696 = DIRECTION('',(-0.999098703928,4.244737694025E-02,0.));
#2697 = ORIENTED_EDGE('',*,*,#2698,.F.);
#2698 = EDGE_CURVE('',#2699,#2691,#2701,.T.);
#2699 = VERTEX_POINT('',#2700);
#2700 = CARTESIAN_POINT('',(86.5102940621,-83.0658177541,1.4));
#2701 = LINE('',#2702,#2703);
#2702 = CARTESIAN_POINT('',(86.5102940621,-83.0658177541,1.4));
#2703 = VECTOR('',#2704,1.);
#2704 = DIRECTION('',(-0.999003937264,4.462211705884E-02,0.));
#2705 = ORIENTED_EDGE('',*,*,#2706,.F.);
#2706 = EDGE_CURVE('',#2707,#2699,#2709,.T.);
#2707 = VERTEX_POINT('',#2708);
#2708 = CARTESIAN_POINT('',(86.74628929559,-83.07687387676,1.4));
#2709 = LINE('',#2710,#2711);
#2710 = CARTESIAN_POINT('',(86.74628929559,-83.07687387676,1.4));
#2711 = VECTOR('',#2712,1.);
#2712 = DIRECTION('',(-0.998904392348,4.679759553438E-02,0.));
#2713 = ORIENTED_EDGE('',*,*,#2714,.F.);
#2714 = EDGE_CURVE('',#2715,#2707,#2717,.T.);
#2715 = VERTEX_POINT('',#2716);
#2716 = CARTESIAN_POINT('',(86.98230736562,-83.0884464638,1.4));
#2717 = LINE('',#2718,#2719);
#2718 = CARTESIAN_POINT('',(86.98230736562,-83.0884464638,1.4));
#2719 = VECTOR('',#2720,1.);
#2720 = DIRECTION('',(-0.998800063758,4.897379540291E-02,0.));
#2721 = ORIENTED_EDGE('',*,*,#2722,.F.);
#2722 = EDGE_CURVE('',#2723,#2715,#2725,.T.);
#2723 = VERTEX_POINT('',#2724);
#2724 = CARTESIAN_POINT('',(87.218347701022,-83.10053591784,1.4));
#2725 = LINE('',#2726,#2727);
#2726 = CARTESIAN_POINT('',(87.218347701022,-83.10053591784,1.4));
#2727 = VECTOR('',#2728,1.);
#2728 = DIRECTION('',(-0.998690946153,5.115069962527E-02,0.));
#2729 = ORIENTED_EDGE('',*,*,#2730,.F.);
#2730 = EDGE_CURVE('',#2731,#2723,#2733,.T.);
#2731 = VERTEX_POINT('',#2732);
#2732 = CARTESIAN_POINT('',(87.45440973057,-83.1131426414,1.4));
#2733 = LINE('',#2734,#2735);
#2734 = CARTESIAN_POINT('',(87.45440973057,-83.1131426414,1.4));
#2735 = VECTOR('',#2736,1.);
#2736 = DIRECTION('',(-0.998577034269,5.332829108719E-02,0.));
#2737 = ORIENTED_EDGE('',*,*,#2738,.F.);
#2738 = EDGE_CURVE('',#2739,#2731,#2741,.T.);
#2739 = VERTEX_POINT('',#2740);
#2740 = CARTESIAN_POINT('',(87.690492882914,-83.12626703689,1.4));
#2741 = LINE('',#2742,#2743);
#2742 = CARTESIAN_POINT('',(87.690492882914,-83.12626703689,1.4));
#2743 = VECTOR('',#2744,1.);
#2744 = DIRECTION('',(-0.998458322925,5.550655259995E-02,0.));
#2745 = ORIENTED_EDGE('',*,*,#2746,.F.);
#2746 = EDGE_CURVE('',#2747,#2739,#2749,.T.);
#2747 = VERTEX_POINT('',#2748);
#2748 = CARTESIAN_POINT('',(87.926596586627,-83.13990950662,1.4));
#2749 = LINE('',#2750,#2751);
#2750 = CARTESIAN_POINT('',(87.926596586627,-83.13990950662,1.4));
#2751 = VECTOR('',#2752,1.);
#2752 = DIRECTION('',(-0.99833480702,5.768546690059E-02,0.));
#2753 = ORIENTED_EDGE('',*,*,#2754,.F.);
#2754 = EDGE_CURVE('',#2755,#2747,#2757,.T.);
#2755 = VERTEX_POINT('',#2756);
#2756 = CARTESIAN_POINT('',(88.162720270167,-83.15407045279,1.4));
#2757 = LINE('',#2758,#2759);
#2758 = CARTESIAN_POINT('',(88.162720270167,-83.15407045279,1.4));
#2759 = VECTOR('',#2760,1.);
#2760 = DIRECTION('',(-0.998206481536,5.986501665261E-02,0.));
#2761 = ORIENTED_EDGE('',*,*,#2762,.F.);
#2762 = EDGE_CURVE('',#2763,#2755,#2765,.T.);
#2763 = VERTEX_POINT('',#2764);
#2764 = CARTESIAN_POINT('',(88.39886336192,-83.16875027748,1.4));
#2765 = LINE('',#2766,#2767);
#2766 = CARTESIAN_POINT('',(88.39886336192,-83.16875027748,1.4));
#2767 = VECTOR('',#2768,1.);
#2768 = DIRECTION('',(-0.998073341537,6.204518444643E-02,0.));
#2769 = ORIENTED_EDGE('',*,*,#2770,.F.);
#2770 = EDGE_CURVE('',#2771,#2763,#2773,.T.);
#2771 = VERTEX_POINT('',#2772);
#2772 = CARTESIAN_POINT('',(88.635025290146,-83.18394938268,1.4));
#2773 = LINE('',#2774,#2775);
#2774 = CARTESIAN_POINT('',(88.635025290146,-83.18394938268,1.4));
#2775 = VECTOR('',#2776,1.);
#2776 = DIRECTION('',(-0.99793538217,6.422595280021E-02,0.));
#2777 = ORIENTED_EDGE('',*,*,#2778,.F.);
#2778 = EDGE_CURVE('',#2779,#2771,#2781,.T.);
#2779 = VERTEX_POINT('',#2780);
#2780 = CARTESIAN_POINT('',(88.871205483052,-83.19966817026,1.4));
#2781 = LINE('',#2782,#2783);
#2782 = CARTESIAN_POINT('',(88.871205483052,-83.19966817026,1.4));
#2783 = VECTOR('',#2784,1.);
#2784 = DIRECTION('',(-0.997792598667,6.640730415931E-02,0.));
#2785 = ORIENTED_EDGE('',*,*,#2786,.F.);
#2786 = EDGE_CURVE('',#2787,#2779,#2789,.T.);
#2787 = VERTEX_POINT('',#2788);
#2788 = CARTESIAN_POINT('',(89.107403368723,-83.21590704198,1.4));
#2789 = LINE('',#2790,#2791);
#2790 = CARTESIAN_POINT('',(89.107403368723,-83.21590704198,1.4));
#2791 = VECTOR('',#2792,1.);
#2792 = DIRECTION('',(-0.997644986344,6.858922089774E-02,0.));
#2793 = ORIENTED_EDGE('',*,*,#2794,.F.);
#2794 = EDGE_CURVE('',#2795,#2787,#2797,.T.);
#2795 = VERTEX_POINT('',#2796);
#2796 = CARTESIAN_POINT('',(89.343618375149,-83.23266639949,1.4));
#2797 = LINE('',#2798,#2799);
#2798 = CARTESIAN_POINT('',(89.343618375149,-83.23266639949,1.4));
#2799 = VECTOR('',#2800,1.);
#2800 = DIRECTION('',(-0.997492540602,7.077168531863E-02,0.));
#2801 = ORIENTED_EDGE('',*,*,#2802,.F.);
#2802 = EDGE_CURVE('',#2803,#2795,#2805,.T.);
#2803 = VERTEX_POINT('',#2804);
#2804 = CARTESIAN_POINT('',(89.579849930259,-83.24994664433,1.4));
#2805 = LINE('',#2806,#2807);
#2806 = CARTESIAN_POINT('',(89.579849930259,-83.24994664433,1.4));
#2807 = VECTOR('',#2808,1.);
#2808 = DIRECTION('',(-0.99733525693,7.295467965433E-02,0.));
#2809 = ORIENTED_EDGE('',*,*,#2810,.F.);
#2810 = EDGE_CURVE('',#2811,#2803,#2813,.T.);
#2811 = VERTEX_POINT('',#2812);
#2812 = CARTESIAN_POINT('',(89.816097461863,-83.26774817792,1.4));
#2813 = LINE('',#2814,#2815);
#2814 = CARTESIAN_POINT('',(89.816097461863,-83.26774817792,1.4));
#2815 = VECTOR('',#2816,1.);
#2816 = DIRECTION('',(-0.997173130903,7.513818606699E-02,0.));
#2817 = ORIENTED_EDGE('',*,*,#2818,.F.);
#2818 = EDGE_CURVE('',#2819,#2811,#2821,.T.);
#2819 = VERTEX_POINT('',#2820);
#2820 = CARTESIAN_POINT('',(90.052360397685,-83.28607140158,1.4));
#2821 = LINE('',#2822,#2823);
#2822 = CARTESIAN_POINT('',(90.052360397685,-83.28607140158,1.4));
#2823 = VECTOR('',#2824,1.);
#2824 = DIRECTION('',(-0.997006158181,7.732218664957E-02,0.));
#2825 = ORIENTED_EDGE('',*,*,#2826,.F.);
#2826 = EDGE_CURVE('',#2827,#2819,#2829,.T.);
#2827 = VERTEX_POINT('',#2828);
#2828 = CARTESIAN_POINT('',(90.288638165377,-83.30491671649,1.4));
#2829 = LINE('',#2830,#2831);
#2830 = CARTESIAN_POINT('',(90.288638165377,-83.30491671649,1.4));
#2831 = VECTOR('',#2832,1.);
#2832 = DIRECTION('',(-0.996834334516,7.950666342589E-02,0.));
#2833 = ORIENTED_EDGE('',*,*,#2834,.F.);
#2834 = EDGE_CURVE('',#2835,#2827,#2837,.T.);
#2835 = VERTEX_POINT('',#2836);
#2836 = CARTESIAN_POINT('',(90.49935419092,-83.32218817257,1.4));
#2837 = LINE('',#2838,#2839);
#2838 = CARTESIAN_POINT('',(90.49935419092,-83.32218817257,1.4));
#2839 = VECTOR('',#2840,1.);
#2840 = DIRECTION('',(-0.996657655747,8.169159835109E-02,0.));
#2841 = ORIENTED_EDGE('',*,*,#2842,.F.);
#2842 = EDGE_CURVE('',#2843,#2835,#2845,.T.);
#2843 = VERTEX_POINT('',#2844);
#2844 = CARTESIAN_POINT('',(92.247836141086,-63.33694803174,1.4));
#2845 = LINE('',#2846,#2847);
#2846 = CARTESIAN_POINT('',(92.247836141086,-63.33694803174,1.4));
#2847 = VECTOR('',#2848,1.);
#2848 = DIRECTION('',(-8.715574274766E-02,-0.996194698092,0.));
#2849 = ORIENTED_EDGE('',*,*,#2850,.F.);
#2850 = EDGE_CURVE('',#2851,#2843,#2853,.T.);
#2851 = VERTEX_POINT('',#2852);
#2852 = CARTESIAN_POINT('',(92.269765860372,-63.17381427508,1.4));
#2853 = LINE('',#2854,#2855);
#2854 = CARTESIAN_POINT('',(92.269765860372,-63.17381427508,1.4));
#2855 = VECTOR('',#2856,1.);
#2856 = DIRECTION('',(-0.133229449946,-0.991085220184,0.));
#2857 = ORIENTED_EDGE('',*,*,#2858,.F.);
#2858 = EDGE_CURVE('',#2859,#2851,#2861,.T.);
#2859 = VERTEX_POINT('',#2860);
#2860 = CARTESIAN_POINT('',(92.313476771235,-62.98400927308,1.4));
#2861 = LINE('',#2862,#2863);
#2862 = CARTESIAN_POINT('',(92.313476771235,-62.98400927308,1.4));
#2863 = VECTOR('',#2864,1.);
#2864 = DIRECTION('',(-0.224419584481,-0.97449261162,0.));
#2865 = ORIENTED_EDGE('',*,*,#2866,.F.);
#2866 = EDGE_CURVE('',#2867,#2859,#2869,.T.);
#2867 = VERTEX_POINT('',#2868);
#2868 = CARTESIAN_POINT('',(92.374573553966,-62.7990666721,1.4));
#2869 = LINE('',#2870,#2871);
#2870 = CARTESIAN_POINT('',(92.374573553966,-62.7990666721,1.4));
#2871 = VECTOR('',#2872,1.);
#2872 = DIRECTION('',(-0.313681740399,-0.949528180593,0.));
#2873 = ORIENTED_EDGE('',*,*,#2874,.F.);
#2874 = EDGE_CURVE('',#2875,#2867,#2877,.T.);
#2875 = VERTEX_POINT('',#2876);
#2876 = CARTESIAN_POINT('',(92.452531328838,-62.62057530578,1.4));
#2877 = LINE('',#2878,#2879);
#2878 = CARTESIAN_POINT('',(92.452531328838,-62.62057530578,1.4));
#2879 = VECTOR('',#2880,1.);
#2880 = DIRECTION('',(-0.400249070508,-0.916406395415,0.));
#2881 = ORIENTED_EDGE('',*,*,#2882,.F.);
#2882 = EDGE_CURVE('',#2883,#2875,#2885,.T.);
#2883 = VERTEX_POINT('',#2884);
#2884 = CARTESIAN_POINT('',(92.54668036409,-62.45006858545,1.4));
#2885 = LINE('',#2886,#2887);
#2886 = CARTESIAN_POINT('',(92.54668036409,-62.45006858545,1.4));
#2887 = VECTOR('',#2888,1.);
#2888 = DIRECTION('',(-0.483377878745,-0.875411803861,0.));
#2889 = ORIENTED_EDGE('',*,*,#2890,.F.);
#2890 = EDGE_CURVE('',#2891,#2883,#2893,.T.);
#2891 = VERTEX_POINT('',#2892);
#2892 = CARTESIAN_POINT('',(92.656211829571,-62.28901132674,1.4));
#2893 = LINE('',#2894,#2895);
#2894 = CARTESIAN_POINT('',(92.656211829571,-62.28901132674,1.4));
#2895 = VECTOR('',#2896,1.);
#2896 = DIRECTION('',(-0.562354009235,-0.826896588636,0.));
#2897 = ORIENTED_EDGE('',*,*,#2898,.F.);
#2898 = EDGE_CURVE('',#2899,#2891,#2901,.T.);
#2899 = VERTEX_POINT('',#2900);
#2900 = CARTESIAN_POINT('',(92.780184745356,-62.13878716535,1.4));
#2901 = LINE('',#2902,#2903);
#2902 = CARTESIAN_POINT('',(92.780184745356,-62.13878716535,1.4));
#2903 = VECTOR('',#2904,1.);
#2904 = DIRECTION('',(-0.636498981571,-0.771277541783,0.));
#2905 = ORIENTED_EDGE('',*,*,#2906,.F.);
#2906 = EDGE_CURVE('',#2907,#2899,#2909,.T.);
#2907 = VERTEX_POINT('',#2908);
#2908 = CARTESIAN_POINT('',(92.917534065669,-62.00068667033,1.4));
#2909 = LINE('',#2910,#2911);
#2910 = CARTESIAN_POINT('',(92.917534065669,-62.00068667033,1.4));
#2911 = VECTOR('',#2912,1.);
#2912 = DIRECTION('',(-0.705175819611,-0.709032484048,0.));
#2913 = ORIENTED_EDGE('',*,*,#2914,.F.);
#2914 = EDGE_CURVE('',#2915,#2907,#2917,.T.);
#2915 = VERTEX_POINT('',#2916);
#2916 = CARTESIAN_POINT('',(93.067079828638,-61.87589625686,1.4));
#2917 = LINE('',#2918,#2919);
#2918 = CARTESIAN_POINT('',(93.067079828638,-61.87589625686,1.4));
#2919 = VECTOR('',#2920,1.);
#2920 = DIRECTION('',(-0.76779452371,-0.64069615994,0.));
#2921 = ORIENTED_EDGE('',*,*,#2922,.F.);
#2922 = EDGE_CURVE('',#2923,#2915,#2925,.T.);
#2923 = VERTEX_POINT('',#2924);
#2924 = CARTESIAN_POINT('',(93.227537293299,-61.76548799382,1.4));
#2925 = LINE('',#2926,#2927);
#2926 = CARTESIAN_POINT('',(93.227537293299,-61.76548799382,1.4));
#2927 = VECTOR('',#2928,1.);
#2928 = DIRECTION('',(-0.823817139378,-0.566855643764,0.));
#2929 = ORIENTED_EDGE('',*,*,#2930,.F.);
#2930 = EDGE_CURVE('',#2931,#2923,#2933,.T.);
#2931 = VERTEX_POINT('',#2932);
#2932 = CARTESIAN_POINT('',(93.397527976747,-61.67041039364,1.4));
#2933 = LINE('',#2934,#2935);
#2934 = CARTESIAN_POINT('',(93.397527976747,-61.67041039364,1.4));
#2935 = VECTOR('',#2936,1.);
#2936 = DIRECTION('',(-0.872762378831,-0.488145296092,0.));
#2937 = ORIENTED_EDGE('',*,*,#2938,.F.);
#2938 = EDGE_CURVE('',#2939,#2931,#2941,.T.);
#2939 = VERTEX_POINT('',#2940);
#2940 = CARTESIAN_POINT('',(93.57559149662,-61.59148026374,1.4));
#2941 = LINE('',#2942,#2943);
#2942 = CARTESIAN_POINT('',(93.57559149662,-61.59148026374,1.4));
#2943 = VECTOR('',#2944,1.);
#2944 = DIRECTION('',(-0.914209755704,-0.405241314005,0.));
#2945 = ORIENTED_EDGE('',*,*,#2946,.F.);
#2946 = EDGE_CURVE('',#2947,#2939,#2949,.T.);
#2947 = VERTEX_POINT('',#2948);
#2948 = CARTESIAN_POINT('',(93.760198117178,-61.52937568935,1.4));
#2949 = LINE('',#2950,#2951);
#2950 = CARTESIAN_POINT('',(93.760198117178,-61.52937568935,1.4));
#2951 = VECTOR('',#2952,1.);
#2952 = DIRECTION('',(-0.947803197434,-0.318855921905,0.));
#2953 = ORIENTED_EDGE('',*,*,#2954,.F.);
#2954 = EDGE_CURVE('',#2955,#2947,#2957,.T.);
#2955 = VERTEX_POINT('',#2956);
#2956 = CARTESIAN_POINT('',(93.949761891197,-61.48463020807,1.4));
#2957 = LINE('',#2958,#2959);
#2958 = CARTESIAN_POINT('',(93.949761891197,-61.48463020807,1.4));
#2959 = VECTOR('',#2960,1.);
#2960 = DIRECTION('',(-0.973254104266,-0.229731252834,0.));
#2961 = ORIENTED_EDGE('',*,*,#2962,.F.);
#2962 = EDGE_CURVE('',#2963,#2955,#2965,.T.);
#2963 = VERTEX_POINT('',#2964);
#2964 = CARTESIAN_POINT('',(94.142654284769,-61.45762822635,1.4));
#2965 = LINE('',#2966,#2967);
#2966 = CARTESIAN_POINT('',(94.142654284769,-61.45762822635,1.4));
#2967 = VECTOR('',#2968,1.);
#2968 = DIRECTION('',(-0.990343828598,-0.13863297284,0.));
#2969 = ORIENTED_EDGE('',*,*,#2970,.F.);
#2970 = EDGE_CURVE('',#2971,#2963,#2973,.T.);
#2971 = VERTEX_POINT('',#2972);
#2972 = CARTESIAN_POINT('',(94.307078569205,-61.45,1.4));
#2973 = LINE('',#2974,#2975);
#2974 = CARTESIAN_POINT('',(94.307078569205,-61.45,1.4));
#2975 = VECTOR('',#2976,1.);
#2976 = DIRECTION('',(-0.99892555337,-4.634370317406E-02,0.));
#2977 = ORIENTED_EDGE('',*,*,#2978,.F.);
#2978 = EDGE_CURVE('',#2979,#2971,#2981,.T.);
#2979 = VERTEX_POINT('',#2980);
#2980 = CARTESIAN_POINT('',(117.48191320874,-61.45,1.4));
#2981 = LINE('',#2982,#2983);
#2982 = CARTESIAN_POINT('',(117.48191320874,-61.45,1.4));
#2983 = VECTOR('',#2984,1.);
#2984 = DIRECTION('',(-1.,-3.066009949205E-16,0.));
#2985 = ORIENTED_EDGE('',*,*,#2986,.F.);
#2986 = EDGE_CURVE('',#2987,#2979,#2989,.T.);
#2987 = VERTEX_POINT('',#2988);
#2988 = CARTESIAN_POINT('',(117.65598966551,-61.45855182794,1.4));
#2989 = LINE('',#2990,#2991);
#2990 = CARTESIAN_POINT('',(117.65598966551,-61.45855182794,1.4));
#2991 = VECTOR('',#2992,1.);
#2992 = DIRECTION('',(-0.998795456205,4.906767432739E-02,0.));
#2993 = ORIENTED_EDGE('',*,*,#2994,.F.);
#2994 = EDGE_CURVE('',#2995,#2987,#2997,.T.);
#2995 = VERTEX_POINT('',#2996);
#2996 = CARTESIAN_POINT('',(117.85999553794,-61.48881324049,1.4));
#2997 = LINE('',#2998,#2999);
#2998 = CARTESIAN_POINT('',(117.85999553794,-61.48881324049,1.4));
#2999 = VECTOR('',#3000,1.);
#3000 = DIRECTION('',(-0.989176509965,0.146730474455,0.));
#3001 = ORIENTED_EDGE('',*,*,#3002,.F.);
#3002 = EDGE_CURVE('',#3003,#2995,#3005,.T.);
#3003 = VERTEX_POINT('',#3004);
#3004 = CARTESIAN_POINT('',(118.06005292921,-61.53892500829,1.4));
#3005 = LINE('',#3006,#3007);
#3006 = CARTESIAN_POINT('',(118.06005292921,-61.53892500829,1.4));
#3007 = VECTOR('',#3008,1.);
#3008 = DIRECTION('',(-0.970031253195,0.242980179903,0.));
#3009 = ORIENTED_EDGE('',*,*,#3010,.F.);
#3010 = EDGE_CURVE('',#3011,#3003,#3013,.T.);
#3011 = VERTEX_POINT('',#3012);
#3012 = CARTESIAN_POINT('',(118.25423517729,-61.60840452763,1.4));
#3013 = LINE('',#3014,#3015);
#3014 = CARTESIAN_POINT('',(118.25423517729,-61.60840452763,1.4));
#3015 = VECTOR('',#3016,1.);
#3016 = DIRECTION('',(-0.941544065183,0.336889853392,0.));
#3017 = ORIENTED_EDGE('',*,*,#3018,.F.);
#3018 = EDGE_CURVE('',#3019,#3011,#3021,.T.);
#3019 = VERTEX_POINT('',#3020);
#3020 = CARTESIAN_POINT('',(118.44067220097,-61.69658267275,1.4));
#3021 = LINE('',#3022,#3023);
#3022 = CARTESIAN_POINT('',(118.44067220097,-61.69658267275,1.4));
#3023 = VECTOR('',#3024,1.);
#3024 = DIRECTION('',(-0.903989293123,0.42755509343,0.));
#3025 = ORIENTED_EDGE('',*,*,#3026,.F.);
#3026 = EDGE_CURVE('',#3027,#3019,#3029,.T.);
#3027 = VERTEX_POINT('',#3028);
#3028 = CARTESIAN_POINT('',(118.6175685098,-61.80261023992,1.4));
#3029 = LINE('',#3030,#3031);
#3030 = CARTESIAN_POINT('',(118.6175685098,-61.80261023992,1.4));
#3031 = VECTOR('',#3032,1.);
#3032 = DIRECTION('',(-0.85772861,0.514102744193,0.));
#3033 = ORIENTED_EDGE('',*,*,#3034,.F.);
#3034 = EDGE_CURVE('',#3035,#3027,#3037,.T.);
#3035 = VERTEX_POINT('',#3036);
#3036 = CARTESIAN_POINT('',(118.78322049562,-61.92546612569,1.4));
#3037 = LINE('',#3038,#3039);
#3038 = CARTESIAN_POINT('',(118.78322049562,-61.92546612569,1.4));
#3039 = VECTOR('',#3040,1.);
#3040 = DIRECTION('',(-0.803207531481,0.595699304492,0.));
#3041 = ORIENTED_EDGE('',*,*,#3042,.F.);
#3042 = EDGE_CURVE('',#3043,#3035,#3045,.T.);
#3043 = VERTEX_POINT('',#3044);
#3044 = CARTESIAN_POINT('',(118.93603283925,-62.06396716074,1.4));
#3045 = LINE('',#3046,#3047);
#3046 = CARTESIAN_POINT('',(118.93603283925,-62.06396716074,1.4));
#3047 = VECTOR('',#3048,1.);
#3048 = DIRECTION('',(-0.740951125355,0.671558954847,0.));
#3049 = ORIENTED_EDGE('',*,*,#3050,.F.);
#3050 = EDGE_CURVE('',#3051,#3043,#3053,.T.);
#3051 = VERTEX_POINT('',#3052);
#3052 = CARTESIAN_POINT('',(119.0745338743,-62.21677950437,1.4));
#3053 = LINE('',#3054,#3055);
#3054 = CARTESIAN_POINT('',(119.0745338743,-62.21677950437,1.4));
#3055 = VECTOR('',#3056,1.);
#3056 = DIRECTION('',(-0.671558954847,0.740951125355,0.));
#3057 = ORIENTED_EDGE('',*,*,#3058,.F.);
#3058 = EDGE_CURVE('',#3059,#3051,#3061,.T.);
#3059 = VERTEX_POINT('',#3060);
#3060 = CARTESIAN_POINT('',(119.19738976007,-62.38243149019,1.4));
#3061 = LINE('',#3062,#3063);
#3062 = CARTESIAN_POINT('',(119.19738976007,-62.38243149019,1.4));
#3063 = VECTOR('',#3064,1.);
#3064 = DIRECTION('',(-0.595699304492,0.803207531481,0.));
#3065 = ORIENTED_EDGE('',*,*,#3066,.F.);
#3066 = EDGE_CURVE('',#3067,#3059,#3069,.T.);
#3067 = VERTEX_POINT('',#3068);
#3068 = CARTESIAN_POINT('',(119.30341732724,-62.55932779902,1.4));
#3069 = LINE('',#3070,#3071);
#3070 = CARTESIAN_POINT('',(119.30341732724,-62.55932779902,1.4));
#3071 = VECTOR('',#3072,1.);
#3072 = DIRECTION('',(-0.514102744193,0.85772861,0.));
#3073 = ORIENTED_EDGE('',*,*,#3074,.F.);
#3074 = EDGE_CURVE('',#3075,#3067,#3077,.T.);
#3075 = VERTEX_POINT('',#3076);
#3076 = CARTESIAN_POINT('',(119.39159547236,-62.7457648227,1.4));
#3077 = LINE('',#3078,#3079);
#3078 = CARTESIAN_POINT('',(119.39159547236,-62.7457648227,1.4));
#3079 = VECTOR('',#3080,1.);
#3080 = DIRECTION('',(-0.42755509343,0.903989293123,0.));
#3081 = ORIENTED_EDGE('',*,*,#3082,.F.);
#3082 = EDGE_CURVE('',#3083,#3075,#3085,.T.);
#3083 = VERTEX_POINT('',#3084);
#3084 = CARTESIAN_POINT('',(119.4610749917,-62.93994707078,1.4));
#3085 = LINE('',#3086,#3087);
#3086 = CARTESIAN_POINT('',(119.4610749917,-62.93994707078,1.4));
#3087 = VECTOR('',#3088,1.);
#3088 = DIRECTION('',(-0.336889853392,0.941544065183,0.));
#3089 = ORIENTED_EDGE('',*,*,#3090,.F.);
#3090 = EDGE_CURVE('',#3091,#3083,#3093,.T.);
#3091 = VERTEX_POINT('',#3092);
#3092 = CARTESIAN_POINT('',(119.5111867595,-63.14000446205,1.4));
#3093 = LINE('',#3094,#3095);
#3094 = CARTESIAN_POINT('',(119.5111867595,-63.14000446205,1.4));
#3095 = VECTOR('',#3096,1.);
#3096 = DIRECTION('',(-0.242980179903,0.970031253195,0.));
#3097 = ORIENTED_EDGE('',*,*,#3098,.F.);
#3098 = EDGE_CURVE('',#3099,#3091,#3101,.T.);
#3099 = VERTEX_POINT('',#3100);
#3100 = CARTESIAN_POINT('',(119.54144817206,-63.34401033448,1.4));
#3101 = LINE('',#3102,#3103);
#3102 = CARTESIAN_POINT('',(119.54144817206,-63.34401033448,1.4));
#3103 = VECTOR('',#3104,1.);
#3104 = DIRECTION('',(-0.146730474455,0.989176509965,0.));
#3105 = ORIENTED_EDGE('',*,*,#3106,.F.);
#3106 = EDGE_CURVE('',#3107,#3099,#3109,.T.);
#3107 = VERTEX_POINT('',#3108);
#3108 = CARTESIAN_POINT('',(119.55,-63.51808679125,1.4));
#3109 = LINE('',#3110,#3111);
#3110 = CARTESIAN_POINT('',(119.55,-63.51808679125,1.4));
#3111 = VECTOR('',#3112,1.);
#3112 = DIRECTION('',(-4.906767432743E-02,0.998795456205,0.));
#3113 = ORIENTED_EDGE('',*,*,#3114,.F.);
#3114 = EDGE_CURVE('',#3115,#3107,#3117,.T.);
#3115 = VERTEX_POINT('',#3116);
#3116 = CARTESIAN_POINT('',(119.55,-73.45,1.4));
#3117 = LINE('',#3118,#3119);
#3118 = CARTESIAN_POINT('',(119.55,-73.45,1.4));
#3119 = VECTOR('',#3120,1.);
#3120 = DIRECTION('',(0.,1.,0.));
#3121 = ORIENTED_EDGE('',*,*,#3122,.F.);
#3122 = EDGE_CURVE('',#57,#3115,#3123,.T.);
#3123 = LINE('',#3124,#3125);
#3124 = CARTESIAN_POINT('',(140.45,-73.45,1.4));
#3125 = VECTOR('',#3126,1.);
#3126 = DIRECTION('',(-1.,0.,0.));
#3127 = FACE_BOUND('',#3128,.T.);
#3128 = EDGE_LOOP('',(#3129));
#3129 = ORIENTED_EDGE('',*,*,#3130,.F.);
#3130 = EDGE_CURVE('',#3131,#3131,#3133,.T.);
#3131 = VERTEX_POINT('',#3132);
#3132 = CARTESIAN_POINT('',(31.5,-66.5,1.4));
#3133 = CIRCLE('',#3134,2.1);
#3134 = AXIS2_PLACEMENT_3D('',#3135,#3136,#3137);
#3135 = CARTESIAN_POINT('',(29.4,-66.5,1.4));
#3136 = DIRECTION('',(0.,0.,1.));
#3137 = DIRECTION('',(1.,0.,0.));
#3138 = FACE_BOUND('',#3139,.T.);
#3139 = EDGE_LOOP('',(#3140));
#3140 = ORIENTED_EDGE('',*,*,#39,.F.);
#3141 = FACE_BOUND('',#3142,.T.);
#3142 = EDGE_LOOP('',(#3143));
#3143 = ORIENTED_EDGE('',*,*,#3144,.F.);
#3144 = EDGE_CURVE('',#3145,#3145,#3147,.T.);
#3145 = VERTEX_POINT('',#3146);
#3146 = CARTESIAN_POINT('',(47.6,-65.5,1.4));
#3147 = CIRCLE('',#3148,2.1);
#3148 = AXIS2_PLACEMENT_3D('',#3149,#3150,#3151);
#3149 = CARTESIAN_POINT('',(45.5,-65.5,1.4));
#3150 = DIRECTION('',(0.,0.,1.));
#3151 = DIRECTION('',(1.,0.,0.));
#3152 = FACE_BOUND('',#3153,.T.);
#3153 = EDGE_LOOP('',(#3154));
#3154 = ORIENTED_EDGE('',*,*,#3155,.F.);
#3155 = EDGE_CURVE('',#3156,#3156,#3158,.T.);
#3156 = VERTEX_POINT('',#3157);
#3157 = CARTESIAN_POINT('',(48.85,-52.8,1.4));
#3158 = CIRCLE('',#3159,1.85);
#3159 = AXIS2_PLACEMENT_3D('',#3160,#3161,#3162);
#3160 = CARTESIAN_POINT('',(47.,-52.8,1.4));
#3161 = DIRECTION('',(0.,0.,1.));
#3162 = DIRECTION('',(1.,0.,0.));
#3163 = FACE_BOUND('',#3164,.T.);
#3164 = EDGE_LOOP('',(#3165));
#3165 = ORIENTED_EDGE('',*,*,#3166,.F.);
#3166 = EDGE_CURVE('',#3167,#3167,#3169,.T.);
#3167 = VERTEX_POINT('',#3168);
#3168 = CARTESIAN_POINT('',(82.3,-61.3,1.4));
#3169 = CIRCLE('',#3170,2.3);
#3170 = AXIS2_PLACEMENT_3D('',#3171,#3172,#3173);
#3171 = CARTESIAN_POINT('',(80.,-61.3,1.4));
#3172 = DIRECTION('',(0.,0.,1.));
#3173 = DIRECTION('',(1.,0.,0.));
#3174 = FACE_BOUND('',#3175,.T.);
#3175 = EDGE_LOOP('',(#3176));
#3176 = ORIENTED_EDGE('',*,*,#3177,.F.);
#3177 = EDGE_CURVE('',#3178,#3178,#3180,.T.);
#3178 = VERTEX_POINT('',#3179);
#3179 = CARTESIAN_POINT('',(123.4,-37.5,1.4));
#3180 = CIRCLE('',#3181,2.1);
#3181 = AXIS2_PLACEMENT_3D('',#3182,#3183,#3184);
#3182 = CARTESIAN_POINT('',(121.3,-37.5,1.4));
#3183 = DIRECTION('',(0.,0.,1.));
#3184 = DIRECTION('',(1.,0.,0.));
#3185 = FACE_BOUND('',#3186,.T.);
#3186 = EDGE_LOOP('',(#3187));
#3187 = ORIENTED_EDGE('',*,*,#3188,.F.);
#3188 = EDGE_CURVE('',#3189,#3189,#3191,.T.);
#3189 = VERTEX_POINT('',#3190);
#3190 = CARTESIAN_POINT('',(104.8,-20.5,1.4));
#3191 = CIRCLE('',#3192,1.8);
#3192 = AXIS2_PLACEMENT_3D('',#3193,#3194,#3195);
#3193 = CARTESIAN_POINT('',(103.,-20.5,1.4));
#3194 = DIRECTION('',(0.,0.,1.));
#3195 = DIRECTION('',(1.,0.,0.));
#3196 = PLANE('',#3197);
#3197 = AXIS2_PLACEMENT_3D('',#3198,#3199,#3200);
#3198 = CARTESIAN_POINT('',(82.642707032544,-45.30361627106,1.4));
#3199 = DIRECTION('',(0.,0.,1.));
#3200 = DIRECTION('',(1.,0.,0.));
#3201 = ADVANCED_FACE('',(#3202,#3205),#3216,.T.);
#3202 = FACE_BOUND('',#3203,.T.);
#3203 = EDGE_LOOP('',(#3204));
#3204 = ORIENTED_EDGE('',*,*,#31,.T.);
#3205 = FACE_BOUND('',#3206,.T.);
#3206 = EDGE_LOOP('',(#3207));
#3207 = ORIENTED_EDGE('',*,*,#3208,.F.);
#3208 = EDGE_CURVE('',#3209,#3209,#3211,.T.);
#3209 = VERTEX_POINT('',#3210);
#3210 = CARTESIAN_POINT('',(38.6,-64.7,6.3));
#3211 = CIRCLE('',#3212,1.4);
#3212 = AXIS2_PLACEMENT_3D('',#3213,#3214,#3215);
#3213 = CARTESIAN_POINT('',(37.2,-64.7,6.3));
#3214 = DIRECTION('',(0.,0.,1.));
#3215 = DIRECTION('',(1.,0.,0.));
#3216 = PLANE('',#3217);
#3217 = AXIS2_PLACEMENT_3D('',#3218,#3219,#3220);
#3218 = CARTESIAN_POINT('',(37.2,-64.7,6.3));
#3219 = DIRECTION('',(0.,0.,1.));
#3220 = DIRECTION('',(1.,0.,0.));
#3221 = ADVANCED_FACE('',(#3222),#3247,.F.);
#3222 = FACE_BOUND('',#3223,.F.);
#3223 = EDGE_LOOP('',(#3224,#3225,#3233,#3241));
#3224 = ORIENTED_EDGE('',*,*,#54,.F.);
#3225 = ORIENTED_EDGE('',*,*,#3226,.T.);
#3226 = EDGE_CURVE('',#55,#3227,#3229,.T.);
#3227 = VERTEX_POINT('',#3228);
#3228 = CARTESIAN_POINT('',(140.45,-18.55,6.3));
#3229 = LINE('',#3230,#3231);
#3230 = CARTESIAN_POINT('',(140.45,-18.55,1.4));
#3231 = VECTOR('',#3232,1.);
#3232 = DIRECTION('',(0.,0.,1.));
#3233 = ORIENTED_EDGE('',*,*,#3234,.F.);
#3234 = EDGE_CURVE('',#3235,#3227,#3237,.T.);
#3235 = VERTEX_POINT('',#3236);
#3236 = CARTESIAN_POINT('',(140.45,-73.45,6.3));
#3237 = LINE('',#3238,#3239);
#3238 = CARTESIAN_POINT('',(140.45,-31.97029718549,6.3));
#3239 = VECTOR('',#3240,1.);
#3240 = DIRECTION('',(0.,1.,0.));
#3241 = ORIENTED_EDGE('',*,*,#3242,.F.);
#3242 = EDGE_CURVE('',#57,#3235,#3243,.T.);
#3243 = LINE('',#3244,#3245);
#3244 = CARTESIAN_POINT('',(140.45,-73.45,1.4));
#3245 = VECTOR('',#3246,1.);
#3246 = DIRECTION('',(0.,0.,1.));
#3247 = PLANE('',#3248);
#3248 = AXIS2_PLACEMENT_3D('',#3249,#3250,#3251);
#3249 = CARTESIAN_POINT('',(140.45,-18.55,1.4));
#3250 = DIRECTION('',(1.,0.,0.));
#3251 = DIRECTION('',(0.,-1.,0.));
#3252 = ADVANCED_FACE('',(#3253),#3271,.F.);
#3253 = FACE_BOUND('',#3254,.F.);
#3254 = EDGE_LOOP('',(#3255,#3256,#3264,#3270));
#3255 = ORIENTED_EDGE('',*,*,#64,.F.);
#3256 = ORIENTED_EDGE('',*,*,#3257,.T.);
#3257 = EDGE_CURVE('',#65,#3258,#3260,.T.);
#3258 = VERTEX_POINT('',#3259);
#3259 = CARTESIAN_POINT('',(124.51808679125,-18.55,6.3));
#3260 = LINE('',#3261,#3262);
#3261 = CARTESIAN_POINT('',(124.51808679125,-18.55,1.4));
#3262 = VECTOR('',#3263,1.);
#3263 = DIRECTION('',(0.,0.,1.));
#3264 = ORIENTED_EDGE('',*,*,#3265,.F.);
#3265 = EDGE_CURVE('',#3227,#3258,#3266,.T.);
#3266 = LINE('',#3267,#3268);
#3267 = CARTESIAN_POINT('',(103.60038141204,-18.55,6.3));
#3268 = VECTOR('',#3269,1.);
#3269 = DIRECTION('',(-1.,0.,0.));
#3270 = ORIENTED_EDGE('',*,*,#3226,.F.);
#3271 = PLANE('',#3272);
#3272 = AXIS2_PLACEMENT_3D('',#3273,#3274,#3275);
#3273 = CARTESIAN_POINT('',(124.51808679125,-18.55,1.4));
#3274 = DIRECTION('',(0.,1.,0.));
#3275 = DIRECTION('',(1.,0.,0.));
#3276 = ADVANCED_FACE('',(#3277),#3295,.F.);
#3277 = FACE_BOUND('',#3278,.F.);
#3278 = EDGE_LOOP('',(#3279,#3280,#3281,#3289));
#3279 = ORIENTED_EDGE('',*,*,#3122,.F.);
#3280 = ORIENTED_EDGE('',*,*,#3242,.T.);
#3281 = ORIENTED_EDGE('',*,*,#3282,.F.);
#3282 = EDGE_CURVE('',#3283,#3235,#3285,.T.);
#3283 = VERTEX_POINT('',#3284);
#3284 = CARTESIAN_POINT('',(119.55,-73.45,6.3));
#3285 = LINE('',#3286,#3287);
#3286 = CARTESIAN_POINT('',(111.56633801642,-73.45,6.3));
#3287 = VECTOR('',#3288,1.);
#3288 = DIRECTION('',(1.,0.,0.));
#3289 = ORIENTED_EDGE('',*,*,#3290,.F.);
#3290 = EDGE_CURVE('',#3115,#3283,#3291,.T.);
#3291 = LINE('',#3292,#3293);
#3292 = CARTESIAN_POINT('',(119.55,-73.45,1.4));
#3293 = VECTOR('',#3294,1.);
#3294 = DIRECTION('',(0.,0.,1.));
#3295 = PLANE('',#3296);
#3296 = AXIS2_PLACEMENT_3D('',#3297,#3298,#3299);
#3297 = CARTESIAN_POINT('',(140.45,-73.45,1.4));
#3298 = DIRECTION('',(0.,-1.,0.));
#3299 = DIRECTION('',(-1.,0.,0.));
#3300 = ADVANCED_FACE('',(#3301),#3319,.F.);
#3301 = FACE_BOUND('',#3302,.F.);
#3302 = EDGE_LOOP('',(#3303,#3304,#3312,#3318));
#3303 = ORIENTED_EDGE('',*,*,#72,.F.);
#3304 = ORIENTED_EDGE('',*,*,#3305,.T.);
#3305 = EDGE_CURVE('',#73,#3306,#3308,.T.);
#3306 = VERTEX_POINT('',#3307);
#3307 = CARTESIAN_POINT('',(124.34401033448,-18.54144817206,6.3));
#3308 = LINE('',#3309,#3310);
#3309 = CARTESIAN_POINT('',(124.34401033448,-18.54144817206,1.4));
#3310 = VECTOR('',#3311,1.);
#3311 = DIRECTION('',(0.,0.,1.));
#3312 = ORIENTED_EDGE('',*,*,#3313,.F.);
#3313 = EDGE_CURVE('',#3258,#3306,#3314,.T.);
#3314 = LINE('',#3315,#3316);
#3315 = CARTESIAN_POINT('',(104.2214149943,-17.55288845381,6.3));
#3316 = VECTOR('',#3317,1.);
#3317 = DIRECTION('',(-0.998795456205,4.906767432743E-02,0.));
#3318 = ORIENTED_EDGE('',*,*,#3257,.F.);
#3319 = PLANE('',#3320);
#3320 = AXIS2_PLACEMENT_3D('',#3321,#3322,#3323);
#3321 = CARTESIAN_POINT('',(124.34401033448,-18.54144817206,1.4));
#3322 = DIRECTION('',(4.906767432743E-02,0.998795456205,0.));
#3323 = DIRECTION('',(0.998795456205,-4.906767432743E-02,0.));
#3324 = ADVANCED_FACE('',(#3325),#3343,.F.);
#3325 = FACE_BOUND('',#3326,.F.);
#3326 = EDGE_LOOP('',(#3327,#3328,#3329,#3337));
#3327 = ORIENTED_EDGE('',*,*,#3114,.F.);
#3328 = ORIENTED_EDGE('',*,*,#3290,.T.);
#3329 = ORIENTED_EDGE('',*,*,#3330,.F.);
#3330 = EDGE_CURVE('',#3331,#3283,#3333,.T.);
#3331 = VERTEX_POINT('',#3332);
#3332 = CARTESIAN_POINT('',(119.55,-63.51808679125,6.3));
#3333 = LINE('',#3334,#3335);
#3334 = CARTESIAN_POINT('',(119.55,-59.42029718549,6.3));
#3335 = VECTOR('',#3336,1.);
#3336 = DIRECTION('',(0.,-1.,0.));
#3337 = ORIENTED_EDGE('',*,*,#3338,.F.);
#3338 = EDGE_CURVE('',#3107,#3331,#3339,.T.);
#3339 = LINE('',#3340,#3341);
#3340 = CARTESIAN_POINT('',(119.55,-63.51808679125,1.4));
#3341 = VECTOR('',#3342,1.);
#3342 = DIRECTION('',(0.,0.,1.));
#3343 = PLANE('',#3344);
#3344 = AXIS2_PLACEMENT_3D('',#3345,#3346,#3347);
#3345 = CARTESIAN_POINT('',(119.55,-73.45,1.4));
#3346 = DIRECTION('',(-1.,0.,0.));
#3347 = DIRECTION('',(0.,1.,0.));
#3348 = ADVANCED_FACE('',(#3349),#3367,.F.);
#3349 = FACE_BOUND('',#3350,.F.);
#3350 = EDGE_LOOP('',(#3351,#3352,#3360,#3366));
#3351 = ORIENTED_EDGE('',*,*,#80,.F.);
#3352 = ORIENTED_EDGE('',*,*,#3353,.T.);
#3353 = EDGE_CURVE('',#81,#3354,#3356,.T.);
#3354 = VERTEX_POINT('',#3355);
#3355 = CARTESIAN_POINT('',(124.14000446205,-18.5111867595,6.3));
#3356 = LINE('',#3357,#3358);
#3357 = CARTESIAN_POINT('',(124.14000446205,-18.5111867595,1.4));
#3358 = VECTOR('',#3359,1.);
#3359 = DIRECTION('',(0.,0.,1.));
#3360 = ORIENTED_EDGE('',*,*,#3361,.F.);
#3361 = EDGE_CURVE('',#3306,#3354,#3362,.T.);
#3362 = LINE('',#3363,#3364);
#3363 = CARTESIAN_POINT('',(105.80829494917,-15.79193452565,6.3));
#3364 = VECTOR('',#3365,1.);
#3365 = DIRECTION('',(-0.989176509965,0.146730474455,0.));
#3366 = ORIENTED_EDGE('',*,*,#3305,.F.);
#3367 = PLANE('',#3368);
#3368 = AXIS2_PLACEMENT_3D('',#3369,#3370,#3371);
#3369 = CARTESIAN_POINT('',(124.14000446205,-18.5111867595,1.4));
#3370 = DIRECTION('',(0.146730474455,0.989176509965,0.));
#3371 = DIRECTION('',(0.989176509965,-0.146730474455,0.));
#3372 = ADVANCED_FACE('',(#3373),#3391,.F.);
#3373 = FACE_BOUND('',#3374,.F.);
#3374 = EDGE_LOOP('',(#3375,#3376,#3377,#3385));
#3375 = ORIENTED_EDGE('',*,*,#3106,.F.);
#3376 = ORIENTED_EDGE('',*,*,#3338,.T.);
#3377 = ORIENTED_EDGE('',*,*,#3378,.F.);
#3378 = EDGE_CURVE('',#3379,#3331,#3381,.T.);
#3379 = VERTEX_POINT('',#3380);
#3380 = CARTESIAN_POINT('',(119.54144817206,-63.34401033448,6.3));
#3381 = LINE('',#3382,#3383);
#3382 = CARTESIAN_POINT('',(119.06141719746,-53.57275537209,6.3));
#3383 = VECTOR('',#3384,1.);
#3384 = DIRECTION('',(4.906767432743E-02,-0.998795456205,0.));
#3385 = ORIENTED_EDGE('',*,*,#3386,.F.);
#3386 = EDGE_CURVE('',#3099,#3379,#3387,.T.);
#3387 = LINE('',#3388,#3389);
#3388 = CARTESIAN_POINT('',(119.54144817206,-63.34401033448,1.4));
#3389 = VECTOR('',#3390,1.);
#3390 = DIRECTION('',(0.,0.,1.));
#3391 = PLANE('',#3392);
#3392 = AXIS2_PLACEMENT_3D('',#3393,#3394,#3395);
#3393 = CARTESIAN_POINT('',(119.55,-63.51808679125,1.4));
#3394 = DIRECTION('',(-0.998795456205,-4.906767432743E-02,0.));
#3395 = DIRECTION('',(-4.906767432743E-02,0.998795456205,0.));
#3396 = ADVANCED_FACE('',(#3397),#3415,.F.);
#3397 = FACE_BOUND('',#3398,.F.);
#3398 = EDGE_LOOP('',(#3399,#3400,#3408,#3414));
#3399 = ORIENTED_EDGE('',*,*,#88,.F.);
#3400 = ORIENTED_EDGE('',*,*,#3401,.T.);
#3401 = EDGE_CURVE('',#89,#3402,#3404,.T.);
#3402 = VERTEX_POINT('',#3403);
#3403 = CARTESIAN_POINT('',(123.93994707078,-18.4610749917,6.3));
#3404 = LINE('',#3405,#3406);
#3405 = CARTESIAN_POINT('',(123.93994707078,-18.4610749917,1.4));
#3406 = VECTOR('',#3407,1.);
#3407 = DIRECTION('',(0.,0.,1.));
#3408 = ORIENTED_EDGE('',*,*,#3409,.F.);
#3409 = EDGE_CURVE('',#3354,#3402,#3410,.T.);
#3410 = LINE('',#3411,#3412);
#3411 = CARTESIAN_POINT('',(107.70283504188,-14.3938901573,6.3));
#3412 = VECTOR('',#3413,1.);
#3413 = DIRECTION('',(-0.970031253195,0.242980179903,0.));
#3414 = ORIENTED_EDGE('',*,*,#3353,.F.);
#3415 = PLANE('',#3416);
#3416 = AXIS2_PLACEMENT_3D('',#3417,#3418,#3419);
#3417 = CARTESIAN_POINT('',(123.93994707078,-18.4610749917,1.4));
#3418 = DIRECTION('',(0.242980179903,0.970031253195,0.));
#3419 = DIRECTION('',(0.970031253195,-0.242980179903,0.));
#3420 = ADVANCED_FACE('',(#3421),#3439,.F.);
#3421 = FACE_BOUND('',#3422,.F.);
#3422 = EDGE_LOOP('',(#3423,#3424,#3425,#3433));
#3423 = ORIENTED_EDGE('',*,*,#3098,.F.);
#3424 = ORIENTED_EDGE('',*,*,#3386,.T.);
#3425 = ORIENTED_EDGE('',*,*,#3426,.F.);
#3426 = EDGE_CURVE('',#3427,#3379,#3429,.T.);
#3427 = VERTEX_POINT('',#3428);
#3428 = CARTESIAN_POINT('',(119.5111867595,-63.14000446205,6.3));
#3429 = LINE('',#3430,#3431);
#3430 = CARTESIAN_POINT('',(117.841766194,-51.88568517509,6.3));
#3431 = VECTOR('',#3432,1.);
#3432 = DIRECTION('',(0.146730474455,-0.989176509965,0.));
#3433 = ORIENTED_EDGE('',*,*,#3434,.F.);
#3434 = EDGE_CURVE('',#3091,#3427,#3435,.T.);
#3435 = LINE('',#3436,#3437);
#3436 = CARTESIAN_POINT('',(119.5111867595,-63.14000446205,1.4));
#3437 = VECTOR('',#3438,1.);
#3438 = DIRECTION('',(0.,0.,1.));
#3439 = PLANE('',#3440);
#3440 = AXIS2_PLACEMENT_3D('',#3441,#3442,#3443);
#3441 = CARTESIAN_POINT('',(119.54144817206,-63.34401033448,1.4));
#3442 = DIRECTION('',(-0.989176509965,-0.146730474455,0.));
#3443 = DIRECTION('',(-0.146730474455,0.989176509965,0.));
#3444 = ADVANCED_FACE('',(#3445),#3463,.F.);
#3445 = FACE_BOUND('',#3446,.F.);
#3446 = EDGE_LOOP('',(#3447,#3448,#3456,#3462));
#3447 = ORIENTED_EDGE('',*,*,#96,.F.);
#3448 = ORIENTED_EDGE('',*,*,#3449,.T.);
#3449 = EDGE_CURVE('',#97,#3450,#3452,.T.);
#3450 = VERTEX_POINT('',#3451);
#3451 = CARTESIAN_POINT('',(123.7457648227,-18.39159547236,6.3));
#3452 = LINE('',#3453,#3454);
#3453 = CARTESIAN_POINT('',(123.7457648227,-18.39159547236,1.4));
#3454 = VECTOR('',#3455,1.);
#3455 = DIRECTION('',(0.,0.,1.));
#3456 = ORIENTED_EDGE('',*,*,#3457,.F.);
#3457 = EDGE_CURVE('',#3402,#3450,#3458,.T.);
#3458 = LINE('',#3459,#3460);
#3459 = CARTESIAN_POINT('',(109.82643929986,-13.41118116345,6.3));
#3460 = VECTOR('',#3461,1.);
#3461 = DIRECTION('',(-0.941544065183,0.336889853392,0.));
#3462 = ORIENTED_EDGE('',*,*,#3401,.F.);
#3463 = PLANE('',#3464);
#3464 = AXIS2_PLACEMENT_3D('',#3465,#3466,#3467);
#3465 = CARTESIAN_POINT('',(123.7457648227,-18.39159547236,1.4));
#3466 = DIRECTION('',(0.336889853392,0.941544065183,0.));
#3467 = DIRECTION('',(0.941544065183,-0.336889853392,0.));
#3468 = ADVANCED_FACE('',(#3469),#3487,.F.);
#3469 = FACE_BOUND('',#3470,.F.);
#3470 = EDGE_LOOP('',(#3471,#3472,#3473,#3481));
#3471 = ORIENTED_EDGE('',*,*,#3090,.F.);
#3472 = ORIENTED_EDGE('',*,*,#3434,.T.);
#3473 = ORIENTED_EDGE('',*,*,#3474,.F.);
#3474 = EDGE_CURVE('',#3475,#3427,#3477,.T.);
#3475 = VERTEX_POINT('',#3476);
#3476 = CARTESIAN_POINT('',(119.4610749917,-62.93994707078,6.3));
#3477 = LINE('',#3478,#3479);
#3478 = CARTESIAN_POINT('',(116.33226726449,-50.44904644737,6.3));
#3479 = VECTOR('',#3480,1.);
#3480 = DIRECTION('',(0.242980179903,-0.970031253195,0.));
#3481 = ORIENTED_EDGE('',*,*,#3482,.F.);
#3482 = EDGE_CURVE('',#3083,#3475,#3483,.T.);
#3483 = LINE('',#3484,#3485);
#3484 = CARTESIAN_POINT('',(119.4610749917,-62.93994707078,1.4));
#3485 = VECTOR('',#3486,1.);
#3486 = DIRECTION('',(0.,0.,1.));
#3487 = PLANE('',#3488);
#3488 = AXIS2_PLACEMENT_3D('',#3489,#3490,#3491);
#3489 = CARTESIAN_POINT('',(119.5111867595,-63.14000446205,1.4));
#3490 = DIRECTION('',(-0.970031253195,-0.242980179903,0.));
#3491 = DIRECTION('',(-0.242980179903,0.970031253195,0.));
#3492 = ADVANCED_FACE('',(#3493),#3511,.F.);
#3493 = FACE_BOUND('',#3494,.F.);
#3494 = EDGE_LOOP('',(#3495,#3496,#3504,#3510));
#3495 = ORIENTED_EDGE('',*,*,#104,.F.);
#3496 = ORIENTED_EDGE('',*,*,#3497,.T.);
#3497 = EDGE_CURVE('',#105,#3498,#3500,.T.);
#3498 = VERTEX_POINT('',#3499);
#3499 = CARTESIAN_POINT('',(123.55932779902,-18.30341732724,6.3));
#3500 = LINE('',#3501,#3502);
#3501 = CARTESIAN_POINT('',(123.55932779902,-18.30341732724,1.4));
#3502 = VECTOR('',#3503,1.);
#3503 = DIRECTION('',(0.,0.,1.));
#3504 = ORIENTED_EDGE('',*,*,#3505,.F.);
#3505 = EDGE_CURVE('',#3450,#3498,#3506,.T.);
#3506 = LINE('',#3507,#3508);
#3507 = CARTESIAN_POINT('',(112.09186426931,-12.87971100887,6.3));
#3508 = VECTOR('',#3509,1.);
#3509 = DIRECTION('',(-0.903989293123,0.42755509343,0.));
#3510 = ORIENTED_EDGE('',*,*,#3449,.F.);
#3511 = PLANE('',#3512);
#3512 = AXIS2_PLACEMENT_3D('',#3513,#3514,#3515);
#3513 = CARTESIAN_POINT('',(123.55932779902,-18.30341732724,1.4));
#3514 = DIRECTION('',(0.42755509343,0.903989293123,0.));
#3515 = DIRECTION('',(0.903989293123,-0.42755509343,0.));
#3516 = ADVANCED_FACE('',(#3517),#3535,.F.);
#3517 = FACE_BOUND('',#3518,.F.);
#3518 = EDGE_LOOP('',(#3519,#3520,#3521,#3529));
#3519 = ORIENTED_EDGE('',*,*,#3082,.F.);
#3520 = ORIENTED_EDGE('',*,*,#3482,.T.);
#3521 = ORIENTED_EDGE('',*,*,#3522,.F.);
#3522 = EDGE_CURVE('',#3523,#3475,#3525,.T.);
#3523 = VERTEX_POINT('',#3524);
#3524 = CARTESIAN_POINT('',(119.39159547236,-62.7457648227,6.3));
#3525 = LINE('',#3526,#3527);
#3526 = CARTESIAN_POINT('',(114.59069909173,-49.32815829871,6.3));
#3527 = VECTOR('',#3528,1.);
#3528 = DIRECTION('',(0.336889853392,-0.941544065183,0.));
#3529 = ORIENTED_EDGE('',*,*,#3530,.F.);
#3530 = EDGE_CURVE('',#3075,#3523,#3531,.T.);
#3531 = LINE('',#3532,#3533);
#3532 = CARTESIAN_POINT('',(119.39159547236,-62.7457648227,1.4));
#3533 = VECTOR('',#3534,1.);
#3534 = DIRECTION('',(0.,0.,1.));
#3535 = PLANE('',#3536);
#3536 = AXIS2_PLACEMENT_3D('',#3537,#3538,#3539);
#3537 = CARTESIAN_POINT('',(119.4610749917,-62.93994707078,1.4));
#3538 = DIRECTION('',(-0.941544065183,-0.336889853392,0.));
#3539 = DIRECTION('',(-0.336889853392,0.941544065183,0.));
#3540 = ADVANCED_FACE('',(#3541),#3559,.F.);
#3541 = FACE_BOUND('',#3542,.F.);
#3542 = EDGE_LOOP('',(#3543,#3544,#3552,#3558));
#3543 = ORIENTED_EDGE('',*,*,#112,.F.);
#3544 = ORIENTED_EDGE('',*,*,#3545,.T.);
#3545 = EDGE_CURVE('',#113,#3546,#3548,.T.);
#3546 = VERTEX_POINT('',#3547);
#3547 = CARTESIAN_POINT('',(123.38243149019,-18.19738976007,6.3));
#3548 = LINE('',#3549,#3550);
#3549 = CARTESIAN_POINT('',(123.38243149019,-18.19738976007,1.4));
#3550 = VECTOR('',#3551,1.);
#3551 = DIRECTION('',(0.,0.,1.));
#3552 = ORIENTED_EDGE('',*,*,#3553,.F.);
#3553 = EDGE_CURVE('',#3498,#3546,#3554,.T.);
#3554 = LINE('',#3555,#3556);
#3555 = CARTESIAN_POINT('',(114.40662599583,-12.81749898554,6.3));
#3556 = VECTOR('',#3557,1.);
#3557 = DIRECTION('',(-0.85772861,0.514102744193,0.));
#3558 = ORIENTED_EDGE('',*,*,#3497,.F.);
#3559 = PLANE('',#3560);
#3560 = AXIS2_PLACEMENT_3D('',#3561,#3562,#3563);
#3561 = CARTESIAN_POINT('',(123.38243149019,-18.19738976007,1.4));
#3562 = DIRECTION('',(0.514102744193,0.85772861,0.));
#3563 = DIRECTION('',(0.85772861,-0.514102744193,0.));
#3564 = ADVANCED_FACE('',(#3565),#3583,.F.);
#3565 = FACE_BOUND('',#3566,.F.);
#3566 = EDGE_LOOP('',(#3567,#3568,#3569,#3577));
#3567 = ORIENTED_EDGE('',*,*,#3074,.F.);
#3568 = ORIENTED_EDGE('',*,*,#3530,.T.);
#3569 = ORIENTED_EDGE('',*,*,#3570,.F.);
#3570 = EDGE_CURVE('',#3571,#3523,#3573,.T.);
#3571 = VERTEX_POINT('',#3572);
#3572 = CARTESIAN_POINT('',(119.30341732724,-62.55932779902,6.3));
#3573 = LINE('',#3574,#3575);
#3574 = CARTESIAN_POINT('',(112.68240655805,-48.56037670015,6.3));
#3575 = VECTOR('',#3576,1.);
#3576 = DIRECTION('',(0.42755509343,-0.903989293123,0.));
#3577 = ORIENTED_EDGE('',*,*,#3578,.F.);
#3578 = EDGE_CURVE('',#3067,#3571,#3579,.T.);
#3579 = LINE('',#3580,#3581);
#3580 = CARTESIAN_POINT('',(119.30341732724,-62.55932779902,1.4));
#3581 = VECTOR('',#3582,1.);
#3582 = DIRECTION('',(0.,0.,1.));
#3583 = PLANE('',#3584);
#3584 = AXIS2_PLACEMENT_3D('',#3585,#3586,#3587);
#3585 = CARTESIAN_POINT('',(119.39159547236,-62.7457648227,1.4));
#3586 = DIRECTION('',(-0.903989293123,-0.42755509343,0.));
#3587 = DIRECTION('',(-0.42755509343,0.903989293123,0.));
#3588 = ADVANCED_FACE('',(#3589),#3607,.F.);
#3589 = FACE_BOUND('',#3590,.F.);
#3590 = EDGE_LOOP('',(#3591,#3592,#3600,#3606));
#3591 = ORIENTED_EDGE('',*,*,#120,.F.);
#3592 = ORIENTED_EDGE('',*,*,#3593,.T.);
#3593 = EDGE_CURVE('',#121,#3594,#3596,.T.);
#3594 = VERTEX_POINT('',#3595);
#3595 = CARTESIAN_POINT('',(123.21677950437,-18.0745338743,6.3));
#3596 = LINE('',#3597,#3598);
#3597 = CARTESIAN_POINT('',(123.21677950437,-18.0745338743,1.4));
#3598 = VECTOR('',#3599,1.);
#3599 = DIRECTION('',(0.,0.,1.));
#3600 = ORIENTED_EDGE('',*,*,#3601,.F.);
#3601 = EDGE_CURVE('',#3546,#3594,#3602,.T.);
#3602 = LINE('',#3603,#3604);
#3603 = CARTESIAN_POINT('',(116.67660637613,-13.22401090102,6.3));
#3604 = VECTOR('',#3605,1.);
#3605 = DIRECTION('',(-0.803207531481,0.595699304492,0.));
#3606 = ORIENTED_EDGE('',*,*,#3545,.F.);
#3607 = PLANE('',#3608);
#3608 = AXIS2_PLACEMENT_3D('',#3609,#3610,#3611);
#3609 = CARTESIAN_POINT('',(123.21677950437,-18.0745338743,1.4));
#3610 = DIRECTION('',(0.595699304492,0.803207531481,0.));
#3611 = DIRECTION('',(0.803207531481,-0.595699304492,0.));
#3612 = ADVANCED_FACE('',(#3613),#3631,.F.);
#3613 = FACE_BOUND('',#3614,.F.);
#3614 = EDGE_LOOP('',(#3615,#3616,#3617,#3625));
#3615 = ORIENTED_EDGE('',*,*,#3066,.F.);
#3616 = ORIENTED_EDGE('',*,*,#3578,.T.);
#3617 = ORIENTED_EDGE('',*,*,#3618,.F.);
#3618 = EDGE_CURVE('',#3619,#3571,#3621,.T.);
#3619 = VERTEX_POINT('',#3620);
#3620 = CARTESIAN_POINT('',(119.19738976007,-62.38243149019,6.3));
#3621 = LINE('',#3622,#3623);
#3622 = CARTESIAN_POINT('',(110.67858871719,-48.16967059773,6.3));
#3623 = VECTOR('',#3624,1.);
#3624 = DIRECTION('',(0.514102744193,-0.85772861,0.));
#3625 = ORIENTED_EDGE('',*,*,#3626,.F.);
#3626 = EDGE_CURVE('',#3059,#3619,#3627,.T.);
#3627 = LINE('',#3628,#3629);
#3628 = CARTESIAN_POINT('',(119.19738976007,-62.38243149019,1.4));
#3629 = VECTOR('',#3630,1.);
#3630 = DIRECTION('',(0.,0.,1.));
#3631 = PLANE('',#3632);
#3632 = AXIS2_PLACEMENT_3D('',#3633,#3634,#3635);
#3633 = CARTESIAN_POINT('',(119.30341732724,-62.55932779902,1.4));
#3634 = DIRECTION('',(-0.85772861,-0.514102744193,0.));
#3635 = DIRECTION('',(-0.514102744193,0.85772861,0.));
#3636 = ADVANCED_FACE('',(#3637),#3655,.F.);
#3637 = FACE_BOUND('',#3638,.F.);
#3638 = EDGE_LOOP('',(#3639,#3640,#3648,#3654));
#3639 = ORIENTED_EDGE('',*,*,#128,.F.);
#3640 = ORIENTED_EDGE('',*,*,#3641,.T.);
#3641 = EDGE_CURVE('',#129,#3642,#3644,.T.);
#3642 = VERTEX_POINT('',#3643);
#3643 = CARTESIAN_POINT('',(123.06396716074,-17.93603283925,6.3));
#3644 = LINE('',#3645,#3646);
#3645 = CARTESIAN_POINT('',(123.06396716074,-17.93603283925,1.4));
#3646 = VECTOR('',#3647,1.);
#3647 = DIRECTION('',(0.,0.,1.));
#3648 = ORIENTED_EDGE('',*,*,#3649,.F.);
#3649 = EDGE_CURVE('',#3594,#3642,#3650,.T.);
#3650 = LINE('',#3651,#3652);
#3651 = CARTESIAN_POINT('',(118.80971978743,-14.08020777615,6.3));
#3652 = VECTOR('',#3653,1.);
#3653 = DIRECTION('',(-0.740951125355,0.671558954847,0.));
#3654 = ORIENTED_EDGE('',*,*,#3593,.F.);
#3655 = PLANE('',#3656);
#3656 = AXIS2_PLACEMENT_3D('',#3657,#3658,#3659);
#3657 = CARTESIAN_POINT('',(123.06396716074,-17.93603283925,1.4));
#3658 = DIRECTION('',(0.671558954847,0.740951125355,0.));
#3659 = DIRECTION('',(0.740951125355,-0.671558954847,0.));
#3660 = ADVANCED_FACE('',(#3661),#3679,.F.);
#3661 = FACE_BOUND('',#3662,.F.);
#3662 = EDGE_LOOP('',(#3663,#3664,#3665,#3673));
#3663 = ORIENTED_EDGE('',*,*,#3058,.F.);
#3664 = ORIENTED_EDGE('',*,*,#3626,.T.);
#3665 = ORIENTED_EDGE('',*,*,#3666,.F.);
#3666 = EDGE_CURVE('',#3667,#3619,#3669,.T.);
#3667 = VERTEX_POINT('',#3668);
#3668 = CARTESIAN_POINT('',(119.0745338743,-62.21677950437,6.3));
#3669 = LINE('',#3670,#3671);
#3670 = CARTESIAN_POINT('',(108.65358322121,-48.16575411854,6.3));
#3671 = VECTOR('',#3672,1.);
#3672 = DIRECTION('',(0.595699304492,-0.803207531481,0.));
#3673 = ORIENTED_EDGE('',*,*,#3674,.F.);
#3674 = EDGE_CURVE('',#3051,#3667,#3675,.T.);
#3675 = LINE('',#3676,#3677);
#3676 = CARTESIAN_POINT('',(119.0745338743,-62.21677950437,1.4));
#3677 = VECTOR('',#3678,1.);
#3678 = DIRECTION('',(0.,0.,1.));
#3679 = PLANE('',#3680);
#3680 = AXIS2_PLACEMENT_3D('',#3681,#3682,#3683);
#3681 = CARTESIAN_POINT('',(119.19738976007,-62.38243149019,1.4));
#3682 = DIRECTION('',(-0.803207531481,-0.595699304492,0.));
#3683 = DIRECTION('',(-0.595699304492,0.803207531481,0.));
#3684 = ADVANCED_FACE('',(#3685),#3703,.F.);
#3685 = FACE_BOUND('',#3686,.F.);
#3686 = EDGE_LOOP('',(#3687,#3688,#3696,#3702));
#3687 = ORIENTED_EDGE('',*,*,#136,.F.);
#3688 = ORIENTED_EDGE('',*,*,#3689,.T.);
#3689 = EDGE_CURVE('',#137,#3690,#3692,.T.);
#3690 = VERTEX_POINT('',#3691);
#3691 = CARTESIAN_POINT('',(122.92546612569,-17.78322049562,6.3));
#3692 = LINE('',#3693,#3694);
#3693 = CARTESIAN_POINT('',(122.92546612569,-17.78322049562,1.4));
#3694 = VECTOR('',#3695,1.);
#3695 = DIRECTION('',(0.,0.,1.));
#3696 = ORIENTED_EDGE('',*,*,#3697,.F.);
#3697 = EDGE_CURVE('',#3642,#3690,#3698,.T.);
#3698 = LINE('',#3699,#3700);
#3699 = CARTESIAN_POINT('',(120.7194986095,-15.34931040951,6.3));
#3700 = VECTOR('',#3701,1.);
#3701 = DIRECTION('',(-0.671558954847,0.740951125355,0.));
#3702 = ORIENTED_EDGE('',*,*,#3641,.F.);
#3703 = PLANE('',#3704);
#3704 = AXIS2_PLACEMENT_3D('',#3705,#3706,#3707);
#3705 = CARTESIAN_POINT('',(122.92546612569,-17.78322049562,1.4));
#3706 = DIRECTION('',(0.740951125355,0.671558954847,0.));
#3707 = DIRECTION('',(0.671558954847,-0.740951125355,0.));
#3708 = ADVANCED_FACE('',(#3709),#3727,.F.);
#3709 = FACE_BOUND('',#3710,.F.);
#3710 = EDGE_LOOP('',(#3711,#3712,#3713,#3721));
#3711 = ORIENTED_EDGE('',*,*,#3050,.F.);
#3712 = ORIENTED_EDGE('',*,*,#3674,.T.);
#3713 = ORIENTED_EDGE('',*,*,#3714,.F.);
#3714 = EDGE_CURVE('',#3715,#3667,#3717,.T.);
#3715 = VERTEX_POINT('',#3716);
#3716 = CARTESIAN_POINT('',(118.93603283925,-62.06396716074,6.3));
#3717 = LINE('',#3718,#3719);
#3718 = CARTESIAN_POINT('',(106.68203525993,-48.54376430891,6.3));
#3719 = VECTOR('',#3720,1.);
#3720 = DIRECTION('',(0.671558954847,-0.740951125355,0.));
#3721 = ORIENTED_EDGE('',*,*,#3722,.F.);
#3722 = EDGE_CURVE('',#3043,#3715,#3723,.T.);
#3723 = LINE('',#3724,#3725);
#3724 = CARTESIAN_POINT('',(118.93603283925,-62.06396716074,1.4));
#3725 = VECTOR('',#3726,1.);
#3726 = DIRECTION('',(0.,0.,1.));
#3727 = PLANE('',#3728);
#3728 = AXIS2_PLACEMENT_3D('',#3729,#3730,#3731);
#3729 = CARTESIAN_POINT('',(119.0745338743,-62.21677950437,1.4));
#3730 = DIRECTION('',(-0.740951125355,-0.671558954847,0.));
#3731 = DIRECTION('',(-0.671558954847,0.740951125355,0.));
#3732 = ADVANCED_FACE('',(#3733),#3751,.F.);
#3733 = FACE_BOUND('',#3734,.F.);
#3734 = EDGE_LOOP('',(#3735,#3736,#3744,#3750));
#3735 = ORIENTED_EDGE('',*,*,#144,.F.);
#3736 = ORIENTED_EDGE('',*,*,#3737,.T.);
#3737 = EDGE_CURVE('',#145,#3738,#3740,.T.);
#3738 = VERTEX_POINT('',#3739);
#3739 = CARTESIAN_POINT('',(122.80261023992,-17.6175685098,6.3));
#3740 = LINE('',#3741,#3742);
#3741 = CARTESIAN_POINT('',(122.80261023992,-17.6175685098,1.4));
#3742 = VECTOR('',#3743,1.);
#3743 = DIRECTION('',(0.,0.,1.));
#3744 = ORIENTED_EDGE('',*,*,#3745,.F.);
#3745 = EDGE_CURVE('',#3690,#3738,#3746,.T.);
#3746 = LINE('',#3747,#3748);
#3747 = CARTESIAN_POINT('',(122.32845939932,-16.9782501098,6.3));
#3748 = VECTOR('',#3749,1.);
#3749 = DIRECTION('',(-0.595699304492,0.803207531481,0.));
#3750 = ORIENTED_EDGE('',*,*,#3689,.F.);
#3751 = PLANE('',#3752);
#3752 = AXIS2_PLACEMENT_3D('',#3753,#3754,#3755);
#3753 = CARTESIAN_POINT('',(122.80261023992,-17.6175685098,1.4));
#3754 = DIRECTION('',(0.803207531481,0.595699304492,0.));
#3755 = DIRECTION('',(0.595699304492,-0.803207531481,0.));
#3756 = ADVANCED_FACE('',(#3757),#3775,.F.);
#3757 = FACE_BOUND('',#3758,.F.);
#3758 = EDGE_LOOP('',(#3759,#3760,#3761,#3769));
#3759 = ORIENTED_EDGE('',*,*,#3042,.F.);
#3760 = ORIENTED_EDGE('',*,*,#3722,.T.);
#3761 = ORIENTED_EDGE('',*,*,#3762,.F.);
#3762 = EDGE_CURVE('',#3763,#3715,#3765,.T.);
#3763 = VERTEX_POINT('',#3764);
#3764 = CARTESIAN_POINT('',(118.78322049562,-61.92546612569,6.3));
#3765 = LINE('',#3766,#3767);
#3766 = CARTESIAN_POINT('',(104.83605956165,-49.28449629734,6.3));
#3767 = VECTOR('',#3768,1.);
#3768 = DIRECTION('',(0.740951125355,-0.671558954847,0.));
#3769 = ORIENTED_EDGE('',*,*,#3770,.F.);
#3770 = EDGE_CURVE('',#3035,#3763,#3771,.T.);
#3771 = LINE('',#3772,#3773);
#3772 = CARTESIAN_POINT('',(118.78322049562,-61.92546612569,1.4));
#3773 = VECTOR('',#3774,1.);
#3774 = DIRECTION('',(0.,0.,1.));
#3775 = PLANE('',#3776);
#3776 = AXIS2_PLACEMENT_3D('',#3777,#3778,#3779);
#3777 = CARTESIAN_POINT('',(118.93603283925,-62.06396716074,1.4));
#3778 = DIRECTION('',(-0.671558954847,-0.740951125355,0.));
#3779 = DIRECTION('',(-0.740951125355,0.671558954847,0.));
#3780 = ADVANCED_FACE('',(#3781),#3799,.F.);
#3781 = FACE_BOUND('',#3782,.F.);
#3782 = EDGE_LOOP('',(#3783,#3784,#3792,#3798));
#3783 = ORIENTED_EDGE('',*,*,#152,.F.);
#3784 = ORIENTED_EDGE('',*,*,#3785,.T.);
#3785 = EDGE_CURVE('',#153,#3786,#3788,.T.);
#3786 = VERTEX_POINT('',#3787);
#3787 = CARTESIAN_POINT('',(122.69658267275,-17.44067220097,6.3));
#3788 = LINE('',#3789,#3790);
#3789 = CARTESIAN_POINT('',(122.69658267275,-17.44067220097,1.4));
#3790 = VECTOR('',#3791,1.);
#3791 = DIRECTION('',(0.,0.,1.));
#3792 = ORIENTED_EDGE('',*,*,#3793,.F.);
#3793 = EDGE_CURVE('',#3738,#3786,#3794,.T.);
#3794 = LINE('',#3795,#3796);
#3795 = CARTESIAN_POINT('',(123.57111994186,-18.899749486,6.3));
#3796 = VECTOR('',#3797,1.);
#3797 = DIRECTION('',(-0.514102744193,0.85772861,0.));
#3798 = ORIENTED_EDGE('',*,*,#3737,.F.);
#3799 = PLANE('',#3800);
#3800 = AXIS2_PLACEMENT_3D('',#3801,#3802,#3803);
#3801 = CARTESIAN_POINT('',(122.69658267275,-17.44067220097,1.4));
#3802 = DIRECTION('',(0.85772861,0.514102744193,0.));
#3803 = DIRECTION('',(0.514102744193,-0.85772861,0.));
#3804 = ADVANCED_FACE('',(#3805),#3823,.F.);
#3805 = FACE_BOUND('',#3806,.F.);
#3806 = EDGE_LOOP('',(#3807,#3808,#3809,#3817));
#3807 = ORIENTED_EDGE('',*,*,#3034,.F.);
#3808 = ORIENTED_EDGE('',*,*,#3770,.T.);
#3809 = ORIENTED_EDGE('',*,*,#3810,.F.);
#3810 = EDGE_CURVE('',#3811,#3763,#3813,.T.);
#3811 = VERTEX_POINT('',#3812);
#3812 = CARTESIAN_POINT('',(118.6175685098,-61.80261023992,6.3));
#3813 = LINE('',#3814,#3815);
#3814 = CARTESIAN_POINT('',(103.18250422334,-50.35518638012,6.3));
#3815 = VECTOR('',#3816,1.);
#3816 = DIRECTION('',(0.803207531481,-0.595699304492,0.));
#3817 = ORIENTED_EDGE('',*,*,#3818,.F.);
#3818 = EDGE_CURVE('',#3027,#3811,#3819,.T.);
#3819 = LINE('',#3820,#3821);
#3820 = CARTESIAN_POINT('',(118.6175685098,-61.80261023992,1.4));
#3821 = VECTOR('',#3822,1.);
#3822 = DIRECTION('',(0.,0.,1.));
#3823 = PLANE('',#3824);
#3824 = AXIS2_PLACEMENT_3D('',#3825,#3826,#3827);
#3825 = CARTESIAN_POINT('',(118.78322049562,-61.92546612569,1.4));
#3826 = DIRECTION('',(-0.595699304492,-0.803207531481,0.));
#3827 = DIRECTION('',(-0.803207531481,0.595699304492,0.));
#3828 = ADVANCED_FACE('',(#3829),#3847,.F.);
#3829 = FACE_BOUND('',#3830,.F.);
#3830 = EDGE_LOOP('',(#3831,#3832,#3840,#3846));
#3831 = ORIENTED_EDGE('',*,*,#160,.F.);
#3832 = ORIENTED_EDGE('',*,*,#3833,.T.);
#3833 = EDGE_CURVE('',#161,#3834,#3836,.T.);
#3834 = VERTEX_POINT('',#3835);
#3835 = CARTESIAN_POINT('',(122.60840452763,-17.25423517729,6.3));
#3836 = LINE('',#3837,#3838);
#3837 = CARTESIAN_POINT('',(122.60840452763,-17.25423517729,1.4));
#3838 = VECTOR('',#3839,1.);
#3839 = DIRECTION('',(0.,0.,1.));
#3840 = ORIENTED_EDGE('',*,*,#3841,.F.);
#3841 = EDGE_CURVE('',#3786,#3834,#3842,.T.);
#3842 = LINE('',#3843,#3844);
#3843 = CARTESIAN_POINT('',(124.39655085362,-21.03495293289,6.3));
#3844 = VECTOR('',#3845,1.);
#3845 = DIRECTION('',(-0.42755509343,0.903989293123,0.));
#3846 = ORIENTED_EDGE('',*,*,#3785,.F.);
#3847 = PLANE('',#3848);
#3848 = AXIS2_PLACEMENT_3D('',#3849,#3850,#3851);
#3849 = CARTESIAN_POINT('',(122.60840452763,-17.25423517729,1.4));
#3850 = DIRECTION('',(0.903989293123,0.42755509343,0.));
#3851 = DIRECTION('',(0.42755509343,-0.903989293123,0.));
#3852 = ADVANCED_FACE('',(#3853),#3871,.F.);
#3853 = FACE_BOUND('',#3854,.F.);
#3854 = EDGE_LOOP('',(#3855,#3856,#3857,#3865));
#3855 = ORIENTED_EDGE('',*,*,#3026,.F.);
#3856 = ORIENTED_EDGE('',*,*,#3818,.T.);
#3857 = ORIENTED_EDGE('',*,*,#3858,.F.);
#3858 = EDGE_CURVE('',#3859,#3811,#3861,.T.);
#3859 = VERTEX_POINT('',#3860);
#3860 = CARTESIAN_POINT('',(118.44067220097,-61.69658267275,6.3));
#3861 = LINE('',#3862,#3863);
#3862 = CARTESIAN_POINT('',(101.78042118119,-51.71081250215,6.3));
#3863 = VECTOR('',#3864,1.);
#3864 = DIRECTION('',(0.85772861,-0.514102744193,0.));
#3865 = ORIENTED_EDGE('',*,*,#3866,.F.);
#3866 = EDGE_CURVE('',#3019,#3859,#3867,.T.);
#3867 = LINE('',#3868,#3869);
#3868 = CARTESIAN_POINT('',(118.44067220097,-61.69658267275,1.4));
#3869 = VECTOR('',#3870,1.);
#3870 = DIRECTION('',(0.,0.,1.));
#3871 = PLANE('',#3872);
#3872 = AXIS2_PLACEMENT_3D('',#3873,#3874,#3875);
#3873 = CARTESIAN_POINT('',(118.6175685098,-61.80261023992,1.4));
#3874 = DIRECTION('',(-0.514102744193,-0.85772861,0.));
#3875 = DIRECTION('',(-0.85772861,0.514102744193,0.));
#3876 = ADVANCED_FACE('',(#3877),#3895,.F.);
#3877 = FACE_BOUND('',#3878,.F.);
#3878 = EDGE_LOOP('',(#3879,#3880,#3888,#3894));
#3879 = ORIENTED_EDGE('',*,*,#168,.F.);
#3880 = ORIENTED_EDGE('',*,*,#3881,.T.);
#3881 = EDGE_CURVE('',#169,#3882,#3884,.T.);
#3882 = VERTEX_POINT('',#3883);
#3883 = CARTESIAN_POINT('',(122.53892500829,-17.06005292921,6.3));
#3884 = LINE('',#3885,#3886);
#3885 = CARTESIAN_POINT('',(122.53892500829,-17.06005292921,1.4));
#3886 = VECTOR('',#3887,1.);
#3887 = DIRECTION('',(0.,0.,1.));
#3888 = ORIENTED_EDGE('',*,*,#3889,.F.);
#3889 = EDGE_CURVE('',#3834,#3882,#3890,.T.);
#3890 = LINE('',#3891,#3892);
#3891 = CARTESIAN_POINT('',(124.77036334374,-23.29650529014,6.3));
#3892 = VECTOR('',#3893,1.);
#3893 = DIRECTION('',(-0.336889853392,0.941544065183,0.));
#3894 = ORIENTED_EDGE('',*,*,#3833,.F.);
#3895 = PLANE('',#3896);
#3896 = AXIS2_PLACEMENT_3D('',#3897,#3898,#3899);
#3897 = CARTESIAN_POINT('',(122.53892500829,-17.06005292921,1.4));
#3898 = DIRECTION('',(0.941544065183,0.336889853392,0.));
#3899 = DIRECTION('',(0.336889853392,-0.941544065183,0.));
#3900 = ADVANCED_FACE('',(#3901),#3919,.F.);
#3901 = FACE_BOUND('',#3902,.F.);
#3902 = EDGE_LOOP('',(#3903,#3904,#3905,#3913));
#3903 = ORIENTED_EDGE('',*,*,#3018,.F.);
#3904 = ORIENTED_EDGE('',*,*,#3866,.T.);
#3905 = ORIENTED_EDGE('',*,*,#3906,.F.);
#3906 = EDGE_CURVE('',#3907,#3859,#3909,.T.);
#3907 = VERTEX_POINT('',#3908);
#3908 = CARTESIAN_POINT('',(118.25423517729,-61.60840452763,6.3));
#3909 = LINE('',#3910,#3911);
#3910 = CARTESIAN_POINT('',(100.67884015046,-53.29586175757,6.3));
#3911 = VECTOR('',#3912,1.);
#3912 = DIRECTION('',(0.903989293123,-0.42755509343,0.));
#3913 = ORIENTED_EDGE('',*,*,#3914,.F.);
#3914 = EDGE_CURVE('',#3011,#3907,#3915,.T.);
#3915 = LINE('',#3916,#3917);
#3916 = CARTESIAN_POINT('',(118.25423517729,-61.60840452763,1.4));
#3917 = VECTOR('',#3918,1.);
#3918 = DIRECTION('',(0.,0.,1.));
#3919 = PLANE('',#3920);
#3920 = AXIS2_PLACEMENT_3D('',#3921,#3922,#3923);
#3921 = CARTESIAN_POINT('',(118.44067220097,-61.69658267275,1.4));
#3922 = DIRECTION('',(-0.42755509343,-0.903989293123,0.));
#3923 = DIRECTION('',(-0.903989293123,0.42755509343,0.));
#3924 = ADVANCED_FACE('',(#3925),#3943,.F.);
#3925 = FACE_BOUND('',#3926,.F.);
#3926 = EDGE_LOOP('',(#3927,#3928,#3936,#3942));
#3927 = ORIENTED_EDGE('',*,*,#176,.F.);
#3928 = ORIENTED_EDGE('',*,*,#3929,.T.);
#3929 = EDGE_CURVE('',#177,#3930,#3932,.T.);
#3930 = VERTEX_POINT('',#3931);
#3931 = CARTESIAN_POINT('',(122.48881324049,-16.85999553794,6.3));
#3932 = LINE('',#3933,#3934);
#3933 = CARTESIAN_POINT('',(122.48881324049,-16.85999553794,1.4));
#3934 = VECTOR('',#3935,1.);
#3935 = DIRECTION('',(0.,0.,1.));
#3936 = ORIENTED_EDGE('',*,*,#3937,.F.);
#3937 = EDGE_CURVE('',#3882,#3930,#3938,.T.);
#3938 = LINE('',#3939,#3940);
#3939 = CARTESIAN_POINT('',(124.67605644972,-25.59195989873,6.3));
#3940 = VECTOR('',#3941,1.);
#3941 = DIRECTION('',(-0.242980179903,0.970031253195,0.));
#3942 = ORIENTED_EDGE('',*,*,#3881,.F.);
#3943 = PLANE('',#3944);
#3944 = AXIS2_PLACEMENT_3D('',#3945,#3946,#3947);
#3945 = CARTESIAN_POINT('',(122.48881324049,-16.85999553794,1.4));
#3946 = DIRECTION('',(0.970031253195,0.242980179903,0.));
#3947 = DIRECTION('',(0.242980179903,-0.970031253195,0.));
#3948 = ADVANCED_FACE('',(#3949),#3967,.F.);
#3949 = FACE_BOUND('',#3950,.F.);
#3950 = EDGE_LOOP('',(#3951,#3952,#3953,#3961));
#3951 = ORIENTED_EDGE('',*,*,#3010,.F.);
#3952 = ORIENTED_EDGE('',*,*,#3914,.T.);
#3953 = ORIENTED_EDGE('',*,*,#3954,.F.);
#3954 = EDGE_CURVE('',#3955,#3907,#3957,.T.);
#3955 = VERTEX_POINT('',#3956);
#3956 = CARTESIAN_POINT('',(118.06005292921,-61.53892500829,6.3));
#3957 = LINE('',#3958,#3959);
#3958 = CARTESIAN_POINT('',(99.91493116411,-55.04649662679,6.3));
#3959 = VECTOR('',#3960,1.);
#3960 = DIRECTION('',(0.941544065183,-0.336889853392,0.));
#3961 = ORIENTED_EDGE('',*,*,#3962,.F.);
#3962 = EDGE_CURVE('',#3003,#3955,#3963,.T.);
#3963 = LINE('',#3964,#3965);
#3964 = CARTESIAN_POINT('',(118.06005292921,-61.53892500829,1.4));
#3965 = VECTOR('',#3966,1.);
#3966 = DIRECTION('',(0.,0.,1.));
#3967 = PLANE('',#3968);
#3968 = AXIS2_PLACEMENT_3D('',#3969,#3970,#3971);
#3969 = CARTESIAN_POINT('',(118.25423517729,-61.60840452763,1.4));
#3970 = DIRECTION('',(-0.336889853392,-0.941544065183,0.));
#3971 = DIRECTION('',(-0.941544065183,0.336889853392,0.));
#3972 = ADVANCED_FACE('',(#3973),#3991,.F.);
#3973 = FACE_BOUND('',#3974,.F.);
#3974 = EDGE_LOOP('',(#3975,#3976,#3984,#3990));
#3975 = ORIENTED_EDGE('',*,*,#184,.F.);
#3976 = ORIENTED_EDGE('',*,*,#3977,.T.);
#3977 = EDGE_CURVE('',#185,#3978,#3980,.T.);
#3978 = VERTEX_POINT('',#3979);
#3979 = CARTESIAN_POINT('',(122.45855182794,-16.65598966551,6.3));
#3980 = LINE('',#3981,#3982);
#3981 = CARTESIAN_POINT('',(122.45855182794,-16.65598966551,1.4));
#3982 = VECTOR('',#3983,1.);
#3983 = DIRECTION('',(0.,0.,1.));
#3984 = ORIENTED_EDGE('',*,*,#3985,.F.);
#3985 = EDGE_CURVE('',#3930,#3978,#3986,.T.);
#3986 = LINE('',#3987,#3988);
#3987 = CARTESIAN_POINT('',(124.11567172675,-27.82738459346,6.3));
#3988 = VECTOR('',#3989,1.);
#3989 = DIRECTION('',(-0.146730474455,0.989176509965,0.));
#3990 = ORIENTED_EDGE('',*,*,#3929,.F.);
#3991 = PLANE('',#3992);
#3992 = AXIS2_PLACEMENT_3D('',#3993,#3994,#3995);
#3993 = CARTESIAN_POINT('',(122.45855182794,-16.65598966551,1.4));
#3994 = DIRECTION('',(0.989176509965,0.146730474455,0.));
#3995 = DIRECTION('',(0.146730474455,-0.989176509965,0.));
#3996 = ADVANCED_FACE('',(#3997),#4015,.F.);
#3997 = FACE_BOUND('',#3998,.F.);
#3998 = EDGE_LOOP('',(#3999,#4000,#4001,#4009));
#3999 = ORIENTED_EDGE('',*,*,#3002,.F.);
#4000 = ORIENTED_EDGE('',*,*,#3962,.T.);
#4001 = ORIENTED_EDGE('',*,*,#4002,.F.);
#4002 = EDGE_CURVE('',#4003,#3955,#4005,.T.);
#4003 = VERTEX_POINT('',#4004);
#4004 = CARTESIAN_POINT('',(117.85999553794,-61.48881324049,6.3));
#4005 = LINE('',#4006,#4007);
#4006 = CARTESIAN_POINT('',(99.512625872776,-56.89303638555,6.3));
#4007 = VECTOR('',#4008,1.);
#4008 = DIRECTION('',(0.970031253195,-0.242980179903,0.));
#4009 = ORIENTED_EDGE('',*,*,#4010,.F.);
#4010 = EDGE_CURVE('',#2995,#4003,#4011,.T.);
#4011 = LINE('',#4012,#4013);
#4012 = CARTESIAN_POINT('',(117.85999553794,-61.48881324049,1.4));
#4013 = VECTOR('',#4014,1.);
#4014 = DIRECTION('',(0.,0.,1.));
#4015 = PLANE('',#4016);
#4016 = AXIS2_PLACEMENT_3D('',#4017,#4018,#4019);
#4017 = CARTESIAN_POINT('',(118.06005292921,-61.53892500829,1.4));
#4018 = DIRECTION('',(-0.242980179903,-0.970031253195,0.));
#4019 = DIRECTION('',(-0.970031253195,0.242980179903,0.));
#4020 = ADVANCED_FACE('',(#4021),#4039,.F.);
#4021 = FACE_BOUND('',#4022,.F.);
#4022 = EDGE_LOOP('',(#4023,#4024,#4032,#4038));
#4023 = ORIENTED_EDGE('',*,*,#192,.F.);
#4024 = ORIENTED_EDGE('',*,*,#4025,.T.);
#4025 = EDGE_CURVE('',#193,#4026,#4028,.T.);
#4026 = VERTEX_POINT('',#4027);
#4027 = CARTESIAN_POINT('',(122.45,-16.48191320874,6.3));
#4028 = LINE('',#4029,#4030);
#4029 = CARTESIAN_POINT('',(122.45,-16.48191320874,1.4));
#4030 = VECTOR('',#4031,1.);
#4031 = DIRECTION('',(0.,0.,1.));
#4032 = ORIENTED_EDGE('',*,*,#4033,.F.);
#4033 = EDGE_CURVE('',#3978,#4026,#4034,.T.);
#4034 = LINE('',#4035,#4036);
#4035 = CARTESIAN_POINT('',(123.11051393095,-29.92698314607,6.3));
#4036 = VECTOR('',#4037,1.);
#4037 = DIRECTION('',(-4.906767432742E-02,0.998795456205,0.));
#4038 = ORIENTED_EDGE('',*,*,#3977,.F.);
#4039 = PLANE('',#4040);
#4040 = AXIS2_PLACEMENT_3D('',#4041,#4042,#4043);
#4041 = CARTESIAN_POINT('',(122.45,-16.48191320874,1.4));
#4042 = DIRECTION('',(0.998795456205,4.906767432742E-02,0.));
#4043 = DIRECTION('',(4.906767432742E-02,-0.998795456205,0.));
#4044 = ADVANCED_FACE('',(#4045),#4063,.F.);
#4045 = FACE_BOUND('',#4046,.F.);
#4046 = EDGE_LOOP('',(#4047,#4048,#4049,#4057));
#4047 = ORIENTED_EDGE('',*,*,#2994,.F.);
#4048 = ORIENTED_EDGE('',*,*,#4010,.T.);
#4049 = ORIENTED_EDGE('',*,*,#4050,.F.);
#4050 = EDGE_CURVE('',#4051,#4003,#4053,.T.);
#4051 = VERTEX_POINT('',#4052);
#4052 = CARTESIAN_POINT('',(117.65598966551,-61.45855182794,6.3));
#4053 = LINE('',#4054,#4055);
#4054 = CARTESIAN_POINT('',(99.481750110099,-58.76265805572,6.3));
#4055 = VECTOR('',#4056,1.);
#4056 = DIRECTION('',(0.989176509965,-0.146730474455,0.));
#4057 = ORIENTED_EDGE('',*,*,#4058,.F.);
#4058 = EDGE_CURVE('',#2987,#4051,#4059,.T.);
#4059 = LINE('',#4060,#4061);
#4060 = CARTESIAN_POINT('',(117.65598966551,-61.45855182794,1.4));
#4061 = VECTOR('',#4062,1.);
#4062 = DIRECTION('',(0.,0.,1.));
#4063 = PLANE('',#4064);
#4064 = AXIS2_PLACEMENT_3D('',#4065,#4066,#4067);
#4065 = CARTESIAN_POINT('',(117.85999553794,-61.48881324049,1.4));
#4066 = DIRECTION('',(-0.146730474455,-0.989176509965,0.));
#4067 = DIRECTION('',(-0.989176509965,0.146730474455,0.));
#4068 = ADVANCED_FACE('',(#4069),#4087,.F.);
#4069 = FACE_BOUND('',#4070,.F.);
#4070 = EDGE_LOOP('',(#4071,#4072,#4080,#4086));
#4071 = ORIENTED_EDGE('',*,*,#200,.F.);
#4072 = ORIENTED_EDGE('',*,*,#4073,.T.);
#4073 = EDGE_CURVE('',#201,#4074,#4076,.T.);
#4074 = VERTEX_POINT('',#4075);
#4075 = CARTESIAN_POINT('',(122.45,-6.55,6.3));
#4076 = LINE('',#4077,#4078);
#4077 = CARTESIAN_POINT('',(122.45,-6.55,1.4));
#4078 = VECTOR('',#4079,1.);
#4079 = DIRECTION('',(0.,0.,1.));
#4080 = ORIENTED_EDGE('',*,*,#4081,.F.);
#4081 = EDGE_CURVE('',#4026,#4074,#4082,.T.);
#4082 = LINE('',#4083,#4084);
#4083 = CARTESIAN_POINT('',(122.45,-25.97029718549,6.3));
#4084 = VECTOR('',#4085,1.);
#4085 = DIRECTION('',(0.,1.,0.));
#4086 = ORIENTED_EDGE('',*,*,#4025,.F.);
#4087 = PLANE('',#4088);
#4088 = AXIS2_PLACEMENT_3D('',#4089,#4090,#4091);
#4089 = CARTESIAN_POINT('',(122.45,-6.55,1.4));
#4090 = DIRECTION('',(1.,0.,0.));
#4091 = DIRECTION('',(0.,-1.,0.));
#4092 = ADVANCED_FACE('',(#4093),#4111,.F.);
#4093 = FACE_BOUND('',#4094,.F.);
#4094 = EDGE_LOOP('',(#4095,#4096,#4097,#4105));
#4095 = ORIENTED_EDGE('',*,*,#2986,.F.);
#4096 = ORIENTED_EDGE('',*,*,#4058,.T.);
#4097 = ORIENTED_EDGE('',*,*,#4098,.F.);
#4098 = EDGE_CURVE('',#4099,#4051,#4101,.T.);
#4099 = VERTEX_POINT('',#4100);
#4100 = CARTESIAN_POINT('',(117.48191320874,-61.45,6.3));
#4101 = LINE('',#4102,#4103);
#4102 = CARTESIAN_POINT('',(99.817700555041,-60.58221287866,6.3));
#4103 = VECTOR('',#4104,1.);
#4104 = DIRECTION('',(0.998795456205,-4.906767432739E-02,0.));
#4105 = ORIENTED_EDGE('',*,*,#4106,.F.);
#4106 = EDGE_CURVE('',#2979,#4099,#4107,.T.);
#4107 = LINE('',#4108,#4109);
#4108 = CARTESIAN_POINT('',(117.48191320874,-61.45,1.4));
#4109 = VECTOR('',#4110,1.);
#4110 = DIRECTION('',(0.,0.,1.));
#4111 = PLANE('',#4112);
#4112 = AXIS2_PLACEMENT_3D('',#4113,#4114,#4115);
#4113 = CARTESIAN_POINT('',(117.65598966551,-61.45855182794,1.4));
#4114 = DIRECTION('',(-4.906767432739E-02,-0.998795456205,0.));
#4115 = DIRECTION('',(-0.998795456205,4.906767432739E-02,0.));
#4116 = ADVANCED_FACE('',(#4117),#4135,.F.);
#4117 = FACE_BOUND('',#4118,.F.);
#4118 = EDGE_LOOP('',(#4119,#4120,#4128,#4134));
#4119 = ORIENTED_EDGE('',*,*,#208,.F.);
#4120 = ORIENTED_EDGE('',*,*,#4121,.T.);
#4121 = EDGE_CURVE('',#209,#4122,#4124,.T.);
#4122 = VERTEX_POINT('',#4123);
#4123 = CARTESIAN_POINT('',(106.51808679125,-6.55,6.3));
#4124 = LINE('',#4125,#4126);
#4125 = CARTESIAN_POINT('',(106.51808679125,-6.55,1.4));
#4126 = VECTOR('',#4127,1.);
#4127 = DIRECTION('',(0.,0.,1.));
#4128 = ORIENTED_EDGE('',*,*,#4129,.F.);
#4129 = EDGE_CURVE('',#4074,#4122,#4130,.T.);
#4130 = LINE('',#4131,#4132);
#4131 = CARTESIAN_POINT('',(94.600381412049,-6.55,6.3));
#4132 = VECTOR('',#4133,1.);
#4133 = DIRECTION('',(-1.,0.,0.));
#4134 = ORIENTED_EDGE('',*,*,#4073,.F.);
#4135 = PLANE('',#4136);
#4136 = AXIS2_PLACEMENT_3D('',#4137,#4138,#4139);
#4137 = CARTESIAN_POINT('',(106.51808679125,-6.55,1.4));
#4138 = DIRECTION('',(0.,1.,0.));
#4139 = DIRECTION('',(1.,0.,0.));
#4140 = ADVANCED_FACE('',(#4141),#4159,.F.);
#4141 = FACE_BOUND('',#4142,.F.);
#4142 = EDGE_LOOP('',(#4143,#4144,#4145,#4153));
#4143 = ORIENTED_EDGE('',*,*,#2978,.F.);
#4144 = ORIENTED_EDGE('',*,*,#4106,.T.);
#4145 = ORIENTED_EDGE('',*,*,#4146,.F.);
#4146 = EDGE_CURVE('',#4147,#4099,#4149,.T.);
#4147 = VERTEX_POINT('',#4148);
#4148 = CARTESIAN_POINT('',(94.307078569205,-61.45,6.3));
#4149 = LINE('',#4150,#4151);
#4150 = CARTESIAN_POINT('',(100.08229462079,-61.45,6.3));
#4151 = VECTOR('',#4152,1.);
#4152 = DIRECTION('',(1.,3.066009949205E-16,0.));
#4153 = ORIENTED_EDGE('',*,*,#4154,.F.);
#4154 = EDGE_CURVE('',#2971,#4147,#4155,.T.);
#4155 = LINE('',#4156,#4157);
#4156 = CARTESIAN_POINT('',(94.307078569205,-61.45,1.4));
#4157 = VECTOR('',#4158,1.);
#4158 = DIRECTION('',(0.,0.,1.));
#4159 = PLANE('',#4160);
#4160 = AXIS2_PLACEMENT_3D('',#4161,#4162,#4163);
#4161 = CARTESIAN_POINT('',(117.48191320874,-61.45,1.4));
#4162 = DIRECTION('',(3.066009949205E-16,-1.,0.));
#4163 = DIRECTION('',(-1.,-3.066009949205E-16,0.));
#4164 = ADVANCED_FACE('',(#4165),#4183,.F.);
#4165 = FACE_BOUND('',#4166,.F.);
#4166 = EDGE_LOOP('',(#4167,#4168,#4176,#4182));
#4167 = ORIENTED_EDGE('',*,*,#216,.F.);
#4168 = ORIENTED_EDGE('',*,*,#4169,.T.);
#4169 = EDGE_CURVE('',#217,#4170,#4172,.T.);
#4170 = VERTEX_POINT('',#4171);
#4171 = CARTESIAN_POINT('',(106.34401033448,-6.54144817206,6.3));
#4172 = LINE('',#4173,#4174);
#4173 = CARTESIAN_POINT('',(106.34401033448,-6.54144817206,1.4));
#4174 = VECTOR('',#4175,1.);
#4175 = DIRECTION('',(0.,0.,1.));
#4176 = ORIENTED_EDGE('',*,*,#4177,.F.);
#4177 = EDGE_CURVE('',#4122,#4170,#4178,.T.);
#4178 = LINE('',#4179,#4180);
#4179 = CARTESIAN_POINT('',(95.493797685319,-6.008411405277,6.3));
#4180 = VECTOR('',#4181,1.);
#4181 = DIRECTION('',(-0.998795456205,4.906767432742E-02,0.));
#4182 = ORIENTED_EDGE('',*,*,#4121,.F.);
#4183 = PLANE('',#4184);
#4184 = AXIS2_PLACEMENT_3D('',#4185,#4186,#4187);
#4185 = CARTESIAN_POINT('',(106.34401033448,-6.54144817206,1.4));
#4186 = DIRECTION('',(4.906767432742E-02,0.998795456205,0.));
#4187 = DIRECTION('',(0.998795456205,-4.906767432742E-02,0.));
#4188 = ADVANCED_FACE('',(#4189),#4207,.F.);
#4189 = FACE_BOUND('',#4190,.F.);
#4190 = EDGE_LOOP('',(#4191,#4192,#4193,#4201));
#4191 = ORIENTED_EDGE('',*,*,#2970,.F.);
#4192 = ORIENTED_EDGE('',*,*,#4154,.T.);
#4193 = ORIENTED_EDGE('',*,*,#4194,.F.);
#4194 = EDGE_CURVE('',#4195,#4147,#4197,.T.);
#4195 = VERTEX_POINT('',#4196);
#4196 = CARTESIAN_POINT('',(94.142654284769,-61.45762822635,6.3));
#4197 = LINE('',#4198,#4199);
#4198 = CARTESIAN_POINT('',(88.879086725447,-61.70182381408,6.3));
#4199 = VECTOR('',#4200,1.);
#4200 = DIRECTION('',(0.99892555337,4.634370317406E-02,0.));
#4201 = ORIENTED_EDGE('',*,*,#4202,.F.);
#4202 = EDGE_CURVE('',#2963,#4195,#4203,.T.);
#4203 = LINE('',#4204,#4205);
#4204 = CARTESIAN_POINT('',(94.142654284769,-61.45762822635,1.4));
#4205 = VECTOR('',#4206,1.);
#4206 = DIRECTION('',(0.,0.,1.));
#4207 = PLANE('',#4208);
#4208 = AXIS2_PLACEMENT_3D('',#4209,#4210,#4211);
#4209 = CARTESIAN_POINT('',(94.307078569205,-61.45,1.4));
#4210 = DIRECTION('',(4.634370317406E-02,-0.99892555337,0.));
#4211 = DIRECTION('',(-0.99892555337,-4.634370317406E-02,0.));
#4212 = ADVANCED_FACE('',(#4213),#4231,.F.);
#4213 = FACE_BOUND('',#4214,.F.);
#4214 = EDGE_LOOP('',(#4215,#4216,#4224,#4230));
#4215 = ORIENTED_EDGE('',*,*,#224,.F.);
#4216 = ORIENTED_EDGE('',*,*,#4217,.T.);
#4217 = EDGE_CURVE('',#225,#4218,#4220,.T.);
#4218 = VERTEX_POINT('',#4219);
#4219 = CARTESIAN_POINT('',(106.14000446205,-6.511186759509,6.3));
#4220 = LINE('',#4221,#4222);
#4221 = CARTESIAN_POINT('',(106.14000446205,-6.511186759509,1.4));
#4222 = VECTOR('',#4223,1.);
#4223 = DIRECTION('',(0.,0.,1.));
#4224 = ORIENTED_EDGE('',*,*,#4225,.F.);
#4225 = EDGE_CURVE('',#4170,#4218,#4226,.T.);
#4226 = LINE('',#4227,#4228);
#4227 = CARTESIAN_POINT('',(97.485380491728,-5.227394566098,6.3));
#4228 = VECTOR('',#4229,1.);
#4229 = DIRECTION('',(-0.989176509965,0.146730474455,0.));
#4230 = ORIENTED_EDGE('',*,*,#4169,.F.);
#4231 = PLANE('',#4232);
#4232 = AXIS2_PLACEMENT_3D('',#4233,#4234,#4235);
#4233 = CARTESIAN_POINT('',(106.14000446205,-6.511186759509,1.4));
#4234 = DIRECTION('',(0.146730474455,0.989176509965,0.));
#4235 = DIRECTION('',(0.989176509965,-0.146730474455,0.));
#4236 = ADVANCED_FACE('',(#4237),#4255,.F.);
#4237 = FACE_BOUND('',#4238,.F.);
#4238 = EDGE_LOOP('',(#4239,#4240,#4241,#4249));
#4239 = ORIENTED_EDGE('',*,*,#2962,.F.);
#4240 = ORIENTED_EDGE('',*,*,#4202,.T.);
#4241 = ORIENTED_EDGE('',*,*,#4242,.F.);
#4242 = EDGE_CURVE('',#4243,#4195,#4245,.T.);
#4243 = VERTEX_POINT('',#4244);
#4244 = CARTESIAN_POINT('',(93.949761891197,-61.48463020807,6.3));
#4245 = LINE('',#4246,#4247);
#4246 = CARTESIAN_POINT('',(89.625746555622,-62.08992615002,6.3));
#4247 = VECTOR('',#4248,1.);
#4248 = DIRECTION('',(0.990343828598,0.13863297284,0.));
#4249 = ORIENTED_EDGE('',*,*,#4250,.F.);
#4250 = EDGE_CURVE('',#2955,#4243,#4251,.T.);
#4251 = LINE('',#4252,#4253);
#4252 = CARTESIAN_POINT('',(93.949761891197,-61.48463020807,1.4));
#4253 = VECTOR('',#4254,1.);
#4254 = DIRECTION('',(0.,0.,1.));
#4255 = PLANE('',#4256);
#4256 = AXIS2_PLACEMENT_3D('',#4257,#4258,#4259);
#4257 = CARTESIAN_POINT('',(94.142654284769,-61.45762822635,1.4));
#4258 = DIRECTION('',(0.13863297284,-0.990343828598,0.));
#4259 = DIRECTION('',(-0.990343828598,-0.13863297284,0.));
#4260 = ADVANCED_FACE('',(#4261),#4279,.F.);
#4261 = FACE_BOUND('',#4262,.F.);
#4262 = EDGE_LOOP('',(#4263,#4264,#4272,#4278));
#4263 = ORIENTED_EDGE('',*,*,#232,.F.);
#4264 = ORIENTED_EDGE('',*,*,#4265,.T.);
#4265 = EDGE_CURVE('',#233,#4266,#4268,.T.);
#4266 = VERTEX_POINT('',#4267);
#4267 = CARTESIAN_POINT('',(105.93994707078,-6.461074991705,6.3));
#4268 = LINE('',#4269,#4270);
#4269 = CARTESIAN_POINT('',(105.93994707078,-6.461074991705,1.4));
#4270 = VECTOR('',#4271,1.);
#4271 = DIRECTION('',(0.,0.,1.));
#4272 = ORIENTED_EDGE('',*,*,#4273,.F.);
#4273 = EDGE_CURVE('',#4218,#4266,#4274,.T.);
#4274 = LINE('',#4275,#4276);
#4275 = CARTESIAN_POINT('',(99.585670941927,-4.869411679972,6.3));
#4276 = VECTOR('',#4277,1.);
#4277 = DIRECTION('',(-0.970031253195,0.242980179903,0.));
#4278 = ORIENTED_EDGE('',*,*,#4217,.F.);
#4279 = PLANE('',#4280);
#4280 = AXIS2_PLACEMENT_3D('',#4281,#4282,#4283);
#4281 = CARTESIAN_POINT('',(105.93994707078,-6.461074991705,1.4));
#4282 = DIRECTION('',(0.242980179903,0.970031253195,0.));
#4283 = DIRECTION('',(0.970031253195,-0.242980179903,0.));
#4284 = ADVANCED_FACE('',(#4285),#4303,.F.);
#4285 = FACE_BOUND('',#4286,.F.);
#4286 = EDGE_LOOP('',(#4287,#4288,#4289,#4297));
#4287 = ORIENTED_EDGE('',*,*,#2954,.F.);
#4288 = ORIENTED_EDGE('',*,*,#4250,.T.);
#4289 = ORIENTED_EDGE('',*,*,#4290,.F.);
#4290 = EDGE_CURVE('',#4291,#4243,#4293,.T.);
#4291 = VERTEX_POINT('',#4292);
#4292 = CARTESIAN_POINT('',(93.760198117178,-61.52937568935,6.3));
#4293 = LINE('',#4294,#4295);
#4294 = CARTESIAN_POINT('',(90.412745017979,-62.31952349444,6.3));
#4295 = VECTOR('',#4296,1.);
#4296 = DIRECTION('',(0.973254104266,0.229731252834,0.));
#4297 = ORIENTED_EDGE('',*,*,#4298,.F.);
#4298 = EDGE_CURVE('',#2947,#4291,#4299,.T.);
#4299 = LINE('',#4300,#4301);
#4300 = CARTESIAN_POINT('',(93.760198117178,-61.52937568935,1.4));
#4301 = VECTOR('',#4302,1.);
#4302 = DIRECTION('',(0.,0.,1.));
#4303 = PLANE('',#4304);
#4304 = AXIS2_PLACEMENT_3D('',#4305,#4306,#4307);
#4305 = CARTESIAN_POINT('',(93.949761891197,-61.48463020807,1.4));
#4306 = DIRECTION('',(0.229731252834,-0.973254104266,0.));
#4307 = DIRECTION('',(-0.973254104266,-0.229731252834,0.));
#4308 = ADVANCED_FACE('',(#4309),#4327,.F.);
#4309 = FACE_BOUND('',#4310,.F.);
#4310 = EDGE_LOOP('',(#4311,#4312,#4320,#4326));
#4311 = ORIENTED_EDGE('',*,*,#240,.F.);
#4312 = ORIENTED_EDGE('',*,*,#4313,.T.);
#4313 = EDGE_CURVE('',#241,#4314,#4316,.T.);
#4314 = VERTEX_POINT('',#4315);
#4315 = CARTESIAN_POINT('',(105.7457648227,-6.391595472366,6.3));
#4316 = LINE('',#4317,#4318);
#4317 = CARTESIAN_POINT('',(105.7457648227,-6.391595472366,1.4));
#4318 = VECTOR('',#4319,1.);
#4319 = DIRECTION('',(0.,0.,1.));
#4320 = ORIENTED_EDGE('',*,*,#4321,.F.);
#4321 = EDGE_CURVE('',#4266,#4314,#4322,.T.);
#4322 = LINE('',#4323,#4324);
#4323 = CARTESIAN_POINT('',(101.70816619248,-4.946919582102,6.3));
#4324 = VECTOR('',#4325,1.);
#4325 = DIRECTION('',(-0.941544065183,0.336889853392,0.));
#4326 = ORIENTED_EDGE('',*,*,#4265,.F.);
#4327 = PLANE('',#4328);
#4328 = AXIS2_PLACEMENT_3D('',#4329,#4330,#4331);
#4329 = CARTESIAN_POINT('',(105.7457648227,-6.391595472366,1.4));
#4330 = DIRECTION('',(0.336889853392,0.941544065183,0.));
#4331 = DIRECTION('',(0.941544065183,-0.336889853392,0.));
#4332 = ADVANCED_FACE('',(#4333),#4351,.F.);
#4333 = FACE_BOUND('',#4334,.F.);
#4334 = EDGE_LOOP('',(#4335,#4336,#4337,#4345));
#4335 = ORIENTED_EDGE('',*,*,#2946,.F.);
#4336 = ORIENTED_EDGE('',*,*,#4298,.T.);
#4337 = ORIENTED_EDGE('',*,*,#4338,.F.);
#4338 = EDGE_CURVE('',#4339,#4291,#4341,.T.);
#4339 = VERTEX_POINT('',#4340);
#4340 = CARTESIAN_POINT('',(93.57559149662,-61.59148026374,6.3));
#4341 = LINE('',#4342,#4343);
#4342 = CARTESIAN_POINT('',(91.223229953643,-62.38285173249,6.3));
#4343 = VECTOR('',#4344,1.);
#4344 = DIRECTION('',(0.947803197434,0.318855921905,0.));
#4345 = ORIENTED_EDGE('',*,*,#4346,.F.);
#4346 = EDGE_CURVE('',#2939,#4339,#4347,.T.);
#4347 = LINE('',#4348,#4349);
#4348 = CARTESIAN_POINT('',(93.57559149662,-61.59148026374,1.4));
#4349 = VECTOR('',#4350,1.);
#4350 = DIRECTION('',(0.,0.,1.));
#4351 = PLANE('',#4352);
#4352 = AXIS2_PLACEMENT_3D('',#4353,#4354,#4355);
#4353 = CARTESIAN_POINT('',(93.760198117178,-61.52937568935,1.4));
#4354 = DIRECTION('',(0.318855921905,-0.947803197434,0.));
#4355 = DIRECTION('',(-0.947803197434,-0.318855921905,0.));
#4356 = ADVANCED_FACE('',(#4357),#4375,.F.);
#4357 = FACE_BOUND('',#4358,.F.);
#4358 = EDGE_LOOP('',(#4359,#4360,#4368,#4374));
#4359 = ORIENTED_EDGE('',*,*,#248,.F.);
#4360 = ORIENTED_EDGE('',*,*,#4361,.T.);
#4361 = EDGE_CURVE('',#249,#4362,#4364,.T.);
#4362 = VERTEX_POINT('',#4363);
#4363 = CARTESIAN_POINT('',(105.55932779902,-6.303417327243,6.3));
#4364 = LINE('',#4365,#4366);
#4365 = CARTESIAN_POINT('',(105.55932779902,-6.303417327243,1.4));
#4366 = VECTOR('',#4367,1.);
#4367 = DIRECTION('',(0.,0.,1.));
#4368 = ORIENTED_EDGE('',*,*,#4369,.F.);
#4369 = EDGE_CURVE('',#4314,#4362,#4370,.T.);
#4370 = LINE('',#4371,#4372);
#4371 = CARTESIAN_POINT('',(103.76566540813,-5.455078196513,6.3));
#4372 = VECTOR('',#4373,1.);
#4373 = DIRECTION('',(-0.903989293123,0.42755509343,0.));
#4374 = ORIENTED_EDGE('',*,*,#4313,.F.);
#4375 = PLANE('',#4376);
#4376 = AXIS2_PLACEMENT_3D('',#4377,#4378,#4379);
#4377 = CARTESIAN_POINT('',(105.55932779902,-6.303417327243,1.4));
#4378 = DIRECTION('',(0.42755509343,0.903989293123,0.));
#4379 = DIRECTION('',(0.903989293123,-0.42755509343,0.));
#4380 = ADVANCED_FACE('',(#4381),#4399,.F.);
#4381 = FACE_BOUND('',#4382,.F.);
#4382 = EDGE_LOOP('',(#4383,#4384,#4385,#4393));
#4383 = ORIENTED_EDGE('',*,*,#2938,.F.);
#4384 = ORIENTED_EDGE('',*,*,#4346,.T.);
#4385 = ORIENTED_EDGE('',*,*,#4386,.F.);
#4386 = EDGE_CURVE('',#4387,#4339,#4389,.T.);
#4387 = VERTEX_POINT('',#4388);
#4388 = CARTESIAN_POINT('',(93.397527976747,-61.67041039364,6.3));
#4389 = LINE('',#4390,#4391);
#4390 = CARTESIAN_POINT('',(92.024570058148,-62.27900078281,6.3));
#4391 = VECTOR('',#4392,1.);
#4392 = DIRECTION('',(0.914209755704,0.405241314005,0.));
#4393 = ORIENTED_EDGE('',*,*,#4394,.F.);
#4394 = EDGE_CURVE('',#2931,#4387,#4395,.T.);
#4395 = LINE('',#4396,#4397);
#4396 = CARTESIAN_POINT('',(93.397527976747,-61.67041039364,1.4));
#4397 = VECTOR('',#4398,1.);
#4398 = DIRECTION('',(0.,0.,1.));
#4399 = PLANE('',#4400);
#4400 = AXIS2_PLACEMENT_3D('',#4401,#4402,#4403);
#4401 = CARTESIAN_POINT('',(93.57559149662,-61.59148026374,1.4));
#4402 = DIRECTION('',(0.405241314005,-0.914209755704,0.));
#4403 = DIRECTION('',(-0.914209755704,-0.405241314005,0.));
#4404 = ADVANCED_FACE('',(#4405),#4423,.F.);
#4405 = FACE_BOUND('',#4406,.F.);
#4406 = EDGE_LOOP('',(#4407,#4408,#4416,#4422));
#4407 = ORIENTED_EDGE('',*,*,#256,.F.);
#4408 = ORIENTED_EDGE('',*,*,#4409,.T.);
#4409 = EDGE_CURVE('',#257,#4410,#4412,.T.);
#4410 = VERTEX_POINT('',#4411);
#4411 = CARTESIAN_POINT('',(105.38243149019,-6.197389760078,6.3));
#4412 = LINE('',#4413,#4414);
#4413 = CARTESIAN_POINT('',(105.38243149019,-6.197389760078,1.4));
#4414 = VECTOR('',#4415,1.);
#4415 = DIRECTION('',(0.,0.,1.));
#4416 = ORIENTED_EDGE('',*,*,#4417,.F.);
#4417 = EDGE_CURVE('',#4362,#4410,#4418,.T.);
#4418 = LINE('',#4419,#4420);
#4419 = CARTESIAN_POINT('',(105.6736751046,-6.371954464634,6.3));
#4420 = VECTOR('',#4421,1.);
#4421 = DIRECTION('',(-0.85772861,0.514102744193,0.));
#4422 = ORIENTED_EDGE('',*,*,#4361,.F.);
#4423 = PLANE('',#4424);
#4424 = AXIS2_PLACEMENT_3D('',#4425,#4426,#4427);
#4425 = CARTESIAN_POINT('',(105.38243149019,-6.197389760078,1.4));
#4426 = DIRECTION('',(0.514102744193,0.85772861,0.));
#4427 = DIRECTION('',(0.85772861,-0.514102744193,0.));
#4428 = ADVANCED_FACE('',(#4429),#4447,.F.);
#4429 = FACE_BOUND('',#4430,.F.);
#4430 = EDGE_LOOP('',(#4431,#4432,#4433,#4441));
#4431 = ORIENTED_EDGE('',*,*,#2930,.F.);
#4432 = ORIENTED_EDGE('',*,*,#4394,.T.);
#4433 = ORIENTED_EDGE('',*,*,#4434,.F.);
#4434 = EDGE_CURVE('',#4435,#4387,#4437,.T.);
#4435 = VERTEX_POINT('',#4436);
#4436 = CARTESIAN_POINT('',(93.227537293299,-61.76548799382,6.3));
#4437 = LINE('',#4438,#4439);
#4438 = CARTESIAN_POINT('',(92.784585186962,-62.0132358257,6.3));
#4439 = VECTOR('',#4440,1.);
#4440 = DIRECTION('',(0.872762378831,0.488145296092,0.));
#4441 = ORIENTED_EDGE('',*,*,#4442,.F.);
#4442 = EDGE_CURVE('',#2923,#4435,#4443,.T.);
#4443 = LINE('',#4444,#4445);
#4444 = CARTESIAN_POINT('',(93.227537293299,-61.76548799382,1.4));
#4445 = VECTOR('',#4446,1.);
#4446 = DIRECTION('',(0.,0.,1.));
#4447 = PLANE('',#4448);
#4448 = AXIS2_PLACEMENT_3D('',#4449,#4450,#4451);
#4449 = CARTESIAN_POINT('',(93.397527976747,-61.67041039364,1.4));
#4450 = DIRECTION('',(0.488145296092,-0.872762378831,0.));
#4451 = DIRECTION('',(-0.872762378831,-0.488145296092,0.));
#4452 = ADVANCED_FACE('',(#4453),#4471,.F.);
#4453 = FACE_BOUND('',#4454,.F.);
#4454 = EDGE_LOOP('',(#4455,#4456,#4464,#4470));
#4455 = ORIENTED_EDGE('',*,*,#264,.F.);
#4456 = ORIENTED_EDGE('',*,*,#4457,.T.);
#4457 = EDGE_CURVE('',#265,#4458,#4460,.T.);
#4458 = VERTEX_POINT('',#4459);
#4459 = CARTESIAN_POINT('',(105.21677950437,-6.074533874304,6.3));
#4460 = LINE('',#4461,#4462);
#4461 = CARTESIAN_POINT('',(105.21677950437,-6.074533874304,1.4));
#4462 = VECTOR('',#4463,1.);
#4463 = DIRECTION('',(0.,0.,1.));
#4464 = ORIENTED_EDGE('',*,*,#4465,.F.);
#4465 = EDGE_CURVE('',#4410,#4458,#4466,.T.);
#4466 = LINE('',#4467,#4468);
#4467 = CARTESIAN_POINT('',(107.35370843097,-7.659388380058,6.3));
#4468 = VECTOR('',#4469,1.);
#4469 = DIRECTION('',(-0.803207531481,0.595699304492,0.));
#4470 = ORIENTED_EDGE('',*,*,#4409,.F.);
#4471 = PLANE('',#4472);
#4472 = AXIS2_PLACEMENT_3D('',#4473,#4474,#4475);
#4473 = CARTESIAN_POINT('',(105.21677950437,-6.074533874304,1.4));
#4474 = DIRECTION('',(0.595699304492,0.803207531481,0.));
#4475 = DIRECTION('',(0.803207531481,-0.595699304492,0.));
#4476 = ADVANCED_FACE('',(#4477),#4495,.F.);
#4477 = FACE_BOUND('',#4478,.F.);
#4478 = EDGE_LOOP('',(#4479,#4480,#4481,#4489));
#4479 = ORIENTED_EDGE('',*,*,#2922,.F.);
#4480 = ORIENTED_EDGE('',*,*,#4442,.T.);
#4481 = ORIENTED_EDGE('',*,*,#4482,.F.);
#4482 = EDGE_CURVE('',#4483,#4435,#4485,.T.);
#4483 = VERTEX_POINT('',#4484);
#4484 = CARTESIAN_POINT('',(93.067079828638,-61.87589625686,6.3));
#4485 = LINE('',#4486,#4487);
#4486 = CARTESIAN_POINT('',(93.472690209408,-61.59680211993,6.3));
#4487 = VECTOR('',#4488,1.);
#4488 = DIRECTION('',(0.823817139378,0.566855643764,0.));
#4489 = ORIENTED_EDGE('',*,*,#4490,.F.);
#4490 = EDGE_CURVE('',#2915,#4483,#4491,.T.);
#4491 = LINE('',#4492,#4493);
#4492 = CARTESIAN_POINT('',(93.067079828638,-61.87589625686,1.4));
#4493 = VECTOR('',#4494,1.);
#4494 = DIRECTION('',(0.,0.,1.));
#4495 = PLANE('',#4496);
#4496 = AXIS2_PLACEMENT_3D('',#4497,#4498,#4499);
#4497 = CARTESIAN_POINT('',(93.227537293299,-61.76548799382,1.4));
#4498 = DIRECTION('',(0.566855643764,-0.823817139378,0.));
#4499 = DIRECTION('',(-0.823817139378,-0.566855643764,0.));
#4500 = ADVANCED_FACE('',(#4501),#4519,.F.);
#4501 = FACE_BOUND('',#4502,.F.);
#4502 = EDGE_LOOP('',(#4503,#4504,#4512,#4518));
#4503 = ORIENTED_EDGE('',*,*,#272,.F.);
#4504 = ORIENTED_EDGE('',*,*,#4505,.T.);
#4505 = EDGE_CURVE('',#273,#4506,#4508,.T.);
#4506 = VERTEX_POINT('',#4507);
#4507 = CARTESIAN_POINT('',(105.06396716074,-5.936032839259,6.3));
#4508 = LINE('',#4509,#4510);
#4509 = CARTESIAN_POINT('',(105.06396716074,-5.936032839259,1.4));
#4510 = VECTOR('',#4511,1.);
#4511 = DIRECTION('',(0.,0.,1.));
#4512 = ORIENTED_EDGE('',*,*,#4513,.F.);
#4513 = EDGE_CURVE('',#4458,#4506,#4514,.T.);
#4514 = LINE('',#4515,#4516);
#4515 = CARTESIAN_POINT('',(108.73635109893,-9.264487625196,6.3));
#4516 = VECTOR('',#4517,1.);
#4517 = DIRECTION('',(-0.740951125355,0.671558954847,0.));
#4518 = ORIENTED_EDGE('',*,*,#4457,.F.);
#4519 = PLANE('',#4520);
#4520 = AXIS2_PLACEMENT_3D('',#4521,#4522,#4523);
#4521 = CARTESIAN_POINT('',(105.06396716074,-5.936032839259,1.4));
#4522 = DIRECTION('',(0.671558954847,0.740951125355,0.));
#4523 = DIRECTION('',(0.740951125355,-0.671558954847,0.));
#4524 = ADVANCED_FACE('',(#4525),#4543,.F.);
#4525 = FACE_BOUND('',#4526,.F.);
#4526 = EDGE_LOOP('',(#4527,#4528,#4529,#4537));
#4527 = ORIENTED_EDGE('',*,*,#2914,.F.);
#4528 = ORIENTED_EDGE('',*,*,#4490,.T.);
#4529 = ORIENTED_EDGE('',*,*,#4530,.F.);
#4530 = EDGE_CURVE('',#4531,#4483,#4533,.T.);
#4531 = VERTEX_POINT('',#4532);
#4532 = CARTESIAN_POINT('',(92.917534065669,-62.00068667033,6.3));
#4533 = LINE('',#4534,#4535);
#4534 = CARTESIAN_POINT('',(94.06098264048,-61.0465210852,6.3));
#4535 = VECTOR('',#4536,1.);
#4536 = DIRECTION('',(0.76779452371,0.64069615994,0.));
#4537 = ORIENTED_EDGE('',*,*,#4538,.F.);
#4538 = EDGE_CURVE('',#2907,#4531,#4539,.T.);
#4539 = LINE('',#4540,#4541);
#4540 = CARTESIAN_POINT('',(92.917534065669,-62.00068667033,1.4));
#4541 = VECTOR('',#4542,1.);
#4542 = DIRECTION('',(0.,0.,1.));
#4543 = PLANE('',#4544);
#4544 = AXIS2_PLACEMENT_3D('',#4545,#4546,#4547);
#4545 = CARTESIAN_POINT('',(93.067079828638,-61.87589625686,1.4));
#4546 = DIRECTION('',(0.64069615994,-0.76779452371,0.));
#4547 = DIRECTION('',(-0.76779452371,-0.64069615994,0.));
#4548 = ADVANCED_FACE('',(#4549),#4567,.F.);
#4549 = FACE_BOUND('',#4550,.F.);
#4550 = EDGE_LOOP('',(#4551,#4552,#4560,#4566));
#4551 = ORIENTED_EDGE('',*,*,#280,.F.);
#4552 = ORIENTED_EDGE('',*,*,#4553,.T.);
#4553 = EDGE_CURVE('',#281,#4554,#4556,.T.);
#4554 = VERTEX_POINT('',#4555);
#4555 = CARTESIAN_POINT('',(104.92546612569,-5.783220495624,6.3));
#4556 = LINE('',#4557,#4558);
#4557 = CARTESIAN_POINT('',(104.92546612569,-5.783220495624,1.4));
#4558 = VECTOR('',#4559,1.);
#4559 = DIRECTION('',(0.,0.,1.));
#4560 = ORIENTED_EDGE('',*,*,#4561,.F.);
#4561 = EDGE_CURVE('',#4506,#4554,#4562,.T.);
#4562 = LINE('',#4563,#4564);
#4563 = CARTESIAN_POINT('',(109.76397565803,-11.12169310052,6.3));
#4564 = VECTOR('',#4565,1.);
#4565 = DIRECTION('',(-0.671558954847,0.740951125355,0.));
#4566 = ORIENTED_EDGE('',*,*,#4505,.F.);
#4567 = PLANE('',#4568);
#4568 = AXIS2_PLACEMENT_3D('',#4569,#4570,#4571);
#4569 = CARTESIAN_POINT('',(104.92546612569,-5.783220495624,1.4));
#4570 = DIRECTION('',(0.740951125355,0.671558954847,0.));
#4571 = DIRECTION('',(0.671558954847,-0.740951125355,0.));
#4572 = ADVANCED_FACE('',(#4573),#4591,.F.);
#4573 = FACE_BOUND('',#4574,.F.);
#4574 = EDGE_LOOP('',(#4575,#4576,#4577,#4585));
#4575 = ORIENTED_EDGE('',*,*,#2906,.F.);
#4576 = ORIENTED_EDGE('',*,*,#4538,.T.);
#4577 = ORIENTED_EDGE('',*,*,#4578,.F.);
#4578 = EDGE_CURVE('',#4579,#4531,#4581,.T.);
#4579 = VERTEX_POINT('',#4580);
#4580 = CARTESIAN_POINT('',(92.780184745356,-62.13878716535,6.3));
#4581 = LINE('',#4582,#4583);
#4582 = CARTESIAN_POINT('',(94.525236421801,-60.38419165805,6.3));
#4583 = VECTOR('',#4584,1.);
#4584 = DIRECTION('',(0.705175819611,0.709032484048,0.));
#4585 = ORIENTED_EDGE('',*,*,#4586,.F.);
#4586 = EDGE_CURVE('',#2899,#4579,#4587,.T.);
#4587 = LINE('',#4588,#4589);
#4588 = CARTESIAN_POINT('',(92.780184745356,-62.13878716535,1.4));
#4589 = VECTOR('',#4590,1.);
#4590 = DIRECTION('',(0.,0.,1.));
#4591 = PLANE('',#4592);
#4592 = AXIS2_PLACEMENT_3D('',#4593,#4594,#4595);
#4593 = CARTESIAN_POINT('',(92.917534065669,-62.00068667033,1.4));
#4594 = DIRECTION('',(0.709032484048,-0.705175819611,0.));
#4595 = DIRECTION('',(-0.705175819611,-0.709032484048,0.));
#4596 = ADVANCED_FACE('',(#4597),#4615,.F.);
#4597 = FACE_BOUND('',#4598,.F.);
#4598 = EDGE_LOOP('',(#4599,#4600,#4608,#4614));
#4599 = ORIENTED_EDGE('',*,*,#288,.F.);
#4600 = ORIENTED_EDGE('',*,*,#4601,.T.);
#4601 = EDGE_CURVE('',#289,#4602,#4604,.T.);
#4602 = VERTEX_POINT('',#4603);
#4603 = CARTESIAN_POINT('',(104.80261023992,-5.617568509803,6.3));
#4604 = LINE('',#4605,#4606);
#4605 = CARTESIAN_POINT('',(104.80261023992,-5.617568509803,1.4));
#4606 = VECTOR('',#4607,1.);
#4607 = DIRECTION('',(0.,0.,1.));
#4608 = ORIENTED_EDGE('',*,*,#4609,.F.);
#4609 = EDGE_CURVE('',#4554,#4602,#4610,.T.);
#4610 = LINE('',#4611,#4612);
#4611 = CARTESIAN_POINT('',(110.39299935887,-13.15533565236,6.3));
#4612 = VECTOR('',#4613,1.);
#4613 = DIRECTION('',(-0.595699304492,0.803207531481,0.));
#4614 = ORIENTED_EDGE('',*,*,#4553,.F.);
#4615 = PLANE('',#4616);
#4616 = AXIS2_PLACEMENT_3D('',#4617,#4618,#4619);
#4617 = CARTESIAN_POINT('',(104.80261023992,-5.617568509803,1.4));
#4618 = DIRECTION('',(0.803207531481,0.595699304492,0.));
#4619 = DIRECTION('',(0.595699304492,-0.803207531481,0.));
#4620 = ADVANCED_FACE('',(#4621),#4639,.F.);
#4621 = FACE_BOUND('',#4622,.F.);
#4622 = EDGE_LOOP('',(#4623,#4624,#4625,#4633));
#4623 = ORIENTED_EDGE('',*,*,#2898,.F.);
#4624 = ORIENTED_EDGE('',*,*,#4586,.T.);
#4625 = ORIENTED_EDGE('',*,*,#4626,.F.);
#4626 = EDGE_CURVE('',#4627,#4579,#4629,.T.);
#4627 = VERTEX_POINT('',#4628);
#4628 = CARTESIAN_POINT('',(92.656211829571,-62.28901132674,6.3));
#4629 = LINE('',#4630,#4631);
#4630 = CARTESIAN_POINT('',(94.845767457013,-59.63581763622,6.3));
#4631 = VECTOR('',#4632,1.);
#4632 = DIRECTION('',(0.636498981571,0.771277541783,0.));
#4633 = ORIENTED_EDGE('',*,*,#4634,.F.);
#4634 = EDGE_CURVE('',#2891,#4627,#4635,.T.);
#4635 = LINE('',#4636,#4637);
#4636 = CARTESIAN_POINT('',(92.656211829571,-62.28901132674,1.4));
#4637 = VECTOR('',#4638,1.);
#4638 = DIRECTION('',(0.,0.,1.));
#4639 = PLANE('',#4640);
#4640 = AXIS2_PLACEMENT_3D('',#4641,#4642,#4643);
#4641 = CARTESIAN_POINT('',(92.780184745356,-62.13878716535,1.4));
#4642 = DIRECTION('',(0.771277541783,-0.636498981571,0.));
#4643 = DIRECTION('',(-0.636498981571,-0.771277541783,0.));
#4644 = ADVANCED_FACE('',(#4645),#4663,.F.);
#4645 = FACE_BOUND('',#4646,.F.);
#4646 = EDGE_LOOP('',(#4647,#4648,#4656,#4662));
#4647 = ORIENTED_EDGE('',*,*,#296,.F.);
#4648 = ORIENTED_EDGE('',*,*,#4649,.T.);
#4649 = EDGE_CURVE('',#297,#4650,#4652,.T.);
#4650 = VERTEX_POINT('',#4651);
#4651 = CARTESIAN_POINT('',(104.69658267275,-5.440672200976,6.3));
#4652 = LINE('',#4653,#4654);
#4653 = CARTESIAN_POINT('',(104.69658267275,-5.440672200976,1.4));
#4654 = VECTOR('',#4655,1.);
#4655 = DIRECTION('',(0.,0.,1.));
#4656 = ORIENTED_EDGE('',*,*,#4657,.F.);
#4657 = EDGE_CURVE('',#4602,#4650,#4658,.T.);
#4658 = LINE('',#4659,#4660);
#4659 = CARTESIAN_POINT('',(110.59559841919,-15.28258538605,6.3));
#4660 = VECTOR('',#4661,1.);
#4661 = DIRECTION('',(-0.514102744193,0.85772861,0.));
#4662 = ORIENTED_EDGE('',*,*,#4601,.F.);
#4663 = PLANE('',#4664);
#4664 = AXIS2_PLACEMENT_3D('',#4665,#4666,#4667);
#4665 = CARTESIAN_POINT('',(104.69658267275,-5.440672200976,1.4));
#4666 = DIRECTION('',(0.85772861,0.514102744193,0.));
#4667 = DIRECTION('',(0.514102744193,-0.85772861,0.));
#4668 = ADVANCED_FACE('',(#4669),#4687,.F.);
#4669 = FACE_BOUND('',#4670,.F.);
#4670 = EDGE_LOOP('',(#4671,#4672,#4673,#4681));
#4671 = ORIENTED_EDGE('',*,*,#2890,.F.);
#4672 = ORIENTED_EDGE('',*,*,#4634,.T.);
#4673 = ORIENTED_EDGE('',*,*,#4674,.F.);
#4674 = EDGE_CURVE('',#4675,#4627,#4677,.T.);
#4675 = VERTEX_POINT('',#4676);
#4676 = CARTESIAN_POINT('',(92.54668036409,-62.45006858545,6.3));
#4677 = LINE('',#4678,#4679);
#4678 = CARTESIAN_POINT('',(95.008140923223,-58.83068772218,6.3));
#4679 = VECTOR('',#4680,1.);
#4680 = DIRECTION('',(0.562354009235,0.826896588636,0.));
#4681 = ORIENTED_EDGE('',*,*,#4682,.F.);
#4682 = EDGE_CURVE('',#2883,#4675,#4683,.T.);
#4683 = LINE('',#4684,#4685);
#4684 = CARTESIAN_POINT('',(92.54668036409,-62.45006858545,1.4));
#4685 = VECTOR('',#4686,1.);
#4686 = DIRECTION('',(0.,0.,1.));
#4687 = PLANE('',#4688);
#4688 = AXIS2_PLACEMENT_3D('',#4689,#4690,#4691);
#4689 = CARTESIAN_POINT('',(92.656211829571,-62.28901132674,1.4));
#4690 = DIRECTION('',(0.826896588636,-0.562354009235,0.));
#4691 = DIRECTION('',(-0.562354009235,-0.826896588636,0.));
#4692 = ADVANCED_FACE('',(#4693),#4711,.F.);
#4693 = FACE_BOUND('',#4694,.F.);
#4694 = EDGE_LOOP('',(#4695,#4696,#4704,#4710));
#4695 = ORIENTED_EDGE('',*,*,#304,.F.);
#4696 = ORIENTED_EDGE('',*,*,#4697,.T.);
#4697 = EDGE_CURVE('',#305,#4698,#4700,.T.);
#4698 = VERTEX_POINT('',#4699);
#4699 = CARTESIAN_POINT('',(104.60840452763,-5.254235177296,6.3));
#4700 = LINE('',#4701,#4702);
#4701 = CARTESIAN_POINT('',(104.60840452763,-5.254235177296,1.4));
#4702 = VECTOR('',#4703,1.);
#4703 = DIRECTION('',(0.,0.,1.));
#4704 = ORIENTED_EDGE('',*,*,#4705,.F.);
#4705 = EDGE_CURVE('',#4650,#4698,#4706,.T.);
#4706 = LINE('',#4707,#4708);
#4707 = CARTESIAN_POINT('',(110.36081243497,-17.41667982551,6.3));
#4708 = VECTOR('',#4709,1.);
#4709 = DIRECTION('',(-0.42755509343,0.903989293123,0.));
#4710 = ORIENTED_EDGE('',*,*,#4649,.F.);
#4711 = PLANE('',#4712);
#4712 = AXIS2_PLACEMENT_3D('',#4713,#4714,#4715);
#4713 = CARTESIAN_POINT('',(104.60840452763,-5.254235177296,1.4));
#4714 = DIRECTION('',(0.903989293123,0.42755509343,0.));
#4715 = DIRECTION('',(0.42755509343,-0.903989293123,0.));
#4716 = ADVANCED_FACE('',(#4717),#4735,.F.);
#4717 = FACE_BOUND('',#4718,.F.);
#4718 = EDGE_LOOP('',(#4719,#4720,#4721,#4729));
#4719 = ORIENTED_EDGE('',*,*,#2882,.F.);
#4720 = ORIENTED_EDGE('',*,*,#4682,.T.);
#4721 = ORIENTED_EDGE('',*,*,#4722,.F.);
#4722 = EDGE_CURVE('',#4723,#4675,#4725,.T.);
#4723 = VERTEX_POINT('',#4724);
#4724 = CARTESIAN_POINT('',(92.452531328838,-62.62057530578,6.3));
#4725 = LINE('',#4726,#4727);
#4726 = CARTESIAN_POINT('',(95.003695826925,-58.00034005419,6.3));
#4727 = VECTOR('',#4728,1.);
#4728 = DIRECTION('',(0.483377878745,0.875411803861,0.));
#4729 = ORIENTED_EDGE('',*,*,#4730,.F.);
#4730 = EDGE_CURVE('',#2875,#4723,#4731,.T.);
#4731 = LINE('',#4732,#4733);
#4732 = CARTESIAN_POINT('',(92.452531328838,-62.62057530578,1.4));
#4733 = VECTOR('',#4734,1.);
#4734 = DIRECTION('',(0.,0.,1.));
#4735 = PLANE('',#4736);
#4736 = AXIS2_PLACEMENT_3D('',#4737,#4738,#4739);
#4737 = CARTESIAN_POINT('',(92.54668036409,-62.45006858545,1.4));
#4738 = DIRECTION('',(0.875411803861,-0.483377878745,0.));
#4739 = DIRECTION('',(-0.483377878745,-0.875411803861,0.));
#4740 = ADVANCED_FACE('',(#4741),#4759,.F.);
#4741 = FACE_BOUND('',#4742,.F.);
#4742 = EDGE_LOOP('',(#4743,#4744,#4752,#4758));
#4743 = ORIENTED_EDGE('',*,*,#312,.F.);
#4744 = ORIENTED_EDGE('',*,*,#4745,.T.);
#4745 = EDGE_CURVE('',#313,#4746,#4748,.T.);
#4746 = VERTEX_POINT('',#4747);
#4747 = CARTESIAN_POINT('',(104.53892500829,-5.060052929219,6.3));
#4748 = LINE('',#4749,#4750);
#4749 = CARTESIAN_POINT('',(104.53892500829,-5.060052929219,1.4));
#4750 = VECTOR('',#4751,1.);
#4751 = DIRECTION('',(0.,0.,1.));
#4752 = ORIENTED_EDGE('',*,*,#4753,.F.);
#4753 = EDGE_CURVE('',#4698,#4746,#4754,.T.);
#4754 = LINE('',#4755,#4756);
#4755 = CARTESIAN_POINT('',(109.69499615609,-19.47030642897,6.3));
#4756 = VECTOR('',#4757,1.);
#4757 = DIRECTION('',(-0.336889853392,0.941544065183,0.));
#4758 = ORIENTED_EDGE('',*,*,#4697,.F.);
#4759 = PLANE('',#4760);
#4760 = AXIS2_PLACEMENT_3D('',#4761,#4762,#4763);
#4761 = CARTESIAN_POINT('',(104.53892500829,-5.060052929219,1.4));
#4762 = DIRECTION('',(0.941544065183,0.336889853392,0.));
#4763 = DIRECTION('',(0.336889853392,-0.941544065183,0.));
#4764 = ADVANCED_FACE('',(#4765),#4783,.F.);
#4765 = FACE_BOUND('',#4766,.F.);
#4766 = EDGE_LOOP('',(#4767,#4768,#4769,#4777));
#4767 = ORIENTED_EDGE('',*,*,#2874,.F.);
#4768 = ORIENTED_EDGE('',*,*,#4730,.T.);
#4769 = ORIENTED_EDGE('',*,*,#4770,.F.);
#4770 = EDGE_CURVE('',#4771,#4723,#4773,.T.);
#4771 = VERTEX_POINT('',#4772);
#4772 = CARTESIAN_POINT('',(92.374573553966,-62.7990666721,6.3));
#4773 = LINE('',#4774,#4775);
#4774 = CARTESIAN_POINT('',(94.829868563197,-57.17744699855,6.3));
#4775 = VECTOR('',#4776,1.);
#4776 = DIRECTION('',(0.400249070508,0.916406395415,0.));
#4777 = ORIENTED_EDGE('',*,*,#4778,.F.);
#4778 = EDGE_CURVE('',#2867,#4771,#4779,.T.);
#4779 = LINE('',#4780,#4781);
#4780 = CARTESIAN_POINT('',(92.374573553966,-62.7990666721,1.4));
#4781 = VECTOR('',#4782,1.);
#4782 = DIRECTION('',(0.,0.,1.));
#4783 = PLANE('',#4784);
#4784 = AXIS2_PLACEMENT_3D('',#4785,#4786,#4787);
#4785 = CARTESIAN_POINT('',(92.452531328838,-62.62057530578,1.4));
#4786 = DIRECTION('',(0.916406395415,-0.400249070508,0.));
#4787 = DIRECTION('',(-0.400249070508,-0.916406395415,0.));
#4788 = ADVANCED_FACE('',(#4789),#4807,.F.);
#4789 = FACE_BOUND('',#4790,.F.);
#4790 = EDGE_LOOP('',(#4791,#4792,#4800,#4806));
#4791 = ORIENTED_EDGE('',*,*,#320,.F.);
#4792 = ORIENTED_EDGE('',*,*,#4793,.T.);
#4793 = EDGE_CURVE('',#321,#4794,#4796,.T.);
#4794 = VERTEX_POINT('',#4795);
#4795 = CARTESIAN_POINT('',(104.48881324049,-4.859995537946,6.3));
#4796 = LINE('',#4797,#4798);
#4797 = CARTESIAN_POINT('',(104.48881324049,-4.859995537946,1.4));
#4798 = VECTOR('',#4799,1.);
#4799 = DIRECTION('',(0.,0.,1.));
#4800 = ORIENTED_EDGE('',*,*,#4801,.F.);
#4801 = EDGE_CURVE('',#4746,#4794,#4802,.T.);
#4802 = LINE('',#4803,#4804);
#4803 = CARTESIAN_POINT('',(108.62160097063,-21.3590090075,6.3));
#4804 = VECTOR('',#4805,1.);
#4805 = DIRECTION('',(-0.242980179903,0.970031253195,0.));
#4806 = ORIENTED_EDGE('',*,*,#4745,.F.);
#4807 = PLANE('',#4808);
#4808 = AXIS2_PLACEMENT_3D('',#4809,#4810,#4811);
#4809 = CARTESIAN_POINT('',(104.48881324049,-4.859995537946,1.4));
#4810 = DIRECTION('',(0.970031253195,0.242980179903,0.));
#4811 = DIRECTION('',(0.242980179903,-0.970031253195,0.));
#4812 = ADVANCED_FACE('',(#4813),#4831,.F.);
#4813 = FACE_BOUND('',#4814,.F.);
#4814 = EDGE_LOOP('',(#4815,#4816,#4817,#4825));
#4815 = ORIENTED_EDGE('',*,*,#2866,.F.);
#4816 = ORIENTED_EDGE('',*,*,#4778,.T.);
#4817 = ORIENTED_EDGE('',*,*,#4818,.F.);
#4818 = EDGE_CURVE('',#4819,#4771,#4821,.T.);
#4819 = VERTEX_POINT('',#4820);
#4820 = CARTESIAN_POINT('',(92.313476771235,-62.98400927308,6.3));
#4821 = LINE('',#4822,#4823);
#4822 = CARTESIAN_POINT('',(94.490304155024,-56.39465873401,6.3));
#4823 = VECTOR('',#4824,1.);
#4824 = DIRECTION('',(0.313681740399,0.949528180593,0.));
#4825 = ORIENTED_EDGE('',*,*,#4826,.F.);
#4826 = EDGE_CURVE('',#2859,#4819,#4827,.T.);
#4827 = LINE('',#4828,#4829);
#4828 = CARTESIAN_POINT('',(92.313476771235,-62.98400927308,1.4));
#4829 = VECTOR('',#4830,1.);
#4830 = DIRECTION('',(0.,0.,1.));
#4831 = PLANE('',#4832);
#4832 = AXIS2_PLACEMENT_3D('',#4833,#4834,#4835);
#4833 = CARTESIAN_POINT('',(92.374573553966,-62.7990666721,1.4));
#4834 = DIRECTION('',(0.949528180593,-0.313681740399,0.));
#4835 = DIRECTION('',(-0.313681740399,-0.949528180593,0.));
#4836 = ADVANCED_FACE('',(#4837),#4855,.F.);
#4837 = FACE_BOUND('',#4838,.F.);
#4838 = EDGE_LOOP('',(#4839,#4840,#4848,#4854));
#4839 = ORIENTED_EDGE('',*,*,#328,.F.);
#4840 = ORIENTED_EDGE('',*,*,#4841,.T.);
#4841 = EDGE_CURVE('',#329,#4842,#4844,.T.);
#4842 = VERTEX_POINT('',#4843);
#4843 = CARTESIAN_POINT('',(104.45855182794,-4.655989665515,6.3));
#4844 = LINE('',#4845,#4846);
#4845 = CARTESIAN_POINT('',(104.45855182794,-4.655989665515,1.4));
#4846 = VECTOR('',#4847,1.);
#4847 = DIRECTION('',(0.,0.,1.));
#4848 = ORIENTED_EDGE('',*,*,#4849,.F.);
#4849 = EDGE_CURVE('',#4794,#4842,#4850,.T.);
#4850 = LINE('',#4851,#4852);
#4851 = CARTESIAN_POINT('',(107.18029424772,-23.0044866483,6.3));
#4852 = VECTOR('',#4853,1.);
#4853 = DIRECTION('',(-0.146730474455,0.989176509965,0.));
#4854 = ORIENTED_EDGE('',*,*,#4793,.F.);
#4855 = PLANE('',#4856);
#4856 = AXIS2_PLACEMENT_3D('',#4857,#4858,#4859);
#4857 = CARTESIAN_POINT('',(104.45855182794,-4.655989665515,1.4));
#4858 = DIRECTION('',(0.989176509965,0.146730474455,0.));
#4859 = DIRECTION('',(0.146730474455,-0.989176509965,0.));
#4860 = ADVANCED_FACE('',(#4861),#4879,.F.);
#4861 = FACE_BOUND('',#4862,.F.);
#4862 = EDGE_LOOP('',(#4863,#4864,#4865,#4873));
#4863 = ORIENTED_EDGE('',*,*,#2858,.F.);
#4864 = ORIENTED_EDGE('',*,*,#4826,.T.);
#4865 = ORIENTED_EDGE('',*,*,#4866,.F.);
#4866 = EDGE_CURVE('',#4867,#4819,#4869,.T.);
#4867 = VERTEX_POINT('',#4868);
#4868 = CARTESIAN_POINT('',(92.269765860372,-63.17381427508,6.3));
#4869 = LINE('',#4870,#4871);
#4870 = CARTESIAN_POINT('',(93.994751157896,-55.68344559145,6.3));
#4871 = VECTOR('',#4872,1.);
#4872 = DIRECTION('',(0.224419584481,0.97449261162,0.));
#4873 = ORIENTED_EDGE('',*,*,#4874,.F.);
#4874 = EDGE_CURVE('',#2851,#4867,#4875,.T.);
#4875 = LINE('',#4876,#4877);
#4876 = CARTESIAN_POINT('',(92.269765860372,-63.17381427508,1.4));
#4877 = VECTOR('',#4878,1.);
#4878 = DIRECTION('',(0.,0.,1.));
#4879 = PLANE('',#4880);
#4880 = AXIS2_PLACEMENT_3D('',#4881,#4882,#4883);
#4881 = CARTESIAN_POINT('',(92.313476771235,-62.98400927308,1.4));
#4882 = DIRECTION('',(0.97449261162,-0.224419584481,0.));
#4883 = DIRECTION('',(-0.224419584481,-0.97449261162,0.));
#4884 = ADVANCED_FACE('',(#4885),#4903,.F.);
#4885 = FACE_BOUND('',#4886,.F.);
#4886 = EDGE_LOOP('',(#4887,#4888,#4896,#4902));
#4887 = ORIENTED_EDGE('',*,*,#336,.F.);
#4888 = ORIENTED_EDGE('',*,*,#4889,.T.);
#4889 = EDGE_CURVE('',#337,#4890,#4892,.T.);
#4890 = VERTEX_POINT('',#4891);
#4891 = CARTESIAN_POINT('',(104.45,-4.481913208742,6.3));
#4892 = LINE('',#4893,#4894);
#4893 = CARTESIAN_POINT('',(104.45,-4.481913208742,1.4));
#4894 = VECTOR('',#4895,1.);
#4895 = DIRECTION('',(0.,0.,1.));
#4896 = ORIENTED_EDGE('',*,*,#4897,.F.);
#4897 = EDGE_CURVE('',#4842,#4890,#4898,.T.);
#4898 = LINE('',#4899,#4900);
#4899 = CARTESIAN_POINT('',(105.42623408191,-24.35361445757,6.3));
#4900 = VECTOR('',#4901,1.);
#4901 = DIRECTION('',(-4.906767432742E-02,0.998795456205,0.));
#4902 = ORIENTED_EDGE('',*,*,#4841,.F.);
#4903 = PLANE('',#4904);
#4904 = AXIS2_PLACEMENT_3D('',#4905,#4906,#4907);
#4905 = CARTESIAN_POINT('',(104.45,-4.481913208742,1.4));
#4906 = DIRECTION('',(0.998795456205,4.906767432742E-02,0.));
#4907 = DIRECTION('',(4.906767432742E-02,-0.998795456205,0.));
#4908 = ADVANCED_FACE('',(#4909),#4927,.F.);
#4909 = FACE_BOUND('',#4910,.F.);
#4910 = EDGE_LOOP('',(#4911,#4912,#4913,#4921));
#4911 = ORIENTED_EDGE('',*,*,#2850,.F.);
#4912 = ORIENTED_EDGE('',*,*,#4874,.T.);
#4913 = ORIENTED_EDGE('',*,*,#4914,.F.);
#4914 = EDGE_CURVE('',#4915,#4867,#4917,.T.);
#4915 = VERTEX_POINT('',#4916);
#4916 = CARTESIAN_POINT('',(92.247836141086,-63.33694803174,6.3));
#4917 = LINE('',#4918,#4919);
#4918 = CARTESIAN_POINT('',(93.35874366253,-55.07297917244,6.3));
#4919 = VECTOR('',#4920,1.);
#4920 = DIRECTION('',(0.133229449946,0.991085220184,0.));
#4921 = ORIENTED_EDGE('',*,*,#4922,.F.);
#4922 = EDGE_CURVE('',#2843,#4915,#4923,.T.);
#4923 = LINE('',#4924,#4925);
#4924 = CARTESIAN_POINT('',(92.247836141086,-63.33694803174,1.4));
#4925 = VECTOR('',#4926,1.);
#4926 = DIRECTION('',(0.,0.,1.));
#4927 = PLANE('',#4928);
#4928 = AXIS2_PLACEMENT_3D('',#4929,#4930,#4931);
#4929 = CARTESIAN_POINT('',(92.269765860372,-63.17381427508,1.4));
#4930 = DIRECTION('',(0.991085220184,-0.133229449946,0.));
#4931 = DIRECTION('',(-0.133229449946,-0.991085220184,0.));
#4932 = ADVANCED_FACE('',(#4933),#4951,.F.);
#4933 = FACE_BOUND('',#4934,.F.);
#4934 = EDGE_LOOP('',(#4935,#4936,#4944,#4950));
#4935 = ORIENTED_EDGE('',*,*,#344,.F.);
#4936 = ORIENTED_EDGE('',*,*,#4937,.T.);
#4937 = EDGE_CURVE('',#345,#4938,#4940,.T.);
#4938 = VERTEX_POINT('',#4939);
#4939 = CARTESIAN_POINT('',(104.45,-1.55,6.3));
#4940 = LINE('',#4941,#4942);
#4941 = CARTESIAN_POINT('',(104.45,-1.55,1.4));
#4942 = VECTOR('',#4943,1.);
#4943 = DIRECTION('',(0.,0.,1.));
#4944 = ORIENTED_EDGE('',*,*,#4945,.F.);
#4945 = EDGE_CURVE('',#4890,#4938,#4946,.T.);
#4946 = LINE('',#4947,#4948);
#4947 = CARTESIAN_POINT('',(104.45,-23.47029718549,6.3));
#4948 = VECTOR('',#4949,1.);
#4949 = DIRECTION('',(0.,1.,0.));
#4950 = ORIENTED_EDGE('',*,*,#4889,.F.);
#4951 = PLANE('',#4952);
#4952 = AXIS2_PLACEMENT_3D('',#4953,#4954,#4955);
#4953 = CARTESIAN_POINT('',(104.45,-1.55,1.4));
#4954 = DIRECTION('',(1.,0.,0.));
#4955 = DIRECTION('',(0.,-1.,0.));
#4956 = ADVANCED_FACE('',(#4957),#4975,.F.);
#4957 = FACE_BOUND('',#4958,.F.);
#4958 = EDGE_LOOP('',(#4959,#4960,#4961,#4969));
#4959 = ORIENTED_EDGE('',*,*,#2842,.F.);
#4960 = ORIENTED_EDGE('',*,*,#4922,.T.);
#4961 = ORIENTED_EDGE('',*,*,#4962,.F.);
#4962 = EDGE_CURVE('',#4963,#4915,#4965,.T.);
#4963 = VERTEX_POINT('',#4964);
#4964 = CARTESIAN_POINT('',(90.49935419092,-83.32218817257,6.3));
#4965 = LINE('',#4966,#4967);
#4966 = CARTESIAN_POINT('',(92.990594974615,-54.84717571617,6.3));
#4967 = VECTOR('',#4968,1.);
#4968 = DIRECTION('',(8.715574274766E-02,0.996194698092,0.));
#4969 = ORIENTED_EDGE('',*,*,#4970,.F.);
#4970 = EDGE_CURVE('',#2835,#4963,#4971,.T.);
#4971 = LINE('',#4972,#4973);
#4972 = CARTESIAN_POINT('',(90.49935419092,-83.32218817257,1.4));
#4973 = VECTOR('',#4974,1.);
#4974 = DIRECTION('',(0.,0.,1.));
#4975 = PLANE('',#4976);
#4976 = AXIS2_PLACEMENT_3D('',#4977,#4978,#4979);
#4977 = CARTESIAN_POINT('',(92.247836141086,-63.33694803174,1.4));
#4978 = DIRECTION('',(0.996194698092,-8.715574274766E-02,0.));
#4979 = DIRECTION('',(-8.715574274766E-02,-0.996194698092,0.));
#4980 = ADVANCED_FACE('',(#4981),#4999,.F.);
#4981 = FACE_BOUND('',#4982,.F.);
#4982 = EDGE_LOOP('',(#4983,#4984,#4992,#4998));
#4983 = ORIENTED_EDGE('',*,*,#352,.F.);
#4984 = ORIENTED_EDGE('',*,*,#4985,.T.);
#4985 = EDGE_CURVE('',#353,#4986,#4988,.T.);
#4986 = VERTEX_POINT('',#4987);
#4987 = CARTESIAN_POINT('',(83.55,-1.55,6.3));
#4988 = LINE('',#4989,#4990);
#4989 = CARTESIAN_POINT('',(83.55,-1.55,1.4));
#4990 = VECTOR('',#4991,1.);
#4991 = DIRECTION('',(0.,0.,1.));
#4992 = ORIENTED_EDGE('',*,*,#4993,.F.);
#4993 = EDGE_CURVE('',#4938,#4986,#4994,.T.);
#4994 = LINE('',#4995,#4996);
#4995 = CARTESIAN_POINT('',(83.11633801642,-1.55,6.3));
#4996 = VECTOR('',#4997,1.);
#4997 = DIRECTION('',(-1.,-1.062414377632E-17,0.));
#4998 = ORIENTED_EDGE('',*,*,#4937,.F.);
#4999 = PLANE('',#5000);
#5000 = AXIS2_PLACEMENT_3D('',#5001,#5002,#5003);
#5001 = CARTESIAN_POINT('',(83.55,-1.55,1.4));
#5002 = DIRECTION('',(-1.062414377632E-17,1.,0.));
#5003 = DIRECTION('',(1.,1.062414377632E-17,0.));
#5004 = ADVANCED_FACE('',(#5005),#5023,.F.);
#5005 = FACE_BOUND('',#5006,.F.);
#5006 = EDGE_LOOP('',(#5007,#5008,#5009,#5017));
#5007 = ORIENTED_EDGE('',*,*,#2834,.F.);
#5008 = ORIENTED_EDGE('',*,*,#4970,.T.);
#5009 = ORIENTED_EDGE('',*,*,#5010,.F.);
#5010 = EDGE_CURVE('',#5011,#4963,#5013,.T.);
#5011 = VERTEX_POINT('',#5012);
#5012 = CARTESIAN_POINT('',(90.288638165377,-83.30491671649,6.3));
#5013 = LINE('',#5014,#5015);
#5014 = CARTESIAN_POINT('',(85.072929665858,-82.87740827224,6.3));
#5015 = VECTOR('',#5016,1.);
#5016 = DIRECTION('',(0.996657655747,-8.169159835109E-02,0.));
#5017 = ORIENTED_EDGE('',*,*,#5018,.F.);
#5018 = EDGE_CURVE('',#2827,#5011,#5019,.T.);
#5019 = LINE('',#5020,#5021);
#5020 = CARTESIAN_POINT('',(90.288638165377,-83.30491671649,1.4));
#5021 = VECTOR('',#5022,1.);
#5022 = DIRECTION('',(0.,0.,1.));
#5023 = PLANE('',#5024);
#5024 = AXIS2_PLACEMENT_3D('',#5025,#5026,#5027);
#5025 = CARTESIAN_POINT('',(90.49935419092,-83.32218817257,1.4));
#5026 = DIRECTION('',(-8.169159835109E-02,-0.996657655747,0.));
#5027 = DIRECTION('',(-0.996657655747,8.169159835109E-02,0.));
#5028 = ADVANCED_FACE('',(#5029),#5047,.F.);
#5029 = FACE_BOUND('',#5030,.F.);
#5030 = EDGE_LOOP('',(#5031,#5032,#5040,#5046));
#5031 = ORIENTED_EDGE('',*,*,#360,.F.);
#5032 = ORIENTED_EDGE('',*,*,#5033,.T.);
#5033 = EDGE_CURVE('',#361,#5034,#5036,.T.);
#5034 = VERTEX_POINT('',#5035);
#5035 = CARTESIAN_POINT('',(83.55,-4.481913208742,6.3));
#5036 = LINE('',#5037,#5038);
#5037 = CARTESIAN_POINT('',(83.55,-4.481913208742,1.4));
#5038 = VECTOR('',#5039,1.);
#5039 = DIRECTION('',(0.,0.,1.));
#5040 = ORIENTED_EDGE('',*,*,#5041,.F.);
#5041 = EDGE_CURVE('',#4986,#5034,#5042,.T.);
#5042 = LINE('',#5043,#5044);
#5043 = CARTESIAN_POINT('',(83.55,-24.93625378986,6.3));
#5044 = VECTOR('',#5045,1.);
#5045 = DIRECTION('',(0.,-1.,0.));
#5046 = ORIENTED_EDGE('',*,*,#4985,.F.);
#5047 = PLANE('',#5048);
#5048 = AXIS2_PLACEMENT_3D('',#5049,#5050,#5051);
#5049 = CARTESIAN_POINT('',(83.55,-4.481913208742,1.4));
#5050 = DIRECTION('',(-1.,0.,0.));
#5051 = DIRECTION('',(0.,1.,0.));
#5052 = ADVANCED_FACE('',(#5053),#5071,.F.);
#5053 = FACE_BOUND('',#5054,.F.);
#5054 = EDGE_LOOP('',(#5055,#5056,#5057,#5065));
#5055 = ORIENTED_EDGE('',*,*,#2826,.F.);
#5056 = ORIENTED_EDGE('',*,*,#5018,.T.);
#5057 = ORIENTED_EDGE('',*,*,#5058,.F.);
#5058 = EDGE_CURVE('',#5059,#5011,#5061,.T.);
#5059 = VERTEX_POINT('',#5060);
#5060 = CARTESIAN_POINT('',(90.052360397685,-83.28607140158,6.3));
#5061 = LINE('',#5062,#5063);
#5062 = CARTESIAN_POINT('',(85.007247643023,-82.88367747528,6.3));
#5063 = VECTOR('',#5064,1.);
#5064 = DIRECTION('',(0.996834334516,-7.950666342589E-02,0.));
#5065 = ORIENTED_EDGE('',*,*,#5066,.F.);
#5066 = EDGE_CURVE('',#2819,#5059,#5067,.T.);
#5067 = LINE('',#5068,#5069);
#5068 = CARTESIAN_POINT('',(90.052360397685,-83.28607140158,1.4));
#5069 = VECTOR('',#5070,1.);
#5070 = DIRECTION('',(0.,0.,1.));
#5071 = PLANE('',#5072);
#5072 = AXIS2_PLACEMENT_3D('',#5073,#5074,#5075);
#5073 = CARTESIAN_POINT('',(90.288638165377,-83.30491671649,1.4));
#5074 = DIRECTION('',(-7.950666342589E-02,-0.996834334516,0.));
#5075 = DIRECTION('',(-0.996834334516,7.950666342589E-02,0.));
#5076 = ADVANCED_FACE('',(#5077),#5095,.F.);
#5077 = FACE_BOUND('',#5078,.F.);
#5078 = EDGE_LOOP('',(#5079,#5080,#5088,#5094));
#5079 = ORIENTED_EDGE('',*,*,#368,.F.);
#5080 = ORIENTED_EDGE('',*,*,#5081,.T.);
#5081 = EDGE_CURVE('',#369,#5082,#5084,.T.);
#5082 = VERTEX_POINT('',#5083);
#5083 = CARTESIAN_POINT('',(83.54144817206,-4.655989665515,6.3));
#5084 = LINE('',#5085,#5086);
#5085 = CARTESIAN_POINT('',(83.54144817206,-4.655989665515,1.4));
#5086 = VECTOR('',#5087,1.);
#5087 = DIRECTION('',(0.,0.,1.));
#5088 = ORIENTED_EDGE('',*,*,#5089,.F.);
#5089 = EDGE_CURVE('',#5034,#5082,#5090,.T.);
#5090 = LINE('',#5091,#5092);
#5091 = CARTESIAN_POINT('',(82.542241999994,-24.99529855168,6.3));
#5092 = VECTOR('',#5093,1.);
#5093 = DIRECTION('',(-4.906767432744E-02,-0.998795456205,0.));
#5094 = ORIENTED_EDGE('',*,*,#5033,.F.);
#5095 = PLANE('',#5096);
#5096 = AXIS2_PLACEMENT_3D('',#5097,#5098,#5099);
#5097 = CARTESIAN_POINT('',(83.54144817206,-4.655989665515,1.4));
#5098 = DIRECTION('',(-0.998795456205,4.906767432744E-02,0.));
#5099 = DIRECTION('',(4.906767432744E-02,0.998795456205,0.));
#5100 = ADVANCED_FACE('',(#5101),#5119,.F.);
#5101 = FACE_BOUND('',#5102,.F.);
#5102 = EDGE_LOOP('',(#5103,#5104,#5105,#5113));
#5103 = ORIENTED_EDGE('',*,*,#2818,.F.);
#5104 = ORIENTED_EDGE('',*,*,#5066,.T.);
#5105 = ORIENTED_EDGE('',*,*,#5106,.F.);
#5106 = EDGE_CURVE('',#5107,#5059,#5109,.T.);
#5107 = VERTEX_POINT('',#5108);
#5108 = CARTESIAN_POINT('',(89.816097461863,-83.26774817792,6.3));
#5109 = LINE('',#5110,#5111);
#5110 = CARTESIAN_POINT('',(84.928854502359,-82.88872111855,6.3));
#5111 = VECTOR('',#5112,1.);
#5112 = DIRECTION('',(0.997006158181,-7.732218664957E-02,0.));
#5113 = ORIENTED_EDGE('',*,*,#5114,.F.);
#5114 = EDGE_CURVE('',#2811,#5107,#5115,.T.);
#5115 = LINE('',#5116,#5117);
#5116 = CARTESIAN_POINT('',(89.816097461863,-83.26774817792,1.4));
#5117 = VECTOR('',#5118,1.);
#5118 = DIRECTION('',(0.,0.,1.));
#5119 = PLANE('',#5120);
#5120 = AXIS2_PLACEMENT_3D('',#5121,#5122,#5123);
#5121 = CARTESIAN_POINT('',(90.052360397685,-83.28607140158,1.4));
#5122 = DIRECTION('',(-7.732218664957E-02,-0.997006158181,0.));
#5123 = DIRECTION('',(-0.997006158181,7.732218664957E-02,0.));
#5124 = ADVANCED_FACE('',(#5125),#5143,.F.);
#5125 = FACE_BOUND('',#5126,.F.);
#5126 = EDGE_LOOP('',(#5127,#5128,#5136,#5142));
#5127 = ORIENTED_EDGE('',*,*,#376,.F.);
#5128 = ORIENTED_EDGE('',*,*,#5129,.T.);
#5129 = EDGE_CURVE('',#377,#5130,#5132,.T.);
#5130 = VERTEX_POINT('',#5131);
#5131 = CARTESIAN_POINT('',(83.511186759509,-4.859995537946,6.3));
#5132 = LINE('',#5133,#5134);
#5133 = CARTESIAN_POINT('',(83.511186759509,-4.859995537946,1.4));
#5134 = VECTOR('',#5135,1.);
#5135 = DIRECTION('',(0.,0.,1.));
#5136 = ORIENTED_EDGE('',*,*,#5137,.F.);
#5137 = EDGE_CURVE('',#5082,#5130,#5138,.T.);
#5138 = LINE('',#5139,#5140);
#5139 = CARTESIAN_POINT('',(80.560914960783,-24.74911245211,6.3));
#5140 = VECTOR('',#5141,1.);
#5141 = DIRECTION('',(-0.146730474455,-0.989176509965,0.));
#5142 = ORIENTED_EDGE('',*,*,#5081,.F.);
#5143 = PLANE('',#5144);
#5144 = AXIS2_PLACEMENT_3D('',#5145,#5146,#5147);
#5145 = CARTESIAN_POINT('',(83.511186759509,-4.859995537946,1.4));
#5146 = DIRECTION('',(-0.989176509965,0.146730474455,0.));
#5147 = DIRECTION('',(0.146730474455,0.989176509965,0.));
#5148 = ADVANCED_FACE('',(#5149),#5167,.F.);
#5149 = FACE_BOUND('',#5150,.F.);
#5150 = EDGE_LOOP('',(#5151,#5152,#5153,#5161));
#5151 = ORIENTED_EDGE('',*,*,#2810,.F.);
#5152 = ORIENTED_EDGE('',*,*,#5114,.T.);
#5153 = ORIENTED_EDGE('',*,*,#5154,.F.);
#5154 = EDGE_CURVE('',#5155,#5107,#5157,.T.);
#5155 = VERTEX_POINT('',#5156);
#5156 = CARTESIAN_POINT('',(89.579849930259,-83.24994664433,6.3));
#5157 = LINE('',#5158,#5159);
#5158 = CARTESIAN_POINT('',(84.850535842355,-82.89358718087,6.3));
#5159 = VECTOR('',#5160,1.);
#5160 = DIRECTION('',(0.997173130903,-7.513818606699E-02,0.));
#5161 = ORIENTED_EDGE('',*,*,#5162,.F.);
#5162 = EDGE_CURVE('',#2803,#5155,#5163,.T.);
#5163 = LINE('',#5164,#5165);
#5164 = CARTESIAN_POINT('',(89.579849930259,-83.24994664433,1.4));
#5165 = VECTOR('',#5166,1.);
#5166 = DIRECTION('',(0.,0.,1.));
#5167 = PLANE('',#5168);
#5168 = AXIS2_PLACEMENT_3D('',#5169,#5170,#5171);
#5169 = CARTESIAN_POINT('',(89.816097461863,-83.26774817792,1.4));
#5170 = DIRECTION('',(-7.513818606699E-02,-0.997173130903,0.));
#5171 = DIRECTION('',(-0.997173130903,7.513818606699E-02,0.));
#5172 = ADVANCED_FACE('',(#5173),#5191,.F.);
#5173 = FACE_BOUND('',#5174,.F.);
#5174 = EDGE_LOOP('',(#5175,#5176,#5184,#5190));
#5175 = ORIENTED_EDGE('',*,*,#384,.F.);
#5176 = ORIENTED_EDGE('',*,*,#5177,.T.);
#5177 = EDGE_CURVE('',#385,#5178,#5180,.T.);
#5178 = VERTEX_POINT('',#5179);
#5179 = CARTESIAN_POINT('',(83.461074991705,-5.060052929219,6.3));
#5180 = LINE('',#5181,#5182);
#5181 = CARTESIAN_POINT('',(83.461074991705,-5.060052929219,1.4));
#5182 = VECTOR('',#5183,1.);
#5183 = DIRECTION('',(0.,0.,1.));
#5184 = ORIENTED_EDGE('',*,*,#5185,.F.);
#5185 = EDGE_CURVE('',#5130,#5178,#5186,.T.);
#5186 = LINE('',#5187,#5188);
#5187 = CARTESIAN_POINT('',(78.68517549296,-24.12651249699,6.3));
#5188 = VECTOR('',#5189,1.);
#5189 = DIRECTION('',(-0.242980179903,-0.970031253195,0.));
#5190 = ORIENTED_EDGE('',*,*,#5129,.F.);
#5191 = PLANE('',#5192);
#5192 = AXIS2_PLACEMENT_3D('',#5193,#5194,#5195);
#5193 = CARTESIAN_POINT('',(83.461074991705,-5.060052929219,1.4));
#5194 = DIRECTION('',(-0.970031253195,0.242980179903,0.));
#5195 = DIRECTION('',(0.242980179903,0.970031253195,0.));
#5196 = ADVANCED_FACE('',(#5197),#5215,.F.);
#5197 = FACE_BOUND('',#5198,.F.);
#5198 = EDGE_LOOP('',(#5199,#5200,#5201,#5209));
#5199 = ORIENTED_EDGE('',*,*,#2802,.F.);
#5200 = ORIENTED_EDGE('',*,*,#5162,.T.);
#5201 = ORIENTED_EDGE('',*,*,#5202,.F.);
#5202 = EDGE_CURVE('',#5203,#5155,#5205,.T.);
#5203 = VERTEX_POINT('',#5204);
#5204 = CARTESIAN_POINT('',(89.343618375149,-83.23266639949,6.3));
#5205 = LINE('',#5206,#5207);
#5206 = CARTESIAN_POINT('',(84.772289264182,-82.89827548273,6.3));
#5207 = VECTOR('',#5208,1.);
#5208 = DIRECTION('',(0.99733525693,-7.295467965433E-02,0.));
#5209 = ORIENTED_EDGE('',*,*,#5210,.F.);
#5210 = EDGE_CURVE('',#2795,#5203,#5211,.T.);
#5211 = LINE('',#5212,#5213);
#5212 = CARTESIAN_POINT('',(89.343618375149,-83.23266639949,1.4));
#5213 = VECTOR('',#5214,1.);
#5214 = DIRECTION('',(0.,0.,1.));
#5215 = PLANE('',#5216);
#5216 = AXIS2_PLACEMENT_3D('',#5217,#5218,#5219);
#5217 = CARTESIAN_POINT('',(89.579849930259,-83.24994664433,1.4));
#5218 = DIRECTION('',(-7.295467965433E-02,-0.99733525693,0.));
#5219 = DIRECTION('',(-0.99733525693,7.295467965433E-02,0.));
#5220 = ADVANCED_FACE('',(#5221),#5239,.F.);
#5221 = FACE_BOUND('',#5222,.F.);
#5222 = EDGE_LOOP('',(#5223,#5224,#5232,#5238));
#5223 = ORIENTED_EDGE('',*,*,#392,.F.);
#5224 = ORIENTED_EDGE('',*,*,#5225,.T.);
#5225 = EDGE_CURVE('',#393,#5226,#5228,.T.);
#5226 = VERTEX_POINT('',#5227);
#5227 = CARTESIAN_POINT('',(83.391595472366,-5.254235177296,6.3));
#5228 = LINE('',#5229,#5230);
#5229 = CARTESIAN_POINT('',(83.391595472366,-5.254235177296,1.4));
#5230 = VECTOR('',#5231,1.);
#5231 = DIRECTION('',(0.,0.,1.));
#5232 = ORIENTED_EDGE('',*,*,#5233,.F.);
#5233 = EDGE_CURVE('',#5178,#5226,#5234,.T.);
#5234 = LINE('',#5235,#5236);
#5235 = CARTESIAN_POINT('',(76.985806966005,-23.15721471274,6.3));
#5236 = VECTOR('',#5237,1.);
#5237 = DIRECTION('',(-0.336889853392,-0.941544065183,0.));
#5238 = ORIENTED_EDGE('',*,*,#5177,.F.);
#5239 = PLANE('',#5240);
#5240 = AXIS2_PLACEMENT_3D('',#5241,#5242,#5243);
#5241 = CARTESIAN_POINT('',(83.391595472366,-5.254235177296,1.4));
#5242 = DIRECTION('',(-0.941544065183,0.336889853392,0.));
#5243 = DIRECTION('',(0.336889853392,0.941544065183,0.));
#5244 = ADVANCED_FACE('',(#5245),#5263,.F.);
#5245 = FACE_BOUND('',#5246,.F.);
#5246 = EDGE_LOOP('',(#5247,#5248,#5249,#5257));
#5247 = ORIENTED_EDGE('',*,*,#2794,.F.);
#5248 = ORIENTED_EDGE('',*,*,#5210,.T.);
#5249 = ORIENTED_EDGE('',*,*,#5250,.F.);
#5250 = EDGE_CURVE('',#5251,#5203,#5253,.T.);
#5251 = VERTEX_POINT('',#5252);
#5252 = CARTESIAN_POINT('',(89.107403368723,-83.21590704198,6.3));
#5253 = LINE('',#5254,#5255);
#5254 = CARTESIAN_POINT('',(84.694112372618,-82.90278586174,6.3));
#5255 = VECTOR('',#5256,1.);
#5256 = DIRECTION('',(0.997492540602,-7.077168531863E-02,0.));
#5257 = ORIENTED_EDGE('',*,*,#5258,.F.);
#5258 = EDGE_CURVE('',#2787,#5251,#5259,.T.);
#5259 = LINE('',#5260,#5261);
#5260 = CARTESIAN_POINT('',(89.107403368723,-83.21590704198,1.4));
#5261 = VECTOR('',#5262,1.);
#5262 = DIRECTION('',(0.,0.,1.));
#5263 = PLANE('',#5264);
#5264 = AXIS2_PLACEMENT_3D('',#5265,#5266,#5267);
#5265 = CARTESIAN_POINT('',(89.343618375149,-83.23266639949,1.4));
#5266 = DIRECTION('',(-7.077168531863E-02,-0.997492540602,0.));
#5267 = DIRECTION('',(-0.997492540602,7.077168531863E-02,0.));
#5268 = ADVANCED_FACE('',(#5269),#5287,.F.);
#5269 = FACE_BOUND('',#5270,.F.);
#5270 = EDGE_LOOP('',(#5271,#5272,#5280,#5286));
#5271 = ORIENTED_EDGE('',*,*,#400,.F.);
#5272 = ORIENTED_EDGE('',*,*,#5273,.T.);
#5273 = EDGE_CURVE('',#401,#5274,#5276,.T.);
#5274 = VERTEX_POINT('',#5275);
#5275 = CARTESIAN_POINT('',(83.303417327243,-5.440672200976,6.3));
#5276 = LINE('',#5277,#5278);
#5277 = CARTESIAN_POINT('',(83.303417327243,-5.440672200976,1.4));
#5278 = VECTOR('',#5279,1.);
#5279 = DIRECTION('',(0.,0.,1.));
#5280 = ORIENTED_EDGE('',*,*,#5281,.F.);
#5281 = EDGE_CURVE('',#5226,#5274,#5282,.T.);
#5282 = LINE('',#5283,#5284);
#5283 = CARTESIAN_POINT('',(75.526253668623,-21.88410320271,6.3));
#5284 = VECTOR('',#5285,1.);
#5285 = DIRECTION('',(-0.42755509343,-0.903989293123,0.));
#5286 = ORIENTED_EDGE('',*,*,#5225,.F.);
#5287 = PLANE('',#5288);
#5288 = AXIS2_PLACEMENT_3D('',#5289,#5290,#5291);
#5289 = CARTESIAN_POINT('',(83.303417327243,-5.440672200976,1.4));
#5290 = DIRECTION('',(-0.903989293123,0.42755509343,0.));
#5291 = DIRECTION('',(0.42755509343,0.903989293123,0.));
#5292 = ADVANCED_FACE('',(#5293),#5311,.F.);
#5293 = FACE_BOUND('',#5294,.F.);
#5294 = EDGE_LOOP('',(#5295,#5296,#5297,#5305));
#5295 = ORIENTED_EDGE('',*,*,#2786,.F.);
#5296 = ORIENTED_EDGE('',*,*,#5258,.T.);
#5297 = ORIENTED_EDGE('',*,*,#5298,.F.);
#5298 = EDGE_CURVE('',#5299,#5251,#5301,.T.);
#5299 = VERTEX_POINT('',#5300);
#5300 = CARTESIAN_POINT('',(88.871205483052,-83.19966817026,6.3));
#5301 = LINE('',#5302,#5303);
#5302 = CARTESIAN_POINT('',(84.616002776171,-82.90711817259,6.3));
#5303 = VECTOR('',#5304,1.);
#5304 = DIRECTION('',(0.997644986344,-6.858922089774E-02,0.));
#5305 = ORIENTED_EDGE('',*,*,#5306,.F.);
#5306 = EDGE_CURVE('',#2779,#5299,#5307,.T.);
#5307 = LINE('',#5308,#5309);
#5308 = CARTESIAN_POINT('',(88.871205483052,-83.19966817026,1.4));
#5309 = VECTOR('',#5310,1.);
#5310 = DIRECTION('',(0.,0.,1.));
#5311 = PLANE('',#5312);
#5312 = AXIS2_PLACEMENT_3D('',#5313,#5314,#5315);
#5313 = CARTESIAN_POINT('',(89.107403368723,-83.21590704198,1.4));
#5314 = DIRECTION('',(-6.858922089774E-02,-0.997644986344,0.));
#5315 = DIRECTION('',(-0.997644986344,6.858922089774E-02,0.));
#5316 = ADVANCED_FACE('',(#5317),#5335,.F.);
#5317 = FACE_BOUND('',#5318,.F.);
#5318 = EDGE_LOOP('',(#5319,#5320,#5328,#5334));
#5319 = ORIENTED_EDGE('',*,*,#408,.F.);
#5320 = ORIENTED_EDGE('',*,*,#5321,.T.);
#5321 = EDGE_CURVE('',#409,#5322,#5324,.T.);
#5322 = VERTEX_POINT('',#5323);
#5323 = CARTESIAN_POINT('',(83.197389760078,-5.617568509803,6.3));
#5324 = LINE('',#5325,#5326);
#5325 = CARTESIAN_POINT('',(83.197389760078,-5.617568509803,1.4));
#5326 = VECTOR('',#5327,1.);
#5327 = DIRECTION('',(0.,0.,1.));
#5328 = ORIENTED_EDGE('',*,*,#5329,.F.);
#5329 = EDGE_CURVE('',#5274,#5322,#5330,.T.);
#5330 = LINE('',#5331,#5332);
#5331 = CARTESIAN_POINT('',(74.360200607508,-20.36152787154,6.3));
#5332 = VECTOR('',#5333,1.);
#5333 = DIRECTION('',(-0.514102744193,-0.85772861,0.));
#5334 = ORIENTED_EDGE('',*,*,#5273,.F.);
#5335 = PLANE('',#5336);
#5336 = AXIS2_PLACEMENT_3D('',#5337,#5338,#5339);
#5337 = CARTESIAN_POINT('',(83.197389760078,-5.617568509803,1.4));
#5338 = DIRECTION('',(-0.85772861,0.514102744193,0.));
#5339 = DIRECTION('',(0.514102744193,0.85772861,0.));
#5340 = ADVANCED_FACE('',(#5341),#5359,.F.);
#5341 = FACE_BOUND('',#5342,.F.);
#5342 = EDGE_LOOP('',(#5343,#5344,#5345,#5353));
#5343 = ORIENTED_EDGE('',*,*,#2778,.F.);
#5344 = ORIENTED_EDGE('',*,*,#5306,.T.);
#5345 = ORIENTED_EDGE('',*,*,#5346,.F.);
#5346 = EDGE_CURVE('',#5347,#5299,#5349,.T.);
#5347 = VERTEX_POINT('',#5348);
#5348 = CARTESIAN_POINT('',(88.635025290146,-83.18394938268,6.3));
#5349 = LINE('',#5350,#5351);
#5350 = CARTESIAN_POINT('',(84.537958087201,-82.91127228699,6.3));
#5351 = VECTOR('',#5352,1.);
#5352 = DIRECTION('',(0.997792598667,-6.640730415931E-02,0.));
#5353 = ORIENTED_EDGE('',*,*,#5354,.F.);
#5354 = EDGE_CURVE('',#2771,#5347,#5355,.T.);
#5355 = LINE('',#5356,#5357);
#5356 = CARTESIAN_POINT('',(88.635025290146,-83.18394938268,1.4));
#5357 = VECTOR('',#5358,1.);
#5358 = DIRECTION('',(0.,0.,1.));
#5359 = PLANE('',#5360);
#5360 = AXIS2_PLACEMENT_3D('',#5361,#5362,#5363);
#5361 = CARTESIAN_POINT('',(88.871205483052,-83.19966817026,1.4));
#5362 = DIRECTION('',(-6.640730415931E-02,-0.997792598667,0.));
#5363 = DIRECTION('',(-0.997792598667,6.640730415931E-02,0.));
#5364 = ADVANCED_FACE('',(#5365),#5383,.F.);
#5365 = FACE_BOUND('',#5366,.F.);
#5366 = EDGE_LOOP('',(#5367,#5368,#5376,#5382));
#5367 = ORIENTED_EDGE('',*,*,#416,.F.);
#5368 = ORIENTED_EDGE('',*,*,#5369,.T.);
#5369 = EDGE_CURVE('',#417,#5370,#5372,.T.);
#5370 = VERTEX_POINT('',#5371);
#5371 = CARTESIAN_POINT('',(83.074533874304,-5.783220495624,6.3));
#5372 = LINE('',#5373,#5374);
#5373 = CARTESIAN_POINT('',(83.074533874304,-5.783220495624,1.4));
#5374 = VECTOR('',#5375,1.);
#5375 = DIRECTION('',(0.,0.,1.));
#5376 = ORIENTED_EDGE('',*,*,#5377,.F.);
#5377 = EDGE_CURVE('',#5322,#5370,#5378,.T.);
#5378 = LINE('',#5379,#5380);
#5379 = CARTESIAN_POINT('',(73.529533582256,-18.65316354363,6.3));
#5380 = VECTOR('',#5381,1.);
#5381 = DIRECTION('',(-0.595699304492,-0.803207531481,0.));
#5382 = ORIENTED_EDGE('',*,*,#5321,.F.);
#5383 = PLANE('',#5384);
#5384 = AXIS2_PLACEMENT_3D('',#5385,#5386,#5387);
#5385 = CARTESIAN_POINT('',(83.074533874304,-5.783220495624,1.4));
#5386 = DIRECTION('',(-0.803207531481,0.595699304492,0.));
#5387 = DIRECTION('',(0.595699304492,0.803207531481,0.));
#5388 = ADVANCED_FACE('',(#5389),#5407,.F.);
#5389 = FACE_BOUND('',#5390,.F.);
#5390 = EDGE_LOOP('',(#5391,#5392,#5393,#5401));
#5391 = ORIENTED_EDGE('',*,*,#2770,.F.);
#5392 = ORIENTED_EDGE('',*,*,#5354,.T.);
#5393 = ORIENTED_EDGE('',*,*,#5394,.F.);
#5394 = EDGE_CURVE('',#5395,#5347,#5397,.T.);
#5395 = VERTEX_POINT('',#5396);
#5396 = CARTESIAN_POINT('',(88.39886336192,-83.16875027748,6.3));
#5397 = LINE('',#5398,#5399);
#5398 = CARTESIAN_POINT('',(84.459975922071,-82.91524809355,6.3));
#5399 = VECTOR('',#5400,1.);
#5400 = DIRECTION('',(0.99793538217,-6.422595280021E-02,0.));
#5401 = ORIENTED_EDGE('',*,*,#5402,.F.);
#5402 = EDGE_CURVE('',#2763,#5395,#5403,.T.);
#5403 = LINE('',#5404,#5405);
#5404 = CARTESIAN_POINT('',(88.39886336192,-83.16875027748,1.4));
#5405 = VECTOR('',#5406,1.);
#5406 = DIRECTION('',(0.,0.,1.));
#5407 = PLANE('',#5408);
#5408 = AXIS2_PLACEMENT_3D('',#5409,#5410,#5411);
#5409 = CARTESIAN_POINT('',(88.635025290146,-83.18394938268,1.4));
#5410 = DIRECTION('',(-6.422595280021E-02,-0.99793538217,0.));
#5411 = DIRECTION('',(-0.99793538217,6.422595280021E-02,0.));
#5412 = ADVANCED_FACE('',(#5413),#5431,.F.);
#5413 = FACE_BOUND('',#5414,.F.);
#5414 = EDGE_LOOP('',(#5415,#5416,#5424,#5430));
#5415 = ORIENTED_EDGE('',*,*,#424,.F.);
#5416 = ORIENTED_EDGE('',*,*,#5417,.T.);
#5417 = EDGE_CURVE('',#425,#5418,#5420,.T.);
#5418 = VERTEX_POINT('',#5419);
#5419 = CARTESIAN_POINT('',(82.936032839259,-5.936032839259,6.3));
#5420 = LINE('',#5421,#5422);
#5421 = CARTESIAN_POINT('',(82.936032839259,-5.936032839259,1.4));
#5422 = VECTOR('',#5423,1.);
#5423 = DIRECTION('',(0.,0.,1.));
#5424 = ORIENTED_EDGE('',*,*,#5425,.F.);
#5425 = EDGE_CURVE('',#5370,#5418,#5426,.T.);
#5426 = LINE('',#5427,#5428);
#5427 = CARTESIAN_POINT('',(73.062757706583,-16.8295132518,6.3));
#5428 = VECTOR('',#5429,1.);
#5429 = DIRECTION('',(-0.671558954847,-0.740951125355,0.));
#5430 = ORIENTED_EDGE('',*,*,#5369,.F.);
#5431 = PLANE('',#5432);
#5432 = AXIS2_PLACEMENT_3D('',#5433,#5434,#5435);
#5433 = CARTESIAN_POINT('',(82.936032839259,-5.936032839259,1.4));
#5434 = DIRECTION('',(-0.740951125355,0.671558954847,0.));
#5435 = DIRECTION('',(0.671558954847,0.740951125355,0.));
#5436 = ADVANCED_FACE('',(#5437),#5455,.F.);
#5437 = FACE_BOUND('',#5438,.F.);
#5438 = EDGE_LOOP('',(#5439,#5440,#5441,#5449));
#5439 = ORIENTED_EDGE('',*,*,#2762,.F.);
#5440 = ORIENTED_EDGE('',*,*,#5402,.T.);
#5441 = ORIENTED_EDGE('',*,*,#5442,.F.);
#5442 = EDGE_CURVE('',#5443,#5395,#5445,.T.);
#5443 = VERTEX_POINT('',#5444);
#5444 = CARTESIAN_POINT('',(88.162720270167,-83.15407045279,6.3));
#5445 = LINE('',#5446,#5447);
#5446 = CARTESIAN_POINT('',(84.382053901266,-82.91904549778,6.3));
#5447 = VECTOR('',#5448,1.);
#5448 = DIRECTION('',(0.998073341537,-6.204518444643E-02,0.));
#5449 = ORIENTED_EDGE('',*,*,#5450,.F.);
#5450 = EDGE_CURVE('',#2755,#5443,#5451,.T.);
#5451 = LINE('',#5452,#5453);
#5452 = CARTESIAN_POINT('',(88.162720270167,-83.15407045279,1.4));
#5453 = VECTOR('',#5454,1.);
#5454 = DIRECTION('',(0.,0.,1.));
#5455 = PLANE('',#5456);
#5456 = AXIS2_PLACEMENT_3D('',#5457,#5458,#5459);
#5457 = CARTESIAN_POINT('',(88.39886336192,-83.16875027748,1.4));
#5458 = DIRECTION('',(-6.204518444643E-02,-0.998073341537,0.));
#5459 = DIRECTION('',(-0.998073341537,6.204518444643E-02,0.));
#5460 = ADVANCED_FACE('',(#5461),#5479,.F.);
#5461 = FACE_BOUND('',#5462,.F.);
#5462 = EDGE_LOOP('',(#5463,#5464,#5472,#5478));
#5463 = ORIENTED_EDGE('',*,*,#432,.F.);
#5464 = ORIENTED_EDGE('',*,*,#5465,.T.);
#5465 = EDGE_CURVE('',#433,#5466,#5468,.T.);
#5466 = VERTEX_POINT('',#5467);
#5467 = CARTESIAN_POINT('',(82.783220495624,-6.074533874304,6.3));
#5468 = LINE('',#5469,#5470);
#5469 = CARTESIAN_POINT('',(82.783220495624,-6.074533874304,1.4));
#5470 = VECTOR('',#5471,1.);
#5471 = DIRECTION('',(0.,0.,1.));
#5472 = ORIENTED_EDGE('',*,*,#5473,.F.);
#5473 = EDGE_CURVE('',#5418,#5466,#5474,.T.);
#5474 = LINE('',#5475,#5476);
#5475 = CARTESIAN_POINT('',(72.973934879941,-14.96515212217,6.3));
#5476 = VECTOR('',#5477,1.);
#5477 = DIRECTION('',(-0.740951125355,-0.671558954847,0.));
#5478 = ORIENTED_EDGE('',*,*,#5417,.F.);
#5479 = PLANE('',#5480);
#5480 = AXIS2_PLACEMENT_3D('',#5481,#5482,#5483);
#5481 = CARTESIAN_POINT('',(82.783220495624,-6.074533874304,1.4));
#5482 = DIRECTION('',(-0.671558954847,0.740951125355,0.));
#5483 = DIRECTION('',(0.740951125355,0.671558954847,0.));
#5484 = ADVANCED_FACE('',(#5485),#5503,.F.);
#5485 = FACE_BOUND('',#5486,.F.);
#5486 = EDGE_LOOP('',(#5487,#5488,#5489,#5497));
#5487 = ORIENTED_EDGE('',*,*,#2754,.F.);
#5488 = ORIENTED_EDGE('',*,*,#5450,.T.);
#5489 = ORIENTED_EDGE('',*,*,#5490,.F.);
#5490 = EDGE_CURVE('',#5491,#5443,#5493,.T.);
#5491 = VERTEX_POINT('',#5492);
#5492 = CARTESIAN_POINT('',(87.926596586627,-83.13990950662,6.3));
#5493 = LINE('',#5494,#5495);
#5494 = CARTESIAN_POINT('',(84.304189649495,-82.92266442194,6.3));
#5495 = VECTOR('',#5496,1.);
#5496 = DIRECTION('',(0.998206481536,-5.986501665261E-02,0.));
#5497 = ORIENTED_EDGE('',*,*,#5498,.F.);
#5498 = EDGE_CURVE('',#2747,#5491,#5499,.T.);
#5499 = LINE('',#5500,#5501);
#5500 = CARTESIAN_POINT('',(87.926596586627,-83.13990950662,1.4));
#5501 = VECTOR('',#5502,1.);
#5502 = DIRECTION('',(0.,0.,1.));
#5503 = PLANE('',#5504);
#5504 = AXIS2_PLACEMENT_3D('',#5505,#5506,#5507);
#5505 = CARTESIAN_POINT('',(88.162720270167,-83.15407045279,1.4));
#5506 = DIRECTION('',(-5.986501665261E-02,-0.998206481536,0.));
#5507 = DIRECTION('',(-0.998206481536,5.986501665261E-02,0.));
#5508 = ADVANCED_FACE('',(#5509),#5527,.F.);
#5509 = FACE_BOUND('',#5510,.F.);
#5510 = EDGE_LOOP('',(#5511,#5512,#5520,#5526));
#5511 = ORIENTED_EDGE('',*,*,#440,.F.);
#5512 = ORIENTED_EDGE('',*,*,#5513,.T.);
#5513 = EDGE_CURVE('',#441,#5514,#5516,.T.);
#5514 = VERTEX_POINT('',#5515);
#5515 = CARTESIAN_POINT('',(82.617568509803,-6.197389760078,6.3));
#5516 = LINE('',#5517,#5518);
#5517 = CARTESIAN_POINT('',(82.617568509803,-6.197389760078,1.4));
#5518 = VECTOR('',#5519,1.);
#5519 = DIRECTION('',(0.,0.,1.));
#5520 = ORIENTED_EDGE('',*,*,#5521,.F.);
#5521 = EDGE_CURVE('',#5466,#5514,#5522,.T.);
#5522 = LINE('',#5523,#5524);
#5523 = CARTESIAN_POINT('',(73.262180724943,-13.1358182213,6.3));
#5524 = VECTOR('',#5525,1.);
#5525 = DIRECTION('',(-0.803207531481,-0.595699304492,0.));
#5526 = ORIENTED_EDGE('',*,*,#5465,.F.);
#5527 = PLANE('',#5528);
#5528 = AXIS2_PLACEMENT_3D('',#5529,#5530,#5531);
#5529 = CARTESIAN_POINT('',(82.617568509803,-6.197389760078,1.4));
#5530 = DIRECTION('',(-0.595699304492,0.803207531481,0.));
#5531 = DIRECTION('',(0.803207531481,0.595699304492,0.));
#5532 = ADVANCED_FACE('',(#5533),#5551,.F.);
#5533 = FACE_BOUND('',#5534,.F.);
#5534 = EDGE_LOOP('',(#5535,#5536,#5537,#5545));
#5535 = ORIENTED_EDGE('',*,*,#2746,.F.);
#5536 = ORIENTED_EDGE('',*,*,#5498,.T.);
#5537 = ORIENTED_EDGE('',*,*,#5538,.F.);
#5538 = EDGE_CURVE('',#5539,#5491,#5541,.T.);
#5539 = VERTEX_POINT('',#5540);
#5540 = CARTESIAN_POINT('',(87.690492882914,-83.12626703689,6.3));
#5541 = LINE('',#5542,#5543);
#5542 = CARTESIAN_POINT('',(84.226380795871,-82.92610480501,6.3));
#5543 = VECTOR('',#5544,1.);
#5544 = DIRECTION('',(0.99833480702,-5.768546690059E-02,0.));
#5545 = ORIENTED_EDGE('',*,*,#5546,.F.);
#5546 = EDGE_CURVE('',#2739,#5539,#5547,.T.);
#5547 = LINE('',#5548,#5549);
#5548 = CARTESIAN_POINT('',(87.690492882914,-83.12626703689,1.4));
#5549 = VECTOR('',#5550,1.);
#5550 = DIRECTION('',(0.,0.,1.));
#5551 = PLANE('',#5552);
#5552 = AXIS2_PLACEMENT_3D('',#5553,#5554,#5555);
#5553 = CARTESIAN_POINT('',(87.926596586627,-83.13990950662,1.4));
#5554 = DIRECTION('',(-5.768546690059E-02,-0.99833480702,0.));
#5555 = DIRECTION('',(-0.99833480702,5.768546690059E-02,0.));
#5556 = ADVANCED_FACE('',(#5557),#5575,.F.);
#5557 = FACE_BOUND('',#5558,.F.);
#5558 = EDGE_LOOP('',(#5559,#5560,#5568,#5574));
#5559 = ORIENTED_EDGE('',*,*,#448,.F.);
#5560 = ORIENTED_EDGE('',*,*,#5561,.T.);
#5561 = EDGE_CURVE('',#449,#5562,#5564,.T.);
#5562 = VERTEX_POINT('',#5563);
#5563 = CARTESIAN_POINT('',(82.440672200976,-6.303417327243,6.3));
#5564 = LINE('',#5565,#5566);
#5565 = CARTESIAN_POINT('',(82.440672200976,-6.303417327243,1.4));
#5566 = VECTOR('',#5567,1.);
#5567 = DIRECTION('',(0.,0.,1.));
#5568 = ORIENTED_EDGE('',*,*,#5569,.F.);
#5569 = EDGE_CURVE('',#5514,#5562,#5570,.T.);
#5570 = LINE('',#5571,#5572);
#5571 = CARTESIAN_POINT('',(73.911739963543,-11.41546257929,6.3));
#5572 = VECTOR('',#5573,1.);
#5573 = DIRECTION('',(-0.85772861,-0.514102744193,0.));
#5574 = ORIENTED_EDGE('',*,*,#5513,.F.);
#5575 = PLANE('',#5576);
#5576 = AXIS2_PLACEMENT_3D('',#5577,#5578,#5579);
#5577 = CARTESIAN_POINT('',(82.440672200976,-6.303417327243,1.4));
#5578 = DIRECTION('',(-0.514102744193,0.85772861,0.));
#5579 = DIRECTION('',(0.85772861,0.514102744193,0.));
#5580 = ADVANCED_FACE('',(#5581),#5599,.F.);
#5581 = FACE_BOUND('',#5582,.F.);
#5582 = EDGE_LOOP('',(#5583,#5584,#5585,#5593));
#5583 = ORIENTED_EDGE('',*,*,#2738,.F.);
#5584 = ORIENTED_EDGE('',*,*,#5546,.T.);
#5585 = ORIENTED_EDGE('',*,*,#5586,.F.);
#5586 = EDGE_CURVE('',#5587,#5539,#5589,.T.);
#5587 = VERTEX_POINT('',#5588);
#5588 = CARTESIAN_POINT('',(87.45440973057,-83.1131426414,6.3));
#5589 = LINE('',#5590,#5591);
#5590 = CARTESIAN_POINT('',(84.148624973986,-82.92936660262,6.3));
#5591 = VECTOR('',#5592,1.);
#5592 = DIRECTION('',(0.998458322925,-5.550655259995E-02,0.));
#5593 = ORIENTED_EDGE('',*,*,#5594,.F.);
#5594 = EDGE_CURVE('',#2731,#5587,#5595,.T.);
#5595 = LINE('',#5596,#5597);
#5596 = CARTESIAN_POINT('',(87.45440973057,-83.1131426414,1.4));
#5597 = VECTOR('',#5598,1.);
#5598 = DIRECTION('',(0.,0.,1.));
#5599 = PLANE('',#5600);
#5600 = AXIS2_PLACEMENT_3D('',#5601,#5602,#5603);
#5601 = CARTESIAN_POINT('',(87.690492882914,-83.12626703689,1.4));
#5602 = DIRECTION('',(-5.550655259995E-02,-0.998458322925,0.));
#5603 = DIRECTION('',(-0.998458322925,5.550655259995E-02,0.));
#5604 = ADVANCED_FACE('',(#5605),#5623,.F.);
#5605 = FACE_BOUND('',#5606,.F.);
#5606 = EDGE_LOOP('',(#5607,#5608,#5616,#5622));
#5607 = ORIENTED_EDGE('',*,*,#456,.F.);
#5608 = ORIENTED_EDGE('',*,*,#5609,.T.);
#5609 = EDGE_CURVE('',#457,#5610,#5612,.T.);
#5610 = VERTEX_POINT('',#5611);
#5611 = CARTESIAN_POINT('',(82.254235177296,-6.391595472366,6.3));
#5612 = LINE('',#5613,#5614);
#5613 = CARTESIAN_POINT('',(82.254235177296,-6.391595472366,1.4));
#5614 = VECTOR('',#5615,1.);
#5615 = DIRECTION('',(0.,0.,1.));
#5616 = ORIENTED_EDGE('',*,*,#5617,.F.);
#5617 = EDGE_CURVE('',#5562,#5610,#5618,.T.);
#5618 = LINE('',#5619,#5620);
#5619 = CARTESIAN_POINT('',(74.892636936705,-9.873372134429,6.3));
#5620 = VECTOR('',#5621,1.);
#5621 = DIRECTION('',(-0.903989293123,-0.42755509343,0.));
#5622 = ORIENTED_EDGE('',*,*,#5561,.F.);
#5623 = PLANE('',#5624);
#5624 = AXIS2_PLACEMENT_3D('',#5625,#5626,#5627);
#5625 = CARTESIAN_POINT('',(82.254235177296,-6.391595472366,1.4));
#5626 = DIRECTION('',(-0.42755509343,0.903989293123,0.));
#5627 = DIRECTION('',(0.903989293123,0.42755509343,0.));
#5628 = ADVANCED_FACE('',(#5629),#5647,.F.);
#5629 = FACE_BOUND('',#5630,.F.);
#5630 = EDGE_LOOP('',(#5631,#5632,#5633,#5641));
#5631 = ORIENTED_EDGE('',*,*,#2730,.F.);
#5632 = ORIENTED_EDGE('',*,*,#5594,.T.);
#5633 = ORIENTED_EDGE('',*,*,#5634,.F.);
#5634 = EDGE_CURVE('',#5635,#5587,#5637,.T.);
#5635 = VERTEX_POINT('',#5636);
#5636 = CARTESIAN_POINT('',(87.218347701022,-83.10053591784,6.3));
#5637 = LINE('',#5638,#5639);
#5638 = CARTESIAN_POINT('',(84.070919822062,-82.93244978693,6.3));
#5639 = VECTOR('',#5640,1.);
#5640 = DIRECTION('',(0.998577034269,-5.332829108719E-02,0.));
#5641 = ORIENTED_EDGE('',*,*,#5642,.F.);
#5642 = EDGE_CURVE('',#2723,#5635,#5643,.T.);
#5643 = LINE('',#5644,#5645);
#5644 = CARTESIAN_POINT('',(87.218347701022,-83.10053591784,1.4));
#5645 = VECTOR('',#5646,1.);
#5646 = DIRECTION('',(0.,0.,1.));
#5647 = PLANE('',#5648);
#5648 = AXIS2_PLACEMENT_3D('',#5649,#5650,#5651);
#5649 = CARTESIAN_POINT('',(87.45440973057,-83.1131426414,1.4));
#5650 = DIRECTION('',(-5.332829108719E-02,-0.998577034269,0.));
#5651 = DIRECTION('',(-0.998577034269,5.332829108719E-02,0.));
#5652 = ADVANCED_FACE('',(#5653),#5671,.F.);
#5653 = FACE_BOUND('',#5654,.F.);
#5654 = EDGE_LOOP('',(#5655,#5656,#5664,#5670));
#5655 = ORIENTED_EDGE('',*,*,#464,.F.);
#5656 = ORIENTED_EDGE('',*,*,#5657,.T.);
#5657 = EDGE_CURVE('',#465,#5658,#5660,.T.);
#5658 = VERTEX_POINT('',#5659);
#5659 = CARTESIAN_POINT('',(82.060052929219,-6.461074991705,6.3));
#5660 = LINE('',#5661,#5662);
#5661 = CARTESIAN_POINT('',(82.060052929219,-6.461074991705,1.4));
#5662 = VECTOR('',#5663,1.);
#5663 = DIRECTION('',(0.,0.,1.));
#5664 = ORIENTED_EDGE('',*,*,#5665,.F.);
#5665 = EDGE_CURVE('',#5610,#5658,#5666,.T.);
#5666 = LINE('',#5667,#5668);
#5667 = CARTESIAN_POINT('',(76.161875834541,-8.571476501507,6.3));
#5668 = VECTOR('',#5669,1.);
#5669 = DIRECTION('',(-0.941544065183,-0.336889853392,0.));
#5670 = ORIENTED_EDGE('',*,*,#5609,.F.);
#5671 = PLANE('',#5672);
#5672 = AXIS2_PLACEMENT_3D('',#5673,#5674,#5675);
#5673 = CARTESIAN_POINT('',(82.060052929219,-6.461074991705,1.4));
#5674 = DIRECTION('',(-0.336889853392,0.941544065183,0.));
#5675 = DIRECTION('',(0.941544065183,0.336889853392,0.));
#5676 = ADVANCED_FACE('',(#5677),#5695,.F.);
#5677 = FACE_BOUND('',#5678,.F.);
#5678 = EDGE_LOOP('',(#5679,#5680,#5681,#5689));
#5679 = ORIENTED_EDGE('',*,*,#2722,.F.);
#5680 = ORIENTED_EDGE('',*,*,#5642,.T.);
#5681 = ORIENTED_EDGE('',*,*,#5682,.F.);
#5682 = EDGE_CURVE('',#5683,#5635,#5685,.T.);
#5683 = VERTEX_POINT('',#5684);
#5684 = CARTESIAN_POINT('',(86.98230736562,-83.0884464638,6.3));
#5685 = LINE('',#5686,#5687);
#5686 = CARTESIAN_POINT('',(83.993262983057,-82.93535434659,6.3));
#5687 = VECTOR('',#5688,1.);
#5688 = DIRECTION('',(0.998690946153,-5.115069962527E-02,0.));
#5689 = ORIENTED_EDGE('',*,*,#5690,.F.);
#5690 = EDGE_CURVE('',#2715,#5683,#5691,.T.);
#5691 = LINE('',#5692,#5693);
#5692 = CARTESIAN_POINT('',(86.98230736562,-83.0884464638,1.4));
#5693 = VECTOR('',#5694,1.);
#5694 = DIRECTION('',(0.,0.,1.));
#5695 = PLANE('',#5696);
#5696 = AXIS2_PLACEMENT_3D('',#5697,#5698,#5699);
#5697 = CARTESIAN_POINT('',(87.218347701022,-83.10053591784,1.4));
#5698 = DIRECTION('',(-5.115069962527E-02,-0.998690946153,0.));
#5699 = DIRECTION('',(-0.998690946153,5.115069962527E-02,0.));
#5700 = ADVANCED_FACE('',(#5701),#5719,.F.);
#5701 = FACE_BOUND('',#5702,.F.);
#5702 = EDGE_LOOP('',(#5703,#5704,#5712,#5718));
#5703 = ORIENTED_EDGE('',*,*,#472,.F.);
#5704 = ORIENTED_EDGE('',*,*,#5705,.T.);
#5705 = EDGE_CURVE('',#473,#5706,#5708,.T.);
#5706 = VERTEX_POINT('',#5707);
#5707 = CARTESIAN_POINT('',(81.859995537946,-6.511186759509,6.3));
#5708 = LINE('',#5709,#5710);
#5709 = CARTESIAN_POINT('',(81.859995537946,-6.511186759509,1.4));
#5710 = VECTOR('',#5711,1.);
#5711 = DIRECTION('',(0.,0.,1.));
#5712 = ORIENTED_EDGE('',*,*,#5713,.F.);
#5713 = EDGE_CURVE('',#5658,#5706,#5714,.T.);
#5714 = LINE('',#5715,#5716);
#5715 = CARTESIAN_POINT('',(77.665144047777,-7.561942357735,6.3));
#5716 = VECTOR('',#5717,1.);
#5717 = DIRECTION('',(-0.970031253195,-0.242980179903,0.));
#5718 = ORIENTED_EDGE('',*,*,#5657,.F.);
#5719 = PLANE('',#5720);
#5720 = AXIS2_PLACEMENT_3D('',#5721,#5722,#5723);
#5721 = CARTESIAN_POINT('',(81.859995537946,-6.511186759509,1.4));
#5722 = DIRECTION('',(-0.242980179903,0.970031253195,0.));
#5723 = DIRECTION('',(0.970031253195,0.242980179903,0.));
#5724 = ADVANCED_FACE('',(#5725),#5743,.F.);
#5725 = FACE_BOUND('',#5726,.F.);
#5726 = EDGE_LOOP('',(#5727,#5728,#5729,#5737));
#5727 = ORIENTED_EDGE('',*,*,#2714,.F.);
#5728 = ORIENTED_EDGE('',*,*,#5690,.T.);
#5729 = ORIENTED_EDGE('',*,*,#5730,.F.);
#5730 = EDGE_CURVE('',#5731,#5683,#5733,.T.);
#5731 = VERTEX_POINT('',#5732);
#5732 = CARTESIAN_POINT('',(86.74628929559,-83.07687387676,6.3));
#5733 = LINE('',#5734,#5735);
#5734 = CARTESIAN_POINT('',(83.915652104807,-82.93808028666,6.3));
#5735 = VECTOR('',#5736,1.);
#5736 = DIRECTION('',(0.998800063758,-4.897379540291E-02,0.));
#5737 = ORIENTED_EDGE('',*,*,#5738,.F.);
#5738 = EDGE_CURVE('',#2707,#5731,#5739,.T.);
#5739 = LINE('',#5740,#5741);
#5740 = CARTESIAN_POINT('',(86.74628929559,-83.07687387676,1.4));
#5741 = VECTOR('',#5742,1.);
#5742 = DIRECTION('',(0.,0.,1.));
#5743 = PLANE('',#5744);
#5744 = AXIS2_PLACEMENT_3D('',#5745,#5746,#5747);
#5745 = CARTESIAN_POINT('',(86.98230736562,-83.0884464638,1.4));
#5746 = DIRECTION('',(-4.897379540291E-02,-0.998800063758,0.));
#5747 = DIRECTION('',(-0.998800063758,4.897379540291E-02,0.));
#5748 = ADVANCED_FACE('',(#5749),#5767,.F.);
#5749 = FACE_BOUND('',#5750,.F.);
#5750 = EDGE_LOOP('',(#5751,#5752,#5760,#5766));
#5751 = ORIENTED_EDGE('',*,*,#480,.F.);
#5752 = ORIENTED_EDGE('',*,*,#5753,.T.);
#5753 = EDGE_CURVE('',#481,#5754,#5756,.T.);
#5754 = VERTEX_POINT('',#5755);
#5755 = CARTESIAN_POINT('',(81.655989665515,-6.54144817206,6.3));
#5756 = LINE('',#5757,#5758);
#5757 = CARTESIAN_POINT('',(81.655989665515,-6.54144817206,1.4));
#5758 = VECTOR('',#5759,1.);
#5759 = DIRECTION('',(0.,0.,1.));
#5760 = ORIENTED_EDGE('',*,*,#5761,.F.);
#5761 = EDGE_CURVE('',#5706,#5754,#5762,.T.);
#5762 = LINE('',#5763,#5764);
#5763 = CARTESIAN_POINT('',(79.338952690113,-6.885148139969,6.3));
#5764 = VECTOR('',#5765,1.);
#5765 = DIRECTION('',(-0.989176509965,-0.146730474455,0.));
#5766 = ORIENTED_EDGE('',*,*,#5705,.F.);
#5767 = PLANE('',#5768);
#5768 = AXIS2_PLACEMENT_3D('',#5769,#5770,#5771);
#5769 = CARTESIAN_POINT('',(81.655989665515,-6.54144817206,1.4));
#5770 = DIRECTION('',(-0.146730474455,0.989176509965,0.));
#5771 = DIRECTION('',(0.989176509965,0.146730474455,0.));
#5772 = ADVANCED_FACE('',(#5773),#5791,.F.);
#5773 = FACE_BOUND('',#5774,.F.);
#5774 = EDGE_LOOP('',(#5775,#5776,#5777,#5785));
#5775 = ORIENTED_EDGE('',*,*,#2706,.F.);
#5776 = ORIENTED_EDGE('',*,*,#5738,.T.);
#5777 = ORIENTED_EDGE('',*,*,#5778,.F.);
#5778 = EDGE_CURVE('',#5779,#5731,#5781,.T.);
#5779 = VERTEX_POINT('',#5780);
#5780 = CARTESIAN_POINT('',(86.5102940621,-83.0658177541,6.3));
#5781 = LINE('',#5782,#5783);
#5782 = CARTESIAN_POINT('',(83.838084840119,-82.94062762849,6.3));
#5783 = VECTOR('',#5784,1.);
#5784 = DIRECTION('',(0.998904392348,-4.679759553438E-02,0.));
#5785 = ORIENTED_EDGE('',*,*,#5786,.F.);
#5786 = EDGE_CURVE('',#2699,#5779,#5787,.T.);
#5787 = LINE('',#5788,#5789);
#5788 = CARTESIAN_POINT('',(86.5102940621,-83.0658177541,1.4));
#5789 = VECTOR('',#5790,1.);
#5790 = DIRECTION('',(0.,0.,1.));
#5791 = PLANE('',#5792);
#5792 = AXIS2_PLACEMENT_3D('',#5793,#5794,#5795);
#5793 = CARTESIAN_POINT('',(86.74628929559,-83.07687387676,1.4));
#5794 = DIRECTION('',(-4.679759553438E-02,-0.998904392348,0.));
#5795 = DIRECTION('',(-0.998904392348,4.679759553438E-02,0.));
#5796 = ADVANCED_FACE('',(#5797),#5815,.F.);
#5797 = FACE_BOUND('',#5798,.F.);
#5798 = EDGE_LOOP('',(#5799,#5800,#5808,#5814));
#5799 = ORIENTED_EDGE('',*,*,#488,.F.);
#5800 = ORIENTED_EDGE('',*,*,#5801,.T.);
#5801 = EDGE_CURVE('',#489,#5802,#5804,.T.);
#5802 = VERTEX_POINT('',#5803);
#5803 = CARTESIAN_POINT('',(81.481913208742,-6.55,6.3));
#5804 = LINE('',#5805,#5806);
#5805 = CARTESIAN_POINT('',(81.481913208742,-6.55,1.4));
#5806 = VECTOR('',#5807,1.);
#5807 = DIRECTION('',(0.,0.,1.));
#5808 = ORIENTED_EDGE('',*,*,#5809,.F.);
#5809 = EDGE_CURVE('',#5754,#5802,#5810,.T.);
#5810 = LINE('',#5811,#5812);
#5811 = CARTESIAN_POINT('',(81.129088123254,-6.56733318497,6.3));
#5812 = VECTOR('',#5813,1.);
#5813 = DIRECTION('',(-0.998795456205,-4.906767432741E-02,0.));
#5814 = ORIENTED_EDGE('',*,*,#5753,.F.);
#5815 = PLANE('',#5816);
#5816 = AXIS2_PLACEMENT_3D('',#5817,#5818,#5819);
#5817 = CARTESIAN_POINT('',(81.481913208742,-6.55,1.4));
#5818 = DIRECTION('',(-4.906767432741E-02,0.998795456205,0.));
#5819 = DIRECTION('',(0.998795456205,4.906767432741E-02,0.));
#5820 = ADVANCED_FACE('',(#5821),#5839,.F.);
#5821 = FACE_BOUND('',#5822,.F.);
#5822 = EDGE_LOOP('',(#5823,#5824,#5825,#5833));
#5823 = ORIENTED_EDGE('',*,*,#2698,.F.);
#5824 = ORIENTED_EDGE('',*,*,#5786,.T.);
#5825 = ORIENTED_EDGE('',*,*,#5826,.F.);
#5826 = EDGE_CURVE('',#5827,#5779,#5829,.T.);
#5827 = VERTEX_POINT('',#5828);
#5828 = CARTESIAN_POINT('',(86.27432223619,-83.0552776931,6.3));
#5829 = LINE('',#5830,#5831);
#5830 = CARTESIAN_POINT('',(83.76055884693,-82.94299640968,6.3));
#5831 = VECTOR('',#5832,1.);
#5832 = DIRECTION('',(0.999003937264,-4.462211705884E-02,0.));
#5833 = ORIENTED_EDGE('',*,*,#5834,.F.);
#5834 = EDGE_CURVE('',#2691,#5827,#5835,.T.);
#5835 = LINE('',#5836,#5837);
#5836 = CARTESIAN_POINT('',(86.27432223619,-83.0552776931,1.4));
#5837 = VECTOR('',#5838,1.);
#5838 = DIRECTION('',(0.,0.,1.));
#5839 = PLANE('',#5840);
#5840 = AXIS2_PLACEMENT_3D('',#5841,#5842,#5843);
#5841 = CARTESIAN_POINT('',(86.5102940621,-83.0658177541,1.4));
#5842 = DIRECTION('',(-4.462211705884E-02,-0.999003937264,0.));
#5843 = DIRECTION('',(-0.999003937264,4.462211705884E-02,0.));
#5844 = ADVANCED_FACE('',(#5845),#5863,.F.);
#5845 = FACE_BOUND('',#5846,.F.);
#5846 = EDGE_LOOP('',(#5847,#5848,#5856,#5862));
#5847 = ORIENTED_EDGE('',*,*,#496,.F.);
#5848 = ORIENTED_EDGE('',*,*,#5849,.T.);
#5849 = EDGE_CURVE('',#497,#5850,#5852,.T.);
#5850 = VERTEX_POINT('',#5851);
#5851 = CARTESIAN_POINT('',(65.546655110435,-6.55,6.3));
#5852 = LINE('',#5853,#5854);
#5853 = CARTESIAN_POINT('',(65.546655110435,-6.55,1.4));
#5854 = VECTOR('',#5855,1.);
#5855 = DIRECTION('',(0.,0.,1.));
#5856 = ORIENTED_EDGE('',*,*,#5857,.F.);
#5857 = EDGE_CURVE('',#5802,#5850,#5858,.T.);
#5858 = LINE('',#5859,#5860);
#5859 = CARTESIAN_POINT('',(74.114665571637,-6.55,6.3));
#5860 = VECTOR('',#5861,1.);
#5861 = DIRECTION('',(-1.,0.,0.));
#5862 = ORIENTED_EDGE('',*,*,#5801,.F.);
#5863 = PLANE('',#5864);
#5864 = AXIS2_PLACEMENT_3D('',#5865,#5866,#5867);
#5865 = CARTESIAN_POINT('',(65.546655110435,-6.55,1.4));
#5866 = DIRECTION('',(0.,1.,0.));
#5867 = DIRECTION('',(1.,0.,0.));
#5868 = ADVANCED_FACE('',(#5869),#5887,.F.);
#5869 = FACE_BOUND('',#5870,.F.);
#5870 = EDGE_LOOP('',(#5871,#5872,#5873,#5881));
#5871 = ORIENTED_EDGE('',*,*,#2690,.F.);
#5872 = ORIENTED_EDGE('',*,*,#5834,.T.);
#5873 = ORIENTED_EDGE('',*,*,#5874,.F.);
#5874 = EDGE_CURVE('',#5875,#5827,#5877,.T.);
#5875 = VERTEX_POINT('',#5876);
#5876 = CARTESIAN_POINT('',(86.038374388799,-83.04525329093,6.3));
#5877 = LINE('',#5878,#5879);
#5878 = CARTESIAN_POINT('',(83.683071788379,-82.945186684,6.3));
#5879 = VECTOR('',#5880,1.);
#5880 = DIRECTION('',(0.999098703928,-4.244737694025E-02,0.));
#5881 = ORIENTED_EDGE('',*,*,#5882,.F.);
#5882 = EDGE_CURVE('',#2683,#5875,#5883,.T.);
#5883 = LINE('',#5884,#5885);
#5884 = CARTESIAN_POINT('',(86.038374388799,-83.04525329093,1.4));
#5885 = VECTOR('',#5886,1.);
#5886 = DIRECTION('',(0.,0.,1.));
#5887 = PLANE('',#5888);
#5888 = AXIS2_PLACEMENT_3D('',#5889,#5890,#5891);
#5889 = CARTESIAN_POINT('',(86.27432223619,-83.0552776931,1.4));
#5890 = DIRECTION('',(-4.244737694025E-02,-0.999098703928,0.));
#5891 = DIRECTION('',(-0.999098703928,4.244737694025E-02,0.));
#5892 = ADVANCED_FACE('',(#5893),#5911,.F.);
#5893 = FACE_BOUND('',#5894,.F.);
#5894 = EDGE_LOOP('',(#5895,#5896,#5904,#5910));
#5895 = ORIENTED_EDGE('',*,*,#504,.F.);
#5896 = ORIENTED_EDGE('',*,*,#5897,.T.);
#5897 = EDGE_CURVE('',#505,#5898,#5900,.T.);
#5898 = VERTEX_POINT('',#5899);
#5899 = CARTESIAN_POINT('',(65.54144817206,-6.655989665515,6.3));
#5900 = LINE('',#5901,#5902);
#5901 = CARTESIAN_POINT('',(65.54144817206,-6.655989665515,1.4));
#5902 = VECTOR('',#5903,1.);
#5903 = DIRECTION('',(0.,0.,1.));
#5904 = ORIENTED_EDGE('',*,*,#5905,.F.);
#5905 = EDGE_CURVE('',#5850,#5898,#5906,.T.);
#5906 = LINE('',#5907,#5908);
#5907 = CARTESIAN_POINT('',(64.612919300134,-25.55662905686,6.3));
#5908 = VECTOR('',#5909,1.);
#5909 = DIRECTION('',(-4.906767432742E-02,-0.998795456205,0.));
#5910 = ORIENTED_EDGE('',*,*,#5849,.F.);
#5911 = PLANE('',#5912);
#5912 = AXIS2_PLACEMENT_3D('',#5913,#5914,#5915);
#5913 = CARTESIAN_POINT('',(65.54144817206,-6.655989665515,1.4));
#5914 = DIRECTION('',(-0.998795456205,4.906767432742E-02,0.));
#5915 = DIRECTION('',(4.906767432742E-02,0.998795456205,0.));
#5916 = ADVANCED_FACE('',(#5917),#5935,.F.);
#5917 = FACE_BOUND('',#5918,.F.);
#5918 = EDGE_LOOP('',(#5919,#5920,#5921,#5929));
#5919 = ORIENTED_EDGE('',*,*,#2682,.F.);
#5920 = ORIENTED_EDGE('',*,*,#5882,.T.);
#5921 = ORIENTED_EDGE('',*,*,#5922,.F.);
#5922 = EDGE_CURVE('',#5923,#5875,#5925,.T.);
#5923 = VERTEX_POINT('',#5924);
#5924 = CARTESIAN_POINT('',(85.8024510908,-83.03574414466,6.3));
#5925 = LINE('',#5926,#5927);
#5926 = CARTESIAN_POINT('',(83.605621332947,-82.94719852126,6.3));
#5927 = VECTOR('',#5928,1.);
#5928 = DIRECTION('',(0.99918869784,-4.027339206661E-02,0.));
#5929 = ORIENTED_EDGE('',*,*,#5930,.F.);
#5930 = EDGE_CURVE('',#2675,#5923,#5931,.T.);
#5931 = LINE('',#5932,#5933);
#5932 = CARTESIAN_POINT('',(85.8024510908,-83.03574414466,1.4));
#5933 = VECTOR('',#5934,1.);
#5934 = DIRECTION('',(0.,0.,1.));
#5935 = PLANE('',#5936);
#5936 = AXIS2_PLACEMENT_3D('',#5937,#5938,#5939);
#5937 = CARTESIAN_POINT('',(86.038374388799,-83.04525329093,1.4));
#5938 = DIRECTION('',(-4.027339206661E-02,-0.99918869784,0.));
#5939 = DIRECTION('',(-0.99918869784,4.027339206661E-02,0.));
#5940 = ADVANCED_FACE('',(#5941),#5959,.F.);
#5941 = FACE_BOUND('',#5942,.F.);
#5942 = EDGE_LOOP('',(#5943,#5944,#5952,#5958));
#5943 = ORIENTED_EDGE('',*,*,#512,.F.);
#5944 = ORIENTED_EDGE('',*,*,#5945,.T.);
#5945 = EDGE_CURVE('',#513,#5946,#5948,.T.);
#5946 = VERTEX_POINT('',#5947);
#5947 = CARTESIAN_POINT('',(65.511186759509,-6.859995537946,6.3));
#5948 = LINE('',#5949,#5950);
#5949 = CARTESIAN_POINT('',(65.511186759509,-6.859995537946,1.4));
#5950 = VECTOR('',#5951,1.);
#5951 = DIRECTION('',(0.,0.,1.));
#5952 = ORIENTED_EDGE('',*,*,#5953,.F.);
#5953 = EDGE_CURVE('',#5898,#5946,#5954,.T.);
#5954 = LINE('',#5955,#5956);
#5955 = CARTESIAN_POINT('',(62.899825788615,-24.4643612366,6.3));
#5956 = VECTOR('',#5957,1.);
#5957 = DIRECTION('',(-0.146730474455,-0.989176509965,0.));
#5958 = ORIENTED_EDGE('',*,*,#5897,.F.);
#5959 = PLANE('',#5960);
#5960 = AXIS2_PLACEMENT_3D('',#5961,#5962,#5963);
#5961 = CARTESIAN_POINT('',(65.511186759509,-6.859995537946,1.4));
#5962 = DIRECTION('',(-0.989176509965,0.146730474455,0.));
#5963 = DIRECTION('',(0.146730474455,0.989176509965,0.));
#5964 = ADVANCED_FACE('',(#5965),#5983,.F.);
#5965 = FACE_BOUND('',#5966,.F.);
#5966 = EDGE_LOOP('',(#5967,#5968,#5969,#5977));
#5967 = ORIENTED_EDGE('',*,*,#2674,.F.);
#5968 = ORIENTED_EDGE('',*,*,#5930,.T.);
#5969 = ORIENTED_EDGE('',*,*,#5970,.F.);
#5970 = EDGE_CURVE('',#5971,#5923,#5973,.T.);
#5971 = VERTEX_POINT('',#5972);
#5972 = CARTESIAN_POINT('',(85.566552912934,-83.02674985126,6.3));
#5973 = LINE('',#5974,#5975);
#5974 = CARTESIAN_POINT('',(83.52820515459,-82.94903200728,6.3));
#5975 = VECTOR('',#5976,1.);
#5976 = DIRECTION('',(0.999273924578,-3.810017924948E-02,0.));
#5977 = ORIENTED_EDGE('',*,*,#5978,.F.);
#5978 = EDGE_CURVE('',#2667,#5971,#5979,.T.);
#5979 = LINE('',#5980,#5981);
#5980 = CARTESIAN_POINT('',(85.566552912934,-83.02674985126,1.4));
#5981 = VECTOR('',#5982,1.);
#5982 = DIRECTION('',(0.,0.,1.));
#5983 = PLANE('',#5984);
#5984 = AXIS2_PLACEMENT_3D('',#5985,#5986,#5987);
#5985 = CARTESIAN_POINT('',(85.8024510908,-83.03574414466,1.4));
#5986 = DIRECTION('',(-3.810017924948E-02,-0.999273924578,0.));
#5987 = DIRECTION('',(-0.999273924578,3.810017924948E-02,0.));
#5988 = ADVANCED_FACE('',(#5989),#6007,.F.);
#5989 = FACE_BOUND('',#5990,.F.);
#5990 = EDGE_LOOP('',(#5991,#5992,#6000,#6006));
#5991 = ORIENTED_EDGE('',*,*,#520,.F.);
#5992 = ORIENTED_EDGE('',*,*,#5993,.T.);
#5993 = EDGE_CURVE('',#521,#5994,#5996,.T.);
#5994 = VERTEX_POINT('',#5995);
#5995 = CARTESIAN_POINT('',(65.461074991705,-7.060052929219,6.3));
#5996 = LINE('',#5997,#5998);
#5997 = CARTESIAN_POINT('',(65.461074991705,-7.060052929219,1.4));
#5998 = VECTOR('',#5999,1.);
#5999 = DIRECTION('',(0.,0.,1.));
#6000 = ORIENTED_EDGE('',*,*,#6001,.F.);
#6001 = EDGE_CURVE('',#5946,#5994,#6002,.T.);
#6002 = LINE('',#6003,#6004);
#6003 = CARTESIAN_POINT('',(61.452228171806,-23.0642665491,6.3));
#6004 = VECTOR('',#6005,1.);
#6005 = DIRECTION('',(-0.242980179903,-0.970031253195,0.));
#6006 = ORIENTED_EDGE('',*,*,#5945,.F.);
#6007 = PLANE('',#6008);
#6008 = AXIS2_PLACEMENT_3D('',#6009,#6010,#6011);
#6009 = CARTESIAN_POINT('',(65.461074991705,-7.060052929219,1.4));
#6010 = DIRECTION('',(-0.970031253195,0.242980179903,0.));
#6011 = DIRECTION('',(0.242980179903,0.970031253195,0.));
#6012 = ADVANCED_FACE('',(#6013),#6031,.F.);
#6013 = FACE_BOUND('',#6014,.F.);
#6014 = EDGE_LOOP('',(#6015,#6016,#6017,#6025));
#6015 = ORIENTED_EDGE('',*,*,#2666,.F.);
#6016 = ORIENTED_EDGE('',*,*,#5978,.T.);
#6017 = ORIENTED_EDGE('',*,*,#6018,.F.);
#6018 = EDGE_CURVE('',#6019,#5971,#6021,.T.);
#6019 = VERTEX_POINT('',#6020);
#6020 = CARTESIAN_POINT('',(85.330680425851,-83.01827000761,6.3));
#6021 = LINE('',#6022,#6023);
#6022 = CARTESIAN_POINT('',(83.450820932813,-82.95068724377,6.3));
#6023 = VECTOR('',#6024,1.);
#6024 = DIRECTION('',(0.999354389796,-3.592775522393E-02,0.));
#6025 = ORIENTED_EDGE('',*,*,#6026,.F.);
#6026 = EDGE_CURVE('',#2659,#6019,#6027,.T.);
#6027 = LINE('',#6028,#6029);
#6028 = CARTESIAN_POINT('',(85.330680425851,-83.01827000761,1.4));
#6029 = VECTOR('',#6030,1.);
#6030 = DIRECTION('',(0.,0.,1.));
#6031 = PLANE('',#6032);
#6032 = AXIS2_PLACEMENT_3D('',#6033,#6034,#6035);
#6033 = CARTESIAN_POINT('',(85.566552912934,-83.02674985126,1.4));
#6034 = DIRECTION('',(-3.592775522393E-02,-0.999354389796,0.));
#6035 = DIRECTION('',(-0.999354389796,3.592775522393E-02,0.));
#6036 = ADVANCED_FACE('',(#6037),#6055,.F.);
#6037 = FACE_BOUND('',#6038,.F.);
#6038 = EDGE_LOOP('',(#6039,#6040,#6048,#6054));
#6039 = ORIENTED_EDGE('',*,*,#528,.F.);
#6040 = ORIENTED_EDGE('',*,*,#6041,.T.);
#6041 = EDGE_CURVE('',#529,#6042,#6044,.T.);
#6042 = VERTEX_POINT('',#6043);
#6043 = CARTESIAN_POINT('',(65.391595472366,-7.254235177296,6.3));
#6044 = LINE('',#6045,#6046);
#6045 = CARTESIAN_POINT('',(65.391595472366,-7.254235177296,1.4));
#6046 = VECTOR('',#6047,1.);
#6047 = DIRECTION('',(0.,0.,1.));
#6048 = ORIENTED_EDGE('',*,*,#6049,.F.);
#6049 = EDGE_CURVE('',#5994,#6042,#6050,.T.);
#6050 = LINE('',#6051,#6052);
#6051 = CARTESIAN_POINT('',(60.324456567954,-21.41593970732,6.3));
#6052 = VECTOR('',#6053,1.);
#6053 = DIRECTION('',(-0.336889853392,-0.941544065183,0.));
#6054 = ORIENTED_EDGE('',*,*,#5993,.F.);
#6055 = PLANE('',#6056);
#6056 = AXIS2_PLACEMENT_3D('',#6057,#6058,#6059);
#6057 = CARTESIAN_POINT('',(65.391595472366,-7.254235177296,1.4));
#6058 = DIRECTION('',(-0.941544065183,0.336889853392,0.));
#6059 = DIRECTION('',(0.336889853392,0.941544065183,0.));
#6060 = ADVANCED_FACE('',(#6061),#6079,.F.);
#6061 = FACE_BOUND('',#6062,.F.);
#6062 = EDGE_LOOP('',(#6063,#6064,#6065,#6073));
#6063 = ORIENTED_EDGE('',*,*,#2658,.F.);
#6064 = ORIENTED_EDGE('',*,*,#6026,.T.);
#6065 = ORIENTED_EDGE('',*,*,#6066,.F.);
#6066 = EDGE_CURVE('',#6067,#6019,#6069,.T.);
#6067 = VERTEX_POINT('',#6068);
#6068 = CARTESIAN_POINT('',(85.094834200102,-83.01030421047,6.3));
#6069 = LINE('',#6070,#6071);
#6070 = CARTESIAN_POINT('',(83.373466352817,-82.95216434824,6.3));
#6071 = VECTOR('',#6072,1.);
#6072 = DIRECTION('',(0.999430099226,-3.375613664756E-02,0.));
#6073 = ORIENTED_EDGE('',*,*,#6074,.F.);
#6074 = EDGE_CURVE('',#2651,#6067,#6075,.T.);
#6075 = LINE('',#6076,#6077);
#6076 = CARTESIAN_POINT('',(85.094834200102,-83.01030421047,1.4));
#6077 = VECTOR('',#6078,1.);
#6078 = DIRECTION('',(0.,0.,1.));
#6079 = PLANE('',#6080);
#6080 = AXIS2_PLACEMENT_3D('',#6081,#6082,#6083);
#6081 = CARTESIAN_POINT('',(85.330680425851,-83.01827000761,1.4));
#6082 = DIRECTION('',(-3.375613664756E-02,-0.999430099226,0.));
#6083 = DIRECTION('',(-0.999430099226,3.375613664756E-02,0.));
#6084 = ADVANCED_FACE('',(#6085),#6103,.F.);
#6085 = FACE_BOUND('',#6086,.F.);
#6086 = EDGE_LOOP('',(#6087,#6088,#6096,#6102));
#6087 = ORIENTED_EDGE('',*,*,#536,.F.);
#6088 = ORIENTED_EDGE('',*,*,#6089,.T.);
#6089 = EDGE_CURVE('',#537,#6090,#6092,.T.);
#6090 = VERTEX_POINT('',#6091);
#6091 = CARTESIAN_POINT('',(65.303417327243,-7.440672200976,6.3));
#6092 = LINE('',#6093,#6094);
#6093 = CARTESIAN_POINT('',(65.303417327243,-7.440672200976,1.4));
#6094 = VECTOR('',#6095,1.);
#6095 = DIRECTION('',(0.,0.,1.));
#6096 = ORIENTED_EDGE('',*,*,#6097,.F.);
#6097 = EDGE_CURVE('',#6042,#6090,#6098,.T.);
#6098 = LINE('',#6099,#6100);
#6099 = CARTESIAN_POINT('',(59.557989116567,-19.58835952049,6.3));
#6100 = VECTOR('',#6101,1.);
#6101 = DIRECTION('',(-0.42755509343,-0.903989293123,0.));
#6102 = ORIENTED_EDGE('',*,*,#6041,.F.);
#6103 = PLANE('',#6104);
#6104 = AXIS2_PLACEMENT_3D('',#6105,#6106,#6107);
#6105 = CARTESIAN_POINT('',(65.303417327243,-7.440672200976,1.4));
#6106 = DIRECTION('',(-0.903989293123,0.42755509343,0.));
#6107 = DIRECTION('',(0.42755509343,0.903989293123,0.));
#6108 = ADVANCED_FACE('',(#6109),#6127,.F.);
#6109 = FACE_BOUND('',#6110,.F.);
#6110 = EDGE_LOOP('',(#6111,#6112,#6113,#6121));
#6111 = ORIENTED_EDGE('',*,*,#2650,.F.);
#6112 = ORIENTED_EDGE('',*,*,#6074,.T.);
#6113 = ORIENTED_EDGE('',*,*,#6114,.F.);
#6114 = EDGE_CURVE('',#6115,#6067,#6117,.T.);
#6115 = VERTEX_POINT('',#6116);
#6116 = CARTESIAN_POINT('',(84.859014806139,-83.00285205652,6.3));
#6117 = LINE('',#6118,#6119);
#6118 = CARTESIAN_POINT('',(83.296139105594,-82.95346345397,6.3));
#6119 = VECTOR('',#6120,1.);
#6120 = DIRECTION('',(0.999501058674,-3.158534010065E-02,0.));
#6121 = ORIENTED_EDGE('',*,*,#6122,.F.);
#6122 = EDGE_CURVE('',#2643,#6115,#6123,.T.);
#6123 = LINE('',#6124,#6125);
#6124 = CARTESIAN_POINT('',(84.859014806139,-83.00285205652,1.4));
#6125 = VECTOR('',#6126,1.);
#6126 = DIRECTION('',(0.,0.,1.));
#6127 = PLANE('',#6128);
#6128 = AXIS2_PLACEMENT_3D('',#6129,#6130,#6131);
#6129 = CARTESIAN_POINT('',(85.094834200102,-83.01030421047,1.4));
#6130 = DIRECTION('',(-3.158534010065E-02,-0.999501058674,0.));
#6131 = DIRECTION('',(-0.999501058674,3.158534010065E-02,0.));
#6132 = ADVANCED_FACE('',(#6133),#6151,.F.);
#6133 = FACE_BOUND('',#6134,.F.);
#6134 = EDGE_LOOP('',(#6135,#6136,#6144,#6150));
#6135 = ORIENTED_EDGE('',*,*,#544,.F.);
#6136 = ORIENTED_EDGE('',*,*,#6137,.T.);
#6137 = EDGE_CURVE('',#545,#6138,#6140,.T.);
#6138 = VERTEX_POINT('',#6139);
#6139 = CARTESIAN_POINT('',(65.197389760078,-7.617568509803,6.3));
#6140 = LINE('',#6141,#6142);
#6141 = CARTESIAN_POINT('',(65.197389760078,-7.617568509803,1.4));
#6142 = VECTOR('',#6143,1.);
#6143 = DIRECTION('',(0.,0.,1.));
#6144 = ORIENTED_EDGE('',*,*,#6145,.F.);
#6145 = EDGE_CURVE('',#6090,#6138,#6146,.T.);
#6146 = LINE('',#6147,#6148);
#6147 = CARTESIAN_POINT('',(59.179875923965,-17.65718381356,6.3));
#6148 = VECTOR('',#6149,1.);
#6149 = DIRECTION('',(-0.514102744193,-0.85772861,0.));
#6150 = ORIENTED_EDGE('',*,*,#6089,.F.);
#6151 = PLANE('',#6152);
#6152 = AXIS2_PLACEMENT_3D('',#6153,#6154,#6155);
#6153 = CARTESIAN_POINT('',(65.197389760078,-7.617568509803,1.4));
#6154 = DIRECTION('',(-0.85772861,0.514102744193,0.));
#6155 = DIRECTION('',(0.514102744193,0.85772861,0.));
#6156 = ADVANCED_FACE('',(#6157),#6175,.F.);
#6157 = FACE_BOUND('',#6158,.F.);
#6158 = EDGE_LOOP('',(#6159,#6160,#6161,#6169));
#6159 = ORIENTED_EDGE('',*,*,#2642,.F.);
#6160 = ORIENTED_EDGE('',*,*,#6122,.T.);
#6161 = ORIENTED_EDGE('',*,*,#6162,.F.);
#6162 = EDGE_CURVE('',#6163,#6115,#6165,.T.);
#6163 = VERTEX_POINT('',#6164);
#6164 = CARTESIAN_POINT('',(84.623222814324,-82.99591314234,6.3));
#6165 = LINE('',#6166,#6167);
#6166 = CARTESIAN_POINT('',(83.21883688804,-82.95458470984,6.3));
#6167 = VECTOR('',#6168,1.);
#6168 = DIRECTION('',(0.999567274022,-2.941538208572E-02,0.));
#6169 = ORIENTED_EDGE('',*,*,#6170,.F.);
#6170 = EDGE_CURVE('',#2635,#6163,#6171,.T.);
#6171 = LINE('',#6172,#6173);
#6172 = CARTESIAN_POINT('',(84.623222814324,-82.99591314234,1.4));
#6173 = VECTOR('',#6174,1.);
#6174 = DIRECTION('',(0.,0.,1.));
#6175 = PLANE('',#6176);
#6176 = AXIS2_PLACEMENT_3D('',#6177,#6178,#6179);
#6177 = CARTESIAN_POINT('',(84.859014806139,-83.00285205652,1.4));
#6178 = DIRECTION('',(-2.941538208572E-02,-0.999567274022,0.));
#6179 = DIRECTION('',(-0.999567274022,2.941538208572E-02,0.));
#6180 = ADVANCED_FACE('',(#6181),#6199,.F.);
#6181 = FACE_BOUND('',#6182,.F.);
#6182 = EDGE_LOOP('',(#6183,#6184,#6192,#6198));
#6183 = ORIENTED_EDGE('',*,*,#552,.F.);
#6184 = ORIENTED_EDGE('',*,*,#6185,.T.);
#6185 = EDGE_CURVE('',#553,#6186,#6188,.T.);
#6186 = VERTEX_POINT('',#6187);
#6187 = CARTESIAN_POINT('',(65.074533874304,-7.783220495624,6.3));
#6188 = LINE('',#6189,#6190);
#6189 = CARTESIAN_POINT('',(65.074533874304,-7.783220495624,1.4));
#6190 = VECTOR('',#6191,1.);
#6191 = DIRECTION('',(0.,0.,1.));
#6192 = ORIENTED_EDGE('',*,*,#6193,.F.);
#6193 = EDGE_CURVE('',#6138,#6186,#6194,.T.);
#6194 = LINE('',#6195,#6196);
#6195 = CARTESIAN_POINT('',(59.201722702476,-15.70178969421,6.3));
#6196 = VECTOR('',#6197,1.);
#6197 = DIRECTION('',(-0.595699304492,-0.803207531481,0.));
#6198 = ORIENTED_EDGE('',*,*,#6137,.F.);
#6199 = PLANE('',#6200);
#6200 = AXIS2_PLACEMENT_3D('',#6201,#6202,#6203);
#6201 = CARTESIAN_POINT('',(65.074533874304,-7.783220495624,1.4));
#6202 = DIRECTION('',(-0.803207531481,0.595699304492,0.));
#6203 = DIRECTION('',(0.595699304492,0.803207531481,0.));
#6204 = ADVANCED_FACE('',(#6205),#6223,.F.);
#6205 = FACE_BOUND('',#6206,.F.);
#6206 = EDGE_LOOP('',(#6207,#6208,#6209,#6217));
#6207 = ORIENTED_EDGE('',*,*,#2634,.F.);
#6208 = ORIENTED_EDGE('',*,*,#6170,.T.);
#6209 = ORIENTED_EDGE('',*,*,#6210,.F.);
#6210 = EDGE_CURVE('',#6211,#6163,#6213,.T.);
#6211 = VERTEX_POINT('',#6212);
#6212 = CARTESIAN_POINT('',(84.38745879488,-82.98948706441,6.3));
#6213 = LINE('',#6214,#6215);
#6214 = CARTESIAN_POINT('',(83.141557403079,-82.95552828029,6.3));
#6215 = VECTOR('',#6216,1.);
#6216 = DIRECTION('',(0.999628751227,-2.724627902653E-02,0.));
#6217 = ORIENTED_EDGE('',*,*,#6218,.F.);
#6218 = EDGE_CURVE('',#2627,#6211,#6219,.T.);
#6219 = LINE('',#6220,#6221);
#6220 = CARTESIAN_POINT('',(84.38745879488,-82.98948706441,1.4));
#6221 = VECTOR('',#6222,1.);
#6222 = DIRECTION('',(0.,0.,1.));
#6223 = PLANE('',#6224);
#6224 = AXIS2_PLACEMENT_3D('',#6225,#6226,#6227);
#6225 = CARTESIAN_POINT('',(84.623222814324,-82.99591314234,1.4));
#6226 = DIRECTION('',(-2.724627902653E-02,-0.999628751227,0.));
#6227 = DIRECTION('',(-0.999628751227,2.724627902653E-02,0.));
#6228 = ADVANCED_FACE('',(#6229),#6247,.F.);
#6229 = FACE_BOUND('',#6230,.F.);
#6230 = EDGE_LOOP('',(#6231,#6232,#6240,#6246));
#6231 = ORIENTED_EDGE('',*,*,#560,.F.);
#6232 = ORIENTED_EDGE('',*,*,#6233,.T.);
#6233 = EDGE_CURVE('',#561,#6234,#6236,.T.);
#6234 = VERTEX_POINT('',#6235);
#6235 = CARTESIAN_POINT('',(64.936032839259,-7.936032839259,6.3));
#6236 = LINE('',#6237,#6238);
#6237 = CARTESIAN_POINT('',(64.936032839259,-7.936032839259,1.4));
#6238 = VECTOR('',#6239,1.);
#6239 = DIRECTION('',(0.,0.,1.));
#6240 = ORIENTED_EDGE('',*,*,#6241,.F.);
#6241 = EDGE_CURVE('',#6186,#6234,#6242,.T.);
#6242 = LINE('',#6243,#6244);
#6243 = CARTESIAN_POINT('',(59.619272938436,-13.80217341161,6.3));
#6244 = VECTOR('',#6245,1.);
#6245 = DIRECTION('',(-0.671558954847,-0.740951125355,0.));
#6246 = ORIENTED_EDGE('',*,*,#6185,.F.);
#6247 = PLANE('',#6248);
#6248 = AXIS2_PLACEMENT_3D('',#6249,#6250,#6251);
#6249 = CARTESIAN_POINT('',(64.936032839259,-7.936032839259,1.4));
#6250 = DIRECTION('',(-0.740951125355,0.671558954847,0.));
#6251 = DIRECTION('',(0.671558954847,0.740951125355,0.));
#6252 = ADVANCED_FACE('',(#6253),#6271,.F.);
#6253 = FACE_BOUND('',#6254,.F.);
#6254 = EDGE_LOOP('',(#6255,#6256,#6257,#6265));
#6255 = ORIENTED_EDGE('',*,*,#2626,.F.);
#6256 = ORIENTED_EDGE('',*,*,#6218,.T.);
#6257 = ORIENTED_EDGE('',*,*,#6258,.F.);
#6258 = EDGE_CURVE('',#6259,#6211,#6261,.T.);
#6259 = VERTEX_POINT('',#6260);
#6260 = CARTESIAN_POINT('',(84.151723317962,-82.98357341911,6.3));
#6261 = LINE('',#6262,#6263);
#6262 = CARTESIAN_POINT('',(83.064298359736,-82.95629434524,6.3));
#6263 = VECTOR('',#6264,1.);
#6264 = DIRECTION('',(0.999685496316,-2.507804726839E-02,0.));
#6265 = ORIENTED_EDGE('',*,*,#6266,.F.);
#6266 = EDGE_CURVE('',#2619,#6259,#6267,.T.);
#6267 = LINE('',#6268,#6269);
#6268 = CARTESIAN_POINT('',(84.151723317962,-82.98357341911,1.4));
#6269 = VECTOR('',#6270,1.);
#6270 = DIRECTION('',(0.,0.,1.));
#6271 = PLANE('',#6272);
#6272 = AXIS2_PLACEMENT_3D('',#6273,#6274,#6275);
#6273 = CARTESIAN_POINT('',(84.38745879488,-82.98948706441,1.4));
#6274 = DIRECTION('',(-2.507804726839E-02,-0.999685496316,0.));
#6275 = DIRECTION('',(-0.999685496316,2.507804726839E-02,0.));
#6276 = ADVANCED_FACE('',(#6277),#6295,.F.);
#6277 = FACE_BOUND('',#6278,.F.);
#6278 = EDGE_LOOP('',(#6279,#6280,#6288,#6294));
#6279 = ORIENTED_EDGE('',*,*,#568,.F.);
#6280 = ORIENTED_EDGE('',*,*,#6281,.T.);
#6281 = EDGE_CURVE('',#569,#6282,#6284,.T.);
#6282 = VERTEX_POINT('',#6283);
#6283 = CARTESIAN_POINT('',(64.783220495624,-8.074533874304,6.3));
#6284 = LINE('',#6285,#6286);
#6285 = CARTESIAN_POINT('',(64.783220495624,-8.074533874304,1.4));
#6286 = VECTOR('',#6287,1.);
#6287 = DIRECTION('',(0.,0.,1.));
#6288 = ORIENTED_EDGE('',*,*,#6289,.F.);
#6289 = EDGE_CURVE('',#6234,#6282,#6290,.T.);
#6290 = LINE('',#6291,#6292);
#6291 = CARTESIAN_POINT('',(60.41260437476,-12.03582942231,6.3));
#6292 = VECTOR('',#6293,1.);
#6293 = DIRECTION('',(-0.740951125355,-0.671558954847,0.));
#6294 = ORIENTED_EDGE('',*,*,#6233,.F.);
#6295 = PLANE('',#6296);
#6296 = AXIS2_PLACEMENT_3D('',#6297,#6298,#6299);
#6297 = CARTESIAN_POINT('',(64.783220495624,-8.074533874304,1.4));
#6298 = DIRECTION('',(-0.671558954847,0.740951125355,0.));
#6299 = DIRECTION('',(0.740951125355,0.671558954847,0.));
#6300 = ADVANCED_FACE('',(#6301),#6319,.F.);
#6301 = FACE_BOUND('',#6302,.F.);
#6302 = EDGE_LOOP('',(#6303,#6304,#6305,#6313));
#6303 = ORIENTED_EDGE('',*,*,#2618,.F.);
#6304 = ORIENTED_EDGE('',*,*,#6266,.T.);
#6305 = ORIENTED_EDGE('',*,*,#6306,.F.);
#6306 = EDGE_CURVE('',#6307,#6259,#6309,.T.);
#6307 = VERTEX_POINT('',#6308);
#6308 = CARTESIAN_POINT('',(83.916016953623,-82.97817180275,6.3));
#6309 = LINE('',#6310,#6311);
#6310 = CARTESIAN_POINT('',(82.987057473288,-82.95688309996,6.3));
#6311 = VECTOR('',#6312,1.);
#6312 = DIRECTION('',(0.999737515393,-2.29107030774E-02,0.));
#6313 = ORIENTED_EDGE('',*,*,#6314,.F.);
#6314 = EDGE_CURVE('',#2611,#6307,#6315,.T.);
#6315 = LINE('',#6316,#6317);
#6316 = CARTESIAN_POINT('',(83.916016953623,-82.97817180275,1.4));
#6317 = VECTOR('',#6318,1.);
#6318 = DIRECTION('',(0.,0.,1.));
#6319 = PLANE('',#6320);
#6320 = AXIS2_PLACEMENT_3D('',#6321,#6322,#6323);
#6321 = CARTESIAN_POINT('',(84.151723317962,-82.98357341911,1.4));
#6322 = DIRECTION('',(-2.29107030774E-02,-0.999737515393,0.));
#6323 = DIRECTION('',(-0.999737515393,2.29107030774E-02,0.));
#6324 = ADVANCED_FACE('',(#6325),#6343,.F.);
#6325 = FACE_BOUND('',#6326,.F.);
#6326 = EDGE_LOOP('',(#6327,#6328,#6336,#6342));
#6327 = ORIENTED_EDGE('',*,*,#576,.F.);
#6328 = ORIENTED_EDGE('',*,*,#6329,.T.);
#6329 = EDGE_CURVE('',#577,#6330,#6332,.T.);
#6330 = VERTEX_POINT('',#6331);
#6331 = CARTESIAN_POINT('',(64.617568509803,-8.197389760078,6.3));
#6332 = LINE('',#6333,#6334);
#6333 = CARTESIAN_POINT('',(64.617568509803,-8.197389760078,1.4));
#6334 = VECTOR('',#6335,1.);
#6335 = DIRECTION('',(0.,0.,1.));
#6336 = ORIENTED_EDGE('',*,*,#6337,.F.);
#6337 = EDGE_CURVE('',#6282,#6330,#6338,.T.);
#6338 = LINE('',#6339,#6340);
#6339 = CARTESIAN_POINT('',(61.546931940454,-10.47472904913,6.3));
#6340 = VECTOR('',#6341,1.);
#6341 = DIRECTION('',(-0.803207531481,-0.595699304492,0.));
#6342 = ORIENTED_EDGE('',*,*,#6281,.F.);
#6343 = PLANE('',#6344);
#6344 = AXIS2_PLACEMENT_3D('',#6345,#6346,#6347);
#6345 = CARTESIAN_POINT('',(64.617568509803,-8.197389760078,1.4));
#6346 = DIRECTION('',(-0.595699304492,0.803207531481,0.));
#6347 = DIRECTION('',(0.803207531481,0.595699304492,0.));
#6348 = ADVANCED_FACE('',(#6349),#6367,.F.);
#6349 = FACE_BOUND('',#6350,.F.);
#6350 = EDGE_LOOP('',(#6351,#6352,#6353,#6361));
#6351 = ORIENTED_EDGE('',*,*,#2610,.F.);
#6352 = ORIENTED_EDGE('',*,*,#6314,.T.);
#6353 = ORIENTED_EDGE('',*,*,#6354,.F.);
#6354 = EDGE_CURVE('',#6355,#6307,#6357,.T.);
#6355 = VERTEX_POINT('',#6356);
#6356 = CARTESIAN_POINT('',(83.680340271783,-82.9732818115,6.3));
#6357 = LINE('',#6358,#6359);
#6358 = CARTESIAN_POINT('',(82.909832465342,-82.95729475502,6.3));
#6359 = VECTOR('',#6360,1.);
#6360 = DIRECTION('',(0.999784814631,-2.07442626404E-02,0.));
#6361 = ORIENTED_EDGE('',*,*,#6362,.F.);
#6362 = EDGE_CURVE('',#2603,#6355,#6363,.T.);
#6363 = LINE('',#6364,#6365);
#6364 = CARTESIAN_POINT('',(83.680340271783,-82.9732818115,1.4));
#6365 = VECTOR('',#6366,1.);
#6366 = DIRECTION('',(0.,0.,1.));
#6367 = PLANE('',#6368);
#6368 = AXIS2_PLACEMENT_3D('',#6369,#6370,#6371);
#6369 = CARTESIAN_POINT('',(83.916016953623,-82.97817180275,1.4));
#6370 = DIRECTION('',(-2.07442626404E-02,-0.999784814631,0.));
#6371 = DIRECTION('',(-0.999784814631,2.07442626404E-02,0.));
#6372 = ADVANCED_FACE('',(#6373),#6391,.F.);
#6373 = FACE_BOUND('',#6374,.F.);
#6374 = EDGE_LOOP('',(#6375,#6376,#6384,#6390));
#6375 = ORIENTED_EDGE('',*,*,#584,.F.);
#6376 = ORIENTED_EDGE('',*,*,#6377,.T.);
#6377 = EDGE_CURVE('',#585,#6378,#6380,.T.);
#6378 = VERTEX_POINT('',#6379);
#6379 = CARTESIAN_POINT('',(64.440672200976,-8.303417327243,6.3));
#6380 = LINE('',#6381,#6382);
#6381 = CARTESIAN_POINT('',(64.440672200976,-8.303417327243,1.4));
#6382 = VECTOR('',#6383,1.);
#6383 = DIRECTION('',(0.,0.,1.));
#6384 = ORIENTED_EDGE('',*,*,#6385,.F.);
#6385 = EDGE_CURVE('',#6330,#6378,#6386,.T.);
#6386 = LINE('',#6387,#6388);
#6387 = CARTESIAN_POINT('',(62.973985911435,-9.182515258141,6.3));
#6388 = VECTOR('',#6389,1.);
#6389 = DIRECTION('',(-0.85772861,-0.514102744193,0.));
#6390 = ORIENTED_EDGE('',*,*,#6329,.F.);
#6391 = PLANE('',#6392);
#6392 = AXIS2_PLACEMENT_3D('',#6393,#6394,#6395);
#6393 = CARTESIAN_POINT('',(64.440672200976,-8.303417327243,1.4));
#6394 = DIRECTION('',(-0.514102744193,0.85772861,0.));
#6395 = DIRECTION('',(0.85772861,0.514102744193,0.));
#6396 = ADVANCED_FACE('',(#6397),#6415,.F.);
#6397 = FACE_BOUND('',#6398,.F.);
#6398 = EDGE_LOOP('',(#6399,#6400,#6401,#6409));
#6399 = ORIENTED_EDGE('',*,*,#2602,.F.);
#6400 = ORIENTED_EDGE('',*,*,#6362,.T.);
#6401 = ORIENTED_EDGE('',*,*,#6402,.F.);
#6402 = EDGE_CURVE('',#6403,#6355,#6405,.T.);
#6403 = VERTEX_POINT('',#6404);
#6404 = CARTESIAN_POINT('',(83.444693842287,-82.9689030415,6.3));
#6405 = LINE('',#6406,#6407);
#6406 = CARTESIAN_POINT('',(82.83262106394,-82.95752953616,6.3));
#6407 = VECTOR('',#6408,1.);
#6408 = DIRECTION('',(0.999827400276,-1.857874206409E-02,0.));
#6409 = ORIENTED_EDGE('',*,*,#6410,.F.);
#6410 = EDGE_CURVE('',#2595,#6403,#6411,.T.);
#6411 = LINE('',#6412,#6413);
#6412 = CARTESIAN_POINT('',(83.444693842287,-82.9689030415,1.4));
#6413 = VECTOR('',#6414,1.);
#6414 = DIRECTION('',(0.,0.,1.));
#6415 = PLANE('',#6416);
#6416 = AXIS2_PLACEMENT_3D('',#6417,#6418,#6419);
#6417 = CARTESIAN_POINT('',(83.680340271783,-82.9732818115,1.4));
#6418 = DIRECTION('',(-1.857874206409E-02,-0.999827400276,0.));
#6419 = DIRECTION('',(-0.999827400276,1.857874206409E-02,0.));
#6420 = ADVANCED_FACE('',(#6421),#6439,.F.);
#6421 = FACE_BOUND('',#6422,.F.);
#6422 = EDGE_LOOP('',(#6423,#6424,#6432,#6438));
#6423 = ORIENTED_EDGE('',*,*,#592,.F.);
#6424 = ORIENTED_EDGE('',*,*,#6425,.T.);
#6425 = EDGE_CURVE('',#593,#6426,#6428,.T.);
#6426 = VERTEX_POINT('',#6427);
#6427 = CARTESIAN_POINT('',(64.254235177296,-8.391595472366,6.3));
#6428 = LINE('',#6429,#6430);
#6429 = CARTESIAN_POINT('',(64.254235177296,-8.391595472366,1.4));
#6430 = VECTOR('',#6431,1.);
#6431 = DIRECTION('',(0.,0.,1.));
#6432 = ORIENTED_EDGE('',*,*,#6433,.F.);
#6433 = EDGE_CURVE('',#6378,#6426,#6434,.T.);
#6434 = LINE('',#6435,#6436);
#6435 = CARTESIAN_POINT('',(64.633911942122,-8.212021736378,6.3));
#6436 = VECTOR('',#6437,1.);
#6437 = DIRECTION('',(-0.903989293123,-0.42755509343,0.));
#6438 = ORIENTED_EDGE('',*,*,#6377,.F.);
#6439 = PLANE('',#6440);
#6440 = AXIS2_PLACEMENT_3D('',#6441,#6442,#6443);
#6441 = CARTESIAN_POINT('',(64.254235177296,-8.391595472366,1.4));
#6442 = DIRECTION('',(-0.42755509343,0.903989293123,0.));
#6443 = DIRECTION('',(0.903989293123,0.42755509343,0.));
#6444 = ADVANCED_FACE('',(#6445),#6463,.F.);
#6445 = FACE_BOUND('',#6446,.F.);
#6446 = EDGE_LOOP('',(#6447,#6448,#6449,#6457));
#6447 = ORIENTED_EDGE('',*,*,#2594,.F.);
#6448 = ORIENTED_EDGE('',*,*,#6410,.T.);
#6449 = ORIENTED_EDGE('',*,*,#6450,.F.);
#6450 = EDGE_CURVE('',#6451,#6403,#6453,.T.);
#6451 = VERTEX_POINT('',#6452);
#6452 = CARTESIAN_POINT('',(83.209078234851,-82.96503508874,6.3));
#6453 = LINE('',#6454,#6455);
#6454 = CARTESIAN_POINT('',(82.755421003674,-82.95758768423,6.3));
#6455 = VECTOR('',#6456,1.);
#6456 = DIRECTION('',(0.999865278644,-1.641415737538E-02,0.));
#6457 = ORIENTED_EDGE('',*,*,#6458,.F.);
#6458 = EDGE_CURVE('',#2587,#6451,#6459,.T.);
#6459 = LINE('',#6460,#6461);
#6460 = CARTESIAN_POINT('',(83.209078234851,-82.96503508874,1.4));
#6461 = VECTOR('',#6462,1.);
#6462 = DIRECTION('',(0.,0.,1.));
#6463 = PLANE('',#6464);
#6464 = AXIS2_PLACEMENT_3D('',#6465,#6466,#6467);
#6465 = CARTESIAN_POINT('',(83.444693842287,-82.9689030415,1.4));
#6466 = DIRECTION('',(-1.641415737538E-02,-0.999865278644,0.));
#6467 = DIRECTION('',(-0.999865278644,1.641415737538E-02,0.));
#6468 = ADVANCED_FACE('',(#6469),#6487,.F.);
#6469 = FACE_BOUND('',#6470,.F.);
#6470 = EDGE_LOOP('',(#6471,#6472,#6480,#6486));
#6471 = ORIENTED_EDGE('',*,*,#600,.F.);
#6472 = ORIENTED_EDGE('',*,*,#6473,.T.);
#6473 = EDGE_CURVE('',#601,#6474,#6476,.T.);
#6474 = VERTEX_POINT('',#6475);
#6475 = CARTESIAN_POINT('',(64.060052929219,-8.461074991705,6.3));
#6476 = LINE('',#6477,#6478);
#6477 = CARTESIAN_POINT('',(64.060052929219,-8.461074991705,1.4));
#6478 = VECTOR('',#6479,1.);
#6479 = DIRECTION('',(0.,0.,1.));
#6480 = ORIENTED_EDGE('',*,*,#6481,.F.);
#6481 = EDGE_CURVE('',#6426,#6474,#6482,.T.);
#6482 = LINE('',#6483,#6484);
#6483 = CARTESIAN_POINT('',(66.457619516755,-7.603211949452,6.3));
#6484 = VECTOR('',#6485,1.);
#6485 = DIRECTION('',(-0.941544065183,-0.336889853392,0.));
#6486 = ORIENTED_EDGE('',*,*,#6425,.F.);
#6487 = PLANE('',#6488);
#6488 = AXIS2_PLACEMENT_3D('',#6489,#6490,#6491);
#6489 = CARTESIAN_POINT('',(64.060052929219,-8.461074991705,1.4));
#6490 = DIRECTION('',(-0.336889853392,0.941544065183,0.));
#6491 = DIRECTION('',(0.941544065183,0.336889853392,0.));
#6492 = ADVANCED_FACE('',(#6493),#6511,.F.);
#6493 = FACE_BOUND('',#6494,.F.);
#6494 = EDGE_LOOP('',(#6495,#6496,#6497,#6505));
#6495 = ORIENTED_EDGE('',*,*,#2586,.F.);
#6496 = ORIENTED_EDGE('',*,*,#6458,.T.);
#6497 = ORIENTED_EDGE('',*,*,#6498,.F.);
#6498 = EDGE_CURVE('',#6499,#6451,#6501,.T.);
#6499 = VERTEX_POINT('',#6500);
#6500 = CARTESIAN_POINT('',(82.973494019113,-82.96167754916,6.3));
#6501 = LINE('',#6502,#6503);
#6502 = CARTESIAN_POINT('',(82.678230025774,-82.95746945508,6.3));
#6503 = VECTOR('',#6504,1.);
#6504 = DIRECTION('',(0.99989845612,-1.425052452037E-02,0.));
#6505 = ORIENTED_EDGE('',*,*,#6506,.F.);
#6506 = EDGE_CURVE('',#2579,#6499,#6507,.T.);
#6507 = LINE('',#6508,#6509);
#6508 = CARTESIAN_POINT('',(82.973494019113,-82.96167754916,1.4));
#6509 = VECTOR('',#6510,1.);
#6510 = DIRECTION('',(0.,0.,1.));
#6511 = PLANE('',#6512);
#6512 = AXIS2_PLACEMENT_3D('',#6513,#6514,#6515);
#6513 = CARTESIAN_POINT('',(83.209078234851,-82.96503508874,1.4));
#6514 = DIRECTION('',(-1.425052452037E-02,-0.99989845612,0.));
#6515 = DIRECTION('',(-0.99989845612,1.425052452037E-02,0.));
#6516 = ADVANCED_FACE('',(#6517),#6535,.F.);
#6517 = FACE_BOUND('',#6518,.F.);
#6518 = EDGE_LOOP('',(#6519,#6520,#6528,#6534));
#6519 = ORIENTED_EDGE('',*,*,#608,.F.);
#6520 = ORIENTED_EDGE('',*,*,#6521,.T.);
#6521 = EDGE_CURVE('',#609,#6522,#6524,.T.);
#6522 = VERTEX_POINT('',#6523);
#6523 = CARTESIAN_POINT('',(63.859995537946,-8.511186759509,6.3));
#6524 = LINE('',#6525,#6526);
#6525 = CARTESIAN_POINT('',(63.859995537946,-8.511186759509,1.4));
#6526 = VECTOR('',#6527,1.);
#6527 = DIRECTION('',(0.,0.,1.));
#6528 = ORIENTED_EDGE('',*,*,#6529,.F.);
#6529 = EDGE_CURVE('',#6474,#6522,#6530,.T.);
#6530 = LINE('',#6531,#6532);
#6531 = CARTESIAN_POINT('',(68.369488105757,-7.381617674193,6.3));
#6532 = VECTOR('',#6533,1.);
#6533 = DIRECTION('',(-0.970031253195,-0.242980179903,0.));
#6534 = ORIENTED_EDGE('',*,*,#6473,.F.);
#6535 = PLANE('',#6536);
#6536 = AXIS2_PLACEMENT_3D('',#6537,#6538,#6539);
#6537 = CARTESIAN_POINT('',(63.859995537946,-8.511186759509,1.4));
#6538 = DIRECTION('',(-0.242980179903,0.970031253195,0.));
#6539 = DIRECTION('',(0.970031253195,0.242980179903,0.));
#6540 = ADVANCED_FACE('',(#6541),#6559,.F.);
#6541 = FACE_BOUND('',#6542,.F.);
#6542 = EDGE_LOOP('',(#6543,#6544,#6545,#6553));
#6543 = ORIENTED_EDGE('',*,*,#2578,.F.);
#6544 = ORIENTED_EDGE('',*,*,#6506,.T.);
#6545 = ORIENTED_EDGE('',*,*,#6546,.F.);
#6546 = EDGE_CURVE('',#6547,#6499,#6549,.T.);
#6547 = VERTEX_POINT('',#6548);
#6548 = CARTESIAN_POINT('',(82.737941764586,-82.95883001859,6.3));
#6549 = LINE('',#6550,#6551);
#6550 = CARTESIAN_POINT('',(82.601045878226,-82.95717511946,6.3));
#6551 = VECTOR('',#6552,1.);
#6552 = DIRECTION('',(0.999926939159,-1.208785936457E-02,0.));
#6553 = ORIENTED_EDGE('',*,*,#6554,.F.);
#6554 = EDGE_CURVE('',#2571,#6547,#6555,.T.);
#6555 = LINE('',#6556,#6557);
#6556 = CARTESIAN_POINT('',(82.737941764586,-82.95883001859,1.4));
#6557 = VECTOR('',#6558,1.);
#6558 = DIRECTION('',(0.,0.,1.));
#6559 = PLANE('',#6560);
#6560 = AXIS2_PLACEMENT_3D('',#6561,#6562,#6563);
#6561 = CARTESIAN_POINT('',(82.973494019113,-82.96167754916,1.4));
#6562 = DIRECTION('',(-1.208785936457E-02,-0.999926939159,0.));
#6563 = DIRECTION('',(-0.999926939159,1.208785936457E-02,0.));
#6564 = ADVANCED_FACE('',(#6565),#6583,.F.);
#6565 = FACE_BOUND('',#6566,.F.);
#6566 = EDGE_LOOP('',(#6567,#6568,#6576,#6582));
#6567 = ORIENTED_EDGE('',*,*,#616,.F.);
#6568 = ORIENTED_EDGE('',*,*,#6569,.T.);
#6569 = EDGE_CURVE('',#617,#6570,#6572,.T.);
#6570 = VERTEX_POINT('',#6571);
#6571 = CARTESIAN_POINT('',(63.655989665515,-8.54144817206,6.3));
#6572 = LINE('',#6573,#6574);
#6573 = CARTESIAN_POINT('',(63.655989665515,-8.54144817206,1.4));
#6574 = VECTOR('',#6575,1.);
#6575 = DIRECTION('',(0.,0.,1.));
#6576 = ORIENTED_EDGE('',*,*,#6577,.F.);
#6577 = EDGE_CURVE('',#6522,#6570,#6578,.T.);
#6578 = LINE('',#6579,#6580);
#6579 = CARTESIAN_POINT('',(70.290326539536,-7.55733726019,6.3));
#6580 = VECTOR('',#6581,1.);
#6581 = DIRECTION('',(-0.989176509965,-0.146730474455,0.));
#6582 = ORIENTED_EDGE('',*,*,#6521,.F.);
#6583 = PLANE('',#6584);
#6584 = AXIS2_PLACEMENT_3D('',#6585,#6586,#6587);
#6585 = CARTESIAN_POINT('',(63.655989665515,-8.54144817206,1.4));
#6586 = DIRECTION('',(-0.146730474455,0.989176509965,0.));
#6587 = DIRECTION('',(0.989176509965,0.146730474455,0.));
#6588 = ADVANCED_FACE('',(#6589),#6607,.F.);
#6589 = FACE_BOUND('',#6590,.F.);
#6590 = EDGE_LOOP('',(#6591,#6592,#6593,#6601));
#6591 = ORIENTED_EDGE('',*,*,#2570,.F.);
#6592 = ORIENTED_EDGE('',*,*,#6554,.T.);
#6593 = ORIENTED_EDGE('',*,*,#6594,.F.);
#6594 = EDGE_CURVE('',#6595,#6547,#6597,.T.);
#6595 = VERTEX_POINT('',#6596);
#6596 = CARTESIAN_POINT('',(82.502422040691,-82.95649209278,6.3));
#6597 = LINE('',#6598,#6599);
#6598 = CARTESIAN_POINT('',(82.523866315858,-82.95670496296,6.3));
#6599 = VECTOR('',#6600,1.);
#6600 = DIRECTION('',(0.999950734285,-9.926177692056E-03,0.));
#6601 = ORIENTED_EDGE('',*,*,#6602,.F.);
#6602 = EDGE_CURVE('',#2563,#6595,#6603,.T.);
#6603 = LINE('',#6604,#6605);
#6604 = CARTESIAN_POINT('',(82.502422040691,-82.95649209278,1.4));
#6605 = VECTOR('',#6606,1.);
#6606 = DIRECTION('',(0.,0.,1.));
#6607 = PLANE('',#6608);
#6608 = AXIS2_PLACEMENT_3D('',#6609,#6610,#6611);
#6609 = CARTESIAN_POINT('',(82.737941764586,-82.95883001859,1.4));
#6610 = DIRECTION('',(-9.926177692056E-03,-0.999950734285,0.));
#6611 = DIRECTION('',(-0.999950734285,9.926177692056E-03,0.));
#6612 = ADVANCED_FACE('',(#6613),#6631,.F.);
#6613 = FACE_BOUND('',#6614,.F.);
#6614 = EDGE_LOOP('',(#6615,#6616,#6624,#6630));
#6615 = ORIENTED_EDGE('',*,*,#624,.F.);
#6616 = ORIENTED_EDGE('',*,*,#6617,.T.);
#6617 = EDGE_CURVE('',#625,#6618,#6620,.T.);
#6618 = VERTEX_POINT('',#6619);
#6619 = CARTESIAN_POINT('',(63.481913208742,-8.55,6.3));
#6620 = LINE('',#6621,#6622);
#6621 = CARTESIAN_POINT('',(63.481913208742,-8.55,1.4));
#6622 = VECTOR('',#6623,1.);
#6623 = DIRECTION('',(0.,0.,1.));
#6624 = ORIENTED_EDGE('',*,*,#6625,.F.);
#6625 = EDGE_CURVE('',#6570,#6618,#6626,.T.);
#6626 = LINE('',#6627,#6628);
#6627 = CARTESIAN_POINT('',(72.156427963444,-8.123848416823,6.3));
#6628 = VECTOR('',#6629,1.);
#6629 = DIRECTION('',(-0.998795456205,-4.906767432741E-02,0.));
#6630 = ORIENTED_EDGE('',*,*,#6569,.F.);
#6631 = PLANE('',#6632);
#6632 = AXIS2_PLACEMENT_3D('',#6633,#6634,#6635);
#6633 = CARTESIAN_POINT('',(63.481913208742,-8.55,1.4));
#6634 = DIRECTION('',(-4.906767432741E-02,0.998795456205,0.));
#6635 = DIRECTION('',(0.998795456205,4.906767432741E-02,0.));
#6636 = ADVANCED_FACE('',(#6637),#6655,.F.);
#6637 = FACE_BOUND('',#6638,.F.);
#6638 = EDGE_LOOP('',(#6639,#6640,#6641,#6649));
#6639 = ORIENTED_EDGE('',*,*,#2562,.F.);
#6640 = ORIENTED_EDGE('',*,*,#6602,.T.);
#6641 = ORIENTED_EDGE('',*,*,#6642,.F.);
#6642 = EDGE_CURVE('',#6643,#6595,#6645,.T.);
#6643 = VERTEX_POINT('',#6644);
#6644 = CARTESIAN_POINT('',(82.266935416715,-82.95466336739,6.3));
#6645 = LINE('',#6646,#6647);
#6646 = CARTESIAN_POINT('',(82.446689100441,-82.95605928585,6.3));
#6647 = VECTOR('',#6648,1.);
#6648 = DIRECTION('',(0.999969848088,-7.765495205717E-03,0.));
#6649 = ORIENTED_EDGE('',*,*,#6650,.F.);
#6650 = EDGE_CURVE('',#2555,#6643,#6651,.T.);
#6651 = LINE('',#6652,#6653);
#6652 = CARTESIAN_POINT('',(82.266935416715,-82.95466336739,1.4));
#6653 = VECTOR('',#6654,1.);
#6654 = DIRECTION('',(0.,0.,1.));
#6655 = PLANE('',#6656);
#6656 = AXIS2_PLACEMENT_3D('',#6657,#6658,#6659);
#6657 = CARTESIAN_POINT('',(82.502422040691,-82.95649209278,1.4));
#6658 = DIRECTION('',(-7.765495205717E-03,-0.999969848088,0.));
#6659 = DIRECTION('',(-0.999969848088,7.765495205717E-03,0.));
#6660 = ADVANCED_FACE('',(#6661),#6679,.F.);
#6661 = FACE_BOUND('',#6662,.F.);
#6662 = EDGE_LOOP('',(#6663,#6664,#6672,#6678));
#6663 = ORIENTED_EDGE('',*,*,#632,.F.);
#6664 = ORIENTED_EDGE('',*,*,#6665,.T.);
#6665 = EDGE_CURVE('',#633,#6666,#6668,.T.);
#6666 = VERTEX_POINT('',#6667);
#6667 = CARTESIAN_POINT('',(47.55,-8.55,6.3));
#6668 = LINE('',#6669,#6670);
#6669 = CARTESIAN_POINT('',(47.55,-8.55,1.4));
#6670 = VECTOR('',#6671,1.);
#6671 = DIRECTION('',(0.,0.,1.));
#6672 = ORIENTED_EDGE('',*,*,#6673,.F.);
#6673 = EDGE_CURVE('',#6618,#6666,#6674,.T.);
#6674 = LINE('',#6675,#6676);
#6675 = CARTESIAN_POINT('',(65.11633801642,-8.55,6.3));
#6676 = VECTOR('',#6677,1.);
#6677 = DIRECTION('',(-1.,0.,0.));
#6678 = ORIENTED_EDGE('',*,*,#6617,.F.);
#6679 = PLANE('',#6680);
#6680 = AXIS2_PLACEMENT_3D('',#6681,#6682,#6683);
#6681 = CARTESIAN_POINT('',(47.55,-8.55,1.4));
#6682 = DIRECTION('',(0.,1.,0.));
#6683 = DIRECTION('',(1.,0.,0.));
#6684 = ADVANCED_FACE('',(#6685),#6703,.F.);
#6685 = FACE_BOUND('',#6686,.F.);
#6686 = EDGE_LOOP('',(#6687,#6688,#6689,#6697));
#6687 = ORIENTED_EDGE('',*,*,#2554,.F.);
#6688 = ORIENTED_EDGE('',*,*,#6650,.T.);
#6689 = ORIENTED_EDGE('',*,*,#6690,.F.);
#6690 = EDGE_CURVE('',#6691,#6643,#6693,.T.);
#6691 = VERTEX_POINT('',#6692);
#6692 = CARTESIAN_POINT('',(82.031482461884,-82.953343438,6.3));
#6693 = LINE('',#6694,#6695);
#6694 = CARTESIAN_POINT('',(82.369512000778,-82.95523840307,6.3));
#6695 = VECTOR('',#6696,1.);
#6696 = DIRECTION('',(0.999984287225,-5.60582752643E-03,0.));
#6697 = ORIENTED_EDGE('',*,*,#6698,.F.);
#6698 = EDGE_CURVE('',#2547,#6691,#6699,.T.);
#6699 = LINE('',#6700,#6701);
#6700 = CARTESIAN_POINT('',(82.031482461884,-82.953343438,1.4));
#6701 = VECTOR('',#6702,1.);
#6702 = DIRECTION('',(0.,0.,1.));
#6703 = PLANE('',#6704);
#6704 = AXIS2_PLACEMENT_3D('',#6705,#6706,#6707);
#6705 = CARTESIAN_POINT('',(82.266935416715,-82.95466336739,1.4));
#6706 = DIRECTION('',(-5.60582752643E-03,-0.999984287225,0.));
#6707 = DIRECTION('',(-0.999984287225,5.60582752643E-03,0.));
#6708 = ADVANCED_FACE('',(#6709),#6727,.F.);
#6709 = FACE_BOUND('',#6710,.F.);
#6710 = EDGE_LOOP('',(#6711,#6712,#6720,#6726));
#6711 = ORIENTED_EDGE('',*,*,#640,.F.);
#6712 = ORIENTED_EDGE('',*,*,#6713,.T.);
#6713 = EDGE_CURVE('',#641,#6714,#6716,.T.);
#6714 = VERTEX_POINT('',#6715);
#6715 = CARTESIAN_POINT('',(47.55,-10.23191320874,6.3));
#6716 = LINE('',#6717,#6718);
#6717 = CARTESIAN_POINT('',(47.55,-10.23191320874,1.4));
#6718 = VECTOR('',#6719,1.);
#6719 = DIRECTION('',(0.,0.,1.));
#6720 = ORIENTED_EDGE('',*,*,#6721,.F.);
#6721 = EDGE_CURVE('',#6666,#6714,#6722,.T.);
#6722 = LINE('',#6723,#6724);
#6723 = CARTESIAN_POINT('',(47.55,-27.81125378986,6.3));
#6724 = VECTOR('',#6725,1.);
#6725 = DIRECTION('',(0.,-1.,0.));
#6726 = ORIENTED_EDGE('',*,*,#6665,.F.);
#6727 = PLANE('',#6728);
#6728 = AXIS2_PLACEMENT_3D('',#6729,#6730,#6731);
#6729 = CARTESIAN_POINT('',(47.55,-10.23191320874,1.4));
#6730 = DIRECTION('',(-1.,0.,0.));
#6731 = DIRECTION('',(0.,1.,0.));
#6732 = ADVANCED_FACE('',(#6733),#6751,.F.);
#6733 = FACE_BOUND('',#6734,.F.);
#6734 = EDGE_LOOP('',(#6735,#6736,#6737,#6745));
#6735 = ORIENTED_EDGE('',*,*,#2546,.F.);
#6736 = ORIENTED_EDGE('',*,*,#6698,.T.);
#6737 = ORIENTED_EDGE('',*,*,#6738,.F.);
#6738 = EDGE_CURVE('',#6739,#6691,#6741,.T.);
#6739 = VERTEX_POINT('',#6740);
#6740 = CARTESIAN_POINT('',(81.796063745276,-82.95253190009,6.3));
#6741 = LINE('',#6742,#6743);
#6742 = CARTESIAN_POINT('',(82.292332792823,-82.95424264404,6.3));
#6743 = VECTOR('',#6744,1.);
#6744 = DIRECTION('',(0.999994058422,-3.447190193278E-03,0.));
#6745 = ORIENTED_EDGE('',*,*,#6746,.F.);
#6746 = EDGE_CURVE('',#2539,#6739,#6747,.T.);
#6747 = LINE('',#6748,#6749);
#6748 = CARTESIAN_POINT('',(81.796063745276,-82.95253190009,1.4));
#6749 = VECTOR('',#6750,1.);
#6750 = DIRECTION('',(0.,0.,1.));
#6751 = PLANE('',#6752);
#6752 = AXIS2_PLACEMENT_3D('',#6753,#6754,#6755);
#6753 = CARTESIAN_POINT('',(82.031482461884,-82.953343438,1.4));
#6754 = DIRECTION('',(-3.447190193278E-03,-0.999994058422,0.));
#6755 = DIRECTION('',(-0.999994058422,3.447190193278E-03,0.));
#6756 = ADVANCED_FACE('',(#6757),#6775,.F.);
#6757 = FACE_BOUND('',#6758,.F.);
#6758 = EDGE_LOOP('',(#6759,#6760,#6768,#6774));
#6759 = ORIENTED_EDGE('',*,*,#648,.F.);
#6760 = ORIENTED_EDGE('',*,*,#6761,.T.);
#6761 = EDGE_CURVE('',#649,#6762,#6764,.T.);
#6762 = VERTEX_POINT('',#6763);
#6763 = CARTESIAN_POINT('',(47.54144817206,-10.40598966551,6.3));
#6764 = LINE('',#6765,#6766);
#6765 = CARTESIAN_POINT('',(47.54144817206,-10.40598966551,1.4));
#6766 = VECTOR('',#6767,1.);
#6767 = DIRECTION('',(0.,0.,1.));
#6768 = ORIENTED_EDGE('',*,*,#6769,.F.);
#6769 = EDGE_CURVE('',#6714,#6762,#6770,.T.);
#6770 = LINE('',#6771,#6772);
#6771 = CARTESIAN_POINT('',(46.726479099168,-26.99506624412,6.3));
#6772 = VECTOR('',#6773,1.);
#6773 = DIRECTION('',(-4.906767432744E-02,-0.998795456205,0.));
#6774 = ORIENTED_EDGE('',*,*,#6713,.F.);
#6775 = PLANE('',#6776);
#6776 = AXIS2_PLACEMENT_3D('',#6777,#6778,#6779);
#6777 = CARTESIAN_POINT('',(47.54144817206,-10.40598966551,1.4));
#6778 = DIRECTION('',(-0.998795456205,4.906767432744E-02,0.));
#6779 = DIRECTION('',(4.906767432744E-02,0.998795456205,0.));
#6780 = ADVANCED_FACE('',(#6781),#6799,.F.);
#6781 = FACE_BOUND('',#6782,.F.);
#6782 = EDGE_LOOP('',(#6783,#6784,#6785,#6793));
#6783 = ORIENTED_EDGE('',*,*,#2538,.F.);
#6784 = ORIENTED_EDGE('',*,*,#6746,.T.);
#6785 = ORIENTED_EDGE('',*,*,#6786,.F.);
#6786 = EDGE_CURVE('',#6787,#6739,#6789,.T.);
#6787 = VERTEX_POINT('',#6788);
#6788 = CARTESIAN_POINT('',(81.560679835883,-82.95222834906,6.3));
#6789 = LINE('',#6790,#6791);
#6790 = CARTESIAN_POINT('',(82.215149259751,-82.95307235265,6.3));
#6791 = VECTOR('',#6792,1.);
#6792 = DIRECTION('',(0.999999168467,-1.289598662522E-03,0.));
#6793 = ORIENTED_EDGE('',*,*,#6794,.F.);
#6794 = EDGE_CURVE('',#2531,#6787,#6795,.T.);
#6795 = LINE('',#6796,#6797);
#6796 = CARTESIAN_POINT('',(81.560679835883,-82.95222834906,1.4));
#6797 = VECTOR('',#6798,1.);
#6798 = DIRECTION('',(0.,0.,1.));
#6799 = PLANE('',#6800);
#6800 = AXIS2_PLACEMENT_3D('',#6801,#6802,#6803);
#6801 = CARTESIAN_POINT('',(81.796063745276,-82.95253190009,1.4));
#6802 = DIRECTION('',(-1.289598662522E-03,-0.999999168467,0.));
#6803 = DIRECTION('',(-0.999999168467,1.289598662522E-03,0.));
#6804 = ADVANCED_FACE('',(#6805),#6823,.F.);
#6805 = FACE_BOUND('',#6806,.F.);
#6806 = EDGE_LOOP('',(#6807,#6808,#6816,#6822));
#6807 = ORIENTED_EDGE('',*,*,#656,.F.);
#6808 = ORIENTED_EDGE('',*,*,#6809,.T.);
#6809 = EDGE_CURVE('',#657,#6810,#6812,.T.);
#6810 = VERTEX_POINT('',#6811);
#6811 = CARTESIAN_POINT('',(47.511186759509,-10.60999553794,6.3));
#6812 = LINE('',#6813,#6814);
#6813 = CARTESIAN_POINT('',(47.511186759509,-10.60999553794,1.4));
#6814 = VECTOR('',#6815,1.);
#6815 = DIRECTION('',(0.,0.,1.));
#6816 = ORIENTED_EDGE('',*,*,#6817,.F.);
#6817 = EDGE_CURVE('',#6762,#6810,#6818,.T.);
#6818 = LINE('',#6819,#6820);
#6819 = CARTESIAN_POINT('',(45.365736162745,-25.07344862421,6.3));
#6820 = VECTOR('',#6821,1.);
#6821 = DIRECTION('',(-0.146730474455,-0.989176509965,0.));
#6822 = ORIENTED_EDGE('',*,*,#6761,.F.);
#6823 = PLANE('',#6824);
#6824 = AXIS2_PLACEMENT_3D('',#6825,#6826,#6827);
#6825 = CARTESIAN_POINT('',(47.511186759509,-10.60999553794,1.4));
#6826 = DIRECTION('',(-0.989176509965,0.146730474455,0.));
#6827 = DIRECTION('',(0.146730474455,0.989176509965,0.));
#6828 = ADVANCED_FACE('',(#6829),#6847,.F.);
#6829 = FACE_BOUND('',#6830,.F.);
#6830 = EDGE_LOOP('',(#6831,#6832,#6833,#6841));
#6831 = ORIENTED_EDGE('',*,*,#2530,.F.);
#6832 = ORIENTED_EDGE('',*,*,#6794,.T.);
#6833 = ORIENTED_EDGE('',*,*,#6834,.F.);
#6834 = EDGE_CURVE('',#6835,#6787,#6837,.T.);
#6835 = VERTEX_POINT('',#6836);
#6836 = CARTESIAN_POINT('',(81.325331302577,-82.95243238024,6.3));
#6837 = LINE('',#6838,#6839);
#6838 = CARTESIAN_POINT('',(82.137959192059,-82.9517278871,6.3));
#6839 = VECTOR('',#6840,1.);
#6840 = DIRECTION('',(0.999999624215,8.669316917876E-04,0.));
#6841 = ORIENTED_EDGE('',*,*,#6842,.F.);
#6842 = EDGE_CURVE('',#2523,#6835,#6843,.T.);
#6843 = LINE('',#6844,#6845);
#6844 = CARTESIAN_POINT('',(81.325331302577,-82.95243238024,1.4));
#6845 = VECTOR('',#6846,1.);
#6846 = DIRECTION('',(0.,0.,1.));
#6847 = PLANE('',#6848);
#6848 = AXIS2_PLACEMENT_3D('',#6849,#6850,#6851);
#6849 = CARTESIAN_POINT('',(81.560679835883,-82.95222834906,1.4));
#6850 = DIRECTION('',(8.669316917876E-04,-0.999999624215,0.));
#6851 = DIRECTION('',(-0.999999624215,-8.669316917876E-04,0.));
#6852 = ADVANCED_FACE('',(#6853),#6871,.F.);
#6853 = FACE_BOUND('',#6854,.F.);
#6854 = EDGE_LOOP('',(#6855,#6856,#6864,#6870));
#6855 = ORIENTED_EDGE('',*,*,#664,.F.);
#6856 = ORIENTED_EDGE('',*,*,#6857,.T.);
#6857 = EDGE_CURVE('',#665,#6858,#6860,.T.);
#6858 = VERTEX_POINT('',#6859);
#6859 = CARTESIAN_POINT('',(47.461074991705,-10.81005292922,6.3));
#6860 = LINE('',#6861,#6862);
#6861 = CARTESIAN_POINT('',(47.461074991705,-10.81005292922,1.4));
#6862 = VECTOR('',#6863,1.);
#6863 = DIRECTION('',(0.,0.,1.));
#6864 = ORIENTED_EDGE('',*,*,#6865,.F.);
#6865 = EDGE_CURVE('',#6810,#6858,#6866,.T.);
#6866 = LINE('',#6867,#6868);
#6867 = CARTESIAN_POINT('',(44.425516923013,-22.92868004806,6.3));
#6868 = VECTOR('',#6869,1.);
#6869 = DIRECTION('',(-0.242980179903,-0.970031253195,0.));
#6870 = ORIENTED_EDGE('',*,*,#6809,.F.);
#6871 = PLANE('',#6872);
#6872 = AXIS2_PLACEMENT_3D('',#6873,#6874,#6875);
#6873 = CARTESIAN_POINT('',(47.461074991705,-10.81005292922,1.4));
#6874 = DIRECTION('',(-0.970031253195,0.242980179903,0.));
#6875 = DIRECTION('',(0.242980179903,0.970031253195,0.));
#6876 = ADVANCED_FACE('',(#6877),#6895,.F.);
#6877 = FACE_BOUND('',#6878,.F.);
#6878 = EDGE_LOOP('',(#6879,#6880,#6881,#6889));
#6879 = ORIENTED_EDGE('',*,*,#2522,.F.);
#6880 = ORIENTED_EDGE('',*,*,#6842,.T.);
#6881 = ORIENTED_EDGE('',*,*,#6882,.F.);
#6882 = EDGE_CURVE('',#6883,#6835,#6885,.T.);
#6883 = VERTEX_POINT('',#6884);
#6884 = CARTESIAN_POINT('',(81.090018714136,-82.95314358886,6.3));
#6885 = LINE('',#6886,#6887);
#6886 = CARTESIAN_POINT('',(82.060760387659,-82.95020961982,6.3));
#6887 = VECTOR('',#6888,1.);
#6888 = DIRECTION('',(0.999995432582,3.022385578891E-03,0.));
#6889 = ORIENTED_EDGE('',*,*,#6890,.F.);
#6890 = EDGE_CURVE('',#2515,#6883,#6891,.T.);
#6891 = LINE('',#6892,#6893);
#6892 = CARTESIAN_POINT('',(81.090018714136,-82.95314358886,1.4));
#6893 = VECTOR('',#6894,1.);
#6894 = DIRECTION('',(0.,0.,1.));
#6895 = PLANE('',#6896);
#6896 = AXIS2_PLACEMENT_3D('',#6897,#6898,#6899);
#6897 = CARTESIAN_POINT('',(81.325331302577,-82.95243238024,1.4));
#6898 = DIRECTION('',(3.022385578891E-03,-0.999995432582,0.));
#6899 = DIRECTION('',(-0.999995432582,-3.022385578891E-03,0.));
#6900 = ADVANCED_FACE('',(#6901),#6919,.F.);
#6901 = FACE_BOUND('',#6902,.F.);
#6902 = EDGE_LOOP('',(#6903,#6904,#6912,#6918));
#6903 = ORIENTED_EDGE('',*,*,#672,.F.);
#6904 = ORIENTED_EDGE('',*,*,#6905,.T.);
#6905 = EDGE_CURVE('',#673,#6906,#6908,.T.);
#6906 = VERTEX_POINT('',#6907);
#6907 = CARTESIAN_POINT('',(47.391595472366,-11.00423517729,6.3));
#6908 = LINE('',#6909,#6910);
#6909 = CARTESIAN_POINT('',(47.391595472366,-11.00423517729,1.4));
#6910 = VECTOR('',#6911,1.);
#6911 = DIRECTION('',(0.,0.,1.));
#6912 = ORIENTED_EDGE('',*,*,#6913,.F.);
#6913 = EDGE_CURVE('',#6858,#6906,#6914,.T.);
#6914 = LINE('',#6915,#6916);
#6915 = CARTESIAN_POINT('',(43.940653231726,-20.64897262856,6.3));
#6916 = VECTOR('',#6917,1.);
#6917 = DIRECTION('',(-0.336889853392,-0.941544065183,0.));
#6918 = ORIENTED_EDGE('',*,*,#6857,.F.);
#6919 = PLANE('',#6920);
#6920 = AXIS2_PLACEMENT_3D('',#6921,#6922,#6923);
#6921 = CARTESIAN_POINT('',(47.391595472366,-11.00423517729,1.4));
#6922 = DIRECTION('',(-0.941544065183,0.336889853392,0.));
#6923 = DIRECTION('',(0.336889853392,0.941544065183,0.));
#6924 = ADVANCED_FACE('',(#6925),#6943,.F.);
#6925 = FACE_BOUND('',#6926,.F.);
#6926 = EDGE_LOOP('',(#6927,#6928,#6929,#6937));
#6927 = ORIENTED_EDGE('',*,*,#2514,.F.);
#6928 = ORIENTED_EDGE('',*,*,#6890,.T.);
#6929 = ORIENTED_EDGE('',*,*,#6930,.F.);
#6930 = EDGE_CURVE('',#6931,#6883,#6933,.T.);
#6931 = VERTEX_POINT('',#6932);
#6932 = CARTESIAN_POINT('',(80.854742639229,-82.95436157008,6.3));
#6933 = LINE('',#6934,#6935);
#6934 = CARTESIAN_POINT('',(81.983550651969,-82.94851793739,6.3));
#6935 = VECTOR('',#6936,1.);
#6936 = DIRECTION('',(0.999986600551,5.17674779089E-03,0.));
#6937 = ORIENTED_EDGE('',*,*,#6938,.F.);
#6938 = EDGE_CURVE('',#2507,#6931,#6939,.T.);
#6939 = LINE('',#6940,#6941);
#6940 = CARTESIAN_POINT('',(80.854742639229,-82.95436157008,1.4));
#6941 = VECTOR('',#6942,1.);
#6942 = DIRECTION('',(0.,0.,1.));
#6943 = PLANE('',#6944);
#6944 = AXIS2_PLACEMENT_3D('',#6945,#6946,#6947);
#6945 = CARTESIAN_POINT('',(81.090018714136,-82.95314358886,1.4));
#6946 = DIRECTION('',(5.17674779089E-03,-0.999986600551,0.));
#6947 = DIRECTION('',(-0.999986600551,-5.17674779089E-03,0.));
#6948 = ADVANCED_FACE('',(#6949),#6967,.F.);
#6949 = FACE_BOUND('',#6950,.F.);
#6950 = EDGE_LOOP('',(#6951,#6952,#6960,#6966));
#6951 = ORIENTED_EDGE('',*,*,#680,.F.);
#6952 = ORIENTED_EDGE('',*,*,#6953,.T.);
#6953 = EDGE_CURVE('',#681,#6954,#6956,.T.);
#6954 = VERTEX_POINT('',#6955);
#6955 = CARTESIAN_POINT('',(47.303417327243,-11.19067220097,6.3));
#6956 = LINE('',#6957,#6958);
#6957 = CARTESIAN_POINT('',(47.303417327243,-11.19067220097,1.4));
#6958 = VECTOR('',#6959,1.);
#6959 = DIRECTION('',(0.,0.,1.));
#6960 = ORIENTED_EDGE('',*,*,#6961,.F.);
#6961 = EDGE_CURVE('',#6906,#6954,#6962,.T.);
#6962 = LINE('',#6963,#6964);
#6963 = CARTESIAN_POINT('',(43.927916637858,-18.32756877646,6.3));
#6964 = VECTOR('',#6965,1.);
#6965 = DIRECTION('',(-0.42755509343,-0.903989293123,0.));
#6966 = ORIENTED_EDGE('',*,*,#6905,.F.);
#6967 = PLANE('',#6968);
#6968 = AXIS2_PLACEMENT_3D('',#6969,#6970,#6971);
#6969 = CARTESIAN_POINT('',(47.303417327243,-11.19067220097,1.4));
#6970 = DIRECTION('',(-0.903989293123,0.42755509343,0.));
#6971 = DIRECTION('',(0.42755509343,0.903989293123,0.));
#6972 = ADVANCED_FACE('',(#6973),#6991,.F.);
#6973 = FACE_BOUND('',#6974,.F.);
#6974 = EDGE_LOOP('',(#6975,#6976,#6977,#6985));
#6975 = ORIENTED_EDGE('',*,*,#2506,.F.);
#6976 = ORIENTED_EDGE('',*,*,#6938,.T.);
#6977 = ORIENTED_EDGE('',*,*,#6978,.F.);
#6978 = EDGE_CURVE('',#6979,#6931,#6981,.T.);
#6979 = VERTEX_POINT('',#6980);
#6980 = CARTESIAN_POINT('',(80.61950364639,-82.95608591898,6.3));
#6981 = LINE('',#6982,#6983);
#6982 = CARTESIAN_POINT('',(81.906327798004,-82.94665324042,6.3));
#6983 = VECTOR('',#6984,1.);
#6984 = DIRECTION('',(0.999973135166,7.330003203589E-03,0.));
#6985 = ORIENTED_EDGE('',*,*,#6986,.F.);
#6986 = EDGE_CURVE('',#2499,#6979,#6987,.T.);
#6987 = LINE('',#6988,#6989);
#6988 = CARTESIAN_POINT('',(80.61950364639,-82.95608591898,1.4));
#6989 = VECTOR('',#6990,1.);
#6990 = DIRECTION('',(0.,0.,1.));
#6991 = PLANE('',#6992);
#6992 = AXIS2_PLACEMENT_3D('',#6993,#6994,#6995);
#6993 = CARTESIAN_POINT('',(80.854742639229,-82.95436157008,1.4));
#6994 = DIRECTION('',(7.330003203589E-03,-0.999973135166,0.));
#6995 = DIRECTION('',(-0.999973135166,-7.330003203589E-03,0.));
#6996 = ADVANCED_FACE('',(#6997),#7015,.F.);
#6997 = FACE_BOUND('',#6998,.F.);
#6998 = EDGE_LOOP('',(#6999,#7000,#7008,#7014));
#6999 = ORIENTED_EDGE('',*,*,#688,.F.);
#7000 = ORIENTED_EDGE('',*,*,#7001,.T.);
#7001 = EDGE_CURVE('',#689,#7002,#7004,.T.);
#7002 = VERTEX_POINT('',#7003);
#7003 = CARTESIAN_POINT('',(47.197389760078,-11.3675685098,6.3));
#7004 = LINE('',#7005,#7006);
#7005 = CARTESIAN_POINT('',(47.197389760078,-11.3675685098,1.4));
#7006 = VECTOR('',#7007,1.);
#7007 = DIRECTION('',(0.,0.,1.));
#7008 = ORIENTED_EDGE('',*,*,#7009,.F.);
#7009 = EDGE_CURVE('',#6954,#7002,#7010,.T.);
#7010 = LINE('',#7011,#7012);
#7011 = CARTESIAN_POINT('',(44.385391793576,-16.05910368321,6.3));
#7012 = VECTOR('',#7013,1.);
#7013 = DIRECTION('',(-0.514102744193,-0.85772861,0.));
#7014 = ORIENTED_EDGE('',*,*,#6953,.F.);
#7015 = PLANE('',#7016);
#7016 = AXIS2_PLACEMENT_3D('',#7017,#7018,#7019);
#7017 = CARTESIAN_POINT('',(47.197389760078,-11.3675685098,1.4));
#7018 = DIRECTION('',(-0.85772861,0.514102744193,0.));
#7019 = DIRECTION('',(0.514102744193,0.85772861,0.));
#7020 = ADVANCED_FACE('',(#7021),#7039,.F.);
#7021 = FACE_BOUND('',#7022,.F.);
#7022 = EDGE_LOOP('',(#7023,#7024,#7025,#7033));
#7023 = ORIENTED_EDGE('',*,*,#2498,.F.);
#7024 = ORIENTED_EDGE('',*,*,#6986,.T.);
#7025 = ORIENTED_EDGE('',*,*,#7026,.F.);
#7026 = EDGE_CURVE('',#7027,#6979,#7029,.T.);
#7027 = VERTEX_POINT('',#7028);
#7028 = CARTESIAN_POINT('',(80.384302304083,-82.95831623054,6.3));
#7029 = LINE('',#7030,#7031);
#7030 = CARTESIAN_POINT('',(81.829089646447,-82.94461594343,6.3));
#7031 = VECTOR('',#7032,1.);
#7032 = DIRECTION('',(0.999955043531,9.482136776458E-03,0.));
#7033 = ORIENTED_EDGE('',*,*,#7034,.F.);
#7034 = EDGE_CURVE('',#2491,#7027,#7035,.T.);
#7035 = LINE('',#7036,#7037);
#7036 = CARTESIAN_POINT('',(80.384302304083,-82.95831623054,1.4));
#7037 = VECTOR('',#7038,1.);
#7038 = DIRECTION('',(0.,0.,1.));
#7039 = PLANE('',#7040);
#7040 = AXIS2_PLACEMENT_3D('',#7041,#7042,#7043);
#7041 = CARTESIAN_POINT('',(80.61950364639,-82.95608591898,1.4));
#7042 = DIRECTION('',(9.482136776458E-03,-0.999955043531,0.));
#7043 = DIRECTION('',(-0.999955043531,-9.482136776458E-03,0.));
#7044 = ADVANCED_FACE('',(#7045),#7063,.F.);
#7045 = FACE_BOUND('',#7046,.F.);
#7046 = EDGE_LOOP('',(#7047,#7048,#7056,#7062));
#7047 = ORIENTED_EDGE('',*,*,#696,.F.);
#7048 = ORIENTED_EDGE('',*,*,#7049,.T.);
#7049 = EDGE_CURVE('',#697,#7050,#7052,.T.);
#7050 = VERTEX_POINT('',#7051);
#7051 = CARTESIAN_POINT('',(47.074533874304,-11.53322049562,6.3));
#7052 = LINE('',#7053,#7054);
#7053 = CARTESIAN_POINT('',(47.074533874304,-11.53322049562,1.4));
#7054 = VECTOR('',#7055,1.);
#7055 = DIRECTION('',(0.,0.,1.));
#7056 = ORIENTED_EDGE('',*,*,#7057,.F.);
#7057 = EDGE_CURVE('',#7002,#7050,#7058,.T.);
#7058 = LINE('',#7059,#7060);
#7059 = CARTESIAN_POINT('',(45.292573219579,-13.93591629849,6.3));
#7060 = VECTOR('',#7061,1.);
#7061 = DIRECTION('',(-0.595699304492,-0.803207531481,0.));
#7062 = ORIENTED_EDGE('',*,*,#7001,.F.);
#7063 = PLANE('',#7064);
#7064 = AXIS2_PLACEMENT_3D('',#7065,#7066,#7067);
#7065 = CARTESIAN_POINT('',(47.074533874304,-11.53322049562,1.4));
#7066 = DIRECTION('',(-0.803207531481,0.595699304492,0.));
#7067 = DIRECTION('',(0.595699304492,0.803207531481,0.));
#7068 = ADVANCED_FACE('',(#7069),#7087,.F.);
#7069 = FACE_BOUND('',#7070,.F.);
#7070 = EDGE_LOOP('',(#7071,#7072,#7073,#7081));
#7071 = ORIENTED_EDGE('',*,*,#2490,.F.);
#7072 = ORIENTED_EDGE('',*,*,#7034,.T.);
#7073 = ORIENTED_EDGE('',*,*,#7074,.F.);
#7074 = EDGE_CURVE('',#7075,#7027,#7077,.T.);
#7075 = VERTEX_POINT('',#7076);
#7076 = CARTESIAN_POINT('',(80.149139180634,-82.96105209969,6.3));
#7077 = LINE('',#7078,#7079);
#7078 = CARTESIAN_POINT('',(81.751834025766,-82.94240647482,6.3));
#7079 = VECTOR('',#7080,1.);
#7080 = DIRECTION('',(0.999932332812,1.163313355294E-02,0.));
#7081 = ORIENTED_EDGE('',*,*,#7082,.F.);
#7082 = EDGE_CURVE('',#2483,#7075,#7083,.T.);
#7083 = LINE('',#7084,#7085);
#7084 = CARTESIAN_POINT('',(80.149139180634,-82.96105209969,1.4));
#7085 = VECTOR('',#7086,1.);
#7086 = DIRECTION('',(0.,0.,1.));
#7087 = PLANE('',#7088);
#7088 = AXIS2_PLACEMENT_3D('',#7089,#7090,#7091);
#7089 = CARTESIAN_POINT('',(80.384302304083,-82.95831623054,1.4));
#7090 = DIRECTION('',(1.163313355294E-02,-0.999932332812,0.));
#7091 = DIRECTION('',(-0.999932332812,-1.163313355294E-02,0.));
#7092 = ADVANCED_FACE('',(#7093),#7111,.F.);
#7093 = FACE_BOUND('',#7094,.F.);
#7094 = EDGE_LOOP('',(#7095,#7096,#7104,#7110));
#7095 = ORIENTED_EDGE('',*,*,#704,.F.);
#7096 = ORIENTED_EDGE('',*,*,#7097,.T.);
#7097 = EDGE_CURVE('',#705,#7098,#7100,.T.);
#7098 = VERTEX_POINT('',#7099);
#7099 = CARTESIAN_POINT('',(46.936032839259,-11.68603283925,6.3));
#7100 = LINE('',#7101,#7102);
#7101 = CARTESIAN_POINT('',(46.936032839259,-11.68603283925,1.4));
#7102 = VECTOR('',#7103,1.);
#7103 = DIRECTION('',(0.,0.,1.));
#7104 = ORIENTED_EDGE('',*,*,#7105,.F.);
#7105 = EDGE_CURVE('',#7050,#7098,#7106,.T.);
#7106 = LINE('',#7107,#7108);
#7107 = CARTESIAN_POINT('',(46.611181488209,-12.04445107252,6.3));
#7108 = VECTOR('',#7109,1.);
#7109 = DIRECTION('',(-0.671558954847,-0.740951125355,0.));
#7110 = ORIENTED_EDGE('',*,*,#7049,.F.);
#7111 = PLANE('',#7112);
#7112 = AXIS2_PLACEMENT_3D('',#7113,#7114,#7115);
#7113 = CARTESIAN_POINT('',(46.936032839259,-11.68603283925,1.4));
#7114 = DIRECTION('',(-0.740951125355,0.671558954847,0.));
#7115 = DIRECTION('',(0.671558954847,0.740951125355,0.));
#7116 = ADVANCED_FACE('',(#7117),#7135,.F.);
#7117 = FACE_BOUND('',#7118,.F.);
#7118 = EDGE_LOOP('',(#7119,#7120,#7121,#7129));
#7119 = ORIENTED_EDGE('',*,*,#2482,.F.);
#7120 = ORIENTED_EDGE('',*,*,#7082,.T.);
#7121 = ORIENTED_EDGE('',*,*,#7122,.F.);
#7122 = EDGE_CURVE('',#7123,#7075,#7125,.T.);
#7123 = VERTEX_POINT('',#7124);
#7124 = CARTESIAN_POINT('',(79.914014844262,-82.96429312127,6.3));
#7125 = LINE('',#7126,#7127);
#7126 = CARTESIAN_POINT('',(81.674558772271,-82.94002527668,6.3));
#7127 = VECTOR('',#7128,1.);
#7128 = DIRECTION('',(0.999905010238,1.37829786607E-02,0.));
#7129 = ORIENTED_EDGE('',*,*,#7130,.F.);
#7130 = EDGE_CURVE('',#2475,#7123,#7131,.T.);
#7131 = LINE('',#7132,#7133);
#7132 = CARTESIAN_POINT('',(79.914014844262,-82.96429312127,1.4));
#7133 = VECTOR('',#7134,1.);
#7134 = DIRECTION('',(0.,0.,1.));
#7135 = PLANE('',#7136);
#7136 = AXIS2_PLACEMENT_3D('',#7137,#7138,#7139);
#7137 = CARTESIAN_POINT('',(80.149139180634,-82.96105209969,1.4));
#7138 = DIRECTION('',(1.37829786607E-02,-0.999905010238,0.));
#7139 = DIRECTION('',(-0.999905010238,-1.37829786607E-02,0.));
#7140 = ADVANCED_FACE('',(#7141),#7159,.F.);
#7141 = FACE_BOUND('',#7142,.F.);
#7142 = EDGE_LOOP('',(#7143,#7144,#7152,#7158));
#7143 = ORIENTED_EDGE('',*,*,#712,.F.);
#7144 = ORIENTED_EDGE('',*,*,#7145,.T.);
#7145 = EDGE_CURVE('',#713,#7146,#7148,.T.);
#7146 = VERTEX_POINT('',#7147);
#7147 = CARTESIAN_POINT('',(46.783220495624,-11.8245338743,6.3));
#7148 = LINE('',#7149,#7150);
#7149 = CARTESIAN_POINT('',(46.783220495624,-11.8245338743,1.4));
#7150 = VECTOR('',#7151,1.);
#7151 = DIRECTION('',(0.,0.,1.));
#7152 = ORIENTED_EDGE('',*,*,#7153,.F.);
#7153 = EDGE_CURVE('',#7098,#7146,#7154,.T.);
#7154 = LINE('',#7155,#7156);
#7155 = CARTESIAN_POINT('',(48.286667187498,-10.46188922135,6.3));
#7156 = VECTOR('',#7157,1.);
#7157 = DIRECTION('',(-0.740951125355,-0.671558954847,0.));
#7158 = ORIENTED_EDGE('',*,*,#7097,.F.);
#7159 = PLANE('',#7160);
#7160 = AXIS2_PLACEMENT_3D('',#7161,#7162,#7163);
#7161 = CARTESIAN_POINT('',(46.783220495624,-11.8245338743,1.4));
#7162 = DIRECTION('',(-0.671558954847,0.740951125355,0.));
#7163 = DIRECTION('',(0.740951125355,0.671558954847,0.));
#7164 = ADVANCED_FACE('',(#7165),#7183,.F.);
#7165 = FACE_BOUND('',#7166,.F.);
#7166 = EDGE_LOOP('',(#7167,#7168,#7169,#7177));
#7167 = ORIENTED_EDGE('',*,*,#2474,.F.);
#7168 = ORIENTED_EDGE('',*,*,#7130,.T.);
#7169 = ORIENTED_EDGE('',*,*,#7170,.F.);
#7170 = EDGE_CURVE('',#7171,#7123,#7173,.T.);
#7171 = VERTEX_POINT('',#7172);
#7172 = CARTESIAN_POINT('',(79.678929863108,-82.96803889003,6.3));
#7173 = LINE('',#7174,#7175);
#7174 = CARTESIAN_POINT('',(81.597261730199,-82.93747280476,6.3));
#7175 = VECTOR('',#7176,1.);
#7176 = DIRECTION('',(0.999873083094,1.593165731159E-02,0.));
#7177 = ORIENTED_EDGE('',*,*,#7178,.F.);
#7178 = EDGE_CURVE('',#2467,#7171,#7179,.T.);
#7179 = LINE('',#7180,#7181);
#7180 = CARTESIAN_POINT('',(79.678929863108,-82.96803889003,1.4));
#7181 = VECTOR('',#7182,1.);
#7182 = DIRECTION('',(0.,0.,1.));
#7183 = PLANE('',#7184);
#7184 = AXIS2_PLACEMENT_3D('',#7185,#7186,#7187);
#7185 = CARTESIAN_POINT('',(79.914014844262,-82.96429312127,1.4));
#7186 = DIRECTION('',(1.593165731159E-02,-0.999873083094,0.));
#7187 = DIRECTION('',(-0.999873083094,-1.593165731159E-02,0.));
#7188 = ADVANCED_FACE('',(#7189),#7207,.F.);
#7189 = FACE_BOUND('',#7190,.F.);
#7190 = EDGE_LOOP('',(#7191,#7192,#7200,#7206));
#7191 = ORIENTED_EDGE('',*,*,#720,.F.);
#7192 = ORIENTED_EDGE('',*,*,#7193,.T.);
#7193 = EDGE_CURVE('',#721,#7194,#7196,.T.);
#7194 = VERTEX_POINT('',#7195);
#7195 = CARTESIAN_POINT('',(46.617568509803,-11.94738976007,6.3));
#7196 = LINE('',#7197,#7198);
#7197 = CARTESIAN_POINT('',(46.617568509803,-11.94738976007,1.4));
#7198 = VECTOR('',#7199,1.);
#7199 = DIRECTION('',(0.,0.,1.));
#7200 = ORIENTED_EDGE('',*,*,#7201,.F.);
#7201 = EDGE_CURVE('',#7146,#7194,#7202,.T.);
#7202 = LINE('',#7203,#7204);
#7203 = CARTESIAN_POINT('',(50.250344552849,-9.25313942327,6.3));
#7204 = VECTOR('',#7205,1.);
#7205 = DIRECTION('',(-0.803207531481,-0.595699304492,0.));
#7206 = ORIENTED_EDGE('',*,*,#7145,.F.);
#7207 = PLANE('',#7208);
#7208 = AXIS2_PLACEMENT_3D('',#7209,#7210,#7211);
#7209 = CARTESIAN_POINT('',(46.617568509803,-11.94738976007,1.4));
#7210 = DIRECTION('',(-0.595699304492,0.803207531481,0.));
#7211 = DIRECTION('',(0.803207531481,0.595699304492,0.));
#7212 = ADVANCED_FACE('',(#7213),#7231,.F.);
#7213 = FACE_BOUND('',#7214,.F.);
#7214 = EDGE_LOOP('',(#7215,#7216,#7217,#7225));
#7215 = ORIENTED_EDGE('',*,*,#2466,.F.);
#7216 = ORIENTED_EDGE('',*,*,#7178,.T.);
#7217 = ORIENTED_EDGE('',*,*,#7218,.F.);
#7218 = EDGE_CURVE('',#7219,#7171,#7221,.T.);
#7219 = VERTEX_POINT('',#7220);
#7220 = CARTESIAN_POINT('',(79.44388480515,-82.97228900066,6.3));
#7221 = LINE('',#7222,#7223);
#7222 = CARTESIAN_POINT('',(81.519940751834,-82.93474952832,6.3));
#7223 = VECTOR('',#7224,1.);
#7224 = DIRECTION('',(0.999836558724,1.807915480235E-02,0.));
#7225 = ORIENTED_EDGE('',*,*,#7226,.F.);
#7226 = EDGE_CURVE('',#2459,#7219,#7227,.T.);
#7227 = LINE('',#7228,#7229);
#7228 = CARTESIAN_POINT('',(79.44388480515,-82.97228900066,1.4));
#7229 = VECTOR('',#7230,1.);
#7230 = DIRECTION('',(0.,0.,1.));
#7231 = PLANE('',#7232);
#7232 = AXIS2_PLACEMENT_3D('',#7233,#7234,#7235);
#7233 = CARTESIAN_POINT('',(79.678929863108,-82.96803889003,1.4));
#7234 = DIRECTION('',(1.807915480235E-02,-0.999836558724,0.));
#7235 = DIRECTION('',(-0.999836558724,-1.807915480235E-02,0.));
#7236 = ADVANCED_FACE('',(#7237),#7255,.F.);
#7237 = FACE_BOUND('',#7238,.F.);
#7238 = EDGE_LOOP('',(#7239,#7240,#7248,#7254));
#7239 = ORIENTED_EDGE('',*,*,#728,.F.);
#7240 = ORIENTED_EDGE('',*,*,#7241,.T.);
#7241 = EDGE_CURVE('',#729,#7242,#7244,.T.);
#7242 = VERTEX_POINT('',#7243);
#7243 = CARTESIAN_POINT('',(46.440672200976,-12.05341732724,6.3));
#7244 = LINE('',#7245,#7246);
#7245 = CARTESIAN_POINT('',(46.440672200976,-12.05341732724,1.4));
#7246 = VECTOR('',#7247,1.);
#7247 = DIRECTION('',(0.,0.,1.));
#7248 = ORIENTED_EDGE('',*,*,#7249,.F.);
#7249 = EDGE_CURVE('',#7194,#7242,#7250,.T.);
#7250 = LINE('',#7251,#7252);
#7251 = CARTESIAN_POINT('',(52.422072412479,-8.468304009348,6.3));
#7252 = VECTOR('',#7253,1.);
#7253 = DIRECTION('',(-0.85772861,-0.514102744193,0.));
#7254 = ORIENTED_EDGE('',*,*,#7193,.F.);
#7255 = PLANE('',#7256);
#7256 = AXIS2_PLACEMENT_3D('',#7257,#7258,#7259);
#7257 = CARTESIAN_POINT('',(46.440672200976,-12.05341732724,1.4));
#7258 = DIRECTION('',(-0.514102744193,0.85772861,0.));
#7259 = DIRECTION('',(0.85772861,0.514102744193,0.));
#7260 = ADVANCED_FACE('',(#7261),#7279,.F.);
#7261 = FACE_BOUND('',#7262,.F.);
#7262 = EDGE_LOOP('',(#7263,#7264,#7265,#7273));
#7263 = ORIENTED_EDGE('',*,*,#2458,.F.);
#7264 = ORIENTED_EDGE('',*,*,#7226,.T.);
#7265 = ORIENTED_EDGE('',*,*,#7266,.F.);
#7266 = EDGE_CURVE('',#7267,#7219,#7269,.T.);
#7267 = VERTEX_POINT('',#7268);
#7268 = CARTESIAN_POINT('',(79.208880238298,-82.97704304777,6.3));
#7269 = LINE('',#7270,#7271);
#7270 = CARTESIAN_POINT('',(81.442593697528,-82.93185593007,6.3));
#7271 = VECTOR('',#7272,1.);
#7272 = DIRECTION('',(0.999795444533,2.022545651465E-02,0.));
#7273 = ORIENTED_EDGE('',*,*,#7274,.F.);
#7274 = EDGE_CURVE('',#2451,#7267,#7275,.T.);
#7275 = LINE('',#7276,#7277);
#7276 = CARTESIAN_POINT('',(79.208880238298,-82.97704304777,1.4));
#7277 = VECTOR('',#7278,1.);
#7278 = DIRECTION('',(0.,0.,1.));
#7279 = PLANE('',#7280);
#7280 = AXIS2_PLACEMENT_3D('',#7281,#7282,#7283);
#7281 = CARTESIAN_POINT('',(79.44388480515,-82.97228900066,1.4));
#7282 = DIRECTION('',(2.022545651465E-02,-0.999795444533,0.));
#7283 = DIRECTION('',(-0.999795444533,-2.022545651465E-02,0.));
#7284 = ADVANCED_FACE('',(#7285),#7303,.F.);
#7285 = FACE_BOUND('',#7286,.F.);
#7286 = EDGE_LOOP('',(#7287,#7288,#7296,#7302));
#7287 = ORIENTED_EDGE('',*,*,#736,.F.);
#7288 = ORIENTED_EDGE('',*,*,#7289,.T.);
#7289 = EDGE_CURVE('',#737,#7290,#7292,.T.);
#7290 = VERTEX_POINT('',#7291);
#7291 = CARTESIAN_POINT('',(46.254235177296,-12.14159547236,6.3));
#7292 = LINE('',#7293,#7294);
#7293 = CARTESIAN_POINT('',(46.254235177296,-12.14159547236,1.4));
#7294 = VECTOR('',#7295,1.);
#7295 = DIRECTION('',(0.,0.,1.));
#7296 = ORIENTED_EDGE('',*,*,#7297,.F.);
#7297 = EDGE_CURVE('',#7242,#7290,#7298,.T.);
#7298 = LINE('',#7299,#7300);
#7299 = CARTESIAN_POINT('',(54.713379020886,-8.140718400149,6.3));
#7300 = VECTOR('',#7301,1.);
#7301 = DIRECTION('',(-0.903989293123,-0.42755509343,0.));
#7302 = ORIENTED_EDGE('',*,*,#7241,.F.);
#7303 = PLANE('',#7304);
#7304 = AXIS2_PLACEMENT_3D('',#7305,#7306,#7307);
#7305 = CARTESIAN_POINT('',(46.254235177296,-12.14159547236,1.4));
#7306 = DIRECTION('',(-0.42755509343,0.903989293123,0.));
#7307 = DIRECTION('',(0.903989293123,0.42755509343,0.));
#7308 = ADVANCED_FACE('',(#7309),#7327,.F.);
#7309 = FACE_BOUND('',#7310,.F.);
#7310 = EDGE_LOOP('',(#7311,#7312,#7313,#7321));
#7311 = ORIENTED_EDGE('',*,*,#2450,.F.);
#7312 = ORIENTED_EDGE('',*,*,#7274,.T.);
#7313 = ORIENTED_EDGE('',*,*,#7314,.F.);
#7314 = EDGE_CURVE('',#7315,#7267,#7317,.T.);
#7315 = VERTEX_POINT('',#7316);
#7316 = CARTESIAN_POINT('',(78.973916730345,-82.98230062591,6.3));
#7317 = LINE('',#7318,#7319);
#7318 = CARTESIAN_POINT('',(81.365218435831,-82.92879250601,6.3));
#7319 = VECTOR('',#7320,1.);
#7320 = DIRECTION('',(0.99974974798,2.237054791481E-02,0.));
#7321 = ORIENTED_EDGE('',*,*,#7322,.F.);
#7322 = EDGE_CURVE('',#2443,#7315,#7323,.T.);
#7323 = LINE('',#7324,#7325);
#7324 = CARTESIAN_POINT('',(78.973916730345,-82.98230062591,1.4));
#7325 = VECTOR('',#7326,1.);
#7326 = DIRECTION('',(0.,0.,1.));
#7327 = PLANE('',#7328);
#7328 = AXIS2_PLACEMENT_3D('',#7329,#7330,#7331);
#7329 = CARTESIAN_POINT('',(79.208880238298,-82.97704304777,1.4));
#7330 = DIRECTION('',(2.237054791481E-02,-0.99974974798,0.));
#7331 = DIRECTION('',(-0.99974974798,-2.237054791481E-02,0.));
#7332 = ADVANCED_FACE('',(#7333),#7351,.F.);
#7333 = FACE_BOUND('',#7334,.F.);
#7334 = EDGE_LOOP('',(#7335,#7336,#7344,#7350));
#7335 = ORIENTED_EDGE('',*,*,#744,.F.);
#7336 = ORIENTED_EDGE('',*,*,#7337,.T.);
#7337 = EDGE_CURVE('',#745,#7338,#7340,.T.);
#7338 = VERTEX_POINT('',#7339);
#7339 = CARTESIAN_POINT('',(46.060052929219,-12.2110749917,6.3));
#7340 = LINE('',#7341,#7342);
#7341 = CARTESIAN_POINT('',(46.060052929219,-12.2110749917,1.4));
#7342 = VECTOR('',#7343,1.);
#7343 = DIRECTION('',(0.,0.,1.));
#7344 = ORIENTED_EDGE('',*,*,#7345,.F.);
#7345 = EDGE_CURVE('',#7290,#7338,#7346,.T.);
#7346 = LINE('',#7347,#7348);
#7347 = CARTESIAN_POINT('',(57.030910260791,-8.285639470744,6.3));
#7348 = VECTOR('',#7349,1.);
#7349 = DIRECTION('',(-0.941544065183,-0.336889853392,0.));
#7350 = ORIENTED_EDGE('',*,*,#7289,.F.);
#7351 = PLANE('',#7352);
#7352 = AXIS2_PLACEMENT_3D('',#7353,#7354,#7355);
#7353 = CARTESIAN_POINT('',(46.060052929219,-12.2110749917,1.4));
#7354 = DIRECTION('',(-0.336889853392,0.941544065183,0.));
#7355 = DIRECTION('',(0.941544065183,0.336889853392,0.));
#7356 = ADVANCED_FACE('',(#7357),#7375,.F.);
#7357 = FACE_BOUND('',#7358,.F.);
#7358 = EDGE_LOOP('',(#7359,#7360,#7361,#7369));
#7359 = ORIENTED_EDGE('',*,*,#2442,.F.);
#7360 = ORIENTED_EDGE('',*,*,#7322,.T.);
#7361 = ORIENTED_EDGE('',*,*,#7362,.F.);
#7362 = EDGE_CURVE('',#7363,#7315,#7365,.T.);
#7363 = VERTEX_POINT('',#7364);
#7364 = CARTESIAN_POINT('',(78.738994848938,-82.98806132952,6.3));
#7365 = LINE('',#7366,#7367);
#7366 = CARTESIAN_POINT('',(81.287812843555,-82.92555976539,6.3));
#7367 = VECTOR('',#7368,1.);
#7368 = DIRECTION('',(0.999699476582,2.451441455501E-02,0.));
#7369 = ORIENTED_EDGE('',*,*,#7370,.F.);
#7370 = EDGE_CURVE('',#2435,#7363,#7371,.T.);
#7371 = LINE('',#7372,#7373);
#7372 = CARTESIAN_POINT('',(78.738994848938,-82.98806132952,1.4));
#7373 = VECTOR('',#7374,1.);
#7374 = DIRECTION('',(0.,0.,1.));
#7375 = PLANE('',#7376);
#7376 = AXIS2_PLACEMENT_3D('',#7377,#7378,#7379);
#7377 = CARTESIAN_POINT('',(78.973916730345,-82.98230062591,1.4));
#7378 = DIRECTION('',(2.451441455501E-02,-0.999699476582,0.));
#7379 = DIRECTION('',(-0.999699476582,-2.451441455501E-02,0.));
#7380 = ADVANCED_FACE('',(#7381),#7399,.F.);
#7381 = FACE_BOUND('',#7382,.F.);
#7382 = EDGE_LOOP('',(#7383,#7384,#7392,#7398));
#7383 = ORIENTED_EDGE('',*,*,#752,.F.);
#7384 = ORIENTED_EDGE('',*,*,#7385,.T.);
#7385 = EDGE_CURVE('',#753,#7386,#7388,.T.);
#7386 = VERTEX_POINT('',#7387);
#7387 = CARTESIAN_POINT('',(45.859995537946,-12.2611867595,6.3));
#7388 = LINE('',#7389,#7390);
#7389 = CARTESIAN_POINT('',(45.859995537946,-12.2611867595,1.4));
#7390 = VECTOR('',#7391,1.);
#7391 = DIRECTION('',(0.,0.,1.));
#7392 = ORIENTED_EDGE('',*,*,#7393,.F.);
#7393 = EDGE_CURVE('',#7338,#7386,#7394,.T.);
#7394 = LINE('',#7395,#7396);
#7395 = CARTESIAN_POINT('',(59.280068236098,-8.899633543802,6.3));
#7396 = VECTOR('',#7397,1.);
#7397 = DIRECTION('',(-0.970031253195,-0.242980179903,0.));
#7398 = ORIENTED_EDGE('',*,*,#7337,.F.);
#7399 = PLANE('',#7400);
#7400 = AXIS2_PLACEMENT_3D('',#7401,#7402,#7403);
#7401 = CARTESIAN_POINT('',(45.859995537946,-12.2611867595,1.4));
#7402 = DIRECTION('',(-0.242980179903,0.970031253195,0.));
#7403 = DIRECTION('',(0.970031253195,0.242980179903,0.));
#7404 = ADVANCED_FACE('',(#7405),#7423,.F.);
#7405 = FACE_BOUND('',#7406,.F.);
#7406 = EDGE_LOOP('',(#7407,#7408,#7409,#7417));
#7407 = ORIENTED_EDGE('',*,*,#2434,.F.);
#7408 = ORIENTED_EDGE('',*,*,#7370,.T.);
#7409 = ORIENTED_EDGE('',*,*,#7410,.F.);
#7410 = EDGE_CURVE('',#7411,#7363,#7413,.T.);
#7411 = VERTEX_POINT('',#7412);
#7412 = CARTESIAN_POINT('',(78.504115161664,-82.99432475301,6.3));
#7413 = LINE('',#7414,#7415);
#7414 = CARTESIAN_POINT('',(81.210374805819,-82.92215823057,6.3));
#7415 = VECTOR('',#7416,1.);
#7416 = DIRECTION('',(0.999644637913,2.665704207218E-02,0.));
#7417 = ORIENTED_EDGE('',*,*,#7418,.F.);
#7418 = EDGE_CURVE('',#2427,#7411,#7419,.T.);
#7419 = LINE('',#7420,#7421);
#7420 = CARTESIAN_POINT('',(78.504115161664,-82.99432475301,1.4));
#7421 = VECTOR('',#7422,1.);
#7422 = DIRECTION('',(0.,0.,1.));
#7423 = PLANE('',#7424);
#7424 = AXIS2_PLACEMENT_3D('',#7425,#7426,#7427);
#7425 = CARTESIAN_POINT('',(78.738994848938,-82.98806132952,1.4));
#7426 = DIRECTION('',(2.665704207218E-02,-0.999644637913,0.));
#7427 = DIRECTION('',(-0.999644637913,-2.665704207218E-02,0.));
#7428 = ADVANCED_FACE('',(#7429),#7447,.F.);
#7429 = FACE_BOUND('',#7430,.F.);
#7430 = EDGE_LOOP('',(#7431,#7432,#7440,#7446));
#7431 = ORIENTED_EDGE('',*,*,#760,.F.);
#7432 = ORIENTED_EDGE('',*,*,#7433,.T.);
#7433 = EDGE_CURVE('',#761,#7434,#7436,.T.);
#7434 = VERTEX_POINT('',#7435);
#7435 = CARTESIAN_POINT('',(45.655989665515,-12.29144817206,6.3));
#7436 = LINE('',#7437,#7438);
#7437 = CARTESIAN_POINT('',(45.655989665515,-12.29144817206,1.4));
#7438 = VECTOR('',#7439,1.);
#7439 = DIRECTION('',(0.,0.,1.));
#7440 = ORIENTED_EDGE('',*,*,#7441,.F.);
#7441 = EDGE_CURVE('',#7386,#7434,#7442,.T.);
#7442 = LINE('',#7443,#7444);
#7443 = CARTESIAN_POINT('',(61.368699935257,-9.960687777293,6.3));
#7444 = VECTOR('',#7445,1.);
#7445 = DIRECTION('',(-0.989176509965,-0.146730474455,0.));
#7446 = ORIENTED_EDGE('',*,*,#7385,.F.);
#7447 = PLANE('',#7448);
#7448 = AXIS2_PLACEMENT_3D('',#7449,#7450,#7451);
#7449 = CARTESIAN_POINT('',(45.655989665515,-12.29144817206,1.4));
#7450 = DIRECTION('',(-0.146730474455,0.989176509965,0.));
#7451 = DIRECTION('',(0.989176509965,0.146730474455,0.));
#7452 = ADVANCED_FACE('',(#7453),#7471,.F.);
#7453 = FACE_BOUND('',#7454,.F.);
#7454 = EDGE_LOOP('',(#7455,#7456,#7457,#7465));
#7455 = ORIENTED_EDGE('',*,*,#2426,.F.);
#7456 = ORIENTED_EDGE('',*,*,#7418,.T.);
#7457 = ORIENTED_EDGE('',*,*,#7458,.F.);
#7458 = EDGE_CURVE('',#7459,#7411,#7461,.T.);
#7459 = VERTEX_POINT('',#7460);
#7460 = CARTESIAN_POINT('',(78.269278235966,-83.00109049069,6.3));
#7461 = LINE('',#7462,#7463);
#7462 = CARTESIAN_POINT('',(81.132902216194,-82.91858843691,6.3));
#7463 = VECTOR('',#7464,1.);
#7464 = DIRECTION('',(0.999585239599,2.879841618964E-02,0.));
#7465 = ORIENTED_EDGE('',*,*,#7466,.F.);
#7466 = EDGE_CURVE('',#2419,#7459,#7467,.T.);
#7467 = LINE('',#7468,#7469);
#7468 = CARTESIAN_POINT('',(78.269278235966,-83.00109049069,1.4));
#7469 = VECTOR('',#7470,1.);
#7470 = DIRECTION('',(0.,0.,1.));
#7471 = PLANE('',#7472);
#7472 = AXIS2_PLACEMENT_3D('',#7473,#7474,#7475);
#7473 = CARTESIAN_POINT('',(78.504115161664,-82.99432475301,1.4));
#7474 = DIRECTION('',(2.879841618964E-02,-0.999585239599,0.));
#7475 = DIRECTION('',(-0.999585239599,-2.879841618964E-02,0.));
#7476 = ADVANCED_FACE('',(#7477),#7495,.F.);
#7477 = FACE_BOUND('',#7478,.F.);
#7478 = EDGE_LOOP('',(#7479,#7480,#7488,#7494));
#7479 = ORIENTED_EDGE('',*,*,#768,.F.);
#7480 = ORIENTED_EDGE('',*,*,#7481,.T.);
#7481 = EDGE_CURVE('',#769,#7482,#7484,.T.);
#7482 = VERTEX_POINT('',#7483);
#7483 = CARTESIAN_POINT('',(45.481913208742,-12.3,6.3));
#7484 = LINE('',#7485,#7486);
#7485 = CARTESIAN_POINT('',(45.481913208742,-12.3,1.4));
#7486 = VECTOR('',#7487,1.);
#7487 = DIRECTION('',(0.,0.,1.));
#7488 = ORIENTED_EDGE('',*,*,#7489,.F.);
#7489 = EDGE_CURVE('',#7434,#7482,#7490,.T.);
#7490 = LINE('',#7491,#7492);
#7491 = CARTESIAN_POINT('',(63.226650302528,-11.42825696659,6.3));
#7492 = VECTOR('',#7493,1.);
#7493 = DIRECTION('',(-0.998795456205,-4.906767432741E-02,0.));
#7494 = ORIENTED_EDGE('',*,*,#7433,.F.);
#7495 = PLANE('',#7496);
#7496 = AXIS2_PLACEMENT_3D('',#7497,#7498,#7499);
#7497 = CARTESIAN_POINT('',(45.481913208742,-12.3,1.4));
#7498 = DIRECTION('',(-4.906767432741E-02,0.998795456205,0.));
#7499 = DIRECTION('',(0.998795456205,4.906767432741E-02,0.));
#7500 = ADVANCED_FACE('',(#7501),#7519,.F.);
#7501 = FACE_BOUND('',#7502,.F.);
#7502 = EDGE_LOOP('',(#7503,#7504,#7505,#7513));
#7503 = ORIENTED_EDGE('',*,*,#2418,.F.);
#7504 = ORIENTED_EDGE('',*,*,#7466,.T.);
#7505 = ORIENTED_EDGE('',*,*,#7506,.F.);
#7506 = EDGE_CURVE('',#7507,#7459,#7509,.T.);
#7507 = VERTEX_POINT('',#7508);
#7508 = CARTESIAN_POINT('',(78.034484639184,-83.00835813682,6.3));
#7509 = LINE('',#7510,#7511);
#7510 = CARTESIAN_POINT('',(81.055392976703,-82.9148509327,6.3));
#7511 = VECTOR('',#7512,1.);
#7512 = DIRECTION('',(0.999521289324,3.093852271573E-02,0.));
#7513 = ORIENTED_EDGE('',*,*,#7514,.F.);
#7514 = EDGE_CURVE('',#2411,#7507,#7515,.T.);
#7515 = LINE('',#7516,#7517);
#7516 = CARTESIAN_POINT('',(78.034484639184,-83.00835813682,1.4));
#7517 = VECTOR('',#7518,1.);
#7518 = DIRECTION('',(0.,0.,1.));
#7519 = PLANE('',#7520);
#7520 = AXIS2_PLACEMENT_3D('',#7521,#7522,#7523);
#7521 = CARTESIAN_POINT('',(78.269278235966,-83.00109049069,1.4));
#7522 = DIRECTION('',(3.093852271573E-02,-0.999521289324,0.));
#7523 = DIRECTION('',(-0.999521289324,-3.093852271573E-02,0.));
#7524 = ADVANCED_FACE('',(#7525),#7543,.F.);
#7525 = FACE_BOUND('',#7526,.F.);
#7526 = EDGE_LOOP('',(#7527,#7528,#7536,#7542));
#7527 = ORIENTED_EDGE('',*,*,#776,.F.);
#7528 = ORIENTED_EDGE('',*,*,#7529,.T.);
#7529 = EDGE_CURVE('',#777,#7530,#7532,.T.);
#7530 = VERTEX_POINT('',#7531);
#7531 = CARTESIAN_POINT('',(26.3,-12.3,6.3));
#7532 = LINE('',#7533,#7534);
#7533 = CARTESIAN_POINT('',(26.3,-12.3,1.4));
#7534 = VECTOR('',#7535,1.);
#7535 = DIRECTION('',(0.,0.,1.));
#7536 = ORIENTED_EDGE('',*,*,#7537,.F.);
#7537 = EDGE_CURVE('',#7482,#7530,#7538,.T.);
#7538 = LINE('',#7539,#7540);
#7539 = CARTESIAN_POINT('',(54.49133801642,-12.3,6.3));
#7540 = VECTOR('',#7541,1.);
#7541 = DIRECTION('',(-1.,0.,0.));
#7542 = ORIENTED_EDGE('',*,*,#7481,.F.);
#7543 = PLANE('',#7544);
#7544 = AXIS2_PLACEMENT_3D('',#7545,#7546,#7547);
#7545 = CARTESIAN_POINT('',(26.3,-12.3,1.4));
#7546 = DIRECTION('',(0.,1.,0.));
#7547 = DIRECTION('',(1.,0.,0.));
#7548 = ADVANCED_FACE('',(#7549),#7567,.F.);
#7549 = FACE_BOUND('',#7550,.F.);
#7550 = EDGE_LOOP('',(#7551,#7552,#7553,#7561));
#7551 = ORIENTED_EDGE('',*,*,#2410,.F.);
#7552 = ORIENTED_EDGE('',*,*,#7514,.T.);
#7553 = ORIENTED_EDGE('',*,*,#7554,.F.);
#7554 = EDGE_CURVE('',#7555,#7507,#7557,.T.);
#7555 = VERTEX_POINT('',#7556);
#7556 = CARTESIAN_POINT('',(77.799734938535,-83.01612728557,6.3));
#7557 = LINE('',#7558,#7559);
#7558 = CARTESIAN_POINT('',(80.977844997947,-82.91094627901,6.3));
#7559 = VECTOR('',#7560,1.);
#7560 = DIRECTION('',(0.999452794823,3.307734754545E-02,0.));
#7561 = ORIENTED_EDGE('',*,*,#7562,.F.);
#7562 = EDGE_CURVE('',#2403,#7555,#7563,.T.);
#7563 = LINE('',#7564,#7565);
#7564 = CARTESIAN_POINT('',(77.799734938535,-83.01612728557,1.4));
#7565 = VECTOR('',#7566,1.);
#7566 = DIRECTION('',(0.,0.,1.));
#7567 = PLANE('',#7568);
#7568 = AXIS2_PLACEMENT_3D('',#7569,#7570,#7571);
#7569 = CARTESIAN_POINT('',(78.034484639184,-83.00835813682,1.4));
#7570 = DIRECTION('',(3.307734754545E-02,-0.999452794823,0.));
#7571 = DIRECTION('',(-0.999452794823,-3.307734754545E-02,0.));
#7572 = ADVANCED_FACE('',(#7573),#7591,.F.);
#7573 = FACE_BOUND('',#7574,.F.);
#7574 = EDGE_LOOP('',(#7575,#7576,#7584,#7590));
#7575 = ORIENTED_EDGE('',*,*,#784,.F.);
#7576 = ORIENTED_EDGE('',*,*,#7577,.F.);
#7577 = EDGE_CURVE('',#7578,#785,#7580,.T.);
#7578 = VERTEX_POINT('',#7579);
#7579 = CARTESIAN_POINT('',(26.3,-51.08754562104,6.3));
#7580 = LINE('',#7581,#7582);
#7581 = CARTESIAN_POINT('',(26.3,-51.08754562104,1.4));
#7582 = VECTOR('',#7583,1.);
#7583 = DIRECTION('',(-0.,-0.,-1.));
#7584 = ORIENTED_EDGE('',*,*,#7585,.F.);
#7585 = EDGE_CURVE('',#7530,#7578,#7586,.T.);
#7586 = LINE('',#7587,#7588);
#7587 = CARTESIAN_POINT('',(26.3,-62.51333497248,6.3));
#7588 = VECTOR('',#7589,1.);
#7589 = DIRECTION('',(0.,-1.,0.));
#7590 = ORIENTED_EDGE('',*,*,#7529,.F.);
#7591 = PLANE('',#7592);
#7592 = AXIS2_PLACEMENT_3D('',#7593,#7594,#7595);
#7593 = CARTESIAN_POINT('',(26.3,-79.63607557398,1.4));
#7594 = DIRECTION('',(-1.,0.,0.));
#7595 = DIRECTION('',(0.,1.,0.));
#7596 = ADVANCED_FACE('',(#7597),#7615,.F.);
#7597 = FACE_BOUND('',#7598,.F.);
#7598 = EDGE_LOOP('',(#7599,#7600,#7601,#7609));
#7599 = ORIENTED_EDGE('',*,*,#2402,.F.);
#7600 = ORIENTED_EDGE('',*,*,#7562,.T.);
#7601 = ORIENTED_EDGE('',*,*,#7602,.F.);
#7602 = EDGE_CURVE('',#7603,#7555,#7605,.T.);
#7603 = VERTEX_POINT('',#7604);
#7604 = CARTESIAN_POINT('',(77.565029701159,-83.02439753106,6.3));
#7605 = LINE('',#7606,#7607);
#7606 = CARTESIAN_POINT('',(80.900256199143,-82.90687504962,6.3));
#7607 = VECTOR('',#7608,1.);
#7608 = DIRECTION('',(0.999379763885,3.521487665938E-02,0.));
#7609 = ORIENTED_EDGE('',*,*,#7610,.F.);
#7610 = EDGE_CURVE('',#2395,#7603,#7611,.T.);
#7611 = LINE('',#7612,#7613);
#7612 = CARTESIAN_POINT('',(77.565029701159,-83.02439753106,1.4));
#7613 = VECTOR('',#7614,1.);
#7614 = DIRECTION('',(0.,0.,1.));
#7615 = PLANE('',#7616);
#7616 = AXIS2_PLACEMENT_3D('',#7617,#7618,#7619);
#7617 = CARTESIAN_POINT('',(77.799734938535,-83.01612728557,1.4));
#7618 = DIRECTION('',(3.521487665938E-02,-0.999379763885,0.));
#7619 = DIRECTION('',(-0.999379763885,-3.521487665938E-02,0.));
#7620 = ADVANCED_FACE('',(#7621),#7650,.T.);
#7621 = FACE_BOUND('',#7622,.F.);
#7622 = EDGE_LOOP('',(#7623,#7631,#7640,#7647,#7648,#7649));
#7623 = ORIENTED_EDGE('',*,*,#7624,.F.);
#7624 = EDGE_CURVE('',#7625,#802,#7627,.T.);
#7625 = VERTEX_POINT('',#7626);
#7626 = CARTESIAN_POINT('',(26.3,-54.51245437895,6.3));
#7627 = LINE('',#7628,#7629);
#7628 = CARTESIAN_POINT('',(26.3,-54.51245437895,1.4));
#7629 = VECTOR('',#7630,1.);
#7630 = DIRECTION('',(-0.,-0.,-1.));
#7631 = ORIENTED_EDGE('',*,*,#7632,.T.);
#7632 = EDGE_CURVE('',#7625,#7633,#7635,.T.);
#7633 = VERTEX_POINT('',#7634);
#7634 = CARTESIAN_POINT('',(28.85,-52.8,6.3));
#7635 = CIRCLE('',#7636,1.85);
#7636 = AXIS2_PLACEMENT_3D('',#7637,#7638,#7639);
#7637 = CARTESIAN_POINT('',(27.,-52.8,6.3));
#7638 = DIRECTION('',(0.,0.,1.));
#7639 = DIRECTION('',(1.,0.,0.));
#7640 = ORIENTED_EDGE('',*,*,#7641,.T.);
#7641 = EDGE_CURVE('',#7633,#7578,#7642,.T.);
#7642 = CIRCLE('',#7643,1.85);
#7643 = AXIS2_PLACEMENT_3D('',#7644,#7645,#7646);
#7644 = CARTESIAN_POINT('',(27.,-52.8,6.3));
#7645 = DIRECTION('',(0.,0.,1.));
#7646 = DIRECTION('',(1.,0.,0.));
#7647 = ORIENTED_EDGE('',*,*,#7577,.T.);
#7648 = ORIENTED_EDGE('',*,*,#792,.F.);
#7649 = ORIENTED_EDGE('',*,*,#801,.F.);
#7650 = CYLINDRICAL_SURFACE('',#7651,1.85);
#7651 = AXIS2_PLACEMENT_3D('',#7652,#7653,#7654);
#7652 = CARTESIAN_POINT('',(27.,-52.8,1.4));
#7653 = DIRECTION('',(-0.,-0.,-1.));
#7654 = DIRECTION('',(1.,0.,0.));
#7655 = ADVANCED_FACE('',(#7656),#7674,.F.);
#7656 = FACE_BOUND('',#7657,.F.);
#7657 = EDGE_LOOP('',(#7658,#7659,#7660,#7668));
#7658 = ORIENTED_EDGE('',*,*,#2394,.F.);
#7659 = ORIENTED_EDGE('',*,*,#7610,.T.);
#7660 = ORIENTED_EDGE('',*,*,#7661,.F.);
#7661 = EDGE_CURVE('',#7662,#7603,#7664,.T.);
#7662 = VERTEX_POINT('',#7663);
#7663 = CARTESIAN_POINT('',(77.330369494042,-83.03316846734,6.3));
#7664 = LINE('',#7665,#7666);
#7665 = CARTESIAN_POINT('',(80.822624508232,-82.9026378309,6.3));
#7666 = VECTOR('',#7667,1.);
#7667 = DIRECTION('',(0.99930220435,3.735109612478E-02,0.));
#7668 = ORIENTED_EDGE('',*,*,#7669,.F.);
#7669 = EDGE_CURVE('',#2387,#7662,#7670,.T.);
#7670 = LINE('',#7671,#7672);
#7671 = CARTESIAN_POINT('',(77.330369494042,-83.03316846734,1.4));
#7672 = VECTOR('',#7673,1.);
#7673 = DIRECTION('',(0.,0.,1.));
#7674 = PLANE('',#7675);
#7675 = AXIS2_PLACEMENT_3D('',#7676,#7677,#7678);
#7676 = CARTESIAN_POINT('',(77.565029701159,-83.02439753106,1.4));
#7677 = DIRECTION('',(3.735109612478E-02,-0.99930220435,0.));
#7678 = DIRECTION('',(-0.99930220435,-3.735109612478E-02,0.));
#7679 = ADVANCED_FACE('',(#7680),#7698,.F.);
#7680 = FACE_BOUND('',#7681,.F.);
#7681 = EDGE_LOOP('',(#7682,#7683,#7684,#7692));
#7682 = ORIENTED_EDGE('',*,*,#2386,.F.);
#7683 = ORIENTED_EDGE('',*,*,#7669,.T.);
#7684 = ORIENTED_EDGE('',*,*,#7685,.F.);
#7685 = EDGE_CURVE('',#7686,#7662,#7688,.T.);
#7686 = VERTEX_POINT('',#7687);
#7687 = CARTESIAN_POINT('',(77.095754884067,-83.04243968837,6.3));
#7688 = LINE('',#7689,#7690);
#7689 = CARTESIAN_POINT('',(80.744947861907,-82.89823522171,6.3));
#7690 = VECTOR('',#7691,1.);
#7691 = DIRECTION('',(0.999220124111,3.948599209523E-02,0.));
#7692 = ORIENTED_EDGE('',*,*,#7693,.F.);
#7693 = EDGE_CURVE('',#2379,#7686,#7694,.T.);
#7694 = LINE('',#7695,#7696);
#7695 = CARTESIAN_POINT('',(77.095754884067,-83.04243968837,1.4));
#7696 = VECTOR('',#7697,1.);
#7697 = DIRECTION('',(0.,0.,1.));
#7698 = PLANE('',#7699);
#7699 = AXIS2_PLACEMENT_3D('',#7700,#7701,#7702);
#7700 = CARTESIAN_POINT('',(77.330369494042,-83.03316846734,1.4));
#7701 = DIRECTION('',(3.948599209523E-02,-0.999220124111,0.));
#7702 = DIRECTION('',(-0.999220124111,-3.948599209523E-02,0.));
#7703 = ADVANCED_FACE('',(#7704),#7754,.F.);
#7704 = FACE_BOUND('',#7705,.F.);
#7705 = EDGE_LOOP('',(#7706,#7707,#7715,#7723,#7731,#7739,#7747,#7753));
#7706 = ORIENTED_EDGE('',*,*,#810,.F.);
#7707 = ORIENTED_EDGE('',*,*,#7708,.T.);
#7708 = EDGE_CURVE('',#811,#7709,#7711,.T.);
#7709 = VERTEX_POINT('',#7710);
#7710 = CARTESIAN_POINT('',(26.3,-79.63607557398,6.3));
#7711 = LINE('',#7712,#7713);
#7712 = CARTESIAN_POINT('',(26.3,-79.63607557398,1.4));
#7713 = VECTOR('',#7714,1.);
#7714 = DIRECTION('',(0.,0.,1.));
#7715 = ORIENTED_EDGE('',*,*,#7716,.F.);
#7716 = EDGE_CURVE('',#7717,#7709,#7719,.T.);
#7717 = VERTEX_POINT('',#7718);
#7718 = CARTESIAN_POINT('',(26.3,-63.9,6.3));
#7719 = LINE('',#7720,#7721);
#7720 = CARTESIAN_POINT('',(26.3,-62.51333497248,6.3));
#7721 = VECTOR('',#7722,1.);
#7722 = DIRECTION('',(0.,-1.,0.));
#7723 = ORIENTED_EDGE('',*,*,#7724,.T.);
#7724 = EDGE_CURVE('',#7717,#7725,#7727,.T.);
#7725 = VERTEX_POINT('',#7726);
#7726 = CARTESIAN_POINT('',(26.3,-63.9,5.1));
#7727 = LINE('',#7728,#7729);
#7728 = CARTESIAN_POINT('',(26.3,-63.9,3.25));
#7729 = VECTOR('',#7730,1.);
#7730 = DIRECTION('',(0.,0.,-1.));
#7731 = ORIENTED_EDGE('',*,*,#7732,.T.);
#7732 = EDGE_CURVE('',#7725,#7733,#7735,.T.);
#7733 = VERTEX_POINT('',#7734);
#7734 = CARTESIAN_POINT('',(26.3,-55.4,5.1));
#7735 = LINE('',#7736,#7737);
#7736 = CARTESIAN_POINT('',(26.3,-71.76803778699,5.1));
#7737 = VECTOR('',#7738,1.);
#7738 = DIRECTION('',(0.,1.,0.));
#7739 = ORIENTED_EDGE('',*,*,#7740,.F.);
#7740 = EDGE_CURVE('',#7741,#7733,#7743,.T.);
#7741 = VERTEX_POINT('',#7742);
#7742 = CARTESIAN_POINT('',(26.3,-55.4,6.3));
#7743 = LINE('',#7744,#7745);
#7744 = CARTESIAN_POINT('',(26.3,-55.4,3.25));
#7745 = VECTOR('',#7746,1.);
#7746 = DIRECTION('',(0.,0.,-1.));
#7747 = ORIENTED_EDGE('',*,*,#7748,.F.);
#7748 = EDGE_CURVE('',#7625,#7741,#7749,.T.);
#7749 = LINE('',#7750,#7751);
#7750 = CARTESIAN_POINT('',(26.3,-62.51333497248,6.3));
#7751 = VECTOR('',#7752,1.);
#7752 = DIRECTION('',(0.,-1.,0.));
#7753 = ORIENTED_EDGE('',*,*,#7624,.T.);
#7754 = PLANE('',#7755);
#7755 = AXIS2_PLACEMENT_3D('',#7756,#7757,#7758);
#7756 = CARTESIAN_POINT('',(26.3,-79.63607557398,1.4));
#7757 = DIRECTION('',(-1.,0.,0.));
#7758 = DIRECTION('',(0.,1.,0.));
#7759 = ADVANCED_FACE('',(#7760),#7778,.F.);
#7760 = FACE_BOUND('',#7761,.F.);
#7761 = EDGE_LOOP('',(#7762,#7763,#7764,#7772));
#7762 = ORIENTED_EDGE('',*,*,#2378,.F.);
#7763 = ORIENTED_EDGE('',*,*,#7693,.T.);
#7764 = ORIENTED_EDGE('',*,*,#7765,.F.);
#7765 = EDGE_CURVE('',#7766,#7686,#7768,.T.);
#7766 = VERTEX_POINT('',#7767);
#7767 = CARTESIAN_POINT('',(76.861186438039,-83.05221078809,6.3));
#7768 = LINE('',#7769,#7770);
#7769 = CARTESIAN_POINT('',(80.667224205695,-82.89366783329,6.3));
#7770 = VECTOR('',#7771,1.);
#7771 = DIRECTION('',(0.999133531111,4.161955081055E-02,0.));
#7772 = ORIENTED_EDGE('',*,*,#7773,.F.);
#7773 = EDGE_CURVE('',#2371,#7766,#7774,.T.);
#7774 = LINE('',#7775,#7776);
#7775 = CARTESIAN_POINT('',(76.861186438039,-83.05221078809,1.4));
#7776 = VECTOR('',#7777,1.);
#7777 = DIRECTION('',(0.,0.,1.));
#7778 = PLANE('',#7779);
#7779 = AXIS2_PLACEMENT_3D('',#7780,#7781,#7782);
#7780 = CARTESIAN_POINT('',(77.095754884067,-83.04243968837,1.4));
#7781 = DIRECTION('',(4.161955081055E-02,-0.999133531111,0.));
#7782 = DIRECTION('',(-0.999133531111,-4.161955081055E-02,0.));
#7783 = ADVANCED_FACE('',(#7784),#7802,.F.);
#7784 = FACE_BOUND('',#7785,.F.);
#7785 = EDGE_LOOP('',(#7786,#7787,#7795,#7801));
#7786 = ORIENTED_EDGE('',*,*,#818,.F.);
#7787 = ORIENTED_EDGE('',*,*,#7788,.T.);
#7788 = EDGE_CURVE('',#819,#7789,#7791,.T.);
#7789 = VERTEX_POINT('',#7790);
#7790 = CARTESIAN_POINT('',(32.945874046639,-93.88819845983,6.3));
#7791 = LINE('',#7792,#7793);
#7792 = CARTESIAN_POINT('',(32.945874046639,-93.88819845983,1.4));
#7793 = VECTOR('',#7794,1.);
#7794 = DIRECTION('',(0.,0.,1.));
#7795 = ORIENTED_EDGE('',*,*,#7796,.F.);
#7796 = EDGE_CURVE('',#7709,#7789,#7797,.T.);
#7797 = LINE('',#7798,#7799);
#7798 = CARTESIAN_POINT('',(28.099694498438,-83.49553288068,6.3));
#7799 = VECTOR('',#7800,1.);
#7800 = DIRECTION('',(0.422618261741,-0.906307787037,0.));
#7801 = ORIENTED_EDGE('',*,*,#7708,.F.);
#7802 = PLANE('',#7803);
#7803 = AXIS2_PLACEMENT_3D('',#7804,#7805,#7806);
#7804 = CARTESIAN_POINT('',(32.945874046639,-93.88819845983,1.4));
#7805 = DIRECTION('',(-0.906307787037,-0.422618261741,0.));
#7806 = DIRECTION('',(-0.422618261741,0.906307787037,0.));
#7807 = ADVANCED_FACE('',(#7808),#7826,.F.);
#7808 = FACE_BOUND('',#7809,.F.);
#7809 = EDGE_LOOP('',(#7810,#7811,#7812,#7820));
#7810 = ORIENTED_EDGE('',*,*,#2370,.F.);
#7811 = ORIENTED_EDGE('',*,*,#7773,.T.);
#7812 = ORIENTED_EDGE('',*,*,#7813,.F.);
#7813 = EDGE_CURVE('',#7814,#7766,#7816,.T.);
#7814 = VERTEX_POINT('',#7815);
#7815 = CARTESIAN_POINT('',(76.626664722595,-83.06248136032,6.3));
#7816 = LINE('',#7817,#7818);
#7817 = CARTESIAN_POINT('',(80.589451494058,-82.88893628915,6.3));
#7818 = VECTOR('',#7819,1.);
#7819 = DIRECTION('',(0.999042433343,4.375175859771E-02,0.));
#7820 = ORIENTED_EDGE('',*,*,#7821,.F.);
#7821 = EDGE_CURVE('',#2363,#7814,#7822,.T.);
#7822 = LINE('',#7823,#7824);
#7823 = CARTESIAN_POINT('',(76.626664722595,-83.06248136032,1.4));
#7824 = VECTOR('',#7825,1.);
#7825 = DIRECTION('',(0.,0.,1.));
#7826 = PLANE('',#7827);
#7827 = AXIS2_PLACEMENT_3D('',#7828,#7829,#7830);
#7828 = CARTESIAN_POINT('',(76.861186438039,-83.05221078809,1.4));
#7829 = DIRECTION('',(4.375175859771E-02,-0.999042433343,0.));
#7830 = DIRECTION('',(-0.999042433343,-4.375175859771E-02,0.));
#7831 = ADVANCED_FACE('',(#7832),#7850,.F.);
#7832 = FACE_BOUND('',#7833,.F.);
#7833 = EDGE_LOOP('',(#7834,#7835,#7843,#7849));
#7834 = ORIENTED_EDGE('',*,*,#826,.F.);
#7835 = ORIENTED_EDGE('',*,*,#7836,.T.);
#7836 = EDGE_CURVE('',#827,#7837,#7839,.T.);
#7837 = VERTEX_POINT('',#7838);
#7838 = CARTESIAN_POINT('',(33.136896094807,-93.80021718218,6.3));
#7839 = LINE('',#7840,#7841);
#7840 = CARTESIAN_POINT('',(33.136896094807,-93.80021718218,1.4));
#7841 = VECTOR('',#7842,1.);
#7842 = DIRECTION('',(0.,0.,1.));
#7843 = ORIENTED_EDGE('',*,*,#7844,.F.);
#7844 = EDGE_CURVE('',#7789,#7837,#7845,.T.);
#7845 = LINE('',#7846,#7847);
#7846 = CARTESIAN_POINT('',(62.771522580918,-80.15104774917,6.3));
#7847 = VECTOR('',#7848,1.);
#7848 = DIRECTION('',(0.908289719663,0.418341708601,0.));
#7849 = ORIENTED_EDGE('',*,*,#7788,.F.);
#7850 = PLANE('',#7851);
#7851 = AXIS2_PLACEMENT_3D('',#7852,#7853,#7854);
#7852 = CARTESIAN_POINT('',(33.136896094807,-93.80021718218,1.4));
#7853 = DIRECTION('',(0.418341708601,-0.908289719663,0.));
#7854 = DIRECTION('',(-0.908289719663,-0.418341708601,0.));
#7855 = ADVANCED_FACE('',(#7856),#7874,.F.);
#7856 = FACE_BOUND('',#7857,.F.);
#7857 = EDGE_LOOP('',(#7858,#7859,#7860,#7868));
#7858 = ORIENTED_EDGE('',*,*,#2362,.F.);
#7859 = ORIENTED_EDGE('',*,*,#7821,.T.);
#7860 = ORIENTED_EDGE('',*,*,#7861,.F.);
#7861 = EDGE_CURVE('',#7862,#7814,#7864,.T.);
#7862 = VERTEX_POINT('',#7863);
#7863 = CARTESIAN_POINT('',(76.392190304304,-83.07325099887,6.3));
#7864 = LINE('',#7865,#7866);
#7865 = CARTESIAN_POINT('',(80.511627690396,-82.88404122497,6.3));
#7866 = VECTOR('',#7867,1.);
#7867 = DIRECTION('',(0.998946838849,4.588260187025E-02,0.));
#7868 = ORIENTED_EDGE('',*,*,#7869,.F.);
#7869 = EDGE_CURVE('',#2355,#7862,#7870,.T.);
#7870 = LINE('',#7871,#7872);
#7871 = CARTESIAN_POINT('',(76.392190304304,-83.07325099887,1.4));
#7872 = VECTOR('',#7873,1.);
#7873 = DIRECTION('',(0.,0.,1.));
#7874 = PLANE('',#7875);
#7875 = AXIS2_PLACEMENT_3D('',#7876,#7877,#7878);
#7876 = CARTESIAN_POINT('',(76.626664722595,-83.06248136032,1.4));
#7877 = DIRECTION('',(4.588260187025E-02,-0.998946838849,0.));
#7878 = DIRECTION('',(-0.998946838849,-4.588260187025E-02,0.));
#7879 = ADVANCED_FACE('',(#7880),#7898,.F.);
#7880 = FACE_BOUND('',#7881,.F.);
#7881 = EDGE_LOOP('',(#7882,#7883,#7891,#7897));
#7882 = ORIENTED_EDGE('',*,*,#834,.F.);
#7883 = ORIENTED_EDGE('',*,*,#7884,.T.);
#7884 = EDGE_CURVE('',#835,#7885,#7887,.T.);
#7885 = VERTEX_POINT('',#7886);
#7886 = CARTESIAN_POINT('',(33.352073770472,-93.70160211589,6.3));
#7887 = LINE('',#7888,#7889);
#7888 = CARTESIAN_POINT('',(33.352073770472,-93.70160211589,1.4));
#7889 = VECTOR('',#7890,1.);
#7890 = DIRECTION('',(0.,0.,1.));
#7891 = ORIENTED_EDGE('',*,*,#7892,.F.);
#7892 = EDGE_CURVE('',#7837,#7885,#7893,.T.);
#7893 = LINE('',#7894,#7895);
#7894 = CARTESIAN_POINT('',(62.884827247555,-80.16685956882,6.3));
#7895 = VECTOR('',#7896,1.);
#7896 = DIRECTION('',(0.909077680171,0.41662665711,0.));
#7897 = ORIENTED_EDGE('',*,*,#7836,.F.);
#7898 = PLANE('',#7899);
#7899 = AXIS2_PLACEMENT_3D('',#7900,#7901,#7902);
#7900 = CARTESIAN_POINT('',(33.352073770472,-93.70160211589,1.4));
#7901 = DIRECTION('',(0.41662665711,-0.909077680171,0.));
#7902 = DIRECTION('',(-0.909077680171,-0.41662665711,0.));
#7903 = ADVANCED_FACE('',(#7904),#7922,.F.);
#7904 = FACE_BOUND('',#7905,.F.);
#7905 = EDGE_LOOP('',(#7906,#7907,#7908,#7916));
#7906 = ORIENTED_EDGE('',*,*,#2354,.F.);
#7907 = ORIENTED_EDGE('',*,*,#7869,.T.);
#7908 = ORIENTED_EDGE('',*,*,#7909,.F.);
#7909 = EDGE_CURVE('',#7910,#7862,#7912,.T.);
#7910 = VERTEX_POINT('',#7911);
#7911 = CARTESIAN_POINT('',(76.157763749601,-83.08451929745,6.3));
#7912 = LINE('',#7913,#7914);
#7913 = CARTESIAN_POINT('',(80.433750767167,-82.8789832885,6.3));
#7914 = VECTOR('',#7915,1.);
#7915 = DIRECTION('',(0.998846755719,4.801206712869E-02,0.));
#7916 = ORIENTED_EDGE('',*,*,#7917,.F.);
#7917 = EDGE_CURVE('',#2347,#7910,#7918,.T.);
#7918 = LINE('',#7919,#7920);
#7919 = CARTESIAN_POINT('',(76.157763749601,-83.08451929745,1.4));
#7920 = VECTOR('',#7921,1.);
#7921 = DIRECTION('',(0.,0.,1.));
#7922 = PLANE('',#7923);
#7923 = AXIS2_PLACEMENT_3D('',#7924,#7925,#7926);
#7924 = CARTESIAN_POINT('',(76.392190304304,-83.07325099887,1.4));
#7925 = DIRECTION('',(4.801206712869E-02,-0.998846755719,0.));
#7926 = DIRECTION('',(-0.998846755719,-4.801206712869E-02,0.));
#7927 = ADVANCED_FACE('',(#7928),#7946,.F.);
#7928 = FACE_BOUND('',#7929,.F.);
#7929 = EDGE_LOOP('',(#7930,#7931,#7939,#7945));
#7930 = ORIENTED_EDGE('',*,*,#842,.F.);
#7931 = ORIENTED_EDGE('',*,*,#7932,.T.);
#7932 = EDGE_CURVE('',#843,#7933,#7935,.T.);
#7933 = VERTEX_POINT('',#7934);
#7934 = CARTESIAN_POINT('',(33.567405105197,-93.60340828288,6.3));
#7935 = LINE('',#7936,#7937);
#7936 = CARTESIAN_POINT('',(33.567405105197,-93.60340828288,1.4));
#7937 = VECTOR('',#7938,1.);
#7938 = DIRECTION('',(0.,0.,1.));
#7939 = ORIENTED_EDGE('',*,*,#7940,.F.);
#7940 = EDGE_CURVE('',#7885,#7933,#7941,.T.);
#7941 = LINE('',#7942,#7943);
#7942 = CARTESIAN_POINT('',(62.997873428148,-80.18273963982,6.3));
#7943 = VECTOR('',#7944,1.);
#7944 = DIRECTION('',(0.909862881706,0.414909070151,0.));
#7945 = ORIENTED_EDGE('',*,*,#7884,.F.);
#7946 = PLANE('',#7947);
#7947 = AXIS2_PLACEMENT_3D('',#7948,#7949,#7950);
#7948 = CARTESIAN_POINT('',(33.567405105197,-93.60340828288,1.4));
#7949 = DIRECTION('',(0.414909070151,-0.909862881706,0.));
#7950 = DIRECTION('',(-0.909862881706,-0.414909070151,0.));
#7951 = ADVANCED_FACE('',(#7952),#7970,.F.);
#7952 = FACE_BOUND('',#7953,.F.);
#7953 = EDGE_LOOP('',(#7954,#7955,#7956,#7964));
#7954 = ORIENTED_EDGE('',*,*,#2346,.F.);
#7955 = ORIENTED_EDGE('',*,*,#7917,.T.);
#7956 = ORIENTED_EDGE('',*,*,#7957,.F.);
#7957 = EDGE_CURVE('',#7958,#7910,#7960,.T.);
#7958 = VERTEX_POINT('',#7959);
#7959 = CARTESIAN_POINT('',(75.923385624814,-83.09628584973,6.3));
#7960 = LINE('',#7961,#7962);
#7961 = CARTESIAN_POINT('',(80.35581870592,-82.87376313942,6.3));
#7962 = VECTOR('',#7963,1.);
#7963 = DIRECTION('',(0.998742192092,5.014014096051E-02,0.));
#7964 = ORIENTED_EDGE('',*,*,#7965,.F.);
#7965 = EDGE_CURVE('',#2339,#7958,#7966,.T.);
#7966 = LINE('',#7967,#7968);
#7967 = CARTESIAN_POINT('',(75.923385624814,-83.09628584973,1.4));
#7968 = VECTOR('',#7969,1.);
#7969 = DIRECTION('',(0.,0.,1.));
#7970 = PLANE('',#7971);
#7971 = AXIS2_PLACEMENT_3D('',#7972,#7973,#7974);
#7972 = CARTESIAN_POINT('',(76.157763749601,-83.08451929745,1.4));
#7973 = DIRECTION('',(5.014014096051E-02,-0.998742192092,0.));
#7974 = DIRECTION('',(-0.998742192092,-5.014014096051E-02,0.));
#7975 = ADVANCED_FACE('',(#7976),#7994,.F.);
#7976 = FACE_BOUND('',#7977,.F.);
#7977 = EDGE_LOOP('',(#7978,#7979,#7987,#7993));
#7978 = ORIENTED_EDGE('',*,*,#850,.F.);
#7979 = ORIENTED_EDGE('',*,*,#7980,.T.);
#7980 = EDGE_CURVE('',#851,#7981,#7983,.T.);
#7981 = VERTEX_POINT('',#7982);
#7982 = CARTESIAN_POINT('',(33.782889549318,-93.5056360886,6.3));
#7983 = LINE('',#7984,#7985);
#7984 = CARTESIAN_POINT('',(33.782889549318,-93.5056360886,1.4));
#7985 = VECTOR('',#7986,1.);
#7986 = DIRECTION('',(0.,0.,1.));
#7987 = ORIENTED_EDGE('',*,*,#7988,.F.);
#7988 = EDGE_CURVE('',#7933,#7981,#7989,.T.);
#7989 = LINE('',#7990,#7991);
#7990 = CARTESIAN_POINT('',(63.110661380584,-80.19868663784,6.3));
#7991 = VECTOR('',#7992,1.);
#7992 = DIRECTION('',(0.910645316806,0.413188948278,0.));
#7993 = ORIENTED_EDGE('',*,*,#7932,.F.);
#7994 = PLANE('',#7995);
#7995 = AXIS2_PLACEMENT_3D('',#7996,#7997,#7998);
#7996 = CARTESIAN_POINT('',(33.782889549318,-93.5056360886,1.4));
#7997 = DIRECTION('',(0.413188948278,-0.910645316806,0.));
#7998 = DIRECTION('',(-0.910645316806,-0.413188948278,0.));
#7999 = ADVANCED_FACE('',(#8000),#8018,.F.);
#8000 = FACE_BOUND('',#8001,.F.);
#8001 = EDGE_LOOP('',(#8002,#8003,#8004,#8012));
#8002 = ORIENTED_EDGE('',*,*,#2338,.F.);
#8003 = ORIENTED_EDGE('',*,*,#7965,.T.);
#8004 = ORIENTED_EDGE('',*,*,#8005,.F.);
#8005 = EDGE_CURVE('',#8006,#7958,#8008,.T.);
#8006 = VERTEX_POINT('',#8007);
#8007 = CARTESIAN_POINT('',(75.689056496155,-83.1085502493,6.3));
#8008 = LINE('',#8009,#8010);
#8009 = CARTESIAN_POINT('',(80.277829497365,-82.86838144928,6.3));
#8010 = VECTOR('',#8011,1.);
#8011 = DIRECTION('',(0.998633156153,5.226681004046E-02,0.));
#8012 = ORIENTED_EDGE('',*,*,#8013,.F.);
#8013 = EDGE_CURVE('',#2331,#8006,#8014,.T.);
#8014 = LINE('',#8015,#8016);
#8015 = CARTESIAN_POINT('',(75.689056496155,-83.1085502493,1.4));
#8016 = VECTOR('',#8017,1.);
#8017 = DIRECTION('',(0.,0.,1.));
#8018 = PLANE('',#8019);
#8019 = AXIS2_PLACEMENT_3D('',#8020,#8021,#8022);
#8020 = CARTESIAN_POINT('',(75.923385624814,-83.09628584973,1.4));
#8021 = DIRECTION('',(5.226681004046E-02,-0.998633156153,0.));
#8022 = DIRECTION('',(-0.998633156153,-5.226681004046E-02,0.));
#8023 = ADVANCED_FACE('',(#8024),#8042,.F.);
#8024 = FACE_BOUND('',#8025,.F.);
#8025 = EDGE_LOOP('',(#8026,#8027,#8035,#8041));
#8026 = ORIENTED_EDGE('',*,*,#858,.F.);
#8027 = ORIENTED_EDGE('',*,*,#8028,.T.);
#8028 = EDGE_CURVE('',#859,#8029,#8031,.T.);
#8029 = VERTEX_POINT('',#8030);
#8030 = CARTESIAN_POINT('',(33.998526553076,-93.40828593854,6.3));
#8031 = LINE('',#8032,#8033);
#8032 = CARTESIAN_POINT('',(33.998526553076,-93.40828593854,1.4));
#8033 = VECTOR('',#8034,1.);
#8034 = DIRECTION('',(0.,0.,1.));
#8035 = ORIENTED_EDGE('',*,*,#8036,.F.);
#8036 = EDGE_CURVE('',#7981,#8029,#8037,.T.);
#8037 = LINE('',#8038,#8039);
#8038 = CARTESIAN_POINT('',(63.223191368856,-80.21469923696,6.3));
#8039 = VECTOR('',#8040,1.);
#8040 = DIRECTION('',(0.911424977979,0.411466292078,0.));
#8041 = ORIENTED_EDGE('',*,*,#7980,.F.);
#8042 = PLANE('',#8043);
#8043 = AXIS2_PLACEMENT_3D('',#8044,#8045,#8046);
#8044 = CARTESIAN_POINT('',(33.998526553076,-93.40828593854,1.4));
#8045 = DIRECTION('',(0.411466292078,-0.911424977979,0.));
#8046 = DIRECTION('',(-0.911424977979,-0.411466292078,0.));
#8047 = ADVANCED_FACE('',(#8048),#8066,.F.);
#8048 = FACE_BOUND('',#8049,.F.);
#8049 = EDGE_LOOP('',(#8050,#8051,#8052,#8060));
#8050 = ORIENTED_EDGE('',*,*,#2330,.F.);
#8051 = ORIENTED_EDGE('',*,*,#8013,.T.);
#8052 = ORIENTED_EDGE('',*,*,#8053,.F.);
#8053 = EDGE_CURVE('',#8054,#8006,#8056,.T.);
#8054 = VERTEX_POINT('',#8055);
#8055 = CARTESIAN_POINT('',(75.454776929727,-83.12131208972,6.3));
#8056 = LINE('',#8057,#8058);
#8057 = CARTESIAN_POINT('',(80.199781141432,-82.86283890137,6.3));
#8058 = VECTOR('',#8059,1.);
#8059 = DIRECTION('',(0.998519656134,5.439206113038E-02,0.));
#8060 = ORIENTED_EDGE('',*,*,#8061,.F.);
#8061 = EDGE_CURVE('',#2323,#8054,#8062,.T.);
#8062 = LINE('',#8063,#8064);
#8063 = CARTESIAN_POINT('',(75.454776929727,-83.12131208972,1.4));
#8064 = VECTOR('',#8065,1.);
#8065 = DIRECTION('',(0.,0.,1.));
#8066 = PLANE('',#8067);
#8067 = AXIS2_PLACEMENT_3D('',#8068,#8069,#8070);
#8068 = CARTESIAN_POINT('',(75.689056496155,-83.1085502493,1.4));
#8069 = DIRECTION('',(5.439206113038E-02,-0.998519656134,0.));
#8070 = DIRECTION('',(-0.998519656134,-5.439206113038E-02,0.));
#8071 = ADVANCED_FACE('',(#8072),#8090,.F.);
#8072 = FACE_BOUND('',#8073,.F.);
#8073 = EDGE_LOOP('',(#8074,#8075,#8083,#8089));
#8074 = ORIENTED_EDGE('',*,*,#866,.F.);
#8075 = ORIENTED_EDGE('',*,*,#8076,.T.);
#8076 = EDGE_CURVE('',#867,#8077,#8079,.T.);
#8077 = VERTEX_POINT('',#8078);
#8078 = CARTESIAN_POINT('',(34.214315566709,-93.31135823824,6.3));
#8079 = LINE('',#8080,#8081);
#8080 = CARTESIAN_POINT('',(34.214315566709,-93.31135823824,1.4));
#8081 = VECTOR('',#8082,1.);
#8082 = DIRECTION('',(0.,0.,1.));
#8083 = ORIENTED_EDGE('',*,*,#8084,.F.);
#8084 = EDGE_CURVE('',#8029,#8077,#8085,.T.);
#8085 = LINE('',#8086,#8087);
#8086 = CARTESIAN_POINT('',(63.335463663163,-80.23077610965,6.3));
#8087 = VECTOR('',#8088,1.);
#8088 = DIRECTION('',(0.912201857701,0.40974110217,0.));
#8089 = ORIENTED_EDGE('',*,*,#8028,.F.);
#8090 = PLANE('',#8091);
#8091 = AXIS2_PLACEMENT_3D('',#8092,#8093,#8094);
#8092 = CARTESIAN_POINT('',(34.214315566709,-93.31135823824,1.4));
#8093 = DIRECTION('',(0.40974110217,-0.912201857701,0.));
#8094 = DIRECTION('',(-0.912201857701,-0.40974110217,0.));
#8095 = ADVANCED_FACE('',(#8096),#8114,.F.);
#8096 = FACE_BOUND('',#8097,.F.);
#8097 = EDGE_LOOP('',(#8098,#8099,#8100,#8108));
#8098 = ORIENTED_EDGE('',*,*,#2322,.F.);
#8099 = ORIENTED_EDGE('',*,*,#8061,.T.);
#8100 = ORIENTED_EDGE('',*,*,#8101,.F.);
#8101 = EDGE_CURVE('',#8102,#8054,#8104,.T.);
#8102 = VERTEX_POINT('',#8103);
#8103 = CARTESIAN_POINT('',(75.220547491509,-83.13457096445,6.3));
#8104 = LINE('',#8105,#8106);
#8105 = CARTESIAN_POINT('',(80.121671647328,-82.85713619059,6.3));
#8106 = VECTOR('',#8107,1.);
#8107 = DIRECTION('',(0.998401700312,5.651588107928E-02,0.));
#8108 = ORIENTED_EDGE('',*,*,#8109,.F.);
#8109 = EDGE_CURVE('',#2315,#8102,#8110,.T.);
#8110 = LINE('',#8111,#8112);
#8111 = CARTESIAN_POINT('',(75.220547491509,-83.13457096445,1.4));
#8112 = VECTOR('',#8113,1.);
#8113 = DIRECTION('',(0.,0.,1.));
#8114 = PLANE('',#8115);
#8115 = AXIS2_PLACEMENT_3D('',#8116,#8117,#8118);
#8116 = CARTESIAN_POINT('',(75.454776929727,-83.12131208972,1.4));
#8117 = DIRECTION('',(5.651588107928E-02,-0.998401700312,0.));
#8118 = DIRECTION('',(-0.998401700312,-5.651588107928E-02,0.));
#8119 = ADVANCED_FACE('',(#8120),#8138,.F.);
#8120 = FACE_BOUND('',#8121,.F.);
#8121 = EDGE_LOOP('',(#8122,#8123,#8131,#8137));
#8122 = ORIENTED_EDGE('',*,*,#874,.F.);
#8123 = ORIENTED_EDGE('',*,*,#8124,.T.);
#8124 = EDGE_CURVE('',#875,#8125,#8127,.T.);
#8125 = VERTEX_POINT('',#8126);
#8126 = CARTESIAN_POINT('',(34.430256040396,-93.21485339325,6.3));
#8127 = LINE('',#8128,#8129);
#8128 = CARTESIAN_POINT('',(34.430256040396,-93.21485339325,1.4));
#8129 = VECTOR('',#8130,1.);
#8130 = DIRECTION('',(0.,0.,1.));
#8131 = ORIENTED_EDGE('',*,*,#8132,.F.);
#8132 = EDGE_CURVE('',#8077,#8125,#8133,.T.);
#8133 = LINE('',#8134,#8135);
#8134 = CARTESIAN_POINT('',(63.447478539919,-80.24691592682,6.3));
#8135 = VECTOR('',#8136,1.);
#8136 = DIRECTION('',(0.912975948415,0.408013379213,0.));
#8137 = ORIENTED_EDGE('',*,*,#8076,.F.);
#8138 = PLANE('',#8139);
#8139 = AXIS2_PLACEMENT_3D('',#8140,#8141,#8142);
#8140 = CARTESIAN_POINT('',(34.430256040396,-93.21485339325,1.4));
#8141 = DIRECTION('',(0.408013379213,-0.912975948415,0.));
#8142 = DIRECTION('',(-0.912975948415,-0.408013379213,0.));
#8143 = ADVANCED_FACE('',(#8144),#8162,.F.);
#8144 = FACE_BOUND('',#8145,.F.);
#8145 = EDGE_LOOP('',(#8146,#8147,#8148,#8156));
#8146 = ORIENTED_EDGE('',*,*,#2314,.F.);
#8147 = ORIENTED_EDGE('',*,*,#8109,.T.);
#8148 = ORIENTED_EDGE('',*,*,#8149,.F.);
#8149 = EDGE_CURVE('',#8150,#8102,#8152,.T.);
#8150 = VERTEX_POINT('',#8151);
#8151 = CARTESIAN_POINT('',(74.986368747373,-83.14832646692,6.3));
#8152 = LINE('',#8153,#8154);
#8153 = CARTESIAN_POINT('',(80.043499033601,-82.85127402338,6.3));
#8154 = VECTOR('',#8155,1.);
#8155 = DIRECTION('',(0.998279297009,5.863825682389E-02,0.));
#8156 = ORIENTED_EDGE('',*,*,#8157,.F.);
#8157 = EDGE_CURVE('',#2307,#8150,#8158,.T.);
#8158 = LINE('',#8159,#8160);
#8159 = CARTESIAN_POINT('',(74.986368747373,-83.14832646692,1.4));
#8160 = VECTOR('',#8161,1.);
#8161 = DIRECTION('',(0.,0.,1.));
#8162 = PLANE('',#8163);
#8163 = AXIS2_PLACEMENT_3D('',#8164,#8165,#8166);
#8164 = CARTESIAN_POINT('',(75.220547491509,-83.13457096445,1.4));
#8165 = DIRECTION('',(5.863825682389E-02,-0.998279297009,0.));
#8166 = DIRECTION('',(-0.998279297009,-5.863825682389E-02,0.));
#8167 = ADVANCED_FACE('',(#8168),#8186,.F.);
#8168 = FACE_BOUND('',#8169,.F.);
#8169 = EDGE_LOOP('',(#8170,#8171,#8179,#8185));
#8170 = ORIENTED_EDGE('',*,*,#882,.F.);
#8171 = ORIENTED_EDGE('',*,*,#8172,.T.);
#8172 = EDGE_CURVE('',#883,#8173,#8175,.T.);
#8173 = VERTEX_POINT('',#8174);
#8174 = CARTESIAN_POINT('',(34.646347424262,-93.1187718092,6.3));
#8175 = LINE('',#8176,#8177);
#8176 = CARTESIAN_POINT('',(34.646347424262,-93.1187718092,1.4));
#8177 = VECTOR('',#8178,1.);
#8178 = DIRECTION('',(0.,0.,1.));
#8179 = ORIENTED_EDGE('',*,*,#8180,.F.);
#8180 = EDGE_CURVE('',#8125,#8173,#8181,.T.);
#8181 = LINE('',#8182,#8183);
#8182 = CARTESIAN_POINT('',(63.559236281806,-80.2631173578,6.3));
#8183 = VECTOR('',#8184,1.);
#8184 = DIRECTION('',(0.913747242533,0.406283123897,0.));
#8185 = ORIENTED_EDGE('',*,*,#8124,.F.);
#8186 = PLANE('',#8187);
#8187 = AXIS2_PLACEMENT_3D('',#8188,#8189,#8190);
#8188 = CARTESIAN_POINT('',(34.646347424262,-93.1187718092,1.4));
#8189 = DIRECTION('',(0.406283123897,-0.913747242533,0.));
#8190 = DIRECTION('',(-0.913747242533,-0.406283123897,0.));
#8191 = ADVANCED_FACE('',(#8192),#8210,.F.);
#8192 = FACE_BOUND('',#8193,.F.);
#8193 = EDGE_LOOP('',(#8194,#8195,#8196,#8204));
#8194 = ORIENTED_EDGE('',*,*,#2306,.F.);
#8195 = ORIENTED_EDGE('',*,*,#8157,.T.);
#8196 = ORIENTED_EDGE('',*,*,#8197,.F.);
#8197 = EDGE_CURVE('',#8198,#8150,#8200,.T.);
#8198 = VERTEX_POINT('',#8199);
#8199 = CARTESIAN_POINT('',(74.752241263092,-83.16257819051,6.3));
#8200 = LINE('',#8201,#8202);
#8201 = CARTESIAN_POINT('',(79.965261328195,-82.84525311759,6.3));
#8202 = VECTOR('',#8203,1.);
#8203 = DIRECTION('',(0.998152454591,6.075917538841E-02,0.));
#8204 = ORIENTED_EDGE('',*,*,#8205,.F.);
#8205 = EDGE_CURVE('',#2299,#8198,#8206,.T.);
#8206 = LINE('',#8207,#8208);
#8207 = CARTESIAN_POINT('',(74.752241263092,-83.16257819051,1.4));
#8208 = VECTOR('',#8209,1.);
#8209 = DIRECTION('',(0.,0.,1.));
#8210 = PLANE('',#8211);
#8211 = AXIS2_PLACEMENT_3D('',#8212,#8213,#8214);
#8212 = CARTESIAN_POINT('',(74.986368747373,-83.14832646692,1.4));
#8213 = DIRECTION('',(6.075917538841E-02,-0.998152454591,0.));
#8214 = DIRECTION('',(-0.998152454591,-6.075917538841E-02,0.));
#8215 = ADVANCED_FACE('',(#8216),#8234,.F.);
#8216 = FACE_BOUND('',#8217,.F.);
#8217 = EDGE_LOOP('',(#8218,#8219,#8227,#8233));
#8218 = ORIENTED_EDGE('',*,*,#890,.F.);
#8219 = ORIENTED_EDGE('',*,*,#8220,.T.);
#8220 = EDGE_CURVE('',#891,#8221,#8223,.T.);
#8221 = VERTEX_POINT('',#8222);
#8222 = CARTESIAN_POINT('',(34.862589168391,-93.02311389174,6.3));
#8223 = LINE('',#8224,#8225);
#8224 = CARTESIAN_POINT('',(34.862589168391,-93.02311389174,1.4));
#8225 = VECTOR('',#8226,1.);
#8226 = DIRECTION('',(0.,0.,1.));
#8227 = ORIENTED_EDGE('',*,*,#8228,.F.);
#8228 = EDGE_CURVE('',#8173,#8221,#8229,.T.);
#8229 = LINE('',#8230,#8231);
#8230 = CARTESIAN_POINT('',(63.670737177819,-80.27937907042,6.3));
#8231 = VECTOR('',#8232,1.);
#8232 = DIRECTION('',(0.914515732437,0.404550336949,0.));
#8233 = ORIENTED_EDGE('',*,*,#8172,.F.);
#8234 = PLANE('',#8235);
#8235 = AXIS2_PLACEMENT_3D('',#8236,#8237,#8238);
#8236 = CARTESIAN_POINT('',(34.862589168391,-93.02311389174,1.4));
#8237 = DIRECTION('',(0.404550336949,-0.914515732437,0.));
#8238 = DIRECTION('',(-0.914515732437,-0.404550336949,0.));
#8239 = ADVANCED_FACE('',(#8240),#8258,.F.);
#8240 = FACE_BOUND('',#8241,.F.);
#8241 = EDGE_LOOP('',(#8242,#8243,#8244,#8252));
#8242 = ORIENTED_EDGE('',*,*,#2298,.F.);
#8243 = ORIENTED_EDGE('',*,*,#8205,.T.);
#8244 = ORIENTED_EDGE('',*,*,#8245,.F.);
#8245 = EDGE_CURVE('',#8246,#8198,#8248,.T.);
#8246 = VERTEX_POINT('',#8247);
#8247 = CARTESIAN_POINT('',(74.518165604289,-83.17732572852,6.3));
#8248 = LINE('',#8249,#8250);
#8249 = CARTESIAN_POINT('',(79.8869565685,-82.83907420238,6.3));
#8250 = VECTOR('',#8251,1.);
#8251 = DIRECTION('',(0.998021181468,6.287862388401E-02,0.));
#8252 = ORIENTED_EDGE('',*,*,#8253,.F.);
#8253 = EDGE_CURVE('',#2291,#8246,#8254,.T.);
#8254 = LINE('',#8255,#8256);
#8255 = CARTESIAN_POINT('',(74.518165604289,-83.17732572852,1.4));
#8256 = VECTOR('',#8257,1.);
#8257 = DIRECTION('',(0.,0.,1.));
#8258 = PLANE('',#8259);
#8259 = AXIS2_PLACEMENT_3D('',#8260,#8261,#8262);
#8260 = CARTESIAN_POINT('',(74.752241263092,-83.16257819051,1.4));
#8261 = DIRECTION('',(6.287862388401E-02,-0.998021181468,0.));
#8262 = DIRECTION('',(-0.998021181468,-6.287862388401E-02,0.));
#8263 = ADVANCED_FACE('',(#8264),#8282,.F.);
#8264 = FACE_BOUND('',#8265,.F.);
#8265 = EDGE_LOOP('',(#8266,#8267,#8275,#8281));
#8266 = ORIENTED_EDGE('',*,*,#898,.F.);
#8267 = ORIENTED_EDGE('',*,*,#8268,.T.);
#8268 = EDGE_CURVE('',#899,#8269,#8271,.T.);
#8269 = VERTEX_POINT('',#8270);
#8270 = CARTESIAN_POINT('',(35.078980722831,-92.92788004656,6.3));
#8271 = LINE('',#8272,#8273);
#8272 = CARTESIAN_POINT('',(35.078980722831,-92.92788004656,1.4));
#8273 = VECTOR('',#8274,1.);
#8274 = DIRECTION('',(0.,0.,1.));
#8275 = ORIENTED_EDGE('',*,*,#8276,.F.);
#8276 = EDGE_CURVE('',#8221,#8269,#8277,.T.);
#8277 = LINE('',#8278,#8279);
#8278 = CARTESIAN_POINT('',(63.781981523319,-80.29569973095,6.3));
#8279 = VECTOR('',#8280,1.);
#8280 = DIRECTION('',(0.915281410475,0.402815019134,0.));
#8281 = ORIENTED_EDGE('',*,*,#8220,.F.);
#8282 = PLANE('',#8283);
#8283 = AXIS2_PLACEMENT_3D('',#8284,#8285,#8286);
#8284 = CARTESIAN_POINT('',(35.078980722831,-92.92788004656,1.4));
#8285 = DIRECTION('',(0.402815019134,-0.915281410475,0.));
#8286 = DIRECTION('',(-0.915281410475,-0.402815019134,0.));
#8287 = ADVANCED_FACE('',(#8288),#8306,.F.);
#8288 = FACE_BOUND('',#8289,.F.);
#8289 = EDGE_LOOP('',(#8290,#8291,#8292,#8300));
#8290 = ORIENTED_EDGE('',*,*,#2290,.F.);
#8291 = ORIENTED_EDGE('',*,*,#8253,.T.);
#8292 = ORIENTED_EDGE('',*,*,#8293,.F.);
#8293 = EDGE_CURVE('',#8294,#8246,#8296,.T.);
#8294 = VERTEX_POINT('',#8295);
#8295 = CARTESIAN_POINT('',(74.284142336514,-83.19256867421,6.3));
#8296 = LINE('',#8297,#8298);
#8297 = CARTESIAN_POINT('',(79.808582801405,-82.83273801812,6.3));
#8298 = VECTOR('',#8299,1.);
#8299 = DIRECTION('',(0.997885486091,6.499658951015E-02,0.));
#8300 = ORIENTED_EDGE('',*,*,#8301,.F.);
#8301 = EDGE_CURVE('',#2283,#8294,#8302,.T.);
#8302 = LINE('',#8303,#8304);
#8303 = CARTESIAN_POINT('',(74.284142336514,-83.19256867421,1.4));
#8304 = VECTOR('',#8305,1.);
#8305 = DIRECTION('',(0.,0.,1.));
#8306 = PLANE('',#8307);
#8307 = AXIS2_PLACEMENT_3D('',#8308,#8309,#8310);
#8308 = CARTESIAN_POINT('',(74.518165604289,-83.17732572852,1.4));
#8309 = DIRECTION('',(6.499658951015E-02,-0.997885486091,0.));
#8310 = DIRECTION('',(-0.997885486091,-6.499658951015E-02,0.));
#8311 = ADVANCED_FACE('',(#8312),#8330,.F.);
#8312 = FACE_BOUND('',#8313,.F.);
#8313 = EDGE_LOOP('',(#8314,#8315,#8323,#8329));
#8314 = ORIENTED_EDGE('',*,*,#906,.F.);
#8315 = ORIENTED_EDGE('',*,*,#8316,.T.);
#8316 = EDGE_CURVE('',#907,#8317,#8319,.T.);
#8317 = VERTEX_POINT('',#8318);
#8318 = CARTESIAN_POINT('',(35.295521537558,-92.8330706794,6.3));
#8319 = LINE('',#8320,#8321);
#8320 = CARTESIAN_POINT('',(35.295521537558,-92.8330706794,1.4));
#8321 = VECTOR('',#8322,1.);
#8322 = DIRECTION('',(0.,0.,1.));
#8323 = ORIENTED_EDGE('',*,*,#8324,.F.);
#8324 = EDGE_CURVE('',#8269,#8317,#8325,.T.);
#8325 = LINE('',#8326,#8327);
#8326 = CARTESIAN_POINT('',(63.892969620053,-80.31207800417,6.3));
#8327 = VECTOR('',#8328,1.);
#8328 = DIRECTION('',(0.916044268964,0.40107717125,0.));
#8329 = ORIENTED_EDGE('',*,*,#8268,.F.);
#8330 = PLANE('',#8331);
#8331 = AXIS2_PLACEMENT_3D('',#8332,#8333,#8334);
#8332 = CARTESIAN_POINT('',(35.295521537558,-92.8330706794,1.4));
#8333 = DIRECTION('',(0.40107717125,-0.916044268964,0.));
#8334 = DIRECTION('',(-0.916044268964,-0.40107717125,0.));
#8335 = ADVANCED_FACE('',(#8336),#8354,.F.);
#8336 = FACE_BOUND('',#8337,.F.);
#8337 = EDGE_LOOP('',(#8338,#8339,#8340,#8348));
#8338 = ORIENTED_EDGE('',*,*,#2282,.F.);
#8339 = ORIENTED_EDGE('',*,*,#8301,.T.);
#8340 = ORIENTED_EDGE('',*,*,#8341,.F.);
#8341 = EDGE_CURVE('',#8342,#8294,#8344,.T.);
#8342 = VERTEX_POINT('',#8343);
#8343 = CARTESIAN_POINT('',(74.050172025171,-83.20830662079,6.3));
#8344 = LINE('',#8345,#8346);
#8345 = CARTESIAN_POINT('',(79.730138083364,-82.82624531624,6.3));
#8346 = VECTOR('',#8347,1.);
#8347 = DIRECTION('',(0.997745376956,6.711305955329E-02,0.));
#8348 = ORIENTED_EDGE('',*,*,#8349,.F.);
#8349 = EDGE_CURVE('',#2275,#8342,#8350,.T.);
#8350 = LINE('',#8351,#8352);
#8351 = CARTESIAN_POINT('',(74.050172025171,-83.20830662079,1.4));
#8352 = VECTOR('',#8353,1.);
#8353 = DIRECTION('',(0.,0.,1.));
#8354 = PLANE('',#8355);
#8355 = AXIS2_PLACEMENT_3D('',#8356,#8357,#8358);
#8356 = CARTESIAN_POINT('',(74.284142336514,-83.19256867421,1.4));
#8357 = DIRECTION('',(6.711305955329E-02,-0.997745376956,0.));
#8358 = DIRECTION('',(-0.997745376956,-6.711305955329E-02,0.));
#8359 = ADVANCED_FACE('',(#8360),#8378,.F.);
#8360 = FACE_BOUND('',#8361,.F.);
#8361 = EDGE_LOOP('',(#8362,#8363,#8371,#8377));
#8362 = ORIENTED_EDGE('',*,*,#914,.F.);
#8363 = ORIENTED_EDGE('',*,*,#8364,.T.);
#8364 = EDGE_CURVE('',#915,#8365,#8367,.T.);
#8365 = VERTEX_POINT('',#8366);
#8366 = CARTESIAN_POINT('',(35.512211062521,-92.73868619603,6.3));
#8367 = LINE('',#8368,#8369);
#8368 = CARTESIAN_POINT('',(35.512211062521,-92.73868619603,1.4));
#8369 = VECTOR('',#8370,1.);
#8370 = DIRECTION('',(0.,0.,1.));
#8371 = ORIENTED_EDGE('',*,*,#8372,.F.);
#8372 = EDGE_CURVE('',#8317,#8365,#8373,.T.);
#8373 = LINE('',#8374,#8375);
#8374 = CARTESIAN_POINT('',(64.003701776229,-80.32851255339,6.3));
#8375 = VECTOR('',#8376,1.);
#8376 = DIRECTION('',(0.916804300192,0.399336794134,0.));
#8377 = ORIENTED_EDGE('',*,*,#8316,.F.);
#8378 = PLANE('',#8379);
#8379 = AXIS2_PLACEMENT_3D('',#8380,#8381,#8382);
#8380 = CARTESIAN_POINT('',(35.512211062521,-92.73868619603,1.4));
#8381 = DIRECTION('',(0.399336794134,-0.916804300192,0.));
#8382 = DIRECTION('',(-0.916804300192,-0.399336794134,0.));
#8383 = ADVANCED_FACE('',(#8384),#8402,.F.);
#8384 = FACE_BOUND('',#8385,.F.);
#8385 = EDGE_LOOP('',(#8386,#8387,#8388,#8396));
#8386 = ORIENTED_EDGE('',*,*,#2274,.F.);
#8387 = ORIENTED_EDGE('',*,*,#8349,.T.);
#8388 = ORIENTED_EDGE('',*,*,#8389,.F.);
#8389 = EDGE_CURVE('',#8390,#8342,#8392,.T.);
#8390 = VERTEX_POINT('',#8391);
#8391 = CARTESIAN_POINT('',(73.816255235578,-83.2245391614,6.3));
#8392 = LINE('',#8393,#8394);
#8393 = CARTESIAN_POINT('',(79.651620480431,-82.8195968592,6.3));
#8394 = VECTOR('',#8395,1.);
#8395 = DIRECTION('',(0.997600862597,6.92280213881E-02,0.));
#8396 = ORIENTED_EDGE('',*,*,#8397,.F.);
#8397 = EDGE_CURVE('',#2267,#8390,#8398,.T.);
#8398 = LINE('',#8399,#8400);
#8399 = CARTESIAN_POINT('',(73.816255235578,-83.2245391614,1.4));
#8400 = VECTOR('',#8401,1.);
#8401 = DIRECTION('',(0.,0.,1.));
#8402 = PLANE('',#8403);
#8403 = AXIS2_PLACEMENT_3D('',#8404,#8405,#8406);
#8404 = CARTESIAN_POINT('',(74.050172025171,-83.20830662079,1.4));
#8405 = DIRECTION('',(6.92280213881E-02,-0.997600862597,0.));
#8406 = DIRECTION('',(-0.997600862597,-6.92280213881E-02,0.));
#8407 = ADVANCED_FACE('',(#8408),#8426,.F.);
#8408 = FACE_BOUND('',#8409,.F.);
#8409 = EDGE_LOOP('',(#8410,#8411,#8419,#8425));
#8410 = ORIENTED_EDGE('',*,*,#922,.F.);
#8411 = ORIENTED_EDGE('',*,*,#8412,.T.);
#8412 = EDGE_CURVE('',#923,#8413,#8415,.T.);
#8413 = VERTEX_POINT('',#8414);
#8414 = CARTESIAN_POINT('',(35.729048747608,-92.64472700228,6.3));
#8415 = LINE('',#8416,#8417);
#8416 = CARTESIAN_POINT('',(35.729048747608,-92.64472700228,1.4));
#8417 = VECTOR('',#8418,1.);
#8418 = DIRECTION('',(0.,0.,1.));
#8419 = ORIENTED_EDGE('',*,*,#8420,.F.);
#8420 = EDGE_CURVE('',#8365,#8413,#8421,.T.);
#8421 = LINE('',#8422,#8423);
#8422 = CARTESIAN_POINT('',(64.114178306537,-80.34500204047,6.3));
#8423 = VECTOR('',#8424,1.);
#8424 = DIRECTION('',(0.917561496414,0.397593888659,0.));
#8425 = ORIENTED_EDGE('',*,*,#8364,.F.);
#8426 = PLANE('',#8427);
#8427 = AXIS2_PLACEMENT_3D('',#8428,#8429,#8430);
#8428 = CARTESIAN_POINT('',(35.729048747608,-92.64472700228,1.4));
#8429 = DIRECTION('',(0.397593888659,-0.917561496414,0.));
#8430 = DIRECTION('',(-0.917561496414,-0.397593888659,0.));
#8431 = ADVANCED_FACE('',(#8432),#8450,.F.);
#8432 = FACE_BOUND('',#8433,.F.);
#8433 = EDGE_LOOP('',(#8434,#8435,#8436,#8444));
#8434 = ORIENTED_EDGE('',*,*,#2266,.F.);
#8435 = ORIENTED_EDGE('',*,*,#8397,.T.);
#8436 = ORIENTED_EDGE('',*,*,#8437,.F.);
#8437 = EDGE_CURVE('',#8438,#8390,#8440,.T.);
#8438 = VERTEX_POINT('',#8439);
#8439 = CARTESIAN_POINT('',(73.582392532896,-83.24126588914,6.3));
#8440 = LINE('',#8441,#8442);
#8441 = CARTESIAN_POINT('',(79.573028068326,-82.81279342028,6.3));
#8442 = VECTOR('',#8443,1.);
#8443 = DIRECTION('',(0.997451951591,7.134146247649E-02,0.));
#8444 = ORIENTED_EDGE('',*,*,#8445,.F.);
#8445 = EDGE_CURVE('',#2259,#8438,#8446,.T.);
#8446 = LINE('',#8447,#8448);
#8447 = CARTESIAN_POINT('',(73.582392532896,-83.24126588914,1.4));
#8448 = VECTOR('',#8449,1.);
#8449 = DIRECTION('',(0.,0.,1.));
#8450 = PLANE('',#8451);
#8451 = AXIS2_PLACEMENT_3D('',#8452,#8453,#8454);
#8452 = CARTESIAN_POINT('',(73.816255235578,-83.2245391614,1.4));
#8453 = DIRECTION('',(7.134146247649E-02,-0.997451951591,0.));
#8454 = DIRECTION('',(-0.997451951591,-7.134146247649E-02,0.));
#8455 = ADVANCED_FACE('',(#8456),#8474,.F.);
#8456 = FACE_BOUND('',#8457,.F.);
#8457 = EDGE_LOOP('',(#8458,#8459,#8467,#8473));
#8458 = ORIENTED_EDGE('',*,*,#930,.F.);
#8459 = ORIENTED_EDGE('',*,*,#8460,.T.);
#8460 = EDGE_CURVE('',#931,#8461,#8463,.T.);
#8461 = VERTEX_POINT('',#8462);
#8462 = CARTESIAN_POINT('',(35.946034042671,-92.55119350399,6.3));
#8463 = LINE('',#8464,#8465);
#8464 = CARTESIAN_POINT('',(35.946034042671,-92.55119350399,1.4));
#8465 = VECTOR('',#8466,1.);
#8466 = DIRECTION('',(0.,0.,1.));
#8467 = ORIENTED_EDGE('',*,*,#8468,.F.);
#8468 = EDGE_CURVE('',#8413,#8461,#8469,.T.);
#8469 = LINE('',#8470,#8471);
#8470 = CARTESIAN_POINT('',(64.224399532211,-80.36154512578,6.3));
#8471 = VECTOR('',#8472,1.);
#8472 = DIRECTION('',(0.918315849852,0.395848455738,0.));
#8473 = ORIENTED_EDGE('',*,*,#8412,.F.);
#8474 = PLANE('',#8475);
#8475 = AXIS2_PLACEMENT_3D('',#8476,#8477,#8478);
#8476 = CARTESIAN_POINT('',(35.946034042671,-92.55119350399,1.4));
#8477 = DIRECTION('',(0.395848455738,-0.918315849852,0.));
#8478 = DIRECTION('',(-0.918315849852,-0.395848455738,0.));
#8479 = ADVANCED_FACE('',(#8480),#8498,.F.);
#8480 = FACE_BOUND('',#8481,.F.);
#8481 = EDGE_LOOP('',(#8482,#8483,#8484,#8492));
#8482 = ORIENTED_EDGE('',*,*,#2258,.F.);
#8483 = ORIENTED_EDGE('',*,*,#8445,.T.);
#8484 = ORIENTED_EDGE('',*,*,#8485,.F.);
#8485 = EDGE_CURVE('',#8486,#8438,#8488,.T.);
#8486 = VERTEX_POINT('',#8487);
#8487 = CARTESIAN_POINT('',(73.34858448224,-83.25848639705,6.3));
#8488 = LINE('',#8489,#8490);
#8489 = CARTESIAN_POINT('',(79.494358932454,-82.80583578358,6.3));
#8490 = VECTOR('',#8491,1.);
#8491 = DIRECTION('',(0.997298652552,7.345337036838E-02,0.));
#8492 = ORIENTED_EDGE('',*,*,#8493,.F.);
#8493 = EDGE_CURVE('',#2251,#8486,#8494,.T.);
#8494 = LINE('',#8495,#8496);
#8495 = CARTESIAN_POINT('',(73.34858448224,-83.25848639705,1.4));
#8496 = VECTOR('',#8497,1.);
#8497 = DIRECTION('',(0.,0.,1.));
#8498 = PLANE('',#8499);
#8499 = AXIS2_PLACEMENT_3D('',#8500,#8501,#8502);
#8500 = CARTESIAN_POINT('',(73.582392532896,-83.24126588914,1.4));
#8501 = DIRECTION('',(7.345337036838E-02,-0.997298652552,0.));
#8502 = DIRECTION('',(-0.997298652552,-7.345337036838E-02,0.));
#8503 = ADVANCED_FACE('',(#8504),#8522,.F.);
#8504 = FACE_BOUND('',#8505,.F.);
#8505 = EDGE_LOOP('',(#8506,#8507,#8515,#8521));
#8506 = ORIENTED_EDGE('',*,*,#938,.F.);
#8507 = ORIENTED_EDGE('',*,*,#8508,.T.);
#8508 = EDGE_CURVE('',#939,#8509,#8511,.T.);
#8509 = VERTEX_POINT('',#8510);
#8510 = CARTESIAN_POINT('',(36.163166397495,-92.45808610707,6.3));
#8511 = LINE('',#8512,#8513);
#8512 = CARTESIAN_POINT('',(36.163166397495,-92.45808610707,1.4));
#8513 = VECTOR('',#8514,1.);
#8514 = DIRECTION('',(0.,0.,1.));
#8515 = ORIENTED_EDGE('',*,*,#8516,.F.);
#8516 = EDGE_CURVE('',#8461,#8509,#8517,.T.);
#8517 = LINE('',#8518,#8519);
#8518 = CARTESIAN_POINT('',(64.334365781056,-80.37814046834,6.3));
#8519 = VECTOR('',#8520,1.);
#8520 = DIRECTION('',(0.919067352701,0.394100496319,0.));
#8521 = ORIENTED_EDGE('',*,*,#8460,.F.);
#8522 = PLANE('',#8523);
#8523 = AXIS2_PLACEMENT_3D('',#8524,#8525,#8526);
#8524 = CARTESIAN_POINT('',(36.163166397495,-92.45808610707,1.4));
#8525 = DIRECTION('',(0.394100496319,-0.919067352701,0.));
#8526 = DIRECTION('',(-0.919067352701,-0.394100496319,0.));
#8527 = ADVANCED_FACE('',(#8528),#8546,.F.);
#8528 = FACE_BOUND('',#8529,.F.);
#8529 = EDGE_LOOP('',(#8530,#8531,#8532,#8540));
#8530 = ORIENTED_EDGE('',*,*,#2250,.F.);
#8531 = ORIENTED_EDGE('',*,*,#8493,.T.);
#8532 = ORIENTED_EDGE('',*,*,#8533,.F.);
#8533 = EDGE_CURVE('',#8534,#8486,#8536,.T.);
#8534 = VERTEX_POINT('',#8535);
#8535 = CARTESIAN_POINT('',(73.114831648528,-83.27620027814,6.3));
#8536 = LINE('',#8537,#8538);
#8537 = CARTESIAN_POINT('',(79.415611168013,-82.79872474382,6.3));
#8538 = VECTOR('',#8539,1.);
#8539 = DIRECTION('',(0.997140974136,7.556373270142E-02,0.));
#8540 = ORIENTED_EDGE('',*,*,#8541,.F.);
#8541 = EDGE_CURVE('',#2243,#8534,#8542,.T.);
#8542 = LINE('',#8543,#8544);
#8543 = CARTESIAN_POINT('',(73.114831648528,-83.27620027814,1.4));
#8544 = VECTOR('',#8545,1.);
#8545 = DIRECTION('',(0.,0.,1.));
#8546 = PLANE('',#8547);
#8547 = AXIS2_PLACEMENT_3D('',#8548,#8549,#8550);
#8548 = CARTESIAN_POINT('',(73.34858448224,-83.25848639705,1.4));
#8549 = DIRECTION('',(7.556373270142E-02,-0.997140974136,0.));
#8550 = DIRECTION('',(-0.997140974136,-7.556373270142E-02,0.));
#8551 = ADVANCED_FACE('',(#8552),#8570,.F.);
#8552 = FACE_BOUND('',#8553,.F.);
#8553 = EDGE_LOOP('',(#8554,#8555,#8563,#8569));
#8554 = ORIENTED_EDGE('',*,*,#946,.F.);
#8555 = ORIENTED_EDGE('',*,*,#8556,.T.);
#8556 = EDGE_CURVE('',#947,#8557,#8559,.T.);
#8557 = VERTEX_POINT('',#8558);
#8558 = CARTESIAN_POINT('',(36.38044526184,-92.36540521745,6.3));
#8559 = LINE('',#8560,#8561);
#8560 = CARTESIAN_POINT('',(36.38044526184,-92.36540521745,1.4));
#8561 = VECTOR('',#8562,1.);
#8562 = DIRECTION('',(0.,0.,1.));
#8563 = ORIENTED_EDGE('',*,*,#8564,.F.);
#8564 = EDGE_CURVE('',#8509,#8557,#8565,.T.);
#8565 = LINE('',#8566,#8567);
#8566 = CARTESIAN_POINT('',(64.444077387516,-80.39478672571,6.3));
#8567 = VECTOR('',#8568,1.);
#8568 = DIRECTION('',(0.919815997122,0.39235001139,0.));
#8569 = ORIENTED_EDGE('',*,*,#8508,.F.);
#8570 = PLANE('',#8571);
#8571 = AXIS2_PLACEMENT_3D('',#8572,#8573,#8574);
#8572 = CARTESIAN_POINT('',(36.38044526184,-92.36540521745,1.4));
#8573 = DIRECTION('',(0.39235001139,-0.919815997122,0.));
#8574 = DIRECTION('',(-0.919815997122,-0.39235001139,0.));
#8575 = ADVANCED_FACE('',(#8576),#8594,.F.);
#8576 = FACE_BOUND('',#8577,.F.);
#8577 = EDGE_LOOP('',(#8578,#8579,#8580,#8588));
#8578 = ORIENTED_EDGE('',*,*,#2242,.F.);
#8579 = ORIENTED_EDGE('',*,*,#8541,.T.);
#8580 = ORIENTED_EDGE('',*,*,#8581,.F.);
#8581 = EDGE_CURVE('',#8582,#8534,#8584,.T.);
#8582 = VERTEX_POINT('',#8583);
#8583 = CARTESIAN_POINT('',(72.881134596639,-83.29440712535,6.3));
#8584 = LINE('',#8585,#8586);
#8585 = CARTESIAN_POINT('',(79.336782879954,-82.79146110628,6.3));
#8586 = VECTOR('',#8587,1.);
#8587 = DIRECTION('',(0.996978925035,7.767253720088E-02,0.));
#8588 = ORIENTED_EDGE('',*,*,#8589,.F.);
#8589 = EDGE_CURVE('',#2235,#8582,#8590,.T.);
#8590 = LINE('',#8591,#8592);
#8591 = CARTESIAN_POINT('',(72.881134596639,-83.29440712535,1.4));
#8592 = VECTOR('',#8593,1.);
#8593 = DIRECTION('',(0.,0.,1.));
#8594 = PLANE('',#8595);
#8595 = AXIS2_PLACEMENT_3D('',#8596,#8597,#8598);
#8596 = CARTESIAN_POINT('',(73.114831648528,-83.27620027814,1.4));
#8597 = DIRECTION('',(7.767253720088E-02,-0.996978925035,0.));
#8598 = DIRECTION('',(-0.996978925035,-7.767253720088E-02,0.));
#8599 = ADVANCED_FACE('',(#8600),#8618,.F.);
#8600 = FACE_BOUND('',#8601,.F.);
#8601 = EDGE_LOOP('',(#8602,#8603,#8611,#8617));
#8602 = ORIENTED_EDGE('',*,*,#954,.F.);
#8603 = ORIENTED_EDGE('',*,*,#8604,.T.);
#8604 = EDGE_CURVE('',#955,#8605,#8607,.T.);
#8605 = VERTEX_POINT('',#8606);
#8606 = CARTESIAN_POINT('',(36.597870085387,-92.27315124111,6.3));
#8607 = LINE('',#8608,#8609);
#8608 = CARTESIAN_POINT('',(36.597870085387,-92.27315124111,1.4));
#8609 = VECTOR('',#8610,1.);
#8610 = DIRECTION('',(0.,0.,1.));
#8611 = ORIENTED_EDGE('',*,*,#8612,.F.);
#8612 = EDGE_CURVE('',#8557,#8605,#8613,.T.);
#8613 = LINE('',#8614,#8615);
#8614 = CARTESIAN_POINT('',(64.553534692692,-80.41148255413,6.3));
#8615 = VECTOR('',#8616,1.);
#8616 = DIRECTION('',(0.920561775247,0.390597001977,0.));
#8617 = ORIENTED_EDGE('',*,*,#8556,.F.);
#8618 = PLANE('',#8619);
#8619 = AXIS2_PLACEMENT_3D('',#8620,#8621,#8622);
#8620 = CARTESIAN_POINT('',(36.597870085387,-92.27315124111,1.4));
#8621 = DIRECTION('',(0.390597001977,-0.920561775247,0.));
#8622 = DIRECTION('',(-0.920561775247,-0.390597001977,0.));
#8623 = ADVANCED_FACE('',(#8624),#8642,.F.);
#8624 = FACE_BOUND('',#8625,.F.);
#8625 = EDGE_LOOP('',(#8626,#8627,#8628,#8636));
#8626 = ORIENTED_EDGE('',*,*,#2234,.F.);
#8627 = ORIENTED_EDGE('',*,*,#8589,.T.);
#8628 = ORIENTED_EDGE('',*,*,#8629,.F.);
#8629 = EDGE_CURVE('',#8630,#8582,#8632,.T.);
#8630 = VERTEX_POINT('',#8631);
#8631 = CARTESIAN_POINT('',(72.647493891296,-83.31310653157,6.3));
#8632 = LINE('',#8633,#8634);
#8633 = CARTESIAN_POINT('',(79.257872183118,-82.78404568669,6.3));
#8634 = VECTOR('',#8635,1.);
#8635 = DIRECTION('',(0.996812513982,7.977977168004E-02,0.));
#8636 = ORIENTED_EDGE('',*,*,#8637,.F.);
#8637 = EDGE_CURVE('',#2227,#8630,#8638,.T.);
#8638 = LINE('',#8639,#8640);
#8639 = CARTESIAN_POINT('',(72.647493891296,-83.31310653157,1.4));
#8640 = VECTOR('',#8641,1.);
#8641 = DIRECTION('',(0.,0.,1.));
#8642 = PLANE('',#8643);
#8643 = AXIS2_PLACEMENT_3D('',#8644,#8645,#8646);
#8644 = CARTESIAN_POINT('',(72.881134596639,-83.29440712535,1.4));
#8645 = DIRECTION('',(7.977977168004E-02,-0.996812513982,0.));
#8646 = DIRECTION('',(-0.996812513982,-7.977977168004E-02,0.));
#8647 = ADVANCED_FACE('',(#8648),#8666,.F.);
#8648 = FACE_BOUND('',#8649,.F.);
#8649 = EDGE_LOOP('',(#8650,#8651,#8659,#8665));
#8650 = ORIENTED_EDGE('',*,*,#962,.F.);
#8651 = ORIENTED_EDGE('',*,*,#8652,.T.);
#8652 = EDGE_CURVE('',#963,#8653,#8655,.T.);
#8653 = VERTEX_POINT('',#8654);
#8654 = CARTESIAN_POINT('',(36.815440317768,-92.18132458408,6.3));
#8655 = LINE('',#8656,#8657);
#8656 = CARTESIAN_POINT('',(36.815440317768,-92.18132458408,1.4));
#8657 = VECTOR('',#8658,1.);
#8658 = DIRECTION('',(0.,0.,1.));
#8659 = ORIENTED_EDGE('',*,*,#8660,.F.);
#8660 = EDGE_CURVE('',#8605,#8653,#8661,.T.);
#8661 = LINE('',#8662,#8663);
#8662 = CARTESIAN_POINT('',(64.6627380444,-80.42822660845,6.3));
#8663 = VECTOR('',#8664,1.);
#8664 = DIRECTION('',(0.921304679177,0.388841469146,0.));
#8665 = ORIENTED_EDGE('',*,*,#8604,.F.);
#8666 = PLANE('',#8667);
#8667 = AXIS2_PLACEMENT_3D('',#8668,#8669,#8670);
#8668 = CARTESIAN_POINT('',(36.815440317768,-92.18132458408,1.4));
#8669 = DIRECTION('',(0.388841469146,-0.921304679177,0.));
#8670 = DIRECTION('',(-0.921304679177,-0.388841469146,0.));
#8671 = ADVANCED_FACE('',(#8672),#8690,.F.);
#8672 = FACE_BOUND('',#8673,.F.);
#8673 = EDGE_LOOP('',(#8674,#8675,#8676,#8684));
#8674 = ORIENTED_EDGE('',*,*,#2226,.F.);
#8675 = ORIENTED_EDGE('',*,*,#8637,.T.);
#8676 = ORIENTED_EDGE('',*,*,#8677,.F.);
#8677 = EDGE_CURVE('',#8678,#8630,#8680,.T.);
#8678 = VERTEX_POINT('',#8679);
#8679 = CARTESIAN_POINT('',(72.41391009711,-83.33229808966,6.3));
#8680 = LINE('',#8681,#8682);
#8681 = CARTESIAN_POINT('',(79.178877202206,-82.77647931109,6.3));
#8682 = VECTOR('',#8683,1.);
#8683 = DIRECTION('',(0.996641749743,8.188542403963E-02,0.));
#8684 = ORIENTED_EDGE('',*,*,#8685,.F.);
#8685 = EDGE_CURVE('',#2219,#8678,#8686,.T.);
#8686 = LINE('',#8687,#8688);
#8687 = CARTESIAN_POINT('',(72.41391009711,-83.33229808966,1.4));
#8688 = VECTOR('',#8689,1.);
#8689 = DIRECTION('',(0.,0.,1.));
#8690 = PLANE('',#8691);
#8691 = AXIS2_PLACEMENT_3D('',#8692,#8693,#8694);
#8692 = CARTESIAN_POINT('',(72.647493891296,-83.31310653157,1.4));
#8693 = DIRECTION('',(8.188542403963E-02,-0.996641749743,0.));
#8694 = DIRECTION('',(-0.996641749743,-8.188542403963E-02,0.));
#8695 = ADVANCED_FACE('',(#8696),#8714,.F.);
#8696 = FACE_BOUND('',#8697,.F.);
#8697 = EDGE_LOOP('',(#8698,#8699,#8707,#8713));
#8698 = ORIENTED_EDGE('',*,*,#970,.F.);
#8699 = ORIENTED_EDGE('',*,*,#8700,.T.);
#8700 = EDGE_CURVE('',#971,#8701,#8703,.T.);
#8701 = VERTEX_POINT('',#8702);
#8702 = CARTESIAN_POINT('',(37.0331554086,-92.08992565239,6.3));
#8703 = LINE('',#8704,#8705);
#8704 = CARTESIAN_POINT('',(37.0331554086,-92.08992565239,1.4));
#8705 = VECTOR('',#8706,1.);
#8706 = DIRECTION('',(0.,0.,1.));
#8707 = ORIENTED_EDGE('',*,*,#8708,.F.);
#8708 = EDGE_CURVE('',#8653,#8701,#8709,.T.);
#8709 = LINE('',#8710,#8711);
#8710 = CARTESIAN_POINT('',(64.771687797236,-80.44501754221,6.3));
#8711 = VECTOR('',#8712,1.);
#8712 = DIRECTION('',(0.92204470098,0.387083414001,0.));
#8713 = ORIENTED_EDGE('',*,*,#8652,.F.);
#8714 = PLANE('',#8715);
#8715 = AXIS2_PLACEMENT_3D('',#8716,#8717,#8718);
#8716 = CARTESIAN_POINT('',(37.0331554086,-92.08992565239,1.4));
#8717 = DIRECTION('',(0.387083414001,-0.92204470098,0.));
#8718 = DIRECTION('',(-0.92204470098,-0.387083414001,0.));
#8719 = ADVANCED_FACE('',(#8720),#8738,.F.);
#8720 = FACE_BOUND('',#8721,.F.);
#8721 = EDGE_LOOP('',(#8722,#8723,#8724,#8732));
#8722 = ORIENTED_EDGE('',*,*,#2218,.F.);
#8723 = ORIENTED_EDGE('',*,*,#8685,.T.);
#8724 = ORIENTED_EDGE('',*,*,#8725,.F.);
#8725 = EDGE_CURVE('',#8726,#8678,#8728,.T.);
#8726 = VERTEX_POINT('',#8727);
#8727 = CARTESIAN_POINT('',(72.180383778593,-83.35198139242,6.3));
#8728 = LINE('',#8729,#8730);
#8729 = CARTESIAN_POINT('',(79.099796071865,-82.76876281577,6.3));
#8730 = VECTOR('',#8731,1.);
#8731 = DIRECTION('',(0.996466641122,8.398948226859E-02,0.));
#8732 = ORIENTED_EDGE('',*,*,#8733,.F.);
#8733 = EDGE_CURVE('',#2211,#8726,#8734,.T.);
#8734 = LINE('',#8735,#8736);
#8735 = CARTESIAN_POINT('',(72.180383778593,-83.35198139242,1.4));
#8736 = VECTOR('',#8737,1.);
#8737 = DIRECTION('',(0.,0.,1.));
#8738 = PLANE('',#8739);
#8739 = AXIS2_PLACEMENT_3D('',#8740,#8741,#8742);
#8740 = CARTESIAN_POINT('',(72.41391009711,-83.33229808966,1.4));
#8741 = DIRECTION('',(8.398948226859E-02,-0.996466641122,0.));
#8742 = DIRECTION('',(-0.996466641122,-8.398948226859E-02,0.));
#8743 = ADVANCED_FACE('',(#8744),#8762,.F.);
#8744 = FACE_BOUND('',#8745,.F.);
#8745 = EDGE_LOOP('',(#8746,#8747,#8755,#8761));
#8746 = ORIENTED_EDGE('',*,*,#978,.F.);
#8747 = ORIENTED_EDGE('',*,*,#8748,.T.);
#8748 = EDGE_CURVE('',#979,#8749,#8751,.T.);
#8749 = VERTEX_POINT('',#8750);
#8750 = CARTESIAN_POINT('',(37.2510148074,-91.99895485215,6.3));
#8751 = LINE('',#8752,#8753);
#8752 = CARTESIAN_POINT('',(37.2510148074,-91.99895485215,1.4));
#8753 = VECTOR('',#8754,1.);
#8754 = DIRECTION('',(0.,0.,1.));
#8755 = ORIENTED_EDGE('',*,*,#8756,.F.);
#8756 = EDGE_CURVE('',#8701,#8749,#8757,.T.);
#8757 = LINE('',#8758,#8759);
#8758 = CARTESIAN_POINT('',(64.880384312579,-80.46185400766,6.3));
#8759 = VECTOR('',#8760,1.);
#8760 = DIRECTION('',(0.922781832697,0.385322837689,0.));
#8761 = ORIENTED_EDGE('',*,*,#8700,.F.);
#8762 = PLANE('',#8763);
#8763 = AXIS2_PLACEMENT_3D('',#8764,#8765,#8766);
#8764 = CARTESIAN_POINT('',(37.2510148074,-91.99895485215,1.4));
#8765 = DIRECTION('',(0.385322837689,-0.922781832697,0.));
#8766 = DIRECTION('',(-0.922781832697,-0.385322837689,0.));
#8767 = ADVANCED_FACE('',(#8768),#8786,.F.);
#8768 = FACE_BOUND('',#8769,.F.);
#8769 = EDGE_LOOP('',(#8770,#8771,#8772,#8780));
#8770 = ORIENTED_EDGE('',*,*,#2210,.F.);
#8771 = ORIENTED_EDGE('',*,*,#8733,.T.);
#8772 = ORIENTED_EDGE('',*,*,#8773,.F.);
#8773 = EDGE_CURVE('',#8774,#8726,#8776,.T.);
#8774 = VERTEX_POINT('',#8775);
#8775 = CARTESIAN_POINT('',(71.946915500136,-83.37215603261,6.3));
#8776 = LINE('',#8777,#8778);
#8777 = CARTESIAN_POINT('',(79.020626936712,-82.76089704712,6.3));
#8778 = VECTOR('',#8779,1.);
#8779 = DIRECTION('',(0.996287196959,8.609193444327E-02,0.));
#8780 = ORIENTED_EDGE('',*,*,#8781,.F.);
#8781 = EDGE_CURVE('',#2203,#8774,#8782,.T.);
#8782 = LINE('',#8783,#8784);
#8783 = CARTESIAN_POINT('',(71.946915500136,-83.37215603261,1.4));
#8784 = VECTOR('',#8785,1.);
#8785 = DIRECTION('',(0.,0.,1.));
#8786 = PLANE('',#8787);
#8787 = AXIS2_PLACEMENT_3D('',#8788,#8789,#8790);
#8788 = CARTESIAN_POINT('',(72.180383778593,-83.35198139242,1.4));
#8789 = DIRECTION('',(8.609193444327E-02,-0.996287196959,0.));
#8790 = DIRECTION('',(-0.996287196959,-8.609193444327E-02,0.));
#8791 = ADVANCED_FACE('',(#8792),#8810,.F.);
#8792 = FACE_BOUND('',#8793,.F.);
#8793 = EDGE_LOOP('',(#8794,#8795,#8803,#8809));
#8794 = ORIENTED_EDGE('',*,*,#986,.F.);
#8795 = ORIENTED_EDGE('',*,*,#8796,.T.);
#8796 = EDGE_CURVE('',#987,#8797,#8799,.T.);
#8797 = VERTEX_POINT('',#8798);
#8798 = CARTESIAN_POINT('',(37.469017963663,-91.9084125895,6.3));
#8799 = LINE('',#8800,#8801);
#8800 = CARTESIAN_POINT('',(37.469017963663,-91.9084125895,1.4));
#8801 = VECTOR('',#8802,1.);
#8802 = DIRECTION('',(0.,0.,1.));
#8803 = ORIENTED_EDGE('',*,*,#8804,.F.);
#8804 = EDGE_CURVE('',#8749,#8797,#8805,.T.);
#8805 = LINE('',#8806,#8807);
#8806 = CARTESIAN_POINT('',(64.988827958674,-80.47873465573,6.3));
#8807 = VECTOR('',#8808,1.);
#8808 = DIRECTION('',(0.923516066337,0.383559741394,0.));
#8809 = ORIENTED_EDGE('',*,*,#8748,.F.);
#8810 = PLANE('',#8811);
#8811 = AXIS2_PLACEMENT_3D('',#8812,#8813,#8814);
#8812 = CARTESIAN_POINT('',(37.469017963663,-91.9084125895,1.4));
#8813 = DIRECTION('',(0.383559741394,-0.923516066337,0.));
#8814 = DIRECTION('',(-0.923516066337,-0.383559741394,0.));
#8815 = ADVANCED_FACE('',(#8816),#8834,.F.);
#8816 = FACE_BOUND('',#8817,.F.);
#8817 = EDGE_LOOP('',(#8818,#8819,#8820,#8828));
#8818 = ORIENTED_EDGE('',*,*,#2202,.F.);
#8819 = ORIENTED_EDGE('',*,*,#8781,.T.);
#8820 = ORIENTED_EDGE('',*,*,#8821,.F.);
#8821 = EDGE_CURVE('',#8822,#8774,#8824,.T.);
#8822 = VERTEX_POINT('',#8823);
#8823 = CARTESIAN_POINT('',(71.713505825999,-83.39282160294,6.3));
#8824 = LINE('',#8825,#8826);
#8825 = CARTESIAN_POINT('',(78.941367951383,-82.75288286154,6.3));
#8826 = VECTOR('',#8827,1.);
#8827 = DIRECTION('',(0.996103426128,8.819276872788E-02,0.));
#8828 = ORIENTED_EDGE('',*,*,#8829,.F.);
#8829 = EDGE_CURVE('',#2195,#8822,#8830,.T.);
#8830 = LINE('',#8831,#8832);
#8831 = CARTESIAN_POINT('',(71.713505825999,-83.39282160294,1.4));
#8832 = VECTOR('',#8833,1.);
#8833 = DIRECTION('',(0.,0.,1.));
#8834 = PLANE('',#8835);
#8835 = AXIS2_PLACEMENT_3D('',#8836,#8837,#8838);
#8836 = CARTESIAN_POINT('',(71.946915500136,-83.37215603261,1.4));
#8837 = DIRECTION('',(8.819276872788E-02,-0.996103426128,0.));
#8838 = DIRECTION('',(-0.996103426128,-8.819276872788E-02,0.));
#8839 = ADVANCED_FACE('',(#8840),#8858,.F.);
#8840 = FACE_BOUND('',#8841,.F.);
#8841 = EDGE_LOOP('',(#8842,#8843,#8851,#8857));
#8842 = ORIENTED_EDGE('',*,*,#994,.F.);
#8843 = ORIENTED_EDGE('',*,*,#8844,.T.);
#8844 = EDGE_CURVE('',#995,#8845,#8847,.T.);
#8845 = VERTEX_POINT('',#8846);
#8846 = CARTESIAN_POINT('',(37.687164326827,-91.81829927061,6.3));
#8847 = LINE('',#8848,#8849);
#8848 = CARTESIAN_POINT('',(37.687164326827,-91.81829927061,1.4));
#8849 = VECTOR('',#8850,1.);
#8850 = DIRECTION('',(0.,0.,1.));
#8851 = ORIENTED_EDGE('',*,*,#8852,.F.);
#8852 = EDGE_CURVE('',#8797,#8845,#8853,.T.);
#8853 = LINE('',#8854,#8855);
#8854 = CARTESIAN_POINT('',(65.097019110659,-80.49565813616,6.3));
#8855 = VECTOR('',#8856,1.);
#8856 = DIRECTION('',(0.924247393878,0.381794126342,0.));
#8857 = ORIENTED_EDGE('',*,*,#8796,.F.);
#8858 = PLANE('',#8859);
#8859 = AXIS2_PLACEMENT_3D('',#8860,#8861,#8862);
#8860 = CARTESIAN_POINT('',(37.687164326827,-91.81829927061,1.4));
#8861 = DIRECTION('',(0.381794126342,-0.924247393878,0.));
#8862 = DIRECTION('',(-0.924247393878,-0.381794126342,0.));
#8863 = ADVANCED_FACE('',(#8864),#8882,.F.);
#8864 = FACE_BOUND('',#8865,.F.);
#8865 = EDGE_LOOP('',(#8866,#8867,#8868,#8876));
#8866 = ORIENTED_EDGE('',*,*,#2194,.F.);
#8867 = ORIENTED_EDGE('',*,*,#8829,.T.);
#8868 = ORIENTED_EDGE('',*,*,#8869,.F.);
#8869 = EDGE_CURVE('',#8870,#8822,#8872,.T.);
#8870 = VERTEX_POINT('',#8871);
#8871 = CARTESIAN_POINT('',(71.480155320371,-83.41397769608,6.3));
#8872 = LINE('',#8873,#8874);
#8873 = CARTESIAN_POINT('',(78.862017280554,-82.74472112533,6.3));
#8874 = VECTOR('',#8875,1.);
#8875 = DIRECTION('',(0.995915337538,9.029197337441E-02,0.));
#8876 = ORIENTED_EDGE('',*,*,#8877,.F.);
#8877 = EDGE_CURVE('',#2187,#8870,#8878,.T.);
#8878 = LINE('',#8879,#8880);
#8879 = CARTESIAN_POINT('',(71.480155320371,-83.41397769608,1.4));
#8880 = VECTOR('',#8881,1.);
#8881 = DIRECTION('',(0.,0.,1.));
#8882 = PLANE('',#8883);
#8883 = AXIS2_PLACEMENT_3D('',#8884,#8885,#8886);
#8884 = CARTESIAN_POINT('',(71.713505825999,-83.39282160294,1.4));
#8885 = DIRECTION('',(9.029197337441E-02,-0.995915337538,0.));
#8886 = DIRECTION('',(-0.995915337538,-9.029197337441E-02,0.));
#8887 = ADVANCED_FACE('',(#8888),#8906,.F.);
#8888 = FACE_BOUND('',#8889,.F.);
#8889 = EDGE_LOOP('',(#8890,#8891,#8899,#8905));
#8890 = ORIENTED_EDGE('',*,*,#1002,.F.);
#8891 = ORIENTED_EDGE('',*,*,#8892,.T.);
#8892 = EDGE_CURVE('',#1003,#8893,#8895,.T.);
#8893 = VERTEX_POINT('',#8894);
#8894 = CARTESIAN_POINT('',(37.905453346253,-91.7286153017,6.3));
#8895 = LINE('',#8896,#8897);
#8896 = CARTESIAN_POINT('',(37.905453346253,-91.7286153017,1.4));
#8897 = VECTOR('',#8898,1.);
#8898 = DIRECTION('',(0.,0.,1.));
#8899 = ORIENTED_EDGE('',*,*,#8900,.F.);
#8900 = EDGE_CURVE('',#8845,#8893,#8901,.T.);
#8901 = LINE('',#8902,#8903);
#8902 = CARTESIAN_POINT('',(65.204958150606,-80.5126230974,6.3));
#8903 = VECTOR('',#8904,1.);
#8904 = DIRECTION('',(0.924975807271,0.3800259938,0.));
#8905 = ORIENTED_EDGE('',*,*,#8844,.F.);
#8906 = PLANE('',#8907);
#8907 = AXIS2_PLACEMENT_3D('',#8908,#8909,#8910);
#8908 = CARTESIAN_POINT('',(37.905453346253,-91.7286153017,1.4));
#8909 = DIRECTION('',(0.3800259938,-0.924975807271,0.));
#8910 = DIRECTION('',(-0.924975807271,-0.3800259938,0.));
#8911 = ADVANCED_FACE('',(#8912),#8930,.F.);
#8912 = FACE_BOUND('',#8913,.F.);
#8913 = EDGE_LOOP('',(#8914,#8915,#8916,#8924));
#8914 = ORIENTED_EDGE('',*,*,#2186,.F.);
#8915 = ORIENTED_EDGE('',*,*,#8877,.T.);
#8916 = ORIENTED_EDGE('',*,*,#8917,.F.);
#8917 = EDGE_CURVE('',#8918,#8870,#8920,.T.);
#8918 = VERTEX_POINT('',#8919);
#8919 = CARTESIAN_POINT('',(71.246864547289,-83.43562390466,6.3));
#8920 = LINE('',#8921,#8922);
#8921 = CARTESIAN_POINT('',(78.782573099017,-82.73641271457,6.3));
#8922 = VECTOR('',#8923,1.);
#8923 = DIRECTION('',(0.995722940132,9.238953672241E-02,0.));
#8924 = ORIENTED_EDGE('',*,*,#8925,.F.);
#8925 = EDGE_CURVE('',#2179,#8918,#8926,.T.);
#8926 = LINE('',#8927,#8928);
#8927 = CARTESIAN_POINT('',(71.246864547289,-83.43562390466,1.4));
#8928 = VECTOR('',#8929,1.);
#8929 = DIRECTION('',(0.,0.,1.));
#8930 = PLANE('',#8931);
#8931 = AXIS2_PLACEMENT_3D('',#8932,#8933,#8934);
#8932 = CARTESIAN_POINT('',(71.480155320371,-83.41397769608,1.4));
#8933 = DIRECTION('',(9.238953672241E-02,-0.995722940132,0.));
#8934 = DIRECTION('',(-0.995722940132,-9.238953672241E-02,0.));
#8935 = ADVANCED_FACE('',(#8936),#8954,.F.);
#8936 = FACE_BOUND('',#8937,.F.);
#8937 = EDGE_LOOP('',(#8938,#8939,#8947,#8953));
#8938 = ORIENTED_EDGE('',*,*,#1010,.F.);
#8939 = ORIENTED_EDGE('',*,*,#8940,.T.);
#8940 = EDGE_CURVE('',#1011,#8941,#8943,.T.);
#8941 = VERTEX_POINT('',#8942);
#8942 = CARTESIAN_POINT('',(38.123884471286,-91.63936108901,6.3));
#8943 = LINE('',#8944,#8945);
#8944 = CARTESIAN_POINT('',(38.123884471286,-91.63936108901,1.4));
#8945 = VECTOR('',#8946,1.);
#8946 = DIRECTION('',(0.,0.,1.));
#8947 = ORIENTED_EDGE('',*,*,#8948,.F.);
#8948 = EDGE_CURVE('',#8893,#8941,#8949,.T.);
#8949 = LINE('',#8950,#8951);
#8950 = CARTESIAN_POINT('',(65.31264546759,-80.52962818674,6.3));
#8951 = VECTOR('',#8952,1.);
#8952 = DIRECTION('',(0.925701298433,0.378255345077,0.));
#8953 = ORIENTED_EDGE('',*,*,#8892,.F.);
#8954 = PLANE('',#8955);
#8955 = AXIS2_PLACEMENT_3D('',#8956,#8957,#8958);
#8956 = CARTESIAN_POINT('',(38.123884471286,-91.63936108901,1.4));
#8957 = DIRECTION('',(0.378255345077,-0.925701298433,0.));
#8958 = DIRECTION('',(-0.925701298433,-0.378255345077,0.));
#8959 = ADVANCED_FACE('',(#8960),#8978,.F.);
#8960 = FACE_BOUND('',#8961,.F.);
#8961 = EDGE_LOOP('',(#8962,#8963,#8964,#8972));
#8962 = ORIENTED_EDGE('',*,*,#2178,.F.);
#8963 = ORIENTED_EDGE('',*,*,#8925,.T.);
#8964 = ORIENTED_EDGE('',*,*,#8965,.F.);
#8965 = EDGE_CURVE('',#8966,#8918,#8968,.T.);
#8966 = VERTEX_POINT('',#8967);
#8967 = CARTESIAN_POINT('',(71.013634070675,-83.45775982126,6.3));
#8968 = LINE('',#8969,#8970);
#8969 = CARTESIAN_POINT('',(78.703033591676,-82.72795851503,6.3));
#8970 = VECTOR('',#8971,1.);
#8971 = DIRECTION('',(0.995526242882,9.448544719932E-02,0.));
#8972 = ORIENTED_EDGE('',*,*,#8973,.F.);
#8973 = EDGE_CURVE('',#2171,#8966,#8974,.T.);
#8974 = LINE('',#8975,#8976);
#8975 = CARTESIAN_POINT('',(71.013634070675,-83.45775982126,1.4));
#8976 = VECTOR('',#8977,1.);
#8977 = DIRECTION('',(0.,0.,1.));
#8978 = PLANE('',#8979);
#8979 = AXIS2_PLACEMENT_3D('',#8980,#8981,#8982);
#8980 = CARTESIAN_POINT('',(71.246864547289,-83.43562390466,1.4));
#8981 = DIRECTION('',(9.448544719932E-02,-0.995526242882,0.));
#8982 = DIRECTION('',(-0.995526242882,-9.448544719932E-02,0.));
#8983 = ADVANCED_FACE('',(#8984),#9002,.F.);
#8984 = FACE_BOUND('',#8985,.F.);
#8985 = EDGE_LOOP('',(#8986,#8987,#8995,#9001));
#8986 = ORIENTED_EDGE('',*,*,#1018,.F.);
#8987 = ORIENTED_EDGE('',*,*,#8988,.T.);
#8988 = EDGE_CURVE('',#1019,#8989,#8991,.T.);
#8989 = VERTEX_POINT('',#8990);
#8990 = CARTESIAN_POINT('',(38.342457151192,-91.55053703884,6.3));
#8991 = LINE('',#8992,#8993);
#8992 = CARTESIAN_POINT('',(38.342457151192,-91.55053703884,1.4));
#8993 = VECTOR('',#8994,1.);
#8994 = DIRECTION('',(0.,0.,1.));
#8995 = ORIENTED_EDGE('',*,*,#8996,.F.);
#8996 = EDGE_CURVE('',#8941,#8989,#8997,.T.);
#8997 = LINE('',#8998,#8999);
#8998 = CARTESIAN_POINT('',(65.42008145771,-80.54667205028,6.3));
#8999 = VECTOR('',#9000,1.);
#9000 = DIRECTION('',(0.926423859254,0.376482181524,0.));
#9001 = ORIENTED_EDGE('',*,*,#8940,.F.);
#9002 = PLANE('',#9003);
#9003 = AXIS2_PLACEMENT_3D('',#9004,#9005,#9006);
#9004 = CARTESIAN_POINT('',(38.342457151192,-91.55053703884,1.4));
#9005 = DIRECTION('',(0.376482181524,-0.926423859254,0.));
#9006 = DIRECTION('',(-0.926423859254,-0.376482181524,0.));
#9007 = ADVANCED_FACE('',(#9008),#9026,.F.);
#9008 = FACE_BOUND('',#9009,.F.);
#9009 = EDGE_LOOP('',(#9010,#9011,#9012,#9020));
#9010 = ORIENTED_EDGE('',*,*,#2170,.F.);
#9011 = ORIENTED_EDGE('',*,*,#8973,.T.);
#9012 = ORIENTED_EDGE('',*,*,#9013,.F.);
#9013 = EDGE_CURVE('',#9014,#8966,#9016,.T.);
#9014 = VERTEX_POINT('',#9015);
#9015 = CARTESIAN_POINT('',(70.780464454362,-83.48038503842,6.3));
#9016 = LINE('',#9017,#9018);
#9017 = CARTESIAN_POINT('',(78.623396953593,-82.71935942206,6.3));
#9018 = VECTOR('',#9019,1.);
#9019 = DIRECTION('',(0.995325254798,9.657969331997E-02,0.));
#9020 = ORIENTED_EDGE('',*,*,#9021,.F.);
#9021 = EDGE_CURVE('',#2163,#9014,#9022,.T.);
#9022 = LINE('',#9023,#9024);
#9023 = CARTESIAN_POINT('',(70.780464454362,-83.48038503842,1.4));
#9024 = VECTOR('',#9025,1.);
#9025 = DIRECTION('',(0.,0.,1.));
#9026 = PLANE('',#9027);
#9027 = AXIS2_PLACEMENT_3D('',#9028,#9029,#9030);
#9028 = CARTESIAN_POINT('',(71.013634070675,-83.45775982126,1.4));
#9029 = DIRECTION('',(9.657969331997E-02,-0.995325254798,0.));
#9030 = DIRECTION('',(-0.995325254798,-9.657969331997E-02,0.));
#9031 = ADVANCED_FACE('',(#9032),#9050,.F.);
#9032 = FACE_BOUND('',#9033,.F.);
#9033 = EDGE_LOOP('',(#9034,#9035,#9043,#9049));
#9034 = ORIENTED_EDGE('',*,*,#1026,.F.);
#9035 = ORIENTED_EDGE('',*,*,#9036,.T.);
#9036 = EDGE_CURVE('',#1027,#9037,#9039,.T.);
#9037 = VERTEX_POINT('',#9038);
#9038 = CARTESIAN_POINT('',(38.561170835172,-91.46214355753,6.3));
#9039 = LINE('',#9040,#9041);
#9040 = CARTESIAN_POINT('',(38.561170835172,-91.46214355753,1.4));
#9041 = VECTOR('',#9042,1.);
#9042 = DIRECTION('',(0.,0.,1.));
#9043 = ORIENTED_EDGE('',*,*,#9044,.F.);
#9044 = EDGE_CURVE('',#8989,#9037,#9045,.T.);
#9045 = LINE('',#9046,#9047);
#9046 = CARTESIAN_POINT('',(65.527266524136,-80.56375333298,6.3));
#9047 = VECTOR('',#9048,1.);
#9048 = DIRECTION('',(0.927143481593,0.374706504534,0.));
#9049 = ORIENTED_EDGE('',*,*,#8988,.F.);
#9050 = PLANE('',#9051);
#9051 = AXIS2_PLACEMENT_3D('',#9052,#9053,#9054);
#9052 = CARTESIAN_POINT('',(38.561170835172,-91.46214355753,1.4));
#9053 = DIRECTION('',(0.374706504534,-0.927143481593,0.));
#9054 = DIRECTION('',(-0.927143481593,-0.374706504534,0.));
#9055 = ADVANCED_FACE('',(#9056),#9074,.F.);
#9056 = FACE_BOUND('',#9057,.F.);
#9057 = EDGE_LOOP('',(#9058,#9059,#9060,#9068));
#9058 = ORIENTED_EDGE('',*,*,#2162,.F.);
#9059 = ORIENTED_EDGE('',*,*,#9021,.T.);
#9060 = ORIENTED_EDGE('',*,*,#9061,.F.);
#9061 = EDGE_CURVE('',#9062,#9014,#9064,.T.);
#9062 = VERTEX_POINT('',#9063);
#9063 = CARTESIAN_POINT('',(70.54735626206,-83.50349914864,6.3));
#9064 = LINE('',#9065,#9066);
#9065 = CARTESIAN_POINT('',(78.543661390042,-82.71061634047,6.3));
#9066 = VECTOR('',#9067,1.);
#9067 = DIRECTION('',(0.995119984916,9.86722636867E-02,0.));
#9068 = ORIENTED_EDGE('',*,*,#9069,.F.);
#9069 = EDGE_CURVE('',#2155,#9062,#9070,.T.);
#9070 = LINE('',#9071,#9072);
#9071 = CARTESIAN_POINT('',(70.54735626206,-83.50349914864,1.4));
#9072 = VECTOR('',#9073,1.);
#9073 = DIRECTION('',(0.,0.,1.));
#9074 = PLANE('',#9075);
#9075 = AXIS2_PLACEMENT_3D('',#9076,#9077,#9078);
#9076 = CARTESIAN_POINT('',(70.780464454362,-83.48038503842,1.4));
#9077 = DIRECTION('',(9.86722636867E-02,-0.995119984916,0.));
#9078 = DIRECTION('',(-0.995119984916,-9.86722636867E-02,0.));
#9079 = ADVANCED_FACE('',(#9080),#9098,.F.);
#9080 = FACE_BOUND('',#9081,.F.);
#9081 = EDGE_LOOP('',(#9082,#9083,#9091,#9097));
#9082 = ORIENTED_EDGE('',*,*,#1034,.F.);
#9083 = ORIENTED_EDGE('',*,*,#9084,.T.);
#9084 = EDGE_CURVE('',#1035,#9085,#9087,.T.);
#9085 = VERTEX_POINT('',#9086);
#9086 = CARTESIAN_POINT('',(38.780024972396,-91.37418105143,6.3));
#9087 = LINE('',#9088,#9089);
#9088 = CARTESIAN_POINT('',(38.780024972396,-91.37418105143,1.4));
#9089 = VECTOR('',#9090,1.);
#9090 = DIRECTION('',(0.,0.,1.));
#9091 = ORIENTED_EDGE('',*,*,#9092,.F.);
#9092 = EDGE_CURVE('',#9037,#9085,#9093,.T.);
#9093 = LINE('',#9094,#9095);
#9094 = CARTESIAN_POINT('',(65.634201077175,-80.58087067869,6.3));
#9095 = VECTOR('',#9096,1.);
#9096 = DIRECTION('',(0.92786015728,0.372928315542,0.));
#9097 = ORIENTED_EDGE('',*,*,#9036,.F.);
#9098 = PLANE('',#9099);
#9099 = AXIS2_PLACEMENT_3D('',#9100,#9101,#9102);
#9100 = CARTESIAN_POINT('',(38.780024972396,-91.37418105143,1.4));
#9101 = DIRECTION('',(0.372928315542,-0.92786015728,0.));
#9102 = DIRECTION('',(-0.92786015728,-0.372928315542,0.));
#9103 = ADVANCED_FACE('',(#9104),#9122,.F.);
#9104 = FACE_BOUND('',#9105,.F.);
#9105 = EDGE_LOOP('',(#9106,#9107,#9108,#9116));
#9106 = ORIENTED_EDGE('',*,*,#2154,.F.);
#9107 = ORIENTED_EDGE('',*,*,#9069,.T.);
#9108 = ORIENTED_EDGE('',*,*,#9109,.F.);
#9109 = EDGE_CURVE('',#9110,#9062,#9112,.T.);
#9110 = VERTEX_POINT('',#9111);
#9111 = CARTESIAN_POINT('',(70.314310057354,-83.5271017444,6.3));
#9112 = LINE('',#9113,#9114);
#9113 = CARTESIAN_POINT('',(78.463825116529,-82.70173018442,6.3));
#9114 = VECTOR('',#9115,1.);
#9115 = DIRECTION('',(0.994910442306,0.10076314699,0.));
#9116 = ORIENTED_EDGE('',*,*,#9117,.F.);
#9117 = EDGE_CURVE('',#2147,#9110,#9118,.T.);
#9118 = LINE('',#9119,#9120);
#9119 = CARTESIAN_POINT('',(70.314310057354,-83.5271017444,1.4));
#9120 = VECTOR('',#9121,1.);
#9121 = DIRECTION('',(0.,0.,1.));
#9122 = PLANE('',#9123);
#9123 = AXIS2_PLACEMENT_3D('',#9124,#9125,#9126);
#9124 = CARTESIAN_POINT('',(70.54735626206,-83.50349914864,1.4));
#9125 = DIRECTION('',(0.10076314699,-0.994910442306,0.));
#9126 = DIRECTION('',(-0.994910442306,-0.10076314699,0.));
#9127 = ADVANCED_FACE('',(#9128),#9146,.F.);
#9128 = FACE_BOUND('',#9129,.F.);
#9129 = EDGE_LOOP('',(#9130,#9131,#9139,#9145));
#9130 = ORIENTED_EDGE('',*,*,#1042,.F.);
#9131 = ORIENTED_EDGE('',*,*,#9132,.T.);
#9132 = EDGE_CURVE('',#1043,#9133,#9135,.T.);
#9133 = VERTEX_POINT('',#9134);
#9134 = CARTESIAN_POINT('',(38.999019011966,-91.28664992695,6.3));
#9135 = LINE('',#9136,#9137);
#9136 = CARTESIAN_POINT('',(38.999019011966,-91.28664992695,1.4));
#9137 = VECTOR('',#9138,1.);
#9138 = DIRECTION('',(0.,0.,1.));
#9139 = ORIENTED_EDGE('',*,*,#9140,.F.);
#9140 = EDGE_CURVE('',#9085,#9133,#9141,.T.);
#9141 = LINE('',#9142,#9143);
#9142 = CARTESIAN_POINT('',(65.740885534299,-80.59802273014,6.3));
#9143 = VECTOR('',#9144,1.);
#9144 = DIRECTION('',(0.928573878115,0.371147616027,0.));
#9145 = ORIENTED_EDGE('',*,*,#9084,.F.);
#9146 = PLANE('',#9147);
#9147 = AXIS2_PLACEMENT_3D('',#9148,#9149,#9150);
#9148 = CARTESIAN_POINT('',(38.999019011966,-91.28664992695,1.4));
#9149 = DIRECTION('',(0.371147616027,-0.928573878115,0.));
#9150 = DIRECTION('',(-0.928573878115,-0.371147616027,0.));
#9151 = ADVANCED_FACE('',(#9152),#9170,.F.);
#9152 = FACE_BOUND('',#9153,.F.);
#9153 = EDGE_LOOP('',(#9154,#9155,#9156,#9164));
#9154 = ORIENTED_EDGE('',*,*,#2146,.F.);
#9155 = ORIENTED_EDGE('',*,*,#9117,.T.);
#9156 = ORIENTED_EDGE('',*,*,#9157,.F.);
#9157 = EDGE_CURVE('',#9158,#9110,#9160,.T.);
#9158 = VERTEX_POINT('',#9159);
#9159 = CARTESIAN_POINT('',(70.081326403717,-83.5511924181,6.3));
#9160 = LINE('',#9161,#9162);
#9161 = CARTESIAN_POINT('',(78.383886358812,-82.69270187733,6.3));
#9162 = VECTOR('',#9163,1.);
#9163 = DIRECTION('',(0.994696636066,0.102852332006,0.));
#9164 = ORIENTED_EDGE('',*,*,#9165,.F.);
#9165 = EDGE_CURVE('',#2139,#9158,#9166,.T.);
#9166 = LINE('',#9167,#9168);
#9167 = CARTESIAN_POINT('',(70.081326403717,-83.5511924181,1.4));
#9168 = VECTOR('',#9169,1.);
#9169 = DIRECTION('',(0.,0.,1.));
#9170 = PLANE('',#9171);
#9171 = AXIS2_PLACEMENT_3D('',#9172,#9173,#9174);
#9172 = CARTESIAN_POINT('',(70.314310057354,-83.5271017444,1.4));
#9173 = DIRECTION('',(0.102852332006,-0.994696636066,0.));
#9174 = DIRECTION('',(-0.994696636066,-0.102852332006,0.));
#9175 = ADVANCED_FACE('',(#9176),#9194,.F.);
#9176 = FACE_BOUND('',#9177,.F.);
#9177 = EDGE_LOOP('',(#9178,#9179,#9187,#9193));
#9178 = ORIENTED_EDGE('',*,*,#1050,.F.);
#9179 = ORIENTED_EDGE('',*,*,#9180,.T.);
#9180 = EDGE_CURVE('',#1051,#9181,#9183,.T.);
#9181 = VERTEX_POINT('',#9182);
#9182 = CARTESIAN_POINT('',(39.218152402925,-91.19955059054,6.3));
#9183 = LINE('',#9184,#9185);
#9184 = CARTESIAN_POINT('',(39.218152402925,-91.19955059054,1.4));
#9185 = VECTOR('',#9186,1.);
#9186 = DIRECTION('',(0.,0.,1.));
#9187 = ORIENTED_EDGE('',*,*,#9188,.F.);
#9188 = EDGE_CURVE('',#9133,#9181,#9189,.T.);
#9189 = LINE('',#9190,#9191);
#9190 = CARTESIAN_POINT('',(65.847320320193,-80.61520812904,6.3));
#9191 = VECTOR('',#9192,1.);
#9192 = DIRECTION('',(0.92928463587,0.369364407511,0.));
#9193 = ORIENTED_EDGE('',*,*,#9132,.F.);
#9194 = PLANE('',#9195);
#9195 = AXIS2_PLACEMENT_3D('',#9196,#9197,#9198);
#9196 = CARTESIAN_POINT('',(39.218152402925,-91.19955059054,1.4));
#9197 = DIRECTION('',(0.369364407511,-0.92928463587,0.));
#9198 = DIRECTION('',(-0.92928463587,-0.369364407511,0.));
#9199 = ADVANCED_FACE('',(#9200),#9218,.F.);
#9200 = FACE_BOUND('',#9201,.F.);
#9201 = EDGE_LOOP('',(#9202,#9203,#9204,#9212));
#9202 = ORIENTED_EDGE('',*,*,#2138,.F.);
#9203 = ORIENTED_EDGE('',*,*,#9165,.T.);
#9204 = ORIENTED_EDGE('',*,*,#9205,.F.);
#9205 = EDGE_CURVE('',#9206,#9158,#9208,.T.);
#9206 = VERTEX_POINT('',#9207);
#9207 = CARTESIAN_POINT('',(69.848405864536,-83.57577076215,6.3));
#9208 = LINE('',#9209,#9210);
#9209 = CARTESIAN_POINT('',(78.303843352947,-82.68353235175,6.3));
#9210 = VECTOR('',#9211,1.);
#9211 = DIRECTION('',(0.994478575325,0.104939807602,0.));
#9212 = ORIENTED_EDGE('',*,*,#9213,.F.);
#9213 = EDGE_CURVE('',#2131,#9206,#9214,.T.);
#9214 = LINE('',#9215,#9216);
#9215 = CARTESIAN_POINT('',(69.848405864536,-83.57577076215,1.4));
#9216 = VECTOR('',#9217,1.);
#9217 = DIRECTION('',(0.,0.,1.));
#9218 = PLANE('',#9219);
#9219 = AXIS2_PLACEMENT_3D('',#9220,#9221,#9222);
#9220 = CARTESIAN_POINT('',(70.081326403717,-83.5511924181,1.4));
#9221 = DIRECTION('',(0.104939807602,-0.994478575325,0.));
#9222 = DIRECTION('',(-0.994478575325,-0.104939807602,0.));
#9223 = ADVANCED_FACE('',(#9224),#9242,.F.);
#9224 = FACE_BOUND('',#9225,.F.);
#9225 = EDGE_LOOP('',(#9226,#9227,#9235,#9241));
#9226 = ORIENTED_EDGE('',*,*,#1058,.F.);
#9227 = ORIENTED_EDGE('',*,*,#9228,.T.);
#9228 = EDGE_CURVE('',#1059,#9229,#9231,.T.);
#9229 = VERTEX_POINT('',#9230);
#9230 = CARTESIAN_POINT('',(39.437424594271,-91.11288344869,6.3));
#9231 = LINE('',#9232,#9233);
#9232 = CARTESIAN_POINT('',(39.437424594271,-91.11288344869,1.4));
#9233 = VECTOR('',#9234,1.);
#9234 = DIRECTION('',(0.,0.,1.));
#9235 = ORIENTED_EDGE('',*,*,#9236,.F.);
#9236 = EDGE_CURVE('',#9181,#9229,#9237,.T.);
#9237 = LINE('',#9238,#9239);
#9238 = CARTESIAN_POINT('',(65.953505866807,-80.63242551605,6.3));
#9239 = VECTOR('',#9240,1.);
#9240 = DIRECTION('',(0.929992422287,0.36757869156,0.));
#9241 = ORIENTED_EDGE('',*,*,#9180,.F.);
#9242 = PLANE('',#9243);
#9243 = AXIS2_PLACEMENT_3D('',#9244,#9245,#9246);
#9244 = CARTESIAN_POINT('',(39.437424594271,-91.11288344869,1.4));
#9245 = DIRECTION('',(0.36757869156,-0.929992422287,0.));
#9246 = DIRECTION('',(-0.929992422287,-0.36757869156,0.));
#9247 = ADVANCED_FACE('',(#9248),#9266,.F.);
#9248 = FACE_BOUND('',#9249,.F.);
#9249 = EDGE_LOOP('',(#9250,#9251,#9252,#9260));
#9250 = ORIENTED_EDGE('',*,*,#2130,.F.);
#9251 = ORIENTED_EDGE('',*,*,#9213,.T.);
#9252 = ORIENTED_EDGE('',*,*,#9253,.F.);
#9253 = EDGE_CURVE('',#9254,#9206,#9256,.T.);
#9254 = VERTEX_POINT('',#9255);
#9255 = CARTESIAN_POINT('',(69.615549003037,-83.60083636888,6.3));
#9256 = LINE('',#9257,#9258);
#9257 = CARTESIAN_POINT('',(78.223694345329,-82.67422254928,6.3));
#9258 = VECTOR('',#9259,1.);
#9259 = DIRECTION('',(0.99425626924,0.107025562727,0.));
#9260 = ORIENTED_EDGE('',*,*,#9261,.F.);
#9261 = EDGE_CURVE('',#2123,#9254,#9262,.T.);
#9262 = LINE('',#9263,#9264);
#9263 = CARTESIAN_POINT('',(69.615549003037,-83.60083636888,1.4));
#9264 = VECTOR('',#9265,1.);
#9265 = DIRECTION('',(0.,0.,1.));
#9266 = PLANE('',#9267);
#9267 = AXIS2_PLACEMENT_3D('',#9268,#9269,#9270);
#9268 = CARTESIAN_POINT('',(69.848405864536,-83.57577076215,1.4));
#9269 = DIRECTION('',(0.107025562727,-0.99425626924,0.));
#9270 = DIRECTION('',(-0.99425626924,-0.107025562727,0.));
#9271 = ADVANCED_FACE('',(#9272),#9290,.F.);
#9272 = FACE_BOUND('',#9273,.F.);
#9273 = EDGE_LOOP('',(#9274,#9275,#9283,#9289));
#9274 = ORIENTED_EDGE('',*,*,#1066,.F.);
#9275 = ORIENTED_EDGE('',*,*,#9276,.T.);
#9276 = EDGE_CURVE('',#1067,#9277,#9279,.T.);
#9277 = VERTEX_POINT('',#9278);
#9278 = CARTESIAN_POINT('',(39.656835034921,-91.0266489079,6.3));
#9279 = LINE('',#9280,#9281);
#9280 = CARTESIAN_POINT('',(39.656835034921,-91.0266489079,1.4));
#9281 = VECTOR('',#9282,1.);
#9282 = DIRECTION('',(0.,0.,1.));
#9283 = ORIENTED_EDGE('',*,*,#9284,.F.);
#9284 = EDGE_CURVE('',#9229,#9277,#9285,.T.);
#9285 = LINE('',#9286,#9287);
#9286 = CARTESIAN_POINT('',(66.059442613389,-80.64967353082,6.3));
#9287 = VECTOR('',#9288,1.);
#9288 = DIRECTION('',(0.930697229079,0.365790469785,0.));
#9289 = ORIENTED_EDGE('',*,*,#9228,.F.);
#9290 = PLANE('',#9291);
#9291 = AXIS2_PLACEMENT_3D('',#9292,#9293,#9294);
#9292 = CARTESIAN_POINT('',(39.656835034921,-91.0266489079,1.4));
#9293 = DIRECTION('',(0.365790469785,-0.930697229079,0.));
#9294 = DIRECTION('',(-0.930697229079,-0.365790469785,0.));
#9295 = ADVANCED_FACE('',(#9296),#9314,.F.);
#9296 = FACE_BOUND('',#9297,.F.);
#9297 = EDGE_LOOP('',(#9298,#9299,#9300,#9308));
#9298 = ORIENTED_EDGE('',*,*,#2122,.F.);
#9299 = ORIENTED_EDGE('',*,*,#9261,.T.);
#9300 = ORIENTED_EDGE('',*,*,#9301,.F.);
#9301 = EDGE_CURVE('',#9302,#9254,#9304,.T.);
#9302 = VERTEX_POINT('',#9303);
#9303 = CARTESIAN_POINT('',(69.382756382382,-83.62638883061,6.3));
#9304 = LINE('',#9305,#9306);
#9305 = CARTESIAN_POINT('',(78.143437592679,-82.66477342045,6.3));
#9306 = VECTOR('',#9307,1.);
#9307 = DIRECTION('',(0.994029726995,0.109109586423,0.));
#9308 = ORIENTED_EDGE('',*,*,#9309,.F.);
#9309 = EDGE_CURVE('',#2115,#9302,#9310,.T.);
#9310 = LINE('',#9311,#9312);
#9311 = CARTESIAN_POINT('',(69.382756382382,-83.62638883061,1.4));
#9312 = VECTOR('',#9313,1.);
#9313 = DIRECTION('',(0.,0.,1.));
#9314 = PLANE('',#9315);
#9315 = AXIS2_PLACEMENT_3D('',#9316,#9317,#9318);
#9316 = CARTESIAN_POINT('',(69.615549003037,-83.60083636888,1.4));
#9317 = DIRECTION('',(0.109109586423,-0.994029726995,0.));
#9318 = DIRECTION('',(-0.994029726995,-0.109109586423,0.));
#9319 = ADVANCED_FACE('',(#9320),#9338,.F.);
#9320 = FACE_BOUND('',#9321,.F.);
#9321 = EDGE_LOOP('',(#9322,#9323,#9331,#9337));
#9322 = ORIENTED_EDGE('',*,*,#1074,.F.);
#9323 = ORIENTED_EDGE('',*,*,#9324,.T.);
#9324 = EDGE_CURVE('',#1075,#9325,#9327,.T.);
#9325 = VERTEX_POINT('',#9326);
#9326 = CARTESIAN_POINT('',(39.87638317376,-90.94084737474,6.3));
#9327 = LINE('',#9328,#9329);
#9328 = CARTESIAN_POINT('',(39.87638317376,-90.94084737474,1.4));
#9329 = VECTOR('',#9330,1.);
#9330 = DIRECTION('',(0.,0.,1.));
#9331 = ORIENTED_EDGE('',*,*,#9332,.F.);
#9332 = EDGE_CURVE('',#9277,#9325,#9333,.T.);
#9333 = LINE('',#9334,#9335);
#9334 = CARTESIAN_POINT('',(66.16513100655,-80.66695081205,6.3));
#9335 = VECTOR('',#9336,1.);
#9336 = DIRECTION('',(0.93139904793,0.36399974384,0.));
#9337 = ORIENTED_EDGE('',*,*,#9276,.F.);
#9338 = PLANE('',#9339);
#9339 = AXIS2_PLACEMENT_3D('',#9340,#9341,#9342);
#9340 = CARTESIAN_POINT('',(39.87638317376,-90.94084737474,1.4));
#9341 = DIRECTION('',(0.36399974384,-0.93139904793,0.));
#9342 = DIRECTION('',(-0.93139904793,-0.36399974384,0.));
#9343 = ADVANCED_FACE('',(#9344),#9362,.F.);
#9344 = FACE_BOUND('',#9345,.F.);
#9345 = EDGE_LOOP('',(#9346,#9347,#9348,#9356));
#9346 = ORIENTED_EDGE('',*,*,#2114,.F.);
#9347 = ORIENTED_EDGE('',*,*,#9309,.T.);
#9348 = ORIENTED_EDGE('',*,*,#9349,.F.);
#9349 = EDGE_CURVE('',#9350,#9302,#9352,.T.);
#9350 = VERTEX_POINT('',#9351);
#9351 = CARTESIAN_POINT('',(69.150028565579,-83.65242773963,6.3));
#9352 = LINE('',#9353,#9354);
#9353 = CARTESIAN_POINT('',(78.063071362125,-82.65518592459,6.3));
#9354 = VECTOR('',#9355,1.);
#9355 = DIRECTION('',(0.993798957804,0.111191867815,0.));
#9356 = ORIENTED_EDGE('',*,*,#9357,.F.);
#9357 = EDGE_CURVE('',#2107,#9350,#9358,.T.);
#9358 = LINE('',#9359,#9360);
#9359 = CARTESIAN_POINT('',(69.150028565579,-83.65242773963,1.4));
#9360 = VECTOR('',#9361,1.);
#9361 = DIRECTION('',(0.,0.,1.));
#9362 = PLANE('',#9363);
#9363 = AXIS2_PLACEMENT_3D('',#9364,#9365,#9366);
#9364 = CARTESIAN_POINT('',(69.382756382382,-83.62638883061,1.4));
#9365 = DIRECTION('',(0.111191867815,-0.993798957804,0.));
#9366 = DIRECTION('',(-0.993798957804,-0.111191867815,0.));
#9367 = ADVANCED_FACE('',(#9368),#9386,.F.);
#9368 = FACE_BOUND('',#9369,.F.);
#9369 = EDGE_LOOP('',(#9370,#9371,#9379,#9385));
#9370 = ORIENTED_EDGE('',*,*,#1082,.F.);
#9371 = ORIENTED_EDGE('',*,*,#9372,.T.);
#9372 = EDGE_CURVE('',#1083,#9373,#9375,.T.);
#9373 = VERTEX_POINT('',#9374);
#9374 = CARTESIAN_POINT('',(40.096068459585,-90.8554792558,6.3));
#9375 = LINE('',#9376,#9377);
#9376 = CARTESIAN_POINT('',(40.096068459585,-90.8554792558,1.4));
#9377 = VECTOR('',#9378,1.);
#9378 = DIRECTION('',(0.,0.,1.));
#9379 = ORIENTED_EDGE('',*,*,#9380,.F.);
#9380 = EDGE_CURVE('',#9325,#9373,#9381,.T.);
#9381 = LINE('',#9382,#9383);
#9382 = CARTESIAN_POINT('',(66.270571500285,-80.68425599749,6.3));
#9383 = VECTOR('',#9384,1.);
#9384 = DIRECTION('',(0.932097870496,0.362206515427,0.));
#9385 = ORIENTED_EDGE('',*,*,#9324,.F.);
#9386 = PLANE('',#9387);
#9387 = AXIS2_PLACEMENT_3D('',#9388,#9389,#9390);
#9388 = CARTESIAN_POINT('',(40.096068459585,-90.8554792558,1.4));
#9389 = DIRECTION('',(0.362206515427,-0.932097870496,0.));
#9390 = DIRECTION('',(-0.932097870496,-0.362206515427,0.));
#9391 = ADVANCED_FACE('',(#9392),#9410,.F.);
#9392 = FACE_BOUND('',#9393,.F.);
#9393 = EDGE_LOOP('',(#9394,#9395,#9396,#9404));
#9394 = ORIENTED_EDGE('',*,*,#2106,.F.);
#9395 = ORIENTED_EDGE('',*,*,#9357,.T.);
#9396 = ORIENTED_EDGE('',*,*,#9397,.F.);
#9397 = EDGE_CURVE('',#9398,#9350,#9400,.T.);
#9398 = VERTEX_POINT('',#9399);
#9399 = CARTESIAN_POINT('',(68.917366115558,-83.67895268817,6.3));
#9400 = LINE('',#9401,#9402);
#9401 = CARTESIAN_POINT('',(77.98259393118,-82.64546102977,6.3));
#9402 = VECTOR('',#9403,1.);
#9403 = DIRECTION('',(0.993563970904,0.113272396117,0.));
#9404 = ORIENTED_EDGE('',*,*,#9405,.F.);
#9405 = EDGE_CURVE('',#2099,#9398,#9406,.T.);
#9406 = LINE('',#9407,#9408);
#9407 = CARTESIAN_POINT('',(68.917366115558,-83.67895268817,1.4));
#9408 = VECTOR('',#9409,1.);
#9409 = DIRECTION('',(0.,0.,1.));
#9410 = PLANE('',#9411);
#9411 = AXIS2_PLACEMENT_3D('',#9412,#9413,#9414);
#9412 = CARTESIAN_POINT('',(69.150028565579,-83.65242773963,1.4));
#9413 = DIRECTION('',(0.113272396117,-0.993563970904,0.));
#9414 = DIRECTION('',(-0.993563970904,-0.113272396117,0.));
#9415 = ADVANCED_FACE('',(#9416),#9434,.F.);
#9416 = FACE_BOUND('',#9417,.F.);
#9417 = EDGE_LOOP('',(#9418,#9419,#9427,#9433));
#9418 = ORIENTED_EDGE('',*,*,#1090,.F.);
#9419 = ORIENTED_EDGE('',*,*,#9420,.T.);
#9420 = EDGE_CURVE('',#1091,#9421,#9423,.T.);
#9421 = VERTEX_POINT('',#9422);
#9422 = CARTESIAN_POINT('',(40.315890341173,-90.77054495771,6.3));
#9423 = LINE('',#9424,#9425);
#9424 = CARTESIAN_POINT('',(40.315890341173,-90.77054495771,1.4));
#9425 = VECTOR('',#9426,1.);
#9426 = DIRECTION('',(0.,0.,1.));
#9427 = ORIENTED_EDGE('',*,*,#9428,.F.);
#9428 = EDGE_CURVE('',#9373,#9421,#9429,.T.);
#9429 = LINE('',#9430,#9431);
#9430 = CARTESIAN_POINT('',(66.375764556051,-80.701587724,6.3));
#9431 = VECTOR('',#9432,1.);
#9432 = DIRECTION('',(0.932793688404,0.36041078629,0.));
#9433 = ORIENTED_EDGE('',*,*,#9372,.F.);
#9434 = PLANE('',#9435);
#9435 = AXIS2_PLACEMENT_3D('',#9436,#9437,#9438);
#9436 = CARTESIAN_POINT('',(40.315890341173,-90.77054495771,1.4));
#9437 = DIRECTION('',(0.36041078629,-0.932793688404,0.));
#9438 = DIRECTION('',(-0.932793688404,-0.36041078629,0.));
#9439 = ADVANCED_FACE('',(#9440),#9458,.F.);
#9440 = FACE_BOUND('',#9441,.F.);
#9441 = EDGE_LOOP('',(#9442,#9443,#9444,#9452));
#9442 = ORIENTED_EDGE('',*,*,#2098,.F.);
#9443 = ORIENTED_EDGE('',*,*,#9405,.T.);
#9444 = ORIENTED_EDGE('',*,*,#9445,.F.);
#9445 = EDGE_CURVE('',#9446,#9398,#9448,.T.);
#9446 = VERTEX_POINT('',#9447);
#9447 = CARTESIAN_POINT('',(68.684769595096,-83.70596326845,6.3));
#9448 = LINE('',#9449,#9450);
#9449 = CARTESIAN_POINT('',(77.902003587809,-82.63559971263,6.3));
#9450 = VECTOR('',#9451,1.);
#9451 = DIRECTION('',(0.99332477556,0.115351160629,0.));
#9452 = ORIENTED_EDGE('',*,*,#9453,.F.);
#9453 = EDGE_CURVE('',#2091,#9446,#9454,.T.);
#9454 = LINE('',#9455,#9456);
#9455 = CARTESIAN_POINT('',(68.684769595096,-83.70596326845,1.4));
#9456 = VECTOR('',#9457,1.);
#9457 = DIRECTION('',(0.,0.,1.));
#9458 = PLANE('',#9459);
#9459 = AXIS2_PLACEMENT_3D('',#9460,#9461,#9462);
#9460 = CARTESIAN_POINT('',(68.917366115558,-83.67895268817,1.4));
#9461 = DIRECTION('',(0.115351160629,-0.99332477556,0.));
#9462 = DIRECTION('',(-0.99332477556,-0.115351160629,0.));
#9463 = ADVANCED_FACE('',(#9464),#9482,.F.);
#9464 = FACE_BOUND('',#9465,.F.);
#9465 = EDGE_LOOP('',(#9466,#9467,#9475,#9481));
#9466 = ORIENTED_EDGE('',*,*,#1098,.F.);
#9467 = ORIENTED_EDGE('',*,*,#9468,.T.);
#9468 = EDGE_CURVE('',#1099,#9469,#9471,.T.);
#9469 = VERTEX_POINT('',#9470);
#9470 = CARTESIAN_POINT('',(40.535848267192,-90.68604488715,6.3));
#9471 = LINE('',#9472,#9473);
#9472 = CARTESIAN_POINT('',(40.535848267192,-90.68604488715,1.4));
#9473 = VECTOR('',#9474,1.);
#9474 = DIRECTION('',(0.,0.,1.));
#9475 = ORIENTED_EDGE('',*,*,#9476,.F.);
#9476 = EDGE_CURVE('',#9421,#9469,#9477,.T.);
#9477 = LINE('',#9478,#9479);
#9478 = CARTESIAN_POINT('',(66.480710642769,-80.71894462755,6.3));
#9479 = VECTOR('',#9480,1.);
#9480 = DIRECTION('',(0.933486493253,0.358612558222,0.));
#9481 = ORIENTED_EDGE('',*,*,#9420,.F.);
#9482 = PLANE('',#9483);
#9483 = AXIS2_PLACEMENT_3D('',#9484,#9485,#9486);
#9484 = CARTESIAN_POINT('',(40.535848267192,-90.68604488715,1.4));
#9485 = DIRECTION('',(0.358612558222,-0.933486493253,0.));
#9486 = DIRECTION('',(-0.933486493253,-0.358612558222,0.));
#9487 = ADVANCED_FACE('',(#9488),#9506,.F.);
#9488 = FACE_BOUND('',#9489,.F.);
#9489 = EDGE_LOOP('',(#9490,#9491,#9492,#9500));
#9490 = ORIENTED_EDGE('',*,*,#2090,.F.);
#9491 = ORIENTED_EDGE('',*,*,#9453,.T.);
#9492 = ORIENTED_EDGE('',*,*,#9493,.F.);
#9493 = EDGE_CURVE('',#9494,#9446,#9496,.T.);
#9494 = VERTEX_POINT('',#9495);
#9495 = CARTESIAN_POINT('',(68.452239566907,-83.73345907264,6.3));
#9496 = LINE('',#9497,#9498);
#9497 = CARTESIAN_POINT('',(77.821298630406,-82.62560295836,6.3));
#9498 = VECTOR('',#9499,1.);
#9499 = DIRECTION('',(0.993081381063,0.117428150739,0.));
#9500 = ORIENTED_EDGE('',*,*,#9501,.F.);
#9501 = EDGE_CURVE('',#2083,#9494,#9502,.T.);
#9502 = LINE('',#9503,#9504);
#9503 = CARTESIAN_POINT('',(68.452239566907,-83.73345907264,1.4));
#9504 = VECTOR('',#9505,1.);
#9505 = DIRECTION('',(0.,0.,1.));
#9506 = PLANE('',#9507);
#9507 = AXIS2_PLACEMENT_3D('',#9508,#9509,#9510);
#9508 = CARTESIAN_POINT('',(68.684769595096,-83.70596326845,1.4));
#9509 = DIRECTION('',(0.117428150739,-0.993081381063,0.));
#9510 = DIRECTION('',(-0.993081381063,-0.117428150739,0.));
#9511 = ADVANCED_FACE('',(#9512),#9530,.F.);
#9512 = FACE_BOUND('',#9513,.F.);
#9513 = EDGE_LOOP('',(#9514,#9515,#9523,#9529));
#9514 = ORIENTED_EDGE('',*,*,#1106,.F.);
#9515 = ORIENTED_EDGE('',*,*,#9516,.T.);
#9516 = EDGE_CURVE('',#1107,#9517,#9519,.T.);
#9517 = VERTEX_POINT('',#9518);
#9518 = CARTESIAN_POINT('',(40.755941686295,-90.6019794508,6.3));
#9519 = LINE('',#9520,#9521);
#9520 = CARTESIAN_POINT('',(40.755941686295,-90.6019794508,1.4));
#9521 = VECTOR('',#9522,1.);
#9522 = DIRECTION('',(0.,0.,1.));
#9523 = ORIENTED_EDGE('',*,*,#9524,.F.);
#9524 = EDGE_CURVE('',#9469,#9517,#9525,.T.);
#9525 = LINE('',#9526,#9527);
#9526 = CARTESIAN_POINT('',(66.585410236918,-80.73632534329,6.3));
#9527 = VECTOR('',#9528,1.);
#9528 = DIRECTION('',(0.934176276614,0.35681183306,0.));
#9529 = ORIENTED_EDGE('',*,*,#9468,.F.);
#9530 = PLANE('',#9531);
#9531 = AXIS2_PLACEMENT_3D('',#9532,#9533,#9534);
#9532 = CARTESIAN_POINT('',(40.755941686295,-90.6019794508,1.4));
#9533 = DIRECTION('',(0.35681183306,-0.934176276614,0.));
#9534 = DIRECTION('',(-0.934176276614,-0.35681183306,0.));
#9535 = ADVANCED_FACE('',(#9536),#9554,.F.);
#9536 = FACE_BOUND('',#9537,.F.);
#9537 = EDGE_LOOP('',(#9538,#9539,#9540,#9548));
#9538 = ORIENTED_EDGE('',*,*,#2082,.F.);
#9539 = ORIENTED_EDGE('',*,*,#9501,.T.);
#9540 = ORIENTED_EDGE('',*,*,#9541,.F.);
#9541 = EDGE_CURVE('',#9542,#9494,#9544,.T.);
#9542 = VERTEX_POINT('',#9543);
#9543 = CARTESIAN_POINT('',(68.219776593538,-83.7614396929,6.3));
#9544 = LINE('',#9545,#9546);
#9545 = CARTESIAN_POINT('',(77.74047736788,-82.61547176049,6.3));
#9546 = VECTOR('',#9547,1.);
#9547 = DIRECTION('',(0.992833796727,0.119503355921,0.));
#9548 = ORIENTED_EDGE('',*,*,#9549,.F.);
#9549 = EDGE_CURVE('',#2075,#9542,#9550,.T.);
#9550 = LINE('',#9551,#9552);
#9551 = CARTESIAN_POINT('',(68.219776593538,-83.7614396929,1.4));
#9552 = VECTOR('',#9553,1.);
#9553 = DIRECTION('',(0.,0.,1.));
#9554 = PLANE('',#9555);
#9555 = AXIS2_PLACEMENT_3D('',#9556,#9557,#9558);
#9556 = CARTESIAN_POINT('',(68.452239566907,-83.73345907264,1.4));
#9557 = DIRECTION('',(0.119503355921,-0.992833796727,0.));
#9558 = DIRECTION('',(-0.992833796727,-0.119503355921,0.));
#9559 = ADVANCED_FACE('',(#9560),#9578,.F.);
#9560 = FACE_BOUND('',#9561,.F.);
#9561 = EDGE_LOOP('',(#9562,#9563,#9571,#9577));
#9562 = ORIENTED_EDGE('',*,*,#1114,.F.);
#9563 = ORIENTED_EDGE('',*,*,#9564,.T.);
#9564 = EDGE_CURVE('',#1115,#9565,#9567,.T.);
#9565 = VERTEX_POINT('',#9566);
#9566 = CARTESIAN_POINT('',(40.976170047055,-90.51834905542,6.3));
#9567 = LINE('',#9568,#9569);
#9568 = CARTESIAN_POINT('',(40.976170047055,-90.51834905542,1.4));
#9569 = VECTOR('',#9570,1.);
#9570 = DIRECTION('',(0.,0.,1.));
#9571 = ORIENTED_EDGE('',*,*,#9572,.F.);
#9572 = EDGE_CURVE('',#9517,#9565,#9573,.T.);
#9573 = LINE('',#9574,#9575);
#9574 = CARTESIAN_POINT('',(66.689863822546,-80.75372850554,6.3));
#9575 = VECTOR('',#9576,1.);
#9576 = DIRECTION('',(0.93486303003,0.355008612689,0.));
#9577 = ORIENTED_EDGE('',*,*,#9516,.F.);
#9578 = PLANE('',#9579);
#9579 = AXIS2_PLACEMENT_3D('',#9580,#9581,#9582);
#9580 = CARTESIAN_POINT('',(40.976170047055,-90.51834905542,1.4));
#9581 = DIRECTION('',(0.355008612689,-0.93486303003,0.));
#9582 = DIRECTION('',(-0.93486303003,-0.355008612689,0.));
#9583 = ADVANCED_FACE('',(#9584),#9602,.F.);
#9584 = FACE_BOUND('',#9585,.F.);
#9585 = EDGE_LOOP('',(#9586,#9587,#9588,#9596));
#9586 = ORIENTED_EDGE('',*,*,#2074,.F.);
#9587 = ORIENTED_EDGE('',*,*,#9549,.T.);
#9588 = ORIENTED_EDGE('',*,*,#9589,.F.);
#9589 = EDGE_CURVE('',#9590,#9542,#9592,.T.);
#9590 = VERTEX_POINT('',#9591);
#9591 = CARTESIAN_POINT('',(67.987381237474,-83.78990472134,6.3));
#9592 = LINE('',#9593,#9594);
#9593 = CARTESIAN_POINT('',(77.659538119599,-82.6052071209,6.3));
#9594 = VECTOR('',#9595,1.);
#9595 = DIRECTION('',(0.992582031891,0.121576765736,0.));
#9596 = ORIENTED_EDGE('',*,*,#9597,.F.);
#9597 = EDGE_CURVE('',#2067,#9590,#9598,.T.);
#9598 = LINE('',#9599,#9600);
#9599 = CARTESIAN_POINT('',(67.987381237474,-83.78990472134,1.4));
#9600 = VECTOR('',#9601,1.);
#9601 = DIRECTION('',(0.,0.,1.));
#9602 = PLANE('',#9603);
#9603 = AXIS2_PLACEMENT_3D('',#9604,#9605,#9606);
#9604 = CARTESIAN_POINT('',(68.219776593538,-83.7614396929,1.4));
#9605 = DIRECTION('',(0.121576765736,-0.992582031891,0.));
#9606 = DIRECTION('',(-0.992582031891,-0.121576765736,0.));
#9607 = ADVANCED_FACE('',(#9608),#9626,.F.);
#9608 = FACE_BOUND('',#9609,.F.);
#9609 = EDGE_LOOP('',(#9610,#9611,#9619,#9625));
#9610 = ORIENTED_EDGE('',*,*,#1122,.F.);
#9611 = ORIENTED_EDGE('',*,*,#9612,.T.);
#9612 = EDGE_CURVE('',#1123,#9613,#9615,.T.);
#9613 = VERTEX_POINT('',#9614);
#9614 = CARTESIAN_POINT('',(41.196532797975,-90.43515410778,6.3));
#9615 = LINE('',#9616,#9617);
#9616 = CARTESIAN_POINT('',(41.196532797975,-90.43515410778,1.4));
#9617 = VECTOR('',#9618,1.);
#9618 = DIRECTION('',(0.,0.,1.));
#9619 = ORIENTED_EDGE('',*,*,#9620,.F.);
#9620 = EDGE_CURVE('',#9565,#9613,#9621,.T.);
#9621 = LINE('',#9622,#9623);
#9622 = CARTESIAN_POINT('',(66.794071891322,-80.77115274788,6.3));
#9623 = VECTOR('',#9624,1.);
#9624 = DIRECTION('',(0.935546745016,0.353202899041,0.));
#9625 = ORIENTED_EDGE('',*,*,#9564,.F.);
#9626 = PLANE('',#9627);
#9627 = AXIS2_PLACEMENT_3D('',#9628,#9629,#9630);
#9628 = CARTESIAN_POINT('',(41.196532797975,-90.43515410778,1.4));
#9629 = DIRECTION('',(0.353202899041,-0.935546745016,0.));
#9630 = DIRECTION('',(-0.935546745016,-0.353202899041,0.));
#9631 = ADVANCED_FACE('',(#9632),#9650,.F.);
#9632 = FACE_BOUND('',#9633,.F.);
#9633 = EDGE_LOOP('',(#9634,#9635,#9636,#9644));
#9634 = ORIENTED_EDGE('',*,*,#2066,.F.);
#9635 = ORIENTED_EDGE('',*,*,#9597,.T.);
#9636 = ORIENTED_EDGE('',*,*,#9637,.F.);
#9637 = EDGE_CURVE('',#9638,#9590,#9640,.T.);
#9638 = VERTEX_POINT('',#9639);
#9639 = CARTESIAN_POINT('',(67.755054061044,-83.81885375004,6.3));
#9640 = LINE('',#9641,#9642);
#9641 = CARTESIAN_POINT('',(77.578479215491,-82.59481004959,6.3));
#9642 = VECTOR('',#9643,1.);
#9643 = DIRECTION('',(0.992326095917,0.123648369831,0.));
#9644 = ORIENTED_EDGE('',*,*,#9645,.F.);
#9645 = EDGE_CURVE('',#2059,#9638,#9646,.T.);
#9646 = LINE('',#9647,#9648);
#9647 = CARTESIAN_POINT('',(67.755054061044,-83.81885375004,1.4));
#9648 = VECTOR('',#9649,1.);
#9649 = DIRECTION('',(0.,0.,1.));
#9650 = PLANE('',#9651);
#9651 = AXIS2_PLACEMENT_3D('',#9652,#9653,#9654);
#9652 = CARTESIAN_POINT('',(67.987381237474,-83.78990472134,1.4));
#9653 = DIRECTION('',(0.123648369831,-0.992326095917,0.));
#9654 = DIRECTION('',(-0.992326095917,-0.123648369831,0.));
#9655 = ADVANCED_FACE('',(#9656),#9674,.F.);
#9656 = FACE_BOUND('',#9657,.F.);
#9657 = EDGE_LOOP('',(#9658,#9659,#9667,#9673));
#9658 = ORIENTED_EDGE('',*,*,#1130,.F.);
#9659 = ORIENTED_EDGE('',*,*,#9660,.T.);
#9660 = EDGE_CURVE('',#1131,#9661,#9663,.T.);
#9661 = VERTEX_POINT('',#9662);
#9662 = CARTESIAN_POINT('',(41.417029387492,-90.3523950147,6.3));
#9663 = LINE('',#9664,#9665);
#9664 = CARTESIAN_POINT('',(41.417029387492,-90.3523950147,1.4));
#9665 = VECTOR('',#9666,1.);
#9666 = DIRECTION('',(0.,0.,1.));
#9667 = ORIENTED_EDGE('',*,*,#9668,.F.);
#9668 = EDGE_CURVE('',#9613,#9661,#9669,.T.);
#9669 = LINE('',#9670,#9671);
#9670 = CARTESIAN_POINT('',(66.898034942585,-80.78859670313,6.3));
#9671 = VECTOR('',#9672,1.);
#9672 = DIRECTION('',(0.936227413058,0.351394694095,0.));
#9673 = ORIENTED_EDGE('',*,*,#9612,.F.);
#9674 = PLANE('',#9675);
#9675 = AXIS2_PLACEMENT_3D('',#9676,#9677,#9678);
#9676 = CARTESIAN_POINT('',(41.417029387492,-90.3523950147,1.4));
#9677 = DIRECTION('',(0.351394694095,-0.936227413058,0.));
#9678 = DIRECTION('',(-0.936227413058,-0.351394694095,0.));
#9679 = ADVANCED_FACE('',(#9680),#9698,.F.);
#9680 = FACE_BOUND('',#9681,.F.);
#9681 = EDGE_LOOP('',(#9682,#9683,#9684,#9692));
#9682 = ORIENTED_EDGE('',*,*,#2058,.F.);
#9683 = ORIENTED_EDGE('',*,*,#9645,.T.);
#9684 = ORIENTED_EDGE('',*,*,#9685,.F.);
#9685 = EDGE_CURVE('',#9686,#9638,#9688,.T.);
#9686 = VERTEX_POINT('',#9687);
#9687 = CARTESIAN_POINT('',(67.5227956265,-83.84828637106,6.3));
#9688 = LINE('',#9689,#9690);
#9689 = CARTESIAN_POINT('',(77.49729899599,-82.58428156468,6.3));
#9690 = VECTOR('',#9691,1.);
#9691 = DIRECTION('',(0.99206599819,0.125718157939,0.));
#9692 = ORIENTED_EDGE('',*,*,#9693,.F.);
#9693 = EDGE_CURVE('',#2051,#9686,#9694,.T.);
#9694 = LINE('',#9695,#9696);
#9695 = CARTESIAN_POINT('',(67.5227956265,-83.84828637106,1.4));
#9696 = VECTOR('',#9697,1.);
#9697 = DIRECTION('',(0.,0.,1.));
#9698 = PLANE('',#9699);
#9699 = AXIS2_PLACEMENT_3D('',#9700,#9701,#9702);
#9700 = CARTESIAN_POINT('',(67.755054061044,-83.81885375004,1.4));
#9701 = DIRECTION('',(0.125718157939,-0.99206599819,0.));
#9702 = DIRECTION('',(-0.99206599819,-0.125718157939,0.));
#9703 = ADVANCED_FACE('',(#9704),#9722,.F.);
#9704 = FACE_BOUND('',#9705,.F.);
#9705 = EDGE_LOOP('',(#9706,#9707,#9715,#9721));
#9706 = ORIENTED_EDGE('',*,*,#1138,.F.);
#9707 = ORIENTED_EDGE('',*,*,#9708,.T.);
#9708 = EDGE_CURVE('',#1139,#9709,#9711,.T.);
#9709 = VERTEX_POINT('',#9710);
#9710 = CARTESIAN_POINT('',(41.637659264022,-90.27007218302,6.3));
#9711 = LINE('',#9712,#9713);
#9712 = CARTESIAN_POINT('',(41.637659264022,-90.27007218302,1.4));
#9713 = VECTOR('',#9714,1.);
#9714 = DIRECTION('',(0.,0.,1.));
#9715 = ORIENTED_EDGE('',*,*,#9716,.F.);
#9716 = EDGE_CURVE('',#9661,#9709,#9717,.T.);
#9717 = LINE('',#9718,#9719);
#9718 = CARTESIAN_POINT('',(67.001753483409,-80.80605900342,6.3));
#9719 = VECTOR('',#9720,1.);
#9720 = DIRECTION('',(0.936905025619,0.349583999878,0.));
#9721 = ORIENTED_EDGE('',*,*,#9660,.F.);
#9722 = PLANE('',#9723);
#9723 = AXIS2_PLACEMENT_3D('',#9724,#9725,#9726);
#9724 = CARTESIAN_POINT('',(41.637659264022,-90.27007218302,1.4));
#9725 = DIRECTION('',(0.349583999878,-0.936905025619,0.));
#9726 = DIRECTION('',(-0.936905025619,-0.349583999878,0.));
#9727 = ADVANCED_FACE('',(#9728),#9746,.F.);
#9728 = FACE_BOUND('',#9729,.F.);
#9729 = EDGE_LOOP('',(#9730,#9731,#9732,#9740));
#9730 = ORIENTED_EDGE('',*,*,#2050,.F.);
#9731 = ORIENTED_EDGE('',*,*,#9693,.T.);
#9732 = ORIENTED_EDGE('',*,*,#9733,.F.);
#9733 = EDGE_CURVE('',#9734,#9686,#9736,.T.);
#9734 = VERTEX_POINT('',#9735);
#9735 = CARTESIAN_POINT('',(67.290606495965,-83.87820217644,6.3));
#9736 = LINE('',#9737,#9738);
#9737 = CARTESIAN_POINT('',(77.415995812123,-82.57362269224,6.3));
#9738 = VECTOR('',#9739,1.);
#9739 = DIRECTION('',(0.991801748116,0.12778611988,0.));
#9740 = ORIENTED_EDGE('',*,*,#9741,.F.);
#9741 = EDGE_CURVE('',#2043,#9734,#9742,.T.);
#9742 = LINE('',#9743,#9744);
#9743 = CARTESIAN_POINT('',(67.290606495965,-83.87820217644,1.4));
#9744 = VECTOR('',#9745,1.);
#9745 = DIRECTION('',(0.,0.,1.));
#9746 = PLANE('',#9747);
#9747 = AXIS2_PLACEMENT_3D('',#9748,#9749,#9750);
#9748 = CARTESIAN_POINT('',(67.5227956265,-83.84828637106,1.4));
#9749 = DIRECTION('',(0.12778611988,-0.991801748116,0.));
#9750 = DIRECTION('',(-0.991801748116,-0.12778611988,0.));
#9751 = ADVANCED_FACE('',(#9752),#9770,.F.);
#9752 = FACE_BOUND('',#9753,.F.);
#9753 = EDGE_LOOP('',(#9754,#9755,#9763,#9769));
#9754 = ORIENTED_EDGE('',*,*,#1146,.F.);
#9755 = ORIENTED_EDGE('',*,*,#9756,.T.);
#9756 = EDGE_CURVE('',#1147,#9757,#9759,.T.);
#9757 = VERTEX_POINT('',#9758);
#9758 = CARTESIAN_POINT('',(41.85842187587,-90.18818601962,6.3));
#9759 = LINE('',#9760,#9761);
#9760 = CARTESIAN_POINT('',(41.85842187587,-90.18818601962,1.4));
#9761 = VECTOR('',#9762,1.);
#9762 = DIRECTION('',(0.,0.,1.));
#9763 = ORIENTED_EDGE('',*,*,#9764,.F.);
#9764 = EDGE_CURVE('',#9709,#9757,#9765,.T.);
#9765 = LINE('',#9766,#9767);
#9766 = CARTESIAN_POINT('',(67.105228028607,-80.82353828022,6.3));
#9767 = VECTOR('',#9768,1.);
#9768 = DIRECTION('',(0.937579574129,0.347770818465,0.));
#9769 = ORIENTED_EDGE('',*,*,#9708,.F.);
#9770 = PLANE('',#9771);
#9771 = AXIS2_PLACEMENT_3D('',#9772,#9773,#9774);
#9772 = CARTESIAN_POINT('',(41.85842187587,-90.18818601962,1.4));
#9773 = DIRECTION('',(0.347770818465,-0.937579574129,0.));
#9774 = DIRECTION('',(-0.937579574129,-0.347770818465,0.));
#9775 = ADVANCED_FACE('',(#9776),#9794,.F.);
#9776 = FACE_BOUND('',#9777,.F.);
#9777 = EDGE_LOOP('',(#9778,#9779,#9780,#9788));
#9778 = ORIENTED_EDGE('',*,*,#2042,.F.);
#9779 = ORIENTED_EDGE('',*,*,#9741,.T.);
#9780 = ORIENTED_EDGE('',*,*,#9781,.F.);
#9781 = EDGE_CURVE('',#9782,#9734,#9784,.T.);
#9782 = VERTEX_POINT('',#9783);
#9783 = CARTESIAN_POINT('',(67.058487231435,-83.90860075817,6.3));
#9784 = LINE('',#9785,#9786);
#9785 = CARTESIAN_POINT('',(77.334568025465,-82.56283446623,6.3));
#9786 = VECTOR('',#9787,1.);
#9787 = DIRECTION('',(0.991533355124,0.12985224556,0.));
#9788 = ORIENTED_EDGE('',*,*,#9789,.F.);
#9789 = EDGE_CURVE('',#2035,#9782,#9790,.T.);
#9790 = LINE('',#9791,#9792);
#9791 = CARTESIAN_POINT('',(67.058487231435,-83.90860075817,1.4));
#9792 = VECTOR('',#9793,1.);
#9793 = DIRECTION('',(0.,0.,1.));
#9794 = PLANE('',#9795);
#9795 = AXIS2_PLACEMENT_3D('',#9796,#9797,#9798);
#9796 = CARTESIAN_POINT('',(67.290606495965,-83.87820217644,1.4));
#9797 = DIRECTION('',(0.12985224556,-0.991533355124,0.));
#9798 = DIRECTION('',(-0.991533355124,-0.12985224556,0.));
#9799 = ADVANCED_FACE('',(#9800),#9818,.F.);
#9800 = FACE_BOUND('',#9801,.F.);
#9801 = EDGE_LOOP('',(#9802,#9803,#9811,#9817));
#9802 = ORIENTED_EDGE('',*,*,#1154,.F.);
#9803 = ORIENTED_EDGE('',*,*,#9804,.T.);
#9804 = EDGE_CURVE('',#1155,#9805,#9807,.T.);
#9805 = VERTEX_POINT('',#9806);
#9806 = CARTESIAN_POINT('',(42.079316671298,-90.10673693142,6.3));
#9807 = LINE('',#9808,#9809);
#9808 = CARTESIAN_POINT('',(42.079316671298,-90.10673693142,1.4));
#9809 = VECTOR('',#9810,1.);
#9810 = DIRECTION('',(0.,0.,1.));
#9811 = ORIENTED_EDGE('',*,*,#9812,.F.);
#9812 = EDGE_CURVE('',#9757,#9805,#9813,.T.);
#9813 = LINE('',#9814,#9815);
#9814 = CARTESIAN_POINT('',(67.208459100809,-80.84103316438,6.3));
#9815 = VECTOR('',#9816,1.);
#9816 = DIRECTION('',(0.938251049995,0.345955151982,0.));
#9817 = ORIENTED_EDGE('',*,*,#9756,.F.);
#9818 = PLANE('',#9819);
#9819 = AXIS2_PLACEMENT_3D('',#9820,#9821,#9822);
#9820 = CARTESIAN_POINT('',(42.079316671298,-90.10673693142,1.4));
#9821 = DIRECTION('',(0.345955151982,-0.938251049995,0.));
#9822 = DIRECTION('',(-0.938251049995,-0.345955151982,0.));
#9823 = ADVANCED_FACE('',(#9824),#9842,.F.);
#9824 = FACE_BOUND('',#9825,.F.);
#9825 = EDGE_LOOP('',(#9826,#9827,#9828,#9836));
#9826 = ORIENTED_EDGE('',*,*,#2034,.F.);
#9827 = ORIENTED_EDGE('',*,*,#9789,.T.);
#9828 = ORIENTED_EDGE('',*,*,#9829,.F.);
#9829 = EDGE_CURVE('',#9830,#9782,#9832,.T.);
#9830 = VERTEX_POINT('',#9831);
#9831 = CARTESIAN_POINT('',(66.826438394837,-83.93948170824,6.3));
#9832 = LINE('',#9833,#9834);
#9833 = CARTESIAN_POINT('',(77.253014008198,-82.55191792835,6.3));
#9834 = VECTOR('',#9835,1.);
#9835 = DIRECTION('',(0.991260828662,0.131916524972,0.));
#9836 = ORIENTED_EDGE('',*,*,#9837,.F.);
#9837 = EDGE_CURVE('',#2027,#9830,#9838,.T.);
#9838 = LINE('',#9839,#9840);
#9839 = CARTESIAN_POINT('',(66.826438394837,-83.93948170824,1.4));
#9840 = VECTOR('',#9841,1.);
#9841 = DIRECTION('',(0.,0.,1.));
#9842 = PLANE('',#9843);
#9843 = AXIS2_PLACEMENT_3D('',#9844,#9845,#9846);
#9844 = CARTESIAN_POINT('',(67.058487231435,-83.90860075817,1.4));
#9845 = DIRECTION('',(0.131916524972,-0.991260828662,0.));
#9846 = DIRECTION('',(-0.991260828662,-0.131916524972,0.));
#9847 = ADVANCED_FACE('',(#9848),#9866,.F.);
#9848 = FACE_BOUND('',#9849,.F.);
#9849 = EDGE_LOOP('',(#9850,#9851,#9859,#9865));
#9850 = ORIENTED_EDGE('',*,*,#1162,.F.);
#9851 = ORIENTED_EDGE('',*,*,#9852,.T.);
#9852 = EDGE_CURVE('',#1163,#9853,#9855,.T.);
#9853 = VERTEX_POINT('',#9854);
#9854 = CARTESIAN_POINT('',(42.3003430985,-90.02572532537,6.3));
#9855 = LINE('',#9856,#9857);
#9856 = CARTESIAN_POINT('',(42.3003430985,-90.02572532537,1.4));
#9857 = VECTOR('',#9858,1.);
#9858 = DIRECTION('',(0.,0.,1.));
#9859 = ORIENTED_EDGE('',*,*,#9860,.F.);
#9860 = EDGE_CURVE('',#9805,#9853,#9861,.T.);
#9861 = LINE('',#9862,#9863);
#9862 = CARTESIAN_POINT('',(67.311447230495,-80.85854228614,6.3));
#9863 = VECTOR('',#9864,1.);
#9864 = DIRECTION('',(0.938919444596,0.3441370026,0.));
#9865 = ORIENTED_EDGE('',*,*,#9804,.F.);
#9866 = PLANE('',#9867);
#9867 = AXIS2_PLACEMENT_3D('',#9868,#9869,#9870);
#9868 = CARTESIAN_POINT('',(42.3003430985,-90.02572532537,1.4));
#9869 = DIRECTION('',(0.3441370026,-0.938919444596,0.));
#9870 = DIRECTION('',(-0.938919444596,-0.3441370026,0.));
#9871 = ADVANCED_FACE('',(#9872),#9890,.F.);
#9872 = FACE_BOUND('',#9873,.F.);
#9873 = EDGE_LOOP('',(#9874,#9875,#9876,#9884));
#9874 = ORIENTED_EDGE('',*,*,#2026,.F.);
#9875 = ORIENTED_EDGE('',*,*,#9837,.T.);
#9876 = ORIENTED_EDGE('',*,*,#9877,.F.);
#9877 = EDGE_CURVE('',#9878,#9830,#9880,.T.);
#9878 = VERTEX_POINT('',#9879);
#9879 = CARTESIAN_POINT('',(66.594460547946,-83.97084461858,6.3));
#9880 = LINE('',#9881,#9882);
#9881 = CARTESIAN_POINT('',(77.171332143117,-82.54087412796,6.3));
#9882 = VECTOR('',#9883,1.);
#9883 = DIRECTION('',(0.990984178199,0.133978948193,0.));
#9884 = ORIENTED_EDGE('',*,*,#9885,.F.);
#9885 = EDGE_CURVE('',#2019,#9878,#9886,.T.);
#9886 = LINE('',#9887,#9888);
#9887 = CARTESIAN_POINT('',(66.594460547946,-83.97084461858,1.4));
#9888 = VECTOR('',#9889,1.);
#9889 = DIRECTION('',(0.,0.,1.));
#9890 = PLANE('',#9891);
#9891 = AXIS2_PLACEMENT_3D('',#9892,#9893,#9894);
#9892 = CARTESIAN_POINT('',(66.826438394837,-83.93948170824,1.4));
#9893 = DIRECTION('',(0.133978948193,-0.990984178199,0.));
#9894 = DIRECTION('',(-0.990984178199,-0.133978948193,0.));
#9895 = ADVANCED_FACE('',(#9896),#9914,.F.);
#9896 = FACE_BOUND('',#9897,.F.);
#9897 = EDGE_LOOP('',(#9898,#9899,#9907,#9913));
#9898 = ORIENTED_EDGE('',*,*,#1170,.F.);
#9899 = ORIENTED_EDGE('',*,*,#9900,.T.);
#9900 = EDGE_CURVE('',#1171,#9901,#9903,.T.);
#9901 = VERTEX_POINT('',#9902);
#9902 = CARTESIAN_POINT('',(42.521500605615,-89.94515160847,6.3));
#9903 = LINE('',#9904,#9905);
#9904 = CARTESIAN_POINT('',(42.521500605615,-89.94515160847,1.4));
#9905 = VECTOR('',#9906,1.);
#9906 = DIRECTION('',(0.,0.,1.));
#9907 = ORIENTED_EDGE('',*,*,#9908,.F.);
#9908 = EDGE_CURVE('',#9853,#9901,#9909,.T.);
#9909 = LINE('',#9910,#9911);
#9910 = CARTESIAN_POINT('',(67.414192956045,-80.87606427521,6.3));
#9911 = VECTOR('',#9912,1.);
#9912 = DIRECTION('',(0.939584749285,0.342316372544,0.));
#9913 = ORIENTED_EDGE('',*,*,#9852,.F.);
#9914 = PLANE('',#9915);
#9915 = AXIS2_PLACEMENT_3D('',#9916,#9917,#9918);
#9916 = CARTESIAN_POINT('',(42.521500605615,-89.94515160847,1.4));
#9917 = DIRECTION('',(0.342316372544,-0.939584749285,0.));
#9918 = DIRECTION('',(-0.939584749285,-0.342316372544,0.));
#9919 = ADVANCED_FACE('',(#9920),#9938,.F.);
#9920 = FACE_BOUND('',#9921,.F.);
#9921 = EDGE_LOOP('',(#9922,#9923,#9924,#9932));
#9922 = ORIENTED_EDGE('',*,*,#2018,.F.);
#9923 = ORIENTED_EDGE('',*,*,#9885,.T.);
#9924 = ORIENTED_EDGE('',*,*,#9925,.F.);
#9925 = EDGE_CURVE('',#9926,#9878,#9928,.T.);
#9926 = VERTEX_POINT('',#9927);
#9927 = CARTESIAN_POINT('',(66.362554252445,-84.00268908112,6.3));
#9928 = LINE('',#9929,#9930);
#9929 = CARTESIAN_POINT('',(77.089520823629,-82.52970412199,6.3));
#9930 = VECTOR('',#9931,1.);
#9931 = DIRECTION('',(0.990703413224,0.136039505386,0.));
#9932 = ORIENTED_EDGE('',*,*,#9933,.F.);
#9933 = EDGE_CURVE('',#2011,#9926,#9934,.T.);
#9934 = LINE('',#9935,#9936);
#9935 = CARTESIAN_POINT('',(66.362554252445,-84.00268908112,1.4));
#9936 = VECTOR('',#9937,1.);
#9937 = DIRECTION('',(0.,0.,1.));
#9938 = PLANE('',#9939);
#9939 = AXIS2_PLACEMENT_3D('',#9940,#9941,#9942);
#9940 = CARTESIAN_POINT('',(66.594460547946,-83.97084461858,1.4));
#9941 = DIRECTION('',(0.136039505386,-0.990703413224,0.));
#9942 = DIRECTION('',(-0.990703413224,-0.136039505386,0.));
#9943 = ADVANCED_FACE('',(#9944),#9962,.F.);
#9944 = FACE_BOUND('',#9945,.F.);
#9945 = EDGE_LOOP('',(#9946,#9947,#9955,#9961));
#9946 = ORIENTED_EDGE('',*,*,#1178,.F.);
#9947 = ORIENTED_EDGE('',*,*,#9948,.T.);
#9948 = EDGE_CURVE('',#1179,#9949,#9951,.T.);
#9949 = VERTEX_POINT('',#9950);
#9950 = CARTESIAN_POINT('',(42.742788640702,-89.86501618773,6.3));
#9951 = LINE('',#9952,#9953);
#9952 = CARTESIAN_POINT('',(42.742788640702,-89.86501618773,1.4));
#9953 = VECTOR('',#9954,1.);
#9954 = DIRECTION('',(0.,0.,1.));
#9955 = ORIENTED_EDGE('',*,*,#9956,.F.);
#9956 = EDGE_CURVE('',#9901,#9949,#9957,.T.);
#9957 = LINE('',#9958,#9959);
#9958 = CARTESIAN_POINT('',(67.516696823778,-80.89359776078,6.3));
#9959 = VECTOR('',#9960,1.);
#9960 = DIRECTION('',(0.940246955386,0.340493264086,0.));
#9961 = ORIENTED_EDGE('',*,*,#9900,.F.);
#9962 = PLANE('',#9963);
#9963 = AXIS2_PLACEMENT_3D('',#9964,#9965,#9966);
#9964 = CARTESIAN_POINT('',(42.742788640702,-89.86501618773,1.4));
#9965 = DIRECTION('',(0.340493264086,-0.940246955386,0.));
#9966 = DIRECTION('',(-0.940246955386,-0.340493264086,0.));
#9967 = ADVANCED_FACE('',(#9968),#9986,.F.);
#9968 = FACE_BOUND('',#9969,.F.);
#9969 = EDGE_LOOP('',(#9970,#9971,#9972,#9980));
#9970 = ORIENTED_EDGE('',*,*,#2010,.F.);
#9971 = ORIENTED_EDGE('',*,*,#9933,.T.);
#9972 = ORIENTED_EDGE('',*,*,#9973,.F.);
#9973 = EDGE_CURVE('',#9974,#9926,#9976,.T.);
#9974 = VERTEX_POINT('',#9975);
#9975 = CARTESIAN_POINT('',(66.130720069897,-84.03501468777,6.3));
#9976 = LINE('',#9977,#9978);
#9977 = CARTESIAN_POINT('',(77.007578453784,-82.51840897482,6.3));
#9978 = VECTOR('',#9979,1.);
#9979 = DIRECTION('',(0.990418543244,0.138098186801,0.));
#9980 = ORIENTED_EDGE('',*,*,#9981,.F.);
#9981 = EDGE_CURVE('',#2003,#9974,#9982,.T.);
#9982 = LINE('',#9983,#9984);
#9983 = CARTESIAN_POINT('',(66.130720069897,-84.03501468777,1.4));
#9984 = VECTOR('',#9985,1.);
#9985 = DIRECTION('',(0.,0.,1.));
#9986 = PLANE('',#9987);
#9987 = AXIS2_PLACEMENT_3D('',#9988,#9989,#9990);
#9988 = CARTESIAN_POINT('',(66.362554252445,-84.00268908112,1.4));
#9989 = DIRECTION('',(0.138098186801,-0.990418543244,0.));
#9990 = DIRECTION('',(-0.990418543244,-0.138098186801,0.));
#9991 = ADVANCED_FACE('',(#9992),#10010,.F.);
#9992 = FACE_BOUND('',#9993,.F.);
#9993 = EDGE_LOOP('',(#9994,#9995,#10003,#10009));
#9994 = ORIENTED_EDGE('',*,*,#1186,.F.);
#9995 = ORIENTED_EDGE('',*,*,#9996,.T.);
#9996 = EDGE_CURVE('',#1187,#9997,#9999,.T.);
#9997 = VERTEX_POINT('',#9998);
#9998 = CARTESIAN_POINT('',(42.964206651767,-89.7853194702,6.3));
#9999 = LINE('',#10000,#10001);
#10000 = CARTESIAN_POINT('',(42.964206651767,-89.7853194702,1.4));
#10001 = VECTOR('',#10002,1.);
#10002 = DIRECTION('',(0.,0.,1.));
#10003 = ORIENTED_EDGE('',*,*,#10004,.F.);
#10004 = EDGE_CURVE('',#9949,#9997,#10005,.T.);
#10005 = LINE('',#10006,#10007);
#10006 = CARTESIAN_POINT('',(67.618959388001,-80.91114137158,6.3));
#10007 = VECTOR('',#10008,1.);
#10008 = DIRECTION('',(0.940906054199,0.338667679549,0.));
#10009 = ORIENTED_EDGE('',*,*,#9948,.F.);
#10010 = PLANE('',#10011);
#10011 = AXIS2_PLACEMENT_3D('',#10012,#10013,#10014);
#10012 = CARTESIAN_POINT('',(42.964206651767,-89.7853194702,1.4));
#10013 = DIRECTION('',(0.338667679549,-0.940906054199,0.));
#10014 = DIRECTION('',(-0.940906054199,-0.338667679549,0.));
#10015 = ADVANCED_FACE('',(#10016),#10034,.F.);
#10016 = FACE_BOUND('',#10017,.F.);
#10017 = EDGE_LOOP('',(#10018,#10019,#10020,#10028));
#10018 = ORIENTED_EDGE('',*,*,#2002,.F.);
#10019 = ORIENTED_EDGE('',*,*,#9981,.T.);
#10020 = ORIENTED_EDGE('',*,*,#10021,.F.);
#10021 = EDGE_CURVE('',#10022,#9974,#10024,.T.);
#10022 = VERTEX_POINT('',#10023);
#10023 = CARTESIAN_POINT('',(65.898958561757,-84.06782103041,6.3));
#10024 = LINE('',#10025,#10026);
#10025 = CARTESIAN_POINT('',(76.925503448276,-82.50698975815,6.3));
#10026 = VECTOR('',#10027,1.);
#10027 = DIRECTION('',(0.990129577785,0.140154982771,0.));
#10028 = ORIENTED_EDGE('',*,*,#10029,.F.);
#10029 = EDGE_CURVE('',#1995,#10022,#10030,.T.);
#10030 = LINE('',#10031,#10032);
#10031 = CARTESIAN_POINT('',(65.898958561757,-84.06782103041,1.4));
#10032 = VECTOR('',#10033,1.);
#10033 = DIRECTION('',(0.,0.,1.));
#10034 = PLANE('',#10035);
#10035 = AXIS2_PLACEMENT_3D('',#10036,#10037,#10038);
#10036 = CARTESIAN_POINT('',(66.130720069897,-84.03501468777,1.4));
#10037 = DIRECTION('',(0.140154982771,-0.990129577785,0.));
#10038 = DIRECTION('',(-0.990129577785,-0.140154982771,0.));
#10039 = ADVANCED_FACE('',(#10040),#10058,.F.);
#10040 = FACE_BOUND('',#10041,.F.);
#10041 = EDGE_LOOP('',(#10042,#10043,#10051,#10057));
#10042 = ORIENTED_EDGE('',*,*,#1194,.F.);
#10043 = ORIENTED_EDGE('',*,*,#10044,.T.);
#10044 = EDGE_CURVE('',#1195,#10045,#10047,.T.);
#10045 = VERTEX_POINT('',#10046);
#10046 = CARTESIAN_POINT('',(43.185754086728,-89.70606186299,6.3));
#10047 = LINE('',#10048,#10049);
#10048 = CARTESIAN_POINT('',(43.185754086728,-89.70606186299,1.4));
#10049 = VECTOR('',#10050,1.);
#10050 = DIRECTION('',(0.,0.,1.));
#10051 = ORIENTED_EDGE('',*,*,#10052,.F.);
#10052 = EDGE_CURVE('',#9997,#10045,#10053,.T.);
#10053 = LINE('',#10054,#10055);
#10054 = CARTESIAN_POINT('',(67.720981211048,-80.9286937359,6.3));
#10055 = VECTOR('',#10056,1.);
#10056 = DIRECTION('',(0.941562036999,0.336839621307,0.));
#10057 = ORIENTED_EDGE('',*,*,#9996,.F.);
#10058 = PLANE('',#10059);
#10059 = AXIS2_PLACEMENT_3D('',#10060,#10061,#10062);
#10060 = CARTESIAN_POINT('',(43.185754086728,-89.70606186299,1.4));
#10061 = DIRECTION('',(0.336839621307,-0.941562036999,0.));
#10062 = DIRECTION('',(-0.941562036999,-0.336839621307,0.));
#10063 = ADVANCED_FACE('',(#10064),#10082,.F.);
#10064 = FACE_BOUND('',#10065,.F.);
#10065 = EDGE_LOOP('',(#10066,#10067,#10068,#10076));
#10066 = ORIENTED_EDGE('',*,*,#1994,.F.);
#10067 = ORIENTED_EDGE('',*,*,#10029,.T.);
#10068 = ORIENTED_EDGE('',*,*,#10069,.F.);
#10069 = EDGE_CURVE('',#10070,#10022,#10072,.T.);
#10070 = VERTEX_POINT('',#10071);
#10071 = CARTESIAN_POINT('',(65.667270289388,-84.10110770088,6.3));
#10072 = LINE('',#10073,#10074);
#10073 = CARTESIAN_POINT('',(76.843294232462,-82.49544755095,6.3));
#10074 = VECTOR('',#10075,1.);
#10075 = DIRECTION('',(0.989836526389,0.142209883717,0.));
#10076 = ORIENTED_EDGE('',*,*,#10077,.F.);
#10077 = EDGE_CURVE('',#1987,#10070,#10078,.T.);
#10078 = LINE('',#10079,#10080);
#10079 = CARTESIAN_POINT('',(65.667270289388,-84.10110770088,1.4));
#10080 = VECTOR('',#10081,1.);
#10081 = DIRECTION('',(0.,0.,1.));
#10082 = PLANE('',#10083);
#10083 = AXIS2_PLACEMENT_3D('',#10084,#10085,#10086);
#10084 = CARTESIAN_POINT('',(65.898958561757,-84.06782103041,1.4));
#10085 = DIRECTION('',(0.142209883717,-0.989836526389,0.));
#10086 = DIRECTION('',(-0.989836526389,-0.142209883717,0.));
#10087 = ADVANCED_FACE('',(#10088),#10106,.F.);
#10088 = FACE_BOUND('',#10089,.F.);
#10089 = EDGE_LOOP('',(#10090,#10091,#10099,#10105));
#10090 = ORIENTED_EDGE('',*,*,#1202,.F.);
#10091 = ORIENTED_EDGE('',*,*,#10092,.T.);
#10092 = EDGE_CURVE('',#1203,#10093,#10095,.T.);
#10093 = VERTEX_POINT('',#10094);
#10094 = CARTESIAN_POINT('',(43.407430393475,-89.62724377321,6.3));
#10095 = LINE('',#10096,#10097);
#10096 = CARTESIAN_POINT('',(43.407430393475,-89.62724377321,1.4));
#10097 = VECTOR('',#10098,1.);
#10098 = DIRECTION('',(0.,0.,1.));
#10099 = ORIENTED_EDGE('',*,*,#10100,.F.);
#10100 = EDGE_CURVE('',#10045,#10093,#10101,.T.);
#10101 = LINE('',#10102,#10103);
#10102 = CARTESIAN_POINT('',(67.822762863346,-80.94625348162,6.3));
#10103 = VECTOR('',#10104,1.);
#10104 = DIRECTION('',(0.942214895033,0.335009091785,0.));
#10105 = ORIENTED_EDGE('',*,*,#10044,.F.);
#10106 = PLANE('',#10107);
#10107 = AXIS2_PLACEMENT_3D('',#10108,#10109,#10110);
#10108 = CARTESIAN_POINT('',(43.407430393475,-89.62724377321,1.4));
#10109 = DIRECTION('',(0.335009091785,-0.942214895033,0.));
#10110 = DIRECTION('',(-0.942214895033,-0.335009091785,0.));
#10111 = ADVANCED_FACE('',(#10112),#10130,.F.);
#10112 = FACE_BOUND('',#10113,.F.);
#10113 = EDGE_LOOP('',(#10114,#10115,#10116,#10124));
#10114 = ORIENTED_EDGE('',*,*,#1986,.F.);
#10115 = ORIENTED_EDGE('',*,*,#10077,.T.);
#10116 = ORIENTED_EDGE('',*,*,#10117,.F.);
#10117 = EDGE_CURVE('',#10118,#10070,#10120,.T.);
#10118 = VERTEX_POINT('',#10119);
#10119 = CARTESIAN_POINT('',(65.435655813998,-84.13487429102,6.3));
#10120 = LINE('',#10121,#10122);
#10121 = CARTESIAN_POINT('',(76.760949242374,-82.48378343933,6.3));
#10122 = VECTOR('',#10123,1.);
#10123 = DIRECTION('',(0.989539398616,0.144262880142,0.));
#10124 = ORIENTED_EDGE('',*,*,#10125,.F.);
#10125 = EDGE_CURVE('',#1979,#10118,#10126,.T.);
#10126 = LINE('',#10127,#10128);
#10127 = CARTESIAN_POINT('',(65.435655813998,-84.13487429102,1.4));
#10128 = VECTOR('',#10129,1.);
#10129 = DIRECTION('',(0.,0.,1.));
#10130 = PLANE('',#10131);
#10131 = AXIS2_PLACEMENT_3D('',#10132,#10133,#10134);
#10132 = CARTESIAN_POINT('',(65.667270289388,-84.10110770088,1.4));
#10133 = DIRECTION('',(0.144262880142,-0.989539398616,0.));
#10134 = DIRECTION('',(-0.989539398616,-0.144262880142,0.));
#10135 = ADVANCED_FACE('',(#10136),#10154,.F.);
#10136 = FACE_BOUND('',#10137,.F.);
#10137 = EDGE_LOOP('',(#10138,#10139,#10147,#10153));
#10138 = ORIENTED_EDGE('',*,*,#1210,.F.);
#10139 = ORIENTED_EDGE('',*,*,#10140,.T.);
#10140 = EDGE_CURVE('',#1211,#10141,#10143,.T.);
#10141 = VERTEX_POINT('',#10142);
#10142 = CARTESIAN_POINT('',(43.6292350198,-89.54886560801,6.3));
#10143 = LINE('',#10144,#10145);
#10144 = CARTESIAN_POINT('',(43.6292350198,-89.54886560801,1.4));
#10145 = VECTOR('',#10146,1.);
#10146 = DIRECTION('',(0.,0.,1.));
#10147 = ORIENTED_EDGE('',*,*,#10148,.F.);
#10148 = EDGE_CURVE('',#10093,#10141,#10149,.T.);
#10149 = LINE('',#10150,#10151);
#10150 = CARTESIAN_POINT('',(67.924304923429,-80.96381923631,6.3));
#10151 = VECTOR('',#10152,1.);
#10152 = DIRECTION('',(0.942864619522,0.33317609346,0.));
#10153 = ORIENTED_EDGE('',*,*,#10092,.F.);
#10154 = PLANE('',#10155);
#10155 = AXIS2_PLACEMENT_3D('',#10156,#10157,#10158);
#10156 = CARTESIAN_POINT('',(43.6292350198,-89.54886560801,1.4));
#10157 = DIRECTION('',(0.33317609346,-0.942864619522,0.));
#10158 = DIRECTION('',(-0.942864619522,-0.33317609346,0.));
#10159 = ADVANCED_FACE('',(#10160),#10178,.F.);
#10160 = FACE_BOUND('',#10161,.F.);
#10161 = EDGE_LOOP('',(#10162,#10163,#10164,#10172));
#10162 = ORIENTED_EDGE('',*,*,#1978,.F.);
#10163 = ORIENTED_EDGE('',*,*,#10125,.T.);
#10164 = ORIENTED_EDGE('',*,*,#10165,.F.);
#10165 = EDGE_CURVE('',#10166,#10118,#10168,.T.);
#10166 = VERTEX_POINT('',#10167);
#10167 = CARTESIAN_POINT('',(65.204115696738,-84.16912039264,6.3));
#10168 = LINE('',#10169,#10170);
#10169 = CARTESIAN_POINT('',(76.678466924704,-82.47199851644,6.3));
#10170 = VECTOR('',#10171,1.);
#10171 = DIRECTION('',(0.989238204043,0.146313962637,0.));
#10172 = ORIENTED_EDGE('',*,*,#10173,.F.);
#10173 = EDGE_CURVE('',#1971,#10166,#10174,.T.);
#10174 = LINE('',#10175,#10176);
#10175 = CARTESIAN_POINT('',(65.204115696738,-84.16912039264,1.4));
#10176 = VECTOR('',#10177,1.);
#10177 = DIRECTION('',(0.,0.,1.));
#10178 = PLANE('',#10179);
#10179 = AXIS2_PLACEMENT_3D('',#10180,#10181,#10182);
#10180 = CARTESIAN_POINT('',(65.435655813998,-84.13487429102,1.4));
#10181 = DIRECTION('',(0.146313962637,-0.989238204043,0.));
#10182 = DIRECTION('',(-0.989238204043,-0.146313962637,0.));
#10183 = ADVANCED_FACE('',(#10184),#10202,.F.);
#10184 = FACE_BOUND('',#10185,.F.);
#10185 = EDGE_LOOP('',(#10186,#10187,#10195,#10201));
#10186 = ORIENTED_EDGE('',*,*,#1218,.F.);
#10187 = ORIENTED_EDGE('',*,*,#10188,.T.);
#10188 = EDGE_CURVE('',#1219,#10189,#10191,.T.);
#10189 = VERTEX_POINT('',#10190);
#10190 = CARTESIAN_POINT('',(43.851167413427,-89.47092777458,6.3));
#10191 = LINE('',#10192,#10193);
#10192 = CARTESIAN_POINT('',(43.851167413427,-89.47092777458,1.4));
#10193 = VECTOR('',#10194,1.);
#10194 = DIRECTION('',(0.,0.,1.));
#10195 = ORIENTED_EDGE('',*,*,#10196,.F.);
#10196 = EDGE_CURVE('',#10141,#10189,#10197,.T.);
#10197 = LINE('',#10198,#10199);
#10198 = CARTESIAN_POINT('',(68.025607977997,-80.98138962721,6.3));
#10199 = VECTOR('',#10200,1.);
#10200 = DIRECTION('',(0.943511201665,0.33134062886,0.));
#10201 = ORIENTED_EDGE('',*,*,#10140,.F.);
#10202 = PLANE('',#10203);
#10203 = AXIS2_PLACEMENT_3D('',#10204,#10205,#10206);
#10204 = CARTESIAN_POINT('',(43.851167413427,-89.47092777458,1.4));
#10205 = DIRECTION('',(0.33134062886,-0.943511201665,0.));
#10206 = DIRECTION('',(-0.943511201665,-0.33134062886,0.));
#10207 = ADVANCED_FACE('',(#10208),#10226,.F.);
#10208 = FACE_BOUND('',#10209,.F.);
#10209 = EDGE_LOOP('',(#10210,#10211,#10212,#10220));
#10210 = ORIENTED_EDGE('',*,*,#1970,.F.);
#10211 = ORIENTED_EDGE('',*,*,#10173,.T.);
#10212 = ORIENTED_EDGE('',*,*,#10213,.F.);
#10213 = EDGE_CURVE('',#10214,#10166,#10216,.T.);
#10214 = VERTEX_POINT('',#10215);
#10215 = CARTESIAN_POINT('',(64.972650498609,-84.20384559754,6.3));
#10216 = LINE('',#10217,#10218);
#10217 = CARTESIAN_POINT('',(76.595845736859,-82.46009388235,6.3));
#10218 = VECTOR('',#10219,1.);
#10219 = DIRECTION('',(0.988932952261,0.148363121875,0.));
#10220 = ORIENTED_EDGE('',*,*,#10221,.F.);
#10221 = EDGE_CURVE('',#1963,#10214,#10222,.T.);
#10222 = LINE('',#10223,#10224);
#10223 = CARTESIAN_POINT('',(64.972650498609,-84.20384559754,1.4));
#10224 = VECTOR('',#10225,1.);
#10225 = DIRECTION('',(0.,0.,1.));
#10226 = PLANE('',#10227);
#10227 = AXIS2_PLACEMENT_3D('',#10228,#10229,#10230);
#10228 = CARTESIAN_POINT('',(65.204115696738,-84.16912039264,1.4));
#10229 = DIRECTION('',(0.148363121875,-0.988932952261,0.));
#10230 = DIRECTION('',(-0.988932952261,-0.148363121875,0.));
#10231 = ADVANCED_FACE('',(#10232),#10250,.F.);
#10232 = FACE_BOUND('',#10233,.F.);
#10233 = EDGE_LOOP('',(#10234,#10235,#10243,#10249));
#10234 = ORIENTED_EDGE('',*,*,#1226,.F.);
#10235 = ORIENTED_EDGE('',*,*,#10236,.T.);
#10236 = EDGE_CURVE('',#1227,#10237,#10239,.T.);
#10237 = VERTEX_POINT('',#10238);
#10238 = CARTESIAN_POINT('',(44.073227022025,-89.39343068015,6.3));
#10239 = LINE('',#10240,#10241);
#10240 = CARTESIAN_POINT('',(44.073227022025,-89.39343068015,1.4));
#10241 = VECTOR('',#10242,1.);
#10242 = DIRECTION('',(0.,0.,1.));
#10243 = ORIENTED_EDGE('',*,*,#10244,.F.);
#10244 = EDGE_CURVE('',#10189,#10237,#10245,.T.);
#10245 = LINE('',#10246,#10247);
#10246 = CARTESIAN_POINT('',(68.12667262197,-80.9989632813,6.3));
#10247 = VECTOR('',#10248,1.);
#10248 = DIRECTION('',(0.944154632632,0.329502700566,0.));
#10249 = ORIENTED_EDGE('',*,*,#10188,.F.);
#10250 = PLANE('',#10251);
#10251 = AXIS2_PLACEMENT_3D('',#10252,#10253,#10254);
#10252 = CARTESIAN_POINT('',(44.073227022025,-89.39343068015,1.4));
#10253 = DIRECTION('',(0.329502700566,-0.944154632632,0.));
#10254 = DIRECTION('',(-0.944154632632,-0.329502700566,0.));
#10255 = ADVANCED_FACE('',(#10256),#10274,.F.);
#10256 = FACE_BOUND('',#10257,.F.);
#10257 = EDGE_LOOP('',(#10258,#10259,#10260,#10268));
#10258 = ORIENTED_EDGE('',*,*,#1962,.F.);
#10259 = ORIENTED_EDGE('',*,*,#10221,.T.);
#10260 = ORIENTED_EDGE('',*,*,#10261,.F.);
#10261 = EDGE_CURVE('',#10262,#10214,#10264,.T.);
#10262 = VERTEX_POINT('',#10263);
#10263 = CARTESIAN_POINT('',(64.741260780526,-84.23904949749,6.3));
#10264 = LINE('',#10265,#10266);
#10265 = CARTESIAN_POINT('',(76.513084146917,-82.44807064399,6.3));
#10266 = VECTOR('',#10267,1.);
#10267 = DIRECTION('',(0.988623652878,0.150410348615,0.));
#10268 = ORIENTED_EDGE('',*,*,#10269,.F.);
#10269 = EDGE_CURVE('',#1955,#10262,#10270,.T.);
#10270 = LINE('',#10271,#10272);
#10271 = CARTESIAN_POINT('',(64.741260780526,-84.23904949749,1.4));
#10272 = VECTOR('',#10273,1.);
#10273 = DIRECTION('',(0.,0.,1.));
#10274 = PLANE('',#10275);
#10275 = AXIS2_PLACEMENT_3D('',#10276,#10277,#10278);
#10276 = CARTESIAN_POINT('',(64.972650498609,-84.20384559754,1.4));
#10277 = DIRECTION('',(0.150410348615,-0.988623652878,0.));
#10278 = DIRECTION('',(-0.988623652878,-0.150410348615,0.));
#10279 = ADVANCED_FACE('',(#10280),#10298,.F.);
#10280 = FACE_BOUND('',#10281,.F.);
#10281 = EDGE_LOOP('',(#10282,#10283,#10291,#10297));
#10282 = ORIENTED_EDGE('',*,*,#1234,.F.);
#10283 = ORIENTED_EDGE('',*,*,#10284,.T.);
#10284 = EDGE_CURVE('',#1235,#10285,#10287,.T.);
#10285 = VERTEX_POINT('',#10286);
#10286 = CARTESIAN_POINT('',(44.295413293198,-89.31637473197,6.3));
#10287 = LINE('',#10288,#10289);
#10288 = CARTESIAN_POINT('',(44.295413293198,-89.31637473197,1.4));
#10289 = VECTOR('',#10290,1.);
#10290 = DIRECTION('',(0.,0.,1.));
#10291 = ORIENTED_EDGE('',*,*,#10292,.F.);
#10292 = EDGE_CURVE('',#10237,#10285,#10293,.T.);
#10293 = LINE('',#10294,#10295);
#10294 = CARTESIAN_POINT('',(68.227499458523,-81.01653882533,6.3));
#10295 = VECTOR('',#10296,1.);
#10296 = DIRECTION('',(0.94479490357,0.327662311212,0.));
#10297 = ORIENTED_EDGE('',*,*,#10236,.F.);
#10298 = PLANE('',#10299);
#10299 = AXIS2_PLACEMENT_3D('',#10300,#10301,#10302);
#10300 = CARTESIAN_POINT('',(44.295413293198,-89.31637473197,1.4));
#10301 = DIRECTION('',(0.327662311212,-0.94479490357,0.));
#10302 = DIRECTION('',(-0.94479490357,-0.327662311212,0.));
#10303 = ADVANCED_FACE('',(#10304),#10322,.F.);
#10304 = FACE_BOUND('',#10305,.F.);
#10305 = EDGE_LOOP('',(#10306,#10307,#10308,#10316));
#10306 = ORIENTED_EDGE('',*,*,#1954,.F.);
#10307 = ORIENTED_EDGE('',*,*,#10269,.T.);
#10308 = ORIENTED_EDGE('',*,*,#10309,.F.);
#10309 = EDGE_CURVE('',#10310,#10262,#10312,.T.);
#10310 = VERTEX_POINT('',#10311);
#10311 = CARTESIAN_POINT('',(64.509947103274,-84.27473168424,6.3));
#10312 = LINE('',#10313,#10314);
#10313 = CARTESIAN_POINT('',(76.43018063367,-82.43592991501,6.3));
#10314 = VECTOR('',#10315,1.);
#10315 = DIRECTION('',(0.988310315515,0.152455633699,0.));
#10316 = ORIENTED_EDGE('',*,*,#10317,.F.);
#10317 = EDGE_CURVE('',#1947,#10310,#10318,.T.);
#10318 = LINE('',#10319,#10320);
#10319 = CARTESIAN_POINT('',(64.509947103274,-84.27473168424,1.4));
#10320 = VECTOR('',#10321,1.);
#10321 = DIRECTION('',(0.,0.,1.));
#10322 = PLANE('',#10323);
#10323 = AXIS2_PLACEMENT_3D('',#10324,#10325,#10326);
#10324 = CARTESIAN_POINT('',(64.741260780526,-84.23904949749,1.4));
#10325 = DIRECTION('',(0.152455633699,-0.988310315515,0.));
#10326 = DIRECTION('',(-0.988310315515,-0.152455633699,0.));
#10327 = ADVANCED_FACE('',(#10328),#10346,.F.);
#10328 = FACE_BOUND('',#10329,.F.);
#10329 = EDGE_LOOP('',(#10330,#10331,#10339,#10345));
#10330 = ORIENTED_EDGE('',*,*,#1242,.F.);
#10331 = ORIENTED_EDGE('',*,*,#10332,.T.);
#10332 = EDGE_CURVE('',#1243,#10333,#10335,.T.);
#10333 = VERTEX_POINT('',#10334);
#10334 = CARTESIAN_POINT('',(44.517725674453,-89.23976033733,6.3));
#10335 = LINE('',#10336,#10337);
#10336 = CARTESIAN_POINT('',(44.517725674453,-89.23976033733,1.4));
#10337 = VECTOR('',#10338,1.);
#10338 = DIRECTION('',(0.,0.,1.));
#10339 = ORIENTED_EDGE('',*,*,#10340,.F.);
#10340 = EDGE_CURVE('',#10285,#10333,#10341,.T.);
#10341 = LINE('',#10342,#10343);
#10342 = CARTESIAN_POINT('',(68.328089099116,-81.03411488589,6.3));
#10343 = VECTOR('',#10344,1.);
#10344 = DIRECTION('',(0.945432005601,0.325819463485,0.));
#10345 = ORIENTED_EDGE('',*,*,#10284,.F.);
#10346 = PLANE('',#10347);
#10347 = AXIS2_PLACEMENT_3D('',#10348,#10349,#10350);
#10348 = CARTESIAN_POINT('',(44.517725674453,-89.23976033733,1.4));
#10349 = DIRECTION('',(0.325819463485,-0.945432005601,0.));
#10350 = DIRECTION('',(-0.945432005601,-0.325819463485,0.));
#10351 = ADVANCED_FACE('',(#10352),#10370,.F.);
#10352 = FACE_BOUND('',#10353,.F.);
#10353 = EDGE_LOOP('',(#10354,#10355,#10356,#10364));
#10354 = ORIENTED_EDGE('',*,*,#1946,.F.);
#10355 = ORIENTED_EDGE('',*,*,#10317,.T.);
#10356 = ORIENTED_EDGE('',*,*,#10357,.F.);
#10357 = EDGE_CURVE('',#10358,#10310,#10360,.T.);
#10358 = VERTEX_POINT('',#10359);
#10359 = CARTESIAN_POINT('',(64.278710027552,-84.31089174954,6.3));
#10360 = LINE('',#10361,#10362);
#10361 = CARTESIAN_POINT('',(76.347133686608,-82.4236728157,6.3));
#10362 = VECTOR('',#10363,1.);
#10363 = DIRECTION('',(0.987992949808,0.154498968055,0.));
#10364 = ORIENTED_EDGE('',*,*,#10365,.F.);
#10365 = EDGE_CURVE('',#1939,#10358,#10366,.T.);
#10366 = LINE('',#10367,#10368);
#10367 = CARTESIAN_POINT('',(64.278710027552,-84.31089174954,1.4));
#10368 = VECTOR('',#10369,1.);
#10369 = DIRECTION('',(0.,0.,1.));
#10370 = PLANE('',#10371);
#10371 = AXIS2_PLACEMENT_3D('',#10372,#10373,#10374);
#10372 = CARTESIAN_POINT('',(64.509947103274,-84.27473168424,1.4));
#10373 = DIRECTION('',(0.154498968055,-0.987992949808,0.));
#10374 = DIRECTION('',(-0.987992949808,-0.154498968055,0.));
#10375 = ADVANCED_FACE('',(#10376),#10394,.F.);
#10376 = FACE_BOUND('',#10377,.F.);
#10377 = EDGE_LOOP('',(#10378,#10379,#10387,#10393));
#10378 = ORIENTED_EDGE('',*,*,#1250,.F.);
#10379 = ORIENTED_EDGE('',*,*,#10380,.T.);
#10380 = EDGE_CURVE('',#1251,#10381,#10383,.T.);
#10381 = VERTEX_POINT('',#10382);
#10382 = CARTESIAN_POINT('',(44.740163613256,-89.16358790353,6.3));
#10383 = LINE('',#10384,#10385);
#10384 = CARTESIAN_POINT('',(44.740163613256,-89.16358790353,1.4));
#10385 = VECTOR('',#10386,1.);
#10386 = DIRECTION('',(0.,0.,1.));
#10387 = ORIENTED_EDGE('',*,*,#10388,.F.);
#10388 = EDGE_CURVE('',#10333,#10381,#10389,.T.);
#10389 = LINE('',#10390,#10391);
#10390 = CARTESIAN_POINT('',(68.428442163569,-81.05169008942,6.3));
#10391 = VECTOR('',#10392,1.);
#10392 = DIRECTION('',(0.946065929823,0.323974160125,0.));
#10393 = ORIENTED_EDGE('',*,*,#10332,.F.);
#10394 = PLANE('',#10395);
#10395 = AXIS2_PLACEMENT_3D('',#10396,#10397,#10398);
#10396 = CARTESIAN_POINT('',(44.740163613256,-89.16358790353,1.4));
#10397 = DIRECTION('',(0.323974160125,-0.946065929823,0.));
#10398 = DIRECTION('',(-0.946065929823,-0.323974160125,0.));
#10399 = ADVANCED_FACE('',(#10400),#10418,.F.);
#10400 = FACE_BOUND('',#10401,.F.);
#10401 = EDGE_LOOP('',(#10402,#10403,#10404,#10412));
#10402 = ORIENTED_EDGE('',*,*,#1938,.F.);
#10403 = ORIENTED_EDGE('',*,*,#10365,.T.);
#10404 = ORIENTED_EDGE('',*,*,#10405,.F.);
#10405 = EDGE_CURVE('',#10406,#10358,#10408,.T.);
#10406 = VERTEX_POINT('',#10407);
#10407 = CARTESIAN_POINT('',(64.047550113927,-84.34752928509,6.3));
#10408 = LINE('',#10409,#10410);
#10409 = CARTESIAN_POINT('',(76.263941805938,-82.41130047288,6.3));
#10410 = VECTOR('',#10411,1.);
#10411 = DIRECTION('',(0.987671565405,0.156540342693,0.));
#10412 = ORIENTED_EDGE('',*,*,#10413,.F.);
#10413 = EDGE_CURVE('',#1931,#10406,#10414,.T.);
#10414 = LINE('',#10415,#10416);
#10415 = CARTESIAN_POINT('',(64.047550113927,-84.34752928509,1.4));
#10416 = VECTOR('',#10417,1.);
#10417 = DIRECTION('',(0.,0.,1.));
#10418 = PLANE('',#10419);
#10419 = AXIS2_PLACEMENT_3D('',#10420,#10421,#10422);
#10420 = CARTESIAN_POINT('',(64.278710027552,-84.31089174954,1.4));
#10421 = DIRECTION('',(0.156540342693,-0.987671565405,0.));
#10422 = DIRECTION('',(-0.987671565405,-0.156540342693,0.));
#10423 = ADVANCED_FACE('',(#10424),#10442,.F.);
#10424 = FACE_BOUND('',#10425,.F.);
#10425 = EDGE_LOOP('',(#10426,#10427,#10435,#10441));
#10426 = ORIENTED_EDGE('',*,*,#1258,.F.);
#10427 = ORIENTED_EDGE('',*,*,#10428,.T.);
#10428 = EDGE_CURVE('',#1259,#10429,#10431,.T.);
#10429 = VERTEX_POINT('',#10430);
#10430 = CARTESIAN_POINT('',(44.962726557,-89.08785783794,6.3));
#10431 = LINE('',#10432,#10433);
#10432 = CARTESIAN_POINT('',(44.962726557,-89.08785783794,1.4));
#10433 = VECTOR('',#10434,1.);
#10434 = DIRECTION('',(0.,0.,1.));
#10435 = ORIENTED_EDGE('',*,*,#10436,.F.);
#10436 = EDGE_CURVE('',#10381,#10429,#10437,.T.);
#10437 = LINE('',#10438,#10439);
#10438 = CARTESIAN_POINT('',(68.528559280087,-81.06926306229,6.3));
#10439 = VECTOR('',#10440,1.);
#10440 = DIRECTION('',(0.946696667309,0.322126403926,0.));
#10441 = ORIENTED_EDGE('',*,*,#10380,.F.);
#10442 = PLANE('',#10443);
#10443 = AXIS2_PLACEMENT_3D('',#10444,#10445,#10446);
#10444 = CARTESIAN_POINT('',(44.962726557,-89.08785783794,1.4));
#10445 = DIRECTION('',(0.322126403926,-0.946696667309,0.));
#10446 = DIRECTION('',(-0.946696667309,-0.322126403926,0.));
#10447 = ADVANCED_FACE('',(#10448),#10466,.F.);
#10448 = FACE_BOUND('',#10449,.F.);
#10449 = EDGE_LOOP('',(#10450,#10451,#10452,#10460));
#10450 = ORIENTED_EDGE('',*,*,#1930,.F.);
#10451 = ORIENTED_EDGE('',*,*,#10413,.T.);
#10452 = ORIENTED_EDGE('',*,*,#10453,.F.);
#10453 = EDGE_CURVE('',#10454,#10406,#10456,.T.);
#10454 = VERTEX_POINT('',#10455);
#10455 = CARTESIAN_POINT('',(63.81646792288,-84.38464388262,6.3));
#10456 = LINE('',#10457,#10458);
#10457 = CARTESIAN_POINT('',(76.180603502571,-82.39881401982,6.3));
#10458 = VECTOR('',#10459,1.);
#10459 = DIRECTION('',(0.987346171968,0.158579748707,0.));
#10460 = ORIENTED_EDGE('',*,*,#10461,.F.);
#10461 = EDGE_CURVE('',#1923,#10454,#10462,.T.);
#10462 = LINE('',#10463,#10464);
#10463 = CARTESIAN_POINT('',(63.81646792288,-84.38464388262,1.4));
#10464 = VECTOR('',#10465,1.);
#10465 = DIRECTION('',(0.,0.,1.));
#10466 = PLANE('',#10467);
#10467 = AXIS2_PLACEMENT_3D('',#10468,#10469,#10470);
#10468 = CARTESIAN_POINT('',(64.047550113927,-84.34752928509,1.4));
#10469 = DIRECTION('',(0.158579748707,-0.987346171968,0.));
#10470 = DIRECTION('',(-0.987346171968,-0.158579748707,0.));
#10471 = ADVANCED_FACE('',(#10472),#10490,.F.);
#10472 = FACE_BOUND('',#10473,.F.);
#10473 = EDGE_LOOP('',(#10474,#10475,#10483,#10489));
#10474 = ORIENTED_EDGE('',*,*,#1266,.F.);
#10475 = ORIENTED_EDGE('',*,*,#10476,.T.);
#10476 = EDGE_CURVE('',#1267,#10477,#10479,.T.);
#10477 = VERTEX_POINT('',#10478);
#10478 = CARTESIAN_POINT('',(45.185413952986,-89.01257054792,6.3));
#10479 = LINE('',#10480,#10481);
#10480 = CARTESIAN_POINT('',(45.185413952986,-89.01257054792,1.4));
#10481 = VECTOR('',#10482,1.);
#10482 = DIRECTION('',(0.,0.,1.));
#10483 = ORIENTED_EDGE('',*,*,#10484,.F.);
#10484 = EDGE_CURVE('',#10429,#10477,#10485,.T.);
#10485 = LINE('',#10486,#10487);
#10486 = CARTESIAN_POINT('',(68.628441085296,-81.08683243081,6.3));
#10487 = VECTOR('',#10488,1.);
#10488 = DIRECTION('',(0.947324209108,0.320276197737,0.));
#10489 = ORIENTED_EDGE('',*,*,#10428,.F.);
#10490 = PLANE('',#10491);
#10491 = AXIS2_PLACEMENT_3D('',#10492,#10493,#10494);
#10492 = CARTESIAN_POINT('',(45.185413952986,-89.01257054792,1.4));
#10493 = DIRECTION('',(0.320276197737,-0.947324209108,0.));
#10494 = DIRECTION('',(-0.947324209108,-0.320276197737,0.));
#10495 = ADVANCED_FACE('',(#10496),#10514,.F.);
#10496 = FACE_BOUND('',#10497,.F.);
#10497 = EDGE_LOOP('',(#10498,#10499,#10500,#10508));
#10498 = ORIENTED_EDGE('',*,*,#1922,.F.);
#10499 = ORIENTED_EDGE('',*,*,#10461,.T.);
#10500 = ORIENTED_EDGE('',*,*,#10501,.F.);
#10501 = EDGE_CURVE('',#10502,#10454,#10504,.T.);
#10502 = VERTEX_POINT('',#10503);
#10503 = CARTESIAN_POINT('',(63.585464014773,-84.42223513379,6.3));
#10504 = LINE('',#10505,#10506);
#10505 = CARTESIAN_POINT('',(76.09711729815,-82.3862145961,6.3));
#10506 = VECTOR('',#10507,1.);
#10507 = DIRECTION('',(0.98701677917,0.160617177276,0.));
#10508 = ORIENTED_EDGE('',*,*,#10509,.F.);
#10509 = EDGE_CURVE('',#1915,#10502,#10510,.T.);
#10510 = LINE('',#10511,#10512);
#10511 = CARTESIAN_POINT('',(63.585464014773,-84.42223513379,1.4));
#10512 = VECTOR('',#10513,1.);
#10513 = DIRECTION('',(0.,0.,1.));
#10514 = PLANE('',#10515);
#10515 = AXIS2_PLACEMENT_3D('',#10516,#10517,#10518);
#10516 = CARTESIAN_POINT('',(63.81646792288,-84.38464388262,1.4));
#10517 = DIRECTION('',(0.160617177276,-0.98701677917,0.));
#10518 = DIRECTION('',(-0.98701677917,-0.160617177276,0.));
#10519 = ADVANCED_FACE('',(#10520),#10538,.F.);
#10520 = FACE_BOUND('',#10521,.F.);
#10521 = EDGE_LOOP('',(#10522,#10523,#10531,#10537));
#10522 = ORIENTED_EDGE('',*,*,#1274,.F.);
#10523 = ORIENTED_EDGE('',*,*,#10524,.T.);
#10524 = EDGE_CURVE('',#1275,#10525,#10527,.T.);
#10525 = VERTEX_POINT('',#10526);
#10526 = CARTESIAN_POINT('',(45.408225248464,-88.93772644089,6.3));
#10527 = LINE('',#10528,#10529);
#10528 = CARTESIAN_POINT('',(45.408225248464,-88.93772644089,1.4));
#10529 = VECTOR('',#10530,1.);
#10530 = DIRECTION('',(0.,0.,1.));
#10531 = ORIENTED_EDGE('',*,*,#10532,.F.);
#10532 = EDGE_CURVE('',#10477,#10525,#10533,.T.);
#10533 = LINE('',#10534,#10535);
#10534 = CARTESIAN_POINT('',(68.72808822431,-81.10439682132,6.3));
#10535 = VECTOR('',#10536,1.);
#10536 = DIRECTION('',(0.947948546247,0.318423544463,0.));
#10537 = ORIENTED_EDGE('',*,*,#10476,.F.);
#10538 = PLANE('',#10539);
#10539 = AXIS2_PLACEMENT_3D('',#10540,#10541,#10542);
#10540 = CARTESIAN_POINT('',(45.408225248464,-88.93772644089,1.4));
#10541 = DIRECTION('',(0.318423544463,-0.947948546247,0.));
#10542 = DIRECTION('',(-0.947948546247,-0.318423544463,0.));
#10543 = ADVANCED_FACE('',(#10544),#10562,.F.);
#10544 = FACE_BOUND('',#10545,.F.);
#10545 = EDGE_LOOP('',(#10546,#10547,#10548,#10556));
#10546 = ORIENTED_EDGE('',*,*,#1914,.F.);
#10547 = ORIENTED_EDGE('',*,*,#10509,.T.);
#10548 = ORIENTED_EDGE('',*,*,#10549,.F.);
#10549 = EDGE_CURVE('',#10550,#10502,#10552,.T.);
#10550 = VERTEX_POINT('',#10551);
#10551 = CARTESIAN_POINT('',(63.35453894984,-84.4603026303,6.3));
#10552 = LINE('',#10553,#10554);
#10553 = CARTESIAN_POINT('',(76.013481725022,-82.37350334756,6.3));
#10554 = VECTOR('',#10555,1.);
#10555 = DIRECTION('',(0.986683396697,0.16265261966,0.));
#10556 = ORIENTED_EDGE('',*,*,#10557,.F.);
#10557 = EDGE_CURVE('',#1907,#10550,#10558,.T.);
#10558 = LINE('',#10559,#10560);
#10559 = CARTESIAN_POINT('',(63.35453894984,-84.4603026303,1.4));
#10560 = VECTOR('',#10561,1.);
#10561 = DIRECTION('',(0.,0.,1.));
#10562 = PLANE('',#10563);
#10563 = AXIS2_PLACEMENT_3D('',#10564,#10565,#10566);
#10564 = CARTESIAN_POINT('',(63.585464014773,-84.42223513379,1.4));
#10565 = DIRECTION('',(0.16265261966,-0.986683396697,0.));
#10566 = DIRECTION('',(-0.986683396697,-0.16265261966,0.));
#10567 = ADVANCED_FACE('',(#10568),#10586,.F.);
#10568 = FACE_BOUND('',#10569,.F.);
#10569 = EDGE_LOOP('',(#10570,#10571,#10579,#10585));
#10570 = ORIENTED_EDGE('',*,*,#1282,.F.);
#10571 = ORIENTED_EDGE('',*,*,#10572,.T.);
#10572 = EDGE_CURVE('',#1283,#10573,#10575,.T.);
#10573 = VERTEX_POINT('',#10574);
#10574 = CARTESIAN_POINT('',(45.631159890607,-88.86332592429,6.3));
#10575 = LINE('',#10576,#10577);
#10576 = CARTESIAN_POINT('',(45.631159890607,-88.86332592429,1.4));
#10577 = VECTOR('',#10578,1.);
#10578 = DIRECTION('',(0.,0.,1.));
#10579 = ORIENTED_EDGE('',*,*,#10580,.F.);
#10580 = EDGE_CURVE('',#10525,#10573,#10581,.T.);
#10581 = LINE('',#10582,#10583);
#10582 = CARTESIAN_POINT('',(68.827501350753,-81.12195486018,6.3));
#10583 = VECTOR('',#10584,1.);
#10584 = DIRECTION('',(0.948569669727,0.31656844706,0.));
#10585 = ORIENTED_EDGE('',*,*,#10524,.F.);
#10586 = PLANE('',#10587);
#10587 = AXIS2_PLACEMENT_3D('',#10588,#10589,#10590);
#10588 = CARTESIAN_POINT('',(45.631159890607,-88.86332592429,1.4));
#10589 = DIRECTION('',(0.31656844706,-0.948569669727,0.));
#10590 = DIRECTION('',(-0.948569669727,-0.31656844706,0.));
#10591 = ADVANCED_FACE('',(#10592),#10610,.F.);
#10592 = FACE_BOUND('',#10593,.F.);
#10593 = EDGE_LOOP('',(#10594,#10595,#10596,#10604));
#10594 = ORIENTED_EDGE('',*,*,#1906,.F.);
#10595 = ORIENTED_EDGE('',*,*,#10557,.T.);
#10596 = ORIENTED_EDGE('',*,*,#10597,.F.);
#10597 = EDGE_CURVE('',#10598,#10550,#10600,.T.);
#10598 = VERTEX_POINT('',#10599);
#10599 = CARTESIAN_POINT('',(63.12369328825,-84.49884596379,6.3));
#10600 = LINE('',#10601,#10602);
#10601 = CARTESIAN_POINT('',(75.92969532625,-82.36068142616,6.3));
#10602 = VECTOR('',#10603,1.);
#10603 = DIRECTION('',(0.986346034244,0.164686067205,0.));
#10604 = ORIENTED_EDGE('',*,*,#10605,.F.);
#10605 = EDGE_CURVE('',#1899,#10598,#10606,.T.);
#10606 = LINE('',#10607,#10608);
#10607 = CARTESIAN_POINT('',(63.12369328825,-84.49884596379,1.4));
#10608 = VECTOR('',#10609,1.);
#10609 = DIRECTION('',(0.,0.,1.));
#10610 = PLANE('',#10611);
#10611 = AXIS2_PLACEMENT_3D('',#10612,#10613,#10614);
#10612 = CARTESIAN_POINT('',(63.35453894984,-84.4603026303,1.4));
#10613 = DIRECTION('',(0.164686067205,-0.986346034244,0.));
#10614 = DIRECTION('',(-0.986346034244,-0.164686067205,0.));
#10615 = ADVANCED_FACE('',(#10616),#10634,.F.);
#10616 = FACE_BOUND('',#10617,.F.);
#10617 = EDGE_LOOP('',(#10618,#10619,#10627,#10633));
#10618 = ORIENTED_EDGE('',*,*,#1290,.F.);
#10619 = ORIENTED_EDGE('',*,*,#10620,.T.);
#10620 = EDGE_CURVE('',#1291,#10621,#10623,.T.);
#10621 = VERTEX_POINT('',#10622);
#10622 = CARTESIAN_POINT('',(45.854217326505,-88.78936940559,6.3));
#10623 = LINE('',#10624,#10625);
#10624 = CARTESIAN_POINT('',(45.854217326505,-88.78936940559,1.4));
#10625 = VECTOR('',#10626,1.);
#10626 = DIRECTION('',(0.,0.,1.));
#10627 = ORIENTED_EDGE('',*,*,#10628,.F.);
#10628 = EDGE_CURVE('',#10573,#10621,#10629,.T.);
#10629 = LINE('',#10630,#10631);
#10630 = CARTESIAN_POINT('',(68.926681126813,-81.13950517389,6.3));
#10631 = VECTOR('',#10632,1.);
#10632 = DIRECTION('',(0.949187570527,0.314710908544,0.));
#10633 = ORIENTED_EDGE('',*,*,#10572,.F.);
#10634 = PLANE('',#10635);
#10635 = AXIS2_PLACEMENT_3D('',#10636,#10637,#10638);
#10636 = CARTESIAN_POINT('',(45.854217326505,-88.78936940559,1.4));
#10637 = DIRECTION('',(0.314710908544,-0.949187570527,0.));
#10638 = DIRECTION('',(-0.949187570527,-0.314710908544,0.));
#10639 = ADVANCED_FACE('',(#10640),#10658,.F.);
#10640 = FACE_BOUND('',#10641,.F.);
#10641 = EDGE_LOOP('',(#10642,#10643,#10644,#10652));
#10642 = ORIENTED_EDGE('',*,*,#1898,.F.);
#10643 = ORIENTED_EDGE('',*,*,#10605,.T.);
#10644 = ORIENTED_EDGE('',*,*,#10645,.F.);
#10645 = EDGE_CURVE('',#10646,#10598,#10648,.T.);
#10646 = VERTEX_POINT('',#10647);
#10647 = CARTESIAN_POINT('',(62.892927590023,-84.53786472592,6.3));
#10648 = LINE('',#10649,#10650);
#10649 = CARTESIAN_POINT('',(75.84575665563,-82.34774998991,6.3));
#10650 = VECTOR('',#10651,1.);
#10651 = DIRECTION('',(0.986004701517,0.166717511335,0.));
#10652 = ORIENTED_EDGE('',*,*,#10653,.F.);
#10653 = EDGE_CURVE('',#1891,#10646,#10654,.T.);
#10654 = LINE('',#10655,#10656);
#10655 = CARTESIAN_POINT('',(62.892927590023,-84.53786472592,1.4));
#10656 = VECTOR('',#10657,1.);
#10657 = DIRECTION('',(0.,0.,1.));
#10658 = PLANE('',#10659);
#10659 = AXIS2_PLACEMENT_3D('',#10660,#10661,#10662);
#10660 = CARTESIAN_POINT('',(63.12369328825,-84.49884596379,1.4));
#10661 = DIRECTION('',(0.166717511335,-0.986004701517,0.));
#10662 = DIRECTION('',(-0.986004701517,-0.166717511335,0.));
#10663 = ADVANCED_FACE('',(#10664),#10682,.F.);
#10664 = FACE_BOUND('',#10665,.F.);
#10665 = EDGE_LOOP('',(#10666,#10667,#10675,#10681));
#10666 = ORIENTED_EDGE('',*,*,#1298,.F.);
#10667 = ORIENTED_EDGE('',*,*,#10668,.T.);
#10668 = EDGE_CURVE('',#1299,#10669,#10671,.T.);
#10669 = VERTEX_POINT('',#10670);
#10670 = CARTESIAN_POINT('',(46.077397003192,-88.71585729229,6.3));
#10671 = LINE('',#10672,#10673);
#10672 = CARTESIAN_POINT('',(46.077397003192,-88.71585729229,1.4));
#10673 = VECTOR('',#10674,1.);
#10674 = DIRECTION('',(0.,0.,1.));
#10675 = ORIENTED_EDGE('',*,*,#10676,.F.);
#10676 = EDGE_CURVE('',#10621,#10669,#10677,.T.);
#10677 = LINE('',#10678,#10679);
#10678 = CARTESIAN_POINT('',(69.025628223286,-81.15704638905,6.3));
#10679 = VECTOR('',#10680,1.);
#10680 = DIRECTION('',(0.949802239603,0.312850931986,0.));
#10681 = ORIENTED_EDGE('',*,*,#10620,.F.);
#10682 = PLANE('',#10683);
#10683 = AXIS2_PLACEMENT_3D('',#10684,#10685,#10686);
#10684 = CARTESIAN_POINT('',(46.077397003192,-88.71585729229,1.4));
#10685 = DIRECTION('',(0.312850931986,-0.949802239603,0.));
#10686 = DIRECTION('',(-0.949802239603,-0.312850931986,0.));
#10687 = ADVANCED_FACE('',(#10688),#10706,.F.);
#10688 = FACE_BOUND('',#10689,.F.);
#10689 = EDGE_LOOP('',(#10690,#10691,#10692,#10700));
#10690 = ORIENTED_EDGE('',*,*,#1890,.F.);
#10691 = ORIENTED_EDGE('',*,*,#10653,.T.);
#10692 = ORIENTED_EDGE('',*,*,#10693,.F.);
#10693 = EDGE_CURVE('',#10694,#10646,#10696,.T.);
#10694 = VERTEX_POINT('',#10695);
#10695 = CARTESIAN_POINT('',(62.662242415099,-84.57735850833,6.3));
#10696 = LINE('',#10697,#10698);
#10697 = CARTESIAN_POINT('',(75.761664277655,-82.33471020276,6.3));
#10698 = VECTOR('',#10699,1.);
#10699 = DIRECTION('',(0.985659408233,0.168746943562,0.));
#10700 = ORIENTED_EDGE('',*,*,#10701,.F.);
#10701 = EDGE_CURVE('',#1883,#10694,#10702,.T.);
#10702 = LINE('',#10703,#10704);
#10703 = CARTESIAN_POINT('',(62.662242415099,-84.57735850833,1.4));
#10704 = VECTOR('',#10705,1.);
#10705 = DIRECTION('',(0.,0.,1.));
#10706 = PLANE('',#10707);
#10707 = AXIS2_PLACEMENT_3D('',#10708,#10709,#10710);
#10708 = CARTESIAN_POINT('',(62.892927590023,-84.53786472592,1.4));
#10709 = DIRECTION('',(0.168746943562,-0.985659408233,0.));
#10710 = DIRECTION('',(-0.985659408233,-0.168746943562,0.));
#10711 = ADVANCED_FACE('',(#10712),#10730,.F.);
#10712 = FACE_BOUND('',#10713,.F.);
#10713 = EDGE_LOOP('',(#10714,#10715,#10723,#10729));
#10714 = ORIENTED_EDGE('',*,*,#1306,.F.);
#10715 = ORIENTED_EDGE('',*,*,#10716,.T.);
#10716 = EDGE_CURVE('',#1307,#10717,#10719,.T.);
#10717 = VERTEX_POINT('',#10718);
#10718 = CARTESIAN_POINT('',(46.30069836761,-88.64278999192,6.3));
#10719 = LINE('',#10720,#10721);
#10720 = CARTESIAN_POINT('',(46.30069836761,-88.64278999192,1.4));
#10721 = VECTOR('',#10722,1.);
#10722 = DIRECTION('',(0.,0.,1.));
#10723 = ORIENTED_EDGE('',*,*,#10724,.F.);
#10724 = EDGE_CURVE('',#10669,#10717,#10725,.T.);
#10725 = LINE('',#10726,#10727);
#10726 = CARTESIAN_POINT('',(69.124343319609,-81.17457713251,6.3));
#10727 = VECTOR('',#10728,1.);
#10728 = DIRECTION('',(0.950413667889,0.310988520511,0.));
#10729 = ORIENTED_EDGE('',*,*,#10668,.F.);
#10730 = PLANE('',#10731);
#10731 = AXIS2_PLACEMENT_3D('',#10732,#10733,#10734);
#10732 = CARTESIAN_POINT('',(46.30069836761,-88.64278999192,1.4));
#10733 = DIRECTION('',(0.310988520511,-0.950413667889,0.));
#10734 = DIRECTION('',(-0.950413667889,-0.310988520511,0.));
#10735 = ADVANCED_FACE('',(#10736),#10754,.F.);
#10736 = FACE_BOUND('',#10737,.F.);
#10737 = EDGE_LOOP('',(#10738,#10739,#10740,#10748));
#10738 = ORIENTED_EDGE('',*,*,#1882,.F.);
#10739 = ORIENTED_EDGE('',*,*,#10701,.T.);
#10740 = ORIENTED_EDGE('',*,*,#10741,.F.);
#10741 = EDGE_CURVE('',#10742,#10694,#10744,.T.);
#10742 = VERTEX_POINT('',#10743);
#10743 = CARTESIAN_POINT('',(62.431638323311,-84.61732690263,6.3));
#10744 = LINE('',#10745,#10746);
#10745 = CARTESIAN_POINT('',(75.677416767548,-82.3215632345,6.3));
#10746 = VECTOR('',#10747,1.);
#10747 = DIRECTION('',(0.985310164116,0.170774355478,0.));
#10748 = ORIENTED_EDGE('',*,*,#10749,.F.);
#10749 = EDGE_CURVE('',#1875,#10742,#10750,.T.);
#10750 = LINE('',#10751,#10752);
#10751 = CARTESIAN_POINT('',(62.431638323311,-84.61732690263,1.4));
#10752 = VECTOR('',#10753,1.);
#10753 = DIRECTION('',(0.,0.,1.));
#10754 = PLANE('',#10755);
#10755 = AXIS2_PLACEMENT_3D('',#10756,#10757,#10758);
#10756 = CARTESIAN_POINT('',(62.662242415099,-84.57735850833,1.4));
#10757 = DIRECTION('',(0.170774355478,-0.985310164116,0.));
#10758 = DIRECTION('',(-0.985310164116,-0.170774355478,0.));
#10759 = ADVANCED_FACE('',(#10760),#10778,.F.);
#10760 = FACE_BOUND('',#10761,.F.);
#10761 = EDGE_LOOP('',(#10762,#10763,#10771,#10777));
#10762 = ORIENTED_EDGE('',*,*,#1314,.F.);
#10763 = ORIENTED_EDGE('',*,*,#10764,.T.);
#10764 = EDGE_CURVE('',#1315,#10765,#10767,.T.);
#10765 = VERTEX_POINT('',#10766);
#10766 = CARTESIAN_POINT('',(46.524120866654,-88.57016791203,6.3));
#10767 = LINE('',#10768,#10769);
#10768 = CARTESIAN_POINT('',(46.524120866654,-88.57016791203,1.4));
#10769 = VECTOR('',#10770,1.);
#10770 = DIRECTION('',(0.,0.,1.));
#10771 = ORIENTED_EDGE('',*,*,#10772,.F.);
#10772 = EDGE_CURVE('',#10717,#10765,#10773,.T.);
#10773 = LINE('',#10774,#10775);
#10774 = CARTESIAN_POINT('',(69.222827103922,-81.19209603133,6.3));
#10775 = VECTOR('',#10776,1.);
#10776 = DIRECTION('',(0.951021846295,0.309123677303,0.));
#10777 = ORIENTED_EDGE('',*,*,#10716,.F.);
#10778 = PLANE('',#10779);
#10779 = AXIS2_PLACEMENT_3D('',#10780,#10781,#10782);
#10780 = CARTESIAN_POINT('',(46.524120866654,-88.57016791203,1.4));
#10781 = DIRECTION('',(0.309123677303,-0.951021846295,0.));
#10782 = DIRECTION('',(-0.951021846295,-0.309123677303,0.));
#10783 = ADVANCED_FACE('',(#10784),#10802,.F.);
#10784 = FACE_BOUND('',#10785,.F.);
#10785 = EDGE_LOOP('',(#10786,#10787,#10788,#10796));
#10786 = ORIENTED_EDGE('',*,*,#1874,.F.);
#10787 = ORIENTED_EDGE('',*,*,#10749,.T.);
#10788 = ORIENTED_EDGE('',*,*,#10789,.F.);
#10789 = EDGE_CURVE('',#10790,#10742,#10792,.T.);
#10790 = VERTEX_POINT('',#10791);
#10791 = CARTESIAN_POINT('',(62.201115874351,-84.65776950044,6.3));
#10792 = LINE('',#10793,#10794);
#10793 = CARTESIAN_POINT('',(75.593012711241,-82.30831026067,6.3));
#10794 = VECTOR('',#10795,1.);
#10795 = DIRECTION('',(0.984956978901,0.172799738755,0.));
#10796 = ORIENTED_EDGE('',*,*,#10797,.F.);
#10797 = EDGE_CURVE('',#1867,#10790,#10798,.T.);
#10798 = LINE('',#10799,#10800);
#10799 = CARTESIAN_POINT('',(62.201115874351,-84.65776950044,1.4));
#10800 = VECTOR('',#10801,1.);
#10801 = DIRECTION('',(0.,0.,1.));
#10802 = PLANE('',#10803);
#10803 = AXIS2_PLACEMENT_3D('',#10804,#10805,#10806);
#10804 = CARTESIAN_POINT('',(62.431638323311,-84.61732690263,1.4));
#10805 = DIRECTION('',(0.172799738755,-0.984956978901,0.));
#10806 = DIRECTION('',(-0.984956978901,-0.172799738755,0.));
#10807 = ADVANCED_FACE('',(#10808),#10826,.F.);
#10808 = FACE_BOUND('',#10809,.F.);
#10809 = EDGE_LOOP('',(#10810,#10811,#10819,#10825));
#10810 = ORIENTED_EDGE('',*,*,#1322,.F.);
#10811 = ORIENTED_EDGE('',*,*,#10812,.T.);
#10812 = EDGE_CURVE('',#1323,#10813,#10815,.T.);
#10813 = VERTEX_POINT('',#10814);
#10814 = CARTESIAN_POINT('',(46.747663947102,-88.49799146022,6.3));
#10815 = LINE('',#10816,#10817);
#10816 = CARTESIAN_POINT('',(46.747663947102,-88.49799146022,1.4));
#10817 = VECTOR('',#10818,1.);
#10818 = DIRECTION('',(0.,0.,1.));
#10819 = ORIENTED_EDGE('',*,*,#10820,.F.);
#10820 = EDGE_CURVE('',#10765,#10813,#10821,.T.);
#10821 = LINE('',#10822,#10823);
#10822 = CARTESIAN_POINT('',(69.321080273082,-81.20960171288,6.3));
#10823 = VECTOR('',#10824,1.);
#10824 = DIRECTION('',(0.95162676571,0.307256405603,0.));
#10825 = ORIENTED_EDGE('',*,*,#10764,.F.);
#10826 = PLANE('',#10827);
#10827 = AXIS2_PLACEMENT_3D('',#10828,#10829,#10830);
#10828 = CARTESIAN_POINT('',(46.747663947102,-88.49799146022,1.4));
#10829 = DIRECTION('',(0.307256405603,-0.95162676571,0.));
#10830 = DIRECTION('',(-0.95162676571,-0.307256405603,0.));
#10831 = ADVANCED_FACE('',(#10832),#10850,.F.);
#10832 = FACE_BOUND('',#10833,.F.);
#10833 = EDGE_LOOP('',(#10834,#10835,#10836,#10844));
#10834 = ORIENTED_EDGE('',*,*,#1866,.F.);
#10835 = ORIENTED_EDGE('',*,*,#10797,.T.);
#10836 = ORIENTED_EDGE('',*,*,#10837,.F.);
#10837 = EDGE_CURVE('',#10838,#10790,#10840,.T.);
#10838 = VERTEX_POINT('',#10839);
#10839 = CARTESIAN_POINT('',(61.970675627859,-84.69868589335,6.3));
#10840 = LINE('',#10841,#10842);
#10841 = CARTESIAN_POINT('',(75.508450705358,-82.29495246248,6.3));
#10842 = VECTOR('',#10843,1.);
#10843 = DIRECTION('',(0.984599862329,0.17482308515,0.));
#10844 = ORIENTED_EDGE('',*,*,#10845,.F.);
#10845 = EDGE_CURVE('',#1859,#10838,#10846,.T.);
#10846 = LINE('',#10847,#10848);
#10847 = CARTESIAN_POINT('',(61.970675627859,-84.69868589335,1.4));
#10848 = VECTOR('',#10849,1.);
#10849 = DIRECTION('',(0.,0.,1.));
#10850 = PLANE('',#10851);
#10851 = AXIS2_PLACEMENT_3D('',#10852,#10853,#10854);
#10852 = CARTESIAN_POINT('',(62.201115874351,-84.65776950044,1.4));
#10853 = DIRECTION('',(0.17482308515,-0.984599862329,0.));
#10854 = DIRECTION('',(-0.984599862329,-0.17482308515,0.));
#10855 = ADVANCED_FACE('',(#10856),#10874,.F.);
#10856 = FACE_BOUND('',#10857,.F.);
#10857 = EDGE_LOOP('',(#10858,#10859,#10867,#10873));
#10858 = ORIENTED_EDGE('',*,*,#1330,.F.);
#10859 = ORIENTED_EDGE('',*,*,#10860,.T.);
#10860 = EDGE_CURVE('',#1331,#10861,#10863,.T.);
#10861 = VERTEX_POINT('',#10862);
#10862 = CARTESIAN_POINT('',(46.9713270557,-88.4262610441,6.3));
#10863 = LINE('',#10864,#10865);
#10864 = CARTESIAN_POINT('',(46.9713270557,-88.4262610441,1.4));
#10865 = VECTOR('',#10866,1.);
#10866 = DIRECTION('',(0.,0.,1.));
#10867 = ORIENTED_EDGE('',*,*,#10868,.F.);
#10868 = EDGE_CURVE('',#10813,#10861,#10869,.T.);
#10869 = LINE('',#10870,#10871);
#10870 = CARTESIAN_POINT('',(69.419103532734,-81.22709280488,6.3));
#10871 = VECTOR('',#10872,1.);
#10872 = DIRECTION('',(0.952228417001,0.305386708709,0.));
#10873 = ORIENTED_EDGE('',*,*,#10812,.F.);
#10874 = PLANE('',#10875);
#10875 = AXIS2_PLACEMENT_3D('',#10876,#10877,#10878);
#10876 = CARTESIAN_POINT('',(46.9713270557,-88.4262610441,1.4));
#10877 = DIRECTION('',(0.305386708709,-0.952228417001,0.));
#10878 = DIRECTION('',(-0.952228417001,-0.305386708709,0.));
#10879 = ADVANCED_FACE('',(#10880),#10898,.F.);
#10880 = FACE_BOUND('',#10881,.F.);
#10881 = EDGE_LOOP('',(#10882,#10883,#10884,#10892));
#10882 = ORIENTED_EDGE('',*,*,#1858,.F.);
#10883 = ORIENTED_EDGE('',*,*,#10845,.T.);
#10884 = ORIENTED_EDGE('',*,*,#10885,.F.);
#10885 = EDGE_CURVE('',#10886,#10838,#10888,.T.);
#10886 = VERTEX_POINT('',#10887);
#10887 = CARTESIAN_POINT('',(61.740318143314,-84.74007567298,6.3));
#10888 = LINE('',#10889,#10890);
#10889 = CARTESIAN_POINT('',(75.42372935725,-82.28149102666,6.3));
#10890 = VECTOR('',#10891,1.);
#10891 = DIRECTION('',(0.984238824149,0.176844386501,0.));
#10892 = ORIENTED_EDGE('',*,*,#10893,.F.);
#10893 = EDGE_CURVE('',#1851,#10886,#10894,.T.);
#10894 = LINE('',#10895,#10896);
#10895 = CARTESIAN_POINT('',(61.740318143314,-84.74007567298,1.4));
#10896 = VECTOR('',#10897,1.);
#10897 = DIRECTION('',(0.,0.,1.));
#10898 = PLANE('',#10899);
#10899 = AXIS2_PLACEMENT_3D('',#10900,#10901,#10902);
#10900 = CARTESIAN_POINT('',(61.970675627859,-84.69868589335,1.4));
#10901 = DIRECTION('',(0.176844386501,-0.984238824149,0.));
#10902 = DIRECTION('',(-0.984238824149,-0.176844386501,0.));
#10903 = ADVANCED_FACE('',(#10904),#10922,.F.);
#10904 = FACE_BOUND('',#10905,.F.);
#10905 = EDGE_LOOP('',(#10906,#10907,#10915,#10921));
#10906 = ORIENTED_EDGE('',*,*,#1338,.F.);
#10907 = ORIENTED_EDGE('',*,*,#10908,.T.);
#10908 = EDGE_CURVE('',#1339,#10909,#10911,.T.);
#10909 = VERTEX_POINT('',#10910);
#10910 = CARTESIAN_POINT('',(47.195109639103,-88.35497707131,6.3));
#10911 = LINE('',#10912,#10913);
#10912 = CARTESIAN_POINT('',(47.195109639103,-88.35497707131,1.4));
#10913 = VECTOR('',#10914,1.);
#10914 = DIRECTION('',(0.,0.,1.));
#10915 = ORIENTED_EDGE('',*,*,#10916,.F.);
#10916 = EDGE_CURVE('',#10861,#10909,#10917,.T.);
#10917 = LINE('',#10918,#10919);
#10918 = CARTESIAN_POINT('',(69.516897597341,-81.24456793546,6.3));
#10919 = VECTOR('',#10920,1.);
#10920 = DIRECTION('',(0.952826791012,0.303514589977,0.));
#10921 = ORIENTED_EDGE('',*,*,#10860,.F.);
#10922 = PLANE('',#10923);
#10923 = AXIS2_PLACEMENT_3D('',#10924,#10925,#10926);
#10924 = CARTESIAN_POINT('',(47.195109639103,-88.35497707131,1.4));
#10925 = DIRECTION('',(0.303514589977,-0.952826791012,0.));
#10926 = DIRECTION('',(-0.952826791012,-0.303514589977,0.));
#10927 = ADVANCED_FACE('',(#10928),#10946,.F.);
#10928 = FACE_BOUND('',#10929,.F.);
#10929 = EDGE_LOOP('',(#10930,#10931,#10932,#10940));
#10930 = ORIENTED_EDGE('',*,*,#1850,.F.);
#10931 = ORIENTED_EDGE('',*,*,#10893,.T.);
#10932 = ORIENTED_EDGE('',*,*,#10933,.F.);
#10933 = EDGE_CURVE('',#10934,#10886,#10936,.T.);
#10934 = VERTEX_POINT('',#10935);
#10935 = CARTESIAN_POINT('',(61.510043980131,-84.78193843089,6.3));
#10936 = LINE('',#10937,#10938);
#10937 = CARTESIAN_POINT('',(75.338847284936,-82.26792714543,6.3));
#10938 = VECTOR('',#10939,1.);
#10939 = DIRECTION('',(0.983873874118,0.178863634726,0.));
#10940 = ORIENTED_EDGE('',*,*,#10941,.F.);
#10941 = EDGE_CURVE('',#1843,#10934,#10942,.T.);
#10942 = LINE('',#10943,#10944);
#10943 = CARTESIAN_POINT('',(61.510043980131,-84.78193843089,1.4));
#10944 = VECTOR('',#10945,1.);
#10945 = DIRECTION('',(0.,0.,1.));
#10946 = PLANE('',#10947);
#10947 = AXIS2_PLACEMENT_3D('',#10948,#10949,#10950);
#10948 = CARTESIAN_POINT('',(61.740318143314,-84.74007567298,1.4));
#10949 = DIRECTION('',(0.178863634726,-0.983873874118,0.));
#10950 = DIRECTION('',(-0.983873874118,-0.178863634726,0.));
#10951 = ADVANCED_FACE('',(#10952),#10970,.F.);
#10952 = FACE_BOUND('',#10953,.F.);
#10953 = EDGE_LOOP('',(#10954,#10955,#10963,#10969));
#10954 = ORIENTED_EDGE('',*,*,#1346,.F.);
#10955 = ORIENTED_EDGE('',*,*,#10956,.T.);
#10956 = EDGE_CURVE('',#1347,#10957,#10959,.T.);
#10957 = VERTEX_POINT('',#10958);
#10958 = CARTESIAN_POINT('',(47.419011143874,-88.28413994952,6.3));
#10959 = LINE('',#10960,#10961);
#10960 = CARTESIAN_POINT('',(47.419011143874,-88.28413994952,1.4));
#10961 = VECTOR('',#10962,1.);
#10962 = DIRECTION('',(0.,0.,1.));
#10963 = ORIENTED_EDGE('',*,*,#10964,.F.);
#10964 = EDGE_CURVE('',#10909,#10957,#10965,.T.);
#10965 = LINE('',#10966,#10967);
#10966 = CARTESIAN_POINT('',(69.614463190215,-81.26202573319,6.3));
#10967 = VECTOR('',#10968,1.);
#10968 = DIRECTION('',(0.953421878569,0.301640052822,0.));
#10969 = ORIENTED_EDGE('',*,*,#10908,.F.);
#10970 = PLANE('',#10971);
#10971 = AXIS2_PLACEMENT_3D('',#10972,#10973,#10974);
#10972 = CARTESIAN_POINT('',(47.419011143874,-88.28413994952,1.4));
#10973 = DIRECTION('',(0.301640052822,-0.953421878569,0.));
#10974 = DIRECTION('',(-0.953421878569,-0.301640052822,0.));
#10975 = ADVANCED_FACE('',(#10976),#10994,.F.);
#10976 = FACE_BOUND('',#10977,.F.);
#10977 = EDGE_LOOP('',(#10978,#10979,#10980,#10988));
#10978 = ORIENTED_EDGE('',*,*,#1842,.F.);
#10979 = ORIENTED_EDGE('',*,*,#10941,.T.);
#10980 = ORIENTED_EDGE('',*,*,#10981,.F.);
#10981 = EDGE_CURVE('',#10982,#10934,#10984,.T.);
#10982 = VERTEX_POINT('',#10983);
#10983 = CARTESIAN_POINT('',(61.279853697599,-84.82427375868,6.3));
#10984 = LINE('',#10985,#10986);
#10985 = CARTESIAN_POINT('',(75.253803117151,-82.25426201637,6.3));
#10986 = VECTOR('',#10987,1.);
#10987 = DIRECTION('',(0.983505021998,0.180880821825,0.));
#10988 = ORIENTED_EDGE('',*,*,#10989,.F.);
#10989 = EDGE_CURVE('',#1835,#10982,#10990,.T.);
#10990 = LINE('',#10991,#10992);
#10991 = CARTESIAN_POINT('',(61.279853697599,-84.82427375868,1.4));
#10992 = VECTOR('',#10993,1.);
#10993 = DIRECTION('',(0.,0.,1.));
#10994 = PLANE('',#10995);
#10995 = AXIS2_PLACEMENT_3D('',#10996,#10997,#10998);
#10996 = CARTESIAN_POINT('',(61.510043980131,-84.78193843089,1.4));
#10997 = DIRECTION('',(0.180880821825,-0.983505021998,0.));
#10998 = DIRECTION('',(-0.983505021998,-0.180880821825,0.));
#10999 = ADVANCED_FACE('',(#11000),#11018,.F.);
#11000 = FACE_BOUND('',#11001,.F.);
#11001 = EDGE_LOOP('',(#11002,#11003,#11011,#11017));
#11002 = ORIENTED_EDGE('',*,*,#1354,.F.);
#11003 = ORIENTED_EDGE('',*,*,#11004,.T.);
#11004 = EDGE_CURVE('',#1355,#11005,#11007,.T.);
#11005 = VERTEX_POINT('',#11006);
#11006 = CARTESIAN_POINT('',(47.643031016515,-88.21375008644,6.3));
#11007 = LINE('',#11008,#11009);
#11008 = CARTESIAN_POINT('',(47.643031016515,-88.21375008644,1.4));
#11009 = VECTOR('',#11010,1.);
#11010 = DIRECTION('',(0.,0.,1.));
#11011 = ORIENTED_EDGE('',*,*,#11012,.F.);
#11012 = EDGE_CURVE('',#10957,#11005,#11013,.T.);
#11013 = LINE('',#11014,#11015);
#11014 = CARTESIAN_POINT('',(69.711801043577,-81.27946482715,6.3));
#11015 = VECTOR('',#11016,1.);
#11016 = DIRECTION('',(0.954013670473,0.299763100717,0.));
#11017 = ORIENTED_EDGE('',*,*,#10956,.F.);
#11018 = PLANE('',#11019);
#11019 = AXIS2_PLACEMENT_3D('',#11020,#11021,#11022);
#11020 = CARTESIAN_POINT('',(47.643031016515,-88.21375008644,1.4));
#11021 = DIRECTION('',(0.299763100717,-0.954013670473,0.));
#11022 = DIRECTION('',(-0.954013670473,-0.299763100717,0.));
#11023 = ADVANCED_FACE('',(#11024),#11042,.F.);
#11024 = FACE_BOUND('',#11025,.F.);
#11025 = EDGE_LOOP('',(#11026,#11027,#11028,#11036));
#11026 = ORIENTED_EDGE('',*,*,#1834,.F.);
#11027 = ORIENTED_EDGE('',*,*,#10989,.T.);
#11028 = ORIENTED_EDGE('',*,*,#11029,.F.);
#11029 = EDGE_CURVE('',#11030,#10982,#11032,.T.);
#11030 = VERTEX_POINT('',#11031);
#11031 = CARTESIAN_POINT('',(61.049747854916,-84.86708124789,6.3));
#11032 = LINE('',#11033,#11034);
#11033 = CARTESIAN_POINT('',(75.168595493299,-82.24049684232,6.3));
#11034 = VECTOR('',#11035,1.);
#11035 = DIRECTION('',(0.983132277557,0.18289593988,0.));
#11036 = ORIENTED_EDGE('',*,*,#11037,.F.);
#11037 = EDGE_CURVE('',#1827,#11030,#11038,.T.);
#11038 = LINE('',#11039,#11040);
#11039 = CARTESIAN_POINT('',(61.049747854916,-84.86708124789,1.4));
#11040 = VECTOR('',#11041,1.);
#11041 = DIRECTION('',(0.,0.,1.));
#11042 = PLANE('',#11043);
#11043 = AXIS2_PLACEMENT_3D('',#11044,#11045,#11046);
#11044 = CARTESIAN_POINT('',(61.279853697599,-84.82427375868,1.4));
#11045 = DIRECTION('',(0.18289593988,-0.983132277557,0.));
#11046 = DIRECTION('',(-0.983132277557,-0.18289593988,0.));
#11047 = ADVANCED_FACE('',(#11048),#11066,.F.);
#11048 = FACE_BOUND('',#11049,.F.);
#11049 = EDGE_LOOP('',(#11050,#11051,#11059,#11065));
#11050 = ORIENTED_EDGE('',*,*,#1362,.F.);
#11051 = ORIENTED_EDGE('',*,*,#11052,.T.);
#11052 = EDGE_CURVE('',#1363,#11053,#11055,.T.);
#11053 = VERTEX_POINT('',#11054);
#11054 = CARTESIAN_POINT('',(47.867168703465,-88.14380788978,6.3));
#11055 = LINE('',#11056,#11057);
#11056 = CARTESIAN_POINT('',(47.867168703465,-88.14380788978,1.4));
#11057 = VECTOR('',#11058,1.);
#11058 = DIRECTION('',(0.,0.,1.));
#11059 = ORIENTED_EDGE('',*,*,#11060,.F.);
#11060 = EDGE_CURVE('',#11005,#11053,#11061,.T.);
#11061 = LINE('',#11062,#11063);
#11062 = CARTESIAN_POINT('',(69.808911898597,-81.29688384699,6.3));
#11063 = VECTOR('',#11064,1.);
#11064 = DIRECTION('',(0.954602157506,0.297883737194,0.));
#11065 = ORIENTED_EDGE('',*,*,#11004,.F.);
#11066 = PLANE('',#11067);
#11067 = AXIS2_PLACEMENT_3D('',#11068,#11069,#11070);
#11068 = CARTESIAN_POINT('',(47.867168703465,-88.14380788978,1.4));
#11069 = DIRECTION('',(0.297883737194,-0.954602157506,0.));
#11070 = DIRECTION('',(-0.954602157506,-0.297883737194,0.));
#11071 = ADVANCED_FACE('',(#11072),#11090,.F.);
#11072 = FACE_BOUND('',#11073,.F.);
#11073 = EDGE_LOOP('',(#11074,#11075,#11076,#11084));
#11074 = ORIENTED_EDGE('',*,*,#1826,.F.);
#11075 = ORIENTED_EDGE('',*,*,#11037,.T.);
#11076 = ORIENTED_EDGE('',*,*,#11077,.F.);
#11077 = EDGE_CURVE('',#11078,#11030,#11080,.T.);
#11078 = VERTEX_POINT('',#11079);
#11079 = CARTESIAN_POINT('',(60.819727011151,-84.91036049011,6.3));
#11080 = LINE('',#11081,#11082);
#11081 = CARTESIAN_POINT('',(75.083223063464,-82.22663283132,6.3));
#11082 = VECTOR('',#11083,1.);
#11083 = DIRECTION('',(0.98275565057,0.184908981051,0.));
#11084 = ORIENTED_EDGE('',*,*,#11085,.F.);
#11085 = EDGE_CURVE('',#1819,#11078,#11086,.T.);
#11086 = LINE('',#11087,#11088);
#11087 = CARTESIAN_POINT('',(60.819727011151,-84.91036049011,1.4));
#11088 = VECTOR('',#11089,1.);
#11089 = DIRECTION('',(0.,0.,1.));
#11090 = PLANE('',#11091);
#11091 = AXIS2_PLACEMENT_3D('',#11092,#11093,#11094);
#11092 = CARTESIAN_POINT('',(61.049747854916,-84.86708124789,1.4));
#11093 = DIRECTION('',(0.184908981051,-0.98275565057,0.));
#11094 = DIRECTION('',(-0.98275565057,-0.184908981051,0.));
#11095 = ADVANCED_FACE('',(#11096),#11114,.F.);
#11096 = FACE_BOUND('',#11097,.F.);
#11097 = EDGE_LOOP('',(#11098,#11099,#11107,#11113));
#11098 = ORIENTED_EDGE('',*,*,#1370,.F.);
#11099 = ORIENTED_EDGE('',*,*,#11100,.T.);
#11100 = EDGE_CURVE('',#1371,#11101,#11103,.T.);
#11101 = VERTEX_POINT('',#11102);
#11102 = CARTESIAN_POINT('',(48.09142365104,-88.0743137673,6.3));
#11103 = LINE('',#11104,#11105);
#11104 = CARTESIAN_POINT('',(48.09142365104,-88.0743137673,1.4));
#11105 = VECTOR('',#11106,1.);
#11106 = DIRECTION('',(0.,0.,1.));
#11107 = ORIENTED_EDGE('',*,*,#11108,.F.);
#11108 = EDGE_CURVE('',#11053,#11101,#11109,.T.);
#11109 = LINE('',#11110,#11111);
#11110 = CARTESIAN_POINT('',(69.905796505409,-81.31428142296,6.3));
#11111 = VECTOR('',#11112,1.);
#11112 = DIRECTION('',(0.95518733043,0.296001965847,0.));
#11113 = ORIENTED_EDGE('',*,*,#11052,.F.);
#11114 = PLANE('',#11115);
#11115 = AXIS2_PLACEMENT_3D('',#11116,#11117,#11118);
#11116 = CARTESIAN_POINT('',(48.09142365104,-88.0743137673,1.4));
#11117 = DIRECTION('',(0.296001965847,-0.95518733043,0.));
#11118 = DIRECTION('',(-0.95518733043,-0.296001965847,0.));
#11119 = ADVANCED_FACE('',(#11120),#11138,.F.);
#11120 = FACE_BOUND('',#11121,.F.);
#11121 = EDGE_LOOP('',(#11122,#11123,#11124,#11132));
#11122 = ORIENTED_EDGE('',*,*,#1818,.F.);
#11123 = ORIENTED_EDGE('',*,*,#11085,.T.);
#11124 = ORIENTED_EDGE('',*,*,#11125,.F.);
#11125 = EDGE_CURVE('',#11126,#11078,#11128,.T.);
#11126 = VERTEX_POINT('',#11127);
#11127 = CARTESIAN_POINT('',(60.589791725293,-84.95411107688,6.3));
#11128 = LINE('',#11129,#11130);
#11129 = CARTESIAN_POINT('',(74.997684488387,-82.21267119649,6.3));
#11130 = VECTOR('',#11131,1.);
#11131 = DIRECTION('',(0.982375150813,0.186919937581,0.));
#11132 = ORIENTED_EDGE('',*,*,#11133,.F.);
#11133 = EDGE_CURVE('',#1811,#11126,#11134,.T.);
#11134 = LINE('',#11135,#11136);
#11135 = CARTESIAN_POINT('',(60.589791725293,-84.95411107688,1.4));
#11136 = VECTOR('',#11137,1.);
#11137 = DIRECTION('',(0.,0.,1.));
#11138 = PLANE('',#11139);
#11139 = AXIS2_PLACEMENT_3D('',#11140,#11141,#11142);
#11140 = CARTESIAN_POINT('',(60.819727011151,-84.91036049011,1.4));
#11141 = DIRECTION('',(0.186919937581,-0.982375150813,0.));
#11142 = DIRECTION('',(-0.982375150813,-0.186919937581,0.));
#11143 = ADVANCED_FACE('',(#11144),#11162,.F.);
#11144 = FACE_BOUND('',#11145,.F.);
#11145 = EDGE_LOOP('',(#11146,#11147,#11155,#11161));
#11146 = ORIENTED_EDGE('',*,*,#1378,.F.);
#11147 = ORIENTED_EDGE('',*,*,#11148,.T.);
#11148 = EDGE_CURVE('',#1379,#11149,#11151,.T.);
#11149 = VERTEX_POINT('',#11150);
#11150 = CARTESIAN_POINT('',(48.315795305539,-88.00526812676,6.3));
#11151 = LINE('',#11152,#11153);
#11152 = CARTESIAN_POINT('',(48.315795305539,-88.00526812676,1.4));
#11153 = VECTOR('',#11154,1.);
#11154 = DIRECTION('',(0.,0.,1.));
#11155 = ORIENTED_EDGE('',*,*,#11156,.F.);
#11156 = EDGE_CURVE('',#11101,#11149,#11157,.T.);
#11157 = LINE('',#11158,#11159);
#11158 = CARTESIAN_POINT('',(70.002455623199,-81.33165618599,6.3));
#11159 = VECTOR('',#11160,1.);
#11160 = DIRECTION('',(0.955769179987,0.294117790326,0.));
#11161 = ORIENTED_EDGE('',*,*,#11100,.F.);
#11162 = PLANE('',#11163);
#11163 = AXIS2_PLACEMENT_3D('',#11164,#11165,#11166);
#11164 = CARTESIAN_POINT('',(48.315795305539,-88.00526812676,1.4));
#11165 = DIRECTION('',(0.294117790326,-0.955769179987,0.));
#11166 = DIRECTION('',(-0.955769179987,-0.294117790326,0.));
#11167 = ADVANCED_FACE('',(#11168),#11186,.F.);
#11168 = FACE_BOUND('',#11169,.F.);
#11169 = EDGE_LOOP('',(#11170,#11171,#11172,#11180));
#11170 = ORIENTED_EDGE('',*,*,#1810,.F.);
#11171 = ORIENTED_EDGE('',*,*,#11133,.T.);
#11172 = ORIENTED_EDGE('',*,*,#11173,.F.);
#11173 = EDGE_CURVE('',#11174,#11126,#11176,.T.);
#11174 = VERTEX_POINT('',#11175);
#11175 = CARTESIAN_POINT('',(60.359942556218,-84.99833259977,6.3));
#11176 = LINE('',#11177,#11178);
#11177 = CARTESIAN_POINT('',(74.911978439475,-82.19861315592,6.3));
#11178 = VECTOR('',#11179,1.);
#11179 = DIRECTION('',(0.98199078807,0.188928801791,0.));
#11180 = ORIENTED_EDGE('',*,*,#11181,.F.);
#11181 = EDGE_CURVE('',#1803,#11174,#11182,.T.);
#11182 = LINE('',#11183,#11184);
#11183 = CARTESIAN_POINT('',(60.359942556218,-84.99833259977,1.4));
#11184 = VECTOR('',#11185,1.);
#11185 = DIRECTION('',(0.,0.,1.));
#11186 = PLANE('',#11187);
#11187 = AXIS2_PLACEMENT_3D('',#11188,#11189,#11190);
#11188 = CARTESIAN_POINT('',(60.589791725293,-84.95411107688,1.4));
#11189 = DIRECTION('',(0.188928801791,-0.98199078807,0.));
#11190 = DIRECTION('',(-0.98199078807,-0.188928801791,0.));
#11191 = ADVANCED_FACE('',(#11192),#11210,.F.);
#11192 = FACE_BOUND('',#11193,.F.);
#11193 = EDGE_LOOP('',(#11194,#11195,#11203,#11209));
#11194 = ORIENTED_EDGE('',*,*,#1386,.F.);
#11195 = ORIENTED_EDGE('',*,*,#11196,.T.);
#11196 = EDGE_CURVE('',#1387,#11197,#11199,.T.);
#11197 = VERTEX_POINT('',#11198);
#11198 = CARTESIAN_POINT('',(48.540283113115,-87.93667137599,6.3));
#11199 = LINE('',#11200,#11201);
#11200 = CARTESIAN_POINT('',(48.540283113115,-87.93667137599,1.4));
#11201 = VECTOR('',#11202,1.);
#11202 = DIRECTION('',(0.,0.,1.));
#11203 = ORIENTED_EDGE('',*,*,#11204,.F.);
#11204 = EDGE_CURVE('',#11149,#11197,#11205,.T.);
#11205 = LINE('',#11206,#11207);
#11206 = CARTESIAN_POINT('',(70.098890020187,-81.34900676775,6.3));
#11207 = VECTOR('',#11208,1.);
#11208 = DIRECTION('',(0.956347696898,0.292231214345,0.));
#11209 = ORIENTED_EDGE('',*,*,#11148,.F.);
#11210 = PLANE('',#11211);
#11211 = AXIS2_PLACEMENT_3D('',#11212,#11213,#11214);
#11212 = CARTESIAN_POINT('',(48.540283113115,-87.93667137599,1.4));
#11213 = DIRECTION('',(0.292231214345,-0.956347696898,0.));
#11214 = DIRECTION('',(-0.956347696898,-0.292231214345,0.));
#11215 = ADVANCED_FACE('',(#11216),#11234,.F.);
#11216 = FACE_BOUND('',#11217,.F.);
#11217 = EDGE_LOOP('',(#11218,#11219,#11220,#11228));
#11218 = ORIENTED_EDGE('',*,*,#1802,.F.);
#11219 = ORIENTED_EDGE('',*,*,#11181,.T.);
#11220 = ORIENTED_EDGE('',*,*,#11221,.F.);
#11221 = EDGE_CURVE('',#11222,#11174,#11224,.T.);
#11222 = VERTEX_POINT('',#11223);
#11223 = CARTESIAN_POINT('',(60.130180062707,-85.0430246503,6.3));
#11224 = LINE('',#11225,#11226);
#11225 = CARTESIAN_POINT('',(74.826103598773,-82.18445993263,6.3));
#11226 = VECTOR('',#11227,1.);
#11227 = DIRECTION('',(0.981602572126,0.190935566082,0.));
#11228 = ORIENTED_EDGE('',*,*,#11229,.F.);
#11229 = EDGE_CURVE('',#1795,#11222,#11230,.T.);
#11230 = LINE('',#11231,#11232);
#11231 = CARTESIAN_POINT('',(60.130180062707,-85.0430246503,1.4));
#11232 = VECTOR('',#11233,1.);
#11233 = DIRECTION('',(0.,0.,1.));
#11234 = PLANE('',#11235);
#11235 = AXIS2_PLACEMENT_3D('',#11236,#11237,#11238);
#11236 = CARTESIAN_POINT('',(60.359942556218,-84.99833259977,1.4));
#11237 = DIRECTION('',(0.190935566082,-0.981602572126,0.));
#11238 = DIRECTION('',(-0.981602572126,-0.190935566082,0.));
#11239 = ADVANCED_FACE('',(#11240),#11258,.F.);
#11240 = FACE_BOUND('',#11241,.F.);
#11241 = EDGE_LOOP('',(#11242,#11243,#11251,#11257));
#11242 = ORIENTED_EDGE('',*,*,#1394,.F.);
#11243 = ORIENTED_EDGE('',*,*,#11244,.T.);
#11244 = EDGE_CURVE('',#1395,#11245,#11247,.T.);
#11245 = VERTEX_POINT('',#11246);
#11246 = CARTESIAN_POINT('',(48.7648865199,-87.86852392281,6.3));
#11247 = LINE('',#11248,#11249);
#11248 = CARTESIAN_POINT('',(48.7648865199,-87.86852392281,1.4));
#11249 = VECTOR('',#11250,1.);
#11250 = DIRECTION('',(0.,0.,1.));
#11251 = ORIENTED_EDGE('',*,*,#11252,.F.);
#11252 = EDGE_CURVE('',#11197,#11245,#11253,.T.);
#11253 = LINE('',#11254,#11255);
#11254 = CARTESIAN_POINT('',(70.195100473727,-81.36633180065,6.3));
#11255 = VECTOR('',#11256,1.);
#11256 = DIRECTION('',(0.956922871865,0.290342241676,0.));
#11257 = ORIENTED_EDGE('',*,*,#11196,.F.);
#11258 = PLANE('',#11259);
#11259 = AXIS2_PLACEMENT_3D('',#11260,#11261,#11262);
#11260 = CARTESIAN_POINT('',(48.7648865199,-87.86852392281,1.4));
#11261 = DIRECTION('',(0.290342241676,-0.956922871865,0.));
#11262 = DIRECTION('',(-0.956922871865,-0.290342241676,0.));
#11263 = ADVANCED_FACE('',(#11264),#11282,.F.);
#11264 = FACE_BOUND('',#11265,.F.);
#11265 = EDGE_LOOP('',(#11266,#11267,#11268,#11276));
#11266 = ORIENTED_EDGE('',*,*,#1794,.F.);
#11267 = ORIENTED_EDGE('',*,*,#11229,.T.);
#11268 = ORIENTED_EDGE('',*,*,#11269,.F.);
#11269 = EDGE_CURVE('',#11270,#11222,#11272,.T.);
#11270 = VERTEX_POINT('',#11271);
#11271 = CARTESIAN_POINT('',(59.900504803407,-85.08818682005,6.3));
#11272 = LINE('',#11273,#11274);
#11273 = CARTESIAN_POINT('',(74.740058658969,-82.17021275443,6.3));
#11274 = VECTOR('',#11275,1.);
#11275 = DIRECTION('',(0.981210512771,0.192940222937,0.));
#11276 = ORIENTED_EDGE('',*,*,#11277,.F.);
#11277 = EDGE_CURVE('',#1787,#11270,#11278,.T.);
#11278 = LINE('',#11279,#11280);
#11279 = CARTESIAN_POINT('',(59.900504803407,-85.08818682005,1.4));
#11280 = VECTOR('',#11281,1.);
#11281 = DIRECTION('',(0.,0.,1.));
#11282 = PLANE('',#11283);
#11283 = AXIS2_PLACEMENT_3D('',#11284,#11285,#11286);
#11284 = CARTESIAN_POINT('',(60.130180062707,-85.0430246503,1.4));
#11285 = DIRECTION('',(0.192940222937,-0.981210512771,0.));
#11286 = DIRECTION('',(-0.981210512771,-0.192940222937,0.));
#11287 = ADVANCED_FACE('',(#11288),#11306,.F.);
#11288 = FACE_BOUND('',#11289,.F.);
#11289 = EDGE_LOOP('',(#11290,#11291,#11299,#11305));
#11290 = ORIENTED_EDGE('',*,*,#1402,.F.);
#11291 = ORIENTED_EDGE('',*,*,#11292,.T.);
#11292 = EDGE_CURVE('',#1403,#11293,#11295,.T.);
#11293 = VERTEX_POINT('',#11294);
#11294 = CARTESIAN_POINT('',(48.989604971924,-87.80082617506,6.3));
#11295 = LINE('',#11296,#11297);
#11296 = CARTESIAN_POINT('',(48.989604971924,-87.80082617506,1.4));
#11297 = VECTOR('',#11298,1.);
#11298 = DIRECTION('',(0.,0.,1.));
#11299 = ORIENTED_EDGE('',*,*,#11300,.F.);
#11300 = EDGE_CURVE('',#11245,#11293,#11301,.T.);
#11301 = LINE('',#11302,#11303);
#11302 = CARTESIAN_POINT('',(70.291087770309,-81.38362991799,6.3));
#11303 = VECTOR('',#11304,1.);
#11304 = DIRECTION('',(0.957494695571,0.288450876154,0.));
#11305 = ORIENTED_EDGE('',*,*,#11244,.F.);
#11306 = PLANE('',#11307);
#11307 = AXIS2_PLACEMENT_3D('',#11308,#11309,#11310);
#11308 = CARTESIAN_POINT('',(48.989604971924,-87.80082617506,1.4));
#11309 = DIRECTION('',(0.288450876154,-0.957494695571,0.));
#11310 = DIRECTION('',(-0.957494695571,-0.288450876154,0.));
#11311 = ADVANCED_FACE('',(#11312),#11330,.F.);
#11312 = FACE_BOUND('',#11313,.F.);
#11313 = EDGE_LOOP('',(#11314,#11315,#11316,#11324));
#11314 = ORIENTED_EDGE('',*,*,#1786,.F.);
#11315 = ORIENTED_EDGE('',*,*,#11277,.T.);
#11316 = ORIENTED_EDGE('',*,*,#11317,.F.);
#11317 = EDGE_CURVE('',#11318,#11270,#11320,.T.);
#11318 = VERTEX_POINT('',#11319);
#11319 = CARTESIAN_POINT('',(59.670917336911,-85.13381870053,6.3));
#11320 = LINE('',#11321,#11322);
#11321 = CARTESIAN_POINT('',(74.653842323356,-82.15587285386,6.3));
#11322 = VECTOR('',#11323,1.);
#11323 = DIRECTION('',(0.980814619797,0.194942764916,0.));
#11324 = ORIENTED_EDGE('',*,*,#11325,.F.);
#11325 = EDGE_CURVE('',#1779,#11318,#11326,.T.);
#11326 = LINE('',#11327,#11328);
#11327 = CARTESIAN_POINT('',(59.670917336911,-85.13381870053,1.4));
#11328 = VECTOR('',#11329,1.);
#11329 = DIRECTION('',(0.,0.,1.));
#11330 = PLANE('',#11331);
#11331 = AXIS2_PLACEMENT_3D('',#11332,#11333,#11334);
#11332 = CARTESIAN_POINT('',(59.900504803407,-85.08818682005,1.4));
#11333 = DIRECTION('',(0.194942764916,-0.980814619797,0.));
#11334 = DIRECTION('',(-0.980814619797,-0.194942764916,0.));
#11335 = ADVANCED_FACE('',(#11336),#11354,.F.);
#11336 = FACE_BOUND('',#11337,.F.);
#11337 = EDGE_LOOP('',(#11338,#11339,#11347,#11353));
#11338 = ORIENTED_EDGE('',*,*,#1410,.F.);
#11339 = ORIENTED_EDGE('',*,*,#11340,.T.);
#11340 = EDGE_CURVE('',#1411,#11341,#11343,.T.);
#11341 = VERTEX_POINT('',#11342);
#11342 = CARTESIAN_POINT('',(49.214437915126,-87.73357854062,6.3));
#11343 = LINE('',#11344,#11345);
#11344 = CARTESIAN_POINT('',(49.214437915126,-87.73357854062,1.4));
#11345 = VECTOR('',#11346,1.);
#11346 = DIRECTION('',(0.,0.,1.));
#11347 = ORIENTED_EDGE('',*,*,#11348,.F.);
#11348 = EDGE_CURVE('',#11293,#11341,#11349,.T.);
#11349 = LINE('',#11350,#11351);
#11350 = CARTESIAN_POINT('',(70.3868527056,-81.40089975394,6.3));
#11351 = VECTOR('',#11352,1.);
#11352 = DIRECTION('',(0.958063158679,0.286557121675,0.));
#11353 = ORIENTED_EDGE('',*,*,#11292,.F.);
#11354 = PLANE('',#11355);
#11355 = AXIS2_PLACEMENT_3D('',#11356,#11357,#11358);
#11356 = CARTESIAN_POINT('',(49.214437915126,-87.73357854062,1.4));
#11357 = DIRECTION('',(0.286557121675,-0.958063158679,0.));
#11358 = DIRECTION('',(-0.958063158679,-0.286557121675,0.));
#11359 = ADVANCED_FACE('',(#11360),#11378,.F.);
#11360 = FACE_BOUND('',#11361,.F.);
#11361 = EDGE_LOOP('',(#11362,#11363,#11364,#11372));
#11362 = ORIENTED_EDGE('',*,*,#1778,.F.);
#11363 = ORIENTED_EDGE('',*,*,#11325,.T.);
#11364 = ORIENTED_EDGE('',*,*,#11365,.F.);
#11365 = EDGE_CURVE('',#11366,#11318,#11368,.T.);
#11366 = VERTEX_POINT('',#11367);
#11367 = CARTESIAN_POINT('',(59.441418221669,-85.1799198833,6.3));
#11368 = LINE('',#11369,#11370);
#11369 = CARTESIAN_POINT('',(74.567453305853,-82.14144146808,6.3));
#11370 = VECTOR('',#11371,1.);
#11371 = DIRECTION('',(0.980414902996,0.196943184657,0.));
#11372 = ORIENTED_EDGE('',*,*,#11373,.F.);
#11373 = EDGE_CURVE('',#1771,#11366,#11374,.T.);
#11374 = LINE('',#11375,#11376);
#11375 = CARTESIAN_POINT('',(59.441418221669,-85.1799198833,1.4));
#11376 = VECTOR('',#11377,1.);
#11377 = DIRECTION('',(0.,0.,1.));
#11378 = PLANE('',#11379);
#11379 = AXIS2_PLACEMENT_3D('',#11380,#11381,#11382);
#11380 = CARTESIAN_POINT('',(59.670917336911,-85.13381870053,1.4));
#11381 = DIRECTION('',(0.196943184657,-0.980414902996,0.));
#11382 = DIRECTION('',(-0.980414902996,-0.196943184657,0.));
#11383 = ADVANCED_FACE('',(#11384),#11402,.F.);
#11384 = FACE_BOUND('',#11385,.F.);
#11385 = EDGE_LOOP('',(#11386,#11387,#11395,#11401));
#11386 = ORIENTED_EDGE('',*,*,#1418,.F.);
#11387 = ORIENTED_EDGE('',*,*,#11388,.T.);
#11388 = EDGE_CURVE('',#1419,#11389,#11391,.T.);
#11389 = VERTEX_POINT('',#11390);
#11390 = CARTESIAN_POINT('',(49.439384795363,-87.6667814274,6.3));
#11391 = LINE('',#11392,#11393);
#11392 = CARTESIAN_POINT('',(49.439384795363,-87.6667814274,1.4));
#11393 = VECTOR('',#11394,1.);
#11394 = DIRECTION('',(0.,0.,1.));
#11395 = ORIENTED_EDGE('',*,*,#11396,.F.);
#11396 = EDGE_CURVE('',#11341,#11389,#11397,.T.);
#11397 = LINE('',#11398,#11399);
#11398 = CARTESIAN_POINT('',(70.482396084497,-81.41813994363,6.3));
#11399 = VECTOR('',#11400,1.);
#11400 = DIRECTION('',(0.958628251834,0.284660982196,0.));
#11401 = ORIENTED_EDGE('',*,*,#11340,.F.);
#11402 = PLANE('',#11403);
#11403 = AXIS2_PLACEMENT_3D('',#11404,#11405,#11406);
#11404 = CARTESIAN_POINT('',(49.439384795363,-87.6667814274,1.4));
#11405 = DIRECTION('',(0.284660982196,-0.958628251834,0.));
#11406 = DIRECTION('',(-0.958628251834,-0.284660982196,0.));
#11407 = ADVANCED_FACE('',(#11408),#11426,.F.);
#11408 = FACE_BOUND('',#11409,.F.);
#11409 = EDGE_LOOP('',(#11410,#11411,#11412,#11420));
#11410 = ORIENTED_EDGE('',*,*,#1770,.F.);
#11411 = ORIENTED_EDGE('',*,*,#11373,.T.);
#11412 = ORIENTED_EDGE('',*,*,#11413,.F.);
#11413 = EDGE_CURVE('',#11414,#11366,#11416,.T.);
#11414 = VERTEX_POINT('',#11415);
#11415 = CARTESIAN_POINT('',(59.21200801604,-85.22648995989,6.3));
#11416 = LINE('',#11417,#11418);
#11417 = CARTESIAN_POINT('',(74.480890330964,-82.12691983879,6.3));
#11418 = VECTOR('',#11419,1.);
#11419 = DIRECTION('',(0.980011372165,0.19894147488,0.));
#11420 = ORIENTED_EDGE('',*,*,#11421,.F.);
#11421 = EDGE_CURVE('',#1763,#11414,#11422,.T.);
#11422 = LINE('',#11423,#11424);
#11423 = CARTESIAN_POINT('',(59.21200801604,-85.22648995989,1.4));
#11424 = VECTOR('',#11425,1.);
#11425 = DIRECTION('',(0.,0.,1.));
#11426 = PLANE('',#11427);
#11427 = AXIS2_PLACEMENT_3D('',#11428,#11429,#11430);
#11428 = CARTESIAN_POINT('',(59.441418221669,-85.1799198833,1.4));
#11429 = DIRECTION('',(0.19894147488,-0.980011372165,0.));
#11430 = DIRECTION('',(-0.980011372165,-0.19894147488,0.));
#11431 = ADVANCED_FACE('',(#11432),#11450,.F.);
#11432 = FACE_BOUND('',#11433,.F.);
#11433 = EDGE_LOOP('',(#11434,#11435,#11443,#11449));
#11434 = ORIENTED_EDGE('',*,*,#1426,.F.);
#11435 = ORIENTED_EDGE('',*,*,#11436,.T.);
#11436 = EDGE_CURVE('',#1427,#11437,#11439,.T.);
#11437 = VERTEX_POINT('',#11438);
#11438 = CARTESIAN_POINT('',(49.664445058452,-87.60043524332,6.3));
#11439 = LINE('',#11440,#11441);
#11440 = CARTESIAN_POINT('',(49.664445058452,-87.60043524332,1.4));
#11441 = VECTOR('',#11442,1.);
#11442 = DIRECTION('',(0.,0.,1.));
#11443 = ORIENTED_EDGE('',*,*,#11444,.F.);
#11444 = EDGE_CURVE('',#11389,#11437,#11445,.T.);
#11445 = LINE('',#11446,#11447);
#11446 = CARTESIAN_POINT('',(70.577718721176,-81.4353491232,6.3));
#11447 = VECTOR('',#11448,1.);
#11448 = DIRECTION('',(0.959189965665,0.282762461738,0.));
#11449 = ORIENTED_EDGE('',*,*,#11388,.F.);
#11450 = PLANE('',#11451);
#11451 = AXIS2_PLACEMENT_3D('',#11452,#11453,#11454);
#11452 = CARTESIAN_POINT('',(49.664445058452,-87.60043524332,1.4));
#11453 = DIRECTION('',(0.282762461738,-0.959189965665,0.));
#11454 = DIRECTION('',(-0.959189965665,-0.282762461738,0.));
#11455 = ADVANCED_FACE('',(#11456),#11474,.F.);
#11456 = FACE_BOUND('',#11457,.F.);
#11457 = EDGE_LOOP('',(#11458,#11459,#11460,#11468));
#11458 = ORIENTED_EDGE('',*,*,#1762,.F.);
#11459 = ORIENTED_EDGE('',*,*,#11421,.T.);
#11460 = ORIENTED_EDGE('',*,*,#11461,.F.);
#11461 = EDGE_CURVE('',#11462,#11414,#11464,.T.);
#11462 = VERTEX_POINT('',#11463);
#11463 = CARTESIAN_POINT('',(58.982687278296,-85.27352852184,6.3));
#11464 = LINE('',#11465,#11466);
#11465 = CARTESIAN_POINT('',(74.39415213377,-82.11230921216,6.3));
#11466 = VECTOR('',#11467,1.);
#11467 = DIRECTION('',(0.979604037099,0.20093762838,0.));
#11468 = ORIENTED_EDGE('',*,*,#11469,.F.);
#11469 = EDGE_CURVE('',#1755,#11462,#11470,.T.);
#11470 = LINE('',#11471,#11472);
#11471 = CARTESIAN_POINT('',(58.982687278296,-85.27352852184,1.4));
#11472 = VECTOR('',#11473,1.);
#11473 = DIRECTION('',(0.,0.,1.));
#11474 = PLANE('',#11475);
#11475 = AXIS2_PLACEMENT_3D('',#11476,#11477,#11478);
#11476 = CARTESIAN_POINT('',(59.21200801604,-85.22648995989,1.4));
#11477 = DIRECTION('',(0.20093762838,-0.979604037099,0.));
#11478 = DIRECTION('',(-0.979604037099,-0.20093762838,0.));
#11479 = ADVANCED_FACE('',(#11480),#11498,.F.);
#11480 = FACE_BOUND('',#11481,.F.);
#11481 = EDGE_LOOP('',(#11482,#11483,#11491,#11497));
#11482 = ORIENTED_EDGE('',*,*,#1434,.F.);
#11483 = ORIENTED_EDGE('',*,*,#11484,.T.);
#11484 = EDGE_CURVE('',#1435,#11485,#11487,.T.);
#11485 = VERTEX_POINT('',#11486);
#11486 = CARTESIAN_POINT('',(49.889618150067,-87.53454039633,6.3));
#11487 = LINE('',#11488,#11489);
#11488 = CARTESIAN_POINT('',(49.889618150067,-87.53454039633,1.4));
#11489 = VECTOR('',#11490,1.);
#11490 = DIRECTION('',(0.,0.,1.));
#11491 = ORIENTED_EDGE('',*,*,#11492,.F.);
#11492 = EDGE_CURVE('',#11437,#11485,#11493,.T.);
#11493 = LINE('',#11494,#11495);
#11494 = CARTESIAN_POINT('',(70.672821439092,-81.45252592987,6.3));
#11495 = VECTOR('',#11496,1.);
#11496 = DIRECTION('',(0.959748290778,0.280861564384,0.));
#11497 = ORIENTED_EDGE('',*,*,#11436,.F.);
#11498 = PLANE('',#11499);
#11499 = AXIS2_PLACEMENT_3D('',#11500,#11501,#11502);
#11500 = CARTESIAN_POINT('',(49.889618150067,-87.53454039633,1.4));
#11501 = DIRECTION('',(0.280861564384,-0.959748290778,0.));
#11502 = DIRECTION('',(-0.959748290778,-0.280861564384,0.));
#11503 = ADVANCED_FACE('',(#11504),#11522,.F.);
#11504 = FACE_BOUND('',#11505,.F.);
#11505 = EDGE_LOOP('',(#11506,#11507,#11508,#11516));
#11506 = ORIENTED_EDGE('',*,*,#1754,.F.);
#11507 = ORIENTED_EDGE('',*,*,#11469,.T.);
#11508 = ORIENTED_EDGE('',*,*,#11509,.F.);
#11509 = EDGE_CURVE('',#11510,#11462,#11512,.T.);
#11510 = VERTEX_POINT('',#11511);
#11511 = CARTESIAN_POINT('',(58.753456566586,-85.32103516068,6.3));
#11512 = LINE('',#11513,#11514);
#11513 = CARTESIAN_POINT('',(74.30723745993,-82.09761083867,6.3));
#11514 = VECTOR('',#11515,1.);
#11515 = DIRECTION('',(0.979192907596,0.202931638032,0.));
#11516 = ORIENTED_EDGE('',*,*,#11517,.F.);
#11517 = EDGE_CURVE('',#1747,#11510,#11518,.T.);
#11518 = LINE('',#11519,#11520);
#11519 = CARTESIAN_POINT('',(58.753456566586,-85.32103516068,1.4));
#11520 = VECTOR('',#11521,1.);
#11521 = DIRECTION('',(0.,0.,1.));
#11522 = PLANE('',#11523);
#11523 = AXIS2_PLACEMENT_3D('',#11524,#11525,#11526);
#11524 = CARTESIAN_POINT('',(58.982687278296,-85.27352852184,1.4));
#11525 = DIRECTION('',(0.202931638032,-0.979192907596,0.));
#11526 = DIRECTION('',(-0.979192907596,-0.202931638032,0.));
#11527 = ADVANCED_FACE('',(#11528),#11546,.F.);
#11528 = FACE_BOUND('',#11529,.F.);
#11529 = EDGE_LOOP('',(#11530,#11531,#11539,#11545));
#11530 = ORIENTED_EDGE('',*,*,#1442,.F.);
#11531 = ORIENTED_EDGE('',*,*,#11532,.T.);
#11532 = EDGE_CURVE('',#1443,#11533,#11535,.T.);
#11533 = VERTEX_POINT('',#11534);
#11534 = CARTESIAN_POINT('',(50.114903515852,-87.4690972944,6.3));
#11535 = LINE('',#11536,#11537);
#11536 = CARTESIAN_POINT('',(50.114903515852,-87.4690972944,1.4));
#11537 = VECTOR('',#11538,1.);
#11538 = DIRECTION('',(0.,0.,1.));
#11539 = ORIENTED_EDGE('',*,*,#11540,.F.);
#11540 = EDGE_CURVE('',#11485,#11533,#11541,.T.);
#11541 = LINE('',#11542,#11543);
#11542 = CARTESIAN_POINT('',(70.767705071059,-81.46966900201,6.3));
#11543 = VECTOR('',#11544,1.);
#11544 = DIRECTION('',(0.960303217766,0.27895829428,0.));
#11545 = ORIENTED_EDGE('',*,*,#11484,.F.);
#11546 = PLANE('',#11547);
#11547 = AXIS2_PLACEMENT_3D('',#11548,#11549,#11550);
#11548 = CARTESIAN_POINT('',(50.114903515852,-87.4690972944,1.4));
#11549 = DIRECTION('',(0.27895829428,-0.960303217766,0.));
#11550 = DIRECTION('',(-0.960303217766,-0.27895829428,0.));
#11551 = ADVANCED_FACE('',(#11552),#11570,.F.);
#11552 = FACE_BOUND('',#11553,.F.);
#11553 = EDGE_LOOP('',(#11554,#11555,#11556,#11564));
#11554 = ORIENTED_EDGE('',*,*,#1746,.F.);
#11555 = ORIENTED_EDGE('',*,*,#11517,.T.);
#11556 = ORIENTED_EDGE('',*,*,#11557,.F.);
#11557 = EDGE_CURVE('',#11558,#11510,#11560,.T.);
#11558 = VERTEX_POINT('',#11559);
#11559 = CARTESIAN_POINT('',(58.52431643898,-85.36900946794,6.3));
#11560 = LINE('',#11561,#11562);
#11561 = CARTESIAN_POINT('',(74.220145065637,-82.08282597313,6.3));
#11562 = VECTOR('',#11563,1.);
#11563 = DIRECTION('',(0.978777993451,0.204923496788,0.));
#11564 = ORIENTED_EDGE('',*,*,#11565,.F.);
#11565 = EDGE_CURVE('',#1739,#11558,#11566,.T.);
#11566 = LINE('',#11567,#11568);
#11567 = CARTESIAN_POINT('',(58.52431643898,-85.36900946794,1.4));
#11568 = VECTOR('',#11569,1.);
#11569 = DIRECTION('',(0.,0.,1.));
#11570 = PLANE('',#11571);
#11571 = AXIS2_PLACEMENT_3D('',#11572,#11573,#11574);
#11572 = CARTESIAN_POINT('',(58.753456566586,-85.32103516068,1.4));
#11573 = DIRECTION('',(0.204923496788,-0.978777993451,0.));
#11574 = DIRECTION('',(-0.978777993451,-0.204923496788,0.));
#11575 = ADVANCED_FACE('',(#11576),#11594,.F.);
#11576 = FACE_BOUND('',#11577,.F.);
#11577 = EDGE_LOOP('',(#11578,#11579,#11587,#11593));
#11578 = ORIENTED_EDGE('',*,*,#1450,.F.);
#11579 = ORIENTED_EDGE('',*,*,#11580,.T.);
#11580 = EDGE_CURVE('',#1451,#11581,#11583,.T.);
#11581 = VERTEX_POINT('',#11582);
#11582 = CARTESIAN_POINT('',(50.340300601332,-87.40410634552,6.3));
#11583 = LINE('',#11584,#11585);
#11584 = CARTESIAN_POINT('',(50.340300601332,-87.40410634552,1.4));
#11585 = VECTOR('',#11586,1.);
#11586 = DIRECTION('',(0.,0.,1.));
#11587 = ORIENTED_EDGE('',*,*,#11588,.F.);
#11588 = EDGE_CURVE('',#11533,#11581,#11589,.T.);
#11589 = LINE('',#11590,#11591);
#11590 = CARTESIAN_POINT('',(70.862370459265,-81.48677697916,6.3));
#11591 = VECTOR('',#11592,1.);
#11592 = DIRECTION('',(0.960854737203,0.277052655635,0.));
#11593 = ORIENTED_EDGE('',*,*,#11532,.F.);
#11594 = PLANE('',#11595);
#11595 = AXIS2_PLACEMENT_3D('',#11596,#11597,#11598);
#11596 = CARTESIAN_POINT('',(50.340300601332,-87.40410634552,1.4));
#11597 = DIRECTION('',(0.277052655635,-0.960854737203,0.));
#11598 = DIRECTION('',(-0.960854737203,-0.277052655635,0.));
#11599 = ADVANCED_FACE('',(#11600),#11618,.F.);
#11600 = FACE_BOUND('',#11601,.F.);
#11601 = EDGE_LOOP('',(#11602,#11603,#11604,#11612));
#11602 = ORIENTED_EDGE('',*,*,#1738,.F.);
#11603 = ORIENTED_EDGE('',*,*,#11565,.T.);
#11604 = ORIENTED_EDGE('',*,*,#11605,.F.);
#11605 = EDGE_CURVE('',#11606,#11558,#11608,.T.);
#11606 = VERTEX_POINT('',#11607);
#11607 = CARTESIAN_POINT('',(58.295267453419,-85.41745103518,6.3));
#11608 = LINE('',#11609,#11610);
#11609 = CARTESIAN_POINT('',(74.132873717629,-82.06795587448,6.3));
#11610 = VECTOR('',#11611,1.);
#11611 = DIRECTION('',(0.978359304461,0.206913197679,0.));
#11612 = ORIENTED_EDGE('',*,*,#11613,.F.);
#11613 = EDGE_CURVE('',#1731,#11606,#11614,.T.);
#11614 = LINE('',#11615,#11616);
#11615 = CARTESIAN_POINT('',(58.295267453419,-85.41745103518,1.4));
#11616 = VECTOR('',#11617,1.);
#11617 = DIRECTION('',(0.,0.,1.));
#11618 = PLANE('',#11619);
#11619 = AXIS2_PLACEMENT_3D('',#11620,#11621,#11622);
#11620 = CARTESIAN_POINT('',(58.52431643898,-85.36900946794,1.4));
#11621 = DIRECTION('',(0.206913197679,-0.978359304461,0.));
#11622 = DIRECTION('',(-0.978359304461,-0.206913197679,0.));
#11623 = ADVANCED_FACE('',(#11624),#11642,.F.);
#11624 = FACE_BOUND('',#11625,.F.);
#11625 = EDGE_LOOP('',(#11626,#11627,#11635,#11641));
#11626 = ORIENTED_EDGE('',*,*,#1458,.F.);
#11627 = ORIENTED_EDGE('',*,*,#11628,.T.);
#11628 = EDGE_CURVE('',#1459,#11629,#11631,.T.);
#11629 = VERTEX_POINT('',#11630);
#11630 = CARTESIAN_POINT('',(50.565808851971,-87.33956795771,6.3));
#11631 = LINE('',#11632,#11633);
#11632 = CARTESIAN_POINT('',(50.565808851971,-87.33956795771,1.4));
#11633 = VECTOR('',#11634,1.);
#11634 = DIRECTION('',(0.,0.,1.));
#11635 = ORIENTED_EDGE('',*,*,#11636,.F.);
#11636 = EDGE_CURVE('',#11581,#11629,#11637,.T.);
#11637 = LINE('',#11638,#11639);
#11638 = CARTESIAN_POINT('',(70.956818455315,-81.50384850215,6.3));
#11639 = VECTOR('',#11640,1.);
#11640 = DIRECTION('',(0.961402839646,0.275144652722,0.));
#11641 = ORIENTED_EDGE('',*,*,#11580,.F.);
#11642 = PLANE('',#11643);
#11643 = AXIS2_PLACEMENT_3D('',#11644,#11645,#11646);
#11644 = CARTESIAN_POINT('',(50.565808851971,-87.33956795771,1.4));
#11645 = DIRECTION('',(0.275144652722,-0.961402839646,0.));
#11646 = DIRECTION('',(-0.961402839646,-0.275144652722,0.));
#11647 = ADVANCED_FACE('',(#11648),#11666,.F.);
#11648 = FACE_BOUND('',#11649,.F.);
#11649 = EDGE_LOOP('',(#11650,#11651,#11652,#11660));
#11650 = ORIENTED_EDGE('',*,*,#1730,.F.);
#11651 = ORIENTED_EDGE('',*,*,#11613,.T.);
#11652 = ORIENTED_EDGE('',*,*,#11653,.F.);
#11653 = EDGE_CURVE('',#11654,#11606,#11656,.T.);
#11654 = VERTEX_POINT('',#11655);
#11655 = CARTESIAN_POINT('',(58.066310167774,-85.46635945392,6.3));
#11656 = LINE('',#11657,#11658);
#11657 = CARTESIAN_POINT('',(74.045422193146,-82.05300180581,6.3));
#11658 = VECTOR('',#11659,1.);
#11659 = DIRECTION('',(0.977936850422,0.208900733811,0.));
#11660 = ORIENTED_EDGE('',*,*,#11661,.F.);
#11661 = EDGE_CURVE('',#1723,#11654,#11662,.T.);
#11662 = LINE('',#11663,#11664);
#11663 = CARTESIAN_POINT('',(58.066310167774,-85.46635945392,1.4));
#11664 = VECTOR('',#11665,1.);
#11665 = DIRECTION('',(0.,0.,1.));
#11666 = PLANE('',#11667);
#11667 = AXIS2_PLACEMENT_3D('',#11668,#11669,#11670);
#11668 = CARTESIAN_POINT('',(58.295267453419,-85.41745103518,1.4));
#11669 = DIRECTION('',(0.208900733811,-0.977936850422,0.));
#11670 = DIRECTION('',(-0.977936850422,-0.208900733811,0.));
#11671 = ADVANCED_FACE('',(#11672),#11690,.F.);
#11672 = FACE_BOUND('',#11673,.F.);
#11673 = EDGE_LOOP('',(#11674,#11675,#11683,#11689));
#11674 = ORIENTED_EDGE('',*,*,#1466,.F.);
#11675 = ORIENTED_EDGE('',*,*,#11676,.T.);
#11676 = EDGE_CURVE('',#1467,#11677,#11679,.T.);
#11677 = VERTEX_POINT('',#11678);
#11678 = CARTESIAN_POINT('',(50.791427713139,-87.275482539,6.3));
#11679 = LINE('',#11680,#11681);
#11680 = CARTESIAN_POINT('',(50.791427713139,-87.275482539,1.4));
#11681 = VECTOR('',#11682,1.);
#11682 = DIRECTION('',(0.,0.,1.));
#11683 = ORIENTED_EDGE('',*,*,#11684,.F.);
#11684 = EDGE_CURVE('',#11629,#11677,#11685,.T.);
#11685 = LINE('',#11686,#11687);
#11686 = CARTESIAN_POINT('',(71.051049920273,-81.52088221309,6.3));
#11687 = VECTOR('',#11688,1.);
#11688 = DIRECTION('',(0.961947515634,0.273234289879,0.));
#11689 = ORIENTED_EDGE('',*,*,#11628,.F.);
#11690 = PLANE('',#11691);
#11691 = AXIS2_PLACEMENT_3D('',#11692,#11693,#11694);
#11692 = CARTESIAN_POINT('',(50.791427713139,-87.275482539,1.4));
#11693 = DIRECTION('',(0.273234289879,-0.961947515634,0.));
#11694 = DIRECTION('',(-0.961947515634,-0.273234289879,0.));
#11695 = ADVANCED_FACE('',(#11696),#11714,.F.);
#11696 = FACE_BOUND('',#11697,.F.);
#11697 = EDGE_LOOP('',(#11698,#11699,#11700,#11708));
#11698 = ORIENTED_EDGE('',*,*,#1722,.F.);
#11699 = ORIENTED_EDGE('',*,*,#11661,.T.);
#11700 = ORIENTED_EDGE('',*,*,#11701,.F.);
#11701 = EDGE_CURVE('',#11702,#11654,#11704,.T.);
#11702 = VERTEX_POINT('',#11703);
#11703 = CARTESIAN_POINT('',(57.837445139799,-85.51573431571,6.3));
#11704 = LINE('',#11705,#11706);
#11705 = CARTESIAN_POINT('',(73.957789279936,-82.03796503418,6.3));
#11706 = VECTOR('',#11707,1.);
#11707 = DIRECTION('',(0.977510641126,0.210886098369,0.));
#11708 = ORIENTED_EDGE('',*,*,#11709,.F.);
#11709 = EDGE_CURVE('',#1715,#11702,#11710,.T.);
#11710 = LINE('',#11711,#11712);
#11711 = CARTESIAN_POINT('',(57.837445139799,-85.51573431571,1.4));
#11712 = VECTOR('',#11713,1.);
#11713 = DIRECTION('',(0.,0.,1.));
#11714 = PLANE('',#11715);
#11715 = AXIS2_PLACEMENT_3D('',#11716,#11717,#11718);
#11716 = CARTESIAN_POINT('',(58.066310167774,-85.46635945392,1.4));
#11717 = DIRECTION('',(0.210886098369,-0.977510641126,0.));
#11718 = DIRECTION('',(-0.977510641126,-0.210886098369,0.));
#11719 = ADVANCED_FACE('',(#11720),#11738,.F.);
#11720 = FACE_BOUND('',#11721,.F.);
#11721 = EDGE_LOOP('',(#11722,#11723,#11731,#11737));
#11722 = ORIENTED_EDGE('',*,*,#1474,.F.);
#11723 = ORIENTED_EDGE('',*,*,#11724,.T.);
#11724 = EDGE_CURVE('',#1475,#11725,#11727,.T.);
#11725 = VERTEX_POINT('',#11726);
#11726 = CARTESIAN_POINT('',(51.017156630123,-87.21185049746,6.3));
#11727 = LINE('',#11728,#11729);
#11728 = CARTESIAN_POINT('',(51.017156630123,-87.21185049746,1.4));
#11729 = VECTOR('',#11730,1.);
#11730 = DIRECTION('',(0.,0.,1.));
#11731 = ORIENTED_EDGE('',*,*,#11732,.F.);
#11732 = EDGE_CURVE('',#11677,#11725,#11733,.T.);
#11733 = LINE('',#11734,#11735);
#11734 = CARTESIAN_POINT('',(71.145065724691,-81.53787675551,6.3));
#11735 = VECTOR('',#11736,1.);
#11736 = DIRECTION('',(0.962488755692,0.271321571509,0.));
#11737 = ORIENTED_EDGE('',*,*,#11676,.F.);
#11738 = PLANE('',#11739);
#11739 = AXIS2_PLACEMENT_3D('',#11740,#11741,#11742);
#11740 = CARTESIAN_POINT('',(51.017156630123,-87.21185049746,1.4));
#11741 = DIRECTION('',(0.271321571509,-0.962488755692,0.));
#11742 = DIRECTION('',(-0.962488755692,-0.271321571509,0.));
#11743 = ADVANCED_FACE('',(#11744),#11762,.F.);
#11744 = FACE_BOUND('',#11745,.F.);
#11745 = EDGE_LOOP('',(#11746,#11747,#11748,#11756));
#11746 = ORIENTED_EDGE('',*,*,#1714,.F.);
#11747 = ORIENTED_EDGE('',*,*,#11709,.T.);
#11748 = ORIENTED_EDGE('',*,*,#11749,.F.);
#11749 = EDGE_CURVE('',#11750,#11702,#11752,.T.);
#11750 = VERTEX_POINT('',#11751);
#11751 = CARTESIAN_POINT('',(57.608672927145,-85.56557521209,6.3));
#11752 = LINE('',#11753,#11754);
#11753 = CARTESIAN_POINT('',(73.869973776222,-82.02284683059,6.3));
#11754 = VECTOR('',#11755,1.);
#11755 = DIRECTION('',(0.977080686366,0.212869284612,0.));
#11756 = ORIENTED_EDGE('',*,*,#11757,.F.);
#11757 = EDGE_CURVE('',#1707,#11750,#11758,.T.);
#11758 = LINE('',#11759,#11760);
#11759 = CARTESIAN_POINT('',(57.608672927145,-85.56557521209,1.4));
#11760 = VECTOR('',#11761,1.);
#11761 = DIRECTION('',(0.,0.,1.));
#11762 = PLANE('',#11763);
#11763 = AXIS2_PLACEMENT_3D('',#11764,#11765,#11766);
#11764 = CARTESIAN_POINT('',(57.837445139799,-85.51573431571,1.4));
#11765 = DIRECTION('',(0.212869284612,-0.977080686366,0.));
#11766 = DIRECTION('',(-0.977080686366,-0.212869284612,0.));
#11767 = ADVANCED_FACE('',(#11768),#11786,.F.);
#11768 = FACE_BOUND('',#11769,.F.);
#11769 = EDGE_LOOP('',(#11770,#11771,#11779,#11785));
#11770 = ORIENTED_EDGE('',*,*,#1482,.F.);
#11771 = ORIENTED_EDGE('',*,*,#11772,.T.);
#11772 = EDGE_CURVE('',#1483,#11773,#11775,.T.);
#11773 = VERTEX_POINT('',#11774);
#11774 = CARTESIAN_POINT('',(51.242995048132,-87.14867224115,6.3));
#11775 = LINE('',#11776,#11777);
#11776 = CARTESIAN_POINT('',(51.242995048132,-87.14867224115,1.4));
#11777 = VECTOR('',#11778,1.);
#11778 = DIRECTION('',(0.,0.,1.));
#11779 = ORIENTED_EDGE('',*,*,#11780,.F.);
#11780 = EDGE_CURVE('',#11725,#11773,#11781,.T.);
#11781 = LINE('',#11782,#11783);
#11782 = CARTESIAN_POINT('',(71.238866748657,-81.55483077437,6.3));
#11783 = VECTOR('',#11784,1.);
#11784 = DIRECTION('',(0.963026550329,0.269406502078,0.));
#11785 = ORIENTED_EDGE('',*,*,#11724,.F.);
#11786 = PLANE('',#11787);
#11787 = AXIS2_PLACEMENT_3D('',#11788,#11789,#11790);
#11788 = CARTESIAN_POINT('',(51.242995048132,-87.14867224115,1.4));
#11789 = DIRECTION('',(0.269406502078,-0.963026550329,0.));
#11790 = DIRECTION('',(-0.963026550329,-0.269406502078,0.));
#11791 = ADVANCED_FACE('',(#11792),#11810,.F.);
#11792 = FACE_BOUND('',#11793,.F.);
#11793 = EDGE_LOOP('',(#11794,#11795,#11796,#11804));
#11794 = ORIENTED_EDGE('',*,*,#1706,.F.);
#11795 = ORIENTED_EDGE('',*,*,#11757,.T.);
#11796 = ORIENTED_EDGE('',*,*,#11797,.F.);
#11797 = EDGE_CURVE('',#11798,#11750,#11800,.T.);
#11798 = VERTEX_POINT('',#11799);
#11799 = CARTESIAN_POINT('',(57.379994087389,-85.61588173461,6.3));
#11800 = LINE('',#11801,#11802);
#11801 = CARTESIAN_POINT('',(73.781974490676,-82.00764846988,6.3));
#11802 = VECTOR('',#11803,1.);
#11803 = DIRECTION('',(0.976646995929,0.214850285878,0.));
#11804 = ORIENTED_EDGE('',*,*,#11805,.F.);
#11805 = EDGE_CURVE('',#1699,#11798,#11806,.T.);
#11806 = LINE('',#11807,#11808);
#11807 = CARTESIAN_POINT('',(57.379994087389,-85.61588173461,1.4));
#11808 = VECTOR('',#11809,1.);
#11809 = DIRECTION('',(0.,0.,1.));
#11810 = PLANE('',#11811);
#11811 = AXIS2_PLACEMENT_3D('',#11812,#11813,#11814);
#11812 = CARTESIAN_POINT('',(57.608672927145,-85.56557521209,1.4));
#11813 = DIRECTION('',(0.214850285878,-0.976646995929,0.));
#11814 = DIRECTION('',(-0.976646995929,-0.214850285878,0.));
#11815 = ADVANCED_FACE('',(#11816),#11834,.F.);
#11816 = FACE_BOUND('',#11817,.F.);
#11817 = EDGE_LOOP('',(#11818,#11819,#11827,#11833));
#11818 = ORIENTED_EDGE('',*,*,#1490,.F.);
#11819 = ORIENTED_EDGE('',*,*,#11820,.T.);
#11820 = EDGE_CURVE('',#1491,#11821,#11823,.T.);
#11821 = VERTEX_POINT('',#11822);
#11822 = CARTESIAN_POINT('',(51.468942412269,-87.08594817817,6.3));
#11823 = LINE('',#11824,#11825);
#11824 = CARTESIAN_POINT('',(51.468942412269,-87.08594817817,1.4));
#11825 = VECTOR('',#11826,1.);
#11826 = DIRECTION('',(0.,0.,1.));
#11827 = ORIENTED_EDGE('',*,*,#11828,.F.);
#11828 = EDGE_CURVE('',#11773,#11821,#11829,.T.);
#11829 = LINE('',#11830,#11831);
#11830 = CARTESIAN_POINT('',(71.332453881811,-81.57174291616,6.3));
#11831 = VECTOR('',#11832,1.);
#11832 = DIRECTION('',(0.963560890036,0.267489086119,0.));
#11833 = ORIENTED_EDGE('',*,*,#11772,.F.);
#11834 = PLANE('',#11835);
#11835 = AXIS2_PLACEMENT_3D('',#11836,#11837,#11838);
#11836 = CARTESIAN_POINT('',(51.468942412269,-87.08594817817,1.4));
#11837 = DIRECTION('',(0.267489086119,-0.963560890036,0.));
#11838 = DIRECTION('',(-0.963560890036,-0.267489086119,0.));
#11839 = ADVANCED_FACE('',(#11840),#11858,.F.);
#11840 = FACE_BOUND('',#11841,.F.);
#11841 = EDGE_LOOP('',(#11842,#11843,#11844,#11852));
#11842 = ORIENTED_EDGE('',*,*,#1698,.F.);
#11843 = ORIENTED_EDGE('',*,*,#11805,.T.);
#11844 = ORIENTED_EDGE('',*,*,#11845,.F.);
#11845 = EDGE_CURVE('',#11846,#11798,#11848,.T.);
#11846 = VERTEX_POINT('',#11847);
#11847 = CARTESIAN_POINT('',(57.151409177975,-85.66665347483,6.3));
#11848 = LINE('',#11849,#11850);
#11849 = CARTESIAN_POINT('',(73.693790242426,-81.99237123065,6.3));
#11850 = VECTOR('',#11851,1.);
#11851 = DIRECTION('',(0.976209579604,0.216829095579,0.));
#11852 = ORIENTED_EDGE('',*,*,#11853,.F.);
#11853 = EDGE_CURVE('',#1691,#11846,#11854,.T.);
#11854 = LINE('',#11855,#11856);
#11855 = CARTESIAN_POINT('',(57.151409177975,-85.66665347483,1.4));
#11856 = VECTOR('',#11857,1.);
#11857 = DIRECTION('',(0.,0.,1.));
#11858 = PLANE('',#11859);
#11859 = AXIS2_PLACEMENT_3D('',#11860,#11861,#11862);
#11860 = CARTESIAN_POINT('',(57.379994087389,-85.61588173461,1.4));
#11861 = DIRECTION('',(0.216829095579,-0.976209579604,0.));
#11862 = DIRECTION('',(-0.976209579604,-0.216829095579,0.));
#11863 = ADVANCED_FACE('',(#11864),#11882,.F.);
#11864 = FACE_BOUND('',#11865,.F.);
#11865 = EDGE_LOOP('',(#11866,#11867,#11875,#11881));
#11866 = ORIENTED_EDGE('',*,*,#1498,.F.);
#11867 = ORIENTED_EDGE('',*,*,#11868,.T.);
#11868 = EDGE_CURVE('',#1499,#11869,#11871,.T.);
#11869 = VERTEX_POINT('',#11870);
#11870 = CARTESIAN_POINT('',(51.694998167592,-87.02367871665,6.3));
#11871 = LINE('',#11872,#11873);
#11872 = CARTESIAN_POINT('',(51.694998167592,-87.02367871665,1.4));
#11873 = VECTOR('',#11874,1.);
#11874 = DIRECTION('',(0.,0.,1.));
#11875 = ORIENTED_EDGE('',*,*,#11876,.F.);
#11876 = EDGE_CURVE('',#11821,#11869,#11877,.T.);
#11877 = LINE('',#11878,#11879);
#11878 = CARTESIAN_POINT('',(71.425828023419,-81.58861182893,6.3));
#11879 = VECTOR('',#11880,1.);
#11880 = DIRECTION('',(0.964091765291,0.265569328231,0.));
#11881 = ORIENTED_EDGE('',*,*,#11820,.F.);
#11882 = PLANE('',#11883);
#11883 = AXIS2_PLACEMENT_3D('',#11884,#11885,#11886);
#11884 = CARTESIAN_POINT('',(51.694998167592,-87.02367871665,1.4));
#11885 = DIRECTION('',(0.265569328231,-0.964091765291,0.));
#11886 = DIRECTION('',(-0.964091765291,-0.265569328231,0.));
#11887 = ADVANCED_FACE('',(#11888),#11906,.F.);
#11888 = FACE_BOUND('',#11889,.F.);
#11889 = EDGE_LOOP('',(#11890,#11891,#11892,#11900));
#11890 = ORIENTED_EDGE('',*,*,#1690,.F.);
#11891 = ORIENTED_EDGE('',*,*,#11853,.T.);
#11892 = ORIENTED_EDGE('',*,*,#11893,.F.);
#11893 = EDGE_CURVE('',#11894,#11846,#11896,.T.);
#11894 = VERTEX_POINT('',#11895);
#11895 = CARTESIAN_POINT('',(56.922918756272,-85.71789002429,6.3));
#11896 = LINE('',#11897,#11898);
#11897 = CARTESIAN_POINT('',(73.605419861001,-81.97701639516,6.3));
#11898 = VECTOR('',#11899,1.);
#11899 = DIRECTION('',(0.975768447171,0.218805707205,0.));
#11900 = ORIENTED_EDGE('',*,*,#11901,.F.);
#11901 = EDGE_CURVE('',#1683,#11894,#11902,.T.);
#11902 = LINE('',#11903,#11904);
#11903 = CARTESIAN_POINT('',(56.922918756272,-85.71789002429,1.4));
#11904 = VECTOR('',#11905,1.);
#11905 = DIRECTION('',(0.,0.,1.));
#11906 = PLANE('',#11907);
#11907 = AXIS2_PLACEMENT_3D('',#11908,#11909,#11910);
#11908 = CARTESIAN_POINT('',(57.151409177975,-85.66665347483,1.4));
#11909 = DIRECTION('',(0.218805707205,-0.975768447171,0.));
#11910 = DIRECTION('',(-0.975768447171,-0.218805707205,0.));
#11911 = ADVANCED_FACE('',(#11912),#11930,.F.);
#11912 = FACE_BOUND('',#11913,.F.);
#11913 = EDGE_LOOP('',(#11914,#11915,#11923,#11929));
#11914 = ORIENTED_EDGE('',*,*,#1506,.F.);
#11915 = ORIENTED_EDGE('',*,*,#11916,.T.);
#11916 = EDGE_CURVE('',#1507,#11917,#11919,.T.);
#11917 = VERTEX_POINT('',#11918);
#11918 = CARTESIAN_POINT('',(51.92116175902,-86.96186426472,6.3));
#11919 = LINE('',#11920,#11921);
#11920 = CARTESIAN_POINT('',(51.92116175902,-86.96186426472,1.4));
#11921 = VECTOR('',#11922,1.);
#11922 = DIRECTION('',(0.,0.,1.));
#11923 = ORIENTED_EDGE('',*,*,#11924,.F.);
#11924 = EDGE_CURVE('',#11869,#11917,#11925,.T.);
#11925 = LINE('',#11926,#11927);
#11926 = CARTESIAN_POINT('',(71.518990082355,-81.60543616238,6.3));
#11927 = VECTOR('',#11928,1.);
#11928 = DIRECTION('',(0.964619166557,0.263647233079,0.));
#11929 = ORIENTED_EDGE('',*,*,#11868,.F.);
#11930 = PLANE('',#11931);
#11931 = AXIS2_PLACEMENT_3D('',#11932,#11933,#11934);
#11932 = CARTESIAN_POINT('',(51.92116175902,-86.96186426472,1.4));
#11933 = DIRECTION('',(0.263647233079,-0.964619166557,0.));
#11934 = DIRECTION('',(-0.964619166557,-0.263647233079,0.));
#11935 = ADVANCED_FACE('',(#11936),#11954,.F.);
#11936 = FACE_BOUND('',#11937,.F.);
#11937 = EDGE_LOOP('',(#11938,#11939,#11940,#11948));
#11938 = ORIENTED_EDGE('',*,*,#1682,.F.);
#11939 = ORIENTED_EDGE('',*,*,#11901,.T.);
#11940 = ORIENTED_EDGE('',*,*,#11941,.F.);
#11941 = EDGE_CURVE('',#11942,#11894,#11944,.T.);
#11942 = VERTEX_POINT('',#11943);
#11943 = CARTESIAN_POINT('',(56.694523379551,-85.76959097457,6.3));
#11944 = LINE('',#11945,#11946);
#11945 = CARTESIAN_POINT('',(73.516862186332,-81.96158524927,6.3));
#11946 = VECTOR('',#11947,1.);
#11947 = DIRECTION('',(0.97532360841,0.220780114317,0.));
#11948 = ORIENTED_EDGE('',*,*,#11949,.F.);
#11949 = EDGE_CURVE('',#1675,#11942,#11950,.T.);
#11950 = LINE('',#11951,#11952);
#11951 = CARTESIAN_POINT('',(56.694523379551,-85.76959097457,1.4));
#11952 = VECTOR('',#11953,1.);
#11953 = DIRECTION('',(0.,0.,1.));
#11954 = PLANE('',#11955);
#11955 = AXIS2_PLACEMENT_3D('',#11956,#11957,#11958);
#11956 = CARTESIAN_POINT('',(56.922918756272,-85.71789002429,1.4));
#11957 = DIRECTION('',(0.220780114317,-0.97532360841,0.));
#11958 = DIRECTION('',(-0.97532360841,-0.220780114317,0.));
#11959 = ADVANCED_FACE('',(#11960),#11978,.F.);
#11960 = FACE_BOUND('',#11961,.F.);
#11961 = EDGE_LOOP('',(#11962,#11963,#11971,#11977));
#11962 = ORIENTED_EDGE('',*,*,#1514,.F.);
#11963 = ORIENTED_EDGE('',*,*,#11964,.T.);
#11964 = EDGE_CURVE('',#1515,#11965,#11967,.T.);
#11965 = VERTEX_POINT('',#11966);
#11966 = CARTESIAN_POINT('',(52.147432631429,-86.90050523053,6.3));
#11967 = LINE('',#11968,#11969);
#11968 = CARTESIAN_POINT('',(52.147432631429,-86.90050523053,1.4));
#11969 = VECTOR('',#11970,1.);
#11970 = DIRECTION('',(0.,0.,1.));
#11971 = ORIENTED_EDGE('',*,*,#11972,.F.);
#11972 = EDGE_CURVE('',#11917,#11965,#11973,.T.);
#11973 = LINE('',#11974,#11975);
#11974 = CARTESIAN_POINT('',(71.61194097719,-81.62221456792,6.3));
#11975 = VECTOR('',#11976,1.);
#11976 = DIRECTION('',(0.965143084282,0.261722805393,0.));
#11977 = ORIENTED_EDGE('',*,*,#11916,.F.);
#11978 = PLANE('',#11979);
#11979 = AXIS2_PLACEMENT_3D('',#11980,#11981,#11982);
#11980 = CARTESIAN_POINT('',(52.147432631429,-86.90050523053,1.4));
#11981 = DIRECTION('',(0.261722805393,-0.965143084282,0.));
#11982 = DIRECTION('',(-0.965143084282,-0.261722805393,0.));
#11983 = ADVANCED_FACE('',(#11984),#12002,.F.);
#11984 = FACE_BOUND('',#11985,.F.);
#11985 = EDGE_LOOP('',(#11986,#11987,#11988,#11996));
#11986 = ORIENTED_EDGE('',*,*,#1674,.F.);
#11987 = ORIENTED_EDGE('',*,*,#11949,.T.);
#11988 = ORIENTED_EDGE('',*,*,#11989,.F.);
#11989 = EDGE_CURVE('',#11990,#11942,#11992,.T.);
#11990 = VERTEX_POINT('',#11991);
#11991 = CARTESIAN_POINT('',(56.466223604965,-85.82175591723,6.3));
#11992 = LINE('',#11993,#11994);
#11993 = CARTESIAN_POINT('',(73.428116068729,-81.94607908233,6.3));
#11994 = VECTOR('',#11995,1.);
#11995 = DIRECTION('',(0.974875073095,0.222752310557,0.));
#11996 = ORIENTED_EDGE('',*,*,#11997,.F.);
#11997 = EDGE_CURVE('',#1667,#11990,#11998,.T.);
#11998 = LINE('',#11999,#12000);
#11999 = CARTESIAN_POINT('',(56.466223604965,-85.82175591723,1.4));
#12000 = VECTOR('',#12001,1.);
#12001 = DIRECTION('',(0.,0.,1.));
#12002 = PLANE('',#12003);
#12003 = AXIS2_PLACEMENT_3D('',#12004,#12005,#12006);
#12004 = CARTESIAN_POINT('',(56.694523379551,-85.76959097457,1.4));
#12005 = DIRECTION('',(0.222752310557,-0.974875073095,0.));
#12006 = DIRECTION('',(-0.974875073095,-0.222752310557,0.));
#12007 = ADVANCED_FACE('',(#12008),#12026,.F.);
#12008 = FACE_BOUND('',#12009,.F.);
#12009 = EDGE_LOOP('',(#12010,#12011,#12019,#12025));
#12010 = ORIENTED_EDGE('',*,*,#1522,.F.);
#12011 = ORIENTED_EDGE('',*,*,#12012,.T.);
#12012 = EDGE_CURVE('',#1523,#12013,#12015,.T.);
#12013 = VERTEX_POINT('',#12014);
#12014 = CARTESIAN_POINT('',(52.373810229583,-86.83960202226,6.3));
#12015 = LINE('',#12016,#12017);
#12016 = CARTESIAN_POINT('',(52.373810229583,-86.83960202226,1.4));
#12017 = VECTOR('',#12018,1.);
#12018 = DIRECTION('',(0.,0.,1.));
#12019 = ORIENTED_EDGE('',*,*,#12020,.F.);
#12020 = EDGE_CURVE('',#11965,#12013,#12021,.T.);
#12021 = LINE('',#12022,#12023);
#12022 = CARTESIAN_POINT('',(71.704681636186,-81.63894569874,6.3));
#12023 = VECTOR('',#12024,1.);
#12024 = DIRECTION('',(0.965663508899,0.259796049972,0.));
#12025 = ORIENTED_EDGE('',*,*,#11964,.F.);
#12026 = PLANE('',#12027);
#12027 = AXIS2_PLACEMENT_3D('',#12028,#12029,#12030);
#12028 = CARTESIAN_POINT('',(52.373810229583,-86.83960202226,1.4));
#12029 = DIRECTION('',(0.259796049972,-0.965663508899,0.));
#12030 = DIRECTION('',(-0.965663508899,-0.259796049972,0.));
#12031 = ADVANCED_FACE('',(#12032),#12050,.F.);
#12032 = FACE_BOUND('',#12033,.F.);
#12033 = EDGE_LOOP('',(#12034,#12035,#12036,#12044));
#12034 = ORIENTED_EDGE('',*,*,#1666,.F.);
#12035 = ORIENTED_EDGE('',*,*,#11997,.T.);
#12036 = ORIENTED_EDGE('',*,*,#12037,.F.);
#12037 = EDGE_CURVE('',#12038,#11990,#12040,.T.);
#12038 = VERTEX_POINT('',#12039);
#12039 = CARTESIAN_POINT('',(56.238019989595,-85.87438444385,6.3));
#12040 = LINE('',#12041,#12042);
#12041 = CARTESIAN_POINT('',(73.339180368837,-81.93049918713,6.3));
#12042 = VECTOR('',#12043,1.);
#12043 = DIRECTION('',(0.974422850995,0.224722289635,0.));
#12044 = ORIENTED_EDGE('',*,*,#12045,.F.);
#12045 = EDGE_CURVE('',#1659,#12038,#12046,.T.);
#12046 = LINE('',#12047,#12048);
#12047 = CARTESIAN_POINT('',(56.238019989595,-85.87438444385,1.4));
#12048 = VECTOR('',#12049,1.);
#12049 = DIRECTION('',(0.,0.,1.));
#12050 = PLANE('',#12051);
#12051 = AXIS2_PLACEMENT_3D('',#12052,#12053,#12054);
#12052 = CARTESIAN_POINT('',(56.466223604965,-85.82175591723,1.4));
#12053 = DIRECTION('',(0.224722289635,-0.974422850995,0.));
#12054 = DIRECTION('',(-0.974422850995,-0.224722289635,0.));
#12055 = ADVANCED_FACE('',(#12056),#12074,.F.);
#12056 = FACE_BOUND('',#12057,.F.);
#12057 = EDGE_LOOP('',(#12058,#12059,#12067,#12073));
#12058 = ORIENTED_EDGE('',*,*,#1530,.F.);
#12059 = ORIENTED_EDGE('',*,*,#12060,.T.);
#12060 = EDGE_CURVE('',#1531,#12061,#12063,.T.);
#12061 = VERTEX_POINT('',#12062);
#12062 = CARTESIAN_POINT('',(52.600293998182,-86.77915504809,6.3));
#12063 = LINE('',#12064,#12065);
#12064 = CARTESIAN_POINT('',(52.600293998182,-86.77915504809,1.4));
#12065 = VECTOR('',#12066,1.);
#12066 = DIRECTION('',(0.,0.,1.));
#12067 = ORIENTED_EDGE('',*,*,#12068,.F.);
#12068 = EDGE_CURVE('',#12013,#12061,#12069,.T.);
#12069 = LINE('',#12070,#12071);
#12070 = CARTESIAN_POINT('',(71.797212997367,-81.65562820986,6.3));
#12071 = VECTOR('',#12072,1.);
#12072 = DIRECTION('',(0.966180430829,0.257866971681,0.));
#12073 = ORIENTED_EDGE('',*,*,#12012,.F.);
#12074 = PLANE('',#12075);
#12075 = AXIS2_PLACEMENT_3D('',#12076,#12077,#12078);
#12076 = CARTESIAN_POINT('',(52.600293998182,-86.77915504809,1.4));
#12077 = DIRECTION('',(0.257866971681,-0.966180430829,0.));
#12078 = DIRECTION('',(-0.966180430829,-0.257866971681,0.));
#12079 = ADVANCED_FACE('',(#12080),#12098,.F.);
#12080 = FACE_BOUND('',#12081,.F.);
#12081 = EDGE_LOOP('',(#12082,#12083,#12084,#12092));
#12082 = ORIENTED_EDGE('',*,*,#1658,.F.);
#12083 = ORIENTED_EDGE('',*,*,#12045,.T.);
#12084 = ORIENTED_EDGE('',*,*,#12085,.F.);
#12085 = EDGE_CURVE('',#12086,#12038,#12088,.T.);
#12086 = VERTEX_POINT('',#12087);
#12087 = CARTESIAN_POINT('',(56.009913090427,-85.927476146,6.3));
#12088 = LINE('',#12089,#12090);
#12089 = CARTESIAN_POINT('',(73.250053957647,-81.9148468598,6.3));
#12090 = VECTOR('',#12091,1.);
#12091 = DIRECTION('',(0.973966951874,0.226690045341,0.));
#12092 = ORIENTED_EDGE('',*,*,#12093,.F.);
#12093 = EDGE_CURVE('',#1651,#12086,#12094,.T.);
#12094 = LINE('',#12095,#12096);
#12095 = CARTESIAN_POINT('',(56.009913090427,-85.927476146,1.4));
#12096 = VECTOR('',#12097,1.);
#12097 = DIRECTION('',(0.,0.,1.));
#12098 = PLANE('',#12099);
#12099 = AXIS2_PLACEMENT_3D('',#12100,#12101,#12102);
#12100 = CARTESIAN_POINT('',(56.238019989595,-85.87438444385,1.4));
#12101 = DIRECTION('',(0.226690045341,-0.973966951874,0.));
#12102 = DIRECTION('',(-0.973966951874,-0.226690045341,0.));
#12103 = ADVANCED_FACE('',(#12104),#12122,.F.);
#12104 = FACE_BOUND('',#12105,.F.);
#12105 = EDGE_LOOP('',(#12106,#12107,#12115,#12121));
#12106 = ORIENTED_EDGE('',*,*,#1538,.F.);
#12107 = ORIENTED_EDGE('',*,*,#12108,.T.);
#12108 = EDGE_CURVE('',#1539,#12109,#12111,.T.);
#12109 = VERTEX_POINT('',#12110);
#12110 = CARTESIAN_POINT('',(52.826883381794,-86.71916471624,6.3));
#12111 = LINE('',#12112,#12113);
#12112 = CARTESIAN_POINT('',(52.826883381794,-86.71916471624,1.4));
#12113 = VECTOR('',#12114,1.);
#12114 = DIRECTION('',(0.,0.,1.));
#12115 = ORIENTED_EDGE('',*,*,#12116,.F.);
#12116 = EDGE_CURVE('',#12061,#12109,#12117,.T.);
#12117 = LINE('',#12118,#12119);
#12118 = CARTESIAN_POINT('',(71.889536008501,-81.67226075826,6.3));
#12119 = VECTOR('',#12120,1.);
#12120 = DIRECTION('',(0.966693840478,0.255935575453,0.));
#12121 = ORIENTED_EDGE('',*,*,#12060,.F.);
#12122 = PLANE('',#12123);
#12123 = AXIS2_PLACEMENT_3D('',#12124,#12125,#12126);
#12124 = CARTESIAN_POINT('',(52.826883381794,-86.71916471624,1.4));
#12125 = DIRECTION('',(0.255935575453,-0.966693840478,0.));
#12126 = DIRECTION('',(-0.966693840478,-0.255935575453,0.));
#12127 = ADVANCED_FACE('',(#12128),#12146,.F.);
#12128 = FACE_BOUND('',#12129,.F.);
#12129 = EDGE_LOOP('',(#12130,#12131,#12132,#12140));
#12130 = ORIENTED_EDGE('',*,*,#1650,.F.);
#12131 = ORIENTED_EDGE('',*,*,#12093,.T.);
#12132 = ORIENTED_EDGE('',*,*,#12133,.F.);
#12133 = EDGE_CURVE('',#12134,#12086,#12136,.T.);
#12134 = VERTEX_POINT('',#12135);
#12135 = CARTESIAN_POINT('',(55.781903464306,-85.98103061528,6.3));
#12136 = LINE('',#12137,#12138);
#12137 = CARTESIAN_POINT('',(73.160735716448,-81.89912339971,6.3));
#12138 = VECTOR('',#12139,1.);
#12139 = DIRECTION('',(0.973507385491,0.228655571536,0.));
#12140 = ORIENTED_EDGE('',*,*,#12141,.F.);
#12141 = EDGE_CURVE('',#1643,#12134,#12142,.T.);
#12142 = LINE('',#12143,#12144);
#12143 = CARTESIAN_POINT('',(55.781903464306,-85.98103061528,1.4));
#12144 = VECTOR('',#12145,1.);
#12145 = DIRECTION('',(0.,0.,1.));
#12146 = PLANE('',#12147);
#12147 = AXIS2_PLACEMENT_3D('',#12148,#12149,#12150);
#12148 = CARTESIAN_POINT('',(56.009913090427,-85.927476146,1.4));
#12149 = DIRECTION('',(0.228655571536,-0.973507385491,0.));
#12150 = DIRECTION('',(-0.973507385491,-0.228655571536,0.));
#12151 = ADVANCED_FACE('',(#12152),#12170,.F.);
#12152 = FACE_BOUND('',#12153,.F.);
#12153 = EDGE_LOOP('',(#12154,#12155,#12163,#12169));
#12154 = ORIENTED_EDGE('',*,*,#1546,.F.);
#12155 = ORIENTED_EDGE('',*,*,#12156,.T.);
#12156 = EDGE_CURVE('',#1547,#12157,#12159,.T.);
#12157 = VERTEX_POINT('',#12158);
#12158 = CARTESIAN_POINT('',(53.053577824954,-86.65963143493,6.3));
#12159 = LINE('',#12160,#12161);
#12160 = CARTESIAN_POINT('',(53.053577824954,-86.65963143493,1.4));
#12161 = VECTOR('',#12162,1.);
#12162 = DIRECTION('',(0.,0.,1.));
#12163 = ORIENTED_EDGE('',*,*,#12164,.F.);
#12164 = EDGE_CURVE('',#12109,#12157,#12165,.T.);
#12165 = LINE('',#12166,#12167);
#12166 = CARTESIAN_POINT('',(71.9816516272,-81.68884200284,6.3));
#12167 = VECTOR('',#12168,1.);
#12168 = DIRECTION('',(0.96720372824,0.254001866289,0.));
#12169 = ORIENTED_EDGE('',*,*,#12108,.F.);
#12170 = PLANE('',#12171);
#12171 = AXIS2_PLACEMENT_3D('',#12172,#12173,#12174);
#12172 = CARTESIAN_POINT('',(53.053577824954,-86.65963143493,1.4));
#12173 = DIRECTION('',(0.254001866289,-0.96720372824,0.));
#12174 = DIRECTION('',(-0.96720372824,-0.254001866289,0.));
#12175 = ADVANCED_FACE('',(#12176),#12194,.F.);
#12176 = FACE_BOUND('',#12177,.F.);
#12177 = EDGE_LOOP('',(#12178,#12179,#12180,#12188));
#12178 = ORIENTED_EDGE('',*,*,#1642,.F.);
#12179 = ORIENTED_EDGE('',*,*,#12141,.T.);
#12180 = ORIENTED_EDGE('',*,*,#12181,.F.);
#12181 = EDGE_CURVE('',#12182,#12134,#12184,.T.);
#12182 = VERTEX_POINT('',#12183);
#12183 = CARTESIAN_POINT('',(55.553991668054,-86.03504744329,6.3));
#12184 = LINE('',#12185,#12186);
#12185 = CARTESIAN_POINT('',(73.071224536792,-81.88333010943,6.3));
#12186 = VECTOR('',#12187,1.);
#12187 = DIRECTION('',(0.973044161597,0.230618862156,0.));
#12188 = ORIENTED_EDGE('',*,*,#12189,.F.);
#12189 = EDGE_CURVE('',#1635,#12182,#12190,.T.);
#12190 = LINE('',#12191,#12192);
#12191 = CARTESIAN_POINT('',(55.553991668054,-86.03504744329,1.4));
#12192 = VECTOR('',#12193,1.);
#12193 = DIRECTION('',(0.,0.,1.));
#12194 = PLANE('',#12195);
#12195 = AXIS2_PLACEMENT_3D('',#12196,#12197,#12198);
#12196 = CARTESIAN_POINT('',(55.781903464306,-85.98103061528,1.4));
#12197 = DIRECTION('',(0.230618862156,-0.973044161597,0.));
#12198 = DIRECTION('',(-0.973044161597,-0.230618862156,0.));
#12199 = ADVANCED_FACE('',(#12200),#12218,.F.);
#12200 = FACE_BOUND('',#12201,.F.);
#12201 = EDGE_LOOP('',(#12202,#12203,#12211,#12217));
#12202 = ORIENTED_EDGE('',*,*,#1554,.F.);
#12203 = ORIENTED_EDGE('',*,*,#12204,.T.);
#12204 = EDGE_CURVE('',#1555,#12205,#12207,.T.);
#12205 = VERTEX_POINT('',#12206);
#12206 = CARTESIAN_POINT('',(53.280376772067,-86.6005556124,6.3));
#12207 = LINE('',#12208,#12209);
#12208 = CARTESIAN_POINT('',(53.280376772067,-86.6005556124,1.4));
#12209 = VECTOR('',#12210,1.);
#12210 = DIRECTION('',(0.,0.,1.));
#12211 = ORIENTED_EDGE('',*,*,#12212,.F.);
#12212 = EDGE_CURVE('',#12157,#12205,#12213,.T.);
#12213 = LINE('',#12214,#12215);
#12214 = CARTESIAN_POINT('',(72.073560820896,-81.70537060459,6.3));
#12215 = VECTOR('',#12216,1.);
#12216 = DIRECTION('',(0.967710084497,0.252065849258,0.));
#12217 = ORIENTED_EDGE('',*,*,#12156,.F.);
#12218 = PLANE('',#12219);
#12219 = AXIS2_PLACEMENT_3D('',#12220,#12221,#12222);
#12220 = CARTESIAN_POINT('',(53.280376772067,-86.6005556124,1.4));
#12221 = DIRECTION('',(0.252065849258,-0.967710084497,0.));
#12222 = DIRECTION('',(-0.967710084497,-0.252065849258,0.));
#12223 = ADVANCED_FACE('',(#12224),#12242,.F.);
#12224 = FACE_BOUND('',#12225,.F.);
#12225 = EDGE_LOOP('',(#12226,#12227,#12228,#12236));
#12226 = ORIENTED_EDGE('',*,*,#1634,.F.);
#12227 = ORIENTED_EDGE('',*,*,#12189,.T.);
#12228 = ORIENTED_EDGE('',*,*,#12229,.F.);
#12229 = EDGE_CURVE('',#12230,#12182,#12232,.T.);
#12230 = VERTEX_POINT('',#12231);
#12231 = CARTESIAN_POINT('',(55.326178258334,-86.08952622164,6.3));
#12232 = LINE('',#12233,#12234);
#12233 = CARTESIAN_POINT('',(72.981519320514,-81.86746829463,6.3));
#12234 = VECTOR('',#12235,1.);
#12235 = DIRECTION('',(0.972577289937,0.23257991121,0.));
#12236 = ORIENTED_EDGE('',*,*,#12237,.F.);
#12237 = EDGE_CURVE('',#1627,#12230,#12238,.T.);
#12238 = LINE('',#12239,#12240);
#12239 = CARTESIAN_POINT('',(55.326178258334,-86.08952622164,1.4));
#12240 = VECTOR('',#12241,1.);
#12241 = DIRECTION('',(0.,0.,1.));
#12242 = PLANE('',#12243);
#12243 = AXIS2_PLACEMENT_3D('',#12244,#12245,#12246);
#12244 = CARTESIAN_POINT('',(55.553991668054,-86.03504744329,1.4));
#12245 = DIRECTION('',(0.23257991121,-0.972577289937,0.));
#12246 = DIRECTION('',(-0.972577289937,-0.23257991121,0.));
#12247 = ADVANCED_FACE('',(#12248),#12266,.F.);
#12248 = FACE_BOUND('',#12249,.F.);
#12249 = EDGE_LOOP('',(#12250,#12251,#12259,#12265));
#12250 = ORIENTED_EDGE('',*,*,#1562,.F.);
#12251 = ORIENTED_EDGE('',*,*,#12252,.T.);
#12252 = EDGE_CURVE('',#1563,#12253,#12255,.T.);
#12253 = VERTEX_POINT('',#12254);
#12254 = CARTESIAN_POINT('',(53.507279667463,-86.5419376569,6.3));
#12255 = LINE('',#12256,#12257);
#12256 = CARTESIAN_POINT('',(53.507279667463,-86.5419376569,1.4));
#12257 = VECTOR('',#12258,1.);
#12258 = DIRECTION('',(0.,0.,1.));
#12259 = ORIENTED_EDGE('',*,*,#12260,.F.);
#12260 = EDGE_CURVE('',#12205,#12253,#12261,.T.);
#12261 = LINE('',#12262,#12263);
#12262 = CARTESIAN_POINT('',(72.165264566902,-81.72184522664,6.3));
#12263 = VECTOR('',#12264,1.);
#12264 = DIRECTION('',(0.968212899618,0.250127529499,0.));
#12265 = ORIENTED_EDGE('',*,*,#12204,.F.);
#12266 = PLANE('',#12267);
#12267 = AXIS2_PLACEMENT_3D('',#12268,#12269,#12270);
#12268 = CARTESIAN_POINT('',(53.507279667463,-86.5419376569,1.4));
#12269 = DIRECTION('',(0.250127529499,-0.968212899618,0.));
#12270 = DIRECTION('',(-0.968212899618,-0.250127529499,0.));
#12271 = ADVANCED_FACE('',(#12272),#12290,.F.);
#12272 = FACE_BOUND('',#12273,.F.);
#12273 = EDGE_LOOP('',(#12274,#12275,#12276,#12284));
#12274 = ORIENTED_EDGE('',*,*,#1626,.F.);
#12275 = ORIENTED_EDGE('',*,*,#12237,.T.);
#12276 = ORIENTED_EDGE('',*,*,#12277,.F.);
#12277 = EDGE_CURVE('',#12278,#12230,#12280,.T.);
#12278 = VERTEX_POINT('',#12279);
#12279 = CARTESIAN_POINT('',(55.098463791745,-86.14446654194,6.3));
#12280 = LINE('',#12281,#12282);
#12281 = CARTESIAN_POINT('',(72.891618979647,-81.85153926399,6.3));
#12282 = VECTOR('',#12283,1.);
#12283 = DIRECTION('',(0.97210678025,0.234538712778,0.));
#12284 = ORIENTED_EDGE('',*,*,#12285,.F.);
#12285 = EDGE_CURVE('',#1619,#12278,#12286,.T.);
#12286 = LINE('',#12287,#12288);
#12287 = CARTESIAN_POINT('',(55.098463791745,-86.14446654194,1.4));
#12288 = VECTOR('',#12289,1.);
#12289 = DIRECTION('',(0.,0.,1.));
#12290 = PLANE('',#12291);
#12291 = AXIS2_PLACEMENT_3D('',#12292,#12293,#12294);
#12292 = CARTESIAN_POINT('',(55.326178258334,-86.08952622164,1.4));
#12293 = DIRECTION('',(0.234538712778,-0.97210678025,0.));
#12294 = DIRECTION('',(-0.97210678025,-0.234538712778,0.));
#12295 = ADVANCED_FACE('',(#12296),#12314,.F.);
#12296 = FACE_BOUND('',#12297,.F.);
#12297 = EDGE_LOOP('',(#12298,#12299,#12307,#12313));
#12298 = ORIENTED_EDGE('',*,*,#1570,.F.);
#12299 = ORIENTED_EDGE('',*,*,#12300,.T.);
#12300 = EDGE_CURVE('',#1571,#12301,#12303,.T.);
#12301 = VERTEX_POINT('',#12302);
#12302 = CARTESIAN_POINT('',(53.734285955375,-86.48377797671,6.3));
#12303 = LINE('',#12304,#12305);
#12304 = CARTESIAN_POINT('',(53.734285955375,-86.48377797671,1.4));
#12305 = VECTOR('',#12306,1.);
#12306 = DIRECTION('',(0.,0.,1.));
#12307 = ORIENTED_EDGE('',*,*,#12308,.F.);
#12308 = EDGE_CURVE('',#12253,#12301,#12309,.T.);
#12309 = LINE('',#12310,#12311);
#12310 = CARTESIAN_POINT('',(72.256763852439,-81.73826453426,6.3));
#12311 = VECTOR('',#12312,1.);
#12312 = DIRECTION('',(0.968712163959,0.24818691222,0.));
#12313 = ORIENTED_EDGE('',*,*,#12252,.F.);
#12314 = PLANE('',#12315);
#12315 = AXIS2_PLACEMENT_3D('',#12316,#12317,#12318);
#12316 = CARTESIAN_POINT('',(53.734285955375,-86.48377797671,1.4));
#12317 = DIRECTION('',(0.24818691222,-0.968712163959,0.));
#12318 = DIRECTION('',(-0.968712163959,-0.24818691222,0.));
#12319 = ADVANCED_FACE('',(#12320),#12338,.F.);
#12320 = FACE_BOUND('',#12321,.F.);
#12321 = EDGE_LOOP('',(#12322,#12323,#12324,#12332));
#12322 = ORIENTED_EDGE('',*,*,#1618,.F.);
#12323 = ORIENTED_EDGE('',*,*,#12285,.T.);
#12324 = ORIENTED_EDGE('',*,*,#12325,.F.);
#12325 = EDGE_CURVE('',#12326,#12278,#12328,.T.);
#12326 = VERTEX_POINT('',#12327);
#12327 = CARTESIAN_POINT('',(54.870848824786,-86.19986799583,6.3));
#12328 = LINE('',#12329,#12330);
#12329 = CARTESIAN_POINT('',(72.801522436445,-81.83554432913,6.3));
#12330 = VECTOR('',#12331,1.);
#12331 = DIRECTION('',(0.971632642266,0.236495261016,0.));
#12332 = ORIENTED_EDGE('',*,*,#12333,.F.);
#12333 = EDGE_CURVE('',#1611,#12326,#12334,.T.);
#12334 = LINE('',#12335,#12336);
#12335 = CARTESIAN_POINT('',(54.870848824786,-86.19986799583,1.4));
#12336 = VECTOR('',#12337,1.);
#12337 = DIRECTION('',(0.,0.,1.));
#12338 = PLANE('',#12339);
#12339 = AXIS2_PLACEMENT_3D('',#12340,#12341,#12342);
#12340 = CARTESIAN_POINT('',(55.098463791745,-86.14446654194,1.4));
#12341 = DIRECTION('',(0.236495261016,-0.971632642266,0.));
#12342 = DIRECTION('',(-0.971632642266,-0.236495261016,0.));
#12343 = ADVANCED_FACE('',(#12344),#12362,.F.);
#12344 = FACE_BOUND('',#12345,.F.);
#12345 = EDGE_LOOP('',(#12346,#12347,#12355,#12361));
#12346 = ORIENTED_EDGE('',*,*,#1578,.F.);
#12347 = ORIENTED_EDGE('',*,*,#12348,.T.);
#12348 = EDGE_CURVE('',#1579,#12349,#12351,.T.);
#12349 = VERTEX_POINT('',#12350);
#12350 = CARTESIAN_POINT('',(53.961395079968,-86.42607698011,6.3));
#12351 = LINE('',#12352,#12353);
#12352 = CARTESIAN_POINT('',(53.961395079968,-86.42607698011,1.4));
#12353 = VECTOR('',#12354,1.);
#12354 = DIRECTION('',(0.,0.,1.));
#12355 = ORIENTED_EDGE('',*,*,#12356,.F.);
#12356 = EDGE_CURVE('',#12301,#12349,#12357,.T.);
#12357 = LINE('',#12358,#12359);
#12358 = CARTESIAN_POINT('',(72.348059674672,-81.75462719505,6.3));
#12359 = VECTOR('',#12360,1.);
#12360 = DIRECTION('',(0.969207867867,0.246244002696,0.));
#12361 = ORIENTED_EDGE('',*,*,#12300,.F.);
#12362 = PLANE('',#12363);
#12363 = AXIS2_PLACEMENT_3D('',#12364,#12365,#12366);
#12364 = CARTESIAN_POINT('',(53.961395079968,-86.42607698011,1.4));
#12365 = DIRECTION('',(0.246244002696,-0.969207867867,0.));
#12366 = DIRECTION('',(-0.969207867867,-0.246244002696,0.));
#12367 = ADVANCED_FACE('',(#12368),#12386,.F.);
#12368 = FACE_BOUND('',#12369,.F.);
#12369 = EDGE_LOOP('',(#12370,#12371,#12372,#12380));
#12370 = ORIENTED_EDGE('',*,*,#1610,.F.);
#12371 = ORIENTED_EDGE('',*,*,#12333,.T.);
#12372 = ORIENTED_EDGE('',*,*,#12373,.F.);
#12373 = EDGE_CURVE('',#12374,#12326,#12376,.T.);
#12374 = VERTEX_POINT('',#12375);
#12375 = CARTESIAN_POINT('',(54.643333913865,-86.25573017493,6.3));
#12376 = LINE('',#12377,#12378);
#12377 = CARTESIAN_POINT('',(72.711228623327,-81.81948480457,6.3));
#12378 = VECTOR('',#12379,1.);
#12379 = DIRECTION('',(0.971154885707,0.23844955015,0.));
#12380 = ORIENTED_EDGE('',*,*,#12381,.F.);
#12381 = EDGE_CURVE('',#1603,#12374,#12382,.T.);
#12382 = LINE('',#12383,#12384);
#12383 = CARTESIAN_POINT('',(54.643333913865,-86.25573017493,1.4));
#12384 = VECTOR('',#12385,1.);
#12385 = DIRECTION('',(0.,0.,1.));
#12386 = PLANE('',#12387);
#12387 = AXIS2_PLACEMENT_3D('',#12388,#12389,#12390);
#12388 = CARTESIAN_POINT('',(54.870848824786,-86.19986799583,1.4));
#12389 = DIRECTION('',(0.23844955015,-0.971154885707,0.));
#12390 = DIRECTION('',(-0.971154885707,-0.23844955015,0.));
#12391 = ADVANCED_FACE('',(#12392),#12410,.F.);
#12392 = FACE_BOUND('',#12393,.F.);
#12393 = EDGE_LOOP('',(#12394,#12395,#12403,#12409));
#12394 = ORIENTED_EDGE('',*,*,#1586,.F.);
#12395 = ORIENTED_EDGE('',*,*,#12396,.T.);
#12396 = EDGE_CURVE('',#1587,#12397,#12399,.T.);
#12397 = VERTEX_POINT('',#12398);
#12398 = CARTESIAN_POINT('',(54.188606485284,-86.3688350754,6.3));
#12399 = LINE('',#12400,#12401);
#12400 = CARTESIAN_POINT('',(54.188606485284,-86.3688350754,1.4));
#12401 = VECTOR('',#12402,1.);
#12402 = DIRECTION('',(0.,0.,1.));
#12403 = ORIENTED_EDGE('',*,*,#12404,.F.);
#12404 = EDGE_CURVE('',#12349,#12397,#12405,.T.);
#12405 = LINE('',#12406,#12407);
#12406 = CARTESIAN_POINT('',(72.439153040728,-81.7709318789,6.3));
#12407 = VECTOR('',#12408,1.);
#12408 = DIRECTION('',(0.969700001677,0.244298806275,0.));
#12409 = ORIENTED_EDGE('',*,*,#12348,.F.);
#12410 = PLANE('',#12411);
#12411 = AXIS2_PLACEMENT_3D('',#12412,#12413,#12414);
#12412 = CARTESIAN_POINT('',(54.188606485284,-86.3688350754,1.4));
#12413 = DIRECTION('',(0.244298806275,-0.969700001677,0.));
#12414 = DIRECTION('',(-0.969700001677,-0.244298806275,0.));
#12415 = ADVANCED_FACE('',(#12416),#12434,.F.);
#12416 = FACE_BOUND('',#12417,.F.);
#12417 = EDGE_LOOP('',(#12418,#12419,#12420,#12428));
#12418 = ORIENTED_EDGE('',*,*,#1602,.F.);
#12419 = ORIENTED_EDGE('',*,*,#12381,.T.);
#12420 = ORIENTED_EDGE('',*,*,#12421,.F.);
#12421 = EDGE_CURVE('',#12422,#12374,#12424,.T.);
#12422 = VERTEX_POINT('',#12423);
#12423 = CARTESIAN_POINT('',(54.415919615284,-86.3120526709,6.3));
#12424 = LINE('',#12425,#12426);
#12425 = CARTESIAN_POINT('',(72.620736482861,-81.80336200757,6.3));
#12426 = VECTOR('',#12427,1.);
#12427 = DIRECTION('',(0.970673520288,0.240401574479,0.));
#12428 = ORIENTED_EDGE('',*,*,#12429,.F.);
#12429 = EDGE_CURVE('',#1595,#12422,#12430,.T.);
#12430 = LINE('',#12431,#12432);
#12431 = CARTESIAN_POINT('',(54.415919615284,-86.3120526709,1.4));
#12432 = VECTOR('',#12433,1.);
#12433 = DIRECTION('',(0.,0.,1.));
#12434 = PLANE('',#12435);
#12435 = AXIS2_PLACEMENT_3D('',#12436,#12437,#12438);
#12436 = CARTESIAN_POINT('',(54.643333913865,-86.25573017493,1.4));
#12437 = DIRECTION('',(0.240401574479,-0.970673520288,0.));
#12438 = DIRECTION('',(-0.970673520288,-0.240401574479,0.));
#12439 = ADVANCED_FACE('',(#12440),#12451,.F.);
#12440 = FACE_BOUND('',#12441,.F.);
#12441 = EDGE_LOOP('',(#12442,#12443,#12444,#12450));
#12442 = ORIENTED_EDGE('',*,*,#1594,.F.);
#12443 = ORIENTED_EDGE('',*,*,#12429,.T.);
#12444 = ORIENTED_EDGE('',*,*,#12445,.F.);
#12445 = EDGE_CURVE('',#12397,#12422,#12446,.T.);
#12446 = LINE('',#12447,#12448);
#12447 = CARTESIAN_POINT('',(72.530044967732,-81.78717725814,6.3));
#12448 = VECTOR('',#12449,1.);
#12449 = DIRECTION('',(0.970188555713,0.242351328374,0.));
#12450 = ORIENTED_EDGE('',*,*,#12396,.F.);
#12451 = PLANE('',#12452);
#12452 = AXIS2_PLACEMENT_3D('',#12453,#12454,#12455);
#12453 = CARTESIAN_POINT('',(54.415919615284,-86.3120526709,1.4));
#12454 = DIRECTION('',(0.242351328374,-0.970188555713,0.));
#12455 = DIRECTION('',(-0.970188555713,-0.242351328374,0.));
#12456 = ADVANCED_FACE('',(#12457),#12476,.T.);
#12457 = FACE_BOUND('',#12458,.F.);
#12458 = EDGE_LOOP('',(#12459,#12467,#12474,#12475));
#12459 = ORIENTED_EDGE('',*,*,#12460,.T.);
#12460 = EDGE_CURVE('',#3131,#12461,#12463,.T.);
#12461 = VERTEX_POINT('',#12462);
#12462 = CARTESIAN_POINT('',(31.5,-66.5,3.8));
#12463 = LINE('',#12464,#12465);
#12464 = CARTESIAN_POINT('',(31.5,-66.5,1.4));
#12465 = VECTOR('',#12466,1.);
#12466 = DIRECTION('',(0.,0.,1.));
#12467 = ORIENTED_EDGE('',*,*,#12468,.T.);
#12468 = EDGE_CURVE('',#12461,#12461,#12469,.T.);
#12469 = CIRCLE('',#12470,2.1);
#12470 = AXIS2_PLACEMENT_3D('',#12471,#12472,#12473);
#12471 = CARTESIAN_POINT('',(29.4,-66.5,3.8));
#12472 = DIRECTION('',(0.,0.,1.));
#12473 = DIRECTION('',(1.,0.,0.));
#12474 = ORIENTED_EDGE('',*,*,#12460,.F.);
#12475 = ORIENTED_EDGE('',*,*,#3130,.F.);
#12476 = CYLINDRICAL_SURFACE('',#12477,2.1);
#12477 = AXIS2_PLACEMENT_3D('',#12478,#12479,#12480);
#12478 = CARTESIAN_POINT('',(29.4,-66.5,1.4));
#12479 = DIRECTION('',(-0.,-0.,-1.));
#12480 = DIRECTION('',(1.,0.,0.));
#12481 = ADVANCED_FACE('',(#12482),#12501,.T.);
#12482 = FACE_BOUND('',#12483,.F.);
#12483 = EDGE_LOOP('',(#12484,#12492,#12499,#12500));
#12484 = ORIENTED_EDGE('',*,*,#12485,.T.);
#12485 = EDGE_CURVE('',#3145,#12486,#12488,.T.);
#12486 = VERTEX_POINT('',#12487);
#12487 = CARTESIAN_POINT('',(47.6,-65.5,3.8));
#12488 = LINE('',#12489,#12490);
#12489 = CARTESIAN_POINT('',(47.6,-65.5,1.4));
#12490 = VECTOR('',#12491,1.);
#12491 = DIRECTION('',(0.,0.,1.));
#12492 = ORIENTED_EDGE('',*,*,#12493,.T.);
#12493 = EDGE_CURVE('',#12486,#12486,#12494,.T.);
#12494 = CIRCLE('',#12495,2.1);
#12495 = AXIS2_PLACEMENT_3D('',#12496,#12497,#12498);
#12496 = CARTESIAN_POINT('',(45.5,-65.5,3.8));
#12497 = DIRECTION('',(0.,0.,1.));
#12498 = DIRECTION('',(1.,0.,0.));
#12499 = ORIENTED_EDGE('',*,*,#12485,.F.);
#12500 = ORIENTED_EDGE('',*,*,#3144,.F.);
#12501 = CYLINDRICAL_SURFACE('',#12502,2.1);
#12502 = AXIS2_PLACEMENT_3D('',#12503,#12504,#12505);
#12503 = CARTESIAN_POINT('',(45.5,-65.5,1.4));
#12504 = DIRECTION('',(-0.,-0.,-1.));
#12505 = DIRECTION('',(1.,0.,0.));
#12506 = ADVANCED_FACE('',(#12507),#12526,.T.);
#12507 = FACE_BOUND('',#12508,.F.);
#12508 = EDGE_LOOP('',(#12509,#12517,#12524,#12525));
#12509 = ORIENTED_EDGE('',*,*,#12510,.T.);
#12510 = EDGE_CURVE('',#3156,#12511,#12513,.T.);
#12511 = VERTEX_POINT('',#12512);
#12512 = CARTESIAN_POINT('',(48.85,-52.8,6.3));
#12513 = LINE('',#12514,#12515);
#12514 = CARTESIAN_POINT('',(48.85,-52.8,1.4));
#12515 = VECTOR('',#12516,1.);
#12516 = DIRECTION('',(0.,0.,1.));
#12517 = ORIENTED_EDGE('',*,*,#12518,.T.);
#12518 = EDGE_CURVE('',#12511,#12511,#12519,.T.);
#12519 = CIRCLE('',#12520,1.85);
#12520 = AXIS2_PLACEMENT_3D('',#12521,#12522,#12523);
#12521 = CARTESIAN_POINT('',(47.,-52.8,6.3));
#12522 = DIRECTION('',(0.,0.,1.));
#12523 = DIRECTION('',(1.,0.,0.));
#12524 = ORIENTED_EDGE('',*,*,#12510,.F.);
#12525 = ORIENTED_EDGE('',*,*,#3155,.F.);
#12526 = CYLINDRICAL_SURFACE('',#12527,1.85);
#12527 = AXIS2_PLACEMENT_3D('',#12528,#12529,#12530);
#12528 = CARTESIAN_POINT('',(47.,-52.8,1.4));
#12529 = DIRECTION('',(-0.,-0.,-1.));
#12530 = DIRECTION('',(1.,0.,0.));
#12531 = ADVANCED_FACE('',(#12532),#12551,.T.);
#12532 = FACE_BOUND('',#12533,.F.);
#12533 = EDGE_LOOP('',(#12534,#12542,#12549,#12550));
#12534 = ORIENTED_EDGE('',*,*,#12535,.T.);
#12535 = EDGE_CURVE('',#3167,#12536,#12538,.T.);
#12536 = VERTEX_POINT('',#12537);
#12537 = CARTESIAN_POINT('',(82.3,-61.3,3.8));
#12538 = LINE('',#12539,#12540);
#12539 = CARTESIAN_POINT('',(82.3,-61.3,1.4));
#12540 = VECTOR('',#12541,1.);
#12541 = DIRECTION('',(0.,0.,1.));
#12542 = ORIENTED_EDGE('',*,*,#12543,.T.);
#12543 = EDGE_CURVE('',#12536,#12536,#12544,.T.);
#12544 = CIRCLE('',#12545,2.3);
#12545 = AXIS2_PLACEMENT_3D('',#12546,#12547,#12548);
#12546 = CARTESIAN_POINT('',(80.,-61.3,3.8));
#12547 = DIRECTION('',(0.,0.,1.));
#12548 = DIRECTION('',(1.,0.,0.));
#12549 = ORIENTED_EDGE('',*,*,#12535,.F.);
#12550 = ORIENTED_EDGE('',*,*,#3166,.F.);
#12551 = CYLINDRICAL_SURFACE('',#12552,2.3);
#12552 = AXIS2_PLACEMENT_3D('',#12553,#12554,#12555);
#12553 = CARTESIAN_POINT('',(80.,-61.3,1.4));
#12554 = DIRECTION('',(-0.,-0.,-1.));
#12555 = DIRECTION('',(1.,0.,0.));
#12556 = ADVANCED_FACE('',(#12557),#12576,.T.);
#12557 = FACE_BOUND('',#12558,.F.);
#12558 = EDGE_LOOP('',(#12559,#12567,#12574,#12575));
#12559 = ORIENTED_EDGE('',*,*,#12560,.T.);
#12560 = EDGE_CURVE('',#3178,#12561,#12563,.T.);
#12561 = VERTEX_POINT('',#12562);
#12562 = CARTESIAN_POINT('',(123.4,-37.5,3.8));
#12563 = LINE('',#12564,#12565);
#12564 = CARTESIAN_POINT('',(123.4,-37.5,1.4));
#12565 = VECTOR('',#12566,1.);
#12566 = DIRECTION('',(0.,0.,1.));
#12567 = ORIENTED_EDGE('',*,*,#12568,.T.);
#12568 = EDGE_CURVE('',#12561,#12561,#12569,.T.);
#12569 = CIRCLE('',#12570,2.1);
#12570 = AXIS2_PLACEMENT_3D('',#12571,#12572,#12573);
#12571 = CARTESIAN_POINT('',(121.3,-37.5,3.8));
#12572 = DIRECTION('',(0.,0.,1.));
#12573 = DIRECTION('',(1.,0.,0.));
#12574 = ORIENTED_EDGE('',*,*,#12560,.F.);
#12575 = ORIENTED_EDGE('',*,*,#3177,.F.);
#12576 = CYLINDRICAL_SURFACE('',#12577,2.1);
#12577 = AXIS2_PLACEMENT_3D('',#12578,#12579,#12580);
#12578 = CARTESIAN_POINT('',(121.3,-37.5,1.4));
#12579 = DIRECTION('',(-0.,-0.,-1.));
#12580 = DIRECTION('',(1.,0.,0.));
#12581 = ADVANCED_FACE('',(#12582),#12601,.T.);
#12582 = FACE_BOUND('',#12583,.F.);
#12583 = EDGE_LOOP('',(#12584,#12592,#12599,#12600));
#12584 = ORIENTED_EDGE('',*,*,#12585,.T.);
#12585 = EDGE_CURVE('',#3189,#12586,#12588,.T.);
#12586 = VERTEX_POINT('',#12587);
#12587 = CARTESIAN_POINT('',(104.8,-20.5,3.8));
#12588 = LINE('',#12589,#12590);
#12589 = CARTESIAN_POINT('',(104.8,-20.5,1.4));
#12590 = VECTOR('',#12591,1.);
#12591 = DIRECTION('',(0.,0.,1.));
#12592 = ORIENTED_EDGE('',*,*,#12593,.T.);
#12593 = EDGE_CURVE('',#12586,#12586,#12594,.T.);
#12594 = CIRCLE('',#12595,1.8);
#12595 = AXIS2_PLACEMENT_3D('',#12596,#12597,#12598);
#12596 = CARTESIAN_POINT('',(103.,-20.5,3.8));
#12597 = DIRECTION('',(0.,0.,1.));
#12598 = DIRECTION('',(1.,0.,0.));
#12599 = ORIENTED_EDGE('',*,*,#12585,.F.);
#12600 = ORIENTED_EDGE('',*,*,#3188,.F.);
#12601 = CYLINDRICAL_SURFACE('',#12602,1.8);
#12602 = AXIS2_PLACEMENT_3D('',#12603,#12604,#12605);
#12603 = CARTESIAN_POINT('',(103.,-20.5,1.4));
#12604 = DIRECTION('',(-0.,-0.,-1.));
#12605 = DIRECTION('',(1.,0.,0.));
#12606 = ADVANCED_FACE('',(#12607),#12626,.T.);
#12607 = FACE_BOUND('',#12608,.F.);
#12608 = EDGE_LOOP('',(#12609,#12617,#12624,#12625));
#12609 = ORIENTED_EDGE('',*,*,#12610,.T.);
#12610 = EDGE_CURVE('',#3209,#12611,#12613,.T.);
#12611 = VERTEX_POINT('',#12612);
#12612 = CARTESIAN_POINT('',(38.6,-64.7,6.6));
#12613 = LINE('',#12614,#12615);
#12614 = CARTESIAN_POINT('',(38.6,-64.7,6.3));
#12615 = VECTOR('',#12616,1.);
#12616 = DIRECTION('',(0.,0.,1.));
#12617 = ORIENTED_EDGE('',*,*,#12618,.T.);
#12618 = EDGE_CURVE('',#12611,#12611,#12619,.T.);
#12619 = CIRCLE('',#12620,1.4);
#12620 = AXIS2_PLACEMENT_3D('',#12621,#12622,#12623);
#12621 = CARTESIAN_POINT('',(37.2,-64.7,6.6));
#12622 = DIRECTION('',(0.,0.,1.));
#12623 = DIRECTION('',(1.,0.,0.));
#12624 = ORIENTED_EDGE('',*,*,#12610,.F.);
#12625 = ORIENTED_EDGE('',*,*,#3208,.F.);
#12626 = CYLINDRICAL_SURFACE('',#12627,1.4);
#12627 = AXIS2_PLACEMENT_3D('',#12628,#12629,#12630);
#12628 = CARTESIAN_POINT('',(37.2,-64.7,6.3));
#12629 = DIRECTION('',(-0.,-0.,-1.));
#12630 = DIRECTION('',(1.,0.,0.));
#12631 = ADVANCED_FACE('',(#12632,#13365),#13394,.T.);
#12632 = FACE_BOUND('',#12633,.T.);
#12633 = EDGE_LOOP('',(#12634,#12644,#12653,#12661,#12670,#12678,#12687,
    #12695,#12704,#12712,#12721,#12729,#12738,#12746,#12755,#12763,
    #12772,#12780,#12789,#12797,#12806,#12814,#12823,#12831,#12840,
    #12848,#12854,#12855,#12856,#12857,#12858,#12859,#12860,#12861,
    #12862,#12863,#12864,#12865,#12866,#12867,#12868,#12869,#12870,
    #12871,#12872,#12873,#12874,#12875,#12876,#12877,#12878,#12879,
    #12880,#12881,#12882,#12883,#12884,#12885,#12886,#12887,#12888,
    #12889,#12890,#12891,#12892,#12893,#12894,#12895,#12896,#12897,
    #12898,#12899,#12900,#12901,#12902,#12903,#12904,#12905,#12906,
    #12907,#12908,#12909,#12910,#12911,#12912,#12913,#12914,#12915,
    #12916,#12917,#12918,#12919,#12920,#12921,#12922,#12923,#12924,
    #12925,#12926,#12927,#12928,#12929,#12930,#12931,#12932,#12933,
    #12934,#12935,#12936,#12937,#12938,#12939,#12940,#12941,#12942,
    #12943,#12944,#12945,#12946,#12947,#12948,#12949,#12950,#12951,
    #12952,#12953,#12954,#12955,#12956,#12957,#12958,#12959,#12960,
    #12961,#12962,#12963,#12964,#12965,#12966,#12967,#12968,#12969,
    #12970,#12971,#12972,#12973,#12974,#12975,#12976,#12977,#12978,
    #12979,#12980,#12981,#12982,#12983,#12984,#12985,#12986,#12987,
    #12988,#12989,#12990,#12991,#12992,#12993,#12994,#12995,#12996,
    #12997,#12998,#12999,#13000,#13001,#13002,#13003,#13004,#13005,
    #13006,#13007,#13008,#13009,#13010,#13011,#13012,#13013,#13014,
    #13015,#13016,#13017,#13018,#13019,#13020,#13021,#13022,#13023,
    #13024,#13025,#13026,#13027,#13028,#13029,#13030,#13031,#13032,
    #13033,#13034,#13035,#13036,#13037,#13038,#13039,#13040,#13041,
    #13042,#13043,#13044,#13045,#13046,#13047,#13048,#13049,#13050,
    #13051,#13052,#13053,#13054,#13055,#13056,#13057,#13058,#13059,
    #13060,#13061,#13062,#13063,#13064,#13065,#13066,#13067,#13068,
    #13069,#13070,#13071,#13072,#13073,#13074,#13075,#13076,#13077,
    #13078,#13079,#13080,#13081,#13082,#13083,#13084,#13085,#13086,
    #13087,#13088,#13089,#13090,#13091,#13092,#13093,#13094,#13095,
    #13096,#13097,#13098,#13099,#13100,#13101,#13102,#13103,#13104,
    #13105,#13106,#13107,#13108,#13109,#13110,#13111,#13112,#13113,
    #13114,#13115,#13116,#13117,#13118,#13119,#13120,#13121,#13122,
    #13123,#13124,#13125,#13126,#13127,#13128,#13129,#13130,#13131,
    #13132,#13133,#13134,#13135,#13136,#13137,#13138,#13139,#13140,
    #13141,#13142,#13143,#13144,#13145,#13146,#13147,#13148,#13149,
    #13150,#13151,#13152,#13153,#13154,#13155,#13156,#13157,#13158,
    #13159,#13160,#13161,#13162,#13163,#13164,#13165,#13166,#13167,
    #13168,#13169,#13170,#13171,#13172,#13173,#13174,#13175,#13176,
    #13177,#13178,#13179,#13180,#13181,#13182,#13183,#13184,#13185,
    #13186,#13187,#13188,#13189,#13190,#13191,#13192,#13193,#13194,
    #13195,#13196,#13197,#13198,#13199,#13200,#13201,#13202,#13203,
    #13204,#13205,#13206,#13207,#13208,#13209,#13210,#13211,#13212,
    #13213,#13214,#13215,#13216,#13217,#13218,#13219,#13220,#13221,
    #13222,#13223,#13224,#13225,#13226,#13227,#13228,#13229,#13230,
    #13231,#13232,#13233,#13234,#13235,#13236,#13237,#13238,#13239,
    #13247,#13255,#13264,#13272,#13281,#13290,#13299,#13307,#13316,
    #13324,#13333,#13341,#13350,#13358));
#12634 = ORIENTED_EDGE('',*,*,#12635,.T.);
#12635 = EDGE_CURVE('',#12636,#12638,#12640,.T.);
#12636 = VERTEX_POINT('',#12637);
#12637 = CARTESIAN_POINT('',(141.75,-73.95,6.3));
#12638 = VERTEX_POINT('',#12639);
#12639 = CARTESIAN_POINT('',(141.75,-18.05,6.3));
#12640 = LINE('',#12641,#12642);
#12641 = CARTESIAN_POINT('',(141.75,-73.95,6.3));
#12642 = VECTOR('',#12643,1.);
#12643 = DIRECTION('',(0.,1.,0.));
#12644 = ORIENTED_EDGE('',*,*,#12645,.T.);
#12645 = EDGE_CURVE('',#12638,#12646,#12648,.T.);
#12646 = VERTEX_POINT('',#12647);
#12647 = CARTESIAN_POINT('',(140.95,-17.25,6.3));
#12648 = CIRCLE('',#12649,0.8);
#12649 = AXIS2_PLACEMENT_3D('',#12650,#12651,#12652);
#12650 = CARTESIAN_POINT('',(140.95,-18.05,6.3));
#12651 = DIRECTION('',(0.,-0.,1.));
#12652 = DIRECTION('',(1.,1.33226762955E-14,0.));
#12653 = ORIENTED_EDGE('',*,*,#12654,.T.);
#12654 = EDGE_CURVE('',#12646,#12655,#12657,.T.);
#12655 = VERTEX_POINT('',#12656);
#12656 = CARTESIAN_POINT('',(124.55,-17.25,6.3));
#12657 = LINE('',#12658,#12659);
#12658 = CARTESIAN_POINT('',(140.95,-17.25,6.3));
#12659 = VECTOR('',#12660,1.);
#12660 = DIRECTION('',(-1.,0.,0.));
#12661 = ORIENTED_EDGE('',*,*,#12662,.T.);
#12662 = EDGE_CURVE('',#12655,#12663,#12665,.T.);
#12663 = VERTEX_POINT('',#12664);
#12664 = CARTESIAN_POINT('',(123.75,-16.45,6.3));
#12665 = CIRCLE('',#12666,0.8);
#12666 = AXIS2_PLACEMENT_3D('',#12667,#12668,#12669);
#12667 = CARTESIAN_POINT('',(124.55,-16.45,6.3));
#12668 = DIRECTION('',(0.,0.,-1.));
#12669 = DIRECTION('',(0.,-1.,0.));
#12670 = ORIENTED_EDGE('',*,*,#12671,.T.);
#12671 = EDGE_CURVE('',#12663,#12672,#12674,.T.);
#12672 = VERTEX_POINT('',#12673);
#12673 = CARTESIAN_POINT('',(123.75,-6.05,6.3));
#12674 = LINE('',#12675,#12676);
#12675 = CARTESIAN_POINT('',(123.75,-16.45,6.3));
#12676 = VECTOR('',#12677,1.);
#12677 = DIRECTION('',(0.,1.,0.));
#12678 = ORIENTED_EDGE('',*,*,#12679,.T.);
#12679 = EDGE_CURVE('',#12672,#12680,#12682,.T.);
#12680 = VERTEX_POINT('',#12681);
#12681 = CARTESIAN_POINT('',(122.95,-5.25,6.3));
#12682 = CIRCLE('',#12683,0.8);
#12683 = AXIS2_PLACEMENT_3D('',#12684,#12685,#12686);
#12684 = CARTESIAN_POINT('',(122.95,-6.05,6.3));
#12685 = DIRECTION('',(0.,-0.,1.));
#12686 = DIRECTION('',(1.,1.110223024625E-15,0.));
#12687 = ORIENTED_EDGE('',*,*,#12688,.T.);
#12688 = EDGE_CURVE('',#12680,#12689,#12691,.T.);
#12689 = VERTEX_POINT('',#12690);
#12690 = CARTESIAN_POINT('',(106.55,-5.25,6.3));
#12691 = LINE('',#12692,#12693);
#12692 = CARTESIAN_POINT('',(122.95,-5.25,6.3));
#12693 = VECTOR('',#12694,1.);
#12694 = DIRECTION('',(-1.,0.,0.));
#12695 = ORIENTED_EDGE('',*,*,#12696,.T.);
#12696 = EDGE_CURVE('',#12689,#12697,#12699,.T.);
#12697 = VERTEX_POINT('',#12698);
#12698 = CARTESIAN_POINT('',(105.75,-4.45,6.3));
#12699 = CIRCLE('',#12700,0.8);
#12700 = AXIS2_PLACEMENT_3D('',#12701,#12702,#12703);
#12701 = CARTESIAN_POINT('',(106.55,-4.45,6.3));
#12702 = DIRECTION('',(0.,0.,-1.));
#12703 = DIRECTION('',(0.,-1.,0.));
#12704 = ORIENTED_EDGE('',*,*,#12705,.T.);
#12705 = EDGE_CURVE('',#12697,#12706,#12708,.T.);
#12706 = VERTEX_POINT('',#12707);
#12707 = CARTESIAN_POINT('',(105.75,-1.05,6.3));
#12708 = LINE('',#12709,#12710);
#12709 = CARTESIAN_POINT('',(105.75,-4.45,6.3));
#12710 = VECTOR('',#12711,1.);
#12711 = DIRECTION('',(0.,1.,0.));
#12712 = ORIENTED_EDGE('',*,*,#12713,.T.);
#12713 = EDGE_CURVE('',#12706,#12714,#12716,.T.);
#12714 = VERTEX_POINT('',#12715);
#12715 = CARTESIAN_POINT('',(104.95,-0.25,6.3));
#12716 = CIRCLE('',#12717,0.8);
#12717 = AXIS2_PLACEMENT_3D('',#12718,#12719,#12720);
#12718 = CARTESIAN_POINT('',(104.95,-1.05,6.3));
#12719 = DIRECTION('',(0.,-0.,1.));
#12720 = DIRECTION('',(1.,8.326672684689E-16,0.));
#12721 = ORIENTED_EDGE('',*,*,#12722,.T.);
#12722 = EDGE_CURVE('',#12714,#12723,#12725,.T.);
#12723 = VERTEX_POINT('',#12724);
#12724 = CARTESIAN_POINT('',(83.05,-0.25,6.3));
#12725 = LINE('',#12726,#12727);
#12726 = CARTESIAN_POINT('',(104.95,-0.25,6.3));
#12727 = VECTOR('',#12728,1.);
#12728 = DIRECTION('',(-1.,0.,0.));
#12729 = ORIENTED_EDGE('',*,*,#12730,.T.);
#12730 = EDGE_CURVE('',#12723,#12731,#12733,.T.);
#12731 = VERTEX_POINT('',#12732);
#12732 = CARTESIAN_POINT('',(82.25,-1.05,6.3));
#12733 = CIRCLE('',#12734,0.8);
#12734 = AXIS2_PLACEMENT_3D('',#12735,#12736,#12737);
#12735 = CARTESIAN_POINT('',(83.05,-1.05,6.3));
#12736 = DIRECTION('',(0.,-0.,1.));
#12737 = DIRECTION('',(0.,1.,0.));
#12738 = ORIENTED_EDGE('',*,*,#12739,.T.);
#12739 = EDGE_CURVE('',#12731,#12740,#12742,.T.);
#12740 = VERTEX_POINT('',#12741);
#12741 = CARTESIAN_POINT('',(82.25,-4.45,6.3));
#12742 = LINE('',#12743,#12744);
#12743 = CARTESIAN_POINT('',(82.25,-1.05,6.3));
#12744 = VECTOR('',#12745,1.);
#12745 = DIRECTION('',(0.,-1.,0.));
#12746 = ORIENTED_EDGE('',*,*,#12747,.T.);
#12747 = EDGE_CURVE('',#12740,#12748,#12750,.T.);
#12748 = VERTEX_POINT('',#12749);
#12749 = CARTESIAN_POINT('',(81.45,-5.25,6.3));
#12750 = CIRCLE('',#12751,0.8);
#12751 = AXIS2_PLACEMENT_3D('',#12752,#12753,#12754);
#12752 = CARTESIAN_POINT('',(81.45,-4.45,6.3));
#12753 = DIRECTION('',(0.,0.,-1.));
#12754 = DIRECTION('',(1.,-1.110223024625E-15,0.));
#12755 = ORIENTED_EDGE('',*,*,#12756,.T.);
#12756 = EDGE_CURVE('',#12748,#12757,#12759,.T.);
#12757 = VERTEX_POINT('',#12758);
#12758 = CARTESIAN_POINT('',(65.05,-5.25,6.3));
#12759 = LINE('',#12760,#12761);
#12760 = CARTESIAN_POINT('',(81.45,-5.25,6.3));
#12761 = VECTOR('',#12762,1.);
#12762 = DIRECTION('',(-1.,0.,0.));
#12763 = ORIENTED_EDGE('',*,*,#12764,.T.);
#12764 = EDGE_CURVE('',#12757,#12765,#12767,.T.);
#12765 = VERTEX_POINT('',#12766);
#12766 = CARTESIAN_POINT('',(64.25,-6.05,6.3));
#12767 = CIRCLE('',#12768,0.8);
#12768 = AXIS2_PLACEMENT_3D('',#12769,#12770,#12771);
#12769 = CARTESIAN_POINT('',(65.05,-6.05,6.3));
#12770 = DIRECTION('',(0.,-0.,1.));
#12771 = DIRECTION('',(0.,1.,0.));
#12772 = ORIENTED_EDGE('',*,*,#12773,.T.);
#12773 = EDGE_CURVE('',#12765,#12774,#12776,.T.);
#12774 = VERTEX_POINT('',#12775);
#12775 = CARTESIAN_POINT('',(64.25,-6.45,6.3));
#12776 = LINE('',#12777,#12778);
#12777 = CARTESIAN_POINT('',(64.25,-6.05,6.3));
#12778 = VECTOR('',#12779,1.);
#12779 = DIRECTION('',(0.,-1.,0.));
#12780 = ORIENTED_EDGE('',*,*,#12781,.T.);
#12781 = EDGE_CURVE('',#12774,#12782,#12784,.T.);
#12782 = VERTEX_POINT('',#12783);
#12783 = CARTESIAN_POINT('',(63.45,-7.25,6.3));
#12784 = CIRCLE('',#12785,0.8);
#12785 = AXIS2_PLACEMENT_3D('',#12786,#12787,#12788);
#12786 = CARTESIAN_POINT('',(63.45,-6.45,6.3));
#12787 = DIRECTION('',(0.,0.,-1.));
#12788 = DIRECTION('',(1.,-1.110223024625E-15,0.));
#12789 = ORIENTED_EDGE('',*,*,#12790,.T.);
#12790 = EDGE_CURVE('',#12782,#12791,#12793,.T.);
#12791 = VERTEX_POINT('',#12792);
#12792 = CARTESIAN_POINT('',(47.05,-7.25,6.3));
#12793 = LINE('',#12794,#12795);
#12794 = CARTESIAN_POINT('',(63.45,-7.25,6.3));
#12795 = VECTOR('',#12796,1.);
#12796 = DIRECTION('',(-1.,0.,0.));
#12797 = ORIENTED_EDGE('',*,*,#12798,.T.);
#12798 = EDGE_CURVE('',#12791,#12799,#12801,.T.);
#12799 = VERTEX_POINT('',#12800);
#12800 = CARTESIAN_POINT('',(46.25,-8.05,6.3));
#12801 = CIRCLE('',#12802,0.8);
#12802 = AXIS2_PLACEMENT_3D('',#12803,#12804,#12805);
#12803 = CARTESIAN_POINT('',(47.05,-8.05,6.3));
#12804 = DIRECTION('',(0.,-0.,1.));
#12805 = DIRECTION('',(0.,1.,0.));
#12806 = ORIENTED_EDGE('',*,*,#12807,.T.);
#12807 = EDGE_CURVE('',#12799,#12808,#12810,.T.);
#12808 = VERTEX_POINT('',#12809);
#12809 = CARTESIAN_POINT('',(46.25,-10.2,6.3));
#12810 = LINE('',#12811,#12812);
#12811 = CARTESIAN_POINT('',(46.25,-8.05,6.3));
#12812 = VECTOR('',#12813,1.);
#12813 = DIRECTION('',(0.,-1.,0.));
#12814 = ORIENTED_EDGE('',*,*,#12815,.T.);
#12815 = EDGE_CURVE('',#12808,#12816,#12818,.T.);
#12816 = VERTEX_POINT('',#12817);
#12817 = CARTESIAN_POINT('',(45.45,-11.,6.3));
#12818 = CIRCLE('',#12819,0.8);
#12819 = AXIS2_PLACEMENT_3D('',#12820,#12821,#12822);
#12820 = CARTESIAN_POINT('',(45.45,-10.2,6.3));
#12821 = DIRECTION('',(0.,0.,-1.));
#12822 = DIRECTION('',(1.,2.22044604925E-15,0.));
#12823 = ORIENTED_EDGE('',*,*,#12824,.T.);
#12824 = EDGE_CURVE('',#12816,#12825,#12827,.T.);
#12825 = VERTEX_POINT('',#12826);
#12826 = CARTESIAN_POINT('',(25.8,-11.,6.3));
#12827 = LINE('',#12828,#12829);
#12828 = CARTESIAN_POINT('',(45.45,-11.,6.3));
#12829 = VECTOR('',#12830,1.);
#12830 = DIRECTION('',(-1.,0.,0.));
#12831 = ORIENTED_EDGE('',*,*,#12832,.T.);
#12832 = EDGE_CURVE('',#12825,#12833,#12835,.T.);
#12833 = VERTEX_POINT('',#12834);
#12834 = CARTESIAN_POINT('',(25.,-11.8,6.3));
#12835 = CIRCLE('',#12836,0.8);
#12836 = AXIS2_PLACEMENT_3D('',#12837,#12838,#12839);
#12837 = CARTESIAN_POINT('',(25.8,-11.8,6.3));
#12838 = DIRECTION('',(0.,0.,1.));
#12839 = DIRECTION('',(-1.33226762955E-14,1.,0.));
#12840 = ORIENTED_EDGE('',*,*,#12841,.T.);
#12841 = EDGE_CURVE('',#12833,#12842,#12844,.T.);
#12842 = VERTEX_POINT('',#12843);
#12843 = CARTESIAN_POINT('',(25.,-55.4,6.3));
#12844 = LINE('',#12845,#12846);
#12845 = CARTESIAN_POINT('',(25.,-11.8,6.3));
#12846 = VECTOR('',#12847,1.);
#12847 = DIRECTION('',(0.,-1.,0.));
#12848 = ORIENTED_EDGE('',*,*,#12849,.F.);
#12849 = EDGE_CURVE('',#7741,#12842,#12850,.T.);
#12850 = LINE('',#12851,#12852);
#12851 = CARTESIAN_POINT('',(51.34133801642,-55.4,6.3));
#12852 = VECTOR('',#12853,1.);
#12853 = DIRECTION('',(-1.,0.,0.));
#12854 = ORIENTED_EDGE('',*,*,#7748,.F.);
#12855 = ORIENTED_EDGE('',*,*,#7632,.T.);
#12856 = ORIENTED_EDGE('',*,*,#7641,.T.);
#12857 = ORIENTED_EDGE('',*,*,#7585,.F.);
#12858 = ORIENTED_EDGE('',*,*,#7537,.F.);
#12859 = ORIENTED_EDGE('',*,*,#7489,.F.);
#12860 = ORIENTED_EDGE('',*,*,#7441,.F.);
#12861 = ORIENTED_EDGE('',*,*,#7393,.F.);
#12862 = ORIENTED_EDGE('',*,*,#7345,.F.);
#12863 = ORIENTED_EDGE('',*,*,#7297,.F.);
#12864 = ORIENTED_EDGE('',*,*,#7249,.F.);
#12865 = ORIENTED_EDGE('',*,*,#7201,.F.);
#12866 = ORIENTED_EDGE('',*,*,#7153,.F.);
#12867 = ORIENTED_EDGE('',*,*,#7105,.F.);
#12868 = ORIENTED_EDGE('',*,*,#7057,.F.);
#12869 = ORIENTED_EDGE('',*,*,#7009,.F.);
#12870 = ORIENTED_EDGE('',*,*,#6961,.F.);
#12871 = ORIENTED_EDGE('',*,*,#6913,.F.);
#12872 = ORIENTED_EDGE('',*,*,#6865,.F.);
#12873 = ORIENTED_EDGE('',*,*,#6817,.F.);
#12874 = ORIENTED_EDGE('',*,*,#6769,.F.);
#12875 = ORIENTED_EDGE('',*,*,#6721,.F.);
#12876 = ORIENTED_EDGE('',*,*,#6673,.F.);
#12877 = ORIENTED_EDGE('',*,*,#6625,.F.);
#12878 = ORIENTED_EDGE('',*,*,#6577,.F.);
#12879 = ORIENTED_EDGE('',*,*,#6529,.F.);
#12880 = ORIENTED_EDGE('',*,*,#6481,.F.);
#12881 = ORIENTED_EDGE('',*,*,#6433,.F.);
#12882 = ORIENTED_EDGE('',*,*,#6385,.F.);
#12883 = ORIENTED_EDGE('',*,*,#6337,.F.);
#12884 = ORIENTED_EDGE('',*,*,#6289,.F.);
#12885 = ORIENTED_EDGE('',*,*,#6241,.F.);
#12886 = ORIENTED_EDGE('',*,*,#6193,.F.);
#12887 = ORIENTED_EDGE('',*,*,#6145,.F.);
#12888 = ORIENTED_EDGE('',*,*,#6097,.F.);
#12889 = ORIENTED_EDGE('',*,*,#6049,.F.);
#12890 = ORIENTED_EDGE('',*,*,#6001,.F.);
#12891 = ORIENTED_EDGE('',*,*,#5953,.F.);
#12892 = ORIENTED_EDGE('',*,*,#5905,.F.);
#12893 = ORIENTED_EDGE('',*,*,#5857,.F.);
#12894 = ORIENTED_EDGE('',*,*,#5809,.F.);
#12895 = ORIENTED_EDGE('',*,*,#5761,.F.);
#12896 = ORIENTED_EDGE('',*,*,#5713,.F.);
#12897 = ORIENTED_EDGE('',*,*,#5665,.F.);
#12898 = ORIENTED_EDGE('',*,*,#5617,.F.);
#12899 = ORIENTED_EDGE('',*,*,#5569,.F.);
#12900 = ORIENTED_EDGE('',*,*,#5521,.F.);
#12901 = ORIENTED_EDGE('',*,*,#5473,.F.);
#12902 = ORIENTED_EDGE('',*,*,#5425,.F.);
#12903 = ORIENTED_EDGE('',*,*,#5377,.F.);
#12904 = ORIENTED_EDGE('',*,*,#5329,.F.);
#12905 = ORIENTED_EDGE('',*,*,#5281,.F.);
#12906 = ORIENTED_EDGE('',*,*,#5233,.F.);
#12907 = ORIENTED_EDGE('',*,*,#5185,.F.);
#12908 = ORIENTED_EDGE('',*,*,#5137,.F.);
#12909 = ORIENTED_EDGE('',*,*,#5089,.F.);
#12910 = ORIENTED_EDGE('',*,*,#5041,.F.);
#12911 = ORIENTED_EDGE('',*,*,#4993,.F.);
#12912 = ORIENTED_EDGE('',*,*,#4945,.F.);
#12913 = ORIENTED_EDGE('',*,*,#4897,.F.);
#12914 = ORIENTED_EDGE('',*,*,#4849,.F.);
#12915 = ORIENTED_EDGE('',*,*,#4801,.F.);
#12916 = ORIENTED_EDGE('',*,*,#4753,.F.);
#12917 = ORIENTED_EDGE('',*,*,#4705,.F.);
#12918 = ORIENTED_EDGE('',*,*,#4657,.F.);
#12919 = ORIENTED_EDGE('',*,*,#4609,.F.);
#12920 = ORIENTED_EDGE('',*,*,#4561,.F.);
#12921 = ORIENTED_EDGE('',*,*,#4513,.F.);
#12922 = ORIENTED_EDGE('',*,*,#4465,.F.);
#12923 = ORIENTED_EDGE('',*,*,#4417,.F.);
#12924 = ORIENTED_EDGE('',*,*,#4369,.F.);
#12925 = ORIENTED_EDGE('',*,*,#4321,.F.);
#12926 = ORIENTED_EDGE('',*,*,#4273,.F.);
#12927 = ORIENTED_EDGE('',*,*,#4225,.F.);
#12928 = ORIENTED_EDGE('',*,*,#4177,.F.);
#12929 = ORIENTED_EDGE('',*,*,#4129,.F.);
#12930 = ORIENTED_EDGE('',*,*,#4081,.F.);
#12931 = ORIENTED_EDGE('',*,*,#4033,.F.);
#12932 = ORIENTED_EDGE('',*,*,#3985,.F.);
#12933 = ORIENTED_EDGE('',*,*,#3937,.F.);
#12934 = ORIENTED_EDGE('',*,*,#3889,.F.);
#12935 = ORIENTED_EDGE('',*,*,#3841,.F.);
#12936 = ORIENTED_EDGE('',*,*,#3793,.F.);
#12937 = ORIENTED_EDGE('',*,*,#3745,.F.);
#12938 = ORIENTED_EDGE('',*,*,#3697,.F.);
#12939 = ORIENTED_EDGE('',*,*,#3649,.F.);
#12940 = ORIENTED_EDGE('',*,*,#3601,.F.);
#12941 = ORIENTED_EDGE('',*,*,#3553,.F.);
#12942 = ORIENTED_EDGE('',*,*,#3505,.F.);
#12943 = ORIENTED_EDGE('',*,*,#3457,.F.);
#12944 = ORIENTED_EDGE('',*,*,#3409,.F.);
#12945 = ORIENTED_EDGE('',*,*,#3361,.F.);
#12946 = ORIENTED_EDGE('',*,*,#3313,.F.);
#12947 = ORIENTED_EDGE('',*,*,#3265,.F.);
#12948 = ORIENTED_EDGE('',*,*,#3234,.F.);
#12949 = ORIENTED_EDGE('',*,*,#3282,.F.);
#12950 = ORIENTED_EDGE('',*,*,#3330,.F.);
#12951 = ORIENTED_EDGE('',*,*,#3378,.F.);
#12952 = ORIENTED_EDGE('',*,*,#3426,.F.);
#12953 = ORIENTED_EDGE('',*,*,#3474,.F.);
#12954 = ORIENTED_EDGE('',*,*,#3522,.F.);
#12955 = ORIENTED_EDGE('',*,*,#3570,.F.);
#12956 = ORIENTED_EDGE('',*,*,#3618,.F.);
#12957 = ORIENTED_EDGE('',*,*,#3666,.F.);
#12958 = ORIENTED_EDGE('',*,*,#3714,.F.);
#12959 = ORIENTED_EDGE('',*,*,#3762,.F.);
#12960 = ORIENTED_EDGE('',*,*,#3810,.F.);
#12961 = ORIENTED_EDGE('',*,*,#3858,.F.);
#12962 = ORIENTED_EDGE('',*,*,#3906,.F.);
#12963 = ORIENTED_EDGE('',*,*,#3954,.F.);
#12964 = ORIENTED_EDGE('',*,*,#4002,.F.);
#12965 = ORIENTED_EDGE('',*,*,#4050,.F.);
#12966 = ORIENTED_EDGE('',*,*,#4098,.F.);
#12967 = ORIENTED_EDGE('',*,*,#4146,.F.);
#12968 = ORIENTED_EDGE('',*,*,#4194,.F.);
#12969 = ORIENTED_EDGE('',*,*,#4242,.F.);
#12970 = ORIENTED_EDGE('',*,*,#4290,.F.);
#12971 = ORIENTED_EDGE('',*,*,#4338,.F.);
#12972 = ORIENTED_EDGE('',*,*,#4386,.F.);
#12973 = ORIENTED_EDGE('',*,*,#4434,.F.);
#12974 = ORIENTED_EDGE('',*,*,#4482,.F.);
#12975 = ORIENTED_EDGE('',*,*,#4530,.F.);
#12976 = ORIENTED_EDGE('',*,*,#4578,.F.);
#12977 = ORIENTED_EDGE('',*,*,#4626,.F.);
#12978 = ORIENTED_EDGE('',*,*,#4674,.F.);
#12979 = ORIENTED_EDGE('',*,*,#4722,.F.);
#12980 = ORIENTED_EDGE('',*,*,#4770,.F.);
#12981 = ORIENTED_EDGE('',*,*,#4818,.F.);
#12982 = ORIENTED_EDGE('',*,*,#4866,.F.);
#12983 = ORIENTED_EDGE('',*,*,#4914,.F.);
#12984 = ORIENTED_EDGE('',*,*,#4962,.F.);
#12985 = ORIENTED_EDGE('',*,*,#5010,.F.);
#12986 = ORIENTED_EDGE('',*,*,#5058,.F.);
#12987 = ORIENTED_EDGE('',*,*,#5106,.F.);
#12988 = ORIENTED_EDGE('',*,*,#5154,.F.);
#12989 = ORIENTED_EDGE('',*,*,#5202,.F.);
#12990 = ORIENTED_EDGE('',*,*,#5250,.F.);
#12991 = ORIENTED_EDGE('',*,*,#5298,.F.);
#12992 = ORIENTED_EDGE('',*,*,#5346,.F.);
#12993 = ORIENTED_EDGE('',*,*,#5394,.F.);
#12994 = ORIENTED_EDGE('',*,*,#5442,.F.);
#12995 = ORIENTED_EDGE('',*,*,#5490,.F.);
#12996 = ORIENTED_EDGE('',*,*,#5538,.F.);
#12997 = ORIENTED_EDGE('',*,*,#5586,.F.);
#12998 = ORIENTED_EDGE('',*,*,#5634,.F.);
#12999 = ORIENTED_EDGE('',*,*,#5682,.F.);
#13000 = ORIENTED_EDGE('',*,*,#5730,.F.);
#13001 = ORIENTED_EDGE('',*,*,#5778,.F.);
#13002 = ORIENTED_EDGE('',*,*,#5826,.F.);
#13003 = ORIENTED_EDGE('',*,*,#5874,.F.);
#13004 = ORIENTED_EDGE('',*,*,#5922,.F.);
#13005 = ORIENTED_EDGE('',*,*,#5970,.F.);
#13006 = ORIENTED_EDGE('',*,*,#6018,.F.);
#13007 = ORIENTED_EDGE('',*,*,#6066,.F.);
#13008 = ORIENTED_EDGE('',*,*,#6114,.F.);
#13009 = ORIENTED_EDGE('',*,*,#6162,.F.);
#13010 = ORIENTED_EDGE('',*,*,#6210,.F.);
#13011 = ORIENTED_EDGE('',*,*,#6258,.F.);
#13012 = ORIENTED_EDGE('',*,*,#6306,.F.);
#13013 = ORIENTED_EDGE('',*,*,#6354,.F.);
#13014 = ORIENTED_EDGE('',*,*,#6402,.F.);
#13015 = ORIENTED_EDGE('',*,*,#6450,.F.);
#13016 = ORIENTED_EDGE('',*,*,#6498,.F.);
#13017 = ORIENTED_EDGE('',*,*,#6546,.F.);
#13018 = ORIENTED_EDGE('',*,*,#6594,.F.);
#13019 = ORIENTED_EDGE('',*,*,#6642,.F.);
#13020 = ORIENTED_EDGE('',*,*,#6690,.F.);
#13021 = ORIENTED_EDGE('',*,*,#6738,.F.);
#13022 = ORIENTED_EDGE('',*,*,#6786,.F.);
#13023 = ORIENTED_EDGE('',*,*,#6834,.F.);
#13024 = ORIENTED_EDGE('',*,*,#6882,.F.);
#13025 = ORIENTED_EDGE('',*,*,#6930,.F.);
#13026 = ORIENTED_EDGE('',*,*,#6978,.F.);
#13027 = ORIENTED_EDGE('',*,*,#7026,.F.);
#13028 = ORIENTED_EDGE('',*,*,#7074,.F.);
#13029 = ORIENTED_EDGE('',*,*,#7122,.F.);
#13030 = ORIENTED_EDGE('',*,*,#7170,.F.);
#13031 = ORIENTED_EDGE('',*,*,#7218,.F.);
#13032 = ORIENTED_EDGE('',*,*,#7266,.F.);
#13033 = ORIENTED_EDGE('',*,*,#7314,.F.);
#13034 = ORIENTED_EDGE('',*,*,#7362,.F.);
#13035 = ORIENTED_EDGE('',*,*,#7410,.F.);
#13036 = ORIENTED_EDGE('',*,*,#7458,.F.);
#13037 = ORIENTED_EDGE('',*,*,#7506,.F.);
#13038 = ORIENTED_EDGE('',*,*,#7554,.F.);
#13039 = ORIENTED_EDGE('',*,*,#7602,.F.);
#13040 = ORIENTED_EDGE('',*,*,#7661,.F.);
#13041 = ORIENTED_EDGE('',*,*,#7685,.F.);
#13042 = ORIENTED_EDGE('',*,*,#7765,.F.);
#13043 = ORIENTED_EDGE('',*,*,#7813,.F.);
#13044 = ORIENTED_EDGE('',*,*,#7861,.F.);
#13045 = ORIENTED_EDGE('',*,*,#7909,.F.);
#13046 = ORIENTED_EDGE('',*,*,#7957,.F.);
#13047 = ORIENTED_EDGE('',*,*,#8005,.F.);
#13048 = ORIENTED_EDGE('',*,*,#8053,.F.);
#13049 = ORIENTED_EDGE('',*,*,#8101,.F.);
#13050 = ORIENTED_EDGE('',*,*,#8149,.F.);
#13051 = ORIENTED_EDGE('',*,*,#8197,.F.);
#13052 = ORIENTED_EDGE('',*,*,#8245,.F.);
#13053 = ORIENTED_EDGE('',*,*,#8293,.F.);
#13054 = ORIENTED_EDGE('',*,*,#8341,.F.);
#13055 = ORIENTED_EDGE('',*,*,#8389,.F.);
#13056 = ORIENTED_EDGE('',*,*,#8437,.F.);
#13057 = ORIENTED_EDGE('',*,*,#8485,.F.);
#13058 = ORIENTED_EDGE('',*,*,#8533,.F.);
#13059 = ORIENTED_EDGE('',*,*,#8581,.F.);
#13060 = ORIENTED_EDGE('',*,*,#8629,.F.);
#13061 = ORIENTED_EDGE('',*,*,#8677,.F.);
#13062 = ORIENTED_EDGE('',*,*,#8725,.F.);
#13063 = ORIENTED_EDGE('',*,*,#8773,.F.);
#13064 = ORIENTED_EDGE('',*,*,#8821,.F.);
#13065 = ORIENTED_EDGE('',*,*,#8869,.F.);
#13066 = ORIENTED_EDGE('',*,*,#8917,.F.);
#13067 = ORIENTED_EDGE('',*,*,#8965,.F.);
#13068 = ORIENTED_EDGE('',*,*,#9013,.F.);
#13069 = ORIENTED_EDGE('',*,*,#9061,.F.);
#13070 = ORIENTED_EDGE('',*,*,#9109,.F.);
#13071 = ORIENTED_EDGE('',*,*,#9157,.F.);
#13072 = ORIENTED_EDGE('',*,*,#9205,.F.);
#13073 = ORIENTED_EDGE('',*,*,#9253,.F.);
#13074 = ORIENTED_EDGE('',*,*,#9301,.F.);
#13075 = ORIENTED_EDGE('',*,*,#9349,.F.);
#13076 = ORIENTED_EDGE('',*,*,#9397,.F.);
#13077 = ORIENTED_EDGE('',*,*,#9445,.F.);
#13078 = ORIENTED_EDGE('',*,*,#9493,.F.);
#13079 = ORIENTED_EDGE('',*,*,#9541,.F.);
#13080 = ORIENTED_EDGE('',*,*,#9589,.F.);
#13081 = ORIENTED_EDGE('',*,*,#9637,.F.);
#13082 = ORIENTED_EDGE('',*,*,#9685,.F.);
#13083 = ORIENTED_EDGE('',*,*,#9733,.F.);
#13084 = ORIENTED_EDGE('',*,*,#9781,.F.);
#13085 = ORIENTED_EDGE('',*,*,#9829,.F.);
#13086 = ORIENTED_EDGE('',*,*,#9877,.F.);
#13087 = ORIENTED_EDGE('',*,*,#9925,.F.);
#13088 = ORIENTED_EDGE('',*,*,#9973,.F.);
#13089 = ORIENTED_EDGE('',*,*,#10021,.F.);
#13090 = ORIENTED_EDGE('',*,*,#10069,.F.);
#13091 = ORIENTED_EDGE('',*,*,#10117,.F.);
#13092 = ORIENTED_EDGE('',*,*,#10165,.F.);
#13093 = ORIENTED_EDGE('',*,*,#10213,.F.);
#13094 = ORIENTED_EDGE('',*,*,#10261,.F.);
#13095 = ORIENTED_EDGE('',*,*,#10309,.F.);
#13096 = ORIENTED_EDGE('',*,*,#10357,.F.);
#13097 = ORIENTED_EDGE('',*,*,#10405,.F.);
#13098 = ORIENTED_EDGE('',*,*,#10453,.F.);
#13099 = ORIENTED_EDGE('',*,*,#10501,.F.);
#13100 = ORIENTED_EDGE('',*,*,#10549,.F.);
#13101 = ORIENTED_EDGE('',*,*,#10597,.F.);
#13102 = ORIENTED_EDGE('',*,*,#10645,.F.);
#13103 = ORIENTED_EDGE('',*,*,#10693,.F.);
#13104 = ORIENTED_EDGE('',*,*,#10741,.F.);
#13105 = ORIENTED_EDGE('',*,*,#10789,.F.);
#13106 = ORIENTED_EDGE('',*,*,#10837,.F.);
#13107 = ORIENTED_EDGE('',*,*,#10885,.F.);
#13108 = ORIENTED_EDGE('',*,*,#10933,.F.);
#13109 = ORIENTED_EDGE('',*,*,#10981,.F.);
#13110 = ORIENTED_EDGE('',*,*,#11029,.F.);
#13111 = ORIENTED_EDGE('',*,*,#11077,.F.);
#13112 = ORIENTED_EDGE('',*,*,#11125,.F.);
#13113 = ORIENTED_EDGE('',*,*,#11173,.F.);
#13114 = ORIENTED_EDGE('',*,*,#11221,.F.);
#13115 = ORIENTED_EDGE('',*,*,#11269,.F.);
#13116 = ORIENTED_EDGE('',*,*,#11317,.F.);
#13117 = ORIENTED_EDGE('',*,*,#11365,.F.);
#13118 = ORIENTED_EDGE('',*,*,#11413,.F.);
#13119 = ORIENTED_EDGE('',*,*,#11461,.F.);
#13120 = ORIENTED_EDGE('',*,*,#11509,.F.);
#13121 = ORIENTED_EDGE('',*,*,#11557,.F.);
#13122 = ORIENTED_EDGE('',*,*,#11605,.F.);
#13123 = ORIENTED_EDGE('',*,*,#11653,.F.);
#13124 = ORIENTED_EDGE('',*,*,#11701,.F.);
#13125 = ORIENTED_EDGE('',*,*,#11749,.F.);
#13126 = ORIENTED_EDGE('',*,*,#11797,.F.);
#13127 = ORIENTED_EDGE('',*,*,#11845,.F.);
#13128 = ORIENTED_EDGE('',*,*,#11893,.F.);
#13129 = ORIENTED_EDGE('',*,*,#11941,.F.);
#13130 = ORIENTED_EDGE('',*,*,#11989,.F.);
#13131 = ORIENTED_EDGE('',*,*,#12037,.F.);
#13132 = ORIENTED_EDGE('',*,*,#12085,.F.);
#13133 = ORIENTED_EDGE('',*,*,#12133,.F.);
#13134 = ORIENTED_EDGE('',*,*,#12181,.F.);
#13135 = ORIENTED_EDGE('',*,*,#12229,.F.);
#13136 = ORIENTED_EDGE('',*,*,#12277,.F.);
#13137 = ORIENTED_EDGE('',*,*,#12325,.F.);
#13138 = ORIENTED_EDGE('',*,*,#12373,.F.);
#13139 = ORIENTED_EDGE('',*,*,#12421,.F.);
#13140 = ORIENTED_EDGE('',*,*,#12445,.F.);
#13141 = ORIENTED_EDGE('',*,*,#12404,.F.);
#13142 = ORIENTED_EDGE('',*,*,#12356,.F.);
#13143 = ORIENTED_EDGE('',*,*,#12308,.F.);
#13144 = ORIENTED_EDGE('',*,*,#12260,.F.);
#13145 = ORIENTED_EDGE('',*,*,#12212,.F.);
#13146 = ORIENTED_EDGE('',*,*,#12164,.F.);
#13147 = ORIENTED_EDGE('',*,*,#12116,.F.);
#13148 = ORIENTED_EDGE('',*,*,#12068,.F.);
#13149 = ORIENTED_EDGE('',*,*,#12020,.F.);
#13150 = ORIENTED_EDGE('',*,*,#11972,.F.);
#13151 = ORIENTED_EDGE('',*,*,#11924,.F.);
#13152 = ORIENTED_EDGE('',*,*,#11876,.F.);
#13153 = ORIENTED_EDGE('',*,*,#11828,.F.);
#13154 = ORIENTED_EDGE('',*,*,#11780,.F.);
#13155 = ORIENTED_EDGE('',*,*,#11732,.F.);
#13156 = ORIENTED_EDGE('',*,*,#11684,.F.);
#13157 = ORIENTED_EDGE('',*,*,#11636,.F.);
#13158 = ORIENTED_EDGE('',*,*,#11588,.F.);
#13159 = ORIENTED_EDGE('',*,*,#11540,.F.);
#13160 = ORIENTED_EDGE('',*,*,#11492,.F.);
#13161 = ORIENTED_EDGE('',*,*,#11444,.F.);
#13162 = ORIENTED_EDGE('',*,*,#11396,.F.);
#13163 = ORIENTED_EDGE('',*,*,#11348,.F.);
#13164 = ORIENTED_EDGE('',*,*,#11300,.F.);
#13165 = ORIENTED_EDGE('',*,*,#11252,.F.);
#13166 = ORIENTED_EDGE('',*,*,#11204,.F.);
#13167 = ORIENTED_EDGE('',*,*,#11156,.F.);
#13168 = ORIENTED_EDGE('',*,*,#11108,.F.);
#13169 = ORIENTED_EDGE('',*,*,#11060,.F.);
#13170 = ORIENTED_EDGE('',*,*,#11012,.F.);
#13171 = ORIENTED_EDGE('',*,*,#10964,.F.);
#13172 = ORIENTED_EDGE('',*,*,#10916,.F.);
#13173 = ORIENTED_EDGE('',*,*,#10868,.F.);
#13174 = ORIENTED_EDGE('',*,*,#10820,.F.);
#13175 = ORIENTED_EDGE('',*,*,#10772,.F.);
#13176 = ORIENTED_EDGE('',*,*,#10724,.F.);
#13177 = ORIENTED_EDGE('',*,*,#10676,.F.);
#13178 = ORIENTED_EDGE('',*,*,#10628,.F.);
#13179 = ORIENTED_EDGE('',*,*,#10580,.F.);
#13180 = ORIENTED_EDGE('',*,*,#10532,.F.);
#13181 = ORIENTED_EDGE('',*,*,#10484,.F.);
#13182 = ORIENTED_EDGE('',*,*,#10436,.F.);
#13183 = ORIENTED_EDGE('',*,*,#10388,.F.);
#13184 = ORIENTED_EDGE('',*,*,#10340,.F.);
#13185 = ORIENTED_EDGE('',*,*,#10292,.F.);
#13186 = ORIENTED_EDGE('',*,*,#10244,.F.);
#13187 = ORIENTED_EDGE('',*,*,#10196,.F.);
#13188 = ORIENTED_EDGE('',*,*,#10148,.F.);
#13189 = ORIENTED_EDGE('',*,*,#10100,.F.);
#13190 = ORIENTED_EDGE('',*,*,#10052,.F.);
#13191 = ORIENTED_EDGE('',*,*,#10004,.F.);
#13192 = ORIENTED_EDGE('',*,*,#9956,.F.);
#13193 = ORIENTED_EDGE('',*,*,#9908,.F.);
#13194 = ORIENTED_EDGE('',*,*,#9860,.F.);
#13195 = ORIENTED_EDGE('',*,*,#9812,.F.);
#13196 = ORIENTED_EDGE('',*,*,#9764,.F.);
#13197 = ORIENTED_EDGE('',*,*,#9716,.F.);
#13198 = ORIENTED_EDGE('',*,*,#9668,.F.);
#13199 = ORIENTED_EDGE('',*,*,#9620,.F.);
#13200 = ORIENTED_EDGE('',*,*,#9572,.F.);
#13201 = ORIENTED_EDGE('',*,*,#9524,.F.);
#13202 = ORIENTED_EDGE('',*,*,#9476,.F.);
#13203 = ORIENTED_EDGE('',*,*,#9428,.F.);
#13204 = ORIENTED_EDGE('',*,*,#9380,.F.);
#13205 = ORIENTED_EDGE('',*,*,#9332,.F.);
#13206 = ORIENTED_EDGE('',*,*,#9284,.F.);
#13207 = ORIENTED_EDGE('',*,*,#9236,.F.);
#13208 = ORIENTED_EDGE('',*,*,#9188,.F.);
#13209 = ORIENTED_EDGE('',*,*,#9140,.F.);
#13210 = ORIENTED_EDGE('',*,*,#9092,.F.);
#13211 = ORIENTED_EDGE('',*,*,#9044,.F.);
#13212 = ORIENTED_EDGE('',*,*,#8996,.F.);
#13213 = ORIENTED_EDGE('',*,*,#8948,.F.);
#13214 = ORIENTED_EDGE('',*,*,#8900,.F.);
#13215 = ORIENTED_EDGE('',*,*,#8852,.F.);
#13216 = ORIENTED_EDGE('',*,*,#8804,.F.);
#13217 = ORIENTED_EDGE('',*,*,#8756,.F.);
#13218 = ORIENTED_EDGE('',*,*,#8708,.F.);
#13219 = ORIENTED_EDGE('',*,*,#8660,.F.);
#13220 = ORIENTED_EDGE('',*,*,#8612,.F.);
#13221 = ORIENTED_EDGE('',*,*,#8564,.F.);
#13222 = ORIENTED_EDGE('',*,*,#8516,.F.);
#13223 = ORIENTED_EDGE('',*,*,#8468,.F.);
#13224 = ORIENTED_EDGE('',*,*,#8420,.F.);
#13225 = ORIENTED_EDGE('',*,*,#8372,.F.);
#13226 = ORIENTED_EDGE('',*,*,#8324,.F.);
#13227 = ORIENTED_EDGE('',*,*,#8276,.F.);
#13228 = ORIENTED_EDGE('',*,*,#8228,.F.);
#13229 = ORIENTED_EDGE('',*,*,#8180,.F.);
#13230 = ORIENTED_EDGE('',*,*,#8132,.F.);
#13231 = ORIENTED_EDGE('',*,*,#8084,.F.);
#13232 = ORIENTED_EDGE('',*,*,#8036,.F.);
#13233 = ORIENTED_EDGE('',*,*,#7988,.F.);
#13234 = ORIENTED_EDGE('',*,*,#7940,.F.);
#13235 = ORIENTED_EDGE('',*,*,#7892,.F.);
#13236 = ORIENTED_EDGE('',*,*,#7844,.F.);
#13237 = ORIENTED_EDGE('',*,*,#7796,.F.);
#13238 = ORIENTED_EDGE('',*,*,#7716,.F.);
#13239 = ORIENTED_EDGE('',*,*,#13240,.T.);
#13240 = EDGE_CURVE('',#7717,#13241,#13243,.T.);
#13241 = VERTEX_POINT('',#13242);
#13242 = CARTESIAN_POINT('',(25.,-63.9,6.3));
#13243 = LINE('',#13244,#13245);
#13244 = CARTESIAN_POINT('',(51.34133801642,-63.9,6.3));
#13245 = VECTOR('',#13246,1.);
#13246 = DIRECTION('',(-1.,0.,0.));
#13247 = ORIENTED_EDGE('',*,*,#13248,.T.);
#13248 = EDGE_CURVE('',#13241,#13249,#13251,.T.);
#13249 = VERTEX_POINT('',#13250);
#13250 = CARTESIAN_POINT('',(25.,-79.7469229053,6.3));
#13251 = LINE('',#13252,#13253);
#13252 = CARTESIAN_POINT('',(25.,-11.8,6.3));
#13253 = VECTOR('',#13254,1.);
#13254 = DIRECTION('',(0.,-1.,0.));
#13255 = ORIENTED_EDGE('',*,*,#13256,.T.);
#13256 = EDGE_CURVE('',#13249,#13257,#13259,.T.);
#13257 = VERTEX_POINT('',#13258);
#13258 = CARTESIAN_POINT('',(25.074953770371,-80.08501751469,6.3));
#13259 = CIRCLE('',#13260,0.800000000001);
#13260 = AXIS2_PLACEMENT_3D('',#13261,#13262,#13263);
#13261 = CARTESIAN_POINT('',(25.800000000001,-79.7469229053,6.3));
#13262 = DIRECTION('',(0.,0.,1.));
#13263 = DIRECTION('',(-1.,-1.243449787579E-13,0.));
#13264 = ORIENTED_EDGE('',*,*,#13265,.T.);
#13265 = EDGE_CURVE('',#13257,#13266,#13268,.T.);
#13266 = VERTEX_POINT('',#13267);
#13267 = CARTESIAN_POINT('',(31.97855346838,-94.8898348435,6.3));
#13268 = LINE('',#13269,#13270);
#13269 = CARTESIAN_POINT('',(25.074953770371,-80.08501751469,6.3));
#13270 = VECTOR('',#13271,1.);
#13271 = DIRECTION('',(0.422618261741,-0.906307787037,0.));
#13272 = ORIENTED_EDGE('',*,*,#13273,.T.);
#13273 = EDGE_CURVE('',#13266,#13274,#13276,.T.);
#13274 = VERTEX_POINT('',#13275);
#13275 = CARTESIAN_POINT('',(33.041694307402,-95.27678646374,6.3));
#13276 = CIRCLE('',#13277,0.8);
#13277 = AXIS2_PLACEMENT_3D('',#13278,#13279,#13280);
#13278 = CARTESIAN_POINT('',(32.703599698009,-94.55174023411,6.3));
#13279 = DIRECTION('',(0.,0.,1.));
#13280 = DIRECTION('',(-0.906307787037,-0.422618261741,0.));
#13281 = ORIENTED_EDGE('',*,*,#13282,.T.);
#13282 = EDGE_CURVE('',#13274,#13283,#13285,.T.);
#13283 = VERTEX_POINT('',#13284);
#13284 = CARTESIAN_POINT('',(90.88425196682,-84.65964308566,6.3));
#13285 = B_SPLINE_CURVE_WITH_KNOTS('',3,(#13286,#13287,#13288,#13289),
  .UNSPECIFIED.,.F.,.F.,(4,4),(0.,1.),.PIECEWISE_BEZIER_KNOTS.);
#13286 = CARTESIAN_POINT('',(33.041694307402,-95.27678646374,6.3));
#13287 = CARTESIAN_POINT('',(51.167850048135,-86.82442122892,6.3));
#13288 = CARTESIAN_POINT('',(70.960358004985,-82.91652823071,6.3));
#13289 = CARTESIAN_POINT('',(90.88425196682,-84.65964308566,6.3));
#13290 = ORIENTED_EDGE('',*,*,#13291,.T.);
#13291 = EDGE_CURVE('',#13283,#13292,#13294,.T.);
#13292 = VERTEX_POINT('',#13293);
#13293 = CARTESIAN_POINT('',(91.750932319491,-83.93241192139,6.3));
#13294 = CIRCLE('',#13295,0.8);
#13295 = AXIS2_PLACEMENT_3D('',#13296,#13297,#13298);
#13296 = CARTESIAN_POINT('',(90.953976561018,-83.86268732719,6.3));
#13297 = DIRECTION('',(0.,0.,1.));
#13298 = DIRECTION('',(-8.715574274765E-02,-0.996194698092,0.));
#13299 = ORIENTED_EDGE('',*,*,#13300,.T.);
#13300 = EDGE_CURVE('',#13292,#13301,#13303,.T.);
#13301 = VERTEX_POINT('',#13302);
#13302 = CARTESIAN_POINT('',(93.54026240949,-63.4802754058,6.3));
#13303 = LINE('',#13304,#13305);
#13304 = CARTESIAN_POINT('',(91.750932319491,-83.93241192139,6.3));
#13305 = VECTOR('',#13306,1.);
#13306 = DIRECTION('',(8.715574274766E-02,0.996194698092,0.));
#13307 = ORIENTED_EDGE('',*,*,#13308,.T.);
#13308 = EDGE_CURVE('',#13301,#13309,#13311,.T.);
#13309 = VERTEX_POINT('',#13310);
#13310 = CARTESIAN_POINT('',(94.337218167963,-62.75,6.3));
#13311 = CIRCLE('',#13312,0.8);
#13312 = AXIS2_PLACEMENT_3D('',#13313,#13314,#13315);
#13313 = CARTESIAN_POINT('',(94.337218167963,-63.55,6.3));
#13314 = DIRECTION('',(0.,0.,-1.));
#13315 = DIRECTION('',(-0.996194698092,8.715574274767E-02,0.));
#13316 = ORIENTED_EDGE('',*,*,#13317,.T.);
#13317 = EDGE_CURVE('',#13309,#13318,#13320,.T.);
#13318 = VERTEX_POINT('',#13319);
#13319 = CARTESIAN_POINT('',(117.45,-62.75,6.3));
#13320 = LINE('',#13321,#13322);
#13321 = CARTESIAN_POINT('',(94.337218167963,-62.75,6.3));
#13322 = VECTOR('',#13323,1.);
#13323 = DIRECTION('',(1.,0.,0.));
#13324 = ORIENTED_EDGE('',*,*,#13325,.T.);
#13325 = EDGE_CURVE('',#13318,#13326,#13328,.T.);
#13326 = VERTEX_POINT('',#13327);
#13327 = CARTESIAN_POINT('',(118.25,-63.55,6.3));
#13328 = CIRCLE('',#13329,0.8);
#13329 = AXIS2_PLACEMENT_3D('',#13330,#13331,#13332);
#13330 = CARTESIAN_POINT('',(117.45,-63.55,6.3));
#13331 = DIRECTION('',(0.,0.,-1.));
#13332 = DIRECTION('',(0.,1.,0.));
#13333 = ORIENTED_EDGE('',*,*,#13334,.T.);
#13334 = EDGE_CURVE('',#13326,#13335,#13337,.T.);
#13335 = VERTEX_POINT('',#13336);
#13336 = CARTESIAN_POINT('',(118.25,-73.95,6.3));
#13337 = LINE('',#13338,#13339);
#13338 = CARTESIAN_POINT('',(118.25,-63.55,6.3));
#13339 = VECTOR('',#13340,1.);
#13340 = DIRECTION('',(0.,-1.,0.));
#13341 = ORIENTED_EDGE('',*,*,#13342,.T.);
#13342 = EDGE_CURVE('',#13335,#13343,#13345,.T.);
#13343 = VERTEX_POINT('',#13344);
#13344 = CARTESIAN_POINT('',(119.05,-74.75,6.3));
#13345 = CIRCLE('',#13346,0.8);
#13346 = AXIS2_PLACEMENT_3D('',#13347,#13348,#13349);
#13347 = CARTESIAN_POINT('',(119.05,-73.95,6.3));
#13348 = DIRECTION('',(0.,0.,1.));
#13349 = DIRECTION('',(-1.,0.,0.));
#13350 = ORIENTED_EDGE('',*,*,#13351,.T.);
#13351 = EDGE_CURVE('',#13343,#13352,#13354,.T.);
#13352 = VERTEX_POINT('',#13353);
#13353 = CARTESIAN_POINT('',(140.95,-74.75,6.3));
#13354 = LINE('',#13355,#13356);
#13355 = CARTESIAN_POINT('',(119.05,-74.75,6.3));
#13356 = VECTOR('',#13357,1.);
#13357 = DIRECTION('',(1.,0.,0.));
#13358 = ORIENTED_EDGE('',*,*,#13359,.T.);
#13359 = EDGE_CURVE('',#13352,#12636,#13360,.T.);
#13360 = CIRCLE('',#13361,0.8);
#13361 = AXIS2_PLACEMENT_3D('',#13362,#13363,#13364);
#13362 = CARTESIAN_POINT('',(140.95,-73.95,6.3));
#13363 = DIRECTION('',(-0.,0.,1.));
#13364 = DIRECTION('',(0.,-1.,0.));
#13365 = FACE_BOUND('',#13366,.T.);
#13366 = EDGE_LOOP('',(#13367,#13378,#13387));
#13367 = ORIENTED_EDGE('',*,*,#13368,.F.);
#13368 = EDGE_CURVE('',#13369,#13371,#13373,.T.);
#13369 = VERTEX_POINT('',#13370);
#13370 = CARTESIAN_POINT('',(26.3,-54.01243556529,6.3));
#13371 = VERTEX_POINT('',#13372);
#13372 = CARTESIAN_POINT('',(28.4,-52.8,6.3));
#13373 = CIRCLE('',#13374,1.4);
#13374 = AXIS2_PLACEMENT_3D('',#13375,#13376,#13377);
#13375 = CARTESIAN_POINT('',(27.,-52.8,6.3));
#13376 = DIRECTION('',(0.,0.,1.));
#13377 = DIRECTION('',(1.,0.,0.));
#13378 = ORIENTED_EDGE('',*,*,#13379,.F.);
#13379 = EDGE_CURVE('',#13380,#13369,#13382,.T.);
#13380 = VERTEX_POINT('',#13381);
#13381 = CARTESIAN_POINT('',(26.3,-51.5875644347,6.3));
#13382 = CIRCLE('',#13383,1.4);
#13383 = AXIS2_PLACEMENT_3D('',#13384,#13385,#13386);
#13384 = CARTESIAN_POINT('',(27.,-52.8,6.3));
#13385 = DIRECTION('',(0.,0.,1.));
#13386 = DIRECTION('',(1.,0.,0.));
#13387 = ORIENTED_EDGE('',*,*,#13388,.F.);
#13388 = EDGE_CURVE('',#13371,#13380,#13389,.T.);
#13389 = CIRCLE('',#13390,1.4);
#13390 = AXIS2_PLACEMENT_3D('',#13391,#13392,#13393);
#13391 = CARTESIAN_POINT('',(27.,-52.8,6.3));
#13392 = DIRECTION('',(0.,0.,1.));
#13393 = DIRECTION('',(1.,0.,0.));
#13394 = PLANE('',#13395);
#13395 = AXIS2_PLACEMENT_3D('',#13396,#13397,#13398);
#13396 = CARTESIAN_POINT('',(82.682676032839,-45.39059437099,6.3));
#13397 = DIRECTION('',(0.,0.,1.));
#13398 = DIRECTION('',(1.,0.,0.));
#13399 = ADVANCED_FACE('',(#13400),#13418,.F.);
#13400 = FACE_BOUND('',#13401,.F.);
#13401 = EDGE_LOOP('',(#13402,#13410,#13416,#13417));
#13402 = ORIENTED_EDGE('',*,*,#13403,.F.);
#13403 = EDGE_CURVE('',#13404,#7733,#13406,.T.);
#13404 = VERTEX_POINT('',#13405);
#13405 = CARTESIAN_POINT('',(25.,-55.4,5.1));
#13406 = LINE('',#13407,#13408);
#13407 = CARTESIAN_POINT('',(20.,-55.4,5.1));
#13408 = VECTOR('',#13409,1.);
#13409 = DIRECTION('',(1.,0.,0.));
#13410 = ORIENTED_EDGE('',*,*,#13411,.T.);
#13411 = EDGE_CURVE('',#13404,#12842,#13412,.T.);
#13412 = LINE('',#13413,#13414);
#13413 = CARTESIAN_POINT('',(25.,-55.4,2.55));
#13414 = VECTOR('',#13415,1.);
#13415 = DIRECTION('',(0.,0.,1.));
#13416 = ORIENTED_EDGE('',*,*,#12849,.F.);
#13417 = ORIENTED_EDGE('',*,*,#7740,.T.);
#13418 = PLANE('',#13419);
#13419 = AXIS2_PLACEMENT_3D('',#13420,#13421,#13422);
#13420 = CARTESIAN_POINT('',(20.,-55.4,5.1));
#13421 = DIRECTION('',(0.,1.,0.));
#13422 = DIRECTION('',(0.,0.,1.));
#13423 = ADVANCED_FACE('',(#13424),#13442,.T.);
#13424 = FACE_BOUND('',#13425,.T.);
#13425 = EDGE_LOOP('',(#13426,#13427,#13435,#13441));
#13426 = ORIENTED_EDGE('',*,*,#13403,.F.);
#13427 = ORIENTED_EDGE('',*,*,#13428,.T.);
#13428 = EDGE_CURVE('',#13404,#13429,#13431,.T.);
#13429 = VERTEX_POINT('',#13430);
#13430 = CARTESIAN_POINT('',(25.,-63.9,5.1));
#13431 = LINE('',#13432,#13433);
#13432 = CARTESIAN_POINT('',(25.,-37.85,5.1));
#13433 = VECTOR('',#13434,1.);
#13434 = DIRECTION('',(0.,-1.,0.));
#13435 = ORIENTED_EDGE('',*,*,#13436,.T.);
#13436 = EDGE_CURVE('',#13429,#7725,#13437,.T.);
#13437 = LINE('',#13438,#13439);
#13438 = CARTESIAN_POINT('',(20.,-63.9,5.1));
#13439 = VECTOR('',#13440,1.);
#13440 = DIRECTION('',(1.,0.,0.));
#13441 = ORIENTED_EDGE('',*,*,#7732,.T.);
#13442 = PLANE('',#13443);
#13443 = AXIS2_PLACEMENT_3D('',#13444,#13445,#13446);
#13444 = CARTESIAN_POINT('',(20.,-63.9,5.1));
#13445 = DIRECTION('',(0.,0.,1.));
#13446 = DIRECTION('',(1.,0.,0.));
#13447 = ADVANCED_FACE('',(#13448),#13459,.T.);
#13448 = FACE_BOUND('',#13449,.T.);
#13449 = EDGE_LOOP('',(#13450,#13451,#13457,#13458));
#13450 = ORIENTED_EDGE('',*,*,#13436,.F.);
#13451 = ORIENTED_EDGE('',*,*,#13452,.T.);
#13452 = EDGE_CURVE('',#13429,#13241,#13453,.T.);
#13453 = LINE('',#13454,#13455);
#13454 = CARTESIAN_POINT('',(25.,-63.9,2.55));
#13455 = VECTOR('',#13456,1.);
#13456 = DIRECTION('',(0.,0.,1.));
#13457 = ORIENTED_EDGE('',*,*,#13240,.F.);
#13458 = ORIENTED_EDGE('',*,*,#7724,.T.);
#13459 = PLANE('',#13460);
#13460 = AXIS2_PLACEMENT_3D('',#13461,#13462,#13463);
#13461 = CARTESIAN_POINT('',(20.,-63.9,5.1));
#13462 = DIRECTION('',(0.,1.,0.));
#13463 = DIRECTION('',(0.,0.,1.));
#13464 = ADVANCED_FACE('',(#13465,#13468),#13479,.T.);
#13465 = FACE_BOUND('',#13466,.T.);
#13466 = EDGE_LOOP('',(#13467));
#13467 = ORIENTED_EDGE('',*,*,#12468,.T.);
#13468 = FACE_BOUND('',#13469,.T.);
#13469 = EDGE_LOOP('',(#13470));
#13470 = ORIENTED_EDGE('',*,*,#13471,.T.);
#13471 = EDGE_CURVE('',#13472,#13472,#13474,.T.);
#13472 = VERTEX_POINT('',#13473);
#13473 = CARTESIAN_POINT('',(30.25,-66.5,3.8));
#13474 = CIRCLE('',#13475,0.85);
#13475 = AXIS2_PLACEMENT_3D('',#13476,#13477,#13478);
#13476 = CARTESIAN_POINT('',(29.4,-66.5,3.8));
#13477 = DIRECTION('',(0.,0.,-1.));
#13478 = DIRECTION('',(1.,0.,0.));
#13479 = PLANE('',#13480);
#13480 = AXIS2_PLACEMENT_3D('',#13481,#13482,#13483);
#13481 = CARTESIAN_POINT('',(29.4,-66.5,3.8));
#13482 = DIRECTION('',(0.,0.,1.));
#13483 = DIRECTION('',(1.,0.,0.));
#13484 = ADVANCED_FACE('',(#13485,#13488),#13499,.T.);
#13485 = FACE_BOUND('',#13486,.T.);
#13486 = EDGE_LOOP('',(#13487));
#13487 = ORIENTED_EDGE('',*,*,#12493,.T.);
#13488 = FACE_BOUND('',#13489,.T.);
#13489 = EDGE_LOOP('',(#13490));
#13490 = ORIENTED_EDGE('',*,*,#13491,.T.);
#13491 = EDGE_CURVE('',#13492,#13492,#13494,.T.);
#13492 = VERTEX_POINT('',#13493);
#13493 = CARTESIAN_POINT('',(46.35,-65.5,3.8));
#13494 = CIRCLE('',#13495,0.85);
#13495 = AXIS2_PLACEMENT_3D('',#13496,#13497,#13498);
#13496 = CARTESIAN_POINT('',(45.5,-65.5,3.8));
#13497 = DIRECTION('',(0.,0.,-1.));
#13498 = DIRECTION('',(1.,0.,0.));
#13499 = PLANE('',#13500);
#13500 = AXIS2_PLACEMENT_3D('',#13501,#13502,#13503);
#13501 = CARTESIAN_POINT('',(45.5,-65.5,3.8));
#13502 = DIRECTION('',(0.,0.,1.));
#13503 = DIRECTION('',(1.,0.,0.));
#13504 = ADVANCED_FACE('',(#13505,#13508),#13519,.T.);
#13505 = FACE_BOUND('',#13506,.T.);
#13506 = EDGE_LOOP('',(#13507));
#13507 = ORIENTED_EDGE('',*,*,#12518,.T.);
#13508 = FACE_BOUND('',#13509,.T.);
#13509 = EDGE_LOOP('',(#13510));
#13510 = ORIENTED_EDGE('',*,*,#13511,.F.);
#13511 = EDGE_CURVE('',#13512,#13512,#13514,.T.);
#13512 = VERTEX_POINT('',#13513);
#13513 = CARTESIAN_POINT('',(48.4,-52.8,6.3));
#13514 = CIRCLE('',#13515,1.4);
#13515 = AXIS2_PLACEMENT_3D('',#13516,#13517,#13518);
#13516 = CARTESIAN_POINT('',(47.,-52.8,6.3));
#13517 = DIRECTION('',(0.,0.,1.));
#13518 = DIRECTION('',(1.,0.,0.));
#13519 = PLANE('',#13520);
#13520 = AXIS2_PLACEMENT_3D('',#13521,#13522,#13523);
#13521 = CARTESIAN_POINT('',(47.,-52.8,6.3));
#13522 = DIRECTION('',(0.,0.,1.));
#13523 = DIRECTION('',(1.,0.,0.));
#13524 = ADVANCED_FACE('',(#13525,#13528),#13539,.T.);
#13525 = FACE_BOUND('',#13526,.T.);
#13526 = EDGE_LOOP('',(#13527));
#13527 = ORIENTED_EDGE('',*,*,#12543,.T.);
#13528 = FACE_BOUND('',#13529,.T.);
#13529 = EDGE_LOOP('',(#13530));
#13530 = ORIENTED_EDGE('',*,*,#13531,.T.);
#13531 = EDGE_CURVE('',#13532,#13532,#13534,.T.);
#13532 = VERTEX_POINT('',#13533);
#13533 = CARTESIAN_POINT('',(80.85,-61.3,3.8));
#13534 = CIRCLE('',#13535,0.85);
#13535 = AXIS2_PLACEMENT_3D('',#13536,#13537,#13538);
#13536 = CARTESIAN_POINT('',(80.,-61.3,3.8));
#13537 = DIRECTION('',(0.,0.,-1.));
#13538 = DIRECTION('',(1.,0.,0.));
#13539 = PLANE('',#13540);
#13540 = AXIS2_PLACEMENT_3D('',#13541,#13542,#13543);
#13541 = CARTESIAN_POINT('',(80.,-61.3,3.8));
#13542 = DIRECTION('',(0.,0.,1.));
#13543 = DIRECTION('',(1.,0.,0.));
#13544 = ADVANCED_FACE('',(#13545,#13548),#13559,.T.);
#13545 = FACE_BOUND('',#13546,.T.);
#13546 = EDGE_LOOP('',(#13547));
#13547 = ORIENTED_EDGE('',*,*,#12568,.T.);
#13548 = FACE_BOUND('',#13549,.T.);
#13549 = EDGE_LOOP('',(#13550));
#13550 = ORIENTED_EDGE('',*,*,#13551,.T.);
#13551 = EDGE_CURVE('',#13552,#13552,#13554,.T.);
#13552 = VERTEX_POINT('',#13553);
#13553 = CARTESIAN_POINT('',(122.15,-37.5,3.8));
#13554 = CIRCLE('',#13555,0.85);
#13555 = AXIS2_PLACEMENT_3D('',#13556,#13557,#13558);
#13556 = CARTESIAN_POINT('',(121.3,-37.5,3.8));
#13557 = DIRECTION('',(0.,0.,-1.));
#13558 = DIRECTION('',(1.,0.,0.));
#13559 = PLANE('',#13560);
#13560 = AXIS2_PLACEMENT_3D('',#13561,#13562,#13563);
#13561 = CARTESIAN_POINT('',(121.3,-37.5,3.8));
#13562 = DIRECTION('',(0.,0.,1.));
#13563 = DIRECTION('',(1.,0.,0.));
#13564 = ADVANCED_FACE('',(#13565,#13568),#13579,.T.);
#13565 = FACE_BOUND('',#13566,.T.);
#13566 = EDGE_LOOP('',(#13567));
#13567 = ORIENTED_EDGE('',*,*,#12593,.T.);
#13568 = FACE_BOUND('',#13569,.T.);
#13569 = EDGE_LOOP('',(#13570));
#13570 = ORIENTED_EDGE('',*,*,#13571,.T.);
#13571 = EDGE_CURVE('',#13572,#13572,#13574,.T.);
#13572 = VERTEX_POINT('',#13573);
#13573 = CARTESIAN_POINT('',(103.85,-20.5,3.8));
#13574 = CIRCLE('',#13575,0.85);
#13575 = AXIS2_PLACEMENT_3D('',#13576,#13577,#13578);
#13576 = CARTESIAN_POINT('',(103.,-20.5,3.8));
#13577 = DIRECTION('',(0.,0.,-1.));
#13578 = DIRECTION('',(1.,0.,0.));
#13579 = PLANE('',#13580);
#13580 = AXIS2_PLACEMENT_3D('',#13581,#13582,#13583);
#13581 = CARTESIAN_POINT('',(103.,-20.5,3.8));
#13582 = DIRECTION('',(0.,0.,1.));
#13583 = DIRECTION('',(1.,0.,0.));
#13584 = ADVANCED_FACE('',(#13585),#13588,.T.);
#13585 = FACE_BOUND('',#13586,.F.);
#13586 = EDGE_LOOP('',(#13587));
#13587 = ORIENTED_EDGE('',*,*,#12618,.F.);
#13588 = PLANE('',#13589);
#13589 = AXIS2_PLACEMENT_3D('',#13590,#13591,#13592);
#13590 = CARTESIAN_POINT('',(37.2,-64.7,6.6));
#13591 = DIRECTION('',(0.,0.,1.));
#13592 = DIRECTION('',(1.,0.,0.));
#13593 = ADVANCED_FACE('',(#13594),#13619,.F.);
#13594 = FACE_BOUND('',#13595,.F.);
#13595 = EDGE_LOOP('',(#13596,#13604,#13605,#13613));
#13596 = ORIENTED_EDGE('',*,*,#13597,.T.);
#13597 = EDGE_CURVE('',#13598,#12636,#13600,.T.);
#13598 = VERTEX_POINT('',#13599);
#13599 = CARTESIAN_POINT('',(141.75,-73.95,0.));
#13600 = LINE('',#13601,#13602);
#13601 = CARTESIAN_POINT('',(141.75,-73.95,0.));
#13602 = VECTOR('',#13603,1.);
#13603 = DIRECTION('',(0.,0.,1.));
#13604 = ORIENTED_EDGE('',*,*,#12635,.T.);
#13605 = ORIENTED_EDGE('',*,*,#13606,.F.);
#13606 = EDGE_CURVE('',#13607,#12638,#13609,.T.);
#13607 = VERTEX_POINT('',#13608);
#13608 = CARTESIAN_POINT('',(141.75,-18.05,0.));
#13609 = LINE('',#13610,#13611);
#13610 = CARTESIAN_POINT('',(141.75,-18.05,0.));
#13611 = VECTOR('',#13612,1.);
#13612 = DIRECTION('',(0.,0.,1.));
#13613 = ORIENTED_EDGE('',*,*,#13614,.F.);
#13614 = EDGE_CURVE('',#13598,#13607,#13615,.T.);
#13615 = LINE('',#13616,#13617);
#13616 = CARTESIAN_POINT('',(141.75,-73.95,0.));
#13617 = VECTOR('',#13618,1.);
#13618 = DIRECTION('',(0.,1.,0.));
#13619 = PLANE('',#13620);
#13620 = AXIS2_PLACEMENT_3D('',#13621,#13622,#13623);
#13621 = CARTESIAN_POINT('',(141.75,-73.95,0.));
#13622 = DIRECTION('',(-1.,0.,0.));
#13623 = DIRECTION('',(0.,1.,0.));
#13624 = ADVANCED_FACE('',(#13625),#13644,.T.);
#13625 = FACE_BOUND('',#13626,.F.);
#13626 = EDGE_LOOP('',(#13627,#13635,#13636,#13637));
#13627 = ORIENTED_EDGE('',*,*,#13628,.T.);
#13628 = EDGE_CURVE('',#13629,#13352,#13631,.T.);
#13629 = VERTEX_POINT('',#13630);
#13630 = CARTESIAN_POINT('',(140.95,-74.75,0.));
#13631 = LINE('',#13632,#13633);
#13632 = CARTESIAN_POINT('',(140.95,-74.75,0.));
#13633 = VECTOR('',#13634,1.);
#13634 = DIRECTION('',(0.,0.,1.));
#13635 = ORIENTED_EDGE('',*,*,#13359,.T.);
#13636 = ORIENTED_EDGE('',*,*,#13597,.F.);
#13637 = ORIENTED_EDGE('',*,*,#13638,.F.);
#13638 = EDGE_CURVE('',#13629,#13598,#13639,.T.);
#13639 = CIRCLE('',#13640,0.8);
#13640 = AXIS2_PLACEMENT_3D('',#13641,#13642,#13643);
#13641 = CARTESIAN_POINT('',(140.95,-73.95,0.));
#13642 = DIRECTION('',(-0.,0.,1.));
#13643 = DIRECTION('',(0.,-1.,0.));
#13644 = CYLINDRICAL_SURFACE('',#13645,0.8);
#13645 = AXIS2_PLACEMENT_3D('',#13646,#13647,#13648);
#13646 = CARTESIAN_POINT('',(140.95,-73.95,0.));
#13647 = DIRECTION('',(0.,0.,-1.));
#13648 = DIRECTION('',(0.,-1.,0.));
#13649 = ADVANCED_FACE('',(#13650),#13668,.F.);
#13650 = FACE_BOUND('',#13651,.F.);
#13651 = EDGE_LOOP('',(#13652,#13660,#13661,#13662));
#13652 = ORIENTED_EDGE('',*,*,#13653,.T.);
#13653 = EDGE_CURVE('',#13654,#13343,#13656,.T.);
#13654 = VERTEX_POINT('',#13655);
#13655 = CARTESIAN_POINT('',(119.05,-74.75,0.));
#13656 = LINE('',#13657,#13658);
#13657 = CARTESIAN_POINT('',(119.05,-74.75,0.));
#13658 = VECTOR('',#13659,1.);
#13659 = DIRECTION('',(0.,0.,1.));
#13660 = ORIENTED_EDGE('',*,*,#13351,.T.);
#13661 = ORIENTED_EDGE('',*,*,#13628,.F.);
#13662 = ORIENTED_EDGE('',*,*,#13663,.F.);
#13663 = EDGE_CURVE('',#13654,#13629,#13664,.T.);
#13664 = LINE('',#13665,#13666);
#13665 = CARTESIAN_POINT('',(119.05,-74.75,0.));
#13666 = VECTOR('',#13667,1.);
#13667 = DIRECTION('',(1.,0.,0.));
#13668 = PLANE('',#13669);
#13669 = AXIS2_PLACEMENT_3D('',#13670,#13671,#13672);
#13670 = CARTESIAN_POINT('',(119.05,-74.75,0.));
#13671 = DIRECTION('',(0.,1.,0.));
#13672 = DIRECTION('',(1.,0.,0.));
#13673 = ADVANCED_FACE('',(#13674),#13693,.T.);
#13674 = FACE_BOUND('',#13675,.F.);
#13675 = EDGE_LOOP('',(#13676,#13684,#13685,#13686));
#13676 = ORIENTED_EDGE('',*,*,#13677,.T.);
#13677 = EDGE_CURVE('',#13678,#13335,#13680,.T.);
#13678 = VERTEX_POINT('',#13679);
#13679 = CARTESIAN_POINT('',(118.25,-73.95,0.));
#13680 = LINE('',#13681,#13682);
#13681 = CARTESIAN_POINT('',(118.25,-73.95,0.));
#13682 = VECTOR('',#13683,1.);
#13683 = DIRECTION('',(0.,0.,1.));
#13684 = ORIENTED_EDGE('',*,*,#13342,.T.);
#13685 = ORIENTED_EDGE('',*,*,#13653,.F.);
#13686 = ORIENTED_EDGE('',*,*,#13687,.F.);
#13687 = EDGE_CURVE('',#13678,#13654,#13688,.T.);
#13688 = CIRCLE('',#13689,0.8);
#13689 = AXIS2_PLACEMENT_3D('',#13690,#13691,#13692);
#13690 = CARTESIAN_POINT('',(119.05,-73.95,0.));
#13691 = DIRECTION('',(0.,0.,1.));
#13692 = DIRECTION('',(-1.,0.,0.));
#13693 = CYLINDRICAL_SURFACE('',#13694,0.8);
#13694 = AXIS2_PLACEMENT_3D('',#13695,#13696,#13697);
#13695 = CARTESIAN_POINT('',(119.05,-73.95,0.));
#13696 = DIRECTION('',(-0.,-0.,-1.));
#13697 = DIRECTION('',(-1.,0.,0.));
#13698 = ADVANCED_FACE('',(#13699),#13717,.F.);
#13699 = FACE_BOUND('',#13700,.F.);
#13700 = EDGE_LOOP('',(#13701,#13709,#13710,#13711));
#13701 = ORIENTED_EDGE('',*,*,#13702,.T.);
#13702 = EDGE_CURVE('',#13703,#13326,#13705,.T.);
#13703 = VERTEX_POINT('',#13704);
#13704 = CARTESIAN_POINT('',(118.25,-63.55,0.));
#13705 = LINE('',#13706,#13707);
#13706 = CARTESIAN_POINT('',(118.25,-63.55,0.));
#13707 = VECTOR('',#13708,1.);
#13708 = DIRECTION('',(0.,0.,1.));
#13709 = ORIENTED_EDGE('',*,*,#13334,.T.);
#13710 = ORIENTED_EDGE('',*,*,#13677,.F.);
#13711 = ORIENTED_EDGE('',*,*,#13712,.F.);
#13712 = EDGE_CURVE('',#13703,#13678,#13713,.T.);
#13713 = LINE('',#13714,#13715);
#13714 = CARTESIAN_POINT('',(118.25,-63.55,0.));
#13715 = VECTOR('',#13716,1.);
#13716 = DIRECTION('',(0.,-1.,0.));
#13717 = PLANE('',#13718);
#13718 = AXIS2_PLACEMENT_3D('',#13719,#13720,#13721);
#13719 = CARTESIAN_POINT('',(118.25,-63.55,0.));
#13720 = DIRECTION('',(1.,0.,0.));
#13721 = DIRECTION('',(0.,-1.,0.));
#13722 = ADVANCED_FACE('',(#13723),#13742,.F.);
#13723 = FACE_BOUND('',#13724,.F.);
#13724 = EDGE_LOOP('',(#13725,#13733,#13734,#13735));
#13725 = ORIENTED_EDGE('',*,*,#13726,.T.);
#13726 = EDGE_CURVE('',#13727,#13318,#13729,.T.);
#13727 = VERTEX_POINT('',#13728);
#13728 = CARTESIAN_POINT('',(117.45,-62.75,0.));
#13729 = LINE('',#13730,#13731);
#13730 = CARTESIAN_POINT('',(117.45,-62.75,0.));
#13731 = VECTOR('',#13732,1.);
#13732 = DIRECTION('',(0.,0.,1.));
#13733 = ORIENTED_EDGE('',*,*,#13325,.T.);
#13734 = ORIENTED_EDGE('',*,*,#13702,.F.);
#13735 = ORIENTED_EDGE('',*,*,#13736,.F.);
#13736 = EDGE_CURVE('',#13727,#13703,#13737,.T.);
#13737 = CIRCLE('',#13738,0.8);
#13738 = AXIS2_PLACEMENT_3D('',#13739,#13740,#13741);
#13739 = CARTESIAN_POINT('',(117.45,-63.55,0.));
#13740 = DIRECTION('',(0.,0.,-1.));
#13741 = DIRECTION('',(0.,1.,0.));
#13742 = CYLINDRICAL_SURFACE('',#13743,0.8);
#13743 = AXIS2_PLACEMENT_3D('',#13744,#13745,#13746);
#13744 = CARTESIAN_POINT('',(117.45,-63.55,0.));
#13745 = DIRECTION('',(0.,0.,-1.));
#13746 = DIRECTION('',(0.,1.,0.));
#13747 = ADVANCED_FACE('',(#13748),#13766,.F.);
#13748 = FACE_BOUND('',#13749,.F.);
#13749 = EDGE_LOOP('',(#13750,#13758,#13759,#13760));
#13750 = ORIENTED_EDGE('',*,*,#13751,.T.);
#13751 = EDGE_CURVE('',#13752,#13309,#13754,.T.);
#13752 = VERTEX_POINT('',#13753);
#13753 = CARTESIAN_POINT('',(94.337218167963,-62.75,0.));
#13754 = LINE('',#13755,#13756);
#13755 = CARTESIAN_POINT('',(94.337218167963,-62.75,0.));
#13756 = VECTOR('',#13757,1.);
#13757 = DIRECTION('',(0.,0.,1.));
#13758 = ORIENTED_EDGE('',*,*,#13317,.T.);
#13759 = ORIENTED_EDGE('',*,*,#13726,.F.);
#13760 = ORIENTED_EDGE('',*,*,#13761,.F.);
#13761 = EDGE_CURVE('',#13752,#13727,#13762,.T.);
#13762 = LINE('',#13763,#13764);
#13763 = CARTESIAN_POINT('',(94.337218167963,-62.75,0.));
#13764 = VECTOR('',#13765,1.);
#13765 = DIRECTION('',(1.,0.,0.));
#13766 = PLANE('',#13767);
#13767 = AXIS2_PLACEMENT_3D('',#13768,#13769,#13770);
#13768 = CARTESIAN_POINT('',(94.337218167963,-62.75,0.));
#13769 = DIRECTION('',(0.,1.,0.));
#13770 = DIRECTION('',(1.,0.,0.));
#13771 = ADVANCED_FACE('',(#13772),#13791,.F.);
#13772 = FACE_BOUND('',#13773,.F.);
#13773 = EDGE_LOOP('',(#13774,#13782,#13783,#13784));
#13774 = ORIENTED_EDGE('',*,*,#13775,.T.);
#13775 = EDGE_CURVE('',#13776,#13301,#13778,.T.);
#13776 = VERTEX_POINT('',#13777);
#13777 = CARTESIAN_POINT('',(93.54026240949,-63.4802754058,0.));
#13778 = LINE('',#13779,#13780);
#13779 = CARTESIAN_POINT('',(93.54026240949,-63.4802754058,0.));
#13780 = VECTOR('',#13781,1.);
#13781 = DIRECTION('',(0.,0.,1.));
#13782 = ORIENTED_EDGE('',*,*,#13308,.T.);
#13783 = ORIENTED_EDGE('',*,*,#13751,.F.);
#13784 = ORIENTED_EDGE('',*,*,#13785,.F.);
#13785 = EDGE_CURVE('',#13776,#13752,#13786,.T.);
#13786 = CIRCLE('',#13787,0.8);
#13787 = AXIS2_PLACEMENT_3D('',#13788,#13789,#13790);
#13788 = CARTESIAN_POINT('',(94.337218167963,-63.55,0.));
#13789 = DIRECTION('',(0.,0.,-1.));
#13790 = DIRECTION('',(-0.996194698092,8.715574274767E-02,0.));
#13791 = CYLINDRICAL_SURFACE('',#13792,0.8);
#13792 = AXIS2_PLACEMENT_3D('',#13793,#13794,#13795);
#13793 = CARTESIAN_POINT('',(94.337218167963,-63.55,0.));
#13794 = DIRECTION('',(0.,0.,-1.));
#13795 = DIRECTION('',(-0.996194698092,8.715574274767E-02,0.));
#13796 = ADVANCED_FACE('',(#13797),#13815,.F.);
#13797 = FACE_BOUND('',#13798,.F.);
#13798 = EDGE_LOOP('',(#13799,#13807,#13808,#13809));
#13799 = ORIENTED_EDGE('',*,*,#13800,.T.);
#13800 = EDGE_CURVE('',#13801,#13292,#13803,.T.);
#13801 = VERTEX_POINT('',#13802);
#13802 = CARTESIAN_POINT('',(91.750932319491,-83.93241192139,0.));
#13803 = LINE('',#13804,#13805);
#13804 = CARTESIAN_POINT('',(91.750932319491,-83.93241192139,0.));
#13805 = VECTOR('',#13806,1.);
#13806 = DIRECTION('',(0.,0.,1.));
#13807 = ORIENTED_EDGE('',*,*,#13300,.T.);
#13808 = ORIENTED_EDGE('',*,*,#13775,.F.);
#13809 = ORIENTED_EDGE('',*,*,#13810,.F.);
#13810 = EDGE_CURVE('',#13801,#13776,#13811,.T.);
#13811 = LINE('',#13812,#13813);
#13812 = CARTESIAN_POINT('',(91.750932319491,-83.93241192139,0.));
#13813 = VECTOR('',#13814,1.);
#13814 = DIRECTION('',(8.715574274766E-02,0.996194698092,0.));
#13815 = PLANE('',#13816);
#13816 = AXIS2_PLACEMENT_3D('',#13817,#13818,#13819);
#13817 = CARTESIAN_POINT('',(91.750932319491,-83.93241192139,0.));
#13818 = DIRECTION('',(-0.996194698092,8.715574274766E-02,0.));
#13819 = DIRECTION('',(8.715574274766E-02,0.996194698092,0.));
#13820 = ADVANCED_FACE('',(#13821),#13840,.T.);
#13821 = FACE_BOUND('',#13822,.F.);
#13822 = EDGE_LOOP('',(#13823,#13831,#13832,#13833));
#13823 = ORIENTED_EDGE('',*,*,#13824,.T.);
#13824 = EDGE_CURVE('',#13825,#13283,#13827,.T.);
#13825 = VERTEX_POINT('',#13826);
#13826 = CARTESIAN_POINT('',(90.88425196682,-84.65964308566,0.));
#13827 = LINE('',#13828,#13829);
#13828 = CARTESIAN_POINT('',(90.88425196682,-84.65964308566,0.));
#13829 = VECTOR('',#13830,1.);
#13830 = DIRECTION('',(0.,0.,1.));
#13831 = ORIENTED_EDGE('',*,*,#13291,.T.);
#13832 = ORIENTED_EDGE('',*,*,#13800,.F.);
#13833 = ORIENTED_EDGE('',*,*,#13834,.F.);
#13834 = EDGE_CURVE('',#13825,#13801,#13835,.T.);
#13835 = CIRCLE('',#13836,0.8);
#13836 = AXIS2_PLACEMENT_3D('',#13837,#13838,#13839);
#13837 = CARTESIAN_POINT('',(90.953976561018,-83.86268732719,0.));
#13838 = DIRECTION('',(0.,0.,1.));
#13839 = DIRECTION('',(-8.715574274765E-02,-0.996194698092,0.));
#13840 = CYLINDRICAL_SURFACE('',#13841,0.8);
#13841 = AXIS2_PLACEMENT_3D('',#13842,#13843,#13844);
#13842 = CARTESIAN_POINT('',(90.953976561018,-83.86268732719,0.));
#13843 = DIRECTION('',(-0.,-0.,-1.));
#13844 = DIRECTION('',(-8.715574274765E-02,-0.996194698092,0.));
#13845 = ADVANCED_FACE('',(#13846),#13865,.F.);
#13846 = FACE_BOUND('',#13847,.F.);
#13847 = EDGE_LOOP('',(#13848,#13856,#13857,#13858));
#13848 = ORIENTED_EDGE('',*,*,#13849,.T.);
#13849 = EDGE_CURVE('',#13850,#13274,#13852,.T.);
#13850 = VERTEX_POINT('',#13851);
#13851 = CARTESIAN_POINT('',(33.041694307402,-95.27678646374,0.));
#13852 = LINE('',#13853,#13854);
#13853 = CARTESIAN_POINT('',(33.041694307402,-95.27678646374,0.));
#13854 = VECTOR('',#13855,1.);
#13855 = DIRECTION('',(0.,0.,1.));
#13856 = ORIENTED_EDGE('',*,*,#13282,.T.);
#13857 = ORIENTED_EDGE('',*,*,#13824,.F.);
#13858 = ORIENTED_EDGE('',*,*,#13859,.F.);
#13859 = EDGE_CURVE('',#13850,#13825,#13860,.T.);
#13860 = B_SPLINE_CURVE_WITH_KNOTS('',3,(#13861,#13862,#13863,#13864),
  .UNSPECIFIED.,.F.,.F.,(4,4),(0.,1.),.PIECEWISE_BEZIER_KNOTS.);
#13861 = CARTESIAN_POINT('',(33.041694307402,-95.27678646374,0.));
#13862 = CARTESIAN_POINT('',(51.167850048135,-86.82442122892,0.));
#13863 = CARTESIAN_POINT('',(70.960358004985,-82.91652823071,0.));
#13864 = CARTESIAN_POINT('',(90.88425196682,-84.65964308566,0.));
#13865 = SURFACE_OF_LINEAR_EXTRUSION('',#13866,#13871);
#13866 = B_SPLINE_CURVE_WITH_KNOTS('',3,(#13867,#13868,#13869,#13870),
  .UNSPECIFIED.,.F.,.F.,(4,4),(0.,1.),.PIECEWISE_BEZIER_KNOTS.);
#13867 = CARTESIAN_POINT('',(33.041694307402,-95.27678646374,0.));
#13868 = CARTESIAN_POINT('',(51.167850048135,-86.82442122892,0.));
#13869 = CARTESIAN_POINT('',(70.960358004985,-82.91652823071,0.));
#13870 = CARTESIAN_POINT('',(90.88425196682,-84.65964308566,0.));
#13871 = VECTOR('',#13872,1.);
#13872 = DIRECTION('',(-0.,-0.,-1.));
#13873 = ADVANCED_FACE('',(#13874),#13893,.T.);
#13874 = FACE_BOUND('',#13875,.F.);
#13875 = EDGE_LOOP('',(#13876,#13884,#13885,#13886));
#13876 = ORIENTED_EDGE('',*,*,#13877,.T.);
#13877 = EDGE_CURVE('',#13878,#13266,#13880,.T.);
#13878 = VERTEX_POINT('',#13879);
#13879 = CARTESIAN_POINT('',(31.97855346838,-94.8898348435,0.));
#13880 = LINE('',#13881,#13882);
#13881 = CARTESIAN_POINT('',(31.97855346838,-94.8898348435,0.));
#13882 = VECTOR('',#13883,1.);
#13883 = DIRECTION('',(0.,0.,1.));
#13884 = ORIENTED_EDGE('',*,*,#13273,.T.);
#13885 = ORIENTED_EDGE('',*,*,#13849,.F.);
#13886 = ORIENTED_EDGE('',*,*,#13887,.F.);
#13887 = EDGE_CURVE('',#13878,#13850,#13888,.T.);
#13888 = CIRCLE('',#13889,0.8);
#13889 = AXIS2_PLACEMENT_3D('',#13890,#13891,#13892);
#13890 = CARTESIAN_POINT('',(32.703599698009,-94.55174023411,0.));
#13891 = DIRECTION('',(0.,0.,1.));
#13892 = DIRECTION('',(-0.906307787037,-0.422618261741,0.));
#13893 = CYLINDRICAL_SURFACE('',#13894,0.8);
#13894 = AXIS2_PLACEMENT_3D('',#13895,#13896,#13897);
#13895 = CARTESIAN_POINT('',(32.703599698009,-94.55174023411,0.));
#13896 = DIRECTION('',(-0.,-0.,-1.));
#13897 = DIRECTION('',(-0.906307787037,-0.422618261741,0.));
#13898 = ADVANCED_FACE('',(#13899),#13917,.F.);
#13899 = FACE_BOUND('',#13900,.F.);
#13900 = EDGE_LOOP('',(#13901,#13909,#13910,#13911));
#13901 = ORIENTED_EDGE('',*,*,#13902,.T.);
#13902 = EDGE_CURVE('',#13903,#13257,#13905,.T.);
#13903 = VERTEX_POINT('',#13904);
#13904 = CARTESIAN_POINT('',(25.074953770371,-80.08501751469,0.));
#13905 = LINE('',#13906,#13907);
#13906 = CARTESIAN_POINT('',(25.074953770371,-80.08501751469,0.));
#13907 = VECTOR('',#13908,1.);
#13908 = DIRECTION('',(0.,0.,1.));
#13909 = ORIENTED_EDGE('',*,*,#13265,.T.);
#13910 = ORIENTED_EDGE('',*,*,#13877,.F.);
#13911 = ORIENTED_EDGE('',*,*,#13912,.F.);
#13912 = EDGE_CURVE('',#13903,#13878,#13913,.T.);
#13913 = LINE('',#13914,#13915);
#13914 = CARTESIAN_POINT('',(25.074953770371,-80.08501751469,0.));
#13915 = VECTOR('',#13916,1.);
#13916 = DIRECTION('',(0.422618261741,-0.906307787037,0.));
#13917 = PLANE('',#13918);
#13918 = AXIS2_PLACEMENT_3D('',#13919,#13920,#13921);
#13919 = CARTESIAN_POINT('',(25.074953770371,-80.08501751469,0.));
#13920 = DIRECTION('',(0.906307787037,0.422618261741,0.));
#13921 = DIRECTION('',(0.422618261741,-0.906307787037,0.));
#13922 = ADVANCED_FACE('',(#13923),#13942,.T.);
#13923 = FACE_BOUND('',#13924,.F.);
#13924 = EDGE_LOOP('',(#13925,#13933,#13934,#13935));
#13925 = ORIENTED_EDGE('',*,*,#13926,.T.);
#13926 = EDGE_CURVE('',#13927,#13249,#13929,.T.);
#13927 = VERTEX_POINT('',#13928);
#13928 = CARTESIAN_POINT('',(25.,-79.7469229053,0.));
#13929 = LINE('',#13930,#13931);
#13930 = CARTESIAN_POINT('',(25.,-79.7469229053,0.));
#13931 = VECTOR('',#13932,1.);
#13932 = DIRECTION('',(0.,0.,1.));
#13933 = ORIENTED_EDGE('',*,*,#13256,.T.);
#13934 = ORIENTED_EDGE('',*,*,#13902,.F.);
#13935 = ORIENTED_EDGE('',*,*,#13936,.F.);
#13936 = EDGE_CURVE('',#13927,#13903,#13937,.T.);
#13937 = CIRCLE('',#13938,0.800000000001);
#13938 = AXIS2_PLACEMENT_3D('',#13939,#13940,#13941);
#13939 = CARTESIAN_POINT('',(25.800000000001,-79.7469229053,0.));
#13940 = DIRECTION('',(0.,0.,1.));
#13941 = DIRECTION('',(-1.,-1.243449787579E-13,0.));
#13942 = CYLINDRICAL_SURFACE('',#13943,0.800000000001);
#13943 = AXIS2_PLACEMENT_3D('',#13944,#13945,#13946);
#13944 = CARTESIAN_POINT('',(25.800000000001,-79.7469229053,0.));
#13945 = DIRECTION('',(-0.,-0.,-1.));
#13946 = DIRECTION('',(-1.,-1.243449787579E-13,0.));
#13947 = ADVANCED_FACE('',(#13948),#13970,.F.);
#13948 = FACE_BOUND('',#13949,.F.);
#13949 = EDGE_LOOP('',(#13950,#13958,#13964,#13965,#13966,#13967,#13968,
    #13969));
#13950 = ORIENTED_EDGE('',*,*,#13951,.F.);
#13951 = EDGE_CURVE('',#13952,#13927,#13954,.T.);
#13952 = VERTEX_POINT('',#13953);
#13953 = CARTESIAN_POINT('',(25.,-11.8,0.));
#13954 = LINE('',#13955,#13956);
#13955 = CARTESIAN_POINT('',(25.,-11.8,0.));
#13956 = VECTOR('',#13957,1.);
#13957 = DIRECTION('',(0.,-1.,0.));
#13958 = ORIENTED_EDGE('',*,*,#13959,.T.);
#13959 = EDGE_CURVE('',#13952,#12833,#13960,.T.);
#13960 = LINE('',#13961,#13962);
#13961 = CARTESIAN_POINT('',(25.,-11.8,0.));
#13962 = VECTOR('',#13963,1.);
#13963 = DIRECTION('',(0.,0.,1.));
#13964 = ORIENTED_EDGE('',*,*,#12841,.T.);
#13965 = ORIENTED_EDGE('',*,*,#13411,.F.);
#13966 = ORIENTED_EDGE('',*,*,#13428,.T.);
#13967 = ORIENTED_EDGE('',*,*,#13452,.T.);
#13968 = ORIENTED_EDGE('',*,*,#13248,.T.);
#13969 = ORIENTED_EDGE('',*,*,#13926,.F.);
#13970 = PLANE('',#13971);
#13971 = AXIS2_PLACEMENT_3D('',#13972,#13973,#13974);
#13972 = CARTESIAN_POINT('',(25.,-11.8,0.));
#13973 = DIRECTION('',(1.,0.,0.));
#13974 = DIRECTION('',(0.,-1.,0.));
#13975 = ADVANCED_FACE('',(#13976),#13995,.T.);
#13976 = FACE_BOUND('',#13977,.F.);
#13977 = EDGE_LOOP('',(#13978,#13986,#13987,#13988));
#13978 = ORIENTED_EDGE('',*,*,#13979,.T.);
#13979 = EDGE_CURVE('',#13980,#12825,#13982,.T.);
#13980 = VERTEX_POINT('',#13981);
#13981 = CARTESIAN_POINT('',(25.8,-11.,0.));
#13982 = LINE('',#13983,#13984);
#13983 = CARTESIAN_POINT('',(25.8,-11.,0.));
#13984 = VECTOR('',#13985,1.);
#13985 = DIRECTION('',(0.,0.,1.));
#13986 = ORIENTED_EDGE('',*,*,#12832,.T.);
#13987 = ORIENTED_EDGE('',*,*,#13959,.F.);
#13988 = ORIENTED_EDGE('',*,*,#13989,.F.);
#13989 = EDGE_CURVE('',#13980,#13952,#13990,.T.);
#13990 = CIRCLE('',#13991,0.8);
#13991 = AXIS2_PLACEMENT_3D('',#13992,#13993,#13994);
#13992 = CARTESIAN_POINT('',(25.8,-11.8,0.));
#13993 = DIRECTION('',(0.,0.,1.));
#13994 = DIRECTION('',(-1.33226762955E-14,1.,0.));
#13995 = CYLINDRICAL_SURFACE('',#13996,0.8);
#13996 = AXIS2_PLACEMENT_3D('',#13997,#13998,#13999);
#13997 = CARTESIAN_POINT('',(25.8,-11.8,0.));
#13998 = DIRECTION('',(-0.,-0.,-1.));
#13999 = DIRECTION('',(-1.33226762955E-14,1.,0.));
#14000 = ADVANCED_FACE('',(#14001),#14019,.F.);
#14001 = FACE_BOUND('',#14002,.F.);
#14002 = EDGE_LOOP('',(#14003,#14011,#14012,#14013));
#14003 = ORIENTED_EDGE('',*,*,#14004,.T.);
#14004 = EDGE_CURVE('',#14005,#12816,#14007,.T.);
#14005 = VERTEX_POINT('',#14006);
#14006 = CARTESIAN_POINT('',(45.45,-11.,0.));
#14007 = LINE('',#14008,#14009);
#14008 = CARTESIAN_POINT('',(45.45,-11.,0.));
#14009 = VECTOR('',#14010,1.);
#14010 = DIRECTION('',(0.,0.,1.));
#14011 = ORIENTED_EDGE('',*,*,#12824,.T.);
#14012 = ORIENTED_EDGE('',*,*,#13979,.F.);
#14013 = ORIENTED_EDGE('',*,*,#14014,.F.);
#14014 = EDGE_CURVE('',#14005,#13980,#14015,.T.);
#14015 = LINE('',#14016,#14017);
#14016 = CARTESIAN_POINT('',(45.45,-11.,0.));
#14017 = VECTOR('',#14018,1.);
#14018 = DIRECTION('',(-1.,0.,0.));
#14019 = PLANE('',#14020);
#14020 = AXIS2_PLACEMENT_3D('',#14021,#14022,#14023);
#14021 = CARTESIAN_POINT('',(45.45,-11.,0.));
#14022 = DIRECTION('',(0.,-1.,0.));
#14023 = DIRECTION('',(-1.,0.,0.));
#14024 = ADVANCED_FACE('',(#14025),#14044,.F.);
#14025 = FACE_BOUND('',#14026,.F.);
#14026 = EDGE_LOOP('',(#14027,#14035,#14036,#14037));
#14027 = ORIENTED_EDGE('',*,*,#14028,.T.);
#14028 = EDGE_CURVE('',#14029,#12808,#14031,.T.);
#14029 = VERTEX_POINT('',#14030);
#14030 = CARTESIAN_POINT('',(46.25,-10.2,0.));
#14031 = LINE('',#14032,#14033);
#14032 = CARTESIAN_POINT('',(46.25,-10.2,0.));
#14033 = VECTOR('',#14034,1.);
#14034 = DIRECTION('',(0.,0.,1.));
#14035 = ORIENTED_EDGE('',*,*,#12815,.T.);
#14036 = ORIENTED_EDGE('',*,*,#14004,.F.);
#14037 = ORIENTED_EDGE('',*,*,#14038,.F.);
#14038 = EDGE_CURVE('',#14029,#14005,#14039,.T.);
#14039 = CIRCLE('',#14040,0.8);
#14040 = AXIS2_PLACEMENT_3D('',#14041,#14042,#14043);
#14041 = CARTESIAN_POINT('',(45.45,-10.2,0.));
#14042 = DIRECTION('',(0.,0.,-1.));
#14043 = DIRECTION('',(1.,2.22044604925E-15,0.));
#14044 = CYLINDRICAL_SURFACE('',#14045,0.8);
#14045 = AXIS2_PLACEMENT_3D('',#14046,#14047,#14048);
#14046 = CARTESIAN_POINT('',(45.45,-10.2,0.));
#14047 = DIRECTION('',(0.,0.,-1.));
#14048 = DIRECTION('',(1.,2.22044604925E-15,0.));
#14049 = ADVANCED_FACE('',(#14050),#14068,.F.);
#14050 = FACE_BOUND('',#14051,.F.);
#14051 = EDGE_LOOP('',(#14052,#14060,#14061,#14062));
#14052 = ORIENTED_EDGE('',*,*,#14053,.T.);
#14053 = EDGE_CURVE('',#14054,#12799,#14056,.T.);
#14054 = VERTEX_POINT('',#14055);
#14055 = CARTESIAN_POINT('',(46.25,-8.05,0.));
#14056 = LINE('',#14057,#14058);
#14057 = CARTESIAN_POINT('',(46.25,-8.05,0.));
#14058 = VECTOR('',#14059,1.);
#14059 = DIRECTION('',(0.,0.,1.));
#14060 = ORIENTED_EDGE('',*,*,#12807,.T.);
#14061 = ORIENTED_EDGE('',*,*,#14028,.F.);
#14062 = ORIENTED_EDGE('',*,*,#14063,.F.);
#14063 = EDGE_CURVE('',#14054,#14029,#14064,.T.);
#14064 = LINE('',#14065,#14066);
#14065 = CARTESIAN_POINT('',(46.25,-8.05,0.));
#14066 = VECTOR('',#14067,1.);
#14067 = DIRECTION('',(0.,-1.,0.));
#14068 = PLANE('',#14069);
#14069 = AXIS2_PLACEMENT_3D('',#14070,#14071,#14072);
#14070 = CARTESIAN_POINT('',(46.25,-8.05,0.));
#14071 = DIRECTION('',(1.,0.,0.));
#14072 = DIRECTION('',(0.,-1.,0.));
#14073 = ADVANCED_FACE('',(#14074),#14093,.T.);
#14074 = FACE_BOUND('',#14075,.F.);
#14075 = EDGE_LOOP('',(#14076,#14084,#14085,#14086));
#14076 = ORIENTED_EDGE('',*,*,#14077,.T.);
#14077 = EDGE_CURVE('',#14078,#12791,#14080,.T.);
#14078 = VERTEX_POINT('',#14079);
#14079 = CARTESIAN_POINT('',(47.05,-7.25,0.));
#14080 = LINE('',#14081,#14082);
#14081 = CARTESIAN_POINT('',(47.05,-7.25,0.));
#14082 = VECTOR('',#14083,1.);
#14083 = DIRECTION('',(0.,0.,1.));
#14084 = ORIENTED_EDGE('',*,*,#12798,.T.);
#14085 = ORIENTED_EDGE('',*,*,#14053,.F.);
#14086 = ORIENTED_EDGE('',*,*,#14087,.F.);
#14087 = EDGE_CURVE('',#14078,#14054,#14088,.T.);
#14088 = CIRCLE('',#14089,0.8);
#14089 = AXIS2_PLACEMENT_3D('',#14090,#14091,#14092);
#14090 = CARTESIAN_POINT('',(47.05,-8.05,0.));
#14091 = DIRECTION('',(0.,-0.,1.));
#14092 = DIRECTION('',(0.,1.,0.));
#14093 = CYLINDRICAL_SURFACE('',#14094,0.8);
#14094 = AXIS2_PLACEMENT_3D('',#14095,#14096,#14097);
#14095 = CARTESIAN_POINT('',(47.05,-8.05,0.));
#14096 = DIRECTION('',(0.,0.,-1.));
#14097 = DIRECTION('',(0.,1.,0.));
#14098 = ADVANCED_FACE('',(#14099),#14117,.F.);
#14099 = FACE_BOUND('',#14100,.F.);
#14100 = EDGE_LOOP('',(#14101,#14109,#14110,#14111));
#14101 = ORIENTED_EDGE('',*,*,#14102,.T.);
#14102 = EDGE_CURVE('',#14103,#12782,#14105,.T.);
#14103 = VERTEX_POINT('',#14104);
#14104 = CARTESIAN_POINT('',(63.45,-7.25,0.));
#14105 = LINE('',#14106,#14107);
#14106 = CARTESIAN_POINT('',(63.45,-7.25,0.));
#14107 = VECTOR('',#14108,1.);
#14108 = DIRECTION('',(0.,0.,1.));
#14109 = ORIENTED_EDGE('',*,*,#12790,.T.);
#14110 = ORIENTED_EDGE('',*,*,#14077,.F.);
#14111 = ORIENTED_EDGE('',*,*,#14112,.F.);
#14112 = EDGE_CURVE('',#14103,#14078,#14113,.T.);
#14113 = LINE('',#14114,#14115);
#14114 = CARTESIAN_POINT('',(63.45,-7.25,0.));
#14115 = VECTOR('',#14116,1.);
#14116 = DIRECTION('',(-1.,0.,0.));
#14117 = PLANE('',#14118);
#14118 = AXIS2_PLACEMENT_3D('',#14119,#14120,#14121);
#14119 = CARTESIAN_POINT('',(63.45,-7.25,0.));
#14120 = DIRECTION('',(0.,-1.,0.));
#14121 = DIRECTION('',(-1.,0.,0.));
#14122 = ADVANCED_FACE('',(#14123),#14142,.F.);
#14123 = FACE_BOUND('',#14124,.F.);
#14124 = EDGE_LOOP('',(#14125,#14133,#14134,#14135));
#14125 = ORIENTED_EDGE('',*,*,#14126,.T.);
#14126 = EDGE_CURVE('',#14127,#12774,#14129,.T.);
#14127 = VERTEX_POINT('',#14128);
#14128 = CARTESIAN_POINT('',(64.25,-6.45,0.));
#14129 = LINE('',#14130,#14131);
#14130 = CARTESIAN_POINT('',(64.25,-6.45,0.));
#14131 = VECTOR('',#14132,1.);
#14132 = DIRECTION('',(0.,0.,1.));
#14133 = ORIENTED_EDGE('',*,*,#12781,.T.);
#14134 = ORIENTED_EDGE('',*,*,#14102,.F.);
#14135 = ORIENTED_EDGE('',*,*,#14136,.F.);
#14136 = EDGE_CURVE('',#14127,#14103,#14137,.T.);
#14137 = CIRCLE('',#14138,0.8);
#14138 = AXIS2_PLACEMENT_3D('',#14139,#14140,#14141);
#14139 = CARTESIAN_POINT('',(63.45,-6.45,0.));
#14140 = DIRECTION('',(0.,0.,-1.));
#14141 = DIRECTION('',(1.,-1.110223024625E-15,0.));
#14142 = CYLINDRICAL_SURFACE('',#14143,0.8);
#14143 = AXIS2_PLACEMENT_3D('',#14144,#14145,#14146);
#14144 = CARTESIAN_POINT('',(63.45,-6.45,0.));
#14145 = DIRECTION('',(0.,0.,-1.));
#14146 = DIRECTION('',(1.,-1.110223024625E-15,0.));
#14147 = ADVANCED_FACE('',(#14148),#14166,.F.);
#14148 = FACE_BOUND('',#14149,.F.);
#14149 = EDGE_LOOP('',(#14150,#14158,#14159,#14160));
#14150 = ORIENTED_EDGE('',*,*,#14151,.T.);
#14151 = EDGE_CURVE('',#14152,#12765,#14154,.T.);
#14152 = VERTEX_POINT('',#14153);
#14153 = CARTESIAN_POINT('',(64.25,-6.05,0.));
#14154 = LINE('',#14155,#14156);
#14155 = CARTESIAN_POINT('',(64.25,-6.05,0.));
#14156 = VECTOR('',#14157,1.);
#14157 = DIRECTION('',(0.,0.,1.));
#14158 = ORIENTED_EDGE('',*,*,#12773,.T.);
#14159 = ORIENTED_EDGE('',*,*,#14126,.F.);
#14160 = ORIENTED_EDGE('',*,*,#14161,.F.);
#14161 = EDGE_CURVE('',#14152,#14127,#14162,.T.);
#14162 = LINE('',#14163,#14164);
#14163 = CARTESIAN_POINT('',(64.25,-6.05,0.));
#14164 = VECTOR('',#14165,1.);
#14165 = DIRECTION('',(0.,-1.,0.));
#14166 = PLANE('',#14167);
#14167 = AXIS2_PLACEMENT_3D('',#14168,#14169,#14170);
#14168 = CARTESIAN_POINT('',(64.25,-6.05,0.));
#14169 = DIRECTION('',(1.,0.,0.));
#14170 = DIRECTION('',(0.,-1.,0.));
#14171 = ADVANCED_FACE('',(#14172),#14191,.T.);
#14172 = FACE_BOUND('',#14173,.F.);
#14173 = EDGE_LOOP('',(#14174,#14182,#14183,#14184));
#14174 = ORIENTED_EDGE('',*,*,#14175,.T.);
#14175 = EDGE_CURVE('',#14176,#12757,#14178,.T.);
#14176 = VERTEX_POINT('',#14177);
#14177 = CARTESIAN_POINT('',(65.05,-5.25,0.));
#14178 = LINE('',#14179,#14180);
#14179 = CARTESIAN_POINT('',(65.05,-5.25,0.));
#14180 = VECTOR('',#14181,1.);
#14181 = DIRECTION('',(0.,0.,1.));
#14182 = ORIENTED_EDGE('',*,*,#12764,.T.);
#14183 = ORIENTED_EDGE('',*,*,#14151,.F.);
#14184 = ORIENTED_EDGE('',*,*,#14185,.F.);
#14185 = EDGE_CURVE('',#14176,#14152,#14186,.T.);
#14186 = CIRCLE('',#14187,0.8);
#14187 = AXIS2_PLACEMENT_3D('',#14188,#14189,#14190);
#14188 = CARTESIAN_POINT('',(65.05,-6.05,0.));
#14189 = DIRECTION('',(0.,-0.,1.));
#14190 = DIRECTION('',(0.,1.,0.));
#14191 = CYLINDRICAL_SURFACE('',#14192,0.8);
#14192 = AXIS2_PLACEMENT_3D('',#14193,#14194,#14195);
#14193 = CARTESIAN_POINT('',(65.05,-6.05,0.));
#14194 = DIRECTION('',(0.,0.,-1.));
#14195 = DIRECTION('',(0.,1.,0.));
#14196 = ADVANCED_FACE('',(#14197),#14215,.F.);
#14197 = FACE_BOUND('',#14198,.F.);
#14198 = EDGE_LOOP('',(#14199,#14207,#14208,#14209));
#14199 = ORIENTED_EDGE('',*,*,#14200,.T.);
#14200 = EDGE_CURVE('',#14201,#12748,#14203,.T.);
#14201 = VERTEX_POINT('',#14202);
#14202 = CARTESIAN_POINT('',(81.45,-5.25,0.));
#14203 = LINE('',#14204,#14205);
#14204 = CARTESIAN_POINT('',(81.45,-5.25,0.));
#14205 = VECTOR('',#14206,1.);
#14206 = DIRECTION('',(0.,0.,1.));
#14207 = ORIENTED_EDGE('',*,*,#12756,.T.);
#14208 = ORIENTED_EDGE('',*,*,#14175,.F.);
#14209 = ORIENTED_EDGE('',*,*,#14210,.F.);
#14210 = EDGE_CURVE('',#14201,#14176,#14211,.T.);
#14211 = LINE('',#14212,#14213);
#14212 = CARTESIAN_POINT('',(81.45,-5.25,0.));
#14213 = VECTOR('',#14214,1.);
#14214 = DIRECTION('',(-1.,0.,0.));
#14215 = PLANE('',#14216);
#14216 = AXIS2_PLACEMENT_3D('',#14217,#14218,#14219);
#14217 = CARTESIAN_POINT('',(81.45,-5.25,0.));
#14218 = DIRECTION('',(0.,-1.,0.));
#14219 = DIRECTION('',(-1.,0.,0.));
#14220 = ADVANCED_FACE('',(#14221),#14240,.F.);
#14221 = FACE_BOUND('',#14222,.F.);
#14222 = EDGE_LOOP('',(#14223,#14231,#14232,#14233));
#14223 = ORIENTED_EDGE('',*,*,#14224,.T.);
#14224 = EDGE_CURVE('',#14225,#12740,#14227,.T.);
#14225 = VERTEX_POINT('',#14226);
#14226 = CARTESIAN_POINT('',(82.25,-4.45,0.));
#14227 = LINE('',#14228,#14229);
#14228 = CARTESIAN_POINT('',(82.25,-4.45,0.));
#14229 = VECTOR('',#14230,1.);
#14230 = DIRECTION('',(0.,0.,1.));
#14231 = ORIENTED_EDGE('',*,*,#12747,.T.);
#14232 = ORIENTED_EDGE('',*,*,#14200,.F.);
#14233 = ORIENTED_EDGE('',*,*,#14234,.F.);
#14234 = EDGE_CURVE('',#14225,#14201,#14235,.T.);
#14235 = CIRCLE('',#14236,0.8);
#14236 = AXIS2_PLACEMENT_3D('',#14237,#14238,#14239);
#14237 = CARTESIAN_POINT('',(81.45,-4.45,0.));
#14238 = DIRECTION('',(0.,0.,-1.));
#14239 = DIRECTION('',(1.,-1.110223024625E-15,0.));
#14240 = CYLINDRICAL_SURFACE('',#14241,0.8);
#14241 = AXIS2_PLACEMENT_3D('',#14242,#14243,#14244);
#14242 = CARTESIAN_POINT('',(81.45,-4.45,0.));
#14243 = DIRECTION('',(0.,0.,-1.));
#14244 = DIRECTION('',(1.,-1.110223024625E-15,0.));
#14245 = ADVANCED_FACE('',(#14246),#14264,.F.);
#14246 = FACE_BOUND('',#14247,.F.);
#14247 = EDGE_LOOP('',(#14248,#14256,#14257,#14258));
#14248 = ORIENTED_EDGE('',*,*,#14249,.T.);
#14249 = EDGE_CURVE('',#14250,#12731,#14252,.T.);
#14250 = VERTEX_POINT('',#14251);
#14251 = CARTESIAN_POINT('',(82.25,-1.05,0.));
#14252 = LINE('',#14253,#14254);
#14253 = CARTESIAN_POINT('',(82.25,-1.05,0.));
#14254 = VECTOR('',#14255,1.);
#14255 = DIRECTION('',(0.,0.,1.));
#14256 = ORIENTED_EDGE('',*,*,#12739,.T.);
#14257 = ORIENTED_EDGE('',*,*,#14224,.F.);
#14258 = ORIENTED_EDGE('',*,*,#14259,.F.);
#14259 = EDGE_CURVE('',#14250,#14225,#14260,.T.);
#14260 = LINE('',#14261,#14262);
#14261 = CARTESIAN_POINT('',(82.25,-1.05,0.));
#14262 = VECTOR('',#14263,1.);
#14263 = DIRECTION('',(0.,-1.,0.));
#14264 = PLANE('',#14265);
#14265 = AXIS2_PLACEMENT_3D('',#14266,#14267,#14268);
#14266 = CARTESIAN_POINT('',(82.25,-1.05,0.));
#14267 = DIRECTION('',(1.,0.,0.));
#14268 = DIRECTION('',(0.,-1.,0.));
#14269 = ADVANCED_FACE('',(#14270),#14289,.T.);
#14270 = FACE_BOUND('',#14271,.F.);
#14271 = EDGE_LOOP('',(#14272,#14280,#14281,#14282));
#14272 = ORIENTED_EDGE('',*,*,#14273,.T.);
#14273 = EDGE_CURVE('',#14274,#12723,#14276,.T.);
#14274 = VERTEX_POINT('',#14275);
#14275 = CARTESIAN_POINT('',(83.05,-0.25,0.));
#14276 = LINE('',#14277,#14278);
#14277 = CARTESIAN_POINT('',(83.05,-0.25,0.));
#14278 = VECTOR('',#14279,1.);
#14279 = DIRECTION('',(0.,0.,1.));
#14280 = ORIENTED_EDGE('',*,*,#12730,.T.);
#14281 = ORIENTED_EDGE('',*,*,#14249,.F.);
#14282 = ORIENTED_EDGE('',*,*,#14283,.F.);
#14283 = EDGE_CURVE('',#14274,#14250,#14284,.T.);
#14284 = CIRCLE('',#14285,0.8);
#14285 = AXIS2_PLACEMENT_3D('',#14286,#14287,#14288);
#14286 = CARTESIAN_POINT('',(83.05,-1.05,0.));
#14287 = DIRECTION('',(0.,-0.,1.));
#14288 = DIRECTION('',(0.,1.,0.));
#14289 = CYLINDRICAL_SURFACE('',#14290,0.8);
#14290 = AXIS2_PLACEMENT_3D('',#14291,#14292,#14293);
#14291 = CARTESIAN_POINT('',(83.05,-1.05,0.));
#14292 = DIRECTION('',(0.,0.,-1.));
#14293 = DIRECTION('',(0.,1.,0.));
#14294 = ADVANCED_FACE('',(#14295),#14313,.F.);
#14295 = FACE_BOUND('',#14296,.F.);
#14296 = EDGE_LOOP('',(#14297,#14305,#14306,#14307));
#14297 = ORIENTED_EDGE('',*,*,#14298,.T.);
#14298 = EDGE_CURVE('',#14299,#12714,#14301,.T.);
#14299 = VERTEX_POINT('',#14300);
#14300 = CARTESIAN_POINT('',(104.95,-0.25,0.));
#14301 = LINE('',#14302,#14303);
#14302 = CARTESIAN_POINT('',(104.95,-0.25,0.));
#14303 = VECTOR('',#14304,1.);
#14304 = DIRECTION('',(0.,0.,1.));
#14305 = ORIENTED_EDGE('',*,*,#12722,.T.);
#14306 = ORIENTED_EDGE('',*,*,#14273,.F.);
#14307 = ORIENTED_EDGE('',*,*,#14308,.F.);
#14308 = EDGE_CURVE('',#14299,#14274,#14309,.T.);
#14309 = LINE('',#14310,#14311);
#14310 = CARTESIAN_POINT('',(104.95,-0.25,0.));
#14311 = VECTOR('',#14312,1.);
#14312 = DIRECTION('',(-1.,0.,0.));
#14313 = PLANE('',#14314);
#14314 = AXIS2_PLACEMENT_3D('',#14315,#14316,#14317);
#14315 = CARTESIAN_POINT('',(104.95,-0.25,0.));
#14316 = DIRECTION('',(0.,-1.,0.));
#14317 = DIRECTION('',(-1.,0.,0.));
#14318 = ADVANCED_FACE('',(#14319),#14338,.T.);
#14319 = FACE_BOUND('',#14320,.F.);
#14320 = EDGE_LOOP('',(#14321,#14329,#14330,#14331));
#14321 = ORIENTED_EDGE('',*,*,#14322,.T.);
#14322 = EDGE_CURVE('',#14323,#12706,#14325,.T.);
#14323 = VERTEX_POINT('',#14324);
#14324 = CARTESIAN_POINT('',(105.75,-1.05,0.));
#14325 = LINE('',#14326,#14327);
#14326 = CARTESIAN_POINT('',(105.75,-1.05,0.));
#14327 = VECTOR('',#14328,1.);
#14328 = DIRECTION('',(0.,0.,1.));
#14329 = ORIENTED_EDGE('',*,*,#12713,.T.);
#14330 = ORIENTED_EDGE('',*,*,#14298,.F.);
#14331 = ORIENTED_EDGE('',*,*,#14332,.F.);
#14332 = EDGE_CURVE('',#14323,#14299,#14333,.T.);
#14333 = CIRCLE('',#14334,0.8);
#14334 = AXIS2_PLACEMENT_3D('',#14335,#14336,#14337);
#14335 = CARTESIAN_POINT('',(104.95,-1.05,0.));
#14336 = DIRECTION('',(0.,-0.,1.));
#14337 = DIRECTION('',(1.,8.326672684689E-16,0.));
#14338 = CYLINDRICAL_SURFACE('',#14339,0.8);
#14339 = AXIS2_PLACEMENT_3D('',#14340,#14341,#14342);
#14340 = CARTESIAN_POINT('',(104.95,-1.05,0.));
#14341 = DIRECTION('',(0.,0.,-1.));
#14342 = DIRECTION('',(1.,8.326672684689E-16,0.));
#14343 = ADVANCED_FACE('',(#14344),#14362,.F.);
#14344 = FACE_BOUND('',#14345,.F.);
#14345 = EDGE_LOOP('',(#14346,#14354,#14355,#14356));
#14346 = ORIENTED_EDGE('',*,*,#14347,.T.);
#14347 = EDGE_CURVE('',#14348,#12697,#14350,.T.);
#14348 = VERTEX_POINT('',#14349);
#14349 = CARTESIAN_POINT('',(105.75,-4.45,0.));
#14350 = LINE('',#14351,#14352);
#14351 = CARTESIAN_POINT('',(105.75,-4.45,0.));
#14352 = VECTOR('',#14353,1.);
#14353 = DIRECTION('',(0.,0.,1.));
#14354 = ORIENTED_EDGE('',*,*,#12705,.T.);
#14355 = ORIENTED_EDGE('',*,*,#14322,.F.);
#14356 = ORIENTED_EDGE('',*,*,#14357,.F.);
#14357 = EDGE_CURVE('',#14348,#14323,#14358,.T.);
#14358 = LINE('',#14359,#14360);
#14359 = CARTESIAN_POINT('',(105.75,-4.45,0.));
#14360 = VECTOR('',#14361,1.);
#14361 = DIRECTION('',(0.,1.,0.));
#14362 = PLANE('',#14363);
#14363 = AXIS2_PLACEMENT_3D('',#14364,#14365,#14366);
#14364 = CARTESIAN_POINT('',(105.75,-4.45,0.));
#14365 = DIRECTION('',(-1.,0.,0.));
#14366 = DIRECTION('',(0.,1.,0.));
#14367 = ADVANCED_FACE('',(#14368),#14387,.F.);
#14368 = FACE_BOUND('',#14369,.F.);
#14369 = EDGE_LOOP('',(#14370,#14378,#14379,#14380));
#14370 = ORIENTED_EDGE('',*,*,#14371,.T.);
#14371 = EDGE_CURVE('',#14372,#12689,#14374,.T.);
#14372 = VERTEX_POINT('',#14373);
#14373 = CARTESIAN_POINT('',(106.55,-5.25,0.));
#14374 = LINE('',#14375,#14376);
#14375 = CARTESIAN_POINT('',(106.55,-5.25,0.));
#14376 = VECTOR('',#14377,1.);
#14377 = DIRECTION('',(0.,0.,1.));
#14378 = ORIENTED_EDGE('',*,*,#12696,.T.);
#14379 = ORIENTED_EDGE('',*,*,#14347,.F.);
#14380 = ORIENTED_EDGE('',*,*,#14381,.F.);
#14381 = EDGE_CURVE('',#14372,#14348,#14382,.T.);
#14382 = CIRCLE('',#14383,0.8);
#14383 = AXIS2_PLACEMENT_3D('',#14384,#14385,#14386);
#14384 = CARTESIAN_POINT('',(106.55,-4.45,0.));
#14385 = DIRECTION('',(0.,0.,-1.));
#14386 = DIRECTION('',(0.,-1.,0.));
#14387 = CYLINDRICAL_SURFACE('',#14388,0.8);
#14388 = AXIS2_PLACEMENT_3D('',#14389,#14390,#14391);
#14389 = CARTESIAN_POINT('',(106.55,-4.45,0.));
#14390 = DIRECTION('',(0.,0.,-1.));
#14391 = DIRECTION('',(0.,-1.,0.));
#14392 = ADVANCED_FACE('',(#14393),#14411,.F.);
#14393 = FACE_BOUND('',#14394,.F.);
#14394 = EDGE_LOOP('',(#14395,#14403,#14404,#14405));
#14395 = ORIENTED_EDGE('',*,*,#14396,.T.);
#14396 = EDGE_CURVE('',#14397,#12680,#14399,.T.);
#14397 = VERTEX_POINT('',#14398);
#14398 = CARTESIAN_POINT('',(122.95,-5.25,0.));
#14399 = LINE('',#14400,#14401);
#14400 = CARTESIAN_POINT('',(122.95,-5.25,0.));
#14401 = VECTOR('',#14402,1.);
#14402 = DIRECTION('',(0.,0.,1.));
#14403 = ORIENTED_EDGE('',*,*,#12688,.T.);
#14404 = ORIENTED_EDGE('',*,*,#14371,.F.);
#14405 = ORIENTED_EDGE('',*,*,#14406,.F.);
#14406 = EDGE_CURVE('',#14397,#14372,#14407,.T.);
#14407 = LINE('',#14408,#14409);
#14408 = CARTESIAN_POINT('',(122.95,-5.25,0.));
#14409 = VECTOR('',#14410,1.);
#14410 = DIRECTION('',(-1.,0.,0.));
#14411 = PLANE('',#14412);
#14412 = AXIS2_PLACEMENT_3D('',#14413,#14414,#14415);
#14413 = CARTESIAN_POINT('',(122.95,-5.25,0.));
#14414 = DIRECTION('',(0.,-1.,0.));
#14415 = DIRECTION('',(-1.,0.,0.));
#14416 = ADVANCED_FACE('',(#14417),#14436,.T.);
#14417 = FACE_BOUND('',#14418,.F.);
#14418 = EDGE_LOOP('',(#14419,#14427,#14428,#14429));
#14419 = ORIENTED_EDGE('',*,*,#14420,.T.);
#14420 = EDGE_CURVE('',#14421,#12672,#14423,.T.);
#14421 = VERTEX_POINT('',#14422);
#14422 = CARTESIAN_POINT('',(123.75,-6.05,0.));
#14423 = LINE('',#14424,#14425);
#14424 = CARTESIAN_POINT('',(123.75,-6.05,0.));
#14425 = VECTOR('',#14426,1.);
#14426 = DIRECTION('',(0.,0.,1.));
#14427 = ORIENTED_EDGE('',*,*,#12679,.T.);
#14428 = ORIENTED_EDGE('',*,*,#14396,.F.);
#14429 = ORIENTED_EDGE('',*,*,#14430,.F.);
#14430 = EDGE_CURVE('',#14421,#14397,#14431,.T.);
#14431 = CIRCLE('',#14432,0.8);
#14432 = AXIS2_PLACEMENT_3D('',#14433,#14434,#14435);
#14433 = CARTESIAN_POINT('',(122.95,-6.05,0.));
#14434 = DIRECTION('',(0.,-0.,1.));
#14435 = DIRECTION('',(1.,1.110223024625E-15,0.));
#14436 = CYLINDRICAL_SURFACE('',#14437,0.8);
#14437 = AXIS2_PLACEMENT_3D('',#14438,#14439,#14440);
#14438 = CARTESIAN_POINT('',(122.95,-6.05,0.));
#14439 = DIRECTION('',(0.,0.,-1.));
#14440 = DIRECTION('',(1.,1.110223024625E-15,0.));
#14441 = ADVANCED_FACE('',(#14442),#14460,.F.);
#14442 = FACE_BOUND('',#14443,.F.);
#14443 = EDGE_LOOP('',(#14444,#14452,#14453,#14454));
#14444 = ORIENTED_EDGE('',*,*,#14445,.T.);
#14445 = EDGE_CURVE('',#14446,#12663,#14448,.T.);
#14446 = VERTEX_POINT('',#14447);
#14447 = CARTESIAN_POINT('',(123.75,-16.45,0.));
#14448 = LINE('',#14449,#14450);
#14449 = CARTESIAN_POINT('',(123.75,-16.45,0.));
#14450 = VECTOR('',#14451,1.);
#14451 = DIRECTION('',(0.,0.,1.));
#14452 = ORIENTED_EDGE('',*,*,#12671,.T.);
#14453 = ORIENTED_EDGE('',*,*,#14420,.F.);
#14454 = ORIENTED_EDGE('',*,*,#14455,.F.);
#14455 = EDGE_CURVE('',#14446,#14421,#14456,.T.);
#14456 = LINE('',#14457,#14458);
#14457 = CARTESIAN_POINT('',(123.75,-16.45,0.));
#14458 = VECTOR('',#14459,1.);
#14459 = DIRECTION('',(0.,1.,0.));
#14460 = PLANE('',#14461);
#14461 = AXIS2_PLACEMENT_3D('',#14462,#14463,#14464);
#14462 = CARTESIAN_POINT('',(123.75,-16.45,0.));
#14463 = DIRECTION('',(-1.,0.,0.));
#14464 = DIRECTION('',(0.,1.,0.));
#14465 = ADVANCED_FACE('',(#14466),#14485,.F.);
#14466 = FACE_BOUND('',#14467,.F.);
#14467 = EDGE_LOOP('',(#14468,#14476,#14477,#14478));
#14468 = ORIENTED_EDGE('',*,*,#14469,.T.);
#14469 = EDGE_CURVE('',#14470,#12655,#14472,.T.);
#14470 = VERTEX_POINT('',#14471);
#14471 = CARTESIAN_POINT('',(124.55,-17.25,0.));
#14472 = LINE('',#14473,#14474);
#14473 = CARTESIAN_POINT('',(124.55,-17.25,0.));
#14474 = VECTOR('',#14475,1.);
#14475 = DIRECTION('',(0.,0.,1.));
#14476 = ORIENTED_EDGE('',*,*,#12662,.T.);
#14477 = ORIENTED_EDGE('',*,*,#14445,.F.);
#14478 = ORIENTED_EDGE('',*,*,#14479,.F.);
#14479 = EDGE_CURVE('',#14470,#14446,#14480,.T.);
#14480 = CIRCLE('',#14481,0.8);
#14481 = AXIS2_PLACEMENT_3D('',#14482,#14483,#14484);
#14482 = CARTESIAN_POINT('',(124.55,-16.45,0.));
#14483 = DIRECTION('',(0.,0.,-1.));
#14484 = DIRECTION('',(0.,-1.,0.));
#14485 = CYLINDRICAL_SURFACE('',#14486,0.8);
#14486 = AXIS2_PLACEMENT_3D('',#14487,#14488,#14489);
#14487 = CARTESIAN_POINT('',(124.55,-16.45,0.));
#14488 = DIRECTION('',(0.,0.,-1.));
#14489 = DIRECTION('',(0.,-1.,0.));
#14490 = ADVANCED_FACE('',(#14491),#14509,.F.);
#14491 = FACE_BOUND('',#14492,.F.);
#14492 = EDGE_LOOP('',(#14493,#14501,#14502,#14503));
#14493 = ORIENTED_EDGE('',*,*,#14494,.T.);
#14494 = EDGE_CURVE('',#14495,#12646,#14497,.T.);
#14495 = VERTEX_POINT('',#14496);
#14496 = CARTESIAN_POINT('',(140.95,-17.25,0.));
#14497 = LINE('',#14498,#14499);
#14498 = CARTESIAN_POINT('',(140.95,-17.25,0.));
#14499 = VECTOR('',#14500,1.);
#14500 = DIRECTION('',(0.,0.,1.));
#14501 = ORIENTED_EDGE('',*,*,#12654,.T.);
#14502 = ORIENTED_EDGE('',*,*,#14469,.F.);
#14503 = ORIENTED_EDGE('',*,*,#14504,.F.);
#14504 = EDGE_CURVE('',#14495,#14470,#14505,.T.);
#14505 = LINE('',#14506,#14507);
#14506 = CARTESIAN_POINT('',(140.95,-17.25,0.));
#14507 = VECTOR('',#14508,1.);
#14508 = DIRECTION('',(-1.,0.,0.));
#14509 = PLANE('',#14510);
#14510 = AXIS2_PLACEMENT_3D('',#14511,#14512,#14513);
#14511 = CARTESIAN_POINT('',(140.95,-17.25,0.));
#14512 = DIRECTION('',(0.,-1.,0.));
#14513 = DIRECTION('',(-1.,0.,0.));
#14514 = ADVANCED_FACE('',(#14515),#14527,.T.);
#14515 = FACE_BOUND('',#14516,.F.);
#14516 = EDGE_LOOP('',(#14517,#14518,#14519,#14520));
#14517 = ORIENTED_EDGE('',*,*,#13606,.T.);
#14518 = ORIENTED_EDGE('',*,*,#12645,.T.);
#14519 = ORIENTED_EDGE('',*,*,#14494,.F.);
#14520 = ORIENTED_EDGE('',*,*,#14521,.F.);
#14521 = EDGE_CURVE('',#13607,#14495,#14522,.T.);
#14522 = CIRCLE('',#14523,0.8);
#14523 = AXIS2_PLACEMENT_3D('',#14524,#14525,#14526);
#14524 = CARTESIAN_POINT('',(140.95,-18.05,0.));
#14525 = DIRECTION('',(0.,-0.,1.));
#14526 = DIRECTION('',(1.,1.33226762955E-14,0.));
#14527 = CYLINDRICAL_SURFACE('',#14528,0.8);
#14528 = AXIS2_PLACEMENT_3D('',#14529,#14530,#14531);
#14529 = CARTESIAN_POINT('',(140.95,-18.05,0.));
#14530 = DIRECTION('',(0.,0.,-1.));
#14531 = DIRECTION('',(1.,1.33226762955E-14,0.));
#14532 = ADVANCED_FACE('',(#14533),#14554,.T.);
#14533 = FACE_BOUND('',#14534,.F.);
#14534 = EDGE_LOOP('',(#14535,#14536,#14544,#14551,#14552,#14553));
#14535 = ORIENTED_EDGE('',*,*,#13388,.F.);
#14536 = ORIENTED_EDGE('',*,*,#14537,.T.);
#14537 = EDGE_CURVE('',#13371,#14538,#14540,.T.);
#14538 = VERTEX_POINT('',#14539);
#14539 = CARTESIAN_POINT('',(28.4,-52.8,6.6));
#14540 = LINE('',#14541,#14542);
#14541 = CARTESIAN_POINT('',(28.4,-52.8,6.3));
#14542 = VECTOR('',#14543,1.);
#14543 = DIRECTION('',(0.,0.,1.));
#14544 = ORIENTED_EDGE('',*,*,#14545,.T.);
#14545 = EDGE_CURVE('',#14538,#14538,#14546,.T.);
#14546 = CIRCLE('',#14547,1.4);
#14547 = AXIS2_PLACEMENT_3D('',#14548,#14549,#14550);
#14548 = CARTESIAN_POINT('',(27.,-52.8,6.6));
#14549 = DIRECTION('',(0.,0.,1.));
#14550 = DIRECTION('',(1.,0.,0.));
#14551 = ORIENTED_EDGE('',*,*,#14537,.F.);
#14552 = ORIENTED_EDGE('',*,*,#13368,.F.);
#14553 = ORIENTED_EDGE('',*,*,#13379,.F.);
#14554 = CYLINDRICAL_SURFACE('',#14555,1.4);
#14555 = AXIS2_PLACEMENT_3D('',#14556,#14557,#14558);
#14556 = CARTESIAN_POINT('',(27.,-52.8,6.3));
#14557 = DIRECTION('',(-0.,-0.,-1.));
#14558 = DIRECTION('',(1.,0.,0.));
#14559 = ADVANCED_FACE('',(#14560),#14579,.F.);
#14560 = FACE_BOUND('',#14561,.T.);
#14561 = EDGE_LOOP('',(#14562,#14571,#14577,#14578));
#14562 = ORIENTED_EDGE('',*,*,#14563,.T.);
#14563 = EDGE_CURVE('',#14564,#14564,#14566,.T.);
#14564 = VERTEX_POINT('',#14565);
#14565 = CARTESIAN_POINT('',(30.25,-66.5,0.));
#14566 = CIRCLE('',#14567,0.85);
#14567 = AXIS2_PLACEMENT_3D('',#14568,#14569,#14570);
#14568 = CARTESIAN_POINT('',(29.4,-66.5,0.));
#14569 = DIRECTION('',(0.,0.,-1.));
#14570 = DIRECTION('',(1.,0.,0.));
#14571 = ORIENTED_EDGE('',*,*,#14572,.T.);
#14572 = EDGE_CURVE('',#14564,#13472,#14573,.T.);
#14573 = LINE('',#14574,#14575);
#14574 = CARTESIAN_POINT('',(30.25,-66.5,-0.1));
#14575 = VECTOR('',#14576,1.);
#14576 = DIRECTION('',(0.,0.,1.));
#14577 = ORIENTED_EDGE('',*,*,#13471,.F.);
#14578 = ORIENTED_EDGE('',*,*,#14572,.F.);
#14579 = CYLINDRICAL_SURFACE('',#14580,0.85);
#14580 = AXIS2_PLACEMENT_3D('',#14581,#14582,#14583);
#14581 = CARTESIAN_POINT('',(29.4,-66.5,-0.1));
#14582 = DIRECTION('',(-0.,-0.,-1.));
#14583 = DIRECTION('',(1.,0.,0.));
#14584 = ADVANCED_FACE('',(#14585),#14604,.F.);
#14585 = FACE_BOUND('',#14586,.T.);
#14586 = EDGE_LOOP('',(#14587,#14596,#14602,#14603));
#14587 = ORIENTED_EDGE('',*,*,#14588,.T.);
#14588 = EDGE_CURVE('',#14589,#14589,#14591,.T.);
#14589 = VERTEX_POINT('',#14590);
#14590 = CARTESIAN_POINT('',(46.35,-65.5,0.));
#14591 = CIRCLE('',#14592,0.85);
#14592 = AXIS2_PLACEMENT_3D('',#14593,#14594,#14595);
#14593 = CARTESIAN_POINT('',(45.5,-65.5,0.));
#14594 = DIRECTION('',(0.,0.,-1.));
#14595 = DIRECTION('',(1.,0.,0.));
#14596 = ORIENTED_EDGE('',*,*,#14597,.T.);
#14597 = EDGE_CURVE('',#14589,#13492,#14598,.T.);
#14598 = LINE('',#14599,#14600);
#14599 = CARTESIAN_POINT('',(46.35,-65.5,-0.1));
#14600 = VECTOR('',#14601,1.);
#14601 = DIRECTION('',(0.,0.,1.));
#14602 = ORIENTED_EDGE('',*,*,#13491,.F.);
#14603 = ORIENTED_EDGE('',*,*,#14597,.F.);
#14604 = CYLINDRICAL_SURFACE('',#14605,0.85);
#14605 = AXIS2_PLACEMENT_3D('',#14606,#14607,#14608);
#14606 = CARTESIAN_POINT('',(45.5,-65.5,-0.1));
#14607 = DIRECTION('',(-0.,-0.,-1.));
#14608 = DIRECTION('',(1.,0.,0.));
#14609 = ADVANCED_FACE('',(#14610),#14629,.T.);
#14610 = FACE_BOUND('',#14611,.F.);
#14611 = EDGE_LOOP('',(#14612,#14620,#14627,#14628));
#14612 = ORIENTED_EDGE('',*,*,#14613,.T.);
#14613 = EDGE_CURVE('',#13512,#14614,#14616,.T.);
#14614 = VERTEX_POINT('',#14615);
#14615 = CARTESIAN_POINT('',(48.4,-52.8,6.6));
#14616 = LINE('',#14617,#14618);
#14617 = CARTESIAN_POINT('',(48.4,-52.8,6.3));
#14618 = VECTOR('',#14619,1.);
#14619 = DIRECTION('',(0.,0.,1.));
#14620 = ORIENTED_EDGE('',*,*,#14621,.T.);
#14621 = EDGE_CURVE('',#14614,#14614,#14622,.T.);
#14622 = CIRCLE('',#14623,1.4);
#14623 = AXIS2_PLACEMENT_3D('',#14624,#14625,#14626);
#14624 = CARTESIAN_POINT('',(47.,-52.8,6.6));
#14625 = DIRECTION('',(0.,0.,1.));
#14626 = DIRECTION('',(1.,0.,0.));
#14627 = ORIENTED_EDGE('',*,*,#14613,.F.);
#14628 = ORIENTED_EDGE('',*,*,#13511,.F.);
#14629 = CYLINDRICAL_SURFACE('',#14630,1.4);
#14630 = AXIS2_PLACEMENT_3D('',#14631,#14632,#14633);
#14631 = CARTESIAN_POINT('',(47.,-52.8,6.3));
#14632 = DIRECTION('',(-0.,-0.,-1.));
#14633 = DIRECTION('',(1.,0.,0.));
#14634 = ADVANCED_FACE('',(#14635),#14654,.F.);
#14635 = FACE_BOUND('',#14636,.T.);
#14636 = EDGE_LOOP('',(#14637,#14646,#14652,#14653));
#14637 = ORIENTED_EDGE('',*,*,#14638,.T.);
#14638 = EDGE_CURVE('',#14639,#14639,#14641,.T.);
#14639 = VERTEX_POINT('',#14640);
#14640 = CARTESIAN_POINT('',(80.85,-61.3,0.));
#14641 = CIRCLE('',#14642,0.85);
#14642 = AXIS2_PLACEMENT_3D('',#14643,#14644,#14645);
#14643 = CARTESIAN_POINT('',(80.,-61.3,0.));
#14644 = DIRECTION('',(0.,0.,-1.));
#14645 = DIRECTION('',(1.,0.,0.));
#14646 = ORIENTED_EDGE('',*,*,#14647,.T.);
#14647 = EDGE_CURVE('',#14639,#13532,#14648,.T.);
#14648 = LINE('',#14649,#14650);
#14649 = CARTESIAN_POINT('',(80.85,-61.3,-0.1));
#14650 = VECTOR('',#14651,1.);
#14651 = DIRECTION('',(0.,0.,1.));
#14652 = ORIENTED_EDGE('',*,*,#13531,.F.);
#14653 = ORIENTED_EDGE('',*,*,#14647,.F.);
#14654 = CYLINDRICAL_SURFACE('',#14655,0.85);
#14655 = AXIS2_PLACEMENT_3D('',#14656,#14657,#14658);
#14656 = CARTESIAN_POINT('',(80.,-61.3,-0.1));
#14657 = DIRECTION('',(-0.,-0.,-1.));
#14658 = DIRECTION('',(1.,0.,0.));
#14659 = ADVANCED_FACE('',(#14660),#14679,.F.);
#14660 = FACE_BOUND('',#14661,.T.);
#14661 = EDGE_LOOP('',(#14662,#14671,#14677,#14678));
#14662 = ORIENTED_EDGE('',*,*,#14663,.T.);
#14663 = EDGE_CURVE('',#14664,#14664,#14666,.T.);
#14664 = VERTEX_POINT('',#14665);
#14665 = CARTESIAN_POINT('',(122.15,-37.5,0.));
#14666 = CIRCLE('',#14667,0.85);
#14667 = AXIS2_PLACEMENT_3D('',#14668,#14669,#14670);
#14668 = CARTESIAN_POINT('',(121.3,-37.5,0.));
#14669 = DIRECTION('',(0.,0.,-1.));
#14670 = DIRECTION('',(1.,0.,0.));
#14671 = ORIENTED_EDGE('',*,*,#14672,.T.);
#14672 = EDGE_CURVE('',#14664,#13552,#14673,.T.);
#14673 = LINE('',#14674,#14675);
#14674 = CARTESIAN_POINT('',(122.15,-37.5,-0.1));
#14675 = VECTOR('',#14676,1.);
#14676 = DIRECTION('',(0.,0.,1.));
#14677 = ORIENTED_EDGE('',*,*,#13551,.F.);
#14678 = ORIENTED_EDGE('',*,*,#14672,.F.);
#14679 = CYLINDRICAL_SURFACE('',#14680,0.85);
#14680 = AXIS2_PLACEMENT_3D('',#14681,#14682,#14683);
#14681 = CARTESIAN_POINT('',(121.3,-37.5,-0.1));
#14682 = DIRECTION('',(-0.,-0.,-1.));
#14683 = DIRECTION('',(1.,0.,0.));
#14684 = ADVANCED_FACE('',(#14685),#14704,.F.);
#14685 = FACE_BOUND('',#14686,.T.);
#14686 = EDGE_LOOP('',(#14687,#14696,#14702,#14703));
#14687 = ORIENTED_EDGE('',*,*,#14688,.T.);
#14688 = EDGE_CURVE('',#14689,#14689,#14691,.T.);
#14689 = VERTEX_POINT('',#14690);
#14690 = CARTESIAN_POINT('',(103.85,-20.5,0.));
#14691 = CIRCLE('',#14692,0.85);
#14692 = AXIS2_PLACEMENT_3D('',#14693,#14694,#14695);
#14693 = CARTESIAN_POINT('',(103.,-20.5,0.));
#14694 = DIRECTION('',(0.,0.,-1.));
#14695 = DIRECTION('',(1.,0.,0.));
#14696 = ORIENTED_EDGE('',*,*,#14697,.T.);
#14697 = EDGE_CURVE('',#14689,#13572,#14698,.T.);
#14698 = LINE('',#14699,#14700);
#14699 = CARTESIAN_POINT('',(103.85,-20.5,-0.1));
#14700 = VECTOR('',#14701,1.);
#14701 = DIRECTION('',(0.,0.,1.));
#14702 = ORIENTED_EDGE('',*,*,#13571,.F.);
#14703 = ORIENTED_EDGE('',*,*,#14697,.F.);
#14704 = CYLINDRICAL_SURFACE('',#14705,0.85);
#14705 = AXIS2_PLACEMENT_3D('',#14706,#14707,#14708);
#14706 = CARTESIAN_POINT('',(103.,-20.5,-0.1));
#14707 = DIRECTION('',(-0.,-0.,-1.));
#14708 = DIRECTION('',(1.,0.,0.));
#14709 = ADVANCED_FACE('',(#14710,#14750,#14753,#14756,#14759,#14762),
  #14765,.F.);
#14710 = FACE_BOUND('',#14711,.F.);
#14711 = EDGE_LOOP('',(#14712,#14713,#14714,#14715,#14716,#14717,#14718,
    #14719,#14720,#14721,#14722,#14723,#14724,#14725,#14726,#14727,
    #14728,#14729,#14730,#14731,#14732,#14733,#14734,#14735,#14736,
    #14737,#14738,#14739,#14740,#14741,#14742,#14743,#14744,#14745,
    #14746,#14747,#14748,#14749));
#14712 = ORIENTED_EDGE('',*,*,#14521,.T.);
#14713 = ORIENTED_EDGE('',*,*,#14504,.T.);
#14714 = ORIENTED_EDGE('',*,*,#14479,.T.);
#14715 = ORIENTED_EDGE('',*,*,#14455,.T.);
#14716 = ORIENTED_EDGE('',*,*,#14430,.T.);
#14717 = ORIENTED_EDGE('',*,*,#14406,.T.);
#14718 = ORIENTED_EDGE('',*,*,#14381,.T.);
#14719 = ORIENTED_EDGE('',*,*,#14357,.T.);
#14720 = ORIENTED_EDGE('',*,*,#14332,.T.);
#14721 = ORIENTED_EDGE('',*,*,#14308,.T.);
#14722 = ORIENTED_EDGE('',*,*,#14283,.T.);
#14723 = ORIENTED_EDGE('',*,*,#14259,.T.);
#14724 = ORIENTED_EDGE('',*,*,#14234,.T.);
#14725 = ORIENTED_EDGE('',*,*,#14210,.T.);
#14726 = ORIENTED_EDGE('',*,*,#14185,.T.);
#14727 = ORIENTED_EDGE('',*,*,#14161,.T.);
#14728 = ORIENTED_EDGE('',*,*,#14136,.T.);
#14729 = ORIENTED_EDGE('',*,*,#14112,.T.);
#14730 = ORIENTED_EDGE('',*,*,#14087,.T.);
#14731 = ORIENTED_EDGE('',*,*,#14063,.T.);
#14732 = ORIENTED_EDGE('',*,*,#14038,.T.);
#14733 = ORIENTED_EDGE('',*,*,#14014,.T.);
#14734 = ORIENTED_EDGE('',*,*,#13989,.T.);
#14735 = ORIENTED_EDGE('',*,*,#13951,.T.);
#14736 = ORIENTED_EDGE('',*,*,#13936,.T.);
#14737 = ORIENTED_EDGE('',*,*,#13912,.T.);
#14738 = ORIENTED_EDGE('',*,*,#13887,.T.);
#14739 = ORIENTED_EDGE('',*,*,#13859,.T.);
#14740 = ORIENTED_EDGE('',*,*,#13834,.T.);
#14741 = ORIENTED_EDGE('',*,*,#13810,.T.);
#14742 = ORIENTED_EDGE('',*,*,#13785,.T.);
#14743 = ORIENTED_EDGE('',*,*,#13761,.T.);
#14744 = ORIENTED_EDGE('',*,*,#13736,.T.);
#14745 = ORIENTED_EDGE('',*,*,#13712,.T.);
#14746 = ORIENTED_EDGE('',*,*,#13687,.T.);
#14747 = ORIENTED_EDGE('',*,*,#13663,.T.);
#14748 = ORIENTED_EDGE('',*,*,#13638,.T.);
#14749 = ORIENTED_EDGE('',*,*,#13614,.T.);
#14750 = FACE_BOUND('',#14751,.F.);
#14751 = EDGE_LOOP('',(#14752));
#14752 = ORIENTED_EDGE('',*,*,#14563,.T.);
#14753 = FACE_BOUND('',#14754,.F.);
#14754 = EDGE_LOOP('',(#14755));
#14755 = ORIENTED_EDGE('',*,*,#14588,.T.);
#14756 = FACE_BOUND('',#14757,.F.);
#14757 = EDGE_LOOP('',(#14758));
#14758 = ORIENTED_EDGE('',*,*,#14638,.T.);
#14759 = FACE_BOUND('',#14760,.F.);
#14760 = EDGE_LOOP('',(#14761));
#14761 = ORIENTED_EDGE('',*,*,#14663,.T.);
#14762 = FACE_BOUND('',#14763,.F.);
#14763 = EDGE_LOOP('',(#14764));
#14764 = ORIENTED_EDGE('',*,*,#14688,.T.);
#14765 = PLANE('',#14766);
#14766 = AXIS2_PLACEMENT_3D('',#14767,#14768,#14769);
#14767 = CARTESIAN_POINT('',(82.682676032839,-45.39059437099,0.));
#14768 = DIRECTION('',(0.,0.,1.));
#14769 = DIRECTION('',(1.,0.,0.));
#14770 = ADVANCED_FACE('',(#14771),#14774,.T.);
#14771 = FACE_BOUND('',#14772,.F.);
#14772 = EDGE_LOOP('',(#14773));
#14773 = ORIENTED_EDGE('',*,*,#14545,.F.);
#14774 = PLANE('',#14775);
#14775 = AXIS2_PLACEMENT_3D('',#14776,#14777,#14778);
#14776 = CARTESIAN_POINT('',(27.,-52.8,6.6));
#14777 = DIRECTION('',(0.,0.,1.));
#14778 = DIRECTION('',(1.,0.,0.));
#14779 = ADVANCED_FACE('',(#14780),#14783,.T.);
#14780 = FACE_BOUND('',#14781,.F.);
#14781 = EDGE_LOOP('',(#14782));
#14782 = ORIENTED_EDGE('',*,*,#14621,.F.);
#14783 = PLANE('',#14784);
#14784 = AXIS2_PLACEMENT_3D('',#14785,#14786,#14787);
#14785 = CARTESIAN_POINT('',(47.,-52.8,6.6));
#14786 = DIRECTION('',(0.,0.,1.));
#14787 = DIRECTION('',(1.,0.,0.));
#14788 = ORIENTED_CLOSED_SHELL('',*,#14789,.F.);
#14789 = CLOSED_SHELL('',(#14790,#14823,#14832));
#14790 = ADVANCED_FACE('',(#14791),#14818,.T.);
#14791 = FACE_BOUND('',#14792,.F.);
#14792 = EDGE_LOOP('',(#14793,#14803,#14810,#14811));
#14793 = ORIENTED_EDGE('',*,*,#14794,.T.);
#14794 = EDGE_CURVE('',#14795,#14797,#14799,.T.);
#14795 = VERTEX_POINT('',#14796);
#14796 = CARTESIAN_POINT('',(38.35,-64.7,3.1));
#14797 = VERTEX_POINT('',#14798);
#14798 = CARTESIAN_POINT('',(38.35,-64.7,6.3));
#14799 = LINE('',#14800,#14801);
#14800 = CARTESIAN_POINT('',(38.35,-64.7,3.1));
#14801 = VECTOR('',#14802,1.);
#14802 = DIRECTION('',(0.,0.,1.));
#14803 = ORIENTED_EDGE('',*,*,#14804,.T.);
#14804 = EDGE_CURVE('',#14797,#14797,#14805,.T.);
#14805 = CIRCLE('',#14806,1.15);
#14806 = AXIS2_PLACEMENT_3D('',#14807,#14808,#14809);
#14807 = CARTESIAN_POINT('',(37.2,-64.7,6.3));
#14808 = DIRECTION('',(0.,0.,1.));
#14809 = DIRECTION('',(1.,0.,0.));
#14810 = ORIENTED_EDGE('',*,*,#14794,.F.);
#14811 = ORIENTED_EDGE('',*,*,#14812,.F.);
#14812 = EDGE_CURVE('',#14795,#14795,#14813,.T.);
#14813 = CIRCLE('',#14814,1.15);
#14814 = AXIS2_PLACEMENT_3D('',#14815,#14816,#14817);
#14815 = CARTESIAN_POINT('',(37.2,-64.7,3.1));
#14816 = DIRECTION('',(0.,0.,1.));
#14817 = DIRECTION('',(1.,0.,0.));
#14818 = CYLINDRICAL_SURFACE('',#14819,1.15);
#14819 = AXIS2_PLACEMENT_3D('',#14820,#14821,#14822);
#14820 = CARTESIAN_POINT('',(37.2,-64.7,3.1));
#14821 = DIRECTION('',(-0.,-0.,-1.));
#14822 = DIRECTION('',(1.,0.,0.));
#14823 = ADVANCED_FACE('',(#14824),#14827,.F.);
#14824 = FACE_BOUND('',#14825,.T.);
#14825 = EDGE_LOOP('',(#14826));
#14826 = ORIENTED_EDGE('',*,*,#14812,.F.);
#14827 = PLANE('',#14828);
#14828 = AXIS2_PLACEMENT_3D('',#14829,#14830,#14831);
#14829 = CARTESIAN_POINT('',(37.2,-64.7,3.1));
#14830 = DIRECTION('',(0.,0.,1.));
#14831 = DIRECTION('',(1.,0.,0.));
#14832 = ADVANCED_FACE('',(#14833),#14836,.T.);
#14833 = FACE_BOUND('',#14834,.F.);
#14834 = EDGE_LOOP('',(#14835));
#14835 = ORIENTED_EDGE('',*,*,#14804,.F.);
#14836 = PLANE('',#14837);
#14837 = AXIS2_PLACEMENT_3D('',#14838,#14839,#14840);
#14838 = CARTESIAN_POINT('',(37.2,-64.7,6.3));
#14839 = DIRECTION('',(0.,0.,1.));
#14840 = DIRECTION('',(1.,0.,0.));
#14841 = ORIENTED_CLOSED_SHELL('',*,#14842,.F.);
#14842 = CLOSED_SHELL('',(#14843,#14876,#14885));
#14843 = ADVANCED_FACE('',(#14844),#14871,.T.);
#14844 = FACE_BOUND('',#14845,.F.);
#14845 = EDGE_LOOP('',(#14846,#14856,#14863,#14864));
#14846 = ORIENTED_EDGE('',*,*,#14847,.T.);
#14847 = EDGE_CURVE('',#14848,#14850,#14852,.T.);
#14848 = VERTEX_POINT('',#14849);
#14849 = CARTESIAN_POINT('',(28.15,-52.8,3.1));
#14850 = VERTEX_POINT('',#14851);
#14851 = CARTESIAN_POINT('',(28.15,-52.8,6.3));
#14852 = LINE('',#14853,#14854);
#14853 = CARTESIAN_POINT('',(28.15,-52.8,3.1));
#14854 = VECTOR('',#14855,1.);
#14855 = DIRECTION('',(0.,0.,1.));
#14856 = ORIENTED_EDGE('',*,*,#14857,.T.);
#14857 = EDGE_CURVE('',#14850,#14850,#14858,.T.);
#14858 = CIRCLE('',#14859,1.15);
#14859 = AXIS2_PLACEMENT_3D('',#14860,#14861,#14862);
#14860 = CARTESIAN_POINT('',(27.,-52.8,6.3));
#14861 = DIRECTION('',(0.,0.,1.));
#14862 = DIRECTION('',(1.,0.,0.));
#14863 = ORIENTED_EDGE('',*,*,#14847,.F.);
#14864 = ORIENTED_EDGE('',*,*,#14865,.F.);
#14865 = EDGE_CURVE('',#14848,#14848,#14866,.T.);
#14866 = CIRCLE('',#14867,1.15);
#14867 = AXIS2_PLACEMENT_3D('',#14868,#14869,#14870);
#14868 = CARTESIAN_POINT('',(27.,-52.8,3.1));
#14869 = DIRECTION('',(0.,0.,1.));
#14870 = DIRECTION('',(1.,0.,0.));
#14871 = CYLINDRICAL_SURFACE('',#14872,1.15);
#14872 = AXIS2_PLACEMENT_3D('',#14873,#14874,#14875);
#14873 = CARTESIAN_POINT('',(27.,-52.8,3.1));
#14874 = DIRECTION('',(-0.,-0.,-1.));
#14875 = DIRECTION('',(1.,0.,0.));
#14876 = ADVANCED_FACE('',(#14877),#14880,.F.);
#14877 = FACE_BOUND('',#14878,.T.);
#14878 = EDGE_LOOP('',(#14879));
#14879 = ORIENTED_EDGE('',*,*,#14865,.F.);
#14880 = PLANE('',#14881);
#14881 = AXIS2_PLACEMENT_3D('',#14882,#14883,#14884);
#14882 = CARTESIAN_POINT('',(27.,-52.8,3.1));
#14883 = DIRECTION('',(0.,0.,1.));
#14884 = DIRECTION('',(1.,0.,0.));
#14885 = ADVANCED_FACE('',(#14886),#14889,.T.);
#14886 = FACE_BOUND('',#14887,.F.);
#14887 = EDGE_LOOP('',(#14888));
#14888 = ORIENTED_EDGE('',*,*,#14857,.F.);
#14889 = PLANE('',#14890);
#14890 = AXIS2_PLACEMENT_3D('',#14891,#14892,#14893);
#14891 = CARTESIAN_POINT('',(27.,-52.8,6.3));
#14892 = DIRECTION('',(0.,0.,1.));
#14893 = DIRECTION('',(1.,0.,0.));
#14894 = ORIENTED_CLOSED_SHELL('',*,#14895,.F.);
#14895 = CLOSED_SHELL('',(#14896,#14929,#14938));
#14896 = ADVANCED_FACE('',(#14897),#14924,.T.);
#14897 = FACE_BOUND('',#14898,.F.);
#14898 = EDGE_LOOP('',(#14899,#14909,#14916,#14917));
#14899 = ORIENTED_EDGE('',*,*,#14900,.T.);
#14900 = EDGE_CURVE('',#14901,#14903,#14905,.T.);
#14901 = VERTEX_POINT('',#14902);
#14902 = CARTESIAN_POINT('',(48.15,-52.8,3.1));
#14903 = VERTEX_POINT('',#14904);
#14904 = CARTESIAN_POINT('',(48.15,-52.8,6.3));
#14905 = LINE('',#14906,#14907);
#14906 = CARTESIAN_POINT('',(48.15,-52.8,3.1));
#14907 = VECTOR('',#14908,1.);
#14908 = DIRECTION('',(0.,0.,1.));
#14909 = ORIENTED_EDGE('',*,*,#14910,.T.);
#14910 = EDGE_CURVE('',#14903,#14903,#14911,.T.);
#14911 = CIRCLE('',#14912,1.15);
#14912 = AXIS2_PLACEMENT_3D('',#14913,#14914,#14915);
#14913 = CARTESIAN_POINT('',(47.,-52.8,6.3));
#14914 = DIRECTION('',(0.,0.,1.));
#14915 = DIRECTION('',(1.,0.,0.));
#14916 = ORIENTED_EDGE('',*,*,#14900,.F.);
#14917 = ORIENTED_EDGE('',*,*,#14918,.F.);
#14918 = EDGE_CURVE('',#14901,#14901,#14919,.T.);
#14919 = CIRCLE('',#14920,1.15);
#14920 = AXIS2_PLACEMENT_3D('',#14921,#14922,#14923);
#14921 = CARTESIAN_POINT('',(47.,-52.8,3.1));
#14922 = DIRECTION('',(0.,0.,1.));
#14923 = DIRECTION('',(1.,0.,0.));
#14924 = CYLINDRICAL_SURFACE('',#14925,1.15);
#14925 = AXIS2_PLACEMENT_3D('',#14926,#14927,#14928);
#14926 = CARTESIAN_POINT('',(47.,-52.8,3.1));
#14927 = DIRECTION('',(-0.,-0.,-1.));
#14928 = DIRECTION('',(1.,0.,0.));
#14929 = ADVANCED_FACE('',(#14930),#14933,.F.);
#14930 = FACE_BOUND('',#14931,.T.);
#14931 = EDGE_LOOP('',(#14932));
#14932 = ORIENTED_EDGE('',*,*,#14918,.F.);
#14933 = PLANE('',#14934);
#14934 = AXIS2_PLACEMENT_3D('',#14935,#14936,#14937);
#14935 = CARTESIAN_POINT('',(47.,-52.8,3.1));
#14936 = DIRECTION('',(0.,0.,1.));
#14937 = DIRECTION('',(1.,0.,0.));
#14938 = ADVANCED_FACE('',(#14939),#14942,.T.);
#14939 = FACE_BOUND('',#14940,.F.);
#14940 = EDGE_LOOP('',(#14941));
#14941 = ORIENTED_EDGE('',*,*,#14910,.F.);
#14942 = PLANE('',#14943);
#14943 = AXIS2_PLACEMENT_3D('',#14944,#14945,#14946);
#14944 = CARTESIAN_POINT('',(47.,-52.8,6.3));
#14945 = DIRECTION('',(0.,0.,1.));
#14946 = DIRECTION('',(1.,0.,0.));
#14947 = ( GEOMETRIC_REPRESENTATION_CONTEXT(3) 
GLOBAL_UNCERTAINTY_ASSIGNED_CONTEXT((#14951)) 
GLOBAL_UNIT_ASSIGNED_CONTEXT((#14948,#14949,#14950)) 
REPRESENTATION_CONTEXT('Context #1',
  '3D Context with UNIT and UNCERTAINTY') );
#14948 = ( LENGTH_UNIT() NAMED_UNIT(*) SI_UNIT(.MILLI.,.METRE.) );
#14949 = ( NAMED_UNIT(*) PLANE_ANGLE_UNIT() SI_UNIT($,.RADIAN.) );
#14950 = ( NAMED_UNIT(*) SI_UNIT($,.STERADIAN.) SOLID_ANGLE_UNIT() );
#14951 = UNCERTAINTY_MEASURE_WITH_UNIT(LENGTH_MEASURE(2.E-05),#14948,
  'distance_accuracy_value','confusion accuracy');
#14952 = PRODUCT_RELATED_PRODUCT_CATEGORY('part',$,(#7));
ENDSEC;
END-ISO-10303-21;
